family,page,cg_attack_seed,idx,payload_sha1,status,blocked_by_crs429
sqli,filter,1,0,33f3840abe0abe7c,403,1
sqli,filter,1,1,0542c51a8b550dba,403,1
sqli,filter,1,2,759f5ac633a286b6,403,1
sqli,filter,1,3,4d0b8fa1a8a78e91,403,1
sqli,filter,1,4,8395f2d12d0ce9a1,403,1
sqli,filter,1,5,f379bd81f3f9f38b,403,1
sqli,filter,1,6,00a4246d0e639e2f,403,1
sqli,filter,1,7,552a1a187411a320,403,1
sqli,filter,1,8,0e17091d0dea29b3,403,1
sqli,filter,1,9,97d3ce1a922185f9,403,1
sqli,filter,1,10,43b52770175b5fb7,403,1
sqli,filter,1,11,65f96f2cf64202a5,403,1
sqli,filter,1,12,755ea30a63509c93,403,1
sqli,filter,1,13,ff507d5616fe7ff5,403,1
sqli,filter,1,14,cfd14ff57afeeaba,403,1
sqli,filter,1,15,d9b3fee7f071e424,403,1
sqli,filter,1,16,043d809834321c47,403,1
sqli,filter,1,17,7031bf543c50417b,403,1
sqli,filter,1,18,7277da261d488cc0,403,1
sqli,filter,1,19,4e0cbff71ddc237c,403,1
sqli,filter,1,20,f6a1f6ad457e54fe,403,1
sqli,filter,1,21,9266ebe72e1e07d0,403,1
sqli,filter,1,22,715d6032a8916a01,403,1
sqli,filter,1,23,4d52187fe60959d0,403,1
sqli,filter,1,24,63e4a8afcd36f490,403,1
sqli,filter,1,25,7631007ff7ed3624,403,1
sqli,filter,1,26,333f99682ef71c51,403,1
sqli,filter,1,27,d4079776c805fd53,403,1
sqli,filter,1,28,5df450b3f8bd26ff,403,1
sqli,filter,1,29,b4dddd29a388f657,403,1
sqli,filter,1,30,ed2f3d671ec82dc3,403,1
sqli,filter,1,31,3a0d1016a24ef04b,403,1
sqli,filter,1,32,66290dc8a0460511,403,1
sqli,filter,1,33,f789697de2b85907,403,1
sqli,filter,1,34,1854cc0db7f7f712,403,1
sqli,filter,1,35,3acdf42946b2a655,200,0
sqli,filter,1,36,a584737f13b55bde,403,1
sqli,filter,1,37,ee0615230769fc1c,403,1
sqli,filter,1,38,a671bd3850773ec2,403,1
sqli,filter,1,39,ef3d4404ac0b262b,403,1
sqli,filter,1,40,d478cd664b6bc29f,403,1
sqli,filter,1,41,7ea9532956f849a7,403,1
sqli,filter,1,42,595f8de13f29e058,403,1
sqli,filter,1,43,12e14d84bcb21e52,403,1
sqli,filter,1,44,a884e2433e51db92,403,1
sqli,filter,1,45,a49576e6438f9f97,403,1
sqli,filter,1,46,3f398b91a94c5ef0,403,1
sqli,filter,1,47,97851728a443caa0,403,1
sqli,filter,1,48,63bb65a63362ef3b,403,1
sqli,filter,1,49,2e041536e36a9872,403,1
sqli,filter,1,50,adb0592802048997,403,1
sqli,filter,1,51,bda1a913e7917526,403,1
sqli,filter,1,52,f3b5b1e5675f73b1,403,1
sqli,filter,1,53,126c6c64a469620a,403,1
sqli,filter,1,54,49648a5903705434,403,1
sqli,filter,1,55,390b1657e7d60574,403,1
sqli,filter,1,56,7a56a414b311ee83,403,1
sqli,filter,1,57,d97eade4d6031431,403,1
sqli,filter,1,58,574b4663eddf5c32,403,1
sqli,filter,1,59,ad0738ee7d886d7a,403,1
sqli,filter,1,60,3aa4c3455698c059,403,1
sqli,filter,1,61,f0698a79384ad2d4,403,1
sqli,filter,1,62,325381e11931dd0e,403,1
sqli,filter,1,63,22597a4852aa5445,403,1
sqli,filter,1,64,6a579321ec2bf3df,403,1
sqli,filter,1,65,f3c140bbfb00a694,403,1
sqli,filter,1,66,675deab78838adbf,403,1
sqli,filter,1,67,07a0aab6a94fa9a0,403,1
sqli,filter,1,68,7aae518ca65da076,403,1
sqli,filter,1,69,82934409fa473ed4,403,1
sqli,filter,1,70,230b27fbb82ad022,403,1
sqli,filter,1,71,770325c1ee445a89,403,1
sqli,filter,1,72,6f833a2eae27e1c8,403,1
sqli,filter,1,73,d1d010c94c5c8ec9,403,1
sqli,filter,1,74,e5f76ca53ab4e104,403,1
sqli,filter,1,75,afb15b36f708a845,403,1
sqli,filter,1,76,42e0d5cc9f43ef30,403,1
sqli,filter,1,77,9941e375efcce890,403,1
sqli,filter,1,78,4b77dbf0725507a8,403,1
sqli,filter,1,79,342bf6083f52e6e4,403,1
sqli,filter,1,80,f5be893f8ad83d11,403,1
sqli,filter,1,81,cdab8487115337c6,403,1
sqli,filter,1,82,c5f8a0a62e0502b6,403,1
sqli,filter,1,83,2d9b1df951c172e1,403,1
sqli,filter,1,84,31daf5fe239db1e2,403,1
sqli,filter,1,85,9474b1f67bb06013,403,1
sqli,filter,1,86,f479cc9eee0f6b1f,403,1
sqli,filter,1,87,dd1c54100c54baad,403,1
sqli,filter,1,88,edeb425c84bedfbd,403,1
sqli,filter,1,89,e81148483777f35c,403,1
sqli,filter,1,90,5c668869dcb4afe4,403,1
sqli,filter,1,91,ff5cfff047e7bfee,403,1
sqli,filter,1,92,3ec88fa32b41e989,403,1
sqli,filter,1,93,83b7ad5e62b110c1,403,1
sqli,filter,1,94,1ba5b10ba1a5b5c1,403,1
sqli,filter,1,95,55c153282226d97e,403,1
sqli,filter,1,96,62d2c3f6fcb5f7b8,403,1
sqli,filter,1,97,2ad2c4aac423ad7b,403,1
sqli,filter,1,98,88717ede06e0e2f9,403,1
sqli,filter,1,99,b5a7e21ba6aabc02,403,1
sqli,filter,1,100,b08ad9dab51b9674,403,1
sqli,filter,1,101,fcec0a1f74ead78f,403,1
sqli,filter,1,102,a8b0fa1efc1ec7d6,403,1
sqli,filter,1,103,1bade083532adc9f,403,1
sqli,filter,1,104,b7a57d43dc34d105,403,1
sqli,filter,1,105,ca46fe43442f8948,403,1
sqli,filter,1,106,c3237b8983a34212,403,1
sqli,filter,1,107,b900a7647f1a3c61,403,1
sqli,filter,1,108,d375cda707f96169,403,1
sqli,filter,1,109,3bfeaa2c06322977,403,1
sqli,filter,1,110,52e1a9757f944f4e,403,1
sqli,filter,1,111,aa87946a96a69a36,403,1
sqli,filter,1,112,e57d973800d29c25,403,1
sqli,filter,1,113,0c5703dffdd8b502,403,1
sqli,filter,1,114,79863f6919066e13,403,1
sqli,filter,1,115,d2ce9c501587a5da,403,1
sqli,filter,1,116,96b6b15821a140d7,403,1
sqli,filter,1,117,6498e985bb73238a,403,1
sqli,filter,1,118,4f14808c6e7c4a71,403,1
sqli,filter,1,119,6247e871144f0310,403,1
sqli,filter,1,120,7c8f75a2cb0aa583,403,1
sqli,filter,1,121,c2b49d1e98046f78,403,1
sqli,filter,1,122,7eab38dd1da184fa,403,1
sqli,filter,1,123,efa0be73fb5eb4af,403,1
sqli,filter,1,124,8452f4ba56e3366f,403,1
sqli,filter,1,125,1c9b5adb9500b586,403,1
sqli,filter,1,126,397144c10af78ceb,403,1
sqli,filter,1,127,718d26f3f1f9671e,403,1
sqli,filter,1,128,59d0d841ff4cd51c,403,1
sqli,filter,1,129,4c071a984abaf90e,403,1
sqli,filter,1,130,6765f77c9ca7fd10,403,1
sqli,filter,1,131,f16a37ed0850e9d8,403,1
sqli,filter,1,132,20e4909f90b63507,403,1
sqli,filter,1,133,6d5c1dfa5d518e3f,403,1
sqli,filter,1,134,1cfe9dac13d06927,403,1
sqli,filter,1,135,74efcab5ae3453e5,403,1
sqli,filter,1,136,884f06efce8efece,403,1
sqli,filter,1,137,7af621e5169dbea6,403,1
sqli,filter,1,138,df5019e605790613,403,1
sqli,filter,1,139,54b3fad05ab86958,403,1
sqli,filter,1,140,11c3fa04b1ad856a,403,1
sqli,filter,1,141,870e657cb6d48ec3,403,1
sqli,filter,1,142,3ac9193ff54be4dc,403,1
sqli,filter,1,143,789830e26ce944a0,403,1
sqli,filter,1,144,1f4715e75acd5434,403,1
sqli,filter,1,145,473106d3d1644fc5,403,1
sqli,filter,1,146,e1cdf7ffd04aa3cd,403,1
sqli,filter,1,147,837e4d287eea39d3,403,1
sqli,filter,1,148,c3e3f8668f0b1f9c,403,1
sqli,filter,1,149,baccc828411feade,403,1
sqli,filter,1,150,6e3df23cfebc7cc7,403,1
sqli,filter,1,151,be1429ec56a14964,403,1
sqli,filter,1,152,5ec5002173564743,403,1
sqli,filter,1,153,84314dc9b4fb6788,403,1
sqli,filter,1,154,1feb5691bd607a64,403,1
sqli,filter,1,155,f3266dc43352afb3,403,1
sqli,filter,1,156,87a1261f6385389b,403,1
sqli,filter,1,157,dabf6e530270c9c1,403,1
sqli,filter,1,158,a729823914f935e4,403,1
sqli,filter,1,159,a5d838d7a38f8f6f,403,1
sqli,filter,1,160,b8a0496650b12d28,403,1
sqli,filter,1,161,87900fed18fdd182,403,1
sqli,filter,1,162,eeaf543181d87ad7,403,1
sqli,filter,1,163,eb844c8034d04603,403,1
sqli,filter,1,164,7be547db72a6cfd1,403,1
sqli,filter,1,165,c9bed854f4a2990c,403,1
sqli,filter,1,166,fc9eb8752ee9e5aa,403,1
sqli,filter,1,167,4fec867704c5d1c3,403,1
sqli,filter,1,168,4a4933efc41d77f3,403,1
sqli,filter,1,169,35ae16963de9dfef,403,1
sqli,filter,1,170,82c7284dc6d5283f,403,1
sqli,filter,1,171,428b56e2481374c0,403,1
sqli,filter,1,172,f3b207527f0dfd9c,403,1
sqli,filter,1,173,711ca1187dec997f,403,1
sqli,filter,1,174,028010b1c1161933,403,1
sqli,filter,1,175,f3c5796f3cd8b64f,403,1
sqli,filter,1,176,9a617fb8326dee98,403,1
sqli,filter,1,177,2877b5c1333ad161,403,1
sqli,filter,1,178,332287bd08d398ce,403,1
sqli,filter,1,179,a46e4f78ec6feb27,403,1
sqli,filter,1,180,63d9cca514b1df39,403,1
sqli,filter,1,181,bba8d49fbdf570ca,403,1
sqli,filter,1,182,3b90162e6e9eff83,403,1
sqli,filter,1,183,702e07b39b1b4d5b,403,1
sqli,filter,1,184,1dbf88993d7f9638,403,1
sqli,filter,1,185,404fda85ffb70846,403,1
sqli,filter,1,186,05ff4aa83c2a4170,403,1
sqli,filter,1,187,41c3f48ec02899c6,403,1
sqli,filter,1,188,4ca6a21cb272868c,403,1
sqli,filter,1,189,10985910ab8edfb1,403,1
sqli,filter,1,190,d80508e6495e346c,403,1
sqli,filter,1,191,401ede6404372d2b,403,1
sqli,filter,1,192,9318afe318e08c3f,403,1
sqli,filter,1,193,a79903054d0eaf3d,403,1
sqli,filter,1,194,b4a3bd5a4e77277c,403,1
sqli,filter,1,195,e1323d552561c2da,403,1
sqli,filter,1,196,a1a22745282d9ce2,403,1
sqli,filter,1,197,fdb5220a6d07e647,403,1
sqli,filter,1,198,153187f05ba43edf,403,1
sqli,filter,1,199,5e8b0c88805a9ae8,403,1
sqli,filter,1,200,3163e64f8171e98c,403,1
sqli,filter,1,201,3477d06aca1e58ed,403,1
sqli,filter,1,202,e9d9a2ebc89438b2,403,1
sqli,filter,1,203,c0a9b35a7c878cfa,403,1
sqli,filter,1,204,2c7d4662d216bdc9,403,1
sqli,filter,1,205,957f77c4311d55ed,403,1
sqli,filter,1,206,0a82a9bbac9e01ca,403,1
sqli,filter,1,207,5f6311eaea630aa8,403,1
sqli,filter,1,208,7aa8b1003936b02a,403,1
sqli,filter,1,209,5e7e9922d21cb738,403,1
sqli,filter,1,210,dc1f0419a7f79bdd,403,1
sqli,filter,1,211,75be8d75f5b528b2,403,1
sqli,filter,1,212,e8262ba17dfb4d6f,403,1
sqli,filter,1,213,0f04c8fb5d2670e8,403,1
sqli,filter,1,214,2a9afd789fd10975,403,1
sqli,filter,1,215,bf24c0525cb87b9a,403,1
sqli,filter,1,216,3c714e78e0cfb20d,403,1
sqli,filter,1,217,fe121448b049c407,403,1
sqli,filter,1,218,eacf2fbc2b6b9830,403,1
sqli,filter,1,219,fbcddb1fa6835f9c,403,1
sqli,filter,1,220,bc744310b8f085ac,403,1
sqli,filter,1,221,92f6e8e867c58be4,403,1
sqli,filter,1,222,91af256eb21e2b1d,403,1
sqli,filter,1,223,193195be345f0d18,403,1
sqli,filter,1,224,70d4a9843d7490ba,403,1
sqli,filter,1,225,a33d83a821835aaf,403,1
sqli,filter,1,226,1237ab2acc40cc17,403,1
sqli,filter,1,227,1604e46a4d55487f,403,1
sqli,filter,1,228,3f6fa997612e6ff1,403,1
sqli,filter,1,229,508bd7912b8dc224,403,1
sqli,filter,1,230,abc6a91c2edbed2d,403,1
sqli,filter,1,231,93ee487781b24892,403,1
sqli,filter,1,232,889586235154643e,403,1
sqli,filter,1,233,d6342f57d66e4ac4,403,1
sqli,filter,1,234,b78709316a42e22f,403,1
sqli,filter,1,235,26e4485ea36282c2,403,1
sqli,filter,1,236,ee85c04e1d8b4a3d,403,1
sqli,filter,1,237,296d431a53a30511,403,1
sqli,filter,1,238,5b2d9bffbc2b21b2,403,1
sqli,filter,1,239,bcd5abbbed7d249b,403,1
sqli,filter,1,240,107aff4baf6ff66c,403,1
sqli,filter,1,241,ef96b96cf7383487,403,1
sqli,filter,1,242,67a6c882174a25a5,403,1
sqli,filter,1,243,c6d91083485b65a3,403,1
sqli,filter,1,244,22b87d2d91be974a,403,1
sqli,filter,1,245,ddd0fd58d65f1c2f,403,1
sqli,filter,1,246,c1640994d313e628,403,1
sqli,filter,1,247,7113683883e9ede7,403,1
sqli,filter,1,248,95282b5e5cdf240e,403,1
sqli,filter,1,249,bc626ea3ada94cb9,403,1
sqli,filter,1,250,3a1bea320716e63d,403,1
sqli,filter,1,251,7c3f968081668ec0,403,1
sqli,filter,1,252,87ecf4d24cc18fb4,403,1
sqli,filter,1,253,3ad2f01061371ed5,403,1
sqli,filter,1,254,62d9e581b756e192,403,1
sqli,filter,1,255,63a9ebce37dd695e,403,1
sqli,filter,1,256,e0e0c52ef360f104,403,1
sqli,filter,1,257,53c7590112f57f4d,403,1
sqli,filter,1,258,6dd7d07af91883ba,403,1
sqli,filter,1,259,8f8518a9c072d301,403,1
sqli,filter,1,260,de9c7c30cab68003,403,1
sqli,filter,1,261,e6fdf49293d5e296,403,1
sqli,filter,1,262,84aaf4f16472446a,403,1
sqli,filter,1,263,e21e8fce40772395,403,1
sqli,filter,1,264,36906322eb7c9d4d,403,1
sqli,filter,1,265,a028cfa6ced4a431,403,1
sqli,filter,1,266,f7d0f6c159c605be,403,1
sqli,filter,1,267,ba4a9263e2ebc63f,403,1
sqli,filter,1,268,addde8a60fa38ae6,403,1
sqli,filter,1,269,a8713868d940d823,403,1
sqli,filter,1,270,212f5ca3457dd8c0,403,1
sqli,filter,1,271,b2b4d915a99f01f7,403,1
sqli,filter,1,272,f1ffe69bad0d3487,403,1
sqli,filter,1,273,0d70de4f5867c7b9,403,1
sqli,filter,1,274,714860240cc42b22,403,1
sqli,filter,1,275,a758bbc97c6a296b,403,1
sqli,filter,1,276,b0b5fadeb6439107,403,1
sqli,filter,1,277,b9f88e5e9f3719b2,403,1
sqli,filter,1,278,763dea5dfb7acb61,403,1
sqli,filter,1,279,6d55d59194d16e85,403,1
sqli,filter,1,280,73253939d389b094,403,1
sqli,filter,1,281,0e68083e73f1db49,403,1
sqli,filter,1,282,0371526e4bfea7ce,403,1
sqli,filter,1,283,9d4f992a627cb3a1,403,1
sqli,filter,1,284,dd09d621039a72fa,403,1
sqli,filter,1,285,04b750ae9720d460,403,1
sqli,filter,1,286,68e12f0e1892a734,403,1
sqli,filter,1,287,9bdbfdf153db5fda,403,1
sqli,filter,1,288,7b683965959e92b0,403,1
sqli,filter,1,289,ad3ef587ef5366e8,403,1
sqli,filter,1,290,276a40d57cac4af6,403,1
sqli,filter,1,291,e55d11ca99e612a6,403,1
sqli,filter,1,292,48143fb6e4b6f8a3,403,1
sqli,filter,1,293,64d2153497f98e51,403,1
sqli,filter,1,294,6b5abe08e73aada8,403,1
sqli,filter,1,295,c03b39c9a886a33b,403,1
sqli,filter,1,296,bd48c42045e13847,403,1
sqli,filter,1,297,9ff29e6978aa6603,403,1
sqli,filter,1,298,bc86d624bf035e0a,403,1
sqli,filter,1,299,e467de4dc220fa3a,403,1
sqli,filter,1,300,053372532fc15b82,403,1
sqli,filter,1,301,b8377202000211d7,403,1
sqli,filter,1,302,ec49373ccf09ed83,403,1
sqli,filter,1,303,501e884307d62d65,403,1
sqli,filter,1,304,b352a23fa56159d3,403,1
sqli,filter,1,305,e686fb9da413547d,403,1
sqli,filter,1,306,4138bc652af52556,403,1
sqli,filter,1,307,773deaa8487d9a30,403,1
sqli,filter,1,308,6f33a9be82c038e7,403,1
sqli,filter,1,309,65ba1eb7a21cd623,403,1
sqli,filter,1,310,b5561bdf52f10e9b,403,1
sqli,filter,1,311,d4c89f4d41bade73,403,1
sqli,filter,1,312,d64d5b354e8e33b3,403,1
sqli,filter,1,313,00a48448d24be951,403,1
sqli,filter,1,314,6e3a083778b8c9e4,403,1
sqli,filter,1,315,63ddc3f525d79d84,403,1
sqli,filter,1,316,7c77e7c5741f445c,403,1
sqli,filter,1,317,e8a4216baec9fe3c,403,1
sqli,filter,1,318,36c6e88db0bc1a76,403,1
sqli,filter,1,319,6a20f0bd9163b17a,403,1
sqli,filter,1,320,9db9bf864c33b966,403,1
sqli,filter,1,321,3dcd5d13ccb525b5,403,1
sqli,filter,1,322,6547701b9e630e5e,403,1
sqli,filter,1,323,e0c3f9d800365ce1,403,1
sqli,filter,1,324,7a51307f6ab06585,403,1
sqli,filter,1,325,e6964ab274f54ea5,403,1
sqli,filter,1,326,11879e5b960cf739,403,1
sqli,filter,1,327,59a5eaa55442a891,403,1
sqli,filter,1,328,e43782e3c3b50951,403,1
sqli,filter,1,329,c806df4391f92325,403,1
sqli,filter,1,330,0ffe22816df688b2,403,1
sqli,filter,1,331,516e01250be94e47,403,1
sqli,filter,1,332,037f13604bf11cec,403,1
sqli,filter,1,333,a1e498c23edc90fe,403,1
sqli,filter,1,334,79c44fb714cfd6b9,403,1
sqli,filter,1,335,fc2f41f1ad2eee75,403,1
sqli,filter,1,336,b95470d7b1362c34,403,1
sqli,filter,1,337,4db0cd74d91bb6f5,403,1
sqli,filter,1,338,724f6e2dbdb44ad2,403,1
sqli,filter,1,339,f91bd0233cdc157c,403,1
sqli,filter,1,340,d1e81eb268ee4168,403,1
sqli,filter,1,341,2d0cf3ba57451916,403,1
sqli,filter,1,342,7b683965959e92b0,403,1
sqli,filter,1,343,4a2a9771eb43f9eb,403,1
sqli,filter,1,344,000235337618ec82,403,1
sqli,filter,1,345,2c0f44318e98a82f,403,1
sqli,filter,1,346,a4710017790e1f14,403,1
sqli,filter,1,347,aa4717cd67ee4b56,403,1
sqli,filter,1,348,16f67b7c3439762b,403,1
sqli,filter,1,349,ce2a25a17c1413cc,403,1
sqli,filter,1,350,e728157ebd01da1a,403,1
sqli,filter,1,351,88c354b8e1e6b540,403,1
sqli,filter,1,352,f7e16d3c048c3547,403,1
sqli,filter,1,353,91934da90d7c916c,403,1
sqli,filter,1,354,5ad2eefb356101c3,403,1
sqli,filter,1,355,43212f02ad99e07b,403,1
sqli,filter,1,356,3e711f4e93e21f01,403,1
sqli,filter,1,357,9b2bd4035c45effa,403,1
sqli,filter,1,358,fc989a0c08439998,403,1
sqli,filter,1,359,c19b1aaa24a995b7,403,1
sqli,filter,1,360,02a04cd99026cb5c,403,1
sqli,filter,1,361,71a221fc7779d3c7,403,1
sqli,filter,1,362,e3b7da2954243b82,403,1
sqli,filter,1,363,35c798aab227a0e2,403,1
sqli,filter,1,364,21ccfdcb0e4570de,403,1
sqli,filter,1,365,074115a8f444ae7c,403,1
sqli,filter,1,366,a02b6714eba02221,403,1
sqli,filter,1,367,b5b9442d274ac676,403,1
sqli,filter,1,368,0574cd57a6c9edb7,403,1
sqli,filter,1,369,65bd1b72e7d998fa,403,1
sqli,filter,1,370,8d932bf9f3a4b211,403,1
sqli,filter,1,371,3c8c7550d530812e,403,1
sqli,filter,1,372,52751bfa8bd115c8,403,1
sqli,filter,1,373,94254bc76daf91ec,403,1
sqli,filter,1,374,2d6855ee43f96ad5,403,1
sqli,filter,1,375,338c99a7e56b73b8,403,1
sqli,filter,1,376,cc8bde02b49071e7,403,1
sqli,filter,1,377,3f403ee22476e89a,403,1
sqli,filter,1,378,f5116c05b407a882,403,1
sqli,filter,1,379,b461af41b08a3f39,403,1
sqli,filter,1,380,349f3db59fcdc2d4,403,1
sqli,filter,1,381,26b7f583522eea05,403,1
sqli,filter,1,382,0ff5d7abf077bd6b,403,1
sqli,filter,1,383,dfe40b3b8c82eefb,403,1
sqli,filter,1,384,7489e05d11b4b0d4,403,1
sqli,filter,1,385,da51473d004139d6,403,1
sqli,filter,1,386,75699685e6a5556f,403,1
sqli,filter,1,387,cf0688bf9ce32a52,403,1
sqli,filter,1,388,78a2072dc34f9717,403,1
sqli,filter,1,389,9abd4aaac43b8418,403,1
sqli,filter,1,390,5837e42f296be71b,403,1
sqli,filter,1,391,286eb975b312f2f9,403,1
sqli,filter,1,392,31a428c7570ddcdf,403,1
sqli,filter,1,393,e7c60898d478681f,403,1
sqli,filter,1,394,778e19e26f20b026,403,1
sqli,filter,1,395,850190711df1c6ea,403,1
sqli,filter,1,396,d7997d9f8c92849f,403,1
sqli,filter,1,397,bfdfc061cf912034,403,1
sqli,filter,1,398,3631ed70fec41b6d,403,1
sqli,filter,1,399,4a7c55e8583f359d,403,1
sqli,filter,1,400,a364ff8be53d51be,403,1
sqli,filter,1,401,05a41c95a2c9114c,403,1
sqli,filter,1,402,668d236187c5f69c,403,1
sqli,filter,1,403,99b17c5b86490c17,403,1
sqli,filter,1,404,674f2513761f402e,403,1
sqli,filter,1,405,c8477cc084e92897,403,1
sqli,filter,1,406,acf7ee489c5f6f21,403,1
sqli,filter,1,407,e87f5402ea6ee460,403,1
sqli,filter,1,408,2646a6041f902008,403,1
sqli,filter,1,409,796af3b43ad39305,403,1
sqli,filter,1,410,e9f8a721f3a4dd2b,403,1
sqli,filter,1,411,e8c0a066279590f9,403,1
sqli,filter,1,412,a165fe96fa2105bc,403,1
sqli,filter,1,413,07cee2310fbf6bff,403,1
sqli,filter,1,414,20399018e8bc56ac,403,1
sqli,filter,1,415,0f649223d7f35608,403,1
sqli,filter,1,416,442beb35ee482ec7,403,1
sqli,filter,1,417,8a1925ba4b2db81e,403,1
sqli,filter,1,418,b744a655a93711fa,403,1
sqli,filter,1,419,6394ad8f8f15b8fa,403,1
sqli,filter,1,420,f8d012e59f0083ea,403,1
sqli,filter,1,421,0969508e78ae3c4f,403,1
sqli,filter,1,422,d8ab86f7d541a325,403,1
sqli,filter,1,423,c40c631504447782,403,1
sqli,filter,1,424,700ecb009f3fffe3,403,1
sqli,filter,1,425,a82da823a9517886,403,1
sqli,filter,1,426,a79ceb9e3ea58775,403,1
sqli,filter,1,427,00a55cb1b0264112,403,1
sqli,filter,1,428,acea274951448b75,403,1
sqli,filter,1,429,c3fbb4ccbe21f62c,403,1
sqli,filter,1,430,04db585a91008671,403,1
sqli,filter,1,431,fcbe02581276f123,403,1
sqli,filter,1,432,4bc5c69870f59184,403,1
sqli,filter,1,433,1f4f691d96badea7,403,1
sqli,filter,1,434,32a9bfde78667541,403,1
sqli,filter,1,435,f40bb9e65bf5e2f9,403,1
sqli,filter,1,436,b16a9958b25707b6,403,1
sqli,filter,1,437,00ac03a3713df7f5,403,1
sqli,filter,1,438,1836591388bd77cf,403,1
sqli,filter,1,439,4b356a32bdb631b1,403,1
sqli,filter,1,440,501835aa189b8f07,403,1
sqli,filter,1,441,29e73b3fb06b48f3,403,1
sqli,filter,1,442,10560b24bac2bc27,403,1
sqli,filter,1,443,3678c4177335195e,403,1
sqli,filter,1,444,e22906597b3dc2c4,403,1
sqli,filter,1,445,f62374ebfc33e5e0,403,1
sqli,filter,1,446,56053c4e2e305471,403,1
sqli,filter,1,447,b674f0cc9df8e521,403,1
sqli,filter,1,448,d007c79f1c1cbc71,403,1
sqli,filter,1,449,57268c5ba153256d,403,1
sqli,filter,1,450,939baef06a3d5ddb,403,1
sqli,filter,1,451,8a79176aa82b1384,403,1
sqli,filter,1,452,3b891d2757a93a56,403,1
sqli,filter,1,453,1dd35fd842f55ccf,403,1
sqli,filter,2,0,bc46882d1c054a4f,403,1
sqli,filter,2,1,ee0c5b2a5bccda7c,403,1
sqli,filter,2,2,37a3b165a39e42f2,403,1
sqli,filter,2,3,27ef92bb2a55fad2,403,1
sqli,filter,2,4,18f211dc6143d48c,403,1
sqli,filter,2,5,0a01180be96e1b25,403,1
sqli,filter,2,6,55c50815a0a47211,403,1
sqli,filter,2,7,464443071e80abe0,403,1
sqli,filter,2,8,665c393dd2a96e41,403,1
sqli,filter,2,9,90dc3b288e21692b,403,1
sqli,filter,2,10,e4ef288e20edae10,403,1
sqli,filter,2,11,041ba0bc29d0ca58,403,1
sqli,filter,2,12,0875dae2135d0770,403,1
sqli,filter,2,13,b414c4048a914c39,403,1
sqli,filter,2,14,082a3ac334bf935e,403,1
sqli,filter,2,15,42ff5fccd26b4a37,403,1
sqli,filter,2,16,e62fd22f35b9682d,403,1
sqli,filter,2,17,576bc82394231c64,403,1
sqli,filter,2,18,3ebb75f4421a3f62,403,1
sqli,filter,2,19,3ddf59296c1d396c,403,1
sqli,filter,2,20,933a1fe9ebab11e3,403,1
sqli,filter,2,21,e86a4dfba20e0cb6,403,1
sqli,filter,2,22,720962e91a500db3,403,1
sqli,filter,2,23,31b58ec520e1b078,403,1
sqli,filter,2,24,404178b59deff146,403,1
sqli,filter,2,25,4c4c6da5432e9d9f,403,1
sqli,filter,2,26,63e19e33cf42ae62,403,1
sqli,filter,2,27,b3ea55306c2a5ede,403,1
sqli,filter,2,28,37562a38a7a47246,403,1
sqli,filter,2,29,8b60a610ebf2d9b1,403,1
sqli,filter,2,30,926eb2bad4c1af14,403,1
sqli,filter,2,31,79eb82387c861cfa,403,1
sqli,filter,2,32,c83d3963d944d308,403,1
sqli,filter,2,33,aee4212dd6baf153,403,1
sqli,filter,2,34,05ffcdb0232852b0,403,1
sqli,filter,2,35,0c0e2a86cf8237a5,403,1
sqli,filter,2,36,896d4d907b4e6a82,403,1
sqli,filter,2,37,01c4f7b4f65a45ff,403,1
sqli,filter,2,38,ab39feb1ad737e73,403,1
sqli,filter,2,39,7e5ed77fe2afcfb5,403,1
sqli,filter,2,40,6ed9a01029609b2b,403,1
sqli,filter,2,41,a7f00aaf012bca72,403,1
sqli,filter,2,42,e23f3def26d6553c,403,1
sqli,filter,2,43,56437a6c64e59fd9,403,1
sqli,filter,2,44,67bab1f9562ab10e,403,1
sqli,filter,2,45,35ab0ee7183e4834,403,1
sqli,filter,2,46,ff470055ea2e6bcf,403,1
sqli,filter,2,47,a40d2714457cf8d8,403,1
sqli,filter,2,48,fb2f9469882f146d,403,1
sqli,filter,2,49,cfc1216c48d14a85,403,1
sqli,filter,2,50,e782f565ff7e9fa3,403,1
sqli,filter,2,51,dd5922d844bd536d,403,1
sqli,filter,2,52,2da83450d8ef04db,403,1
sqli,filter,2,53,467e9c89514a80d4,403,1
sqli,filter,2,54,266a944d7eb58ba0,403,1
sqli,filter,2,55,883626239c120122,403,1
sqli,filter,2,56,3a861b183f766c21,403,1
sqli,filter,2,57,02c93bf7f2879ca3,403,1
sqli,filter,2,58,b7300cbab6ace752,403,1
sqli,filter,2,59,250ed7d583b0f942,403,1
sqli,filter,2,60,4a6c3181aa18b8da,403,1
sqli,filter,2,61,4bb171adb9baae73,403,1
sqli,filter,2,62,b47e517fb12a8e96,403,1
sqli,filter,2,63,f883b436e3897aea,403,1
sqli,filter,2,64,79c2ef3a24f18a50,403,1
sqli,filter,2,65,76dc3bea733b4b0d,403,1
sqli,filter,2,66,512ee56118f243d6,403,1
sqli,filter,2,67,3d0627539d036def,403,1
sqli,filter,2,68,a26de5216566dff2,403,1
sqli,filter,2,69,773493bdee06ae3d,403,1
sqli,filter,2,70,b4a6c8895bc27e56,403,1
sqli,filter,2,71,635b6dc26c4f58ca,403,1
sqli,filter,2,72,7c003d0f78ba184b,403,1
sqli,filter,2,73,ccc329c1be5c71a3,403,1
sqli,filter,2,74,b0c94a60a585fa32,403,1
sqli,filter,2,75,8abbf3d02cbf084a,403,1
sqli,filter,2,76,9a065c2c22472530,403,1
sqli,filter,2,77,f1546705c4218375,403,1
sqli,filter,2,78,90d2c95ea7a1c661,403,1
sqli,filter,2,79,f14c5380f3a3caa4,403,1
sqli,filter,2,80,fa2602eec69335bc,403,1
sqli,filter,2,81,d1346178f32b3ff4,403,1
sqli,filter,2,82,ca0ac6ca58a0c4f9,403,1
sqli,filter,2,83,75a016778d100149,403,1
sqli,filter,2,84,04e9eec450a0cf99,403,1
sqli,filter,2,85,99ce92b14b4e8509,403,1
sqli,filter,2,86,94622da153089331,403,1
sqli,filter,2,87,3160779661de683c,403,1
sqli,filter,2,88,005dfff6f2f59940,403,1
sqli,filter,2,89,af19ba18b90ed34f,403,1
sqli,filter,2,90,33ef53c69d7befac,403,1
sqli,filter,2,91,83370cee8dbe57cf,403,1
sqli,filter,2,92,2d7f27b5336b28f8,403,1
sqli,filter,2,93,b854bdbfa32a003e,403,1
sqli,filter,2,94,c20c67b0c1e49ca3,403,1
sqli,filter,2,95,4c9feac81a3eb30a,403,1
sqli,filter,2,96,2eca7caf0861ce9e,403,1
sqli,filter,2,97,ed410c3e526c1bdd,403,1
sqli,filter,2,98,bb650e4d5a1d3bc3,403,1
sqli,filter,2,99,be8f033100710df4,403,1
sqli,filter,2,100,de85b34f806a1605,403,1
sqli,filter,2,101,d6d5c9f6ca917483,403,1
sqli,filter,2,102,fbb2b7f630fc065a,403,1
sqli,filter,2,103,eec7697afa403816,403,1
sqli,filter,2,104,567aaa098a4a5327,403,1
sqli,filter,2,105,bbbfe379a80f4f7b,403,1
sqli,filter,2,106,d6609b5bdc456c72,403,1
sqli,filter,2,107,1a3d4814820d0f23,403,1
sqli,filter,2,108,05d7458762162ff4,403,1
sqli,filter,2,109,21b10c23af34b4b1,403,1
sqli,filter,2,110,965fd44f055de5d3,403,1
sqli,filter,2,111,7b9dd0b4929ea619,403,1
sqli,filter,2,112,6a8a4df35af2aad1,403,1
sqli,filter,2,113,040faeb2374a863e,403,1
sqli,filter,2,114,1ad282206c0d73fc,403,1
sqli,filter,2,115,a7c5592bd6482e77,403,1
sqli,filter,2,116,26a523f45e5ce857,403,1
sqli,filter,2,117,321763b6d20dd8d9,403,1
sqli,filter,2,118,a39ec8f21dd855f9,403,1
sqli,filter,2,119,5c4b0afd49d5b656,403,1
sqli,filter,2,120,9e287f1133e76e13,403,1
sqli,filter,2,121,9e08039448bd892b,403,1
sqli,filter,2,122,d9225fb397ac6a22,403,1
sqli,filter,2,123,8ccb90de68429c3a,403,1
sqli,filter,2,124,c29902799b9b94c8,403,1
sqli,filter,2,125,d89c595a8024902c,403,1
sqli,filter,2,126,a42042f94960d524,403,1
sqli,filter,2,127,d80e02fb8cc180f9,200,0
sqli,filter,2,128,69fe2eb1517670a6,403,1
sqli,filter,2,129,d5806e1b65788416,403,1
sqli,filter,2,130,67b981ad7ed0cdfb,403,1
sqli,filter,2,131,6422965d382ec59f,403,1
sqli,filter,2,132,925b4237ea5a2811,403,1
sqli,filter,2,133,eb3b6e3a657cb79c,403,1
sqli,filter,2,134,7e362a8467489621,403,1
sqli,filter,2,135,8a21554f9489a5ce,403,1
sqli,filter,2,136,d577ad10399734cc,403,1
sqli,filter,2,137,9b698c7d98dd2391,403,1
sqli,filter,2,138,a4253d462eb6266a,403,1
sqli,filter,2,139,0da177eb821905d6,403,1
sqli,filter,2,140,94b0e2c25216d60f,403,1
sqli,filter,2,141,cdb7dbf669cddefa,403,1
sqli,filter,2,142,af71f5c68adf750c,403,1
sqli,filter,2,143,78f0a07a6956e2fa,403,1
sqli,filter,2,144,b63a2082e40017c6,403,1
sqli,filter,2,145,497bde6ad26e6ae5,403,1
sqli,filter,2,146,12d2a715bde35ec9,403,1
sqli,filter,2,147,c70cf4a5da02a099,403,1
sqli,filter,2,148,586d2e6a947551c2,403,1
sqli,filter,2,149,12a45f09f48c6817,403,1
sqli,filter,2,150,7e6cc41237bb1afa,403,1
sqli,filter,2,151,843ab1a7910660e1,403,1
sqli,filter,2,152,4fe485becd3c18c1,403,1
sqli,filter,2,153,e351d0b75b26dba5,403,1
sqli,filter,2,154,8a0043f9078afe60,403,1
sqli,filter,2,155,d996a7d4a7c0656c,403,1
sqli,filter,2,156,39fa364b99f3df88,403,1
sqli,filter,2,157,2b530e01ec01504e,403,1
sqli,filter,2,158,912db631d636a86d,403,1
sqli,filter,2,159,1b13de20f2c48322,403,1
sqli,filter,2,160,968056e26e6ad2cd,403,1
sqli,filter,2,161,904510dcd597f6db,403,1
sqli,filter,2,162,3b2f4d41b9de643a,403,1
sqli,filter,2,163,94c1181489b084ce,403,1
sqli,filter,2,164,3bb5e8bb9fe5335c,403,1
sqli,filter,2,165,4ee78f1f848e526f,403,1
sqli,filter,2,166,0a61f1083e6a2650,403,1
sqli,filter,2,167,07baa5fc325c1f5d,403,1
sqli,filter,2,168,4f1b5a2ac3e45cfa,403,1
sqli,filter,2,169,46d55e2acdc33902,403,1
sqli,filter,2,170,ca8185a873497239,403,1
sqli,filter,2,171,59330107aafb8a82,403,1
sqli,filter,2,172,7cadd26ae101f4e9,403,1
sqli,filter,2,173,0fa5f547315a6192,403,1
sqli,filter,2,174,d944da5ebf1501bb,403,1
sqli,filter,2,175,9bb55744f56b567c,403,1
sqli,filter,2,176,94a702b1a6f9843d,403,1
sqli,filter,2,177,630dd9190eb2ce77,403,1
sqli,filter,2,178,d47dad2d7fbd994c,403,1
sqli,filter,2,179,4c7f5d162751987c,403,1
sqli,filter,2,180,d2900692da6bb488,403,1
sqli,filter,2,181,58075994dc683776,403,1
sqli,filter,2,182,be71b48a6d514be2,403,1
sqli,filter,2,183,3c264242b42e59da,403,1
sqli,filter,2,184,407bfa196d23762b,403,1
sqli,filter,2,185,bd114e46ee5e279e,403,1
sqli,filter,2,186,47f8caf6ca74138a,403,1
sqli,filter,2,187,5440748c0f6bb95c,403,1
sqli,filter,2,188,669fc7804aa20f80,403,1
sqli,filter,2,189,2a998c8353d515d0,403,1
sqli,filter,2,190,304849c4a5e7d0b3,403,1
sqli,filter,2,191,f228e04bc10bfc3d,403,1
sqli,filter,2,192,9b74422301010fcb,403,1
sqli,filter,2,193,58e6e2fb9ba187d4,403,1
sqli,filter,2,194,473415803bca3a98,403,1
sqli,filter,2,195,ba2557b41546e168,403,1
sqli,filter,2,196,9a32642a38977301,403,1
sqli,filter,2,197,7ac6ed3156a204b3,403,1
sqli,filter,2,198,8f9ad71ab417a2f4,403,1
sqli,filter,2,199,a4ef9995d48811f4,403,1
sqli,filter,2,200,d525970b1d9c2df5,403,1
sqli,filter,2,201,f36f21df314b170d,403,1
sqli,filter,2,202,c59f8cbe123b45eb,403,1
sqli,filter,2,203,36cb74fcfa013b1e,403,1
sqli,filter,2,204,2b1adb225aaab884,403,1
sqli,filter,2,205,80e8de5fab2e542a,403,1
sqli,filter,2,206,ad69ba94eb564676,403,1
sqli,filter,2,207,0cd3dd2f0e269e39,403,1
sqli,filter,2,208,0b7204e14c9b21bd,403,1
sqli,filter,2,209,3dfe0efb3f5b0f51,403,1
sqli,filter,2,210,3452901c37057189,403,1
sqli,filter,2,211,9a3648d9d272d518,403,1
sqli,filter,2,212,d966e5c077c2c113,403,1
sqli,filter,2,213,6eb4199e51e4b228,403,1
sqli,filter,2,214,90e87cd7316163ff,403,1
sqli,filter,2,215,13caeff78207927b,403,1
sqli,filter,2,216,265a946a72c72739,403,1
sqli,filter,2,217,edfd5df0a3a1bd60,403,1
sqli,filter,2,218,ea495ba823a937dd,403,1
sqli,filter,2,219,eab8dc795e17f32c,403,1
sqli,filter,2,220,1d5351f7ce7d4059,403,1
sqli,filter,2,221,2f3475d9cbf20185,403,1
sqli,filter,2,222,97610f8ba44ec68c,403,1
sqli,filter,2,223,7fd468b3701fd267,403,1
sqli,filter,2,224,a9931c2be3ace008,403,1
sqli,filter,2,225,ddbba8aec007c112,403,1
sqli,filter,2,226,ddb8c793357249f0,403,1
sqli,filter,2,227,f2740940a79528e7,403,1
sqli,filter,2,228,44d2924fcbb08afd,403,1
sqli,filter,2,229,553851aaf45977f7,403,1
sqli,filter,2,230,08c25aae0751c6e8,403,1
sqli,filter,2,231,9cc03ea440274053,403,1
sqli,filter,2,232,dffa81bbe4d43914,403,1
sqli,filter,2,233,f318d6035aecff3b,403,1
sqli,filter,2,234,aa2d29db05639d76,403,1
sqli,filter,2,235,75d5073958cd20f9,403,1
sqli,filter,2,236,5e713fe88338e090,403,1
sqli,filter,2,237,8bc908b627cfefb5,403,1
sqli,filter,2,238,824205918d5f5ef2,403,1
sqli,filter,2,239,dee598f57506ab68,403,1
sqli,filter,2,240,68334581ca5013f5,403,1
sqli,filter,2,241,ae8cbefe3d3a3a91,403,1
sqli,filter,2,242,bbf29854f0c8bcfd,403,1
sqli,filter,2,243,6d9125921da15cbe,403,1
sqli,filter,2,244,b4ba517bfa185ce0,403,1
sqli,filter,2,245,f5ead855e86b8f79,403,1
sqli,filter,2,246,ba9da530ad073193,403,1
sqli,filter,2,247,655a701763645a04,403,1
sqli,filter,2,248,d266818f376d39e2,403,1
sqli,filter,2,249,405375713f81da4a,403,1
sqli,filter,2,250,2f44a3296c110b55,403,1
sqli,filter,2,251,f06aa246eefb4a32,403,1
sqli,filter,2,252,a83a250dd1d65453,403,1
sqli,filter,2,253,808b6ebe0169ece6,403,1
sqli,filter,2,254,04d072ed56277c80,403,1
sqli,filter,2,255,080f9c941351113a,403,1
sqli,filter,2,256,2000a73b01e7f79d,403,1
sqli,filter,2,257,8357a5d815795170,403,1
sqli,filter,2,258,41038afb9f77af10,403,1
sqli,filter,2,259,357e95ceb9ea0706,403,1
sqli,filter,2,260,e74d2afb88b49a2c,403,1
sqli,filter,2,261,7a8a27c3e6a41f5d,403,1
sqli,filter,2,262,b3ebdbccd5437fac,403,1
sqli,filter,2,263,5739b0f32e8f364b,403,1
sqli,filter,2,264,fe511fa667f7b167,403,1
sqli,filter,2,265,0dcb3ce4136a8b91,403,1
sqli,filter,2,266,d39dbeebff76dffc,403,1
sqli,filter,2,267,1a28a9ce1b163b58,403,1
sqli,filter,2,268,2d8016077d7b85b0,403,1
sqli,filter,2,269,5e891add5e82fe0d,403,1
sqli,filter,2,270,02528fc6c233f36c,403,1
sqli,filter,2,271,050efac488b46dd1,403,1
sqli,filter,2,272,f0f306cb84a82934,403,1
sqli,filter,2,273,b566f61af8074b48,403,1
sqli,filter,2,274,29fcb88eb9257bec,403,1
sqli,filter,2,275,ded06f8e5010c35d,403,1
sqli,filter,2,276,2840be6a83b661ce,403,1
sqli,filter,2,277,69ed7811a78780b7,403,1
sqli,filter,2,278,05794444875f4b6a,403,1
sqli,filter,2,279,84d91bf824bd8c38,403,1
sqli,filter,2,280,331929e3b5bab16f,403,1
sqli,filter,2,281,92f66c74ceeefee9,403,1
sqli,filter,2,282,b0736928c89c3596,403,1
sqli,filter,2,283,01232b1ebfb4e082,403,1
sqli,filter,2,284,d9c735c1f43a1c39,403,1
sqli,filter,2,285,cf6ce7bc3a640501,403,1
sqli,filter,2,286,5eaf2f85c4bc7fa8,403,1
sqli,filter,2,287,8fbcc1411be277e7,403,1
sqli,filter,2,288,f0ce62bac767e0bf,403,1
sqli,filter,2,289,48902b63b39595af,403,1
sqli,filter,2,290,7b9550affdae9c75,403,1
sqli,filter,2,291,c494fc7d55f2c5fa,403,1
sqli,filter,2,292,d74dbcc45a984d45,403,1
sqli,filter,2,293,46b3b4e71a311d94,403,1
sqli,filter,2,294,b4e4ae061278c64b,403,1
sqli,filter,2,295,251bd491f181728f,403,1
sqli,filter,2,296,26127ab5c1f191a4,403,1
sqli,filter,2,297,7c6350cdd53dc90f,403,1
sqli,filter,2,298,98d4b9532629ecdd,403,1
sqli,filter,2,299,e55a1adda2766038,403,1
sqli,filter,2,300,527bb4f6a1ba5fdc,403,1
sqli,filter,2,301,792dac0c1fdc3de3,403,1
sqli,filter,2,302,63c68dc2282aa95a,403,1
sqli,filter,2,303,5a98ae3ef81d2883,403,1
sqli,filter,2,304,3dbb4a2b993bc91d,403,1
sqli,filter,2,305,4c510917c0290d64,403,1
sqli,filter,2,306,c8c57c3a86b6bbff,403,1
sqli,filter,2,307,8af20b5ccdbe3ec0,403,1
sqli,filter,2,308,be0e0e8dcf5e9318,403,1
sqli,filter,2,309,3c181f3bc8ef7f4a,403,1
sqli,filter,2,310,801bb856881986d8,403,1
sqli,filter,2,311,59241fc4e34109ed,403,1
sqli,filter,2,312,1017665a29d90b81,403,1
sqli,filter,2,313,15d0367eb4a14489,403,1
sqli,filter,2,314,45b6c8194bded1a2,403,1
sqli,filter,2,315,28e580fc3990f7c7,403,1
sqli,filter,2,316,31410bd703d69cfa,403,1
sqli,filter,2,317,b69611a6e3986a76,403,1
sqli,filter,2,318,0288673192013814,403,1
sqli,filter,2,319,31ef498adbed6f65,403,1
sqli,filter,2,320,46a19682a22aeb03,403,1
sqli,filter,2,321,cb045682df46005d,403,1
sqli,filter,2,322,61cd098447725fc8,403,1
sqli,filter,2,323,fd1cbc49378287db,403,1
sqli,filter,2,324,55b6183d736690f0,403,1
sqli,filter,2,325,0d8551e181079d64,403,1
sqli,filter,2,326,a48b7cd0e9e149f3,403,1
sqli,filter,2,327,a1070d0b41cebcf2,403,1
sqli,filter,2,328,67cadd051d20316e,403,1
sqli,filter,2,329,7cb140f3a1e7fc84,403,1
sqli,filter,2,330,059bffc6325d12d6,403,1
sqli,filter,2,331,a7dfe76d5fbdedf5,403,1
sqli,filter,2,332,0bbbe70e5445acfa,403,1
sqli,filter,2,333,fd2ec2334d426605,403,1
sqli,filter,2,334,76845aaf40a54207,403,1
sqli,filter,2,335,5fbbff1b1e0ab270,403,1
sqli,filter,2,336,f17b45d8ec53c634,403,1
sqli,filter,2,337,64728503244c5396,403,1
sqli,filter,2,338,fe5b809b9c1c2bcd,403,1
sqli,filter,2,339,4995db9aa6875bd3,403,1
sqli,filter,2,340,49978915a576cc19,403,1
sqli,filter,2,341,c22485503606d00e,403,1
sqli,filter,2,342,e21c39d9fed9dbd5,403,1
sqli,filter,2,343,5874fe2f290e7706,403,1
sqli,filter,2,344,e071cd5a55b1efd4,403,1
sqli,filter,2,345,bf690de213e05d52,403,1
sqli,filter,2,346,1f25f305de4225c9,403,1
sqli,filter,2,347,6c28bbad0206650c,403,1
sqli,filter,2,348,eef12df7d3b6d9e7,403,1
sqli,filter,2,349,f38e7d228a4cbffb,403,1
sqli,filter,2,350,789d6efe2b2c2c00,403,1
sqli,filter,2,351,5fdcc1d73390be47,403,1
sqli,filter,2,352,f7f9ca32b3d00111,403,1
sqli,filter,2,353,b2d82fc8409f380e,403,1
sqli,filter,2,354,10c351c3f79b11f3,403,1
sqli,filter,2,355,ca1c2faadbee3aea,403,1
sqli,filter,2,356,c6429adbaba97035,403,1
sqli,filter,2,357,f789a8ab48d8de9f,403,1
sqli,filter,2,358,8694bb29c6b9f476,403,1
sqli,filter,2,359,c700bda1030cee3c,403,1
sqli,filter,2,360,066a559186965d31,403,1
sqli,filter,2,361,12e5de5c449780c1,403,1
sqli,filter,2,362,1c14644d7f0b894e,403,1
sqli,filter,2,363,017b4a5adcfb5c47,403,1
sqli,filter,2,364,76edcdb3f8872d8d,403,1
sqli,filter,2,365,36a1953e628d5163,403,1
sqli,filter,2,366,e2a0ddcab0462765,403,1
sqli,filter,2,367,a22aa818ab8aab8b,403,1
sqli,filter,2,368,2a7188db1fbb5b62,403,1
sqli,filter,2,369,0e26457588ad9ee0,403,1
sqli,filter,2,370,dc2228390b2cd0dc,403,1
sqli,filter,2,371,abf48b500572d523,403,1
sqli,filter,2,372,015928b18f907dd3,403,1
sqli,filter,2,373,9c6136e7bc06695e,403,1
sqli,filter,2,374,b7c224f1d98f9625,403,1
sqli,filter,2,375,10018cf92b591d67,403,1
sqli,filter,2,376,b3682510edf63b96,403,1
sqli,filter,2,377,25fef5f9e9292147,403,1
sqli,filter,2,378,ab63a25b32288a28,403,1
sqli,filter,2,379,edaf45cf2c728586,403,1
sqli,filter,2,380,8ecdc5d49995b88e,403,1
sqli,filter,2,381,cf274df9616c8aa2,403,1
sqli,filter,2,382,5beaccde8c7a4225,403,1
sqli,filter,2,383,35e709a52a25a80c,403,1
sqli,filter,2,384,657f9b3c338914f4,403,1
sqli,filter,2,385,6e11f353d3c294be,403,1
sqli,filter,2,386,9beab01777f30e3e,403,1
sqli,filter,2,387,b5f6406bf43fbf55,403,1
sqli,filter,2,388,17816b8ecb12c8b2,403,1
sqli,filter,2,389,d1138ed15a5cae3e,403,1
sqli,filter,2,390,0ff8267d3ff62d37,403,1
sqli,filter,2,391,205e8773f449c261,403,1
sqli,filter,2,392,3144d15d832b41e1,403,1
sqli,filter,2,393,9741c568715afe5d,403,1
sqli,filter,2,394,bb9905332dc6a922,403,1
sqli,filter,2,395,46b7f02841a4f7e8,403,1
sqli,filter,2,396,e2f48bd27b4c468e,403,1
sqli,filter,2,397,91ec6e73491f1f18,403,1
sqli,filter,2,398,bac5483b0ead04c3,403,1
sqli,filter,2,399,e0a508f56d5a79dc,403,1
sqli,filter,2,400,9165a621039ff171,403,1
sqli,filter,2,401,77c8895d6265b0fc,403,1
sqli,filter,2,402,a1591ea2e14e00ea,403,1
sqli,filter,2,403,4f8c330616777226,403,1
sqli,filter,2,404,5cba9cacf067d1bc,403,1
sqli,filter,2,405,034cb3a61d1f288b,403,1
sqli,filter,2,406,533d306fc2c8170b,403,1
sqli,filter,2,407,ec392c7a7da31658,403,1
sqli,filter,2,408,8b5b917e51ccfe88,403,1
sqli,filter,2,409,7bd437ffaa227e59,403,1
sqli,filter,2,410,9de4516a0ad078c3,403,1
sqli,filter,2,411,12ba0de7caff32d7,403,1
sqli,filter,2,412,7c9fafb461421eff,403,1
sqli,filter,2,413,a6b1f8e0ad32afc4,403,1
sqli,filter,2,414,aeb11c0d88e0b5e2,403,1
sqli,filter,2,415,ac98e96abfa44274,403,1
sqli,filter,2,416,c411ebcae07869e1,403,1
sqli,filter,2,417,4d7af22ddeb3f4ef,403,1
sqli,filter,2,418,23193461a6a4f4ae,403,1
sqli,filter,2,419,7e5c89b46cbcdbbd,403,1
sqli,filter,2,420,3016a03d346ff0d4,403,1
sqli,filter,2,421,4f932e83d9993ef4,403,1
sqli,filter,2,422,318d7c28295e089d,403,1
sqli,filter,2,423,bce0b260c7497448,403,1
sqli,filter,2,424,9c507b6697edbbaa,403,1
sqli,filter,2,425,3cd1796444c08ea7,403,1
sqli,filter,2,426,7d0acb95dfd932f7,403,1
sqli,filter,2,427,33552bc472f0613f,403,1
sqli,filter,2,428,5d53dc4a38dbf8f0,403,1
sqli,filter,2,429,18a778b3ceee903f,403,1
sqli,filter,2,430,3d31778e0c29deb7,403,1
sqli,filter,2,431,a3cd8953540a70ed,403,1
sqli,filter,2,432,4e0340fa0c5d4c2b,403,1
sqli,filter,2,433,56582c72de41dfc5,403,1
sqli,filter,2,434,6082ecf5c6c6e714,403,1
sqli,filter,2,435,7205c8322630ca17,403,1
sqli,filter,2,436,2530a1d489e08ac3,403,1
sqli,filter,2,437,3a071b6537faa6d2,403,1
sqli,filter,2,438,6a8149eac0528686,403,1
sqli,filter,2,439,fad65d5c19edacb2,403,1
sqli,filter,2,440,b3ac0c50eee6dffb,403,1
sqli,filter,2,441,913e65ba20f63016,403,1
sqli,filter,2,442,295bb790c41985a7,403,1
sqli,filter,2,443,62720d5bc375f9bc,403,1
sqli,filter,2,444,d76108512e593e2b,403,1
sqli,filter,2,445,013407f3ec77e718,403,1
sqli,filter,2,446,ebfaaba7f3ea0463,403,1
sqli,filter,2,447,07ff303b3e5b9a9f,403,1
sqli,filter,2,448,5da2820cd05b015f,403,1
sqli,filter,2,449,a52ab6b8a3ed4cf2,403,1
sqli,filter,2,450,cd1f08a81a92a59b,403,1
sqli,filter,2,451,4aa407b5254d962e,403,1
sqli,filter,2,452,cb01f8a5b73f4283,403,1
sqli,filter,2,453,f939f0664b7dcd68,403,1
sqli,filter,3,0,0fa331007d7a4db4,403,1
sqli,filter,3,1,13787db7449ad47a,403,1
sqli,filter,3,2,45d5624f0e249fb5,403,1
sqli,filter,3,3,4d0b8fa1a8a78e91,403,1
sqli,filter,3,4,96d56ada607d6cef,403,1
sqli,filter,3,5,c1bce655011fc1ca,403,1
sqli,filter,3,6,f9bb068fd714ec15,403,1
sqli,filter,3,7,e6564c37b1dcf395,403,1
sqli,filter,3,8,7806ba509eddd774,403,1
sqli,filter,3,9,9261eab0e50a06c2,403,1
sqli,filter,3,10,016e92c5bafd1c22,403,1
sqli,filter,3,11,ec4209a3a2c81395,403,1
sqli,filter,3,12,3021a06a1a8fad34,403,1
sqli,filter,3,13,69bf8bdaca923922,403,1
sqli,filter,3,14,5b4c17a4bcbc2135,403,1
sqli,filter,3,15,4cb792c9db255e7f,403,1
sqli,filter,3,16,f7802859e27e1fd6,403,1
sqli,filter,3,17,673e0a3ec23b757f,403,1
sqli,filter,3,18,01ddf8590954dac4,403,1
sqli,filter,3,19,acbf331758798c21,403,1
sqli,filter,3,20,8bb305eca97bcb97,403,1
sqli,filter,3,21,d1255976defe8b9f,403,1
sqli,filter,3,22,bb4ab65fc507c6d1,403,1
sqli,filter,3,23,03f710ae74c83ce0,403,1
sqli,filter,3,24,8034020ba433fa7a,403,1
sqli,filter,3,25,b3f0079f440f0369,403,1
sqli,filter,3,26,0a55b18e87282c6d,403,1
sqli,filter,3,27,46cc156e2225f882,403,1
sqli,filter,3,28,6e2a7eb5703edfc5,403,1
sqli,filter,3,29,86a42f7ef665ebc5,403,1
sqli,filter,3,30,f9bdfe7f859580fe,403,1
sqli,filter,3,31,7f3b90ef4ea49d13,403,1
sqli,filter,3,32,66de8bb5a8379f89,403,1
sqli,filter,3,33,2391d2edcb0a5ca6,403,1
sqli,filter,3,34,8bc31979a3e39b74,403,1
sqli,filter,3,35,ae8e114fa0058521,403,1
sqli,filter,3,36,dd21d4417de0e8cc,403,1
sqli,filter,3,37,8b5446b11c8517c9,403,1
sqli,filter,3,38,973cc4d82da12385,403,1
sqli,filter,3,39,922c6391a5e06d8e,403,1
sqli,filter,3,40,2668dca5d24dd42b,403,1
sqli,filter,3,41,c5b02e9614717198,403,1
sqli,filter,3,42,8d446513c543f415,403,1
sqli,filter,3,43,392b95030d3dcee9,403,1
sqli,filter,3,44,a6151d2e41ca1b0b,403,1
sqli,filter,3,45,16db693ca3d4de9d,403,1
sqli,filter,3,46,bb28118000b4e38a,403,1
sqli,filter,3,47,2764d62439839870,403,1
sqli,filter,3,48,c60e3712dce700d5,403,1
sqli,filter,3,49,c9a9879f2d910d7e,403,1
sqli,filter,3,50,4fa81371a6543ca2,403,1
sqli,filter,3,51,436ff14d745050a1,403,1
sqli,filter,3,52,be8474b969e2d8fd,403,1
sqli,filter,3,53,d7934be4688661dd,403,1
sqli,filter,3,54,02c279b4c796b10b,403,1
sqli,filter,3,55,6e565a5150cd8d4a,403,1
sqli,filter,3,56,e37d7b93142b37aa,403,1
sqli,filter,3,57,05aaeb6d77aa54cc,403,1
sqli,filter,3,58,e7ae41f4a204e63f,403,1
sqli,filter,3,59,dd55cf65d3b5f63e,403,1
sqli,filter,3,60,00e5eeae5cc49bcd,403,1
sqli,filter,3,61,deb51acfe17f8c4f,403,1
sqli,filter,3,62,d525bda6c373b91a,403,1
sqli,filter,3,63,60b085095971cc21,403,1
sqli,filter,3,64,9deecca3bef5bf8c,403,1
sqli,filter,3,65,c443a14aca4f5874,403,1
sqli,filter,3,66,fa667e08eef479ae,403,1
sqli,filter,3,67,9235c42f5aa3f96d,403,1
sqli,filter,3,68,727dfef62ae99425,403,1
sqli,filter,3,69,58303dd2ae6f922e,403,1
sqli,filter,3,70,24126d528226d40c,403,1
sqli,filter,3,71,a237ff080492c77f,403,1
sqli,filter,3,72,f1158c4d356e0c16,403,1
sqli,filter,3,73,20f24099d2d0dd7a,403,1
sqli,filter,3,74,daaa1d26d77b31de,403,1
sqli,filter,3,75,29c36461b8c64083,403,1
sqli,filter,3,76,c8eb14f526add6be,403,1
sqli,filter,3,77,e5051c28c2037e42,200,0
sqli,filter,3,78,1f1007b587e15dbb,403,1
sqli,filter,3,79,ee1728ad8338d1dc,403,1
sqli,filter,3,80,52e353a657764861,403,1
sqli,filter,3,81,4bdd581a5e6b6fc7,403,1
sqli,filter,3,82,dcc2c79cbe76c84c,403,1
sqli,filter,3,83,b30dd23821868935,403,1
sqli,filter,3,84,24093fd1a12dd9b5,403,1
sqli,filter,3,85,74da3ac6f19a54f1,403,1
sqli,filter,3,86,2b86ee420d1c672e,403,1
sqli,filter,3,87,6da5dae8e93f3876,403,1
sqli,filter,3,88,e77dec8fbd32de52,403,1
sqli,filter,3,89,a02ac8cd2a078521,403,1
sqli,filter,3,90,d9a33567760643ff,403,1
sqli,filter,3,91,44f0f6bd49261f4c,403,1
sqli,filter,3,92,79409e002bdf083e,403,1
sqli,filter,3,93,db1bd44101814171,403,1
sqli,filter,3,94,bc7f696a686d5a5b,403,1
sqli,filter,3,95,447defc482983b85,403,1
sqli,filter,3,96,2f70983b7f3a3a33,403,1
sqli,filter,3,97,ed4573d1a66df4a0,403,1
sqli,filter,3,98,13659a4b1bc04d34,403,1
sqli,filter,3,99,360589a3b4ae19c1,403,1
sqli,filter,3,100,a101d41cec85b21f,403,1
sqli,filter,3,101,cbeb44f1b1f0985a,403,1
sqli,filter,3,102,fa10a8a36e500519,403,1
sqli,filter,3,103,dfd6718d7f72b65b,403,1
sqli,filter,3,104,318d7054432b4544,403,1
sqli,filter,3,105,6b35c17cf382fc41,403,1
sqli,filter,3,106,81fdba8ce5aa4944,403,1
sqli,filter,3,107,8e7a883494583e4c,403,1
sqli,filter,3,108,1d33af4a45612e78,403,1
sqli,filter,3,109,c93261e9cba30bfa,403,1
sqli,filter,3,110,18da1f524a35115d,403,1
sqli,filter,3,111,e530ca3630c2332c,403,1
sqli,filter,3,112,bf43b4f6e8bc637c,403,1
sqli,filter,3,113,846ac87d7042f2c6,403,1
sqli,filter,3,114,e0695d03676bace4,403,1
sqli,filter,3,115,7cbbe1be7376cc6d,403,1
sqli,filter,3,116,486911f8bd9099e0,403,1
sqli,filter,3,117,3992509663a07e8d,403,1
sqli,filter,3,118,3f2871d4b772255e,403,1
sqli,filter,3,119,b5075ed1f9a4aeb1,403,1
sqli,filter,3,120,31b74555eafafcdf,403,1
sqli,filter,3,121,72e3b8f3065e52d0,403,1
sqli,filter,3,122,2f29bfb88aa03073,403,1
sqli,filter,3,123,84b87aa0988725e4,403,1
sqli,filter,3,124,be3b6de8627f04e2,403,1
sqli,filter,3,125,513322c8a8e36ba7,403,1
sqli,filter,3,126,0d4f3cb286f46240,403,1
sqli,filter,3,127,b86e4c09f989d983,403,1
sqli,filter,3,128,765b2b672f600d26,403,1
sqli,filter,3,129,d65a5113236b7c8c,403,1
sqli,filter,3,130,0a3f50a13fcfcbf5,403,1
sqli,filter,3,131,59228186d178148b,403,1
sqli,filter,3,132,07a35cd202796fee,403,1
sqli,filter,3,133,fbb1bf11c87bfd72,403,1
sqli,filter,3,134,4dac02a65111d031,403,1
sqli,filter,3,135,6d92db676b97cd07,403,1
sqli,filter,3,136,d883a334571741b3,403,1
sqli,filter,3,137,3f183e0add689d0f,403,1
sqli,filter,3,138,8b79c854e07ce559,403,1
sqli,filter,3,139,fb1deb744b074772,403,1
sqli,filter,3,140,4dd294d247ff927a,403,1
sqli,filter,3,141,319c7811ff7e338b,403,1
sqli,filter,3,142,c883e51d0f743f54,403,1
sqli,filter,3,143,7fc07f004770f3be,403,1
sqli,filter,3,144,7b6d2fd38d191e2f,403,1
sqli,filter,3,145,2a19a7605d38a05c,403,1
sqli,filter,3,146,f53d14e52e15c050,403,1
sqli,filter,3,147,6fa2edeb42fe7ee0,403,1
sqli,filter,3,148,8a6d2727c2d0e105,403,1
sqli,filter,3,149,b8247310d9217a28,403,1
sqli,filter,3,150,99ff49f0bcc123b8,403,1
sqli,filter,3,151,aad152289b4af063,403,1
sqli,filter,3,152,df67b8650eb47d0a,403,1
sqli,filter,3,153,864396e0b323f6a3,403,1
sqli,filter,3,154,f419cb0e18d0ea76,403,1
sqli,filter,3,155,9abb9611d7d0fdbf,403,1
sqli,filter,3,156,b75e2794b12c88b6,403,1
sqli,filter,3,157,31d8375f78ea218a,403,1
sqli,filter,3,158,7d8c1f353c308da0,403,1
sqli,filter,3,159,f794c5b71baf5f70,403,1
sqli,filter,3,160,98b856ff299449fc,403,1
sqli,filter,3,161,b051757072afe68a,403,1
sqli,filter,3,162,1ffdd013f427cb39,403,1
sqli,filter,3,163,d9e8d0dbd0dd2f7e,403,1
sqli,filter,3,164,3adc32f3b04df08e,403,1
sqli,filter,3,165,0da89b4b75e7d5db,403,1
sqli,filter,3,166,f635dc091d182eeb,403,1
sqli,filter,3,167,012b95bf8221922d,403,1
sqli,filter,3,168,4e9243b418d19df7,403,1
sqli,filter,3,169,89d8ab4609da15a8,403,1
sqli,filter,3,170,f104fb9242a977e1,403,1
sqli,filter,3,171,b59d2636c4c26ad3,403,1
sqli,filter,3,172,70f302c853582950,403,1
sqli,filter,3,173,a3c61a3764648203,403,1
sqli,filter,3,174,7a2431131d03d2cb,403,1
sqli,filter,3,175,838c802acccef133,403,1
sqli,filter,3,176,2c265a77e80beb9b,403,1
sqli,filter,3,177,8765362d9d7e4788,403,1
sqli,filter,3,178,1e25c5c5c7969e54,403,1
sqli,filter,3,179,0cd2d4736e6be822,403,1
sqli,filter,3,180,4129c48119ddb5fa,403,1
sqli,filter,3,181,ec5ea73c63fb225c,403,1
sqli,filter,3,182,ca9e6e439ee61b56,403,1
sqli,filter,3,183,0f75e51afebf729d,403,1
sqli,filter,3,184,943e09b41f130757,403,1
sqli,filter,3,185,375ebe6f7b8cde53,403,1
sqli,filter,3,186,4edb4bf94f285373,403,1
sqli,filter,3,187,5b0d10927b67fed2,403,1
sqli,filter,3,188,de471e77c39cf49b,403,1
sqli,filter,3,189,ad3cc1c51b4baaeb,403,1
sqli,filter,3,190,728584357f11c463,403,1
sqli,filter,3,191,19033df7a2413fde,403,1
sqli,filter,3,192,6cb127747c34b047,403,1
sqli,filter,3,193,628fdfaf04b15f56,403,1
sqli,filter,3,194,6aa69b2764ce0ee8,403,1
sqli,filter,3,195,2cc2da12a098fe31,403,1
sqli,filter,3,196,7f721d7cd0a9c3bd,403,1
sqli,filter,3,197,657b4062c6314519,403,1
sqli,filter,3,198,26dbcb3a4ff10ced,403,1
sqli,filter,3,199,baaacd4ff516280f,403,1
sqli,filter,3,200,30bd351f1bc00296,403,1
sqli,filter,3,201,dbf864f1465abc30,403,1
sqli,filter,3,202,4dd294d247ff927a,403,1
sqli,filter,3,203,4cbbc92180e34526,403,1
sqli,filter,3,204,078cbcd7a1530d15,403,1
sqli,filter,3,205,a64fc7674dc49732,403,1
sqli,filter,3,206,7b6d2fd38d191e2f,403,1
sqli,filter,3,207,bef8ac5b384c6ff9,403,1
sqli,filter,3,208,f53d14e52e15c050,403,1
sqli,filter,3,209,19677dcbc27a9a8e,403,1
sqli,filter,3,210,016f2771eea0521c,403,1
sqli,filter,3,211,b8247310d9217a28,403,1
sqli,filter,3,212,4e429071e404cd10,403,1
sqli,filter,3,213,e4339a9ffb0bd6fc,403,1
sqli,filter,3,214,5a5b6be60de12a07,403,1
sqli,filter,3,215,db0d8bf883205437,403,1
sqli,filter,3,216,c9729cdd70b35232,403,1
sqli,filter,3,217,fe5ab13b47ad682b,403,1
sqli,filter,3,218,15b5578323a2287d,403,1
sqli,filter,3,219,a7940432f6396165,403,1
sqli,filter,3,220,ecc84fcd9fba297a,403,1
sqli,filter,3,221,e66c9bb5768e5c30,403,1
sqli,filter,3,222,8ebef73c9cabf33b,403,1
sqli,filter,3,223,26a7c5dcab525009,403,1
sqli,filter,3,224,e4425b344e11c9c9,403,1
sqli,filter,3,225,687a23dca1c9d503,403,1
sqli,filter,3,226,78fbb1bd63a9681b,403,1
sqli,filter,3,227,38137898d41a40be,403,1
sqli,filter,3,228,b79507069b188ac8,403,1
sqli,filter,3,229,587d9704005e0fb1,403,1
sqli,filter,3,230,e149cfe6701b705a,403,1
sqli,filter,3,231,022bc268d69978fd,403,1
sqli,filter,3,232,4c3e9978ac7d9f0c,403,1
sqli,filter,3,233,b98afae371383e2a,403,1
sqli,filter,3,234,81e4143f69fd7ef3,403,1
sqli,filter,3,235,bafdfdff447f4e7d,403,1
sqli,filter,3,236,88265db97fbc9ac9,403,1
sqli,filter,3,237,6b1d7845b286c921,403,1
sqli,filter,3,238,aa4a56dd330c6278,403,1
sqli,filter,3,239,539772fd199b9387,403,1
sqli,filter,3,240,2aefabe757d8351b,403,1
sqli,filter,3,241,27304ea681afd9a6,403,1
sqli,filter,3,242,e963a2576dfb72c4,403,1
sqli,filter,3,243,7717993c78c574f2,403,1
sqli,filter,3,244,166de71c2d8e10ae,403,1
sqli,filter,3,245,8fa162af2a021e9d,403,1
sqli,filter,3,246,f1d0db16ab21f76a,403,1
sqli,filter,3,247,372683f2f00ffc00,403,1
sqli,filter,3,248,c6d0275f8283633c,403,1
sqli,filter,3,249,47f28968165b7c5d,403,1
sqli,filter,3,250,a4593d17f537ea24,403,1
sqli,filter,3,251,550a49f0e47cf75c,403,1
sqli,filter,3,252,9579c8a5046c4d92,403,1
sqli,filter,3,253,7fc79b0e7bf3d6fd,403,1
sqli,filter,3,254,cba6546db760ca66,403,1
sqli,filter,3,255,2424ba1d9da40453,403,1
sqli,filter,3,256,abe208cc8e5a8ea2,403,1
sqli,filter,3,257,b102a7bf5affed5f,403,1
sqli,filter,3,258,24ae74a7a2207d79,403,1
sqli,filter,3,259,20238b72ed732f1d,403,1
sqli,filter,3,260,61add17ad53b64b7,403,1
sqli,filter,3,261,4a48b28bd2bcb95a,403,1
sqli,filter,3,262,d8b0e9fac35787c7,403,1
sqli,filter,3,263,5715b4b1a9b9ec69,403,1
sqli,filter,3,264,afe1a4b7c609baa7,403,1
sqli,filter,3,265,37e83e05793ca7c8,403,1
sqli,filter,3,266,09d517198bb953f8,403,1
sqli,filter,3,267,3a8e5bdebabe3240,403,1
sqli,filter,3,268,f02861e13e62e2c4,403,1
sqli,filter,3,269,f727c0f413705a12,403,1
sqli,filter,3,270,546c88658bf31810,403,1
sqli,filter,3,271,df48c62164a9da12,403,1
sqli,filter,3,272,f6ac320182e18462,403,1
sqli,filter,3,273,6b3f710cddbaf027,403,1
sqli,filter,3,274,378271bd76a556b1,403,1
sqli,filter,3,275,d509eb0e8fd1b0da,403,1
sqli,filter,3,276,3084e82fd48a8902,403,1
sqli,filter,3,277,999a9eb617fdfa45,403,1
sqli,filter,3,278,6cbad2742b4a4924,403,1
sqli,filter,3,279,568ae842a338203a,403,1
sqli,filter,3,280,6c919e32aa1a1799,403,1
sqli,filter,3,281,dc92bf7cbe683cdc,403,1
sqli,filter,3,282,9c9ddbfe8d7219cc,403,1
sqli,filter,3,283,d6b23586fc9c55bf,403,1
sqli,filter,3,284,6090a9f93559dc43,403,1
sqli,filter,3,285,12c4267dac21c35b,403,1
sqli,filter,3,286,59d3812ee4a9a820,403,1
sqli,filter,3,287,a3035200c935d850,403,1
sqli,filter,3,288,4e1a5e3540e07127,403,1
sqli,filter,3,289,e627e760544d0bce,403,1
sqli,filter,3,290,aefb8f1d037627a5,403,1
sqli,filter,3,291,ea879160712013ac,403,1
sqli,filter,3,292,db3aea742959739f,403,1
sqli,filter,3,293,5f386735b70e017b,403,1
sqli,filter,3,294,d0d2f89d3ca6c907,403,1
sqli,filter,3,295,5cd60e9a5cb2666b,403,1
sqli,filter,3,296,a16a723901f63959,403,1
sqli,filter,3,297,ee2e1782462c3f1c,403,1
sqli,filter,3,298,1194ab1f31dee074,403,1
sqli,filter,3,299,5965816af067c6fd,403,1
sqli,filter,3,300,a1f83dd3726eaf7e,403,1
sqli,filter,3,301,5ad500f7dde512bf,403,1
sqli,filter,3,302,a87cf92da80fc20f,403,1
sqli,filter,3,303,7c3e82a6025eeb1b,403,1
sqli,filter,3,304,5d3f35c9e0e71ee5,403,1
sqli,filter,3,305,21507b814d861562,403,1
sqli,filter,3,306,8454e0a846376947,403,1
sqli,filter,3,307,2ff920abec89e188,403,1
sqli,filter,3,308,18005a0c26bc307d,403,1
sqli,filter,3,309,0a9e5b37e640019a,403,1
sqli,filter,3,310,83aa1bd42b1dc1bd,403,1
sqli,filter,3,311,7648d1dc8931df31,403,1
sqli,filter,3,312,c569eb9156c3f6b8,403,1
sqli,filter,3,313,4bc8b365e65d249a,403,1
sqli,filter,3,314,e3fc22e75bc5666a,403,1
sqli,filter,3,315,28b6e5bbcf3435f1,403,1
sqli,filter,3,316,4aa8d3cbe89d2bb5,403,1
sqli,filter,3,317,dda0b23f263f6eb6,403,1
sqli,filter,3,318,1a02ee61c5147d10,403,1
sqli,filter,3,319,06e068612c00beaa,403,1
sqli,filter,3,320,1a19d4d19d8dc354,403,1
sqli,filter,3,321,2e86a05dc4ab19f6,403,1
sqli,filter,3,322,52fd046afd405f07,403,1
sqli,filter,3,323,edf1e48e906cd2cd,403,1
sqli,filter,3,324,9fa3a022ec78efca,403,1
sqli,filter,3,325,2a202a9113912e95,403,1
sqli,filter,3,326,0d4d7bc363b6061d,403,1
sqli,filter,3,327,be1cfb23904d5c07,403,1
sqli,filter,3,328,ca5873acb0083269,403,1
sqli,filter,3,329,42bca4dd25b91cad,403,1
sqli,filter,3,330,ae16810c449a0b55,403,1
sqli,filter,3,331,4e2e055e750a6c2f,403,1
sqli,filter,3,332,f4ee413edcb5c36f,403,1
sqli,filter,3,333,b7788baad7c214b2,403,1
sqli,filter,3,334,b4181a8586cce0e2,403,1
sqli,filter,3,335,b7d43298fdde79dc,403,1
sqli,filter,3,336,da79acdff7cee788,403,1
sqli,filter,3,337,f705cac07cc0d628,403,1
sqli,filter,3,338,229cb2ac46bb2cb9,403,1
sqli,filter,3,339,b70409a079beccac,403,1
sqli,filter,3,340,80940d8a1b791007,403,1
sqli,filter,3,341,56e30272d02efc1a,403,1
sqli,filter,3,342,939ccd41a4683b7e,403,1
sqli,filter,3,343,5ad8d1188be95111,403,1
sqli,filter,3,344,0b75e31254a99f51,403,1
sqli,filter,3,345,f6d356a554144505,403,1
sqli,filter,3,346,07780b5683507726,403,1
sqli,filter,3,347,08c158bfbf74756e,403,1
sqli,filter,3,348,4ee1383121a15a9d,403,1
sqli,filter,3,349,c2847fb472fe0fb9,403,1
sqli,filter,3,350,957905218ecd50b7,403,1
sqli,filter,3,351,5acc23bf970d57ad,403,1
sqli,filter,3,352,1f274f64a42852bb,403,1
sqli,filter,3,353,7664d248e7f333fd,403,1
sqli,filter,3,354,034c4512c67eb87e,403,1
sqli,filter,3,355,fa7f8ec7945d896a,403,1
sqli,filter,3,356,258db7d157de9633,403,1
sqli,filter,3,357,f31355ab7cac8217,403,1
sqli,filter,3,358,96ba3ac478678891,403,1
sqli,filter,3,359,ae8720fc0da1926f,403,1
sqli,filter,3,360,266fb2b296e246ee,403,1
sqli,filter,3,361,72285499f822e60b,403,1
sqli,filter,3,362,811e5029a45de37f,403,1
sqli,filter,3,363,20cb81890e5462cd,403,1
sqli,filter,3,364,fd9c501e1a0d2277,403,1
sqli,filter,3,365,71065bec070626fe,403,1
sqli,filter,3,366,7f4decc0c3c28ced,403,1
sqli,filter,3,367,982c41142b6199c4,403,1
sqli,filter,3,368,d6c773a3a0d4a87d,403,1
sqli,filter,3,369,67a38ce345122cdb,403,1
sqli,filter,3,370,b2be23c91dd3d203,403,1
sqli,filter,3,371,19199c96489f129e,403,1
sqli,filter,3,372,bed160436e36c04f,403,1
sqli,filter,3,373,c3064f2208ba410c,403,1
sqli,filter,3,374,38b2521d38c987a0,403,1
sqli,filter,3,375,547a4292a932bb8f,403,1
sqli,filter,3,376,2b1f33c5062fedaf,403,1
sqli,filter,3,377,4086bf84c451b42a,403,1
sqli,filter,3,378,8b516e52fa43eaf0,403,1
sqli,filter,3,379,c6318a8bacfe2f5e,403,1
sqli,filter,3,380,9d071dd485de30be,403,1
sqli,filter,3,381,4bbc166db88301bc,403,1
sqli,filter,3,382,ed240ec4c8c1bcb6,403,1
sqli,filter,3,383,d1c20c73aa4c3ecb,403,1
sqli,filter,3,384,3feadbacefcdd6f7,403,1
sqli,filter,3,385,996300fbb4e09f2d,403,1
sqli,filter,3,386,c7cb11ddcaed6ebd,403,1
sqli,filter,3,387,b28300d1e0bbb446,403,1
sqli,filter,3,388,2b443540fe6440e2,403,1
sqli,filter,3,389,0e40f926e78bf83a,403,1
sqli,filter,3,390,90448765c32b426d,403,1
sqli,filter,3,391,7e5d14721b440aaf,403,1
sqli,filter,3,392,e250f114c2f2bc52,403,1
sqli,filter,3,393,efe350f6d915b4c1,403,1
sqli,filter,3,394,318de2cbb69a3924,403,1
sqli,filter,3,395,18505aee3a6dbc40,403,1
sqli,filter,3,396,9d16b7526bb5d519,403,1
sqli,filter,3,397,bfd4f292eb098086,403,1
sqli,filter,3,398,476b3f415dfff2a7,403,1
sqli,filter,3,399,951d53c92397dd9a,403,1
sqli,filter,3,400,c9bb4e922ca35ba5,403,1
sqli,filter,3,401,cb7853726a95b40e,403,1
sqli,filter,3,402,2673d47e4bca1d10,403,1
sqli,filter,3,403,db746a8d4376ff90,403,1
sqli,filter,3,404,e21c09e21dd3f557,403,1
sqli,filter,3,405,973e7cf72df32542,403,1
sqli,filter,3,406,6ae39dfe486cb24e,403,1
sqli,filter,3,407,f0d8c9af7d09eb3b,403,1
sqli,filter,3,408,0957d4bd820f7560,403,1
sqli,filter,3,409,72d4ef1e49ab3342,403,1
sqli,filter,3,410,0a3647397c5c249a,403,1
sqli,filter,3,411,719bf479f31cf6ab,403,1
sqli,filter,3,412,3c7e8788d20c0bfe,403,1
sqli,filter,3,413,da05bc458662617e,403,1
sqli,filter,3,414,02da947d0f207404,403,1
sqli,filter,3,415,a3585b4c54f5a828,403,1
sqli,filter,3,416,13e6c1593c9bd0ae,403,1
sqli,filter,3,417,775670f4228f9706,403,1
sqli,filter,3,418,97783b284c141529,403,1
sqli,filter,3,419,f0e903b8a0057c37,403,1
sqli,filter,3,420,6675296bf3109d91,403,1
sqli,filter,3,421,2f056a601d09b4c5,403,1
sqli,filter,3,422,d9c82764f5ad848d,403,1
sqli,filter,3,423,81362763763c392a,403,1
sqli,filter,3,424,5d0e915d381623b5,403,1
sqli,filter,3,425,3155939222c12ef9,403,1
sqli,filter,3,426,73106301debbf2df,403,1
sqli,filter,3,427,fd17b2cd679fd271,403,1
sqli,filter,3,428,8877ef945c5d14fc,403,1
sqli,filter,3,429,9679226dfebaa2f6,403,1
sqli,filter,3,430,8dee5ae00fc4b4be,403,1
sqli,filter,3,431,ffdc382724b0de10,403,1
sqli,filter,3,432,001f57f9479d3a85,403,1
sqli,filter,3,433,8bc13eb540931203,403,1
sqli,filter,3,434,affe7e1131d8cb51,403,1
sqli,filter,3,435,ef4cc2ca08db4752,403,1
sqli,filter,3,436,d874791a40f6f5b2,403,1
sqli,filter,3,437,3781bf0b46c456a0,403,1
sqli,filter,3,438,d6f5b512030754a5,403,1
sqli,filter,3,439,7dd4acfde8b26dca,403,1
sqli,filter,3,440,2391ed80533e8ed5,403,1
sqli,filter,3,441,769dd463fe541d98,403,1
sqli,filter,3,442,9cd6ce9463335b40,403,1
sqli,filter,3,443,bf08ea02b1c55de5,403,1
sqli,filter,3,444,e97a5da5fae3e4a5,403,1
sqli,filter,3,445,fc9cc1cde230bb6f,403,1
sqli,filter,3,446,e934cbdf98329a5b,403,1
sqli,filter,3,447,feae8a089d35f591,403,1
sqli,filter,3,448,0195c01c666d8d87,403,1
sqli,filter,3,449,b8c529cbae1bc0ff,403,1
sqli,filter,3,450,ef1c197f1559eb9a,403,1
sqli,filter,3,451,c1af89a8a46c46fe,403,1
sqli,filter,3,452,9903c88064b76532,403,1
sqli,filter,3,453,f85eb58c866c403d,403,1
sqli,filter,3,454,07d2b35a7f21d3c5,403,1
sqli,filter,3,455,1f805f27bad37ae9,403,1
sqli,filter,3,456,2a4890a3024ce80e,403,1
sqli,filter,3,457,1f17aef2ebc5a027,403,1
sqli,filter,3,458,1ef4888954e897fc,403,1
sqli,filter,3,459,85125642a8937261,403,1
sqli,filter,3,460,7c005ccd19d5d8b4,403,1
sqli,filter,3,461,1a3367a2b049ede6,403,1
sqli,filter,3,462,19d13d68cf4c6d28,403,1
sqli,filter,3,463,42093f40df4af35a,403,1
sqli,filter,3,464,cb565a12d32554ff,403,1
sqli,filter,3,465,d7492588592f4e6f,403,1
sqli,filter,3,466,150c950d89366b82,403,1
sqli,filter,3,467,55dbbe8004737ce8,403,1
sqli,filter,3,468,85c780e1b7bb0b12,403,1
sqli,filter,4,0,41944030084b907b,403,1
sqli,filter,4,1,ee0c5b2a5bccda7c,403,1
sqli,filter,4,2,37a3b165a39e42f2,403,1
sqli,filter,4,3,6c396c168831894d,403,1
sqli,filter,4,4,ec414472ee8654a1,403,1
sqli,filter,4,5,dc9f52fe7c587914,403,1
sqli,filter,4,6,3841369cc807dc96,403,1
sqli,filter,4,7,6b4ef6e0e2c29f83,403,1
sqli,filter,4,8,7d146ce23eb21791,403,1
sqli,filter,4,9,f0f5a77584cbdf1f,403,1
sqli,filter,4,10,408e5689c9310e89,403,1
sqli,filter,4,11,5022cfa3115295be,403,1
sqli,filter,4,12,b8863edcc8ca9f58,403,1
sqli,filter,4,13,9afd58b8ab89a5ee,403,1
sqli,filter,4,14,cea5b9c57c034980,403,1
sqli,filter,4,15,68646312206e94da,403,1
sqli,filter,4,16,cb912c2e73ce9886,403,1
sqli,filter,4,17,28071062cbb89b4c,403,1
sqli,filter,4,18,c3ed17d56b46f4a9,403,1
sqli,filter,4,19,2310b4c6194f0447,403,1
sqli,filter,4,20,1913d10f23681ecd,403,1
sqli,filter,4,21,6053f48874c42cd0,403,1
sqli,filter,4,22,0b2d9435807503ab,403,1
sqli,filter,4,23,5d0b87e41deec915,403,1
sqli,filter,4,24,a4e51316808450bb,403,1
sqli,filter,4,25,751fb03a248b1e63,403,1
sqli,filter,4,26,dd305403a0d8f7ff,403,1
sqli,filter,4,27,d15007a136c62667,403,1
sqli,filter,4,28,c8589db0e38f355a,403,1
sqli,filter,4,29,9c7c04ec60d8d18a,403,1
sqli,filter,4,30,56152cf072007bfc,403,1
sqli,filter,4,31,7a981bfb885ed28c,403,1
sqli,filter,4,32,f00f851f0619ee3a,403,1
sqli,filter,4,33,3d5f1569753a1701,403,1
sqli,filter,4,34,3ddf59296c1d396c,403,1
sqli,filter,4,35,d1168c0c1df2cbef,403,1
sqli,filter,4,36,ff863e3630d5b020,403,1
sqli,filter,4,37,f2e4a37f194f609d,403,1
sqli,filter,4,38,30d4eddeb2120bd3,403,1
sqli,filter,4,39,84aef1e9355cec50,403,1
sqli,filter,4,40,8e3c30c72cf64204,403,1
sqli,filter,4,41,adc93ab06c3f77a6,403,1
sqli,filter,4,42,286ae8a87476f05c,403,1
sqli,filter,4,43,d3c63e3598240bc3,403,1
sqli,filter,4,44,cf0460847ac6292b,403,1
sqli,filter,4,45,559ce138eb699623,403,1
sqli,filter,4,46,feccaf2de631827b,403,1
sqli,filter,4,47,5f3a10e07152f25d,403,1
sqli,filter,4,48,543f6753e33c4950,403,1
sqli,filter,4,49,9c6f1652e6313c1b,403,1
sqli,filter,4,50,4e043874e5d3926b,403,1
sqli,filter,4,51,f1b2ab2d50091984,403,1
sqli,filter,4,52,5d0d031673613413,403,1
sqli,filter,4,53,06b963ec9211194c,403,1
sqli,filter,4,54,d68508d58777b3a1,403,1
sqli,filter,4,55,8f3924b92543fc04,403,1
sqli,filter,4,56,dddcc9fbfa1cd38a,403,1
sqli,filter,4,57,88bccf0361bd4b84,403,1
sqli,filter,4,58,99ceb58d32f36bb4,403,1
sqli,filter,4,59,8fb2cd75c396c850,403,1
sqli,filter,4,60,525ed82fbf15a0db,403,1
sqli,filter,4,61,31f2ca25ac9cbf05,403,1
sqli,filter,4,62,c0f0db4a34ce4683,403,1
sqli,filter,4,63,f8a2169a3d500c28,403,1
sqli,filter,4,64,417ed8e105044eec,403,1
sqli,filter,4,65,d3c63d79b2cca79b,403,1
sqli,filter,4,66,545486a1c25c7ea4,403,1
sqli,filter,4,67,c5ef37909f474a6e,403,1
sqli,filter,4,68,5d1b78661131aaf9,403,1
sqli,filter,4,69,6e00164551f085b1,403,1
sqli,filter,4,70,0d20683ba355997a,403,1
sqli,filter,4,71,274fb5730903fe16,403,1
sqli,filter,4,72,2e38dab902177884,403,1
sqli,filter,4,73,44d40f57568b7f72,403,1
sqli,filter,4,74,a998f0f6987c011a,403,1
sqli,filter,4,75,6bc5449411e4139c,403,1
sqli,filter,4,76,efb1a68b78f991ec,403,1
sqli,filter,4,77,aad95b74cda75924,403,1
sqli,filter,4,78,db87e8c79b18a3ae,403,1
sqli,filter,4,79,7ddfef253b148de5,403,1
sqli,filter,4,80,b6f6ae1d2de8d2ba,403,1
sqli,filter,4,81,cbdb3c5ad6b681e8,403,1
sqli,filter,4,82,1a6211492cede98c,403,1
sqli,filter,4,83,27020eb8585d621d,403,1
sqli,filter,4,84,2fb68e6e27dd8832,403,1
sqli,filter,4,85,134c76115487e6e6,403,1
sqli,filter,4,86,e0fb5279451d6a39,403,1
sqli,filter,4,87,54939d7a798e8dff,403,1
sqli,filter,4,88,600d4d2f13443ae6,403,1
sqli,filter,4,89,71db138cfd2fa5bb,403,1
sqli,filter,4,90,1abc0cdcdc634f87,403,1
sqli,filter,4,91,395bad102fe8a516,403,1
sqli,filter,4,92,725807811530d669,403,1
sqli,filter,4,93,78f313c2a300acb1,403,1
sqli,filter,4,94,786d97da96fa8ac3,403,1
sqli,filter,4,95,9fa6c6fe924f9064,403,1
sqli,filter,4,96,bc5ae8a87b1616c1,403,1
sqli,filter,4,97,0c9b2eaa5a781f6d,403,1
sqli,filter,4,98,387ea50ec98470f6,403,1
sqli,filter,4,99,d79818d659fac9ae,403,1
sqli,filter,4,100,89b80a95b46ec2ac,403,1
sqli,filter,4,101,63ed2e75eab3a660,403,1
sqli,filter,4,102,331d6997dcc56b1f,403,1
sqli,filter,4,103,57619eba8380e6a7,403,1
sqli,filter,4,104,70d4980cfd6b998d,403,1
sqli,filter,4,105,fa7046ce7f8d3c79,403,1
sqli,filter,4,106,bb066d7d2bfb634a,403,1
sqli,filter,4,107,31d6f28ec31dac92,403,1
sqli,filter,4,108,cbf8b91e3d851186,403,1
sqli,filter,4,109,b34665a95327d050,403,1
sqli,filter,4,110,5e9325b601acb828,403,1
sqli,filter,4,111,c7805d5ec45e7fb4,403,1
sqli,filter,4,112,9e532a8351387608,403,1
sqli,filter,4,113,b27ff6aaceefeac7,403,1
sqli,filter,4,114,c3433a3140c907cf,403,1
sqli,filter,4,115,3f71c830395bd82e,403,1
sqli,filter,4,116,51b3309d54f94087,403,1
sqli,filter,4,117,297bc4cfbeb0ea95,403,1
sqli,filter,4,118,2a1c38fd6d2a0fa1,403,1
sqli,filter,4,119,cfc00162cd1aacbe,403,1
sqli,filter,4,120,c51d06ac489d4ea7,403,1
sqli,filter,4,121,615c9b042b1fa496,403,1
sqli,filter,4,122,8eea74c0f451066a,403,1
sqli,filter,4,123,c068370316b316ea,403,1
sqli,filter,4,124,1e2cd4a615191ba9,403,1
sqli,filter,4,125,d0e2b9252c5e3baa,403,1
sqli,filter,4,126,f0c3ff5ecc65441a,403,1
sqli,filter,4,127,b23b7fab68a21db9,403,1
sqli,filter,4,128,de801732a32ad555,403,1
sqli,filter,4,129,18732235cec3517c,403,1
sqli,filter,4,130,c8020f392837335b,403,1
sqli,filter,4,131,f74ca98e670709fa,403,1
sqli,filter,4,132,4007ab3eefb0e608,403,1
sqli,filter,4,133,a3b86a058068d790,403,1
sqli,filter,4,134,94aa76c093e088f7,403,1
sqli,filter,4,135,572d768932c18fec,403,1
sqli,filter,4,136,ec1b350fbc978a18,403,1
sqli,filter,4,137,3371bf0778b01549,403,1
sqli,filter,4,138,3b0b4cc40a3d01a4,403,1
sqli,filter,4,139,5a042e25be09f358,403,1
sqli,filter,4,140,5b2eaf0bef6c968d,403,1
sqli,filter,4,141,a956960a9b92e481,403,1
sqli,filter,4,142,b14fbf536a00c5be,403,1
sqli,filter,4,143,32af7857ec73cde3,403,1
sqli,filter,4,144,e1453b1a61b0c3ea,403,1
sqli,filter,4,145,4c447c105cbb2f55,403,1
sqli,filter,4,146,c442c17561a22f33,403,1
sqli,filter,4,147,4b4119498424645d,403,1
sqli,filter,4,148,53a6208a8f9c9c2f,403,1
sqli,filter,4,149,9e5877762695d9ee,403,1
sqli,filter,4,150,e303a930dd0fdf86,403,1
sqli,filter,4,151,b23b7fab68a21db9,403,1
sqli,filter,4,152,de801732a32ad555,403,1
sqli,filter,4,153,18732235cec3517c,403,1
sqli,filter,4,154,c8020f392837335b,403,1
sqli,filter,4,155,1f2e1b6236852f69,403,1
sqli,filter,4,156,750f3f53f1823781,403,1
sqli,filter,4,157,e65c11408ee0b88d,403,1
sqli,filter,4,158,fca64f47a72f9b0b,403,1
sqli,filter,4,159,6d98c51230e07a61,403,1
sqli,filter,4,160,68d67a635408bfdd,403,1
sqli,filter,4,161,ad0baac6f73bdaf7,403,1
sqli,filter,4,162,992f0e28389e750e,403,1
sqli,filter,4,163,d0a2f0786b32397e,403,1
sqli,filter,4,164,124dd03d38520998,403,1
sqli,filter,4,165,55d067cfa4304bdd,403,1
sqli,filter,4,166,c72504c4fdb2c361,403,1
sqli,filter,4,167,9674a459c70da804,403,1
sqli,filter,4,168,9c595c2686d1d3c2,403,1
sqli,filter,4,169,40825c12c84aa15e,403,1
sqli,filter,4,170,42a743ea7952cdca,403,1
sqli,filter,4,171,5c72575aeb7a60f5,403,1
sqli,filter,4,172,4b418e0415e79d0d,403,1
sqli,filter,4,173,17d5e8e3b4a53975,403,1
sqli,filter,4,174,838f58fe2f351b7a,403,1
sqli,filter,4,175,bfdde079cfb31ee8,403,1
sqli,filter,4,176,ed5ae690ff7aef98,403,1
sqli,filter,4,177,c604523c703b2aeb,403,1
sqli,filter,4,178,4e811cacd8c8a43f,403,1
sqli,filter,4,179,603b8170d681dc9b,403,1
sqli,filter,4,180,ba4629e7ab139d77,403,1
sqli,filter,4,181,4b80ec3731588fcd,403,1
sqli,filter,4,182,84a72d3b05b43b45,403,1
sqli,filter,4,183,ff92b390dda0dbdf,403,1
sqli,filter,4,184,664b87fdafb5bc2f,403,1
sqli,filter,4,185,3efb2e4849af11d6,403,1
sqli,filter,4,186,74d206d8af4c03bd,403,1
sqli,filter,4,187,e1ff3c2e3e5e4ebe,403,1
sqli,filter,4,188,543d5548eb9004df,403,1
sqli,filter,4,189,3b998dd1a58c9864,403,1
sqli,filter,4,190,7d9d07d5c7358395,403,1
sqli,filter,4,191,a0c5862cd032fc85,403,1
sqli,filter,4,192,aa7b0a90b8e9db4c,403,1
sqli,filter,4,193,10f0c643deacd137,403,1
sqli,filter,4,194,d5c509851e7e5a51,403,1
sqli,filter,4,195,999fdd1c38acd288,403,1
sqli,filter,4,196,8f2fb0b077c6db3c,403,1
sqli,filter,4,197,9b6adb2bacc2735c,403,1
sqli,filter,4,198,3ad37f33b32a0f45,403,1
sqli,filter,4,199,394cf10515d3944f,403,1
sqli,filter,4,200,cfa0b1a03f7e7a77,403,1
sqli,filter,4,201,e35f7a4ecac557eb,403,1
sqli,filter,4,202,af869acf937fda9f,403,1
sqli,filter,4,203,beda4e30f3b182ff,403,1
sqli,filter,4,204,fe73a77af72e5362,403,1
sqli,filter,4,205,45543bae69a1ee89,403,1
sqli,filter,4,206,7f68f7c2c5e97372,403,1
sqli,filter,4,207,4b69e0d0609b1400,403,1
sqli,filter,4,208,1cb0f244f12bd387,403,1
sqli,filter,4,209,287b9b408b122633,403,1
sqli,filter,4,210,cf96929521b5ba65,403,1
sqli,filter,4,211,96e05e7eac2d17ed,403,1
sqli,filter,4,212,52f5c599639110f3,403,1
sqli,filter,4,213,b0cf21ef6fd41972,403,1
sqli,filter,4,214,715469d78a2c84e7,403,1
sqli,filter,4,215,7e173874b13d0f81,403,1
sqli,filter,4,216,617cba039c6b32e6,403,1
sqli,filter,4,217,3c65f7b3aad9c5a4,403,1
sqli,filter,4,218,c05dd630eb32591b,403,1
sqli,filter,4,219,6d9b8d82132a3f2d,403,1
sqli,filter,4,220,9d11392dc33509d2,403,1
sqli,filter,4,221,d59a9f79cf31374b,403,1
sqli,filter,4,222,c552754a5445e050,403,1
sqli,filter,4,223,7e97435e32871477,403,1
sqli,filter,4,224,27bc675cba832097,403,1
sqli,filter,4,225,30da5c011d4a0470,403,1
sqli,filter,4,226,6970dfdd3ff6de09,403,1
sqli,filter,4,227,1df0285569fbcda6,403,1
sqli,filter,4,228,d84c95576f797920,403,1
sqli,filter,4,229,56a2d6bab0c9d024,403,1
sqli,filter,4,230,01a75e1bbb582d3a,403,1
sqli,filter,4,231,8515ef2925145d19,403,1
sqli,filter,4,232,16f4e0d60dd8b494,403,1
sqli,filter,4,233,ada9ecdea127b0fd,403,1
sqli,filter,4,234,f2f89826a372806a,403,1
sqli,filter,4,235,217a712bd1dd4871,403,1
sqli,filter,4,236,540f27786efb6722,403,1
sqli,filter,4,237,fa574c87e5769625,403,1
sqli,filter,4,238,14f306b4d2e700a6,403,1
sqli,filter,4,239,93a1e488d328f61c,403,1
sqli,filter,4,240,3bf350c0a7a1dc8d,403,1
sqli,filter,4,241,2a2c8a1811b17e43,403,1
sqli,filter,4,242,dae45d4956cf56bb,403,1
sqli,filter,4,243,1ac4e7af3e56ceac,403,1
sqli,filter,4,244,3106594369917206,403,1
sqli,filter,4,245,8fe9ceb9529b0c0f,403,1
sqli,filter,4,246,88fbed5e1a775c66,403,1
sqli,filter,4,247,4643590eb7ae6186,403,1
sqli,filter,4,248,8aad8affd8d2b3d1,403,1
sqli,filter,4,249,1efc75b795b7f851,403,1
sqli,filter,4,250,e496ddcfd47a06e2,403,1
sqli,filter,4,251,283a272cc8a530ca,403,1
sqli,filter,4,252,4c1271deb5ab51a0,403,1
sqli,filter,4,253,7afd86b8c8c40e93,403,1
sqli,filter,4,254,ae79cc72fc5d13b3,403,1
sqli,filter,4,255,0236c1cda2415df0,403,1
sqli,filter,4,256,57766184c36f142d,403,1
sqli,filter,4,257,220d145b206e76f9,403,1
sqli,filter,4,258,0bdb1ad22aeddcdc,403,1
sqli,filter,4,259,434aec677ddce84a,403,1
sqli,filter,4,260,271e004a0eb1df3a,403,1
sqli,filter,4,261,7369542302f2e938,403,1
sqli,filter,4,262,049823787604fb97,403,1
sqli,filter,4,263,d3f9253af01eb444,403,1
sqli,filter,4,264,3584217abd462650,403,1
sqli,filter,4,265,a6b526f7372fa47e,403,1
sqli,filter,4,266,1a889e4efc61b112,403,1
sqli,filter,4,267,4d535cb34917ddac,403,1
sqli,filter,4,268,ce34e6dce7c49d05,403,1
sqli,filter,4,269,ab404128d82387bb,403,1
sqli,filter,4,270,d2563008988de612,403,1
sqli,filter,4,271,5c1e2a6f8e760a40,403,1
sqli,filter,4,272,7bb6fd9329d33fda,403,1
sqli,filter,4,273,c9b25f8c0b3c9796,403,1
sqli,filter,4,274,564fdd099b40d52c,403,1
sqli,filter,4,275,6614ad2f50534973,403,1
sqli,filter,4,276,75f13521c74f841c,403,1
sqli,filter,4,277,fab5c72c76dc57fc,403,1
sqli,filter,4,278,1ea1a57c6fe37261,403,1
sqli,filter,4,279,fce007bb8cc780d0,403,1
sqli,filter,4,280,11759b04e808efe3,403,1
sqli,filter,4,281,5f868fd34549f5c6,403,1
sqli,filter,4,282,58cfcf1cb768c63d,403,1
sqli,filter,4,283,e78fa0f7540c63fa,403,1
sqli,filter,4,284,4b49dbb5a29d5f7e,403,1
sqli,filter,4,285,743e697d4eac71de,403,1
sqli,filter,4,286,061c9ba8224f8592,403,1
sqli,filter,4,287,59d591c272c12e0a,403,1
sqli,filter,4,288,28db6aeda6d6e201,403,1
sqli,filter,4,289,300c7be62fe76ca7,403,1
sqli,filter,4,290,3618948d7bac3274,403,1
sqli,filter,4,291,9ff4e1b594e172e1,403,1
sqli,filter,4,292,211ba0c16bf7c24c,403,1
sqli,filter,4,293,6a565f83b6ca8ac8,403,1
sqli,filter,4,294,f0c857cd78487277,403,1
sqli,filter,4,295,8025ef5a21c44a07,403,1
sqli,filter,4,296,9bb5d76117b6787b,403,1
sqli,filter,4,297,c67e70c59313d4a9,403,1
sqli,filter,4,298,7f8ea6bcb785bfd5,403,1
sqli,filter,4,299,402ae28d3c42b9bb,403,1
sqli,filter,4,300,f12034bc4b8a376b,403,1
sqli,filter,4,301,f482172d815a0a4a,403,1
sqli,filter,4,302,a7d9f469df46096b,403,1
sqli,filter,4,303,b117a5104170f178,403,1
sqli,filter,4,304,2da7782f4d7797f6,403,1
sqli,filter,4,305,f85a732fa43dfe8e,403,1
sqli,filter,4,306,abd3c7c70aae71ef,403,1
sqli,filter,4,307,6a23f8e9c4c0062c,403,1
sqli,filter,4,308,e724ce14b2f0eb8d,403,1
sqli,filter,4,309,f38e97d45663d8c0,403,1
sqli,filter,4,310,83f1ac9dd23d1e0a,403,1
sqli,filter,4,311,cf6653d4c42a9d93,403,1
sqli,filter,4,312,48d274c8f8c2a1eb,403,1
sqli,filter,4,313,5b333e913e504bf4,403,1
sqli,filter,4,314,407c85815d8314fa,403,1
sqli,filter,4,315,b30a2d623d3cdec2,403,1
sqli,filter,4,316,cbf60ce8916c4f32,403,1
sqli,filter,4,317,872aeafff64a2213,403,1
sqli,filter,4,318,b832e8fe6a2956c0,403,1
sqli,filter,4,319,86292c299d080b51,403,1
sqli,filter,4,320,a1348dda972ed4f7,403,1
sqli,filter,4,321,e3a759a1b29902d1,403,1
sqli,filter,4,322,3a32d7df223120de,403,1
sqli,filter,4,323,a59574837e99cbab,403,1
sqli,filter,4,324,1a1bc5813567b841,403,1
sqli,filter,4,325,637b9a18cad5fc14,403,1
sqli,filter,4,326,77cb7103d05eafe4,403,1
sqli,filter,4,327,8fdb1234850fdaa1,403,1
sqli,filter,4,328,abfdd87a83018035,403,1
sqli,filter,4,329,d83f06a9299453e4,403,1
sqli,filter,4,330,2379348744a25cff,403,1
sqli,filter,4,331,fd189aade4a7fb44,403,1
sqli,filter,4,332,0223532559d4977d,403,1
sqli,filter,4,333,8f7dd0800cb2a4ab,403,1
sqli,filter,4,334,045012e2571994aa,403,1
sqli,filter,4,335,4825993b9d17939f,403,1
sqli,filter,4,336,32cbe5fc1aa46cbf,403,1
sqli,filter,4,337,c4467ff6299c1730,403,1
sqli,filter,4,338,7a08262e514900a6,403,1
sqli,filter,4,339,aa8eeadffffff5c5,403,1
sqli,filter,4,340,aa626b9f9c6575cd,403,1
sqli,filter,4,341,579766e30d8c87e5,403,1
sqli,filter,4,342,0be2b1a17f1bc516,403,1
sqli,filter,4,343,d61e8e0cb5a5937d,403,1
sqli,filter,4,344,eae0b252f60bd93c,403,1
sqli,filter,4,345,6260a4e34d13c7c8,403,1
sqli,filter,4,346,7e0cddc315d70d4e,403,1
sqli,filter,4,347,f61f9d8dcaf68427,403,1
sqli,filter,4,348,526a0338f42abdca,403,1
sqli,filter,4,349,19c52f4aa419b060,403,1
sqli,filter,4,350,60ecd620dc8baafb,403,1
sqli,filter,4,351,40976e0cc185f4eb,403,1
sqli,filter,4,352,25d0af760a4bc09c,403,1
sqli,filter,4,353,e8c7c1914e7c444d,403,1
sqli,filter,4,354,a49a87c5970f7da9,403,1
sqli,filter,4,355,be05646f6bfc8cc9,403,1
sqli,filter,4,356,c84383a47a330ef4,403,1
sqli,filter,4,357,f2e17bd4c5141d48,403,1
sqli,filter,4,358,d46631e3f7546d3e,403,1
sqli,filter,4,359,6d0cf46d2c3803ab,403,1
sqli,filter,4,360,952edccfab40c75f,403,1
sqli,filter,4,361,33b3b225ee81314a,403,1
sqli,filter,4,362,3b67dd242ec07f69,403,1
sqli,filter,4,363,f59954c0251d9b1c,403,1
sqli,filter,4,364,1348c965c9c92b9b,403,1
sqli,filter,4,365,170862719a19c957,403,1
sqli,filter,4,366,b8f1c2849bedd99d,403,1
sqli,filter,4,367,bab95ac17f2e8deb,403,1
sqli,filter,4,368,51f3c673e1949acd,403,1
sqli,filter,4,369,dfe61fe8e5e0b48b,403,1
sqli,filter,4,370,461e126e823d5cee,403,1
sqli,filter,4,371,eec189c1e04e3422,403,1
sqli,filter,4,372,1b163b7ea7764724,403,1
sqli,filter,4,373,11fde29303dc172b,403,1
sqli,filter,4,374,601005a9ad4128b8,403,1
sqli,filter,4,375,2d9915f5344b44ec,403,1
sqli,filter,4,376,1c7c39c22de0bb53,403,1
sqli,filter,4,377,ff98179c0325901a,403,1
sqli,filter,4,378,3d0b073ee1cc766d,403,1
sqli,filter,4,379,0a791498dd090508,403,1
sqli,filter,4,380,812e932821383ad4,403,1
sqli,filter,4,381,0d16e62e9a72763a,403,1
sqli,filter,4,382,58938f5810663353,403,1
sqli,filter,4,383,74802e805a847988,403,1
sqli,filter,4,384,3202a940efe99adf,403,1
sqli,filter,4,385,885da416392dafa4,403,1
sqli,filter,4,386,fe6b4bc811e13ed2,403,1
sqli,filter,4,387,21018a9e597e4407,403,1
sqli,filter,4,388,7a7a1e0fde9131ce,403,1
sqli,filter,4,389,5b3d11564349f3d1,403,1
sqli,filter,4,390,ba5f255c6d989488,403,1
sqli,filter,4,391,a52ea69fc016291d,403,1
sqli,filter,4,392,1a52b640a187c4ac,403,1
sqli,filter,4,393,d88f43f3fce8fa80,403,1
sqli,filter,4,394,e54d84b408333039,403,1
sqli,filter,4,395,b910947420bfbfb2,403,1
sqli,filter,4,396,9d0fd73f7c1ae897,403,1
sqli,filter,4,397,bab2a09eff6bbb83,403,1
sqli,filter,4,398,8141d40ddff67798,403,1
sqli,filter,4,399,de8a02832f4b09b2,403,1
sqli,filter,4,400,c8d27ebf911b1df5,403,1
sqli,filter,4,401,c2a81d9d65617843,403,1
sqli,filter,4,402,9753bacaa4cd7d5c,403,1
sqli,filter,4,403,a2143948a3d43e35,403,1
sqli,filter,4,404,adb1645c92ab31fe,403,1
sqli,filter,4,405,efadf25c43a3a147,403,1
sqli,filter,4,406,f45136c965546291,403,1
sqli,filter,4,407,b826ddd36c727023,403,1
sqli,filter,4,408,62961a118aed0fb2,403,1
sqli,filter,4,409,35955bdc207e65fd,403,1
sqli,filter,4,410,bd26f0455f02d8c9,403,1
sqli,filter,4,411,170baea3a3394ce5,403,1
sqli,filter,4,412,c3fd9c6585db12e4,403,1
sqli,filter,4,413,270e48e6b21c6f48,403,1
sqli,filter,4,414,61c351d658dda54d,403,1
sqli,filter,4,415,8ab941b62000a584,403,1
sqli,filter,4,416,751c2c0bfe65cf7a,403,1
sqli,filter,4,417,83962e4391ce65b7,403,1
sqli,filter,4,418,6ee43d3bd9f78801,403,1
sqli,filter,4,419,6ce7a65c7f6ef0b4,403,1
sqli,filter,4,420,59985de412dc34be,403,1
sqli,filter,4,421,9b6280e4158149ee,403,1
sqli,filter,4,422,4fb141681d4d265a,403,1
sqli,filter,4,423,e499663b060c1595,403,1
sqli,filter,4,424,42093b39f3084392,403,1
sqli,filter,4,425,d41dfc46f629108d,403,1
sqli,filter,4,426,97cd4654c6aa2aa7,403,1
sqli,filter,4,427,64c9ccc9add5f491,403,1
sqli,filter,4,428,43989b81f67ab114,403,1
sqli,filter,4,429,8f3cb0b7efd0b25b,403,1
sqli,filter,4,430,58938f5810663353,403,1
sqli,filter,4,431,74802e805a847988,403,1
sqli,filter,4,432,3202a940efe99adf,403,1
sqli,filter,4,433,885da416392dafa4,403,1
sqli,filter,4,434,fe6b4bc811e13ed2,403,1
sqli,filter,4,435,21018a9e597e4407,403,1
sqli,filter,4,436,7a7a1e0fde9131ce,403,1
sqli,filter,4,437,5b3d11564349f3d1,403,1
sqli,filter,4,438,fff72374c560207a,403,1
sqli,filter,4,439,ce1bacb6e34019c7,403,1
sqli,filter,4,440,760d594d3d0aa06d,403,1
sqli,filter,4,441,17e2bc202dae0c00,403,1
sqli,filter,4,442,cd159328a9a2d4f9,403,1
sqli,filter,4,443,ba151b7d4359e80b,403,1
sqli,filter,4,444,c60c5c2db79fefc0,403,1
sqli,filter,4,445,615d6b1926fa5809,403,1
sqli,filter,4,446,b971ee4488d9e4a0,403,1
sqli,filter,4,447,00ccaea9085d9f88,403,1
sqli,filter,4,448,889fc9251de2b2c8,403,1
sqli,filter,4,449,72c7826c05f16b59,403,1
sqli,filter,4,450,30a88481d6425068,403,1
sqli,filter,4,451,3040af0e92306aa6,403,1
sqli,filter,4,452,58e6c4f4cb0f3702,403,1
sqli,filter,4,453,da39f870e21af038,403,1
sqli,filter,4,454,d248b6be836cdd89,403,1
sqli,filter,4,455,9c5b944453b335c3,403,1
sqli,filter,4,456,e2063f584bbcbd91,403,1
sqli,filter,4,457,8b0edac5605f9e41,403,1
sqli,filter,4,458,18685b38146a47e1,403,1
sqli,filter,4,459,28250f7df813814b,403,1
sqli,filter,4,460,9540cab716d1e730,403,1
sqli,filter,4,461,9eb52f90c7fc52eb,403,1
sqli,filter,4,462,7098a415714b5a94,403,1
sqli,filter,4,463,016858a473e05226,403,1
sqli,filter,4,464,667928f261c90cd7,403,1
sqli,filter,4,465,4f1c2f0d3df3eff1,403,1
sqli,filter,5,0,3db619c810af9a7e,403,1
sqli,filter,5,1,3d1d928906caf0be,403,1
sqli,filter,5,2,1854cc0db7f7f712,403,1
sqli,filter,5,3,db06698867db00c7,403,1
sqli,filter,5,4,19604766e0abf48c,403,1
sqli,filter,5,5,0461e96a5d55213e,403,1
sqli,filter,5,6,2ff195123148a176,403,1
sqli,filter,5,7,b06ee0a67b8eecf4,403,1
sqli,filter,5,8,40c5407243ece1c3,403,1
sqli,filter,5,9,91f7b1431f5b543b,403,1
sqli,filter,5,10,db689158c3b6285e,403,1
sqli,filter,5,11,3035686f22307c72,403,1
sqli,filter,5,12,a339cb08cedac233,403,1
sqli,filter,5,13,bb967d93101c3eba,403,1
sqli,filter,5,14,3e1273acfa2fe722,403,1
sqli,filter,5,15,e0e099bafe021d5d,403,1
sqli,filter,5,16,3ea501645c87e24c,403,1
sqli,filter,5,17,c71bd1203aff8fd2,403,1
sqli,filter,5,18,13787db7449ad47a,403,1
sqli,filter,5,19,2be4c1ed92aa2cdb,403,1
sqli,filter,5,20,fe993f120f454674,403,1
sqli,filter,5,21,ec50627f39e38506,403,1
sqli,filter,5,22,ec414472ee8654a1,403,1
sqli,filter,5,23,845d3409adea0701,403,1
sqli,filter,5,24,4b6c938739fb5e2c,403,1
sqli,filter,5,25,0e10abfadc7aacb7,403,1
sqli,filter,5,26,6c2632417b5d0cf0,403,1
sqli,filter,5,27,88790c8d6762bb88,403,1
sqli,filter,5,28,426f8f98ab2c1783,403,1
sqli,filter,5,29,27d8dadd15e3e5d9,403,1
sqli,filter,5,30,83050ea40b4de29b,403,1
sqli,filter,5,31,1df4deff596e7a3c,403,1
sqli,filter,5,32,7a35bbb0e9e09104,403,1
sqli,filter,5,33,9b5cbd0ad29037ad,403,1
sqli,filter,5,34,ee4221052e4f911d,403,1
sqli,filter,5,35,545b66cd97e5457c,403,1
sqli,filter,5,36,b1eefd580092fd2f,403,1
sqli,filter,5,37,8d9c965abd13be67,403,1
sqli,filter,5,38,ace82b642a5c9c7a,403,1
sqli,filter,5,39,d7b094a9ceead3a9,403,1
sqli,filter,5,40,c064077ffe81e15e,403,1
sqli,filter,5,41,39120abf3f44c3d1,403,1
sqli,filter,5,42,88964c081e197a93,403,1
sqli,filter,5,43,2e55038f7a52acda,403,1
sqli,filter,5,44,fd6a699e82e5c4e7,403,1
sqli,filter,5,45,d154dfecb0ba718b,403,1
sqli,filter,5,46,25f3b1f3788f1a77,403,1
sqli,filter,5,47,d438df623b17bb0b,403,1
sqli,filter,5,48,8e4a965cac30bdbb,403,1
sqli,filter,5,49,1fd1b8c7b29280c5,403,1
sqli,filter,5,50,6c4eeef79f65cf94,403,1
sqli,filter,5,51,ddab1a61769da8f2,403,1
sqli,filter,5,52,1bdb0fe75bd4f550,403,1
sqli,filter,5,53,d8ea59751dec5887,403,1
sqli,filter,5,54,2211ece1c43d923f,403,1
sqli,filter,5,55,dccbdfb9063cecc3,403,1
sqli,filter,5,56,ded17b605a5fbef1,403,1
sqli,filter,5,57,86d58faa79c54fcb,403,1
sqli,filter,5,58,06f1050f3cc080c1,403,1
sqli,filter,5,59,51e3ead651ac1c7d,403,1
sqli,filter,5,60,34f01f2d494f7ee9,403,1
sqli,filter,5,61,b3fdbac3299a6b64,403,1
sqli,filter,5,62,086b0813377f50e3,403,1
sqli,filter,5,63,8f0cc74b8cfa10e6,403,1
sqli,filter,5,64,afedc95986043c03,403,1
sqli,filter,5,65,3d8da5f0efdea667,403,1
sqli,filter,5,66,6cc88060d656c8a1,403,1
sqli,filter,5,67,1c42dc2bc97f2295,403,1
sqli,filter,5,68,40bed8397c0759c5,403,1
sqli,filter,5,69,719e768610d5683d,403,1
sqli,filter,5,70,db33dd1e282f2f16,403,1
sqli,filter,5,71,924534a549f81356,403,1
sqli,filter,5,72,67b3582830bdf871,403,1
sqli,filter,5,73,5a25c09fb6c09042,403,1
sqli,filter,5,74,9147cfa23afc8c08,403,1
sqli,filter,5,75,87f0ca3c2d9dec5a,403,1
sqli,filter,5,76,986f049e08c76732,403,1
sqli,filter,5,77,f3af23f62b3a3202,403,1
sqli,filter,5,78,1b50ea9da7d8e5fa,403,1
sqli,filter,5,79,c038ce7eac7a05bd,403,1
sqli,filter,5,80,e8c2eda61020d3e9,403,1
sqli,filter,5,81,c65d577f4689883b,403,1
sqli,filter,5,82,c61010692c72a275,403,1
sqli,filter,5,83,776f88aaf0e6e712,403,1
sqli,filter,5,84,d2edf217d45908ad,403,1
sqli,filter,5,85,82729579b2d6425d,403,1
sqli,filter,5,86,18833f0efd709594,403,1
sqli,filter,5,87,c5bdf58b275daf20,403,1
sqli,filter,5,88,685b1eba12e746aa,403,1
sqli,filter,5,89,d5aa1b139fe2d244,403,1
sqli,filter,5,90,b160aeb0e12bf502,403,1
sqli,filter,5,91,59a2983d5efd3743,403,1
sqli,filter,5,92,4ffe6a23cc532fc5,403,1
sqli,filter,5,93,7fd4ab39fb75e4e9,403,1
sqli,filter,5,94,2c2c5aaddef13f75,403,1
sqli,filter,5,95,7201c9b666621f53,403,1
sqli,filter,5,96,fa914dbf4fd796d2,403,1
sqli,filter,5,97,0e926196483daa11,403,1
sqli,filter,5,98,dadc881107c590b5,403,1
sqli,filter,5,99,a2b630adf0d0aa25,403,1
sqli,filter,5,100,776ede0a0d76d7c1,403,1
sqli,filter,5,101,b9fdd9ade17eb0fd,403,1
sqli,filter,5,102,254ecc4ec482dfae,403,1
sqli,filter,5,103,eae5169606721d28,403,1
sqli,filter,5,104,5ec93d5f2f706abe,403,1
sqli,filter,5,105,f25e656d4924bc8f,403,1
sqli,filter,5,106,e1f0c3851075bfd2,403,1
sqli,filter,5,107,cc9d8bdc1345c45a,403,1
sqli,filter,5,108,488dfa41f0701b6c,403,1
sqli,filter,5,109,c8200e70498daeb0,403,1
sqli,filter,5,110,1664ad289e3d6ead,403,1
sqli,filter,5,111,0d820272cdba5e62,403,1
sqli,filter,5,112,d4e7dbfd18038c73,403,1
sqli,filter,5,113,93802aa34c89ab93,403,1
sqli,filter,5,114,4b3e172cc151cc19,403,1
sqli,filter,5,115,436be71c7933945e,403,1
sqli,filter,5,116,02726e8dd624c0ab,403,1
sqli,filter,5,117,9c278e10971660f0,403,1
sqli,filter,5,118,64892cc95d4e0182,403,1
sqli,filter,5,119,73c77feea5a73aab,403,1
sqli,filter,5,120,708923341fcda8e7,403,1
sqli,filter,5,121,6219db009987b0cd,403,1
sqli,filter,5,122,604357448ec2b3c8,403,1
sqli,filter,5,123,9f7bb1f9b4cd2492,403,1
sqli,filter,5,124,03df915da6cf282a,403,1
sqli,filter,5,125,969b4597a9473ad0,403,1
sqli,filter,5,126,b8b53ff744545c46,403,1
sqli,filter,5,127,aacc93755fa04e61,403,1
sqli,filter,5,128,406dd77fd99f1d35,403,1
sqli,filter,5,129,fde0cfe5d934cea3,403,1
sqli,filter,5,130,9cfc6348cf0b75ef,403,1
sqli,filter,5,131,92eab8b663c79772,403,1
sqli,filter,5,132,cdeac1dfc81fa99a,403,1
sqli,filter,5,133,1dff898c89032324,403,1
sqli,filter,5,134,83b5812be574b0bd,403,1
sqli,filter,5,135,cabaaa3baa1bf48f,403,1
sqli,filter,5,136,0d9cad9062a39437,403,1
sqli,filter,5,137,860d21de54c9927b,403,1
sqli,filter,5,138,c47b51ff20e250d1,403,1
sqli,filter,5,139,98339cf936a61ab8,403,1
sqli,filter,5,140,4f1a24c31036aac8,403,1
sqli,filter,5,141,62e6d313e4fc6500,403,1
sqli,filter,5,142,b420651cde5ced96,403,1
sqli,filter,5,143,66d4b2501949961a,403,1
sqli,filter,5,144,ec24a5a2063beb27,403,1
sqli,filter,5,145,bc1c94b29ea5446a,403,1
sqli,filter,5,146,ec4e98ff8ffa5a70,403,1
sqli,filter,5,147,78dea4b7c2a6a923,403,1
sqli,filter,5,148,a78acbb761ae242f,403,1
sqli,filter,5,149,ec17c57cd9384191,403,1
sqli,filter,5,150,7de96bafc69802f4,403,1
sqli,filter,5,151,8bab98a3a90775e3,403,1
sqli,filter,5,152,5792ef8eddfe3046,403,1
sqli,filter,5,153,e63d4bdba019499b,403,1
sqli,filter,5,154,c22a9d3ae831b999,403,1
sqli,filter,5,155,7821cc71fb7a48a2,403,1
sqli,filter,5,156,8d903d7bd87a472b,403,1
sqli,filter,5,157,5ddc790042491035,403,1
sqli,filter,5,158,deda5d3674bc5e26,403,1
sqli,filter,5,159,c5850c88c33bc502,403,1
sqli,filter,5,160,4822e272a6878261,403,1
sqli,filter,5,161,a600cbd6efc574d7,403,1
sqli,filter,5,162,20d8ce1ffde0197f,403,1
sqli,filter,5,163,fdd2822df32f7493,403,1
sqli,filter,5,164,956030a38a760d39,403,1
sqli,filter,5,165,94da6c81d5acd277,403,1
sqli,filter,5,166,ef8f2d83e966f853,403,1
sqli,filter,5,167,5dffc40d4e18e328,403,1
sqli,filter,5,168,8dbae68e1f1b4f15,403,1
sqli,filter,5,169,5c67c1b3507e873d,403,1
sqli,filter,5,170,ac84c462ab7da159,403,1
sqli,filter,5,171,779463485c29b60e,403,1
sqli,filter,5,172,671a7c0868309a7a,403,1
sqli,filter,5,173,434ae390bb6e01ce,403,1
sqli,filter,5,174,832a79413184cfca,403,1
sqli,filter,5,175,04b00bb101f6ea83,403,1
sqli,filter,5,176,3eaeba284d69533f,403,1
sqli,filter,5,177,e1396af4abb9275b,403,1
sqli,filter,5,178,2706b7a9893729b9,403,1
sqli,filter,5,179,ebd9b6f15f12c92b,403,1
sqli,filter,5,180,0bdae1f08eed0e4f,403,1
sqli,filter,5,181,2706ba387eabf95c,403,1
sqli,filter,5,182,d49b860b7ed2d8a9,403,1
sqli,filter,5,183,ccf7b0e8ca762ba0,403,1
sqli,filter,5,184,97a2e0fc4179abfd,403,1
sqli,filter,5,185,3499d05afd18aa81,403,1
sqli,filter,5,186,ed79fe707c358880,403,1
sqli,filter,5,187,6788a79951d33eb0,403,1
sqli,filter,5,188,83d39a498670660c,403,1
sqli,filter,5,189,65fe66d029d7389b,403,1
sqli,filter,5,190,81fac6142d661445,403,1
sqli,filter,5,191,0572449adefec728,403,1
sqli,filter,5,192,04512a35afb8322c,403,1
sqli,filter,5,193,aedededa95be8e6d,403,1
sqli,filter,5,194,74e17ad4b1f91037,403,1
sqli,filter,5,195,42638f41c3110764,403,1
sqli,filter,5,196,1ba9cf3951b0b1d2,403,1
sqli,filter,5,197,a699eebdb46fa1cf,403,1
sqli,filter,5,198,23566fca0dd9a452,403,1
sqli,filter,5,199,adcdb11d41d953ff,403,1
sqli,filter,5,200,b501573f6a97f2d4,403,1
sqli,filter,5,201,2a8cfabfc47bc6cd,403,1
sqli,filter,5,202,d82b5286f2cff58d,403,1
sqli,filter,5,203,6b477f5483614889,403,1
sqli,filter,5,204,36812d202b5c4669,403,1
sqli,filter,5,205,2c70b827e9c96c22,403,1
sqli,filter,5,206,5cc5a92489578cf1,403,1
sqli,filter,5,207,2235bcc226a9f573,403,1
sqli,filter,5,208,e7bde67c81ac504a,403,1
sqli,filter,5,209,a350001a41c01e3d,403,1
sqli,filter,5,210,51b02ac82c610098,403,1
sqli,filter,5,211,890abdaa11460f6c,403,1
sqli,filter,5,212,f417f8406792265b,403,1
sqli,filter,5,213,bb9c286d6f0f8043,403,1
sqli,filter,5,214,af0a60a644d7f8e5,403,1
sqli,filter,5,215,19965ee8e6491e72,403,1
sqli,filter,5,216,72c87299e087ee81,403,1
sqli,filter,5,217,c9a4cc1bb0f71bfc,403,1
sqli,filter,5,218,3c3950b5885604b3,403,1
sqli,filter,5,219,2d679e86394b4b5c,403,1
sqli,filter,5,220,974a8f902f7a7342,403,1
sqli,filter,5,221,521eeb54dfa3047e,403,1
sqli,filter,5,222,cf602c02bc53a493,403,1
sqli,filter,5,223,73a810b6f1d2f6d6,403,1
sqli,filter,5,224,861b941c8540a71f,403,1
sqli,filter,5,225,f5a9709baca4d14d,403,1
sqli,filter,5,226,3b99953ad3271899,403,1
sqli,filter,5,227,1d9fd347e6b4de03,403,1
sqli,filter,5,228,3fe6c53e6b408dd2,403,1
sqli,filter,5,229,677c29bcda555809,403,1
sqli,filter,5,230,ae5f08ce00550e07,403,1
sqli,filter,5,231,0c24c445ee22d29a,403,1
sqli,filter,5,232,751e44ef1f23ed2d,403,1
sqli,filter,5,233,16af9dbaf06a453a,403,1
sqli,filter,5,234,a5e4a3e160267220,403,1
sqli,filter,5,235,7e61a6b3f51d8240,403,1
sqli,filter,5,236,7a3c4f8f61761a42,403,1
sqli,filter,5,237,98df2b140bbcf2fa,403,1
sqli,filter,5,238,ebc256e204bbbd0c,403,1
sqli,filter,5,239,8014b84516e1cebe,403,1
sqli,filter,5,240,2890dc741df47f7c,403,1
sqli,filter,5,241,6f20544b7e018485,403,1
sqli,filter,5,242,79416ee3689bd099,403,1
sqli,filter,5,243,eaf9cc520faa7e8f,403,1
sqli,filter,5,244,78466b7abf3867bc,403,1
sqli,filter,5,245,bc20b8ca377ebe8a,403,1
sqli,filter,5,246,afab73c586f6d72f,403,1
sqli,filter,5,247,0474cb415298ae0a,403,1
sqli,filter,5,248,14a0628592edd82c,403,1
sqli,filter,5,249,4a9501d2b194ff1e,403,1
sqli,filter,5,250,2844ca82ef7625e0,403,1
sqli,filter,5,251,d7de60e1b9462d11,403,1
sqli,filter,5,252,62a9b2cb9cd6ce48,403,1
sqli,filter,5,253,fb46b8b1507dd739,403,1
sqli,filter,5,254,de3180a108555a97,403,1
sqli,filter,5,255,c51f732dd02ea582,403,1
sqli,filter,5,256,604dd08ee538c18c,403,1
sqli,filter,5,257,8b2f0b3edfde47b1,403,1
sqli,filter,5,258,86c643d3b7f7d209,403,1
sqli,filter,5,259,5c706506caf7eb19,403,1
sqli,filter,5,260,7829b93dad5a7c0d,403,1
sqli,filter,5,261,ac1f11430b43ba2d,403,1
sqli,filter,5,262,db94fdf735032b7f,403,1
sqli,filter,5,263,d48e86d1242a7a57,403,1
sqli,filter,5,264,7169a95f72abafda,403,1
sqli,filter,5,265,b9e2e42fa347fd78,403,1
sqli,filter,5,266,6232bf45e6813be6,403,1
sqli,filter,5,267,c263f56424d93c8d,403,1
sqli,filter,5,268,0aa267f35e2a8f72,403,1
sqli,filter,5,269,9f0cfbb09036a568,403,1
sqli,filter,5,270,c4d508278c16f58f,403,1
sqli,filter,5,271,53ffc64cb86b4b01,403,1
sqli,filter,5,272,2655416115699ff4,403,1
sqli,filter,5,273,08d57df34d9be021,403,1
sqli,filter,5,274,1f40e7fd86bbb49f,403,1
sqli,filter,5,275,d6853db239226868,403,1
sqli,filter,5,276,58a0390b4d8784ef,403,1
sqli,filter,5,277,af936e53616bb647,403,1
sqli,filter,5,278,79dc8848204a5507,403,1
sqli,filter,5,279,7f7b6891b228f640,403,1
sqli,filter,5,280,52f612c0d03c10f2,403,1
sqli,filter,5,281,cf5108f760492987,403,1
sqli,filter,5,282,5672e8f7e43eba5f,403,1
sqli,filter,5,283,d4eb0a59b18e0b9d,403,1
sqli,filter,5,284,32e12296abb4e8b1,403,1
sqli,filter,5,285,05de251e65917c06,403,1
sqli,filter,5,286,d444f914fa2e5406,403,1
sqli,filter,5,287,a1df398e7d185e51,403,1
sqli,filter,5,288,f3ea2e34e2e056d6,403,1
sqli,filter,5,289,e6d40be535459b7a,403,1
sqli,filter,5,290,c539b20257841645,403,1
sqli,filter,5,291,4ee972b1bdaa8eeb,403,1
sqli,filter,5,292,1d4f57ab271cd47a,403,1
sqli,filter,5,293,4595cee4759b889e,403,1
sqli,filter,5,294,7e7cb9b7f187a5fb,403,1
sqli,filter,5,295,e1cd7d37d9fb76af,403,1
sqli,filter,5,296,a2d342b0fd219dab,403,1
sqli,filter,5,297,94913a98e6469a7f,403,1
sqli,filter,5,298,7f1f39bda583ed48,403,1
sqli,filter,5,299,2d1b019bfaa641e7,403,1
sqli,filter,5,300,6b923f694497e57f,403,1
sqli,filter,5,301,9079bb551a2f75c6,403,1
sqli,filter,5,302,51689160fe0c928d,403,1
sqli,filter,5,303,0cd31064214b724a,403,1
sqli,filter,5,304,de9777d3ae0bbd77,403,1
sqli,filter,5,305,a66210d6d3d708a5,403,1
sqli,filter,5,306,37b90b6aaa4042ba,403,1
sqli,filter,5,307,ca61b0fbec016f09,403,1
sqli,filter,5,308,3de486041d5ea57d,403,1
sqli,filter,5,309,78727c7df189a18e,403,1
sqli,filter,5,310,88f500a405e11942,403,1
sqli,filter,5,311,02ad51c7adf97e34,403,1
sqli,filter,5,312,0abe83d12cf188a9,403,1
sqli,filter,5,313,caf643f3fe520f6f,403,1
sqli,filter,5,314,c8f0c48b11bd288d,403,1
sqli,filter,5,315,4723180f846b37a1,403,1
sqli,filter,5,316,d0f0cdff108f8cab,403,1
sqli,filter,5,317,d729f8d1bd32e917,403,1
sqli,filter,5,318,0d40482575776005,403,1
sqli,filter,5,319,970a316bb1ea8e03,403,1
sqli,filter,5,320,252c58d15dda473c,403,1
sqli,filter,5,321,11a86767d084cbc2,403,1
sqli,filter,5,322,25b9ad94ad959ca4,403,1
sqli,filter,5,323,c1d60f327f9a81ce,403,1
sqli,filter,5,324,8ff5a485dd4f2a30,403,1
sqli,filter,5,325,57fb3553eeef2323,403,1
sqli,filter,5,326,bf76fc4bbc7f7556,403,1
sqli,filter,5,327,63f98f44d87dfb30,403,1
sqli,filter,5,328,230ffa172e5dba1b,403,1
sqli,filter,5,329,0fda93bb53668bb1,403,1
sqli,filter,5,330,00ff2a578e83c3ed,403,1
sqli,filter,5,331,3a566ba418270738,403,1
sqli,filter,5,332,5ba6474addc483b3,403,1
sqli,filter,5,333,6920f8c5c3b8dc27,403,1
sqli,filter,5,334,0b4d690027a9c589,403,1
sqli,filter,5,335,25909df6612a2ca4,403,1
sqli,filter,5,336,aeda3f1013db2752,403,1
sqli,filter,5,337,bac1ee7368ef6622,403,1
sqli,filter,5,338,e2057c75d268f95e,403,1
sqli,filter,5,339,524a0d78170f6d61,403,1
sqli,filter,5,340,bd91ace860931338,403,1
sqli,filter,5,341,189bbe7d01e34412,403,1
sqli,filter,5,342,318040ce0c0daf5c,403,1
sqli,filter,5,343,a2d342b0fd219dab,403,1
sqli,filter,5,344,fdb7f05724b5d85d,403,1
sqli,filter,5,345,d1f916fe5e0019e1,403,1
sqli,filter,5,346,46ed1a6368b2a205,403,1
sqli,filter,5,347,2aca797710033321,403,1
sqli,filter,5,348,3e234fa6a08bb7e9,403,1
sqli,filter,5,349,12f2cf089e114e5b,403,1
sqli,filter,5,350,ec3c3080b1362789,403,1
sqli,filter,5,351,852183b871a9d4b3,403,1
sqli,filter,5,352,cb8698e628f54254,403,1
sqli,filter,5,353,66e50d185111105f,403,1
sqli,filter,5,354,23b948040ca0abf9,403,1
sqli,filter,5,355,dc0eda0d2293db3c,403,1
sqli,filter,5,356,e9748f202e67673f,403,1
sqli,filter,5,357,e0b26e8eae6b8b9e,403,1
sqli,filter,5,358,87b28a43fc9e4598,403,1
sqli,filter,5,359,2bfc2bed0090a848,403,1
sqli,filter,5,360,816a50fc5a4c33f3,403,1
sqli,filter,5,361,3dedcd361d4f30aa,403,1
sqli,filter,5,362,9f2461375a30fbf8,403,1
sqli,filter,5,363,75fb27c10a5c62bd,403,1
sqli,filter,5,364,3470ae3e8d62d4d4,403,1
sqli,filter,5,365,3268b0ae3748dba5,403,1
sqli,filter,5,366,2b9c06aafe0b3111,403,1
sqli,filter,5,367,cb20d081e7130dbb,403,1
sqli,filter,5,368,fbc9349b571db247,403,1
sqli,filter,5,369,a69a6527a5ed738c,403,1
sqli,filter,5,370,911b9953b9e221a7,403,1
sqli,filter,5,371,76a70c36e0f710c3,403,1
sqli,filter,5,372,f2ebaf57f9fead22,403,1
sqli,filter,5,373,3a56aaab920503c0,403,1
sqli,filter,5,374,c218567566d856fb,403,1
sqli,filter,5,375,7e077805709b771b,403,1
sqli,filter,5,376,eac518fe4a69e18f,403,1
sqli,filter,5,377,1f23a4c0c975c60e,403,1
sqli,filter,5,378,3edec5359247ee6a,403,1
sqli,filter,5,379,65138a3877fe26da,403,1
sqli,filter,5,380,83c089391b29b63f,403,1
sqli,filter,5,381,44360d611ef4aaf7,403,1
sqli,filter,5,382,93d1e9e903e9a555,403,1
sqli,filter,5,383,066500c32eaa5835,403,1
sqli,filter,5,384,3e941f7c7494b227,403,1
sqli,filter,5,385,9e4451f7e493f9de,403,1
sqli,filter,5,386,d3da949e25e5543c,403,1
sqli,filter,5,387,546ac57648ac5a93,403,1
sqli,filter,5,388,cbcadfd914313f1c,403,1
sqli,filter,5,389,2c862028963becc9,403,1
sqli,filter,5,390,11f0eb5da898733c,403,1
sqli,filter,5,391,89279e6b951fccbc,403,1
sqli,filter,5,392,dc37d861a805a853,403,1
sqli,filter,5,393,d816f1752189434b,403,1
sqli,filter,5,394,cc83f907e975ccd9,403,1
sqli,filter,5,395,06b7f1982146dde0,403,1
sqli,filter,5,396,9af77d327ca42672,403,1
sqli,filter,5,397,67458e598c93d3a2,403,1
sqli,filter,5,398,d84b3c823e66d013,403,1
sqli,filter,5,399,c2ee116e035f7d0a,403,1
sqli,filter,5,400,bbcf1abfabddcca0,403,1
sqli,filter,5,401,c9932be09491c6aa,403,1
sqli,filter,5,402,8c01c081fbeb398f,403,1
sqli,filter,5,403,ad4685f4256cdce4,403,1
sqli,filter,5,404,2240bb05a94867db,403,1
sqli,filter,5,405,456d9d93b9e02720,403,1
sqli,filter,5,406,861b232fcd7b76af,403,1
sqli,filter,5,407,b01e0ccae1fa6f2a,403,1
sqli,filter,5,408,33f2e85b3f442a66,403,1
sqli,filter,5,409,3251af542106c30a,403,1
sqli,filter,5,410,55700382d2e17976,403,1
sqli,filter,5,411,4f445175301ac0f8,403,1
sqli,filter,5,412,14a53cc9f6ff6b74,403,1
sqli,filter,5,413,4dc6b3d892f399ab,403,1
sqli,filter,5,414,b855316c9b385eac,403,1
sqli,filter,5,415,cf878030026a7f17,403,1
sqli,filter,5,416,e5a8fbd173aea88a,403,1
sqli,filter,5,417,ca331699a8dc9532,403,1
sqli,filter,5,418,62006f312acb3528,403,1
sqli,filter,5,419,345de6a2349e9420,403,1
sqli,filter,5,420,ac4ee760ab6ba4d0,403,1
sqli,filter,5,421,f835ddfe62996933,403,1
sqli,filter,5,422,ec0bc9f7be58226c,403,1
sqli,filter,5,423,4ec1f923d8b2265c,403,1
sqli,filter,5,424,5fdf2f57f7477523,403,1
sqli,filter,5,425,d5b4e05237234c9e,403,1
sqli,filter,5,426,9ac5ddef4cbbe64b,403,1
sqli,filter,5,427,9c48a498aec026f2,403,1
sqli,filter,5,428,e7c3279a1e021208,403,1
sqli,filter,5,429,1179f2ab3b06c314,403,1
sqli,filter,5,430,6e1e5e07dd5b3e8b,403,1
sqli,filter,5,431,ec5112a97ff3e9a9,403,1
sqli,filter,5,432,6d8427987b96887d,403,1
sqli,filter,5,433,bdfb3f0e468e7be4,403,1
sqli,filter,5,434,49c039ef98c0d28a,403,1
sqli,filter,5,435,3129a9ddda666c49,403,1
sqli,filter,5,436,6887e8ddc0558719,403,1
sqli,filter,5,437,70a4b1d451de062c,403,1
sqli,filter,5,438,64e8c9b38bc59d91,403,1
sqli,filter,5,439,a7b82001383bee15,403,1
sqli,filter,5,440,e7cee4f2a0fa4126,403,1
sqli,filter,5,441,ab12dbb9359a447e,403,1
sqli,filter,5,442,b7d35f5b7bc1f8f8,403,1
sqli,filter,5,443,de733cbd9c102a81,403,1
sqli,filter,5,444,b64fe18e46943504,403,1
sqli,filter,5,445,c5e8b531737f5840,403,1
sqli,filter,5,446,7026f3311b1fe924,403,1
sqli,filter,5,447,956ba9ffb5ad646a,403,1
sqli,filter,5,448,826037df7b45916a,403,1
sqli,filter,5,449,9e28e15308a6952b,403,1
sqli,filter,5,450,c122f5a7bf5c8932,403,1
sqli,filter,5,451,9b0d351de277985e,403,1
sqli,filter,5,452,c99e6e041a1e9484,403,1
sqli,filter,5,453,bd8217d698e08566,403,1
sqli,filter,5,454,3670f1868057d043,403,1
sqli,filter,5,455,8b4befc9c36ce5be,403,1
sqli,filter,5,456,598c605c71bd71fe,403,1
sqli,filter,5,457,b5c8fce9e30abf56,403,1
sqli,filter,5,458,5c5d878942abc5f1,403,1
sqli,filter,5,459,bf7aa2242d82d748,403,1
sqli,filter,5,460,0a2e1824db3345f2,403,1
sqli,filter,5,461,5f8db7a060319e95,403,1
sqli,filter,5,462,7ba24f66253fa5de,403,1
sqli,filter,5,463,11d4d1a470944cae,403,1
sqli,filter,5,464,f18abd26baaa66da,403,1
sqli,filter,5,465,0f98698cb1cd38d8,403,1
sqli,filter,5,466,5581d83f862ed112,403,1
sqli,filter,5,467,71d636d1388bf139,403,1
sqli,filter,5,468,1f58c414de9ec5dc,403,1
sqli,filter,5,469,be7d5772041cf427,403,1
sqli,filter,5,470,2293ce5a6cc57515,403,1
sqli,filter,5,471,d38553297c667a81,403,1
sqli,filter,5,472,a51dfbe2e70685ac,403,1
sqli,login,1,0,c066fbf283e13c63,200,0
sqli,login,1,1,9a011e233ef58d77,403,1
sqli,login,1,2,f4ad169beef17e97,200,0
sqli,login,1,3,06562f456f9a5de3,403,1
sqli,login,1,4,8d0b51d4adb114e8,403,1
sqli,login,1,5,0a60902ac53f3014,403,1
sqli,login,1,6,6a5db726fc3a2bb9,403,1
sqli,login,1,7,27eceaebc34d1685,403,1
sqli,login,1,8,ac98a2bda0d83070,403,1
sqli,login,1,9,d10e36f1c2313052,403,1
sqli,login,1,10,d602daf2ffb5830f,403,1
sqli,login,1,11,f81118d5c62e35a2,403,1
sqli,login,1,12,cf887296042923c8,403,1
sqli,login,1,13,43c89bd0007b85e1,200,0
sqli,login,1,14,065f1d8274085c00,403,1
sqli,login,1,15,981a43a1e99b62ee,403,1
sqli,login,1,16,c2f20ec3a78c756e,403,1
sqli,login,1,17,cfccae9f5029aa1f,403,1
sqli,login,1,18,10c489281f862edd,403,1
sqli,login,1,19,7f54317739de5e13,200,0
sqli,login,1,20,f08a82e4a42462c8,200,0
sqli,login,1,21,950203ed5a5d3430,403,1
sqli,login,1,22,59c8dcda5c305903,403,1
sqli,login,1,23,bfb3b8da01a799f7,403,1
sqli,login,1,24,842b03fee85b2646,403,1
sqli,login,1,25,3abfe532e59818c2,403,1
sqli,login,1,26,bf66565df18e04ed,403,1
sqli,login,1,27,01cf061f20f1c95e,403,1
sqli,login,1,28,5447ff73e0412f0c,403,1
sqli,login,1,29,4a7697ac4219e3ea,403,1
sqli,login,1,30,4901e21e7b34bcf5,403,1
sqli,login,1,31,6f311ad8b8ab2b76,403,1
sqli,login,1,32,51bc710cbebf1a30,403,1
sqli,login,1,33,c6f6cf6fd08397ed,403,1
sqli,login,1,34,9a12a2f9191956ec,403,1
sqli,login,1,35,024f86aa77fb1352,403,1
sqli,login,1,36,b6bcb463eef47d97,403,1
sqli,login,1,37,72343062e5ed72ee,403,1
sqli,login,1,38,28c23d9a8ca9389a,403,1
sqli,login,1,39,76e92dda0d080ff1,403,1
sqli,login,1,40,a3ccedf87d256263,403,1
sqli,login,1,41,474f9903847d885d,403,1
sqli,login,1,42,562901926c245f6b,403,1
sqli,login,1,43,6182cc9575ca4916,403,1
sqli,login,1,44,05475b2081b2f79e,403,1
sqli,login,1,45,11ccd5b5f587a1fa,403,1
sqli,login,1,46,9533c47b37922f06,403,1
sqli,login,1,47,f1740fcf64c3aeaa,403,1
sqli,login,1,48,d1478f68995f03e1,403,1
sqli,login,1,49,cee63c99a9f1c449,403,1
sqli,login,1,50,e5e33662ed158bea,403,1
sqli,login,1,51,e0700b6677718f29,403,1
sqli,login,1,52,fc192521f1954391,403,1
sqli,login,1,53,f3671e496b644cd9,403,1
sqli,login,1,54,950203ed5a5d3430,403,1
sqli,login,1,55,7540af2d94d876bf,403,1
sqli,login,1,56,169e773de6484701,403,1
sqli,login,1,57,6d9620be2c40405c,403,1
sqli,login,1,58,b99c44e4c51ad7da,403,1
sqli,login,1,59,54f9838f5cf882d6,403,1
sqli,login,1,60,1003bafc840a56e1,200,0
sqli,login,1,61,41a71e80f16ce750,403,1
sqli,login,1,62,0ef9059d513d28d0,403,1
sqli,login,1,63,4e58c2d9b990ce80,403,1
sqli,login,1,64,e67ebb475fbb1950,403,1
sqli,login,1,65,a436b7b5b4b15f53,200,0
sqli,login,1,66,4ca9bc16553f1c9d,403,1
sqli,login,1,67,fa604c71e00176f4,403,1
sqli,login,1,68,9bb3b2613a182104,403,1
sqli,login,1,69,d6fe2d0db2d152b3,403,1
sqli,login,1,70,3c420d2c5018ced9,403,1
sqli,login,1,71,ca96187c88a75bf4,403,1
sqli,login,1,72,ea63883dfac8f5a1,403,1
sqli,login,1,73,34256df7169c3f78,403,1
sqli,login,1,74,0a6c7fa08109c6cf,403,1
sqli,login,1,75,b4c7199a5fa820b9,403,1
sqli,login,1,76,f25be0e3e0ceafa6,403,1
sqli,login,1,77,bde43dba3c2e32ea,403,1
sqli,login,1,78,44f31247793b6da2,403,1
sqli,login,1,79,b1e47a583d74c916,403,1
sqli,login,1,80,4264d21bbcf08cf1,403,1
sqli,login,1,81,26f31daeeb1a5776,403,1
sqli,login,1,82,4e1257e392ae4391,403,1
sqli,login,1,83,a64e7c8b8b39d965,403,1
sqli,login,1,84,17c731d780148cbf,403,1
sqli,login,1,85,0bf8fa0f820d2dc7,403,1
sqli,login,1,86,e29f1cfa20d65796,403,1
sqli,login,1,87,6a0f2e650750a005,403,1
sqli,login,1,88,6e80da8a0723479f,403,1
sqli,login,1,89,55c4dbe622b790bf,403,1
sqli,login,1,90,be3f8cceaf601ff4,403,1
sqli,login,1,91,e50bdd89b4835aee,403,1
sqli,login,1,92,1a092870f0b93107,403,1
sqli,login,1,93,47f6933053ba37ef,403,1
sqli,login,1,94,4f6b3dd79505fb23,403,1
sqli,login,1,95,b0b091cb9525e120,403,1
sqli,login,1,96,aefc34c472c5cc0c,403,1
sqli,login,1,97,4888bf444366acec,403,1
sqli,login,1,98,73abeb7e84c4b2cf,403,1
sqli,login,1,99,65aa5518f5234a40,403,1
sqli,login,1,100,18033420822957ac,403,1
sqli,login,1,101,82a8966049676ab4,403,1
sqli,login,1,102,a60173910578a48d,403,1
sqli,login,1,103,8cc8359016ad92f5,403,1
sqli,login,1,104,c26fa2599ea0b4c2,403,1
sqli,login,1,105,4d1d97cd75697d1f,403,1
sqli,login,1,106,665718c924588623,403,1
sqli,login,1,107,be05011ce3e33c67,403,1
sqli,login,1,108,ccacf21e79ac3ba4,403,1
sqli,login,1,109,0134026fd78788de,403,1
sqli,login,1,110,7a32aeb6419532f9,403,1
sqli,login,1,111,71d4ac5c14454858,403,1
sqli,login,1,112,28f88648586075df,403,1
sqli,login,1,113,7917837b8b248741,403,1
sqli,login,1,114,9f3e05d6ecf1b262,403,1
sqli,login,1,115,66382cdfeae4888d,403,1
sqli,login,1,116,a88473b70f903664,403,1
sqli,login,1,117,8e999193a268ff22,403,1
sqli,login,1,118,170deef3a97059f1,403,1
sqli,login,1,119,3631bdcf80848ccb,403,1
sqli,login,1,120,a9e544281cea400c,403,1
sqli,login,1,121,39b318033c13a2c4,403,1
sqli,login,1,122,4a0acbe8b2cde14d,403,1
sqli,login,1,123,988367ab13ca1302,403,1
sqli,login,1,124,01c40d8c0dd6f4bd,403,1
sqli,login,1,125,15db7b2bfb0c92b5,403,1
sqli,login,1,126,082655e2926f2ffd,403,1
sqli,login,1,127,b4b250d7bb78e474,403,1
sqli,login,1,128,f9dda9ca6e0ce38f,403,1
sqli,login,1,129,49fb0d2c2fe6b095,403,1
sqli,login,1,130,0595aede93628a35,403,1
sqli,login,1,131,e40e54ee0af6189b,403,1
sqli,login,1,132,9bc2eaf21559d00e,403,1
sqli,login,1,133,ebda320fc1a8af0c,403,1
sqli,login,1,134,c273e45abf91dd2d,403,1
sqli,login,1,135,180811c81686d164,403,1
sqli,login,1,136,b8c0d907ac1822e2,403,1
sqli,login,1,137,92716403faec0be8,403,1
sqli,login,1,138,dd808d269a2593d3,403,1
sqli,login,1,139,eb678a715521520c,403,1
sqli,login,1,140,52845f8751a3ce10,403,1
sqli,login,1,141,1c855587c6d1b624,403,1
sqli,login,1,142,2697a9473e219646,403,1
sqli,login,1,143,7bfa04d4d4149c7c,403,1
sqli,login,1,144,23f8fe2f4166390d,403,1
sqli,login,1,145,86c4b10c592ef30e,403,1
sqli,login,1,146,9f6403a5c73c4227,403,1
sqli,login,1,147,f17f4834344072b9,403,1
sqli,login,1,148,28c899cbf08f2025,403,1
sqli,login,1,149,21ab181d34ae9c32,403,1
sqli,login,1,150,1322dec9f32f8341,403,1
sqli,login,1,151,c4fff93cb2fd4041,403,1
sqli,login,1,152,d78d853a2dd4541e,403,1
sqli,login,1,153,d372d12edfe8b223,403,1
sqli,login,1,154,10af7871c90b85f8,403,1
sqli,login,1,155,07402d7f31b377e0,403,1
sqli,login,1,156,477fe60eaddda8d0,403,1
sqli,login,1,157,7ea2f40c4cd181a8,403,1
sqli,login,1,158,5893e7210780eda2,403,1
sqli,login,1,159,d47697bf91d14002,403,1
sqli,login,1,160,9aa7b763cdf85179,403,1
sqli,login,1,161,caa260f3eeedf2d7,403,1
sqli,login,1,162,39ef4829b4df851c,403,1
sqli,login,1,163,00b35811179bf5a2,403,1
sqli,login,1,164,de0f43cf71500fda,403,1
sqli,login,1,165,de099937a354c65e,403,1
sqli,login,1,166,71cc836cfb712394,403,1
sqli,login,1,167,0bdf9d5c91637aed,403,1
sqli,login,1,168,c264d6e391d6bbcd,403,1
sqli,login,1,169,b2998ea7998ad18f,403,1
sqli,login,1,170,903b89a1fb9dc3c6,403,1
sqli,login,1,171,ca1fdc968ca86351,403,1
sqli,login,1,172,f7beff8ced2e2357,403,1
sqli,login,1,173,ec6e2c480c18b4e2,403,1
sqli,login,1,174,b6a27ef7529a8ce4,403,1
sqli,login,1,175,352229b38844971f,403,1
sqli,login,1,176,d60229bc4492fab2,403,1
sqli,login,1,177,420ec59d7eb6a79c,403,1
sqli,login,1,178,244c2b7a5dbb8851,403,1
sqli,login,1,179,95a632112f101097,403,1
sqli,login,1,180,08e2f779b8eece27,403,1
sqli,login,1,181,4edb6d8418f9145a,403,1
sqli,login,1,182,712a94309e1b6e73,403,1
sqli,login,1,183,71e3e28dd4630101,403,1
sqli,login,1,184,0e4f67b3b1331a68,403,1
sqli,login,1,185,b9e05d7517072e0b,403,1
sqli,login,1,186,1c8f9f4b32a47cbe,403,1
sqli,login,1,187,80e2b6b0ea3ea866,403,1
sqli,login,1,188,47403ddd71ebe277,403,1
sqli,login,1,189,b52aa6021f800aa1,403,1
sqli,login,1,190,d1b2d893b68886d5,403,1
sqli,login,1,191,edf4ce8303282ab4,403,1
sqli,login,1,192,b11733522169b451,403,1
sqli,login,1,193,1b5be062d04ef4ee,403,1
sqli,login,1,194,5d8d90578a3e264a,403,1
sqli,login,1,195,ac7f98d5d39b4078,403,1
sqli,login,1,196,48b5a35284607fac,403,1
sqli,login,1,197,8e75406d93b4d3a6,403,1
sqli,login,1,198,7a1430c14b27a510,403,1
sqli,login,1,199,4da65a6d1c3a9713,403,1
sqli,login,1,200,1ac3649ad28978d7,403,1
sqli,login,1,201,7378e20449488db7,403,1
sqli,login,1,202,a99936327a8aaf7f,403,1
sqli,login,1,203,df54b6a4f5d31a23,403,1
sqli,login,1,204,ac0fe546c9bbe1a8,403,1
sqli,login,1,205,83e7ce439324f515,403,1
sqli,login,1,206,54008f4c944bea04,403,1
sqli,login,1,207,e4f0162cef5066e8,403,1
sqli,login,1,208,84f09bb699e9f832,403,1
sqli,login,1,209,1bd655e306c5dbcc,403,1
sqli,login,1,210,c4fea7f7a2ceb01f,403,1
sqli,login,1,211,d7c9fac50c1e63f0,403,1
sqli,login,1,212,acb4aa519c92b18a,403,1
sqli,login,1,213,6a368028eb73bd8a,403,1
sqli,login,1,214,0e5ad5967182e5c3,403,1
sqli,login,1,215,888afbc7ee4ce620,403,1
sqli,login,1,216,b357e5404dac55c1,403,1
sqli,login,1,217,e680bb543039d452,403,1
sqli,login,1,218,095c179a8b3e94da,403,1
sqli,login,1,219,70610ed5c04ba19f,403,1
sqli,login,1,220,253d8994094bb4b2,403,1
sqli,login,1,221,01026d740e5f6a46,403,1
sqli,login,1,222,6ce67d2c9cb4682e,403,1
sqli,login,1,223,58395f2aab17263c,403,1
sqli,login,1,224,9a47d87eb9a2c81f,403,1
sqli,login,1,225,478270531e1380f8,403,1
sqli,login,1,226,b81751ee34bedc0c,403,1
sqli,login,1,227,dbb5a8be84a4d1e7,403,1
sqli,login,1,228,44ac84cb19525400,403,1
sqli,login,1,229,6b53d43f1c36249e,403,1
sqli,login,1,230,d276c1d2dc6f0bb4,403,1
sqli,login,1,231,228d113eae043b7c,403,1
sqli,login,1,232,a4c1ca7a81e45dc0,403,1
sqli,login,1,233,571d4c76cd15a6a5,403,1
sqli,login,1,234,7ffe01ab7877db5f,403,1
sqli,login,1,235,164d3c755abcddfa,403,1
sqli,login,1,236,4cfa85cba8275279,403,1
sqli,login,1,237,562bad98be923f97,403,1
sqli,login,1,238,6018342fb0358d28,403,1
sqli,login,1,239,c1f00ebb531f2020,403,1
sqli,login,1,240,76d792d267c0f436,403,1
sqli,login,1,241,78b5e3c9ec5ea24d,403,1
sqli,login,1,242,fe9d9ede5d99dcb7,403,1
sqli,login,1,243,85aba7a12a172711,403,1
sqli,login,1,244,522547cbc65850ef,403,1
sqli,login,1,245,1800aefb2089a8ba,403,1
sqli,login,1,246,1b385d99173d8924,403,1
sqli,login,1,247,57f9543c88b64f12,403,1
sqli,login,1,248,5c23fcc9a16e31b2,403,1
sqli,login,1,249,9e510acdee36c96e,403,1
sqli,login,1,250,2002a202714ba7c4,403,1
sqli,login,1,251,604658ca7fc23c15,403,1
sqli,login,1,252,c64632d6b951a9f2,403,1
sqli,login,1,253,cc70e29b9dfce198,403,1
sqli,login,1,254,f971c58624ba615d,403,1
sqli,login,1,255,26f4113ddc36ebe2,403,1
sqli,login,1,256,ba802b884ca5ea00,403,1
sqli,login,1,257,491deb0c96d5e3bf,403,1
sqli,login,1,258,b50d8f1aff99d191,403,1
sqli,login,1,259,71d9b248771a85e5,403,1
sqli,login,1,260,e42e11cbd11fa31c,403,1
sqli,login,1,261,53d6ac571cd4a9b1,403,1
sqli,login,1,262,980fbffbfa5901be,403,1
sqli,login,1,263,68f8f4b00ba30bac,403,1
sqli,login,1,264,ba13c7edfeeea1b5,403,1
sqli,login,1,265,a79822d4ef92f12d,403,1
sqli,login,1,266,d404225f47446d04,403,1
sqli,login,1,267,cdfa3e09001f0cdb,403,1
sqli,login,1,268,2ef6f56467a893b5,403,1
sqli,login,1,269,30dec2efc5430c83,403,1
sqli,login,1,270,65396cdb56b57d94,403,1
sqli,login,1,271,238a8508d930c087,403,1
sqli,login,1,272,88821b9ace084156,403,1
sqli,login,1,273,a6e42f7e08ec5052,403,1
sqli,login,1,274,6694bf72ead9a8d4,403,1
sqli,login,1,275,65818361d7631d48,403,1
sqli,login,1,276,d528d40b9270cec8,403,1
sqli,login,1,277,6a4c70a7a960b8a9,403,1
sqli,login,1,278,f1a78d082f350ff2,403,1
sqli,login,1,279,ffea17482b6857b1,403,1
sqli,login,1,280,72dc6d0a464070d6,403,1
sqli,login,1,281,93d84ee6b68a7852,403,1
sqli,login,1,282,37d8ec5b773925ae,403,1
sqli,login,1,283,7e05b4fee12d8703,403,1
sqli,login,1,284,c1e0befa76f5c8a4,403,1
sqli,login,1,285,d9dd87ac1fd9400c,403,1
sqli,login,1,286,a1a1e232bd0ef65f,403,1
sqli,login,1,287,3975bca9cfb45c3e,403,1
sqli,login,1,288,530efc1dcd0f9415,403,1
sqli,login,1,289,436dc040c2fdc61a,403,1
sqli,login,1,290,992b5808bc1e13d8,403,1
sqli,login,1,291,109e3167ef5172a7,403,1
sqli,login,1,292,cd0fe8caf327f972,403,1
sqli,login,1,293,b22c5504feec62d4,403,1
sqli,login,1,294,b7606e0079923614,403,1
sqli,login,1,295,d32d9844d3fdbadb,403,1
sqli,login,1,296,4fb52afd901ea2c0,403,1
sqli,login,1,297,484bda687fbfbfdc,403,1
sqli,login,1,298,f4dd88fe74dc4b2e,403,1
sqli,login,1,299,0f25e2b5475ca064,403,1
sqli,login,1,300,016cc7c79514b67d,403,1
sqli,login,1,301,da664c3ccfde092d,403,1
sqli,login,1,302,e5ecb4135267f5c0,403,1
sqli,login,1,303,d221f6fa8ef79a8e,403,1
sqli,login,1,304,2f3985154f1369b4,403,1
sqli,login,1,305,a2fabc86d225c38c,403,1
sqli,login,1,306,57a3850d27dc99f9,403,1
sqli,login,1,307,4e15f8863e047ebd,403,1
sqli,login,1,308,e9c69a31f3495fa4,403,1
sqli,login,1,309,f573dfc598c02953,403,1
sqli,login,1,310,d6c8e958abc7e649,403,1
sqli,login,1,311,1dd67e92be294ed3,403,1
sqli,login,1,312,c2682a59247a5dd2,403,1
sqli,login,1,313,6d37f74ed34154b4,403,1
sqli,login,1,314,4f6e737f89ad5a38,403,1
sqli,login,1,315,b9c8bcc8a3fb51cb,403,1
sqli,login,1,316,1754ef4a04601f85,403,1
sqli,login,1,317,46601dfba5af0247,403,1
sqli,login,1,318,a926c3a655ae5a10,403,1
sqli,login,1,319,6110d4855713b87b,403,1
sqli,login,1,320,92c5629bfd871aa0,403,1
sqli,login,1,321,4907651e340282ee,403,1
sqli,login,1,322,6a8a62da90cc65df,403,1
sqli,login,1,323,9bf1c7655c9752d0,403,1
sqli,login,1,324,91c05312b77c7385,403,1
sqli,login,1,325,bf246c75a3f3bf51,403,1
sqli,login,1,326,a047cc2a1097d958,403,1
sqli,login,1,327,c0536f55a93e3c56,403,1
sqli,login,1,328,792ea39cf13881e7,403,1
sqli,login,1,329,d80027c6a39be216,403,1
sqli,login,1,330,1553ac12c967dec3,403,1
sqli,login,1,331,4e0c7fe4995020ab,403,1
sqli,login,1,332,0d4617283beb0975,403,1
sqli,login,1,333,b00d549cc95ad646,403,1
sqli,login,1,334,e2d9f681aa9382a7,403,1
sqli,login,1,335,5c0bbbb731ce82e2,403,1
sqli,login,1,336,b170eb32a38211e1,403,1
sqli,login,1,337,aef3e92644460c85,403,1
sqli,login,1,338,cf35336c5b563023,403,1
sqli,login,1,339,207c678407105d33,403,1
sqli,login,1,340,490ad8f32ffe3b82,403,1
sqli,login,1,341,cb9086529d2ac503,403,1
sqli,login,1,342,c337c37572f0820b,403,1
sqli,login,1,343,f78665572400db06,403,1
sqli,login,1,344,4d90bbb713359fbb,403,1
sqli,login,1,345,e0cf7f2a35ff33d7,403,1
sqli,login,1,346,d8b77321059320e1,403,1
sqli,login,1,347,931a61acd5758f4c,403,1
sqli,login,1,348,86ba5f53c33e82bf,403,1
sqli,login,1,349,47958b29e35b44c3,403,1
sqli,login,1,350,7c18ec20b8f6187d,403,1
sqli,login,1,351,d0a7df3276b5ed8e,403,1
sqli,login,1,352,9843845f449a8052,403,1
sqli,login,1,353,1676b0530a5f00ce,403,1
sqli,login,1,354,46e222b5ebbd8723,403,1
sqli,login,1,355,9bbe8e95f28b7a5b,403,1
sqli,login,1,356,80c2ef7244fc4610,403,1
sqli,login,1,357,0507bfc88023b8ce,403,1
sqli,login,1,358,956c9f9588efa6fb,403,1
sqli,login,1,359,7335d86f0f28b0a8,403,1
sqli,login,1,360,69d305fed0c1094c,403,1
sqli,login,1,361,97027b7ac1c0cbb7,403,1
sqli,login,1,362,131bae1033e7ff55,403,1
sqli,login,1,363,61ebe8871442d094,403,1
sqli,login,1,364,40bfe21cb9e8eb9b,403,1
sqli,login,1,365,ebe260f3e38358ce,403,1
sqli,login,1,366,af5144e78b4feb38,403,1
sqli,login,1,367,514c453488ba9924,403,1
sqli,login,1,368,d3072e6cfc64dd9f,403,1
sqli,login,1,369,da36ae0461a33baa,403,1
sqli,login,1,370,7e246fb283fc5dd7,403,1
sqli,login,1,371,2908d4d263e45283,403,1
sqli,login,1,372,e33fabb2b1974d33,403,1
sqli,login,1,373,e3bbe6c685752ec2,403,1
sqli,login,1,374,321c01b35c93acfd,403,1
sqli,login,1,375,ae387bd02c69bd0d,403,1
sqli,login,1,376,1a3127004308240e,403,1
sqli,login,1,377,7ddf51dfe03665a0,403,1
sqli,login,1,378,9ff533bf99a84cbc,403,1
sqli,login,1,379,fb1be224e80d2fea,403,1
sqli,login,1,380,b4b79d00ce5ded92,403,1
sqli,login,1,381,c619354907519e9e,403,1
sqli,login,1,382,f435e78cbad67df6,403,1
sqli,login,1,383,1cfe80f154e17f0b,403,1
sqli,login,1,384,0aeccf4437ea281e,403,1
sqli,login,1,385,199d4d0cbc4ab723,403,1
sqli,login,1,386,95efe28d79d24e4a,403,1
sqli,login,1,387,c5a80068909330e5,403,1
sqli,login,1,388,4d1cd95afc936fe2,403,1
sqli,login,1,389,48756f1d0a4c0f28,403,1
sqli,login,1,390,55c1b1b736720ea3,403,1
sqli,login,1,391,120846f1616b7827,403,1
sqli,login,1,392,724a4b77cdf6f2a7,403,1
sqli,login,1,393,20b3c9e4002ef1e7,403,1
sqli,login,1,394,14a67ed9f830e4e7,403,1
sqli,login,1,395,e9efd4056a82a713,403,1
sqli,login,1,396,4684a67d56eef717,403,1
sqli,login,1,397,0b7db956a68a9a69,403,1
sqli,login,1,398,d62268b4e2b9d8ac,403,1
sqli,login,1,399,fadb5a8dbf199f55,403,1
sqli,login,1,400,c7a6e3e6dc1e2f60,403,1
sqli,login,1,401,e45166dcc03a8ad4,403,1
sqli,login,1,402,fc4ada6b45338ee4,403,1
sqli,login,1,403,23b9313114fe9a28,403,1
sqli,login,1,404,829cbdc5c5ad12c4,403,1
sqli,login,1,405,21f05bd1017bd422,403,1
sqli,login,1,406,a87f5ab4a016ae91,403,1
sqli,login,1,407,6afa2f71b34a0d01,403,1
sqli,login,1,408,6a432d5a33081ad6,403,1
sqli,login,1,409,73161f2b0dce651e,403,1
sqli,login,1,410,7a5099275b92a887,403,1
sqli,login,1,411,a05054c248f77b3f,403,1
sqli,login,1,412,cf1c16c956dba0d2,403,1
sqli,login,1,413,37ba0f5e9837de70,403,1
sqli,login,1,414,5441cae7478c73e9,403,1
sqli,login,1,415,3f20e0d873df5b26,403,1
sqli,login,1,416,2d1cceb922940da8,403,1
sqli,login,1,417,9199d18d877b2918,403,1
sqli,login,1,418,6bed208876a8ede7,403,1
sqli,login,1,419,b7ab29a6d812f9c8,403,1
sqli,login,1,420,fd3092347e8a7e33,403,1
sqli,login,1,421,c51c1f95445a4676,403,1
sqli,login,1,422,5e745052d7eae81a,403,1
sqli,login,1,423,0332e3ac1b976cfa,403,1
sqli,login,1,424,d1cfd2d9635ee24e,403,1
sqli,login,1,425,5555840abdd7407c,403,1
sqli,login,1,426,1fc61dc80638a493,403,1
sqli,login,1,427,697e616983835ba9,403,1
sqli,login,1,428,3dc24da451e10b26,403,1
sqli,login,1,429,aecb770e51b65e39,403,1
sqli,login,1,430,55564a9d509a90c4,403,1
sqli,login,1,431,d812b180e594df01,403,1
sqli,login,1,432,5d230bc574932e54,403,1
sqli,login,1,433,520d3186b6a42d81,403,1
sqli,login,1,434,9d7423f453bf1b5b,403,1
sqli,login,1,435,81900308d488e7c4,403,1
sqli,login,1,436,bdf518decec92dda,403,1
sqli,login,2,0,3abfe532e59818c2,403,1
sqli,login,2,1,62b9cd095776c89a,403,1
sqli,login,2,2,36d1704a33886adb,200,0
sqli,login,2,3,f9e90244ebdd7d03,403,1
sqli,login,2,4,0a60902ac53f3014,403,1
sqli,login,2,5,e87607d39ee07838,403,1
sqli,login,2,6,1a65e5b898509d3c,403,1
sqli,login,2,7,05f50f63504e2ed1,403,1
sqli,login,2,8,17dba7407223a265,403,1
sqli,login,2,9,825c206f57f6dcb0,403,1
sqli,login,2,10,ef1126d890f2a158,403,1
sqli,login,2,11,3d2ac9b647ca9512,403,1
sqli,login,2,12,fe47036ce96abf2f,200,0
sqli,login,2,13,41b4ffd8aea12be8,403,1
sqli,login,2,14,128dec84a5b070d0,403,1
sqli,login,2,15,f92038e2bee6ea73,403,1
sqli,login,2,16,e70fa1b7913cddbd,403,1
sqli,login,2,17,516eba2af8a85072,403,1
sqli,login,2,18,514aca8e755a5a92,403,1
sqli,login,2,19,36d9065b10674fa0,403,1
sqli,login,2,20,ca484fc04cf9d1a5,403,1
sqli,login,2,21,3d80cab287b4444f,403,1
sqli,login,2,22,e98013b33bda2831,403,1
sqli,login,2,23,c066fbf283e13c63,200,0
sqli,login,2,24,4ac3c141496945ae,403,1
sqli,login,2,25,67b37b8bfcba9d80,403,1
sqli,login,2,26,91a6e4b5be7e4d4d,200,0
sqli,login,2,27,37037c1942342693,403,1
sqli,login,2,28,50391fd5e23950ad,403,1
sqli,login,2,29,b8f230b086e2fb32,200,0
sqli,login,2,30,7f2c9153bf00524e,403,1
sqli,login,2,31,85fb5d01d79737ee,403,1
sqli,login,2,32,279a05e345b500be,403,1
sqli,login,2,33,f9c20e9a10088832,403,1
sqli,login,2,34,0afb1fbee6fcad8e,403,1
sqli,login,2,35,3edba8c1b2f8c19b,403,1
sqli,login,2,36,595fafb09c2b6e13,403,1
sqli,login,2,37,93780cc8bee5188f,403,1
sqli,login,2,38,1d16e6f769f99aa2,403,1
sqli,login,2,39,dc6f4b8eb7b44cd4,403,1
sqli,login,2,40,b4c787cf8a15f9de,403,1
sqli,login,2,41,822a541d0747f1d0,403,1
sqli,login,2,42,ede916186a1abb3e,403,1
sqli,login,2,43,8d6a8c6ca8467f97,403,1
sqli,login,2,44,b32209a841c3b183,403,1
sqli,login,2,45,a735ed1b50178f8e,403,1
sqli,login,2,46,b22688334f1081ea,403,1
sqli,login,2,47,aa7bb332d7a630b8,403,1
sqli,login,2,48,44a44020b6ed5a27,403,1
sqli,login,2,49,4b46cbb794324ced,403,1
sqli,login,2,50,8d00e81dd15ffede,403,1
sqli,login,2,51,763b44af01700387,403,1
sqli,login,2,52,84fc5f2a5721c410,403,1
sqli,login,2,53,9125888abe30176d,403,1
sqli,login,2,54,24e2638eaf56f607,403,1
sqli,login,2,55,4f8fefe92ac0a7b7,403,1
sqli,login,2,56,649040976f6abeec,403,1
sqli,login,2,57,08ddc5fa51b629a5,403,1
sqli,login,2,58,68340cdf4b770471,403,1
sqli,login,2,59,8a64b7b23fe5f111,403,1
sqli,login,2,60,5e7e5884a0dc0e7d,403,1
sqli,login,2,61,aae280a31fb2c73b,403,1
sqli,login,2,62,58f45537dca1c7c1,403,1
sqli,login,2,63,bfcae046e268dca4,403,1
sqli,login,2,64,48b24daac3215309,403,1
sqli,login,2,65,825fb40061599854,403,1
sqli,login,2,66,ab15e6d6968c4b94,403,1
sqli,login,2,67,d7b78a3f2295d05b,403,1
sqli,login,2,68,3a4835d5f6fcd311,403,1
sqli,login,2,69,ac23ad3c1aec0209,403,1
sqli,login,2,70,8b7c7a5edb6ac258,403,1
sqli,login,2,71,b978ae47b90560c5,403,1
sqli,login,2,72,4581db1d87269802,403,1
sqli,login,2,73,fad7808a50adc8b5,403,1
sqli,login,2,74,977ffb52cee10e4d,403,1
sqli,login,2,75,520bb739e303f35a,403,1
sqli,login,2,76,b9dde0773d91087c,403,1
sqli,login,2,77,847afff5a9373b76,403,1
sqli,login,2,78,26b93bef15a08def,403,1
sqli,login,2,79,3ef6416c482fa4de,403,1
sqli,login,2,80,e1a033af25c5501a,403,1
sqli,login,2,81,583fa0404a685003,403,1
sqli,login,2,82,d7509be36ea4d04c,403,1
sqli,login,2,83,7e8ff306d91884df,403,1
sqli,login,2,84,7fe9ebef8236b1f2,403,1
sqli,login,2,85,4c50edbc8cc3e2e3,403,1
sqli,login,2,86,09ca8e95797fdfca,403,1
sqli,login,2,87,735fc4aaded3ed9c,403,1
sqli,login,2,88,7345316f97e41b85,403,1
sqli,login,2,89,287171e4add63c0c,403,1
sqli,login,2,90,4c60ef0541ae98e3,403,1
sqli,login,2,91,bc60f4b5d5612d5b,403,1
sqli,login,2,92,317a1b2c83240853,403,1
sqli,login,2,93,e4a74ef62e4c70c5,403,1
sqli,login,2,94,794bb824f720e044,403,1
sqli,login,2,95,f8e71bf89d6ba7ea,403,1
sqli,login,2,96,6eb241af2820d674,403,1
sqli,login,2,97,7b34a712c3e9c606,403,1
sqli,login,2,98,32ef5ed7b00cf34f,403,1
sqli,login,2,99,a65fc0e7c216f8f0,403,1
sqli,login,2,100,db43a2c4fc5ad196,403,1
sqli,login,2,101,9f885b6e2769596e,403,1
sqli,login,2,102,6ac4cef5dc84bddc,403,1
sqli,login,2,103,b319144cc3f735c0,403,1
sqli,login,2,104,0c7c376429c3666b,403,1
sqli,login,2,105,192c23a3afed8215,403,1
sqli,login,2,106,8799e11c492fa091,403,1
sqli,login,2,107,6a061db7591771ad,403,1
sqli,login,2,108,cb7eeba990492854,403,1
sqli,login,2,109,0be2203f3160ff53,403,1
sqli,login,2,110,b1b9af75fb15d6c4,403,1
sqli,login,2,111,1edc4ef77c5f4f2e,403,1
sqli,login,2,112,264b311e9a74f093,403,1
sqli,login,2,113,14a4b40ec6e4825a,403,1
sqli,login,2,114,3a20eace9787b5ab,403,1
sqli,login,2,115,235ffc6725341fa4,403,1
sqli,login,2,116,64d7f728d420226a,403,1
sqli,login,2,117,5b066a7430212668,403,1
sqli,login,2,118,f6a01aa6a7a19d47,403,1
sqli,login,2,119,ce6b4433eda2e55d,403,1
sqli,login,2,120,e77dfe82df2df7f0,403,1
sqli,login,2,121,d0a9c0f2d22f5a60,403,1
sqli,login,2,122,0886d48d41af2311,403,1
sqli,login,2,123,5c5025c7d48707da,403,1
sqli,login,2,124,d8b1356da3ff8c23,403,1
sqli,login,2,125,84fa058e9e441f4a,403,1
sqli,login,2,126,3b56211dfc353a12,403,1
sqli,login,2,127,5cb169213f7f5011,403,1
sqli,login,2,128,2bbc206d78bd1e0b,403,1
sqli,login,2,129,66c67f22aa4090dc,403,1
sqli,login,2,130,60f4138838d6b669,403,1
sqli,login,2,131,bfd1741ef9758539,403,1
sqli,login,2,132,b8e23aa6ab219307,403,1
sqli,login,2,133,cb77f0c7f498f752,403,1
sqli,login,2,134,e2c88cce6d53c1d5,403,1
sqli,login,2,135,ae80fcfe41267be4,403,1
sqli,login,2,136,f9fce60fa74d05df,403,1
sqli,login,2,137,b7e37f71dc9f08c9,403,1
sqli,login,2,138,a840368e83acfa7f,403,1
sqli,login,2,139,ef4d80f0c6b7c1d5,403,1
sqli,login,2,140,9f9b2064083a2052,403,1
sqli,login,2,141,6d7bbbb89828e465,403,1
sqli,login,2,142,c07faa793cd758ff,403,1
sqli,login,2,143,d0a7663d70a733cd,403,1
sqli,login,2,144,5382ff0f43df39e7,403,1
sqli,login,2,145,5668dc5be269634a,403,1
sqli,login,2,146,c276f938e0759326,403,1
sqli,login,2,147,ad4fb1b0e7dfca32,403,1
sqli,login,2,148,9034eee4a8642ec4,403,1
sqli,login,2,149,234b4ff8e75751fd,403,1
sqli,login,2,150,d0a94546e1500ad8,403,1
sqli,login,2,151,f32d75813990f3a0,403,1
sqli,login,2,152,10b3d85df445a1e6,403,1
sqli,login,2,153,af36e142eba95783,403,1
sqli,login,2,154,86dd7d16797aa3d0,403,1
sqli,login,2,155,51e563c03bc8eb6a,403,1
sqli,login,2,156,ae02cd868369f602,403,1
sqli,login,2,157,1735964be5b4de33,403,1
sqli,login,2,158,9588cefe5d44e3f3,403,1
sqli,login,2,159,3c6d19ee05c8b811,403,1
sqli,login,2,160,90f5960a505596f5,403,1
sqli,login,2,161,c429e21d6773f3b1,403,1
sqli,login,2,162,93e1acaa23aa8ceb,403,1
sqli,login,2,163,697d98964c815b8d,403,1
sqli,login,2,164,8bd35e0f6e63db01,403,1
sqli,login,2,165,8cfaf72c20ec6cb4,403,1
sqli,login,2,166,3390b3159459e6e6,403,1
sqli,login,2,167,2cc42ff0190435ad,403,1
sqli,login,2,168,f00d2d0accd071d0,403,1
sqli,login,2,169,2582c5ad1a45db80,403,1
sqli,login,2,170,9ce8baedcad2c4c7,403,1
sqli,login,2,171,449cbfc23759ca87,403,1
sqli,login,2,172,245f9a6fd9b9c649,403,1
sqli,login,2,173,263b63d135cecedb,403,1
sqli,login,2,174,64c62c9fe438bd0a,403,1
sqli,login,2,175,a6297dcd35467295,403,1
sqli,login,2,176,9cb95dfd555c8ec7,403,1
sqli,login,2,177,c4ede920e1fc472c,403,1
sqli,login,2,178,e1f59f1d39462ffc,403,1
sqli,login,2,179,7e4e48cbbca7d81d,403,1
sqli,login,2,180,9baedddd53e6d0ca,403,1
sqli,login,2,181,0b1c7134c9936030,403,1
sqli,login,2,182,b742d016074bebf0,403,1
sqli,login,2,183,9c1d8a192d8d6370,403,1
sqli,login,2,184,90255c178bc8464b,403,1
sqli,login,2,185,cf0f48f263af2315,403,1
sqli,login,2,186,4e6b133928953b92,403,1
sqli,login,2,187,49a403bfe6f421fd,403,1
sqli,login,2,188,1c219b2988381c30,403,1
sqli,login,2,189,203e9ff1a6feb0c1,403,1
sqli,login,2,190,8e760d414b27f0a5,403,1
sqli,login,2,191,76f3610e0c5e3da3,403,1
sqli,login,2,192,df8b1e11894f6b4e,403,1
sqli,login,2,193,308fef929e0c3868,403,1
sqli,login,2,194,8f41c959d7a8a417,403,1
sqli,login,2,195,d57fb154f7ab6ad2,403,1
sqli,login,2,196,616d707e00392eeb,403,1
sqli,login,2,197,73e1414ec8401509,403,1
sqli,login,2,198,272c576b3f9635bb,403,1
sqli,login,2,199,cb4a4854028ff9c9,403,1
sqli,login,2,200,78a39a4b6815d25a,403,1
sqli,login,2,201,45d5995876ff7430,403,1
sqli,login,2,202,87955d1a9778a30e,403,1
sqli,login,2,203,b273e7849eacdde3,403,1
sqli,login,2,204,537396c9b6cfe4ae,403,1
sqli,login,2,205,2e9ce9e14349aa15,403,1
sqli,login,2,206,70ba598db3aa7083,403,1
sqli,login,2,207,78ecf7ab3bcec383,403,1
sqli,login,2,208,dc6a439c57348e81,403,1
sqli,login,2,209,d27b9f9f83fa8e61,403,1
sqli,login,2,210,65aa5bc4ef07c2bb,403,1
sqli,login,2,211,368b56e3504abb7a,403,1
sqli,login,2,212,c6959112b9a8915f,403,1
sqli,login,2,213,7dd521ad4109d74d,403,1
sqli,login,2,214,fbc11bd173fb6aa3,403,1
sqli,login,2,215,e973bad053703399,403,1
sqli,login,2,216,b38619ba18fdc338,403,1
sqli,login,2,217,dd3fac1ac37d066d,403,1
sqli,login,2,218,037f065aee752e5d,403,1
sqli,login,2,219,424f8f200d9f47de,403,1
sqli,login,2,220,359d84c7582ecc35,403,1
sqli,login,2,221,e59882bb7d097971,403,1
sqli,login,2,222,1836b4b8355a8ddd,403,1
sqli,login,2,223,7ddec0909ddb4305,403,1
sqli,login,2,224,f48828aac09ae9b7,403,1
sqli,login,2,225,ee768144cd5e19b9,403,1
sqli,login,2,226,04477f00163cb149,403,1
sqli,login,2,227,081be599570494a1,403,1
sqli,login,2,228,c89469df1ea45065,403,1
sqli,login,2,229,2433c1693064ab36,403,1
sqli,login,2,230,ba2e5f89f8f37a72,403,1
sqli,login,2,231,9a393e31e8362c49,403,1
sqli,login,2,232,38eb19d2b3e8864b,403,1
sqli,login,2,233,76ec0331306037da,403,1
sqli,login,2,234,aed4e870e1c547d5,403,1
sqli,login,2,235,b5acae4e243308bb,403,1
sqli,login,2,236,42d643535be41a80,403,1
sqli,login,2,237,f3cf76acd9bea8ee,403,1
sqli,login,2,238,47d75e254f955f73,403,1
sqli,login,2,239,124b61b37eb4a031,403,1
sqli,login,2,240,8350b6b4d5b619df,403,1
sqli,login,2,241,5e910f6145ed1a86,403,1
sqli,login,2,242,09da51818e3dbb35,403,1
sqli,login,2,243,efc8a46b8404eb0c,403,1
sqli,login,2,244,c74a08e10a3af03e,403,1
sqli,login,2,245,3ed819ac9c593c24,403,1
sqli,login,2,246,71a8bd5d0d0ec885,403,1
sqli,login,2,247,f7f935abf668ad59,403,1
sqli,login,2,248,6b8e8da536025b93,403,1
sqli,login,2,249,31b0c119e0450c0d,403,1
sqli,login,2,250,677579928199c74a,403,1
sqli,login,2,251,04a8a40115c71df5,403,1
sqli,login,2,252,f75f4607ebc2d9c5,403,1
sqli,login,2,253,b4c2ce6b192edcf3,403,1
sqli,login,2,254,8addefcdb308b525,403,1
sqli,login,2,255,9a9494ca709a9c80,403,1
sqli,login,2,256,58b00837658f8455,403,1
sqli,login,2,257,4d35241a70acba8a,403,1
sqli,login,2,258,48ffaae4e217ccfa,403,1
sqli,login,2,259,28259a1707f54432,403,1
sqli,login,2,260,f527fb9ec941825b,403,1
sqli,login,2,261,3575e8eda61ec0ad,403,1
sqli,login,2,262,d75b1a5ba53f7c1d,403,1
sqli,login,2,263,95df5b2de3f5ecdf,403,1
sqli,login,2,264,e3c3fe07ca6e4bd0,403,1
sqli,login,2,265,aa2196518ecedd7d,403,1
sqli,login,2,266,38180166e49d59c9,403,1
sqli,login,2,267,4b5ab8a4ae81c009,403,1
sqli,login,2,268,353d5fdb774a462c,403,1
sqli,login,2,269,075c84a54b664fb4,403,1
sqli,login,2,270,a7452d8a47f4626d,403,1
sqli,login,2,271,e4cedcc3c4e5911b,403,1
sqli,login,2,272,494247cac9fb54fc,403,1
sqli,login,2,273,6ba1f861e86d1144,403,1
sqli,login,2,274,24405582ed908718,403,1
sqli,login,2,275,ec9b0e71e9826760,403,1
sqli,login,2,276,fd258e6060a40ffa,403,1
sqli,login,2,277,f62054c95f152989,403,1
sqli,login,2,278,3a525d3d0bc3035c,403,1
sqli,login,2,279,99b890a343aa6013,403,1
sqli,login,2,280,6b31788306a7be56,403,1
sqli,login,2,281,7eed08b5c398aaa3,403,1
sqli,login,2,282,bf5dcbc6a9b6cdbb,403,1
sqli,login,2,283,54fe7b86d252cba3,403,1
sqli,login,2,284,25e4e9d6d1bb9981,403,1
sqli,login,2,285,51cf526ae02467f6,403,1
sqli,login,2,286,b8f86dc7315c6e67,403,1
sqli,login,2,287,fc1146b08483aa8d,403,1
sqli,login,2,288,3e9795a7bb019f19,403,1
sqli,login,2,289,98beb64f8dbd998f,403,1
sqli,login,2,290,d38502e29493b55d,403,1
sqli,login,2,291,deedc81664e105dd,403,1
sqli,login,2,292,77eb108784d222ab,403,1
sqli,login,2,293,7b66f7735471664c,403,1
sqli,login,2,294,0c3339e35428960f,403,1
sqli,login,2,295,107863e43424df1b,403,1
sqli,login,2,296,4dd107a3d826b085,403,1
sqli,login,2,297,6a39255840a72366,403,1
sqli,login,2,298,abcf8ec2077b051f,403,1
sqli,login,2,299,75e8c323a76046dc,403,1
sqli,login,2,300,e32c4f182cd3a174,403,1
sqli,login,2,301,aa5105316d603d05,403,1
sqli,login,2,302,73fa8c98cd787390,403,1
sqli,login,2,303,7e236ecbc079d82e,403,1
sqli,login,2,304,4271b22e95782eea,403,1
sqli,login,2,305,50e411ced834b8be,403,1
sqli,login,2,306,2e78bccf5767558d,403,1
sqli,login,2,307,22d03467d76adb17,403,1
sqli,login,2,308,295e2ab773b58337,403,1
sqli,login,2,309,b3d2a9b80b9d2dc8,403,1
sqli,login,2,310,584e720d295310b6,403,1
sqli,login,2,311,37d90ea70a5b8de6,403,1
sqli,login,2,312,1ffec79c976f2604,403,1
sqli,login,2,313,77b11d5b1d195dce,403,1
sqli,login,2,314,f3049b1a9b8b20a7,403,1
sqli,login,2,315,c3f18f1ebb1fa0e8,403,1
sqli,login,2,316,3b412e8a8e2f51d2,403,1
sqli,login,2,317,967ff0625e6240db,403,1
sqli,login,2,318,4029959d6fb1d5c4,403,1
sqli,login,2,319,e070975c406f3637,403,1
sqli,login,2,320,bb5bfc40d300548c,403,1
sqli,login,2,321,0628a7303fce4cf0,403,1
sqli,login,2,322,4353c63decb965e4,403,1
sqli,login,2,323,a0be1fd580254206,403,1
sqli,login,2,324,c2bb9abcd81add9d,403,1
sqli,login,2,325,3af62d9c5d5818d6,403,1
sqli,login,2,326,5f337019fc4a62d9,403,1
sqli,login,2,327,e9ffe2abe289d24e,403,1
sqli,login,2,328,c781c6a905b046c0,403,1
sqli,login,2,329,49981e311824518f,403,1
sqli,login,2,330,50a2c11008b6142c,403,1
sqli,login,2,331,ed95f56423b0d75b,403,1
sqli,login,2,332,49c9432171831287,403,1
sqli,login,2,333,43c21e222563d565,403,1
sqli,login,2,334,cf1f467803b9eb01,403,1
sqli,login,2,335,9d2751b87abc860d,403,1
sqli,login,2,336,4f0217d3ab509987,403,1
sqli,login,2,337,6f5e9135d900d18f,403,1
sqli,login,2,338,a6ae47f112cfb3e1,403,1
sqli,login,2,339,3edf31d30e8eb1cd,403,1
sqli,login,2,340,a57449283ca89353,403,1
sqli,login,2,341,0b3ea00076cd03a4,403,1
sqli,login,2,342,f4cdd2448c9d1c81,403,1
sqli,login,2,343,6b64ae0be391b60f,403,1
sqli,login,2,344,9ab34552739e20e6,403,1
sqli,login,2,345,555bd5abccb5dad1,403,1
sqli,login,2,346,e11ced9d2aa8d20c,403,1
sqli,login,2,347,c5541c278d67d51c,403,1
sqli,login,2,348,29987e6a3a300e5c,403,1
sqli,login,2,349,9858735989bebc42,403,1
sqli,login,2,350,6e32f7318030d70e,403,1
sqli,login,2,351,1e522c1ab5d34266,403,1
sqli,login,2,352,b626b351cb66493e,403,1
sqli,login,2,353,9e6ec0622404d649,403,1
sqli,login,2,354,699ac0690b0de361,403,1
sqli,login,2,355,44aa98473d04358d,403,1
sqli,login,2,356,769d8216af18cbca,403,1
sqli,login,2,357,7e1c1eb7204b16d0,403,1
sqli,login,2,358,996edcb27095e69c,403,1
sqli,login,2,359,75a894c35897952c,403,1
sqli,login,2,360,be17111997b21f31,403,1
sqli,login,2,361,b3a444c8a58a66b2,403,1
sqli,login,2,362,cb89fa295ce7bcf3,403,1
sqli,login,2,363,0c0a23f33be029dd,403,1
sqli,login,2,364,bbc0eb5163d17780,403,1
sqli,login,2,365,21ecc0e9a9a817c7,403,1
sqli,login,2,366,8016e02cbff2cc99,403,1
sqli,login,2,367,92d3260af8723f2d,403,1
sqli,login,2,368,643e2246684a33b0,403,1
sqli,login,2,369,8a656f97ff5ff73b,403,1
sqli,login,2,370,1518aa7939350279,403,1
sqli,login,2,371,5033de5449572bbb,403,1
sqli,login,2,372,5a0a0f085c0435df,403,1
sqli,login,2,373,98340d7ba6b62d39,403,1
sqli,login,2,374,7e3365e573100a1f,403,1
sqli,login,2,375,fc27d9346c2aeff1,403,1
sqli,login,2,376,fb52b5f7116b5421,403,1
sqli,login,2,377,18311b9538f9e8e7,403,1
sqli,login,2,378,3d90d5ce3d2d6f7c,403,1
sqli,login,2,379,74c6167e6ce96c4f,403,1
sqli,login,2,380,bad17c166e4e1b5d,403,1
sqli,login,2,381,9387a8683b75b294,403,1
sqli,login,2,382,7cd0a38f568df3e5,403,1
sqli,login,2,383,a0445c6fd474d22f,403,1
sqli,login,2,384,41e3f1c4af57638a,403,1
sqli,login,2,385,7c10b1be4fafb4d8,403,1
sqli,login,2,386,295335b8e49bacea,403,1
sqli,login,2,387,14e652cc8550d2fb,403,1
sqli,login,2,388,95242a7e46e790c5,403,1
sqli,login,2,389,aaad0fb7ec6a9b37,403,1
sqli,login,2,390,faf24fd978b3b03a,403,1
sqli,login,2,391,4b22ba61ff26a12c,403,1
sqli,login,2,392,10ca4ba3f550fa35,403,1
sqli,login,2,393,d041241e559570ba,403,1
sqli,login,2,394,761ef0c67e61a5bb,403,1
sqli,login,2,395,b170aaabc2c5a5f2,403,1
sqli,login,2,396,68276cacfa8c395c,403,1
sqli,login,2,397,6650976d3b2c1102,403,1
sqli,login,2,398,62190f51304aca0d,403,1
sqli,login,2,399,4f79d6e51ad8e177,403,1
sqli,login,2,400,b05396d312048de0,403,1
sqli,login,2,401,b7ab3faefa8253c3,403,1
sqli,login,2,402,88958c0e7b79c399,403,1
sqli,login,2,403,0e3f380fa2ede073,403,1
sqli,login,2,404,c0b1c05c3a6b4f46,403,1
sqli,login,2,405,c59f7abf9a0c7d83,403,1
sqli,login,2,406,0e01231c4ce63426,403,1
sqli,login,2,407,310e15dbb45b6084,403,1
sqli,login,2,408,ccd1d36bac361014,403,1
sqli,login,2,409,2a4019032f6d5290,403,1
sqli,login,2,410,162366fc6f733e27,403,1
sqli,login,2,411,ad3510ae1d354d39,403,1
sqli,login,2,412,7df128bde7758e90,403,1
sqli,login,2,413,2ecb6767c81b9b5c,403,1
sqli,login,2,414,f4b30e360b71ef5e,403,1
sqli,login,2,415,38b3b0aefa337e77,403,1
sqli,login,2,416,e869c899a50bdfa3,403,1
sqli,login,2,417,cc7da1fca3e7e30c,403,1
sqli,login,2,418,69b3579f4bafb497,403,1
sqli,login,2,419,feb008c2a052d474,403,1
sqli,login,2,420,6eb2ca739026cde9,403,1
sqli,login,2,421,b00373dea8f3176a,403,1
sqli,login,2,422,6ae76753e286fd69,403,1
sqli,login,2,423,294567b820808b70,403,1
sqli,login,3,0,9a011e233ef58d77,403,1
sqli,login,3,1,375e79a1cf525185,403,1
sqli,login,3,2,62b9cd095776c89a,403,1
sqli,login,3,3,3d2ac9b647ca9512,403,1
sqli,login,3,4,c066fbf283e13c63,200,0
sqli,login,3,5,4b6b3ea1e6bb6914,403,1
sqli,login,3,6,5465354fd658d5d2,403,1
sqli,login,3,7,7afaf429273dd26f,403,1
sqli,login,3,8,0a60902ac53f3014,403,1
sqli,login,3,9,36f038e2f7b4ed57,403,1
sqli,login,3,10,8d0b51d4adb114e8,403,1
sqli,login,3,11,4aa3f3e873ae8adc,403,1
sqli,login,3,12,06562f456f9a5de3,403,1
sqli,login,3,13,f110b753de46e902,403,1
sqli,login,3,14,be42d818c55e37cb,403,1
sqli,login,3,15,3182ae81d707bd09,403,1
sqli,login,3,16,4b490652268f0f5a,403,1
sqli,login,3,17,b779bcb150291b37,403,1
sqli,login,3,18,9ad94ba565d100cb,403,1
sqli,login,3,19,6431806631e71080,200,0
sqli,login,3,20,9b9866d0cd5ed410,403,1
sqli,login,3,21,b9014c5886384196,200,0
sqli,login,3,22,246fc22a881faa48,403,1
sqli,login,3,23,cc203eafc67ea671,403,1
sqli,login,3,24,49a4adacb30372c3,403,1
sqli,login,3,25,79c50120aa14ef9f,200,0
sqli,login,3,26,439229dcddb59a92,403,1
sqli,login,3,27,aa6bb313d1b437a1,403,1
sqli,login,3,28,6ed4bcb32c52e47e,403,1
sqli,login,3,29,eaf5551dc0aa769a,200,0
sqli,login,3,30,8b3c59d75c8890ff,403,1
sqli,login,3,31,143d183cef6de6d7,403,1
sqli,login,3,32,ea7787fdbc25cbe3,403,1
sqli,login,3,33,e4ce32c1e3ba36c6,403,1
sqli,login,3,34,7c85e3006672aaad,403,1
sqli,login,3,35,c5230969310d354b,403,1
sqli,login,3,36,8da437ca9a1243aa,403,1
sqli,login,3,37,21cded5af267cc6d,403,1
sqli,login,3,38,fc1f147ae7d1b5cf,403,1
sqli,login,3,39,13225aeb74d49d40,403,1
sqli,login,3,40,893df568b41c69a8,403,1
sqli,login,3,41,c5eb8b5c97751df8,403,1
sqli,login,3,42,992a472bd6a60c47,403,1
sqli,login,3,43,eb3ce864cec48019,403,1
sqli,login,3,44,700a23a10d65e8d2,403,1
sqli,login,3,45,ec0f48bd15d1eeed,403,1
sqli,login,3,46,b3b000c4ac9f1f34,403,1
sqli,login,3,47,53f92be06be12e81,403,1
sqli,login,3,48,1bb3dfe8f09111b7,403,1
sqli,login,3,49,2c5750d60b18e945,403,1
sqli,login,3,50,d5e34c7ac2082eec,403,1
sqli,login,3,51,0cc70b86a37faff8,403,1
sqli,login,3,52,ffb266bc55fb0808,403,1
sqli,login,3,53,a7690d648c345164,403,1
sqli,login,3,54,c6719e2c3e77a801,403,1
sqli,login,3,55,e5bcb6c9be76222c,403,1
sqli,login,3,56,bc58a319adc1b695,403,1
sqli,login,3,57,902dda87cc0ad672,403,1
sqli,login,3,58,9b58d60bd62eb53f,403,1
sqli,login,3,59,5e37688f9bd86433,403,1
sqli,login,3,60,b83dd54fef8d9f59,403,1
sqli,login,3,61,deaa256df38e1385,403,1
sqli,login,3,62,66303927fb3d99f5,403,1
sqli,login,3,63,7d27ae22c8aa1bc3,403,1
sqli,login,3,64,81c2880ccbab6759,403,1
sqli,login,3,65,a1ecd931431a1106,403,1
sqli,login,3,66,2b1ef026400c611a,403,1
sqli,login,3,67,c92cbc58fc3e520d,403,1
sqli,login,3,68,11db014409be3441,403,1
sqli,login,3,69,d02db28b2501b1ba,403,1
sqli,login,3,70,50f7bc1ddb0862a0,403,1
sqli,login,3,71,3d21112462eb693c,403,1
sqli,login,3,72,0faad42ab1c6addc,403,1
sqli,login,3,73,99eebf5fd934d8d2,403,1
sqli,login,3,74,17517cd12848a267,403,1
sqli,login,3,75,aa7e9694643bf943,403,1
sqli,login,3,76,1872034b982f889c,403,1
sqli,login,3,77,42640194a2af4d8b,403,1
sqli,login,3,78,7ea4a59117b39160,403,1
sqli,login,3,79,94e3cccaeb739de7,403,1
sqli,login,3,80,d77c642355b8df2c,403,1
sqli,login,3,81,4594fa168af9b83b,403,1
sqli,login,3,82,8f77a1e2ccfd5bef,403,1
sqli,login,3,83,0af31e318d861a50,403,1
sqli,login,3,84,76cb80decd909215,403,1
sqli,login,3,85,57fd1642d804504a,403,1
sqli,login,3,86,f18fcacf169d6cb5,403,1
sqli,login,3,87,664792e5afbc178d,403,1
sqli,login,3,88,35ea711630519328,403,1
sqli,login,3,89,9fd195df8ddb4066,403,1
sqli,login,3,90,337e856ea4053bae,403,1
sqli,login,3,91,8180b004a132dc19,403,1
sqli,login,3,92,4f7c2f61828c5c02,403,1
sqli,login,3,93,54be767c97ead394,403,1
sqli,login,3,94,75875aa015fb2b48,403,1
sqli,login,3,95,9f481c6ad19b78a3,403,1
sqli,login,3,96,a5b3e6272b06045a,403,1
sqli,login,3,97,c1831e781cc6730c,403,1
sqli,login,3,98,7440b84a0134e5ea,403,1
sqli,login,3,99,484a63f6ec6d0e04,403,1
sqli,login,3,100,a5be16268cf1f44d,403,1
sqli,login,3,101,92e87906dc1f38f6,403,1
sqli,login,3,102,261bc4e95c04183a,403,1
sqli,login,3,103,99989530f9fb6069,403,1
sqli,login,3,104,20c40d5c1d71ac3a,403,1
sqli,login,3,105,6df702c78a138e70,403,1
sqli,login,3,106,4dd32f4c26af38d8,403,1
sqli,login,3,107,e6fde89b9ce9d350,403,1
sqli,login,3,108,9155ea9688de051f,403,1
sqli,login,3,109,2263c96745566934,403,1
sqli,login,3,110,e3151d914d18aec6,403,1
sqli,login,3,111,ed3804da79998c9b,403,1
sqli,login,3,112,c613a67e34d71351,403,1
sqli,login,3,113,3e0630b6dd0b279b,403,1
sqli,login,3,114,2bf14f00ae85d40d,403,1
sqli,login,3,115,7afce44001fafcf2,403,1
sqli,login,3,116,69fa76a069ef66ba,403,1
sqli,login,3,117,c951dd72529e6af7,403,1
sqli,login,3,118,96bc41764da210f6,403,1
sqli,login,3,119,4fdb4bc52ecc4cf2,403,1
sqli,login,3,120,c3342744fc747570,403,1
sqli,login,3,121,aefa09bc376de2a5,403,1
sqli,login,3,122,f8f2135da31aa47c,403,1
sqli,login,3,123,ee6480a25686730a,403,1
sqli,login,3,124,b30868f063288390,403,1
sqli,login,3,125,cd1e9554f07ea111,403,1
sqli,login,3,126,90b01d66ce115488,403,1
sqli,login,3,127,37a3aa0c0382a908,403,1
sqli,login,3,128,793acb6caf315035,403,1
sqli,login,3,129,c696f5d936aede5f,403,1
sqli,login,3,130,ad2ca4d02d251fa9,403,1
sqli,login,3,131,8ff1bfdc937b1a4e,403,1
sqli,login,3,132,6a94532bf6b12fcc,403,1
sqli,login,3,133,584e3c20f1e524b0,403,1
sqli,login,3,134,719e209598c1e68a,403,1
sqli,login,3,135,bb7dd23c268fbec2,403,1
sqli,login,3,136,cbb0079dfff75b13,403,1
sqli,login,3,137,0e5ae3dfd5f8f840,403,1
sqli,login,3,138,e4cbcbfafc6ccbad,403,1
sqli,login,3,139,a188173bd5daed6c,403,1
sqli,login,3,140,3189239eee9a4780,403,1
sqli,login,3,141,92b87d9c207af9a6,403,1
sqli,login,3,142,0746be053c5ac975,403,1
sqli,login,3,143,460b44232cba8cdf,403,1
sqli,login,3,144,1c2903ce2924e358,403,1
sqli,login,3,145,9679a5d0079d2d44,403,1
sqli,login,3,146,ffe8a9682a6937bc,403,1
sqli,login,3,147,6095566ad0504758,403,1
sqli,login,3,148,3941b4fb1c6fa8fe,403,1
sqli,login,3,149,54b2041aaea32e7c,403,1
sqli,login,3,150,c18888b4a9541e41,403,1
sqli,login,3,151,96cacc7049dca9a6,403,1
sqli,login,3,152,2b18089be60d0f0a,403,1
sqli,login,3,153,3607b8016a8247cd,403,1
sqli,login,3,154,db8deefd4ec3008b,403,1
sqli,login,3,155,ed109c0a913f7129,403,1
sqli,login,3,156,27e8f17d88000cf5,403,1
sqli,login,3,157,4e33d8f6bbe272d1,403,1
sqli,login,3,158,cb2afdf4cbd060c8,403,1
sqli,login,3,159,54ba1a5de19b2948,403,1
sqli,login,3,160,a963624268b9e256,403,1
sqli,login,3,161,161ca8844bbaeb99,403,1
sqli,login,3,162,24cd8d3d46954ec0,403,1
sqli,login,3,163,f659137bed295832,403,1
sqli,login,3,164,d2f6d99872cca148,403,1
sqli,login,3,165,10cd503092b0af2f,403,1
sqli,login,3,166,0e2fe384f4bcde64,403,1
sqli,login,3,167,228edb02b6499d33,403,1
sqli,login,3,168,a6eb4f73c81fa0aa,403,1
sqli,login,3,169,5cb83bc91d7cfe3a,403,1
sqli,login,3,170,a7ef1309d8fb9193,403,1
sqli,login,3,171,8a632063ecf7a04a,403,1
sqli,login,3,172,44f2a00056b5755c,403,1
sqli,login,3,173,6c7cc30498448b65,403,1
sqli,login,3,174,593824ad7796e8da,403,1
sqli,login,3,175,a72dcd944870c353,403,1
sqli,login,3,176,121d83fff7dfb0aa,403,1
sqli,login,3,177,22538c9aeb6118e3,403,1
sqli,login,3,178,d613ae5655bd5d36,403,1
sqli,login,3,179,da1c8e9cf76be085,403,1
sqli,login,3,180,e4165dacd323ebc4,403,1
sqli,login,3,181,eb9a8eb824d4d201,403,1
sqli,login,3,182,96cb5fd1b662be09,403,1
sqli,login,3,183,c480c0d3a0c2ae81,403,1
sqli,login,3,184,450fad19055e1728,403,1
sqli,login,3,185,1314a30b21d58995,403,1
sqli,login,3,186,15f41fb0c776d116,403,1
sqli,login,3,187,16e0cf06cbbd7e34,403,1
sqli,login,3,188,d082b3f32263c9af,403,1
sqli,login,3,189,1714945cf8e8fd80,403,1
sqli,login,3,190,0f7cce4e68e0233b,403,1
sqli,login,3,191,325fd0cde177e6c2,403,1
sqli,login,3,192,6cf57e541bda05a1,403,1
sqli,login,3,193,5834e99ac9f4d3da,403,1
sqli,login,3,194,58c7160d991f19ef,403,1
sqli,login,3,195,51e1434b04f7ba6b,403,1
sqli,login,3,196,786c333536876a5f,403,1
sqli,login,3,197,a38e831562e387c8,403,1
sqli,login,3,198,6d3eda74442416fb,403,1
sqli,login,3,199,84e17d49d9f6721c,403,1
sqli,login,3,200,3b0c96deefa243c5,403,1
sqli,login,3,201,cfa15819e8e9e234,403,1
sqli,login,3,202,93b8e7b75688d490,403,1
sqli,login,3,203,9eb0a08bf47cc16c,403,1
sqli,login,3,204,82a9310fc3a2d29d,403,1
sqli,login,3,205,d6a24e45e0b466ba,403,1
sqli,login,3,206,b4defa742c4bf60b,403,1
sqli,login,3,207,04b00faf05fcf604,403,1
sqli,login,3,208,3c6b7da1295d502c,403,1
sqli,login,3,209,af4872a669b6a88e,403,1
sqli,login,3,210,42fecc21e8476031,403,1
sqli,login,3,211,1023926910ebd151,403,1
sqli,login,3,212,a7f0ab5ab0af1277,403,1
sqli,login,3,213,e2d9cf939e78ab32,403,1
sqli,login,3,214,a8bcfe0fefbc2202,403,1
sqli,login,3,215,6ec3a591add7b99e,403,1
sqli,login,3,216,d9e10fa1413803f2,403,1
sqli,login,3,217,88685611883d073f,403,1
sqli,login,3,218,bb1ac84c28f56e0d,403,1
sqli,login,3,219,4533004e6b77d103,403,1
sqli,login,3,220,a3e4a2e6230a9c29,403,1
sqli,login,3,221,275bffca4bc07e31,403,1
sqli,login,3,222,a5f2a89de32901ba,403,1
sqli,login,3,223,e355bcafa09d2c9f,403,1
sqli,login,3,224,6beabdb44d47f756,403,1
sqli,login,3,225,76cac7e4abe80af2,403,1
sqli,login,3,226,9a888631894cd4d5,403,1
sqli,login,3,227,e39686917751c9f8,403,1
sqli,login,3,228,15d96aab77822224,403,1
sqli,login,3,229,498ce89e5c78284d,403,1
sqli,login,3,230,987eb2b272b22c23,403,1
sqli,login,3,231,9f71c755ae5744c4,403,1
sqli,login,3,232,d6417422965d1769,403,1
sqli,login,3,233,4cee18d75d423f4b,403,1
sqli,login,3,234,493bcd779c586e2f,403,1
sqli,login,3,235,2e0c0b5fd85acad2,403,1
sqli,login,3,236,bd4a56a1cadd74a2,403,1
sqli,login,3,237,9174fceb518dbe67,403,1
sqli,login,3,238,e90273d24e2a6219,403,1
sqli,login,3,239,4b5b8beb838adfe4,403,1
sqli,login,3,240,4e14f9d9c1f64a7e,403,1
sqli,login,3,241,fd786cd1ab0d67bc,403,1
sqli,login,3,242,3804c624e3a1970c,403,1
sqli,login,3,243,3461d2cdd9a4d1be,403,1
sqli,login,3,244,f8f0992955936de9,403,1
sqli,login,3,245,8906daf7be33d4a5,403,1
sqli,login,3,246,b66c26128a50104a,403,1
sqli,login,3,247,4fc23eee8f6f9eab,403,1
sqli,login,3,248,dbaa55fd43f14343,403,1
sqli,login,3,249,a7bdbbe34597c91b,403,1
sqli,login,3,250,2eaa78af612c46aa,403,1
sqli,login,3,251,f6b04fc978e2dbfe,403,1
sqli,login,3,252,fe4654d23c82d0d6,403,1
sqli,login,3,253,0076bf0fbde781f5,403,1
sqli,login,3,254,2874bd63e0d976fa,403,1
sqli,login,3,255,a67e9a0d24a24f38,403,1
sqli,login,3,256,de6be4b4a19da5b5,403,1
sqli,login,3,257,09718af8f30b6b92,403,1
sqli,login,3,258,f5da4a13ddda0eaa,403,1
sqli,login,3,259,5be8c5547eaa455d,403,1
sqli,login,3,260,a9b289805f72db2b,403,1
sqli,login,3,261,80b9909028de5a91,403,1
sqli,login,3,262,547608616701121b,403,1
sqli,login,3,263,89b52ac5607552d0,403,1
sqli,login,3,264,b039e26ce5d08a33,403,1
sqli,login,3,265,d4d0a2ca79a0566b,403,1
sqli,login,3,266,de2feadc08cc178b,403,1
sqli,login,3,267,81e1d7591980a821,403,1
sqli,login,3,268,af0a829f36923269,403,1
sqli,login,3,269,4163d6496fce8182,403,1
sqli,login,3,270,2b6c22571ed73b30,403,1
sqli,login,3,271,ef036db5093ac0cd,403,1
sqli,login,3,272,37815bc9ab685045,403,1
sqli,login,3,273,c73d679278e3ae19,403,1
sqli,login,3,274,3f8b1dcd6df254fc,403,1
sqli,login,3,275,6ae401da6dc37ec9,403,1
sqli,login,3,276,c192f17cde195bc8,403,1
sqli,login,3,277,ba0e6f5b0e86dbe0,403,1
sqli,login,3,278,3666387c9ce4b554,403,1
sqli,login,3,279,f81925a3d88dd445,403,1
sqli,login,3,280,58c127c8c8b0d1e7,403,1
sqli,login,3,281,f75cb3c592247484,403,1
sqli,login,3,282,ff433140ce3815d2,403,1
sqli,login,3,283,4608c6feafb858e5,403,1
sqli,login,3,284,1dd96df4f71c700f,403,1
sqli,login,3,285,273d0c43dc9a59b6,403,1
sqli,login,3,286,f5de5e880616b280,403,1
sqli,login,3,287,308e995b63baf703,403,1
sqli,login,3,288,6c651a5dd95ff505,403,1
sqli,login,3,289,064c80cbb9aa4f24,403,1
sqli,login,3,290,c18f3b6362cf0825,403,1
sqli,login,3,291,eb572066a564230e,403,1
sqli,login,3,292,98ec93314a2aa6d0,403,1
sqli,login,3,293,8a0586f5b0f635be,403,1
sqli,login,3,294,0a9d2711e6f54781,403,1
sqli,login,3,295,0c39be53b713f258,403,1
sqli,login,3,296,3f756bc23ab1aa8e,403,1
sqli,login,3,297,7910c8a00a1d5a4b,403,1
sqli,login,3,298,15d1fa491614c869,403,1
sqli,login,3,299,5081472ecc42b889,403,1
sqli,login,3,300,b06912c361d285fc,403,1
sqli,login,3,301,ff6194a6fdb171ae,403,1
sqli,login,3,302,51bd816ab0b7899f,403,1
sqli,login,3,303,d73ce79fa1d14273,403,1
sqli,login,3,304,09e98c74c89d163d,403,1
sqli,login,3,305,bbbdda7de8616367,403,1
sqli,login,3,306,17c8c8fdee96eabb,403,1
sqli,login,3,307,06f07c7d16c94c24,403,1
sqli,login,3,308,e80aeb24ef19168d,403,1
sqli,login,3,309,7d5e6c26809ead81,403,1
sqli,login,3,310,f5a474eaeb605d28,403,1
sqli,login,3,311,fc3cb534fddedbe4,403,1
sqli,login,3,312,bccd68fffab943e5,403,1
sqli,login,3,313,3be1dd10e522bf84,403,1
sqli,login,3,314,4b856ca8747c8d57,403,1
sqli,login,3,315,f8d01e1fcf8c1c8b,403,1
sqli,login,3,316,9041d60c25f22143,403,1
sqli,login,3,317,7fcb949bc4a722a8,403,1
sqli,login,3,318,11415019e89a81eb,403,1
sqli,login,3,319,ac6a6c5e8498a246,403,1
sqli,login,3,320,086a4c1a667afc3f,403,1
sqli,login,3,321,571c3d333a251d12,403,1
sqli,login,3,322,cc1354d9f77efc39,403,1
sqli,login,3,323,2b2d881a71eae462,403,1
sqli,login,3,324,f6a9b8705287e7db,403,1
sqli,login,3,325,f991690d4b08a075,403,1
sqli,login,3,326,3ca2758cd12479f5,403,1
sqli,login,3,327,35eba1f7045279f7,403,1
sqli,login,3,328,488ba624f13ba1f8,403,1
sqli,login,3,329,54fad83ed8e2ca85,403,1
sqli,login,3,330,ab4c2446dd443337,403,1
sqli,login,3,331,9be4d2d168de10e2,403,1
sqli,login,3,332,a04120fed0578578,403,1
sqli,login,3,333,9b6d4a94b4524264,403,1
sqli,login,3,334,874dfef0774523a1,403,1
sqli,login,3,335,c0ba0336a0ead3dd,403,1
sqli,login,3,336,ab5a391afa65223d,403,1
sqli,login,3,337,4e15d391e95e1ce6,403,1
sqli,login,3,338,4f7166bdb57de13d,403,1
sqli,login,3,339,b5f7929fe535241c,403,1
sqli,login,3,340,b35d60748ceb5744,403,1
sqli,login,3,341,c1a09a97793ccc4d,403,1
sqli,login,3,342,d1883cd3c507b457,403,1
sqli,login,3,343,64b402c690a9d7c7,403,1
sqli,login,3,344,c3827dee6ddc8b9f,403,1
sqli,login,3,345,9bcccd69d70e5d06,403,1
sqli,login,3,346,993f085673f19da9,403,1
sqli,login,3,347,a7e473a892e86c40,403,1
sqli,login,3,348,07e9f467a9187539,403,1
sqli,login,3,349,0f19978a7242623d,403,1
sqli,login,3,350,8ff48a4642c6d173,403,1
sqli,login,3,351,7e65fe826ae326d5,403,1
sqli,login,3,352,f49c4a6432429c5b,403,1
sqli,login,3,353,81a29ef5638fa1a0,403,1
sqli,login,3,354,02b44b3779b10201,403,1
sqli,login,3,355,787a140b32651986,403,1
sqli,login,3,356,6b9d4ca41a1e6f8a,403,1
sqli,login,3,357,e1b8d0a520cb0264,403,1
sqli,login,3,358,086e1822135c7a3b,403,1
sqli,login,3,359,8b3505fbe58c2fee,403,1
sqli,login,3,360,8988e7e5b55c432c,403,1
sqli,login,3,361,f3fa0d9f411ed7d6,403,1
sqli,login,3,362,20492810030ca989,403,1
sqli,login,3,363,80de2950de9a8734,403,1
sqli,login,3,364,51b713ee3c918263,403,1
sqli,login,3,365,bab1b07846fcc729,403,1
sqli,login,3,366,6387eb40751e1c8e,403,1
sqli,login,3,367,5f096372f10de406,403,1
sqli,login,3,368,29fcfadc60ad9a3d,403,1
sqli,login,3,369,f3fe8de3aafb624d,403,1
sqli,login,3,370,68f34e86f5d9299a,403,1
sqli,login,3,371,6c6b0125b336580e,403,1
sqli,login,3,372,4a6d13fb89cdf2cc,403,1
sqli,login,3,373,6969ed19b5f8ed59,403,1
sqli,login,3,374,2f688b1debd3ecb6,403,1
sqli,login,3,375,1e5840317e855121,403,1
sqli,login,3,376,56bea5737caf8052,403,1
sqli,login,3,377,7a7a9b1e59b51329,403,1
sqli,login,3,378,9b34a0d57a1f2cdc,403,1
sqli,login,3,379,235b3b41b5d78071,403,1
sqli,login,3,380,7c226c994c519404,403,1
sqli,login,3,381,8c3d7d86e11b1bd0,403,1
sqli,login,3,382,92cc331873167ff7,403,1
sqli,login,3,383,7d495312ef0681e8,403,1
sqli,login,3,384,5dd5edae8749c20c,403,1
sqli,login,3,385,b7b126facafc6a27,403,1
sqli,login,3,386,bf86f4950cca0c9c,403,1
sqli,login,3,387,3a4f47392d7ea00e,403,1
sqli,login,3,388,62c25d5bfa3ab787,403,1
sqli,login,3,389,2824dad44d75bf1a,403,1
sqli,login,3,390,4b7be7822ef0a714,403,1
sqli,login,3,391,cfa54a673a9f0b1f,403,1
sqli,login,3,392,f6a525a19b6d7ead,403,1
sqli,login,3,393,7036c1ac75c2f181,403,1
sqli,login,3,394,9fca3281ec224383,403,1
sqli,login,3,395,3b0cf4a054d7866d,403,1
sqli,login,3,396,7961002fc1d7ea41,403,1
sqli,login,3,397,d54cc302a50ef0dc,403,1
sqli,login,3,398,dafb6512a9fbb49d,403,1
sqli,login,3,399,ce39e72b517b3a7b,403,1
sqli,login,3,400,39ac55fc5e8f6fd4,403,1
sqli,login,3,401,a06aa4094bbe8203,403,1
sqli,login,3,402,9df3f6ea889f0f4f,403,1
sqli,login,3,403,c9ad7dac3ff719a3,403,1
sqli,login,3,404,6b46964f7b0a7672,403,1
sqli,login,3,405,e4cb047c3e6672f5,403,1
sqli,login,3,406,a321dd91de09c0da,403,1
sqli,login,3,407,7fba241466bcc070,403,1
sqli,login,3,408,6111afd1810380e9,403,1
sqli,login,3,409,dfe2abb3bef03431,403,1
sqli,login,3,410,c6aed9d7b16cf109,403,1
sqli,login,3,411,76344ce586652a23,403,1
sqli,login,3,412,7b452cc85322ac7c,403,1
sqli,login,3,413,11eba8c931ea6847,403,1
sqli,login,3,414,c5195c49fd07f36d,403,1
sqli,login,3,415,0f6648b44517fe0f,403,1
sqli,login,3,416,46c71f0d570c96ba,403,1
sqli,login,3,417,81520f8ac766393c,403,1
sqli,login,3,418,410f3f8cfa73f2e7,403,1
sqli,login,3,419,19ba6531b5be1b68,403,1
sqli,login,3,420,aac1b185ff9be439,403,1
sqli,login,3,421,24310c255262b29d,403,1
sqli,login,3,422,6524bf583c52cee8,403,1
sqli,login,3,423,8e42b1576c7ece98,403,1
sqli,login,3,424,50b16ac063e84ad0,403,1
sqli,login,3,425,0dca4baa9a9cf736,403,1
sqli,login,3,426,04eea897a177e876,403,1
sqli,login,3,427,c3f5306a042d5799,403,1
sqli,login,3,428,8660bfd9e4ea8571,403,1
sqli,login,3,429,c2e9e7863904d236,403,1
sqli,login,3,430,bfde03a46e54c8ce,403,1
sqli,login,3,431,77d241309a6b607c,403,1
sqli,login,3,432,114ac1426f852fbd,403,1
sqli,login,3,433,9ac055e0a7a8bea2,403,1
sqli,login,3,434,905c0a4121e10209,403,1
sqli,login,3,435,f61b6e26cc9ef199,403,1
sqli,login,3,436,6de5dad0617024ae,403,1
sqli,login,3,437,162f0e77c88e8471,403,1
sqli,login,3,438,94c894f77054a0e6,403,1
sqli,login,3,439,d205494daf571b82,403,1
sqli,login,3,440,5b7a8ec1da1bcf81,403,1
sqli,login,3,441,eab4898e1874e944,403,1
sqli,login,3,442,f4b89b328d02364d,403,1
sqli,login,3,443,f376e461fb1532c8,403,1
sqli,login,3,444,43e8f45f3aae2783,403,1
sqli,login,3,445,cd937c48484f3d55,403,1
sqli,login,3,446,01e6095f9c6cc00a,403,1
sqli,login,3,447,f65358d0725259f9,403,1
sqli,login,3,448,006e1c4ccf560184,403,1
sqli,login,3,449,bd48fa1bc64e5633,403,1
sqli,login,3,450,e5c82c69f22c1289,403,1
sqli,login,4,0,3abfe532e59818c2,403,1
sqli,login,4,1,c066fbf283e13c63,200,0
sqli,login,4,2,f9e90244ebdd7d03,403,1
sqli,login,4,3,4b6b3ea1e6bb6914,403,1
sqli,login,4,4,62b9cd095776c89a,403,1
sqli,login,4,5,799e6822c1a4e7be,403,1
sqli,login,4,6,bf1f32cf15653270,403,1
sqli,login,4,7,7067f253ba2c745e,403,1
sqli,login,4,8,49c302e1b1d34ccb,200,0
sqli,login,4,9,36346b86d2c23b69,403,1
sqli,login,4,10,d503ca9a89c01ba1,403,1
sqli,login,4,11,e3bb61a5f53e8365,403,1
sqli,login,4,12,662672061fef01e1,403,1
sqli,login,4,13,37479067b1617939,403,1
sqli,login,4,14,4748b150f30e9d2f,403,1
sqli,login,4,15,43c89bd0007b85e1,200,0
sqli,login,4,16,9a011e233ef58d77,403,1
sqli,login,4,17,92ceaf1c26cb1f63,403,1
sqli,login,4,18,b4c0b7c8811d8b2e,403,1
sqli,login,4,19,7ef1bd86db83b19d,403,1
sqli,login,4,20,2cafafa51560bc74,403,1
sqli,login,4,21,762b2b8f422c6777,200,0
sqli,login,4,22,6a5db726fc3a2bb9,403,1
sqli,login,4,23,a89cd47e83cbd090,403,1
sqli,login,4,24,7cf164bb60af0538,403,1
sqli,login,4,25,9be9d6608c1addef,403,1
sqli,login,4,26,091df1c92da41825,403,1
sqli,login,4,27,8945d571a350f5d2,403,1
sqli,login,4,28,d5583653c9f1ea54,403,1
sqli,login,4,29,8d0b51d4adb114e8,403,1
sqli,login,4,30,72da6c61c6703192,200,0
sqli,login,4,31,9fe29db5cd4b2744,403,1
sqli,login,4,32,15235cb079ac205e,403,1
sqli,login,4,33,cc9f1426cc942d3c,403,1
sqli,login,4,34,63ee2c4b557d18a9,403,1
sqli,login,4,35,6bbb7ec50f7160ee,403,1
sqli,login,4,36,2cad042f19ebcde1,403,1
sqli,login,4,37,c0d9995ec42f51da,403,1
sqli,login,4,38,93fa8521588b96fd,403,1
sqli,login,4,39,6d74fca88ddeaabb,403,1
sqli,login,4,40,76787403bc5edb4a,403,1
sqli,login,4,41,2596230268b31057,403,1
sqli,login,4,42,af42ec46ac8257e2,403,1
sqli,login,4,43,b24f9e712b5e7ac5,403,1
sqli,login,4,44,cd6535f2ba68aca7,403,1
sqli,login,4,45,7b19515a6b182c21,403,1
sqli,login,4,46,75586596332432a9,403,1
sqli,login,4,47,ae959f53bbe40eeb,403,1
sqli,login,4,48,52a0c28984453233,403,1
sqli,login,4,49,90cb6bd2445898eb,403,1
sqli,login,4,50,e85058288ad583af,403,1
sqli,login,4,51,3bb1fc01e4f6f413,403,1
sqli,login,4,52,337e2bb0fadd941d,403,1
sqli,login,4,53,71a0ca0175dc9322,403,1
sqli,login,4,54,8014791f2e97d907,403,1
sqli,login,4,55,6b0afdd52d304d04,403,1
sqli,login,4,56,57218b49938a5ca5,403,1
sqli,login,4,57,4da53372ed8aabce,403,1
sqli,login,4,58,55b71cb3c22d9c87,403,1
sqli,login,4,59,32894852f6efdca9,403,1
sqli,login,4,60,ed4e237f3b6eeea9,403,1
sqli,login,4,61,99aca924e69f05c4,403,1
sqli,login,4,62,92a427abd81da47a,403,1
sqli,login,4,63,7087cb23a0f4f8fa,403,1
sqli,login,4,64,803f802e3282b8b7,403,1
sqli,login,4,65,d8a54a9856b86837,200,0
sqli,login,4,66,919d3bc9ffca3257,403,1
sqli,login,4,67,c6c6fffdaa0de63b,403,1
sqli,login,4,68,0c4a9d352221a11b,403,1
sqli,login,4,69,7c5f79bdc5112c5f,403,1
sqli,login,4,70,1f122227b5b8bf33,403,1
sqli,login,4,71,01b3e7f8f43949c4,403,1
sqli,login,4,72,3005219a9728ad5d,403,1
sqli,login,4,73,c84bddef43023f71,403,1
sqli,login,4,74,9d5fe125a8caf08b,403,1
sqli,login,4,75,de4f2fb8e4d4fea4,403,1
sqli,login,4,76,793a3095508baea7,403,1
sqli,login,4,77,c076a71da5c28854,403,1
sqli,login,4,78,77fadb9b9ad11938,403,1
sqli,login,4,79,ff5ef2b17049c37e,403,1
sqli,login,4,80,2fbd344f39712831,403,1
sqli,login,4,81,bc1e99f9a06892d8,403,1
sqli,login,4,82,a93941e43ea5fde8,403,1
sqli,login,4,83,af60bf2b0d28e75e,403,1
sqli,login,4,84,a40f6c668f7e80bd,403,1
sqli,login,4,85,72b6a34980b9b7b1,403,1
sqli,login,4,86,b8aeb4b24b6ee5db,403,1
sqli,login,4,87,8d5ca1910d982979,403,1
sqli,login,4,88,5273fbf76c4b39fa,403,1
sqli,login,4,89,d7d24a9cdd16ed5a,403,1
sqli,login,4,90,63b7d4dbd36bff4e,403,1
sqli,login,4,91,67e77cc494273255,403,1
sqli,login,4,92,2aa83e7756bdd456,403,1
sqli,login,4,93,223954989b2a92f2,403,1
sqli,login,4,94,a13027892d7dcd8a,403,1
sqli,login,4,95,74f8be6498cf970f,403,1
sqli,login,4,96,51250bfc2e91bb10,403,1
sqli,login,4,97,8fb703750c7cd4c8,403,1
sqli,login,4,98,b04b6ff7eadd558b,403,1
sqli,login,4,99,2cedcfa53433acde,403,1
sqli,login,4,100,59d72370f0dbe65f,403,1
sqli,login,4,101,481ba820f7864e1e,403,1
sqli,login,4,102,4dffc1b86579925c,403,1
sqli,login,4,103,a7c2d9719a30124e,403,1
sqli,login,4,104,a69b0032887b9ab2,403,1
sqli,login,4,105,b141aab31f473530,403,1
sqli,login,4,106,cf67aaacd456e8a1,403,1
sqli,login,4,107,ba44371f05c10f64,403,1
sqli,login,4,108,6220d4bbdfdb6116,403,1
sqli,login,4,109,ab4691ced938e09c,403,1
sqli,login,4,110,ce47ae19f892a60f,403,1
sqli,login,4,111,9be23c6271a84a18,403,1
sqli,login,4,112,a6f33f9086814bdf,403,1
sqli,login,4,113,7d09b50c39781137,403,1
sqli,login,4,114,271d8e39103a4fa7,403,1
sqli,login,4,115,61135c25ab38c422,403,1
sqli,login,4,116,7853592082e92dda,403,1
sqli,login,4,117,723ae8058b98a4b9,403,1
sqli,login,4,118,089b6f018de8f59e,403,1
sqli,login,4,119,037feb068f9381c0,403,1
sqli,login,4,120,370e3b7604149570,403,1
sqli,login,4,121,0e168b67a099017b,403,1
sqli,login,4,122,ac580f53afe70b65,403,1
sqli,login,4,123,7071debb008aa2ff,403,1
sqli,login,4,124,7a6ed97e01f9d152,403,1
sqli,login,4,125,01d269063b9e16ee,403,1
sqli,login,4,126,7034492d1eaf97c9,403,1
sqli,login,4,127,87d7b2aae059c8a1,403,1
sqli,login,4,128,47c1644ffc4105ac,403,1
sqli,login,4,129,074fae3acec0d54a,403,1
sqli,login,4,130,bf56329f4b17b212,403,1
sqli,login,4,131,b72fafb460969b90,403,1
sqli,login,4,132,02b7f5b66c886116,403,1
sqli,login,4,133,bf4db6ffb2d7b640,403,1
sqli,login,4,134,95a4e11b327bca4e,403,1
sqli,login,4,135,8eeb7c26ffc6ef42,403,1
sqli,login,4,136,a7ef207b5e687222,403,1
sqli,login,4,137,6d7e472570d22413,403,1
sqli,login,4,138,7663b39b86b2f729,403,1
sqli,login,4,139,d744f4024c3a9262,403,1
sqli,login,4,140,e36eaf75c00de60c,403,1
sqli,login,4,141,e8f2ebae470eb8d7,403,1
sqli,login,4,142,0a77dee97510f17a,403,1
sqli,login,4,143,c7356424123358f9,403,1
sqli,login,4,144,84078544fad1bed8,403,1
sqli,login,4,145,83b86286f3583e75,403,1
sqli,login,4,146,71033a4fc817103b,403,1
sqli,login,4,147,4c2f2db3192976ed,403,1
sqli,login,4,148,f129a8137a92995b,403,1
sqli,login,4,149,25dd18bfa9702584,403,1
sqli,login,4,150,87906c1227573bef,403,1
sqli,login,4,151,c5639cf02c5ba2b8,403,1
sqli,login,4,152,8b09247c2741d265,403,1
sqli,login,4,153,38477de2d4385bb7,403,1
sqli,login,4,154,ca9524f19f0bd436,403,1
sqli,login,4,155,8b902331fbe896da,403,1
sqli,login,4,156,6be24963df90691c,403,1
sqli,login,4,157,265f2185055b8583,403,1
sqli,login,4,158,f25ea606c72489e2,403,1
sqli,login,4,159,8c35280bd9d49261,403,1
sqli,login,4,160,af1eebc4de9308a7,403,1
sqli,login,4,161,0f4c0269a7309586,403,1
sqli,login,4,162,37ff8f81b9d7b1bd,403,1
sqli,login,4,163,1969893f5f0da300,403,1
sqli,login,4,164,b46b2c2bc15d2582,403,1
sqli,login,4,165,3f199207a81617e0,403,1
sqli,login,4,166,a1cf897496d16112,403,1
sqli,login,4,167,2ad3d41ee55448b5,403,1
sqli,login,4,168,f7f3eb348bc704c6,403,1
sqli,login,4,169,f8efb6182939a2d2,403,1
sqli,login,4,170,d093a5c89bd9320d,403,1
sqli,login,4,171,a56742c085634d56,403,1
sqli,login,4,172,663d62443ab03176,403,1
sqli,login,4,173,4643d565f76a066a,403,1
sqli,login,4,174,7bd41cdd2be60a1d,403,1
sqli,login,4,175,f0bc4555758eb808,403,1
sqli,login,4,176,d2e332ffbb6471be,403,1
sqli,login,4,177,ce1432923392619e,403,1
sqli,login,4,178,91d12b5f1577db54,403,1
sqli,login,4,179,d3693e3c71a68a19,403,1
sqli,login,4,180,3e5c3658526b2cc6,403,1
sqli,login,4,181,79d6900781515ee6,403,1
sqli,login,4,182,33c68799fdb5412b,403,1
sqli,login,4,183,5bb80bbcec88af43,403,1
sqli,login,4,184,b6cbac0a3cd0f651,403,1
sqli,login,4,185,7d150116e9479ba3,403,1
sqli,login,4,186,222947902f3d3380,403,1
sqli,login,4,187,f3404915687470cf,403,1
sqli,login,4,188,98db45e02b3d0d60,403,1
sqli,login,4,189,3e36b16c5dc9c2a3,403,1
sqli,login,4,190,35db6b197e4e827c,403,1
sqli,login,4,191,e63e7c84885b302b,403,1
sqli,login,4,192,2b8879ed17e1b8f5,403,1
sqli,login,4,193,7908312b1553d8db,403,1
sqli,login,4,194,714d51e11b4fb32d,403,1
sqli,login,4,195,1ab7b41bb49c1c14,403,1
sqli,login,4,196,c768355d230a4935,403,1
sqli,login,4,197,5eb30d755046c036,403,1
sqli,login,4,198,64606904215e861d,403,1
sqli,login,4,199,707ea7825a12e99a,403,1
sqli,login,4,200,5b0b7a5a6c0a0666,403,1
sqli,login,4,201,174508cc53f07a79,403,1
sqli,login,4,202,6972cf78f8a91a04,403,1
sqli,login,4,203,a6a05a59accb0f73,403,1
sqli,login,4,204,19c9e294c8b9826c,403,1
sqli,login,4,205,467a2d39a3cf27a2,403,1
sqli,login,4,206,beed6577ca2aca56,403,1
sqli,login,4,207,908257736dc0eaa8,403,1
sqli,login,4,208,07ba71ed29daf58e,403,1
sqli,login,4,209,bc7d7f5f156fb7fe,403,1
sqli,login,4,210,a4dd25089f33a878,403,1
sqli,login,4,211,28b325246ef1da03,403,1
sqli,login,4,212,a4258bf77bc66cc8,403,1
sqli,login,4,213,51b63b18d08662d0,403,1
sqli,login,4,214,5b1ad2728ae9ae2b,403,1
sqli,login,4,215,438234323b499416,403,1
sqli,login,4,216,f39845ea77750050,403,1
sqli,login,4,217,838154be27f7ef22,403,1
sqli,login,4,218,1160f6cb23c9c072,403,1
sqli,login,4,219,f1ac8247b0bc419f,403,1
sqli,login,4,220,7b7b0120eba0ed25,403,1
sqli,login,4,221,ffab56688f9475e0,403,1
sqli,login,4,222,1f912ed9d5baab01,403,1
sqli,login,4,223,c2f10df7271b3654,403,1
sqli,login,4,224,a51421ebad387d2d,403,1
sqli,login,4,225,ee4bb07836293700,403,1
sqli,login,4,226,f08f528e6bbfa215,403,1
sqli,login,4,227,b858c53b97f1cab3,403,1
sqli,login,4,228,d40ca0814fa5adc0,403,1
sqli,login,4,229,6ae149cc9acfe6e9,403,1
sqli,login,4,230,47cd07e903c8c97a,403,1
sqli,login,4,231,ed444204e16c0c61,403,1
sqli,login,4,232,62050b2e7c95dfb0,403,1
sqli,login,4,233,2a29913436e06c7d,403,1
sqli,login,4,234,dd602847f20784d4,403,1
sqli,login,4,235,d920cd7f310bb7e2,403,1
sqli,login,4,236,49e66a8521ed4248,403,1
sqli,login,4,237,73e8dc1710e59d85,403,1
sqli,login,4,238,8521e3814edf548a,403,1
sqli,login,4,239,be919294ac50df0c,403,1
sqli,login,4,240,416b98ff0fb7bbab,403,1
sqli,login,4,241,2a3a6332c8606a2d,403,1
sqli,login,4,242,9b4319ceba226e08,403,1
sqli,login,4,243,c83974430a59f6c9,403,1
sqli,login,4,244,24a857a9ee2cfcaf,403,1
sqli,login,4,245,7d96d715c1ed692e,403,1
sqli,login,4,246,69460000fdc61a0d,403,1
sqli,login,4,247,325098832df8bbb6,403,1
sqli,login,4,248,cf57b2b99f062377,403,1
sqli,login,4,249,c06fe91018ffe214,403,1
sqli,login,4,250,b255d126a9c4930c,403,1
sqli,login,4,251,941da8c88980d8a3,403,1
sqli,login,4,252,a7040c0989d25d76,403,1
sqli,login,4,253,780bc8adcd4ae14e,403,1
sqli,login,4,254,cf313b14ef2e5aa0,403,1
sqli,login,4,255,8e80f0d22e06ea94,403,1
sqli,login,4,256,c4014febf4c37369,403,1
sqli,login,4,257,5bb80bbcec88af43,403,1
sqli,login,4,258,89113a93b4e9cb51,403,1
sqli,login,4,259,1d6a7ccb00e7c7d4,403,1
sqli,login,4,260,18159fdca8f9414d,403,1
sqli,login,4,261,96b5508f35648959,403,1
sqli,login,4,262,2139992ab63ca8a1,403,1
sqli,login,4,263,09ea5ce2d276eda1,403,1
sqli,login,4,264,91193698c30145c6,403,1
sqli,login,4,265,09bcffb16d587c07,403,1
sqli,login,4,266,bc2d240b06c1005b,403,1
sqli,login,4,267,13a97f60f1034d8b,403,1
sqli,login,4,268,2778e9d0325eef55,403,1
sqli,login,4,269,16bc603982f6121a,403,1
sqli,login,4,270,ab8e5dd04a44b98c,403,1
sqli,login,4,271,f9752444225b1edb,403,1
sqli,login,4,272,7421857feaae7ee1,403,1
sqli,login,4,273,797ed596333bb15f,403,1
sqli,login,4,274,65a010d4926dfff7,403,1
sqli,login,4,275,c0ff07c18f7577b0,403,1
sqli,login,4,276,d49e344087cb5477,403,1
sqli,login,4,277,49104c36487ea95d,403,1
sqli,login,4,278,f0009ac7cc66739c,403,1
sqli,login,4,279,db629b269f13a7b2,403,1
sqli,login,4,280,cbbfd5773efcc802,403,1
sqli,login,4,281,67d5c55f5e102924,403,1
sqli,login,4,282,ec3ed4f179c1fa46,403,1
sqli,login,4,283,4a3a6f48bc63d74e,403,1
sqli,login,4,284,52fa7db9508486dc,403,1
sqli,login,4,285,c374db1a2c200d55,403,1
sqli,login,4,286,a438bf62931a7e83,403,1
sqli,login,4,287,02bef2208d02307a,403,1
sqli,login,4,288,05414c9a1a2a51af,403,1
sqli,login,4,289,0fc2dac10c6debad,403,1
sqli,login,4,290,3ce9562af3760d05,403,1
sqli,login,4,291,6ad22c4d3e6028ef,403,1
sqli,login,4,292,8ccd45e00caeffca,403,1
sqli,login,4,293,14186be469582afe,403,1
sqli,login,4,294,ff9db8f54faf97f0,403,1
sqli,login,4,295,bf91a1e70359d37e,403,1
sqli,login,4,296,17516116e0666f80,403,1
sqli,login,4,297,f421d2853b3dd505,403,1
sqli,login,4,298,4463f5f4495261c3,403,1
sqli,login,4,299,8eb8f261c156fd2b,403,1
sqli,login,4,300,15cfbb5d09e327f7,403,1
sqli,login,4,301,e2ebfd27509ca439,403,1
sqli,login,4,302,efe36b7761a19bad,403,1
sqli,login,4,303,32a4e9f32aefcd50,403,1
sqli,login,4,304,1aba84ea677342ee,403,1
sqli,login,4,305,dcba22a4266ffd64,403,1
sqli,login,4,306,67790d956b853e14,403,1
sqli,login,4,307,b009de471feb2b70,403,1
sqli,login,4,308,f6152c4bf2a2827f,403,1
sqli,login,4,309,f769f6b3a7754bc4,403,1
sqli,login,4,310,474e5b30ff124015,403,1
sqli,login,4,311,67ef6974d38b8e1e,403,1
sqli,login,4,312,ac8fddbb886e4023,403,1
sqli,login,4,313,7470006a5c186441,403,1
sqli,login,4,314,41616dec126d03e0,403,1
sqli,login,4,315,09e404d228368450,403,1
sqli,login,4,316,715e9188468bad81,403,1
sqli,login,4,317,644eca02b02bd528,403,1
sqli,login,4,318,7878315f1897cda8,403,1
sqli,login,4,319,f8908815ee51c937,403,1
sqli,login,4,320,e007673c324f6b5f,403,1
sqli,login,4,321,7e37d882a385c839,403,1
sqli,login,4,322,ba719c3531fab33a,403,1
sqli,login,4,323,d2f0b47841bb323f,403,1
sqli,login,4,324,fd141602ce04288f,403,1
sqli,login,4,325,d583eba336b7ea7c,403,1
sqli,login,4,326,b5c3c0799dc77a27,403,1
sqli,login,4,327,5a9b785a831e5a48,403,1
sqli,login,4,328,2b7f8436c159191a,403,1
sqli,login,4,329,30d0c872569e2b8f,403,1
sqli,login,4,330,9e96842da9a0bb56,403,1
sqli,login,4,331,7f4c08a85e2b1c3a,403,1
sqli,login,4,332,2e228659b9685495,403,1
sqli,login,4,333,bc382d3a2b3e30ad,403,1
sqli,login,4,334,17e0f322743f0835,403,1
sqli,login,4,335,753df89de6379869,403,1
sqli,login,4,336,c0d8f40c268b009e,403,1
sqli,login,4,337,ee7bbb6a7c6953a7,403,1
sqli,login,4,338,13bf380cafc7c9fa,403,1
sqli,login,4,339,7c40f5041f09bd31,403,1
sqli,login,4,340,269f78d00d26f273,403,1
sqli,login,4,341,5bbc1b7a2bc126b8,403,1
sqli,login,4,342,086c1e983f8bc8c9,403,1
sqli,login,4,343,9ce83ce0904c5d46,403,1
sqli,login,4,344,6a5dc60c54223ef1,403,1
sqli,login,4,345,b701822c1c81a343,403,1
sqli,login,4,346,48a733514f98763a,403,1
sqli,login,4,347,c6f688edfffd5e09,403,1
sqli,login,4,348,582e8a38a436b56f,403,1
sqli,login,4,349,782b35772cfb2c74,403,1
sqli,login,4,350,9e5487f9a1356ec2,403,1
sqli,login,4,351,a6afd83543e3a752,403,1
sqli,login,4,352,6df3b13f4e52e33f,403,1
sqli,login,4,353,15eb268508b71aa7,403,1
sqli,login,4,354,dced26069c6f9d6e,403,1
sqli,login,4,355,f7894ac020fb9a0c,403,1
sqli,login,4,356,84aa9b85bd4acdc4,403,1
sqli,login,4,357,f764c106774db886,403,1
sqli,login,4,358,e90fd3782d7545e3,403,1
sqli,login,4,359,31af0f9c678495df,403,1
sqli,login,4,360,46e6a3c592f026f6,403,1
sqli,login,4,361,07a49a2ca5725811,403,1
sqli,login,4,362,ea8878ea164520f3,403,1
sqli,login,4,363,73fe5cbb2af1280d,403,1
sqli,login,4,364,523505c7544c54c6,403,1
sqli,login,4,365,bdb843cbd5f8bc2b,403,1
sqli,login,4,366,e476123cd63a354e,403,1
sqli,login,4,367,a87a15ac5c7fd5c2,403,1
sqli,login,4,368,bc3b1292bfb1cd12,403,1
sqli,login,4,369,dc95842bb649e3c6,403,1
sqli,login,4,370,14fc9d2f6524dbc2,403,1
sqli,login,4,371,63bd278664fa1893,403,1
sqli,login,4,372,6418ff0644a1ddbe,403,1
sqli,login,4,373,15a15ea78008cc51,403,1
sqli,login,4,374,085d3729237aaede,403,1
sqli,login,4,375,e971675f625ed9f4,403,1
sqli,login,4,376,783bb54afc921113,403,1
sqli,login,4,377,6027fd1b04c7859b,403,1
sqli,login,4,378,24fc0292398d35ac,403,1
sqli,login,4,379,1ee5fd52b0a3273d,403,1
sqli,login,4,380,6bba0c0c19d55d88,403,1
sqli,login,4,381,8d2bc35bc8d70479,403,1
sqli,login,4,382,4ccf3b1924efd0ee,403,1
sqli,login,4,383,9c7d0acddc7c9ff0,403,1
sqli,login,4,384,a9c3a95d53ed04a6,403,1
sqli,login,4,385,269f78d00d26f273,403,1
sqli,login,4,386,5bbc1b7a2bc126b8,403,1
sqli,login,4,387,086c1e983f8bc8c9,403,1
sqli,login,4,388,9ce83ce0904c5d46,403,1
sqli,login,4,389,6a5dc60c54223ef1,403,1
sqli,login,4,390,b701822c1c81a343,403,1
sqli,login,4,391,48a733514f98763a,403,1
sqli,login,4,392,c6f688edfffd5e09,403,1
sqli,login,4,393,582e8a38a436b56f,403,1
sqli,login,4,394,782b35772cfb2c74,403,1
sqli,login,4,395,9e5487f9a1356ec2,403,1
sqli,login,4,396,a6afd83543e3a752,403,1
sqli,login,4,397,6df3b13f4e52e33f,403,1
sqli,login,4,398,15eb268508b71aa7,403,1
sqli,login,4,399,1bea7c01f0cea26c,403,1
sqli,login,4,400,6aa78b571531eeaf,403,1
sqli,login,4,401,59fb41d8108f8c72,403,1
sqli,login,4,402,f5a9c58290890314,403,1
sqli,login,4,403,c65296e1a447c862,403,1
sqli,login,4,404,c2d20623159cdb3c,403,1
sqli,login,4,405,475f86bb6eef6405,403,1
sqli,login,4,406,137d9e2fdd93ed8e,403,1
sqli,login,4,407,00b60e21e06d7834,403,1
sqli,login,4,408,32f737f86f0a1304,403,1
sqli,login,4,409,7d108ad6e70c4285,403,1
sqli,login,4,410,ef19ab666b8596af,403,1
sqli,login,4,411,fbd99f802b4ea468,403,1
sqli,login,4,412,bd79494c9c2be977,403,1
sqli,login,4,413,b38d22b198d29e17,403,1
sqli,login,4,414,b55a04ecd25b762f,403,1
sqli,login,4,415,565a4f160e1743c0,403,1
sqli,login,4,416,210e11fb06d36e91,403,1
sqli,login,4,417,4d54c3ac344f0c6b,403,1
sqli,login,4,418,8e1dd2302e506ea9,403,1
sqli,login,4,419,20849607dcd659dc,403,1
sqli,login,4,420,62e09851535cb264,403,1
sqli,login,4,421,3a544c720dd9eb85,403,1
sqli,login,4,422,faa887fceec5b52f,403,1
sqli,login,4,423,840670cccfcb03b1,403,1
sqli,login,4,424,ba69e5ea195ab5bd,403,1
sqli,login,4,425,85ca2fac70f76415,403,1
sqli,login,4,426,82d3753e721a8166,403,1
sqli,login,4,427,1b08c445192b925d,403,1
sqli,login,4,428,d672baaa437d3ec6,403,1
sqli,login,4,429,79b35c745fad5909,403,1
sqli,login,4,430,4f60b9f5894ebc1f,403,1
sqli,login,4,431,73dcfae8519fd131,403,1
sqli,login,5,0,c066fbf283e13c63,200,0
sqli,login,5,1,d89e69d8bf146f0d,403,1
sqli,login,5,2,4f82a7211dd0983c,403,1
sqli,login,5,3,3abfe532e59818c2,403,1
sqli,login,5,4,f9e90244ebdd7d03,403,1
sqli,login,5,5,0a60902ac53f3014,403,1
sqli,login,5,6,3d2ac9b647ca9512,403,1
sqli,login,5,7,6a5db726fc3a2bb9,403,1
sqli,login,5,8,21bae563605df920,403,1
sqli,login,5,9,ac98a2bda0d83070,403,1
sqli,login,5,10,cfccae9f5029aa1f,403,1
sqli,login,5,11,9a94c7329c74b3f6,200,0
sqli,login,5,12,375e79a1cf525185,403,1
sqli,login,5,13,62b9cd095776c89a,403,1
sqli,login,5,14,e228b04a4a9e4669,200,0
sqli,login,5,15,541d7018382a36c0,403,1
sqli,login,5,16,326256c66c7e7228,200,0
sqli,login,5,17,30de6070d7161130,403,1
sqli,login,5,18,cff8f23c04c7fe18,403,1
sqli,login,5,19,1a12d08b8c47eda0,200,0
sqli,login,5,20,9a011e233ef58d77,403,1
sqli,login,5,21,a0167c62cf4822de,403,1
sqli,login,5,22,7640d40a46330e5f,403,1
sqli,login,5,23,c08f6aa334c79222,200,0
sqli,login,5,24,6c00c613db8f4796,403,1
sqli,login,5,25,c35285c347053617,403,1
sqli,login,5,26,5647352ad9d4ba7d,403,1
sqli,login,5,27,ee44cb711400dc04,403,1
sqli,login,5,28,d30d4b8e9a21f369,403,1
sqli,login,5,29,09a2b27801d9010b,200,0
sqli,login,5,30,b3c33519d0ea0897,403,1
sqli,login,5,31,bf0da669e1378244,403,1
sqli,login,5,32,f7b0ad895f9c1581,403,1
sqli,login,5,33,51dd9e27eeaebc86,200,0
sqli,login,5,34,02c9b3e447d2a5b6,403,1
sqli,login,5,35,b96aa3dd8024967b,403,1
sqli,login,5,36,1b9dcccc96d43a03,403,1
sqli,login,5,37,79786a2d8d5a1f10,403,1
sqli,login,5,38,7faa1f241d8b5834,403,1
sqli,login,5,39,0ad32e5813759e29,403,1
sqli,login,5,40,643f2b8b397acfb9,403,1
sqli,login,5,41,8e27acaba53e34e9,403,1
sqli,login,5,42,0393b870300af0a6,403,1
sqli,login,5,43,2646f189b91a1af1,403,1
sqli,login,5,44,cc04182ffe0c928f,403,1
sqli,login,5,45,42c182ce278dd3a5,403,1
sqli,login,5,46,e2dd995a0c18ea1a,403,1
sqli,login,5,47,c1ce807f95a7e7f4,403,1
sqli,login,5,48,3e10be1b6ef6371a,403,1
sqli,login,5,49,4124745dcee4cce9,403,1
sqli,login,5,50,5767aed1197be589,403,1
sqli,login,5,51,bea37b9f54c4730c,403,1
sqli,login,5,52,44efcb3d12785a9e,403,1
sqli,login,5,53,29d3c5246a55fbab,403,1
sqli,login,5,54,46e63c445b35f8e5,403,1
sqli,login,5,55,4c343c38de3dfcc9,403,1
sqli,login,5,56,437caa30d40e11c8,403,1
sqli,login,5,57,d013ddddfa1ee2e4,403,1
sqli,login,5,58,4dd11c79e33766cd,403,1
sqli,login,5,59,526b84b8151fc31b,403,1
sqli,login,5,60,7ba939039f251f8c,403,1
sqli,login,5,61,368df84fa9364a8d,200,0
sqli,login,5,62,e5e33662ed158bea,403,1
sqli,login,5,63,9d3362b38fec2051,403,1
sqli,login,5,64,d30de3c081eb6703,403,1
sqli,login,5,65,e36d9398fa34fbb3,403,1
sqli,login,5,66,7146332128fb7614,403,1
sqli,login,5,67,88c3623be549c00a,403,1
sqli,login,5,68,fa9aa332255df907,403,1
sqli,login,5,69,fe325815bf713ed9,403,1
sqli,login,5,70,60bffc1a0e2dff9d,403,1
sqli,login,5,71,5e5f4e993a2872ca,403,1
sqli,login,5,72,2426f223a95b6d16,403,1
sqli,login,5,73,30e93851ebd6a7fa,403,1
sqli,login,5,74,b049f6438c7638e7,403,1
sqli,login,5,75,fbfe2166ac02f621,403,1
sqli,login,5,76,8113d8a65893e4f1,403,1
sqli,login,5,77,dee167b60dc297df,403,1
sqli,login,5,78,80b658a1a4cd4739,403,1
sqli,login,5,79,c9187b28696193ea,403,1
sqli,login,5,80,44eaee1f0ad648bd,403,1
sqli,login,5,81,38c144f318be04fa,403,1
sqli,login,5,82,bc4eb9a8c3ff50bd,403,1
sqli,login,5,83,93a429d1b2488850,403,1
sqli,login,5,84,f0e2ff097ae76719,403,1
sqli,login,5,85,fd6e248edd1f4a73,403,1
sqli,login,5,86,9ab742a6c6f154a0,403,1
sqli,login,5,87,c2231ee324aee9f6,403,1
sqli,login,5,88,9f8f3bdb9a5f51eb,403,1
sqli,login,5,89,6a7909ae1e446054,403,1
sqli,login,5,90,e2900d7863ab9a67,403,1
sqli,login,5,91,14c307775e17e868,403,1
sqli,login,5,92,0023067559eaf140,403,1
sqli,login,5,93,ae4abb281c275938,403,1
sqli,login,5,94,d79f98d46d2744e7,403,1
sqli,login,5,95,76b28841ea000c1a,403,1
sqli,login,5,96,ad1be75920420e76,403,1
sqli,login,5,97,8b5b5274647c235d,403,1
sqli,login,5,98,f8f1f42047b5f1dd,403,1
sqli,login,5,99,c676b027fbce4ddd,403,1
sqli,login,5,100,2685cc4567a93916,403,1
sqli,login,5,101,7cacf96b46c6f6db,403,1
sqli,login,5,102,66041449765195d5,403,1
sqli,login,5,103,124c449db4cf3976,403,1
sqli,login,5,104,afcdb5e347dcd035,403,1
sqli,login,5,105,814c592218564e6c,403,1
sqli,login,5,106,a0167fe5e2a86b84,403,1
sqli,login,5,107,542c29380fbe79a7,403,1
sqli,login,5,108,e49514b0ba770087,403,1
sqli,login,5,109,715a5f1d6412591f,403,1
sqli,login,5,110,32f448ee11e3f4a6,403,1
sqli,login,5,111,1e591871c816ee95,403,1
sqli,login,5,112,a196a85333ae2444,403,1
sqli,login,5,113,9bc7a9b01bc685aa,403,1
sqli,login,5,114,9ff3cc62d0207a84,403,1
sqli,login,5,115,5886e340f3a8181f,403,1
sqli,login,5,116,ef1d9ae7ac387e91,403,1
sqli,login,5,117,7d66319880940897,403,1
sqli,login,5,118,65614cdd2bcba15a,403,1
sqli,login,5,119,2ae49ffca2629797,403,1
sqli,login,5,120,31c212048b4a9d6e,403,1
sqli,login,5,121,07551d417eb029e3,403,1
sqli,login,5,122,6c106ac8ae53527d,403,1
sqli,login,5,123,b500b5c821e4dd52,403,1
sqli,login,5,124,56d529269cc1749d,403,1
sqli,login,5,125,ce96adac5af650f6,403,1
sqli,login,5,126,18b0d49cb9999b1d,403,1
sqli,login,5,127,544ebf3e34b03d55,403,1
sqli,login,5,128,30d383318ae283b6,403,1
sqli,login,5,129,5fac6c2072601590,403,1
sqli,login,5,130,f9ec52d9ca7d14fb,403,1
sqli,login,5,131,6d7dfb42a011c8f7,403,1
sqli,login,5,132,765a5244bbe55542,403,1
sqli,login,5,133,f029a0c1b586722d,403,1
sqli,login,5,134,77d8beb8dea33959,403,1
sqli,login,5,135,182ff1d1fb0e74e6,403,1
sqli,login,5,136,b3f8301ff0311598,403,1
sqli,login,5,137,5eb41a6ba55c6e34,403,1
sqli,login,5,138,4dffafb05e4f487f,403,1
sqli,login,5,139,63fa942869c32d30,403,1
sqli,login,5,140,c75ab065848baca7,403,1
sqli,login,5,141,e88570adb6fbea6b,403,1
sqli,login,5,142,0846eb2f23ee409b,403,1
sqli,login,5,143,d74d6f9661f5af54,403,1
sqli,login,5,144,760bd98997b6fba4,403,1
sqli,login,5,145,39a4a3e43e528c55,403,1
sqli,login,5,146,802f797fa5101f27,403,1
sqli,login,5,147,2bc8d7c5d0bbeaca,403,1
sqli,login,5,148,c0ed0baf270e0bab,403,1
sqli,login,5,149,388931c1af93bc63,403,1
sqli,login,5,150,157917878f4399f7,403,1
sqli,login,5,151,ffb0e268791ae097,403,1
sqli,login,5,152,7fae2558e6243006,403,1
sqli,login,5,153,1473f1592eeeac14,403,1
sqli,login,5,154,5e16531c0ae1a58f,403,1
sqli,login,5,155,dbcecfdbae0d9f56,403,1
sqli,login,5,156,b60b8e78213c9078,403,1
sqli,login,5,157,387a3d629a36c18c,403,1
sqli,login,5,158,dda1252992237064,403,1
sqli,login,5,159,98a6b721175d393e,403,1
sqli,login,5,160,8ed518c2aa816e53,403,1
sqli,login,5,161,3caf658f6a16a010,403,1
sqli,login,5,162,008c3d3435f41d45,403,1
sqli,login,5,163,5b739bf095a34f89,403,1
sqli,login,5,164,19ec40598d4bfe67,403,1
sqli,login,5,165,398c2ba945ec8446,403,1
sqli,login,5,166,be153ca359d259ef,403,1
sqli,login,5,167,4a049073232dfba3,403,1
sqli,login,5,168,4721de5b9319efa7,403,1
sqli,login,5,169,0c7dc77d8007f12b,403,1
sqli,login,5,170,262d03670652b29a,403,1
sqli,login,5,171,9edbeb0066ed9356,403,1
sqli,login,5,172,d22d5b9d774d7d1b,403,1
sqli,login,5,173,1e78921f46d8980a,403,1
sqli,login,5,174,22b2824350d5ac2d,403,1
sqli,login,5,175,3e731eefcdc45d01,403,1
sqli,login,5,176,956cdcc57bf2be51,403,1
sqli,login,5,177,320a2d57aa9dc904,403,1
sqli,login,5,178,fa401cdbe60a48b6,403,1
sqli,login,5,179,f013f580f68ca408,403,1
sqli,login,5,180,97420db14f840d3a,403,1
sqli,login,5,181,e4584cee3fe86aee,403,1
sqli,login,5,182,d0a5dc49f11586ec,403,1
sqli,login,5,183,75ed456fa81d2539,403,1
sqli,login,5,184,6dc7a12d7253d0b7,403,1
sqli,login,5,185,7054b423090edc12,403,1
sqli,login,5,186,f641c44c3d9d5be0,403,1
sqli,login,5,187,c59c21a310d18b02,403,1
sqli,login,5,188,7ebf6c173423e6f9,403,1
sqli,login,5,189,022dabc01e87197e,403,1
sqli,login,5,190,9a04cbc01f5a2f4f,403,1
sqli,login,5,191,9a90893d6a9ef078,403,1
sqli,login,5,192,66505c1ad6540db6,403,1
sqli,login,5,193,e551bd3dd4fc1d22,403,1
sqli,login,5,194,5b0cee653af70f20,403,1
sqli,login,5,195,e4fa5ad509f6273a,403,1
sqli,login,5,196,409e9c58110db642,403,1
sqli,login,5,197,5f3d6e6b73e823a9,403,1
sqli,login,5,198,4c6044e1845cb9a6,403,1
sqli,login,5,199,5f9dd4c7caebb27a,403,1
sqli,login,5,200,a1179cf3149e12b1,403,1
sqli,login,5,201,8eb759e12374bc6b,403,1
sqli,login,5,202,6c0d3aa85b7047f2,403,1
sqli,login,5,203,9dde1642b6f6e075,403,1
sqli,login,5,204,d0e55d823d28ef41,403,1
sqli,login,5,205,db3eb023b0e0207c,403,1
sqli,login,5,206,8d7275b7f8a9fd8c,403,1
sqli,login,5,207,543d999453392508,403,1
sqli,login,5,208,36f8395c655e1f5f,403,1
sqli,login,5,209,9d967a75d4583414,403,1
sqli,login,5,210,d6e205ec7208318c,403,1
sqli,login,5,211,4920222b2b90bdff,403,1
sqli,login,5,212,0507fe156d797d61,403,1
sqli,login,5,213,97a33d646e99cb3e,403,1
sqli,login,5,214,2780e260a96e70ac,403,1
sqli,login,5,215,75d4cbb839776d58,403,1
sqli,login,5,216,8c59e2459f7fbc7d,403,1
sqli,login,5,217,e944df184d57e6d9,403,1
sqli,login,5,218,0b0ce34a20bdfa5c,403,1
sqli,login,5,219,00788c76093b9446,403,1
sqli,login,5,220,90524b38c413d3d6,403,1
sqli,login,5,221,e3b0216a724a0484,403,1
sqli,login,5,222,c9e052112fa1694e,403,1
sqli,login,5,223,87f9d7122b5b7731,403,1
sqli,login,5,224,208714e1ef1ab974,403,1
sqli,login,5,225,cec09dc7e1f6561a,403,1
sqli,login,5,226,13bd608676920118,403,1
sqli,login,5,227,65f1dca06e4f6618,403,1
sqli,login,5,228,b204ebf87702a4c9,403,1
sqli,login,5,229,784e538947781dac,403,1
sqli,login,5,230,b1c4ea00c0f4d6d5,403,1
sqli,login,5,231,2d3f5f81a4f63c25,403,1
sqli,login,5,232,80b8c67ba17fd9f3,403,1
sqli,login,5,233,ece8e5187bb640c2,403,1
sqli,login,5,234,0fb3948fdfab36a1,403,1
sqli,login,5,235,ddca04dcdcfc59bb,403,1
sqli,login,5,236,b3720f79d3ef22da,403,1
sqli,login,5,237,9231ef74e747bee5,403,1
sqli,login,5,238,a122748fa778e700,403,1
sqli,login,5,239,f73ee7b0a10fc625,403,1
sqli,login,5,240,cc3dc8c29babe2e7,403,1
sqli,login,5,241,4b36f05b773f8e9c,403,1
sqli,login,5,242,46e6466a76835c28,403,1
sqli,login,5,243,e198638c68afef4b,403,1
sqli,login,5,244,d72fb66d473835a5,403,1
sqli,login,5,245,dd94663f45625522,403,1
sqli,login,5,246,ad7a49a1798a09d6,403,1
sqli,login,5,247,e51e773361ab05c4,403,1
sqli,login,5,248,3ebce7c52bcd2451,403,1
sqli,login,5,249,a18764c9ba23c27a,403,1
sqli,login,5,250,a8d604840d1b5f3e,403,1
sqli,login,5,251,a987d5096023ee06,403,1
sqli,login,5,252,7fd9181009c2104f,403,1
sqli,login,5,253,d5f80dfd2908b104,403,1
sqli,login,5,254,99a50f71e34c2394,403,1
sqli,login,5,255,fc360c2dd7665229,403,1
sqli,login,5,256,cfaa343bc4e640bd,403,1
sqli,login,5,257,3c9b9feacd30dec7,403,1
sqli,login,5,258,ab341114aebaaa5d,403,1
sqli,login,5,259,471cd49e9a6ca390,403,1
sqli,login,5,260,fad9659153169881,403,1
sqli,login,5,261,3169c59f4d768d1c,403,1
sqli,login,5,262,5db37940303f8c6d,403,1
sqli,login,5,263,4a4631010d909d65,403,1
sqli,login,5,264,01f33badb6aba3e2,403,1
sqli,login,5,265,6267175d754004f0,403,1
sqli,login,5,266,9c71708d477d8295,403,1
sqli,login,5,267,114d8861cb089a0e,403,1
sqli,login,5,268,7b8df6247e7f6bf1,403,1
sqli,login,5,269,0b5565a68e873b66,403,1
sqli,login,5,270,630671e19e65a68d,403,1
sqli,login,5,271,10b726cd99267a77,403,1
sqli,login,5,272,db906ddb8b5d5f6c,403,1
sqli,login,5,273,be284c0fa955930b,403,1
sqli,login,5,274,0e3cdfeb58e75df1,403,1
sqli,login,5,275,ba0e02cdda60cd5b,403,1
sqli,login,5,276,e885d92438876fc2,403,1
sqli,login,5,277,884b17cdc5e1eaa7,403,1
sqli,login,5,278,4721fb969f8a21d2,403,1
sqli,login,5,279,41c664653b97bcc7,403,1
sqli,login,5,280,96f94bbd61f610cf,403,1
sqli,login,5,281,4bf5df6083472089,403,1
sqli,login,5,282,361f601c1acfb15a,403,1
sqli,login,5,283,d8fad625fc6f193f,403,1
sqli,login,5,284,17cd996d58d099eb,403,1
sqli,login,5,285,e46872e9ce9a9c7e,403,1
sqli,login,5,286,7ac89a5200070f46,403,1
sqli,login,5,287,45bea7de0d5f06d9,403,1
sqli,login,5,288,8a29e4256743ec30,403,1
sqli,login,5,289,ef1fd788c7ac0708,403,1
sqli,login,5,290,ea430a3335198dcc,403,1
sqli,login,5,291,aef9c0232b903da5,403,1
sqli,login,5,292,41b632763d4ad0bb,403,1
sqli,login,5,293,5ec65fadf623ff62,403,1
sqli,login,5,294,f470b8b055ae1d06,403,1
sqli,login,5,295,4a5675de49024365,403,1
sqli,login,5,296,dda5985d5f0c0789,403,1
sqli,login,5,297,e4267bc700e955d8,403,1
sqli,login,5,298,1c6d9ce0e75f2277,403,1
sqli,login,5,299,a6fc39cf572b9ef8,403,1
sqli,login,5,300,86a0f56650bf51dd,403,1
sqli,login,5,301,62a2271593b472ac,403,1
sqli,login,5,302,8aec23eb32a4381c,403,1
sqli,login,5,303,7f5940f9f3f4d1cc,403,1
sqli,login,5,304,627b8f749ce1cad7,403,1
sqli,login,5,305,2ef69626ccc012d4,403,1
sqli,login,5,306,f6729ca463aa70ae,403,1
sqli,login,5,307,b3d5feafa7d80791,403,1
sqli,login,5,308,4cd63a456684a623,403,1
sqli,login,5,309,82e469cb145c795d,403,1
sqli,login,5,310,6a54d346d12ac752,403,1
sqli,login,5,311,26a06524c60dc0d4,403,1
sqli,login,5,312,389d5644747d84a9,403,1
sqli,login,5,313,385efa60af52fc59,403,1
sqli,login,5,314,520e646fbe5db002,403,1
sqli,login,5,315,c150dc11f747310d,403,1
sqli,login,5,316,3b1197a52d976339,403,1
sqli,login,5,317,a98b42faec94e0ab,403,1
sqli,login,5,318,0ed6e54176c96e03,403,1
sqli,login,5,319,0572251a8cd20944,403,1
sqli,login,5,320,b9797638f5aa26ab,403,1
sqli,login,5,321,e91b222c07b46849,403,1
sqli,login,5,322,677b9dfa96d5119b,403,1
sqli,login,5,323,8050d2fa4ca77d7a,403,1
sqli,login,5,324,a7ec23abe796af79,403,1
sqli,login,5,325,09629ca230e8ae18,403,1
sqli,login,5,326,be7fd13319e596da,403,1
sqli,login,5,327,9275291caf1605d4,403,1
sqli,login,5,328,bd08c442ec0f7824,403,1
sqli,login,5,329,581c95bc87789f32,403,1
sqli,login,5,330,565db0a319540611,403,1
sqli,login,5,331,b3fc6edf766eb683,403,1
sqli,login,5,332,1a0455e365b745b6,403,1
sqli,login,5,333,772abf9d6ac849fb,403,1
sqli,login,5,334,513fa55f46b1a65d,403,1
sqli,login,5,335,36b768762f55be13,403,1
sqli,login,5,336,f6758953ef5a0f50,403,1
sqli,login,5,337,dd5720503b86f573,403,1
sqli,login,5,338,e0695b929d120a9e,403,1
sqli,login,5,339,6f8250e5b991b63b,403,1
sqli,login,5,340,d035d5ac4e0a4c6f,403,1
sqli,login,5,341,2f82d6becebbff48,403,1
sqli,login,5,342,fc64ffa4b6d63581,403,1
sqli,login,5,343,7e931313cce738ab,403,1
sqli,login,5,344,2dd65e07547c7bdf,403,1
sqli,login,5,345,87e2863d0212fc0d,403,1
sqli,login,5,346,69f251b428163a13,403,1
sqli,login,5,347,d8e0731d538b64c6,403,1
sqli,login,5,348,06cbbd60fcb6f12a,403,1
sqli,login,5,349,3f323d36060c2669,403,1
sqli,login,5,350,b70262c234cea422,403,1
sqli,login,5,351,8f9b012babfdb4b3,403,1
sqli,login,5,352,6679c25c991e93b6,403,1
sqli,login,5,353,62c0207cdabd2085,403,1
sqli,login,5,354,1e59f04db04aab13,403,1
sqli,login,5,355,ceb8e2a96169c73e,403,1
sqli,login,5,356,953f97aaf7ae95a7,403,1
sqli,login,5,357,cc0d0eafa9e437d0,403,1
sqli,login,5,358,b6d1ec732410d430,403,1
sqli,login,5,359,2b25a817e57575eb,403,1
sqli,login,5,360,0263496c70412ad3,403,1
sqli,login,5,361,204c26d762ff14d4,403,1
sqli,login,5,362,5ea0942aea3fc588,403,1
sqli,login,5,363,0b2eabfdacc96a92,403,1
sqli,login,5,364,3b2e4e823b2e638a,403,1
sqli,login,5,365,bf8b7d11651363ad,403,1
sqli,login,5,366,8c957118c7305886,403,1
sqli,login,5,367,122f46cdbc33ad36,403,1
sqli,login,5,368,fb63d00f86a4fc05,403,1
sqli,login,5,369,f6a7f51d9fc0bdb3,403,1
sqli,login,5,370,1167a7be8954b44c,403,1
sqli,login,5,371,0213a752d49d7cee,403,1
sqli,login,5,372,6acfe9b49094d073,403,1
sqli,login,5,373,913444ad158d4a7b,403,1
sqli,login,5,374,855ff4d654afbe8d,403,1
sqli,login,5,375,2a19156cc628d9e6,403,1
sqli,login,5,376,97508ac852cade05,403,1
sqli,login,5,377,4b0cb68519571cfb,403,1
sqli,login,5,378,df0c27437983443f,403,1
sqli,login,5,379,243bcc682d8edfba,403,1
sqli,login,5,380,023384be4bb50ec8,403,1
sqli,login,5,381,c5bb25866a9de37d,403,1
sqli,login,5,382,932201ec46945f71,403,1
sqli,login,5,383,5a1bb7db87b1f661,403,1
sqli,login,5,384,39054f2391fcc4f9,403,1
sqli,login,5,385,c118f10efc09c8c6,403,1
sqli,login,5,386,fdc5366c5b735529,403,1
sqli,login,5,387,826a7c453d14f295,403,1
sqli,login,5,388,ffed58c7b51c8325,403,1
sqli,login,5,389,f1026e5d4fca22cf,403,1
sqli,product,1,0,0a252552b44bfed0,403,1
sqli,product,1,1,d16c115d79ff3051,403,1
sqli,product,1,2,3672d394a4c0948f,403,1
sqli,product,1,3,44964857e9c806b4,403,1
sqli,product,1,4,d37521750efbc549,403,1
sqli,product,1,5,cbbf16e98dd76a64,403,1
sqli,product,1,6,3bb60a84be80c418,403,1
sqli,product,1,7,059be18145cd3514,403,1
sqli,product,1,8,645b0ee20003999c,403,1
sqli,product,1,9,771b4fcce944d1c0,403,1
sqli,product,1,10,1e01e87504c7db0d,403,1
sqli,product,1,11,2d3a1b29b2622f23,403,1
sqli,product,1,12,0af84a7b4adbfd9a,403,1
sqli,product,1,13,6d3e1ee885c9da51,403,1
sqli,product,1,14,b5e08a67161e1abf,403,1
sqli,product,1,15,24ed524d3b2c0991,403,1
sqli,product,1,16,b3c28ad4c307c09e,403,1
sqli,product,1,17,b0a9192e10edf11e,403,1
sqli,product,1,18,985dddd4f8d725bd,403,1
sqli,product,1,19,4416ff9ad7ac4e4b,403,1
sqli,product,1,20,c930a9f62ef65cc2,403,1
sqli,product,1,21,c2e69bd444877961,403,1
sqli,product,1,22,0824e5deb8990c71,403,1
sqli,product,1,23,999fdde501297177,403,1
sqli,product,1,24,39597657da919fed,403,1
sqli,product,1,25,a091a827e1225b58,403,1
sqli,product,1,26,d049102d6a8000f8,403,1
sqli,product,1,27,5266e062293d162b,403,1
sqli,product,1,28,6545d1e132449218,403,1
sqli,product,1,29,fa548c0b0d70969e,403,1
sqli,product,1,30,f9a3632f39d130f2,403,1
sqli,product,1,31,5b442adf16e371ab,403,1
sqli,product,1,32,60ee36e0c36a610c,403,1
sqli,product,1,33,8d04c68f4885a892,403,1
sqli,product,1,34,1e3f8bd4a19f0139,403,1
sqli,product,1,35,db65e6070e113382,403,1
sqli,product,1,36,465d2a9d5f645414,403,1
sqli,product,1,37,3e1b00ff43481263,403,1
sqli,product,1,38,4912bb0b2bb719ae,403,1
sqli,product,1,39,9b33067c1b9726c4,403,1
sqli,product,1,40,8ad8c3db56a237a9,403,1
sqli,product,1,41,00a152cd6ccb64fc,403,1
sqli,product,1,42,681eb132ee0bd2dc,403,1
sqli,product,1,43,2a66654680b31ea4,403,1
sqli,product,1,44,92fdfce297bf6338,403,1
sqli,product,1,45,597438bc0d4d09ed,403,1
sqli,product,1,46,2beb854a4bef6ffc,403,1
sqli,product,1,47,ab5fd4c8444cfe51,403,1
sqli,product,1,48,030cb0deb475ccee,403,1
sqli,product,1,49,9d4b9f0c387d2a99,403,1
sqli,product,1,50,be1439e7bbc8c3c2,403,1
sqli,product,1,51,59c69acabf6d1290,403,1
sqli,product,1,52,8fd9afdc3d03d802,403,1
sqli,product,1,53,87a84e5297b5956c,403,1
sqli,product,1,54,fd6b581a468c2d98,403,1
sqli,product,1,55,2aaeb84389d419c2,403,1
sqli,product,1,56,8dd11bca08516827,403,1
sqli,product,1,57,005afa922e7f9827,403,1
sqli,product,1,58,2e0920ffbb8086b0,403,1
sqli,product,1,59,2a91a41ae241375e,403,1
sqli,product,1,60,5380330dc58f6dad,403,1
sqli,product,1,61,0c3340e57a34b947,403,1
sqli,product,1,62,b99a341e6cee6b98,403,1
sqli,product,1,63,3fac6955966df853,403,1
sqli,product,1,64,8b83507b6aaf1921,403,1
sqli,product,1,65,937c9772b2db03d2,403,1
sqli,product,1,66,de0bbfa1624a0d38,403,1
sqli,product,1,67,a695450e13cddf79,403,1
sqli,product,1,68,8df7d8fa97e2fe92,403,1
sqli,product,1,69,6e309c0c776ddb18,403,1
sqli,product,1,70,cecc19f8d864a5f3,403,1
sqli,product,1,71,a6d76fa33080381a,403,1
sqli,product,1,72,3c69c9ee852398d4,403,1
sqli,product,1,73,6095be7154b62dfb,403,1
sqli,product,1,74,7f1cf95ddb6999ec,403,1
sqli,product,1,75,a205dfbb2cce0c31,403,1
sqli,product,1,76,f957031b2f6920b1,200,0
sqli,product,1,77,8e82b60a7557e4f5,403,1
sqli,product,1,78,ec77c8e012db44e7,403,1
sqli,product,1,79,fef08a7d47cd760f,403,1
sqli,product,1,80,26472d921aba9a28,403,1
sqli,product,1,81,8567d4530b76759c,403,1
sqli,product,1,82,4c4b6491ddda38e0,403,1
sqli,product,1,83,18f89ab39316d342,403,1
sqli,product,1,84,3a9baadcc017f77a,403,1
sqli,product,1,85,9a3d7d6acb3761b6,403,1
sqli,product,1,86,ff1512d7a8e1637a,403,1
sqli,product,1,87,d79291df03c55d78,403,1
sqli,product,1,88,9fda4bdfb88b74de,403,1
sqli,product,1,89,0e04cf7b8dc1291b,403,1
sqli,product,1,90,f047371b6c777d80,403,1
sqli,product,1,91,df74c459d40f96f5,403,1
sqli,product,1,92,a5406e1f3f55114f,403,1
sqli,product,1,93,539b3508a1aecfb6,403,1
sqli,product,1,94,be077428a79b33b0,403,1
sqli,product,1,95,b733ad809a89f6d3,403,1
sqli,product,1,96,3d37674cfbe9f740,403,1
sqli,product,1,97,f81fb2207701a247,403,1
sqli,product,1,98,0ef2618ae4eb2c1c,403,1
sqli,product,1,99,772103fdde3230bb,403,1
sqli,product,1,100,721407069adb1ff6,403,1
sqli,product,1,101,d9848e8cbf70338e,403,1
sqli,product,1,102,06d9769bae8b2172,403,1
sqli,product,1,103,9adc376bc2fcbdb6,403,1
sqli,product,1,104,e67ea0ea7d92cb63,403,1
sqli,product,1,105,269e7dfe088d664e,403,1
sqli,product,1,106,4d968b246700a499,403,1
sqli,product,1,107,fef507acb9178dc1,403,1
sqli,product,1,108,e880572c43e5eb4f,403,1
sqli,product,1,109,4b1f1a4e321f5943,403,1
sqli,product,1,110,f0a02f53156f3726,403,1
sqli,product,1,111,33c6b0832aff64b0,403,1
sqli,product,1,112,fa1912ccbe1c16bb,403,1
sqli,product,1,113,34c11c048c4d0c14,403,1
sqli,product,1,114,23536e2d63aa7e26,403,1
sqli,product,1,115,46855c7e721f420d,403,1
sqli,product,1,116,fb5c65160f723887,403,1
sqli,product,1,117,34f2ebcfa92e3def,403,1
sqli,product,1,118,69d70c4a07fb808b,403,1
sqli,product,1,119,cf16d773bd6b0bcd,403,1
sqli,product,1,120,100f3c94244e402c,403,1
sqli,product,1,121,f8a5c720e9844422,403,1
sqli,product,1,122,820ae9d6b97dd13e,403,1
sqli,product,1,123,52a19e349fe30079,403,1
sqli,product,1,124,b8f8ca9f61f84881,403,1
sqli,product,1,125,de000254e77f5635,403,1
sqli,product,1,126,2f945c6eb8788e83,403,1
sqli,product,1,127,b6c9caea738c22ee,403,1
sqli,product,1,128,22a402e99bc924f0,403,1
sqli,product,1,129,2b70e479c6086be7,403,1
sqli,product,1,130,9b8be08f853f3add,403,1
sqli,product,1,131,858b66e58e5f0027,403,1
sqli,product,1,132,c5e8095b44858604,403,1
sqli,product,1,133,e30a2d4c18ede003,403,1
sqli,product,1,134,fe150e5460731409,403,1
sqli,product,1,135,d8d86607d53fcacd,403,1
sqli,product,1,136,e6fee9d373f2078f,403,1
sqli,product,1,137,5b6f0c5aa9660022,403,1
sqli,product,1,138,335de9c397256bbb,403,1
sqli,product,1,139,29572f710a9a16db,403,1
sqli,product,1,140,0a6e8f0c2f898036,403,1
sqli,product,1,141,a58d4ebe5c1745f3,403,1
sqli,product,1,142,465c5b9d62d65f69,403,1
sqli,product,1,143,0f3d88854c0930fd,403,1
sqli,product,1,144,bf0a9e3dd846e074,403,1
sqli,product,1,145,acab8fe4b90c5519,403,1
sqli,product,1,146,1b5be2aff8cd670c,403,1
sqli,product,1,147,2f571f64f68b0570,403,1
sqli,product,1,148,f912f5323dea01b8,403,1
sqli,product,1,149,8d0f9aa373cd0bb1,403,1
sqli,product,1,150,5934bbbd7265bda8,403,1
sqli,product,1,151,70aa08f5aa9fb18e,403,1
sqli,product,1,152,bbc966aba6f01039,403,1
sqli,product,1,153,9a7b51a5653974fa,403,1
sqli,product,1,154,b8cf374a48fe4935,403,1
sqli,product,1,155,d0b510290f1c84b7,403,1
sqli,product,1,156,5a5bf315d44eb40b,403,1
sqli,product,1,157,c2601ce1a892683b,403,1
sqli,product,1,158,159505d88c5bb628,403,1
sqli,product,1,159,fbeb06ecef94ac43,403,1
sqli,product,1,160,2b81232fac1daf98,403,1
sqli,product,1,161,8ebb052efe565182,403,1
sqli,product,1,162,f1496d5572cd8e0e,403,1
sqli,product,1,163,324430993d960310,403,1
sqli,product,1,164,ef9580d64aa52e4f,403,1
sqli,product,1,165,88889fd73f196c6d,403,1
sqli,product,1,166,039474b9456e39ca,403,1
sqli,product,1,167,a5b1b45f5b914dda,403,1
sqli,product,1,168,81c503ccd8803aa5,403,1
sqli,product,1,169,c5edbffb40dedf62,403,1
sqli,product,1,170,e5b0cec77f47091d,403,1
sqli,product,1,171,0df20a5d7b8addb5,403,1
sqli,product,1,172,0e1bd2b744b08c4d,403,1
sqli,product,1,173,64085c8438059138,403,1
sqli,product,1,174,a242f96513ae2818,403,1
sqli,product,1,175,f73f1c642d76f33a,403,1
sqli,product,1,176,47a206e15b687848,403,1
sqli,product,1,177,50068168c6c4039d,403,1
sqli,product,1,178,368b1f3fc7e8891d,403,1
sqli,product,1,179,40c4e96f42305336,403,1
sqli,product,1,180,5dbe7d478b6d2675,403,1
sqli,product,1,181,cc534c4508305f69,403,1
sqli,product,1,182,e56d93e4e24d894e,403,1
sqli,product,1,183,ed03cffa0e016405,403,1
sqli,product,1,184,e062519056a275a5,403,1
sqli,product,1,185,10dbc91ff78140f3,403,1
sqli,product,1,186,db0f07b97764ea1d,403,1
sqli,product,1,187,5cccff6b84988631,403,1
sqli,product,1,188,937e58480561a7f3,403,1
sqli,product,1,189,0b1aa3bb81bf634c,403,1
sqli,product,1,190,8c42bbe6ef5a3fe5,403,1
sqli,product,1,191,bac9b016e05682aa,403,1
sqli,product,1,192,c04eb16b7b891488,403,1
sqli,product,1,193,01c53e9a1e55ee23,403,1
sqli,product,1,194,2b1742583699e490,403,1
sqli,product,1,195,54181417b9c02784,403,1
sqli,product,1,196,fb933b9979e577c6,403,1
sqli,product,1,197,76c23e53f64d723e,403,1
sqli,product,1,198,72f6635854ab0a0b,403,1
sqli,product,1,199,2e2ee7ed849a80f0,403,1
sqli,product,1,200,f9049cbd3e5732fe,403,1
sqli,product,1,201,265b435da8249bcd,403,1
sqli,product,1,202,4872e4debfcb0c1a,403,1
sqli,product,1,203,007377ccbcc0cbe9,403,1
sqli,product,1,204,e01098de0bbb115d,403,1
sqli,product,1,205,efb119f649cc3526,403,1
sqli,product,1,206,be7190fa6dfb7fdc,403,1
sqli,product,1,207,00db54802f21bdce,403,1
sqli,product,1,208,9d10921a08b40505,403,1
sqli,product,1,209,92720d91a87d0d99,403,1
sqli,product,1,210,78b2a993b7c114d5,403,1
sqli,product,1,211,ee90258102a52ecf,403,1
sqli,product,1,212,84957eca96a3172f,403,1
sqli,product,1,213,c37fb2ede548acfd,403,1
sqli,product,1,214,6491b58c027dd5a7,403,1
sqli,product,1,215,3fc5b8e2291e6aad,403,1
sqli,product,1,216,bae304c79fa4c50c,403,1
sqli,product,1,217,0e3807f3423bd3e0,403,1
sqli,product,1,218,35bf28efcb166845,403,1
sqli,product,1,219,5e35600462a478eb,403,1
sqli,product,1,220,860559cefbb49b94,403,1
sqli,product,1,221,6a8e2b0e8c5962d4,403,1
sqli,product,1,222,78c4a1d233e61989,403,1
sqli,product,1,223,d66f95b682d54ccf,403,1
sqli,product,1,224,d795718c06a965b7,403,1
sqli,product,1,225,bc5b3bf1e80a96e3,403,1
sqli,product,1,226,bd44eb4397081558,403,1
sqli,product,1,227,7870b4b02182237b,403,1
sqli,product,1,228,504c7ec46bbff9f3,403,1
sqli,product,1,229,2d03a4ee660fb284,403,1
sqli,product,1,230,46436c2beddf8780,403,1
sqli,product,1,231,7f07fdcfd1df9ae1,403,1
sqli,product,1,232,12cd21c3c858315b,403,1
sqli,product,1,233,08866a1d46292973,403,1
sqli,product,1,234,de9655ba56ba5847,403,1
sqli,product,1,235,f836acd703f3b695,403,1
sqli,product,1,236,f8f5b2c32c7fb7f5,403,1
sqli,product,1,237,94007705c4edc784,403,1
sqli,product,1,238,be1caf330205f434,403,1
sqli,product,1,239,011955cf6551cc79,403,1
sqli,product,1,240,056378603009d509,403,1
sqli,product,1,241,024cf30dc336a99b,403,1
sqli,product,1,242,8ee8ea0a40aebb47,403,1
sqli,product,1,243,2d532d9763e38b2a,403,1
sqli,product,1,244,11b803bb010ece1c,403,1
sqli,product,1,245,8a9c5da3872f7277,403,1
sqli,product,1,246,e3391554aa81dd0a,403,1
sqli,product,1,247,6193f24176558ec1,403,1
sqli,product,1,248,056bee2702c67461,403,1
sqli,product,1,249,1bb761313a446624,403,1
sqli,product,1,250,980475b4a419134b,403,1
sqli,product,1,251,84dbe2763155ae5a,403,1
sqli,product,1,252,e88bc9862ccbf9b2,403,1
sqli,product,1,253,9dc5753e41f165a3,403,1
sqli,product,1,254,a936f429bacd2cdc,403,1
sqli,product,1,255,a323d21939513b89,403,1
sqli,product,1,256,2df7605b6dc9de37,403,1
sqli,product,1,257,7e073338f05d9c16,403,1
sqli,product,1,258,97b6dd5635b1a109,403,1
sqli,product,1,259,f2f483b0fc267c02,403,1
sqli,product,1,260,ff13d9c5c810eaf4,403,1
sqli,product,1,261,83faa8daefdde26c,403,1
sqli,product,1,262,fa8f33b6e6d3e831,403,1
sqli,product,1,263,955c94690461805a,403,1
sqli,product,1,264,269bf8e4ec76969f,403,1
sqli,product,1,265,ad59b330f35db3f1,403,1
sqli,product,1,266,84a7e89048dcf17a,403,1
sqli,product,1,267,dd5c40dd0017a003,403,1
sqli,product,1,268,a5306d2876975bbb,403,1
sqli,product,1,269,dcfbdf77330eafe0,403,1
sqli,product,1,270,7ca325dd34a9ef88,403,1
sqli,product,1,271,e94de173cbc779e7,403,1
sqli,product,1,272,b20262d4024e6c2e,403,1
sqli,product,1,273,c9683dd238dcf2e6,403,1
sqli,product,1,274,035f1db0010341af,403,1
sqli,product,1,275,bfc673c2bb8edcac,403,1
sqli,product,1,276,f7cd8f84dff33708,403,1
sqli,product,1,277,5f57ebd4b286632e,403,1
sqli,product,1,278,8923c3bd67db2b48,403,1
sqli,product,1,279,a7d2051003fb3e5b,403,1
sqli,product,1,280,6bfa8289b3614752,403,1
sqli,product,1,281,2a1ac6cc8cf289d4,403,1
sqli,product,1,282,fe79304eaabcdb29,403,1
sqli,product,1,283,96aaaf5c2d0c0d44,403,1
sqli,product,1,284,54b0183245fec579,403,1
sqli,product,1,285,75692ce4b35c5d6e,403,1
sqli,product,1,286,24cecd3f25ff5186,403,1
sqli,product,1,287,a2dac250e8efdaa9,403,1
sqli,product,1,288,de02aaf445b786b9,403,1
sqli,product,1,289,1f5cd09895951363,403,1
sqli,product,1,290,03fb4f802e6d4b2f,403,1
sqli,product,1,291,b2376a62d3c7d1f3,403,1
sqli,product,1,292,1e56652455abb86b,403,1
sqli,product,1,293,a71e7de2ad79da39,403,1
sqli,product,1,294,2c1368473836d1b5,403,1
sqli,product,1,295,5dc3d2cee388dabb,403,1
sqli,product,1,296,9fb4a47ab58716ae,403,1
sqli,product,1,297,d3d7ae7401033110,403,1
sqli,product,1,298,c10eccff472fefa8,403,1
sqli,product,1,299,5b18b3f6d4600e53,403,1
sqli,product,1,300,0af7ee2651a5c879,403,1
sqli,product,1,301,16a904d110b54259,403,1
sqli,product,1,302,70f05f271a0d1c5f,403,1
sqli,product,1,303,90da6321c79684a7,403,1
sqli,product,1,304,06be7be18646c042,403,1
sqli,product,1,305,f9da2e810a538f4c,403,1
sqli,product,1,306,a3f069b922f0b1d7,403,1
sqli,product,1,307,cfe35dab372a447b,403,1
sqli,product,1,308,ca10f47b29aa0423,403,1
sqli,product,1,309,1ae926b0d40e7919,403,1
sqli,product,1,310,cd6921f232fadc22,403,1
sqli,product,1,311,9d8558a955ea5d2c,403,1
sqli,product,1,312,ee78eeab0d24a8e8,403,1
sqli,product,1,313,9f93dd18c7bc0b2d,403,1
sqli,product,1,314,d4eff9f9249002df,403,1
sqli,product,1,315,3a1ec7ecfbeb6dce,403,1
sqli,product,1,316,20be9ac7050e6e34,403,1
sqli,product,1,317,9a13ab7b8c706bef,403,1
sqli,product,1,318,91da6a57b211855b,403,1
sqli,product,1,319,341dd3888f95ca89,403,1
sqli,product,1,320,f51986957d0f7630,403,1
sqli,product,1,321,c9dee1cbc2576fb6,403,1
sqli,product,1,322,3296eded04c5b9f0,403,1
sqli,product,1,323,79c58a3df7517987,403,1
sqli,product,1,324,356c7c6b87916c6b,403,1
sqli,product,1,325,7ff736da70d42c99,403,1
sqli,product,1,326,8f462608ffc7ceaa,403,1
sqli,product,1,327,c72bb0e6647ae04b,403,1
sqli,product,1,328,da65ef6e1a941bc6,403,1
sqli,product,1,329,5cce9cc93f87d69d,403,1
sqli,product,1,330,dd76a97193855ffd,403,1
sqli,product,1,331,0c224ef3aa6d57c6,403,1
sqli,product,1,332,e76f5a7f066c452d,403,1
sqli,product,1,333,67bef07f93c4fe19,403,1
sqli,product,1,334,44dc372503998576,403,1
sqli,product,1,335,ef28b80d06b9d7c6,403,1
sqli,product,1,336,946aea5d4ad946d0,403,1
sqli,product,1,337,24083c2fe5d17216,403,1
sqli,product,1,338,9855a62a05408d4f,403,1
sqli,product,1,339,346e5157b5743a75,403,1
sqli,product,1,340,e32dcdeca55f2634,403,1
sqli,product,1,341,545c3fe36a9e0445,403,1
sqli,product,1,342,30fa7afa0d43ba7e,403,1
sqli,product,1,343,20041bffb418db6d,403,1
sqli,product,1,344,b5dac009cfa6789a,403,1
sqli,product,1,345,dcf298323bf39c89,403,1
sqli,product,1,346,c106ae70e45417cd,403,1
sqli,product,1,347,4e6fb32657201611,403,1
sqli,product,1,348,0a99d8f2324110e2,403,1
sqli,product,1,349,7a6d2dd2587e3bd2,403,1
sqli,product,1,350,fa423e998aa349f2,403,1
sqli,product,1,351,f2f2f0f128e5671f,403,1
sqli,product,1,352,17ebc9e58c539d1c,403,1
sqli,product,1,353,2d3e97742509ee0a,403,1
sqli,product,1,354,23fa6c24386cdbce,403,1
sqli,product,1,355,9e5e69858fb6f1e5,403,1
sqli,product,1,356,a4e351bb1e4cc54f,403,1
sqli,product,1,357,cc2827bfd6cc2b72,403,1
sqli,product,1,358,a716bad5aa22a9df,403,1
sqli,product,1,359,e5aa95fe9e464825,403,1
sqli,product,1,360,6148f9b81ab4f5f2,403,1
sqli,product,1,361,eb791cfd47df8a0c,403,1
sqli,product,1,362,7b9b7b574000c3ec,403,1
sqli,product,1,363,89850f3adf0080bb,403,1
sqli,product,1,364,2b72a74c09cacfdd,403,1
sqli,product,1,365,ba3becc3d920a9ad,403,1
sqli,product,1,366,9fcafd20d3c03bfd,403,1
sqli,product,1,367,f1333998817985e3,403,1
sqli,product,1,368,481a487687fefcaa,403,1
sqli,product,1,369,7a800d0d1ee9eaff,403,1
sqli,product,1,370,804c3c1ab80a41b2,403,1
sqli,product,1,371,ffc652b7a9958e69,403,1
sqli,product,1,372,b2ff99a32329728b,403,1
sqli,product,1,373,32e7f1a1a957dd61,403,1
sqli,product,1,374,b0418978e5b8c38f,403,1
sqli,product,1,375,8dc09dc5cc30d578,403,1
sqli,product,1,376,807e34e51b5e577f,403,1
sqli,product,1,377,4e1b46f81c75bd17,403,1
sqli,product,1,378,0de49265c3d3b042,403,1
sqli,product,1,379,98af3541bc51f500,403,1
sqli,product,1,380,d2c68588628111c1,403,1
sqli,product,1,381,a61069e33eb287cd,403,1
sqli,product,1,382,cb63ed640d03a610,403,1
sqli,product,1,383,fab86d4b2fcbc5af,403,1
sqli,product,1,384,472bf1dd026d4d2d,403,1
sqli,product,1,385,2831f93e8856ee43,403,1
sqli,product,1,386,5fb7bec8d8cd4334,403,1
sqli,product,1,387,0c9c0cdfa8fa5a86,403,1
sqli,product,1,388,dca08bfb4e7e88df,403,1
sqli,product,1,389,75946702428c3b31,403,1
sqli,product,1,390,800548219f7a4a97,403,1
sqli,product,1,391,ec6921a5faa6d8d8,403,1
sqli,product,1,392,6f0674b80d7c269e,403,1
sqli,product,1,393,74162968a54873f6,403,1
sqli,product,1,394,a904cb878d09c067,403,1
sqli,product,1,395,534cd11215ebe09d,403,1
sqli,product,1,396,8bea67260899d421,403,1
sqli,product,1,397,870cd4595284e8b4,403,1
sqli,product,1,398,a79688b8bd840290,403,1
sqli,product,1,399,9fbad0669535ceb0,403,1
sqli,product,1,400,b9e507d2264a1b82,403,1
sqli,product,1,401,8e0b9d91861c934d,403,1
sqli,product,1,402,07f53891c3c98c04,403,1
sqli,product,1,403,bd139e91a6f204f8,403,1
sqli,product,1,404,545840f004907bd2,403,1
sqli,product,1,405,f8511e5c7c4101c8,403,1
sqli,product,1,406,e3493f35d2cda34b,403,1
sqli,product,1,407,9444f7eca3ca7e36,403,1
sqli,product,1,408,a9c749ea6ddbe366,403,1
sqli,product,1,409,61fa109c7c8627c8,403,1
sqli,product,1,410,39fd397741a5ea3e,403,1
sqli,product,1,411,eb7d6c61e735bf04,403,1
sqli,product,1,412,481d38191f7b9954,403,1
sqli,product,1,413,9b051198722ea84b,403,1
sqli,product,1,414,91d95a3915f0da77,403,1
sqli,product,1,415,8cee741de212e7fa,403,1
sqli,product,1,416,b21bf43978359523,403,1
sqli,product,1,417,8d23ce72f4320b6f,403,1
sqli,product,1,418,b961ab2d61c378af,403,1
sqli,product,1,419,11b1508e14652ae5,403,1
sqli,product,1,420,f30cb7453a1f248b,403,1
sqli,product,1,421,e793807f805a4e2e,403,1
sqli,product,1,422,0fa7d6c1b5eef918,403,1
sqli,product,1,423,148693046f87fbea,403,1
sqli,product,1,424,1822d6edee28d98c,403,1
sqli,product,1,425,d913bd900856afbf,403,1
sqli,product,1,426,2ccf723b5f42018f,403,1
sqli,product,1,427,312d8a22b699aff4,403,1
sqli,product,1,428,d60d6477323cd59b,403,1
sqli,product,1,429,074c746191167c58,403,1
sqli,product,1,430,af9d31fb36b6e025,403,1
sqli,product,1,431,194105353617240e,403,1
sqli,product,1,432,6abb129cb0d99710,403,1
sqli,product,1,433,d5aa9847994140d3,403,1
sqli,product,1,434,12b55181a9cb5fbb,403,1
sqli,product,1,435,e0fc051cf5d43d1d,403,1
sqli,product,1,436,f90ec1181dd05f09,403,1
sqli,product,1,437,3870affe09f07f41,403,1
sqli,product,1,438,39e7364398a4a423,403,1
sqli,product,1,439,0f28bcbeef2cbe5b,403,1
sqli,product,1,440,5a23df18a28b4be1,403,1
sqli,product,1,441,49b53d560b5fab65,403,1
sqli,product,1,442,398260191cd7fbdb,403,1
sqli,product,1,443,ff786c02a47bcd61,403,1
sqli,product,1,444,43a0d40b1defe5e9,403,1
sqli,product,1,445,727415758693240f,403,1
sqli,product,1,446,32985df9ac3ee945,403,1
sqli,product,1,447,92b7d9b04390578d,403,1
sqli,product,1,448,8ceac1d35ba0a495,403,1
sqli,product,1,449,d7c578abe6563dd7,403,1
sqli,product,1,450,994c28aad2e86433,403,1
sqli,product,1,451,b4e53fa5f3a6db3c,403,1
sqli,product,1,452,1aef23c72069dfbb,403,1
sqli,product,1,453,306fadfa8bafdf04,403,1
sqli,product,1,454,75fc39566b5e1c3b,403,1
sqli,product,1,455,36d8f86800c71984,403,1
sqli,product,1,456,24d1dd8ad9bdbd3c,403,1
sqli,product,1,457,90529f6e5eb0a95a,403,1
sqli,product,1,458,2f24b0623f573041,403,1
sqli,product,1,459,75fc402258c7f49a,403,1
sqli,product,1,460,a565d8ef111e86bd,403,1
sqli,product,1,461,094cb03f62dc432e,403,1
sqli,product,1,462,cb670ea8a88c8091,403,1
sqli,product,1,463,47d15b9809311e5e,403,1
sqli,product,1,464,dd92c68210708788,403,1
sqli,product,1,465,27bb29261451ecb6,403,1
sqli,product,1,466,396b9e249500c042,403,1
sqli,product,1,467,066c74e29dcab99a,403,1
sqli,product,1,468,ed59ebb055076700,403,1
sqli,product,1,469,6c060f70cbf26ceb,403,1
sqli,product,1,470,948e3eac9f8d6eaa,403,1
sqli,product,2,0,1c3c30fc7aa6eed2,403,1
sqli,product,2,1,c3bcfc98ca6627a0,403,1
sqli,product,2,2,ec5545b85fd6b87f,403,1
sqli,product,2,3,72243ba7294d4351,403,1
sqli,product,2,4,8a7513ef877c7029,403,1
sqli,product,2,5,32303042df6d4ee4,403,1
sqli,product,2,6,4e0142b11af0c017,403,1
sqli,product,2,7,535500c2af91e4b4,403,1
sqli,product,2,8,b71aa02e52a96530,403,1
sqli,product,2,9,8ea3742b6ddebb45,403,1
sqli,product,2,10,239ae070afb6a448,403,1
sqli,product,2,11,6ddaa28414fe8a4e,403,1
sqli,product,2,12,0299c7a4d534df86,403,1
sqli,product,2,13,e4b6f6554abc6b61,403,1
sqli,product,2,14,4d98479a3cddcb84,403,1
sqli,product,2,15,911dd6be9a3f213a,403,1
sqli,product,2,16,acc226055776e138,403,1
sqli,product,2,17,3d386898fa11249c,403,1
sqli,product,2,18,0addb1c32c1e387b,403,1
sqli,product,2,19,90ba614703f74150,403,1
sqli,product,2,20,81e8a9925baac93e,403,1
sqli,product,2,21,c97d97977fd84781,403,1
sqli,product,2,22,08af50c0b662636e,403,1
sqli,product,2,23,d6da5857c0eec404,403,1
sqli,product,2,24,b2855563c5b9d314,403,1
sqli,product,2,25,86862cf6a261aaf1,403,1
sqli,product,2,26,b5a4d1f95caeafaa,403,1
sqli,product,2,27,1602f8f546f0e18b,403,1
sqli,product,2,28,5dc8c028e4538c8e,403,1
sqli,product,2,29,829aa06047a9b1f0,403,1
sqli,product,2,30,a2de5cfd63b1319c,403,1
sqli,product,2,31,a4e3b501b79906c0,403,1
sqli,product,2,32,67beb157a316b835,403,1
sqli,product,2,33,797e516cb317e0ee,403,1
sqli,product,2,34,675e4c553c524362,403,1
sqli,product,2,35,a6d4383565d1fa48,403,1
sqli,product,2,36,0d05d8e8b3f105c6,403,1
sqli,product,2,37,cb5c8febf338f3f6,403,1
sqli,product,2,38,ac09be5fa0a936da,403,1
sqli,product,2,39,c299404375f9324e,403,1
sqli,product,2,40,27c713f323016455,403,1
sqli,product,2,41,5d938f47f09c05cc,403,1
sqli,product,2,42,877fc6b8bdbf2c15,403,1
sqli,product,2,43,633ebaa58d28a9b0,403,1
sqli,product,2,44,5ceb6abdfcee1b00,403,1
sqli,product,2,45,ac7243af15ae9f78,403,1
sqli,product,2,46,2921debd82d4fe4d,403,1
sqli,product,2,47,de21e662bd887713,403,1
sqli,product,2,48,d66cfbef27f4224d,403,1
sqli,product,2,49,61ec7a3d78907cce,403,1
sqli,product,2,50,0fa975e715922548,403,1
sqli,product,2,51,f3332aabac9ee38f,403,1
sqli,product,2,52,d937dea32cd5fbbb,403,1
sqli,product,2,53,475a155701b3b884,403,1
sqli,product,2,54,b72990009d04d1e8,403,1
sqli,product,2,55,a225c4521ca29132,403,1
sqli,product,2,56,c7853e7bd4cc264d,403,1
sqli,product,2,57,9e9fc06f7c044e9b,403,1
sqli,product,2,58,bbfd69e4f7ceb2dc,403,1
sqli,product,2,59,f926a9dd8dad8b8b,403,1
sqli,product,2,60,ae442152c1273b4f,403,1
sqli,product,2,61,5530fadb5f89b7e6,403,1
sqli,product,2,62,82786b84010afce7,403,1
sqli,product,2,63,781a6d074a742432,403,1
sqli,product,2,64,2431c51f126938ad,403,1
sqli,product,2,65,e95d23aeb1bdbc75,403,1
sqli,product,2,66,4954b7d994e66812,403,1
sqli,product,2,67,52c58d6f208fc1f6,403,1
sqli,product,2,68,b9cfffd8c35f5c38,403,1
sqli,product,2,69,7ad9caa7eefed237,403,1
sqli,product,2,70,c59c884cc7ead497,403,1
sqli,product,2,71,2bcc8a0793836d7b,403,1
sqli,product,2,72,96f6d99d5a3d7ddf,403,1
sqli,product,2,73,784eaf83c33017e7,403,1
sqli,product,2,74,f059f694f13c5b98,403,1
sqli,product,2,75,2429c7f6a2ee7b20,403,1
sqli,product,2,76,89ec81b64d369ca2,403,1
sqli,product,2,77,474b7269c70fe548,403,1
sqli,product,2,78,04e09ee1c4c62f6c,403,1
sqli,product,2,79,91c6f1b37081cec3,403,1
sqli,product,2,80,e703c799f36eb206,403,1
sqli,product,2,81,e9fb4186babf8376,403,1
sqli,product,2,82,3094823f9de2cf59,403,1
sqli,product,2,83,3c53bdbe5066adf3,403,1
sqli,product,2,84,f09f163080ff31f1,403,1
sqli,product,2,85,2ab03adf920b4d1f,403,1
sqli,product,2,86,f1b1e71ec7a49ad1,403,1
sqli,product,2,87,0fd73a1c4d9230e6,403,1
sqli,product,2,88,c2bb1458823dbf9a,403,1
sqli,product,2,89,0a34303ea4ca2df5,403,1
sqli,product,2,90,8acf9b67c50224a7,403,1
sqli,product,2,91,d065a5e021083a8b,403,1
sqli,product,2,92,1863459332987323,403,1
sqli,product,2,93,3f9b59a0e1e077b1,403,1
sqli,product,2,94,de52bb61bf1be0f9,403,1
sqli,product,2,95,008caec00ac26950,403,1
sqli,product,2,96,ef1fee2956c5557d,403,1
sqli,product,2,97,c72e12e89a84b9be,403,1
sqli,product,2,98,0efc8c92f5cff96e,403,1
sqli,product,2,99,d9c4e111dae7cf5e,403,1
sqli,product,2,100,5ba92055001be69f,403,1
sqli,product,2,101,207c29b10dd2c1bc,403,1
sqli,product,2,102,efe65f31efd1aee1,403,1
sqli,product,2,103,de0fe78557eec724,403,1
sqli,product,2,104,ad715c25f3c31f79,403,1
sqli,product,2,105,38fa1512b4858b5a,403,1
sqli,product,2,106,79a33f0339e9050e,403,1
sqli,product,2,107,b6f89999e8ae47dc,403,1
sqli,product,2,108,6a2e477f1c119312,403,1
sqli,product,2,109,e4b29f53a1e762eb,403,1
sqli,product,2,110,7996dfaa02ba513c,403,1
sqli,product,2,111,252c02d40b2a98e1,403,1
sqli,product,2,112,e4276006c946cdaf,403,1
sqli,product,2,113,15e10163dd5e58fb,403,1
sqli,product,2,114,a954eb1b6c604554,403,1
sqli,product,2,115,3d29e70e6be824b0,403,1
sqli,product,2,116,ea6e5afcc03bb6ce,403,1
sqli,product,2,117,35d4809afabd08c0,403,1
sqli,product,2,118,9fafee6af6ee43bc,403,1
sqli,product,2,119,2e167ff2f6da042c,403,1
sqli,product,2,120,e58e695995cc77c2,403,1
sqli,product,2,121,7fe51b9db92e3243,403,1
sqli,product,2,122,e82a66b856d69f98,403,1
sqli,product,2,123,54754884eb2e1417,403,1
sqli,product,2,124,4faa38349cdaf29c,403,1
sqli,product,2,125,76c45145a8c95c09,403,1
sqli,product,2,126,8413847da1552fa6,403,1
sqli,product,2,127,d0aaa09fe28ef9b2,403,1
sqli,product,2,128,7d3c3550cbbc8798,403,1
sqli,product,2,129,0f010820a4a67d81,403,1
sqli,product,2,130,3139b5bbff18c95c,403,1
sqli,product,2,131,e8fa67221d702c8b,403,1
sqli,product,2,132,6931923af5c3db4e,403,1
sqli,product,2,133,eaaa8b70ba67b17b,403,1
sqli,product,2,134,d4a3e24e6dbf8ea7,403,1
sqli,product,2,135,45741788efb825c9,403,1
sqli,product,2,136,f1ca6d02251406e6,403,1
sqli,product,2,137,2bf8ee6b1df4480a,403,1
sqli,product,2,138,77b5038fec1b8174,403,1
sqli,product,2,139,c81b75687803756f,403,1
sqli,product,2,140,f89cdc6b914b7196,403,1
sqli,product,2,141,f5c236fab38957de,403,1
sqli,product,2,142,61aec73b4e31e630,403,1
sqli,product,2,143,2e968518317c126a,403,1
sqli,product,2,144,88cbdb5ce57e8224,403,1
sqli,product,2,145,14356c6bed29bd04,403,1
sqli,product,2,146,848b093b0d34dfb7,403,1
sqli,product,2,147,a42172bcf4b6bcc2,403,1
sqli,product,2,148,4ca97ab616ef2fa1,403,1
sqli,product,2,149,575746fdebef9784,403,1
sqli,product,2,150,da8ae33b2dcbd69f,403,1
sqli,product,2,151,4647e0ffb967f9ef,403,1
sqli,product,2,152,eb3f0835b9438707,403,1
sqli,product,2,153,42af2bcdac4456a4,403,1
sqli,product,2,154,eaf6f4d6a60be861,403,1
sqli,product,2,155,25cbdb9a12a2ae36,403,1
sqli,product,2,156,53e90fa1fe21091d,403,1
sqli,product,2,157,273dd9ce790fe978,403,1
sqli,product,2,158,78890f838a37a9c3,403,1
sqli,product,2,159,696a217578ad2e7b,403,1
sqli,product,2,160,b038063b3e6c4496,403,1
sqli,product,2,161,ce57d747a1de683e,403,1
sqli,product,2,162,d7bd8adba2e16aa9,403,1
sqli,product,2,163,0acfc4a808f2b895,403,1
sqli,product,2,164,446797d3326ed6a1,403,1
sqli,product,2,165,63dd814704e6c38e,403,1
sqli,product,2,166,929239fccf4c80a6,403,1
sqli,product,2,167,4843f5bb2a1b6401,403,1
sqli,product,2,168,79408cce8fc3c2fc,403,1
sqli,product,2,169,3d5b2dcff2b1292f,403,1
sqli,product,2,170,718e065488c6871e,403,1
sqli,product,2,171,adc48a3b6086f3e5,403,1
sqli,product,2,172,d6854d734cc355ce,403,1
sqli,product,2,173,2563546a000c5cf8,403,1
sqli,product,2,174,84ca89b48d6f4a75,403,1
sqli,product,2,175,0e09d855e9bcadf6,403,1
sqli,product,2,176,09693131c842622d,403,1
sqli,product,2,177,8c9a93f0719b635e,403,1
sqli,product,2,178,d8ae383995f49f18,403,1
sqli,product,2,179,a6f3c98a8b5f83dd,403,1
sqli,product,2,180,389a4d0405476769,403,1
sqli,product,2,181,bba6e1c50b780b78,403,1
sqli,product,2,182,85b3ca15e3d92bcb,403,1
sqli,product,2,183,4b608373138f01cb,403,1
sqli,product,2,184,4d1cfd4c7daa4ffb,403,1
sqli,product,2,185,2801e6e82a23a8c5,403,1
sqli,product,2,186,a3c3a65a04d7fb85,403,1
sqli,product,2,187,607c31a96b93fba5,403,1
sqli,product,2,188,965aa1b7dedddfc5,403,1
sqli,product,2,189,48be67ce551dad39,403,1
sqli,product,2,190,1ea2af2fe306767d,403,1
sqli,product,2,191,4ae46728ffa128c8,403,1
sqli,product,2,192,69933935fe5325f3,403,1
sqli,product,2,193,b715a170d62f79c6,403,1
sqli,product,2,194,1c5eb167b5abb8a0,403,1
sqli,product,2,195,88e4dababdb8ed5d,403,1
sqli,product,2,196,5c7a1481fd414df0,403,1
sqli,product,2,197,c8c44bd119960982,403,1
sqli,product,2,198,01ae798be555f739,403,1
sqli,product,2,199,dc04394225d68b5a,403,1
sqli,product,2,200,50d911629012da8f,403,1
sqli,product,2,201,03f485b5caec37fc,403,1
sqli,product,2,202,f750f9f1a9b05f4b,403,1
sqli,product,2,203,5241b519fc2859cf,403,1
sqli,product,2,204,9d36b6c7434509ec,403,1
sqli,product,2,205,db95e3a08be18f40,403,1
sqli,product,2,206,a826f4bea097a36d,403,1
sqli,product,2,207,927b365601994bf6,403,1
sqli,product,2,208,da758f8610a17fe6,403,1
sqli,product,2,209,d33f99bb79884f84,403,1
sqli,product,2,210,812b46c32e593bea,403,1
sqli,product,2,211,11af02ad3edd8b71,403,1
sqli,product,2,212,c996d9a875dd6b41,403,1
sqli,product,2,213,e7c674637dbaed94,403,1
sqli,product,2,214,7d5f814f9c65e7fe,403,1
sqli,product,2,215,85a9c652d860af50,403,1
sqli,product,2,216,535c3f0dadb83871,403,1
sqli,product,2,217,6b16dbd08382384b,403,1
sqli,product,2,218,4fb454b52e902611,403,1
sqli,product,2,219,a2f836a6ab8a9e65,403,1
sqli,product,2,220,0c93916e0d3aa30f,403,1
sqli,product,2,221,2e4ccf074b313752,403,1
sqli,product,2,222,582dccfd8a9aff59,403,1
sqli,product,2,223,cacddeb465eb744f,403,1
sqli,product,2,224,cdbf12cd475409a7,403,1
sqli,product,2,225,45c471a5c9f662eb,403,1
sqli,product,2,226,4cbe801cafd51220,403,1
sqli,product,2,227,7e212c60d54bac8f,403,1
sqli,product,2,228,8ce0277adfa9eba3,403,1
sqli,product,2,229,895d0789da7eb0bd,403,1
sqli,product,2,230,3feb7c73ba9db8f6,403,1
sqli,product,2,231,0f06924aec43b50f,403,1
sqli,product,2,232,2b56b2428dc24eb1,403,1
sqli,product,2,233,2c2372a2e02e92bb,403,1
sqli,product,2,234,8b5386a10a969266,403,1
sqli,product,2,235,954e33a57dd5abdd,403,1
sqli,product,2,236,55e8d6710d09593b,403,1
sqli,product,2,237,98ce59e5f6fe17fd,403,1
sqli,product,2,238,3b4ed51887b06144,403,1
sqli,product,2,239,976ff43dab12cba3,403,1
sqli,product,2,240,ba2e45de58032f38,403,1
sqli,product,2,241,e4fccfb9473a8324,403,1
sqli,product,2,242,ebf174bc0ae259cc,403,1
sqli,product,2,243,79ed24b41e07051d,403,1
sqli,product,2,244,9e671a951c56155a,403,1
sqli,product,2,245,1ce2cb55a5429687,403,1
sqli,product,2,246,0c0ae1061f077090,403,1
sqli,product,2,247,4881e44c2e12f1e0,403,1
sqli,product,2,248,65a40dc4fea0144f,403,1
sqli,product,2,249,5295f65d52259ffd,403,1
sqli,product,2,250,0cf71dcbef4b5766,403,1
sqli,product,2,251,6a091dc6eb329fd2,403,1
sqli,product,2,252,ae67b577aefd5c4a,403,1
sqli,product,2,253,046f39f81c14f92e,403,1
sqli,product,2,254,75b054f5d62dcac5,403,1
sqli,product,2,255,dd7aa88af2372113,403,1
sqli,product,2,256,782cea2cf7b53d61,403,1
sqli,product,2,257,a904fe048c8aca67,403,1
sqli,product,2,258,2649cbd34e0d0166,403,1
sqli,product,2,259,a5aa57b2141c953d,403,1
sqli,product,2,260,dc0de7a4ab862db4,403,1
sqli,product,2,261,c42c6375d15bf4ef,403,1
sqli,product,2,262,616f9701f02db076,403,1
sqli,product,2,263,bf202a0041dc2c51,403,1
sqli,product,2,264,ba0ac96fe8647170,403,1
sqli,product,2,265,086bcfcfa912b196,403,1
sqli,product,2,266,becfec0e1194b7a7,403,1
sqli,product,2,267,8d5ce817199edc3f,403,1
sqli,product,2,268,880cc3a7484b2fe4,403,1
sqli,product,2,269,8f28cdf94e1c1fc4,403,1
sqli,product,2,270,9d7faed349df38b1,403,1
sqli,product,2,271,c46dd21c729d0ead,403,1
sqli,product,2,272,a314c34e7441f33c,403,1
sqli,product,2,273,1571688f1649e449,403,1
sqli,product,2,274,2fc391dde731b564,403,1
sqli,product,2,275,6cf1dd224cccc330,403,1
sqli,product,2,276,649d5a6fa3530962,403,1
sqli,product,2,277,6a1c4b2dfffb2bf2,403,1
sqli,product,2,278,faecf4c3b06ff942,403,1
sqli,product,2,279,34f00d22675cf976,403,1
sqli,product,2,280,513d55773e8d70d2,403,1
sqli,product,2,281,3b6de553e960f855,403,1
sqli,product,2,282,40ec0520e3701abf,403,1
sqli,product,2,283,80fda73ce0481f0f,403,1
sqli,product,2,284,2624c76116edfa1b,403,1
sqli,product,2,285,1fbc708603fa0173,403,1
sqli,product,2,286,96c0fc676a42e263,403,1
sqli,product,2,287,c49d807c228ec9bf,403,1
sqli,product,2,288,d7514a768b13ae5e,403,1
sqli,product,2,289,89fb36ef875c3a64,403,1
sqli,product,2,290,e2d6cd1e0e248d1c,403,1
sqli,product,2,291,88130b023e2bb708,403,1
sqli,product,2,292,2af3b6c1b78872bd,403,1
sqli,product,2,293,73301353677970ab,403,1
sqli,product,2,294,c79849b53a592117,403,1
sqli,product,2,295,4e99c62557f42d2a,403,1
sqli,product,2,296,1dd946bc15d715fd,403,1
sqli,product,2,297,f5eccd7fe10abce9,403,1
sqli,product,2,298,1f9f3d56c6325a6f,403,1
sqli,product,2,299,f355c883f59b3f74,403,1
sqli,product,2,300,7e9a314daf5d15c1,403,1
sqli,product,2,301,87d9bc98ab6d9a0b,403,1
sqli,product,2,302,2388c42af4f140cd,403,1
sqli,product,2,303,c7d140eb867ab016,403,1
sqli,product,2,304,da26317b91339cae,403,1
sqli,product,2,305,9ee6b5283e330814,403,1
sqli,product,2,306,12a695ec98aa97f9,403,1
sqli,product,2,307,a458bc45ecd0ab74,403,1
sqli,product,2,308,cd540a9274654e2f,403,1
sqli,product,2,309,b853c7e57bbbcead,403,1
sqli,product,2,310,d3bc4fc058291ee1,403,1
sqli,product,2,311,0acfd869b96eda2e,403,1
sqli,product,2,312,9e729ac8bdbe4aa0,403,1
sqli,product,2,313,90bc3494639e8e71,403,1
sqli,product,2,314,0057e37038efdfe9,403,1
sqli,product,2,315,7f6785b310bcee4f,403,1
sqli,product,2,316,c314e64985dc3c82,403,1
sqli,product,2,317,6d430513a027438f,403,1
sqli,product,2,318,b61278cbb0853379,403,1
sqli,product,2,319,b6a6a250a224e3db,403,1
sqli,product,2,320,dbb1ad531c207498,403,1
sqli,product,2,321,f9304f4cb9c15222,403,1
sqli,product,2,322,c51411cc50d9efa7,403,1
sqli,product,2,323,4fc53c3bd373002d,403,1
sqli,product,2,324,1ca3619d3689a89f,403,1
sqli,product,2,325,95f0fb04d42e0d90,403,1
sqli,product,2,326,57145e81869a2309,403,1
sqli,product,2,327,4236e70f21edbf3a,403,1
sqli,product,2,328,ba07673e6c2cbd3f,403,1
sqli,product,2,329,c18e7b2b606582cb,403,1
sqli,product,2,330,9e352d72fa2fa6cc,403,1
sqli,product,2,331,85288c6076b43193,403,1
sqli,product,2,332,22ef1a5f993f36dc,403,1
sqli,product,2,333,6c72b4ca9083ac3d,403,1
sqli,product,2,334,e17a2623c1e70a5c,403,1
sqli,product,2,335,af3f786c7e422e35,403,1
sqli,product,2,336,b15b344009ba52c2,403,1
sqli,product,2,337,5c01549a495f5b4b,403,1
sqli,product,2,338,34d900da7cbdbbc5,403,1
sqli,product,2,339,494ccb0af8e3901d,403,1
sqli,product,2,340,b9d2cc53ea3e349b,403,1
sqli,product,2,341,472a30245fd1359f,403,1
sqli,product,2,342,fa87126076cbd80b,403,1
sqli,product,2,343,528a81f4f81512a8,403,1
sqli,product,2,344,5d6f598d33226f5d,403,1
sqli,product,2,345,4fc3008365edfc90,403,1
sqli,product,2,346,387ee9f4f0e5d604,403,1
sqli,product,2,347,8b93f5117e126ada,403,1
sqli,product,2,348,518983b8a1e18ab9,403,1
sqli,product,2,349,4270a2a424e79638,403,1
sqli,product,2,350,f4816a47739770cc,403,1
sqli,product,2,351,94356e8ddd578762,403,1
sqli,product,2,352,14a570aa0508c705,403,1
sqli,product,2,353,09e6f54dc9bab565,403,1
sqli,product,2,354,07b9281975f9436a,403,1
sqli,product,2,355,7963c0960cbb481b,403,1
sqli,product,2,356,d3711f245f675eb5,403,1
sqli,product,2,357,d77a7f41a0cc7867,403,1
sqli,product,2,358,1c1c270154703827,403,1
sqli,product,2,359,02675b855df5dea7,403,1
sqli,product,2,360,b8b587deb635f12e,403,1
sqli,product,2,361,8b382aafe80ce3f4,403,1
sqli,product,2,362,0c3df076c82c3dcd,403,1
sqli,product,2,363,4fefd7f7ca93dcf7,403,1
sqli,product,2,364,e2b3c4041c790d77,403,1
sqli,product,2,365,eae38564a90b1337,403,1
sqli,product,2,366,e85296969f7904d4,403,1
sqli,product,2,367,7d0205ff068b2852,403,1
sqli,product,2,368,a78fe7b19d743e87,403,1
sqli,product,2,369,2aa7ff642345901b,403,1
sqli,product,2,370,a531a89161f34711,403,1
sqli,product,2,371,64ad41664be0eb32,403,1
sqli,product,2,372,a646da77b539fa71,403,1
sqli,product,2,373,082e2027c070903d,403,1
sqli,product,2,374,27ab15e7a5294069,403,1
sqli,product,2,375,f676b6a1a87cc6ee,403,1
sqli,product,2,376,2c665fc38780a4ca,403,1
sqli,product,2,377,29b176c43e1f18e8,403,1
sqli,product,2,378,ed63be29a658a684,403,1
sqli,product,2,379,a94ed5f4b7f7e7b1,403,1
sqli,product,2,380,94718ba132d9034a,403,1
sqli,product,2,381,15b6ca9ee07634b7,403,1
sqli,product,2,382,c94021b565bfc5c0,403,1
sqli,product,2,383,f52a592ef77c76b1,403,1
sqli,product,2,384,b8f6d0d899a46ae7,403,1
sqli,product,2,385,ff0e0ccd84a79b5c,403,1
sqli,product,2,386,c90eef4e95f71081,403,1
sqli,product,2,387,4705bb0d59de2cc6,403,1
sqli,product,2,388,254ce1bebb3b72a6,403,1
sqli,product,2,389,79b562f0dbdb5b2d,403,1
sqli,product,2,390,42bf1719785abddb,403,1
sqli,product,2,391,01626a993f934996,403,1
sqli,product,2,392,148c9d234ac925fc,403,1
sqli,product,2,393,3d0893cc9fe12fe8,403,1
sqli,product,2,394,482e2d0687d9fcd0,403,1
sqli,product,2,395,02efc97fca5717d4,403,1
sqli,product,2,396,98b0c0802373a39f,403,1
sqli,product,2,397,30345c8c8cc5c33e,403,1
sqli,product,2,398,660b3a5d6dac0462,403,1
sqli,product,2,399,1306a42155a75405,403,1
sqli,product,2,400,bdd5732cd31a8a6b,403,1
sqli,product,2,401,f9f9fdcf9bb94d08,403,1
sqli,product,2,402,b37946c54a2e8a1b,403,1
sqli,product,2,403,ea37cb08d0cb6f36,403,1
sqli,product,2,404,15dfd96fba9afe42,403,1
sqli,product,2,405,0fbd6edc8ad7c40a,403,1
sqli,product,2,406,30d03646b1565e17,403,1
sqli,product,2,407,ba344be193999866,403,1
sqli,product,2,408,b584f7974531669c,403,1
sqli,product,2,409,da404ef5a6cfe268,403,1
sqli,product,2,410,0bbab54f4e98af63,403,1
sqli,product,2,411,e5326f976ba5033a,403,1
sqli,product,2,412,9c411699bc01aca1,403,1
sqli,product,2,413,1de3dfc39db5700e,403,1
sqli,product,2,414,39c897cf3ae014e4,403,1
sqli,product,2,415,25ff0fcf77957bf9,403,1
sqli,product,2,416,4e0d44480f36ad00,403,1
sqli,product,2,417,a94adac182de9db0,403,1
sqli,product,2,418,4ce3432daed03c3d,403,1
sqli,product,2,419,c87e896f9b855f81,403,1
sqli,product,2,420,ea0101c3b2b9e71a,403,1
sqli,product,2,421,3ba7a40e6aaa0a07,403,1
sqli,product,2,422,df674ca2a89f57e3,403,1
sqli,product,2,423,c36415ae7268a959,403,1
sqli,product,2,424,1618fc421414596e,403,1
sqli,product,2,425,483df3f6f4dfed59,403,1
sqli,product,2,426,a5f6b347540935b5,403,1
sqli,product,2,427,9baecf919b2ffa12,403,1
sqli,product,2,428,2bf02f63bf99d2bc,403,1
sqli,product,2,429,70c908591296f6a8,403,1
sqli,product,2,430,7e56270e9cf2b217,403,1
sqli,product,2,431,52e82e59ac16617a,403,1
sqli,product,2,432,cf530fd53b513c4d,403,1
sqli,product,2,433,abfff0118263eb07,403,1
sqli,product,2,434,25f517c4da371c47,403,1
sqli,product,2,435,dcfc7e9380b78b55,403,1
sqli,product,2,436,18f2334b9b665d06,403,1
sqli,product,2,437,b1a094007753e66a,403,1
sqli,product,2,438,e13341688049ebdc,403,1
sqli,product,2,439,2343d65f15e99c76,403,1
sqli,product,2,440,ef6df97ad26e54ae,403,1
sqli,product,2,441,73914e38aeb76936,403,1
sqli,product,2,442,6772065213fea62d,403,1
sqli,product,2,443,cfa02429bbbacf93,403,1
sqli,product,2,444,2d3c4828dbb448fe,403,1
sqli,product,2,445,7454841dd8cb7d4d,403,1
sqli,product,2,446,96e8612f81c8d837,403,1
sqli,product,2,447,6d30e1d3c72528a4,403,1
sqli,product,2,448,98c4eb7cf2162f76,403,1
sqli,product,2,449,03947c11b9e7548f,403,1
sqli,product,2,450,a9af209a8c892204,403,1
sqli,product,2,451,2a5759d991d89ae6,403,1
sqli,product,2,452,4b4e22b8fc06355c,403,1
sqli,product,2,453,9d25c279551e8f16,403,1
sqli,product,2,454,f537939385f59d1f,403,1
sqli,product,2,455,568ff89b46bb2c8d,403,1
sqli,product,2,456,14b1e3a051871983,403,1
sqli,product,2,457,174a410d4dce91f2,403,1
sqli,product,2,458,0f3e028479eda137,403,1
sqli,product,2,459,45c00bf779e87a78,403,1
sqli,product,2,460,9839517f2dcfe55f,403,1
sqli,product,2,461,e7c6e6e05db81785,403,1
sqli,product,2,462,e8896e30e249b96e,403,1
sqli,product,3,0,1071215ebea66d3f,403,1
sqli,product,3,1,19d8f7d6e371afba,403,1
sqli,product,3,2,4789857abca0f7f3,403,1
sqli,product,3,3,8189a61f8128a227,403,1
sqli,product,3,4,dcfa10ee9850e3e5,403,1
sqli,product,3,5,2c1736e6939d43b1,403,1
sqli,product,3,6,2fa0aa61ec405b45,403,1
sqli,product,3,7,06d24b6a82cd18b0,403,1
sqli,product,3,8,a8f8b97f84143dbc,403,1
sqli,product,3,9,f8644ac6bcb5a719,403,1
sqli,product,3,10,a8bdb252e6859b86,403,1
sqli,product,3,11,0a4602f452e0c4c8,403,1
sqli,product,3,12,6f565f81ef61e953,403,1
sqli,product,3,13,352b41c3f482bc69,403,1
sqli,product,3,14,2658d19cec952b6b,403,1
sqli,product,3,15,55fa2a4b59b3387d,403,1
sqli,product,3,16,10243aa1acd1220f,403,1
sqli,product,3,17,86f217e45108db90,403,1
sqli,product,3,18,f33e98f4815ddeea,403,1
sqli,product,3,19,fbe59d2567e9ac9f,403,1
sqli,product,3,20,72243ba7294d4351,403,1
sqli,product,3,21,3bbb24d71c35159e,403,1
sqli,product,3,22,fc9253131446e62b,403,1
sqli,product,3,23,ef49ea2cdbd7f048,403,1
sqli,product,3,24,e7741e9023627b4c,403,1
sqli,product,3,25,154be2ce2b5714a3,403,1
sqli,product,3,26,dd6de64d6f3e4f9b,403,1
sqli,product,3,27,2fe3facc088e55d1,403,1
sqli,product,3,28,067fbeaa8c6dcac4,403,1
sqli,product,3,29,9f76550918a941a9,403,1
sqli,product,3,30,0b509eb0fc66dbda,403,1
sqli,product,3,31,c41f673126bbc3e1,403,1
sqli,product,3,32,875897a754989458,403,1
sqli,product,3,33,a89912172a2401d4,403,1
sqli,product,3,34,8354e12a1ce820c6,403,1
sqli,product,3,35,abb8fe6cf1a47a32,403,1
sqli,product,3,36,053daf6762eb2e91,403,1
sqli,product,3,37,ea8f4a6fee5e47b0,403,1
sqli,product,3,38,f7c07b4b4f75f19e,403,1
sqli,product,3,39,65a843447f249a56,403,1
sqli,product,3,40,44fd68cd266059e3,403,1
sqli,product,3,41,f98af12806954be9,403,1
sqli,product,3,42,c8a15f266b28cb86,403,1
sqli,product,3,43,a9811b520c810534,403,1
sqli,product,3,44,50b2dcd65b64d1ed,403,1
sqli,product,3,45,c8de326896d76bf4,403,1
sqli,product,3,46,29ca1edbedfd3c0a,403,1
sqli,product,3,47,8e3550e86aedf761,403,1
sqli,product,3,48,2b39e45bfe046406,403,1
sqli,product,3,49,edcd9e0be38f505e,403,1
sqli,product,3,50,136e2baf36e01df4,403,1
sqli,product,3,51,35a4849fae34bdac,403,1
sqli,product,3,52,90de5a8992c0fc3b,403,1
sqli,product,3,53,4b8b43c7596bbe75,403,1
sqli,product,3,54,9e67e9d8a42a0dda,403,1
sqli,product,3,55,1898e37a77c129c1,403,1
sqli,product,3,56,3372ddb7643884e8,403,1
sqli,product,3,57,6e17cb3db4a72256,403,1
sqli,product,3,58,3b59d6b5e09d068c,403,1
sqli,product,3,59,07338e2dd82ebb7a,403,1
sqli,product,3,60,e61dbe0407f73e69,403,1
sqli,product,3,61,d033d3966628ca50,403,1
sqli,product,3,62,f18ba8812ea250eb,403,1
sqli,product,3,63,9fe34329f2585898,403,1
sqli,product,3,64,2d40dcfdb79e5fc1,403,1
sqli,product,3,65,8f0888b7d5c5c44f,403,1
sqli,product,3,66,9b23720e591352f0,403,1
sqli,product,3,67,8219ff8c4c3c689a,403,1
sqli,product,3,68,fff89ddac54a89d1,403,1
sqli,product,3,69,cb2b00a6bc9162a2,403,1
sqli,product,3,70,81af93d36746a35a,403,1
sqli,product,3,71,da4d8673aa2d6267,403,1
sqli,product,3,72,93efcba3530b891c,403,1
sqli,product,3,73,347ce21f0c1c7997,403,1
sqli,product,3,74,ef870421eb87e368,403,1
sqli,product,3,75,632e70b44453226d,403,1
sqli,product,3,76,be728fdea6dcfaeb,403,1
sqli,product,3,77,74b6871149a5b0b7,403,1
sqli,product,3,78,685589a48f2b8d94,403,1
sqli,product,3,79,647931087f9fea6b,403,1
sqli,product,3,80,07135139b0128f38,403,1
sqli,product,3,81,df8b18a6e7eaf93e,403,1
sqli,product,3,82,1b05e98e06e3f3b6,403,1
sqli,product,3,83,949c8a53fd133aa1,403,1
sqli,product,3,84,ef9abe20f306a970,403,1
sqli,product,3,85,b87506935f1b74b4,403,1
sqli,product,3,86,980678ad7b0bbe59,403,1
sqli,product,3,87,b96d38fed237d7e3,403,1
sqli,product,3,88,2d09eb56f289d4fa,403,1
sqli,product,3,89,f9114f7583e3f159,403,1
sqli,product,3,90,696563a9984c0996,403,1
sqli,product,3,91,bb03507063272117,403,1
sqli,product,3,92,96f3acd463944dc9,403,1
sqli,product,3,93,d074fbfad34c9233,403,1
sqli,product,3,94,5fc6cc61d95a6978,403,1
sqli,product,3,95,2f180a164cdb3002,403,1
sqli,product,3,96,e83ec5da90ed0658,403,1
sqli,product,3,97,e5f9f07a65ca713e,403,1
sqli,product,3,98,2be9c7184c2a57e0,403,1
sqli,product,3,99,aac9a124c1423957,403,1
sqli,product,3,100,c3d9f4986fc34143,403,1
sqli,product,3,101,95762871c4a99ebb,403,1
sqli,product,3,102,41699567c0b2f8e8,403,1
sqli,product,3,103,7cb6e5593cf945fa,403,1
sqli,product,3,104,96890d3713f9c85e,403,1
sqli,product,3,105,4212442ca6625767,403,1
sqli,product,3,106,2d48cb226e97c03b,403,1
sqli,product,3,107,c8570b1bcaa0282e,403,1
sqli,product,3,108,9c31c8226a842822,403,1
sqli,product,3,109,285e7e84893fbbbe,403,1
sqli,product,3,110,c07ae674d9981217,403,1
sqli,product,3,111,b1b7f8f044c00bff,403,1
sqli,product,3,112,a21859d9db15fd3f,403,1
sqli,product,3,113,8451e4f3afdc301b,403,1
sqli,product,3,114,27b38458523d726c,403,1
sqli,product,3,115,26264bb702bf8002,403,1
sqli,product,3,116,75804eb9a3646d7a,403,1
sqli,product,3,117,8c4e107fe736d7ca,403,1
sqli,product,3,118,2ac0a72cdcef33b0,403,1
sqli,product,3,119,e238ab6284bc3e3b,403,1
sqli,product,3,120,51a7a6d63e623349,403,1
sqli,product,3,121,2cc269bbe4c65d4c,403,1
sqli,product,3,122,f38410155c08db12,403,1
sqli,product,3,123,e97b3d3bf2e494f3,403,1
sqli,product,3,124,2ad8dc524a561942,403,1
sqli,product,3,125,85a0f41ac1f2754e,403,1
sqli,product,3,126,a4520fa23bdd8026,403,1
sqli,product,3,127,64ae2df393837b4a,403,1
sqli,product,3,128,88d5178d705f8ebc,403,1
sqli,product,3,129,5e3bc8b997ed0526,403,1
sqli,product,3,130,6e3cb0037c3663d4,403,1
sqli,product,3,131,44f731d32ed335fe,403,1
sqli,product,3,132,aa55b382ec159c44,403,1
sqli,product,3,133,36123e2a0b292608,403,1
sqli,product,3,134,ad254299db117774,403,1
sqli,product,3,135,db92bbddbdc05d1c,403,1
sqli,product,3,136,dfe916ba70c8e678,403,1
sqli,product,3,137,1579d90036c6c176,403,1
sqli,product,3,138,f2e1a63507ebc51a,403,1
sqli,product,3,139,e39b5db1696116c7,403,1
sqli,product,3,140,596923c4f6f6444a,403,1
sqli,product,3,141,680d804ac0037541,403,1
sqli,product,3,142,1f823296a3fd574b,403,1
sqli,product,3,143,c69c2012c248d419,403,1
sqli,product,3,144,e58677a4187dac28,403,1
sqli,product,3,145,795804bef72c9d45,403,1
sqli,product,3,146,b8ca134db3e9c671,403,1
sqli,product,3,147,55371fc34d595193,403,1
sqli,product,3,148,c86e772be6d45f64,403,1
sqli,product,3,149,6f3c99d8cbe7d180,403,1
sqli,product,3,150,eba4e6c19b8bfd60,403,1
sqli,product,3,151,baad78834493d8fb,403,1
sqli,product,3,152,a5b8a9674ca0ba62,403,1
sqli,product,3,153,08fa0ae363ff587e,403,1
sqli,product,3,154,58bac09f607f4831,403,1
sqli,product,3,155,d4dc5dd2f6456719,403,1
sqli,product,3,156,11838acbfe11645b,403,1
sqli,product,3,157,7eca1132e0de8dff,403,1
sqli,product,3,158,5e6a7f1f255090b5,403,1
sqli,product,3,159,8b5cf1cd416879df,403,1
sqli,product,3,160,c2a9cdea2da89802,403,1
sqli,product,3,161,525adbfc040a29fe,403,1
sqli,product,3,162,3cd34d3e68b88a24,403,1
sqli,product,3,163,8a03a62ddbd62c82,403,1
sqli,product,3,164,51402432aa44eab4,403,1
sqli,product,3,165,11017e475aa109b9,403,1
sqli,product,3,166,4cbea18f202d4aac,403,1
sqli,product,3,167,5a1e07f3a99b5037,403,1
sqli,product,3,168,6445d857bd3877b1,403,1
sqli,product,3,169,cc23dab35750ad17,403,1
sqli,product,3,170,09542f54578dcaea,403,1
sqli,product,3,171,b1a7e334ba5b0a59,403,1
sqli,product,3,172,6ba908b12cdfbc9f,403,1
sqli,product,3,173,d3cabdd458d6a306,403,1
sqli,product,3,174,93996d34aac6b856,403,1
sqli,product,3,175,75f70c2bed9d9297,403,1
sqli,product,3,176,2ccfbe857943efad,403,1
sqli,product,3,177,7654b6a77c4ea6a3,403,1
sqli,product,3,178,123fb34f3ed129a3,403,1
sqli,product,3,179,abc5a52e9737cf88,403,1
sqli,product,3,180,7420b42cd52afd42,403,1
sqli,product,3,181,5396c4632e0f7f88,403,1
sqli,product,3,182,354a9c6e83f7565d,403,1
sqli,product,3,183,b15d70bd918b4c7a,403,1
sqli,product,3,184,8c96a63359034602,403,1
sqli,product,3,185,78faf02bb548aa3e,403,1
sqli,product,3,186,73477d01fad1fd19,403,1
sqli,product,3,187,717742a8e8dc6220,403,1
sqli,product,3,188,7eb8a949b9039f51,403,1
sqli,product,3,189,02e9a69e4649c657,403,1
sqli,product,3,190,c05a0b6703f9065c,403,1
sqli,product,3,191,addcf69262470599,403,1
sqli,product,3,192,2c002223f81e3ac7,403,1
sqli,product,3,193,3e85f0825b506397,403,1
sqli,product,3,194,930b78fde77cf488,403,1
sqli,product,3,195,1934b5553e5b2cfb,403,1
sqli,product,3,196,20e0847c26ea06f6,403,1
sqli,product,3,197,49a026ce89da75ae,403,1
sqli,product,3,198,9c6e9c4b131eb455,403,1
sqli,product,3,199,768ce772914caac4,403,1
sqli,product,3,200,3c2aec6c18e09634,403,1
sqli,product,3,201,ffb2c7cce3b4e9f6,403,1
sqli,product,3,202,ae8742ee153449cd,403,1
sqli,product,3,203,f5c6b8c01d18210a,403,1
sqli,product,3,204,3e41e1cfe610033d,403,1
sqli,product,3,205,77f7d54a11963b1c,403,1
sqli,product,3,206,2489be0cf5abc688,403,1
sqli,product,3,207,d7611a7f0a97b8f7,403,1
sqli,product,3,208,ace35b7ef62e2c1b,403,1
sqli,product,3,209,850e2cdf9b0606a1,403,1
sqli,product,3,210,c55f0520b463548d,403,1
sqli,product,3,211,84068781b6d97c47,403,1
sqli,product,3,212,f9333cde51e4ee8e,403,1
sqli,product,3,213,560e2ff27b85c4fa,403,1
sqli,product,3,214,cdcc6e29f6e8de15,403,1
sqli,product,3,215,121962da2deadc3e,403,1
sqli,product,3,216,7c4ae956c2d88126,403,1
sqli,product,3,217,91cec00a2cc77ea5,403,1
sqli,product,3,218,6e391fe138c502fd,403,1
sqli,product,3,219,a03265a106bcbc27,403,1
sqli,product,3,220,b150fc2eaeebc7e0,403,1
sqli,product,3,221,bed67b20747f3cae,403,1
sqli,product,3,222,9b662590a39ba714,403,1
sqli,product,3,223,40025a5b01165598,403,1
sqli,product,3,224,79f6f0d727e3b175,403,1
sqli,product,3,225,ce82e4dafbf5d517,403,1
sqli,product,3,226,ca43292a953d7d66,403,1
sqli,product,3,227,cbfe0586c8cd604a,403,1
sqli,product,3,228,0da686dd8b4e8249,403,1
sqli,product,3,229,57d7c6447211d3d4,403,1
sqli,product,3,230,0ad84f0c9018bd46,403,1
sqli,product,3,231,52e07b77b56bf838,403,1
sqli,product,3,232,53361716d1ea27bc,403,1
sqli,product,3,233,82b3682658dcbb06,403,1
sqli,product,3,234,67a7e651930d0ad2,403,1
sqli,product,3,235,08f1cf0315432ab2,403,1
sqli,product,3,236,192e1300951ce17c,403,1
sqli,product,3,237,06c6a6e6833a409e,403,1
sqli,product,3,238,733072e46c68f0ce,403,1
sqli,product,3,239,3193a1a387a37453,403,1
sqli,product,3,240,02e8c97492187018,403,1
sqli,product,3,241,975df0c48f6ccdc3,403,1
sqli,product,3,242,829eeb3ae7812377,403,1
sqli,product,3,243,c3fb1f84934c5ded,403,1
sqli,product,3,244,ee52b4f2de201f7d,403,1
sqli,product,3,245,7558e530fe610035,403,1
sqli,product,3,246,fac75b06d973dfe1,403,1
sqli,product,3,247,2f858dfbdd57ab7f,403,1
sqli,product,3,248,248cf9e4e86794f2,403,1
sqli,product,3,249,502ea94f10a86459,403,1
sqli,product,3,250,d387294bd3afc7d5,403,1
sqli,product,3,251,2f94a6047cbe5f11,403,1
sqli,product,3,252,e84d6cbb3a58c208,403,1
sqli,product,3,253,9f5131dc3eb079c4,403,1
sqli,product,3,254,e4df8649620efc5f,403,1
sqli,product,3,255,d41234ef234c81b0,403,1
sqli,product,3,256,40661065759e6aee,403,1
sqli,product,3,257,f1aa41149ef86fe4,403,1
sqli,product,3,258,5cf9abdcc50ed194,403,1
sqli,product,3,259,6c6b1aad55c47ea5,403,1
sqli,product,3,260,950897cbb86a2793,403,1
sqli,product,3,261,0bc3b9238ec36103,403,1
sqli,product,3,262,cfb1050d98b7695b,403,1
sqli,product,3,263,40d315ec8defff84,403,1
sqli,product,3,264,84d8637efc7d8883,403,1
sqli,product,3,265,9bc5ef15fcc29665,403,1
sqli,product,3,266,1850666940a81c24,403,1
sqli,product,3,267,01f555742eb8e388,403,1
sqli,product,3,268,2504c843a5b22007,403,1
sqli,product,3,269,280a0df7c0761b0c,403,1
sqli,product,3,270,d54fa814498528e7,403,1
sqli,product,3,271,78b2146a2f990bc7,403,1
sqli,product,3,272,efcaab8fc5b91634,403,1
sqli,product,3,273,674945cbb1ee4b1a,403,1
sqli,product,3,274,a091754b805e85e6,403,1
sqli,product,3,275,e8a11341214f03dc,403,1
sqli,product,3,276,e20875b04718a9a7,403,1
sqli,product,3,277,f72ec512bd9ab2bf,403,1
sqli,product,3,278,9a843a5f83f79c7d,403,1
sqli,product,3,279,39a2a628b39f0ad7,403,1
sqli,product,3,280,318f850393509167,403,1
sqli,product,3,281,1b03d13f0cb22e44,403,1
sqli,product,3,282,e65eed6a5ebed376,403,1
sqli,product,3,283,8a806c62e931a571,403,1
sqli,product,3,284,6fff8b0632c358c1,403,1
sqli,product,3,285,f511599c0de9be08,403,1
sqli,product,3,286,40f068a9bcd0bf94,403,1
sqli,product,3,287,8e92fff7aa62662e,403,1
sqli,product,3,288,702e32b4bdf0f71d,403,1
sqli,product,3,289,2b46161404e28b8f,403,1
sqli,product,3,290,be9a6abf51c9cf44,403,1
sqli,product,3,291,a0ae1c99a0a51c61,403,1
sqli,product,3,292,e51a69102b28afb7,403,1
sqli,product,3,293,05a6c827a936bc34,403,1
sqli,product,3,294,3b698b3acbf5badc,403,1
sqli,product,3,295,e78521161e780b20,403,1
sqli,product,3,296,c4266a1fdb7c7360,403,1
sqli,product,3,297,c9750ed1a4baf508,403,1
sqli,product,3,298,681af58a2fbe89d4,403,1
sqli,product,3,299,341d74e81222e4fd,403,1
sqli,product,3,300,ebe1dffa4b28fcaa,403,1
sqli,product,3,301,5912a0e82c5031a8,403,1
sqli,product,3,302,171d6d75afb66c2c,403,1
sqli,product,3,303,9e876637947295e9,403,1
sqli,product,3,304,34fbe51c32b65ead,403,1
sqli,product,3,305,879f35f0ed4d04e0,403,1
sqli,product,3,306,9b425769cb146548,403,1
sqli,product,3,307,62b7ff67413a090a,403,1
sqli,product,3,308,da7e23c88a0ba1b7,403,1
sqli,product,3,309,3e8ca37b5971decd,403,1
sqli,product,3,310,2e89d50a53ddcefa,403,1
sqli,product,3,311,6296cd833e97400b,403,1
sqli,product,3,312,e289e4dc82f6d54b,403,1
sqli,product,3,313,7f8fe548d3435284,403,1
sqli,product,3,314,e9d3faf5d37c7c82,403,1
sqli,product,3,315,76cbccfc171a1910,403,1
sqli,product,3,316,99203d7b9cf22de3,403,1
sqli,product,3,317,81b89a67fb019038,403,1
sqli,product,3,318,81567459a4b12bfe,403,1
sqli,product,3,319,99e91856e7307ac9,403,1
sqli,product,3,320,431933d19f2b1829,403,1
sqli,product,3,321,dc2aa3ecc971a4b8,403,1
sqli,product,3,322,5ba741559409207f,403,1
sqli,product,3,323,2f04de2127b98619,403,1
sqli,product,3,324,0119ebadf6571fbb,403,1
sqli,product,3,325,76ed67a45914c3f8,403,1
sqli,product,3,326,65e77c6be0ab872a,403,1
sqli,product,3,327,84f44ce36460bf99,403,1
sqli,product,3,328,0c0b4793c0d63624,403,1
sqli,product,3,329,0324acecbbca7613,403,1
sqli,product,3,330,ce0436804b791191,403,1
sqli,product,3,331,b567c267a28ba342,403,1
sqli,product,3,332,d17a329c8154e4b1,403,1
sqli,product,3,333,f590c1db4e9d5621,403,1
sqli,product,3,334,8419268f0856a6d5,403,1
sqli,product,3,335,89dc2463d9925b9f,403,1
sqli,product,3,336,826771b71a5a4950,403,1
sqli,product,3,337,823f6141b1b4b176,403,1
sqli,product,3,338,12f0aa547146e51d,403,1
sqli,product,3,339,72a74d67459aafc2,403,1
sqli,product,3,340,d0cd86b9213f6137,403,1
sqli,product,3,341,e4063a668052d800,403,1
sqli,product,3,342,68adc1adfa9a5bae,403,1
sqli,product,3,343,b18a72bfeafdbd62,403,1
sqli,product,3,344,ed50e04a9e865921,403,1
sqli,product,3,345,c4c7c8f965ae091b,403,1
sqli,product,3,346,15bf6830f64fe79b,403,1
sqli,product,3,347,7cdf72b36a39cfaa,403,1
sqli,product,3,348,0a12a80e26860b8b,403,1
sqli,product,3,349,83f7860fef9a78da,403,1
sqli,product,3,350,0dfc838efc5ca8f7,403,1
sqli,product,3,351,2cfe52190fe6830e,403,1
sqli,product,3,352,8458e38160714852,403,1
sqli,product,3,353,f42b0bba84841ecc,403,1
sqli,product,3,354,f1f5a949da99834c,403,1
sqli,product,3,355,bf23f69f294e7ad5,403,1
sqli,product,3,356,391e50dc10672933,403,1
sqli,product,3,357,c2429380ead1656f,403,1
sqli,product,3,358,3d2a8f2a909bc868,403,1
sqli,product,3,359,ba735b7d2c98c2b4,403,1
sqli,product,3,360,100fbf464106ffc6,403,1
sqli,product,3,361,13de7e0d056d0d2c,403,1
sqli,product,3,362,2a6e366a26ac93a7,403,1
sqli,product,3,363,221e9ae5b3f9bee6,403,1
sqli,product,3,364,d0aed7060c1ccdb2,403,1
sqli,product,3,365,7cdb050e38e1401a,403,1
sqli,product,3,366,33e7dded9212afb4,403,1
sqli,product,3,367,6c0527ba103e25b9,403,1
sqli,product,3,368,516f263e1b1ec03b,403,1
sqli,product,3,369,5a9ed949651a2dbb,403,1
sqli,product,3,370,b5910813b2460491,403,1
sqli,product,3,371,0eb2b4a674f30117,403,1
sqli,product,3,372,cbcf1ac7c8c3bd9b,403,1
sqli,product,3,373,00a915521b4aa857,403,1
sqli,product,3,374,a2691accf423b10d,403,1
sqli,product,3,375,69f7aa548a412b01,403,1
sqli,product,3,376,44b0cf344ff2b63f,403,1
sqli,product,3,377,82ddcc4adc4a0d82,403,1
sqli,product,3,378,0d87f6bfa736a11f,403,1
sqli,product,3,379,beb31655da55aad1,403,1
sqli,product,3,380,191a4af5a2455e8e,403,1
sqli,product,3,381,3d0e9b4b5e899789,403,1
sqli,product,3,382,33b4f8bc6b3088e7,403,1
sqli,product,3,383,b56274e1f10ddb66,403,1
sqli,product,3,384,307863f5a80c6a2f,403,1
sqli,product,3,385,052a7905b4a1d887,403,1
sqli,product,3,386,ce9f0964f4988011,403,1
sqli,product,3,387,7b1b2a9d0f6937ac,403,1
sqli,product,3,388,0b3c94c28ffaecb6,403,1
sqli,product,3,389,e48147bd20f5ceb6,403,1
sqli,product,3,390,6e8d18edc512fcdf,403,1
sqli,product,3,391,90539ff564a52437,403,1
sqli,product,3,392,c3e2f8a3b8f65f11,403,1
sqli,product,3,393,0619263646e9f282,403,1
sqli,product,3,394,243f180d8bf13b2d,403,1
sqli,product,3,395,55f80b432bae8d3b,403,1
sqli,product,3,396,5664f40ff2a36e41,403,1
sqli,product,3,397,bf1b7e5b8f0ed94f,403,1
sqli,product,3,398,7521068d1c1d3b99,403,1
sqli,product,3,399,517e39ed0e063062,403,1
sqli,product,3,400,828d93639f89637b,403,1
sqli,product,3,401,7b8f462c0a357400,403,1
sqli,product,3,402,89c048585b5436a8,403,1
sqli,product,3,403,86349821ee0f7a96,403,1
sqli,product,3,404,1e855c84cfa2671e,403,1
sqli,product,3,405,2da1e6520bc54616,403,1
sqli,product,3,406,73c6ddd7b9850b72,403,1
sqli,product,3,407,68a576c83f2dbdb8,403,1
sqli,product,3,408,338ca82336e31b0a,403,1
sqli,product,3,409,1fcf8aa6b0e49de3,403,1
sqli,product,3,410,a819ed9607352468,403,1
sqli,product,3,411,10094fca967b81df,403,1
sqli,product,3,412,95de04820c4568d6,403,1
sqli,product,3,413,fdfb7f3c3ba82221,403,1
sqli,product,3,414,e864c7318506f7b7,403,1
sqli,product,3,415,c530bd28580ce66e,403,1
sqli,product,3,416,3ad787d52f518b48,403,1
sqli,product,3,417,2496d042999a6d22,403,1
sqli,product,3,418,fe2532c34d7205d5,403,1
sqli,product,3,419,a730dae9d58f5ccb,403,1
sqli,product,3,420,759133557e107da1,403,1
sqli,product,3,421,c86d1ffb484f57d8,403,1
sqli,product,3,422,6dcb0cadf2b39acf,403,1
sqli,product,3,423,648e1448e0e187ca,403,1
sqli,product,3,424,3bd77bb319a1ffc1,403,1
sqli,product,3,425,6c6637fff214af47,403,1
sqli,product,3,426,4d3bbc1439fb5092,403,1
sqli,product,3,427,a1337272cb2d7b33,403,1
sqli,product,3,428,29dd26fe07566b2b,403,1
sqli,product,3,429,82fdf108d2763444,403,1
sqli,product,3,430,aea75af88d6fb46e,403,1
sqli,product,3,431,213aa4835c13bc45,403,1
sqli,product,3,432,cbd5c6fb5f895f2e,403,1
sqli,product,3,433,6611617384273803,403,1
sqli,product,3,434,0eef1ea92d489324,403,1
sqli,product,3,435,5ff2c44835d313f6,403,1
sqli,product,3,436,7586ed64d2851e50,403,1
sqli,product,3,437,580d92fedc846118,403,1
sqli,product,3,438,6aa6498cb765650e,403,1
sqli,product,3,439,069e62b90d20c24d,403,1
sqli,product,3,440,a28281a17a8e65d8,403,1
sqli,product,3,441,aadf442150080d5e,403,1
sqli,product,3,442,903fb35a8ef1149c,403,1
sqli,product,3,443,df06891b6883af8e,403,1
sqli,product,3,444,fba19f015e071fd5,403,1
sqli,product,3,445,f2b014b892b0f863,403,1
sqli,product,3,446,46d1a3e5ca232bc7,403,1
sqli,product,3,447,40b47d2ad23066c7,403,1
sqli,product,3,448,1fe78ef3663059d0,403,1
sqli,product,3,449,3097ff801a544891,403,1
sqli,product,3,450,4edc79a96fded4fe,403,1
sqli,product,3,451,b59fe59479fbf17c,403,1
sqli,product,3,452,caacf6d07e6dcf44,403,1
sqli,product,3,453,e40a43d6ce5048e7,403,1
sqli,product,3,454,0d84a0814aa0bcdf,403,1
sqli,product,3,455,bebf611bf4f8319e,403,1
sqli,product,3,456,1ff8df969002d4f5,403,1
sqli,product,3,457,2b0f8abf10b29a5b,403,1
sqli,product,3,458,02fc222c5a3e9f89,403,1
sqli,product,3,459,ecbf6419c1000c48,403,1
sqli,product,3,460,fdc56b187dd15a8d,403,1
sqli,product,3,461,f37add83e6a5967e,403,1
sqli,product,4,0,93e5f49ed1d0bdd5,403,1
sqli,product,4,1,836258c4c4a2d608,403,1
sqli,product,4,2,72243ba7294d4351,403,1
sqli,product,4,3,192d129fe2b46e6b,403,1
sqli,product,4,4,1082cc74a56c5334,403,1
sqli,product,4,5,8acb2f19cda4c004,403,1
sqli,product,4,6,b21fe5f7ad97af50,403,1
sqli,product,4,7,91758dbe42b06668,403,1
sqli,product,4,8,96fbe71b1255733c,403,1
sqli,product,4,9,08011b0317485a2d,403,1
sqli,product,4,10,46084b1af6a67530,403,1
sqli,product,4,11,ec37446ee1ee08e2,403,1
sqli,product,4,12,bc9da2aadac416ba,403,1
sqli,product,4,13,2ddb04bbb66bf6f2,403,1
sqli,product,4,14,85f285cdf6c65830,403,1
sqli,product,4,15,2403c0ac7295e1b5,403,1
sqli,product,4,16,fa17bb1437777414,403,1
sqli,product,4,17,636ea8ab595bdb96,403,1
sqli,product,4,18,37832fa4ac975763,403,1
sqli,product,4,19,dbc4dd19e01a46dd,403,1
sqli,product,4,20,036249dfa8be4408,403,1
sqli,product,4,21,10e921e2e96209ac,403,1
sqli,product,4,22,7a0bbabc4e974160,403,1
sqli,product,4,23,63bddb4347dcb834,403,1
sqli,product,4,24,e9bba5412dedb648,403,1
sqli,product,4,25,e1158183096a9c3c,403,1
sqli,product,4,26,9663b66e91631668,403,1
sqli,product,4,27,e662818783b21d1e,403,1
sqli,product,4,28,9b66b8f5c4f3a955,403,1
sqli,product,4,29,86f217e45108db90,403,1
sqli,product,4,30,3f16d954b9b30478,403,1
sqli,product,4,31,25980a9735809a51,403,1
sqli,product,4,32,0b05aa006613310a,403,1
sqli,product,4,33,addbf3c63c040fee,403,1
sqli,product,4,34,4315cbd02136a20a,403,1
sqli,product,4,35,402990f9ec2196db,403,1
sqli,product,4,36,8f975d77b114c3ea,403,1
sqli,product,4,37,7019755fe135d72d,403,1
sqli,product,4,38,ef49ea2cdbd7f048,403,1
sqli,product,4,39,124ceeb0640d75d4,403,1
sqli,product,4,40,6e1756c6ea5a845c,403,1
sqli,product,4,41,8a4eff2b587d217c,403,1
sqli,product,4,42,b71aa02e52a96530,403,1
sqli,product,4,43,840dfa7c1e3991ca,403,1
sqli,product,4,44,909d5d8f7299d0ec,403,1
sqli,product,4,45,1ea1d44e3a531ca0,403,1
sqli,product,4,46,f1e2feaa46e85214,403,1
sqli,product,4,47,d7cea6ab097c838d,403,1
sqli,product,4,48,378c1b9b05d39b7c,403,1
sqli,product,4,49,012c945161c8ab41,403,1
sqli,product,4,50,1ea643c7f1b732a0,403,1
sqli,product,4,51,71e4c6d932851e8c,403,1
sqli,product,4,52,a032157c73bdd1fa,403,1
sqli,product,4,53,e856a9259edf0abe,403,1
sqli,product,4,54,b4f6bb7b6a2ebf76,403,1
sqli,product,4,55,0496f5b806c83965,403,1
sqli,product,4,56,26c9c077a8aa09a1,403,1
sqli,product,4,57,64c686966554f549,403,1
sqli,product,4,58,bc578d66034f57ea,403,1
sqli,product,4,59,e51daa70260a5a40,403,1
sqli,product,4,60,a451fcaec4e37c83,403,1
sqli,product,4,61,c0972c68a1991205,403,1
sqli,product,4,62,76b309b7088f57f6,403,1
sqli,product,4,63,09ae53446ffb18fc,403,1
sqli,product,4,64,c5ed8fd570f79289,403,1
sqli,product,4,65,9d69def171716a7f,403,1
sqli,product,4,66,8275d5b8a80dfeea,403,1
sqli,product,4,67,dc1edbc6c15f7199,403,1
sqli,product,4,68,128b0d7da865bae4,403,1
sqli,product,4,69,b586586c1658048b,403,1
sqli,product,4,70,9ea72d7718fc3adc,403,1
sqli,product,4,71,8eb4b24257063eee,403,1
sqli,product,4,72,7caeed2af2695674,403,1
sqli,product,4,73,1e07432c064491d1,403,1
sqli,product,4,74,fb6842dec6449613,403,1
sqli,product,4,75,0069a9a3716e61ca,403,1
sqli,product,4,76,49ebe90efe105a31,403,1
sqli,product,4,77,149dc151ff950d89,403,1
sqli,product,4,78,fa9f8b62cb57a462,403,1
sqli,product,4,79,1f5d41165c9b64c9,403,1
sqli,product,4,80,4c1e8c81fe40619a,403,1
sqli,product,4,81,b6e4e032f1e60dc5,403,1
sqli,product,4,82,5fb49757a6451c6f,403,1
sqli,product,4,83,2001977f00830f67,403,1
sqli,product,4,84,134d7f919645c04a,403,1
sqli,product,4,85,5e74d78555dce068,403,1
sqli,product,4,86,bd132bbebcb66317,403,1
sqli,product,4,87,ca59a068fa8e8a20,403,1
sqli,product,4,88,1f5b8986f8ac8e1f,403,1
sqli,product,4,89,810379e8bab9fe6d,403,1
sqli,product,4,90,355c0db10c97f5a7,403,1
sqli,product,4,91,6bdf0ab8399dcfa3,403,1
sqli,product,4,92,857f4a0bfd5b79e5,403,1
sqli,product,4,93,140a5a0dd5a1204f,403,1
sqli,product,4,94,65faec6ae11aeff6,403,1
sqli,product,4,95,56d5fa6ad68366d7,403,1
sqli,product,4,96,ac304c36ec1b693f,403,1
sqli,product,4,97,21ca9bc18bc2e6fa,403,1
sqli,product,4,98,46049b044edae09d,403,1
sqli,product,4,99,d17de85307dca95a,403,1
sqli,product,4,100,720c98cf5a3e3950,403,1
sqli,product,4,101,d90ab419e287cdcb,403,1
sqli,product,4,102,842ed2efe79457f9,403,1
sqli,product,4,103,855325c7f24c3742,403,1
sqli,product,4,104,60e2e2054638f2b9,403,1
sqli,product,4,105,8242136993fba65f,403,1
sqli,product,4,106,02c5105758eab056,403,1
sqli,product,4,107,1479e4e51c07fd1f,403,1
sqli,product,4,108,055346caa3eb2020,403,1
sqli,product,4,109,0faa92404f417ae6,403,1
sqli,product,4,110,a89173eeb7267ae0,403,1
sqli,product,4,111,387c373385044b32,403,1
sqli,product,4,112,53b08418f26e4521,403,1
sqli,product,4,113,403f1fbc48c5a866,403,1
sqli,product,4,114,730a300eee988c8b,403,1
sqli,product,4,115,93c403966403c74f,403,1
sqli,product,4,116,73b23a59fa49cf9e,403,1
sqli,product,4,117,abbd7f35a59aa7c3,403,1
sqli,product,4,118,4a6b9a02b03cd02f,403,1
sqli,product,4,119,7c3329ba68fa5a0d,403,1
sqli,product,4,120,fb68d471cbd9af5b,403,1
sqli,product,4,121,d532e7f84a20fbad,403,1
sqli,product,4,122,bc847f70f3c32196,403,1
sqli,product,4,123,cbfcc8ecae45b4ff,403,1
sqli,product,4,124,41374fb76bcc337a,403,1
sqli,product,4,125,a94a5affabadfd71,403,1
sqli,product,4,126,f9a7bb52132052b6,403,1
sqli,product,4,127,02d5e7ef46419c03,403,1
sqli,product,4,128,9190a3d9ce1247fb,403,1
sqli,product,4,129,bebbfed611d7392e,403,1
sqli,product,4,130,fd65386538b11db3,403,1
sqli,product,4,131,fb93507439df45b6,403,1
sqli,product,4,132,5639b8584f4a51c5,403,1
sqli,product,4,133,b0a5c0ac1e7060fa,403,1
sqli,product,4,134,d2677701a3796fb8,403,1
sqli,product,4,135,6bab3138c7bcc9b4,403,1
sqli,product,4,136,4444f6d170843804,403,1
sqli,product,4,137,afa28dfe25af4b16,403,1
sqli,product,4,138,0773fd42c27c4ae3,403,1
sqli,product,4,139,531e6f6eb63da9d9,403,1
sqli,product,4,140,462902af525cdaf1,403,1
sqli,product,4,141,b8afcd489cf48a30,403,1
sqli,product,4,142,d3ea5e041d470ec5,403,1
sqli,product,4,143,80576b87fc953a73,403,1
sqli,product,4,144,34d9b89b02d84bec,403,1
sqli,product,4,145,3016420ee622b1b1,403,1
sqli,product,4,146,210aa1fc73d68fca,403,1
sqli,product,4,147,13a2ea38483f0b9c,403,1
sqli,product,4,148,679780af27255439,403,1
sqli,product,4,149,62f6eaeb8c2afca8,403,1
sqli,product,4,150,266b2d3e2f76f187,403,1
sqli,product,4,151,31a36fa628d31b9e,403,1
sqli,product,4,152,3a19ec5f7654d43a,403,1
sqli,product,4,153,796d06937ee23ae9,403,1
sqli,product,4,154,c8874a9eae277862,403,1
sqli,product,4,155,db9d0bd3907c558d,403,1
sqli,product,4,156,45246c764ec47bbe,403,1
sqli,product,4,157,c784367705a60a1d,403,1
sqli,product,4,158,f3742b75e8995e24,403,1
sqli,product,4,159,481995cc7c732a9c,403,1
sqli,product,4,160,2e0e3ef304b2fb5f,403,1
sqli,product,4,161,412fc71f9e14fbce,403,1
sqli,product,4,162,6b3f39ae1de5d268,403,1
sqli,product,4,163,24744bbd7a586e15,403,1
sqli,product,4,164,bfb3aef85a600236,403,1
sqli,product,4,165,57701266f0a3b89c,403,1
sqli,product,4,166,778a10acb024893d,403,1
sqli,product,4,167,67bcbe6d97e2f1a1,403,1
sqli,product,4,168,49e6b08948ac75ec,403,1
sqli,product,4,169,365eb44d5a13fdeb,403,1
sqli,product,4,170,1a42a6e0f67dfa0b,403,1
sqli,product,4,171,be57183411996b7e,403,1
sqli,product,4,172,816c5e8dcb493ae1,403,1
sqli,product,4,173,6eb00ee2b72228f9,403,1
sqli,product,4,174,8dd8dfbeca710d9f,403,1
sqli,product,4,175,a4a72d274769cbb1,403,1
sqli,product,4,176,9f4bbdc793b2d03e,403,1
sqli,product,4,177,1170293ca04daf68,403,1
sqli,product,4,178,567a8b8e7147d8e1,403,1
sqli,product,4,179,8de154a34f188d4e,403,1
sqli,product,4,180,9ef78352c9d732cd,403,1
sqli,product,4,181,64254ebc01671248,403,1
sqli,product,4,182,93204b190d8cc79e,403,1
sqli,product,4,183,145da5f99995f053,403,1
sqli,product,4,184,2476fd6a14fb76d3,403,1
sqli,product,4,185,bda0ff108d681b20,403,1
sqli,product,4,186,aa8e6f910cb1138e,403,1
sqli,product,4,187,de92a021cf115f93,403,1
sqli,product,4,188,d4efea3c0128658b,403,1
sqli,product,4,189,0d91efb236262ff1,403,1
sqli,product,4,190,895263c4e31f9a90,403,1
sqli,product,4,191,e2b0fb88f5f161e0,403,1
sqli,product,4,192,867bbf06b782336f,403,1
sqli,product,4,193,99c3b105cf276c47,403,1
sqli,product,4,194,11d643667807ca9d,403,1
sqli,product,4,195,c6fec0a676eaf568,403,1
sqli,product,4,196,b6c6bdfc0c905f4e,403,1
sqli,product,4,197,fda2f3ccfcd2e41a,403,1
sqli,product,4,198,de81a16790131be7,403,1
sqli,product,4,199,53e5ef5d11e671d6,403,1
sqli,product,4,200,15346e79fa9de2cc,403,1
sqli,product,4,201,44349e8d8e196f79,403,1
sqli,product,4,202,0a91d392f3e5b26e,403,1
sqli,product,4,203,9c471c25b91afb2e,403,1
sqli,product,4,204,c8fcf9cfa563363a,403,1
sqli,product,4,205,92ecb66f9ebb3f5c,403,1
sqli,product,4,206,7cf9b0b69b407a88,403,1
sqli,product,4,207,deb1b2b5a0ec2aca,403,1
sqli,product,4,208,0cd59b0c278038f0,403,1
sqli,product,4,209,60262686791e69ca,403,1
sqli,product,4,210,227fda9366e30beb,403,1
sqli,product,4,211,51a72d0e5c58d17b,403,1
sqli,product,4,212,8bc6105ce31dc90f,403,1
sqli,product,4,213,97b69910a0d76eaa,403,1
sqli,product,4,214,e2b277012d01af7a,403,1
sqli,product,4,215,b7609c0c05fae2f1,403,1
sqli,product,4,216,8dfbbfe05bed5ad6,403,1
sqli,product,4,217,d8cd66f172e2e472,403,1
sqli,product,4,218,8b3368a15fd6d9fc,403,1
sqli,product,4,219,e1d8ede1e63be3ab,403,1
sqli,product,4,220,9029f1c7791f0994,403,1
sqli,product,4,221,e2828e0b33e02e85,403,1
sqli,product,4,222,5da6a0969019ddd3,403,1
sqli,product,4,223,92bc23642450a036,403,1
sqli,product,4,224,5162c61ed65c4e17,403,1
sqli,product,4,225,1d266c185e550d53,403,1
sqli,product,4,226,a97a2b5b8d187632,403,1
sqli,product,4,227,a1b46c1af2c78659,403,1
sqli,product,4,228,2cd9cb55d64cdaae,403,1
sqli,product,4,229,40adec8d1a62d993,403,1
sqli,product,4,230,0a550f8d9384a7e9,403,1
sqli,product,4,231,b2ce77f392ed6f7d,403,1
sqli,product,4,232,9c41ddf67fd83d33,403,1
sqli,product,4,233,750acf4896dad2a7,403,1
sqli,product,4,234,19ee6eb3647c8351,403,1
sqli,product,4,235,da2c7a138e267c02,403,1
sqli,product,4,236,85672ad258e1c526,403,1
sqli,product,4,237,f694e8c8440b11e3,403,1
sqli,product,4,238,a21ee0b01ecc3907,403,1
sqli,product,4,239,6f66a93c14292c72,403,1
sqli,product,4,240,f24cc37fe315521a,403,1
sqli,product,4,241,4846223ec107c0da,403,1
sqli,product,4,242,0b373c67b38acf8e,403,1
sqli,product,4,243,81f988807d06aebc,403,1
sqli,product,4,244,de0e8bf3cbf7c587,403,1
sqli,product,4,245,a1888d7b392c2913,403,1
sqli,product,4,246,cafe9269214744af,403,1
sqli,product,4,247,f926f6a424b8ecde,403,1
sqli,product,4,248,ee279d887231ed13,403,1
sqli,product,4,249,2887ee3030538841,403,1
sqli,product,4,250,2da25b2989267533,403,1
sqli,product,4,251,f4f9232b42c64ba6,403,1
sqli,product,4,252,dc8806e70e0c43d0,403,1
sqli,product,4,253,090a01f590d84be4,403,1
sqli,product,4,254,905d8eaa4ef63462,403,1
sqli,product,4,255,240cfcc1bae10dcc,403,1
sqli,product,4,256,50882901054bfe72,403,1
sqli,product,4,257,e748a80573427469,403,1
sqli,product,4,258,19f0d72d35454a1e,403,1
sqli,product,4,259,666ac2bae99b5aae,403,1
sqli,product,4,260,527b5f17a7fd866e,403,1
sqli,product,4,261,8a52dc65e9e6bcc3,403,1
sqli,product,4,262,967193b46ba15bca,403,1
sqli,product,4,263,026bc40c7f70cbde,403,1
sqli,product,4,264,5fb400284bf64120,403,1
sqli,product,4,265,ce23afdb1ef50ed9,403,1
sqli,product,4,266,061027a5fca66dc9,403,1
sqli,product,4,267,277d39c12c027ec4,403,1
sqli,product,4,268,a91ed0a9fd20796e,403,1
sqli,product,4,269,f3c8735d0131f94b,403,1
sqli,product,4,270,7a94a2ba2294fc07,403,1
sqli,product,4,271,d15699c1d5f754da,403,1
sqli,product,4,272,58ca890b7848e29b,403,1
sqli,product,4,273,5ed43029185c664c,403,1
sqli,product,4,274,da1f805fc8fd3fa3,403,1
sqli,product,4,275,9debcfde980fb92d,403,1
sqli,product,4,276,98d39a9f5abd2bbb,403,1
sqli,product,4,277,1ebcb8bce9a3383f,403,1
sqli,product,4,278,d8aedffdc2e3e592,403,1
sqli,product,4,279,ddecba59918d9bb5,403,1
sqli,product,4,280,416c153d4872e6ea,403,1
sqli,product,4,281,66281931ead21c96,403,1
sqli,product,4,282,d16c314dee1284f8,403,1
sqli,product,4,283,f0d634c2c4838737,403,1
sqli,product,4,284,05af50d54d7bf6f3,403,1
sqli,product,4,285,55bad8354a8c2208,403,1
sqli,product,4,286,915e746352dbc480,403,1
sqli,product,4,287,476944c7c5aebbd9,403,1
sqli,product,4,288,cc26458e8fb7d5f5,403,1
sqli,product,4,289,0db951855590fdb1,403,1
sqli,product,4,290,054fa3344efb93c6,403,1
sqli,product,4,291,2702b71f5d82f197,403,1
sqli,product,4,292,d334448145d3fefa,403,1
sqli,product,4,293,43f919a55b0bd9c7,403,1
sqli,product,4,294,3cf801a982636ed1,403,1
sqli,product,4,295,7aac2a7fde440833,403,1
sqli,product,4,296,ef9cc9e0cf26928e,403,1
sqli,product,4,297,ec60e4413cb1402b,403,1
sqli,product,4,298,e9729816e345eafe,403,1
sqli,product,4,299,04386edc2e29cfc8,403,1
sqli,product,4,300,b96b180acb55f329,403,1
sqli,product,4,301,9274e54fde58a569,403,1
sqli,product,4,302,c4d6424e672c4f44,403,1
sqli,product,4,303,285241d83f7163bd,403,1
sqli,product,4,304,4be9e29af3af4099,403,1
sqli,product,4,305,6a4bb27ffce81e19,403,1
sqli,product,4,306,a63eb344469a2291,403,1
sqli,product,4,307,fe7fc7fda5b313ee,403,1
sqli,product,4,308,1407f6d9bcc25d8a,403,1
sqli,product,4,309,fff9c685c3321089,403,1
sqli,product,4,310,75bcdb57422fc1eb,403,1
sqli,product,4,311,dfb7e4399acc2b75,403,1
sqli,product,4,312,f1c84765d353aa36,403,1
sqli,product,4,313,006be06af0079cbb,403,1
sqli,product,4,314,7ff7828603640e60,403,1
sqli,product,4,315,a610be4f1976f98a,403,1
sqli,product,4,316,d65326e15f3e9a74,403,1
sqli,product,4,317,47e5d4a2380e3eb0,403,1
sqli,product,4,318,bafe72300bc40aa0,403,1
sqli,product,4,319,caa8f07398711d7f,403,1
sqli,product,4,320,392c8a9a0a8ff2d0,403,1
sqli,product,4,321,e58f34b89d219e0e,403,1
sqli,product,4,322,e605ec30da9474fe,403,1
sqli,product,4,323,d95e93a1f607f7d7,403,1
sqli,product,4,324,5ec0323f3d637b82,403,1
sqli,product,4,325,a259b70e02d8d3e7,403,1
sqli,product,4,326,21c1244f0fcc6c7e,403,1
sqli,product,4,327,7e93d36e4e1e04ea,403,1
sqli,product,4,328,ce6eb3ba989186fb,403,1
sqli,product,4,329,653fe5fcb8b474cb,403,1
sqli,product,4,330,5863ecf76baf03a6,403,1
sqli,product,4,331,1bb8fffe44a4b432,403,1
sqli,product,4,332,eb4e9e7a12fbab1e,403,1
sqli,product,4,333,db5181272b0ab3e0,403,1
sqli,product,4,334,81533a5d27637e93,403,1
sqli,product,4,335,58c34acc373b05d9,403,1
sqli,product,4,336,9d263a605bd8fd2a,403,1
sqli,product,4,337,ab41f4e2ee67333b,403,1
sqli,product,4,338,5990b8d3bb14bee0,403,1
sqli,product,4,339,426e70819a7de327,403,1
sqli,product,4,340,c87ddfbb4b72773e,403,1
sqli,product,4,341,e66019c29f712533,403,1
sqli,product,4,342,076533eb82c3c64f,403,1
sqli,product,4,343,3ff3d5aa5b14e120,403,1
sqli,product,4,344,3a7c81fd713ba299,403,1
sqli,product,4,345,113491e51a2ef46a,403,1
sqli,product,4,346,d73ca3d787be4fb1,403,1
sqli,product,4,347,991d40c97395541f,403,1
sqli,product,4,348,5245d389da87499c,403,1
sqli,product,4,349,f67137bae9d390b0,403,1
sqli,product,4,350,ed61f9d9226654e4,403,1
sqli,product,4,351,6cf37e86e1ae0edd,403,1
sqli,product,4,352,a3b56045b5e35c1d,403,1
sqli,product,4,353,375c8eff3c23b136,403,1
sqli,product,4,354,6ed68395ef4e404a,403,1
sqli,product,4,355,bc8177b700323abb,403,1
sqli,product,4,356,8e8b35b021dc5bb1,403,1
sqli,product,4,357,6df01d654bbb1405,403,1
sqli,product,4,358,5bb37427fd3c7864,403,1
sqli,product,4,359,92e8862deeb95888,403,1
sqli,product,4,360,fc92d1372e53a3c3,403,1
sqli,product,4,361,a9348db923019839,403,1
sqli,product,4,362,0728f94bbbfcf1b2,403,1
sqli,product,4,363,abcb94cf0a84910d,403,1
sqli,product,4,364,a102e358cfa127bc,403,1
sqli,product,4,365,0128b7f0cdee977d,403,1
sqli,product,4,366,56a878f46cfdfc39,403,1
sqli,product,4,367,35e36ffb863fbd67,403,1
sqli,product,4,368,670663bddc93a628,403,1
sqli,product,4,369,9f80e6603c0cbdbb,403,1
sqli,product,4,370,aae791eaf5b68496,403,1
sqli,product,4,371,21df199abbd53528,403,1
sqli,product,4,372,2c0c661c78d2c611,403,1
sqli,product,4,373,b1b06940d9ca6cd0,403,1
sqli,product,4,374,4b63fe5af49667f9,403,1
sqli,product,4,375,91c332bb5e183afe,403,1
sqli,product,4,376,1fc3c1e772b0c79c,403,1
sqli,product,4,377,d357bc77a1e1140f,403,1
sqli,product,4,378,2a505bd825f4ab26,403,1
sqli,product,4,379,fe5fc4a8e6fc469c,403,1
sqli,product,4,380,57d7b7f611bf90da,403,1
sqli,product,4,381,c5cd87d4510f7cb1,403,1
sqli,product,4,382,311a588d7dbe4461,403,1
sqli,product,4,383,db836a210f75cbab,403,1
sqli,product,4,384,dfbd83d37ec21ed6,403,1
sqli,product,4,385,4a41edf9e59ca5b1,403,1
sqli,product,4,386,9157507179d1b794,403,1
sqli,product,4,387,7f847a3d515c768e,403,1
sqli,product,4,388,8ab69837106c571c,403,1
sqli,product,4,389,e8abdb3239c1d344,403,1
sqli,product,4,390,58abe08b9da8bb0e,403,1
sqli,product,4,391,6f06d02f0fd5d9e3,403,1
sqli,product,4,392,5328a3eba4ebe973,403,1
sqli,product,4,393,d3fc7268be505442,403,1
sqli,product,4,394,66ea1daf27a0eb7b,403,1
sqli,product,4,395,48e716f808860041,403,1
sqli,product,4,396,7a89bff80d7e9ed3,403,1
sqli,product,4,397,7af41985ac7efb78,403,1
sqli,product,4,398,1969987d9547574c,403,1
sqli,product,4,399,0b557bbe14b8103c,403,1
sqli,product,4,400,db5044817574f383,403,1
sqli,product,4,401,919709f39f82b6ab,403,1
sqli,product,4,402,d58247d6528bed6b,403,1
sqli,product,4,403,1756a4d5fd01f536,403,1
sqli,product,4,404,9d079b397475cae8,403,1
sqli,product,4,405,29efcf089060b29d,403,1
sqli,product,4,406,baf01ea28e8cf522,403,1
sqli,product,4,407,b3b684611d80dba8,403,1
sqli,product,4,408,670b526425f9a476,403,1
sqli,product,4,409,3d5e76f56c0838fe,403,1
sqli,product,4,410,5ade27101035cc5d,403,1
sqli,product,4,411,a62dae5a5fe840e0,403,1
sqli,product,4,412,77cc0127aa395abb,403,1
sqli,product,4,413,42b24e22db76665f,403,1
sqli,product,4,414,ce5c952976627e84,403,1
sqli,product,4,415,379ae6fc51d8db17,403,1
sqli,product,4,416,c7ddfff1e0f31517,403,1
sqli,product,4,417,de103bf58d984ad8,403,1
sqli,product,4,418,749aa7e5a284d995,403,1
sqli,product,4,419,1794ffd4e145050e,403,1
sqli,product,4,420,5874b89228cc91c3,403,1
sqli,product,4,421,967982e7a312bc8e,403,1
sqli,product,4,422,0773cf3acd36eced,403,1
sqli,product,4,423,9e1ffe58477f6978,403,1
sqli,product,4,424,7073feeddf690e61,403,1
sqli,product,4,425,17609e25885ada3c,403,1
sqli,product,4,426,97cd348780262e5f,403,1
sqli,product,4,427,e49beedfe6a600f8,403,1
sqli,product,4,428,929e5d2307ca7d5b,403,1
sqli,product,4,429,9ce996a8a5a0abec,403,1
sqli,product,4,430,1480f9bff741368b,403,1
sqli,product,4,431,139e0a955fb1b9cc,403,1
sqli,product,4,432,e929d6d1dd065d9d,403,1
sqli,product,4,433,9163cc09b632eb9d,403,1
sqli,product,4,434,d3be6f0e2b63b3f6,403,1
sqli,product,4,435,f6e4781b86f1ee0a,403,1
sqli,product,4,436,c687b0c66f3e5532,403,1
sqli,product,4,437,bdd4dd41b99a3aa5,403,1
sqli,product,4,438,fe9788f94306208f,403,1
sqli,product,4,439,b140899e47f37d8d,403,1
sqli,product,4,440,f9349bc55db27cd0,403,1
sqli,product,4,441,82612afcfcbba714,403,1
sqli,product,4,442,abacf11386c6ea77,403,1
sqli,product,4,443,35415b74536e6871,403,1
sqli,product,4,444,f13501072c6a8ef8,403,1
sqli,product,4,445,22a5a6c3a070a52a,403,1
sqli,product,4,446,dfab107608eacd2e,403,1
sqli,product,4,447,f76b09823e02ad76,403,1
sqli,product,4,448,e02e10baf8639150,403,1
sqli,product,4,449,1e9b52c7d4e7078e,403,1
sqli,product,4,450,964edf7d79c4718e,403,1
sqli,product,4,451,f8fb347363ffc35c,403,1
sqli,product,4,452,b3e9104ca956f7e7,403,1
sqli,product,4,453,93fec697e99c038b,403,1
sqli,product,4,454,6b706ced0506858e,403,1
sqli,product,4,455,dcada23f97b87ace,403,1
sqli,product,4,456,610152918fb260bc,403,1
sqli,product,4,457,713be32a4b8f4024,403,1
sqli,product,4,458,d59d6e4fb945e973,403,1
sqli,product,4,459,b268ed6e9d32b2e1,403,1
sqli,product,4,460,6a06536608c8f4a8,403,1
sqli,product,4,461,f36649045e69f4d5,403,1
sqli,product,4,462,747c69dbcecc6d0a,403,1
sqli,product,4,463,d3235d2d19b2f569,403,1
sqli,product,4,464,2db22322ff94233a,403,1
sqli,product,4,465,40b8592844120217,403,1
sqli,product,4,466,1e127444540fa102,403,1
sqli,product,5,0,26337bb66cc12313,403,1
sqli,product,5,1,ee1d853e58886515,403,1
sqli,product,5,2,495261e1bb88f979,403,1
sqli,product,5,3,e27a666e668e1704,403,1
sqli,product,5,4,b3c28ad4c307c09e,403,1
sqli,product,5,5,148b63297e31c405,403,1
sqli,product,5,6,89e9b04285177c0a,403,1
sqli,product,5,7,844fd50f0f75ff51,403,1
sqli,product,5,8,c017223942d5efe5,403,1
sqli,product,5,9,9c9fc155c0ee2207,403,1
sqli,product,5,10,b17d34f87499a2f0,403,1
sqli,product,5,11,89b60f776d1375e7,403,1
sqli,product,5,12,f130249cb80de97e,403,1
sqli,product,5,13,ea8a2f7a10a53a33,403,1
sqli,product,5,14,324c4ad9170d2016,403,1
sqli,product,5,15,84bb71fe607a3ea4,403,1
sqli,product,5,16,9df801f5d497f5b2,403,1
sqli,product,5,17,0a252552b44bfed0,403,1
sqli,product,5,18,848ab0b278b2667e,403,1
sqli,product,5,19,acffd3812d2127eb,403,1
sqli,product,5,20,5182784756e588a9,403,1
sqli,product,5,21,02175ace05f220df,403,1
sqli,product,5,22,d4dc71e85866eff0,403,1
sqli,product,5,23,bcb4504fbdfda422,403,1
sqli,product,5,24,d37521750efbc549,403,1
sqli,product,5,25,564337867ee18e64,403,1
sqli,product,5,26,1f6edcc4b30a88ed,403,1
sqli,product,5,27,e55e3d7740aaada1,403,1
sqli,product,5,28,63e57956042958f1,403,1
sqli,product,5,29,4b0d3ccf523f1ef8,403,1
sqli,product,5,30,d7795bc96e230c60,403,1
sqli,product,5,31,ee98906a19c4e713,403,1
sqli,product,5,32,113ff2f5daef5472,403,1
sqli,product,5,33,a85d60c28db8d6f5,403,1
sqli,product,5,34,f54c536a5932b50b,403,1
sqli,product,5,35,aa38463cdf56ab3b,403,1
sqli,product,5,36,203a572aa6be9754,403,1
sqli,product,5,37,5bf9dcde73194fb9,403,1
sqli,product,5,38,4685d6e5d573e3a7,403,1
sqli,product,5,39,16dcc86ce71a5369,403,1
sqli,product,5,40,8a74a21fe9c50923,403,1
sqli,product,5,41,bf8aab54fbcb86f0,403,1
sqli,product,5,42,061aeaecd427ab30,403,1
sqli,product,5,43,89ae3876fdca7971,403,1
sqli,product,5,44,36e5e5783ad199d7,403,1
sqli,product,5,45,4ae60e8bec3a0395,403,1
sqli,product,5,46,bdf43abdf74ea85f,403,1
sqli,product,5,47,38ecb5ee5f1601b3,403,1
sqli,product,5,48,c22fdce2cc82ea6e,403,1
sqli,product,5,49,64de2dee4bacb9f9,403,1
sqli,product,5,50,122229677bbb9f10,403,1
sqli,product,5,51,5e80565d51390bd3,403,1
sqli,product,5,52,e7fe0f8e9141ec33,403,1
sqli,product,5,53,92cb9a0b224f2ba5,403,1
sqli,product,5,54,cc292b71aa763842,403,1
sqli,product,5,55,0d3b97b6de587c54,403,1
sqli,product,5,56,5e496468194610c7,403,1
sqli,product,5,57,d7b0ec0d2f02f320,403,1
sqli,product,5,58,eba23e93d7a5bd29,403,1
sqli,product,5,59,4a69aee8fcd99894,403,1
sqli,product,5,60,e902767c91d912d3,403,1
sqli,product,5,61,198869b6b0752a8f,403,1
sqli,product,5,62,87effec9ab462a6e,403,1
sqli,product,5,63,227b6b7898abd434,403,1
sqli,product,5,64,822f3ea59b4d449a,403,1
sqli,product,5,65,9e65124f10afdbcd,403,1
sqli,product,5,66,5fde00c109073816,403,1
sqli,product,5,67,c1c60551d5220de0,403,1
sqli,product,5,68,1e28bec127d0f1bd,403,1
sqli,product,5,69,bdd45af8e5e8c0d9,403,1
sqli,product,5,70,67f4f23240b4dcfe,403,1
sqli,product,5,71,8092f7f493673ca7,403,1
sqli,product,5,72,c2dd007d4459668b,403,1
sqli,product,5,73,bc779c5787e4bbea,403,1
sqli,product,5,74,e20b29945d147a9c,403,1
sqli,product,5,75,87746eae0badb40f,403,1
sqli,product,5,76,bb39d1e42b570edf,403,1
sqli,product,5,77,888a0da8a807d0f7,403,1
sqli,product,5,78,7561d9d9c551710b,403,1
sqli,product,5,79,7a217084e1b73a84,403,1
sqli,product,5,80,75b4620cf3c7aab9,403,1
sqli,product,5,81,4a5c4ef5af772967,403,1
sqli,product,5,82,8a48cc2a99aa639f,403,1
sqli,product,5,83,3ba114b730e69ae5,403,1
sqli,product,5,84,972a8bc1c9fc1aa4,403,1
sqli,product,5,85,fd9085eac1c1f207,403,1
sqli,product,5,86,1fc736eeddd1fa3e,403,1
sqli,product,5,87,e159e2a272db3ca7,403,1
sqli,product,5,88,0d8fdfb9c599bfd3,403,1
sqli,product,5,89,9f0b0364568229ac,403,1
sqli,product,5,90,eb4ffd4a2f33f365,403,1
sqli,product,5,91,1f4362af8dbd5476,403,1
sqli,product,5,92,e4b117dc0a49c418,403,1
sqli,product,5,93,0e7fd92f14a499e5,403,1
sqli,product,5,94,c3ef729fa259823c,403,1
sqli,product,5,95,22440136f6716915,403,1
sqli,product,5,96,cbf16d71af852152,403,1
sqli,product,5,97,db8c16b6ba18cf77,403,1
sqli,product,5,98,1713d30edd29e1b3,403,1
sqli,product,5,99,8ceb89154ac97028,403,1
sqli,product,5,100,c7747cff36c7a42a,403,1
sqli,product,5,101,ba00bf108606cf0b,403,1
sqli,product,5,102,884c7aec94962266,403,1
sqli,product,5,103,50ee7cde5a8facd2,403,1
sqli,product,5,104,b020bbd3da26e810,403,1
sqli,product,5,105,fc6b3e5af42a2442,403,1
sqli,product,5,106,3f4829a1f93e19c0,403,1
sqli,product,5,107,f7bef027c974e4c5,403,1
sqli,product,5,108,078d1b35ada6b1e4,403,1
sqli,product,5,109,182ef0dcd41cf5ef,403,1
sqli,product,5,110,aa5a66c3c90a804a,403,1
sqli,product,5,111,84e13ba2859df8f0,403,1
sqli,product,5,112,1139cffc0b918531,403,1
sqli,product,5,113,f8c2ed2d6cdae0e3,403,1
sqli,product,5,114,9b5623f0b3ab0a6d,403,1
sqli,product,5,115,67bcb31155043c38,403,1
sqli,product,5,116,8f40455bf29c1b27,403,1
sqli,product,5,117,c7684b08f24bf519,403,1
sqli,product,5,118,8e429a1413b3c072,403,1
sqli,product,5,119,083da3d1810cf372,403,1
sqli,product,5,120,adcd24e7dac89990,403,1
sqli,product,5,121,f4f4b09437db5b60,403,1
sqli,product,5,122,52c421ebbd78d571,403,1
sqli,product,5,123,7cc5c77f2e49d445,403,1
sqli,product,5,124,12f5788a317cb10b,403,1
sqli,product,5,125,5055d8eb062776f7,403,1
sqli,product,5,126,348193bda99cd6b0,403,1
sqli,product,5,127,c1211cf4734b8afa,403,1
sqli,product,5,128,3990b04e2429a3be,403,1
sqli,product,5,129,db2f393e4b31c7ea,403,1
sqli,product,5,130,fb3c843663a7c81a,403,1
sqli,product,5,131,709e8a2ec51185bb,403,1
sqli,product,5,132,ee9b474da6ce082f,403,1
sqli,product,5,133,472e2dc6fec41875,403,1
sqli,product,5,134,9660386b1f2deaad,403,1
sqli,product,5,135,82b89ea0eebe6b65,403,1
sqli,product,5,136,e5aa37f7f3ad9b72,403,1
sqli,product,5,137,61c5cc57143b1236,403,1
sqli,product,5,138,c1e1163a6a1318b6,403,1
sqli,product,5,139,31e7a716b40bd6ee,403,1
sqli,product,5,140,ab2ce7d121d7a8c8,403,1
sqli,product,5,141,3e2043611c84a445,403,1
sqli,product,5,142,67f1e47ce1e855e0,403,1
sqli,product,5,143,cc26a6ca28c27514,403,1
sqli,product,5,144,d1b5bec22770a1f1,403,1
sqli,product,5,145,454b879420d90950,403,1
sqli,product,5,146,63d677dca8a885d9,403,1
sqli,product,5,147,3abed5be7585aca2,403,1
sqli,product,5,148,275b125d49067ad4,403,1
sqli,product,5,149,6e98c661658102a1,403,1
sqli,product,5,150,f1d643bbb7f36bf4,403,1
sqli,product,5,151,437220c0ef7a9e99,403,1
sqli,product,5,152,cf1dd6effe0b29ce,403,1
sqli,product,5,153,7190fa7d2d913797,403,1
sqli,product,5,154,02fc3632ecf5fb5a,403,1
sqli,product,5,155,49696b4e141c2c87,403,1
sqli,product,5,156,b9bc68f92c2ec0dd,403,1
sqli,product,5,157,4f8ed468bb7bd2a0,403,1
sqli,product,5,158,dbe3921336714461,403,1
sqli,product,5,159,4cff93e5a543a23e,403,1
sqli,product,5,160,7e7fb8b449263cab,403,1
sqli,product,5,161,7e443795cfd06ed5,403,1
sqli,product,5,162,c9c82ad5c431ce17,403,1
sqli,product,5,163,3a82efb5739212ad,403,1
sqli,product,5,164,dd2e883d596265a8,403,1
sqli,product,5,165,522c48b2dddada3f,403,1
sqli,product,5,166,aba4d930e3065b88,403,1
sqli,product,5,167,9fb2afe1aa8f4844,403,1
sqli,product,5,168,7f74a8af4866d6ce,403,1
sqli,product,5,169,fd0d6b6a7bc75e23,403,1
sqli,product,5,170,9c6ff5bbcb665e6c,403,1
sqli,product,5,171,515b97e6b3eda9a3,403,1
sqli,product,5,172,a0f5c7e29558f099,403,1
sqli,product,5,173,3306bf472b494524,403,1
sqli,product,5,174,a38ceb8f29e54416,403,1
sqli,product,5,175,650ee568bf2a9e09,403,1
sqli,product,5,176,8bc37309360c1f00,403,1
sqli,product,5,177,6441873c10394771,403,1
sqli,product,5,178,92a09026d46a8b59,403,1
sqli,product,5,179,f4b9de94c9ef6f5a,403,1
sqli,product,5,180,cb859db1a9fea9eb,403,1
sqli,product,5,181,270789e5fddd272e,403,1
sqli,product,5,182,048f137094feeaf2,403,1
sqli,product,5,183,8fe416d63b07e08d,403,1
sqli,product,5,184,1654723477bccf1b,403,1
sqli,product,5,185,8dfdc0e3cb770862,403,1
sqli,product,5,186,6d413a02698b78c1,403,1
sqli,product,5,187,c52bdbc1fe5c303e,403,1
sqli,product,5,188,31910ed2c62d647f,403,1
sqli,product,5,189,f4f842a039efffe4,403,1
sqli,product,5,190,10359de8c551b090,403,1
sqli,product,5,191,d8cddff4a72d99e4,403,1
sqli,product,5,192,08cd46bb9b393a07,403,1
sqli,product,5,193,9839c92d714c6f10,403,1
sqli,product,5,194,4f83703a28d27f09,403,1
sqli,product,5,195,5b6908d7a7a4b36e,403,1
sqli,product,5,196,07a75091a3f9decf,403,1
sqli,product,5,197,24136406a6da8e75,403,1
sqli,product,5,198,c6af2269ceed2863,403,1
sqli,product,5,199,195a01fb500920fc,403,1
sqli,product,5,200,fbc9b7df60c9a65f,403,1
sqli,product,5,201,24d9b4966f9f7f47,403,1
sqli,product,5,202,3a60dd78a6502e56,403,1
sqli,product,5,203,07087fabc87a6cf1,403,1
sqli,product,5,204,3941dfd1bc1c9014,403,1
sqli,product,5,205,ec7d00bd38d2797e,403,1
sqli,product,5,206,8a0cfb8729367f73,403,1
sqli,product,5,207,6430dc7e3694edfd,403,1
sqli,product,5,208,78fa4a066ebacd38,403,1
sqli,product,5,209,0b00e67e261fcbe4,403,1
sqli,product,5,210,cad05d2bacb686e7,403,1
sqli,product,5,211,9d10d821c546e8c9,403,1
sqli,product,5,212,c1f4c0d7b81c0c25,403,1
sqli,product,5,213,ae3df1fb76c20f50,403,1
sqli,product,5,214,21143c7e8724ddbe,403,1
sqli,product,5,215,6326f1435544b0cd,403,1
sqli,product,5,216,8acedd86c9450fe8,403,1
sqli,product,5,217,251dd9af17390a63,403,1
sqli,product,5,218,9d2460e07d67dade,403,1
sqli,product,5,219,500324d3a99584d3,403,1
sqli,product,5,220,f45cf171d5947bcb,403,1
sqli,product,5,221,f4d5f14bed37e0c6,403,1
sqli,product,5,222,f7e1fcabd93f8e3a,403,1
sqli,product,5,223,69c3263beae21678,403,1
sqli,product,5,224,0ecb558e19ecedbd,403,1
sqli,product,5,225,5f8234c9d2338c46,403,1
sqli,product,5,226,cdfad4db833cf510,403,1
sqli,product,5,227,bb3a342198235bb7,403,1
sqli,product,5,228,e27c8e790834ef2e,403,1
sqli,product,5,229,be4235ea452bbd83,403,1
sqli,product,5,230,576311a3fef8c1f1,403,1
sqli,product,5,231,ef9ae07356412f63,403,1
sqli,product,5,232,94d08f7965fc94c8,403,1
sqli,product,5,233,7bb540963553f60d,403,1
sqli,product,5,234,571dd5dbf6932c80,403,1
sqli,product,5,235,74d6ef1cb99f2919,403,1
sqli,product,5,236,216dd28f17475a6c,403,1
sqli,product,5,237,32f3d32e0e0c278b,403,1
sqli,product,5,238,17ff10a55360c6c3,403,1
sqli,product,5,239,143900324139aa12,403,1
sqli,product,5,240,567d9aad9040cd56,403,1
sqli,product,5,241,d4ac1becf5e4b8cc,403,1
sqli,product,5,242,2921ca5796101807,403,1
sqli,product,5,243,a32a1ab7bec0a9e0,403,1
sqli,product,5,244,2219f3c7ef1f8755,403,1
sqli,product,5,245,cdc5de87f89ca2c3,403,1
sqli,product,5,246,fcd7ec93ce6b96f6,403,1
sqli,product,5,247,322e9ed63a7805ed,403,1
sqli,product,5,248,00b9eabfc27d0ea0,403,1
sqli,product,5,249,e9f7807cce4284d1,403,1
sqli,product,5,250,a1dc51675c5918d4,403,1
sqli,product,5,251,482732f8b2da759d,403,1
sqli,product,5,252,f402ea4470cc15aa,403,1
sqli,product,5,253,7581e370b3117ab7,403,1
sqli,product,5,254,63a178b2800f803f,403,1
sqli,product,5,255,3f32209c87fc6082,403,1
sqli,product,5,256,2f20a90f272f5729,403,1
sqli,product,5,257,1a3130c3a1f5da3c,403,1
sqli,product,5,258,d10479399369581b,403,1
sqli,product,5,259,7ca446e38fcfbea0,403,1
sqli,product,5,260,14bbca0adeaa3be5,403,1
sqli,product,5,261,9b446cb07ee51f3c,403,1
sqli,product,5,262,b50a57781bd40372,403,1
sqli,product,5,263,0209057a176ddd48,403,1
sqli,product,5,264,1db6ad270c255779,403,1
sqli,product,5,265,45fcbc03c3325c5c,403,1
sqli,product,5,266,80a46fa66e619c58,403,1
sqli,product,5,267,5196cbe6157b7820,403,1
sqli,product,5,268,5c2521e6717222a1,403,1
sqli,product,5,269,e85fd16be30a24d3,403,1
sqli,product,5,270,126a1eeed9c072b4,403,1
sqli,product,5,271,32e1fe3401da06dd,403,1
sqli,product,5,272,b369657d53373c2b,403,1
sqli,product,5,273,2502e761aae70be8,403,1
sqli,product,5,274,56c6cf38c87315b4,403,1
sqli,product,5,275,db37114c3af0238a,403,1
sqli,product,5,276,62d237e77962099a,403,1
sqli,product,5,277,88a181c2cabe20cc,403,1
sqli,product,5,278,863901d009e316f2,403,1
sqli,product,5,279,b0c03d7e8389bac8,403,1
sqli,product,5,280,3de1c36b761c4a91,403,1
sqli,product,5,281,7b29ab23dc966627,403,1
sqli,product,5,282,00664669b6531f2f,403,1
sqli,product,5,283,aec2e14ecb71296e,403,1
sqli,product,5,284,24c8349e681d301a,403,1
sqli,product,5,285,da6082a550f9c0fd,403,1
sqli,product,5,286,ce24b901aed1b6c0,403,1
sqli,product,5,287,f17946675413b981,403,1
sqli,product,5,288,bf09ad2a4969049e,403,1
sqli,product,5,289,4597c88e371ba4e4,403,1
sqli,product,5,290,a22fa9041feb737e,403,1
sqli,product,5,291,b62381e147a9fea4,403,1
sqli,product,5,292,9a3321b0130ec482,403,1
sqli,product,5,293,58ab535d87cc46ef,403,1
sqli,product,5,294,ce81d29970e965c9,403,1
sqli,product,5,295,cbb400413d46232e,403,1
sqli,product,5,296,5ae97fb47c5e2bd3,403,1
sqli,product,5,297,a8ab5317c00e993f,403,1
sqli,product,5,298,eeb040d485f421c0,403,1
sqli,product,5,299,0a06b33d56f69af6,403,1
sqli,product,5,300,7b6ecaa53b939d91,403,1
sqli,product,5,301,fd9689bbe9962e7f,403,1
sqli,product,5,302,c837917ee047b967,403,1
sqli,product,5,303,bd5829f0054192d8,403,1
sqli,product,5,304,c3c38ff001362aac,403,1
sqli,product,5,305,de590bb4d4222946,403,1
sqli,product,5,306,1f2ad5edbc01ad1b,403,1
sqli,product,5,307,09000c1da6097553,403,1
sqli,product,5,308,74c077c739b97d4d,403,1
sqli,product,5,309,be8bee866cb24249,403,1
sqli,product,5,310,c4fffbb21aa912ae,403,1
sqli,product,5,311,51ff744bffca1cea,403,1
sqli,product,5,312,87ad8c8c9fa3d14d,403,1
sqli,product,5,313,696b9b4771237a7d,403,1
sqli,product,5,314,fef690e344b0af39,403,1
sqli,product,5,315,1f1c4761be325c4e,403,1
sqli,product,5,316,e133fac5f2d9c2bb,403,1
sqli,product,5,317,f0c866008c585a7d,403,1
sqli,product,5,318,1a7a2f80795525a3,403,1
sqli,product,5,319,84cceb20019c0c3f,403,1
sqli,product,5,320,c4fdf6135cbc8db8,403,1
sqli,product,5,321,29c852d4870b8ba9,403,1
sqli,product,5,322,f300daa1be6b22d3,403,1
sqli,product,5,323,324be9d556a66b9a,403,1
sqli,product,5,324,8751b0229f14e185,403,1
sqli,product,5,325,09824eb9b5e34b99,403,1
sqli,product,5,326,491751c53eddbf23,403,1
sqli,product,5,327,5689af9cdc1b6e03,403,1
sqli,product,5,328,5cbfa20d4b1613dd,403,1
sqli,product,5,329,85256c69f7852a0f,403,1
sqli,product,5,330,e6efd48329145134,403,1
sqli,product,5,331,ee8944dee7a1cbd2,403,1
sqli,product,5,332,5e095e7f55bbe76b,403,1
sqli,product,5,333,fd7dd5c3d388f61e,403,1
sqli,product,5,334,a4bed86551cb694b,403,1
sqli,product,5,335,0e5fe038ff229698,403,1
sqli,product,5,336,ea21139b7dcf408f,403,1
sqli,product,5,337,5a717b03afa7fce5,403,1
sqli,product,5,338,cf3f51aaedde4b8d,403,1
sqli,product,5,339,cc7f37b7f520ff82,403,1
sqli,product,5,340,2dd100bdbc3b73dd,403,1
sqli,product,5,341,c0cea18442609e9c,403,1
sqli,product,5,342,571d59a7f97a105e,403,1
sqli,product,5,343,e8d1bb4123302b15,403,1
sqli,product,5,344,c6b8d176e493e021,403,1
sqli,product,5,345,87afbb76a09bf8fc,403,1
sqli,product,5,346,7a3d3d395ce59d45,403,1
sqli,product,5,347,55fac14cf174e934,403,1
sqli,product,5,348,bd6837ef0b0435c7,403,1
sqli,product,5,349,7933c657d2c4979d,403,1
sqli,product,5,350,c07804a7e6f981ef,403,1
sqli,product,5,351,f23b72c253015266,403,1
sqli,product,5,352,a268d0ad464b1f23,403,1
sqli,product,5,353,64a0abf10711dbac,403,1
sqli,product,5,354,5869a7e77cd7bb7c,403,1
sqli,product,5,355,c8c85eac0c954f1a,403,1
sqli,product,5,356,5072faad4f47eae6,403,1
sqli,product,5,357,0ddb601cd5f697ff,403,1
sqli,product,5,358,b97c865f66eabce7,403,1
sqli,product,5,359,28877cb7a5272a25,403,1
sqli,product,5,360,aca88f198b7e182c,403,1
sqli,product,5,361,07f42170f50ad26b,403,1
sqli,product,5,362,80d0fd1ee6a3989c,403,1
sqli,product,5,363,295ecc2f8d46fc28,403,1
sqli,product,5,364,c6bcc5766547b89d,403,1
sqli,product,5,365,b954e0f678d50354,403,1
sqli,product,5,366,a1a3071d60cc51e6,403,1
sqli,product,5,367,b701cefb7b8f4fd5,403,1
sqli,product,5,368,1939400a0c4f1dfd,403,1
sqli,product,5,369,02c86e253ee17dc5,403,1
sqli,product,5,370,528f180c5780bdee,403,1
sqli,product,5,371,91b34d01590c01ae,403,1
sqli,product,5,372,4e0f5ed69f8cf55d,403,1
sqli,product,5,373,87e4a076f5ff25e2,403,1
sqli,product,5,374,5aa523945a6a2eb1,403,1
sqli,product,5,375,dea45eebdc410fe2,403,1
sqli,product,5,376,56073d9a29735a31,403,1
sqli,product,5,377,63f5e2ac214c3587,403,1
sqli,product,5,378,438406243cac1da1,403,1
sqli,product,5,379,c244ad79be1c4fb8,403,1
sqli,product,5,380,bf4ee2e47e416781,403,1
sqli,product,5,381,83b662a183315373,403,1
sqli,product,5,382,4e0c8dae2b34e6d9,403,1
sqli,product,5,383,29326b1c788b1419,403,1
sqli,product,5,384,619b66a6404f0d70,403,1
sqli,product,5,385,fcd47a1d20170894,403,1
sqli,product,5,386,2b42e95a8c304325,403,1
sqli,product,5,387,f544acf8bb14b82a,403,1
sqli,product,5,388,1c85c47f02bb171d,403,1
sqli,product,5,389,3b7a2ac325471d7a,403,1
sqli,product,5,390,90e6d174e740936e,403,1
sqli,product,5,391,0f5ff1a62f151bb9,403,1
sqli,product,5,392,0d0fa605cf6fc221,403,1
sqli,product,5,393,4b8d15c9331ea063,403,1
sqli,product,5,394,00c9615c34d8f271,403,1
sqli,product,5,395,a338e84ce74c4dbf,403,1
sqli,product,5,396,ae449e8cfdbbc753,403,1
sqli,product,5,397,a7705c04364ffdbf,403,1
sqli,product,5,398,e9b1bb7a7894a9a3,403,1
sqli,product,5,399,dd17a2484d9fdd3e,403,1
sqli,product,5,400,c70752f09a9b0c17,403,1
sqli,product,5,401,8e00532723680dd1,403,1
sqli,product,5,402,6035d7524d43ef91,403,1
sqli,product,5,403,ce45264a539741e5,403,1
sqli,product,5,404,8b30370e082de8e3,403,1
sqli,product,5,405,7f7db102515ca8b9,403,1
sqli,product,5,406,546209a344381d40,403,1
sqli,product,5,407,7922c6b44ab7f486,403,1
sqli,product,5,408,7cb4874da4e5ceb9,403,1
sqli,product,5,409,eef8df129ad62371,403,1
sqli,product,5,410,ced889e3318fc9fd,403,1
sqli,product,5,411,fa554dd93faea7d2,403,1
sqli,product,5,412,f473031971a59e68,403,1
sqli,product,5,413,ee00f48f938bb19e,403,1
sqli,product,5,414,16beb10920aaea06,403,1
sqli,product,5,415,d2b9fc8c58f4ce57,403,1
sqli,product,5,416,0647a4e8273bdfd9,403,1
sqli,product,5,417,7dbdd7ea082983da,403,1
sqli,product,5,418,99c763420e140d73,403,1
sqli,product,5,419,b63cd9054e61334e,403,1
sqli,product,5,420,018559de3e07de94,403,1
sqli,product,5,421,07b3fc6269b2bf80,403,1
sqli,product,5,422,07dddc19b45c2fc4,403,1
sqli,product,5,423,fa337d40a422cb3d,403,1
sqli,product,5,424,a35b2464d2f7fcc9,403,1
sqli,product,5,425,93308d8920e8b4a9,403,1
sqli,product,5,426,144d7c5801476aa6,403,1
sqli,product,5,427,3af3329f693eda20,403,1
sqli,product,5,428,805ec60fa4b617a7,403,1
sqli,product,5,429,28ff216fd8fa9e80,403,1
sqli,product,5,430,14bed8167d64b522,403,1
sqli,product,5,431,9f1d4b598c434942,403,1
sqli,product,5,432,6426beb91e798bc6,403,1
sqli,product,5,433,c16cb9142d8e8951,403,1
sqli,product,5,434,f14ed6d2d5db3ad4,403,1
sqli,product,5,435,c5e6917c941154bb,403,1
sqli,product,5,436,2b96d94123e5e911,403,1
sqli,product,5,437,85faba011d328f0a,403,1
sqli,product,5,438,ce7aa0e1a909d6fe,403,1
sqli,product,5,439,94b09695db26a912,403,1
sqli,product,5,440,cd30887203445010,403,1
sqli,product,5,441,c72bfa86d376ecd8,403,1
sqli,product,5,442,0514ce3b2b2f1acc,403,1
sqli,product,5,443,d18ef8b42db4aad6,403,1
sqli,product,5,444,11a5391a1c2f527b,403,1
sqli,product,5,445,2569cb5001ef66c2,403,1
sqli,product,5,446,8b60cc986fc21a8d,403,1
sqli,product,5,447,8afdc0bf71c7056b,403,1
sqli,product,5,448,4fed8b30df455d8d,403,1
sqli,product,5,449,1527107348d76ca0,403,1
sqli,product,5,450,5a959085eab3fb72,403,1
sqli,product,5,451,851c8fb977c0c060,403,1
sqli,product,5,452,d77403ea39a05244,403,1
sqli,product,5,453,81fd9cd2ef7b6df5,403,1
sqli,product,5,454,6923ae03ead325b6,403,1
sqli,product,5,455,9ef2a1c36759546f,403,1
sqli,product,5,456,2ad285bb60c13cd8,403,1
sqli,product,5,457,06be9ccec2544b55,403,1
sqli,product,5,458,ba57f051edd2beed,403,1
sqli,product,5,459,695985a5baebc386,403,1
sqli,product,5,460,5d4cbf444a68b359,403,1
sqli,product,5,461,38cba272ff0d4c61,403,1
sqli,product,5,462,6025cb1866d64345,403,1
sqli,product,5,463,ce914dddd60c5504,403,1
sqli,product,5,464,aafaaa50f11d73e7,403,1
sqli,product,5,465,3ab84f3b289468bf,403,1
sqli,product,5,466,e5b10793155c2eec,403,1
sqli,product,5,467,26c04449e36c9295,403,1
sqli,product,5,468,000b1a603453b469,403,1
sqli,product,5,469,ad3c54cb6887648b,403,1
sqli,product,5,470,e8edd1977017c523,403,1
sqli,product,5,471,407fcc798810c7d8,403,1
sqli,product,5,472,f54dff4ddbb660f0,403,1
sqli,product,5,473,3af658f9ceb23c92,403,1
sqli,search,1,0,01d5ee9d1aa1a961,403,1
sqli,search,1,1,d9a7666e14fe8d00,403,1
sqli,search,1,2,b8c87865b680dcfe,403,1
sqli,search,1,3,ac291e1ad62cf26f,403,1
sqli,search,1,4,2704dd42a4744c5f,403,1
sqli,search,1,5,42df91971ab02f99,403,1
sqli,search,1,6,4d67830ca89d7d56,403,1
sqli,search,1,7,60fbe79368f81186,403,1
sqli,search,1,8,f27254856c69c3d1,403,1
sqli,search,1,9,3fd1731b2045e521,403,1
sqli,search,1,10,40a45a27506fde9d,403,1
sqli,search,1,11,5c2382eb09060674,403,1
sqli,search,1,12,0b73291882330a39,403,1
sqli,search,1,13,97000611512e7b74,403,1
sqli,search,1,14,0f75262e23bc20e5,403,1
sqli,search,1,15,03e483e363ec5757,403,1
sqli,search,1,16,9493b6c276e776ba,403,1
sqli,search,1,17,90027d84b9460ac7,403,1
sqli,search,1,18,df0b3368b0f50c8b,403,1
sqli,search,1,19,13f60d2bf508956c,403,1
sqli,search,1,20,9c75600838760859,403,1
sqli,search,1,21,1504691e7676d077,403,1
sqli,search,1,22,30043ab15296bc44,403,1
sqli,search,1,23,ee75dfdbae22cfcd,403,1
sqli,search,1,24,9b2310f3b64f4235,403,1
sqli,search,1,25,3582d2b8bb716956,403,1
sqli,search,1,26,6d8fea25ccb0cd8a,403,1
sqli,search,1,27,ffaa3fff3d5b73c4,403,1
sqli,search,1,28,52dec1da2928a649,403,1
sqli,search,1,29,dbc20bfa8f169955,403,1
sqli,search,1,30,0f892a072de99988,403,1
sqli,search,1,31,20c6cabf6762a454,403,1
sqli,search,1,32,32bd17f2121ce551,403,1
sqli,search,1,33,2e8113475a30d2f2,403,1
sqli,search,1,34,9a0f47aa53f5e604,403,1
sqli,search,1,35,fbe756648ee03c47,403,1
sqli,search,1,36,2486a39da07abc59,403,1
sqli,search,1,37,985419c184849587,403,1
sqli,search,1,38,942b26c80a1e35e5,403,1
sqli,search,1,39,0aa5acdc0f99a964,200,0
sqli,search,1,40,c4fa77f91db3e654,403,1
sqli,search,1,41,b142d39c192011c4,403,1
sqli,search,1,42,be74df112ef23d19,403,1
sqli,search,1,43,5f6f53189fac2876,403,1
sqli,search,1,44,813c3f74925b3aff,403,1
sqli,search,1,45,b1a9c381f67d7be2,403,1
sqli,search,1,46,42bf69a5d18448c9,403,1
sqli,search,1,47,049842f84d92755c,403,1
sqli,search,1,48,3f9ea031456fb503,403,1
sqli,search,1,49,4b1bf52c5e0b50cd,403,1
sqli,search,1,50,7922a4ef024633d9,403,1
sqli,search,1,51,e362a19e79e68ada,403,1
sqli,search,1,52,c726c583f50df64a,403,1
sqli,search,1,53,8322870f34c1bd96,403,1
sqli,search,1,54,b5295f4046a6e132,403,1
sqli,search,1,55,0fd6aaafeb5e7c86,403,1
sqli,search,1,56,666dde1234f58729,403,1
sqli,search,1,57,58de3056713f58d7,403,1
sqli,search,1,58,a4bf6f33b8f98b43,403,1
sqli,search,1,59,e68e458c24fe2c1a,403,1
sqli,search,1,60,e43bcafb619c836f,403,1
sqli,search,1,61,5b55cbacb5e228c8,403,1
sqli,search,1,62,1abc69d7942ea9c1,403,1
sqli,search,1,63,af6428730f3148ed,403,1
sqli,search,1,64,dd610e9801ab94ce,403,1
sqli,search,1,65,11d5eec9c7cf0751,403,1
sqli,search,1,66,5182d665801851e9,403,1
sqli,search,1,67,27da1ed38787dcc9,403,1
sqli,search,1,68,89d3c4fa781a8828,403,1
sqli,search,1,69,43c69050890e4bd1,403,1
sqli,search,1,70,a4fa3bd94888843e,403,1
sqli,search,1,71,0cde4f7673c5c2ef,403,1
sqli,search,1,72,4c6f7775fadb842a,403,1
sqli,search,1,73,c3751f36eb1aa561,403,1
sqli,search,1,74,121a3de8509b6a8e,403,1
sqli,search,1,75,66484ccdbae8bb76,403,1
sqli,search,1,76,6a5c205ebadeac0f,403,1
sqli,search,1,77,ab43390ad2f9ccbe,403,1
sqli,search,1,78,9c527dadb4c08125,403,1
sqli,search,1,79,fb701ca1b64e184f,403,1
sqli,search,1,80,405cfe79f867d9a2,403,1
sqli,search,1,81,aa7503be2be47cf6,403,1
sqli,search,1,82,9e63ffb3abe18886,403,1
sqli,search,1,83,95b91c4d4b638f81,403,1
sqli,search,1,84,32e856f6f017d38c,403,1
sqli,search,1,85,8b79f802cc2e72c5,403,1
sqli,search,1,86,97a65b6f7479f613,403,1
sqli,search,1,87,a11ddf0946f65497,403,1
sqli,search,1,88,ea44d6c932bf4188,403,1
sqli,search,1,89,57efbb05558fe97e,403,1
sqli,search,1,90,fbcff79c3c0f4cbf,403,1
sqli,search,1,91,468491260ea1da65,403,1
sqli,search,1,92,17f6731fcbc4f494,403,1
sqli,search,1,93,e3a0a29b76d81166,403,1
sqli,search,1,94,476947141112a1a2,403,1
sqli,search,1,95,b031e78e68376ea9,403,1
sqli,search,1,96,8b7f9a558307b27d,403,1
sqli,search,1,97,632fdfb1af29fca8,403,1
sqli,search,1,98,29d73a268ab1789d,403,1
sqli,search,1,99,96e7f4cb7d6592b0,403,1
sqli,search,1,100,3c7cef8e6069890e,403,1
sqli,search,1,101,45153b293d13ab72,403,1
sqli,search,1,102,654a68b272498ecf,403,1
sqli,search,1,103,bc285889a2d3b4f4,403,1
sqli,search,1,104,e501a7e3afc46a71,403,1
sqli,search,1,105,91b2cb9767a423db,403,1
sqli,search,1,106,b75dd0800a749ad1,403,1
sqli,search,1,107,eb4b73154f153a22,403,1
sqli,search,1,108,e5589633093e935a,403,1
sqli,search,1,109,c01f42e36c7f9d2a,403,1
sqli,search,1,110,3b3647d12576aaa9,403,1
sqli,search,1,111,5df966957d924e21,403,1
sqli,search,1,112,926def6aefcef425,403,1
sqli,search,1,113,e4177c0ca373fc72,403,1
sqli,search,1,114,670dfae0dd4ad08d,403,1
sqli,search,1,115,d4a88e036a18835f,403,1
sqli,search,1,116,ffd46ee2a40973d7,403,1
sqli,search,1,117,85abd82d3092ecfe,403,1
sqli,search,1,118,fb2c1d585279f72a,403,1
sqli,search,1,119,b996443ee6c75086,403,1
sqli,search,1,120,22644dd6aceeb732,403,1
sqli,search,1,121,21330a8e3f1311c5,403,1
sqli,search,1,122,756655bb3332dc8d,403,1
sqli,search,1,123,b2500a58cf2ef9e6,403,1
sqli,search,1,124,9feeb18b8c4a4ce7,403,1
sqli,search,1,125,8e07baed12af4ccc,403,1
sqli,search,1,126,223c1e6167ec649c,403,1
sqli,search,1,127,82ea03ee9291f141,403,1
sqli,search,1,128,55c20d6e84d977cb,403,1
sqli,search,1,129,4387c694952fddb0,403,1
sqli,search,1,130,49ce7ded9de6fa90,403,1
sqli,search,1,131,29b126a1ecc5bac2,403,1
sqli,search,1,132,20cd71094cc0eded,403,1
sqli,search,1,133,bea523916b6b964d,403,1
sqli,search,1,134,e942cafa857976d7,403,1
sqli,search,1,135,9bf5955b3823f3a9,403,1
sqli,search,1,136,14526cf17b7290c3,403,1
sqli,search,1,137,6ea7a1c344c3065d,403,1
sqli,search,1,138,08cfceded4a01c69,403,1
sqli,search,1,139,b09019f3695ef3dd,403,1
sqli,search,1,140,f8650a39d8fb2529,403,1
sqli,search,1,141,9d7e240cc6651494,403,1
sqli,search,1,142,348e73d0c5b04224,403,1
sqli,search,1,143,6f4d74e3f5665c76,403,1
sqli,search,1,144,3f2c28f55298a3f2,403,1
sqli,search,1,145,3e9f7ea6883c088d,403,1
sqli,search,1,146,113c8617feaec971,403,1
sqli,search,1,147,75758957016017fc,403,1
sqli,search,1,148,774a95ebbaf5ef1b,403,1
sqli,search,1,149,1cfd51ce10ba03c9,403,1
sqli,search,1,150,ec6819be46d5c6af,403,1
sqli,search,1,151,19d76269679643c9,403,1
sqli,search,1,152,0d60dc5b7e223f4e,403,1
sqli,search,1,153,e86ac3e6824622cd,403,1
sqli,search,1,154,f26deffece3857da,403,1
sqli,search,1,155,24984cfacd031860,403,1
sqli,search,1,156,12c6b1d3f86d2171,403,1
sqli,search,1,157,95d7f375074ebf3c,403,1
sqli,search,1,158,c53b691471036ab9,403,1
sqli,search,1,159,2205c4608156f498,403,1
sqli,search,1,160,8ef0993634ab8233,403,1
sqli,search,1,161,9b869739aea754e7,403,1
sqli,search,1,162,a5c57343d585fb1e,403,1
sqli,search,1,163,0712a17a30ccbeaf,403,1
sqli,search,1,164,adf4c89647499a02,403,1
sqli,search,1,165,6f981d0ed30dc835,403,1
sqli,search,1,166,dcf0f964edc78e59,403,1
sqli,search,1,167,962f4da96d4400b3,403,1
sqli,search,1,168,990bc774adae7059,403,1
sqli,search,1,169,1e4e320cc0f31fa5,403,1
sqli,search,1,170,0e6db4ef2c0d81f3,403,1
sqli,search,1,171,e209edc9c94fdb3b,403,1
sqli,search,1,172,05b66cd6a948b351,403,1
sqli,search,1,173,c44018594ab5b278,403,1
sqli,search,1,174,8d16b01edcd0a513,403,1
sqli,search,1,175,763d5b79f5df7ec3,403,1
sqli,search,1,176,5a804187037a38c6,403,1
sqli,search,1,177,b483817b83b211a1,403,1
sqli,search,1,178,4d49fcd51ecb21eb,403,1
sqli,search,1,179,af26848308ffbd50,403,1
sqli,search,1,180,24895357caf45e76,403,1
sqli,search,1,181,e6a69e86a0e6bf5f,403,1
sqli,search,1,182,93637380eca60ca2,403,1
sqli,search,1,183,7cc8e0766a6a374c,403,1
sqli,search,1,184,f5c8ffd117537166,403,1
sqli,search,1,185,acb41d0e07944046,403,1
sqli,search,1,186,c6f57eadaf0f0155,403,1
sqli,search,1,187,d49d7b4e7870a018,403,1
sqli,search,1,188,f975a2fb91dda0b5,403,1
sqli,search,1,189,6d6997a375c90dd0,403,1
sqli,search,1,190,9b2e32d2609c255f,403,1
sqli,search,1,191,d8ac288f98dbbbac,403,1
sqli,search,1,192,6156caa25cb85ff8,403,1
sqli,search,1,193,cdddc76a736619dc,403,1
sqli,search,1,194,e41394f0f278bb53,403,1
sqli,search,1,195,2326e8b60ebbd667,403,1
sqli,search,1,196,32a3b6927406bcd1,403,1
sqli,search,1,197,5c8c2c44eca95a35,403,1
sqli,search,1,198,7f64bcb33c9c8c94,403,1
sqli,search,1,199,84d7f33fcc6582ff,403,1
sqli,search,1,200,0be6083d3b076de8,403,1
sqli,search,1,201,f53def56fc3079a9,403,1
sqli,search,1,202,2322937675624ea1,403,1
sqli,search,1,203,4df258a9dff0ebe6,403,1
sqli,search,1,204,c2bb11c17b7c874a,403,1
sqli,search,1,205,d9515c09c213f08f,403,1
sqli,search,1,206,6201ee2a71462673,403,1
sqli,search,1,207,ccf99000220e3146,403,1
sqli,search,1,208,423ce7f2b74a0477,403,1
sqli,search,1,209,762c811fcdc13fa8,403,1
sqli,search,1,210,48a293cce0cfb0e4,403,1
sqli,search,1,211,ceabca5950b50d19,403,1
sqli,search,1,212,4edf68234a2d0363,403,1
sqli,search,1,213,1422c0eabafe8e3f,403,1
sqli,search,1,214,850bd95f8e19b3dc,403,1
sqli,search,1,215,10a42f00d5642164,403,1
sqli,search,1,216,7d5f1c1d4039c05a,403,1
sqli,search,1,217,2eb50c80f4718c59,403,1
sqli,search,1,218,3e38c17d3d09246c,403,1
sqli,search,1,219,cf0cb9c03f6ed6d2,403,1
sqli,search,1,220,d5980c31cb508762,403,1
sqli,search,1,221,4fb35787377dbc82,403,1
sqli,search,1,222,32a5c35a3e762219,403,1
sqli,search,1,223,df2f5c95a1df279f,403,1
sqli,search,1,224,20f5723f2ee09a19,403,1
sqli,search,1,225,2ce0a29ae2f43d18,403,1
sqli,search,1,226,535eba24dfe6703c,403,1
sqli,search,1,227,72d2f307b6948cad,403,1
sqli,search,1,228,bb6bcfb063942f11,403,1
sqli,search,1,229,fb84d59945fe3b6f,403,1
sqli,search,1,230,83e45d91ad514eee,403,1
sqli,search,1,231,cff3f56cb7ba6c53,403,1
sqli,search,1,232,8e3055b1886e6d60,403,1
sqli,search,1,233,b3715ec9576fe653,403,1
sqli,search,1,234,8f2e25aa7fc68f9a,403,1
sqli,search,1,235,73dca551b8b0c4b7,403,1
sqli,search,1,236,b4a912f015c05551,403,1
sqli,search,1,237,8e8624833a9d7be5,403,1
sqli,search,1,238,947dda174e85c04f,403,1
sqli,search,1,239,a8f2a12325212747,403,1
sqli,search,1,240,aa22c77df4cfc635,403,1
sqli,search,1,241,8e7f33b3b7921093,403,1
sqli,search,1,242,93c68b906b41b6c9,403,1
sqli,search,1,243,f07211e17406fae6,403,1
sqli,search,1,244,d0cff17a8f00aa19,403,1
sqli,search,1,245,9d302e5176acdf0b,403,1
sqli,search,1,246,477a1c9db020227c,403,1
sqli,search,1,247,d6c5f22cb27586e0,403,1
sqli,search,1,248,27d9f07d2553910c,403,1
sqli,search,1,249,51807a0bee844007,403,1
sqli,search,1,250,a7b70c391353a41b,403,1
sqli,search,1,251,c0661cb79d506676,403,1
sqli,search,1,252,479fdf6f053ef953,403,1
sqli,search,1,253,18a6568ff9f94567,403,1
sqli,search,1,254,d4f35f83c4a29a48,403,1
sqli,search,1,255,14fd4351ccdcf745,403,1
sqli,search,1,256,00098644d4ae1898,403,1
sqli,search,1,257,4e98c773ee66e714,403,1
sqli,search,1,258,b49af6209b074b4c,403,1
sqli,search,1,259,da464b13f8082b30,403,1
sqli,search,1,260,6666db1d2400ad37,403,1
sqli,search,1,261,b4f874ea6c7551fe,403,1
sqli,search,1,262,6711a69baadf24fa,403,1
sqli,search,1,263,bc0c99ec7b1e5abc,403,1
sqli,search,1,264,24c9ff5db1b901ba,403,1
sqli,search,1,265,3b472519deed2466,403,1
sqli,search,1,266,e849b7738893df50,403,1
sqli,search,1,267,235bbeb96efbb914,403,1
sqli,search,1,268,a4623d443bf32f7c,403,1
sqli,search,1,269,fc55eeb523f88e1b,403,1
sqli,search,1,270,f58a30fb6f0cf387,403,1
sqli,search,1,271,67daf87df57e382a,403,1
sqli,search,1,272,d247bbb57e8a8f2b,403,1
sqli,search,1,273,0bdc8aa5534d8e1a,403,1
sqli,search,1,274,27c1fcce4c31a33e,403,1
sqli,search,1,275,2aa2ed16cb1d2b18,403,1
sqli,search,1,276,cfa0dabf389c0c0c,403,1
sqli,search,1,277,af2b6f8879f97fc7,403,1
sqli,search,1,278,0f2fdc48b7da0e31,403,1
sqli,search,1,279,fb4f648e073ea34b,403,1
sqli,search,1,280,8b11f16cc05c8762,403,1
sqli,search,1,281,43facf918c7b4940,403,1
sqli,search,1,282,07aaf1873cf39cde,403,1
sqli,search,1,283,d42b161b17f3a7b1,403,1
sqli,search,1,284,c493a397f70ed5f0,403,1
sqli,search,1,285,e3b58def874c3d2f,403,1
sqli,search,1,286,b72fd8d91702af14,403,1
sqli,search,1,287,81c50de1c6894c84,403,1
sqli,search,1,288,26aa19ce989620c2,403,1
sqli,search,1,289,61167a522842dc52,403,1
sqli,search,1,290,fca298421b3e828d,403,1
sqli,search,1,291,a24651817736fcd7,403,1
sqli,search,1,292,042b2b5d1b9a7043,403,1
sqli,search,1,293,39b0307bc58a206c,403,1
sqli,search,1,294,b6f7ab8b3495feb6,403,1
sqli,search,1,295,5f4296ceff3e7994,403,1
sqli,search,1,296,6251caa67bfa903d,403,1
sqli,search,1,297,7d989191f1f3ddda,403,1
sqli,search,1,298,4a4abc151d5dc201,403,1
sqli,search,1,299,cd896e143ba9188a,403,1
sqli,search,1,300,6c4675cc8d00e585,403,1
sqli,search,1,301,55f89ac901e169ed,403,1
sqli,search,1,302,a033b6069fd33922,403,1
sqli,search,1,303,09141d356d874d8a,403,1
sqli,search,1,304,b89345913d663bf5,403,1
sqli,search,1,305,0de33b7237263135,403,1
sqli,search,1,306,d5c01fb53d1b5732,403,1
sqli,search,1,307,2bc16a13575cc327,403,1
sqli,search,1,308,e1f5a28f3f186410,403,1
sqli,search,1,309,29ee2f70b43b28ba,403,1
sqli,search,1,310,4128b2b9db7b0442,403,1
sqli,search,1,311,69875f03a8ad06b8,403,1
sqli,search,1,312,068245d991a352c0,403,1
sqli,search,1,313,cba35634cfb6fc8a,403,1
sqli,search,1,314,b11085623260aeec,403,1
sqli,search,1,315,63a2e2ba3f8ad0c1,403,1
sqli,search,1,316,e4fd64eed089b429,403,1
sqli,search,1,317,c555c0c1b93bf251,403,1
sqli,search,1,318,c9e49d2ae1bfe6d0,403,1
sqli,search,1,319,2b1afc5ebd40f896,403,1
sqli,search,1,320,ea43e9f451798d96,403,1
sqli,search,1,321,8342515e070629c9,403,1
sqli,search,1,322,b799c9d1858e0b32,403,1
sqli,search,1,323,488d00ee91155c6b,403,1
sqli,search,1,324,047857f45f7cc600,403,1
sqli,search,1,325,0de33b7237263135,403,1
sqli,search,1,326,764490327df2a143,403,1
sqli,search,1,327,0bf7146964336607,403,1
sqli,search,1,328,913ac2887a24381b,403,1
sqli,search,1,329,65d4e3697b3b626a,403,1
sqli,search,1,330,b4a9b45045126492,403,1
sqli,search,1,331,646374e9d8e29b92,403,1
sqli,search,1,332,865c3893d2527294,403,1
sqli,search,1,333,c69638156f2e0152,403,1
sqli,search,1,334,3b4c35722e016301,403,1
sqli,search,1,335,a02589c13539ad25,403,1
sqli,search,1,336,83133ff444e3e6fe,403,1
sqli,search,1,337,1bac3cb6cc851ca3,403,1
sqli,search,1,338,2e817d05cfb1ef52,403,1
sqli,search,1,339,9ca2688e2100dd33,403,1
sqli,search,1,340,8f732f0153d04a89,403,1
sqli,search,1,341,33a7c61b659930e8,403,1
sqli,search,1,342,7444fc91ab262b10,403,1
sqli,search,1,343,2e900ed2ae5c5398,403,1
sqli,search,1,344,ccae260938ae0834,403,1
sqli,search,1,345,60b387b8d6824e49,403,1
sqli,search,1,346,c42a56c5c71fb8e4,403,1
sqli,search,1,347,0f767ef0db0990ed,403,1
sqli,search,1,348,245f850372d08191,403,1
sqli,search,1,349,2586d989171dbf27,403,1
sqli,search,1,350,5bf8ca1f804e7893,403,1
sqli,search,1,351,ca93262130edd076,403,1
sqli,search,1,352,12a7ecbfad7e21f4,403,1
sqli,search,1,353,a5c7020fcc29abea,403,1
sqli,search,1,354,aad70372d3d17a02,403,1
sqli,search,1,355,5ccd575b31b166e4,403,1
sqli,search,1,356,564f47d88f2ff47a,403,1
sqli,search,1,357,531c445988bd0f8e,403,1
sqli,search,1,358,259b9fe4fac66b30,403,1
sqli,search,1,359,21ff67b616663a66,403,1
sqli,search,1,360,e79f8243b5b7e0f8,403,1
sqli,search,1,361,39e411d81d2d60e9,403,1
sqli,search,1,362,ce5061ecefea74d9,403,1
sqli,search,1,363,29697c1cebfc65d7,403,1
sqli,search,1,364,8919cb44ace515cb,403,1
sqli,search,1,365,7ca1b6e3130213ae,403,1
sqli,search,1,366,b67890e193018c68,403,1
sqli,search,1,367,83ad118bef8d62e0,403,1
sqli,search,1,368,720c496588423d2a,403,1
sqli,search,1,369,bb72618484f64658,403,1
sqli,search,1,370,5fd2f859d6f666e3,403,1
sqli,search,1,371,e60e8ddb898fc33a,403,1
sqli,search,1,372,b1607d561d879bde,403,1
sqli,search,1,373,608a7613b156d3b7,403,1
sqli,search,1,374,b5567ad06ee20b25,403,1
sqli,search,1,375,91cc6ec99d19ad9f,403,1
sqli,search,1,376,3e838817dc9a1896,403,1
sqli,search,1,377,5476a092ec2d4589,403,1
sqli,search,1,378,63085d359e5120c2,403,1
sqli,search,1,379,77db8571b0c003e6,403,1
sqli,search,1,380,bfa638b048482b52,403,1
sqli,search,1,381,bbe9e20ec3a4e8ee,403,1
sqli,search,1,382,bdf2da623d79f55a,403,1
sqli,search,1,383,311725c01dd3a4ed,403,1
sqli,search,1,384,9c4dff6d2809a691,403,1
sqli,search,1,385,eb4713d25f33e985,403,1
sqli,search,1,386,d75894d4d09dc3d7,403,1
sqli,search,1,387,5a8205694b6edf2b,403,1
sqli,search,1,388,b3ebb3174b36122b,403,1
sqli,search,1,389,fdc5ffc4ea7726fb,403,1
sqli,search,1,390,9b3e51dad75db1f8,403,1
sqli,search,1,391,2f354d747cdd479c,403,1
sqli,search,1,392,85a72441a3c1087a,403,1
sqli,search,1,393,d96210f4301c71ff,403,1
sqli,search,1,394,855512eb6f41b96f,403,1
sqli,search,1,395,bd69471cb7d37b9a,403,1
sqli,search,1,396,bf9f2d043f553671,403,1
sqli,search,1,397,176c48e70234616b,403,1
sqli,search,1,398,74279ae7738b838f,403,1
sqli,search,1,399,2e2c4199a5647fb7,403,1
sqli,search,1,400,c4ec14a18aa862fb,403,1
sqli,search,1,401,ee262ba13cdcbfdd,403,1
sqli,search,1,402,17f8f0593e7eb462,403,1
sqli,search,1,403,d7bd0815e6f40438,403,1
sqli,search,1,404,581e45b69926dabf,403,1
sqli,search,1,405,cd837dbb3269cda9,403,1
sqli,search,1,406,4defdb63d6077dcb,403,1
sqli,search,1,407,b289c845702a312a,403,1
sqli,search,1,408,d841232bc6f042ad,403,1
sqli,search,1,409,61203fefd6407765,403,1
sqli,search,1,410,5083aa9ccfdc59e1,403,1
sqli,search,1,411,fd444673485f11b8,403,1
sqli,search,1,412,ca23fbfda82291d7,403,1
sqli,search,1,413,c600ec8c77fc95b8,403,1
sqli,search,1,414,c519c0744f3be0f8,403,1
sqli,search,1,415,97d5e77035565b7f,403,1
sqli,search,1,416,cd429c1ca4b80c02,403,1
sqli,search,1,417,bb68f66022f80570,403,1
sqli,search,1,418,7ee0afe4840d7494,403,1
sqli,search,1,419,31ffc7e0e4184b1a,403,1
sqli,search,1,420,3b5bb2f07853058f,403,1
sqli,search,1,421,66cdb5d52bc775c9,403,1
sqli,search,1,422,2d85b51d44bd6924,403,1
sqli,search,1,423,dc8594e3fcaa7fc5,403,1
sqli,search,1,424,448a84f85eecda39,403,1
sqli,search,1,425,03ab2d4a265bff38,403,1
sqli,search,1,426,9d976c11cbb067ee,403,1
sqli,search,1,427,a4b8a98e4ddb488b,403,1
sqli,search,1,428,76239d68df8964d7,403,1
sqli,search,1,429,fe975eef50a66d26,403,1
sqli,search,1,430,135cdd31fea0cd99,403,1
sqli,search,1,431,975a22b2986da091,403,1
sqli,search,1,432,27a43b74f85e888a,403,1
sqli,search,1,433,06474f9c54b560c7,403,1
sqli,search,1,434,3043e6759cc67c47,403,1
sqli,search,1,435,1fb40ee7880b4b8f,403,1
sqli,search,1,436,3f6ff758fbfc78ec,403,1
sqli,search,1,437,4b1e77782c91877c,403,1
sqli,search,1,438,e9868efcc0d9ab8f,403,1
sqli,search,1,439,56cfdf903fe57e61,403,1
sqli,search,1,440,50a3761f40ebae12,403,1
sqli,search,1,441,004ffaba7ef75b71,403,1
sqli,search,1,442,5356ea694f17b5f8,403,1
sqli,search,1,443,058c49457f5aa42c,403,1
sqli,search,1,444,9e6731b7ee79d588,403,1
sqli,search,1,445,cce5c822ac16ad16,403,1
sqli,search,1,446,2925251da9b518b9,403,1
sqli,search,1,447,6d1caddf251b6f5c,403,1
sqli,search,1,448,c117e33d7e0e6738,403,1
sqli,search,1,449,98f8237f1bb095ed,403,1
sqli,search,1,450,a3c98d757149e9e7,403,1
sqli,search,1,451,0db846cee28e0730,403,1
sqli,search,1,452,0bc64316ace52d45,403,1
sqli,search,1,453,a4fb053882d7a2e1,403,1
sqli,search,1,454,a9fc42a6536de4cc,403,1
sqli,search,1,455,92c736ce5c99f901,403,1
sqli,search,2,0,5dc80303c1fb778e,403,1
sqli,search,2,1,d634fccefdc24239,403,1
sqli,search,2,2,2cff85c0acbf3579,403,1
sqli,search,2,3,a0a5912a0c107383,403,1
sqli,search,2,4,96573d2600ddfd65,403,1
sqli,search,2,5,b5071f89e0ca86a9,403,1
sqli,search,2,6,3ce953d2085559cc,403,1
sqli,search,2,7,685fb37ca1e74e94,403,1
sqli,search,2,8,c3f03e44532ec8bd,403,1
sqli,search,2,9,6265a49db0296690,403,1
sqli,search,2,10,1a974ae154160227,403,1
sqli,search,2,11,77fe0f1654efb11a,403,1
sqli,search,2,12,2e576f04ad3925ff,403,1
sqli,search,2,13,3964f60aeb6215cd,403,1
sqli,search,2,14,46a0af1ac8e90e2e,403,1
sqli,search,2,15,d32293c3b3dd3f8b,403,1
sqli,search,2,16,9280efc7624292b5,403,1
sqli,search,2,17,c642d0eec4c2c5ff,403,1
sqli,search,2,18,db2481d75c1fd69a,403,1
sqli,search,2,19,0fd3f1bb8d4332a6,403,1
sqli,search,2,20,bd280bceefdff3ff,403,1
sqli,search,2,21,8cff0992de63f588,403,1
sqli,search,2,22,722d591a52267015,403,1
sqli,search,2,23,377fec7a988b610e,403,1
sqli,search,2,24,7fd689aaf0473a14,403,1
sqli,search,2,25,9554a88a4bedaf26,403,1
sqli,search,2,26,09add63154afd54f,403,1
sqli,search,2,27,0111c12da3542ffe,403,1
sqli,search,2,28,f9688e55586ea48c,403,1
sqli,search,2,29,e778dd4b20be6fa7,403,1
sqli,search,2,30,625543d41a6b0ed5,403,1
sqli,search,2,31,e3b46a046a4d6cdf,403,1
sqli,search,2,32,7d2bfae7c29aa858,403,1
sqli,search,2,33,76e04cdc24537984,403,1
sqli,search,2,34,618282e916b88cb8,403,1
sqli,search,2,35,33cbfe1f0f1ea40a,403,1
sqli,search,2,36,88587205834f6b53,403,1
sqli,search,2,37,869ef5450bb40f3e,403,1
sqli,search,2,38,84c41dc2132d5f01,403,1
sqli,search,2,39,f701d20b94029978,403,1
sqli,search,2,40,30f24c751af3eb39,403,1
sqli,search,2,41,94db2f524afc0a39,403,1
sqli,search,2,42,6f124aab952eb872,403,1
sqli,search,2,43,60830c77bd63beb1,403,1
sqli,search,2,44,311927d137d18247,403,1
sqli,search,2,45,d9ccedef2ebdcfc4,403,1
sqli,search,2,46,79d7af28546917f8,403,1
sqli,search,2,47,a726f00831d81e07,403,1
sqli,search,2,48,c5299be3c800d781,403,1
sqli,search,2,49,c4e26a69da50596a,403,1
sqli,search,2,50,7471345270698253,403,1
sqli,search,2,51,f8f2f5cb74f35820,403,1
sqli,search,2,52,dca37c4411e2ec68,403,1
sqli,search,2,53,41bdea8b0f384a4e,403,1
sqli,search,2,54,14aabddd6b7e7ab9,403,1
sqli,search,2,55,e4ba3eef18a9347b,403,1
sqli,search,2,56,5906bb8fbaff5233,403,1
sqli,search,2,57,7a7a4509d730fc45,403,1
sqli,search,2,58,d99baf0d220f7084,403,1
sqli,search,2,59,3e14af7b274766f1,403,1
sqli,search,2,60,23df09110fc12cf3,403,1
sqli,search,2,61,6743e5fcc3b37cec,403,1
sqli,search,2,62,d2fc51556708eccc,403,1
sqli,search,2,63,5cd19c59a6e2ef40,403,1
sqli,search,2,64,a7baafb9099f4853,403,1
sqli,search,2,65,0dbab50a5c73047d,403,1
sqli,search,2,66,e1e3f79a64444569,403,1
sqli,search,2,67,1392bbbdfbfab832,403,1
sqli,search,2,68,de2ccdf6502c73f0,403,1
sqli,search,2,69,14dccda07b972dff,403,1
sqli,search,2,70,dad66dfa77ec59bb,403,1
sqli,search,2,71,ccbd93d7f767aeb4,403,1
sqli,search,2,72,1e5b7eac9cad938c,403,1
sqli,search,2,73,5cef6b39588f134c,403,1
sqli,search,2,74,eac6661a12d25cce,403,1
sqli,search,2,75,edf67507ded1c196,403,1
sqli,search,2,76,775a6f8062566d3c,403,1
sqli,search,2,77,706fd9129e3da4b3,403,1
sqli,search,2,78,37e7e8a27a5a1ece,403,1
sqli,search,2,79,d5e45f1d02476ec6,403,1
sqli,search,2,80,f197bed8dbde1018,403,1
sqli,search,2,81,acf2a6d5d6a3f53d,403,1
sqli,search,2,82,f42dde2cbceb08d9,403,1
sqli,search,2,83,9c03491355de9686,403,1
sqli,search,2,84,a729fc508b465515,403,1
sqli,search,2,85,9509c4ef5f243c55,403,1
sqli,search,2,86,17bb700d19c9fdbc,403,1
sqli,search,2,87,ca5f4f0bea1151c0,403,1
sqli,search,2,88,905b5fa7bd871efc,403,1
sqli,search,2,89,e5e2432760ea1482,403,1
sqli,search,2,90,1feaf2c55382d0d2,403,1
sqli,search,2,91,bcb8346f1a8bccfa,403,1
sqli,search,2,92,141a702e9214847d,403,1
sqli,search,2,93,f5ac018bb1d715bb,403,1
sqli,search,2,94,0913b428c46d3db6,403,1
sqli,search,2,95,095d88605346ebae,403,1
sqli,search,2,96,003a495e9bac1406,403,1
sqli,search,2,97,ba77dc5f3d5fbcbe,403,1
sqli,search,2,98,02bf7e9058d0eec3,403,1
sqli,search,2,99,a108d858e16925b7,403,1
sqli,search,2,100,9bba9eea1f40b4ad,403,1
sqli,search,2,101,05abc11375f6a0c0,403,1
sqli,search,2,102,896a1afdfd77f1c2,403,1
sqli,search,2,103,c2a86e71800b6a3f,403,1
sqli,search,2,104,87dc170034ff7fcb,403,1
sqli,search,2,105,74b6828ae91f8fdf,403,1
sqli,search,2,106,681661c477781b6d,403,1
sqli,search,2,107,bc56ef4d0430fe08,403,1
sqli,search,2,108,234043da74633fe4,403,1
sqli,search,2,109,f98c6d0767daa6aa,403,1
sqli,search,2,110,b81e07d28f068c51,403,1
sqli,search,2,111,76bd1f52d6cb1c40,403,1
sqli,search,2,112,bf4f1a94086868b4,403,1
sqli,search,2,113,89928a767a73a9f3,403,1
sqli,search,2,114,fc7c8d380c4e67d6,403,1
sqli,search,2,115,8a90ea4b2af0e3cd,403,1
sqli,search,2,116,f222291f3a5fb2af,403,1
sqli,search,2,117,4c4520307967deb6,403,1
sqli,search,2,118,eb7f1988718109be,403,1
sqli,search,2,119,0d83f0219b079180,403,1
sqli,search,2,120,3d169e69de66decb,403,1
sqli,search,2,121,39401b96a990009a,403,1
sqli,search,2,122,0105f249069a9e4c,403,1
sqli,search,2,123,9c2581fd8116e474,403,1
sqli,search,2,124,1367395ae7ca8897,403,1
sqli,search,2,125,8003c409ab95121e,403,1
sqli,search,2,126,f5514a7549553df5,403,1
sqli,search,2,127,3fb56846f3f6e23f,403,1
sqli,search,2,128,686cef00092f9699,403,1
sqli,search,2,129,0e77e150a3222238,403,1
sqli,search,2,130,c8e74242f8fbec2c,403,1
sqli,search,2,131,cac91f2472206243,403,1
sqli,search,2,132,2e038bf39fefb488,403,1
sqli,search,2,133,bb08c4f0c24bdd6e,403,1
sqli,search,2,134,a40bb187adceff1f,403,1
sqli,search,2,135,c4326e85ef59a1ea,403,1
sqli,search,2,136,31d1b47e88f49028,403,1
sqli,search,2,137,5e302a3c9e60c267,403,1
sqli,search,2,138,a8e77f07ab44a430,403,1
sqli,search,2,139,54b666e28a372d44,403,1
sqli,search,2,140,169979d8c71cd096,403,1
sqli,search,2,141,9a9fc043fd161b06,403,1
sqli,search,2,142,8a159c5b3b42db95,403,1
sqli,search,2,143,9d77e00de2ad067f,403,1
sqli,search,2,144,5f6b85b41cb8f499,403,1
sqli,search,2,145,6c76a5b65e604152,403,1
sqli,search,2,146,6fcf89cc5fb34b78,403,1
sqli,search,2,147,3b388a0fcc7b3847,403,1
sqli,search,2,148,5cf0af1e124cca38,403,1
sqli,search,2,149,6708126af7878faf,403,1
sqli,search,2,150,d3d009f739edc224,403,1
sqli,search,2,151,a80612e1fcc95e66,403,1
sqli,search,2,152,c0c3ac6ee1a8ef55,403,1
sqli,search,2,153,204427bbb401fc27,403,1
sqli,search,2,154,49caac5947d767b0,403,1
sqli,search,2,155,09cbe12147eeb5e2,403,1
sqli,search,2,156,cc892ac3b00361ed,403,1
sqli,search,2,157,75979a124b1271e0,403,1
sqli,search,2,158,fd49114532ee5f68,403,1
sqli,search,2,159,286d45d75e4cd167,403,1
sqli,search,2,160,7a3002c4534013be,403,1
sqli,search,2,161,3e5fd4e11a826a33,403,1
sqli,search,2,162,966c8266b029c81d,403,1
sqli,search,2,163,8091f48de3cd867e,403,1
sqli,search,2,164,67ab51253bb0eaa2,403,1
sqli,search,2,165,73a2f1fc8f5a56f4,403,1
sqli,search,2,166,4320f2835eb85330,403,1
sqli,search,2,167,e3d637c84c9bf396,403,1
sqli,search,2,168,007a68f1e4f57e83,403,1
sqli,search,2,169,0642dc0714b613b5,403,1
sqli,search,2,170,50d79327174e16f9,403,1
sqli,search,2,171,ce8658c307559d6e,403,1
sqli,search,2,172,0ff93864bba28a53,403,1
sqli,search,2,173,14ee0c58bb54c7c5,403,1
sqli,search,2,174,bf5d5cecfe0a4c6b,403,1
sqli,search,2,175,d522da0e6acff0c2,403,1
sqli,search,2,176,2b437488c6f628f0,403,1
sqli,search,2,177,8694d668cb8ed2ec,403,1
sqli,search,2,178,4ef5c220b39d7b0f,403,1
sqli,search,2,179,250caed795d73668,403,1
sqli,search,2,180,963c147103db8161,403,1
sqli,search,2,181,3f8a167a25243d4e,403,1
sqli,search,2,182,602929da0a97305f,403,1
sqli,search,2,183,04aa93832a817f68,403,1
sqli,search,2,184,1da5d7889d26114d,403,1
sqli,search,2,185,ac3c682772acc51b,403,1
sqli,search,2,186,ca554dd02e19e9e7,403,1
sqli,search,2,187,ff1fb6b8ac72cd99,403,1
sqli,search,2,188,95028c483a2c9062,403,1
sqli,search,2,189,8954ae094313cc63,403,1
sqli,search,2,190,00cdb90224f0dd24,403,1
sqli,search,2,191,f225d9d4cf0549bb,403,1
sqli,search,2,192,2f8afd6f4e6e1cb2,403,1
sqli,search,2,193,b4556e2eaa1f3adc,403,1
sqli,search,2,194,9fc9ea5c9d2f3131,403,1
sqli,search,2,195,2e826c526e739c8f,403,1
sqli,search,2,196,4b0fffc3e9b16998,403,1
sqli,search,2,197,c447cb311ab63c8f,403,1
sqli,search,2,198,702ffb4ac5b03d3a,403,1
sqli,search,2,199,56f3a78edaafa045,403,1
sqli,search,2,200,99ad658bd948f7eb,403,1
sqli,search,2,201,549334a7ab5ce54a,403,1
sqli,search,2,202,aee6dc0522792a53,403,1
sqli,search,2,203,9e2eb6256107d54b,403,1
sqli,search,2,204,b2f807448b1b6c58,403,1
sqli,search,2,205,7a654ef4a3424e98,403,1
sqli,search,2,206,7b961df7d6a5618a,403,1
sqli,search,2,207,9db87d49ce8b66a0,403,1
sqli,search,2,208,7b630fa01c150c07,403,1
sqli,search,2,209,32a5863fc974fc49,403,1
sqli,search,2,210,88fae03f8a72f52e,403,1
sqli,search,2,211,493c6ecaba50e0d7,403,1
sqli,search,2,212,bdf88f472541e64a,403,1
sqli,search,2,213,de7ae76f9571e29f,403,1
sqli,search,2,214,30b21e4f0ac438fd,403,1
sqli,search,2,215,60c3b47e7cc2535b,403,1
sqli,search,2,216,7b2ee6b944b2aae8,403,1
sqli,search,2,217,3c15b7d4cdfa210c,403,1
sqli,search,2,218,10a736aaf5564ca1,403,1
sqli,search,2,219,82f665f487e94624,403,1
sqli,search,2,220,bd2f6f441460cf6a,403,1
sqli,search,2,221,9b0efccb0be5959c,403,1
sqli,search,2,222,aeed5ca988fd44b6,403,1
sqli,search,2,223,69b2c1602cc125a1,403,1
sqli,search,2,224,0f69dc7aba0571cf,403,1
sqli,search,2,225,1ef81f594fcbe35a,403,1
sqli,search,2,226,c96e8e9dfdcd963c,403,1
sqli,search,2,227,0e4c3b1cbdb55d34,403,1
sqli,search,2,228,2f3df9d764586a9a,403,1
sqli,search,2,229,2a29100d0ef94a8c,403,1
sqli,search,2,230,79437d3cd9407d96,403,1
sqli,search,2,231,047d72f1b6e71e8a,403,1
sqli,search,2,232,7c46bce44acbff79,403,1
sqli,search,2,233,fb36956d3c0133b4,403,1
sqli,search,2,234,532ff448bc502a1e,403,1
sqli,search,2,235,de787f81fbeb2ae0,403,1
sqli,search,2,236,3bfb413e0976ff6e,403,1
sqli,search,2,237,e0f5a3ea0f29f25a,403,1
sqli,search,2,238,dac374b13b113420,403,1
sqli,search,2,239,c009c6d8ef110a1b,403,1
sqli,search,2,240,51cbf86a6a4cffda,403,1
sqli,search,2,241,2337d4b37ceddf2a,403,1
sqli,search,2,242,4994b238a457d320,403,1
sqli,search,2,243,c8ef074d02361536,403,1
sqli,search,2,244,2e3295b5c0183507,403,1
sqli,search,2,245,ba64e8cd5385e865,403,1
sqli,search,2,246,d990be858d9c71c8,403,1
sqli,search,2,247,be7581be0f1bff0d,403,1
sqli,search,2,248,7883b48295ce04ef,403,1
sqli,search,2,249,eeb4aef6af7b4f2a,403,1
sqli,search,2,250,c5fd34c67bc28f38,403,1
sqli,search,2,251,060483b68ff9c566,403,1
sqli,search,2,252,1feddc5f2b4e0055,403,1
sqli,search,2,253,04720150a966625a,403,1
sqli,search,2,254,53307cf7d1b4a6ca,403,1
sqli,search,2,255,965a58e85384291c,403,1
sqli,search,2,256,01d56f7e5c6c7653,403,1
sqli,search,2,257,12712ee7f6815d59,403,1
sqli,search,2,258,e47ecf19769fd9d3,403,1
sqli,search,2,259,e20772b74b57a70a,403,1
sqli,search,2,260,7bef4b4463bf51b0,403,1
sqli,search,2,261,bc35348d8d07b4d8,403,1
sqli,search,2,262,a7e5e4cfb5b9ab98,403,1
sqli,search,2,263,4c1d45f793034ccb,403,1
sqli,search,2,264,da50fd0a09df34f2,403,1
sqli,search,2,265,e6a927146b50fdea,403,1
sqli,search,2,266,b5a85647f0ac65a3,403,1
sqli,search,2,267,13cf39989ddf48d9,403,1
sqli,search,2,268,34cd6d23a258ebec,403,1
sqli,search,2,269,3af56450e4711b1e,403,1
sqli,search,2,270,87f9f90b1297c737,403,1
sqli,search,2,271,2587c5cf1c2732f4,403,1
sqli,search,2,272,58cbaf7414d520e4,403,1
sqli,search,2,273,3c2e963c15299551,403,1
sqli,search,2,274,a0255424af0679b3,403,1
sqli,search,2,275,fdaac6f18d30cff0,403,1
sqli,search,2,276,42040b49e263d003,403,1
sqli,search,2,277,679c35a411d8a72c,403,1
sqli,search,2,278,43c5c2a108bc47b8,403,1
sqli,search,2,279,9308d3e932332aa6,403,1
sqli,search,2,280,efa2d0e5045f6432,403,1
sqli,search,2,281,9c77eb0ba1227ccd,403,1
sqli,search,2,282,983a38e88e9b8639,403,1
sqli,search,2,283,8198b0f794064e3a,403,1
sqli,search,2,284,36392c3e353a13ff,403,1
sqli,search,2,285,6966d1aa9c951d45,403,1
sqli,search,2,286,28272c3bb33df1c5,403,1
sqli,search,2,287,9ffa104a1ade203a,403,1
sqli,search,2,288,5e233d8b4675cfb4,403,1
sqli,search,2,289,146e84d2a7ad8a3c,403,1
sqli,search,2,290,5208297618c2cf7c,403,1
sqli,search,2,291,471804325401a1e5,403,1
sqli,search,2,292,60aefc1b805d64ad,403,1
sqli,search,2,293,8dfaf46f840e83a7,403,1
sqli,search,2,294,ca0b0f54cc2c3550,403,1
sqli,search,2,295,8178108cfd5a0f74,403,1
sqli,search,2,296,c47e60fe8c62f8d9,403,1
sqli,search,2,297,0a198dcacd5154cf,403,1
sqli,search,2,298,ba228edbe7a95d3e,403,1
sqli,search,2,299,44269dbf47f42faf,403,1
sqli,search,2,300,70d52436ca369623,403,1
sqli,search,2,301,4804ef35558a51a6,403,1
sqli,search,2,302,988724c41cc1d929,403,1
sqli,search,2,303,8ed9b5a675a68ddd,403,1
sqli,search,2,304,c420180c08fc19dc,403,1
sqli,search,2,305,e0c52fb2cd27e8f6,403,1
sqli,search,2,306,6a213f617bbbbf54,403,1
sqli,search,2,307,860993379c11bb3e,403,1
sqli,search,2,308,6a4f1ad15a086a47,403,1
sqli,search,2,309,ababf5250f9bc91d,403,1
sqli,search,2,310,2e53566b453b13ef,403,1
sqli,search,2,311,f6dbe7628d8cb43e,403,1
sqli,search,2,312,5aa94a01ecc95053,403,1
sqli,search,2,313,46cacaec1f85ae47,403,1
sqli,search,2,314,97e3bc0eec153d2a,403,1
sqli,search,2,315,ace8b72e59dff8e9,403,1
sqli,search,2,316,8ae5086f3f90f013,403,1
sqli,search,2,317,ec0e6db9f92c9981,403,1
sqli,search,2,318,cc7cb933bba9c2ea,403,1
sqli,search,2,319,e027900674f0a910,403,1
sqli,search,2,320,2683d73e9ee7e07d,403,1
sqli,search,2,321,e0d7c840858873ae,403,1
sqli,search,2,322,ec28ecab453c1c55,403,1
sqli,search,2,323,5798c820e181962b,403,1
sqli,search,2,324,88ef2b654699e045,403,1
sqli,search,2,325,0431d2d1b7771859,403,1
sqli,search,2,326,d2d1f402649cf398,403,1
sqli,search,2,327,3342dfbbf42a9e0f,403,1
sqli,search,2,328,d0f6cfb5317e00c0,403,1
sqli,search,2,329,12adccbc89219bb1,403,1
sqli,search,2,330,715c26cbf2ad6834,403,1
sqli,search,2,331,71b15cdde78cbc6e,403,1
sqli,search,2,332,a8adeb42bd9dc4d6,403,1
sqli,search,2,333,215287e28dc7bc61,403,1
sqli,search,2,334,93b433e4ca39153a,403,1
sqli,search,2,335,6fb87bb3e885a2d6,403,1
sqli,search,2,336,005ce69ca34a28bb,403,1
sqli,search,2,337,ff28527c74d0d6f4,403,1
sqli,search,2,338,432efbcc61aac2e4,403,1
sqli,search,2,339,dd899624f7d98cfc,403,1
sqli,search,2,340,5fe92f55e9c159bc,403,1
sqli,search,2,341,9bedd15d30bad62d,403,1
sqli,search,2,342,5d9678ea13fc9e20,403,1
sqli,search,2,343,c592e8801d0e03dc,403,1
sqli,search,2,344,fdf15a8a18f92747,403,1
sqli,search,2,345,4ae93f5eb41d5a54,403,1
sqli,search,2,346,cf40e42454c32b71,403,1
sqli,search,2,347,4e96fc62171dc0d5,403,1
sqli,search,2,348,745de258467cf5f2,403,1
sqli,search,2,349,2aef8043179317fe,403,1
sqli,search,2,350,c9eaa5e374ac95c7,403,1
sqli,search,2,351,7f3d799f538ea190,403,1
sqli,search,2,352,5d3590af0293e04d,403,1
sqli,search,2,353,be75dd02645c8fe1,403,1
sqli,search,2,354,7370dfd1d40e4a3d,403,1
sqli,search,2,355,716f762cea8d32ec,403,1
sqli,search,2,356,34205cef36817d39,403,1
sqli,search,2,357,c95867a28d4ce199,403,1
sqli,search,2,358,88d1ee3d634b83c2,403,1
sqli,search,2,359,7350520f1d884ca0,403,1
sqli,search,2,360,dcdb2164aa964aad,403,1
sqli,search,2,361,df7beed712e20f3b,403,1
sqli,search,2,362,e71e8478e3dba6fd,403,1
sqli,search,2,363,4ffa88585e3a8695,403,1
sqli,search,2,364,6a987e68e39c07a0,403,1
sqli,search,2,365,7fdd3e703808cd36,403,1
sqli,search,2,366,484eeda7e614033c,403,1
sqli,search,2,367,c65495163e1f063c,403,1
sqli,search,2,368,f633a1e584193110,403,1
sqli,search,2,369,7d5a57c5b7a79299,403,1
sqli,search,2,370,34ff62a946ff129f,403,1
sqli,search,2,371,ad98ff1544900c71,403,1
sqli,search,2,372,f1a8874488abd578,403,1
sqli,search,2,373,753f15956c0fba5a,403,1
sqli,search,2,374,04f15890f9409153,403,1
sqli,search,2,375,ef1b60413d1677b5,403,1
sqli,search,2,376,cb76c305fa92c4fc,403,1
sqli,search,2,377,c0093343194a2f4b,403,1
sqli,search,2,378,7d0d0d87ad043999,403,1
sqli,search,2,379,976def8a53f46258,403,1
sqli,search,2,380,b987d3544e87b1a3,403,1
sqli,search,2,381,b1476dbda5793fcb,403,1
sqli,search,2,382,0f61c72470bb9046,403,1
sqli,search,2,383,7d8a68b8fbd3b1b4,403,1
sqli,search,2,384,44a58eda41f089c7,403,1
sqli,search,2,385,fd9b8c00a71c1744,403,1
sqli,search,2,386,1f5004986be5b3a1,403,1
sqli,search,2,387,6dc2cc87a428620e,403,1
sqli,search,2,388,d2998641af8d3e47,403,1
sqli,search,2,389,0494d4791d295294,403,1
sqli,search,2,390,f0896db31a5d38e3,403,1
sqli,search,2,391,e5a89ec3e61f63b3,403,1
sqli,search,2,392,b77c540141a7fac5,403,1
sqli,search,2,393,042749186edd9943,403,1
sqli,search,2,394,294493e48fe1a15d,403,1
sqli,search,2,395,4c31b2644802b9cd,403,1
sqli,search,2,396,dbb36a5641d6012f,403,1
sqli,search,2,397,cbf2d7e0e8c8194b,403,1
sqli,search,2,398,25e9605557f97603,403,1
sqli,search,2,399,0dba9bdc8167a337,403,1
sqli,search,2,400,45d8bbc8cfa1cea8,403,1
sqli,search,2,401,65f36857b13d0756,403,1
sqli,search,2,402,fe2cf7c219e185a5,403,1
sqli,search,2,403,9900924ee15b187c,403,1
sqli,search,2,404,97b3f29050ea87d1,403,1
sqli,search,2,405,5a9f648f8d72aa46,403,1
sqli,search,2,406,3cc0f9635d7b038d,403,1
sqli,search,2,407,3597f4e7ef78a935,403,1
sqli,search,2,408,2cf165dc94c95799,403,1
sqli,search,2,409,f9f40b613f03b6b0,403,1
sqli,search,2,410,01b1fb0d29ba5de8,403,1
sqli,search,2,411,c4d9a42a64ae4eff,403,1
sqli,search,2,412,c00b2de2d1527b97,403,1
sqli,search,2,413,7ba6c984c8a28d83,403,1
sqli,search,2,414,e173e5b4af939c17,403,1
sqli,search,2,415,378f64b0349c0d01,403,1
sqli,search,2,416,436f033cce52a145,403,1
sqli,search,2,417,f33a2831ce19bf10,403,1
sqli,search,2,418,4b098322e818990a,403,1
sqli,search,2,419,58d92d5f182509f1,403,1
sqli,search,2,420,4b4742db017fcf53,403,1
sqli,search,2,421,28967b522bb5c110,403,1
sqli,search,2,422,c7854b9fede303c0,403,1
sqli,search,2,423,ae622694c2d62bba,403,1
sqli,search,2,424,7f94fa2025d1efb6,403,1
sqli,search,2,425,62ff2c973dd57de5,403,1
sqli,search,2,426,240b0f610db1f3fd,403,1
sqli,search,2,427,c2d612ee6da88a42,403,1
sqli,search,2,428,12be7334371a92ee,403,1
sqli,search,2,429,8f7ea172db7ffa16,403,1
sqli,search,2,430,0108cb5603369595,403,1
sqli,search,2,431,a14cfd2bc4e94d65,403,1
sqli,search,2,432,53998c2db4d45e23,403,1
sqli,search,2,433,d81c3abe95c0bdbe,403,1
sqli,search,2,434,300fcb0144093b51,403,1
sqli,search,2,435,0e70c37c8a156309,403,1
sqli,search,2,436,ea7ede2b5f34b14d,403,1
sqli,search,2,437,bfac171aca4b55ff,403,1
sqli,search,2,438,9dee25c96a673a89,403,1
sqli,search,2,439,3df4f65182d4a4a5,403,1
sqli,search,2,440,ffd319507b9e0bb8,403,1
sqli,search,2,441,6a62dd270b58ce30,403,1
sqli,search,2,442,2e264df474fac7f6,403,1
sqli,search,2,443,7672386f9bb6cbb4,403,1
sqli,search,2,444,f6191a96c3b9a72a,403,1
sqli,search,2,445,51d164a381b3044c,403,1
sqli,search,2,446,c61880d1eaacf021,403,1
sqli,search,2,447,f5fcf1fcc365c3a5,403,1
sqli,search,2,448,5f70de1b61e4354c,403,1
sqli,search,2,449,f1db4ee969f9aac4,403,1
sqli,search,2,450,6454b2fa9951dd46,403,1
sqli,search,2,451,8c99a800bf518b7d,403,1
sqli,search,2,452,554887be3d88e9e5,403,1
sqli,search,2,453,d2db787337e9a818,403,1
sqli,search,2,454,988cee6f9e3b36f5,403,1
sqli,search,2,455,0c3ea9092e5869f6,403,1
sqli,search,2,456,0ab73bce242b3d72,403,1
sqli,search,2,457,823db81186f3a614,403,1
sqli,search,2,458,227370168356ebc6,403,1
sqli,search,2,459,c107e2aa64271227,403,1
sqli,search,2,460,94708d9d726565da,403,1
sqli,search,2,461,2cd265410b05070b,403,1
sqli,search,2,462,71ccac1a7861fd99,403,1
sqli,search,2,463,b2973d25a110ff00,403,1
sqli,search,2,464,d95adccb87dc83f2,403,1
sqli,search,2,465,5477cb79c8a67ea9,403,1
sqli,search,2,466,9610dece3f01e0ed,403,1
sqli,search,2,467,d1e0f9eadc24a438,403,1
sqli,search,2,468,6795240734cb9693,403,1
sqli,search,2,469,c4885a40e6c52e44,403,1
sqli,search,2,470,27e3ffd7f9a77ce5,403,1
sqli,search,2,471,18eded0ca88d4954,403,1
sqli,search,2,472,742c07eb210e3e5c,403,1
sqli,search,2,473,4572b0ecc98a32ca,403,1
sqli,search,2,474,e5bc7939c3000159,403,1
sqli,search,2,475,e96a149db8f308a0,403,1
sqli,search,2,476,9346bc0a63caee6f,403,1
sqli,search,2,477,3a905b2df330277b,403,1
sqli,search,2,478,1d0b6a2a36ba702d,403,1
sqli,search,2,479,dd215af005f2b8b3,403,1
sqli,search,2,480,04b3e5fcd41e9c08,403,1
sqli,search,2,481,9e7f44a21975e35b,403,1
sqli,search,2,482,40f7642e3da277de,403,1
sqli,search,2,483,64403b273b859fe5,403,1
sqli,search,2,484,49463ec8a7bd68fe,403,1
sqli,search,2,485,db518f25e7d4ba15,403,1
sqli,search,2,486,b809aed5a5c46af1,403,1
sqli,search,2,487,e23ac157b3e9b239,403,1
sqli,search,2,488,5027489b637a276e,403,1
sqli,search,3,0,71ef840d20617cd7,403,1
sqli,search,3,1,795856b3e78ac5be,403,1
sqli,search,3,2,279a3c8efc3fa959,403,1
sqli,search,3,3,3671c1bb0729611a,403,1
sqli,search,3,4,8fbaae0f7e5e56bd,403,1
sqli,search,3,5,71428a4a9e464311,403,1
sqli,search,3,6,99c9dc90a28a0aad,403,1
sqli,search,3,7,a4f751fb8d74d184,403,1
sqli,search,3,8,50d47441537a08e1,403,1
sqli,search,3,9,39d570ac340d3a41,403,1
sqli,search,3,10,8ece14d4fbab9364,403,1
sqli,search,3,11,d7f85c8efb55f65c,403,1
sqli,search,3,12,5e7d561357261261,403,1
sqli,search,3,13,d39f4d043ffba735,403,1
sqli,search,3,14,d96c353c4494c889,403,1
sqli,search,3,15,57cdd991b38e835c,403,1
sqli,search,3,16,ba570ddd2c7a0ed4,403,1
sqli,search,3,17,9fb41b378662737b,403,1
sqli,search,3,18,03e483e363ec5757,403,1
sqli,search,3,19,a8546723ddfb6066,403,1
sqli,search,3,20,94476a1b974f085c,403,1
sqli,search,3,21,ba828a0e20c2cb60,403,1
sqli,search,3,22,97000611512e7b74,403,1
sqli,search,3,23,d976a834730d1d5b,403,1
sqli,search,3,24,b6f28c31e1e7ce8f,403,1
sqli,search,3,25,1bb9138aa7500172,403,1
sqli,search,3,26,03c91134f22cdef5,403,1
sqli,search,3,27,1a0550e7d1bbbf59,403,1
sqli,search,3,28,b4916f4d66d030d7,403,1
sqli,search,3,29,8acee03e2df69b0f,403,1
sqli,search,3,30,3865af17abacff4b,403,1
sqli,search,3,31,52b9ae915b483bc8,403,1
sqli,search,3,32,429fc3b6d78aea17,403,1
sqli,search,3,33,43c387d093863fd3,403,1
sqli,search,3,34,7feb4cf30555fcbc,403,1
sqli,search,3,35,343b568dcf1fad27,403,1
sqli,search,3,36,ceda4ff551a93bf3,403,1
sqli,search,3,37,4de9f9076637285e,403,1
sqli,search,3,38,95f1ae093882b038,403,1
sqli,search,3,39,d12450c7be441a06,403,1
sqli,search,3,40,5242ef8ac79be927,403,1
sqli,search,3,41,98adb99bcf8daf83,403,1
sqli,search,3,42,2b0b7f9f614e0a37,403,1
sqli,search,3,43,2326c824afd2caa3,403,1
sqli,search,3,44,864f76739e97c542,403,1
sqli,search,3,45,acebaf282c044d16,403,1
sqli,search,3,46,e57ac3700cb0e3f7,403,1
sqli,search,3,47,23bec883860aaa3f,403,1
sqli,search,3,48,56d3cf2625a14f82,403,1
sqli,search,3,49,b85b297d94aa9e8a,403,1
sqli,search,3,50,8e6240cc38041210,403,1
sqli,search,3,51,6159e957f318752e,403,1
sqli,search,3,52,69ad3a8f38fb262f,403,1
sqli,search,3,53,b665ebe41b4f92e1,403,1
sqli,search,3,54,35e7f48e3cf8eeef,403,1
sqli,search,3,55,8eb3660ae29ae1b6,403,1
sqli,search,3,56,df2f56678421db6e,403,1
sqli,search,3,57,2fca62143b0671c3,403,1
sqli,search,3,58,9018430ab1cddf54,403,1
sqli,search,3,59,5d4a9a55cffc7104,403,1
sqli,search,3,60,ae63e3f6f5dd78c1,403,1
sqli,search,3,61,7027c7553ae74c26,403,1
sqli,search,3,62,166ebfca6483921b,403,1
sqli,search,3,63,0b17b10035c35bed,403,1
sqli,search,3,64,1aaa02d5b55a17dd,403,1
sqli,search,3,65,e4ea1633d5fd2209,403,1
sqli,search,3,66,cffb24295425cbad,403,1
sqli,search,3,67,56aed7c7bf40bf24,403,1
sqli,search,3,68,ce442715887502fe,403,1
sqli,search,3,69,d131cbaba74d69b3,403,1
sqli,search,3,70,1cd237c39e90a392,403,1
sqli,search,3,71,fa56ecf4533efb94,403,1
sqli,search,3,72,141206e7f811417b,403,1
sqli,search,3,73,2a518aca64265a99,403,1
sqli,search,3,74,c72c93662f4bed6b,403,1
sqli,search,3,75,79733d439a3f30a7,403,1
sqli,search,3,76,9100187d7e4081fe,403,1
sqli,search,3,77,5bc377a4afcaf76d,403,1
sqli,search,3,78,5b8d92f79a01fa2c,403,1
sqli,search,3,79,28c49dfd1d5cc723,403,1
sqli,search,3,80,241b3f684d0c19f4,403,1
sqli,search,3,81,31bf0520bf2a9987,403,1
sqli,search,3,82,58677aad2775573d,403,1
sqli,search,3,83,4a3661846dc5399f,403,1
sqli,search,3,84,9ad626cfd50bd662,403,1
sqli,search,3,85,8d47c100fb2ba58f,403,1
sqli,search,3,86,2b8a6dc5aff22784,403,1
sqli,search,3,87,f777953b9508cadd,403,1
sqli,search,3,88,c48122ce7663674f,403,1
sqli,search,3,89,3e71e9f9c34b7867,403,1
sqli,search,3,90,14f9bcb169290d5a,403,1
sqli,search,3,91,a060ec5f10c738c3,403,1
sqli,search,3,92,f5ff22d7c0468ec8,403,1
sqli,search,3,93,f52f83d4b5a03e37,403,1
sqli,search,3,94,b119587ac26d013d,403,1
sqli,search,3,95,4f7edc99a0acb0cf,403,1
sqli,search,3,96,8dfc95f3675edf50,403,1
sqli,search,3,97,25eadefbcc473825,403,1
sqli,search,3,98,7c3aa44cd884a544,403,1
sqli,search,3,99,1d36e57c5c87968e,403,1
sqli,search,3,100,d41c31015befb160,403,1
sqli,search,3,101,7fdc0f43460e9649,403,1
sqli,search,3,102,6d76f2c12c83b887,403,1
sqli,search,3,103,07988510a52249d6,403,1
sqli,search,3,104,d1a111b18bf6aec7,403,1
sqli,search,3,105,9ba9fe726186f57c,403,1
sqli,search,3,106,71a993d06393640d,403,1
sqli,search,3,107,7ed83ec83518abd9,403,1
sqli,search,3,108,5fdab9563b502027,403,1
sqli,search,3,109,907beb32152c9284,403,1
sqli,search,3,110,ced9a07203deb63a,403,1
sqli,search,3,111,311e234284f6c9e1,403,1
sqli,search,3,112,a3b7ef1f73e59e05,403,1
sqli,search,3,113,6fa063c729203bba,403,1
sqli,search,3,114,9862a1b3e8070ab1,403,1
sqli,search,3,115,f7582800fd095595,403,1
sqli,search,3,116,6acf35edfd06ec22,403,1
sqli,search,3,117,369fcf30e3308b47,403,1
sqli,search,3,118,e21ebe7175dd45e4,403,1
sqli,search,3,119,d8f17eaddb9d4eeb,403,1
sqli,search,3,120,944e82a0941b303c,403,1
sqli,search,3,121,6377682bbc3b81ff,403,1
sqli,search,3,122,1775643e24f7c33e,403,1
sqli,search,3,123,44252a157d8c1098,403,1
sqli,search,3,124,9ec2a48f3829c6a0,403,1
sqli,search,3,125,b39a8ed894dd0b9f,403,1
sqli,search,3,126,ec4c0fe97cd89cdd,403,1
sqli,search,3,127,41ec07e520a90384,403,1
sqli,search,3,128,22c3c719da9456b1,403,1
sqli,search,3,129,314d003aac91c72c,403,1
sqli,search,3,130,22e65714e2ae77c7,403,1
sqli,search,3,131,6bcc97e33f7af72d,403,1
sqli,search,3,132,db2b492285701da7,403,1
sqli,search,3,133,74bc78c32ac72e0c,403,1
sqli,search,3,134,4c67720e1c3456f2,403,1
sqli,search,3,135,66446c5ebbca510a,403,1
sqli,search,3,136,da13c81642a69781,403,1
sqli,search,3,137,67580a0d6baee4c1,403,1
sqli,search,3,138,f0885d8af3808f30,403,1
sqli,search,3,139,31874840766a2a85,403,1
sqli,search,3,140,eb73689724be6054,403,1
sqli,search,3,141,af0e37d9c4d5cc86,403,1
sqli,search,3,142,f0b0049620f7ee02,403,1
sqli,search,3,143,0c1808537922621c,403,1
sqli,search,3,144,83d2ae72e4ef2085,403,1
sqli,search,3,145,f6cfaba9275fc084,403,1
sqli,search,3,146,7b16b3ea4486e5f2,403,1
sqli,search,3,147,2652cfcd0145c1e5,403,1
sqli,search,3,148,9508fd0dae791935,403,1
sqli,search,3,149,782d242a6091d86d,403,1
sqli,search,3,150,791451d4c9419c41,403,1
sqli,search,3,151,a3bc338f215ef365,403,1
sqli,search,3,152,e1f15630c86c10e7,403,1
sqli,search,3,153,826df72461024e0f,403,1
sqli,search,3,154,5e86bb830f913046,403,1
sqli,search,3,155,8fc5bf8b9c65c1fd,403,1
sqli,search,3,156,177b04fd146e3da6,403,1
sqli,search,3,157,4eaf103b81bfca76,403,1
sqli,search,3,158,dba2e9e727c47257,403,1
sqli,search,3,159,915ca61b2322dfde,403,1
sqli,search,3,160,58135132c45481df,403,1
sqli,search,3,161,121b98345b27b03a,403,1
sqli,search,3,162,5f205edc83a2e99d,403,1
sqli,search,3,163,1e2b8a2175cb5130,403,1
sqli,search,3,164,fc1229fa90451b4c,403,1
sqli,search,3,165,c4e8d0f364abc95f,403,1
sqli,search,3,166,07b163285afb25d2,403,1
sqli,search,3,167,7054a177086f74a1,403,1
sqli,search,3,168,78753fcb94c03225,403,1
sqli,search,3,169,5fe8985cf8ae3459,403,1
sqli,search,3,170,d405b5bd467848f4,403,1
sqli,search,3,171,20675e5607f637ab,403,1
sqli,search,3,172,b01cd1370f27eb57,403,1
sqli,search,3,173,7a8884bf97f0e1c0,403,1
sqli,search,3,174,15dd9a29fb10f074,403,1
sqli,search,3,175,08c284d8acd2aa07,403,1
sqli,search,3,176,7c3e6e1f4e1d4073,403,1
sqli,search,3,177,004f8516b7eaea06,403,1
sqli,search,3,178,ed218fb4399372f6,403,1
sqli,search,3,179,d888cefa5f659ba3,403,1
sqli,search,3,180,5f1e9c27f3456b3a,403,1
sqli,search,3,181,53bf1aa877917f65,403,1
sqli,search,3,182,5023a2cb1c2a596d,403,1
sqli,search,3,183,26a3e41af22a5cf4,403,1
sqli,search,3,184,cae621fde938ee2d,403,1
sqli,search,3,185,39f2e882f58bfe6b,403,1
sqli,search,3,186,f122fe7d543b8339,403,1
sqli,search,3,187,d61d9657b7903050,403,1
sqli,search,3,188,7df52d123ee558d9,403,1
sqli,search,3,189,5813ced787f2e5fb,403,1
sqli,search,3,190,52e807536583ad4a,403,1
sqli,search,3,191,2d6d9bafd7f32edc,403,1
sqli,search,3,192,b9765e515fb4f412,403,1
sqli,search,3,193,93286d22f3df71ef,403,1
sqli,search,3,194,da9ce084da60cefa,403,1
sqli,search,3,195,87cf9492c7020c89,403,1
sqli,search,3,196,fcf7257eb497e83a,403,1
sqli,search,3,197,1a092adb25066545,403,1
sqli,search,3,198,1429585301dc2506,403,1
sqli,search,3,199,02514ebf9beddf33,403,1
sqli,search,3,200,49f3fc64463d05b8,403,1
sqli,search,3,201,272d5c6f7fa30a46,403,1
sqli,search,3,202,02c1a8de82a64720,403,1
sqli,search,3,203,e976d3a0acfc3f18,403,1
sqli,search,3,204,dfce4001cffb092b,403,1
sqli,search,3,205,9ee6e61fabc8b4c4,403,1
sqli,search,3,206,116b8e4b620dafc3,403,1
sqli,search,3,207,5d5d9a4940ba6b74,403,1
sqli,search,3,208,c81160041985cd4b,403,1
sqli,search,3,209,0c4cd6515ad2e2a0,403,1
sqli,search,3,210,009749140d8d2021,403,1
sqli,search,3,211,79f928db0fa88986,403,1
sqli,search,3,212,3eb3140bb235d0b8,403,1
sqli,search,3,213,c43ccb497c591017,403,1
sqli,search,3,214,9731afe403b94a53,403,1
sqli,search,3,215,ce0dbeb6614508a0,403,1
sqli,search,3,216,0c9c320c9aac3b3c,403,1
sqli,search,3,217,2bcacc4509a64f85,403,1
sqli,search,3,218,f82866cba0851be2,403,1
sqli,search,3,219,f7f08def0b5e056b,403,1
sqli,search,3,220,f7c0d80662716b2e,403,1
sqli,search,3,221,a5a0ae5ed5c2b809,403,1
sqli,search,3,222,e35ba2aacafd29b1,403,1
sqli,search,3,223,9dd9792f07473de8,403,1
sqli,search,3,224,37db9c448b9a9cbd,403,1
sqli,search,3,225,75afb85a9c3f7600,403,1
sqli,search,3,226,f87c0c3eca44537e,403,1
sqli,search,3,227,34e2d61bae7d7ea8,403,1
sqli,search,3,228,e6489637ab6eeada,403,1
sqli,search,3,229,d103d5131bb1edae,403,1
sqli,search,3,230,54f9074b98f2d9ac,403,1
sqli,search,3,231,a2ec2520edc28912,403,1
sqli,search,3,232,057683681ec2abaa,403,1
sqli,search,3,233,70e55092b7a3ad94,403,1
sqli,search,3,234,d8e879c2bb6f7ecb,403,1
sqli,search,3,235,57ce83d57d2d739e,403,1
sqli,search,3,236,31dbb79b133b0d5a,403,1
sqli,search,3,237,5b68e96f2e649bef,403,1
sqli,search,3,238,f6f1178e3193a940,403,1
sqli,search,3,239,c7f5a41def22482a,403,1
sqli,search,3,240,72e81b237d7743e1,403,1
sqli,search,3,241,f77552a8c3179a0e,403,1
sqli,search,3,242,379388f2b50e8ebb,403,1
sqli,search,3,243,3439cc73f76e844b,403,1
sqli,search,3,244,f8fc0d52690243ca,403,1
sqli,search,3,245,008a61f2766bdcc1,403,1
sqli,search,3,246,f5b61a3d43750394,403,1
sqli,search,3,247,440c49813da1d2b6,403,1
sqli,search,3,248,1d77a8e2ecf25c38,403,1
sqli,search,3,249,c75cd0d55c561ee9,403,1
sqli,search,3,250,e8c572d4fe524e88,403,1
sqli,search,3,251,6d821b480e57cf27,403,1
sqli,search,3,252,09048db7d6288db2,403,1
sqli,search,3,253,a0b82a02fd76b312,403,1
sqli,search,3,254,620b5bb41bf9c39c,403,1
sqli,search,3,255,eff79344d0c81de9,403,1
sqli,search,3,256,9403abe8d2abb4ae,403,1
sqli,search,3,257,81bac312fe5b030f,403,1
sqli,search,3,258,3f57b6bb42bca953,403,1
sqli,search,3,259,edf3360d657af280,403,1
sqli,search,3,260,a1bb7ef5c67383c9,403,1
sqli,search,3,261,91e85e512edc6301,403,1
sqli,search,3,262,ad386fb346b2e599,403,1
sqli,search,3,263,9aa0912128b248d4,403,1
sqli,search,3,264,d3959ea80f7d61e7,403,1
sqli,search,3,265,301df01a96d25668,403,1
sqli,search,3,266,0f316f7f35df3d3c,403,1
sqli,search,3,267,fc2fd6cc576daef0,403,1
sqli,search,3,268,2ed75269564db210,403,1
sqli,search,3,269,4e378c9674571458,403,1
sqli,search,3,270,5989c0094dd297d6,403,1
sqli,search,3,271,49c832b6ff292da7,403,1
sqli,search,3,272,129fe7ba3d3268b2,403,1
sqli,search,3,273,0db40fd13182a5ec,403,1
sqli,search,3,274,3ce6b49ec85be178,403,1
sqli,search,3,275,20d0c4df5da92d40,403,1
sqli,search,3,276,5b9247a04ee4b990,403,1
sqli,search,3,277,88f5f75e91b9b379,403,1
sqli,search,3,278,30988943196fc637,403,1
sqli,search,3,279,8d64e1c01d37929a,403,1
sqli,search,3,280,1b3a229eaf6f768b,403,1
sqli,search,3,281,3da9a69696a094f0,403,1
sqli,search,3,282,78fd3ae622c0d09a,403,1
sqli,search,3,283,d3c003a9a11b41f3,403,1
sqli,search,3,284,80ae806a7b4bd7a3,403,1
sqli,search,3,285,dc9940ec8c60bb4b,403,1
sqli,search,3,286,3d7cae9eb8da3afc,403,1
sqli,search,3,287,3f5119964df5f183,403,1
sqli,search,3,288,513f0f807a8f7b9a,403,1
sqli,search,3,289,c296193b3e405b14,403,1
sqli,search,3,290,40390fb7cce232ee,403,1
sqli,search,3,291,032d5616c7a9c79e,403,1
sqli,search,3,292,f477901a74d3efbb,403,1
sqli,search,3,293,379b84f715bca371,403,1
sqli,search,3,294,bb58ac9860c249df,403,1
sqli,search,3,295,c0ca8066dd5858fa,403,1
sqli,search,3,296,05fc0496918cde3b,403,1
sqli,search,3,297,b5f01ce85005a9ec,403,1
sqli,search,3,298,2847d4bac5f20dbd,403,1
sqli,search,3,299,662ca120dcf67da0,403,1
sqli,search,3,300,298b1b1d11f097bb,403,1
sqli,search,3,301,7f2fe7b598d355f8,403,1
sqli,search,3,302,44b0cd1c80d18b0d,403,1
sqli,search,3,303,1fed86d1438626e2,403,1
sqli,search,3,304,244fc1fb3c6176b2,403,1
sqli,search,3,305,7957b33c29c22972,403,1
sqli,search,3,306,f991b2dc75311075,403,1
sqli,search,3,307,7fd97f2e69891f80,403,1
sqli,search,3,308,b7fa4eafad1df4a1,403,1
sqli,search,3,309,b89f4ef9d1271682,403,1
sqli,search,3,310,2d6042d4445d5534,403,1
sqli,search,3,311,894f43f06f9680c4,403,1
sqli,search,3,312,d9083973570fcdc2,403,1
sqli,search,3,313,cf40fa21decdb980,403,1
sqli,search,3,314,cf905fea73348d9f,403,1
sqli,search,3,315,58d3657dd8f8a277,403,1
sqli,search,3,316,7025a39e8d1980d6,403,1
sqli,search,3,317,1808a455e3208d55,403,1
sqli,search,3,318,a314780b1401d7f6,403,1
sqli,search,3,319,ca36d28c9d94a90b,403,1
sqli,search,3,320,0c55e5ea31fc5122,403,1
sqli,search,3,321,981d51a05cc399ff,403,1
sqli,search,3,322,467d796d51e84787,403,1
sqli,search,3,323,8af32ed3b2ac678e,403,1
sqli,search,3,324,9ac838bb75db486a,403,1
sqli,search,3,325,2aac5b454c7d3913,403,1
sqli,search,3,326,3ebfb63c29d878af,403,1
sqli,search,3,327,e619f76e76a3c984,403,1
sqli,search,3,328,d4eaa9ea7d370d27,403,1
sqli,search,3,329,ea6c41bd10549fca,403,1
sqli,search,3,330,7478eed0e035a502,403,1
sqli,search,3,331,4f6489ae465bcbfd,403,1
sqli,search,3,332,d3e0ac62a0fcf1f4,403,1
sqli,search,3,333,d64042e60da5d941,403,1
sqli,search,3,334,a1508fd9166e8393,403,1
sqli,search,3,335,f29cb537d38e3ed6,403,1
sqli,search,3,336,90c00e37f48c70ca,403,1
sqli,search,3,337,f09c778c45381c69,403,1
sqli,search,3,338,3f8dfd81b3c007af,403,1
sqli,search,3,339,76abc37fb1429a48,403,1
sqli,search,3,340,8f724f266f6d17c6,403,1
sqli,search,3,341,00b19c2eeb2beb5a,403,1
sqli,search,3,342,3953472dc660f66e,403,1
sqli,search,3,343,8917fbfb4f1b9d22,403,1
sqli,search,3,344,a39a6f963768d1f0,403,1
sqli,search,3,345,46b07f257c450e0e,403,1
sqli,search,3,346,49aec43cac74b3aa,403,1
sqli,search,3,347,1944979b6db226a8,403,1
sqli,search,3,348,42e527a5c8c5a49c,403,1
sqli,search,3,349,a06eb6b165040b81,403,1
sqli,search,3,350,9c28bd563b595511,403,1
sqli,search,3,351,316cb50a524fc030,403,1
sqli,search,3,352,d619edfb5b4f1455,403,1
sqli,search,3,353,54f2b413598cce37,403,1
sqli,search,3,354,a5d9618d280cd0d1,403,1
sqli,search,3,355,36183a649aea5cd9,403,1
sqli,search,3,356,7537c732ce68274d,403,1
sqli,search,3,357,2aee126646f0267c,403,1
sqli,search,3,358,fb822a5e974157e5,403,1
sqli,search,3,359,9758d20056910438,403,1
sqli,search,3,360,0fce43c8b5914574,403,1
sqli,search,3,361,2715a93f9d988b70,403,1
sqli,search,3,362,2803068c9e584a04,403,1
sqli,search,3,363,ce32e9b6edea09ed,403,1
sqli,search,3,364,5e8ca4c447598e15,403,1
sqli,search,3,365,24c6ffd46e12ea2c,403,1
sqli,search,3,366,9c802f988cce98cd,403,1
sqli,search,3,367,07a2c13326f7005a,403,1
sqli,search,3,368,908d218baa327493,403,1
sqli,search,3,369,cfa31da87f609ba2,403,1
sqli,search,3,370,4f7ddc50bce2d203,403,1
sqli,search,3,371,5d5d9a4940ba6b74,403,1
sqli,search,3,372,9ff3818bb060b5e1,403,1
sqli,search,3,373,084923cbdc5bd819,403,1
sqli,search,3,374,4dfea848cb4d0876,403,1
sqli,search,3,375,c010adbe25cf5be8,403,1
sqli,search,3,376,5ebc4f0c14cfa549,403,1
sqli,search,3,377,3f7da37b01981937,403,1
sqli,search,3,378,f5d392b9401cb3d7,403,1
sqli,search,3,379,5108f967ba775327,403,1
sqli,search,3,380,78afa38db1456613,403,1
sqli,search,3,381,c3d86d4e160121f3,403,1
sqli,search,3,382,e0ab9802d3eb9dce,403,1
sqli,search,3,383,0d8537ded9e3c51f,403,1
sqli,search,3,384,157e83cc8041359a,403,1
sqli,search,3,385,a4b3acf056f370a0,403,1
sqli,search,3,386,ad6aacd3eb867573,403,1
sqli,search,3,387,b06a051d88387f44,403,1
sqli,search,3,388,4fd82a9f71258c01,403,1
sqli,search,3,389,ca6973f900bfe91b,403,1
sqli,search,3,390,25d50206bad7e136,403,1
sqli,search,3,391,615c4dc8e30b30d7,403,1
sqli,search,3,392,70726894e2d8348e,403,1
sqli,search,3,393,f7a4ca8a0a3b72c8,403,1
sqli,search,3,394,081b3613a3ff6782,403,1
sqli,search,3,395,dcb5dda4e664cf49,403,1
sqli,search,3,396,943785f3c325e27a,403,1
sqli,search,3,397,f34c1424dbf9ccb8,403,1
sqli,search,3,398,20893a2881a63dbc,403,1
sqli,search,3,399,3171b2cd4a67d0ce,403,1
sqli,search,3,400,391c8d057aaf94a5,403,1
sqli,search,3,401,3a0d087b3fb365f8,403,1
sqli,search,3,402,09e74b2e32a6f23c,403,1
sqli,search,3,403,8d58393a3804a1a2,403,1
sqli,search,3,404,a198c4d8d40b27b3,403,1
sqli,search,3,405,359a49c01963fc21,403,1
sqli,search,3,406,e9d0052bf7d50143,403,1
sqli,search,3,407,f37a06061048522b,403,1
sqli,search,3,408,42c221d08ff0fc33,403,1
sqli,search,3,409,51feeeb40e0511e2,403,1
sqli,search,3,410,916db78120190f88,403,1
sqli,search,3,411,8a37d9d28766a3a9,403,1
sqli,search,3,412,11e60a9445ceb970,403,1
sqli,search,3,413,75244bc0158c5ff4,403,1
sqli,search,3,414,eb6b45d39a2b6768,403,1
sqli,search,3,415,0f1129ea70f19a11,403,1
sqli,search,3,416,b94459ca84950583,403,1
sqli,search,3,417,17baa0eb82fcf435,403,1
sqli,search,3,418,ec50339114b98ecc,403,1
sqli,search,3,419,68af9ecd51e9246f,403,1
sqli,search,3,420,398772ebc96de7a4,403,1
sqli,search,3,421,39634ab358bd19f4,403,1
sqli,search,3,422,0d3cc55a6add64ae,403,1
sqli,search,3,423,567ac2b4becf1a9a,403,1
sqli,search,3,424,256620322f578c91,403,1
sqli,search,3,425,c130482ed889618e,403,1
sqli,search,3,426,606ea2498b851af3,403,1
sqli,search,3,427,704a3f2b667628e7,403,1
sqli,search,3,428,3d406205ff29fd6f,403,1
sqli,search,3,429,1b86201e536d7c5d,403,1
sqli,search,3,430,0de3e7f44175437e,403,1
sqli,search,3,431,b4e86fb9a77d438a,403,1
sqli,search,3,432,216812407c250803,403,1
sqli,search,3,433,7cb1e2e6a9a115c4,403,1
sqli,search,3,434,2cbdb6762972a8ee,403,1
sqli,search,3,435,9195c7cc36f5b699,403,1
sqli,search,3,436,558c1c44f98e0df1,403,1
sqli,search,3,437,6813113f24d4d052,403,1
sqli,search,3,438,b21ffcb689516149,403,1
sqli,search,3,439,f217482d0d9ac2b3,403,1
sqli,search,3,440,44c25a0e5a671050,403,1
sqli,search,3,441,c5752a92cc0d9496,403,1
sqli,search,3,442,e4607ab73e2ee76a,403,1
sqli,search,3,443,d2a5bfb24229d6ea,403,1
sqli,search,3,444,f74e23a24071d97f,403,1
sqli,search,3,445,4c008a365762264b,403,1
sqli,search,3,446,078ae133ebd873bd,403,1
sqli,search,3,447,7d8fbff8810e95f1,403,1
sqli,search,3,448,df6d1e381fcb223b,403,1
sqli,search,3,449,88a0ed0298b075a2,403,1
sqli,search,3,450,f4440c7a3d6ab893,403,1
sqli,search,3,451,d42f91fcefd7a425,403,1
sqli,search,3,452,adf25247bb9fdae6,403,1
sqli,search,3,453,450820321550f508,403,1
sqli,search,3,454,07830e07cf21da8a,403,1
sqli,search,3,455,ae6833e328b7cea1,403,1
sqli,search,3,456,8b123775e804f9d3,403,1
sqli,search,3,457,3accd52036f9af04,403,1
sqli,search,3,458,527e4991bcf197c1,403,1
sqli,search,3,459,ec9c41c581cb45a9,403,1
sqli,search,3,460,3d270fb9a7ab84de,403,1
sqli,search,3,461,408a2d7f0dace476,403,1
sqli,search,3,462,bf7afcbf1aa05c67,403,1
sqli,search,3,463,43ba4bf48f615157,403,1
sqli,search,3,464,fcd676c0559f3a75,403,1
sqli,search,3,465,b1e0ea7086e5f819,403,1
sqli,search,3,466,65d4a9f7c13e31a0,403,1
sqli,search,3,467,4801a3a72d314010,403,1
sqli,search,3,468,36733bde5f51cbd5,403,1
sqli,search,3,469,0ef0bccebb8e7f8e,403,1
sqli,search,3,470,92de4cc550dd613d,403,1
sqli,search,3,471,5e75048df877f214,403,1
sqli,search,3,472,589eb02bcbd2cafe,403,1
sqli,search,3,473,47a27e772bdcf3e2,403,1
sqli,search,3,474,0748088cd3f8366d,403,1
sqli,search,3,475,77e77448d3257af9,403,1
sqli,search,3,476,c493ee17e99e2d4e,403,1
sqli,search,3,477,90d6dd5c188c2532,403,1
sqli,search,3,478,b5d5e2dacbeb9b4c,403,1
sqli,search,3,479,bd9a6532bfbac2bd,403,1
sqli,search,3,480,fd764488049e1acf,403,1
sqli,search,3,481,588c30280822fd08,403,1
sqli,search,3,482,828f37cca6d67b3c,403,1
sqli,search,3,483,245cfca4005b616b,403,1
sqli,search,3,484,25bc3c54f80b8b27,403,1
sqli,search,3,485,7256ff84a41926b1,403,1
sqli,search,3,486,cd59a14560d2279a,403,1
sqli,search,4,0,44f940ee70a51d96,403,1
sqli,search,4,1,ba14f617a67ad950,403,1
sqli,search,4,2,e45397dd328f2c81,403,1
sqli,search,4,3,b2117f4e88b03c25,403,1
sqli,search,4,4,722d591a52267015,403,1
sqli,search,4,5,3964f60aeb6215cd,403,1
sqli,search,4,6,3984dea6df1b50b7,403,1
sqli,search,4,7,2948f0068863b6c1,403,1
sqli,search,4,8,033cbd7da200d616,403,1
sqli,search,4,9,acb82828cfa60a56,403,1
sqli,search,4,10,d790d7e698ef5e25,403,1
sqli,search,4,11,200bcbcb0a80b32a,403,1
sqli,search,4,12,57b7a8a11edd723a,403,1
sqli,search,4,13,752223660da55751,403,1
sqli,search,4,14,a6d3f8e9b9e4089c,403,1
sqli,search,4,15,5eb688d3a16e0f7d,403,1
sqli,search,4,16,ace97da0fdf83373,403,1
sqli,search,4,17,679f1f6b81e36d24,403,1
sqli,search,4,18,282dcfa92b4eb2eb,403,1
sqli,search,4,19,2704dd42a4744c5f,403,1
sqli,search,4,20,fb472f1765d229e4,403,1
sqli,search,4,21,2313a1ede8b894ef,403,1
sqli,search,4,22,486b9b92bdc9a6df,403,1
sqli,search,4,23,e257bba1059d97e9,403,1
sqli,search,4,24,c1f2ff02b1a7f1eb,403,1
sqli,search,4,25,25cc26370509e537,403,1
sqli,search,4,26,644463279e2c0a57,403,1
sqli,search,4,27,b8fd1ec2a69810c6,403,1
sqli,search,4,28,43b4c791f3e4a80e,403,1
sqli,search,4,29,3f5c0b56c812cdce,403,1
sqli,search,4,30,e3dd353cdaf411f5,403,1
sqli,search,4,31,93c1b32876ced2ed,403,1
sqli,search,4,32,d0f26f02b263d3fe,403,1
sqli,search,4,33,35599d100eac5a4f,403,1
sqli,search,4,34,69ad3a8f38fb262f,403,1
sqli,search,4,35,90336fd6d00031c9,403,1
sqli,search,4,36,9576897baeafedbe,403,1
sqli,search,4,37,6adc633490373d08,403,1
sqli,search,4,38,c34131ca0bda03f0,403,1
sqli,search,4,39,9d62179b4ea41e89,403,1
sqli,search,4,40,906125f6a38be072,403,1
sqli,search,4,41,5f19ba51554bce6b,403,1
sqli,search,4,42,e35aaa8490723032,403,1
sqli,search,4,43,cb1c78ddf6859e64,403,1
sqli,search,4,44,1c977bcdfd667d20,403,1
sqli,search,4,45,ed90da0f34353378,403,1
sqli,search,4,46,7a8fcd27691856ec,403,1
sqli,search,4,47,1f507d8f9f3155f1,403,1
sqli,search,4,48,1a2886b41773dadf,403,1
sqli,search,4,49,7ffab133ccd86a72,403,1
sqli,search,4,50,ccb01a5604654425,403,1
sqli,search,4,51,2b9f74f99945c393,403,1
sqli,search,4,52,a3db92f85d0408a5,403,1
sqli,search,4,53,7e497e5852fb214c,403,1
sqli,search,4,54,43a8231984ad513c,403,1
sqli,search,4,55,77aca63b8cbe340a,403,1
sqli,search,4,56,b3eddd12293098ea,403,1
sqli,search,4,57,2d07d22dc6102f2a,403,1
sqli,search,4,58,f500180145ef7517,403,1
sqli,search,4,59,58424eb733e40074,403,1
sqli,search,4,60,8927f100c09b1a02,403,1
sqli,search,4,61,21214e5aefdf7ea3,403,1
sqli,search,4,62,53c49a8610840658,403,1
sqli,search,4,63,ed3b9204e574f2dc,403,1
sqli,search,4,64,56f70b62689ebbdc,403,1
sqli,search,4,65,85a9be1ac4cf9f1b,403,1
sqli,search,4,66,2cfd9715e4580f5c,403,1
sqli,search,4,67,29b64362221c7df7,403,1
sqli,search,4,68,74ee19118ea9eccc,403,1
sqli,search,4,69,6f7ab0b1b575bb16,403,1
sqli,search,4,70,c78bd24d56565120,403,1
sqli,search,4,71,a95ed48373e93b62,403,1
sqli,search,4,72,ccb8b06eb9039254,403,1
sqli,search,4,73,cf444d556b473439,403,1
sqli,search,4,74,e48126888734c068,403,1
sqli,search,4,75,3a5e084c5c051c11,403,1
sqli,search,4,76,128034c6663a5a2a,403,1
sqli,search,4,77,1c6f6a9b9580c297,403,1
sqli,search,4,78,60f2f7d1300a0afd,403,1
sqli,search,4,79,e55096a3809b4db9,403,1
sqli,search,4,80,2586b19e5f6e6f18,403,1
sqli,search,4,81,0be53f0240b03c82,403,1
sqli,search,4,82,0abae549d42f51d0,403,1
sqli,search,4,83,b2f09fc72ad034a9,403,1
sqli,search,4,84,c640dfd3c93b5d72,403,1
sqli,search,4,85,3dfeeb6e16098102,403,1
sqli,search,4,86,ba6e7da5e91ab130,403,1
sqli,search,4,87,c47858982942a1fe,403,1
sqli,search,4,88,69b046e92249376e,403,1
sqli,search,4,89,864ddbb3c2b5ce03,403,1
sqli,search,4,90,1fab502314edbaea,403,1
sqli,search,4,91,1240505bc64f1e82,403,1
sqli,search,4,92,6871d6d14e714038,403,1
sqli,search,4,93,f274ffaa98bef078,403,1
sqli,search,4,94,adb786da9b533e7e,403,1
sqli,search,4,95,71a993d06393640d,403,1
sqli,search,4,96,3b921c21e0d37013,403,1
sqli,search,4,97,784215b32298485b,403,1
sqli,search,4,98,96aa8d88b08872cd,403,1
sqli,search,4,99,317dc5506deab263,403,1
sqli,search,4,100,23f7e0adc77d9a7a,403,1
sqli,search,4,101,3b1f816050e3e857,403,1
sqli,search,4,102,4f966766bc43bd7f,403,1
sqli,search,4,103,67e602eecf7506f7,403,1
sqli,search,4,104,5e08bbbda5ea1bf0,403,1
sqli,search,4,105,09f0dff279fbaa9d,403,1
sqli,search,4,106,2d54b9a94f5e6482,403,1
sqli,search,4,107,ce2909b9e57b1c10,403,1
sqli,search,4,108,f3f6f8c1adc45460,403,1
sqli,search,4,109,d64e5017e00c7a04,403,1
sqli,search,4,110,ae00380a9cf1528e,403,1
sqli,search,4,111,ee394babbee0fb8d,403,1
sqli,search,4,112,634f09f761618323,403,1
sqli,search,4,113,a0454411a3d4dec2,403,1
sqli,search,4,114,79d4df4c97ab9e83,403,1
sqli,search,4,115,2332c04c79def8e9,403,1
sqli,search,4,116,4d829691b036a7f4,403,1
sqli,search,4,117,53b04e47e6696240,403,1
sqli,search,4,118,b54e92fa699dda9b,403,1
sqli,search,4,119,aecca76161958585,403,1
sqli,search,4,120,41c637b17457652e,403,1
sqli,search,4,121,06a5fe42ae9077c1,403,1
sqli,search,4,122,f347e16c2573e56e,403,1
sqli,search,4,123,2f9e1345d6b57184,403,1
sqli,search,4,124,6876bf7d2d9c8a72,403,1
sqli,search,4,125,6ec669d817a21db8,403,1
sqli,search,4,126,dd0050bd14679c2d,403,1
sqli,search,4,127,2f29803b3e133621,403,1
sqli,search,4,128,12acf81942b24f5b,403,1
sqli,search,4,129,b58d67fafb92fe2d,403,1
sqli,search,4,130,774b985c155f85ce,403,1
sqli,search,4,131,76ca0560e4733aad,403,1
sqli,search,4,132,b9f6e9aa01d89846,403,1
sqli,search,4,133,2c68960cf49f6046,403,1
sqli,search,4,134,9ec70e19149dfe4a,403,1
sqli,search,4,135,532a986a7887dcba,403,1
sqli,search,4,136,19fd5431c2bc5712,403,1
sqli,search,4,137,3c01647e23db892f,403,1
sqli,search,4,138,b1c11fdddf6af40b,403,1
sqli,search,4,139,239c97a2f77061c0,403,1
sqli,search,4,140,404ed628dbca6e84,403,1
sqli,search,4,141,cd108ac2bcc60ce2,403,1
sqli,search,4,142,4862cd2f51c58bde,403,1
sqli,search,4,143,906149fe7ff1ab5d,403,1
sqli,search,4,144,11f72707a33fdb31,403,1
sqli,search,4,145,02b2ae970c98ede6,403,1
sqli,search,4,146,a6c3648e943f1e15,403,1
sqli,search,4,147,f3e2df4217bf90f5,403,1
sqli,search,4,148,3dab0e11a96f8029,403,1
sqli,search,4,149,bc672fd5f03c2f8e,403,1
sqli,search,4,150,dfae5a598b268775,403,1
sqli,search,4,151,eaf85ad0085078ca,403,1
sqli,search,4,152,644e6877bc319a37,403,1
sqli,search,4,153,79b1d4c0beaedd57,403,1
sqli,search,4,154,9d1bf395f3354de1,403,1
sqli,search,4,155,0c77c1e3a8d030f8,403,1
sqli,search,4,156,bd4ebc45e84bbb0d,403,1
sqli,search,4,157,abd855234bdd8409,403,1
sqli,search,4,158,0d8c9eab7cc29523,403,1
sqli,search,4,159,96b9c28114278939,403,1
sqli,search,4,160,a623825103017484,403,1
sqli,search,4,161,d677992ed0cf2ec6,403,1
sqli,search,4,162,27792543b5151b77,403,1
sqli,search,4,163,496d4340dff1e159,403,1
sqli,search,4,164,d063b6fefc520502,403,1
sqli,search,4,165,d15bdfd30e7cdc6f,403,1
sqli,search,4,166,77f8cf1ebaae5103,403,1
sqli,search,4,167,7e6822d4fbc401cb,403,1
sqli,search,4,168,036946b8e787eda8,403,1
sqli,search,4,169,4c3668cae1554fcf,403,1
sqli,search,4,170,0cab0691a1a71d58,403,1
sqli,search,4,171,eaf8961f3dec76fd,403,1
sqli,search,4,172,100087834bc8dc06,403,1
sqli,search,4,173,cef7df874a35a9fd,403,1
sqli,search,4,174,e5ca2d61e613ecbf,403,1
sqli,search,4,175,b819134dae25a078,403,1
sqli,search,4,176,83cebf1ccbd89816,403,1
sqli,search,4,177,314171ce866f5b0d,403,1
sqli,search,4,178,559a0441fed392a3,403,1
sqli,search,4,179,d099d15d738a1a47,403,1
sqli,search,4,180,b9f6e9aa01d89846,403,1
sqli,search,4,181,2c307ed0b661a6d6,403,1
sqli,search,4,182,931e78b428a4b2d5,403,1
sqli,search,4,183,5b86a1640d4a99dc,403,1
sqli,search,4,184,3d3aa830cd3b80c1,403,1
sqli,search,4,185,3c01647e23db892f,403,1
sqli,search,4,186,0f16e2d5ed88f5e3,403,1
sqli,search,4,187,239c97a2f77061c0,403,1
sqli,search,4,188,404ed628dbca6e84,403,1
sqli,search,4,189,6d76f2c12c83b887,403,1
sqli,search,4,190,c6b96624eb301eeb,403,1
sqli,search,4,191,c228be53bbac495c,403,1
sqli,search,4,192,af5e50d46884c109,403,1
sqli,search,4,193,6f46daa014b7b364,403,1
sqli,search,4,194,b7f2a7d746ebdbda,403,1
sqli,search,4,195,5f7cd328415e7db1,403,1
sqli,search,4,196,68089b661fc156bb,403,1
sqli,search,4,197,058e97feaf7c5ae5,403,1
sqli,search,4,198,4d0e660fb45b8f72,403,1
sqli,search,4,199,2969f730395f4cc1,403,1
sqli,search,4,200,c08f07bd5dc76487,403,1
sqli,search,4,201,1e25291139f007a0,403,1
sqli,search,4,202,159a60c592ea1b42,403,1
sqli,search,4,203,bf3b86419ea7be9e,403,1
sqli,search,4,204,efdedd82d100580d,403,1
sqli,search,4,205,7149a787219ea2b2,403,1
sqli,search,4,206,a8cf2247d718f692,403,1
sqli,search,4,207,aeaeb2067b2fbb02,403,1
sqli,search,4,208,ecb15439ab57fe8d,403,1
sqli,search,4,209,56587a1f883bbba4,403,1
sqli,search,4,210,e87a9d554cb48055,403,1
sqli,search,4,211,35ae3223b780e039,403,1
sqli,search,4,212,f98bc11d68cde105,403,1
sqli,search,4,213,5557438893add2ef,403,1
sqli,search,4,214,c92860b93832ebb5,403,1
sqli,search,4,215,44e8433ead42a11b,403,1
sqli,search,4,216,b643e4ef66d553b8,403,1
sqli,search,4,217,6876bf7d2d9c8a72,403,1
sqli,search,4,218,baa6fe4f0f4d4811,403,1
sqli,search,4,219,b317ef17a5710fb0,403,1
sqli,search,4,220,067b95b1abd42ff8,403,1
sqli,search,4,221,4709cb46690e8fb8,403,1
sqli,search,4,222,2ca15756e7887e14,403,1
sqli,search,4,223,c5a26f53cfec730a,403,1
sqli,search,4,224,a5b70784df65cf5e,403,1
sqli,search,4,225,43d0e830d008f590,403,1
sqli,search,4,226,f47fec01ae0fe39c,403,1
sqli,search,4,227,a739cf18512edc13,403,1
sqli,search,4,228,49e5c7758305a55d,403,1
sqli,search,4,229,317158995ba5d8ec,403,1
sqli,search,4,230,c80d2486cdfc6163,403,1
sqli,search,4,231,64ff4208e08ebbdf,403,1
sqli,search,4,232,d1ff8a4e306a1728,403,1
sqli,search,4,233,b374da229e155228,403,1
sqli,search,4,234,106a15e9a97a545a,403,1
sqli,search,4,235,e94691fe5d79ed7a,403,1
sqli,search,4,236,c13d32a1b6ee22c0,403,1
sqli,search,4,237,b58d67fafb92fe2d,403,1
sqli,search,4,238,08020201b91beabf,403,1
sqli,search,4,239,85b0339b2d22b04a,403,1
sqli,search,4,240,f5d3737c77e8ac0d,403,1
sqli,search,4,241,2b585f3d6ac16274,403,1
sqli,search,4,242,679e4cfd11cb576d,403,1
sqli,search,4,243,a60426193a282f70,403,1
sqli,search,4,244,a8b5001311aa0914,403,1
sqli,search,4,245,b72d9c0491c170f5,403,1
sqli,search,4,246,b17aefc06597376d,403,1
sqli,search,4,247,66e157abe135d462,403,1
sqli,search,4,248,de48bc5c77bc9cce,403,1
sqli,search,4,249,443a648b729f7fcb,403,1
sqli,search,4,250,938b7d6c11932580,403,1
sqli,search,4,251,67d86af602c0db8f,403,1
sqli,search,4,252,29aae2f72300d41a,403,1
sqli,search,4,253,f3904996f019140e,403,1
sqli,search,4,254,50446841dd4ea269,403,1
sqli,search,4,255,458ec5fcb241576e,403,1
sqli,search,4,256,5dfdf67ed54e3197,403,1
sqli,search,4,257,9106cfc62d902c81,403,1
sqli,search,4,258,89732009dce1d1c1,403,1
sqli,search,4,259,f6b5a94200cea966,403,1
sqli,search,4,260,8e5f057b89f605c0,403,1
sqli,search,4,261,c92ce113e63fda7a,403,1
sqli,search,4,262,775222d3137732e8,403,1
sqli,search,4,263,5aa4c7b94de951de,403,1
sqli,search,4,264,79e4d0922d200cfa,403,1
sqli,search,4,265,d4f8d8dcdb6bc14f,403,1
sqli,search,4,266,3bfdb144c2ae003e,403,1
sqli,search,4,267,4d668e9cf0b4fdd0,403,1
sqli,search,4,268,6a62049fb6271078,403,1
sqli,search,4,269,a708049886b0b53c,403,1
sqli,search,4,270,a6ea153f5c665629,403,1
sqli,search,4,271,2c68960cf49f6046,403,1
sqli,search,4,272,ba55ca27b647a674,403,1
sqli,search,4,273,fe42c969b29c25b0,403,1
sqli,search,4,274,a40773f762ff76d6,403,1
sqli,search,4,275,36b36cb37df79dce,403,1
sqli,search,4,276,df36423d3d08d9aa,403,1
sqli,search,4,277,239c97a2f77061c0,403,1
sqli,search,4,278,a8af2ce78719a988,403,1
sqli,search,4,279,e19e92ee7f5038d8,403,1
sqli,search,4,280,92be28851f73ad12,403,1
sqli,search,4,281,a076ae8ed8ae78c3,403,1
sqli,search,4,282,7f088b75881c4e98,403,1
sqli,search,4,283,b48466e654d5cf69,403,1
sqli,search,4,284,00c99ff38dc1aea7,403,1
sqli,search,4,285,8603be87b64014eb,403,1
sqli,search,4,286,8ecb236db358b2a0,403,1
sqli,search,4,287,54b5054f5ccfadf8,403,1
sqli,search,4,288,c783a21c2879249d,403,1
sqli,search,4,289,21b2798c7ccf6a0b,403,1
sqli,search,4,290,6f2d0804118f10c2,403,1
sqli,search,4,291,03ba9fdd601202ed,403,1
sqli,search,4,292,901059c0304271b6,403,1
sqli,search,4,293,f0600b34ed7acf88,403,1
sqli,search,4,294,5dc1cec2b3fcd5c2,403,1
sqli,search,4,295,a9a15fb5516df8dc,403,1
sqli,search,4,296,eb1d72d51485b0ae,403,1
sqli,search,4,297,00b1c2bbb5cb470c,403,1
sqli,search,4,298,692b20871fe7e54a,403,1
sqli,search,4,299,c88598e997e88364,403,1
sqli,search,4,300,b941777b9bb0a8f1,403,1
sqli,search,4,301,0664b3e8696fc045,403,1
sqli,search,4,302,00d6947a35141de4,403,1
sqli,search,4,303,d1e33f6e855af01a,403,1
sqli,search,4,304,c43909ad787fd299,403,1
sqli,search,4,305,23d008c81303db2a,403,1
sqli,search,4,306,fe4d5c9e6df8352f,403,1
sqli,search,4,307,ecd27f871b047f32,403,1
sqli,search,4,308,f25aeeb8f7474d01,403,1
sqli,search,4,309,ba483c96602b4fc7,403,1
sqli,search,4,310,4b1ac70437c4c7ad,403,1
sqli,search,4,311,c382b6cba8ac9186,403,1
sqli,search,4,312,9fb2a73b7eaba897,403,1
sqli,search,4,313,d947a1bceb007c75,403,1
sqli,search,4,314,acb852e730417618,403,1
sqli,search,4,315,938fb85504c97ea1,403,1
sqli,search,4,316,518a2c96ab8ad2fc,403,1
sqli,search,4,317,cbdb8dec9f12c31a,403,1
sqli,search,4,318,40b8b70ce1b87e98,403,1
sqli,search,4,319,b1fc80fb346ae327,403,1
sqli,search,4,320,65c4be3a03088dc6,403,1
sqli,search,4,321,ee15f2eb90d7bd01,403,1
sqli,search,4,322,077eb23327c41a84,403,1
sqli,search,4,323,9386d78a0178048c,403,1
sqli,search,4,324,9f4a7454dc47c872,403,1
sqli,search,4,325,de64d4a1d4d245d7,403,1
sqli,search,4,326,2ca15756e7887e14,403,1
sqli,search,4,327,1bcee97e5f08f9a8,403,1
sqli,search,4,328,d9c2d47a4bd7b3b1,403,1
sqli,search,4,329,0041730b2f0b7830,403,1
sqli,search,4,330,6797ec0dfffd3964,403,1
sqli,search,4,331,d4abb21e4b60e583,403,1
sqli,search,4,332,1ed08c8ed521ba9e,403,1
sqli,search,4,333,f1a141a965533369,403,1
sqli,search,4,334,5fece4538e198b59,403,1
sqli,search,4,335,26278918d9ef2ed4,403,1
sqli,search,4,336,31b8b51a5a0a9d73,403,1
sqli,search,4,337,671eefcd8b3c23b3,403,1
sqli,search,4,338,42c603c706a10c8e,403,1
sqli,search,4,339,6257b262d32fd7d3,403,1
sqli,search,4,340,0436d4b20a92e6f7,403,1
sqli,search,4,341,ee9db57b7116cda9,403,1
sqli,search,4,342,e2ad3c2580ce9ffc,403,1
sqli,search,4,343,2328aec3e90aa6c8,403,1
sqli,search,4,344,0db5af7aeb49f817,403,1
sqli,search,4,345,0799e8c268003227,403,1
sqli,search,4,346,4d2a5510e95638bf,403,1
sqli,search,4,347,f1920b34d235f451,403,1
sqli,search,4,348,b699c7eb8ccf9e73,403,1
sqli,search,4,349,3139d867c902971d,403,1
sqli,search,4,350,99a668467e24a1ab,403,1
sqli,search,4,351,e131a72747c3059c,403,1
sqli,search,4,352,f14324e2040b5dd7,403,1
sqli,search,4,353,5447cd32302b38c8,403,1
sqli,search,4,354,a940c0a931f39877,403,1
sqli,search,4,355,efdd999fa7621cd7,403,1
sqli,search,4,356,ef2354e6b433cb1a,403,1
sqli,search,4,357,dc31fa0fe3cefff9,403,1
sqli,search,4,358,633cea3b9b1bf322,403,1
sqli,search,4,359,81bcfe1cf0494cdb,403,1
sqli,search,4,360,25ada62d1d510e78,403,1
sqli,search,4,361,3f5e4f221258aee4,403,1
sqli,search,4,362,83324ad515982b44,403,1
sqli,search,4,363,f6cac58c8499c1e8,403,1
sqli,search,4,364,a9d46f4870d6a26f,403,1
sqli,search,4,365,380f1e197b6399e0,403,1
sqli,search,4,366,c68e1e6879349d2a,403,1
sqli,search,4,367,d4fa90c8c0426d2b,403,1
sqli,search,4,368,e3dd8fe2f6b568b3,403,1
sqli,search,4,369,2c8f337980fe8889,403,1
sqli,search,4,370,56853331b92533d4,403,1
sqli,search,4,371,c1d93f009046af35,403,1
sqli,search,4,372,d1255f72103bc682,403,1
sqli,search,4,373,f2c9537bb370896c,403,1
sqli,search,4,374,5ab8cfeeec7b7d73,403,1
sqli,search,4,375,996f696d7ff8476d,403,1
sqli,search,4,376,f4c1f87cec5e5686,403,1
sqli,search,4,377,2eb1bb51ec245080,403,1
sqli,search,4,378,84316656e2e4efa5,403,1
sqli,search,4,379,bed5353c921bde68,403,1
sqli,search,4,380,d127927a2f306ecf,403,1
sqli,search,4,381,bf75c6e294d83e74,403,1
sqli,search,4,382,a76537f75f9cfcd7,403,1
sqli,search,4,383,b36a337b48e4a2ef,403,1
sqli,search,4,384,99f3cadd6fb97ffb,403,1
sqli,search,4,385,4666595b859514a0,403,1
sqli,search,4,386,d35d1fd938007ad1,403,1
sqli,search,4,387,fc24ce6e5a6fe102,403,1
sqli,search,4,388,8940d53da79dc09a,403,1
sqli,search,4,389,0e61a8394950c5c9,403,1
sqli,search,4,390,7cc5d15d94ef4bfd,403,1
sqli,search,4,391,87a2634717523f29,403,1
sqli,search,4,392,239c97a2f77061c0,403,1
sqli,search,4,393,ea4b773c1b09c306,403,1
sqli,search,4,394,ce4e689db3a08bc1,403,1
sqli,search,4,395,efe8f07ec251e96a,403,1
sqli,search,4,396,ef53395d32ade76a,403,1
sqli,search,4,397,aa9c151075a7f61b,403,1
sqli,search,4,398,36514b85efa9d70d,403,1
sqli,search,4,399,a1c246171b68f8b2,403,1
sqli,search,4,400,f8046bf1348c05d5,403,1
sqli,search,4,401,b7fdde60ce791a65,403,1
sqli,search,4,402,ab6bb3c595f11850,403,1
sqli,search,4,403,d981a0a0e3003a31,403,1
sqli,search,4,404,760ef2fd3d612cc7,403,1
sqli,search,4,405,46c3952f5571128e,403,1
sqli,search,4,406,a7ff2eb0f59dcb94,403,1
sqli,search,4,407,b00f37e585eef22e,403,1
sqli,search,4,408,5552fb8b866cd585,403,1
sqli,search,4,409,877ece20b3030de5,403,1
sqli,search,4,410,5c096717ed1ea6d9,403,1
sqli,search,4,411,43913a1bde7c7be8,403,1
sqli,search,4,412,f1d88569ead1df97,403,1
sqli,search,4,413,da35950919132424,403,1
sqli,search,4,414,86125f347b1b3a13,403,1
sqli,search,4,415,65c4be3a03088dc6,403,1
sqli,search,4,416,141f41282b5abd95,403,1
sqli,search,4,417,a1704fd0eef819ff,403,1
sqli,search,4,418,abb6bac2d5b43dfe,403,1
sqli,search,4,419,f5604a955eb37a45,403,1
sqli,search,4,420,cda6e5bc998da1c8,403,1
sqli,search,4,421,220730c742e340a7,403,1
sqli,search,4,422,04a99252162fcc05,403,1
sqli,search,4,423,2b59d436e77cebb2,403,1
sqli,search,4,424,898c6c5ee20c5f90,403,1
sqli,search,4,425,43fed797e7dfc4cb,403,1
sqli,search,4,426,adfd759f34fc200d,403,1
sqli,search,4,427,8454d4ce6898663e,403,1
sqli,search,4,428,38ed288ce3ac90c0,403,1
sqli,search,4,429,d226cd2ba88497d0,403,1
sqli,search,4,430,7dec288c967814fe,403,1
sqli,search,4,431,b1fc80fb346ae327,403,1
sqli,search,4,432,4f55dbf94e4bd41f,403,1
sqli,search,4,433,463641fc4f79a299,403,1
sqli,search,4,434,2bdd8a6881505afd,403,1
sqli,search,4,435,d598d63d144015cb,403,1
sqli,search,4,436,6beb9d5f200f6662,403,1
sqli,search,4,437,828c41e650c97e42,403,1
sqli,search,4,438,83325ddd626686b7,403,1
sqli,search,4,439,950fc18066bbcc28,403,1
sqli,search,4,440,9e71f5e0dd12b018,403,1
sqli,search,4,441,9f6a5ce4207bf465,403,1
sqli,search,4,442,8fc4dc25991339e6,403,1
sqli,search,4,443,4d164eae4dcbb158,403,1
sqli,search,4,444,c769da831ed2fe82,403,1
sqli,search,4,445,82d80bbaabbf2501,403,1
sqli,search,4,446,a9ef0d5435f437bd,403,1
sqli,search,4,447,1f70eaf1f0b7921b,403,1
sqli,search,4,448,d318014fe01cb029,403,1
sqli,search,4,449,ccad18abb30cd9b5,403,1
sqli,search,4,450,f0786e59798872ec,403,1
sqli,search,4,451,e7d0ca8be44fc1ac,403,1
sqli,search,4,452,7db194eedb8f897d,403,1
sqli,search,4,453,eed190ec07d1ce53,403,1
sqli,search,4,454,8d8b1993709b8a5a,403,1
sqli,search,4,455,fb073ad24494a35d,403,1
sqli,search,4,456,29a4e2bc7e2bc77b,403,1
sqli,search,4,457,eb6cc566f23aaba5,403,1
sqli,search,5,0,f63586a805cc1c91,403,1
sqli,search,5,1,3b5a151906e4c4d0,403,1
sqli,search,5,2,ee0a7b7f473c66e0,403,1
sqli,search,5,3,3c95396e0966aa3c,403,1
sqli,search,5,4,93a3dbcd16ff6339,403,1
sqli,search,5,5,bcafb173a905bd63,403,1
sqli,search,5,6,a524d1ee5cd0c7da,403,1
sqli,search,5,7,67ea541c46abdaf9,403,1
sqli,search,5,8,7e4116abca03247b,403,1
sqli,search,5,9,e778dd4b20be6fa7,403,1
sqli,search,5,10,2f20e4aa57149acd,403,1
sqli,search,5,11,3f378443ab8b7109,403,1
sqli,search,5,12,084bb4af2d7103a8,403,1
sqli,search,5,13,8a62343aeede641d,403,1
sqli,search,5,14,1b2606e59740f660,403,1
sqli,search,5,15,b7c80c70644d2797,403,1
sqli,search,5,16,952000de50dbce34,403,1
sqli,search,5,17,50f633873bc8d58b,403,1
sqli,search,5,18,1238d9867525d86c,403,1
sqli,search,5,19,6e676d29ea5bf15f,403,1
sqli,search,5,20,58661a7689264286,403,1
sqli,search,5,21,87bdb277246a277d,200,0
sqli,search,5,22,4d67830ca89d7d56,403,1
sqli,search,5,23,0831f039f07b6786,403,1
sqli,search,5,24,6e4caa3c7f9e395f,403,1
sqli,search,5,25,9b2310f3b64f4235,403,1
sqli,search,5,26,af3287f69fa4be63,403,1
sqli,search,5,27,7156dd0cd2ef3bec,403,1
sqli,search,5,28,5509bf29325b6b41,403,1
sqli,search,5,29,9c8884a43e273491,403,1
sqli,search,5,30,495a986292e5b7eb,403,1
sqli,search,5,31,24f2fe3fb01b9f56,403,1
sqli,search,5,32,84d6d424cbcfa85a,403,1
sqli,search,5,33,19ccd52b35da989f,403,1
sqli,search,5,34,2e4274c58e059d42,403,1
sqli,search,5,35,b0553566567bb81b,403,1
sqli,search,5,36,8e3a2a74ef183610,403,1
sqli,search,5,37,9960b46824438706,403,1
sqli,search,5,38,a504f8ccfc1649ab,403,1
sqli,search,5,39,f20db7895e7febc5,403,1
sqli,search,5,40,6cd26f598c9f32fa,403,1
sqli,search,5,41,c1699fd8c983a425,403,1
sqli,search,5,42,88c562581f41e828,403,1
sqli,search,5,43,e8f78b0e018e66f2,403,1
sqli,search,5,44,2b2599703a0cb361,403,1
sqli,search,5,45,f353248bb1d60674,403,1
sqli,search,5,46,ebf63dc336649c12,403,1
sqli,search,5,47,e1bf09bb66b28bf8,403,1
sqli,search,5,48,e7d6b5e9837617d4,403,1
sqli,search,5,49,c5c0916c5b23eae8,403,1
sqli,search,5,50,b63bd279eea4cd2e,403,1
sqli,search,5,51,291033bddac50977,403,1
sqli,search,5,52,f0507209329ad43a,403,1
sqli,search,5,53,a3315df9f91e4813,403,1
sqli,search,5,54,b9893155d1cfe31e,403,1
sqli,search,5,55,c8674e302026a9a9,403,1
sqli,search,5,56,d5bd0920c50fa53b,403,1
sqli,search,5,57,36720179351d74f2,403,1
sqli,search,5,58,a87da2c9e786d0e6,403,1
sqli,search,5,59,023ff7ec1667da1b,403,1
sqli,search,5,60,f35680d850ef424d,403,1
sqli,search,5,61,42b08f3390718372,403,1
sqli,search,5,62,a465e1f694a6fbac,403,1
sqli,search,5,63,7c0c05c837208b46,403,1
sqli,search,5,64,e1616f4d033b471f,403,1
sqli,search,5,65,bb9d4472656737c4,403,1
sqli,search,5,66,b3b9693b4d2ca3a3,403,1
sqli,search,5,67,ec8bba459d29701a,403,1
sqli,search,5,68,3fb9a58b2705071a,403,1
sqli,search,5,69,07a5c52c2dd594f7,403,1
sqli,search,5,70,220645878ffa9e04,403,1
sqli,search,5,71,9dd2bcb252520dc3,403,1
sqli,search,5,72,aaf45811bc94197b,403,1
sqli,search,5,73,ee99ea57d05f64e3,403,1
sqli,search,5,74,b03e96a4648d25ba,403,1
sqli,search,5,75,dc1f6abb3facc678,403,1
sqli,search,5,76,306cfe762bdd42e9,403,1
sqli,search,5,77,20d67ffef8eb035c,403,1
sqli,search,5,78,84b385de2f0054f9,403,1
sqli,search,5,79,0ac02cd60ee3cc48,403,1
sqli,search,5,80,07fc83dcd320902a,403,1
sqli,search,5,81,eced66e223aa14a5,403,1
sqli,search,5,82,333e04d9687a0126,403,1
sqli,search,5,83,12f2040e1023a9f7,403,1
sqli,search,5,84,b4c181b38a18d0a3,403,1
sqli,search,5,85,1a4ed9f6e7a2dcfd,403,1
sqli,search,5,86,28f4175e2d643993,403,1
sqli,search,5,87,9c71373e52bc1363,403,1
sqli,search,5,88,2b9081950b8f0b51,200,0
sqli,search,5,89,3f8f96c1f2ec164a,403,1
sqli,search,5,90,5be5e5f8f031694b,403,1
sqli,search,5,91,403b6fc5f17b4bde,403,1
sqli,search,5,92,ca747d45b07e9a4e,403,1
sqli,search,5,93,e1fa55e095503ee9,403,1
sqli,search,5,94,376f9e2d80d8e55b,403,1
sqli,search,5,95,bf99e66d264c3f5b,403,1
sqli,search,5,96,f880b883ac8daf1e,403,1
sqli,search,5,97,a248b428b29f9810,403,1
sqli,search,5,98,0440a50c11120439,403,1
sqli,search,5,99,921b29a4fe444e55,403,1
sqli,search,5,100,6b692b5d8455b0df,403,1
sqli,search,5,101,67baaa6db000d94d,403,1
sqli,search,5,102,1c7e18c056c119da,403,1
sqli,search,5,103,4a96c2b9bc5def1d,403,1
sqli,search,5,104,77f8f696e06a6da0,403,1
sqli,search,5,105,e480400396fb365d,403,1
sqli,search,5,106,b2c37145a60fffdc,403,1
sqli,search,5,107,f186407719429b56,403,1
sqli,search,5,108,37b5867f6c26bbe8,403,1
sqli,search,5,109,33075e02534d536c,403,1
sqli,search,5,110,9b0c67841354c6c4,403,1
sqli,search,5,111,9223b4c1fe51ad83,403,1
sqli,search,5,112,a6de02a14fa6aeb5,403,1
sqli,search,5,113,6f41a6c529285fc6,403,1
sqli,search,5,114,1a2fcdb39a41b006,403,1
sqli,search,5,115,ec4b2260a3773a0f,403,1
sqli,search,5,116,bafc25105c6f578e,403,1
sqli,search,5,117,ef74738a019adb51,403,1
sqli,search,5,118,348f01e740e44b53,403,1
sqli,search,5,119,7956812105cbc2ff,403,1
sqli,search,5,120,9ade6a761a2a0bd0,403,1
sqli,search,5,121,43d7fdcf000e94b6,403,1
sqli,search,5,122,1d910cd5cf02d287,403,1
sqli,search,5,123,b5d929070697c6bc,403,1
sqli,search,5,124,f2822fd0bed8c951,403,1
sqli,search,5,125,554a5303649b14a1,403,1
sqli,search,5,126,77b3dbdb20173158,403,1
sqli,search,5,127,f798cc2389d2f72e,403,1
sqli,search,5,128,386cdbac032841e2,403,1
sqli,search,5,129,423929045502146c,403,1
sqli,search,5,130,d8e8fdfbe838ff80,403,1
sqli,search,5,131,7083ebf37a04e949,403,1
sqli,search,5,132,d9738b35b040ff44,403,1
sqli,search,5,133,c97a5311e575abf7,403,1
sqli,search,5,134,549509fd94e12c56,403,1
sqli,search,5,135,b6f6b0f6c4d7bbc0,403,1
sqli,search,5,136,202036743db6d003,403,1
sqli,search,5,137,cf611a4b25297c3e,403,1
sqli,search,5,138,b2ad7017570fe2eb,403,1
sqli,search,5,139,802dcfa2224fbc46,200,0
sqli,search,5,140,449aae71f357c498,403,1
sqli,search,5,141,8c75310adddf1520,403,1
sqli,search,5,142,2507514dd018a885,403,1
sqli,search,5,143,1e1cca8a994576b9,403,1
sqli,search,5,144,11c68c870c0b766f,403,1
sqli,search,5,145,1eb7f23d0083ba58,403,1
sqli,search,5,146,83bc073fabb2d89a,403,1
sqli,search,5,147,e4e7e73841a4af82,403,1
sqli,search,5,148,a9bb122921b6486c,403,1
sqli,search,5,149,c53eecbed8e87ad4,403,1
sqli,search,5,150,71194fcde9987091,403,1
sqli,search,5,151,3642c2d806ad0f9c,403,1
sqli,search,5,152,8312e3eb525cd333,403,1
sqli,search,5,153,4589909fd3fcfe82,403,1
sqli,search,5,154,43d8b2f1a057f116,403,1
sqli,search,5,155,9565427994a6b95e,403,1
sqli,search,5,156,b2bfd74399269a9b,403,1
sqli,search,5,157,88c2e21f9d51452e,403,1
sqli,search,5,158,2a18ea38bde8bb77,403,1
sqli,search,5,159,e21924633526199e,403,1
sqli,search,5,160,ebb86d83f2e9b156,403,1
sqli,search,5,161,33f9edeb438be7e5,403,1
sqli,search,5,162,487d83eb9d14cb06,403,1
sqli,search,5,163,50151f0bc59d51ce,403,1
sqli,search,5,164,5edead66ce2ee233,403,1
sqli,search,5,165,8f1221548d4c1c81,403,1
sqli,search,5,166,f36e347879c32528,403,1
sqli,search,5,167,6a15b6ad0f1daeca,403,1
sqli,search,5,168,2785d9ff279aaefb,403,1
sqli,search,5,169,206de775205ace5e,403,1
sqli,search,5,170,2a2cf382fa289a67,403,1
sqli,search,5,171,c287a0ef10c43774,403,1
sqli,search,5,172,fe018bae9fa8f51a,403,1
sqli,search,5,173,3618eb6506f8b6d1,403,1
sqli,search,5,174,8e7b775d540e8735,403,1
sqli,search,5,175,e256be6b399091fe,403,1
sqli,search,5,176,9bc13f9ae247a46a,403,1
sqli,search,5,177,2e44da6cbbbe65ec,403,1
sqli,search,5,178,0f3ae2fbe09b448e,403,1
sqli,search,5,179,98464398f98b8d50,403,1
sqli,search,5,180,9599ad4f2dedad37,403,1
sqli,search,5,181,8100dffe39f8c687,403,1
sqli,search,5,182,a3ff6bd257a0e5ba,403,1
sqli,search,5,183,73d3e1188894c45e,403,1
sqli,search,5,184,bc97575b4d1f8085,403,1
sqli,search,5,185,db4da51729c39ea7,403,1
sqli,search,5,186,0f81ec56f695006d,403,1
sqli,search,5,187,58c25e22a1fc49e4,403,1
sqli,search,5,188,2f4ddb8d2e7eaf17,403,1
sqli,search,5,189,b4ce30fd070464be,403,1
sqli,search,5,190,f670f3fde1e54eae,403,1
sqli,search,5,191,24714ad1f12898e0,403,1
sqli,search,5,192,14ec70332ff1d0dd,403,1
sqli,search,5,193,d6d5045db1905f02,403,1
sqli,search,5,194,d510cec44bf3b319,403,1
sqli,search,5,195,b86d94bc243f6ada,403,1
sqli,search,5,196,dcb823adc7392e43,403,1
sqli,search,5,197,77de1d0241d6668d,403,1
sqli,search,5,198,45e4e95c3f1a4954,403,1
sqli,search,5,199,7fa3a852c9cbf121,403,1
sqli,search,5,200,9d5eb5728a013990,403,1
sqli,search,5,201,068d27b724aa7cbd,403,1
sqli,search,5,202,6f488821f8575494,403,1
sqli,search,5,203,95b2dd5e61b75f6b,403,1
sqli,search,5,204,13117f26a35c1a18,403,1
sqli,search,5,205,7d52d0ef80620e6b,403,1
sqli,search,5,206,29a1079338b43250,403,1
sqli,search,5,207,003f01ad2468b430,403,1
sqli,search,5,208,74557107741ab63f,403,1
sqli,search,5,209,22e716567c5f298b,403,1
sqli,search,5,210,8ca8e10115441bcf,403,1
sqli,search,5,211,492a143734c1de5f,403,1
sqli,search,5,212,79f55303bbd4f0da,403,1
sqli,search,5,213,07ca71b5ce9cd9cc,403,1
sqli,search,5,214,259113f10a7c5210,403,1
sqli,search,5,215,8ba22321f1b489a8,403,1
sqli,search,5,216,0d5e94aa675fac89,403,1
sqli,search,5,217,50ceb624984d09cd,403,1
sqli,search,5,218,855a877c06025446,403,1
sqli,search,5,219,1978e1258bd71167,403,1
sqli,search,5,220,f24128e997cd48c3,403,1
sqli,search,5,221,69a144d78bf443a0,403,1
sqli,search,5,222,1d36e5aa1d94aa43,403,1
sqli,search,5,223,fb54124ff0b8942f,403,1
sqli,search,5,224,26559954c2a2f755,403,1
sqli,search,5,225,ac6a1f169ccbee15,403,1
sqli,search,5,226,8b2185e53ba50648,403,1
sqli,search,5,227,66578dca978fe99f,403,1
sqli,search,5,228,af8053333d064314,403,1
sqli,search,5,229,caa085bfc9a3ca53,403,1
sqli,search,5,230,2e4035277b9eaff8,403,1
sqli,search,5,231,540a62f144277f2e,403,1
sqli,search,5,232,4c584d8dbf946a2e,403,1
sqli,search,5,233,a5f912c6d10d6ec9,403,1
sqli,search,5,234,99b5f6af1d8177b4,403,1
sqli,search,5,235,052178011789acdc,403,1
sqli,search,5,236,ff80b82771e306ef,403,1
sqli,search,5,237,4726a4b0c537b792,403,1
sqli,search,5,238,b3c4267394e1f4dd,403,1
sqli,search,5,239,f69ebf02e2975bc4,403,1
sqli,search,5,240,7e1c3f66b464146e,403,1
sqli,search,5,241,14f63b5b4e56c4f1,403,1
sqli,search,5,242,3f0a5f6f0704a838,403,1
sqli,search,5,243,ad8ee16d39ed82a6,403,1
sqli,search,5,244,23632113bb732229,403,1
sqli,search,5,245,7c93f9c38c78ca3e,403,1
sqli,search,5,246,22535440b66bb176,403,1
sqli,search,5,247,c1f9a96937ecba69,403,1
sqli,search,5,248,89d7efc05c8c1cad,403,1
sqli,search,5,249,6fd737eb09010914,403,1
sqli,search,5,250,9c615ad67e5e1df6,403,1
sqli,search,5,251,ab51e138545c4c83,403,1
sqli,search,5,252,480bb2e8444f94e8,403,1
sqli,search,5,253,14d03c0491f2e0e0,403,1
sqli,search,5,254,2757f535e1e28891,403,1
sqli,search,5,255,29140d5282dfd8fd,403,1
sqli,search,5,256,8cdf7031e612d660,403,1
sqli,search,5,257,7e43e79d0a520004,403,1
sqli,search,5,258,a0d6066a1a3ced8a,403,1
sqli,search,5,259,1a0af7e07f39d3c7,403,1
sqli,search,5,260,1d774328056fe987,403,1
sqli,search,5,261,dfbc0ce041dabee6,403,1
sqli,search,5,262,fe86144c41a724c9,403,1
sqli,search,5,263,5ef6217afd58bc75,403,1
sqli,search,5,264,72bdc38924193df8,403,1
sqli,search,5,265,f2cbf71ae3ed5117,403,1
sqli,search,5,266,9edfd8d816a07fe0,403,1
sqli,search,5,267,f3519e9dd018d095,403,1
sqli,search,5,268,2cc0de7a59d585a1,403,1
sqli,search,5,269,5636a92034bca070,403,1
sqli,search,5,270,422a2d3a773fe3ca,403,1
sqli,search,5,271,e57a2634f5971652,403,1
sqli,search,5,272,35ea18d15ff56755,403,1
sqli,search,5,273,23901a4eda1726b0,403,1
sqli,search,5,274,98819c71b3de57c0,403,1
sqli,search,5,275,d468bb7b5a3e817c,403,1
sqli,search,5,276,1bcc10e335edcb51,403,1
sqli,search,5,277,62bb91043f1b5b07,403,1
sqli,search,5,278,3559f9ee6f8db462,403,1
sqli,search,5,279,bb535d1716669269,403,1
sqli,search,5,280,cc14ecec054f8482,403,1
sqli,search,5,281,dc32ae5a2c965036,403,1
sqli,search,5,282,58567fdeeea3236a,403,1
sqli,search,5,283,a2d5677bc11e5f01,403,1
sqli,search,5,284,fb353e575a5cb6ff,403,1
sqli,search,5,285,ccfe1b25a8a4c3ce,403,1
sqli,search,5,286,bcb1c4d8a0a31d1f,403,1
sqli,search,5,287,6cda2854d05a8760,403,1
sqli,search,5,288,42c8389ac25550fb,403,1
sqli,search,5,289,e1ce6c995bba9599,403,1
sqli,search,5,290,507efe8e9877cff9,403,1
sqli,search,5,291,e66090978e6880e8,403,1
sqli,search,5,292,a098f5b3745ff22f,403,1
sqli,search,5,293,9ccc2996885fe920,403,1
sqli,search,5,294,318aa6928f497369,403,1
sqli,search,5,295,f9b12c22f3a44f6d,403,1
sqli,search,5,296,070d2b35a610380c,403,1
sqli,search,5,297,8d52e229ba8f396c,403,1
sqli,search,5,298,2d9cf1cdc6f2dd1a,403,1
sqli,search,5,299,ead735daa800b6bd,403,1
sqli,search,5,300,a0631c08bdc5636a,403,1
sqli,search,5,301,6d50b6afa66d9b5a,403,1
sqli,search,5,302,9209c45b569160d4,403,1
sqli,search,5,303,86c912814eda5176,403,1
sqli,search,5,304,e9ffb3d8a842ff84,403,1
sqli,search,5,305,f0f9b8f775cc473e,403,1
sqli,search,5,306,1413aa764325e769,403,1
sqli,search,5,307,e868052290b9c3e8,403,1
sqli,search,5,308,a812c0d39a94b231,403,1
sqli,search,5,309,3a2f6bc4e2594d5d,403,1
sqli,search,5,310,a51a182db346997c,403,1
sqli,search,5,311,d7c31f66d9a18b98,403,1
sqli,search,5,312,128c75d46c1af034,403,1
sqli,search,5,313,e2be6b8ffb654b1f,403,1
sqli,search,5,314,04b27ddf846a5b24,403,1
sqli,search,5,315,02549a921fa2851c,403,1
sqli,search,5,316,557cde6aab591586,403,1
sqli,search,5,317,87e8ef33382a56c1,403,1
sqli,search,5,318,7a686e3f69ec3e18,403,1
sqli,search,5,319,b35e45bb07c8b9f1,403,1
sqli,search,5,320,0a736c1507912704,403,1
sqli,search,5,321,6b298716b3627cd6,403,1
sqli,search,5,322,7f6c2d949932b064,403,1
sqli,search,5,323,dbf56110985432df,403,1
sqli,search,5,324,cb6e6d45508140ba,403,1
sqli,search,5,325,f4d305257226b074,403,1
sqli,search,5,326,728124d391077a2a,403,1
sqli,search,5,327,f6fe3f44968bdfd2,403,1
sqli,search,5,328,ef0ef74b633fc53b,403,1
sqli,search,5,329,b28957ba28798a28,403,1
sqli,search,5,330,9168068951073351,403,1
sqli,search,5,331,106d8c6544411252,403,1
sqli,search,5,332,874bb46d0c5727ef,403,1
sqli,search,5,333,a4df37b4fb403ecb,403,1
sqli,search,5,334,4afa254fa312a0b1,403,1
sqli,search,5,335,9e0b0aff74bb20dd,403,1
sqli,search,5,336,5891a78409b2d419,403,1
sqli,search,5,337,1d767d9f60a968b5,403,1
sqli,search,5,338,a843714e1a73369c,403,1
sqli,search,5,339,e1589f3557298f4c,403,1
sqli,search,5,340,041fe61c49221cbc,403,1
sqli,search,5,341,48755a5e2444da56,403,1
sqli,search,5,342,0bce62d96b62a18a,403,1
sqli,search,5,343,bb6402255cb3f330,403,1
sqli,search,5,344,b1447f332ecd4129,403,1
sqli,search,5,345,d263479823ad544f,403,1
sqli,search,5,346,ee77301f26fe4059,403,1
sqli,search,5,347,69e15c7a674780f7,403,1
sqli,search,5,348,10e77cbc8c610f49,403,1
sqli,search,5,349,a4ed9c9d577c0317,403,1
sqli,search,5,350,71efc6ec7e86ad59,403,1
sqli,search,5,351,e689cb66d8b8b406,403,1
sqli,search,5,352,b79cef6475de0e59,403,1
sqli,search,5,353,bb5dd08e09e02dce,403,1
sqli,search,5,354,90d4ca14ebb79e44,403,1
sqli,search,5,355,b99993cb49c28ff6,403,1
sqli,search,5,356,b6ad6526e1940b25,403,1
sqli,search,5,357,28a27366cd6ae551,403,1
sqli,search,5,358,844f295e80355ed1,403,1
sqli,search,5,359,eb889e1dd203f5f3,403,1
sqli,search,5,360,162c7286334b3e16,403,1
sqli,search,5,361,85966340e2217f69,403,1
sqli,search,5,362,93ab94722e6ebb68,403,1
sqli,search,5,363,3f0243e9203319f8,403,1
sqli,search,5,364,a5eab71a1a18b9ec,403,1
sqli,search,5,365,89a9d99cb1c5c7f8,403,1
sqli,search,5,366,649b925fa5dfb234,403,1
sqli,search,5,367,8c222b2a062d5909,403,1
sqli,search,5,368,4dc7152e3b7a3736,403,1
sqli,search,5,369,c7118578fe015280,403,1
sqli,search,5,370,87582ad8b5bb0fc8,403,1
sqli,search,5,371,a853dfb964a4f7b5,403,1
sqli,search,5,372,a92666f0cc5cea84,403,1
sqli,search,5,373,3153817ef9840370,403,1
sqli,search,5,374,04eae2ba9cfc56d9,403,1
sqli,search,5,375,863cdc32eb550d04,403,1
sqli,search,5,376,32edc70f49b18eaf,403,1
sqli,search,5,377,26fedd183046002d,403,1
sqli,search,5,378,6f9d35f23d5035a9,403,1
sqli,search,5,379,3be5fe1f5d626fa0,403,1
sqli,search,5,380,971d7f6fb949f9d2,403,1
sqli,search,5,381,4500f67420526674,403,1
sqli,search,5,382,f099b752df00ae41,403,1
sqli,search,5,383,9bcdba90d9fe15bb,403,1
sqli,search,5,384,eea59899c3d6f54a,403,1
sqli,search,5,385,e3073b8d8615ff8c,403,1
sqli,search,5,386,f755295c1a1848d7,403,1
sqli,search,5,387,203ff6849424c2db,403,1
sqli,search,5,388,1f6d2c0fed4378f2,403,1
sqli,search,5,389,a94449cc45fe51c4,403,1
sqli,search,5,390,70a2cb93284c5de6,403,1
sqli,search,5,391,561b7163a2e78a15,403,1
sqli,search,5,392,2d5fa68e9cf1a055,403,1
sqli,search,5,393,7eb8ff532ea40c59,403,1
sqli,search,5,394,028aebe6a30f0140,403,1
sqli,search,5,395,057414670988227b,403,1
sqli,search,5,396,b44970e264ac7833,403,1
sqli,search,5,397,1ab59af30875139f,403,1
sqli,search,5,398,a1a08b6f809a66b6,403,1
sqli,search,5,399,d122180ffa4f3a08,403,1
sqli,search,5,400,890cebb3b2af8a1e,403,1
sqli,search,5,401,06d1ef53a1732e69,403,1
sqli,search,5,402,e209387e6e6503ce,403,1
sqli,search,5,403,37122f5b02339483,403,1
sqli,search,5,404,59c2eed2e2cfdd30,403,1
sqli,search,5,405,0109ebad220f14cc,403,1
sqli,search,5,406,e710cbbe47529f5d,403,1
sqli,search,5,407,99d850b148af5574,403,1
sqli,search,5,408,51c5b2161961b129,403,1
sqli,search,5,409,dee1663ae8259948,403,1
sqli,search,5,410,6c5cb15a549bb6b2,403,1
sqli,search,5,411,ba95c446a09902f3,403,1
sqli,search,5,412,3db4278443b9951e,403,1
sqli,search,5,413,e9f22fa44f84e083,403,1
sqli,search,5,414,b1655fa754c5c5de,403,1
sqli,search,5,415,c2e6d509551ac661,403,1
sqli,search,5,416,217fdcca9cb924ba,403,1
sqli,search,5,417,b2ccb530cf46c838,403,1
sqli,search,5,418,d3285f57261903a6,403,1
sqli,search,5,419,d52f3380541e7f55,403,1
sqli,search,5,420,4dfca013d92ffdf6,403,1
sqli,search,5,421,c67c1226f64d2f01,403,1
sqli,search,5,422,cfc61e3646f2af0d,403,1
sqli,search,5,423,6835b9a988212608,403,1
sqli,search,5,424,258a290cff59c157,403,1
sqli,search,5,425,697a07ee90d93381,403,1
sqli,search,5,426,b3b0296fab0293a8,403,1
sqli,search,5,427,87789654bd53defa,403,1
sqli,search,5,428,08c0db5ec7dd8a9d,403,1
sqli,search,5,429,3809324ddf34b87a,403,1
sqli,search,5,430,b7d184477621b2b8,403,1
sqli,search,5,431,9354382cddabba7b,403,1
sqli,search,5,432,9a6f5c1070795625,403,1
sqli,search,5,433,ff5258d84bea04b9,403,1
sqli,search,5,434,0452219725551d44,403,1
sqli,search,5,435,64bc940650796654,403,1
sqli,search,5,436,af88409001f853af,403,1
sqli,search,5,437,4c3fc1d78a169ca3,403,1
sqli,search,5,438,f9fb4cc13e66d77e,403,1
sqli,search,5,439,606992179a62a3a9,403,1
sqli,search,5,440,c1b63e7379b09e3e,403,1
sqli,search,5,441,7a5afa71e387d8f1,403,1
sqli,search,5,442,ca8f45d48221f529,403,1
sqli,search,5,443,59ebc6451146bd09,403,1
sqli,search,5,444,19e07e45f9338bfe,403,1
sqli,search,5,445,a9519a5b5f5b1b1a,403,1
sqli,search,5,446,96f6b475fd4212bc,403,1
sqli,search,5,447,0b570d653689e013,403,1
sqli,search,5,448,55a0adf3e3e101f3,403,1
sqli,search,5,449,e885ec8212dcb4b7,403,1
sqli,search,5,450,fcc54c35d8fd4021,403,1
sqli,search,5,451,544a8ab47d3b84a4,403,1
sqli,search,5,452,9cdee635a3c83a04,403,1
sqli,search,5,453,ac9f20eecdf53ef7,403,1
sqli,search,5,454,ea3ef16f0367c4e6,403,1
sqli,search,5,455,baa38cea3ea83e05,403,1
sqli,search,5,456,f88d9d6438bb3f20,403,1
sqli,search,5,457,5d2e7dacc8a8caf3,403,1
sqli,search,5,458,f212798706511719,403,1
sqli,search,5,459,4d59cddfebeea6e9,403,1
sqli,search,5,460,0fda57bfa169b8ab,403,1
sqli,search,5,461,2a2373c4d05bec69,403,1
sqli,search,5,462,449262c43f3b7e2d,403,1
sqli,search,5,463,ef4bd9bb6bc29e56,403,1
sqli,search,5,464,6ed57d23fb4253b4,403,1
sqli,search,5,465,9834405a6ad450ed,403,1
sqli,search,5,466,36195bfc69404426,403,1
sqli,search,5,467,a4f1aaff3e1c033d,403,1
sqli,search,5,468,77ec78f7303c5558,403,1
sqli,search,5,469,142b4b28e1ac6fcb,403,1
sqli,search,5,470,6f1acb5ce99c13e1,403,1
sqli,search,5,471,91ee0f3fc1e99f07,403,1
sqli,search,5,472,3d3765ffc5bbb3be,403,1
sqli,search,5,473,8bb91fea985da9c2,403,1
sqli,search,5,474,1d7496643de073e4,403,1
sqli,search,5,475,002a6ffba4a8ef56,403,1
sqli,search,5,476,1d9c99e7c2b2368c,403,1
sqli,search,5,477,e92e7cc315e43573,403,1
sqli,search,5,478,1c7f441912adc5b8,403,1
sqli,search,5,479,bae60ee0ccb88f6a,403,1
sqli,search,5,480,9485dc85e4b4f906,403,1
sqli,search,5,481,8c7ad2d2f619ff48,403,1
xss,calc,1,0,afab7841db280208,403,1
xss,calc,1,1,21f8e69dd91e9dbd,200,0
xss,calc,1,2,aa75bd33614d8e02,403,1
xss,calc,1,3,b310489964e3c872,403,1
xss,calc,1,4,c5f8092e53fdafab,403,1
xss,calc,1,5,8a3794d0efab7456,403,1
xss,calc,1,6,8681b4bcda7b492d,403,1
xss,calc,1,7,23e94d404eebe710,403,1
xss,calc,1,8,cf7e55b5d6a6ea5a,403,1
xss,calc,1,9,5b99d936d3aa53e8,403,1
xss,calc,1,10,166289471ae6c519,403,1
xss,calc,1,11,4be42ae7c3c4401b,403,1
xss,calc,1,12,20a3a16a116aab85,403,1
xss,calc,1,13,79f8623c1da6af67,403,1
xss,calc,1,14,638be277d0726ffb,403,1
xss,calc,1,15,56129f5d887fb56c,403,1
xss,calc,1,16,746d19039fd112f6,403,1
xss,calc,1,17,759477153bf85151,403,1
xss,calc,1,18,f6a1d112eba4d26a,403,1
xss,calc,1,19,7575ac878f28a029,403,1
xss,calc,1,20,1a89d029dc60eedc,403,1
xss,calc,1,21,c9246881c476986e,403,1
xss,calc,1,22,6c87d524ad62e814,200,0
xss,calc,1,23,acc8de4005420622,403,1
xss,calc,1,24,4e71e805c55732ac,403,1
xss,calc,1,25,5a63322049320c57,403,1
xss,calc,1,26,07c5ad946c19e618,200,0
xss,calc,1,27,70390bdb8fdc708b,200,0
xss,calc,1,28,a99fc77640b8506c,200,0
xss,calc,1,29,97b6864f4fe2a0ea,403,1
xss,calc,1,30,33a5225325edf7d1,200,0
xss,calc,1,31,ec59c46921820877,403,1
xss,calc,1,32,37d786cec515869f,200,0
xss,calc,1,33,4716ea50478dd432,403,1
xss,calc,1,34,1b3b4f477c36214a,403,1
xss,calc,1,35,3974885088873c7f,403,1
xss,calc,1,36,9cb77c6969f9e667,403,1
xss,calc,1,37,092b280de702caff,200,0
xss,calc,1,38,3ad6f67502f2925e,403,1
xss,calc,1,39,a131ee0ec0039445,403,1
xss,calc,1,40,f7c9392399ca4d91,200,0
xss,calc,1,41,0bac88bb95cd96b7,403,1
xss,calc,1,42,9579297e7e33640e,403,1
xss,calc,1,43,36241763768a7851,403,1
xss,calc,1,44,5381bd68b8813d69,200,0
xss,calc,1,45,25129ddb0d0240ee,200,0
xss,calc,1,46,19315a80f15d87f2,200,0
xss,calc,1,47,55e23c7380a3caa5,200,0
xss,calc,1,48,809bab605337181d,200,0
xss,calc,1,49,e10bb25f96640c55,200,0
xss,calc,1,50,34d17e5517399633,200,0
xss,calc,1,51,a828eb8bbfb0b0c9,403,1
xss,calc,1,52,1fb5e0819e604385,403,1
xss,calc,1,53,33f386cf273ae48f,200,0
xss,calc,1,54,acd69a38f65afc33,200,0
xss,calc,1,55,dbf0aadb82ae750b,200,0
xss,calc,1,56,f02be85cd68f096c,403,1
xss,calc,1,57,e1edbf71ae4f0727,200,0
xss,calc,1,58,26afbddadfe503fb,200,0
xss,calc,1,59,e0789ec9b4d30e39,403,1
xss,calc,1,60,afed207d7244186a,200,0
xss,calc,1,61,ee3faf770b0213e3,200,0
xss,calc,1,62,b0ee2cda907246ef,403,1
xss,calc,1,63,453832ff507a6edd,403,1
xss,calc,1,64,0538e0c49f7d136e,403,1
xss,calc,1,65,5d376d8e8a6e7c4e,403,1
xss,calc,1,66,3bc5fee8ebf03292,200,0
xss,calc,1,67,496d431a6c86b800,403,1
xss,calc,1,68,6b734cce39978faa,200,0
xss,calc,1,69,3699b588f5a66cbc,200,0
xss,calc,1,70,f279483aa8506bd2,200,0
xss,calc,1,71,3e200f33170c5d63,200,0
xss,calc,1,72,5942bba777c49823,403,1
xss,calc,1,73,8901f71e2962cd3b,403,1
xss,calc,1,74,dc57e2175bf751f5,200,0
xss,calc,1,75,9a530f2423f9e61f,200,0
xss,calc,1,76,3411f2a11de3c15e,200,0
xss,calc,1,77,272b852ce6fc1e0b,403,1
xss,calc,1,78,7d1283ed976a975c,200,0
xss,calc,1,79,93d2ac89ee95bea0,200,0
xss,calc,1,80,1886f67b3425a79b,200,0
xss,calc,1,81,855e177112ec7214,200,0
xss,calc,1,82,399fb94eb5c1e002,200,0
xss,calc,1,83,ab9824afe40a4ef4,403,1
xss,calc,1,84,c67273afe2d8c2c8,200,0
xss,calc,1,85,6d69b0cdf602b9c8,200,0
xss,calc,1,86,17f5feed29e72a20,200,0
xss,calc,1,87,8ba2a4755bb0a309,403,1
xss,calc,1,88,a310ffb46827ff64,403,1
xss,calc,1,89,b62b1ac31da5f3dd,200,0
xss,calc,1,90,54dd1c9d3e1ce84f,403,1
xss,calc,1,91,7747edd9618aba06,403,1
xss,calc,1,92,43db250126d4f1fd,403,1
xss,calc,1,93,9c02ec6ff88e05e1,200,0
xss,calc,1,94,5276f8bb94cea1e2,200,0
xss,calc,1,95,a09654bde89b4ce8,200,0
xss,calc,1,96,9edcac8758df870f,200,0
xss,calc,1,97,5ca271357fb893e0,403,1
xss,calc,1,98,006eac0d240be9c5,200,0
xss,calc,1,99,2d1320a33ce667a3,200,0
xss,calc,1,100,28f5f3d9ff925e56,200,0
xss,calc,1,101,291b5a7ef32a956c,403,1
xss,calc,1,102,3659b9776e853e08,403,1
xss,calc,1,103,417327a275c19abd,200,0
xss,calc,1,104,240e489c2f0bd10b,200,0
xss,calc,1,105,107e97564a495700,403,1
xss,calc,1,106,5a5d113a7f96ffba,200,0
xss,calc,1,107,a05454850434179b,403,1
xss,calc,1,108,7ae9df0a577d110c,200,0
xss,calc,1,109,d0be97cc3e334e14,403,1
xss,calc,1,110,7401448e8a76e042,200,0
xss,calc,1,111,a6d2fb365b0e1b4d,200,0
xss,calc,1,112,fd1a8b5bd5f99ea1,200,0
xss,calc,1,113,6fcde92bf927a142,403,1
xss,calc,1,114,c5e147194e4f76a0,200,0
xss,calc,1,115,11aa3f17b585812e,200,0
xss,calc,1,116,35cf48d388f936a6,200,0
xss,calc,1,117,33ba95a6323dd525,403,1
xss,calc,1,118,654a0fb2983c40d2,200,0
xss,calc,1,119,35378177651cd4e2,200,0
xss,calc,1,120,239fdbc8251bd620,200,0
xss,calc,1,121,de665e54a82ab769,403,1
xss,calc,1,122,c5d603f1cc298168,403,1
xss,calc,1,123,e9420900aed98dd5,403,1
xss,calc,1,124,59195979d9936bb8,403,1
xss,calc,1,125,33e6f7c1b91511f2,403,1
xss,calc,1,126,93e2c0799041305e,403,1
xss,calc,1,127,6fc219a2358f48e7,403,1
xss,calc,1,128,70ac9eb7e6095a6a,200,0
xss,calc,1,129,addaac43bdd9e7a2,403,1
xss,calc,1,130,85397abcd5ab3358,403,1
xss,calc,1,131,0d36b0e060c8f527,403,1
xss,calc,1,132,8943c400f5945987,403,1
xss,calc,1,133,8e86de05b64e359a,403,1
xss,calc,1,134,dcef10aeb6f56536,403,1
xss,calc,1,135,d9d63836ce6e569b,403,1
xss,calc,1,136,3479ac41da7885bf,403,1
xss,calc,1,137,52bcbb41b0670bc2,403,1
xss,calc,1,138,2b1a67f6a659760c,403,1
xss,calc,1,139,b368e88108fe37b8,200,0
xss,calc,1,140,a4e5dba0646df269,200,0
xss,calc,1,141,e74104ca1d618241,200,0
xss,calc,1,142,4e3817cd5f295a83,200,0
xss,calc,1,143,8e97e925329d91eb,200,0
xss,calc,1,144,76abd62cabfb60d1,403,1
xss,calc,1,145,a00c714f54bbf2d4,200,0
xss,calc,1,146,092b0f1fa855a6a3,200,0
xss,calc,1,147,bb9fa3f0a77988ba,403,1
xss,calc,1,148,4364d3bdc32c05a5,200,0
xss,calc,1,149,43321d1a42402e8a,403,1
xss,calc,1,150,60c80103a837459e,403,1
xss,calc,1,151,9bf9308371533970,200,0
xss,calc,1,152,e598082024f9d169,200,0
xss,calc,1,153,5ae2905300c90e72,200,0
xss,calc,1,154,da170d0c18b8b353,403,1
xss,calc,1,155,cf1dd5468273d8a7,403,1
xss,calc,1,156,552744c2ebde56e1,403,1
xss,calc,1,157,a01a33ca38e01464,403,1
xss,calc,1,158,4905d43a7670da0f,403,1
xss,calc,1,159,ababae17b7c59ab4,403,1
xss,calc,1,160,9136d4dff8b6eaac,403,1
xss,calc,1,161,56afa4100b26261c,403,1
xss,calc,1,162,53d7caa674a2f06a,403,1
xss,calc,1,163,cd48842d45216ee1,403,1
xss,calc,1,164,f1642d589f1ab9fd,403,1
xss,calc,1,165,3a05bad0f0da89c3,403,1
xss,calc,1,166,4cc49f6d17a6b4cc,403,1
xss,calc,1,167,206d23a4cda780d8,403,1
xss,calc,1,168,7a6bd61435e3ec6f,403,1
xss,calc,1,169,fd7ca6a0dfa83168,403,1
xss,calc,1,170,675d76fa7a154d5e,403,1
xss,calc,1,171,670940c30efff791,403,1
xss,calc,1,172,e053458bd12c1068,403,1
xss,calc,1,173,bae59229a37b8a80,403,1
xss,calc,1,174,dd0dffddd8b03a71,403,1
xss,calc,1,175,f44759137c6352b9,403,1
xss,calc,1,176,107fe57802c6a547,403,1
xss,calc,1,177,3610ecb5f392546e,403,1
xss,calc,1,178,7be768f64dbb608c,403,1
xss,calc,1,179,102d2ddd1899719b,403,1
xss,calc,1,180,c5ffb41cf08a99fe,403,1
xss,calc,1,181,12295a7401386401,403,1
xss,calc,1,182,55251a91b5114479,403,1
xss,calc,1,183,800529e1d7c2fb42,403,1
xss,calc,1,184,b8f7fc474c8ef0f9,403,1
xss,calc,1,185,8d3c93e5c8f29bfb,403,1
xss,calc,1,186,8f1c92673f00b053,403,1
xss,calc,1,187,3d3ddcd1c8e548b5,200,0
xss,calc,1,188,f30c087075f6321b,403,1
xss,calc,1,189,45a7113de29849cf,200,0
xss,calc,1,190,0630252b44c93db4,403,1
xss,calc,1,191,cbcfb97197ab273b,403,1
xss,calc,1,192,9e186ef4cceffb17,403,1
xss,calc,1,193,2533c3fd73edb276,403,1
xss,calc,1,194,4f2cace559323999,403,1
xss,calc,1,195,b3c248b3bc0fed29,403,1
xss,calc,1,196,8d82b23df9b367e9,403,1
xss,calc,1,197,2ae4b08e929ce73c,403,1
xss,calc,1,198,5f8cd5c29635a76c,403,1
xss,calc,1,199,b4826c9a08836dbe,403,1
xss,calc,1,200,a11982242678f611,403,1
xss,calc,1,201,8a91bf7ad30f64a8,403,1
xss,calc,1,202,c3d272a95f1b0be3,403,1
xss,calc,1,203,c58d9bcb331eca9c,403,1
xss,calc,1,204,b3cac8d8663ac5f8,403,1
xss,calc,1,205,33c8013610244918,403,1
xss,calc,1,206,eafcad55b91ed61b,403,1
xss,calc,1,207,30a689a06dd6600b,403,1
xss,calc,1,208,1f23c134fceca50e,403,1
xss,calc,1,209,a57143faac63e50a,403,1
xss,calc,1,210,c55f80535e54df65,403,1
xss,calc,1,211,604b96876f50e74f,403,1
xss,calc,1,212,c08d1aec291749bd,403,1
xss,calc,1,213,9749434caa24dce6,403,1
xss,calc,1,214,6df7542b197a5be7,403,1
xss,calc,1,215,5bce1d5f057572dc,403,1
xss,calc,1,216,7710042682501620,403,1
xss,calc,1,217,6a84e0f18b155bcd,403,1
xss,calc,1,218,b7a8a2b1099720c0,403,1
xss,calc,1,219,2c9f78cafe13d07b,403,1
xss,calc,1,220,ba617a35bff6c85b,403,1
xss,calc,1,221,988e494029e2d01c,403,1
xss,calc,1,222,15749b9e1641019f,403,1
xss,calc,1,223,0d7ff93b7a301f30,403,1
xss,calc,1,224,5d677d8e3d4e0fd2,403,1
xss,calc,1,225,e9574e06347bf177,403,1
xss,calc,1,226,588ce20f4743679b,403,1
xss,calc,1,227,0e5cc2209019f82a,403,1
xss,calc,1,228,be14b70c9e4cd4d5,403,1
xss,calc,1,229,6dc6fc70ff6df0ac,403,1
xss,calc,1,230,879fb3f076c56efb,403,1
xss,calc,1,231,83bfea147511d4c9,403,1
xss,calc,1,232,a0b6ebd73d165222,403,1
xss,calc,1,233,681820411fdda026,403,1
xss,calc,1,234,079b23b01420f1e0,403,1
xss,calc,1,235,ef9587bca7f4a513,403,1
xss,calc,1,236,fd8bc0f82fb35816,403,1
xss,calc,1,237,40c6d77250264668,403,1
xss,calc,1,238,211f6600b5598a1d,403,1
xss,calc,1,239,652d681fce01c0d9,403,1
xss,calc,1,240,cd60ec67443725eb,403,1
xss,calc,1,241,f3b004b920b37308,403,1
xss,calc,1,242,16eca7f587630e67,403,1
xss,calc,1,243,2a13d415d2eb390a,403,1
xss,calc,1,244,4359d1d9edfb64f9,403,1
xss,calc,1,245,17b303536a3a415b,403,1
xss,calc,1,246,367b431fb568e106,403,1
xss,calc,1,247,067521068653a7b2,403,1
xss,calc,1,248,db97706a7535b141,403,1
xss,calc,1,249,4b9fb47cbe6c24a8,403,1
xss,calc,1,250,d72978cec21b68d4,403,1
xss,calc,1,251,58a194f5bdaefc21,403,1
xss,calc,1,252,d5f17e8eb387fd55,403,1
xss,calc,1,253,700a2437a8b703d4,403,1
xss,calc,1,254,f94b1b137185926a,403,1
xss,calc,1,255,bd26b9a29182a673,403,1
xss,calc,1,256,cadff5ed99196fa6,403,1
xss,calc,1,257,79ec81a82d271585,403,1
xss,calc,1,258,68c3dc2271c23294,403,1
xss,calc,1,259,53e027edcdd66206,403,1
xss,calc,1,260,7cc3d7e53b9f19ef,403,1
xss,calc,1,261,f86c3abd65648612,403,1
xss,calc,2,0,07f6ddae888b6431,403,1
xss,calc,2,1,d6271afcfb0279d4,403,1
xss,calc,2,2,7b94015b0fefe237,403,1
xss,calc,2,3,37330da094fa7407,403,1
xss,calc,2,4,ea1099f951ba60b9,403,1
xss,calc,2,5,b9e2c00e5efff65c,200,0
xss,calc,2,6,aae9df0e5195921d,200,0
xss,calc,2,7,8fab0e2d17ab7bf6,200,0
xss,calc,2,8,70a2ebd5d14b06bc,403,1
xss,calc,2,9,f3470093ffdb1631,403,1
xss,calc,2,10,f54e337e84fc5168,200,0
xss,calc,2,11,39090c9d849e1ac9,403,1
xss,calc,2,12,7e8b6fab3dd0f7e1,200,0
xss,calc,2,13,cc3572bcd11182bd,200,0
xss,calc,2,14,6bca43a9701fe4c0,403,1
xss,calc,2,15,c1f05c62fc13186f,200,0
xss,calc,2,16,90f7dea5df997605,200,0
xss,calc,2,17,c408ecf18ac4e402,200,0
xss,calc,2,18,0652c73f0b834f86,200,0
xss,calc,2,19,58520039c1003a79,200,0
xss,calc,2,20,6f419c88fb68d6eb,200,0
xss,calc,2,21,f4ff58ba9a4e0a1c,200,0
xss,calc,2,22,90248dd3d07236e3,200,0
xss,calc,2,23,8c29db562237f80e,200,0
xss,calc,2,24,1dc651aea3b63f49,200,0
xss,calc,2,25,937c4695e5854b41,200,0
xss,calc,2,26,5594be07fd1ae57b,200,0
xss,calc,2,27,c9ef30eaa32e3e76,200,0
xss,calc,2,28,d7818ee0153138a7,200,0
xss,calc,2,29,0eb6be6fb23ff9cf,200,0
xss,calc,2,30,4e53f2236b74c550,200,0
xss,calc,2,31,862fbb1a04b420db,200,0
xss,calc,2,32,96dd1a0de4b6b9da,403,1
xss,calc,2,33,e96edf90a0baeead,200,0
xss,calc,2,34,58a1ed91eb8af005,200,0
xss,calc,2,35,d48e2c705e7a7901,200,0
xss,calc,2,36,4071e63c7d85a952,200,0
xss,calc,2,37,b264f0fa241d27dd,200,0
xss,calc,2,38,1434a25bed31065e,200,0
xss,calc,2,39,2a265109acd0264e,200,0
xss,calc,2,40,4a9aaea9b1f86768,200,0
xss,calc,2,41,e92d147eaecab690,200,0
xss,calc,2,42,4d2f27a28a02f985,403,1
xss,calc,2,43,86bbecba947036d0,200,0
xss,calc,2,44,52266c2594788725,200,0
xss,calc,2,45,eba56615a38e149a,200,0
xss,calc,2,46,1452810ca1c8dbf8,200,0
xss,calc,2,47,7b1efba7aa749d3d,200,0
xss,calc,2,48,db412c8fa1fffc46,200,0
xss,calc,2,49,470b21b3eb402af2,200,0
xss,calc,2,50,5ee88b22a5e9e0a7,200,0
xss,calc,2,51,529c3205aa27458e,200,0
xss,calc,2,52,3dd15d958c5b65b0,200,0
xss,calc,2,53,1626024dd47c4bc7,200,0
xss,calc,2,54,7722900126418b4b,200,0
xss,calc,2,55,9afab06c735d213b,200,0
xss,calc,2,56,6132523f5e15f008,200,0
xss,calc,2,57,331437c74bdc5537,200,0
xss,calc,2,58,7529fe6f8ae72270,200,0
xss,calc,2,59,ce44cd56a3226ac1,200,0
xss,calc,2,60,63f48835f5e5baee,200,0
xss,calc,2,61,6c20c48857cbe504,200,0
xss,calc,2,62,504045d98d93e931,200,0
xss,calc,2,63,8f83cebc0dea3c5e,200,0
xss,calc,2,64,d7440ebd2c50fea0,200,0
xss,calc,2,65,87c66ec827bf7ab8,200,0
xss,calc,2,66,8bfcf07b425689de,200,0
xss,calc,2,67,2603c0a277b60bf9,200,0
xss,calc,2,68,1d8429de615e7867,200,0
xss,calc,2,69,1fa3d03be8b50413,200,0
xss,calc,2,70,b47a10d95f3c9e4d,200,0
xss,calc,2,71,f771a85b5d8ae505,200,0
xss,calc,2,72,4a44f9259f0a1db8,200,0
xss,calc,2,73,5df096b84f9134aa,200,0
xss,calc,2,74,17e46473e4597e71,200,0
xss,calc,2,75,d2153e97417e11ed,200,0
xss,calc,2,76,43e5ff76e80894a9,200,0
xss,calc,2,77,3fe44f6080956e9a,200,0
xss,calc,2,78,470b8388edbf412f,200,0
xss,calc,2,79,8ca5b0e6925130de,200,0
xss,calc,2,80,538e47142c688321,200,0
xss,calc,2,81,02f747dc528d98f6,200,0
xss,calc,2,82,51ff76d21d494114,200,0
xss,calc,2,83,eb7c6c3ad51c9db7,200,0
xss,calc,2,84,36912fe2c3cdd05c,200,0
xss,calc,2,85,0a46aebe226cfdf2,200,0
xss,calc,2,86,f9de3693b8c16fdd,403,1
xss,calc,2,87,50f2c413affad7dd,200,0
xss,calc,2,88,cbed9127ca318967,200,0
xss,calc,2,89,bab6fa02bafe91d7,200,0
xss,calc,2,90,8472ec61bed8aaae,200,0
xss,calc,2,91,ee274e73ec95521b,200,0
xss,calc,2,92,3b977267cd6bb579,200,0
xss,calc,2,93,76d90a7489eb7028,200,0
xss,calc,2,94,1e9f0be9e4a23de9,200,0
xss,calc,2,95,45676eefe5852373,200,0
xss,calc,2,96,aa89dd036f3a8b51,200,0
xss,calc,2,97,10b9dd1575cefc2c,200,0
xss,calc,2,98,be784e8b8728c2f0,200,0
xss,calc,2,99,a283528c8cc036cd,403,1
xss,calc,2,100,0b87de3573b14447,200,0
xss,calc,2,101,f4053aa1839c5b01,200,0
xss,calc,2,102,241f59cb87b6bfff,200,0
xss,calc,2,103,d28dd5a1bc42bd4b,200,0
xss,calc,2,104,a5cf3108b9f81a20,200,0
xss,calc,2,105,58c5a0d364fd9def,200,0
xss,calc,2,106,ab425103594d4a2c,200,0
xss,calc,2,107,7e05c08470c960e5,200,0
xss,calc,2,108,7ba47ce08055d5e5,200,0
xss,calc,2,109,8f96042ebf26a9a1,200,0
xss,calc,2,110,0114dd6792ab2e1d,200,0
xss,calc,2,111,a0eedf71b9155bba,200,0
xss,calc,2,112,5756e0eb4c6cee48,200,0
xss,calc,2,113,8b871469a21437fc,200,0
xss,calc,2,114,41504a5267c1f93e,200,0
xss,calc,2,115,de7235d94d0ac13a,200,0
xss,calc,2,116,aca64c25ff2017f7,200,0
xss,calc,2,117,7a9f6a68ad94db01,200,0
xss,calc,2,118,2513f67e68a041c9,200,0
xss,calc,2,119,5e4b61c3d6dd443e,200,0
xss,calc,2,120,8630213c14073a2c,200,0
xss,calc,2,121,67149994f6c3e20c,200,0
xss,calc,2,122,0ee4f07d733a4a2e,200,0
xss,calc,2,123,2b474ad702a454d6,200,0
xss,calc,2,124,65ec904235446cbb,200,0
xss,calc,2,125,0bc179891f3e87cb,403,1
xss,calc,2,126,de8b590d9e7e8b94,200,0
xss,calc,2,127,b4170f6ed781fb13,200,0
xss,calc,2,128,0c13a49dd5c59010,200,0
xss,calc,2,129,636a3e231780c854,200,0
xss,calc,2,130,990ef84f76183c82,200,0
xss,calc,2,131,08ef87120eefd8e2,200,0
xss,calc,2,132,f0d8ba9c6d714a5e,200,0
xss,calc,2,133,bc845be1ec881596,200,0
xss,calc,2,134,6350942cb3e4d8d0,200,0
xss,calc,2,135,bdc27325bf53a3bc,200,0
xss,calc,2,136,37ee315967f2ec53,200,0
xss,calc,2,137,8454ca99d2fceb82,200,0
xss,calc,2,138,58de399516175a9d,200,0
xss,calc,2,139,51be55db982233a5,200,0
xss,calc,2,140,23d95ec2521b76d6,200,0
xss,calc,2,141,df48f5f651da84b2,200,0
xss,calc,2,142,627173954c755bd1,200,0
xss,calc,2,143,47ad0dd09e61af03,200,0
xss,calc,2,144,73a6283c058d0b9e,200,0
xss,calc,2,145,45ff51fe10b648d6,200,0
xss,calc,2,146,5dcfbb23debb2a38,200,0
xss,calc,2,147,33dd88d4ba8481f9,200,0
xss,calc,2,148,147658ce60177c48,200,0
xss,calc,2,149,1a6864bc3e2c6c64,200,0
xss,calc,2,150,14bbcfe7388352c5,200,0
xss,calc,2,151,fa1ab126951c8da1,200,0
xss,calc,2,152,552dc10bf31b7dfb,200,0
xss,calc,2,153,621795be493ad12e,200,0
xss,calc,2,154,3f47ef93655b030b,200,0
xss,calc,2,155,051dd93a3253b09e,200,0
xss,calc,2,156,2a0f9d8d86e34e23,200,0
xss,calc,2,157,b4b84746aa5b584b,200,0
xss,calc,2,158,3fa1f2321c56c023,200,0
xss,calc,2,159,787d24e8e04892c2,200,0
xss,calc,2,160,0f896ea686b63673,200,0
xss,calc,2,161,7d6e95702f7dc8f3,200,0
xss,calc,2,162,a97af059e09cc186,200,0
xss,calc,2,163,924406a419ba5e38,200,0
xss,calc,2,164,09bafb2ab29d1427,403,1
xss,calc,2,165,474d010e6bb0ba0f,200,0
xss,calc,2,166,b64c6f3a9f61090f,200,0
xss,calc,2,167,df46e4aca3f32c96,200,0
xss,calc,2,168,84c3d420e9d9adfb,200,0
xss,calc,2,169,435564d9dfd77a69,200,0
xss,calc,2,170,91201eb81fe26cb4,200,0
xss,calc,2,171,85beef45fa2ca4a1,200,0
xss,calc,2,172,d9793e629fe11c6f,200,0
xss,calc,2,173,a60a451046143c6c,200,0
xss,calc,2,174,6815535127fd17f6,200,0
xss,calc,2,175,0dfb6e4bad30c125,200,0
xss,calc,2,176,498d6ae25c4ef416,200,0
xss,calc,2,177,1c2ea1647dde2fda,200,0
xss,calc,2,178,c740be255e5d2474,200,0
xss,calc,2,179,5a80e0e6eacd1d5a,200,0
xss,calc,2,180,a49b4954f845eb70,200,0
xss,calc,2,181,8756ff60f7eedba8,200,0
xss,calc,2,182,e8167cacd20a5dc0,200,0
xss,calc,2,183,ace69007337710e4,200,0
xss,calc,2,184,fcbe120f32ca0d90,200,0
xss,calc,2,185,def64a72f3f7abf0,200,0
xss,calc,2,186,859efcf57f506fe3,200,0
xss,calc,2,187,8e23b14f5175be62,200,0
xss,calc,2,188,759017847306cf77,200,0
xss,calc,2,189,5af3e6eaedeb223d,200,0
xss,calc,2,190,899e1395d3fdb692,200,0
xss,calc,2,191,3f688b3f339982bf,200,0
xss,calc,2,192,6188c53f1f091329,200,0
xss,calc,2,193,57d8128daed8ca20,200,0
xss,calc,2,194,7a7341618a8afa49,200,0
xss,calc,2,195,74b81dcc5a9a79fa,200,0
xss,calc,2,196,c5d800848745efd6,200,0
xss,calc,2,197,c24188002d11dca0,200,0
xss,calc,2,198,3df7480a6d5209e1,200,0
xss,calc,2,199,694028ad9c8f342f,200,0
xss,calc,2,200,5ae20d24cb7bf746,200,0
xss,calc,2,201,34cccca205ffd94d,200,0
xss,calc,2,202,dfaecb5c67e0fa0c,200,0
xss,calc,2,203,be52dcb31490e12d,200,0
xss,calc,2,204,dcbc15c05c7e1859,200,0
xss,calc,2,205,80faa46597b4a2fd,200,0
xss,calc,2,206,4c15b4f249c3cae8,200,0
xss,calc,2,207,7c4dc8f1358d912b,200,0
xss,calc,2,208,10a99556848df6a8,200,0
xss,calc,2,209,a82b1a75d467707b,200,0
xss,calc,2,210,a33c3708c151c886,200,0
xss,calc,2,211,3149832de678cc5e,200,0
xss,calc,2,212,ab826c488ad22805,200,0
xss,calc,2,213,e50f277bef8bded7,200,0
xss,calc,2,214,a68eb20794dd0ac0,200,0
xss,calc,2,215,288058eab07501ce,200,0
xss,calc,2,216,41737590cc80df99,200,0
xss,calc,2,217,22dceb3b8e332eac,200,0
xss,calc,2,218,bdb527e24f441c2a,200,0
xss,calc,2,219,c02ab60437487a0e,200,0
xss,calc,2,220,33742cbe4d6bb2eb,200,0
xss,calc,2,221,bef88358bd2e1e9e,200,0
xss,calc,2,222,db875ff5d25ff7c6,200,0
xss,calc,2,223,61a8519f2056082c,200,0
xss,calc,2,224,5553817230143854,200,0
xss,calc,2,225,e0e26642ca595ef1,200,0
xss,calc,2,226,00853e98f22b477c,200,0
xss,calc,2,227,c8572ae6f7247b9f,200,0
xss,calc,2,228,d917cb8dbcf0f800,200,0
xss,calc,2,229,fdcd99ca65e32be2,200,0
xss,calc,2,230,71e30348e1073971,200,0
xss,calc,2,231,92a1ecd82f1d06b8,200,0
xss,calc,2,232,5a86d4e9b84a89a1,200,0
xss,calc,2,233,4dd62e58049c5e55,200,0
xss,calc,2,234,3b1b448b958041b8,200,0
xss,calc,2,235,43914d08021bf1a5,200,0
xss,calc,2,236,5a7f3d984e31a14b,200,0
xss,calc,2,237,62d2566d7587e1be,200,0
xss,calc,2,238,40025dc878ad320e,200,0
xss,calc,2,239,c185ee6740d3bf5d,200,0
xss,calc,2,240,cdd6c3cc882a8431,200,0
xss,calc,2,241,4c574b3f66e51e02,200,0
xss,calc,2,242,029e83aafd8cba94,403,1
xss,calc,2,243,b95c396637eb5e1a,200,0
xss,calc,2,244,53f7d9a6550bf983,200,0
xss,calc,2,245,ccd174f65011077d,200,0
xss,calc,2,246,bce151732dd8af60,200,0
xss,calc,2,247,3f7da3ea37705261,200,0
xss,calc,2,248,d1206376270be1fe,403,1
xss,calc,3,0,7a46c88dbb0a3829,403,1
xss,calc,3,1,5038191c88705213,403,1
xss,calc,3,2,f06778a1a40951ad,200,0
xss,calc,3,3,16b3df2a87985689,403,1
xss,calc,3,4,93bf86822ae60b50,403,1
xss,calc,3,5,72980ca17726373f,403,1
xss,calc,3,6,a911a1d91f7413ac,403,1
xss,calc,3,7,f72f79e9b5870a9b,403,1
xss,calc,3,8,475df5f6f1cd04f4,403,1
xss,calc,3,9,e035616bf555fcf3,403,1
xss,calc,3,10,2792324c44ea2c1e,403,1
xss,calc,3,11,d6c8c471ad5f195e,403,1
xss,calc,3,12,2bc4972613236c91,403,1
xss,calc,3,13,bcd5fa27c6857138,200,0
xss,calc,3,14,b452f1c25c367ada,403,1
xss,calc,3,15,333a2c4ff5a5e37d,403,1
xss,calc,3,16,d50f197805407810,403,1
xss,calc,3,17,c51dbfbb0fc28a75,200,0
xss,calc,3,18,84517771c2531060,200,0
xss,calc,3,19,9c62ac5e150ffa54,403,1
xss,calc,3,20,74b6ac6fa625c2c0,403,1
xss,calc,3,21,8d8c9990fec877eb,403,1
xss,calc,3,22,916bf799a41bcb0e,403,1
xss,calc,3,23,693d5b8339ac10a7,403,1
xss,calc,3,24,918dac6a03dce313,403,1
xss,calc,3,25,fe4884d680447f65,403,1
xss,calc,3,26,ea2871df6678ccc0,403,1
xss,calc,3,27,2b886b75806b788b,200,0
xss,calc,3,28,3b6c92e49b8cb31a,403,1
xss,calc,3,29,8e4633a887b71a3d,403,1
xss,calc,3,30,5f3a96451dfa17e3,403,1
xss,calc,3,31,744b037b44749f67,200,0
xss,calc,3,32,e58121244d5d1967,200,0
xss,calc,3,33,7c97d0337506f57a,403,1
xss,calc,3,34,fc54a951c7464cc0,200,0
xss,calc,3,35,b523d9f620f289e6,403,1
xss,calc,3,36,18a769a929df0066,403,1
xss,calc,3,37,76adb7efa43d93d1,403,1
xss,calc,3,38,bc2a71e03e184b8a,403,1
xss,calc,3,39,91056571198754f0,403,1
xss,calc,3,40,7d5e7307b52e6c45,403,1
xss,calc,3,41,14a5b109b7c3d724,403,1
xss,calc,3,42,d046d9f0262076da,403,1
xss,calc,3,43,0a8fead73264ea11,403,1
xss,calc,3,44,2cf817e4f0d11822,403,1
xss,calc,3,45,f0e4aa3fbdfdc4bf,200,0
xss,calc,3,46,7f429356f40f1e85,403,1
xss,calc,3,47,b94f2ebb6c8b4bdc,403,1
xss,calc,3,48,e1dd399cf5d4af85,403,1
xss,calc,3,49,86063a7b2796e385,403,1
xss,calc,3,50,a3723262876fc976,403,1
xss,calc,3,51,d5e77ad4e6149da9,403,1
xss,calc,3,52,6225a061497b8acb,403,1
xss,calc,3,53,74b3dce795ebfb3e,403,1
xss,calc,3,54,753da046e1a38473,403,1
xss,calc,3,55,ec6f315e7765d943,200,0
xss,calc,3,56,e381cf31f08a2a40,403,1
xss,calc,3,57,40b9c0dc23e1cb24,200,0
xss,calc,3,58,3d7f2406ac1f54ac,403,1
xss,calc,3,59,e2dde40fb88a18c6,403,1
xss,calc,3,60,0c7a2e68215d89d6,403,1
xss,calc,3,61,c12c026e2aa0cd11,200,0
xss,calc,3,62,440322644798d3c1,200,0
xss,calc,3,63,aeb3d6c8e19917bb,403,1
xss,calc,3,64,b574b4b4174351d1,403,1
xss,calc,3,65,1f8930744995af71,403,1
xss,calc,3,66,a4651570016eb7a8,403,1
xss,calc,3,67,9e4d11ad392cbbaf,200,0
xss,calc,3,68,742b013afc9c1c13,200,0
xss,calc,3,69,ea79a124ab715666,403,1
xss,calc,3,70,e502a82783a02b06,403,1
xss,calc,3,71,65bed7ffc144b3c8,403,1
xss,calc,3,72,bfb2189c6bec9a13,403,1
xss,calc,3,73,825145af20f23928,403,1
xss,calc,3,74,4909cb09ce5981d0,403,1
xss,calc,3,75,21e3bd29b77af62f,403,1
xss,calc,3,76,afc73dd3a6fede99,403,1
xss,calc,3,77,c9cf4751498342f6,403,1
xss,calc,3,78,ffbd6cf4586a4919,403,1
xss,calc,3,79,40835dac8d93bbe1,403,1
xss,calc,3,80,13628127a7caa0ce,403,1
xss,calc,3,81,190214d8c4f5f31c,200,0
xss,calc,3,82,8ed8ef59a1f36316,200,0
xss,calc,3,83,57b7df8c62e68bfe,403,1
xss,calc,3,84,53281036a8a5ebc3,403,1
xss,calc,3,85,b44748e66787ff10,403,1
xss,calc,3,86,0aed470da944f792,403,1
xss,calc,3,87,887027af986364bc,403,1
xss,calc,3,88,f52bb0c4a2cad237,403,1
xss,calc,3,89,1c9553385eaee2a7,200,0
xss,calc,3,90,b7fda7f5f74362be,200,0
xss,calc,3,91,0c8f4cfc71f7be1a,403,1
xss,calc,3,92,976b55030f570a19,200,0
xss,calc,3,93,06e2e241d51faf72,403,1
xss,calc,3,94,41710e6afd0b3b0a,200,0
xss,calc,3,95,d281aa8bebd15091,403,1
xss,calc,3,96,85b6cd5043ab52c9,200,0
xss,calc,3,97,a123d6d26b4e2e6b,403,1
xss,calc,3,98,9255db8da3859e04,200,0
xss,calc,3,99,d1d49312cb80bffe,200,0
xss,calc,3,100,d6eca08a6bfda777,403,1
xss,calc,3,101,91f952b7a92fc24b,403,1
xss,calc,3,102,d3a044fb4f4fe85d,200,0
xss,calc,3,103,af2d339ceb8c42ce,200,0
xss,calc,3,104,3c5ed4d4b2626fb1,200,0
xss,calc,3,105,97c2c89192328d7f,403,1
xss,calc,3,106,f72e9921eaf58a81,403,1
xss,calc,3,107,28facbb2610eb29d,403,1
xss,calc,3,108,d0e3a5ebf81f0bb6,403,1
xss,calc,3,109,31f76a3175bc6e1d,403,1
xss,calc,3,110,ba5cb19d9d8545c8,403,1
xss,calc,3,111,eb59e2e2bddfb74e,200,0
xss,calc,3,112,22a8ad557ca2c6e0,403,1
xss,calc,3,113,ffa6434a436e13de,403,1
xss,calc,3,114,79e4ecb8b856faa6,403,1
xss,calc,3,115,c3d025c5755ffc8a,403,1
xss,calc,3,116,ad34110f4bfae7e0,200,0
xss,calc,3,117,d3fca05f66f76e21,200,0
xss,calc,3,118,38af428fd7909b64,200,0
xss,calc,3,119,404f0d54b689c836,403,1
xss,calc,3,120,f28f5723a95b409a,403,1
xss,calc,3,121,554ca90ff5b42521,403,1
xss,calc,3,122,10f604cfcdd24e1c,200,0
xss,calc,3,123,aa63856cb59a80c4,403,1
xss,calc,3,124,ea8f62e0d2377adf,403,1
xss,calc,3,125,3d6967d3b03fc40d,403,1
xss,calc,3,126,11337ab501d28d4c,403,1
xss,calc,3,127,273c139afa0d07b0,200,0
xss,calc,3,128,fb9b90ca9c3f0b39,403,1
xss,calc,3,129,26367b687f362c9e,403,1
xss,calc,3,130,11704be8eb03ff6c,403,1
xss,calc,3,131,57e23ae4c6640e19,200,0
xss,calc,3,132,2784b65d0948ee34,200,0
xss,calc,3,133,3fac0c1ae6d63542,200,0
xss,calc,3,134,2a6481f7b99cb5aa,403,1
xss,calc,3,135,17a44c47ced356b8,403,1
xss,calc,3,136,2dbb1d8a5362405c,403,1
xss,calc,3,137,789541e051ecee0d,403,1
xss,calc,3,138,db4135830345c06a,403,1
xss,calc,3,139,213458700a960425,200,0
xss,calc,3,140,7133800c2124d1a9,403,1
xss,calc,3,141,783dc1fa57ca3c12,403,1
xss,calc,3,142,a6b061ced3738615,403,1
xss,calc,3,143,a69a6c0bce45c5a9,200,0
xss,calc,3,144,8af244544d4d481a,200,0
xss,calc,3,145,58b899b4d98cfc0d,200,0
xss,calc,3,146,d9804553b052badd,403,1
xss,calc,3,147,95df4a47f1386b19,403,1
xss,calc,3,148,c9ce496c0f3875ac,403,1
xss,calc,3,149,0bfc8fef5093cacb,200,0
xss,calc,3,150,8d434eadf5714d68,403,1
xss,calc,3,151,572db3e4ab3bebcc,403,1
xss,calc,3,152,3fb62a66940e5fed,403,1
xss,calc,3,153,c2f72cd88722a69c,200,0
xss,calc,3,154,499dfd04f3ecdb96,403,1
xss,calc,3,155,2f72b86d847bb620,403,1
xss,calc,3,156,c58015174f48a093,403,1
xss,calc,3,157,d8c074be24126b54,403,1
xss,calc,3,158,88fffb1410adbd94,200,0
xss,calc,3,159,4a30cb94e85230e7,403,1
xss,calc,3,160,f587762c9a72fcb7,200,0
xss,calc,3,161,617514386bce1b0b,403,1
xss,calc,3,162,82f2f509accfdc0a,200,0
xss,calc,3,163,fce90a9fce0ef769,403,1
xss,calc,3,164,5fb67b1c1703b29d,403,1
xss,calc,3,165,c33db57a38a598ec,200,0
xss,calc,3,166,1f2a801d8c3a4828,200,0
xss,calc,3,167,38921d2fbfb7b50b,403,1
xss,calc,3,168,e1f5ebea6ddd656f,403,1
xss,calc,3,169,8df6ca7a235fd295,403,1
xss,calc,3,170,644294b3df589c3c,200,0
xss,calc,3,171,987e4e1d4ed23932,403,1
xss,calc,3,172,6c6e95cbdf8fd919,200,0
xss,calc,3,173,9893167bc9fd20b5,403,1
xss,calc,3,174,964a9d4da3318ef0,403,1
xss,calc,3,175,5e6b97314b47f74a,403,1
xss,calc,3,176,f0bf2464823227bc,403,1
xss,calc,3,177,0998e6e1fb55a453,403,1
xss,calc,3,178,8d2bf4703e6f2901,200,0
xss,calc,3,179,ddbf787af07a88ad,403,1
xss,calc,3,180,d7a1fafe935cd246,403,1
xss,calc,3,181,797a490c54674c52,403,1
xss,calc,3,182,92443d5a0b1a4411,403,1
xss,calc,3,183,e56dd932671b4be6,403,1
xss,calc,3,184,0a7435b7bf2444f9,200,0
xss,calc,3,185,58b9f70db2d0c532,403,1
xss,calc,3,186,e53bc9d6dc7f1d9c,403,1
xss,calc,3,187,6e26da804c9520cc,200,0
xss,calc,3,188,36d61a6adf05eda4,403,1
xss,calc,3,189,92bea6ca77040cae,200,0
xss,calc,3,190,588e16f55dfdde30,403,1
xss,calc,3,191,0273820cab9f14e3,403,1
xss,calc,3,192,0d8b6e91fed9382e,200,0
xss,calc,3,193,c3010b243fa2049f,403,1
xss,calc,3,194,5696593216b9de48,403,1
xss,calc,3,195,8436f26d1aefe8ab,403,1
xss,calc,3,196,c9346ddc5e666c38,403,1
xss,calc,3,197,5f86efef1f2f9a51,403,1
xss,calc,3,198,ad90e3a29e0da679,403,1
xss,calc,3,199,3a322b27ffc2c765,403,1
xss,calc,3,200,30525ed137d720bc,403,1
xss,calc,3,201,b3b420f479ddb4fb,403,1
xss,calc,3,202,3e33cf2b30a9fc28,403,1
xss,calc,3,203,ba05a411f7049ff0,200,0
xss,calc,3,204,9fe53c61f96bef4b,403,1
xss,calc,3,205,f0f775bab7bd29c1,403,1
xss,calc,3,206,0692578441c048b8,403,1
xss,calc,3,207,68cda05773e12ea0,403,1
xss,calc,3,208,9912354342b31f0e,403,1
xss,calc,3,209,b914b9e32c28b4ae,200,0
xss,calc,3,210,0819ee7645652648,200,0
xss,calc,3,211,20b0cc32cadea2de,200,0
xss,calc,3,212,104081d3301d1e58,403,1
xss,calc,3,213,656366c01306df44,403,1
xss,calc,3,214,a7975437bce7afae,403,1
xss,calc,3,215,ce1866d8feb28033,403,1
xss,calc,3,216,62f750c057fcb268,403,1
xss,calc,3,217,14b658c1fb6d0574,403,1
xss,calc,3,218,973ba1270be922ba,200,0
xss,calc,3,219,68f67e117277c5e2,403,1
xss,calc,3,220,b899e4b5f44212ef,403,1
xss,calc,3,221,16994d9002845f39,403,1
xss,calc,3,222,3fab531866e5246b,403,1
xss,calc,3,223,393f1148e982901a,403,1
xss,calc,3,224,71b8414b95269053,403,1
xss,calc,3,225,5b35733c853e75d0,403,1
xss,calc,3,226,2e70cdb07795a65c,403,1
xss,calc,3,227,eb6c14a9bbcf3cad,403,1
xss,calc,3,228,58247c7e762ee43a,403,1
xss,calc,3,229,f18b8c55c149d97e,403,1
xss,calc,3,230,a7a8282d69e2065d,403,1
xss,calc,3,231,0834d5e14d3beee2,403,1
xss,calc,3,232,759f1b79baccaf65,403,1
xss,calc,3,233,285baa15ca41aea8,403,1
xss,calc,3,234,09535731f4e547a1,403,1
xss,calc,3,235,a0f5013a7d9a1595,403,1
xss,calc,3,236,c80b1ff6bf0ec9c2,403,1
xss,calc,3,237,72f52adb301c75a9,200,0
xss,calc,3,238,0660c4a1153c6b64,403,1
xss,calc,3,239,1c752acc4a48acc0,403,1
xss,calc,3,240,99fd690781b812b3,403,1
xss,calc,3,241,50a28a1ed4698dca,403,1
xss,calc,3,242,61db3ecb8357ea56,403,1
xss,calc,3,243,321e238e64cfede3,200,0
xss,calc,3,244,82ffc500ffb8fab4,403,1
xss,calc,3,245,5759c74149b3aceb,403,1
xss,calc,3,246,16204c0bf237acc8,200,0
xss,calc,3,247,8fc2860638a48c55,403,1
xss,calc,3,248,25707638b5322a31,200,0
xss,calc,3,249,7580e6a79910a492,403,1
xss,calc,3,250,d47f7fe64f313ccf,403,1
xss,calc,3,251,b457d226d8b62f24,403,1
xss,calc,3,252,fdbb34e09f1bea39,200,0
xss,calc,3,253,9699cef5e027182b,403,1
xss,calc,3,254,eeaa807547b0c906,403,1
xss,calc,3,255,f6784ae2a82f13be,403,1
xss,calc,3,256,241cbf98eac6248f,403,1
xss,calc,3,257,ff1c0e7778678eae,403,1
xss,calc,3,258,2c4369d9d858bbf5,403,1
xss,calc,3,259,7e3cd8617698c979,403,1
xss,calc,3,260,e479606a56080cc8,403,1
xss,calc,3,261,7a9c1e193ed76ef8,403,1
xss,calc,3,262,b1e547fca0fe3111,403,1
xss,calc,3,263,f673816d9ff5080c,403,1
xss,calc,3,264,e4569d0d1cbb7970,403,1
xss,calc,3,265,313ed808aa9abac7,403,1
xss,calc,3,266,76312bf307d8c5d8,403,1
xss,calc,3,267,fb41b8f1f3fb44ee,403,1
xss,calc,3,268,dc2affb8cd0687d8,403,1
xss,calc,3,269,5558a7667292053a,200,0
xss,calc,3,270,1cc0f1353c8e58e7,403,1
xss,calc,3,271,6e36911861e34be5,403,1
xss,calc,3,272,74823e93a576d285,403,1
xss,calc,3,273,16716faec5c54c8d,403,1
xss,calc,3,274,14076b5691de70c9,403,1
xss,calc,3,275,4a45a821c93e78e7,403,1
xss,calc,3,276,7bf56d2bd37cecff,403,1
xss,calc,3,277,645631c0e1e2f81e,403,1
xss,calc,3,278,3c9f6660057b66b0,403,1
xss,calc,3,279,6f0286bb270d2909,403,1
xss,calc,3,280,1819f4d75c61a20f,403,1
xss,calc,3,281,2ff41488ffd15b0a,403,1
xss,calc,3,282,b1235c6192176474,403,1
xss,calc,3,283,a53ebdc65370aad3,403,1
xss,calc,3,284,83540a05ade533bd,403,1
xss,calc,3,285,e273c6f4d966c95c,403,1
xss,calc,3,286,7b177c7c22205e93,403,1
xss,calc,3,287,60e501bd7d212f07,403,1
xss,calc,3,288,258cdbc6bc9d9ec7,403,1
xss,calc,3,289,cd814b77aaf7e473,403,1
xss,calc,3,290,e57691a5c39ea17f,403,1
xss,calc,3,291,c5bdaa6f9c9d158f,403,1
xss,calc,3,292,8bfc5e109bae263a,403,1
xss,calc,4,0,ae126569957fe0aa,403,1
xss,calc,4,1,f4a9484025916a8a,403,1
xss,calc,4,2,9d4ca6fce1b6c63f,403,1
xss,calc,4,3,2295557ed29aca7f,403,1
xss,calc,4,4,2dd6e1ffd49d3b22,403,1
xss,calc,4,5,b24a65a9c233a974,403,1
xss,calc,4,6,ab91ce5a15ddee9a,200,0
xss,calc,4,7,cca8d3ab88b86ddf,403,1
xss,calc,4,8,5edc6321002ee46d,403,1
xss,calc,4,9,94c8063474406690,403,1
xss,calc,4,10,22c77415780cee66,403,1
xss,calc,4,11,f09a050fc01cb048,403,1
xss,calc,4,12,0ceccfded2bc5fde,403,1
xss,calc,4,13,d593129c63dbf5e5,200,0
xss,calc,4,14,8a4a54f5cf2cab88,200,0
xss,calc,4,15,985c71cb00a01332,403,1
xss,calc,4,16,7dd372f33629d357,403,1
xss,calc,4,17,386dcdce6f29ac21,403,1
xss,calc,4,18,950fe8397e435b98,403,1
xss,calc,4,19,e3559790c1b23f7f,403,1
xss,calc,4,20,340fb525c34e66b1,403,1
xss,calc,4,21,e8d28f0663262222,403,1
xss,calc,4,22,8de7beb93239f1a8,403,1
xss,calc,4,23,109659f7ab2cfd58,403,1
xss,calc,4,24,5a34623c652f9590,403,1
xss,calc,4,25,a4fd2da4f2cbd3b3,403,1
xss,calc,4,26,806893d713216635,403,1
xss,calc,4,27,4e83362c0433684e,403,1
xss,calc,4,28,114009dcbb27a30f,403,1
xss,calc,4,29,3d5751103e9177a4,403,1
xss,calc,4,30,566cb7f378b93e9a,403,1
xss,calc,4,31,d3601bdd3a5a9fd9,403,1
xss,calc,4,32,7860ec5aafc06ed4,403,1
xss,calc,4,33,89ecb8483df2ae6e,403,1
xss,calc,4,34,f61625a9bf0b426a,403,1
xss,calc,4,35,2805c3938b342067,403,1
xss,calc,4,36,e0e95a115863bb04,403,1
xss,calc,4,37,e103d7cbd7d877b0,403,1
xss,calc,4,38,74424cfba4b33007,403,1
xss,calc,4,39,c6cac74719afc7ec,403,1
xss,calc,4,40,732e4701530367e4,403,1
xss,calc,4,41,f9e23ea502e43729,403,1
xss,calc,4,42,89e9b5514b90562c,403,1
xss,calc,4,43,cb17e717507eca55,403,1
xss,calc,4,44,864b41f81a7d89d9,403,1
xss,calc,4,45,b79ae5aa9bf2dd67,403,1
xss,calc,4,46,6d94fae0e281c341,403,1
xss,calc,4,47,85fa384f2b2e921b,403,1
xss,calc,4,48,dd2662816e15dd81,403,1
xss,calc,4,49,60b650248f97c47e,403,1
xss,calc,4,50,bac86e7af946c72d,403,1
xss,calc,4,51,2194ad7c848579a9,403,1
xss,calc,4,52,b7436077b31f17f8,403,1
xss,calc,4,53,c2a9385f44b70e58,403,1
xss,calc,4,54,2556839193a8e47d,403,1
xss,calc,4,55,8f9628f7eb05788c,403,1
xss,calc,4,56,d2e9003a6eec0784,403,1
xss,calc,4,57,b0ba4d5b5372f2ca,403,1
xss,calc,4,58,7bb4a3b2014b4189,403,1
xss,calc,4,59,77c29f2affffa973,403,1
xss,calc,4,60,00b62967f644c4ec,403,1
xss,calc,4,61,3d7b25d314a28288,403,1
xss,calc,4,62,8c3a34bb3bbe4b19,403,1
xss,calc,4,63,fe57f0aef584f92f,403,1
xss,calc,4,64,a370ec757a66ae78,403,1
xss,calc,4,65,fb1cf62ba3c380ff,403,1
xss,calc,4,66,ab941a082cd4e9c1,403,1
xss,calc,4,67,308c3d330f102e2c,403,1
xss,calc,4,68,329a888220252b81,403,1
xss,calc,4,69,c2d4de319329f0cd,403,1
xss,calc,4,70,cafe2dbb771be081,403,1
xss,calc,4,71,85c5873f1e1a1520,403,1
xss,calc,4,72,9ac313419a01dedf,403,1
xss,calc,4,73,1b054fd7c3598680,403,1
xss,calc,4,74,ba9875eb53d46b00,403,1
xss,calc,4,75,859c8b4f87bf67ac,403,1
xss,calc,4,76,7f9b59d37743134f,403,1
xss,calc,4,77,e1e560d4c5535920,403,1
xss,calc,4,78,51f7c12bb60ae267,403,1
xss,calc,4,79,8b88f0dabb9689f4,403,1
xss,calc,4,80,17371e4c534c669e,403,1
xss,calc,4,81,b33869adfb810b54,403,1
xss,calc,4,82,17d51e516958ce2f,403,1
xss,calc,4,83,fdeae80ed72e6588,403,1
xss,calc,4,84,439b23291133c82c,403,1
xss,calc,4,85,674d2b9ef2165595,403,1
xss,calc,4,86,6aac375d328fb418,403,1
xss,calc,4,87,e59335458e512495,403,1
xss,calc,4,88,00776adb33e95257,403,1
xss,calc,4,89,387c6c726324739d,403,1
xss,calc,4,90,10635265a99d53f0,403,1
xss,calc,4,91,cd5dff0e30ec6925,403,1
xss,calc,4,92,7d847ae81323dd06,403,1
xss,calc,4,93,f037c4f96490ad47,403,1
xss,calc,4,94,9e1fb0995172fdb5,403,1
xss,calc,4,95,501e16fd0ab1c307,403,1
xss,calc,4,96,de3963cc836a24cc,403,1
xss,calc,4,97,00c2142705a58b6c,403,1
xss,calc,4,98,85006e835fa804f0,403,1
xss,calc,4,99,17fa703ec0d40e25,403,1
xss,calc,4,100,fa4b664c18813714,403,1
xss,calc,4,101,d67a9eae40eeda8f,403,1
xss,calc,4,102,ae525406e11ba9c6,403,1
xss,calc,4,103,b6ab7d27e4484b79,403,1
xss,calc,4,104,fa31b55be676319c,403,1
xss,calc,4,105,e0bc1bef8ef2acc0,403,1
xss,calc,4,106,e6563190442a3ff2,403,1
xss,calc,4,107,bf13c2862919c38b,403,1
xss,calc,4,108,64137403b11aac8f,403,1
xss,calc,4,109,d0983feddd5719e0,403,1
xss,calc,4,110,fc733135636d1712,403,1
xss,calc,4,111,12bcedb57c594d9e,403,1
xss,calc,4,112,8ae0e378a4565794,403,1
xss,calc,4,113,1f83ba97bfe2336b,403,1
xss,calc,4,114,0a24bf6646c95f2d,403,1
xss,calc,4,115,245eb25ca4384be6,403,1
xss,calc,4,116,54cd7d14784d01e4,403,1
xss,calc,4,117,111ffcb2bd4917ed,403,1
xss,calc,4,118,0c7f88edbe5152da,403,1
xss,calc,4,119,aec0864d65c7f26a,403,1
xss,calc,4,120,158d937a53c0f0c4,403,1
xss,calc,4,121,10922e1e5811486e,403,1
xss,calc,4,122,d1cb28f631fa6afd,403,1
xss,calc,4,123,fb6b16f92f169e90,403,1
xss,calc,4,124,5284111764e37f21,403,1
xss,calc,4,125,1efd32eba2019df3,403,1
xss,calc,4,126,e8b0ede501308b2e,200,0
xss,calc,4,127,31c780359e0bf319,403,1
xss,calc,4,128,74072bdb3b0888e6,403,1
xss,calc,4,129,c02950fb598e8b7f,403,1
xss,calc,4,130,061fa90084888c37,403,1
xss,calc,4,131,db38fcdc5ebdfc50,403,1
xss,calc,4,132,dd4a8660dbd6df21,403,1
xss,calc,4,133,7343a7908554ce00,403,1
xss,calc,4,134,fc07c80243cb5191,403,1
xss,calc,4,135,9cd461b01bc20203,403,1
xss,calc,4,136,6845e66fca2f0ae6,403,1
xss,calc,4,137,629f6bcb9939c8e3,403,1
xss,calc,4,138,c766e0139db68ed1,403,1
xss,calc,4,139,2791d5116dd8674b,403,1
xss,calc,4,140,42158fb93c6a2857,403,1
xss,calc,4,141,6b079a3afa53b21d,403,1
xss,calc,4,142,0edfc1e694a6d4ea,403,1
xss,calc,4,143,18e5c8c9f53de205,403,1
xss,calc,4,144,3be5903dc054a24e,403,1
xss,calc,4,145,e7a59aaf1001c675,403,1
xss,calc,4,146,e7df47a16e56eb03,403,1
xss,calc,4,147,87dbff6f91127134,403,1
xss,calc,4,148,b3de3f5ffadf03e9,403,1
xss,calc,4,149,83ff03b89c9c3f33,403,1
xss,calc,4,150,1cd4708401a9ccad,403,1
xss,calc,4,151,18a5dab36a7dc60f,403,1
xss,calc,4,152,27a0cd8b3ee0a37e,403,1
xss,calc,4,153,954c61bf51297ce2,403,1
xss,calc,4,154,4aca0feff7c82724,403,1
xss,calc,4,155,4b006c08a6a98256,403,1
xss,calc,4,156,2fc4381f938df99d,403,1
xss,calc,4,157,ba3889f2caf71cb7,403,1
xss,calc,4,158,ca26d84d532362b9,403,1
xss,calc,4,159,145200c2f2591990,403,1
xss,calc,4,160,2cecc71d239999bd,403,1
xss,calc,4,161,f9c77281bec605bf,403,1
xss,calc,4,162,858b4607c083dc2f,403,1
xss,calc,4,163,c5ac4653509f0215,403,1
xss,calc,4,164,d6c457d42f4c52ca,403,1
xss,calc,4,165,f827ee4870370ad3,200,0
xss,calc,4,166,1501f40ebaab7c88,403,1
xss,calc,4,167,01a3a1e6502b3d7a,403,1
xss,calc,4,168,2a24b593ff18a6fe,403,1
xss,calc,4,169,634fa3c17035ac7d,403,1
xss,calc,4,170,e52f3c218436b25f,403,1
xss,calc,4,171,a5ba2113b4cb053f,403,1
xss,calc,4,172,0c59ff4adeb6a273,403,1
xss,calc,4,173,644d5ed0840f1cb9,403,1
xss,calc,4,174,b01761750fe38c18,403,1
xss,calc,4,175,0607c09ecb9ac4b2,403,1
xss,calc,4,176,11313b2304dde24c,403,1
xss,calc,4,177,55248d32c49e7a51,403,1
xss,calc,4,178,f5d2f554945d5aa1,403,1
xss,calc,4,179,6ced5b5be9232409,403,1
xss,calc,4,180,66d89ee10b4c6868,403,1
xss,calc,4,181,97fc8b2b41c6af5e,403,1
xss,calc,4,182,8f0bf4a1e5a05a47,403,1
xss,calc,4,183,1791d76b990a1fb9,403,1
xss,calc,4,184,0c75d21a1e1ab38d,403,1
xss,calc,4,185,07d819a5c43199b6,403,1
xss,calc,4,186,a739ef3816434305,403,1
xss,calc,4,187,d07b518897f7f08a,403,1
xss,calc,4,188,46db0164c4d5ab0c,403,1
xss,calc,4,189,d9595781180ac8a0,403,1
xss,calc,4,190,e7840ba384948537,403,1
xss,calc,4,191,2168bf20b173c4df,403,1
xss,calc,4,192,09d3eb08dcfb87f5,403,1
xss,calc,4,193,0abcc8a863525eed,403,1
xss,calc,4,194,f315afee3ca99c9a,403,1
xss,calc,4,195,576da445cce9550a,403,1
xss,calc,4,196,62f2ddd985880c32,403,1
xss,calc,4,197,52983486ff1cd70b,403,1
xss,calc,4,198,83344c3b857c70c6,403,1
xss,calc,4,199,338542e6b5fe7566,403,1
xss,calc,4,200,363347542507d07e,403,1
xss,calc,4,201,dc4f515a92c36563,403,1
xss,calc,4,202,fbd89db650881bef,403,1
xss,calc,4,203,1c56d34a4a10a7b3,403,1
xss,calc,4,204,88ed6a4319f0a37d,403,1
xss,calc,4,205,7f020f095c2a33d9,403,1
xss,calc,4,206,6f39c6c57f3d3d23,403,1
xss,calc,4,207,ab610c73efe965ba,403,1
xss,calc,4,208,5704a08c25d1e42f,403,1
xss,calc,4,209,f6245d895f8d1fed,200,0
xss,calc,4,210,c980ade62d29bb13,403,1
xss,calc,4,211,f6b056f6d752d678,403,1
xss,calc,4,212,f7c0290cd3fa7351,403,1
xss,calc,4,213,8b17057fd46cf612,403,1
xss,calc,4,214,9caaba126d95b46f,403,1
xss,calc,4,215,1eb5dd736e993bde,403,1
xss,calc,4,216,88b3c1ab33c96574,403,1
xss,calc,4,217,a0e10bd7cefe2b3e,403,1
xss,calc,4,218,5bb15328fb0a7841,403,1
xss,calc,4,219,c41a6906da2a1354,403,1
xss,calc,4,220,da3094302517a19d,403,1
xss,calc,4,221,fe22e9ed0a1c9278,403,1
xss,calc,4,222,738911940b94e7d3,403,1
xss,calc,4,223,c76de2240d7ef011,200,0
xss,calc,4,224,c3204997b965ffe0,403,1
xss,calc,4,225,55a887e440b3f104,403,1
xss,calc,4,226,a1d1f685af80a645,403,1
xss,calc,4,227,480accf66797602f,403,1
xss,calc,4,228,719c5449be585f86,403,1
xss,calc,4,229,d4fe2f8716c373f8,403,1
xss,calc,4,230,f8b1337ff818fb1f,403,1
xss,calc,4,231,bcf6ae43cf46eea9,403,1
xss,calc,4,232,b15d4a664eeaae14,403,1
xss,calc,4,233,33f5c5fd2c339bef,403,1
xss,calc,4,234,ba311184afbdd891,403,1
xss,calc,4,235,fd4ebdc09545baa1,403,1
xss,calc,4,236,64546d23080afb4b,403,1
xss,calc,4,237,e28e186cd18ccf81,403,1
xss,calc,4,238,1587d950081e3558,403,1
xss,calc,4,239,c97a5066866e08b5,403,1
xss,calc,4,240,452dd9a107a57cf4,403,1
xss,calc,4,241,741721b009452e12,200,0
xss,calc,4,242,44c795e100142884,403,1
xss,calc,4,243,099c683ecc48c48f,403,1
xss,calc,4,244,377bc8982fd8b822,403,1
xss,calc,4,245,f03544bafa1b80bf,403,1
xss,calc,4,246,ca3fac484d53db1f,200,0
xss,calc,4,247,306f65cd50a5e0b7,403,1
xss,calc,4,248,eb911d37419f96a8,403,1
xss,calc,4,249,41a7de8a02a3b2a7,403,1
xss,calc,4,250,8ed638d7d99c27a1,403,1
xss,calc,4,251,0fc2f6df221da2fa,403,1
xss,calc,4,252,673de551c1018aaa,403,1
xss,calc,4,253,54bddbbaafae30f9,403,1
xss,calc,4,254,8d82c40b0606c34f,403,1
xss,calc,4,255,e4cd6786acc773be,403,1
xss,calc,4,256,20f5b11f86f44c49,403,1
xss,calc,4,257,f19b4469b827fbe3,403,1
xss,calc,4,258,bdca3cc464aa8e30,403,1
xss,calc,4,259,b756ae6567f5826f,403,1
xss,calc,4,260,8917557770f691de,403,1
xss,calc,4,261,740f47a48c335a02,403,1
xss,calc,4,262,087179e80081e6fb,403,1
xss,calc,4,263,7b1b29bb1be9a26c,200,0
xss,calc,4,264,5dc197b112e60569,403,1
xss,calc,4,265,2280909117aae4ca,403,1
xss,calc,4,266,e42934a5af493021,403,1
xss,calc,4,267,28a25803ffe43971,403,1
xss,calc,4,268,604e57f283d7e08e,403,1
xss,calc,4,269,2dc4760be52016a4,403,1
xss,calc,4,270,3d4f2446bd4dde28,403,1
xss,calc,4,271,2a43b9ab7964e9bf,403,1
xss,calc,4,272,6fbe8cb0d7db813a,403,1
xss,calc,4,273,94e9080cfa1523d4,403,1
xss,calc,4,274,28d93701ba249d8b,403,1
xss,calc,4,275,e047da031b99145e,403,1
xss,calc,4,276,1f3229905a53b5a6,403,1
xss,calc,4,277,e8738eb1a22a86fa,403,1
xss,calc,4,278,2c9961e66d2b21a0,403,1
xss,calc,4,279,8fc5f3e3c41cfcc1,403,1
xss,calc,4,280,49c572b350bdfc99,403,1
xss,calc,4,281,e9f4d88c37706f30,403,1
xss,calc,4,282,9dcbd9f3a2e8fa91,403,1
xss,calc,4,283,f15709f5e9dcc838,403,1
xss,calc,4,284,a068adc2c239976a,403,1
xss,calc,4,285,714b7f87473e1bce,403,1
xss,calc,4,286,1dc26bc67ec3dbc9,403,1
xss,calc,4,287,4c7d2f66fa2492d2,200,0
xss,calc,4,288,2dacb440746777e6,403,1
xss,calc,4,289,de6e21a8f8208592,403,1
xss,calc,4,290,51b1ed7f39e6e574,403,1
xss,calc,4,291,39eefb9e809bf2bc,403,1
xss,calc,4,292,fd43b95a53e2ff9b,403,1
xss,calc,4,293,2f4ca21cd37fc414,403,1
xss,calc,4,294,ff8335014df2d630,403,1
xss,calc,4,295,7aa9eff22836bedc,403,1
xss,calc,4,296,4d2aaa23ea8b7321,403,1
xss,calc,4,297,139ea18247dd685a,403,1
xss,calc,4,298,99faeb42ebf63628,403,1
xss,calc,4,299,62bd5ed24804a90b,403,1
xss,calc,4,300,ad1d241840e566f2,403,1
xss,calc,4,301,bc947a7ebe429ac0,403,1
xss,calc,4,302,94172b6efd426507,403,1
xss,calc,4,303,e8dcebe726886c81,403,1
xss,calc,4,304,82d70ce4abb35215,403,1
xss,calc,4,305,e7eec97228599d0e,403,1
xss,calc,4,306,b20f27bacbab9c4b,403,1
xss,calc,4,307,ea620e5471f25844,403,1
xss,calc,4,308,fff3ff6a39baac1e,403,1
xss,calc,4,309,19d5c13b97988f34,403,1
xss,calc,4,310,30082f01e860192b,403,1
xss,calc,4,311,27a8a781d2025dc2,403,1
xss,calc,4,312,119f214b61fb4e08,403,1
xss,calc,4,313,b16293b6e9780de5,403,1
xss,calc,4,314,e728744e4a745c24,403,1
xss,calc,4,315,7219f8890aa379f4,403,1
xss,calc,4,316,b124bc6e564b11fe,403,1
xss,calc,4,317,b54c25de32a770e0,403,1
xss,calc,4,318,23f6d36daf345db5,403,1
xss,calc,4,319,20c4599a28228ac4,403,1
xss,calc,4,320,b46c98d10b6b05de,403,1
xss,calc,4,321,56f7ca5b53c8cad2,403,1
xss,calc,4,322,ce83d8105aa54007,403,1
xss,calc,4,323,0ae048a848fffd2c,403,1
xss,calc,4,324,62aa548de7149107,403,1
xss,calc,4,325,47cd7da0e6e381f5,403,1
xss,calc,5,0,540ab13394fea267,403,1
xss,calc,5,1,0ebb9e6bc92b2f5e,403,1
xss,calc,5,2,9041a5ac2e0e1fa2,403,1
xss,calc,5,3,0ce178cde795b441,403,1
xss,calc,5,4,771b1589c60032d8,403,1
xss,calc,5,5,7f6096b080f41d1f,200,0
xss,calc,5,6,59c829db23f51d7f,200,0
xss,calc,5,7,2a27541afbec2dfe,200,0
xss,calc,5,8,6265c82e3ac16ee6,200,0
xss,calc,5,9,8866abebfa196c77,200,0
xss,calc,5,10,3681802e02e4c4ba,403,1
xss,calc,5,11,f62ea5996b458de6,403,1
xss,calc,5,12,fda2d8cd2cd7d545,200,0
xss,calc,5,13,12f84aa815372e1b,200,0
xss,calc,5,14,b836ba820d8113c3,200,0
xss,calc,5,15,b935dce5e89df651,403,1
xss,calc,5,16,df37bfe12762c0b4,403,1
xss,calc,5,17,8fe15f642430ac8e,200,0
xss,calc,5,18,46b368f13418d1f1,403,1
xss,calc,5,19,dd476c708e9268ac,403,1
xss,calc,5,20,510823d52e2f1582,403,1
xss,calc,5,21,562631cffdc0d220,403,1
xss,calc,5,22,6f74cbff6c18582f,200,0
xss,calc,5,23,5202690da68149ab,200,0
xss,calc,5,24,a7b0f08b4b86e7b6,200,0
xss,calc,5,25,aa98f938f66430f9,403,1
xss,calc,5,26,f8d2c2f74b7a346f,200,0
xss,calc,5,27,d46452ec7dd61c72,403,1
xss,calc,5,28,bf1e9f0a5e318b53,200,0
xss,calc,5,29,7da8a17ec75334f7,200,0
xss,calc,5,30,21e7c49a5f0b350d,200,0
xss,calc,5,31,487babe75452e2b5,200,0
xss,calc,5,32,14ee351d64cb24b8,403,1
xss,calc,5,33,8e78857a52205600,200,0
xss,calc,5,34,b1799f64e7bf34bb,403,1
xss,calc,5,35,6b41d8d6b1e99853,200,0
xss,calc,5,36,2e7d03634037ad0e,200,0
xss,calc,5,37,76d1121c8cb1a7a9,403,1
xss,calc,5,38,f5a83cb149f37e5d,200,0
xss,calc,5,39,d26e477e8ee442d7,403,1
xss,calc,5,40,b35f58a3638f969d,403,1
xss,calc,5,41,2a6f6a175a703ce5,200,0
xss,calc,5,42,874ec705031faeb4,403,1
xss,calc,5,43,f341b7cf142c36c9,200,0
xss,calc,5,44,43cdda69f9e54ab5,200,0
xss,calc,5,45,63b346c3a572866e,200,0
xss,calc,5,46,5ce9406dc61b04fd,403,1
xss,calc,5,47,e52c1d8ee8a8947a,403,1
xss,calc,5,48,0d2cc0dac9825c13,200,0
xss,calc,5,49,be43273c0475a2d4,200,0
xss,calc,5,50,411d1c72fdf83f0e,200,0
xss,calc,5,51,aa4b759ac8d13c2e,403,1
xss,calc,5,52,c92c1589d9331287,200,0
xss,calc,5,53,472ff109055764d5,200,0
xss,calc,5,54,ab1ba592c2af8f4f,403,1
xss,calc,5,55,890cddc426afaa9c,200,0
xss,calc,5,56,e756ce2d13ae065b,200,0
xss,calc,5,57,73fae942db7b431c,403,1
xss,calc,5,58,600df5c2c3791c53,200,0
xss,calc,5,59,cbe9c3b06165b2ad,403,1
xss,calc,5,60,902962cedbbe1ff9,200,0
xss,calc,5,61,4a97d131a8c2bcd2,200,0
xss,calc,5,62,78ced55efe9f86e3,403,1
xss,calc,5,63,de8d75eb3f96e09b,200,0
xss,calc,5,64,3c578fdebed5f678,403,1
xss,calc,5,65,144227f75553b3ea,403,1
xss,calc,5,66,10dc4e474f39e546,403,1
xss,calc,5,67,046062667184a779,403,1
xss,calc,5,68,25100ee2a42f2fbf,403,1
xss,calc,5,69,38b91c826d1d98b0,403,1
xss,calc,5,70,62c5c3c5eaeffdef,403,1
xss,calc,5,71,839fb464a7fd8963,403,1
xss,calc,5,72,d1243871411932fe,403,1
xss,calc,5,73,aa6edea792ccaf75,403,1
xss,calc,5,74,d5712994bfadd159,403,1
xss,calc,5,75,87df7c330b7f34e5,403,1
xss,calc,5,76,705901e84cb7d448,403,1
xss,calc,5,77,c2cf066db4473f59,403,1
xss,calc,5,78,0fd6f552eeecbd26,403,1
xss,calc,5,79,6439624d4144d10f,403,1
xss,calc,5,80,42726a9b7a720111,403,1
xss,calc,5,81,b6621216acb7a092,403,1
xss,calc,5,82,d3b3a13f03f80aec,403,1
xss,calc,5,83,ed343ea070edb0f1,403,1
xss,calc,5,84,91a2c4462ddc8449,200,0
xss,calc,5,85,ff28846d161feb29,200,0
xss,calc,5,86,13ddd3de7db9fdd5,403,1
xss,calc,5,87,946028cbfa7b9568,403,1
xss,calc,5,88,2ce15a086a53e12a,403,1
xss,calc,5,89,e52d7da914a4c513,403,1
xss,calc,5,90,924ebb3aaf076791,403,1
xss,calc,5,91,9e23c8909c440daf,403,1
xss,calc,5,92,e3ae37e3817cfc97,403,1
xss,calc,5,93,d0d26e782399c8a0,403,1
xss,calc,5,94,ef892ff7b2ebf8d2,403,1
xss,calc,5,95,1ed90dfc318f787e,403,1
xss,calc,5,96,6a6687549c6b8d2b,200,0
xss,calc,5,97,192a459e8ffa2c40,403,1
xss,calc,5,98,c65d64e9aa1dbd11,200,0
xss,calc,5,99,14d2515722223f32,403,1
xss,calc,5,100,13798a88998c115d,403,1
xss,calc,5,101,b4b9549952765d1a,403,1
xss,calc,5,102,b454bf9caa1f0920,403,1
xss,calc,5,103,7e08c1147a6851e9,403,1
xss,calc,5,104,a548ff86887ec576,403,1
xss,calc,5,105,2f49bd059f848c2a,403,1
xss,calc,5,106,740b4f3a266302a2,200,0
xss,calc,5,107,c64c5724816aedea,403,1
xss,calc,5,108,bc535393dd7f5444,403,1
xss,calc,5,109,06fd2c6d413fe25e,403,1
xss,calc,5,110,9102c8fbcce64a9b,403,1
xss,calc,5,111,202131e43f5db165,403,1
xss,calc,5,112,edc4af80a2ad9f05,200,0
xss,calc,5,113,8590021d9f0a4e90,403,1
xss,calc,5,114,829026553c54e483,403,1
xss,calc,5,115,6ae390a85d0bc44d,403,1
xss,calc,5,116,377e1f0da34d7009,200,0
xss,calc,5,117,709d29aeab1f2c49,403,1
xss,calc,5,118,4c1371ac0c34d7e8,403,1
xss,calc,5,119,1b18113ae2c8667e,403,1
xss,calc,5,120,f7e45da89b415676,403,1
xss,calc,5,121,5fb5ed17d89486cf,200,0
xss,calc,5,122,3d5122a565971a10,403,1
xss,calc,5,123,8b8923e81d45d832,403,1
xss,calc,5,124,a32489c04f9561c9,403,1
xss,calc,5,125,d7128d0320dab302,403,1
xss,calc,5,126,b0e5fc1ab9363a40,403,1
xss,calc,5,127,8e8be8e25bf973b8,403,1
xss,calc,5,128,09e7fbda38239658,200,0
xss,calc,5,129,da2d9cf535a57461,403,1
xss,calc,5,130,54960bfbf2d48898,403,1
xss,calc,5,131,2d8c46ca72267835,403,1
xss,calc,5,132,a94c440a93729432,403,1
xss,calc,5,133,a9e5fa4ed7383dbe,200,0
xss,calc,5,134,8109f8a3b71e0d3d,403,1
xss,calc,5,135,f29d1da564f61930,403,1
xss,calc,5,136,4be2f8f603588341,403,1
xss,calc,5,137,a4a72cf40b7c3ef3,403,1
xss,calc,5,138,5085c63b1f3fdd67,403,1
xss,calc,5,139,f040bb0fc860605f,200,0
xss,calc,5,140,c6fbf6bdc7ac9932,403,1
xss,calc,5,141,2bbcd5c364b7d835,403,1
xss,calc,5,142,be7a9797e9a3059d,403,1
xss,calc,5,143,76187a4c4ecdf142,403,1
xss,calc,5,144,7bb0b945a27a69d4,200,0
xss,calc,5,145,366e60e4fddd006f,403,1
xss,calc,5,146,cdb8e4e93317b9be,403,1
xss,calc,5,147,3c34d56cbd2a9f20,403,1
xss,calc,5,148,1f38f7a57a31d3eb,403,1
xss,calc,5,149,1149725b028aa0b5,403,1
xss,calc,5,150,2ec601052693ddb5,403,1
xss,calc,5,151,dc9edf504c78fde2,403,1
xss,calc,5,152,f59c62c708576c37,403,1
xss,calc,5,153,91934f8bc31f58fe,403,1
xss,calc,5,154,ca547327c3e4d0ba,403,1
xss,calc,5,155,51a27766bba46239,200,0
xss,calc,5,156,0452e814670373cd,403,1
xss,calc,5,157,d8049bae9e76fb58,403,1
xss,calc,5,158,8e8d70dde57b5732,403,1
xss,calc,5,159,862878b7c5896e8d,403,1
xss,calc,5,160,ff8a5890360ee522,403,1
xss,calc,5,161,b952af89139aafcf,200,0
xss,calc,5,162,567f9b509826d345,403,1
xss,calc,5,163,e37b7512adf9ef4b,200,0
xss,calc,5,164,4556a703d9d530e5,403,1
xss,calc,5,165,7d8bce28301e8f18,403,1
xss,calc,5,166,3093247eec1e9556,403,1
xss,calc,5,167,1d12e7403efd159b,200,0
xss,calc,5,168,174c01d6f087ff64,403,1
xss,calc,5,169,b0a802d772767914,403,1
xss,calc,5,170,e7b2eb9818065279,403,1
xss,calc,5,171,c456d3e845c57007,403,1
xss,calc,5,172,089c753e716b8f56,403,1
xss,calc,5,173,006ac88778d9242b,403,1
xss,calc,5,174,4a1ad44ab32bfa7c,200,0
xss,calc,5,175,933cbbf1ecbd40c3,403,1
xss,calc,5,176,74ef9056e67a2311,403,1
xss,calc,5,177,eea608c90cc9e454,403,1
xss,calc,5,178,91c0ff7d044b7f2c,403,1
xss,calc,5,179,cf1d14419676864f,403,1
xss,calc,5,180,da4ddd9a9c1fa337,403,1
xss,calc,5,181,3069a0f42d108efb,403,1
xss,calc,5,182,3bd98fbb0285fee5,403,1
xss,calc,5,183,fa71abd1ca120806,403,1
xss,calc,5,184,119170e3250f2d0d,403,1
xss,calc,5,185,6337d61944c19121,200,0
xss,calc,5,186,17ac4bc4f74d70e1,403,1
xss,calc,5,187,d6283da941039fd5,403,1
xss,calc,5,188,8aaf78d0b6732a1d,403,1
xss,calc,5,189,eba0ee883467e278,200,0
xss,calc,5,190,083d0f8283762a69,403,1
xss,calc,5,191,ae86883ded1f4995,403,1
xss,calc,5,192,d111544d413a9a24,403,1
xss,calc,5,193,a187d39c375bebcf,403,1
xss,calc,5,194,e424f820c1b72c97,403,1
xss,calc,5,195,33aa932cb6e01479,403,1
xss,calc,5,196,be4c7b549682267a,200,0
xss,calc,5,197,c2412c2512fd77d2,403,1
xss,calc,5,198,bf237a129a01e188,403,1
xss,calc,5,199,d3762744c4e2f35b,403,1
xss,calc,5,200,5a7ec585d83ae864,403,1
xss,calc,5,201,d07374f36cb08cb4,403,1
xss,calc,5,202,4635c2175d2fa0ea,403,1
xss,calc,5,203,5f8ac53b0d950cd1,403,1
xss,calc,5,204,e9d8ca429bc40885,403,1
xss,calc,5,205,6ec3fda59774c1c6,403,1
xss,calc,5,206,c4a4dd386d4ce0c3,403,1
xss,calc,5,207,ae3040b46259a87d,200,0
xss,calc,5,208,71ac8a0c6ecbed1d,403,1
xss,calc,5,209,a849b1694e8c4a93,403,1
xss,calc,5,210,e686f9d26c09fedd,403,1
xss,calc,5,211,d26f4e7971d43b34,403,1
xss,calc,5,212,09ddacd6f12e7617,403,1
xss,calc,5,213,2fbecfc97001ba96,403,1
xss,calc,5,214,01db8a6bacc6b501,403,1
xss,calc,5,215,5fa23a8288017378,403,1
xss,calc,5,216,d43882896fde1a5b,403,1
xss,calc,5,217,6f5ed9b28e983472,403,1
xss,calc,5,218,3dcbd1eaf2260b87,403,1
xss,calc,5,219,dffe52a088003ff7,403,1
xss,calc,5,220,de81958e528655a1,403,1
xss,calc,5,221,2b9017521219bd79,403,1
xss,calc,5,222,065ba192e310d4b3,403,1
xss,calc,5,223,fe93cd163b3b4968,200,0
xss,calc,5,224,91dcf319ce67ec8e,403,1
xss,calc,5,225,1cf3e1e4a02b2063,403,1
xss,calc,5,226,50a8803eca728177,403,1
xss,calc,5,227,ece9d8a78ea04a07,403,1
xss,calc,5,228,38d66c8838c5cd3d,403,1
xss,calc,5,229,0422fe64faff7a25,403,1
xss,calc,5,230,0d9b8ba96492d329,403,1
xss,calc,5,231,ecfa4d501ca549a3,200,0
xss,calc,5,232,5b190a029b83124e,403,1
xss,calc,5,233,b18ab21ef91b407d,403,1
xss,calc,5,234,a9f253ab66d53866,403,1
xss,calc,5,235,5c63ceded861b620,403,1
xss,calc,5,236,4d3e3d1413566626,403,1
xss,calc,5,237,b362ed2e35fd43b6,403,1
xss,calc,5,238,b2f761af1d5414e1,403,1
xss,calc,5,239,f9d14d42bf852fc3,403,1
xss,calc,5,240,37f38725e7ad7d13,403,1
xss,calc,5,241,ef06e0ee75143a1d,403,1
xss,calc,5,242,30ac657405b7bb06,403,1
xss,calc,5,243,abd6eef983ab8f21,403,1
xss,calc,5,244,3ba7357dcf7298d8,403,1
xss,calc,5,245,3b3db2ac1706604b,403,1
xss,calc,5,246,8d2f95ec8a57b6e5,403,1
xss,calc,5,247,d61232567209b3d2,403,1
xss,calc,5,248,aefc3030070216e4,403,1
xss,calc,5,249,740c028be6c41583,403,1
xss,calc,5,250,9d6f3ba833415676,403,1
xss,calc,5,251,50727fc31c64e3f5,403,1
xss,calc,5,252,38135dc42894c207,403,1
xss,calc,5,253,abf9f6b29bbebca0,403,1
xss,calc,5,254,81f3ac7c545a2e52,403,1
xss,calc,5,255,9c5f5d350ac8d1ef,403,1
xss,calc,5,256,7ddc8abda7078f7f,403,1
xss,calc,5,257,33d41a36ac7a0b4d,200,0
xss,calc,5,258,9fc1896ff4e67ff7,403,1
xss,calc,5,259,0fb11bca56fa777d,403,1
xss,calc,5,260,08e3a5d0c9d20711,403,1
xss,calc,5,261,0a478798b275782a,403,1
xss,calc,5,262,79b7737934e6d19d,200,0
xss,calc,5,263,68afdfca07f016e4,403,1
xss,calc,5,264,2f8ab905dc5005b1,403,1
xss,calc,5,265,2053adf4245f3973,403,1
xss,calc,5,266,b8cefc986007f757,403,1
xss,calc,5,267,9e5669f4237e94d6,403,1
xss,calc,5,268,f93a805c9a1c157f,200,0
xss,search,1,0,3b70a2b8e78661af,403,1
xss,search,1,1,60e2ed8ec957bb8f,403,1
xss,search,1,2,862164f9b7dcf804,403,1
xss,search,1,3,f3d4b8b1e6c0a2bd,403,1
xss,search,1,4,054d42b3c4e2a5db,403,1
xss,search,1,5,6bd92465599f77b2,403,1
xss,search,1,6,01cd272480e8069d,403,1
xss,search,1,7,092e86b7b2996c9c,403,1
xss,search,1,8,84b9d411e7ad98b4,403,1
xss,search,1,9,72bffd66644a4058,403,1
xss,search,1,10,84dc978fa16079cc,403,1
xss,search,1,11,8cf939b322d763b6,403,1
xss,search,1,12,efd91a9ed1c30445,403,1
xss,search,1,13,40706dee38443e46,403,1
xss,search,1,14,0df6c03af5fa7291,403,1
xss,search,1,15,240a50510b3e45b4,403,1
xss,search,1,16,80dea2bc86c21e6f,403,1
xss,search,1,17,a8ee3b9d367753e2,403,1
xss,search,1,18,bd82a2ce483ce598,403,1
xss,search,1,19,6911428e5ab55378,403,1
xss,search,1,20,8a81eb801be11d5d,403,1
xss,search,1,21,054d42b3c4e2a5db,403,1
xss,search,1,22,47b7b152a2016c68,403,1
xss,search,1,23,dcd0be055c3c1d2e,403,1
xss,search,1,24,70a1455bba249ed4,403,1
xss,search,1,25,239954bb1553db8e,403,1
xss,search,1,26,ecaa6e05ff632072,403,1
xss,search,1,27,4e3eba8f1b898c40,403,1
xss,search,1,28,92fa6f6fb0ed794f,403,1
xss,search,1,29,1880a35bd02008eb,403,1
xss,search,1,30,307d0438561e09d3,403,1
xss,search,1,31,48252e6d951b7801,403,1
xss,search,1,32,b14a22d8b04aa239,403,1
xss,search,1,33,e726d493c5085eac,403,1
xss,search,1,34,d852d192b9125190,403,1
xss,search,1,35,88d2d04959c15c33,403,1
xss,search,1,36,968aefe56bca9576,403,1
xss,search,1,37,c2f88f48327395fc,403,1
xss,search,1,38,975d6f141fb38550,403,1
xss,search,1,39,3289757144d3959c,403,1
xss,search,1,40,5448e445dfc9dd43,403,1
xss,search,1,41,bd96dc5e80f1eb4e,403,1
xss,search,1,42,edfa82bba6343f44,403,1
xss,search,1,43,45cebbd47ba1a903,403,1
xss,search,1,44,748e0ea936717ad5,403,1
xss,search,1,45,ad718dcbb1506a67,403,1
xss,search,1,46,b7e818ce5c695d6f,403,1
xss,search,1,47,8a73999c22077c56,403,1
xss,search,1,48,7c7cb2e4482c299c,403,1
xss,search,1,49,77b4e23f3d73d129,403,1
xss,search,1,50,c9c8c9a46b3db48e,403,1
xss,search,1,51,bb830169ed3b1caf,403,1
xss,search,1,52,ad8681b741fba6b5,403,1
xss,search,1,53,00fa3ab0209ffb65,403,1
xss,search,1,54,647707ef0cffc36a,403,1
xss,search,1,55,32ed5f26b09ee4f4,403,1
xss,search,1,56,5e8adf985ba8c05b,403,1
xss,search,1,57,e864dd204e41fcc3,403,1
xss,search,1,58,d7645124d1d2a869,403,1
xss,search,1,59,8d2889b5c67e8e65,403,1
xss,search,1,60,f20975bda2c0a426,403,1
xss,search,1,61,59e1c47eed6a2a4d,403,1
xss,search,1,62,b5782c0cc5c484c1,403,1
xss,search,1,63,c0c510f226333fd0,403,1
xss,search,1,64,c7262dd8447b3333,403,1
xss,search,1,65,1e7b158bada31386,403,1
xss,search,1,66,66911d26ca23fa6f,403,1
xss,search,1,67,c2b81bc8d79e3acd,403,1
xss,search,1,68,68e57897b2025261,403,1
xss,search,1,69,3f840e5f6591d2c6,403,1
xss,search,1,70,56e637f1a8185315,403,1
xss,search,1,71,a753eaf179eeb001,403,1
xss,search,1,72,50834f01d191b858,403,1
xss,search,1,73,e7de2761f32e8d00,403,1
xss,search,1,74,cd61960c598b1b99,403,1
xss,search,1,75,4e3eba8f1b898c40,403,1
xss,search,1,76,b555762f83cf50a5,403,1
xss,search,1,77,aaf02cbe513c851c,403,1
xss,search,1,78,098656e60705857e,403,1
xss,search,1,79,c55ddf9d2f06eac1,403,1
xss,search,1,80,bb8c64878c348568,403,1
xss,search,1,81,7093c4b6e89412ba,403,1
xss,search,1,82,c67b49a5012b5813,403,1
xss,search,1,83,7471755d59c738ac,403,1
xss,search,1,84,d9c8af9ad4f18299,403,1
xss,search,1,85,ffeb038cb1098206,403,1
xss,search,1,86,e7f2fc4cf7eedfb3,403,1
xss,search,1,87,89b86783aabccd9a,403,1
xss,search,1,88,dec5c30e02cb77ba,403,1
xss,search,1,89,f4341d644c89d302,403,1
xss,search,1,90,800a530b1313b100,403,1
xss,search,1,91,4670482a79cb712e,403,1
xss,search,1,92,578dc0b29774508e,403,1
xss,search,1,93,4b42e59529f054fa,403,1
xss,search,1,94,ca7a1fb397afdfbf,403,1
xss,search,1,95,1680afe85b8b208a,403,1
xss,search,1,96,b5e23daeaf015381,403,1
xss,search,1,97,5455100ea9d495bf,403,1
xss,search,1,98,445516c35ebd742b,403,1
xss,search,1,99,4d2f10ebb1c06653,403,1
xss,search,1,100,d164943795cf1d6c,403,1
xss,search,1,101,e2e0241f09267b1a,403,1
xss,search,1,102,b791937ed9c99dc0,403,1
xss,search,1,103,497bd113acb93b67,403,1
xss,search,1,104,5fd9ce53a9b30574,403,1
xss,search,1,105,f5a7929bbc85ae6c,403,1
xss,search,1,106,58038eb74b8f9b0e,403,1
xss,search,1,107,911597844c33ec3c,403,1
xss,search,1,108,988788624475c16f,403,1
xss,search,1,109,574991b924fec777,403,1
xss,search,1,110,b3bfdee7f448c0e9,403,1
xss,search,1,111,ec2cf5cd4c9adcd9,403,1
xss,search,1,112,fb15c097fcbcf479,403,1
xss,search,1,113,2d5b88848c9b901c,403,1
xss,search,1,114,3cddc01e65e2e290,403,1
xss,search,1,115,d3bfe1e181883948,403,1
xss,search,1,116,e10db9eb1ad9c479,403,1
xss,search,1,117,435999c9e0a388bf,403,1
xss,search,1,118,9a800f0860653241,403,1
xss,search,1,119,45d7c845c41857ea,403,1
xss,search,1,120,dcc21f7bf02833bf,403,1
xss,search,1,121,49c97ca1df5c4fa4,403,1
xss,search,1,122,8a81eb801be11d5d,403,1
xss,search,1,123,b4c987c0a535d2df,403,1
xss,search,1,124,d34b6784906d3cbb,403,1
xss,search,1,125,885912e45e6fb567,403,1
xss,search,1,126,1d23e46bc407b5b1,403,1
xss,search,1,127,1899c4352fcbba07,403,1
xss,search,1,128,3d8dd52077d9f891,403,1
xss,search,1,129,88175cf38d07df28,403,1
xss,search,1,130,0783a24bae756658,403,1
xss,search,1,131,1c03b5a7955df2e8,403,1
xss,search,1,132,f527a07c217ec142,403,1
xss,search,1,133,4c4f94aa85a362af,403,1
xss,search,1,134,0e6fc88f0179bb8b,403,1
xss,search,1,135,b555762f83cf50a5,403,1
xss,search,1,136,309f72dc694bcd1f,403,1
xss,search,1,137,a00ed0a68dde24b2,403,1
xss,search,1,138,2d8b11adfeb95e25,403,1
xss,search,1,139,aaf02cbe513c851c,403,1
xss,search,1,140,1156f4e1472074ca,403,1
xss,search,1,141,5802e2e15ecbdcc0,403,1
xss,search,1,142,574991b924fec777,403,1
xss,search,1,143,b3bfdee7f448c0e9,403,1
xss,search,1,144,2a16fa514df30616,403,1
xss,search,1,145,68e57897b2025261,403,1
xss,search,1,146,82d3dd080bfe3e41,403,1
xss,search,1,147,5ccb985775981a36,403,1
xss,search,1,148,9edfa692b094b47f,403,1
xss,search,1,149,6bef48bf63c271f3,403,1
xss,search,1,150,b04c63dde3285478,403,1
xss,search,1,151,2ce863a8280f9948,403,1
xss,search,1,152,fb939f2b03a19ec7,403,1
xss,search,1,153,9467270cfaf5f34f,403,1
xss,search,1,154,55ab02c59b057ec2,403,1
xss,search,1,155,f1d1da5054860d54,403,1
xss,search,1,156,ba8513d002a79fc3,403,1
xss,search,1,157,83f606aefed5b993,403,1
xss,search,1,158,9b9182dafcc80dca,403,1
xss,search,1,159,23b51b0f3763ef90,403,1
xss,search,1,160,c54f31080efe4066,403,1
xss,search,1,161,88838bd5f4853f9b,403,1
xss,search,1,162,e431ddc4c3944138,403,1
xss,search,1,163,2e1e8082f639cf49,403,1
xss,search,1,164,f9be56f7d319531e,403,1
xss,search,1,165,cdc8c138eb6e5bc0,403,1
xss,search,1,166,4c4f94aa85a362af,403,1
xss,search,1,167,e5f2320fd4d178ff,403,1
xss,search,1,168,309f72dc694bcd1f,403,1
xss,search,1,169,fb939f2b03a19ec7,403,1
xss,search,1,170,79a48bc88b2b8238,403,1
xss,search,1,171,227d5addb2ab1bca,403,1
xss,search,1,172,eb777f8d36bf312e,403,1
xss,search,1,173,463ca26521e49525,403,1
xss,search,1,174,dcd0be055c3c1d2e,403,1
xss,search,1,175,0b51c8cd691f9f0b,403,1
xss,search,1,176,23193129c24456dc,403,1
xss,search,1,177,398c26c6be6af494,403,1
xss,search,1,178,064b0dcdabe2e930,403,1
xss,search,1,179,ea17a0a3ce25d894,403,1
xss,search,1,180,fb626cfa14025ba3,403,1
xss,search,1,181,3b915c6b3313eff7,403,1
xss,search,1,182,efe790dcbd22cf37,403,1
xss,search,1,183,d160e413fc93bea0,403,1
xss,search,1,184,d9f724694ec1e638,403,1
xss,search,1,185,ecbb5d122e4efc61,403,1
xss,search,1,186,d84752d3a7051e75,403,1
xss,search,1,187,8b39227d7d393f12,403,1
xss,search,1,188,19a34be980ed9539,403,1
xss,search,1,189,8d4b5f846d35d5f6,403,1
xss,search,1,190,201bf8ef3a00fa17,403,1
xss,search,1,191,9467270cfaf5f34f,403,1
xss,search,1,192,9baad56a04f6dd25,403,1
xss,search,1,193,a00ed0a68dde24b2,403,1
xss,search,1,194,b7417475301ee4ad,403,1
xss,search,1,195,bb2c17e9101141e4,403,1
xss,search,1,196,4c7ecd908b187cff,403,1
xss,search,1,197,e58d03dfb7d3b1d1,403,1
xss,search,1,198,7c8ed89362b86386,403,1
xss,search,1,199,d3f706cb5487f9a6,403,1
xss,search,1,200,7c938792627de882,403,1
xss,search,1,201,96da49ab3334ddca,403,1
xss,search,1,202,8d541a02df6378c7,403,1
xss,search,1,203,750dd1f051414a52,403,1
xss,search,1,204,d85f1f5676bd3992,403,1
xss,search,1,205,6a37f65fc1e6118c,403,1
xss,search,1,206,4e3eba8f1b898c40,403,1
xss,search,1,207,c57587a21d780a01,403,1
xss,search,1,208,9b769980cf73a577,403,1
xss,search,1,209,cc3a5297ef738b76,403,1
xss,search,1,210,ff7abfa0c87f60af,403,1
xss,search,1,211,c2bfb5315fcab181,403,1
xss,search,1,212,a155dda5eea6d32d,403,1
xss,search,1,213,3dd0a90a57ae79f5,403,1
xss,search,1,214,924db8bd36d88737,403,1
xss,search,1,215,8e0daaafd53260e9,403,1
xss,search,1,216,d85ed3913bf5382d,403,1
xss,search,1,217,47e21c39a79c4b53,403,1
xss,search,1,218,aa96f9dfa8632934,403,1
xss,search,1,219,03a8867391823b13,403,1
xss,search,1,220,d66f7d8babfbb25e,403,1
xss,search,1,221,4133efc915b56566,403,1
xss,search,1,222,b05a35510ff15288,403,1
xss,search,1,223,1b337d01b9e0cf5e,403,1
xss,search,1,224,2523762870c22e6a,403,1
xss,search,1,225,2bb98dd79dbeb6bf,403,1
xss,search,1,226,b95cfdf4e4c44a7a,403,1
xss,search,1,227,2b7ca72a7a5f9ba3,403,1
xss,search,1,228,bad8d771d929a64e,403,1
xss,search,1,229,77d5441b751856ed,403,1
xss,search,1,230,d1234065988da1c8,403,1
xss,search,1,231,89ba50ecb06e6c90,403,1
xss,search,1,232,bb8c64878c348568,403,1
xss,search,1,233,39f2aed4e4a90410,403,1
xss,search,1,234,9251e17f74b2efb6,403,1
xss,search,1,235,44d73a162008003b,403,1
xss,search,1,236,0efce977e778f4be,403,1
xss,search,1,237,2c64fc0cdf5d12ad,403,1
xss,search,1,238,8f3f66edb7861f85,403,1
xss,search,1,239,89a2ad3f60744384,403,1
xss,search,1,240,aebfcf8c7e561d3d,403,1
xss,search,1,241,5d940d504e1fe120,403,1
xss,search,1,242,3ffe70a48debf7ed,403,1
xss,search,1,243,fb485302b70f6b5a,403,1
xss,search,1,244,8511ef4ef2d8ff46,403,1
xss,search,1,245,03ab2139a339cc9c,403,1
xss,search,1,246,fb939f2b03a19ec7,403,1
xss,search,1,247,bf4f0a54deefea33,403,1
xss,search,1,248,0c73a20dfc8871f2,403,1
xss,search,1,249,6df9899959f218c8,403,1
xss,search,1,250,0c05ffa6c4ddb2a4,403,1
xss,search,1,251,2b9dfdfe7d902b4d,403,1
xss,search,1,252,d6be05911d5bc527,403,1
xss,search,1,253,b57e71fedb88861c,403,1
xss,search,1,254,b1cc81bd0980bab0,403,1
xss,search,1,255,a62d024de8029d7d,403,1
xss,search,1,256,6c8d738f222a27ae,403,1
xss,search,1,257,6cba9e8397a69720,403,1
xss,search,1,258,afc356cc4686ab8d,403,1
xss,search,1,259,457d452c582b2a82,403,1
xss,search,1,260,1864fcdcb75e234e,403,1
xss,search,1,261,7fbf5e96b4974132,403,1
xss,search,1,262,272ffaf8d4515e01,403,1
xss,search,1,263,2e171b7044194755,403,1
xss,search,1,264,e6b23ffae017ea0e,403,1
xss,search,1,265,32d30ed7b7e3d872,403,1
xss,search,1,266,a0b10b1f60d2c3e9,403,1
xss,search,1,267,2c617e49bbb659a5,403,1
xss,search,1,268,47583d297ba6208a,403,1
xss,search,1,269,14a10f4705e5306c,403,1
xss,search,1,270,62e0c5ec24ab92e5,403,1
xss,search,1,271,0dab98bea2a16b66,403,1
xss,search,1,272,5de8e8fb8c60d964,403,1
xss,search,1,273,dc08f9795fbfb0a4,403,1
xss,search,1,274,3fcd1628aee662ea,403,1
xss,search,1,275,b6c22d0ef8a3a5db,403,1
xss,search,1,276,ec4a782ae3edb759,403,1
xss,search,1,277,2cd0654c402f3fd0,403,1
xss,search,1,278,9ae0a059eae7a40f,403,1
xss,search,1,279,3269314a8e489e43,403,1
xss,search,1,280,9b7379845f439474,403,1
xss,search,1,281,e76dfdc7398c75ba,403,1
xss,search,1,282,6638d4817d08587d,403,1
xss,search,1,283,449d7b56b4177cff,403,1
xss,search,1,284,4686ce13a3e5b46b,403,1
xss,search,1,285,3beada10b9a8d952,403,1
xss,search,1,286,acfff8783799fcd8,403,1
xss,search,1,287,e57e5459d6f54114,403,1
xss,search,1,288,35c0c51ab8456538,403,1
xss,search,2,0,a51097a0f3c3c4d5,403,1
xss,search,2,1,70fc4a8e188270c4,403,1
xss,search,2,2,b9bd8282f6cc8024,403,1
xss,search,2,3,f0e5668186dd04b7,403,1
xss,search,2,4,dedec22af7abcecc,403,1
xss,search,2,5,72bffd66644a4058,403,1
xss,search,2,6,6da3f767c58fe46b,403,1
xss,search,2,7,b7580eee465aae38,403,1
xss,search,2,8,e666942aed61ebf9,403,1
xss,search,2,9,8cf939b322d763b6,403,1
xss,search,2,10,862164f9b7dcf804,403,1
xss,search,2,11,d23de9f042ab1f39,403,1
xss,search,2,12,00d0d0fd23a442bf,403,1
xss,search,2,13,092e86b7b2996c9c,403,1
xss,search,2,14,ed9fbd6d71bd1443,403,1
xss,search,2,15,a4d1b115024b0427,403,1
xss,search,2,16,59eb2e1323ecf0b4,403,1
xss,search,2,17,50360ee20a30a910,403,1
xss,search,2,18,01cd272480e8069d,403,1
xss,search,2,19,0089cf33dfd7f04d,403,1
xss,search,2,20,53f84627c7265539,403,1
xss,search,2,21,a2926d49c450828b,403,1
xss,search,2,22,785a48aab45354a6,403,1
xss,search,2,23,aea1e7c28a3f78ba,403,1
xss,search,2,24,d570ea7693a0c890,403,1
xss,search,2,25,0a8e2f492c2df730,403,1
xss,search,2,26,158d5b2447f099ff,403,1
xss,search,2,27,bae65612c65dfd75,403,1
xss,search,2,28,8d7b3ec3ca1dfbf8,403,1
xss,search,2,29,0ddd8209fc436dc9,403,1
xss,search,2,30,826eeb85488bab44,403,1
xss,search,2,31,5d71456d97d80f21,403,1
xss,search,2,32,e14f74e53d3f20cd,403,1
xss,search,2,33,8f300ce21d8b0032,403,1
xss,search,2,34,176654bb7b0e06d3,403,1
xss,search,2,35,5d66aa267bc8d991,403,1
xss,search,2,36,3a6b8f429cb78071,403,1
xss,search,2,37,f107d5953f606d24,403,1
xss,search,2,38,2ab39c288afb608a,403,1
xss,search,2,39,4d01e354ec83b933,403,1
xss,search,2,40,631fc6057c2bfbcb,403,1
xss,search,2,41,d8669526d2264bb4,403,1
xss,search,2,42,f4eaf7bb3edb585d,403,1
xss,search,2,43,6b25ae327015afbb,403,1
xss,search,2,44,3ba5d8ee0d4b0539,403,1
xss,search,2,45,3ef6d64fe80ef11b,403,1
xss,search,2,46,906b5fc29e533047,403,1
xss,search,2,47,9f8d563f06b83496,403,1
xss,search,2,48,209e8f37fc09d9ce,403,1
xss,search,2,49,efbbf7995a5f5886,403,1
xss,search,2,50,42abbfa6546529fc,403,1
xss,search,2,51,b17ccfa3c4dd8dee,403,1
xss,search,2,52,3b2fa586371571d7,403,1
xss,search,2,53,de123ed081e2b557,403,1
xss,search,2,54,38e538038f78aefc,403,1
xss,search,2,55,18242ff4529e7e86,403,1
xss,search,2,56,49f42b46a51a39b5,403,1
xss,search,2,57,13c2635139361f90,403,1
xss,search,2,58,e5cd5953449f6074,403,1
xss,search,2,59,589e196a66da7a46,403,1
xss,search,2,60,80349ec7c0433a4b,403,1
xss,search,2,61,4f1b338a20014f37,403,1
xss,search,2,62,cb58633e3eb342b9,403,1
xss,search,2,63,dd7af5a12e5f6dfc,403,1
xss,search,2,64,ea4f6cd4e6a0ee32,403,1
xss,search,2,65,394151553d50cd58,403,1
xss,search,2,66,2b0ed759eda529c9,403,1
xss,search,2,67,54a99d42ceca77df,403,1
xss,search,2,68,2b8239d5e3a14e51,403,1
xss,search,2,69,69b252b16d035dcd,403,1
xss,search,2,70,b6145775aee66d63,403,1
xss,search,2,71,60d5ca50322eedeb,403,1
xss,search,2,72,dba1f2c381df1ff4,403,1
xss,search,2,73,83a9c7307592a63b,403,1
xss,search,2,74,374ca603cc91792f,403,1
xss,search,2,75,a44b7f5bb3ed4d85,403,1
xss,search,2,76,8899af010cbfd905,403,1
xss,search,2,77,6039176716ebd65a,403,1
xss,search,2,78,7af666a9a9ecf33e,403,1
xss,search,2,79,50a4dfa8e6d54a5f,403,1
xss,search,2,80,307d76a73640a7e9,403,1
xss,search,2,81,b2b7f88c58ea9aba,403,1
xss,search,2,82,ef5b0b1a2b7eb979,403,1
xss,search,2,83,2abe38c6d1b03a0d,403,1
xss,search,2,84,51cd19e450c85bbe,403,1
xss,search,2,85,d6fec98f036c35e7,403,1
xss,search,2,86,84f33acb7dbd2ce9,403,1
xss,search,2,87,ab95326c8ca77c1e,403,1
xss,search,2,88,9328f878f7baf357,403,1
xss,search,2,89,88d3a986105c1172,403,1
xss,search,2,90,7915d3b90c785b26,403,1
xss,search,2,91,82ddcbcb298b31ca,403,1
xss,search,2,92,470df2dc0aeda55d,403,1
xss,search,2,93,3fb381f2fbee95dc,403,1
xss,search,2,94,de064881e078a5c6,403,1
xss,search,2,95,c1422900f8acd816,403,1
xss,search,2,96,7bc90ac135e3c548,403,1
xss,search,2,97,105f612880f7cd86,403,1
xss,search,2,98,20b96b1a4a11c419,403,1
xss,search,2,99,3764a4fb6df00521,403,1
xss,search,2,100,ae8b9982b6d1c94b,403,1
xss,search,2,101,cb8d984b73494e96,403,1
xss,search,2,102,651a8365d87a2cc0,403,1
xss,search,2,103,a31784be2bd7119e,403,1
xss,search,2,104,c1db7154bde3b3b0,403,1
xss,search,2,105,1f21abff3cbb4a40,403,1
xss,search,2,106,df79e1ad91a3fc3b,403,1
xss,search,2,107,806e725513aa9399,403,1
xss,search,2,108,34f63bdc65f6c8c5,403,1
xss,search,2,109,66d96616687ee6a7,403,1
xss,search,2,110,7996a1a72fb5328f,403,1
xss,search,2,111,42085ff487a1985a,403,1
xss,search,2,112,c138896193fea619,403,1
xss,search,2,113,bf8c020f1ac64699,403,1
xss,search,2,114,016d1c551d2c6093,403,1
xss,search,2,115,5f231617ac6d2f5b,403,1
xss,search,2,116,5d1859d2cd5df9c0,403,1
xss,search,2,117,51e37c0fd8734624,403,1
xss,search,2,118,827d8f4c08de65a0,403,1
xss,search,2,119,ee4a08a396d807c7,403,1
xss,search,2,120,70e7d62dfe75c28a,403,1
xss,search,2,121,176d934085a0f40e,403,1
xss,search,2,122,4044bb8ba774fc9e,403,1
xss,search,2,123,8bf802124dcdbefe,403,1
xss,search,2,124,48ab59e7fee282a3,403,1
xss,search,2,125,bc2ec0f30028831f,403,1
xss,search,2,126,311dbb0b1b47219a,403,1
xss,search,2,127,ebd0122c7dea6a60,403,1
xss,search,2,128,f4b089053970cb6f,403,1
xss,search,2,129,ce9591713c6b9f02,403,1
xss,search,2,130,9ac1caccebd3ee96,403,1
xss,search,2,131,aad369237532a800,403,1
xss,search,2,132,1c64609c364c5296,403,1
xss,search,2,133,cccc296c27e13f39,403,1
xss,search,2,134,4f994ddad8021bc0,403,1
xss,search,2,135,1f51d97a17bf59b2,403,1
xss,search,2,136,be22bf8121023bf6,403,1
xss,search,2,137,a3b2ceeed3b797f0,403,1
xss,search,2,138,4fe77407e48ef4f3,403,1
xss,search,2,139,b46197f21ae66c3c,403,1
xss,search,2,140,8d6197218367a2d7,403,1
xss,search,2,141,3e115128e416ec2d,403,1
xss,search,2,142,d2b98511d223457c,403,1
xss,search,2,143,0f45b35858d61cff,403,1
xss,search,2,144,36d4cab7b5bbf684,403,1
xss,search,2,145,dec07b4245c79c5b,403,1
xss,search,2,146,06dc90c31a0e6b81,403,1
xss,search,2,147,d66cb56b5d157489,403,1
xss,search,2,148,ad4f63d8338b8ea0,403,1
xss,search,2,149,a34664143d30d652,403,1
xss,search,2,150,5597caad37666496,403,1
xss,search,2,151,f2d4e089b05d0ba8,403,1
xss,search,2,152,b5f05f20afa36dfd,403,1
xss,search,2,153,f34a02dcf284fe5f,403,1
xss,search,2,154,5e300966314dafc3,403,1
xss,search,2,155,57fa325fd9126232,403,1
xss,search,2,156,8d82fbf244f4bd72,403,1
xss,search,2,157,90b563afa31969b9,403,1
xss,search,2,158,7319316b47985b3b,403,1
xss,search,2,159,08d25a61e81554c3,403,1
xss,search,2,160,c0aa16636b0e1454,403,1
xss,search,2,161,bce4da4e4db70a24,403,1
xss,search,2,162,4a52caf0ae41f4bd,403,1
xss,search,2,163,d741e406d26e2f57,403,1
xss,search,2,164,6c8c63e1c151cd9b,403,1
xss,search,2,165,fe0884d407f7f05b,403,1
xss,search,2,166,d20557bc49eea70d,403,1
xss,search,2,167,c844c256d619d36f,403,1
xss,search,2,168,77f514f71d33a6db,403,1
xss,search,2,169,a9373714acb4d908,403,1
xss,search,2,170,f03f10900faa373c,403,1
xss,search,2,171,31b37ca1b80e0481,403,1
xss,search,2,172,83e7f7cf6f7392fc,403,1
xss,search,2,173,cc3db3fc48f7c661,403,1
xss,search,2,174,1be0be696b9c7824,403,1
xss,search,2,175,69b6aa6f2a745cec,403,1
xss,search,2,176,5dc4e6212ed49e1d,403,1
xss,search,2,177,eedf15d5044c5947,403,1
xss,search,2,178,bb5473f2a1e6d99f,403,1
xss,search,2,179,e1e42e93072abd5b,403,1
xss,search,2,180,200a204cd889ec4a,403,1
xss,search,2,181,c94bc53929b2260c,403,1
xss,search,2,182,4a03870cf8fbdd9b,403,1
xss,search,2,183,97844a1fb1c8ce60,403,1
xss,search,2,184,836934a8613abaff,403,1
xss,search,2,185,9ec3f92221b174b0,403,1
xss,search,2,186,61543feedbe7934c,403,1
xss,search,2,187,2020756358dad20d,403,1
xss,search,2,188,0648c95545f913c7,403,1
xss,search,2,189,3aafe27111384dea,403,1
xss,search,2,190,33062c825260f2f6,403,1
xss,search,2,191,ebf8bfc02e9735ab,403,1
xss,search,2,192,3e62c821f483e0d2,403,1
xss,search,2,193,50e201cbbc077e36,403,1
xss,search,2,194,8079930b8299cad7,403,1
xss,search,2,195,9f2907bf9381d860,403,1
xss,search,2,196,6ea2960c6e649661,403,1
xss,search,2,197,429ac79b7fdde243,403,1
xss,search,2,198,a0c88743b44db155,403,1
xss,search,2,199,dcaa691db547f7de,403,1
xss,search,2,200,e5673e8bb922a46f,403,1
xss,search,2,201,0dd6a4a30d557e6d,403,1
xss,search,2,202,d731a1fe991b1642,403,1
xss,search,2,203,ef9ddd32c095ad9b,403,1
xss,search,2,204,87971c1bed31ffbf,403,1
xss,search,2,205,308a4b006d38c0c5,403,1
xss,search,2,206,dac0d19966ae821d,403,1
xss,search,2,207,3c3d792e705f403b,403,1
xss,search,2,208,0d7a09bab23bea29,403,1
xss,search,2,209,17110fe06969c220,403,1
xss,search,2,210,71ce01479d305d9b,403,1
xss,search,2,211,5c141f86392b08e4,403,1
xss,search,2,212,86692c0451580384,403,1
xss,search,2,213,8ed98a2154e78639,403,1
xss,search,2,214,5502062467adc62e,403,1
xss,search,2,215,fe4fb2e86adec75b,403,1
xss,search,2,216,ecf86c64c606feb8,403,1
xss,search,2,217,8ef3ebf48bb0ab0d,403,1
xss,search,2,218,2df46b53c94c9ab7,403,1
xss,search,2,219,f919101f1990e6a6,403,1
xss,search,2,220,8f23944d8f301ae1,403,1
xss,search,2,221,fc92756850820635,403,1
xss,search,2,222,8369514ad0e02c37,403,1
xss,search,2,223,708800188d2b5087,403,1
xss,search,2,224,fe64477d114e6a90,403,1
xss,search,2,225,476f0da845106fc8,403,1
xss,search,2,226,4cf2244d9bb3edc1,403,1
xss,search,2,227,f70df998f35f213b,403,1
xss,search,2,228,5c7e4b1f403cb56a,403,1
xss,search,2,229,57178907438ffe11,403,1
xss,search,2,230,2651d8a6c667f614,403,1
xss,search,2,231,4e1e7b9fae34dfad,403,1
xss,search,2,232,d3d4580515a502bc,403,1
xss,search,2,233,2af9c3f592f85288,403,1
xss,search,2,234,978d88ac516677d1,403,1
xss,search,2,235,414e5fcbd6063186,403,1
xss,search,2,236,2b2706e561643f5a,403,1
xss,search,2,237,d19c41c3a3e3a59b,403,1
xss,search,2,238,aae14efa534149a9,403,1
xss,search,2,239,2debb09a603921bc,403,1
xss,search,2,240,913ffc5e672b3c43,403,1
xss,search,2,241,ed2e2688b912931d,403,1
xss,search,2,242,1898a58a7dc1f3ac,403,1
xss,search,2,243,ec7504ab9a6a0451,403,1
xss,search,2,244,d72f0d748e3dc616,403,1
xss,search,2,245,79842712f8c11cb6,403,1
xss,search,2,246,9dd36bdb6607f58a,403,1
xss,search,2,247,3d5d237a950ea24a,403,1
xss,search,2,248,4144a20dda3e70f3,403,1
xss,search,2,249,2bc697da519cc27f,403,1
xss,search,2,250,145b3f500c5d12f1,403,1
xss,search,2,251,0cd7cd77933b66ad,403,1
xss,search,2,252,4efa1509136471a2,403,1
xss,search,2,253,2fd1cd716223cc46,403,1
xss,search,2,254,7d37febabe4651d5,403,1
xss,search,2,255,b627bd1eeba38eba,403,1
xss,search,2,256,2960f26982b38efe,403,1
xss,search,2,257,e5b4e96ad5b0239d,403,1
xss,search,2,258,b807dbd65a9ad547,403,1
xss,search,2,259,46a8d58317092282,403,1
xss,search,2,260,fbc284aba46421b1,403,1
xss,search,3,0,092e86b7b2996c9c,403,1
xss,search,3,1,b16b057b003b2ef0,403,1
xss,search,3,2,52131896b5a9dcc9,403,1
xss,search,3,3,8cf939b322d763b6,403,1
xss,search,3,4,6e815016f38718ff,403,1
xss,search,3,5,9edfa692b094b47f,403,1
xss,search,3,6,50360ee20a30a910,403,1
xss,search,3,7,9e38c0a26983c234,403,1
xss,search,3,8,34d1007393223c23,403,1
xss,search,3,9,aa8ca88f14340f82,403,1
xss,search,3,10,84dc978fa16079cc,403,1
xss,search,3,11,92fbbebba2d9aec7,403,1
xss,search,3,12,04619131fc333575,403,1
xss,search,3,13,84b9d411e7ad98b4,403,1
xss,search,3,14,ca721ebf47f16f2f,403,1
xss,search,3,15,63cfc0c3975924f3,403,1
xss,search,3,16,9485b7bf3feec175,403,1
xss,search,3,17,001ca22df475ac0c,403,1
xss,search,3,18,dfba79139437b916,403,1
xss,search,3,19,38d63388bb7f8db3,403,1
xss,search,3,20,a2a688ce75c59510,403,1
xss,search,3,21,14f374f3af3f991a,403,1
xss,search,3,22,59942061849f3b5e,403,1
xss,search,3,23,f13e1a8d1af2b744,403,1
xss,search,3,24,47ce79db3bfc204f,403,1
xss,search,3,25,218d56f4ba88dfca,403,1
xss,search,3,26,56c127002d7bfa51,403,1
xss,search,3,27,6f37ab420fe2c359,403,1
xss,search,3,28,404801b5a3746faf,403,1
xss,search,3,29,cb4b91772cbdcf6f,403,1
xss,search,3,30,015f0ee12dcfa4c0,403,1
xss,search,3,31,cc0af2a7ed25b7be,403,1
xss,search,3,32,f1d0184c8cb8b270,403,1
xss,search,3,33,b8b77e60843ddeee,403,1
xss,search,3,34,311a71bec9fd36b0,403,1
xss,search,3,35,16581c4c975fc10b,403,1
xss,search,3,36,f202ffef5ba13f23,403,1
xss,search,3,37,b6d4ada2ccdcf7cb,403,1
xss,search,3,38,73263cb83b4a81b9,403,1
xss,search,3,39,16ececcb40acb558,403,1
xss,search,3,40,c2dee4a3d57d585a,403,1
xss,search,3,41,8c5132c5d7fb8c2f,403,1
xss,search,3,42,a677126be0ea7dbc,403,1
xss,search,3,43,14d9a1ff6c63649f,403,1
xss,search,3,44,7dd5f37325ea4aff,403,1
xss,search,3,45,94463da5b5f239e7,403,1
xss,search,3,46,e2ae8814c98c2a9b,403,1
xss,search,3,47,70fc4a8e188270c4,403,1
xss,search,3,48,5c5a3441b0d7b6b7,403,1
xss,search,3,49,ce348f6cc9777960,403,1
xss,search,3,50,3cfb78156a580376,403,1
xss,search,3,51,4d441cfccaa4deb8,403,1
xss,search,3,52,7b7fc8578f0c5e80,403,1
xss,search,3,53,7d475c9b3ab2cfc5,403,1
xss,search,3,54,7f13178e19657b2e,403,1
xss,search,3,55,414dd8b2015ce136,403,1
xss,search,3,56,9042b5a2bf84e82a,403,1
xss,search,3,57,95f8753577e5d3fb,403,1
xss,search,3,58,177fbaf1a5d8afc3,403,1
xss,search,3,59,a0ee80a5f82c4477,403,1
xss,search,3,60,77a3c1fd552d43c8,403,1
xss,search,3,61,f8fac298b8a85f79,403,1
xss,search,3,62,f8eb9fdf3d7ad451,403,1
xss,search,3,63,36428207016d9ae8,403,1
xss,search,3,64,82f64a8f6858e840,403,1
xss,search,3,65,e52b09d1325f03e9,403,1
xss,search,3,66,47162bab32799270,403,1
xss,search,3,67,e55017f2d37e7157,403,1
xss,search,3,68,f6fee0566b601809,403,1
xss,search,3,69,b17706a79931aaf1,403,1
xss,search,3,70,001fc6479f21698e,403,1
xss,search,3,71,488933cf9c663ea5,403,1
xss,search,3,72,1367f3e24f9b7c33,403,1
xss,search,3,73,5befa99ec31dca80,403,1
xss,search,3,74,6522afc5e0bc3cab,403,1
xss,search,3,75,1044fcb493d0e3d0,403,1
xss,search,3,76,4adb9ebd0b80f74b,403,1
xss,search,3,77,a07bd7e4f94fb22c,403,1
xss,search,3,78,61224b15327bc80f,403,1
xss,search,3,79,04d24e2b7681a291,403,1
xss,search,3,80,c25ea48527c8f230,403,1
xss,search,3,81,579355ba912cb250,403,1
xss,search,3,82,ed3305305dcd73fc,403,1
xss,search,3,83,8ad1d4a2ce61f7b2,403,1
xss,search,3,84,258cefd9f10b620d,403,1
xss,search,3,85,5c191b5460184310,403,1
xss,search,3,86,8eeeeff9612a79fe,403,1
xss,search,3,87,aa958a1a23ce219a,403,1
xss,search,3,88,3c01154471f1ec51,403,1
xss,search,3,89,2952db4ebee4055d,403,1
xss,search,3,90,801e7fd70e0429d3,403,1
xss,search,3,91,f627b6476eadb94b,403,1
xss,search,3,92,51901810c7539469,403,1
xss,search,3,93,cd7a48c4aa00ec79,403,1
xss,search,3,94,e4ece96a4d4c5f43,403,1
xss,search,3,95,a22ea72ef736aab8,403,1
xss,search,3,96,be389581292eeae7,403,1
xss,search,3,97,547b4d48ca87da2b,403,1
xss,search,3,98,fd81897a43a16ce9,403,1
xss,search,3,99,c2a19473c7f474be,403,1
xss,search,3,100,9f8a61c7f5bcc43d,403,1
xss,search,3,101,df5b61a371721c7e,403,1
xss,search,3,102,ebf5f3d6a67ac368,403,1
xss,search,3,103,b212434fb83e3333,403,1
xss,search,3,104,212af924663a0d1e,403,1
xss,search,3,105,c5fa2d2aa0b693e5,403,1
xss,search,3,106,4995ffd5dc9bae7c,403,1
xss,search,3,107,e5d248d2b0818953,403,1
xss,search,3,108,0f135b62167245ac,403,1
xss,search,3,109,f96db2be503c706e,403,1
xss,search,3,110,8856c426d17c800c,403,1
xss,search,3,111,95df6f8bb8ec84b5,403,1
xss,search,3,112,f4360700ec110004,403,1
xss,search,3,113,75023d55768a1b26,403,1
xss,search,3,114,62c3fdeaf71ec332,403,1
xss,search,3,115,29def314a487c67b,403,1
xss,search,3,116,e671a5f37497fa9e,403,1
xss,search,3,117,63e88e8c08ea4c1c,403,1
xss,search,3,118,018b63ec680efb86,403,1
xss,search,3,119,e530550bbca6afa1,403,1
xss,search,3,120,b7111da269b175ea,403,1
xss,search,3,121,2c0360400efd619b,403,1
xss,search,3,122,f8956764089a68e9,403,1
xss,search,3,123,b444a1fd01d2c2ee,403,1
xss,search,3,124,408bc8a67a6fda69,403,1
xss,search,3,125,c8ad5bd5e6e82a0d,403,1
xss,search,3,126,28631ff7eada5fd6,403,1
xss,search,3,127,466559cca0fe4b37,403,1
xss,search,3,128,f894922f314b3349,403,1
xss,search,3,129,5a82c67039b2c212,403,1
xss,search,3,130,2dda06d12e55298a,403,1
xss,search,3,131,02180b312177e3d4,403,1
xss,search,3,132,d8f9de17a6e6d3d4,403,1
xss,search,3,133,f372f9195c1ae5c2,403,1
xss,search,3,134,00d50dd76ea4f892,403,1
xss,search,3,135,7c6db01652123cbd,403,1
xss,search,3,136,78d891081d9ca4f3,403,1
xss,search,3,137,a14151bd585f554f,403,1
xss,search,3,138,ef4cf7d47e967ce8,403,1
xss,search,3,139,ba5efe329208e881,403,1
xss,search,3,140,6a957313ad787ef0,403,1
xss,search,3,141,f3ce322a2e23975b,403,1
xss,search,3,142,7cdc331f30cd3db5,403,1
xss,search,3,143,c85fe87f0c8b4a9a,403,1
xss,search,3,144,e2ebbd87b15b3861,403,1
xss,search,3,145,85759341ad1ed9ee,403,1
xss,search,3,146,8ffa13de749a38ff,403,1
xss,search,3,147,4b0a5f19b4bb9200,403,1
xss,search,3,148,cad1c03b44da059f,403,1
xss,search,3,149,d7fb666a507b4cc0,403,1
xss,search,3,150,783deadcb00490dd,403,1
xss,search,3,151,a4fe71d74cee8e44,403,1
xss,search,3,152,b01cc162860fb8c9,403,1
xss,search,3,153,7bd66a0681020f17,403,1
xss,search,3,154,243bb1773f34fefa,403,1
xss,search,3,155,cfccd0661b56a597,403,1
xss,search,3,156,acf1f4c3fd4f3a1f,403,1
xss,search,3,157,32f912f5121722a5,403,1
xss,search,3,158,0782e2b22c434799,403,1
xss,search,3,159,9bc7cc147d1f9988,403,1
xss,search,3,160,62e65ab4d19e8267,403,1
xss,search,3,161,e610329498eab9a5,403,1
xss,search,3,162,9932ceff341181d0,403,1
xss,search,3,163,f969c603fbe1d9a8,403,1
xss,search,3,164,c466bfdce900046e,403,1
xss,search,3,165,ac208ab5b40b2e92,403,1
xss,search,3,166,5e4d972045c0a58d,403,1
xss,search,3,167,c6cab2fd98125669,403,1
xss,search,3,168,3dbffc92506c8abc,403,1
xss,search,3,169,2a5f08df1d9efdc4,403,1
xss,search,3,170,261d28e215f1bdc8,403,1
xss,search,3,171,279f81d500908080,403,1
xss,search,3,172,fceaee11941a812b,403,1
xss,search,3,173,5b8f6530b2ef1b59,403,1
xss,search,3,174,79a79cac4ac682ac,403,1
xss,search,3,175,fee189939aaeb382,403,1
xss,search,3,176,be29de044ee92371,403,1
xss,search,3,177,e961138db371e7a1,403,1
xss,search,3,178,46687429f99a8f63,403,1
xss,search,3,179,207f5e9e7bea76c7,403,1
xss,search,3,180,a0de87cd03e781f4,403,1
xss,search,3,181,4679b8b4959b0aaf,403,1
xss,search,3,182,5602cdb1b5ffbd64,403,1
xss,search,3,183,0041d63490275c31,403,1
xss,search,3,184,80cf361f016d47df,403,1
xss,search,3,185,4a83c4b2539601e4,403,1
xss,search,3,186,ef8d22ab9e91027c,403,1
xss,search,3,187,c3b104c74b7d211a,403,1
xss,search,3,188,31eaa77237eda756,403,1
xss,search,3,189,12c034dc7bf6d8d8,403,1
xss,search,3,190,f258e1a2d7705d07,403,1
xss,search,3,191,c20c2872d7e2e451,403,1
xss,search,3,192,830f7c5a24e20cf8,403,1
xss,search,3,193,0189ce985dfb1a5f,403,1
xss,search,3,194,12d5d22fc234e3d9,403,1
xss,search,3,195,f495773ea63ec33e,403,1
xss,search,3,196,b865444bd27c4330,403,1
xss,search,3,197,5179bf9e1cdd9f9e,403,1
xss,search,3,198,12f9968eadd2e58d,403,1
xss,search,3,199,b512c0f96ae5f01d,403,1
xss,search,3,200,ead0be16a18c4d56,403,1
xss,search,3,201,79e3a45d02e534da,403,1
xss,search,3,202,9c3a89b023ff43e0,403,1
xss,search,3,203,e5881b031f8d6fee,403,1
xss,search,3,204,fdce7967d542a107,403,1
xss,search,3,205,769ce8af9b190fc9,403,1
xss,search,3,206,ad959b7aa6723e34,403,1
xss,search,3,207,98b8914368e7c98f,403,1
xss,search,3,208,b39b59f158da7af5,403,1
xss,search,3,209,8afb25e3c58ca326,403,1
xss,search,3,210,1d2a8fd6ec0d7093,403,1
xss,search,3,211,de7c9a71db3ece95,403,1
xss,search,3,212,fbd91fd6234ac100,403,1
xss,search,3,213,4f5c9cd5dddf8881,403,1
xss,search,3,214,3ad03ae069c21fd2,403,1
xss,search,3,215,8fbd5f4e9ae92af0,403,1
xss,search,3,216,497b696e1c28aa8f,403,1
xss,search,3,217,6f5b916041fea83f,403,1
xss,search,3,218,85e8b2b945850f4d,403,1
xss,search,3,219,b2a55c4c5882ff2c,403,1
xss,search,3,220,82ec10286a373766,403,1
xss,search,3,221,68b56a86bfb0c8c9,403,1
xss,search,3,222,3039adf7dc4c247f,403,1
xss,search,3,223,ed05fdfdc5157a01,403,1
xss,search,3,224,8745685d9a8e3b41,403,1
xss,search,3,225,5486cd56fbc5e0ca,403,1
xss,search,3,226,af2e9da26652b77f,403,1
xss,search,3,227,28bc2e659ea073c6,403,1
xss,search,3,228,d6bd544380b0c99b,403,1
xss,search,3,229,f32794c95fceec06,403,1
xss,search,3,230,fa0125cc799203fb,403,1
xss,search,3,231,327960821f4c89a5,403,1
xss,search,3,232,bf97a8331655b838,403,1
xss,search,3,233,6eec6472cab15a3f,403,1
xss,search,3,234,a59e0bee1389d98d,403,1
xss,search,3,235,498f16efd431f1c6,403,1
xss,search,3,236,f2598696889bcdee,403,1
xss,search,3,237,7fdf1e40b505a561,403,1
xss,search,3,238,381c8756380197a6,403,1
xss,search,3,239,ed6a755a3df6da7d,403,1
xss,search,3,240,4ca788d3f8ed1619,403,1
xss,search,3,241,8483076f0b17d173,403,1
xss,search,3,242,d9af6afb23f7f85e,403,1
xss,search,3,243,6153ff4777526330,403,1
xss,search,3,244,b7d9e264b81073f7,403,1
xss,search,3,245,95fedabf47ca3440,403,1
xss,search,3,246,7142e8cbd3c7a306,403,1
xss,search,3,247,76a4b071aa8b3635,403,1
xss,search,3,248,2dc59155542683df,403,1
xss,search,3,249,b8168ed515a667b9,403,1
xss,search,3,250,e219fb448fb4b1c0,403,1
xss,search,3,251,89b1a8868878869e,403,1
xss,search,3,252,d5cc08ca23d01e40,403,1
xss,search,3,253,fe0d8f8adba26cc8,403,1
xss,search,3,254,5d0c1164f4542537,403,1
xss,search,3,255,0f988b2b430c53a0,403,1
xss,search,3,256,40708bba20481a8d,403,1
xss,search,3,257,952dcde552b8f635,403,1
xss,search,3,258,bbe86e05fd0a3eda,403,1
xss,search,3,259,4c46695d78fda6d8,403,1
xss,search,3,260,e600d9b1d6469eec,403,1
xss,search,3,261,57dfa07e295a2b2e,403,1
xss,search,3,262,ece8b3deb6413549,403,1
xss,search,3,263,1d202305ccd4f9d0,403,1
xss,search,3,264,8b690ef197b587bd,403,1
xss,search,3,265,d275f74e33980abc,403,1
xss,search,3,266,dbf6abe1f17c61d2,403,1
xss,search,3,267,92a68040c57d4b1c,403,1
xss,search,3,268,26b8679ffcd5463b,403,1
xss,search,3,269,aa30bc23500f9841,403,1
xss,search,3,270,827507f664e1cddc,403,1
xss,search,3,271,77a5afaf3ff1e35c,403,1
xss,search,3,272,27db68765c73c012,403,1
xss,search,3,273,6caa4d3d7dcbc258,403,1
xss,search,3,274,4c802bd12fda733a,403,1
xss,search,3,275,60b8bb15765afcc2,403,1
xss,search,3,276,fa1217304489e684,403,1
xss,search,3,277,33689b98d7818d9d,403,1
xss,search,3,278,1e04538522d75633,403,1
xss,search,3,279,eca76c732e722f29,403,1
xss,search,3,280,29f6dd03522d98b6,403,1
xss,search,3,281,ac9673c859406433,403,1
xss,search,3,282,09eda10bf4ac363a,403,1
xss,search,3,283,91c9a561eacf67e4,403,1
xss,search,3,284,2b80c632335ecfb8,403,1
xss,search,3,285,f8fe2e3dffc2af43,403,1
xss,search,3,286,a0bc9eb9c27fc210,403,1
xss,search,3,287,17aaf99ac9ef3982,403,1
xss,search,3,288,b15ee770ce6754d3,403,1
xss,search,3,289,2c40e6a03de0a00e,403,1
xss,search,3,290,c7b7f67e289bbc88,403,1
xss,search,3,291,4ea1c5b1b3b0bf74,403,1
xss,search,3,292,9c67b6d6d4c17a7a,403,1
xss,search,3,293,3c413be078243225,403,1
xss,search,3,294,1310506790c46e9a,403,1
xss,search,3,295,e0e53fc61ad93401,403,1
xss,search,3,296,04fc426734182591,403,1
xss,search,3,297,77f84a9c7d1f042c,403,1
xss,search,3,298,cf2f9e9bbc0674e4,403,1
xss,search,3,299,bfe845bdbac4b930,403,1
xss,search,3,300,10036f4a49dec049,403,1
xss,search,3,301,ab6e7a2ce88636bc,403,1
xss,search,3,302,2c8d94259a0ad897,403,1
xss,search,3,303,09da7af227a35f4d,403,1
xss,search,4,0,092e86b7b2996c9c,403,1
xss,search,4,1,72bffd66644a4058,403,1
xss,search,4,2,fc764f70bc7acaf1,403,1
xss,search,4,3,cf3c0fabbd3191ff,403,1
xss,search,4,4,8cf939b322d763b6,403,1
xss,search,4,5,21e6685ef8069f02,403,1
xss,search,4,6,52131896b5a9dcc9,403,1
xss,search,4,7,efd91a9ed1c30445,403,1
xss,search,4,8,34d1007393223c23,403,1
xss,search,4,9,6da3f767c58fe46b,403,1
xss,search,4,10,a51097a0f3c3c4d5,403,1
xss,search,4,11,ed9fbd6d71bd1443,403,1
xss,search,4,12,70fc4a8e188270c4,403,1
xss,search,4,13,d13c5807f03a033b,403,1
xss,search,4,14,84b9d411e7ad98b4,403,1
xss,search,4,15,862164f9b7dcf804,403,1
xss,search,4,16,e8bf881120747228,403,1
xss,search,4,17,50360ee20a30a910,403,1
xss,search,4,18,84dc978fa16079cc,403,1
xss,search,4,19,04422bda6c22e2c0,403,1
xss,search,4,20,aee987ec4c155728,403,1
xss,search,4,21,27cff8567f4a6967,403,1
xss,search,4,22,fe425bcab26edf34,403,1
xss,search,4,23,1d1bbc9cf56a94f8,403,1
xss,search,4,24,4296ca4f12f4ef6e,403,1
xss,search,4,25,e18627b84621ced5,403,1
xss,search,4,26,b676b18edcd8246f,403,1
xss,search,4,27,fd4aaf7f1d9032c3,403,1
xss,search,4,28,f2106a583b0cda4b,403,1
xss,search,4,29,bf8f0bf6fbe26e73,403,1
xss,search,4,30,dc83c1e892a98155,403,1
xss,search,4,31,f157cd8dd0b419fd,403,1
xss,search,4,32,4a50e4c866faa870,403,1
xss,search,4,33,15fdf726a7a968c4,403,1
xss,search,4,34,c92c0315e6ee3c1d,403,1
xss,search,4,35,49f12fa5c73a43da,403,1
xss,search,4,36,6d7bc40fdb04eb6c,403,1
xss,search,4,37,16393a71afeec3a2,403,1
xss,search,4,38,df4745b71b1dc057,403,1
xss,search,4,39,fb228fb75b78a2d1,403,1
xss,search,4,40,06835bc215c60b4c,403,1
xss,search,4,41,702b74b103a70f98,403,1
xss,search,4,42,d767ae16db00df4b,403,1
xss,search,4,43,6b6edfc273a0547b,403,1
xss,search,4,44,31ff066d02a4741e,403,1
xss,search,4,45,097d5ea86d095a61,403,1
xss,search,4,46,dcaddea033d42969,403,1
xss,search,4,47,cc800bded2db7892,403,1
xss,search,4,48,d5ff8da1b66a9726,403,1
xss,search,4,49,35538d2616ccf64a,403,1
xss,search,4,50,9810a7c0b30f139d,403,1
xss,search,4,51,569ec573a35dcfca,403,1
xss,search,4,52,f2d2e6bd1116e05e,403,1
xss,search,4,53,68213584b403048e,403,1
xss,search,4,54,fd6a0be9b662958e,403,1
xss,search,4,55,c302be4993b8fdba,403,1
xss,search,4,56,7775fe65baedf2b0,403,1
xss,search,4,57,765258013272b764,403,1
xss,search,4,58,8d7c85b13e74021e,403,1
xss,search,4,59,e5677604d1cb0d4f,403,1
xss,search,4,60,5579fa29b62421e4,403,1
xss,search,4,61,8f9f5f49b5c58d12,403,1
xss,search,4,62,7f5241445aa7ad8f,403,1
xss,search,4,63,7e781c14900a4411,403,1
xss,search,4,64,f05b068765cd2c0b,403,1
xss,search,4,65,e51edb36c6fc5220,403,1
xss,search,4,66,0a1fdbce82fc5fc1,403,1
xss,search,4,67,90d28d3960bcc5a1,403,1
xss,search,4,68,44e20e2bf4d317e8,403,1
xss,search,4,69,70bf5f56f98cec7a,403,1
xss,search,4,70,bf6ec36f47c03535,403,1
xss,search,4,71,d834e4d77f6b849d,403,1
xss,search,4,72,9158bb7258fb34c9,403,1
xss,search,4,73,ccb1cdbbfc361ca8,403,1
xss,search,4,74,e827ebe553f97709,403,1
xss,search,4,75,d239a6a0c81532c8,403,1
xss,search,4,76,0026812acb360cbc,403,1
xss,search,4,77,9ae1369d1ffa73ea,403,1
xss,search,4,78,24b951c4af2c05a7,403,1
xss,search,4,79,3dc47319eb4a3f6a,403,1
xss,search,4,80,ac36059043252c29,403,1
xss,search,4,81,ad51a4994db8bf6a,403,1
xss,search,4,82,6f22ac4d9f02c367,403,1
xss,search,4,83,3e8d1817d6680959,403,1
xss,search,4,84,472dcb37f32f4942,403,1
xss,search,4,85,50974671ae69d323,403,1
xss,search,4,86,95a760e4ec500aaa,403,1
xss,search,4,87,9ae7173846888e6a,403,1
xss,search,4,88,d9f356b9a7219f84,403,1
xss,search,4,89,3a047d206a9e16de,403,1
xss,search,4,90,dea28b6d80de84f3,403,1
xss,search,4,91,08349385d518a74c,403,1
xss,search,4,92,dd4c206c3559aa39,403,1
xss,search,4,93,bab631fa35b03a5b,403,1
xss,search,4,94,200a6468923d32aa,403,1
xss,search,4,95,2294011cdf0db081,403,1
xss,search,4,96,1fa8febb6b1232e8,403,1
xss,search,4,97,73b92121d8c94258,403,1
xss,search,4,98,61cc2deb30f24b39,403,1
xss,search,4,99,4f7e6b6e84350f0e,403,1
xss,search,4,100,cbf1264e2e40b21a,403,1
xss,search,4,101,ac04009a11107cc1,403,1
xss,search,4,102,f237d5f64670d71c,403,1
xss,search,4,103,cb2a441c0118ea51,403,1
xss,search,4,104,4ffea347d4934e67,403,1
xss,search,4,105,b44e7fcabe589985,403,1
xss,search,4,106,d615b65a835f6e33,403,1
xss,search,4,107,28c6e6fed75ae6ae,403,1
xss,search,4,108,744744930e5e5736,403,1
xss,search,4,109,7e2bf4df60f3864d,403,1
xss,search,4,110,fc601acc876775ad,403,1
xss,search,4,111,17fc8a4f118fdcb8,403,1
xss,search,4,112,dc0438fe42dafc5c,403,1
xss,search,4,113,fe74a1e5343ee128,403,1
xss,search,4,114,1f833965011ff0a9,403,1
xss,search,4,115,16e21ee337bb5884,403,1
xss,search,4,116,aa29b743816694bf,403,1
xss,search,4,117,c770feb0d6b6f1cc,403,1
xss,search,4,118,80b5f8467231eb0b,403,1
xss,search,4,119,9fe9ec2bf6386190,403,1
xss,search,4,120,713db8538623076a,403,1
xss,search,4,121,41dfccc9ffb5c214,403,1
xss,search,4,122,d524aed1dc2644e6,403,1
xss,search,4,123,48d1c5c45a60d613,403,1
xss,search,4,124,7e2bf4df60f3864d,403,1
xss,search,4,125,cec48dc29a6f0301,403,1
xss,search,4,126,0026812acb360cbc,403,1
xss,search,4,127,141be373c2781dc9,403,1
xss,search,4,128,bffe7d8dc6a213ab,403,1
xss,search,4,129,a33195345808f37e,403,1
xss,search,4,130,c36e590402a03d8f,403,1
xss,search,4,131,9fc015792f50703b,403,1
xss,search,4,132,60c87c28cf6ea59f,403,1
xss,search,4,133,d51abbdada2eadc7,403,1
xss,search,4,134,8e6072b197447599,403,1
xss,search,4,135,7541be5a38fc79e0,403,1
xss,search,4,136,d4303d6c90b699e0,403,1
xss,search,4,137,fd151e4f6bc5edfd,403,1
xss,search,4,138,7d9c3a2fe94ce56b,403,1
xss,search,4,139,921dba2b2334c4b6,403,1
xss,search,4,140,cf04c37cd68d6113,403,1
xss,search,4,141,b9a4592ae1b71092,403,1
xss,search,4,142,b4e950b7f756c4c5,403,1
xss,search,4,143,5b13d94cb8bd50e0,403,1
xss,search,4,144,3c5e275babce3660,403,1
xss,search,4,145,d13b03cdc121dc43,403,1
xss,search,4,146,17fcf22c278b6d12,403,1
xss,search,4,147,1b7d4190d7dc6e0f,403,1
xss,search,4,148,23589fe6c307de64,403,1
xss,search,4,149,96cedca8786c35a1,403,1
xss,search,4,150,50bed6a224b61ea6,403,1
xss,search,4,151,769d976e24b5010a,403,1
xss,search,4,152,239af7fbafa07fc0,403,1
xss,search,4,153,d925448d689aac68,403,1
xss,search,4,154,202b79579c8ca07a,403,1
xss,search,4,155,457d071341132e31,403,1
xss,search,4,156,c6337a05be88d36f,403,1
xss,search,4,157,8b95b14db2325111,403,1
xss,search,4,158,12fa53afcff75697,403,1
xss,search,4,159,1cc762981375fa83,403,1
xss,search,4,160,85302d22c52f5896,403,1
xss,search,4,161,b10b8560e33f05ea,403,1
xss,search,4,162,983fab095269f3f2,403,1
xss,search,4,163,5ebaae1cea94291c,403,1
xss,search,4,164,6137cb78c5cdaf80,403,1
xss,search,4,165,c00fef4679850c93,403,1
xss,search,4,166,9fe9ec2bf6386190,403,1
xss,search,4,167,37372decd8b26752,403,1
xss,search,4,168,3432904a63b20119,403,1
xss,search,4,169,1f50ec90b54e6fd2,403,1
xss,search,4,170,67607aedfb0463d5,403,1
xss,search,4,171,d9c0402def913845,403,1
xss,search,4,172,d524aed1dc2644e6,403,1
xss,search,4,173,e450e7d83796b10c,403,1
xss,search,4,174,69f6a16f8f11c844,403,1
xss,search,4,175,ec2454f59ca52d8c,403,1
xss,search,4,176,9d67e9d2bf11116a,403,1
xss,search,4,177,d4359ea8b710e517,403,1
xss,search,4,178,007a0f1b08db4c01,403,1
xss,search,4,179,21a99b42a9201dcb,403,1
xss,search,4,180,0439805f78434b9f,403,1
xss,search,4,181,7a3cb302ff0df011,403,1
xss,search,4,182,8244d6a14f8f0ec0,403,1
xss,search,4,183,60b17e6470b24895,403,1
xss,search,4,184,02d9ff934e57c86f,403,1
xss,search,4,185,3468c91de690cac1,403,1
xss,search,4,186,433685c9304de860,403,1
xss,search,4,187,61e99c9832828648,403,1
xss,search,4,188,a7c8b70b93729adf,403,1
xss,search,4,189,e347930976f846a5,403,1
xss,search,4,190,c8d1933822280eef,403,1
xss,search,4,191,9c6e41a6afe27412,403,1
xss,search,4,192,321efdbb55ff6e34,403,1
xss,search,4,193,cac4bd6172c63ba5,403,1
xss,search,4,194,c1dcb2bb0692376a,403,1
xss,search,4,195,bb542434f9bb1668,403,1
xss,search,4,196,9d313cac4066d939,403,1
xss,search,4,197,b8558f5639d19ac9,403,1
xss,search,4,198,e3e7c3108c94ddc5,403,1
xss,search,4,199,a46c4f43a96d3d2a,403,1
xss,search,4,200,9e67583ad628a778,403,1
xss,search,4,201,c166fe2992db16b5,403,1
xss,search,4,202,ae2ca8f9b43a6697,403,1
xss,search,4,203,5c42ea85351e9b12,403,1
xss,search,4,204,3643bf55081d331f,403,1
xss,search,4,205,d5c9a8e47f849e06,403,1
xss,search,4,206,e755b95155bfd009,403,1
xss,search,4,207,0c46ee58e5fe50b9,403,1
xss,search,4,208,b17d56bf77d5e346,403,1
xss,search,4,209,c2571eb964fc5705,403,1
xss,search,4,210,c42a8e00548c49b4,403,1
xss,search,4,211,c2c66f52d225685a,403,1
xss,search,4,212,b5dcf5856b5ab19c,403,1
xss,search,4,213,9ebc76bbb8b0c406,403,1
xss,search,4,214,37117dadb1a64ce0,403,1
xss,search,4,215,22b8e9d5a29b89fe,403,1
xss,search,4,216,db2d9ee2182da84c,403,1
xss,search,4,217,b9ec04fb90743c44,403,1
xss,search,4,218,d220d367709f5d9d,403,1
xss,search,4,219,f84fa125f17289e9,403,1
xss,search,4,220,d9d6f754b1cbd989,403,1
xss,search,4,221,2ab694e86045c5d9,403,1
xss,search,4,222,0ad353c05e2df6fb,403,1
xss,search,4,223,8211d5b244a4237f,403,1
xss,search,4,224,c821003ea1a8883a,403,1
xss,search,4,225,4c916886fdda1fb4,403,1
xss,search,4,226,5f53aca56a572ed6,403,1
xss,search,4,227,59af89f2d5fed7e8,403,1
xss,search,4,228,d9da04cec8914000,403,1
xss,search,4,229,90cc7e62a5020731,403,1
xss,search,4,230,6264b91e81408ff3,403,1
xss,search,4,231,c892742d9e669c19,403,1
xss,search,4,232,141a0b328d4af6ef,403,1
xss,search,4,233,8da90b2e8e9deaf2,403,1
xss,search,4,234,7004ff7fea1a1ab2,403,1
xss,search,4,235,f98dbd7e312c0d90,403,1
xss,search,4,236,f7dfc1feaba15910,403,1
xss,search,4,237,b427981b9d067a6f,403,1
xss,search,4,238,0729b9b06a883a61,403,1
xss,search,4,239,cf1c6557bc436538,403,1
xss,search,4,240,a5f07ef4474f8ed6,403,1
xss,search,4,241,7763776f62879ffd,403,1
xss,search,4,242,216918d944c36949,403,1
xss,search,4,243,85d68a01ec9ec51d,403,1
xss,search,4,244,a923cee7a95d3c3e,403,1
xss,search,4,245,aad3ca3b1f5f9d7a,403,1
xss,search,4,246,b1ecabb09c8a8a73,403,1
xss,search,4,247,3e7411efc9b830e0,403,1
xss,search,4,248,aa80d0a4b2f5ea3e,403,1
xss,search,4,249,394e8d176e177eca,403,1
xss,search,4,250,71b8861f34c7890f,403,1
xss,search,4,251,82b73808e4e705f4,403,1
xss,search,4,252,c9eb56cbe35eb9d5,403,1
xss,search,4,253,a03553a09e864fde,403,1
xss,search,4,254,5a0336765c2d8c2c,403,1
xss,search,4,255,e8e06e39f0aa4e74,403,1
xss,search,4,256,8e0b15d56899c4f8,403,1
xss,search,4,257,47a0eda92bd2c72e,403,1
xss,search,4,258,0c753344294bbf89,403,1
xss,search,4,259,8e0e5a01c6bf8ea7,403,1
xss,search,4,260,6be6a7d57b37a3f0,403,1
xss,search,4,261,b5f3df81ca18b565,403,1
xss,search,4,262,33e0785d1b890b17,403,1
xss,search,4,263,0e6fa2cac0082696,403,1
xss,search,4,264,56a145f35d15867c,403,1
xss,search,4,265,3ab704e33a406c61,403,1
xss,search,4,266,df16bab29067af97,403,1
xss,search,4,267,f1d3e3d5a00b39d0,403,1
xss,search,4,268,bd79fd9f173f58a6,403,1
xss,search,4,269,d718fcf48de9e6f1,403,1
xss,search,4,270,70064bb706dda871,403,1
xss,search,4,271,9adab9c857c1b63b,403,1
xss,search,4,272,2e628e88d21a101c,403,1
xss,search,4,273,49fe915931bb477e,403,1
xss,search,4,274,468db2bb4c458866,403,1
xss,search,4,275,a5548ec7f1fdfdc9,403,1
xss,search,4,276,b3ad5b8eb0d08bf2,403,1
xss,search,4,277,78962104f1135644,403,1
xss,search,4,278,6a17dcc85d59cf96,403,1
xss,search,4,279,34728d1da5c09bad,403,1
xss,search,4,280,40ce7472289be4f1,403,1
xss,search,4,281,4fd48823c931ad59,403,1
xss,search,4,282,237ce7065658c967,403,1
xss,search,4,283,6d6375c41f022f6a,403,1
xss,search,4,284,183e0bc835398581,403,1
xss,search,4,285,4cfae84816e79acb,403,1
xss,search,4,286,75c6c19d6724956e,403,1
xss,search,4,287,1934e6b1e78a0325,403,1
xss,search,4,288,8d14ac01063bc38a,403,1
xss,search,4,289,1db3a29cd8eafda9,403,1
xss,search,4,290,86b7819531c0ad56,403,1
xss,search,4,291,9b888e23d3f89074,403,1
xss,search,4,292,19ba3c156b244e7d,403,1
xss,search,4,293,2f6db0696bd7f819,403,1
xss,search,4,294,a46b04631663b5e8,403,1
xss,search,4,295,05d9812b9f34956f,403,1
xss,search,4,296,27533b0ba71b2961,403,1
xss,search,4,297,43066985f8ad350f,403,1
xss,search,4,298,26653455807c9e66,403,1
xss,search,4,299,4949b32e7804faa0,403,1
xss,search,4,300,d1d0d90b8e9f6a62,403,1
xss,search,4,301,c065a83bc581f5d6,403,1
xss,search,4,302,aac2b22214231b7f,403,1
xss,search,4,303,7bf697a875420a71,403,1
xss,search,4,304,9103bd107003b858,403,1
xss,search,4,305,83df2e83f7cce9d0,403,1
xss,search,4,306,4d330972e455bfd7,403,1
xss,search,4,307,ffc529572590c4bb,403,1
xss,search,4,308,7564f8df97229521,403,1
xss,search,4,309,b7bb1a8bbb62f261,403,1
xss,search,4,310,a0de50b316eb42f4,403,1
xss,search,4,311,41a0eda22230d430,403,1
xss,search,4,312,0d3f7c025a4ae9ab,403,1
xss,search,4,313,ff92bd821c39a828,403,1
xss,search,5,0,092e86b7b2996c9c,403,1
xss,search,5,1,8cf939b322d763b6,403,1
xss,search,5,2,9111ae75d337c39a,403,1
xss,search,5,3,a51097a0f3c3c4d5,403,1
xss,search,5,4,1483c84b2a43a1fc,403,1
xss,search,5,5,01cd272480e8069d,403,1
xss,search,5,6,99c530b421ef41ab,403,1
xss,search,5,7,84dc978fa16079cc,403,1
xss,search,5,8,60e2ed8ec957bb8f,403,1
xss,search,5,9,b407c68ded5532be,403,1
xss,search,5,10,4c7a3c8a288c0543,403,1
xss,search,5,11,be08c2a4e927c56d,403,1
xss,search,5,12,46a222cf642e64f3,403,1
xss,search,5,13,b4ee793a4115c8b2,403,1
xss,search,5,14,e9336808a16f3451,403,1
xss,search,5,15,a8ca1e1338f86f4d,403,1
xss,search,5,16,1b7627452369433a,403,1
xss,search,5,17,639525ab5c7c06aa,403,1
xss,search,5,18,b676b18edcd8246f,403,1
xss,search,5,19,ebfeb3b68e8c8591,403,1
xss,search,5,20,fe1aeda319722f9a,403,1
xss,search,5,21,0202517e5a79d5ed,403,1
xss,search,5,22,8585b8e7477f4a41,403,1
xss,search,5,23,67b70a9328d3f277,403,1
xss,search,5,24,f3d500278a8c6893,403,1
xss,search,5,25,c68a0d6d8211ff2b,403,1
xss,search,5,26,af4bcf0afe86a8de,403,1
xss,search,5,27,ad9e1fe036e958ae,403,1
xss,search,5,28,96e9c128a2372054,403,1
xss,search,5,29,da0e29e1dde86949,403,1
xss,search,5,30,6289fb6a4e378c8b,403,1
xss,search,5,31,63f02a6434af5482,403,1
xss,search,5,32,1c7e6444557ba91f,403,1
xss,search,5,33,5b3f1512d8235668,403,1
xss,search,5,34,679d7b1abcc7bf69,403,1
xss,search,5,35,4ad5c62c81a9963b,403,1
xss,search,5,36,a44a88e2577c5e5f,403,1
xss,search,5,37,768b2cae5a17d1f7,403,1
xss,search,5,38,3536df30e1397128,403,1
xss,search,5,39,12627d0ab3e66d8f,403,1
xss,search,5,40,b4d4790001ed934e,403,1
xss,search,5,41,fd5b9c119b06f710,403,1
xss,search,5,42,947cba17a6e80d14,403,1
xss,search,5,43,6638e7ae5cc28e19,403,1
xss,search,5,44,d79728ca3fdc10a6,403,1
xss,search,5,45,7a7fc009e5894add,403,1
xss,search,5,46,ee27ce5095383d81,403,1
xss,search,5,47,43a585b0197350e4,403,1
xss,search,5,48,b285a46154ca64b2,403,1
xss,search,5,49,44377464dc814645,403,1
xss,search,5,50,8da3ff9b3fff452d,403,1
xss,search,5,51,c65df833409e5c21,403,1
xss,search,5,52,32045328faba34e9,403,1
xss,search,5,53,2b1f2df9ca79fa14,403,1
xss,search,5,54,25ffaa45e6b9b8cb,403,1
xss,search,5,55,378342287aeae468,403,1
xss,search,5,56,954da6d5fbd276f1,403,1
xss,search,5,57,a4d8f5daa91f329a,403,1
xss,search,5,58,f53f4108c16f5662,403,1
xss,search,5,59,42f86ad9b325c06f,403,1
xss,search,5,60,d664353d2636e41c,403,1
xss,search,5,61,260e5ee96b989063,403,1
xss,search,5,62,4990e22deddae8ef,403,1
xss,search,5,63,b7caf3cc23b22646,403,1
xss,search,5,64,b64b0e193780022a,403,1
xss,search,5,65,a01e95d3abb40daa,403,1
xss,search,5,66,5800b62745ee1cde,403,1
xss,search,5,67,d82bc5ef497d3085,403,1
xss,search,5,68,ccae3c8e3eebd19f,403,1
xss,search,5,69,247ffd9bf0377298,403,1
xss,search,5,70,8a0991cc1b4ebf63,403,1
xss,search,5,71,abc9a58ba12fe8aa,403,1
xss,search,5,72,e4edbcfc0cc37c89,403,1
xss,search,5,73,178e44574a8830fc,403,1
xss,search,5,74,eb22082656ba78e3,403,1
xss,search,5,75,c393c8b49f525cc2,403,1
xss,search,5,76,609741dded8eea8b,403,1
xss,search,5,77,161fb9c0bd74d873,403,1
xss,search,5,78,baee01c8ed37a8a1,403,1
xss,search,5,79,36d88ad4d6b12e81,403,1
xss,search,5,80,d1e3364b8df4a8a0,403,1
xss,search,5,81,1c2885ad5b293d61,403,1
xss,search,5,82,9e30f69e424661b7,403,1
xss,search,5,83,c86c6c31ad14a9d9,403,1
xss,search,5,84,79ba51838230ba3a,403,1
xss,search,5,85,7d08c82ad6880d2b,403,1
xss,search,5,86,136d51061f2feb6a,403,1
xss,search,5,87,b359151c82e859af,403,1
xss,search,5,88,d9af85f64d4c7c6e,403,1
xss,search,5,89,b2358a3526658679,403,1
xss,search,5,90,4b56a28c2c95da53,403,1
xss,search,5,91,684ed9e36df2db45,403,1
xss,search,5,92,4bd79cdf93123def,403,1
xss,search,5,93,9d616641fbca4d7f,403,1
xss,search,5,94,20e2e525d508f85f,403,1
xss,search,5,95,e8cb77bf54629ce2,403,1
xss,search,5,96,3fae798f7cdc84b8,403,1
xss,search,5,97,9178fe86bd084121,403,1
xss,search,5,98,90dce66cdba8f9c2,403,1
xss,search,5,99,d3dc6aa14ae77061,403,1
xss,search,5,100,3e9cb3cf68a5c02f,403,1
xss,search,5,101,340231c201271974,403,1
xss,search,5,102,2b478e873e5072d2,403,1
xss,search,5,103,8ac6926cce85322f,403,1
xss,search,5,104,969605f4ed99001b,403,1
xss,search,5,105,2d95f4fedf2766e9,403,1
xss,search,5,106,ebe3f5eb56e6015e,403,1
xss,search,5,107,b7324828cd77b997,403,1
xss,search,5,108,b31960885094ecc8,403,1
xss,search,5,109,1238412ee106a2c6,403,1
xss,search,5,110,d535bed7bb28cad4,403,1
xss,search,5,111,5a7ee436fe30966d,403,1
xss,search,5,112,70e82f87294eeb40,403,1
xss,search,5,113,5c35e26c6bbb150f,403,1
xss,search,5,114,97a01cfe42935170,403,1
xss,search,5,115,8bbb29d0b093d777,403,1
xss,search,5,116,cef21167f7e9dbdc,403,1
xss,search,5,117,78307df4a124c1ef,403,1
xss,search,5,118,21865282523621d0,403,1
xss,search,5,119,f47d63350485d71e,403,1
xss,search,5,120,6ced06c3d6cceea2,403,1
xss,search,5,121,e64f25cc8f9d7818,403,1
xss,search,5,122,a4a8ecced406d9bb,403,1
xss,search,5,123,4508274a396383a0,403,1
xss,search,5,124,b0159673ab37dcda,403,1
xss,search,5,125,a043eb055e8dbaf6,403,1
xss,search,5,126,2a908d8790cc8e50,403,1
xss,search,5,127,3b36162e67d5365a,403,1
xss,search,5,128,35295157913a42ec,403,1
xss,search,5,129,86f32917d605ec45,403,1
xss,search,5,130,3d1bcd106ee8fe40,403,1
xss,search,5,131,28f97178fe600e6e,403,1
xss,search,5,132,d20c89222c731983,403,1
xss,search,5,133,5d2e7d671da029c7,403,1
xss,search,5,134,a868033b094fe57b,403,1
xss,search,5,135,51bdb1afb25871b9,403,1
xss,search,5,136,7ef40583f0afd374,403,1
xss,search,5,137,14a250899e18f89d,403,1
xss,search,5,138,823c2f5173ab4fad,403,1
xss,search,5,139,c2d3819381bf4d09,403,1
xss,search,5,140,cc388063e20c4df8,403,1
xss,search,5,141,1121bed271ff4017,403,1
xss,search,5,142,6f6fb00b9034db0d,403,1
xss,search,5,143,88e11542f354efb5,403,1
xss,search,5,144,6b34ab096406d2d8,403,1
xss,search,5,145,c9a394bfe8a283ec,403,1
xss,search,5,146,45ea52fd2f0b0831,403,1
xss,search,5,147,bfd818b1f076dcda,403,1
xss,search,5,148,c63436be8c8cdcc3,403,1
xss,search,5,149,00454aee5c65291f,403,1
xss,search,5,150,87bba8ea17563f10,403,1
xss,search,5,151,8e9b76da64116ffb,403,1
xss,search,5,152,343820a6bd17ee35,403,1
xss,search,5,153,a627180fdaf9d697,403,1
xss,search,5,154,5bd0381c06d7039f,403,1
xss,search,5,155,fdf745e6a869927c,403,1
xss,search,5,156,7c8b35de7758dff2,403,1
xss,search,5,157,939b04850e87a60f,403,1
xss,search,5,158,d9fff7b9b39e0d4d,403,1
xss,search,5,159,d410148e2399a72e,403,1
xss,search,5,160,290513bcd8c658ce,403,1
xss,search,5,161,5bba8b0567b632f6,403,1
xss,search,5,162,93c177e1cdc63e9a,403,1
xss,search,5,163,968fedd6417e9597,403,1
xss,search,5,164,3b90884ab3c4e5ac,403,1
xss,search,5,165,ef33ad440dfcc1ee,403,1
xss,search,5,166,e586c7043cfd5213,403,1
xss,search,5,167,6bca49d54940b6c0,403,1
xss,search,5,168,d3fd0b9b837664f1,403,1
xss,search,5,169,d8534b652927b1cf,403,1
xss,search,5,170,d8e3d761862eb2cf,403,1
xss,search,5,171,59846ae177fd1f06,403,1
xss,search,5,172,d95de9f8cf48ea23,403,1
xss,search,5,173,4ed9e9939ee2852f,403,1
xss,search,5,174,b65fa1bac5ef856c,403,1
xss,search,5,175,f3815779f81b925d,403,1
xss,search,5,176,c622f234111a1f56,403,1
xss,search,5,177,587015ca27112e07,403,1
xss,search,5,178,845ade6a7070ccff,403,1
xss,search,5,179,af06bad3ff30827a,403,1
xss,search,5,180,3888289647e20df7,403,1
xss,search,5,181,bf5c83f52041f3f2,403,1
xss,search,5,182,bc71c9ca92f8cd31,403,1
xss,search,5,183,c843d02f556ca7f6,403,1
xss,search,5,184,4259385f7859dafd,403,1
xss,search,5,185,7104edf3627a209e,403,1
xss,search,5,186,59be12966e5a84b2,403,1
xss,search,5,187,b7ae6d5707ec6e8b,403,1
xss,search,5,188,394ccc4c85237cd2,403,1
xss,search,5,189,f05f7e023e7ec9e9,403,1
xss,search,5,190,060639740ed94c9e,403,1
xss,search,5,191,0ec8c35f724adc1a,403,1
xss,search,5,192,4c4b95a603babd16,403,1
xss,search,5,193,f772aca4406db9a9,403,1
xss,search,5,194,50d6b33707f51cc7,403,1
xss,search,5,195,cfca1fcf9dae34a8,403,1
xss,search,5,196,9023c8f7ea2c862c,403,1
xss,search,5,197,c8ebb48487ff2a5c,403,1
xss,search,5,198,94d74bd30f03a4fa,403,1
xss,search,5,199,2bc542684e9b5188,403,1
xss,search,5,200,da4a9727c96214ed,403,1
xss,search,5,201,124fb0592ead995e,403,1
xss,search,5,202,5f497b1b92dff53b,403,1
xss,search,5,203,15ae1fbcb45d6fec,403,1
xss,search,5,204,9e6f1e70cb90506c,403,1
xss,search,5,205,65d1c23511061caa,403,1
xss,search,5,206,bc39e0ff2995a52e,403,1
xss,search,5,207,3ef081bbfdec580c,403,1
xss,search,5,208,0ca39253ef570454,403,1
xss,search,5,209,2bc6ccbf654e43a7,403,1
xss,search,5,210,2098f2b9a105a55b,403,1
xss,search,5,211,2e1e69a8f140530d,403,1
xss,search,5,212,96a95d4899b57935,403,1
xss,search,5,213,ec423fc23790697c,403,1
xss,search,5,214,c3bcc0e1eb059cbd,403,1
xss,search,5,215,a564d186cc0d55f8,403,1
xss,search,5,216,5dd6097ba737af69,403,1
xss,search,5,217,4c6d366829eab753,403,1
xss,search,5,218,044f51c62120ceae,403,1
xss,search,5,219,c8256f90756859ce,403,1
xss,search,5,220,7e6fa3eaf1e43abd,403,1
xss,search,5,221,58bb18f1d3dd1bfb,403,1
xss,search,5,222,8b2ba21d0c97e759,403,1
xss,search,5,223,232107faa5d656e9,403,1
xss,search,5,224,25d3c93f374f7300,403,1
xss,search,5,225,486835723ffa4738,403,1
xss,search,5,226,b5a69ae5c92c1603,403,1
xss,search,5,227,af54030bd8cf97e0,403,1
xss,search,5,228,f5ba6d3d83c7824a,403,1
xss,search,5,229,aca7210c280bcfee,403,1
xss,search,5,230,c1a4b66d098acd7e,403,1
xss,search,5,231,06aa380055a2848e,403,1
xss,search,5,232,bf014f439d3cd6be,403,1
xss,search,5,233,2030225910cb294b,403,1
xss,search,5,234,29a726e7029ed1ab,403,1
xss,search,5,235,28f11d7e8edab4fd,403,1
xss,search,5,236,48b9fdd14689d036,403,1
xss,search,5,237,c17dd81884c99cac,403,1
xss,search,5,238,4d471ed30dc0802b,403,1
xss,search,5,239,cde11b96580f02c0,403,1
xss,search,5,240,0b990c9c204b8865,403,1
xss,search,5,241,636d0edff550c8ae,403,1
xss,search,5,242,77145193f04a29d8,403,1
xss,search,5,243,efb9675a38aa6612,403,1
xss,search,5,244,562a8f0c03389409,403,1
xss,search,5,245,7171501ec3abdfcb,403,1
xss,search,5,246,86fb412a256fb993,403,1
xss,search,5,247,364f60c82d3b56d6,403,1
xss,search,5,248,0e2482863f5c9729,403,1
xss,search,5,249,d9cc3d30dbc4430d,403,1
xss,search,5,250,e92923cab240af13,403,1
xss,search,5,251,c07af2bf33c40e3f,403,1
xss,search,5,252,498f5c90a2df46c1,403,1
xss,search,5,253,6f5309fd42e95366,403,1
xss,search,5,254,87ee0f71b7bd354b,403,1
xss,search,5,255,ad043c6e153e574f,403,1
xss,search,5,256,145e015c63e5ca6c,403,1
xss,search,5,257,857d7a11266f38e0,403,1
xss,search,5,258,984d166fa7b03ea0,403,1
xss,search,5,259,474d8bf29ba31a42,403,1
xss,search,5,260,7bba979cfb69037c,403,1
xss,search,5,261,63b2ef2694d135ab,403,1
xss,search,5,262,12e14cf6793d1670,403,1
xss,search,5,263,529560cf7fe6b2d5,403,1
xss,search,5,264,5e7408ec0bcf7c55,403,1
xss,search,5,265,f700f3ccc3cf13cd,403,1
xss,search,5,266,7578391010ae6faf,403,1
xss,search,5,267,0751e3af6760fdc6,403,1
xss,search,5,268,ec186c9b8ec3498d,403,1
xss,search,5,269,f8f44aee999f17ee,403,1
xss,search,5,270,68054db1126f8ace,403,1
xss,search,5,271,094af4b5ada60b5f,403,1
xss,search,5,272,af51a65ef6ac746f,403,1
xss,search,5,273,689be0716412c94a,403,1
xss,search,5,274,91b5cbd8e4eed4d8,403,1
xss,search,5,275,06567fc05b001a82,403,1
xss,search,5,276,7bd6550a90c4d478,403,1
xss,search,5,277,83bb73ce867eba8b,403,1
xss,search,5,278,c64e0fa9d61adac2,403,1
xss,search,5,279,7345828f3b8f835d,403,1
xss,search,5,280,4b93be854da91c6c,403,1
xss,search,5,281,4fdf018408901e09,403,1
xss,search,5,282,79bd58b1cfdd90dc,403,1
xss,search,5,283,1a5c7653139c2088,403,1
xss,search,5,284,30ba22901486e348,403,1
xss,search,5,285,ad1be7ec4e67c5e4,403,1
xss,search,5,286,b52157d3d28b0bf8,403,1
xss,search,5,287,661b400c7e6e692d,403,1
xss,search,5,288,31184f569735fbe6,403,1
xss,search,5,289,9bc0c3bd8ede70dc,403,1
xss,search,5,290,40dc7b422dc65c69,403,1
xss,search,5,291,df03af19e19da3bb,403,1
xss,search,5,292,d6a98add516ac43f,403,1
xss,search,5,293,78c0598b8ad6cac7,403,1
xss,search,5,294,897df49955aaba4e,403,1
xss,search,5,295,007b7eb86f3e29ef,403,1
xss,search,5,296,ac2244c7bfda3dcb,403,1
xss,search,5,297,bd489ba6f5179c2a,403,1
xss,search,5,298,0c71a1a23ec143bc,403,1
xss,search,5,299,e658400c77eec3ce,403,1
xss,search,5,300,4786e25329b2ecb6,403,1
xss,search,5,301,9e8af2217887b482,403,1
xss,search,5,302,3f80955eb432fcd2,403,1
xss,search,5,303,eb6c19fe11a15408,403,1
xss,search,5,304,b4a33aa6c5f01fc7,403,1
xss,search,5,305,3eb8b1b575eb9bb7,403,1
xss,search,5,306,2d3afb58d828796b,403,1
xss,search,5,307,1f32124afd006fbe,403,1
xss,search,5,308,2061357fe546f4d5,403,1
xss,search,5,309,a9133db60657698b,403,1
xss,search,5,310,fe9d4915bb93db9b,403,1
xss,search,5,311,78a44729f95a76e4,403,1
xss,search,5,312,7e0d70f53024aff1,403,1
xss,search,5,313,69a34603f1dfaaa2,403,1
xss,search,5,314,c0a7d9ae2dc5df85,403,1
xss,search,5,315,d14889f007369444,403,1
xss,search,5,316,4076eb6f83985051,403,1
xss,search,5,317,07f4b47b67cb3d3e,403,1
xss,search,5,318,69187aaf4eee586e,403,1
xss,search,5,319,d94fdcfdcdf7a33d,403,1
xss,search,5,320,31470305f1355a5c,403,1
xss,search,5,321,102189f569324082,403,1
xss,search,5,322,cd5ae0af8e89b480,403,1
xss,search,5,323,318ee1a4dc95dcc3,403,1
xss,search,5,324,b5bb1e0a51b97359,403,1
