family,page,seed,payload_sha1,backend_valid,waf_status,waf_bypassed,valid_through_waf
SQLi,filter,1,33f3840abe0abe7c,1,200,1,1
SQLi,filter,1,0542c51a8b550dba,1,200,1,1
SQLi,filter,1,759f5ac633a286b6,1,200,1,1
SQLi,filter,1,4d0b8fa1a8a78e91,1,200,1,1
SQLi,filter,1,5aae2c23cf2db8aa,0,,0,
SQLi,filter,1,8395f2d12d0ce9a1,1,200,1,1
SQLi,filter,1,f379bd81f3f9f38b,1,200,1,1
SQLi,filter,1,00a4246d0e639e2f,1,200,1,1
SQLi,filter,1,552a1a187411a320,1,200,1,1
SQLi,filter,1,0e17091d0dea29b3,1,200,1,1
SQLi,filter,1,97d3ce1a922185f9,1,200,1,1
SQLi,filter,1,43b52770175b5fb7,1,200,1,1
SQLi,filter,1,65f96f2cf64202a5,1,200,1,1
SQLi,filter,1,755ea30a63509c93,1,200,1,1
SQLi,filter,1,ff507d5616fe7ff5,1,200,1,1
SQLi,filter,1,cfd14ff57afeeaba,1,200,1,1
SQLi,filter,1,d9b3fee7f071e424,1,200,1,1
SQLi,filter,1,043d809834321c47,1,200,1,1
SQLi,filter,1,7031bf543c50417b,1,200,1,1
SQLi,filter,1,7277da261d488cc0,1,200,1,1
SQLi,filter,1,4e0cbff71ddc237c,1,200,1,1
SQLi,filter,1,f6a1f6ad457e54fe,1,200,1,1
SQLi,filter,1,9266ebe72e1e07d0,1,200,1,1
SQLi,filter,1,715d6032a8916a01,1,200,1,1
SQLi,filter,1,4d52187fe60959d0,1,200,1,1
SQLi,filter,1,63e4a8afcd36f490,1,200,1,1
SQLi,filter,1,c2eb35cbf652ffe0,0,,0,
SQLi,filter,1,7631007ff7ed3624,1,200,1,1
SQLi,filter,1,333f99682ef71c51,1,200,1,1
SQLi,filter,1,d4079776c805fd53,1,200,1,1
SQLi,filter,1,5df450b3f8bd26ff,1,200,1,1
SQLi,filter,1,b4dddd29a388f657,1,200,1,1
SQLi,filter,1,ed2f3d671ec82dc3,1,200,1,1
SQLi,filter,1,3a0d1016a24ef04b,1,200,1,1
SQLi,filter,1,6b97b172817ccfcc,0,,0,
SQLi,filter,1,66290dc8a0460511,1,200,1,1
SQLi,filter,1,f789697de2b85907,1,200,1,1
SQLi,filter,1,1854cc0db7f7f712,1,200,1,1
SQLi,filter,1,3acdf42946b2a655,1,200,1,1
SQLi,filter,1,2bdd4b42c43c87aa,0,,0,
SQLi,filter,1,3b47284d8378a561,1,403,0,
SQLi,filter,1,a584737f13b55bde,1,200,1,1
SQLi,filter,1,83411b88b4cbbdb2,0,,0,
SQLi,filter,1,32ea2ee8f5bec19c,0,,0,
SQLi,filter,1,ee0615230769fc1c,1,200,1,1
SQLi,filter,1,8183426f15a6c5a8,0,,0,
SQLi,filter,1,a671bd3850773ec2,1,200,1,1
SQLi,filter,1,ef3d4404ac0b262b,1,200,1,1
SQLi,filter,1,d478cd664b6bc29f,1,200,1,1
SQLi,filter,1,9d951bc1501a140c,1,403,0,
SQLi,filter,1,7ea9532956f849a7,1,200,1,1
SQLi,filter,1,595f8de13f29e058,1,200,1,1
SQLi,filter,1,12e14d84bcb21e52,1,200,1,1
SQLi,filter,1,a884e2433e51db92,1,200,1,1
SQLi,filter,1,a49576e6438f9f97,1,200,1,1
SQLi,filter,1,3f398b91a94c5ef0,1,200,1,1
SQLi,filter,1,97851728a443caa0,1,200,1,1
SQLi,filter,1,63bb65a63362ef3b,1,200,1,1
SQLi,filter,1,2e041536e36a9872,1,200,1,1
SQLi,filter,1,adb0592802048997,1,200,1,1
SQLi,filter,1,bda1a913e7917526,1,200,1,1
SQLi,filter,1,f3b5b1e5675f73b1,1,200,1,1
SQLi,filter,1,126c6c64a469620a,1,200,1,1
SQLi,filter,1,49648a5903705434,1,200,1,1
SQLi,filter,1,390b1657e7d60574,1,200,1,1
SQLi,filter,1,7a56a414b311ee83,1,200,1,1
SQLi,filter,1,d97eade4d6031431,1,200,1,1
SQLi,filter,1,574b4663eddf5c32,1,200,1,1
SQLi,filter,1,ad0738ee7d886d7a,1,200,1,1
SQLi,filter,1,3aa4c3455698c059,1,200,1,1
SQLi,filter,1,f0698a79384ad2d4,1,200,1,1
SQLi,filter,1,325381e11931dd0e,1,200,1,1
SQLi,filter,1,22597a4852aa5445,1,200,1,1
SQLi,filter,1,6a579321ec2bf3df,1,200,1,1
SQLi,filter,1,f3c140bbfb00a694,1,200,1,1
SQLi,filter,1,675deab78838adbf,1,200,1,1
SQLi,filter,1,07a0aab6a94fa9a0,1,200,1,1
SQLi,filter,1,7aae518ca65da076,1,200,1,1
SQLi,filter,1,82934409fa473ed4,1,200,1,1
SQLi,filter,1,230b27fbb82ad022,1,200,1,1
SQLi,filter,1,770325c1ee445a89,1,200,1,1
SQLi,filter,1,6f833a2eae27e1c8,1,200,1,1
SQLi,filter,1,d1d010c94c5c8ec9,1,200,1,1
SQLi,filter,1,e5f76ca53ab4e104,1,200,1,1
SQLi,filter,1,afb15b36f708a845,1,200,1,1
SQLi,filter,1,42e0d5cc9f43ef30,1,200,1,1
SQLi,filter,1,3a1495f0349fa1cd,0,,0,
SQLi,filter,1,16a2eee3aa609466,0,,0,
SQLi,filter,1,9941e375efcce890,1,200,1,1
SQLi,filter,1,4b77dbf0725507a8,1,200,1,1
SQLi,filter,1,342bf6083f52e6e4,1,200,1,1
SQLi,filter,1,f5be893f8ad83d11,1,200,1,1
SQLi,filter,1,cdab8487115337c6,1,200,1,1
SQLi,filter,1,c5f8a0a62e0502b6,1,200,1,1
SQLi,filter,1,2d9b1df951c172e1,1,200,1,1
SQLi,filter,1,31daf5fe239db1e2,1,200,1,1
SQLi,filter,1,ba09febbab80756e,0,,0,
SQLi,filter,1,9474b1f67bb06013,1,200,1,1
SQLi,filter,1,1ddd52abb3288fca,0,,0,
SQLi,filter,1,f479cc9eee0f6b1f,1,200,1,1
SQLi,filter,1,dd1c54100c54baad,1,200,1,1
SQLi,filter,1,edeb425c84bedfbd,1,200,1,1
SQLi,filter,1,e81148483777f35c,1,200,1,1
SQLi,filter,1,e292106bbb0f3966,0,,0,
SQLi,filter,1,5c668869dcb4afe4,1,200,1,1
SQLi,filter,1,ff5cfff047e7bfee,1,200,1,1
SQLi,filter,1,3ec88fa32b41e989,1,200,1,1
SQLi,filter,1,83b7ad5e62b110c1,1,200,1,1
SQLi,filter,1,1ba5b10ba1a5b5c1,1,200,1,1
SQLi,filter,1,55c153282226d97e,1,200,1,1
SQLi,filter,1,62d2c3f6fcb5f7b8,1,200,1,1
SQLi,filter,1,2ad2c4aac423ad7b,1,200,1,1
SQLi,filter,1,88717ede06e0e2f9,1,200,1,1
SQLi,filter,1,b5a7e21ba6aabc02,1,200,1,1
SQLi,filter,1,b08ad9dab51b9674,1,200,1,1
SQLi,filter,1,fcec0a1f74ead78f,1,200,1,1
SQLi,filter,1,a8b0fa1efc1ec7d6,1,200,1,1
SQLi,filter,1,1bade083532adc9f,1,200,1,1
SQLi,filter,1,b7a57d43dc34d105,1,200,1,1
SQLi,filter,1,ca46fe43442f8948,1,200,1,1
SQLi,filter,1,c3237b8983a34212,1,200,1,1
SQLi,filter,1,b900a7647f1a3c61,1,200,1,1
SQLi,filter,1,d375cda707f96169,1,200,1,1
SQLi,filter,1,3bfeaa2c06322977,1,200,1,1
SQLi,filter,1,52e1a9757f944f4e,1,200,1,1
SQLi,filter,1,aa87946a96a69a36,1,200,1,1
SQLi,filter,1,e57d973800d29c25,1,200,1,1
SQLi,filter,1,0c5703dffdd8b502,1,200,1,1
SQLi,filter,1,79863f6919066e13,1,200,1,1
SQLi,filter,1,d2ce9c501587a5da,1,200,1,1
SQLi,filter,1,96b6b15821a140d7,1,200,1,1
SQLi,filter,1,6498e985bb73238a,1,200,1,1
SQLi,filter,1,4f14808c6e7c4a71,1,200,1,1
SQLi,filter,1,6247e871144f0310,1,200,1,1
SQLi,filter,1,7c8f75a2cb0aa583,1,200,1,1
SQLi,filter,1,c2b49d1e98046f78,1,200,1,1
SQLi,filter,1,8d0f0d75ab2fc622,1,403,0,
SQLi,filter,1,7eab38dd1da184fa,1,200,1,1
SQLi,filter,1,efa0be73fb5eb4af,1,200,1,1
SQLi,filter,1,8452f4ba56e3366f,1,200,1,1
SQLi,filter,1,1c9b5adb9500b586,1,200,1,1
SQLi,filter,1,397144c10af78ceb,1,200,1,1
SQLi,filter,1,718d26f3f1f9671e,1,200,1,1
SQLi,filter,1,59d0d841ff4cd51c,1,200,1,1
SQLi,filter,1,4c071a984abaf90e,1,200,1,1
SQLi,filter,1,6765f77c9ca7fd10,1,200,1,1
SQLi,filter,1,f16a37ed0850e9d8,1,200,1,1
SQLi,filter,1,20e4909f90b63507,1,200,1,1
SQLi,filter,1,6d5c1dfa5d518e3f,1,200,1,1
SQLi,filter,1,1cfe9dac13d06927,1,200,1,1
SQLi,filter,1,74efcab5ae3453e5,1,200,1,1
SQLi,filter,1,884f06efce8efece,1,200,1,1
SQLi,filter,1,7af621e5169dbea6,1,200,1,1
SQLi,filter,1,df5019e605790613,1,200,1,1
SQLi,filter,1,54b3fad05ab86958,1,200,1,1
SQLi,filter,1,11c3fa04b1ad856a,1,200,1,1
SQLi,filter,1,870e657cb6d48ec3,1,200,1,1
SQLi,filter,1,3ac9193ff54be4dc,1,200,1,1
SQLi,filter,1,789830e26ce944a0,1,200,1,1
SQLi,filter,1,1f4715e75acd5434,1,200,1,1
SQLi,filter,1,473106d3d1644fc5,1,200,1,1
SQLi,filter,1,e1cdf7ffd04aa3cd,1,200,1,1
SQLi,filter,1,837e4d287eea39d3,1,200,1,1
SQLi,filter,1,c3e3f8668f0b1f9c,1,200,1,1
SQLi,filter,1,baccc828411feade,1,200,1,1
SQLi,filter,1,6e3df23cfebc7cc7,1,200,1,1
SQLi,filter,1,be1429ec56a14964,1,200,1,1
SQLi,filter,1,5ec5002173564743,1,200,1,1
SQLi,filter,1,84314dc9b4fb6788,1,200,1,1
SQLi,filter,1,1feb5691bd607a64,1,200,1,1
SQLi,filter,1,f3266dc43352afb3,1,200,1,1
SQLi,filter,1,87a1261f6385389b,1,200,1,1
SQLi,filter,1,dabf6e530270c9c1,1,200,1,1
SQLi,filter,1,a729823914f935e4,1,200,1,1
SQLi,filter,1,a5d838d7a38f8f6f,1,200,1,1
SQLi,filter,1,b8a0496650b12d28,1,200,1,1
SQLi,filter,1,87900fed18fdd182,1,200,1,1
SQLi,filter,1,eeaf543181d87ad7,1,200,1,1
SQLi,filter,1,eb844c8034d04603,1,200,1,1
SQLi,filter,1,7be547db72a6cfd1,1,200,1,1
SQLi,filter,1,c9bed854f4a2990c,1,200,1,1
SQLi,filter,1,fc9eb8752ee9e5aa,1,200,1,1
SQLi,filter,1,4fec867704c5d1c3,1,200,1,1
SQLi,filter,1,4a4933efc41d77f3,1,200,1,1
SQLi,filter,1,35ae16963de9dfef,1,200,1,1
SQLi,filter,1,56a1cf9a4a15fa8b,0,,0,
SQLi,filter,1,82c7284dc6d5283f,1,200,1,1
SQLi,filter,1,428b56e2481374c0,1,200,1,1
SQLi,filter,1,f3b207527f0dfd9c,1,200,1,1
SQLi,filter,1,81c5c23471b9dff8,1,403,0,
SQLi,filter,1,711ca1187dec997f,1,200,1,1
SQLi,filter,1,028010b1c1161933,1,200,1,1
SQLi,filter,1,bc6a682d5cc38a1d,0,,0,
SQLi,filter,1,f3c5796f3cd8b64f,1,200,1,1
SQLi,filter,1,9a617fb8326dee98,1,200,1,1
SQLi,filter,1,2877b5c1333ad161,1,200,1,1
SQLi,filter,1,332287bd08d398ce,1,200,1,1
SQLi,filter,1,a46e4f78ec6feb27,1,200,1,1
SQLi,filter,1,63d9cca514b1df39,1,200,1,1
SQLi,filter,1,4257beeebda85b91,0,,0,
SQLi,filter,1,bba8d49fbdf570ca,1,200,1,1
SQLi,filter,1,3b90162e6e9eff83,1,200,1,1
SQLi,filter,1,702e07b39b1b4d5b,1,200,1,1
SQLi,filter,1,1dbf88993d7f9638,1,200,1,1
SQLi,filter,1,404fda85ffb70846,1,200,1,1
SQLi,filter,1,05ff4aa83c2a4170,1,200,1,1
SQLi,filter,1,41c3f48ec02899c6,1,200,1,1
SQLi,filter,1,4ca6a21cb272868c,1,200,1,1
SQLi,filter,1,10985910ab8edfb1,1,200,1,1
SQLi,filter,1,d80508e6495e346c,1,200,1,1
SQLi,filter,1,401ede6404372d2b,1,200,1,1
SQLi,filter,1,9318afe318e08c3f,1,200,1,1
SQLi,filter,1,a79903054d0eaf3d,1,200,1,1
SQLi,filter,1,b4a3bd5a4e77277c,1,200,1,1
SQLi,filter,1,e1323d552561c2da,1,200,1,1
SQLi,filter,1,a1a22745282d9ce2,1,200,1,1
SQLi,filter,1,fdb5220a6d07e647,1,200,1,1
SQLi,filter,1,153187f05ba43edf,1,200,1,1
SQLi,filter,1,5e8b0c88805a9ae8,1,200,1,1
SQLi,filter,1,3163e64f8171e98c,1,200,1,1
SQLi,filter,1,b470887604cbdcd1,0,,0,
SQLi,filter,1,3477d06aca1e58ed,1,200,1,1
SQLi,filter,1,e9d9a2ebc89438b2,1,200,1,1
SQLi,filter,1,a793884475f3f726,0,,0,
SQLi,filter,1,c0a9b35a7c878cfa,1,200,1,1
SQLi,filter,1,2c7d4662d216bdc9,1,200,1,1
SQLi,filter,1,ddbab34289453fcb,0,,0,
SQLi,filter,1,957f77c4311d55ed,1,200,1,1
SQLi,filter,1,0a82a9bbac9e01ca,1,200,1,1
SQLi,filter,1,5f6311eaea630aa8,1,200,1,1
SQLi,filter,1,7aa8b1003936b02a,1,200,1,1
SQLi,filter,1,5e7e9922d21cb738,1,200,1,1
SQLi,filter,1,dc1f0419a7f79bdd,1,200,1,1
SQLi,filter,1,75be8d75f5b528b2,1,200,1,1
SQLi,filter,1,c0f7de9eb21849dd,0,,0,
SQLi,filter,1,eac592dfee4c9b17,0,,0,
SQLi,filter,1,e8262ba17dfb4d6f,1,200,1,1
SQLi,filter,1,0f04c8fb5d2670e8,1,200,1,1
SQLi,filter,1,09475d4d70e9ce4c,0,,0,
SQLi,filter,1,45748b572855c7c3,0,,0,
SQLi,filter,1,2a9afd789fd10975,1,200,1,1
SQLi,filter,1,c9f9d3b9637b11f4,0,,0,
SQLi,filter,1,bf24c0525cb87b9a,1,200,1,1
SQLi,filter,1,40113bce58d8cf0f,0,,0,
SQLi,filter,1,3c714e78e0cfb20d,1,200,1,1
SQLi,filter,1,16acfedd323d2b8b,0,,0,
SQLi,filter,1,d9f18774587ea1d4,0,,0,
SQLi,filter,1,98ca43025c212316,0,,0,
SQLi,filter,1,ef354dbcda4c0767,0,,0,
SQLi,filter,1,5c75267e0e4571be,0,,0,
SQLi,filter,1,a0f4f45c94cb39b3,0,,0,
SQLi,filter,1,fe121448b049c407,1,200,1,1
SQLi,filter,1,eacf2fbc2b6b9830,1,200,1,1
SQLi,filter,1,fbcddb1fa6835f9c,1,200,1,1
SQLi,filter,1,bc744310b8f085ac,1,200,1,1
SQLi,filter,1,92f6e8e867c58be4,1,200,1,1
SQLi,filter,1,91af256eb21e2b1d,1,200,1,1
SQLi,filter,1,193195be345f0d18,1,200,1,1
SQLi,filter,1,70d4a9843d7490ba,1,200,1,1
SQLi,filter,1,a33d83a821835aaf,1,200,1,1
SQLi,filter,1,1237ab2acc40cc17,1,200,1,1
SQLi,filter,1,1604e46a4d55487f,1,200,1,1
SQLi,filter,1,3f6fa997612e6ff1,1,200,1,1
SQLi,filter,1,508bd7912b8dc224,1,200,1,1
SQLi,filter,1,abc6a91c2edbed2d,1,200,1,1
SQLi,filter,1,93ee487781b24892,1,200,1,1
SQLi,filter,1,889586235154643e,1,200,1,1
SQLi,filter,1,d6342f57d66e4ac4,1,200,1,1
SQLi,filter,1,b78709316a42e22f,1,200,1,1
SQLi,filter,1,26e4485ea36282c2,1,200,1,1
SQLi,filter,1,62cdb57cbc324eb6,0,,0,
SQLi,filter,1,ee85c04e1d8b4a3d,1,200,1,1
SQLi,filter,1,296d431a53a30511,1,200,1,1
SQLi,filter,1,5b2d9bffbc2b21b2,1,200,1,1
SQLi,filter,1,9d33628d655e2ae2,0,,0,
SQLi,filter,1,bcd5abbbed7d249b,1,200,1,1
SQLi,filter,1,107aff4baf6ff66c,1,200,1,1
SQLi,filter,1,ef96b96cf7383487,1,200,1,1
SQLi,filter,1,67a6c882174a25a5,1,200,1,1
SQLi,filter,1,c6d91083485b65a3,1,200,1,1
SQLi,filter,1,22b87d2d91be974a,1,200,1,1
SQLi,filter,1,ddd0fd58d65f1c2f,1,200,1,1
SQLi,filter,1,c1640994d313e628,1,200,1,1
SQLi,filter,1,7113683883e9ede7,1,200,1,1
SQLi,filter,1,95282b5e5cdf240e,1,200,1,1
SQLi,filter,1,bc626ea3ada94cb9,1,200,1,1
SQLi,filter,1,3a1bea320716e63d,1,200,1,1
SQLi,filter,1,7c3f968081668ec0,1,200,1,1
SQLi,filter,1,87ecf4d24cc18fb4,1,200,1,1
SQLi,filter,1,3ad2f01061371ed5,1,200,1,1
SQLi,filter,1,62d9e581b756e192,1,200,1,1
SQLi,filter,1,63a9ebce37dd695e,1,200,1,1
SQLi,filter,1,185a703f033891b5,0,,0,
SQLi,filter,1,e0e0c52ef360f104,1,200,1,1
SQLi,filter,1,53c7590112f57f4d,1,200,1,1
SQLi,filter,1,6dd7d07af91883ba,1,200,1,1
SQLi,filter,1,8f8518a9c072d301,1,200,1,1
SQLi,filter,1,de9c7c30cab68003,1,200,1,1
SQLi,filter,1,e6fdf49293d5e296,1,200,1,1
SQLi,filter,1,84aaf4f16472446a,1,200,1,1
SQLi,filter,1,e21e8fce40772395,1,200,1,1
SQLi,filter,1,36906322eb7c9d4d,1,200,1,1
SQLi,filter,1,a028cfa6ced4a431,1,200,1,1
SQLi,filter,1,f7d0f6c159c605be,1,200,1,1
SQLi,filter,1,ba4a9263e2ebc63f,1,200,1,1
SQLi,filter,1,addde8a60fa38ae6,1,200,1,1
SQLi,filter,1,a8713868d940d823,1,200,1,1
SQLi,filter,1,212f5ca3457dd8c0,1,200,1,1
SQLi,filter,1,b2b4d915a99f01f7,1,200,1,1
SQLi,filter,1,f1ffe69bad0d3487,1,200,1,1
SQLi,filter,1,0d70de4f5867c7b9,1,200,1,1
SQLi,filter,1,714860240cc42b22,1,200,1,1
SQLi,filter,1,a758bbc97c6a296b,1,200,1,1
SQLi,filter,1,b0b5fadeb6439107,1,200,1,1
SQLi,filter,1,b9f88e5e9f3719b2,1,200,1,1
SQLi,filter,1,763dea5dfb7acb61,1,200,1,1
SQLi,filter,1,6d55d59194d16e85,1,200,1,1
SQLi,filter,1,1368d688b718f203,0,,0,
SQLi,filter,1,73253939d389b094,1,200,1,1
SQLi,filter,1,0e68083e73f1db49,1,200,1,1
SQLi,filter,1,0371526e4bfea7ce,1,200,1,1
SQLi,filter,1,9d4f992a627cb3a1,1,200,1,1
SQLi,filter,1,dd09d621039a72fa,1,200,1,1
SQLi,filter,1,04b750ae9720d460,1,200,1,1
SQLi,filter,1,68e12f0e1892a734,1,200,1,1
SQLi,filter,1,9bdbfdf153db5fda,1,200,1,1
SQLi,filter,1,7b683965959e92b0,1,200,1,1
SQLi,filter,1,ad3ef587ef5366e8,1,200,1,1
SQLi,filter,1,276a40d57cac4af6,1,200,1,1
SQLi,filter,1,e55d11ca99e612a6,1,200,1,1
SQLi,filter,1,48143fb6e4b6f8a3,1,200,1,1
SQLi,filter,1,64d2153497f98e51,1,200,1,1
SQLi,filter,1,6b5abe08e73aada8,1,200,1,1
SQLi,filter,1,c03b39c9a886a33b,1,200,1,1
SQLi,filter,1,bd48c42045e13847,1,200,1,1
SQLi,filter,1,9ff29e6978aa6603,1,200,1,1
SQLi,filter,1,bc86d624bf035e0a,1,200,1,1
SQLi,filter,1,e467de4dc220fa3a,1,200,1,1
SQLi,filter,1,053372532fc15b82,1,200,1,1
SQLi,filter,1,842f9ecb404ffc32,0,,0,
SQLi,filter,1,b8377202000211d7,1,200,1,1
SQLi,filter,1,ec49373ccf09ed83,1,200,1,1
SQLi,filter,1,501e884307d62d65,1,200,1,1
SQLi,filter,1,b352a23fa56159d3,1,200,1,1
SQLi,filter,1,e686fb9da413547d,1,200,1,1
SQLi,filter,1,4138bc652af52556,1,200,1,1
SQLi,filter,1,773deaa8487d9a30,1,200,1,1
SQLi,filter,1,6f33a9be82c038e7,1,200,1,1
SQLi,filter,1,65ba1eb7a21cd623,1,200,1,1
SQLi,filter,1,b5561bdf52f10e9b,1,200,1,1
SQLi,filter,1,d4c89f4d41bade73,1,200,1,1
SQLi,filter,1,d64d5b354e8e33b3,1,200,1,1
SQLi,filter,1,00a48448d24be951,1,200,1,1
SQLi,filter,1,6e3a083778b8c9e4,1,200,1,1
SQLi,filter,1,63ddc3f525d79d84,1,200,1,1
SQLi,filter,1,7c77e7c5741f445c,1,200,1,1
SQLi,filter,1,e8a4216baec9fe3c,1,200,1,1
SQLi,filter,1,36c6e88db0bc1a76,1,200,1,1
SQLi,filter,1,6a20f0bd9163b17a,1,200,1,1
SQLi,filter,1,9db9bf864c33b966,1,200,1,1
SQLi,filter,1,3dcd5d13ccb525b5,1,200,1,1
SQLi,filter,1,6547701b9e630e5e,1,200,1,1
SQLi,filter,1,e0c3f9d800365ce1,1,200,1,1
SQLi,filter,1,7a51307f6ab06585,1,200,1,1
SQLi,filter,1,e6964ab274f54ea5,1,200,1,1
SQLi,filter,1,11879e5b960cf739,1,200,1,1
SQLi,filter,1,59a5eaa55442a891,1,200,1,1
SQLi,filter,1,e43782e3c3b50951,1,200,1,1
SQLi,filter,1,c806df4391f92325,1,200,1,1
SQLi,filter,1,0ffe22816df688b2,1,200,1,1
SQLi,filter,1,516e01250be94e47,1,200,1,1
SQLi,filter,1,037f13604bf11cec,1,200,1,1
SQLi,filter,1,a1e498c23edc90fe,1,200,1,1
SQLi,filter,1,79c44fb714cfd6b9,1,200,1,1
SQLi,filter,1,fc2f41f1ad2eee75,1,200,1,1
SQLi,filter,1,b95470d7b1362c34,1,200,1,1
SQLi,filter,1,4db0cd74d91bb6f5,1,200,1,1
SQLi,filter,1,724f6e2dbdb44ad2,1,200,1,1
SQLi,filter,1,f91bd0233cdc157c,1,200,1,1
SQLi,filter,1,d1e81eb268ee4168,1,200,1,1
SQLi,filter,1,2d0cf3ba57451916,1,200,1,1
SQLi,filter,1,7b683965959e92b0,1,200,1,1
SQLi,filter,1,4a2a9771eb43f9eb,1,200,1,1
SQLi,filter,1,000235337618ec82,1,200,1,1
SQLi,filter,1,2c0f44318e98a82f,1,200,1,1
SQLi,filter,1,a4710017790e1f14,1,200,1,1
SQLi,filter,1,aa4717cd67ee4b56,1,200,1,1
SQLi,filter,1,16f67b7c3439762b,1,200,1,1
SQLi,filter,1,c4b8b202d99665bb,0,,0,
SQLi,filter,1,cc6b26e9eb694c28,0,,0,
SQLi,filter,1,ce2a25a17c1413cc,1,200,1,1
SQLi,filter,1,e728157ebd01da1a,1,200,1,1
SQLi,filter,1,f13d08ee733bdbb6,0,,0,
SQLi,filter,1,241644dd73de585c,0,,0,
SQLi,filter,1,88c354b8e1e6b540,1,200,1,1
SQLi,filter,1,f7e16d3c048c3547,1,200,1,1
SQLi,filter,1,c347972c1453bf73,0,,0,
SQLi,filter,1,91934da90d7c916c,1,200,1,1
SQLi,filter,1,5ad2eefb356101c3,1,200,1,1
SQLi,filter,1,43212f02ad99e07b,1,200,1,1
SQLi,filter,1,3e711f4e93e21f01,1,200,1,1
SQLi,filter,1,9b2bd4035c45effa,1,200,1,1
SQLi,filter,1,fc989a0c08439998,1,200,1,1
SQLi,filter,1,c19b1aaa24a995b7,1,200,1,1
SQLi,filter,1,02a04cd99026cb5c,1,200,1,1
SQLi,filter,1,71a221fc7779d3c7,1,200,1,1
SQLi,filter,1,e3b7da2954243b82,1,200,1,1
SQLi,filter,1,35c798aab227a0e2,1,200,1,1
SQLi,filter,1,21ccfdcb0e4570de,1,200,1,1
SQLi,filter,1,074115a8f444ae7c,1,200,1,1
SQLi,filter,1,a02b6714eba02221,1,200,1,1
SQLi,filter,1,b5b9442d274ac676,1,200,1,1
SQLi,filter,1,0574cd57a6c9edb7,1,200,1,1
SQLi,filter,1,65bd1b72e7d998fa,1,200,1,1
SQLi,filter,1,8d932bf9f3a4b211,1,200,1,1
SQLi,filter,1,3c8c7550d530812e,1,200,1,1
SQLi,filter,1,52751bfa8bd115c8,1,200,1,1
SQLi,filter,1,94254bc76daf91ec,1,200,1,1
SQLi,filter,1,2d6855ee43f96ad5,1,200,1,1
SQLi,filter,1,338c99a7e56b73b8,1,200,1,1
SQLi,filter,1,cc8bde02b49071e7,1,200,1,1
SQLi,filter,1,3f403ee22476e89a,1,200,1,1
SQLi,filter,1,f5116c05b407a882,1,200,1,1
SQLi,filter,1,b461af41b08a3f39,1,200,1,1
SQLi,filter,1,205f30f27c328e29,0,,0,
SQLi,filter,1,349f3db59fcdc2d4,1,200,1,1
SQLi,filter,1,26b7f583522eea05,1,200,1,1
SQLi,filter,1,0ff5d7abf077bd6b,1,200,1,1
SQLi,filter,1,dfe40b3b8c82eefb,1,200,1,1
SQLi,filter,1,7489e05d11b4b0d4,1,200,1,1
SQLi,filter,1,da51473d004139d6,1,200,1,1
SQLi,filter,1,75699685e6a5556f,1,200,1,1
SQLi,filter,1,cf0688bf9ce32a52,1,200,1,1
SQLi,filter,1,78a2072dc34f9717,1,200,1,1
SQLi,filter,1,9abd4aaac43b8418,1,200,1,1
SQLi,filter,1,5837e42f296be71b,1,200,1,1
SQLi,filter,1,286eb975b312f2f9,1,200,1,1
SQLi,filter,1,31a428c7570ddcdf,1,200,1,1
SQLi,filter,1,e7c60898d478681f,1,200,1,1
SQLi,filter,1,809092742c237b1b,0,,0,
SQLi,filter,1,778e19e26f20b026,1,200,1,1
SQLi,filter,1,850190711df1c6ea,1,200,1,1
SQLi,filter,1,d7997d9f8c92849f,1,200,1,1
SQLi,filter,1,bfdfc061cf912034,1,200,1,1
SQLi,filter,1,3631ed70fec41b6d,1,200,1,1
SQLi,filter,1,4a7c55e8583f359d,1,200,1,1
SQLi,filter,1,a364ff8be53d51be,1,200,1,1
SQLi,filter,1,05a41c95a2c9114c,1,200,1,1
SQLi,filter,1,668d236187c5f69c,1,200,1,1
SQLi,filter,1,99b17c5b86490c17,1,200,1,1
SQLi,filter,1,674f2513761f402e,1,200,1,1
SQLi,filter,1,c8477cc084e92897,1,200,1,1
SQLi,filter,1,acf7ee489c5f6f21,1,200,1,1
SQLi,filter,1,e87f5402ea6ee460,1,200,1,1
SQLi,filter,1,2646a6041f902008,1,200,1,1
SQLi,filter,1,796af3b43ad39305,1,200,1,1
SQLi,filter,1,e9f8a721f3a4dd2b,1,200,1,1
SQLi,filter,1,e8c0a066279590f9,1,200,1,1
SQLi,filter,1,a165fe96fa2105bc,1,200,1,1
SQLi,filter,1,07cee2310fbf6bff,1,200,1,1
SQLi,filter,1,20399018e8bc56ac,1,200,1,1
SQLi,filter,1,0f649223d7f35608,1,200,1,1
SQLi,filter,1,442beb35ee482ec7,1,200,1,1
SQLi,filter,1,8a1925ba4b2db81e,1,200,1,1
SQLi,filter,1,b744a655a93711fa,1,200,1,1
SQLi,filter,1,6394ad8f8f15b8fa,1,200,1,1
SQLi,filter,1,f8d012e59f0083ea,1,200,1,1
SQLi,filter,1,0969508e78ae3c4f,1,200,1,1
SQLi,filter,1,d8ab86f7d541a325,1,200,1,1
SQLi,filter,1,c40c631504447782,1,200,1,1
SQLi,filter,1,700ecb009f3fffe3,1,200,1,1
SQLi,filter,1,a82da823a9517886,1,200,1,1
SQLi,filter,1,a79ceb9e3ea58775,1,200,1,1
SQLi,filter,1,00a55cb1b0264112,1,200,1,1
SQLi,filter,1,acea274951448b75,1,200,1,1
SQLi,filter,1,c3fbb4ccbe21f62c,1,200,1,1
SQLi,filter,1,04db585a91008671,1,200,1,1
SQLi,filter,1,fcbe02581276f123,1,200,1,1
SQLi,filter,1,4bc5c69870f59184,1,200,1,1
SQLi,filter,1,1f4f691d96badea7,1,200,1,1
SQLi,filter,1,32a9bfde78667541,1,200,1,1
SQLi,filter,1,f40bb9e65bf5e2f9,1,200,1,1
SQLi,filter,1,b16a9958b25707b6,1,200,1,1
SQLi,filter,1,00ac03a3713df7f5,1,200,1,1
SQLi,filter,1,1836591388bd77cf,1,200,1,1
SQLi,filter,1,4b356a32bdb631b1,1,200,1,1
SQLi,filter,1,501835aa189b8f07,1,200,1,1
SQLi,filter,1,29e73b3fb06b48f3,1,200,1,1
SQLi,filter,1,10560b24bac2bc27,1,200,1,1
SQLi,filter,1,3678c4177335195e,1,200,1,1
SQLi,filter,1,e22906597b3dc2c4,1,200,1,1
SQLi,filter,1,f62374ebfc33e5e0,1,200,1,1
SQLi,filter,1,56053c4e2e305471,1,200,1,1
SQLi,filter,1,b674f0cc9df8e521,1,200,1,1
SQLi,filter,1,d007c79f1c1cbc71,1,200,1,1
SQLi,filter,1,57268c5ba153256d,1,200,1,1
SQLi,filter,1,939baef06a3d5ddb,1,200,1,1
SQLi,filter,1,8a79176aa82b1384,1,200,1,1
SQLi,filter,1,3b891d2757a93a56,1,200,1,1
SQLi,filter,1,1dd35fd842f55ccf,1,200,1,1
SQLi,login,1,c066fbf283e13c63,1,200,1,1
SQLi,login,1,9a011e233ef58d77,1,200,1,1
SQLi,login,1,f4ad169beef17e97,1,200,1,1
SQLi,login,1,06562f456f9a5de3,1,200,1,1
SQLi,login,1,8d0b51d4adb114e8,1,200,1,1
SQLi,login,1,0a60902ac53f3014,1,200,1,1
SQLi,login,1,6a5db726fc3a2bb9,1,200,1,1
SQLi,login,1,06b2972b948541c2,1,403,0,
SQLi,login,1,27eceaebc34d1685,1,200,1,1
SQLi,login,1,081bfb2d1177bf8a,0,,0,
SQLi,login,1,ac98a2bda0d83070,1,200,1,1
SQLi,login,1,d10e36f1c2313052,1,200,1,1
SQLi,login,1,d5a0c09225006826,1,403,0,
SQLi,login,1,264f39cab871e4cf,0,,0,
SQLi,login,1,a4a3acc556b236ba,0,,0,
SQLi,login,1,d602daf2ffb5830f,1,200,1,1
SQLi,login,1,f81118d5c62e35a2,1,200,1,1
SQLi,login,1,cf887296042923c8,1,200,1,1
SQLi,login,1,fd3ca7fb69e86aa5,0,,0,
SQLi,login,1,43c89bd0007b85e1,1,200,1,1
SQLi,login,1,065f1d8274085c00,1,200,1,1
SQLi,login,1,981a43a1e99b62ee,1,200,1,1
SQLi,login,1,c2f20ec3a78c756e,1,200,1,1
SQLi,login,1,cfccae9f5029aa1f,1,200,1,1
SQLi,login,1,1f9ca1f3844ae015,0,,0,
SQLi,login,1,60b84eb6ae079c9a,0,,0,
SQLi,login,1,10c489281f862edd,1,200,1,1
SQLi,login,1,7f54317739de5e13,1,200,1,1
SQLi,login,1,f08a82e4a42462c8,1,200,1,1
SQLi,login,1,950203ed5a5d3430,1,200,1,1
SQLi,login,1,281383d0bcb0a884,0,,0,
SQLi,login,1,59c8dcda5c305903,1,200,1,1
SQLi,login,1,bfb3b8da01a799f7,1,200,1,1
SQLi,login,1,842b03fee85b2646,1,200,1,1
SQLi,login,1,0ca3fce35c9254f0,0,,0,
SQLi,login,1,b4949aaa53fb2128,0,,0,
SQLi,login,1,5c9260a1582d4e39,0,,0,
SQLi,login,1,3abfe532e59818c2,1,200,1,1
SQLi,login,1,3f03f0d5299c5918,0,,0,
SQLi,login,1,bf66565df18e04ed,1,200,1,1
SQLi,login,1,dc329ad1359edfb4,0,,0,
SQLi,login,1,01cf061f20f1c95e,1,200,1,1
SQLi,login,1,5447ff73e0412f0c,1,200,1,1
SQLi,login,1,4a7697ac4219e3ea,1,200,1,1
SQLi,login,1,d9ced1487b0f9d8c,1,403,0,
SQLi,login,1,4901e21e7b34bcf5,1,200,1,1
SQLi,login,1,c2a4be4fdaf74cef,0,,0,
SQLi,login,1,c72d6b79161eeb24,0,,0,
SQLi,login,1,ec32d80d766f4d24,0,,0,
SQLi,login,1,104e759ab936d0c6,0,,0,
SQLi,login,1,6f311ad8b8ab2b76,1,200,1,1
SQLi,login,1,51bc710cbebf1a30,1,200,1,1
SQLi,login,1,dd6e4a72970aa9ff,0,,0,
SQLi,login,1,c6f6cf6fd08397ed,1,200,1,1
SQLi,login,1,9a12a2f9191956ec,1,200,1,1
SQLi,login,1,024f86aa77fb1352,1,200,1,1
SQLi,login,1,b6bcb463eef47d97,1,200,1,1
SQLi,login,1,72343062e5ed72ee,1,200,1,1
SQLi,login,1,856dd1b3c9b30196,0,,0,
SQLi,login,1,28c23d9a8ca9389a,1,200,1,1
SQLi,login,1,7349f72b14823fed,1,403,0,
SQLi,login,1,c46a9a0aebd52783,0,,0,
SQLi,login,1,fc1d6e3da82a4c8d,0,,0,
SQLi,login,1,e38b1ccbe0d095b8,0,,0,
SQLi,login,1,75b0b5a309590019,1,403,0,
SQLi,login,1,76e92dda0d080ff1,1,200,1,1
SQLi,login,1,7ba09bf296a35603,1,403,0,
SQLi,login,1,118a9989815489c2,0,,0,
SQLi,login,1,a3ccedf87d256263,1,200,1,1
SQLi,login,1,474f9903847d885d,1,200,1,1
SQLi,login,1,562901926c245f6b,1,200,1,1
SQLi,login,1,6182cc9575ca4916,1,200,1,1
SQLi,login,1,05475b2081b2f79e,1,200,1,1
SQLi,login,1,11ccd5b5f587a1fa,1,200,1,1
SQLi,login,1,9533c47b37922f06,1,200,1,1
SQLi,login,1,f1740fcf64c3aeaa,1,200,1,1
SQLi,login,1,d1478f68995f03e1,1,200,1,1
SQLi,login,1,cee63c99a9f1c449,1,200,1,1
SQLi,login,1,e5e33662ed158bea,1,200,1,1
SQLi,login,1,e0700b6677718f29,1,200,1,1
SQLi,login,1,fc192521f1954391,1,200,1,1
SQLi,login,1,233f5834e61daffa,0,,0,
SQLi,login,1,f3671e496b644cd9,1,200,1,1
SQLi,login,1,950203ed5a5d3430,1,200,1,1
SQLi,login,1,7540af2d94d876bf,1,200,1,1
SQLi,login,1,d74d01e7770e14a7,0,,0,
SQLi,login,1,169e773de6484701,1,200,1,1
SQLi,login,1,6d9620be2c40405c,1,200,1,1
SQLi,login,1,b99c44e4c51ad7da,1,200,1,1
SQLi,login,1,21c57c0b1babadbb,1,403,0,
SQLi,login,1,54f9838f5cf882d6,1,200,1,1
SQLi,login,1,55bc2f30a16e8e51,0,,0,
SQLi,login,1,1003bafc840a56e1,1,200,1,1
SQLi,login,1,41a71e80f16ce750,1,200,1,1
SQLi,login,1,150ff735e74a65a7,0,,0,
SQLi,login,1,0ef9059d513d28d0,1,200,1,1
SQLi,login,1,4e58c2d9b990ce80,1,200,1,1
SQLi,login,1,e67ebb475fbb1950,1,200,1,1
SQLi,login,1,a436b7b5b4b15f53,1,200,1,1
SQLi,login,1,4ca9bc16553f1c9d,1,200,1,1
SQLi,login,1,fa604c71e00176f4,1,200,1,1
SQLi,login,1,9bb3b2613a182104,1,200,1,1
SQLi,login,1,d6fe2d0db2d152b3,1,200,1,1
SQLi,login,1,3c420d2c5018ced9,1,200,1,1
SQLi,login,1,ca96187c88a75bf4,1,200,1,1
SQLi,login,1,ea63883dfac8f5a1,1,200,1,1
SQLi,login,1,34256df7169c3f78,1,200,1,1
SQLi,login,1,0a6c7fa08109c6cf,1,200,1,1
SQLi,login,1,b4c7199a5fa820b9,1,200,1,1
SQLi,login,1,3236eb9af2b9a832,0,,0,
SQLi,login,1,f25be0e3e0ceafa6,1,200,1,1
SQLi,login,1,bde43dba3c2e32ea,1,200,1,1
SQLi,login,1,d565d6caddf07b36,0,,0,
SQLi,login,1,44f31247793b6da2,1,200,1,1
SQLi,login,1,b1e47a583d74c916,1,200,1,1
SQLi,login,1,4264d21bbcf08cf1,1,200,1,1
SQLi,login,1,f1dabb51ebdcbe3e,0,,0,
SQLi,login,1,26f31daeeb1a5776,1,200,1,1
SQLi,login,1,4e1257e392ae4391,1,200,1,1
SQLi,login,1,a64e7c8b8b39d965,1,200,1,1
SQLi,login,1,17c731d780148cbf,1,200,1,1
SQLi,login,1,0bf8fa0f820d2dc7,1,200,1,1
SQLi,login,1,e29f1cfa20d65796,1,200,1,1
SQLi,login,1,6a0f2e650750a005,1,200,1,1
SQLi,login,1,6e80da8a0723479f,1,200,1,1
SQLi,login,1,55c4dbe622b790bf,1,200,1,1
SQLi,login,1,be3f8cceaf601ff4,1,200,1,1
SQLi,login,1,e50bdd89b4835aee,1,200,1,1
SQLi,login,1,1a092870f0b93107,1,200,1,1
SQLi,login,1,47f6933053ba37ef,1,200,1,1
SQLi,login,1,4f6b3dd79505fb23,1,200,1,1
SQLi,login,1,b0b091cb9525e120,1,200,1,1
SQLi,login,1,aefc34c472c5cc0c,1,200,1,1
SQLi,login,1,4888bf444366acec,1,200,1,1
SQLi,login,1,73abeb7e84c4b2cf,1,200,1,1
SQLi,login,1,1223cdecdac3be0c,0,,0,
SQLi,login,1,65aa5518f5234a40,1,200,1,1
SQLi,login,1,18033420822957ac,1,200,1,1
SQLi,login,1,1b8e3528442c0f96,0,,0,
SQLi,login,1,82a8966049676ab4,1,200,1,1
SQLi,login,1,a60173910578a48d,1,200,1,1
SQLi,login,1,8cc8359016ad92f5,1,200,1,1
SQLi,login,1,c26fa2599ea0b4c2,1,200,1,1
SQLi,login,1,6b1f1713fcc18de1,0,,0,
SQLi,login,1,4d1d97cd75697d1f,1,200,1,1
SQLi,login,1,665718c924588623,1,200,1,1
SQLi,login,1,be05011ce3e33c67,1,200,1,1
SQLi,login,1,ccacf21e79ac3ba4,1,200,1,1
SQLi,login,1,0134026fd78788de,1,200,1,1
SQLi,login,1,94bba36eb51251f5,0,,0,
SQLi,login,1,7a32aeb6419532f9,1,200,1,1
SQLi,login,1,71d4ac5c14454858,1,200,1,1
SQLi,login,1,28f88648586075df,1,200,1,1
SQLi,login,1,7917837b8b248741,1,200,1,1
SQLi,login,1,9f3e05d6ecf1b262,1,200,1,1
SQLi,login,1,66382cdfeae4888d,1,200,1,1
SQLi,login,1,a88473b70f903664,1,200,1,1
SQLi,login,1,8e999193a268ff22,1,200,1,1
SQLi,login,1,170deef3a97059f1,1,200,1,1
SQLi,login,1,3631bdcf80848ccb,1,200,1,1
SQLi,login,1,a9e544281cea400c,1,200,1,1
SQLi,login,1,39b318033c13a2c4,1,200,1,1
SQLi,login,1,4a0acbe8b2cde14d,1,200,1,1
SQLi,login,1,988367ab13ca1302,1,200,1,1
SQLi,login,1,01c40d8c0dd6f4bd,1,200,1,1
SQLi,login,1,15db7b2bfb0c92b5,1,200,1,1
SQLi,login,1,082655e2926f2ffd,1,200,1,1
SQLi,login,1,b4b250d7bb78e474,1,200,1,1
SQLi,login,1,f9dda9ca6e0ce38f,1,200,1,1
SQLi,login,1,49fb0d2c2fe6b095,1,200,1,1
SQLi,login,1,0595aede93628a35,1,200,1,1
SQLi,login,1,19b6332546a79c16,0,,0,
SQLi,login,1,e40e54ee0af6189b,1,200,1,1
SQLi,login,1,9bc2eaf21559d00e,1,200,1,1
SQLi,login,1,ebda320fc1a8af0c,1,200,1,1
SQLi,login,1,c273e45abf91dd2d,1,200,1,1
SQLi,login,1,180811c81686d164,1,200,1,1
SQLi,login,1,b8c0d907ac1822e2,1,200,1,1
SQLi,login,1,92716403faec0be8,1,200,1,1
SQLi,login,1,dd808d269a2593d3,1,200,1,1
SQLi,login,1,eb678a715521520c,1,200,1,1
SQLi,login,1,52845f8751a3ce10,1,200,1,1
SQLi,login,1,1c855587c6d1b624,1,200,1,1
SQLi,login,1,4b9bfc48c477946c,0,,0,
SQLi,login,1,2fe55c1304d7e246,0,,0,
SQLi,login,1,2697a9473e219646,1,200,1,1
SQLi,login,1,7bfa04d4d4149c7c,1,200,1,1
SQLi,login,1,23f8fe2f4166390d,1,200,1,1
SQLi,login,1,2fe50938433636e9,0,,0,
SQLi,login,1,86c4b10c592ef30e,1,200,1,1
SQLi,login,1,9f6403a5c73c4227,1,200,1,1
SQLi,login,1,f17f4834344072b9,1,200,1,1
SQLi,login,1,28c899cbf08f2025,1,200,1,1
SQLi,login,1,21ab181d34ae9c32,1,200,1,1
SQLi,login,1,1322dec9f32f8341,1,200,1,1
SQLi,login,1,c4fff93cb2fd4041,1,200,1,1
SQLi,login,1,2f74b887ec726f3e,0,,0,
SQLi,login,1,d78d853a2dd4541e,1,200,1,1
SQLi,login,1,d372d12edfe8b223,1,200,1,1
SQLi,login,1,80bbbe767ba95970,0,,0,
SQLi,login,1,10af7871c90b85f8,1,200,1,1
SQLi,login,1,07402d7f31b377e0,1,200,1,1
SQLi,login,1,477fe60eaddda8d0,1,200,1,1
SQLi,login,1,7ea2f40c4cd181a8,1,200,1,1
SQLi,login,1,5893e7210780eda2,1,200,1,1
SQLi,login,1,d47697bf91d14002,1,200,1,1
SQLi,login,1,9aa7b763cdf85179,1,200,1,1
SQLi,login,1,caa260f3eeedf2d7,1,200,1,1
SQLi,login,1,39ef4829b4df851c,1,200,1,1
SQLi,login,1,00b35811179bf5a2,1,200,1,1
SQLi,login,1,de0f43cf71500fda,1,200,1,1
SQLi,login,1,de099937a354c65e,1,200,1,1
SQLi,login,1,71cc836cfb712394,1,200,1,1
SQLi,login,1,0bdf9d5c91637aed,1,200,1,1
SQLi,login,1,c264d6e391d6bbcd,1,200,1,1
SQLi,login,1,b2998ea7998ad18f,1,200,1,1
SQLi,login,1,903b89a1fb9dc3c6,1,200,1,1
SQLi,login,1,ca1fdc968ca86351,1,200,1,1
SQLi,login,1,f7beff8ced2e2357,1,200,1,1
SQLi,login,1,ec6e2c480c18b4e2,1,200,1,1
SQLi,login,1,b6a27ef7529a8ce4,1,200,1,1
SQLi,login,1,352229b38844971f,1,200,1,1
SQLi,login,1,d60229bc4492fab2,1,200,1,1
SQLi,login,1,420ec59d7eb6a79c,1,200,1,1
SQLi,login,1,244c2b7a5dbb8851,1,200,1,1
SQLi,login,1,95a632112f101097,1,200,1,1
SQLi,login,1,08e2f779b8eece27,1,200,1,1
SQLi,login,1,4edb6d8418f9145a,1,200,1,1
SQLi,login,1,712a94309e1b6e73,1,200,1,1
SQLi,login,1,71e3e28dd4630101,1,200,1,1
SQLi,login,1,0e4f67b3b1331a68,1,200,1,1
SQLi,login,1,b9e05d7517072e0b,1,200,1,1
SQLi,login,1,1c8f9f4b32a47cbe,1,200,1,1
SQLi,login,1,80e2b6b0ea3ea866,1,200,1,1
SQLi,login,1,6f6b55ffbced0651,1,403,0,
SQLi,login,1,47403ddd71ebe277,1,200,1,1
SQLi,login,1,b52aa6021f800aa1,1,200,1,1
SQLi,login,1,d1b2d893b68886d5,1,200,1,1
SQLi,login,1,edf4ce8303282ab4,1,200,1,1
SQLi,login,1,b11733522169b451,1,200,1,1
SQLi,login,1,1b5be062d04ef4ee,1,200,1,1
SQLi,login,1,80b5bc10e3c7bbb7,1,403,0,
SQLi,login,1,5d8d90578a3e264a,1,200,1,1
SQLi,login,1,ac7f98d5d39b4078,1,200,1,1
SQLi,login,1,48b5a35284607fac,1,200,1,1
SQLi,login,1,6c5ab5a72fa2268d,1,403,0,
SQLi,login,1,8e75406d93b4d3a6,1,200,1,1
SQLi,login,1,7a1430c14b27a510,1,200,1,1
SQLi,login,1,4da65a6d1c3a9713,1,200,1,1
SQLi,login,1,1ac3649ad28978d7,1,200,1,1
SQLi,login,1,7378e20449488db7,1,200,1,1
SQLi,login,1,a99936327a8aaf7f,1,200,1,1
SQLi,login,1,df54b6a4f5d31a23,1,200,1,1
SQLi,login,1,ac0fe546c9bbe1a8,1,200,1,1
SQLi,login,1,83e7ce439324f515,1,200,1,1
SQLi,login,1,54008f4c944bea04,1,200,1,1
SQLi,login,1,e4f0162cef5066e8,1,200,1,1
SQLi,login,1,84f09bb699e9f832,1,200,1,1
SQLi,login,1,1bd655e306c5dbcc,1,200,1,1
SQLi,login,1,c4fea7f7a2ceb01f,1,200,1,1
SQLi,login,1,d7c9fac50c1e63f0,1,200,1,1
SQLi,login,1,acb4aa519c92b18a,1,200,1,1
SQLi,login,1,6a368028eb73bd8a,1,200,1,1
SQLi,login,1,0e5ad5967182e5c3,1,200,1,1
SQLi,login,1,888afbc7ee4ce620,1,200,1,1
SQLi,login,1,b357e5404dac55c1,1,200,1,1
SQLi,login,1,e680bb543039d452,1,200,1,1
SQLi,login,1,095c179a8b3e94da,1,200,1,1
SQLi,login,1,70610ed5c04ba19f,1,200,1,1
SQLi,login,1,253d8994094bb4b2,1,200,1,1
SQLi,login,1,01026d740e5f6a46,1,200,1,1
SQLi,login,1,6ce67d2c9cb4682e,1,200,1,1
SQLi,login,1,58395f2aab17263c,1,200,1,1
SQLi,login,1,9a47d87eb9a2c81f,1,200,1,1
SQLi,login,1,478270531e1380f8,1,200,1,1
SQLi,login,1,b81751ee34bedc0c,1,200,1,1
SQLi,login,1,dbb5a8be84a4d1e7,1,200,1,1
SQLi,login,1,44ac84cb19525400,1,200,1,1
SQLi,login,1,6b53d43f1c36249e,1,200,1,1
SQLi,login,1,d276c1d2dc6f0bb4,1,200,1,1
SQLi,login,1,228d113eae043b7c,1,200,1,1
SQLi,login,1,a4c1ca7a81e45dc0,1,200,1,1
SQLi,login,1,571d4c76cd15a6a5,1,200,1,1
SQLi,login,1,7ffe01ab7877db5f,1,200,1,1
SQLi,login,1,164d3c755abcddfa,1,200,1,1
SQLi,login,1,5685e253e6de6190,0,,0,
SQLi,login,1,fb2ba8e1c26718a7,0,,0,
SQLi,login,1,4cfa85cba8275279,1,200,1,1
SQLi,login,1,562bad98be923f97,1,200,1,1
SQLi,login,1,6018342fb0358d28,1,200,1,1
SQLi,login,1,c1f00ebb531f2020,1,200,1,1
SQLi,login,1,76d792d267c0f436,1,200,1,1
SQLi,login,1,bea513c2d0d7f680,0,,0,
SQLi,login,1,3ce3a379b4f0833e,0,,0,
SQLi,login,1,78b5e3c9ec5ea24d,1,200,1,1
SQLi,login,1,fe9d9ede5d99dcb7,1,200,1,1
SQLi,login,1,85aba7a12a172711,1,200,1,1
SQLi,login,1,522547cbc65850ef,1,200,1,1
SQLi,login,1,1800aefb2089a8ba,1,200,1,1
SQLi,login,1,1b385d99173d8924,1,200,1,1
SQLi,login,1,57f9543c88b64f12,1,200,1,1
SQLi,login,1,5c23fcc9a16e31b2,1,200,1,1
SQLi,login,1,9e510acdee36c96e,1,200,1,1
SQLi,login,1,2002a202714ba7c4,1,200,1,1
SQLi,login,1,604658ca7fc23c15,1,200,1,1
SQLi,login,1,c64632d6b951a9f2,1,200,1,1
SQLi,login,1,cc70e29b9dfce198,1,200,1,1
SQLi,login,1,f971c58624ba615d,1,200,1,1
SQLi,login,1,26f4113ddc36ebe2,1,200,1,1
SQLi,login,1,ba802b884ca5ea00,1,200,1,1
SQLi,login,1,491deb0c96d5e3bf,1,200,1,1
SQLi,login,1,b50d8f1aff99d191,1,200,1,1
SQLi,login,1,71d9b248771a85e5,1,200,1,1
SQLi,login,1,e42e11cbd11fa31c,1,200,1,1
SQLi,login,1,53d6ac571cd4a9b1,1,200,1,1
SQLi,login,1,980fbffbfa5901be,1,200,1,1
SQLi,login,1,68f8f4b00ba30bac,1,200,1,1
SQLi,login,1,ba13c7edfeeea1b5,1,200,1,1
SQLi,login,1,a79822d4ef92f12d,1,200,1,1
SQLi,login,1,d404225f47446d04,1,200,1,1
SQLi,login,1,cdfa3e09001f0cdb,1,200,1,1
SQLi,login,1,2ef6f56467a893b5,1,200,1,1
SQLi,login,1,30dec2efc5430c83,1,200,1,1
SQLi,login,1,65396cdb56b57d94,1,200,1,1
SQLi,login,1,238a8508d930c087,1,200,1,1
SQLi,login,1,88821b9ace084156,1,200,1,1
SQLi,login,1,a6e42f7e08ec5052,1,200,1,1
SQLi,login,1,6694bf72ead9a8d4,1,200,1,1
SQLi,login,1,65818361d7631d48,1,200,1,1
SQLi,login,1,d528d40b9270cec8,1,200,1,1
SQLi,login,1,6a4c70a7a960b8a9,1,200,1,1
SQLi,login,1,f1a78d082f350ff2,1,200,1,1
SQLi,login,1,ffea17482b6857b1,1,200,1,1
SQLi,login,1,72dc6d0a464070d6,1,200,1,1
SQLi,login,1,93d84ee6b68a7852,1,200,1,1
SQLi,login,1,37d8ec5b773925ae,1,200,1,1
SQLi,login,1,7e05b4fee12d8703,1,200,1,1
SQLi,login,1,c1e0befa76f5c8a4,1,200,1,1
SQLi,login,1,d9dd87ac1fd9400c,1,200,1,1
SQLi,login,1,a1a1e232bd0ef65f,1,200,1,1
SQLi,login,1,3975bca9cfb45c3e,1,200,1,1
SQLi,login,1,530efc1dcd0f9415,1,200,1,1
SQLi,login,1,436dc040c2fdc61a,1,200,1,1
SQLi,login,1,992b5808bc1e13d8,1,200,1,1
SQLi,login,1,109e3167ef5172a7,1,200,1,1
SQLi,login,1,cd0fe8caf327f972,1,200,1,1
SQLi,login,1,b22c5504feec62d4,1,200,1,1
SQLi,login,1,b7606e0079923614,1,200,1,1
SQLi,login,1,d32d9844d3fdbadb,1,200,1,1
SQLi,login,1,4fb52afd901ea2c0,1,200,1,1
SQLi,login,1,484bda687fbfbfdc,1,200,1,1
SQLi,login,1,f4dd88fe74dc4b2e,1,200,1,1
SQLi,login,1,0f25e2b5475ca064,1,200,1,1
SQLi,login,1,016cc7c79514b67d,1,200,1,1
SQLi,login,1,da664c3ccfde092d,1,200,1,1
SQLi,login,1,e5ecb4135267f5c0,1,200,1,1
SQLi,login,1,d221f6fa8ef79a8e,1,200,1,1
SQLi,login,1,2f3985154f1369b4,1,200,1,1
SQLi,login,1,a2fabc86d225c38c,1,200,1,1
SQLi,login,1,57a3850d27dc99f9,1,200,1,1
SQLi,login,1,4e15f8863e047ebd,1,200,1,1
SQLi,login,1,e9c69a31f3495fa4,1,200,1,1
SQLi,login,1,f573dfc598c02953,1,200,1,1
SQLi,login,1,d6c8e958abc7e649,1,200,1,1
SQLi,login,1,1dd67e92be294ed3,1,200,1,1
SQLi,login,1,c2682a59247a5dd2,1,200,1,1
SQLi,login,1,6d37f74ed34154b4,1,200,1,1
SQLi,login,1,4f6e737f89ad5a38,1,200,1,1
SQLi,login,1,b9c8bcc8a3fb51cb,1,200,1,1
SQLi,login,1,1754ef4a04601f85,1,200,1,1
SQLi,login,1,46601dfba5af0247,1,200,1,1
SQLi,login,1,a926c3a655ae5a10,1,200,1,1
SQLi,login,1,6110d4855713b87b,1,200,1,1
SQLi,login,1,92c5629bfd871aa0,1,200,1,1
SQLi,login,1,4907651e340282ee,1,200,1,1
SQLi,login,1,6a8a62da90cc65df,1,200,1,1
SQLi,login,1,9bf1c7655c9752d0,1,200,1,1
SQLi,login,1,91c05312b77c7385,1,200,1,1
SQLi,login,1,bf246c75a3f3bf51,1,200,1,1
SQLi,login,1,a047cc2a1097d958,1,200,1,1
SQLi,login,1,c0536f55a93e3c56,1,200,1,1
SQLi,login,1,792ea39cf13881e7,1,200,1,1
SQLi,login,1,d80027c6a39be216,1,200,1,1
SQLi,login,1,1553ac12c967dec3,1,200,1,1
SQLi,login,1,4e0c7fe4995020ab,1,200,1,1
SQLi,login,1,0d4617283beb0975,1,200,1,1
SQLi,login,1,b00d549cc95ad646,1,200,1,1
SQLi,login,1,e2d9f681aa9382a7,1,200,1,1
SQLi,login,1,5c0bbbb731ce82e2,1,200,1,1
SQLi,login,1,b170eb32a38211e1,1,200,1,1
SQLi,login,1,aef3e92644460c85,1,200,1,1
SQLi,login,1,65831ec331edee34,0,,0,
SQLi,login,1,cf35336c5b563023,1,200,1,1
SQLi,login,1,20a45de832da73c4,0,,0,
SQLi,login,1,207c678407105d33,1,200,1,1
SQLi,login,1,40fabc8ec9632833,0,,0,
SQLi,login,1,490ad8f32ffe3b82,1,200,1,1
SQLi,login,1,fe6e60c2a859bc55,0,,0,
SQLi,login,1,b71b5598bdbb698e,0,,0,
SQLi,login,1,cb9086529d2ac503,1,200,1,1
SQLi,login,1,c337c37572f0820b,1,200,1,1
SQLi,login,1,c18ff57fd91b9ba0,0,,0,
SQLi,login,1,f78665572400db06,1,200,1,1
SQLi,login,1,4d90bbb713359fbb,1,200,1,1
SQLi,login,1,e0cf7f2a35ff33d7,1,200,1,1
SQLi,login,1,d8b77321059320e1,1,200,1,1
SQLi,login,1,931a61acd5758f4c,1,200,1,1
SQLi,login,1,86ba5f53c33e82bf,1,200,1,1
SQLi,login,1,47958b29e35b44c3,1,200,1,1
SQLi,login,1,7c18ec20b8f6187d,1,200,1,1
SQLi,login,1,d0a7df3276b5ed8e,1,200,1,1
SQLi,login,1,9843845f449a8052,1,200,1,1
SQLi,login,1,1676b0530a5f00ce,1,200,1,1
SQLi,login,1,46e222b5ebbd8723,1,200,1,1
SQLi,login,1,9bbe8e95f28b7a5b,1,200,1,1
SQLi,login,1,80c2ef7244fc4610,1,200,1,1
SQLi,login,1,0507bfc88023b8ce,1,200,1,1
SQLi,login,1,956c9f9588efa6fb,1,200,1,1
SQLi,login,1,7335d86f0f28b0a8,1,200,1,1
SQLi,login,1,69d305fed0c1094c,1,200,1,1
SQLi,login,1,97027b7ac1c0cbb7,1,200,1,1
SQLi,login,1,131bae1033e7ff55,1,200,1,1
SQLi,login,1,61ebe8871442d094,1,200,1,1
SQLi,login,1,40bfe21cb9e8eb9b,1,200,1,1
SQLi,login,1,ebe260f3e38358ce,1,200,1,1
SQLi,login,1,af5144e78b4feb38,1,200,1,1
SQLi,login,1,514c453488ba9924,1,200,1,1
SQLi,login,1,d3072e6cfc64dd9f,1,200,1,1
SQLi,login,1,da36ae0461a33baa,1,200,1,1
SQLi,login,1,7e246fb283fc5dd7,1,200,1,1
SQLi,login,1,2908d4d263e45283,1,200,1,1
SQLi,login,1,e33fabb2b1974d33,1,200,1,1
SQLi,login,1,e3bbe6c685752ec2,1,200,1,1
SQLi,login,1,321c01b35c93acfd,1,200,1,1
SQLi,login,1,ae387bd02c69bd0d,1,200,1,1
SQLi,login,1,1a3127004308240e,1,200,1,1
SQLi,login,1,7ddf51dfe03665a0,1,200,1,1
SQLi,login,1,51a43441215d0029,1,403,0,
SQLi,login,1,9ff533bf99a84cbc,1,200,1,1
SQLi,login,1,2332056428fdc5a5,0,,0,
SQLi,login,1,fb1be224e80d2fea,1,200,1,1
SQLi,login,1,b4b79d00ce5ded92,1,200,1,1
SQLi,login,1,c619354907519e9e,1,200,1,1
SQLi,login,1,f435e78cbad67df6,1,200,1,1
SQLi,login,1,42861f974576d1dd,0,,0,
SQLi,login,1,fdb63dc98520c624,0,,0,
SQLi,login,1,1cfe80f154e17f0b,1,200,1,1
SQLi,login,1,0aeccf4437ea281e,1,200,1,1
SQLi,login,1,199d4d0cbc4ab723,1,200,1,1
SQLi,login,1,95efe28d79d24e4a,1,200,1,1
SQLi,login,1,ba8d8f1a9090245c,0,,0,
SQLi,login,1,c5a80068909330e5,1,200,1,1
SQLi,login,1,4d1cd95afc936fe2,1,200,1,1
SQLi,login,1,48756f1d0a4c0f28,1,200,1,1
SQLi,login,1,55c1b1b736720ea3,1,200,1,1
SQLi,login,1,120846f1616b7827,1,200,1,1
SQLi,login,1,724a4b77cdf6f2a7,1,200,1,1
SQLi,login,1,20b3c9e4002ef1e7,1,200,1,1
SQLi,login,1,14a67ed9f830e4e7,1,200,1,1
SQLi,login,1,e9efd4056a82a713,1,200,1,1
SQLi,login,1,4684a67d56eef717,1,200,1,1
SQLi,login,1,0b7db956a68a9a69,1,200,1,1
SQLi,login,1,d62268b4e2b9d8ac,1,200,1,1
SQLi,login,1,fadb5a8dbf199f55,1,200,1,1
SQLi,login,1,c7a6e3e6dc1e2f60,1,200,1,1
SQLi,login,1,e45166dcc03a8ad4,1,200,1,1
SQLi,login,1,fc4ada6b45338ee4,1,200,1,1
SQLi,login,1,23b9313114fe9a28,1,200,1,1
SQLi,login,1,829cbdc5c5ad12c4,1,200,1,1
SQLi,login,1,21f05bd1017bd422,1,200,1,1
SQLi,login,1,a87f5ab4a016ae91,1,200,1,1
SQLi,login,1,6afa2f71b34a0d01,1,200,1,1
SQLi,login,1,6a432d5a33081ad6,1,200,1,1
SQLi,login,1,73161f2b0dce651e,1,200,1,1
SQLi,login,1,7a5099275b92a887,1,200,1,1
SQLi,login,1,a05054c248f77b3f,1,200,1,1
SQLi,login,1,cf1c16c956dba0d2,1,200,1,1
SQLi,login,1,37ba0f5e9837de70,1,200,1,1
SQLi,login,1,5441cae7478c73e9,1,200,1,1
SQLi,login,1,3f20e0d873df5b26,1,200,1,1
SQLi,login,1,2d1cceb922940da8,1,200,1,1
SQLi,login,1,9199d18d877b2918,1,200,1,1
SQLi,login,1,6bed208876a8ede7,1,200,1,1
SQLi,login,1,b7ab29a6d812f9c8,1,200,1,1
SQLi,login,1,fd3092347e8a7e33,1,200,1,1
SQLi,login,1,c51c1f95445a4676,1,200,1,1
SQLi,login,1,5e745052d7eae81a,1,200,1,1
SQLi,login,1,0332e3ac1b976cfa,1,200,1,1
SQLi,login,1,d1cfd2d9635ee24e,1,200,1,1
SQLi,login,1,5555840abdd7407c,1,200,1,1
SQLi,login,1,1fc61dc80638a493,1,200,1,1
SQLi,login,1,697e616983835ba9,1,200,1,1
SQLi,login,1,3dc24da451e10b26,1,200,1,1
SQLi,login,1,aecb770e51b65e39,1,200,1,1
SQLi,login,1,55564a9d509a90c4,1,200,1,1
SQLi,login,1,d812b180e594df01,1,200,1,1
SQLi,login,1,5d230bc574932e54,1,200,1,1
SQLi,login,1,520d3186b6a42d81,1,200,1,1
SQLi,login,1,9d7423f453bf1b5b,1,200,1,1
SQLi,login,1,81900308d488e7c4,1,200,1,1
SQLi,login,1,bdf518decec92dda,1,200,1,1
SQLi,login,1,591aaf03949adba3,0,,0,
SQLi,product,1,0a252552b44bfed0,1,200,1,1
SQLi,product,1,d16c115d79ff3051,1,200,1,1
SQLi,product,1,3672d394a4c0948f,1,200,1,1
SQLi,product,1,44964857e9c806b4,1,200,1,1
SQLi,product,1,3f6dbe674e997c4a,0,,0,
SQLi,product,1,d37521750efbc549,1,200,1,1
SQLi,product,1,cbbf16e98dd76a64,1,200,1,1
SQLi,product,1,3bb60a84be80c418,1,200,1,1
SQLi,product,1,059be18145cd3514,1,200,1,1
SQLi,product,1,645b0ee20003999c,1,200,1,1
SQLi,product,1,771b4fcce944d1c0,1,200,1,1
SQLi,product,1,1e01e87504c7db0d,1,200,1,1
SQLi,product,1,2d3a1b29b2622f23,1,200,1,1
SQLi,product,1,0af84a7b4adbfd9a,1,200,1,1
SQLi,product,1,6d3e1ee885c9da51,1,200,1,1
SQLi,product,1,b5e08a67161e1abf,1,200,1,1
SQLi,product,1,24ed524d3b2c0991,1,200,1,1
SQLi,product,1,71dc1ef0d2e3287a,0,,0,
SQLi,product,1,b3c28ad4c307c09e,1,200,1,1
SQLi,product,1,b0a9192e10edf11e,1,200,1,1
SQLi,product,1,985dddd4f8d725bd,1,200,1,1
SQLi,product,1,4416ff9ad7ac4e4b,1,200,1,1
SQLi,product,1,55d43db56185aa7e,0,,0,
SQLi,product,1,c930a9f62ef65cc2,1,200,1,1
SQLi,product,1,c2e69bd444877961,1,200,1,1
SQLi,product,1,0824e5deb8990c71,1,200,1,1
SQLi,product,1,999fdde501297177,1,200,1,1
SQLi,product,1,fcf8092042dc82ef,0,,0,
SQLi,product,1,39597657da919fed,1,200,1,1
SQLi,product,1,a091a827e1225b58,1,200,1,1
SQLi,product,1,d049102d6a8000f8,1,200,1,1
SQLi,product,1,5266e062293d162b,1,200,1,1
SQLi,product,1,6545d1e132449218,1,200,1,1
SQLi,product,1,fa548c0b0d70969e,1,200,1,1
SQLi,product,1,4fe139160313997d,0,,0,
SQLi,product,1,f9a3632f39d130f2,1,200,1,1
SQLi,product,1,8e684a45ab4eb25e,0,,0,
SQLi,product,1,f7295fdbdd564b39,0,,0,
SQLi,product,1,5b442adf16e371ab,1,200,1,1
SQLi,product,1,60ee36e0c36a610c,1,200,1,1
SQLi,product,1,8d04c68f4885a892,1,200,1,1
SQLi,product,1,1e3f8bd4a19f0139,1,200,1,1
SQLi,product,1,db65e6070e113382,1,200,1,1
SQLi,product,1,700266fd2b620c37,1,403,0,
SQLi,product,1,465d2a9d5f645414,1,200,1,1
SQLi,product,1,3e1b00ff43481263,1,200,1,1
SQLi,product,1,4912bb0b2bb719ae,1,200,1,1
SQLi,product,1,9b33067c1b9726c4,1,200,1,1
SQLi,product,1,d18099c2a489e802,0,,0,
SQLi,product,1,8ad8c3db56a237a9,1,200,1,1
SQLi,product,1,93a4a085ac5b6f06,1,403,0,
SQLi,product,1,00a152cd6ccb64fc,1,200,1,1
SQLi,product,1,681eb132ee0bd2dc,1,200,1,1
SQLi,product,1,2a66654680b31ea4,1,200,1,1
SQLi,product,1,92fdfce297bf6338,1,200,1,1
SQLi,product,1,597438bc0d4d09ed,1,200,1,1
SQLi,product,1,2beb854a4bef6ffc,1,200,1,1
SQLi,product,1,ab5fd4c8444cfe51,1,200,1,1
SQLi,product,1,42f166f1397ca8cd,0,,0,
SQLi,product,1,c51bf4d8af51fca6,0,,0,
SQLi,product,1,030cb0deb475ccee,1,200,1,1
SQLi,product,1,9d4b9f0c387d2a99,1,200,1,1
SQLi,product,1,be1439e7bbc8c3c2,1,200,1,1
SQLi,product,1,59c69acabf6d1290,1,200,1,1
SQLi,product,1,8fd9afdc3d03d802,1,200,1,1
SQLi,product,1,87a84e5297b5956c,1,200,1,1
SQLi,product,1,fd6b581a468c2d98,1,200,1,1
SQLi,product,1,2aaeb84389d419c2,1,200,1,1
SQLi,product,1,8dd11bca08516827,1,200,1,1
SQLi,product,1,005afa922e7f9827,1,200,1,1
SQLi,product,1,45b7be6df03380f9,0,,0,
SQLi,product,1,2e0920ffbb8086b0,1,200,1,1
SQLi,product,1,2a91a41ae241375e,1,200,1,1
SQLi,product,1,5380330dc58f6dad,1,200,1,1
SQLi,product,1,0c3340e57a34b947,1,200,1,1
SQLi,product,1,b99a341e6cee6b98,1,200,1,1
SQLi,product,1,3fac6955966df853,1,200,1,1
SQLi,product,1,8b83507b6aaf1921,1,200,1,1
SQLi,product,1,937c9772b2db03d2,1,200,1,1
SQLi,product,1,de0bbfa1624a0d38,1,200,1,1
SQLi,product,1,a695450e13cddf79,1,200,1,1
SQLi,product,1,8df7d8fa97e2fe92,1,200,1,1
SQLi,product,1,6e309c0c776ddb18,1,200,1,1
SQLi,product,1,cecc19f8d864a5f3,1,200,1,1
SQLi,product,1,a6d76fa33080381a,1,200,1,1
SQLi,product,1,3c69c9ee852398d4,1,200,1,1
SQLi,product,1,6095be7154b62dfb,1,200,1,1
SQLi,product,1,7f1cf95ddb6999ec,1,200,1,1
SQLi,product,1,a205dfbb2cce0c31,1,200,1,1
SQLi,product,1,f957031b2f6920b1,1,200,1,1
SQLi,product,1,8e82b60a7557e4f5,1,200,1,1
SQLi,product,1,f40dae63c736bab9,0,,0,
SQLi,product,1,ec77c8e012db44e7,1,200,1,1
SQLi,product,1,fef08a7d47cd760f,1,200,1,1
SQLi,product,1,26472d921aba9a28,1,200,1,1
SQLi,product,1,8567d4530b76759c,1,200,1,1
SQLi,product,1,4c4b6491ddda38e0,1,200,1,1
SQLi,product,1,18f89ab39316d342,1,200,1,1
SQLi,product,1,3a9baadcc017f77a,1,200,1,1
SQLi,product,1,9a3d7d6acb3761b6,1,200,1,1
SQLi,product,1,ff1512d7a8e1637a,1,200,1,1
SQLi,product,1,d79291df03c55d78,1,200,1,1
SQLi,product,1,9fda4bdfb88b74de,1,200,1,1
SQLi,product,1,0e04cf7b8dc1291b,1,200,1,1
SQLi,product,1,f047371b6c777d80,1,200,1,1
SQLi,product,1,df74c459d40f96f5,1,200,1,1
SQLi,product,1,a5406e1f3f55114f,1,200,1,1
SQLi,product,1,539b3508a1aecfb6,1,200,1,1
SQLi,product,1,be077428a79b33b0,1,200,1,1
SQLi,product,1,b733ad809a89f6d3,1,200,1,1
SQLi,product,1,3d37674cfbe9f740,1,200,1,1
SQLi,product,1,f81fb2207701a247,1,200,1,1
SQLi,product,1,0ef2618ae4eb2c1c,1,200,1,1
SQLi,product,1,772103fdde3230bb,1,200,1,1
SQLi,product,1,721407069adb1ff6,1,200,1,1
SQLi,product,1,d9848e8cbf70338e,1,200,1,1
SQLi,product,1,06d9769bae8b2172,1,200,1,1
SQLi,product,1,9adc376bc2fcbdb6,1,200,1,1
SQLi,product,1,e67ea0ea7d92cb63,1,200,1,1
SQLi,product,1,269e7dfe088d664e,1,200,1,1
SQLi,product,1,4d968b246700a499,1,200,1,1
SQLi,product,1,fef507acb9178dc1,1,200,1,1
SQLi,product,1,e880572c43e5eb4f,1,200,1,1
SQLi,product,1,4b1f1a4e321f5943,1,200,1,1
SQLi,product,1,f0a02f53156f3726,1,200,1,1
SQLi,product,1,33c6b0832aff64b0,1,200,1,1
SQLi,product,1,fa1912ccbe1c16bb,1,200,1,1
SQLi,product,1,34c11c048c4d0c14,1,200,1,1
SQLi,product,1,23536e2d63aa7e26,1,200,1,1
SQLi,product,1,46855c7e721f420d,1,200,1,1
SQLi,product,1,fb5c65160f723887,1,200,1,1
SQLi,product,1,34f2ebcfa92e3def,1,200,1,1
SQLi,product,1,69d70c4a07fb808b,1,200,1,1
SQLi,product,1,cf16d773bd6b0bcd,1,200,1,1
SQLi,product,1,100f3c94244e402c,1,200,1,1
SQLi,product,1,f8a5c720e9844422,1,200,1,1
SQLi,product,1,af903b890d2f81e1,0,,0,
SQLi,product,1,820ae9d6b97dd13e,1,200,1,1
SQLi,product,1,52a19e349fe30079,1,200,1,1
SQLi,product,1,b8f8ca9f61f84881,1,200,1,1
SQLi,product,1,de000254e77f5635,1,200,1,1
SQLi,product,1,2f945c6eb8788e83,1,200,1,1
SQLi,product,1,b6c9caea738c22ee,1,200,1,1
SQLi,product,1,22a402e99bc924f0,1,200,1,1
SQLi,product,1,2b70e479c6086be7,1,200,1,1
SQLi,product,1,9b8be08f853f3add,1,200,1,1
SQLi,product,1,858b66e58e5f0027,1,200,1,1
SQLi,product,1,c5e8095b44858604,1,200,1,1
SQLi,product,1,292a675475c333ed,0,,0,
SQLi,product,1,e30a2d4c18ede003,1,200,1,1
SQLi,product,1,fe150e5460731409,1,200,1,1
SQLi,product,1,d8d86607d53fcacd,1,200,1,1
SQLi,product,1,e6fee9d373f2078f,1,200,1,1
SQLi,product,1,5b6f0c5aa9660022,1,200,1,1
SQLi,product,1,335de9c397256bbb,1,200,1,1
SQLi,product,1,29572f710a9a16db,1,200,1,1
SQLi,product,1,0a6e8f0c2f898036,1,200,1,1
SQLi,product,1,a58d4ebe5c1745f3,1,200,1,1
SQLi,product,1,465c5b9d62d65f69,1,200,1,1
SQLi,product,1,0f3d88854c0930fd,1,200,1,1
SQLi,product,1,bf0a9e3dd846e074,1,200,1,1
SQLi,product,1,acab8fe4b90c5519,1,200,1,1
SQLi,product,1,1b5be2aff8cd670c,1,200,1,1
SQLi,product,1,2f571f64f68b0570,1,200,1,1
SQLi,product,1,f912f5323dea01b8,1,200,1,1
SQLi,product,1,8d0f9aa373cd0bb1,1,200,1,1
SQLi,product,1,5934bbbd7265bda8,1,200,1,1
SQLi,product,1,70aa08f5aa9fb18e,1,200,1,1
SQLi,product,1,bbc966aba6f01039,1,200,1,1
SQLi,product,1,9a7b51a5653974fa,1,200,1,1
SQLi,product,1,b8cf374a48fe4935,1,200,1,1
SQLi,product,1,d0b510290f1c84b7,1,200,1,1
SQLi,product,1,5a5bf315d44eb40b,1,200,1,1
SQLi,product,1,c2601ce1a892683b,1,200,1,1
SQLi,product,1,159505d88c5bb628,1,200,1,1
SQLi,product,1,fbeb06ecef94ac43,1,200,1,1
SQLi,product,1,2b81232fac1daf98,1,200,1,1
SQLi,product,1,8ebb052efe565182,1,200,1,1
SQLi,product,1,f1496d5572cd8e0e,1,200,1,1
SQLi,product,1,324430993d960310,1,200,1,1
SQLi,product,1,ef9580d64aa52e4f,1,200,1,1
SQLi,product,1,88889fd73f196c6d,1,200,1,1
SQLi,product,1,039474b9456e39ca,1,200,1,1
SQLi,product,1,a5b1b45f5b914dda,1,200,1,1
SQLi,product,1,81c503ccd8803aa5,1,200,1,1
SQLi,product,1,c5edbffb40dedf62,1,200,1,1
SQLi,product,1,e5b0cec77f47091d,1,200,1,1
SQLi,product,1,0df20a5d7b8addb5,1,200,1,1
SQLi,product,1,0e1bd2b744b08c4d,1,200,1,1
SQLi,product,1,64085c8438059138,1,200,1,1
SQLi,product,1,a242f96513ae2818,1,200,1,1
SQLi,product,1,f73f1c642d76f33a,1,200,1,1
SQLi,product,1,47a206e15b687848,1,200,1,1
SQLi,product,1,50068168c6c4039d,1,200,1,1
SQLi,product,1,368b1f3fc7e8891d,1,200,1,1
SQLi,product,1,40c4e96f42305336,1,200,1,1
SQLi,product,1,5dbe7d478b6d2675,1,200,1,1
SQLi,product,1,cc534c4508305f69,1,200,1,1
SQLi,product,1,cebc3ef8809902b3,0,,0,
SQLi,product,1,1f59f0131f124724,0,,0,
SQLi,product,1,e56d93e4e24d894e,1,200,1,1
SQLi,product,1,ed03cffa0e016405,1,200,1,1
SQLi,product,1,e062519056a275a5,1,200,1,1
SQLi,product,1,3bb21345e9e71ae5,0,,0,
SQLi,product,1,10dbc91ff78140f3,1,200,1,1
SQLi,product,1,db0f07b97764ea1d,1,200,1,1
SQLi,product,1,5cccff6b84988631,1,200,1,1
SQLi,product,1,937e58480561a7f3,1,200,1,1
SQLi,product,1,0b1aa3bb81bf634c,1,200,1,1
SQLi,product,1,8c42bbe6ef5a3fe5,1,200,1,1
SQLi,product,1,bac9b016e05682aa,1,200,1,1
SQLi,product,1,c04eb16b7b891488,1,200,1,1
SQLi,product,1,01c53e9a1e55ee23,1,200,1,1
SQLi,product,1,2b1742583699e490,1,200,1,1
SQLi,product,1,54181417b9c02784,1,200,1,1
SQLi,product,1,fb933b9979e577c6,1,200,1,1
SQLi,product,1,76c23e53f64d723e,1,200,1,1
SQLi,product,1,72f6635854ab0a0b,1,200,1,1
SQLi,product,1,2e2ee7ed849a80f0,1,200,1,1
SQLi,product,1,f9049cbd3e5732fe,1,200,1,1
SQLi,product,1,265b435da8249bcd,1,200,1,1
SQLi,product,1,4872e4debfcb0c1a,1,200,1,1
SQLi,product,1,007377ccbcc0cbe9,1,200,1,1
SQLi,product,1,e01098de0bbb115d,1,200,1,1
SQLi,product,1,efb119f649cc3526,1,200,1,1
SQLi,product,1,be7190fa6dfb7fdc,1,200,1,1
SQLi,product,1,00db54802f21bdce,1,200,1,1
SQLi,product,1,9d10921a08b40505,1,200,1,1
SQLi,product,1,92720d91a87d0d99,1,200,1,1
SQLi,product,1,78b2a993b7c114d5,1,200,1,1
SQLi,product,1,ee90258102a52ecf,1,200,1,1
SQLi,product,1,84957eca96a3172f,1,200,1,1
SQLi,product,1,c37fb2ede548acfd,1,200,1,1
SQLi,product,1,67b5e6d481eabd1c,0,,0,
SQLi,product,1,6491b58c027dd5a7,1,200,1,1
SQLi,product,1,3fc5b8e2291e6aad,1,200,1,1
SQLi,product,1,bae304c79fa4c50c,1,200,1,1
SQLi,product,1,0e3807f3423bd3e0,1,200,1,1
SQLi,product,1,35bf28efcb166845,1,200,1,1
SQLi,product,1,5e35600462a478eb,1,200,1,1
SQLi,product,1,860559cefbb49b94,1,200,1,1
SQLi,product,1,6a8e2b0e8c5962d4,1,200,1,1
SQLi,product,1,78c4a1d233e61989,1,200,1,1
SQLi,product,1,d66f95b682d54ccf,1,200,1,1
SQLi,product,1,61c25546f6270926,0,,0,
SQLi,product,1,d795718c06a965b7,1,200,1,1
SQLi,product,1,bc5b3bf1e80a96e3,1,200,1,1
SQLi,product,1,bd44eb4397081558,1,200,1,1
SQLi,product,1,7870b4b02182237b,1,200,1,1
SQLi,product,1,504c7ec46bbff9f3,1,200,1,1
SQLi,product,1,2d03a4ee660fb284,1,200,1,1
SQLi,product,1,46436c2beddf8780,1,200,1,1
SQLi,product,1,7f07fdcfd1df9ae1,1,200,1,1
SQLi,product,1,12cd21c3c858315b,1,200,1,1
SQLi,product,1,08866a1d46292973,1,200,1,1
SQLi,product,1,de9655ba56ba5847,1,200,1,1
SQLi,product,1,f836acd703f3b695,1,200,1,1
SQLi,product,1,f8f5b2c32c7fb7f5,1,200,1,1
SQLi,product,1,94007705c4edc784,1,200,1,1
SQLi,product,1,be1caf330205f434,1,200,1,1
SQLi,product,1,011955cf6551cc79,1,200,1,1
SQLi,product,1,056378603009d509,1,200,1,1
SQLi,product,1,024cf30dc336a99b,1,200,1,1
SQLi,product,1,8ee8ea0a40aebb47,1,200,1,1
SQLi,product,1,2d532d9763e38b2a,1,200,1,1
SQLi,product,1,11b803bb010ece1c,1,200,1,1
SQLi,product,1,8a9c5da3872f7277,1,200,1,1
SQLi,product,1,e3391554aa81dd0a,1,200,1,1
SQLi,product,1,6193f24176558ec1,1,200,1,1
SQLi,product,1,056bee2702c67461,1,200,1,1
SQLi,product,1,1bb761313a446624,1,200,1,1
SQLi,product,1,980475b4a419134b,1,200,1,1
SQLi,product,1,84dbe2763155ae5a,1,200,1,1
SQLi,product,1,e88bc9862ccbf9b2,1,200,1,1
SQLi,product,1,9dc5753e41f165a3,1,200,1,1
SQLi,product,1,a936f429bacd2cdc,1,200,1,1
SQLi,product,1,a323d21939513b89,1,200,1,1
SQLi,product,1,2df7605b6dc9de37,1,200,1,1
SQLi,product,1,7e073338f05d9c16,1,200,1,1
SQLi,product,1,97b6dd5635b1a109,1,200,1,1
SQLi,product,1,f2f483b0fc267c02,1,200,1,1
SQLi,product,1,ff13d9c5c810eaf4,1,200,1,1
SQLi,product,1,26715f46992903d2,0,,0,
SQLi,product,1,83faa8daefdde26c,1,200,1,1
SQLi,product,1,fa8f33b6e6d3e831,1,200,1,1
SQLi,product,1,955c94690461805a,1,200,1,1
SQLi,product,1,269bf8e4ec76969f,1,200,1,1
SQLi,product,1,ad59b330f35db3f1,1,200,1,1
SQLi,product,1,84a7e89048dcf17a,1,200,1,1
SQLi,product,1,dd5c40dd0017a003,1,200,1,1
SQLi,product,1,a5306d2876975bbb,1,200,1,1
SQLi,product,1,dcfbdf77330eafe0,1,200,1,1
SQLi,product,1,7ca325dd34a9ef88,1,200,1,1
SQLi,product,1,e94de173cbc779e7,1,200,1,1
SQLi,product,1,b20262d4024e6c2e,1,200,1,1
SQLi,product,1,c9683dd238dcf2e6,1,200,1,1
SQLi,product,1,035f1db0010341af,1,200,1,1
SQLi,product,1,bfc673c2bb8edcac,1,200,1,1
SQLi,product,1,f7cd8f84dff33708,1,200,1,1
SQLi,product,1,5f57ebd4b286632e,1,200,1,1
SQLi,product,1,8923c3bd67db2b48,1,200,1,1
SQLi,product,1,a7d2051003fb3e5b,1,200,1,1
SQLi,product,1,6bfa8289b3614752,1,200,1,1
SQLi,product,1,2a1ac6cc8cf289d4,1,200,1,1
SQLi,product,1,fe79304eaabcdb29,1,200,1,1
SQLi,product,1,96aaaf5c2d0c0d44,1,200,1,1
SQLi,product,1,54b0183245fec579,1,200,1,1
SQLi,product,1,75692ce4b35c5d6e,1,200,1,1
SQLi,product,1,24cecd3f25ff5186,1,200,1,1
SQLi,product,1,a2dac250e8efdaa9,1,200,1,1
SQLi,product,1,de02aaf445b786b9,1,200,1,1
SQLi,product,1,1f5cd09895951363,1,200,1,1
SQLi,product,1,03fb4f802e6d4b2f,1,200,1,1
SQLi,product,1,b2376a62d3c7d1f3,1,200,1,1
SQLi,product,1,1e56652455abb86b,1,200,1,1
SQLi,product,1,a71e7de2ad79da39,1,200,1,1
SQLi,product,1,2c1368473836d1b5,1,200,1,1
SQLi,product,1,5dc3d2cee388dabb,1,200,1,1
SQLi,product,1,9fb4a47ab58716ae,1,200,1,1
SQLi,product,1,d3d7ae7401033110,1,200,1,1
SQLi,product,1,c10eccff472fefa8,1,200,1,1
SQLi,product,1,5b18b3f6d4600e53,1,200,1,1
SQLi,product,1,0af7ee2651a5c879,1,200,1,1
SQLi,product,1,16a904d110b54259,1,200,1,1
SQLi,product,1,70f05f271a0d1c5f,1,200,1,1
SQLi,product,1,90da6321c79684a7,1,200,1,1
SQLi,product,1,06be7be18646c042,1,200,1,1
SQLi,product,1,f9da2e810a538f4c,1,200,1,1
SQLi,product,1,a3f069b922f0b1d7,1,200,1,1
SQLi,product,1,cfe35dab372a447b,1,200,1,1
SQLi,product,1,ca10f47b29aa0423,1,200,1,1
SQLi,product,1,1ae926b0d40e7919,1,200,1,1
SQLi,product,1,cd6921f232fadc22,1,200,1,1
SQLi,product,1,9d8558a955ea5d2c,1,200,1,1
SQLi,product,1,ee78eeab0d24a8e8,1,200,1,1
SQLi,product,1,9f93dd18c7bc0b2d,1,200,1,1
SQLi,product,1,e95a5291513e489d,0,,0,
SQLi,product,1,d4eff9f9249002df,1,200,1,1
SQLi,product,1,3a1ec7ecfbeb6dce,1,200,1,1
SQLi,product,1,20be9ac7050e6e34,1,200,1,1
SQLi,product,1,9a13ab7b8c706bef,1,200,1,1
SQLi,product,1,91da6a57b211855b,1,200,1,1
SQLi,product,1,29d346a1189384d7,0,,0,
SQLi,product,1,341dd3888f95ca89,1,200,1,1
SQLi,product,1,f51986957d0f7630,1,200,1,1
SQLi,product,1,c9dee1cbc2576fb6,1,200,1,1
SQLi,product,1,3296eded04c5b9f0,1,200,1,1
SQLi,product,1,79c58a3df7517987,1,200,1,1
SQLi,product,1,356c7c6b87916c6b,1,200,1,1
SQLi,product,1,7ff736da70d42c99,1,200,1,1
SQLi,product,1,8f462608ffc7ceaa,1,200,1,1
SQLi,product,1,c72bb0e6647ae04b,1,200,1,1
SQLi,product,1,da65ef6e1a941bc6,1,200,1,1
SQLi,product,1,5cce9cc93f87d69d,1,200,1,1
SQLi,product,1,dd76a97193855ffd,1,200,1,1
SQLi,product,1,0c224ef3aa6d57c6,1,200,1,1
SQLi,product,1,e76f5a7f066c452d,1,200,1,1
SQLi,product,1,67bef07f93c4fe19,1,200,1,1
SQLi,product,1,44dc372503998576,1,200,1,1
SQLi,product,1,ef28b80d06b9d7c6,1,200,1,1
SQLi,product,1,946aea5d4ad946d0,1,200,1,1
SQLi,product,1,24083c2fe5d17216,1,200,1,1
SQLi,product,1,558c7c948f6a7d7e,1,403,0,
SQLi,product,1,9855a62a05408d4f,1,200,1,1
SQLi,product,1,346e5157b5743a75,1,200,1,1
SQLi,product,1,e32dcdeca55f2634,1,200,1,1
SQLi,product,1,545c3fe36a9e0445,1,200,1,1
SQLi,product,1,30fa7afa0d43ba7e,1,200,1,1
SQLi,product,1,20041bffb418db6d,1,200,1,1
SQLi,product,1,b5dac009cfa6789a,1,200,1,1
SQLi,product,1,dcf298323bf39c89,1,200,1,1
SQLi,product,1,c106ae70e45417cd,1,200,1,1
SQLi,product,1,4e6fb32657201611,1,200,1,1
SQLi,product,1,0a99d8f2324110e2,1,200,1,1
SQLi,product,1,7a6d2dd2587e3bd2,1,200,1,1
SQLi,product,1,fa423e998aa349f2,1,200,1,1
SQLi,product,1,f2f2f0f128e5671f,1,200,1,1
SQLi,product,1,17ebc9e58c539d1c,1,200,1,1
SQLi,product,1,2d3e97742509ee0a,1,200,1,1
SQLi,product,1,23fa6c24386cdbce,1,200,1,1
SQLi,product,1,9e5e69858fb6f1e5,1,200,1,1
SQLi,product,1,a4e351bb1e4cc54f,1,200,1,1
SQLi,product,1,cc2827bfd6cc2b72,1,200,1,1
SQLi,product,1,a716bad5aa22a9df,1,200,1,1
SQLi,product,1,e5aa95fe9e464825,1,200,1,1
SQLi,product,1,6148f9b81ab4f5f2,1,200,1,1
SQLi,product,1,eb791cfd47df8a0c,1,200,1,1
SQLi,product,1,7b9b7b574000c3ec,1,200,1,1
SQLi,product,1,89850f3adf0080bb,1,200,1,1
SQLi,product,1,2b72a74c09cacfdd,1,200,1,1
SQLi,product,1,ba3becc3d920a9ad,1,200,1,1
SQLi,product,1,9fcafd20d3c03bfd,1,200,1,1
SQLi,product,1,f1333998817985e3,1,200,1,1
SQLi,product,1,481a487687fefcaa,1,200,1,1
SQLi,product,1,7a800d0d1ee9eaff,1,200,1,1
SQLi,product,1,804c3c1ab80a41b2,1,200,1,1
SQLi,product,1,ffc652b7a9958e69,1,200,1,1
SQLi,product,1,b2ff99a32329728b,1,200,1,1
SQLi,product,1,32e7f1a1a957dd61,1,200,1,1
SQLi,product,1,b0418978e5b8c38f,1,200,1,1
SQLi,product,1,8dc09dc5cc30d578,1,200,1,1
SQLi,product,1,807e34e51b5e577f,1,200,1,1
SQLi,product,1,4e1b46f81c75bd17,1,200,1,1
SQLi,product,1,0de49265c3d3b042,1,200,1,1
SQLi,product,1,98af3541bc51f500,1,200,1,1
SQLi,product,1,d2c68588628111c1,1,200,1,1
SQLi,product,1,a61069e33eb287cd,1,200,1,1
SQLi,product,1,cb63ed640d03a610,1,200,1,1
SQLi,product,1,fab86d4b2fcbc5af,1,200,1,1
SQLi,product,1,2eba7c408882a0ec,0,,0,
SQLi,product,1,472bf1dd026d4d2d,1,200,1,1
SQLi,product,1,2831f93e8856ee43,1,200,1,1
SQLi,product,1,5fb7bec8d8cd4334,1,200,1,1
SQLi,product,1,0c9c0cdfa8fa5a86,1,200,1,1
SQLi,product,1,dca08bfb4e7e88df,1,200,1,1
SQLi,product,1,75946702428c3b31,1,200,1,1
SQLi,product,1,800548219f7a4a97,1,200,1,1
SQLi,product,1,ec6921a5faa6d8d8,1,200,1,1
SQLi,product,1,6f0674b80d7c269e,1,200,1,1
SQLi,product,1,74162968a54873f6,1,200,1,1
SQLi,product,1,a904cb878d09c067,1,200,1,1
SQLi,product,1,534cd11215ebe09d,1,200,1,1
SQLi,product,1,8bea67260899d421,1,200,1,1
SQLi,product,1,870cd4595284e8b4,1,200,1,1
SQLi,product,1,a79688b8bd840290,1,200,1,1
SQLi,product,1,9fbad0669535ceb0,1,200,1,1
SQLi,product,1,b9e507d2264a1b82,1,200,1,1
SQLi,product,1,8e0b9d91861c934d,1,200,1,1
SQLi,product,1,07f53891c3c98c04,1,200,1,1
SQLi,product,1,bd139e91a6f204f8,1,200,1,1
SQLi,product,1,545840f004907bd2,1,200,1,1
SQLi,product,1,f8511e5c7c4101c8,1,200,1,1
SQLi,product,1,e3493f35d2cda34b,1,200,1,1
SQLi,product,1,9444f7eca3ca7e36,1,200,1,1
SQLi,product,1,a9c749ea6ddbe366,1,200,1,1
SQLi,product,1,61fa109c7c8627c8,1,200,1,1
SQLi,product,1,39fd397741a5ea3e,1,200,1,1
SQLi,product,1,eb7d6c61e735bf04,1,200,1,1
SQLi,product,1,481d38191f7b9954,1,200,1,1
SQLi,product,1,9b051198722ea84b,1,200,1,1
SQLi,product,1,91d95a3915f0da77,1,200,1,1
SQLi,product,1,8cee741de212e7fa,1,200,1,1
SQLi,product,1,b21bf43978359523,1,200,1,1
SQLi,product,1,8d23ce72f4320b6f,1,200,1,1
SQLi,product,1,b961ab2d61c378af,1,200,1,1
SQLi,product,1,11b1508e14652ae5,1,200,1,1
SQLi,product,1,f30cb7453a1f248b,1,200,1,1
SQLi,product,1,e793807f805a4e2e,1,200,1,1
SQLi,product,1,0fa7d6c1b5eef918,1,200,1,1
SQLi,product,1,148693046f87fbea,1,200,1,1
SQLi,product,1,1822d6edee28d98c,1,200,1,1
SQLi,product,1,d913bd900856afbf,1,200,1,1
SQLi,product,1,2ccf723b5f42018f,1,200,1,1
SQLi,product,1,312d8a22b699aff4,1,200,1,1
SQLi,product,1,317d4edd958f125b,0,,0,
SQLi,product,1,d60d6477323cd59b,1,200,1,1
SQLi,product,1,074c746191167c58,1,200,1,1
SQLi,product,1,af9d31fb36b6e025,1,200,1,1
SQLi,product,1,194105353617240e,1,200,1,1
SQLi,product,1,6abb129cb0d99710,1,200,1,1
SQLi,product,1,d5aa9847994140d3,1,200,1,1
SQLi,product,1,12b55181a9cb5fbb,1,200,1,1
SQLi,product,1,e0fc051cf5d43d1d,1,200,1,1
SQLi,product,1,f90ec1181dd05f09,1,200,1,1
SQLi,product,1,3870affe09f07f41,1,200,1,1
SQLi,product,1,39e7364398a4a423,1,200,1,1
SQLi,product,1,0f28bcbeef2cbe5b,1,200,1,1
SQLi,product,1,365994670a1c9c45,0,,0,
SQLi,product,1,5a23df18a28b4be1,1,200,1,1
SQLi,product,1,49b53d560b5fab65,1,200,1,1
SQLi,product,1,398260191cd7fbdb,1,200,1,1
SQLi,product,1,ff786c02a47bcd61,1,200,1,1
SQLi,product,1,43a0d40b1defe5e9,1,200,1,1
SQLi,product,1,727415758693240f,1,200,1,1
SQLi,product,1,32985df9ac3ee945,1,200,1,1
SQLi,product,1,92b7d9b04390578d,1,200,1,1
SQLi,product,1,8ceac1d35ba0a495,1,200,1,1
SQLi,product,1,d7c578abe6563dd7,1,200,1,1
SQLi,product,1,994c28aad2e86433,1,200,1,1
SQLi,product,1,33f5daf3ecd8b079,1,403,0,
SQLi,product,1,b4e53fa5f3a6db3c,1,200,1,1
SQLi,product,1,1aef23c72069dfbb,1,200,1,1
SQLi,product,1,306fadfa8bafdf04,1,200,1,1
SQLi,product,1,75fc39566b5e1c3b,1,200,1,1
SQLi,product,1,36d8f86800c71984,1,200,1,1
SQLi,product,1,24d1dd8ad9bdbd3c,1,200,1,1
SQLi,product,1,90529f6e5eb0a95a,1,200,1,1
SQLi,product,1,2f24b0623f573041,1,200,1,1
SQLi,product,1,75fc402258c7f49a,1,200,1,1
SQLi,product,1,a565d8ef111e86bd,1,200,1,1
SQLi,product,1,094cb03f62dc432e,1,200,1,1
SQLi,product,1,cb670ea8a88c8091,1,200,1,1
SQLi,product,1,47d15b9809311e5e,1,200,1,1
SQLi,product,1,dd92c68210708788,1,200,1,1
SQLi,product,1,27bb29261451ecb6,1,200,1,1
SQLi,product,1,396b9e249500c042,1,200,1,1
SQLi,product,1,066c74e29dcab99a,1,200,1,1
SQLi,product,1,ed59ebb055076700,1,200,1,1
SQLi,product,1,6c060f70cbf26ceb,1,200,1,1
SQLi,product,1,948e3eac9f8d6eaa,1,200,1,1
SQLi,product,1,b91eeed189638e71,0,,0,
SQLi,search,1,01d5ee9d1aa1a961,1,200,1,1
SQLi,search,1,d9a7666e14fe8d00,1,200,1,1
SQLi,search,1,b8c87865b680dcfe,1,200,1,1
SQLi,search,1,ac291e1ad62cf26f,1,200,1,1
SQLi,search,1,2704dd42a4744c5f,1,200,1,1
SQLi,search,1,42df91971ab02f99,1,200,1,1
SQLi,search,1,4d67830ca89d7d56,1,200,1,1
SQLi,search,1,60fbe79368f81186,1,200,1,1
SQLi,search,1,f27254856c69c3d1,1,200,1,1
SQLi,search,1,3fd1731b2045e521,1,200,1,1
SQLi,search,1,40a45a27506fde9d,1,200,1,1
SQLi,search,1,5c2382eb09060674,1,200,1,1
SQLi,search,1,0b73291882330a39,1,200,1,1
SQLi,search,1,97000611512e7b74,1,200,1,1
SQLi,search,1,0f75262e23bc20e5,1,200,1,1
SQLi,search,1,03e483e363ec5757,1,200,1,1
SQLi,search,1,9493b6c276e776ba,1,200,1,1
SQLi,search,1,90027d84b9460ac7,1,200,1,1
SQLi,search,1,df0b3368b0f50c8b,1,200,1,1
SQLi,search,1,13f60d2bf508956c,1,200,1,1
SQLi,search,1,9c75600838760859,1,200,1,1
SQLi,search,1,1504691e7676d077,1,200,1,1
SQLi,search,1,30043ab15296bc44,1,200,1,1
SQLi,search,1,ee75dfdbae22cfcd,1,200,1,1
SQLi,search,1,9b2310f3b64f4235,1,200,1,1
SQLi,search,1,3582d2b8bb716956,1,200,1,1
SQLi,search,1,d66a48bbf8292562,1,403,0,
SQLi,search,1,6d8fea25ccb0cd8a,1,200,1,1
SQLi,search,1,ffaa3fff3d5b73c4,1,200,1,1
SQLi,search,1,52dec1da2928a649,1,200,1,1
SQLi,search,1,dbc20bfa8f169955,1,200,1,1
SQLi,search,1,0f892a072de99988,1,200,1,1
SQLi,search,1,20c6cabf6762a454,1,200,1,1
SQLi,search,1,32bd17f2121ce551,1,200,1,1
SQLi,search,1,2e8113475a30d2f2,1,200,1,1
SQLi,search,1,09179f9601874357,0,,0,
SQLi,search,1,9a0f47aa53f5e604,1,200,1,1
SQLi,search,1,fbe756648ee03c47,1,200,1,1
SQLi,search,1,2486a39da07abc59,1,200,1,1
SQLi,search,1,985419c184849587,1,200,1,1
SQLi,search,1,942b26c80a1e35e5,1,200,1,1
SQLi,search,1,9b4eb7b3b9a3162a,0,,0,
SQLi,search,1,0aa5acdc0f99a964,1,200,1,1
SQLi,search,1,c4fa77f91db3e654,1,200,1,1
SQLi,search,1,933804de166634c4,0,,0,
SQLi,search,1,b142d39c192011c4,1,200,1,1
SQLi,search,1,be74df112ef23d19,1,200,1,1
SQLi,search,1,5f6f53189fac2876,1,200,1,1
SQLi,search,1,813c3f74925b3aff,1,200,1,1
SQLi,search,1,b1a9c381f67d7be2,1,200,1,1
SQLi,search,1,42bf69a5d18448c9,1,200,1,1
SQLi,search,1,049842f84d92755c,1,200,1,1
SQLi,search,1,3f9ea031456fb503,1,200,1,1
SQLi,search,1,4b1bf52c5e0b50cd,1,200,1,1
SQLi,search,1,7922a4ef024633d9,1,200,1,1
SQLi,search,1,e362a19e79e68ada,1,200,1,1
SQLi,search,1,c726c583f50df64a,1,200,1,1
SQLi,search,1,8322870f34c1bd96,1,200,1,1
SQLi,search,1,b5295f4046a6e132,1,200,1,1
SQLi,search,1,0fd6aaafeb5e7c86,1,200,1,1
SQLi,search,1,666dde1234f58729,1,200,1,1
SQLi,search,1,58de3056713f58d7,1,200,1,1
SQLi,search,1,a4bf6f33b8f98b43,1,200,1,1
SQLi,search,1,e68e458c24fe2c1a,1,200,1,1
SQLi,search,1,e43bcafb619c836f,1,200,1,1
SQLi,search,1,5b55cbacb5e228c8,1,200,1,1
SQLi,search,1,1abc69d7942ea9c1,1,200,1,1
SQLi,search,1,af6428730f3148ed,1,200,1,1
SQLi,search,1,dd610e9801ab94ce,1,200,1,1
SQLi,search,1,11d5eec9c7cf0751,1,200,1,1
SQLi,search,1,5182d665801851e9,1,200,1,1
SQLi,search,1,27da1ed38787dcc9,1,200,1,1
SQLi,search,1,89d3c4fa781a8828,1,200,1,1
SQLi,search,1,43c69050890e4bd1,1,200,1,1
SQLi,search,1,a4fa3bd94888843e,1,200,1,1
SQLi,search,1,0cde4f7673c5c2ef,1,200,1,1
SQLi,search,1,4c6f7775fadb842a,1,200,1,1
SQLi,search,1,c3751f36eb1aa561,1,200,1,1
SQLi,search,1,121a3de8509b6a8e,1,200,1,1
SQLi,search,1,66484ccdbae8bb76,1,200,1,1
SQLi,search,1,6a5c205ebadeac0f,1,200,1,1
SQLi,search,1,ab43390ad2f9ccbe,1,200,1,1
SQLi,search,1,9c527dadb4c08125,1,200,1,1
SQLi,search,1,fb701ca1b64e184f,1,200,1,1
SQLi,search,1,405cfe79f867d9a2,1,200,1,1
SQLi,search,1,aa7503be2be47cf6,1,200,1,1
SQLi,search,1,9e63ffb3abe18886,1,200,1,1
SQLi,search,1,95b91c4d4b638f81,1,200,1,1
SQLi,search,1,32e856f6f017d38c,1,200,1,1
SQLi,search,1,8b79f802cc2e72c5,1,200,1,1
SQLi,search,1,97a65b6f7479f613,1,200,1,1
SQLi,search,1,a11ddf0946f65497,1,200,1,1
SQLi,search,1,ea44d6c932bf4188,1,200,1,1
SQLi,search,1,57efbb05558fe97e,1,200,1,1
SQLi,search,1,fbcff79c3c0f4cbf,1,200,1,1
SQLi,search,1,468491260ea1da65,1,200,1,1
SQLi,search,1,7c2d2f408b83ac13,1,403,0,
SQLi,search,1,17f6731fcbc4f494,1,200,1,1
SQLi,search,1,e3a0a29b76d81166,1,200,1,1
SQLi,search,1,476947141112a1a2,1,200,1,1
SQLi,search,1,b031e78e68376ea9,1,200,1,1
SQLi,search,1,8b7f9a558307b27d,1,200,1,1
SQLi,search,1,632fdfb1af29fca8,1,200,1,1
SQLi,search,1,29d73a268ab1789d,1,200,1,1
SQLi,search,1,96e7f4cb7d6592b0,1,200,1,1
SQLi,search,1,3c7cef8e6069890e,1,200,1,1
SQLi,search,1,45153b293d13ab72,1,200,1,1
SQLi,search,1,654a68b272498ecf,1,200,1,1
SQLi,search,1,bc285889a2d3b4f4,1,200,1,1
SQLi,search,1,e501a7e3afc46a71,1,200,1,1
SQLi,search,1,91b2cb9767a423db,1,200,1,1
SQLi,search,1,b75dd0800a749ad1,1,200,1,1
SQLi,search,1,eb4b73154f153a22,1,200,1,1
SQLi,search,1,e5589633093e935a,1,200,1,1
SQLi,search,1,c01f42e36c7f9d2a,1,200,1,1
SQLi,search,1,3b3647d12576aaa9,1,200,1,1
SQLi,search,1,5df966957d924e21,1,200,1,1
SQLi,search,1,926def6aefcef425,1,200,1,1
SQLi,search,1,e4177c0ca373fc72,1,200,1,1
SQLi,search,1,670dfae0dd4ad08d,1,200,1,1
SQLi,search,1,d4a88e036a18835f,1,200,1,1
SQLi,search,1,ffd46ee2a40973d7,1,200,1,1
SQLi,search,1,85abd82d3092ecfe,1,200,1,1
SQLi,search,1,fb2c1d585279f72a,1,200,1,1
SQLi,search,1,b996443ee6c75086,1,200,1,1
SQLi,search,1,22644dd6aceeb732,1,200,1,1
SQLi,search,1,843d51d4f1eb9728,0,,0,
SQLi,search,1,21330a8e3f1311c5,1,200,1,1
SQLi,search,1,756655bb3332dc8d,1,200,1,1
SQLi,search,1,4ed88a52915ab2c8,0,,0,
SQLi,search,1,b2500a58cf2ef9e6,1,200,1,1
SQLi,search,1,9feeb18b8c4a4ce7,1,200,1,1
SQLi,search,1,8e07baed12af4ccc,1,200,1,1
SQLi,search,1,223c1e6167ec649c,1,200,1,1
SQLi,search,1,82ea03ee9291f141,1,200,1,1
SQLi,search,1,55c20d6e84d977cb,1,200,1,1
SQLi,search,1,4387c694952fddb0,1,200,1,1
SQLi,search,1,90fb9303071bb8d4,1,403,0,
SQLi,search,1,49ce7ded9de6fa90,1,200,1,1
SQLi,search,1,29b126a1ecc5bac2,1,200,1,1
SQLi,search,1,20cd71094cc0eded,1,200,1,1
SQLi,search,1,bea523916b6b964d,1,200,1,1
SQLi,search,1,e942cafa857976d7,1,200,1,1
SQLi,search,1,d3e5c05a9f1338b5,0,,0,
SQLi,search,1,9bf5955b3823f3a9,1,200,1,1
SQLi,search,1,14526cf17b7290c3,1,200,1,1
SQLi,search,1,a4df49367836a613,1,403,0,
SQLi,search,1,6ea7a1c344c3065d,1,200,1,1
SQLi,search,1,08cfceded4a01c69,1,200,1,1
SQLi,search,1,b09019f3695ef3dd,1,200,1,1
SQLi,search,1,f8650a39d8fb2529,1,200,1,1
SQLi,search,1,9d7e240cc6651494,1,200,1,1
SQLi,search,1,348e73d0c5b04224,1,200,1,1
SQLi,search,1,6f4d74e3f5665c76,1,200,1,1
SQLi,search,1,3f2c28f55298a3f2,1,200,1,1
SQLi,search,1,3e9f7ea6883c088d,1,200,1,1
SQLi,search,1,113c8617feaec971,1,200,1,1
SQLi,search,1,75758957016017fc,1,200,1,1
SQLi,search,1,774a95ebbaf5ef1b,1,200,1,1
SQLi,search,1,1cfd51ce10ba03c9,1,200,1,1
SQLi,search,1,ec6819be46d5c6af,1,200,1,1
SQLi,search,1,19d76269679643c9,1,200,1,1
SQLi,search,1,0d60dc5b7e223f4e,1,200,1,1
SQLi,search,1,e86ac3e6824622cd,1,200,1,1
SQLi,search,1,f26deffece3857da,1,200,1,1
SQLi,search,1,24984cfacd031860,1,200,1,1
SQLi,search,1,12c6b1d3f86d2171,1,200,1,1
SQLi,search,1,95d7f375074ebf3c,1,200,1,1
SQLi,search,1,c53b691471036ab9,1,200,1,1
SQLi,search,1,2205c4608156f498,1,200,1,1
SQLi,search,1,8ef0993634ab8233,1,200,1,1
SQLi,search,1,9b869739aea754e7,1,200,1,1
SQLi,search,1,a5c57343d585fb1e,1,200,1,1
SQLi,search,1,0712a17a30ccbeaf,1,200,1,1
SQLi,search,1,adf4c89647499a02,1,200,1,1
SQLi,search,1,6f981d0ed30dc835,1,200,1,1
SQLi,search,1,dcf0f964edc78e59,1,200,1,1
SQLi,search,1,962f4da96d4400b3,1,200,1,1
SQLi,search,1,990bc774adae7059,1,200,1,1
SQLi,search,1,1e4e320cc0f31fa5,1,200,1,1
SQLi,search,1,0e6db4ef2c0d81f3,1,200,1,1
SQLi,search,1,e209edc9c94fdb3b,1,200,1,1
SQLi,search,1,05b66cd6a948b351,1,200,1,1
SQLi,search,1,c44018594ab5b278,1,200,1,1
SQLi,search,1,8d16b01edcd0a513,1,200,1,1
SQLi,search,1,763d5b79f5df7ec3,1,200,1,1
SQLi,search,1,0e865cc3c2466593,0,,0,
SQLi,search,1,5a804187037a38c6,1,200,1,1
SQLi,search,1,359ab71295abda06,0,,0,
SQLi,search,1,6594015823a3c7f4,0,,0,
SQLi,search,1,b483817b83b211a1,1,200,1,1
SQLi,search,1,4d49fcd51ecb21eb,1,200,1,1
SQLi,search,1,af26848308ffbd50,1,200,1,1
SQLi,search,1,9e609cb4d8e24380,0,,0,
SQLi,search,1,d1488f9c60d65987,0,,0,
SQLi,search,1,24895357caf45e76,1,200,1,1
SQLi,search,1,e6a69e86a0e6bf5f,1,200,1,1
SQLi,search,1,93637380eca60ca2,1,200,1,1
SQLi,search,1,7cc8e0766a6a374c,1,200,1,1
SQLi,search,1,f5c8ffd117537166,1,200,1,1
SQLi,search,1,acb41d0e07944046,1,200,1,1
SQLi,search,1,c6f57eadaf0f0155,1,200,1,1
SQLi,search,1,d49d7b4e7870a018,1,200,1,1
SQLi,search,1,f975a2fb91dda0b5,1,200,1,1
SQLi,search,1,6d6997a375c90dd0,1,200,1,1
SQLi,search,1,9b2e32d2609c255f,1,200,1,1
SQLi,search,1,d8ac288f98dbbbac,1,200,1,1
SQLi,search,1,6156caa25cb85ff8,1,200,1,1
SQLi,search,1,cdddc76a736619dc,1,200,1,1
SQLi,search,1,e41394f0f278bb53,1,200,1,1
SQLi,search,1,2326e8b60ebbd667,1,200,1,1
SQLi,search,1,32a3b6927406bcd1,1,200,1,1
SQLi,search,1,5c8c2c44eca95a35,1,200,1,1
SQLi,search,1,7f64bcb33c9c8c94,1,200,1,1
SQLi,search,1,84d7f33fcc6582ff,1,200,1,1
SQLi,search,1,0be6083d3b076de8,1,200,1,1
SQLi,search,1,f53def56fc3079a9,1,200,1,1
SQLi,search,1,2322937675624ea1,1,200,1,1
SQLi,search,1,4df258a9dff0ebe6,1,200,1,1
SQLi,search,1,c2bb11c17b7c874a,1,200,1,1
SQLi,search,1,d9515c09c213f08f,1,200,1,1
SQLi,search,1,6201ee2a71462673,1,200,1,1
SQLi,search,1,d57bbfcd75556dbd,0,,0,
SQLi,search,1,ccf99000220e3146,1,200,1,1
SQLi,search,1,423ce7f2b74a0477,1,200,1,1
SQLi,search,1,762c811fcdc13fa8,1,200,1,1
SQLi,search,1,48a293cce0cfb0e4,1,200,1,1
SQLi,search,1,ceabca5950b50d19,1,200,1,1
SQLi,search,1,4edf68234a2d0363,1,200,1,1
SQLi,search,1,1422c0eabafe8e3f,1,200,1,1
SQLi,search,1,ab6e584996c6ddc3,0,,0,
SQLi,search,1,850bd95f8e19b3dc,1,200,1,1
SQLi,search,1,10a42f00d5642164,1,200,1,1
SQLi,search,1,22f96ccaf3e70239,0,,0,
SQLi,search,1,7d5f1c1d4039c05a,1,200,1,1
SQLi,search,1,2eb50c80f4718c59,1,200,1,1
SQLi,search,1,d3750449cb56ee6c,0,,0,
SQLi,search,1,3e38c17d3d09246c,1,200,1,1
SQLi,search,1,cf0cb9c03f6ed6d2,1,200,1,1
SQLi,search,1,d5980c31cb508762,1,200,1,1
SQLi,search,1,4fb35787377dbc82,1,200,1,1
SQLi,search,1,9f9104f59933324a,0,,0,
SQLi,search,1,32a5c35a3e762219,1,200,1,1
SQLi,search,1,0648b35d8a77cbc4,0,,0,
SQLi,search,1,df2f5c95a1df279f,1,200,1,1
SQLi,search,1,b00315b305dcbccb,0,,0,
SQLi,search,1,4c7499fd4eb21d75,0,,0,
SQLi,search,1,20f5723f2ee09a19,1,200,1,1
SQLi,search,1,2ce0a29ae2f43d18,1,200,1,1
SQLi,search,1,535eba24dfe6703c,1,200,1,1
SQLi,search,1,72d2f307b6948cad,1,200,1,1
SQLi,search,1,bb6bcfb063942f11,1,200,1,1
SQLi,search,1,fb84d59945fe3b6f,1,200,1,1
SQLi,search,1,83e45d91ad514eee,1,200,1,1
SQLi,search,1,cff3f56cb7ba6c53,1,200,1,1
SQLi,search,1,8e3055b1886e6d60,1,200,1,1
SQLi,search,1,b3715ec9576fe653,1,200,1,1
SQLi,search,1,8f2e25aa7fc68f9a,1,200,1,1
SQLi,search,1,73dca551b8b0c4b7,1,200,1,1
SQLi,search,1,b4a912f015c05551,1,200,1,1
SQLi,search,1,8e8624833a9d7be5,1,200,1,1
SQLi,search,1,947dda174e85c04f,1,200,1,1
SQLi,search,1,a8f2a12325212747,1,200,1,1
SQLi,search,1,aa22c77df4cfc635,1,200,1,1
SQLi,search,1,8e7f33b3b7921093,1,200,1,1
SQLi,search,1,93c68b906b41b6c9,1,200,1,1
SQLi,search,1,f07211e17406fae6,1,200,1,1
SQLi,search,1,d0cff17a8f00aa19,1,200,1,1
SQLi,search,1,9d302e5176acdf0b,1,200,1,1
SQLi,search,1,477a1c9db020227c,1,200,1,1
SQLi,search,1,d6c5f22cb27586e0,1,200,1,1
SQLi,search,1,27d9f07d2553910c,1,200,1,1
SQLi,search,1,51807a0bee844007,1,200,1,1
SQLi,search,1,a7b70c391353a41b,1,200,1,1
SQLi,search,1,c0661cb79d506676,1,200,1,1
SQLi,search,1,479fdf6f053ef953,1,200,1,1
SQLi,search,1,18a6568ff9f94567,1,200,1,1
SQLi,search,1,d4f35f83c4a29a48,1,200,1,1
SQLi,search,1,14fd4351ccdcf745,1,200,1,1
SQLi,search,1,00098644d4ae1898,1,200,1,1
SQLi,search,1,4e98c773ee66e714,1,200,1,1
SQLi,search,1,b49af6209b074b4c,1,200,1,1
SQLi,search,1,da464b13f8082b30,1,200,1,1
SQLi,search,1,6666db1d2400ad37,1,200,1,1
SQLi,search,1,b4f874ea6c7551fe,1,200,1,1
SQLi,search,1,6711a69baadf24fa,1,200,1,1
SQLi,search,1,66fb403672a9cf3b,0,,0,
SQLi,search,1,bc0c99ec7b1e5abc,1,200,1,1
SQLi,search,1,994a5f58fdaa6f22,0,,0,
SQLi,search,1,24c9ff5db1b901ba,1,200,1,1
SQLi,search,1,3b472519deed2466,1,200,1,1
SQLi,search,1,e849b7738893df50,1,200,1,1
SQLi,search,1,235bbeb96efbb914,1,200,1,1
SQLi,search,1,a4623d443bf32f7c,1,200,1,1
SQLi,search,1,fc55eeb523f88e1b,1,200,1,1
SQLi,search,1,f58a30fb6f0cf387,1,200,1,1
SQLi,search,1,05a9a3998e739061,0,,0,
SQLi,search,1,67daf87df57e382a,1,200,1,1
SQLi,search,1,d247bbb57e8a8f2b,1,200,1,1
SQLi,search,1,0bdc8aa5534d8e1a,1,200,1,1
SQLi,search,1,27c1fcce4c31a33e,1,200,1,1
SQLi,search,1,2aa2ed16cb1d2b18,1,200,1,1
SQLi,search,1,cfa0dabf389c0c0c,1,200,1,1
SQLi,search,1,af2b6f8879f97fc7,1,200,1,1
SQLi,search,1,0f2fdc48b7da0e31,1,200,1,1
SQLi,search,1,fb4f648e073ea34b,1,200,1,1
SQLi,search,1,8b11f16cc05c8762,1,200,1,1
SQLi,search,1,43facf918c7b4940,1,200,1,1
SQLi,search,1,07aaf1873cf39cde,1,200,1,1
SQLi,search,1,d42b161b17f3a7b1,1,200,1,1
SQLi,search,1,c493a397f70ed5f0,1,200,1,1
SQLi,search,1,e3b58def874c3d2f,1,200,1,1
SQLi,search,1,b72fd8d91702af14,1,200,1,1
SQLi,search,1,81c50de1c6894c84,1,200,1,1
SQLi,search,1,26aa19ce989620c2,1,200,1,1
SQLi,search,1,61167a522842dc52,1,200,1,1
SQLi,search,1,fca298421b3e828d,1,200,1,1
SQLi,search,1,a24651817736fcd7,1,200,1,1
SQLi,search,1,042b2b5d1b9a7043,1,200,1,1
SQLi,search,1,39b0307bc58a206c,1,200,1,1
SQLi,search,1,b6f7ab8b3495feb6,1,200,1,1
SQLi,search,1,5f4296ceff3e7994,1,200,1,1
SQLi,search,1,6251caa67bfa903d,1,200,1,1
SQLi,search,1,7d989191f1f3ddda,1,200,1,1
SQLi,search,1,4a4abc151d5dc201,1,200,1,1
SQLi,search,1,cd896e143ba9188a,1,200,1,1
SQLi,search,1,6c4675cc8d00e585,1,200,1,1
SQLi,search,1,55f89ac901e169ed,1,200,1,1
SQLi,search,1,a033b6069fd33922,1,200,1,1
SQLi,search,1,09141d356d874d8a,1,200,1,1
SQLi,search,1,b89345913d663bf5,1,200,1,1
SQLi,search,1,0de33b7237263135,1,200,1,1
SQLi,search,1,d5c01fb53d1b5732,1,200,1,1
SQLi,search,1,2bc16a13575cc327,1,200,1,1
SQLi,search,1,e1f5a28f3f186410,1,200,1,1
SQLi,search,1,29ee2f70b43b28ba,1,200,1,1
SQLi,search,1,4128b2b9db7b0442,1,200,1,1
SQLi,search,1,553b13f35b244997,0,,0,
SQLi,search,1,108f31d6b28bc5d6,0,,0,
SQLi,search,1,69875f03a8ad06b8,1,200,1,1
SQLi,search,1,40d2858c83e9c20c,0,,0,
SQLi,search,1,b13dbd3206eb21eb,0,,0,
SQLi,search,1,b47a3cfebbcbf312,0,,0,
SQLi,search,1,cdd981c4785ed93a,0,,0,
SQLi,search,1,f5cd101760c38cbb,0,,0,
SQLi,search,1,903490f925423547,0,,0,
SQLi,search,1,8dc55c94e09ab9e6,0,,0,
SQLi,search,1,fe113a59a15d3941,0,,0,
SQLi,search,1,0e1516a38c7d23df,0,,0,
SQLi,search,1,47fcace1f5d0d240,0,,0,
SQLi,search,1,d86bf436d2b768ad,0,,0,
SQLi,search,1,35dbf58ea17dd2a0,0,,0,
SQLi,search,1,976a5969055ac7c1,0,,0,
SQLi,search,1,c1b8449f18b31e19,0,,0,
SQLi,search,1,b18c18cfd87d75f8,0,,0,
SQLi,search,1,530db2556e32ef78,0,,0,
SQLi,search,1,39be8bb72edf0ffc,0,,0,
SQLi,search,1,068245d991a352c0,1,200,1,1
SQLi,search,1,cba35634cfb6fc8a,1,200,1,1
SQLi,search,1,7cf45eb5001415ba,0,,0,
SQLi,search,1,a422c9e71be7d1da,0,,0,
SQLi,search,1,b11085623260aeec,1,200,1,1
SQLi,search,1,63a2e2ba3f8ad0c1,1,200,1,1
SQLi,search,1,66c36dd604bec5df,0,,0,
SQLi,search,1,6bd8dca6ea3832ce,1,403,0,
SQLi,search,1,e4fd64eed089b429,1,200,1,1
SQLi,search,1,c555c0c1b93bf251,1,200,1,1
SQLi,search,1,c9e49d2ae1bfe6d0,1,200,1,1
SQLi,search,1,2b1afc5ebd40f896,1,200,1,1
SQLi,search,1,ea43e9f451798d96,1,200,1,1
SQLi,search,1,8342515e070629c9,1,200,1,1
SQLi,search,1,b799c9d1858e0b32,1,200,1,1
SQLi,search,1,488d00ee91155c6b,1,200,1,1
SQLi,search,1,047857f45f7cc600,1,200,1,1
SQLi,search,1,0de33b7237263135,1,200,1,1
SQLi,search,1,764490327df2a143,1,200,1,1
SQLi,search,1,0bf7146964336607,1,200,1,1
SQLi,search,1,913ac2887a24381b,1,200,1,1
SQLi,search,1,65d4e3697b3b626a,1,200,1,1
SQLi,search,1,b4a9b45045126492,1,200,1,1
SQLi,search,1,646374e9d8e29b92,1,200,1,1
SQLi,search,1,865c3893d2527294,1,200,1,1
SQLi,search,1,c69638156f2e0152,1,200,1,1
SQLi,search,1,3b4c35722e016301,1,200,1,1
SQLi,search,1,a02589c13539ad25,1,200,1,1
SQLi,search,1,83133ff444e3e6fe,1,200,1,1
SQLi,search,1,1bac3cb6cc851ca3,1,200,1,1
SQLi,search,1,2e817d05cfb1ef52,1,200,1,1
SQLi,search,1,9ca2688e2100dd33,1,200,1,1
SQLi,search,1,8f732f0153d04a89,1,200,1,1
SQLi,search,1,33a7c61b659930e8,1,200,1,1
SQLi,search,1,7444fc91ab262b10,1,200,1,1
SQLi,search,1,2e900ed2ae5c5398,1,200,1,1
SQLi,search,1,ccae260938ae0834,1,200,1,1
SQLi,search,1,60b387b8d6824e49,1,200,1,1
SQLi,search,1,c42a56c5c71fb8e4,1,200,1,1
SQLi,search,1,0f767ef0db0990ed,1,200,1,1
SQLi,search,1,34722013d5f4694a,1,403,0,
SQLi,search,1,245f850372d08191,1,200,1,1
SQLi,search,1,2586d989171dbf27,1,200,1,1
SQLi,search,1,5bf8ca1f804e7893,1,200,1,1
SQLi,search,1,ca93262130edd076,1,200,1,1
SQLi,search,1,12a7ecbfad7e21f4,1,200,1,1
SQLi,search,1,113c740f7e05c02c,0,,0,
SQLi,search,1,b57d51124c05a553,0,,0,
SQLi,search,1,a5c7020fcc29abea,1,200,1,1
SQLi,search,1,aad70372d3d17a02,1,200,1,1
SQLi,search,1,bfa85a662540d887,0,,0,
SQLi,search,1,5ccd575b31b166e4,1,200,1,1
SQLi,search,1,564f47d88f2ff47a,1,200,1,1
SQLi,search,1,531c445988bd0f8e,1,200,1,1
SQLi,search,1,259b9fe4fac66b30,1,200,1,1
SQLi,search,1,13949711d4af40be,0,,0,
SQLi,search,1,0ef368ef73981df2,0,,0,
SQLi,search,1,93931825c651b00f,0,,0,
SQLi,search,1,21ff67b616663a66,1,200,1,1
SQLi,search,1,e79f8243b5b7e0f8,1,200,1,1
SQLi,search,1,39e411d81d2d60e9,1,200,1,1
SQLi,search,1,ce5061ecefea74d9,1,200,1,1
SQLi,search,1,29697c1cebfc65d7,1,200,1,1
SQLi,search,1,8919cb44ace515cb,1,200,1,1
SQLi,search,1,7ca1b6e3130213ae,1,200,1,1
SQLi,search,1,b67890e193018c68,1,200,1,1
SQLi,search,1,83ad118bef8d62e0,1,200,1,1
SQLi,search,1,720c496588423d2a,1,200,1,1
SQLi,search,1,bb72618484f64658,1,200,1,1
SQLi,search,1,5fd2f859d6f666e3,1,200,1,1
SQLi,search,1,e60e8ddb898fc33a,1,200,1,1
SQLi,search,1,b1607d561d879bde,1,200,1,1
SQLi,search,1,608a7613b156d3b7,1,200,1,1
SQLi,search,1,b5567ad06ee20b25,1,200,1,1
SQLi,search,1,91cc6ec99d19ad9f,1,200,1,1
SQLi,search,1,3e838817dc9a1896,1,200,1,1
SQLi,search,1,5476a092ec2d4589,1,200,1,1
SQLi,search,1,63085d359e5120c2,1,200,1,1
SQLi,search,1,77db8571b0c003e6,1,200,1,1
SQLi,search,1,bfa638b048482b52,1,200,1,1
SQLi,search,1,bbe9e20ec3a4e8ee,1,200,1,1
SQLi,search,1,bdf2da623d79f55a,1,200,1,1
SQLi,search,1,311725c01dd3a4ed,1,200,1,1
SQLi,search,1,9c4dff6d2809a691,1,200,1,1
SQLi,search,1,eb4713d25f33e985,1,200,1,1
SQLi,search,1,d75894d4d09dc3d7,1,200,1,1
SQLi,search,1,5a8205694b6edf2b,1,200,1,1
SQLi,search,1,b3ebb3174b36122b,1,200,1,1
SQLi,search,1,fdc5ffc4ea7726fb,1,200,1,1
SQLi,search,1,9b3e51dad75db1f8,1,200,1,1
SQLi,search,1,2f354d747cdd479c,1,200,1,1
SQLi,search,1,85a72441a3c1087a,1,200,1,1
SQLi,search,1,d96210f4301c71ff,1,200,1,1
SQLi,search,1,855512eb6f41b96f,1,200,1,1
SQLi,search,1,bd69471cb7d37b9a,1,200,1,1
SQLi,search,1,bf9f2d043f553671,1,200,1,1
SQLi,search,1,176c48e70234616b,1,200,1,1
SQLi,search,1,74279ae7738b838f,1,200,1,1
SQLi,search,1,2e2c4199a5647fb7,1,200,1,1
SQLi,search,1,c4ec14a18aa862fb,1,200,1,1
SQLi,search,1,ee262ba13cdcbfdd,1,200,1,1
SQLi,search,1,2527f88a9b0124b5,1,403,0,
SQLi,search,1,17f8f0593e7eb462,1,200,1,1
SQLi,search,1,d7bd0815e6f40438,1,200,1,1
SQLi,search,1,581e45b69926dabf,1,200,1,1
SQLi,search,1,4a996f09e9dc6968,0,,0,
SQLi,search,1,cd837dbb3269cda9,1,200,1,1
SQLi,search,1,4defdb63d6077dcb,1,200,1,1
SQLi,search,1,b289c845702a312a,1,200,1,1
SQLi,search,1,d841232bc6f042ad,1,200,1,1
SQLi,search,1,61203fefd6407765,1,200,1,1
SQLi,search,1,5083aa9ccfdc59e1,1,200,1,1
SQLi,search,1,fd444673485f11b8,1,200,1,1
SQLi,search,1,ca23fbfda82291d7,1,200,1,1
SQLi,search,1,c600ec8c77fc95b8,1,200,1,1
SQLi,search,1,c519c0744f3be0f8,1,200,1,1
SQLi,search,1,97d5e77035565b7f,1,200,1,1
SQLi,search,1,cd429c1ca4b80c02,1,200,1,1
SQLi,search,1,bb68f66022f80570,1,200,1,1
SQLi,search,1,7ee0afe4840d7494,1,200,1,1
SQLi,search,1,31ffc7e0e4184b1a,1,200,1,1
SQLi,search,1,3b5bb2f07853058f,1,200,1,1
SQLi,search,1,66cdb5d52bc775c9,1,200,1,1
SQLi,search,1,2d85b51d44bd6924,1,200,1,1
SQLi,search,1,dc8594e3fcaa7fc5,1,200,1,1
SQLi,search,1,448a84f85eecda39,1,200,1,1
SQLi,search,1,03ab2d4a265bff38,1,200,1,1
SQLi,search,1,9d976c11cbb067ee,1,200,1,1
SQLi,search,1,a4b8a98e4ddb488b,1,200,1,1
SQLi,search,1,76239d68df8964d7,1,200,1,1
SQLi,search,1,fe975eef50a66d26,1,200,1,1
SQLi,search,1,135cdd31fea0cd99,1,200,1,1
SQLi,search,1,975a22b2986da091,1,200,1,1
SQLi,search,1,27a43b74f85e888a,1,200,1,1
SQLi,search,1,06474f9c54b560c7,1,200,1,1
SQLi,search,1,3043e6759cc67c47,1,200,1,1
SQLi,search,1,1fb40ee7880b4b8f,1,200,1,1
SQLi,search,1,3f6ff758fbfc78ec,1,200,1,1
SQLi,search,1,4b1e77782c91877c,1,200,1,1
SQLi,search,1,e9868efcc0d9ab8f,1,200,1,1
SQLi,search,1,56cfdf903fe57e61,1,200,1,1
SQLi,search,1,50a3761f40ebae12,1,200,1,1
SQLi,search,1,004ffaba7ef75b71,1,200,1,1
SQLi,search,1,5356ea694f17b5f8,1,200,1,1
SQLi,search,1,058c49457f5aa42c,1,200,1,1
SQLi,search,1,9e6731b7ee79d588,1,200,1,1
SQLi,search,1,cce5c822ac16ad16,1,200,1,1
SQLi,search,1,2925251da9b518b9,1,200,1,1
SQLi,search,1,6d1caddf251b6f5c,1,200,1,1
SQLi,search,1,c117e33d7e0e6738,1,200,1,1
SQLi,search,1,98f8237f1bb095ed,1,200,1,1
SQLi,search,1,a3c98d757149e9e7,1,200,1,1
SQLi,search,1,0db846cee28e0730,1,200,1,1
SQLi,search,1,0bc64316ace52d45,1,200,1,1
SQLi,search,1,a4fb053882d7a2e1,1,200,1,1
SQLi,search,1,c595c64afee4fdd0,0,,0,
SQLi,search,1,a9fc42a6536de4cc,1,200,1,1
SQLi,search,1,92c736ce5c99f901,1,200,1,1
SQLi,filter,2,bc46882d1c054a4f,1,200,1,1
SQLi,filter,2,ee0c5b2a5bccda7c,1,200,1,1
SQLi,filter,2,37a3b165a39e42f2,1,200,1,1
SQLi,filter,2,27ef92bb2a55fad2,1,200,1,1
SQLi,filter,2,18f211dc6143d48c,1,200,1,1
SQLi,filter,2,0a01180be96e1b25,1,200,1,1
SQLi,filter,2,55c50815a0a47211,1,200,1,1
SQLi,filter,2,464443071e80abe0,1,200,1,1
SQLi,filter,2,665c393dd2a96e41,1,200,1,1
SQLi,filter,2,90dc3b288e21692b,1,200,1,1
SQLi,filter,2,e4ef288e20edae10,1,200,1,1
SQLi,filter,2,041ba0bc29d0ca58,1,200,1,1
SQLi,filter,2,0875dae2135d0770,1,200,1,1
SQLi,filter,2,b414c4048a914c39,1,200,1,1
SQLi,filter,2,082a3ac334bf935e,1,200,1,1
SQLi,filter,2,42ff5fccd26b4a37,1,200,1,1
SQLi,filter,2,e62fd22f35b9682d,1,200,1,1
SQLi,filter,2,576bc82394231c64,1,200,1,1
SQLi,filter,2,3ebb75f4421a3f62,1,200,1,1
SQLi,filter,2,3ddf59296c1d396c,1,200,1,1
SQLi,filter,2,933a1fe9ebab11e3,1,200,1,1
SQLi,filter,2,e86a4dfba20e0cb6,1,200,1,1
SQLi,filter,2,720962e91a500db3,1,200,1,1
SQLi,filter,2,31b58ec520e1b078,1,200,1,1
SQLi,filter,2,404178b59deff146,1,200,1,1
SQLi,filter,2,4c4c6da5432e9d9f,1,200,1,1
SQLi,filter,2,63e19e33cf42ae62,1,200,1,1
SQLi,filter,2,b3ea55306c2a5ede,1,200,1,1
SQLi,filter,2,37562a38a7a47246,1,200,1,1
SQLi,filter,2,8b60a610ebf2d9b1,1,200,1,1
SQLi,filter,2,926eb2bad4c1af14,1,200,1,1
SQLi,filter,2,79eb82387c861cfa,1,200,1,1
SQLi,filter,2,c83d3963d944d308,1,200,1,1
SQLi,filter,2,aee4212dd6baf153,1,200,1,1
SQLi,filter,2,05ffcdb0232852b0,1,200,1,1
SQLi,filter,2,0c0e2a86cf8237a5,1,200,1,1
SQLi,filter,2,896d4d907b4e6a82,1,200,1,1
SQLi,filter,2,01c4f7b4f65a45ff,1,200,1,1
SQLi,filter,2,03f4816282455c3c,0,,0,
SQLi,filter,2,26895ad945368033,1,403,0,
SQLi,filter,2,ab39feb1ad737e73,1,200,1,1
SQLi,filter,2,7e5ed77fe2afcfb5,1,200,1,1
SQLi,filter,2,8aa7f25e79369058,0,,0,
SQLi,filter,2,6ed9a01029609b2b,1,200,1,1
SQLi,filter,2,4358c4d46ea2be49,0,,0,
SQLi,filter,2,a7f00aaf012bca72,1,200,1,1
SQLi,filter,2,e23f3def26d6553c,1,200,1,1
SQLi,filter,2,56437a6c64e59fd9,1,200,1,1
SQLi,filter,2,67bab1f9562ab10e,1,200,1,1
SQLi,filter,2,35ab0ee7183e4834,1,200,1,1
SQLi,filter,2,ff470055ea2e6bcf,1,200,1,1
SQLi,filter,2,a40d2714457cf8d8,1,200,1,1
SQLi,filter,2,fb2f9469882f146d,1,200,1,1
SQLi,filter,2,cfc1216c48d14a85,1,200,1,1
SQLi,filter,2,e782f565ff7e9fa3,1,200,1,1
SQLi,filter,2,dd5922d844bd536d,1,200,1,1
SQLi,filter,2,2da83450d8ef04db,1,200,1,1
SQLi,filter,2,467e9c89514a80d4,1,200,1,1
SQLi,filter,2,266a944d7eb58ba0,1,200,1,1
SQLi,filter,2,883626239c120122,1,200,1,1
SQLi,filter,2,3a861b183f766c21,1,200,1,1
SQLi,filter,2,02c93bf7f2879ca3,1,200,1,1
SQLi,filter,2,b7300cbab6ace752,1,200,1,1
SQLi,filter,2,250ed7d583b0f942,1,200,1,1
SQLi,filter,2,4a6c3181aa18b8da,1,200,1,1
SQLi,filter,2,4bb171adb9baae73,1,200,1,1
SQLi,filter,2,b47e517fb12a8e96,1,200,1,1
SQLi,filter,2,f883b436e3897aea,1,200,1,1
SQLi,filter,2,79c2ef3a24f18a50,1,200,1,1
SQLi,filter,2,76dc3bea733b4b0d,1,200,1,1
SQLi,filter,2,512ee56118f243d6,1,200,1,1
SQLi,filter,2,3d0627539d036def,1,200,1,1
SQLi,filter,2,a26de5216566dff2,1,200,1,1
SQLi,filter,2,773493bdee06ae3d,1,200,1,1
SQLi,filter,2,b4a6c8895bc27e56,1,200,1,1
SQLi,filter,2,635b6dc26c4f58ca,1,200,1,1
SQLi,filter,2,7c003d0f78ba184b,1,200,1,1
SQLi,filter,2,ccc329c1be5c71a3,1,200,1,1
SQLi,filter,2,b0c94a60a585fa32,1,200,1,1
SQLi,filter,2,8abbf3d02cbf084a,1,200,1,1
SQLi,filter,2,9a065c2c22472530,1,200,1,1
SQLi,filter,2,f1546705c4218375,1,200,1,1
SQLi,filter,2,90d2c95ea7a1c661,1,200,1,1
SQLi,filter,2,f14c5380f3a3caa4,1,200,1,1
SQLi,filter,2,fa2602eec69335bc,1,200,1,1
SQLi,filter,2,0c47148b26cdb11d,0,,0,
SQLi,filter,2,19150ea57f61acad,0,,0,
SQLi,filter,2,d1346178f32b3ff4,1,200,1,1
SQLi,filter,2,ca0ac6ca58a0c4f9,1,200,1,1
SQLi,filter,2,192804c2cbe1a79b,0,,0,
SQLi,filter,2,75a016778d100149,1,200,1,1
SQLi,filter,2,04e9eec450a0cf99,1,200,1,1
SQLi,filter,2,99ce92b14b4e8509,1,200,1,1
SQLi,filter,2,94622da153089331,1,200,1,1
SQLi,filter,2,0d75b73effc4b0ad,0,,0,
SQLi,filter,2,b835ecec3533f14c,0,,0,
SQLi,filter,2,3160779661de683c,1,200,1,1
SQLi,filter,2,005dfff6f2f59940,1,200,1,1
SQLi,filter,2,af19ba18b90ed34f,1,200,1,1
SQLi,filter,2,33ef53c69d7befac,1,200,1,1
SQLi,filter,2,83370cee8dbe57cf,1,200,1,1
SQLi,filter,2,2d7f27b5336b28f8,1,200,1,1
SQLi,filter,2,b854bdbfa32a003e,1,200,1,1
SQLi,filter,2,c20c67b0c1e49ca3,1,200,1,1
SQLi,filter,2,4c9feac81a3eb30a,1,200,1,1
SQLi,filter,2,2eca7caf0861ce9e,1,200,1,1
SQLi,filter,2,ed410c3e526c1bdd,1,200,1,1
SQLi,filter,2,bb650e4d5a1d3bc3,1,200,1,1
SQLi,filter,2,be8f033100710df4,1,200,1,1
SQLi,filter,2,de85b34f806a1605,1,200,1,1
SQLi,filter,2,d6d5c9f6ca917483,1,200,1,1
SQLi,filter,2,fbb2b7f630fc065a,1,200,1,1
SQLi,filter,2,eec7697afa403816,1,200,1,1
SQLi,filter,2,567aaa098a4a5327,1,200,1,1
SQLi,filter,2,bbbfe379a80f4f7b,1,200,1,1
SQLi,filter,2,d6609b5bdc456c72,1,200,1,1
SQLi,filter,2,1a3d4814820d0f23,1,200,1,1
SQLi,filter,2,05d7458762162ff4,1,200,1,1
SQLi,filter,2,21b10c23af34b4b1,1,200,1,1
SQLi,filter,2,965fd44f055de5d3,1,200,1,1
SQLi,filter,2,7b9dd0b4929ea619,1,200,1,1
SQLi,filter,2,6a8a4df35af2aad1,1,200,1,1
SQLi,filter,2,040faeb2374a863e,1,200,1,1
SQLi,filter,2,1ad282206c0d73fc,1,200,1,1
SQLi,filter,2,a7c5592bd6482e77,1,200,1,1
SQLi,filter,2,26a523f45e5ce857,1,200,1,1
SQLi,filter,2,321763b6d20dd8d9,1,200,1,1
SQLi,filter,2,a39ec8f21dd855f9,1,200,1,1
SQLi,filter,2,5c4b0afd49d5b656,1,200,1,1
SQLi,filter,2,9e287f1133e76e13,1,200,1,1
SQLi,filter,2,9e08039448bd892b,1,200,1,1
SQLi,filter,2,d9225fb397ac6a22,1,200,1,1
SQLi,filter,2,8ccb90de68429c3a,1,200,1,1
SQLi,filter,2,c29902799b9b94c8,1,200,1,1
SQLi,filter,2,4ba7fdffa37fd77a,0,,0,
SQLi,filter,2,d89c595a8024902c,1,200,1,1
SQLi,filter,2,dadfa6f2c2fe23d4,0,,0,
SQLi,filter,2,a42042f94960d524,1,200,1,1
SQLi,filter,2,58253c6c4664d823,0,,0,
SQLi,filter,2,d80e02fb8cc180f9,1,200,1,1
SQLi,filter,2,69fe2eb1517670a6,1,200,1,1
SQLi,filter,2,d5806e1b65788416,1,200,1,1
SQLi,filter,2,67b981ad7ed0cdfb,1,200,1,1
SQLi,filter,2,6422965d382ec59f,1,200,1,1
SQLi,filter,2,925b4237ea5a2811,1,200,1,1
SQLi,filter,2,eb3b6e3a657cb79c,1,200,1,1
SQLi,filter,2,7e362a8467489621,1,200,1,1
SQLi,filter,2,8a21554f9489a5ce,1,200,1,1
SQLi,filter,2,d577ad10399734cc,1,200,1,1
SQLi,filter,2,9b698c7d98dd2391,1,200,1,1
SQLi,filter,2,a4253d462eb6266a,1,200,1,1
SQLi,filter,2,0da177eb821905d6,1,200,1,1
SQLi,filter,2,94b0e2c25216d60f,1,200,1,1
SQLi,filter,2,cdb7dbf669cddefa,1,200,1,1
SQLi,filter,2,af71f5c68adf750c,1,200,1,1
SQLi,filter,2,78f0a07a6956e2fa,1,200,1,1
SQLi,filter,2,b63a2082e40017c6,1,200,1,1
SQLi,filter,2,68ab02f92a00a002,0,,0,
SQLi,filter,2,497bde6ad26e6ae5,1,200,1,1
SQLi,filter,2,12d2a715bde35ec9,1,200,1,1
SQLi,filter,2,c70cf4a5da02a099,1,200,1,1
SQLi,filter,2,586d2e6a947551c2,1,200,1,1
SQLi,filter,2,12a45f09f48c6817,1,200,1,1
SQLi,filter,2,7e6cc41237bb1afa,1,200,1,1
SQLi,filter,2,843ab1a7910660e1,1,200,1,1
SQLi,filter,2,4fe485becd3c18c1,1,200,1,1
SQLi,filter,2,e351d0b75b26dba5,1,200,1,1
SQLi,filter,2,8a0043f9078afe60,1,200,1,1
SQLi,filter,2,d996a7d4a7c0656c,1,200,1,1
SQLi,filter,2,483ad9a292b3b508,0,,0,
SQLi,filter,2,39fa364b99f3df88,1,200,1,1
SQLi,filter,2,2b530e01ec01504e,1,200,1,1
SQLi,filter,2,912db631d636a86d,1,200,1,1
SQLi,filter,2,1b13de20f2c48322,1,200,1,1
SQLi,filter,2,968056e26e6ad2cd,1,200,1,1
SQLi,filter,2,904510dcd597f6db,1,200,1,1
SQLi,filter,2,3b2f4d41b9de643a,1,200,1,1
SQLi,filter,2,94c1181489b084ce,1,200,1,1
SQLi,filter,2,3bb5e8bb9fe5335c,1,200,1,1
SQLi,filter,2,4ee78f1f848e526f,1,200,1,1
SQLi,filter,2,0a61f1083e6a2650,1,200,1,1
SQLi,filter,2,07baa5fc325c1f5d,1,200,1,1
SQLi,filter,2,4f1b5a2ac3e45cfa,1,200,1,1
SQLi,filter,2,46d55e2acdc33902,1,200,1,1
SQLi,filter,2,ca8185a873497239,1,200,1,1
SQLi,filter,2,59330107aafb8a82,1,200,1,1
SQLi,filter,2,7cadd26ae101f4e9,1,200,1,1
SQLi,filter,2,9ae2bc220a0925d8,0,,0,
SQLi,filter,2,0fa5f547315a6192,1,200,1,1
SQLi,filter,2,5df9a3c9149acc76,0,,0,
SQLi,filter,2,d944da5ebf1501bb,1,200,1,1
SQLi,filter,2,47b3d9202e95ff8b,0,,0,
SQLi,filter,2,d46ad8c10a6864ed,0,,0,
SQLi,filter,2,9bb55744f56b567c,1,200,1,1
SQLi,filter,2,94a702b1a6f9843d,1,200,1,1
SQLi,filter,2,630dd9190eb2ce77,1,200,1,1
SQLi,filter,2,d47dad2d7fbd994c,1,200,1,1
SQLi,filter,2,4c7f5d162751987c,1,200,1,1
SQLi,filter,2,d2900692da6bb488,1,200,1,1
SQLi,filter,2,58075994dc683776,1,200,1,1
SQLi,filter,2,be71b48a6d514be2,1,200,1,1
SQLi,filter,2,3c264242b42e59da,1,200,1,1
SQLi,filter,2,407bfa196d23762b,1,200,1,1
SQLi,filter,2,bd114e46ee5e279e,1,200,1,1
SQLi,filter,2,47f8caf6ca74138a,1,200,1,1
SQLi,filter,2,5440748c0f6bb95c,1,200,1,1
SQLi,filter,2,669fc7804aa20f80,1,200,1,1
SQLi,filter,2,2a998c8353d515d0,1,200,1,1
SQLi,filter,2,304849c4a5e7d0b3,1,200,1,1
SQLi,filter,2,f228e04bc10bfc3d,1,200,1,1
SQLi,filter,2,9b74422301010fcb,1,200,1,1
SQLi,filter,2,58e6e2fb9ba187d4,1,200,1,1
SQLi,filter,2,473415803bca3a98,1,200,1,1
SQLi,filter,2,ba2557b41546e168,1,200,1,1
SQLi,filter,2,9a32642a38977301,1,200,1,1
SQLi,filter,2,7ac6ed3156a204b3,1,200,1,1
SQLi,filter,2,8f9ad71ab417a2f4,1,200,1,1
SQLi,filter,2,a4ef9995d48811f4,1,200,1,1
SQLi,filter,2,d525970b1d9c2df5,1,200,1,1
SQLi,filter,2,f36f21df314b170d,1,200,1,1
SQLi,filter,2,c59f8cbe123b45eb,1,200,1,1
SQLi,filter,2,36cb74fcfa013b1e,1,200,1,1
SQLi,filter,2,2b1adb225aaab884,1,200,1,1
SQLi,filter,2,80e8de5fab2e542a,1,200,1,1
SQLi,filter,2,ad69ba94eb564676,1,200,1,1
SQLi,filter,2,0cd3dd2f0e269e39,1,200,1,1
SQLi,filter,2,0b7204e14c9b21bd,1,200,1,1
SQLi,filter,2,f31bceabeec60a5c,0,,0,
SQLi,filter,2,3dfe0efb3f5b0f51,1,200,1,1
SQLi,filter,2,3452901c37057189,1,200,1,1
SQLi,filter,2,9a3648d9d272d518,1,200,1,1
SQLi,filter,2,d966e5c077c2c113,1,200,1,1
SQLi,filter,2,6eb4199e51e4b228,1,200,1,1
SQLi,filter,2,90e87cd7316163ff,1,200,1,1
SQLi,filter,2,23965bfdc03018c2,0,,0,
SQLi,filter,2,13caeff78207927b,1,200,1,1
SQLi,filter,2,265a946a72c72739,1,200,1,1
SQLi,filter,2,edfd5df0a3a1bd60,1,200,1,1
SQLi,filter,2,d6882f82f65df247,0,,0,
SQLi,filter,2,ea495ba823a937dd,1,200,1,1
SQLi,filter,2,eab8dc795e17f32c,1,200,1,1
SQLi,filter,2,3ee1447c0362e35a,0,,0,
SQLi,filter,2,9647bfeda6dac941,0,,0,
SQLi,filter,2,1d5351f7ce7d4059,1,200,1,1
SQLi,filter,2,2c6c09f2774bc719,0,,0,
SQLi,filter,2,2f3475d9cbf20185,1,200,1,1
SQLi,filter,2,97610f8ba44ec68c,1,200,1,1
SQLi,filter,2,7fd468b3701fd267,1,200,1,1
SQLi,filter,2,a9931c2be3ace008,1,200,1,1
SQLi,filter,2,ddbba8aec007c112,1,200,1,1
SQLi,filter,2,ddb8c793357249f0,1,200,1,1
SQLi,filter,2,f2740940a79528e7,1,200,1,1
SQLi,filter,2,44d2924fcbb08afd,1,200,1,1
SQLi,filter,2,553851aaf45977f7,1,200,1,1
SQLi,filter,2,08c25aae0751c6e8,1,200,1,1
SQLi,filter,2,9cc03ea440274053,1,200,1,1
SQLi,filter,2,dffa81bbe4d43914,1,200,1,1
SQLi,filter,2,f318d6035aecff3b,1,200,1,1
SQLi,filter,2,aa2d29db05639d76,1,200,1,1
SQLi,filter,2,75d5073958cd20f9,1,200,1,1
SQLi,filter,2,5e713fe88338e090,1,200,1,1
SQLi,filter,2,8bc908b627cfefb5,1,200,1,1
SQLi,filter,2,824205918d5f5ef2,1,200,1,1
SQLi,filter,2,dee598f57506ab68,1,200,1,1
SQLi,filter,2,68334581ca5013f5,1,200,1,1
SQLi,filter,2,ae8cbefe3d3a3a91,1,200,1,1
SQLi,filter,2,bbf29854f0c8bcfd,1,200,1,1
SQLi,filter,2,6d9125921da15cbe,1,200,1,1
SQLi,filter,2,b4ba517bfa185ce0,1,200,1,1
SQLi,filter,2,f5ead855e86b8f79,1,200,1,1
SQLi,filter,2,ba9da530ad073193,1,200,1,1
SQLi,filter,2,655a701763645a04,1,200,1,1
SQLi,filter,2,d266818f376d39e2,1,200,1,1
SQLi,filter,2,405375713f81da4a,1,200,1,1
SQLi,filter,2,2f44a3296c110b55,1,200,1,1
SQLi,filter,2,f06aa246eefb4a32,1,200,1,1
SQLi,filter,2,a83a250dd1d65453,1,200,1,1
SQLi,filter,2,ab121839ee9b41d3,0,,0,
SQLi,filter,2,808b6ebe0169ece6,1,200,1,1
SQLi,filter,2,04d072ed56277c80,1,200,1,1
SQLi,filter,2,080f9c941351113a,1,200,1,1
SQLi,filter,2,2000a73b01e7f79d,1,200,1,1
SQLi,filter,2,8357a5d815795170,1,200,1,1
SQLi,filter,2,41038afb9f77af10,1,200,1,1
SQLi,filter,2,357e95ceb9ea0706,1,200,1,1
SQLi,filter,2,e74d2afb88b49a2c,1,200,1,1
SQLi,filter,2,7a8a27c3e6a41f5d,1,200,1,1
SQLi,filter,2,b3ebdbccd5437fac,1,200,1,1
SQLi,filter,2,5739b0f32e8f364b,1,200,1,1
SQLi,filter,2,fe511fa667f7b167,1,200,1,1
SQLi,filter,2,0dcb3ce4136a8b91,1,200,1,1
SQLi,filter,2,d39dbeebff76dffc,1,200,1,1
SQLi,filter,2,1a28a9ce1b163b58,1,200,1,1
SQLi,filter,2,2d8016077d7b85b0,1,200,1,1
SQLi,filter,2,5e891add5e82fe0d,1,200,1,1
SQLi,filter,2,02528fc6c233f36c,1,200,1,1
SQLi,filter,2,050efac488b46dd1,1,200,1,1
SQLi,filter,2,f0f306cb84a82934,1,200,1,1
SQLi,filter,2,b566f61af8074b48,1,200,1,1
SQLi,filter,2,29fcb88eb9257bec,1,200,1,1
SQLi,filter,2,ded06f8e5010c35d,1,200,1,1
SQLi,filter,2,2840be6a83b661ce,1,200,1,1
SQLi,filter,2,69ed7811a78780b7,1,200,1,1
SQLi,filter,2,05794444875f4b6a,1,200,1,1
SQLi,filter,2,84d91bf824bd8c38,1,200,1,1
SQLi,filter,2,331929e3b5bab16f,1,200,1,1
SQLi,filter,2,92f66c74ceeefee9,1,200,1,1
SQLi,filter,2,b0736928c89c3596,1,200,1,1
SQLi,filter,2,01232b1ebfb4e082,1,200,1,1
SQLi,filter,2,d9c735c1f43a1c39,1,200,1,1
SQLi,filter,2,cf6ce7bc3a640501,1,200,1,1
SQLi,filter,2,5eaf2f85c4bc7fa8,1,200,1,1
SQLi,filter,2,8fbcc1411be277e7,1,200,1,1
SQLi,filter,2,f0ce62bac767e0bf,1,200,1,1
SQLi,filter,2,48902b63b39595af,1,200,1,1
SQLi,filter,2,7b9550affdae9c75,1,200,1,1
SQLi,filter,2,c494fc7d55f2c5fa,1,200,1,1
SQLi,filter,2,d74dbcc45a984d45,1,200,1,1
SQLi,filter,2,99de490ad1e9b374,0,,0,
SQLi,filter,2,46b3b4e71a311d94,1,200,1,1
SQLi,filter,2,b4e4ae061278c64b,1,200,1,1
SQLi,filter,2,251bd491f181728f,1,200,1,1
SQLi,filter,2,26127ab5c1f191a4,1,200,1,1
SQLi,filter,2,7c6350cdd53dc90f,1,200,1,1
SQLi,filter,2,98d4b9532629ecdd,1,200,1,1
SQLi,filter,2,e55a1adda2766038,1,200,1,1
SQLi,filter,2,527bb4f6a1ba5fdc,1,200,1,1
SQLi,filter,2,792dac0c1fdc3de3,1,200,1,1
SQLi,filter,2,63c68dc2282aa95a,1,200,1,1
SQLi,filter,2,5a98ae3ef81d2883,1,200,1,1
SQLi,filter,2,3dbb4a2b993bc91d,1,200,1,1
SQLi,filter,2,4c510917c0290d64,1,200,1,1
SQLi,filter,2,c8c57c3a86b6bbff,1,200,1,1
SQLi,filter,2,8af20b5ccdbe3ec0,1,200,1,1
SQLi,filter,2,be0e0e8dcf5e9318,1,200,1,1
SQLi,filter,2,3c181f3bc8ef7f4a,1,200,1,1
SQLi,filter,2,801bb856881986d8,1,200,1,1
SQLi,filter,2,59241fc4e34109ed,1,200,1,1
SQLi,filter,2,1017665a29d90b81,1,200,1,1
SQLi,filter,2,15d0367eb4a14489,1,200,1,1
SQLi,filter,2,45b6c8194bded1a2,1,200,1,1
SQLi,filter,2,8309d5dc5129c4da,0,,0,
SQLi,filter,2,28e580fc3990f7c7,1,200,1,1
SQLi,filter,2,31410bd703d69cfa,1,200,1,1
SQLi,filter,2,b69611a6e3986a76,1,200,1,1
SQLi,filter,2,0288673192013814,1,200,1,1
SQLi,filter,2,31ef498adbed6f65,1,200,1,1
SQLi,filter,2,46a19682a22aeb03,1,200,1,1
SQLi,filter,2,cb045682df46005d,1,200,1,1
SQLi,filter,2,61cd098447725fc8,1,200,1,1
SQLi,filter,2,fd1cbc49378287db,1,200,1,1
SQLi,filter,2,55b6183d736690f0,1,200,1,1
SQLi,filter,2,0d8551e181079d64,1,200,1,1
SQLi,filter,2,a48b7cd0e9e149f3,1,200,1,1
SQLi,filter,2,ba8f59dc21520e34,0,,0,
SQLi,filter,2,a1070d0b41cebcf2,1,200,1,1
SQLi,filter,2,67cadd051d20316e,1,200,1,1
SQLi,filter,2,7cb140f3a1e7fc84,1,200,1,1
SQLi,filter,2,059bffc6325d12d6,1,200,1,1
SQLi,filter,2,a7dfe76d5fbdedf5,1,200,1,1
SQLi,filter,2,0bbbe70e5445acfa,1,200,1,1
SQLi,filter,2,fd2ec2334d426605,1,200,1,1
SQLi,filter,2,76845aaf40a54207,1,200,1,1
SQLi,filter,2,5fbbff1b1e0ab270,1,200,1,1
SQLi,filter,2,f17b45d8ec53c634,1,200,1,1
SQLi,filter,2,64728503244c5396,1,200,1,1
SQLi,filter,2,fe5b809b9c1c2bcd,1,200,1,1
SQLi,filter,2,4995db9aa6875bd3,1,200,1,1
SQLi,filter,2,49978915a576cc19,1,200,1,1
SQLi,filter,2,c22485503606d00e,1,200,1,1
SQLi,filter,2,e21c39d9fed9dbd5,1,200,1,1
SQLi,filter,2,5874fe2f290e7706,1,200,1,1
SQLi,filter,2,e071cd5a55b1efd4,1,200,1,1
SQLi,filter,2,bf690de213e05d52,1,200,1,1
SQLi,filter,2,1f25f305de4225c9,1,200,1,1
SQLi,filter,2,6c28bbad0206650c,1,200,1,1
SQLi,filter,2,eef12df7d3b6d9e7,1,200,1,1
SQLi,filter,2,f38e7d228a4cbffb,1,200,1,1
SQLi,filter,2,789d6efe2b2c2c00,1,200,1,1
SQLi,filter,2,5fdcc1d73390be47,1,200,1,1
SQLi,filter,2,f7f9ca32b3d00111,1,200,1,1
SQLi,filter,2,b2d82fc8409f380e,1,200,1,1
SQLi,filter,2,10c351c3f79b11f3,1,200,1,1
SQLi,filter,2,d3588a1b21751226,0,,0,
SQLi,filter,2,ca1c2faadbee3aea,1,200,1,1
SQLi,filter,2,c6429adbaba97035,1,200,1,1
SQLi,filter,2,f789a8ab48d8de9f,1,200,1,1
SQLi,filter,2,8694bb29c6b9f476,1,200,1,1
SQLi,filter,2,c700bda1030cee3c,1,200,1,1
SQLi,filter,2,89b47969b11dd432,0,,0,
SQLi,filter,2,066a559186965d31,1,200,1,1
SQLi,filter,2,12e5de5c449780c1,1,200,1,1
SQLi,filter,2,1c14644d7f0b894e,1,200,1,1
SQLi,filter,2,017b4a5adcfb5c47,1,200,1,1
SQLi,filter,2,76edcdb3f8872d8d,1,200,1,1
SQLi,filter,2,36a1953e628d5163,1,200,1,1
SQLi,filter,2,e0c9eee143a00bd7,0,,0,
SQLi,filter,2,7d9850647644942a,0,,0,
SQLi,filter,2,c4ad5191aab51877,0,,0,
SQLi,filter,2,e17ec2cca446f6fb,0,,0,
SQLi,filter,2,859adbce6fc19cff,0,,0,
SQLi,filter,2,b41f0d769c9c3ba9,0,,0,
SQLi,filter,2,35a67ce466bbe2d5,0,,0,
SQLi,filter,2,7b7b6ed5aaf4eabc,0,,0,
SQLi,filter,2,e2a0ddcab0462765,1,200,1,1
SQLi,filter,2,a22aa818ab8aab8b,1,200,1,1
SQLi,filter,2,2a7188db1fbb5b62,1,200,1,1
SQLi,filter,2,0e26457588ad9ee0,1,200,1,1
SQLi,filter,2,40bb000c8bb5de50,0,,0,
SQLi,filter,2,dc2228390b2cd0dc,1,200,1,1
SQLi,filter,2,abf48b500572d523,1,200,1,1
SQLi,filter,2,015928b18f907dd3,1,200,1,1
SQLi,filter,2,9c6136e7bc06695e,1,200,1,1
SQLi,filter,2,b7c224f1d98f9625,1,200,1,1
SQLi,filter,2,10018cf92b591d67,1,200,1,1
SQLi,filter,2,b3682510edf63b96,1,200,1,1
SQLi,filter,2,25fef5f9e9292147,1,200,1,1
SQLi,filter,2,ab63a25b32288a28,1,200,1,1
SQLi,filter,2,edaf45cf2c728586,1,200,1,1
SQLi,filter,2,8ecdc5d49995b88e,1,200,1,1
SQLi,filter,2,cf274df9616c8aa2,1,200,1,1
SQLi,filter,2,5beaccde8c7a4225,1,200,1,1
SQLi,filter,2,35e709a52a25a80c,1,200,1,1
SQLi,filter,2,657f9b3c338914f4,1,200,1,1
SQLi,filter,2,6e11f353d3c294be,1,200,1,1
SQLi,filter,2,9beab01777f30e3e,1,200,1,1
SQLi,filter,2,b5f6406bf43fbf55,1,200,1,1
SQLi,filter,2,17816b8ecb12c8b2,1,200,1,1
SQLi,filter,2,2e0059092594b394,0,,0,
SQLi,filter,2,d1138ed15a5cae3e,1,200,1,1
SQLi,filter,2,0ff8267d3ff62d37,1,200,1,1
SQLi,filter,2,205e8773f449c261,1,200,1,1
SQLi,filter,2,3144d15d832b41e1,1,200,1,1
SQLi,filter,2,0d3fef099345579b,0,,0,
SQLi,filter,2,9741c568715afe5d,1,200,1,1
SQLi,filter,2,bb9905332dc6a922,1,200,1,1
SQLi,filter,2,46b7f02841a4f7e8,1,200,1,1
SQLi,filter,2,e2f48bd27b4c468e,1,200,1,1
SQLi,filter,2,759dff6b6c64abe0,0,,0,
SQLi,filter,2,91ec6e73491f1f18,1,200,1,1
SQLi,filter,2,bac5483b0ead04c3,1,200,1,1
SQLi,filter,2,e9e7125e344ebcff,0,,0,
SQLi,filter,2,e0a508f56d5a79dc,1,200,1,1
SQLi,filter,2,9165a621039ff171,1,200,1,1
SQLi,filter,2,77c8895d6265b0fc,1,200,1,1
SQLi,filter,2,a1591ea2e14e00ea,1,200,1,1
SQLi,filter,2,0110f78828ab229f,0,,0,
SQLi,filter,2,4f8c330616777226,1,200,1,1
SQLi,filter,2,5cba9cacf067d1bc,1,200,1,1
SQLi,filter,2,034cb3a61d1f288b,1,200,1,1
SQLi,filter,2,533d306fc2c8170b,1,200,1,1
SQLi,filter,2,ec392c7a7da31658,1,200,1,1
SQLi,filter,2,8b5b917e51ccfe88,1,200,1,1
SQLi,filter,2,7bd437ffaa227e59,1,200,1,1
SQLi,filter,2,9de4516a0ad078c3,1,200,1,1
SQLi,filter,2,12ba0de7caff32d7,1,200,1,1
SQLi,filter,2,7c9fafb461421eff,1,200,1,1
SQLi,filter,2,a6b1f8e0ad32afc4,1,200,1,1
SQLi,filter,2,aeb11c0d88e0b5e2,1,200,1,1
SQLi,filter,2,ac98e96abfa44274,1,200,1,1
SQLi,filter,2,c411ebcae07869e1,1,200,1,1
SQLi,filter,2,4d7af22ddeb3f4ef,1,200,1,1
SQLi,filter,2,23193461a6a4f4ae,1,200,1,1
SQLi,filter,2,7e5c89b46cbcdbbd,1,200,1,1
SQLi,filter,2,3016a03d346ff0d4,1,200,1,1
SQLi,filter,2,4f932e83d9993ef4,1,200,1,1
SQLi,filter,2,318d7c28295e089d,1,200,1,1
SQLi,filter,2,bce0b260c7497448,1,200,1,1
SQLi,filter,2,9c507b6697edbbaa,1,200,1,1
SQLi,filter,2,3cd1796444c08ea7,1,200,1,1
SQLi,filter,2,7d0acb95dfd932f7,1,200,1,1
SQLi,filter,2,33552bc472f0613f,1,200,1,1
SQLi,filter,2,5d53dc4a38dbf8f0,1,200,1,1
SQLi,filter,2,18a778b3ceee903f,1,200,1,1
SQLi,filter,2,3d31778e0c29deb7,1,200,1,1
SQLi,filter,2,a3cd8953540a70ed,1,200,1,1
SQLi,filter,2,4e0340fa0c5d4c2b,1,200,1,1
SQLi,filter,2,56582c72de41dfc5,1,200,1,1
SQLi,filter,2,6082ecf5c6c6e714,1,200,1,1
SQLi,filter,2,7205c8322630ca17,1,200,1,1
SQLi,filter,2,2530a1d489e08ac3,1,200,1,1
SQLi,filter,2,3a071b6537faa6d2,1,200,1,1
SQLi,filter,2,6a8149eac0528686,1,200,1,1
SQLi,filter,2,fad65d5c19edacb2,1,200,1,1
SQLi,filter,2,b3ac0c50eee6dffb,1,200,1,1
SQLi,filter,2,913e65ba20f63016,1,200,1,1
SQLi,filter,2,295bb790c41985a7,1,200,1,1
SQLi,filter,2,62720d5bc375f9bc,1,200,1,1
SQLi,filter,2,d76108512e593e2b,1,200,1,1
SQLi,filter,2,013407f3ec77e718,1,200,1,1
SQLi,filter,2,ebfaaba7f3ea0463,1,200,1,1
SQLi,filter,2,07ff303b3e5b9a9f,1,200,1,1
SQLi,filter,2,5da2820cd05b015f,1,200,1,1
SQLi,filter,2,5b67dc12476bbbed,0,,0,
SQLi,filter,2,a52ab6b8a3ed4cf2,1,200,1,1
SQLi,filter,2,f270f9504bbb33c0,0,,0,
SQLi,filter,2,0904c211c70bbee4,0,,0,
SQLi,filter,2,f48feb166b2020f1,0,,0,
SQLi,filter,2,cd1f08a81a92a59b,1,200,1,1
SQLi,filter,2,4aa407b5254d962e,1,200,1,1
SQLi,filter,2,cb01f8a5b73f4283,1,200,1,1
SQLi,filter,2,81e05b9254fe78a3,0,,0,
SQLi,filter,2,f939f0664b7dcd68,1,200,1,1
SQLi,filter,2,b783f83b55acd509,0,,0,
SQLi,login,2,3abfe532e59818c2,1,200,1,1
SQLi,login,2,5c9260a1582d4e39,0,,0,
SQLi,login,2,62b9cd095776c89a,1,200,1,1
SQLi,login,2,ac97cc69462f446b,1,403,0,
SQLi,login,2,36d1704a33886adb,1,200,1,1
SQLi,login,2,6ed0ad21134e42c2,1,403,0,
SQLi,login,2,f9e90244ebdd7d03,1,200,1,1
SQLi,login,2,0a60902ac53f3014,1,200,1,1
SQLi,login,2,e87607d39ee07838,1,200,1,1
SQLi,login,2,8fbe736c02ff91fb,1,403,0,
SQLi,login,2,4bd44694e2dcb90a,0,,0,
SQLi,login,2,1a65e5b898509d3c,1,200,1,1
SQLi,login,2,05f50f63504e2ed1,1,200,1,1
SQLi,login,2,2976c4597a1d4980,1,403,0,
SQLi,login,2,17dba7407223a265,1,200,1,1
SQLi,login,2,825c206f57f6dcb0,1,200,1,1
SQLi,login,2,ef1126d890f2a158,1,200,1,1
SQLi,login,2,8322ab91e1031d26,1,403,0,
SQLi,login,2,3d2ac9b647ca9512,1,200,1,1
SQLi,login,2,16e3cdb0151520da,0,,0,
SQLi,login,2,fe47036ce96abf2f,1,200,1,1
SQLi,login,2,ce0332b8f0007003,0,,0,
SQLi,login,2,41b4ffd8aea12be8,1,200,1,1
SQLi,login,2,128dec84a5b070d0,1,200,1,1
SQLi,login,2,f92038e2bee6ea73,1,200,1,1
SQLi,login,2,e70fa1b7913cddbd,1,200,1,1
SQLi,login,2,516eba2af8a85072,1,200,1,1
SQLi,login,2,514aca8e755a5a92,1,200,1,1
SQLi,login,2,8a2a9c0a978b6308,0,,0,
SQLi,login,2,36d9065b10674fa0,1,200,1,1
SQLi,login,2,e3a5ccbd3ae37e09,1,403,0,
SQLi,login,2,ca484fc04cf9d1a5,1,200,1,1
SQLi,login,2,90d1dd9f987bf80f,0,,0,
SQLi,login,2,3d80cab287b4444f,1,200,1,1
SQLi,login,2,e98013b33bda2831,1,200,1,1
SQLi,login,2,c066fbf283e13c63,1,200,1,1
SQLi,login,2,4ac3c141496945ae,1,200,1,1
SQLi,login,2,67b37b8bfcba9d80,1,200,1,1
SQLi,login,2,91a6e4b5be7e4d4d,1,200,1,1
SQLi,login,2,fc278c7e5ad199bc,0,,0,
SQLi,login,2,37037c1942342693,1,200,1,1
SQLi,login,2,34250715df13d527,1,403,0,
SQLi,login,2,33452f172a33c5ff,0,,0,
SQLi,login,2,f134e72f8d5af458,1,403,0,
SQLi,login,2,0ab24131fc4c01bc,0,,0,
SQLi,login,2,50391fd5e23950ad,1,200,1,1
SQLi,login,2,b8f230b086e2fb32,1,200,1,1
SQLi,login,2,7f2c9153bf00524e,1,200,1,1
SQLi,login,2,85fb5d01d79737ee,1,200,1,1
SQLi,login,2,279a05e345b500be,1,200,1,1
SQLi,login,2,f9c20e9a10088832,1,200,1,1
SQLi,login,2,0afb1fbee6fcad8e,1,200,1,1
SQLi,login,2,3edba8c1b2f8c19b,1,200,1,1
SQLi,login,2,595fafb09c2b6e13,1,200,1,1
SQLi,login,2,5279213b24e5b423,0,,0,
SQLi,login,2,93780cc8bee5188f,1,200,1,1
SQLi,login,2,1d16e6f769f99aa2,1,200,1,1
SQLi,login,2,dc6f4b8eb7b44cd4,1,200,1,1
SQLi,login,2,b4c787cf8a15f9de,1,200,1,1
SQLi,login,2,822a541d0747f1d0,1,200,1,1
SQLi,login,2,ede916186a1abb3e,1,200,1,1
SQLi,login,2,8d6a8c6ca8467f97,1,200,1,1
SQLi,login,2,b32209a841c3b183,1,200,1,1
SQLi,login,2,6d87b84b9f881f02,0,,0,
SQLi,login,2,a735ed1b50178f8e,1,200,1,1
SQLi,login,2,b22688334f1081ea,1,200,1,1
SQLi,login,2,aa7bb332d7a630b8,1,200,1,1
SQLi,login,2,44a44020b6ed5a27,1,200,1,1
SQLi,login,2,4b46cbb794324ced,1,200,1,1
SQLi,login,2,8d00e81dd15ffede,1,200,1,1
SQLi,login,2,763b44af01700387,1,200,1,1
SQLi,login,2,84fc5f2a5721c410,1,200,1,1
SQLi,login,2,9125888abe30176d,1,200,1,1
SQLi,login,2,24e2638eaf56f607,1,200,1,1
SQLi,login,2,4f8fefe92ac0a7b7,1,200,1,1
SQLi,login,2,649040976f6abeec,1,200,1,1
SQLi,login,2,08ddc5fa51b629a5,1,200,1,1
SQLi,login,2,68340cdf4b770471,1,200,1,1
SQLi,login,2,8a64b7b23fe5f111,1,200,1,1
SQLi,login,2,5e7e5884a0dc0e7d,1,200,1,1
SQLi,login,2,aae280a31fb2c73b,1,200,1,1
SQLi,login,2,58f45537dca1c7c1,1,200,1,1
SQLi,login,2,73f799ebd7b7e0e2,0,,0,
SQLi,login,2,92f6a217a338ef99,0,,0,
SQLi,login,2,6b87bda8b3880700,0,,0,
SQLi,login,2,bfcae046e268dca4,1,200,1,1
SQLi,login,2,fdf077199032f733,0,,0,
SQLi,login,2,b55905873048de96,0,,0,
SQLi,login,2,0d4937ca694a37f5,1,403,0,
SQLi,login,2,cca0088cc8bd7c0b,0,,0,
SQLi,login,2,48b24daac3215309,1,200,1,1
SQLi,login,2,610c193d4e2bdecc,0,,0,
SQLi,login,2,825fb40061599854,1,200,1,1
SQLi,login,2,ab15e6d6968c4b94,1,200,1,1
SQLi,login,2,d7b78a3f2295d05b,1,200,1,1
SQLi,login,2,c307d10e40a7134d,0,,0,
SQLi,login,2,3a4835d5f6fcd311,1,200,1,1
SQLi,login,2,afa093bf07acf78c,0,,0,
SQLi,login,2,ac23ad3c1aec0209,1,200,1,1
SQLi,login,2,8b7c7a5edb6ac258,1,200,1,1
SQLi,login,2,b978ae47b90560c5,1,200,1,1
SQLi,login,2,9538ecec078e7be3,0,,0,
SQLi,login,2,4581db1d87269802,1,200,1,1
SQLi,login,2,fad7808a50adc8b5,1,200,1,1
SQLi,login,2,977ffb52cee10e4d,1,200,1,1
SQLi,login,2,520bb739e303f35a,1,200,1,1
SQLi,login,2,d7a936c07474911d,1,403,0,
SQLi,login,2,b9dde0773d91087c,1,200,1,1
SQLi,login,2,847afff5a9373b76,1,200,1,1
SQLi,login,2,0f325e861d5ccad8,0,,0,
SQLi,login,2,26b93bef15a08def,1,200,1,1
SQLi,login,2,297c70cdd70bdced,0,,0,
SQLi,login,2,3ef6416c482fa4de,1,200,1,1
SQLi,login,2,836474feb47f15e2,0,,0,
SQLi,login,2,e1a033af25c5501a,1,200,1,1
SQLi,login,2,583fa0404a685003,1,200,1,1
SQLi,login,2,d7509be36ea4d04c,1,200,1,1
SQLi,login,2,7e8ff306d91884df,1,200,1,1
SQLi,login,2,7fe9ebef8236b1f2,1,200,1,1
SQLi,login,2,4c50edbc8cc3e2e3,1,200,1,1
SQLi,login,2,09ca8e95797fdfca,1,200,1,1
SQLi,login,2,735fc4aaded3ed9c,1,200,1,1
SQLi,login,2,7345316f97e41b85,1,200,1,1
SQLi,login,2,496d19f638f10cb5,0,,0,
SQLi,login,2,287171e4add63c0c,1,200,1,1
SQLi,login,2,4c60ef0541ae98e3,1,200,1,1
SQLi,login,2,bc60f4b5d5612d5b,1,200,1,1
SQLi,login,2,317a1b2c83240853,1,200,1,1
SQLi,login,2,e4a74ef62e4c70c5,1,200,1,1
SQLi,login,2,600735158c611cf2,0,,0,
SQLi,login,2,794bb824f720e044,1,200,1,1
SQLi,login,2,f8e71bf89d6ba7ea,1,200,1,1
SQLi,login,2,6eb241af2820d674,1,200,1,1
SQLi,login,2,7b34a712c3e9c606,1,200,1,1
SQLi,login,2,32ef5ed7b00cf34f,1,200,1,1
SQLi,login,2,a65fc0e7c216f8f0,1,200,1,1
SQLi,login,2,db43a2c4fc5ad196,1,200,1,1
SQLi,login,2,9f885b6e2769596e,1,200,1,1
SQLi,login,2,6ac4cef5dc84bddc,1,200,1,1
SQLi,login,2,b319144cc3f735c0,1,200,1,1
SQLi,login,2,0c7c376429c3666b,1,200,1,1
SQLi,login,2,192c23a3afed8215,1,200,1,1
SQLi,login,2,8799e11c492fa091,1,200,1,1
SQLi,login,2,6a061db7591771ad,1,200,1,1
SQLi,login,2,cb7eeba990492854,1,200,1,1
SQLi,login,2,0be2203f3160ff53,1,200,1,1
SQLi,login,2,3b55569711b6a428,0,,0,
SQLi,login,2,b5d4f39cf3b6778b,0,,0,
SQLi,login,2,b1b9af75fb15d6c4,1,200,1,1
SQLi,login,2,1edc4ef77c5f4f2e,1,200,1,1
SQLi,login,2,de772998b339744d,0,,0,
SQLi,login,2,8dbc9bdb935d0fa0,0,,0,
SQLi,login,2,264b311e9a74f093,1,200,1,1
SQLi,login,2,dde89bf7d8db4568,0,,0,
SQLi,login,2,14a4b40ec6e4825a,1,200,1,1
SQLi,login,2,c1efd93a0ce6dbfb,0,,0,
SQLi,login,2,3a20eace9787b5ab,1,200,1,1
SQLi,login,2,235ffc6725341fa4,1,200,1,1
SQLi,login,2,74730df4ae5628b2,0,,0,
SQLi,login,2,64d7f728d420226a,1,200,1,1
SQLi,login,2,5b066a7430212668,1,200,1,1
SQLi,login,2,14fb9d7ba1cfb0d8,0,,0,
SQLi,login,2,b9161b10d587a093,0,,0,
SQLi,login,2,f6a01aa6a7a19d47,1,200,1,1
SQLi,login,2,491c50b7ad0aaed3,0,,0,
SQLi,login,2,ce6b4433eda2e55d,1,200,1,1
SQLi,login,2,e77dfe82df2df7f0,1,200,1,1
SQLi,login,2,d0a9c0f2d22f5a60,1,200,1,1
SQLi,login,2,0886d48d41af2311,1,200,1,1
SQLi,login,2,5c5025c7d48707da,1,200,1,1
SQLi,login,2,d8b1356da3ff8c23,1,200,1,1
SQLi,login,2,84fa058e9e441f4a,1,200,1,1
SQLi,login,2,9ffd387941bfcb6d,0,,0,
SQLi,login,2,3b56211dfc353a12,1,200,1,1
SQLi,login,2,5cb169213f7f5011,1,200,1,1
SQLi,login,2,2bbc206d78bd1e0b,1,200,1,1
SQLi,login,2,66c67f22aa4090dc,1,200,1,1
SQLi,login,2,976e730289bdcec1,0,,0,
SQLi,login,2,60f4138838d6b669,1,200,1,1
SQLi,login,2,bfd1741ef9758539,1,200,1,1
SQLi,login,2,b8e23aa6ab219307,1,200,1,1
SQLi,login,2,cb77f0c7f498f752,1,200,1,1
SQLi,login,2,e2c88cce6d53c1d5,1,200,1,1
SQLi,login,2,ae80fcfe41267be4,1,200,1,1
SQLi,login,2,f9fce60fa74d05df,1,200,1,1
SQLi,login,2,76dcd4d9a9e52221,0,,0,
SQLi,login,2,b7e37f71dc9f08c9,1,200,1,1
SQLi,login,2,428963483b66c5e0,0,,0,
SQLi,login,2,f12e27914197c8cf,0,,0,
SQLi,login,2,69f3591c7878fd08,0,,0,
SQLi,login,2,a840368e83acfa7f,1,200,1,1
SQLi,login,2,ef4d80f0c6b7c1d5,1,200,1,1
SQLi,login,2,9f9b2064083a2052,1,200,1,1
SQLi,login,2,6d7bbbb89828e465,1,200,1,1
SQLi,login,2,c07faa793cd758ff,1,200,1,1
SQLi,login,2,d0a7663d70a733cd,1,200,1,1
SQLi,login,2,5382ff0f43df39e7,1,200,1,1
SQLi,login,2,083631a08331f57a,0,,0,
SQLi,login,2,6636eaba2b197662,0,,0,
SQLi,login,2,5668dc5be269634a,1,200,1,1
SQLi,login,2,c276f938e0759326,1,200,1,1
SQLi,login,2,ad4fb1b0e7dfca32,1,200,1,1
SQLi,login,2,9034eee4a8642ec4,1,200,1,1
SQLi,login,2,234b4ff8e75751fd,1,200,1,1
SQLi,login,2,d0a94546e1500ad8,1,200,1,1
SQLi,login,2,f32d75813990f3a0,1,200,1,1
SQLi,login,2,10b3d85df445a1e6,1,200,1,1
SQLi,login,2,af36e142eba95783,1,200,1,1
SQLi,login,2,86dd7d16797aa3d0,1,200,1,1
SQLi,login,2,51e563c03bc8eb6a,1,200,1,1
SQLi,login,2,ae02cd868369f602,1,200,1,1
SQLi,login,2,1735964be5b4de33,1,200,1,1
SQLi,login,2,9588cefe5d44e3f3,1,200,1,1
SQLi,login,2,3c6d19ee05c8b811,1,200,1,1
SQLi,login,2,90f5960a505596f5,1,200,1,1
SQLi,login,2,c429e21d6773f3b1,1,200,1,1
SQLi,login,2,93e1acaa23aa8ceb,1,200,1,1
SQLi,login,2,697d98964c815b8d,1,200,1,1
SQLi,login,2,8bd35e0f6e63db01,1,200,1,1
SQLi,login,2,8cfaf72c20ec6cb4,1,200,1,1
SQLi,login,2,3390b3159459e6e6,1,200,1,1
SQLi,login,2,2cc42ff0190435ad,1,200,1,1
SQLi,login,2,f00d2d0accd071d0,1,200,1,1
SQLi,login,2,2582c5ad1a45db80,1,200,1,1
SQLi,login,2,9ce8baedcad2c4c7,1,200,1,1
SQLi,login,2,449cbfc23759ca87,1,200,1,1
SQLi,login,2,245f9a6fd9b9c649,1,200,1,1
SQLi,login,2,263b63d135cecedb,1,200,1,1
SQLi,login,2,64c62c9fe438bd0a,1,200,1,1
SQLi,login,2,a6297dcd35467295,1,200,1,1
SQLi,login,2,9cb95dfd555c8ec7,1,200,1,1
SQLi,login,2,c4ede920e1fc472c,1,200,1,1
SQLi,login,2,e1f59f1d39462ffc,1,200,1,1
SQLi,login,2,7e4e48cbbca7d81d,1,200,1,1
SQLi,login,2,9baedddd53e6d0ca,1,200,1,1
SQLi,login,2,0b1c7134c9936030,1,200,1,1
SQLi,login,2,b742d016074bebf0,1,200,1,1
SQLi,login,2,9c1d8a192d8d6370,1,200,1,1
SQLi,login,2,90255c178bc8464b,1,200,1,1
SQLi,login,2,cf0f48f263af2315,1,200,1,1
SQLi,login,2,4e6b133928953b92,1,200,1,1
SQLi,login,2,49a403bfe6f421fd,1,200,1,1
SQLi,login,2,1c219b2988381c30,1,200,1,1
SQLi,login,2,203e9ff1a6feb0c1,1,200,1,1
SQLi,login,2,8e760d414b27f0a5,1,200,1,1
SQLi,login,2,76f3610e0c5e3da3,1,200,1,1
SQLi,login,2,983ccc57e212fdd0,0,,0,
SQLi,login,2,df8b1e11894f6b4e,1,200,1,1
SQLi,login,2,308fef929e0c3868,1,200,1,1
SQLi,login,2,8f41c959d7a8a417,1,200,1,1
SQLi,login,2,d57fb154f7ab6ad2,1,200,1,1
SQLi,login,2,616d707e00392eeb,1,200,1,1
SQLi,login,2,73e1414ec8401509,1,200,1,1
SQLi,login,2,272c576b3f9635bb,1,200,1,1
SQLi,login,2,cb4a4854028ff9c9,1,200,1,1
SQLi,login,2,78a39a4b6815d25a,1,200,1,1
SQLi,login,2,45d5995876ff7430,1,200,1,1
SQLi,login,2,87955d1a9778a30e,1,200,1,1
SQLi,login,2,b273e7849eacdde3,1,200,1,1
SQLi,login,2,537396c9b6cfe4ae,1,200,1,1
SQLi,login,2,2e9ce9e14349aa15,1,200,1,1
SQLi,login,2,70ba598db3aa7083,1,200,1,1
SQLi,login,2,78ecf7ab3bcec383,1,200,1,1
SQLi,login,2,dc6a439c57348e81,1,200,1,1
SQLi,login,2,d27b9f9f83fa8e61,1,200,1,1
SQLi,login,2,65aa5bc4ef07c2bb,1,200,1,1
SQLi,login,2,368b56e3504abb7a,1,200,1,1
SQLi,login,2,c6959112b9a8915f,1,200,1,1
SQLi,login,2,7dd521ad4109d74d,1,200,1,1
SQLi,login,2,fbc11bd173fb6aa3,1,200,1,1
SQLi,login,2,e973bad053703399,1,200,1,1
SQLi,login,2,2cb73cf002120e9d,0,,0,
SQLi,login,2,b38619ba18fdc338,1,200,1,1
SQLi,login,2,dd3fac1ac37d066d,1,200,1,1
SQLi,login,2,037f065aee752e5d,1,200,1,1
SQLi,login,2,424f8f200d9f47de,1,200,1,1
SQLi,login,2,359d84c7582ecc35,1,200,1,1
SQLi,login,2,e59882bb7d097971,1,200,1,1
SQLi,login,2,1836b4b8355a8ddd,1,200,1,1
SQLi,login,2,7ddec0909ddb4305,1,200,1,1
SQLi,login,2,f48828aac09ae9b7,1,200,1,1
SQLi,login,2,ee768144cd5e19b9,1,200,1,1
SQLi,login,2,04477f00163cb149,1,200,1,1
SQLi,login,2,3d94a1e3e881edc2,0,,0,
SQLi,login,2,e4d89b51c28fee51,1,403,0,
SQLi,login,2,8c501173cabeb843,0,,0,
SQLi,login,2,eec37a0b55bb3bdb,0,,0,
SQLi,login,2,e294beaa7a99fb07,0,,0,
SQLi,login,2,00b031e9e715e09a,0,,0,
SQLi,login,2,081be599570494a1,1,200,1,1
SQLi,login,2,c89469df1ea45065,1,200,1,1
SQLi,login,2,604f2ac76fc19b36,0,,0,
SQLi,login,2,6f4c8e00dafa2bfd,0,,0,
SQLi,login,2,31f6ec347e28296d,0,,0,
SQLi,login,2,a53717dd631ab213,0,,0,
SQLi,login,2,2433c1693064ab36,1,200,1,1
SQLi,login,2,3636523236fbf908,0,,0,
SQLi,login,2,52fa5243c58b7075,0,,0,
SQLi,login,2,aa6f828d699e280b,0,,0,
SQLi,login,2,ba2e5f89f8f37a72,1,200,1,1
SQLi,login,2,9a393e31e8362c49,1,200,1,1
SQLi,login,2,38eb19d2b3e8864b,1,200,1,1
SQLi,login,2,76ec0331306037da,1,200,1,1
SQLi,login,2,aed4e870e1c547d5,1,200,1,1
SQLi,login,2,b5acae4e243308bb,1,200,1,1
SQLi,login,2,42d643535be41a80,1,200,1,1
SQLi,login,2,f3cf76acd9bea8ee,1,200,1,1
SQLi,login,2,47d75e254f955f73,1,200,1,1
SQLi,login,2,124b61b37eb4a031,1,200,1,1
SQLi,login,2,8350b6b4d5b619df,1,200,1,1
SQLi,login,2,5e910f6145ed1a86,1,200,1,1
SQLi,login,2,09da51818e3dbb35,1,200,1,1
SQLi,login,2,efc8a46b8404eb0c,1,200,1,1
SQLi,login,2,c74a08e10a3af03e,1,200,1,1
SQLi,login,2,3ed819ac9c593c24,1,200,1,1
SQLi,login,2,71a8bd5d0d0ec885,1,200,1,1
SQLi,login,2,f7f935abf668ad59,1,200,1,1
SQLi,login,2,6b8e8da536025b93,1,200,1,1
SQLi,login,2,31b0c119e0450c0d,1,200,1,1
SQLi,login,2,677579928199c74a,1,200,1,1
SQLi,login,2,04a8a40115c71df5,1,200,1,1
SQLi,login,2,f75f4607ebc2d9c5,1,200,1,1
SQLi,login,2,b4c2ce6b192edcf3,1,200,1,1
SQLi,login,2,8addefcdb308b525,1,200,1,1
SQLi,login,2,9a9494ca709a9c80,1,200,1,1
SQLi,login,2,58b00837658f8455,1,200,1,1
SQLi,login,2,4d35241a70acba8a,1,200,1,1
SQLi,login,2,48ffaae4e217ccfa,1,200,1,1
SQLi,login,2,28259a1707f54432,1,200,1,1
SQLi,login,2,f527fb9ec941825b,1,200,1,1
SQLi,login,2,3575e8eda61ec0ad,1,200,1,1
SQLi,login,2,d75b1a5ba53f7c1d,1,200,1,1
SQLi,login,2,95df5b2de3f5ecdf,1,200,1,1
SQLi,login,2,e3c3fe07ca6e4bd0,1,200,1,1
SQLi,login,2,aa2196518ecedd7d,1,200,1,1
SQLi,login,2,38180166e49d59c9,1,200,1,1
SQLi,login,2,4b5ab8a4ae81c009,1,200,1,1
SQLi,login,2,353d5fdb774a462c,1,200,1,1
SQLi,login,2,075c84a54b664fb4,1,200,1,1
SQLi,login,2,a7452d8a47f4626d,1,200,1,1
SQLi,login,2,e4cedcc3c4e5911b,1,200,1,1
SQLi,login,2,494247cac9fb54fc,1,200,1,1
SQLi,login,2,6ba1f861e86d1144,1,200,1,1
SQLi,login,2,24405582ed908718,1,200,1,1
SQLi,login,2,ec9b0e71e9826760,1,200,1,1
SQLi,login,2,fd258e6060a40ffa,1,200,1,1
SQLi,login,2,f62054c95f152989,1,200,1,1
SQLi,login,2,3a525d3d0bc3035c,1,200,1,1
SQLi,login,2,99b890a343aa6013,1,200,1,1
SQLi,login,2,6b31788306a7be56,1,200,1,1
SQLi,login,2,7eed08b5c398aaa3,1,200,1,1
SQLi,login,2,bf5dcbc6a9b6cdbb,1,200,1,1
SQLi,login,2,54fe7b86d252cba3,1,200,1,1
SQLi,login,2,25e4e9d6d1bb9981,1,200,1,1
SQLi,login,2,51cf526ae02467f6,1,200,1,1
SQLi,login,2,b8f86dc7315c6e67,1,200,1,1
SQLi,login,2,fc1146b08483aa8d,1,200,1,1
SQLi,login,2,3e9795a7bb019f19,1,200,1,1
SQLi,login,2,98beb64f8dbd998f,1,200,1,1
SQLi,login,2,d38502e29493b55d,1,200,1,1
SQLi,login,2,deedc81664e105dd,1,200,1,1
SQLi,login,2,77eb108784d222ab,1,200,1,1
SQLi,login,2,7b66f7735471664c,1,200,1,1
SQLi,login,2,0c3339e35428960f,1,200,1,1
SQLi,login,2,107863e43424df1b,1,200,1,1
SQLi,login,2,4dd107a3d826b085,1,200,1,1
SQLi,login,2,6a39255840a72366,1,200,1,1
SQLi,login,2,abcf8ec2077b051f,1,200,1,1
SQLi,login,2,75e8c323a76046dc,1,200,1,1
SQLi,login,2,e32c4f182cd3a174,1,200,1,1
SQLi,login,2,aa5105316d603d05,1,200,1,1
SQLi,login,2,73fa8c98cd787390,1,200,1,1
SQLi,login,2,7e236ecbc079d82e,1,200,1,1
SQLi,login,2,4271b22e95782eea,1,200,1,1
SQLi,login,2,50e411ced834b8be,1,200,1,1
SQLi,login,2,2e78bccf5767558d,1,200,1,1
SQLi,login,2,22d03467d76adb17,1,200,1,1
SQLi,login,2,295e2ab773b58337,1,200,1,1
SQLi,login,2,b3d2a9b80b9d2dc8,1,200,1,1
SQLi,login,2,584e720d295310b6,1,200,1,1
SQLi,login,2,37d90ea70a5b8de6,1,200,1,1
SQLi,login,2,1ffec79c976f2604,1,200,1,1
SQLi,login,2,77b11d5b1d195dce,1,200,1,1
SQLi,login,2,f3049b1a9b8b20a7,1,200,1,1
SQLi,login,2,c3f18f1ebb1fa0e8,1,200,1,1
SQLi,login,2,3b412e8a8e2f51d2,1,200,1,1
SQLi,login,2,967ff0625e6240db,1,200,1,1
SQLi,login,2,4029959d6fb1d5c4,1,200,1,1
SQLi,login,2,e070975c406f3637,1,200,1,1
SQLi,login,2,bb5bfc40d300548c,1,200,1,1
SQLi,login,2,0628a7303fce4cf0,1,200,1,1
SQLi,login,2,4353c63decb965e4,1,200,1,1
SQLi,login,2,a0be1fd580254206,1,200,1,1
SQLi,login,2,a230382df588743a,0,,0,
SQLi,login,2,c2bb9abcd81add9d,1,200,1,1
SQLi,login,2,3af62d9c5d5818d6,1,200,1,1
SQLi,login,2,5f337019fc4a62d9,1,200,1,1
SQLi,login,2,527e3d02e2a327ef,0,,0,
SQLi,login,2,84bf6714ff87cb7a,0,,0,
SQLi,login,2,e9ffe2abe289d24e,1,200,1,1
SQLi,login,2,c781c6a905b046c0,1,200,1,1
SQLi,login,2,49981e311824518f,1,200,1,1
SQLi,login,2,50a2c11008b6142c,1,200,1,1
SQLi,login,2,ed95f56423b0d75b,1,200,1,1
SQLi,login,2,49c9432171831287,1,200,1,1
SQLi,login,2,43c21e222563d565,1,200,1,1
SQLi,login,2,cf1f467803b9eb01,1,200,1,1
SQLi,login,2,9d2751b87abc860d,1,200,1,1
SQLi,login,2,4f0217d3ab509987,1,200,1,1
SQLi,login,2,6f5e9135d900d18f,1,200,1,1
SQLi,login,2,a6ae47f112cfb3e1,1,200,1,1
SQLi,login,2,3edf31d30e8eb1cd,1,200,1,1
SQLi,login,2,a57449283ca89353,1,200,1,1
SQLi,login,2,0b3ea00076cd03a4,1,200,1,1
SQLi,login,2,f4cdd2448c9d1c81,1,200,1,1
SQLi,login,2,6b64ae0be391b60f,1,200,1,1
SQLi,login,2,9ab34552739e20e6,1,200,1,1
SQLi,login,2,555bd5abccb5dad1,1,200,1,1
SQLi,login,2,e11ced9d2aa8d20c,1,200,1,1
SQLi,login,2,c5541c278d67d51c,1,200,1,1
SQLi,login,2,29987e6a3a300e5c,1,200,1,1
SQLi,login,2,9858735989bebc42,1,200,1,1
SQLi,login,2,6e32f7318030d70e,1,200,1,1
SQLi,login,2,1e522c1ab5d34266,1,200,1,1
SQLi,login,2,b626b351cb66493e,1,200,1,1
SQLi,login,2,9e6ec0622404d649,1,200,1,1
SQLi,login,2,699ac0690b0de361,1,200,1,1
SQLi,login,2,44aa98473d04358d,1,200,1,1
SQLi,login,2,769d8216af18cbca,1,200,1,1
SQLi,login,2,7e1c1eb7204b16d0,1,200,1,1
SQLi,login,2,996edcb27095e69c,1,200,1,1
SQLi,login,2,75a894c35897952c,1,200,1,1
SQLi,login,2,be17111997b21f31,1,200,1,1
SQLi,login,2,b3a444c8a58a66b2,1,200,1,1
SQLi,login,2,cb89fa295ce7bcf3,1,200,1,1
SQLi,login,2,0c0a23f33be029dd,1,200,1,1
SQLi,login,2,bbc0eb5163d17780,1,200,1,1
SQLi,login,2,5b7b24f1452e5a43,1,403,0,
SQLi,login,2,21ecc0e9a9a817c7,1,200,1,1
SQLi,login,2,8016e02cbff2cc99,1,200,1,1
SQLi,login,2,92d3260af8723f2d,1,200,1,1
SQLi,login,2,643e2246684a33b0,1,200,1,1
SQLi,login,2,8a656f97ff5ff73b,1,200,1,1
SQLi,login,2,d6fedb9f56282bf0,1,403,0,
SQLi,login,2,1518aa7939350279,1,200,1,1
SQLi,login,2,5033de5449572bbb,1,200,1,1
SQLi,login,2,5a0a0f085c0435df,1,200,1,1
SQLi,login,2,98340d7ba6b62d39,1,200,1,1
SQLi,login,2,7e3365e573100a1f,1,200,1,1
SQLi,login,2,fc27d9346c2aeff1,1,200,1,1
SQLi,login,2,fb52b5f7116b5421,1,200,1,1
SQLi,login,2,18311b9538f9e8e7,1,200,1,1
SQLi,login,2,3d90d5ce3d2d6f7c,1,200,1,1
SQLi,login,2,74c6167e6ce96c4f,1,200,1,1
SQLi,login,2,bad17c166e4e1b5d,1,200,1,1
SQLi,login,2,9387a8683b75b294,1,200,1,1
SQLi,login,2,7cd0a38f568df3e5,1,200,1,1
SQLi,login,2,a0445c6fd474d22f,1,200,1,1
SQLi,login,2,41e3f1c4af57638a,1,200,1,1
SQLi,login,2,7c10b1be4fafb4d8,1,200,1,1
SQLi,login,2,295335b8e49bacea,1,200,1,1
SQLi,login,2,14e652cc8550d2fb,1,200,1,1
SQLi,login,2,95242a7e46e790c5,1,200,1,1
SQLi,login,2,aaad0fb7ec6a9b37,1,200,1,1
SQLi,login,2,faf24fd978b3b03a,1,200,1,1
SQLi,login,2,4b22ba61ff26a12c,1,200,1,1
SQLi,login,2,10ca4ba3f550fa35,1,200,1,1
SQLi,login,2,d041241e559570ba,1,200,1,1
SQLi,login,2,761ef0c67e61a5bb,1,200,1,1
SQLi,login,2,b170aaabc2c5a5f2,1,200,1,1
SQLi,login,2,68276cacfa8c395c,1,200,1,1
SQLi,login,2,6650976d3b2c1102,1,200,1,1
SQLi,login,2,62190f51304aca0d,1,200,1,1
SQLi,login,2,4f79d6e51ad8e177,1,200,1,1
SQLi,login,2,b05396d312048de0,1,200,1,1
SQLi,login,2,b7ab3faefa8253c3,1,200,1,1
SQLi,login,2,88958c0e7b79c399,1,200,1,1
SQLi,login,2,0e3f380fa2ede073,1,200,1,1
SQLi,login,2,c0b1c05c3a6b4f46,1,200,1,1
SQLi,login,2,c59f7abf9a0c7d83,1,200,1,1
SQLi,login,2,0e01231c4ce63426,1,200,1,1
SQLi,login,2,310e15dbb45b6084,1,200,1,1
SQLi,login,2,ccd1d36bac361014,1,200,1,1
SQLi,login,2,2a4019032f6d5290,1,200,1,1
SQLi,login,2,162366fc6f733e27,1,200,1,1
SQLi,login,2,ad3510ae1d354d39,1,200,1,1
SQLi,login,2,7df128bde7758e90,1,200,1,1
SQLi,login,2,2ecb6767c81b9b5c,1,200,1,1
SQLi,login,2,ca771e7f683df25a,0,,0,
SQLi,login,2,f4b30e360b71ef5e,1,200,1,1
SQLi,login,2,38b3b0aefa337e77,1,200,1,1
SQLi,login,2,e869c899a50bdfa3,1,200,1,1
SQLi,login,2,cc7da1fca3e7e30c,1,200,1,1
SQLi,login,2,69b3579f4bafb497,1,200,1,1
SQLi,login,2,feb008c2a052d474,1,200,1,1
SQLi,login,2,6eb2ca739026cde9,1,200,1,1
SQLi,login,2,b00373dea8f3176a,1,200,1,1
SQLi,login,2,6ae76753e286fd69,1,200,1,1
SQLi,login,2,294567b820808b70,1,200,1,1
SQLi,product,2,1c3c30fc7aa6eed2,1,200,1,1
SQLi,product,2,c3bcfc98ca6627a0,1,200,1,1
SQLi,product,2,ec5545b85fd6b87f,1,200,1,1
SQLi,product,2,72243ba7294d4351,1,200,1,1
SQLi,product,2,8a7513ef877c7029,1,200,1,1
SQLi,product,2,32303042df6d4ee4,1,200,1,1
SQLi,product,2,4e0142b11af0c017,1,200,1,1
SQLi,product,2,535500c2af91e4b4,1,200,1,1
SQLi,product,2,b71aa02e52a96530,1,200,1,1
SQLi,product,2,8ea3742b6ddebb45,1,200,1,1
SQLi,product,2,239ae070afb6a448,1,200,1,1
SQLi,product,2,6ddaa28414fe8a4e,1,200,1,1
SQLi,product,2,0299c7a4d534df86,1,200,1,1
SQLi,product,2,e4b6f6554abc6b61,1,200,1,1
SQLi,product,2,4d98479a3cddcb84,1,200,1,1
SQLi,product,2,911dd6be9a3f213a,1,200,1,1
SQLi,product,2,acc226055776e138,1,200,1,1
SQLi,product,2,3d386898fa11249c,1,200,1,1
SQLi,product,2,0addb1c32c1e387b,1,200,1,1
SQLi,product,2,90ba614703f74150,1,200,1,1
SQLi,product,2,81e8a9925baac93e,1,200,1,1
SQLi,product,2,c97d97977fd84781,1,200,1,1
SQLi,product,2,08af50c0b662636e,1,200,1,1
SQLi,product,2,d6da5857c0eec404,1,200,1,1
SQLi,product,2,b2855563c5b9d314,1,200,1,1
SQLi,product,2,86862cf6a261aaf1,1,200,1,1
SQLi,product,2,b5a4d1f95caeafaa,1,200,1,1
SQLi,product,2,1602f8f546f0e18b,1,200,1,1
SQLi,product,2,5dc8c028e4538c8e,1,200,1,1
SQLi,product,2,829aa06047a9b1f0,1,200,1,1
SQLi,product,2,a2de5cfd63b1319c,1,200,1,1
SQLi,product,2,a4e3b501b79906c0,1,200,1,1
SQLi,product,2,67beb157a316b835,1,200,1,1
SQLi,product,2,797e516cb317e0ee,1,200,1,1
SQLi,product,2,675e4c553c524362,1,200,1,1
SQLi,product,2,a6d4383565d1fa48,1,200,1,1
SQLi,product,2,0d05d8e8b3f105c6,1,200,1,1
SQLi,product,2,cb5c8febf338f3f6,1,200,1,1
SQLi,product,2,f8fae9197e9c6714,0,,0,
SQLi,product,2,b14a902cf5ffec32,0,,0,
SQLi,product,2,ac09be5fa0a936da,1,200,1,1
SQLi,product,2,805137b66da94f29,0,,0,
SQLi,product,2,2613f43da609d2bf,0,,0,
SQLi,product,2,c26fb8ef3cc508db,0,,0,
SQLi,product,2,c299404375f9324e,1,200,1,1
SQLi,product,2,27c713f323016455,1,200,1,1
SQLi,product,2,5d938f47f09c05cc,1,200,1,1
SQLi,product,2,877fc6b8bdbf2c15,1,200,1,1
SQLi,product,2,633ebaa58d28a9b0,1,200,1,1
SQLi,product,2,5ceb6abdfcee1b00,1,200,1,1
SQLi,product,2,ac7243af15ae9f78,1,200,1,1
SQLi,product,2,2921debd82d4fe4d,1,200,1,1
SQLi,product,2,de21e662bd887713,1,200,1,1
SQLi,product,2,d66cfbef27f4224d,1,200,1,1
SQLi,product,2,61ec7a3d78907cce,1,200,1,1
SQLi,product,2,0fa975e715922548,1,200,1,1
SQLi,product,2,f3332aabac9ee38f,1,200,1,1
SQLi,product,2,d937dea32cd5fbbb,1,200,1,1
SQLi,product,2,475a155701b3b884,1,200,1,1
SQLi,product,2,b72990009d04d1e8,1,200,1,1
SQLi,product,2,a225c4521ca29132,1,200,1,1
SQLi,product,2,c7853e7bd4cc264d,1,200,1,1
SQLi,product,2,9e9fc06f7c044e9b,1,200,1,1
SQLi,product,2,bbfd69e4f7ceb2dc,1,200,1,1
SQLi,product,2,f926a9dd8dad8b8b,1,200,1,1
SQLi,product,2,ae442152c1273b4f,1,200,1,1
SQLi,product,2,5530fadb5f89b7e6,1,200,1,1
SQLi,product,2,82786b84010afce7,1,200,1,1
SQLi,product,2,781a6d074a742432,1,200,1,1
SQLi,product,2,2431c51f126938ad,1,200,1,1
SQLi,product,2,e95d23aeb1bdbc75,1,200,1,1
SQLi,product,2,4954b7d994e66812,1,200,1,1
SQLi,product,2,52c58d6f208fc1f6,1,200,1,1
SQLi,product,2,b9cfffd8c35f5c38,1,200,1,1
SQLi,product,2,7ad9caa7eefed237,1,200,1,1
SQLi,product,2,c59c884cc7ead497,1,200,1,1
SQLi,product,2,2bcc8a0793836d7b,1,200,1,1
SQLi,product,2,96f6d99d5a3d7ddf,1,200,1,1
SQLi,product,2,784eaf83c33017e7,1,200,1,1
SQLi,product,2,f059f694f13c5b98,1,200,1,1
SQLi,product,2,2429c7f6a2ee7b20,1,200,1,1
SQLi,product,2,89ec81b64d369ca2,1,200,1,1
SQLi,product,2,474b7269c70fe548,1,200,1,1
SQLi,product,2,04e09ee1c4c62f6c,1,200,1,1
SQLi,product,2,91c6f1b37081cec3,1,200,1,1
SQLi,product,2,e703c799f36eb206,1,200,1,1
SQLi,product,2,e9fb4186babf8376,1,200,1,1
SQLi,product,2,8e7a3d16f37ebb7f,0,,0,
SQLi,product,2,3094823f9de2cf59,1,200,1,1
SQLi,product,2,3c53bdbe5066adf3,1,200,1,1
SQLi,product,2,f09f163080ff31f1,1,200,1,1
SQLi,product,2,2ab03adf920b4d1f,1,200,1,1
SQLi,product,2,f1b1e71ec7a49ad1,1,200,1,1
SQLi,product,2,0fd73a1c4d9230e6,1,200,1,1
SQLi,product,2,c2bb1458823dbf9a,1,200,1,1
SQLi,product,2,0a34303ea4ca2df5,1,200,1,1
SQLi,product,2,d7a2724de82fbce8,0,,0,
SQLi,product,2,8acf9b67c50224a7,1,200,1,1
SQLi,product,2,d065a5e021083a8b,1,200,1,1
SQLi,product,2,1863459332987323,1,200,1,1
SQLi,product,2,3f9b59a0e1e077b1,1,200,1,1
SQLi,product,2,de52bb61bf1be0f9,1,200,1,1
SQLi,product,2,008caec00ac26950,1,200,1,1
SQLi,product,2,ef1fee2956c5557d,1,200,1,1
SQLi,product,2,c72e12e89a84b9be,1,200,1,1
SQLi,product,2,0efc8c92f5cff96e,1,200,1,1
SQLi,product,2,d9c4e111dae7cf5e,1,200,1,1
SQLi,product,2,5ba92055001be69f,1,200,1,1
SQLi,product,2,207c29b10dd2c1bc,1,200,1,1
SQLi,product,2,efe65f31efd1aee1,1,200,1,1
SQLi,product,2,de0fe78557eec724,1,200,1,1
SQLi,product,2,ad715c25f3c31f79,1,200,1,1
SQLi,product,2,38fa1512b4858b5a,1,200,1,1
SQLi,product,2,79a33f0339e9050e,1,200,1,1
SQLi,product,2,b6f89999e8ae47dc,1,200,1,1
SQLi,product,2,6a2e477f1c119312,1,200,1,1
SQLi,product,2,e4b29f53a1e762eb,1,200,1,1
SQLi,product,2,7996dfaa02ba513c,1,200,1,1
SQLi,product,2,252c02d40b2a98e1,1,200,1,1
SQLi,product,2,e4276006c946cdaf,1,200,1,1
SQLi,product,2,15e10163dd5e58fb,1,200,1,1
SQLi,product,2,a954eb1b6c604554,1,200,1,1
SQLi,product,2,3d29e70e6be824b0,1,200,1,1
SQLi,product,2,ea6e5afcc03bb6ce,1,200,1,1
SQLi,product,2,35d4809afabd08c0,1,200,1,1
SQLi,product,2,9fafee6af6ee43bc,1,200,1,1
SQLi,product,2,2e167ff2f6da042c,1,200,1,1
SQLi,product,2,e58e695995cc77c2,1,200,1,1
SQLi,product,2,7fe51b9db92e3243,1,200,1,1
SQLi,product,2,e82a66b856d69f98,1,200,1,1
SQLi,product,2,54754884eb2e1417,1,200,1,1
SQLi,product,2,4faa38349cdaf29c,1,200,1,1
SQLi,product,2,76c45145a8c95c09,1,200,1,1
SQLi,product,2,8413847da1552fa6,1,200,1,1
SQLi,product,2,d0aaa09fe28ef9b2,1,200,1,1
SQLi,product,2,7d3c3550cbbc8798,1,200,1,1
SQLi,product,2,0f010820a4a67d81,1,200,1,1
SQLi,product,2,3139b5bbff18c95c,1,200,1,1
SQLi,product,2,5ee80d38cc4f0f14,0,,0,
SQLi,product,2,e8fa67221d702c8b,1,200,1,1
SQLi,product,2,93a075495d94b6f3,0,,0,
SQLi,product,2,6931923af5c3db4e,1,200,1,1
SQLi,product,2,eaaa8b70ba67b17b,1,200,1,1
SQLi,product,2,d4a3e24e6dbf8ea7,1,200,1,1
SQLi,product,2,eb8ea18d7b9edbdc,0,,0,
SQLi,product,2,45741788efb825c9,1,200,1,1
SQLi,product,2,f1ca6d02251406e6,1,200,1,1
SQLi,product,2,2bf8ee6b1df4480a,1,200,1,1
SQLi,product,2,77b5038fec1b8174,1,200,1,1
SQLi,product,2,c81b75687803756f,1,200,1,1
SQLi,product,2,f89cdc6b914b7196,1,200,1,1
SQLi,product,2,f5c236fab38957de,1,200,1,1
SQLi,product,2,61aec73b4e31e630,1,200,1,1
SQLi,product,2,2e968518317c126a,1,200,1,1
SQLi,product,2,88cbdb5ce57e8224,1,200,1,1
SQLi,product,2,14356c6bed29bd04,1,200,1,1
SQLi,product,2,848b093b0d34dfb7,1,200,1,1
SQLi,product,2,a42172bcf4b6bcc2,1,200,1,1
SQLi,product,2,4ca97ab616ef2fa1,1,200,1,1
SQLi,product,2,575746fdebef9784,1,200,1,1
SQLi,product,2,da8ae33b2dcbd69f,1,200,1,1
SQLi,product,2,4647e0ffb967f9ef,1,200,1,1
SQLi,product,2,eb3f0835b9438707,1,200,1,1
SQLi,product,2,42af2bcdac4456a4,1,200,1,1
SQLi,product,2,eaf6f4d6a60be861,1,200,1,1
SQLi,product,2,25cbdb9a12a2ae36,1,200,1,1
SQLi,product,2,53e90fa1fe21091d,1,200,1,1
SQLi,product,2,273dd9ce790fe978,1,200,1,1
SQLi,product,2,78890f838a37a9c3,1,200,1,1
SQLi,product,2,696a217578ad2e7b,1,200,1,1
SQLi,product,2,b038063b3e6c4496,1,200,1,1
SQLi,product,2,ce57d747a1de683e,1,200,1,1
SQLi,product,2,d7bd8adba2e16aa9,1,200,1,1
SQLi,product,2,0acfc4a808f2b895,1,200,1,1
SQLi,product,2,446797d3326ed6a1,1,200,1,1
SQLi,product,2,63dd814704e6c38e,1,200,1,1
SQLi,product,2,929239fccf4c80a6,1,200,1,1
SQLi,product,2,4843f5bb2a1b6401,1,200,1,1
SQLi,product,2,79408cce8fc3c2fc,1,200,1,1
SQLi,product,2,3d5b2dcff2b1292f,1,200,1,1
SQLi,product,2,718e065488c6871e,1,200,1,1
SQLi,product,2,adc48a3b6086f3e5,1,200,1,1
SQLi,product,2,7938a2d5e8b675fe,0,,0,
SQLi,product,2,d6854d734cc355ce,1,200,1,1
SQLi,product,2,2563546a000c5cf8,1,200,1,1
SQLi,product,2,84ca89b48d6f4a75,1,200,1,1
SQLi,product,2,3182392c58122f6c,0,,0,
SQLi,product,2,0e09d855e9bcadf6,1,200,1,1
SQLi,product,2,09693131c842622d,1,200,1,1
SQLi,product,2,8c9a93f0719b635e,1,200,1,1
SQLi,product,2,d8ae383995f49f18,1,200,1,1
SQLi,product,2,92e2167bc489d2df,0,,0,
SQLi,product,2,a6f3c98a8b5f83dd,1,200,1,1
SQLi,product,2,389a4d0405476769,1,200,1,1
SQLi,product,2,bba6e1c50b780b78,1,200,1,1
SQLi,product,2,b851a5f2bdb76fcc,0,,0,
SQLi,product,2,85b3ca15e3d92bcb,1,200,1,1
SQLi,product,2,4b608373138f01cb,1,200,1,1
SQLi,product,2,4d1cfd4c7daa4ffb,1,200,1,1
SQLi,product,2,2801e6e82a23a8c5,1,200,1,1
SQLi,product,2,a3c3a65a04d7fb85,1,200,1,1
SQLi,product,2,607c31a96b93fba5,1,200,1,1
SQLi,product,2,965aa1b7dedddfc5,1,200,1,1
SQLi,product,2,48be67ce551dad39,1,200,1,1
SQLi,product,2,1ea2af2fe306767d,1,200,1,1
SQLi,product,2,e6cc59a39052008c,1,403,0,
SQLi,product,2,4ae46728ffa128c8,1,200,1,1
SQLi,product,2,69933935fe5325f3,1,200,1,1
SQLi,product,2,b715a170d62f79c6,1,200,1,1
SQLi,product,2,1c5eb167b5abb8a0,1,200,1,1
SQLi,product,2,22e39f2b401dd3ee,0,,0,
SQLi,product,2,45eb54450303ac2b,0,,0,
SQLi,product,2,88e4dababdb8ed5d,1,200,1,1
SQLi,product,2,5c7a1481fd414df0,1,200,1,1
SQLi,product,2,c8c44bd119960982,1,200,1,1
SQLi,product,2,01ae798be555f739,1,200,1,1
SQLi,product,2,dc04394225d68b5a,1,200,1,1
SQLi,product,2,50d911629012da8f,1,200,1,1
SQLi,product,2,03f485b5caec37fc,1,200,1,1
SQLi,product,2,f750f9f1a9b05f4b,1,200,1,1
SQLi,product,2,5241b519fc2859cf,1,200,1,1
SQLi,product,2,9d36b6c7434509ec,1,200,1,1
SQLi,product,2,db95e3a08be18f40,1,200,1,1
SQLi,product,2,a826f4bea097a36d,1,200,1,1
SQLi,product,2,927b365601994bf6,1,200,1,1
SQLi,product,2,da758f8610a17fe6,1,200,1,1
SQLi,product,2,d33f99bb79884f84,1,200,1,1
SQLi,product,2,812b46c32e593bea,1,200,1,1
SQLi,product,2,11af02ad3edd8b71,1,200,1,1
SQLi,product,2,c996d9a875dd6b41,1,200,1,1
SQLi,product,2,e7c674637dbaed94,1,200,1,1
SQLi,product,2,7d5f814f9c65e7fe,1,200,1,1
SQLi,product,2,85a9c652d860af50,1,200,1,1
SQLi,product,2,535c3f0dadb83871,1,200,1,1
SQLi,product,2,6b16dbd08382384b,1,200,1,1
SQLi,product,2,4fb454b52e902611,1,200,1,1
SQLi,product,2,a2f836a6ab8a9e65,1,200,1,1
SQLi,product,2,0c93916e0d3aa30f,1,200,1,1
SQLi,product,2,2e4ccf074b313752,1,200,1,1
SQLi,product,2,582dccfd8a9aff59,1,200,1,1
SQLi,product,2,cacddeb465eb744f,1,200,1,1
SQLi,product,2,cdbf12cd475409a7,1,200,1,1
SQLi,product,2,7b1f9dfc31a2b2f0,0,,0,
SQLi,product,2,45c471a5c9f662eb,1,200,1,1
SQLi,product,2,76ea360e0672cfe5,0,,0,
SQLi,product,2,4cbe801cafd51220,1,200,1,1
SQLi,product,2,7e212c60d54bac8f,1,200,1,1
SQLi,product,2,8ce0277adfa9eba3,1,200,1,1
SQLi,product,2,895d0789da7eb0bd,1,200,1,1
SQLi,product,2,46bafad92531fbb4,0,,0,
SQLi,product,2,3feb7c73ba9db8f6,1,200,1,1
SQLi,product,2,0f06924aec43b50f,1,200,1,1
SQLi,product,2,2b56b2428dc24eb1,1,200,1,1
SQLi,product,2,2c2372a2e02e92bb,1,200,1,1
SQLi,product,2,8b5386a10a969266,1,200,1,1
SQLi,product,2,954e33a57dd5abdd,1,200,1,1
SQLi,product,2,55e8d6710d09593b,1,200,1,1
SQLi,product,2,525b57ae0ee1a7d8,0,,0,
SQLi,product,2,98ce59e5f6fe17fd,1,200,1,1
SQLi,product,2,3b4ed51887b06144,1,200,1,1
SQLi,product,2,976ff43dab12cba3,1,200,1,1
SQLi,product,2,ba2e45de58032f38,1,200,1,1
SQLi,product,2,e4fccfb9473a8324,1,200,1,1
SQLi,product,2,ebf174bc0ae259cc,1,200,1,1
SQLi,product,2,79ed24b41e07051d,1,200,1,1
SQLi,product,2,9e671a951c56155a,1,200,1,1
SQLi,product,2,1ce2cb55a5429687,1,200,1,1
SQLi,product,2,0c0ae1061f077090,1,200,1,1
SQLi,product,2,4881e44c2e12f1e0,1,200,1,1
SQLi,product,2,65a40dc4fea0144f,1,200,1,1
SQLi,product,2,52dbefab49e7cb29,0,,0,
SQLi,product,2,5295f65d52259ffd,1,200,1,1
SQLi,product,2,0cf71dcbef4b5766,1,200,1,1
SQLi,product,2,6a091dc6eb329fd2,1,200,1,1
SQLi,product,2,ae67b577aefd5c4a,1,200,1,1
SQLi,product,2,046f39f81c14f92e,1,200,1,1
SQLi,product,2,75b054f5d62dcac5,1,200,1,1
SQLi,product,2,dd7aa88af2372113,1,200,1,1
SQLi,product,2,782cea2cf7b53d61,1,200,1,1
SQLi,product,2,a904fe048c8aca67,1,200,1,1
SQLi,product,2,2649cbd34e0d0166,1,200,1,1
SQLi,product,2,d9f4fe6abf65fa04,0,,0,
SQLi,product,2,a5aa57b2141c953d,1,200,1,1
SQLi,product,2,dc0de7a4ab862db4,1,200,1,1
SQLi,product,2,c42c6375d15bf4ef,1,200,1,1
SQLi,product,2,616f9701f02db076,1,200,1,1
SQLi,product,2,bf202a0041dc2c51,1,200,1,1
SQLi,product,2,ba0ac96fe8647170,1,200,1,1
SQLi,product,2,086bcfcfa912b196,1,200,1,1
SQLi,product,2,becfec0e1194b7a7,1,200,1,1
SQLi,product,2,8d5ce817199edc3f,1,200,1,1
SQLi,product,2,880cc3a7484b2fe4,1,200,1,1
SQLi,product,2,9ad7bfb9a4691edb,0,,0,
SQLi,product,2,8f28cdf94e1c1fc4,1,200,1,1
SQLi,product,2,9d7faed349df38b1,1,200,1,1
SQLi,product,2,c46dd21c729d0ead,1,200,1,1
SQLi,product,2,a314c34e7441f33c,1,200,1,1
SQLi,product,2,5b5a42ab79a3811c,0,,0,
SQLi,product,2,1571688f1649e449,1,200,1,1
SQLi,product,2,2fc391dde731b564,1,200,1,1
SQLi,product,2,6cf1dd224cccc330,1,200,1,1
SQLi,product,2,649d5a6fa3530962,1,200,1,1
SQLi,product,2,6a1c4b2dfffb2bf2,1,200,1,1
SQLi,product,2,faecf4c3b06ff942,1,200,1,1
SQLi,product,2,34f00d22675cf976,1,200,1,1
SQLi,product,2,513d55773e8d70d2,1,200,1,1
SQLi,product,2,3b6de553e960f855,1,200,1,1
SQLi,product,2,40ec0520e3701abf,1,200,1,1
SQLi,product,2,80fda73ce0481f0f,1,200,1,1
SQLi,product,2,2624c76116edfa1b,1,200,1,1
SQLi,product,2,1fbc708603fa0173,1,200,1,1
SQLi,product,2,96c0fc676a42e263,1,200,1,1
SQLi,product,2,c49d807c228ec9bf,1,200,1,1
SQLi,product,2,d7514a768b13ae5e,1,200,1,1
SQLi,product,2,89fb36ef875c3a64,1,200,1,1
SQLi,product,2,e2d6cd1e0e248d1c,1,200,1,1
SQLi,product,2,88130b023e2bb708,1,200,1,1
SQLi,product,2,2af3b6c1b78872bd,1,200,1,1
SQLi,product,2,51e574e455450f09,1,403,0,
SQLi,product,2,73301353677970ab,1,200,1,1
SQLi,product,2,c79849b53a592117,1,200,1,1
SQLi,product,2,4e99c62557f42d2a,1,200,1,1
SQLi,product,2,1dd946bc15d715fd,1,200,1,1
SQLi,product,2,f5eccd7fe10abce9,1,200,1,1
SQLi,product,2,1f9f3d56c6325a6f,1,200,1,1
SQLi,product,2,f355c883f59b3f74,1,200,1,1
SQLi,product,2,7e9a314daf5d15c1,1,200,1,1
SQLi,product,2,87d9bc98ab6d9a0b,1,200,1,1
SQLi,product,2,2388c42af4f140cd,1,200,1,1
SQLi,product,2,1858db4b950eb7bb,0,,0,
SQLi,product,2,36dc1246278f9469,1,403,0,
SQLi,product,2,c7d140eb867ab016,1,200,1,1
SQLi,product,2,da26317b91339cae,1,200,1,1
SQLi,product,2,9ee6b5283e330814,1,200,1,1
SQLi,product,2,12a695ec98aa97f9,1,200,1,1
SQLi,product,2,a458bc45ecd0ab74,1,200,1,1
SQLi,product,2,cd540a9274654e2f,1,200,1,1
SQLi,product,2,b853c7e57bbbcead,1,200,1,1
SQLi,product,2,d3bc4fc058291ee1,1,200,1,1
SQLi,product,2,0acfd869b96eda2e,1,200,1,1
SQLi,product,2,9e729ac8bdbe4aa0,1,200,1,1
SQLi,product,2,90bc3494639e8e71,1,200,1,1
SQLi,product,2,0057e37038efdfe9,1,200,1,1
SQLi,product,2,7f6785b310bcee4f,1,200,1,1
SQLi,product,2,c314e64985dc3c82,1,200,1,1
SQLi,product,2,6d430513a027438f,1,200,1,1
SQLi,product,2,b61278cbb0853379,1,200,1,1
SQLi,product,2,b6a6a250a224e3db,1,200,1,1
SQLi,product,2,dbb1ad531c207498,1,200,1,1
SQLi,product,2,f9304f4cb9c15222,1,200,1,1
SQLi,product,2,c51411cc50d9efa7,1,200,1,1
SQLi,product,2,4fc53c3bd373002d,1,200,1,1
SQLi,product,2,1ca3619d3689a89f,1,200,1,1
SQLi,product,2,95f0fb04d42e0d90,1,200,1,1
SQLi,product,2,57145e81869a2309,1,200,1,1
SQLi,product,2,4236e70f21edbf3a,1,200,1,1
SQLi,product,2,ba07673e6c2cbd3f,1,200,1,1
SQLi,product,2,c18e7b2b606582cb,1,200,1,1
SQLi,product,2,9e352d72fa2fa6cc,1,200,1,1
SQLi,product,2,85288c6076b43193,1,200,1,1
SQLi,product,2,22ef1a5f993f36dc,1,200,1,1
SQLi,product,2,6c72b4ca9083ac3d,1,200,1,1
SQLi,product,2,e17a2623c1e70a5c,1,200,1,1
SQLi,product,2,af3f786c7e422e35,1,200,1,1
SQLi,product,2,b15b344009ba52c2,1,200,1,1
SQLi,product,2,5c01549a495f5b4b,1,200,1,1
SQLi,product,2,34d900da7cbdbbc5,1,200,1,1
SQLi,product,2,494ccb0af8e3901d,1,200,1,1
SQLi,product,2,b9d2cc53ea3e349b,1,200,1,1
SQLi,product,2,472a30245fd1359f,1,200,1,1
SQLi,product,2,fa87126076cbd80b,1,200,1,1
SQLi,product,2,528a81f4f81512a8,1,200,1,1
SQLi,product,2,5d6f598d33226f5d,1,200,1,1
SQLi,product,2,4fc3008365edfc90,1,200,1,1
SQLi,product,2,387ee9f4f0e5d604,1,200,1,1
SQLi,product,2,8b93f5117e126ada,1,200,1,1
SQLi,product,2,518983b8a1e18ab9,1,200,1,1
SQLi,product,2,4270a2a424e79638,1,200,1,1
SQLi,product,2,7652be0567801745,0,,0,
SQLi,product,2,f4816a47739770cc,1,200,1,1
SQLi,product,2,94356e8ddd578762,1,200,1,1
SQLi,product,2,14a570aa0508c705,1,200,1,1
SQLi,product,2,09e6f54dc9bab565,1,200,1,1
SQLi,product,2,07b9281975f9436a,1,200,1,1
SQLi,product,2,7963c0960cbb481b,1,200,1,1
SQLi,product,2,d3711f245f675eb5,1,200,1,1
SQLi,product,2,d77a7f41a0cc7867,1,200,1,1
SQLi,product,2,1c1c270154703827,1,200,1,1
SQLi,product,2,02675b855df5dea7,1,200,1,1
SQLi,product,2,b8b587deb635f12e,1,200,1,1
SQLi,product,2,8b382aafe80ce3f4,1,200,1,1
SQLi,product,2,0c3df076c82c3dcd,1,200,1,1
SQLi,product,2,4fefd7f7ca93dcf7,1,200,1,1
SQLi,product,2,e2b3c4041c790d77,1,200,1,1
SQLi,product,2,eae38564a90b1337,1,200,1,1
SQLi,product,2,e85296969f7904d4,1,200,1,1
SQLi,product,2,7d0205ff068b2852,1,200,1,1
SQLi,product,2,a78fe7b19d743e87,1,200,1,1
SQLi,product,2,2aa7ff642345901b,1,200,1,1
SQLi,product,2,a531a89161f34711,1,200,1,1
SQLi,product,2,64ad41664be0eb32,1,200,1,1
SQLi,product,2,a646da77b539fa71,1,200,1,1
SQLi,product,2,082e2027c070903d,1,200,1,1
SQLi,product,2,27ab15e7a5294069,1,200,1,1
SQLi,product,2,f676b6a1a87cc6ee,1,200,1,1
SQLi,product,2,2c665fc38780a4ca,1,200,1,1
SQLi,product,2,29b176c43e1f18e8,1,200,1,1
SQLi,product,2,ed63be29a658a684,1,200,1,1
SQLi,product,2,a94ed5f4b7f7e7b1,1,200,1,1
SQLi,product,2,94718ba132d9034a,1,200,1,1
SQLi,product,2,15b6ca9ee07634b7,1,200,1,1
SQLi,product,2,c94021b565bfc5c0,1,200,1,1
SQLi,product,2,f52a592ef77c76b1,1,200,1,1
SQLi,product,2,b8f6d0d899a46ae7,1,200,1,1
SQLi,product,2,ff0e0ccd84a79b5c,1,200,1,1
SQLi,product,2,c90eef4e95f71081,1,200,1,1
SQLi,product,2,4705bb0d59de2cc6,1,200,1,1
SQLi,product,2,254ce1bebb3b72a6,1,200,1,1
SQLi,product,2,79b562f0dbdb5b2d,1,200,1,1
SQLi,product,2,42bf1719785abddb,1,200,1,1
SQLi,product,2,01626a993f934996,1,200,1,1
SQLi,product,2,148c9d234ac925fc,1,200,1,1
SQLi,product,2,3d0893cc9fe12fe8,1,200,1,1
SQLi,product,2,482e2d0687d9fcd0,1,200,1,1
SQLi,product,2,02efc97fca5717d4,1,200,1,1
SQLi,product,2,393e6d213dcec435,0,,0,
SQLi,product,2,98b0c0802373a39f,1,200,1,1
SQLi,product,2,30345c8c8cc5c33e,1,200,1,1
SQLi,product,2,660b3a5d6dac0462,1,200,1,1
SQLi,product,2,1306a42155a75405,1,200,1,1
SQLi,product,2,bdd5732cd31a8a6b,1,200,1,1
SQLi,product,2,f9f9fdcf9bb94d08,1,200,1,1
SQLi,product,2,b37946c54a2e8a1b,1,200,1,1
SQLi,product,2,ea37cb08d0cb6f36,1,200,1,1
SQLi,product,2,15dfd96fba9afe42,1,200,1,1
SQLi,product,2,0fbd6edc8ad7c40a,1,200,1,1
SQLi,product,2,f1cf971a79e1afe6,0,,0,
SQLi,product,2,30d03646b1565e17,1,200,1,1
SQLi,product,2,ba344be193999866,1,200,1,1
SQLi,product,2,b584f7974531669c,1,200,1,1
SQLi,product,2,da404ef5a6cfe268,1,200,1,1
SQLi,product,2,0bbab54f4e98af63,1,200,1,1
SQLi,product,2,e5326f976ba5033a,1,200,1,1
SQLi,product,2,9c411699bc01aca1,1,200,1,1
SQLi,product,2,1de3dfc39db5700e,1,200,1,1
SQLi,product,2,39c897cf3ae014e4,1,200,1,1
SQLi,product,2,212ebc6231b8b029,0,,0,
SQLi,product,2,83d1188f0682d47a,0,,0,
SQLi,product,2,25ff0fcf77957bf9,1,200,1,1
SQLi,product,2,4e0d44480f36ad00,1,200,1,1
SQLi,product,2,a94adac182de9db0,1,200,1,1
SQLi,product,2,4ce3432daed03c3d,1,200,1,1
SQLi,product,2,c87e896f9b855f81,1,200,1,1
SQLi,product,2,ea0101c3b2b9e71a,1,200,1,1
SQLi,product,2,3ba7a40e6aaa0a07,1,200,1,1
SQLi,product,2,df674ca2a89f57e3,1,200,1,1
SQLi,product,2,c36415ae7268a959,1,200,1,1
SQLi,product,2,1618fc421414596e,1,200,1,1
SQLi,product,2,483df3f6f4dfed59,1,200,1,1
SQLi,product,2,a5f6b347540935b5,1,200,1,1
SQLi,product,2,9baecf919b2ffa12,1,200,1,1
SQLi,product,2,2bf02f63bf99d2bc,1,200,1,1
SQLi,product,2,70c908591296f6a8,1,200,1,1
SQLi,product,2,7e56270e9cf2b217,1,200,1,1
SQLi,product,2,9f27a032d71da122,1,403,0,
SQLi,product,2,52e82e59ac16617a,1,200,1,1
SQLi,product,2,cf530fd53b513c4d,1,200,1,1
SQLi,product,2,abfff0118263eb07,1,200,1,1
SQLi,product,2,25f517c4da371c47,1,200,1,1
SQLi,product,2,dcfc7e9380b78b55,1,200,1,1
SQLi,product,2,18f2334b9b665d06,1,200,1,1
SQLi,product,2,b1a094007753e66a,1,200,1,1
SQLi,product,2,e13341688049ebdc,1,200,1,1
SQLi,product,2,2343d65f15e99c76,1,200,1,1
SQLi,product,2,ef6df97ad26e54ae,1,200,1,1
SQLi,product,2,73914e38aeb76936,1,200,1,1
SQLi,product,2,6772065213fea62d,1,200,1,1
SQLi,product,2,cfa02429bbbacf93,1,200,1,1
SQLi,product,2,2d3c4828dbb448fe,1,200,1,1
SQLi,product,2,7454841dd8cb7d4d,1,200,1,1
SQLi,product,2,96e8612f81c8d837,1,200,1,1
SQLi,product,2,6d30e1d3c72528a4,1,200,1,1
SQLi,product,2,98c4eb7cf2162f76,1,200,1,1
SQLi,product,2,03947c11b9e7548f,1,200,1,1
SQLi,product,2,a9af209a8c892204,1,200,1,1
SQLi,product,2,2a5759d991d89ae6,1,200,1,1
SQLi,product,2,101e3a10309ea1be,0,,0,
SQLi,product,2,4b4e22b8fc06355c,1,200,1,1
SQLi,product,2,9d25c279551e8f16,1,200,1,1
SQLi,product,2,f537939385f59d1f,1,200,1,1
SQLi,product,2,568ff89b46bb2c8d,1,200,1,1
SQLi,product,2,9b52ba0e67518e3b,0,,0,
SQLi,product,2,14b1e3a051871983,1,200,1,1
SQLi,product,2,174a410d4dce91f2,1,200,1,1
SQLi,product,2,0f3e028479eda137,1,200,1,1
SQLi,product,2,45c00bf779e87a78,1,200,1,1
SQLi,product,2,9839517f2dcfe55f,1,200,1,1
SQLi,product,2,e7c6e6e05db81785,1,200,1,1
SQLi,product,2,e8896e30e249b96e,1,200,1,1
SQLi,product,2,82ce60c185fee77f,0,,0,
SQLi,search,2,5dc80303c1fb778e,1,200,1,1
SQLi,search,2,d634fccefdc24239,1,200,1,1
SQLi,search,2,2cff85c0acbf3579,1,200,1,1
SQLi,search,2,a0a5912a0c107383,1,200,1,1
SQLi,search,2,96573d2600ddfd65,1,200,1,1
SQLi,search,2,b5071f89e0ca86a9,1,200,1,1
SQLi,search,2,3ce953d2085559cc,1,200,1,1
SQLi,search,2,685fb37ca1e74e94,1,200,1,1
SQLi,search,2,c3f03e44532ec8bd,1,200,1,1
SQLi,search,2,6265a49db0296690,1,200,1,1
SQLi,search,2,1a974ae154160227,1,200,1,1
SQLi,search,2,77fe0f1654efb11a,1,200,1,1
SQLi,search,2,2e576f04ad3925ff,1,200,1,1
SQLi,search,2,3964f60aeb6215cd,1,200,1,1
SQLi,search,2,46a0af1ac8e90e2e,1,200,1,1
SQLi,search,2,d32293c3b3dd3f8b,1,200,1,1
SQLi,search,2,9280efc7624292b5,1,200,1,1
SQLi,search,2,c642d0eec4c2c5ff,1,200,1,1
SQLi,search,2,db2481d75c1fd69a,1,200,1,1
SQLi,search,2,0fd3f1bb8d4332a6,1,200,1,1
SQLi,search,2,bd280bceefdff3ff,1,200,1,1
SQLi,search,2,8cff0992de63f588,1,200,1,1
SQLi,search,2,722d591a52267015,1,200,1,1
SQLi,search,2,377fec7a988b610e,1,200,1,1
SQLi,search,2,7fd689aaf0473a14,1,200,1,1
SQLi,search,2,9554a88a4bedaf26,1,200,1,1
SQLi,search,2,09add63154afd54f,1,200,1,1
SQLi,search,2,0111c12da3542ffe,1,200,1,1
SQLi,search,2,f9688e55586ea48c,1,200,1,1
SQLi,search,2,e778dd4b20be6fa7,1,200,1,1
SQLi,search,2,625543d41a6b0ed5,1,200,1,1
SQLi,search,2,e3b46a046a4d6cdf,1,200,1,1
SQLi,search,2,7d2bfae7c29aa858,1,200,1,1
SQLi,search,2,ec0998e5016f0809,0,,0,
SQLi,search,2,2d04fc6cfacaf7b1,0,,0,
SQLi,search,2,76e04cdc24537984,1,200,1,1
SQLi,search,2,618282e916b88cb8,1,200,1,1
SQLi,search,2,33cbfe1f0f1ea40a,1,200,1,1
SQLi,search,2,88587205834f6b53,1,200,1,1
SQLi,search,2,869ef5450bb40f3e,1,200,1,1
SQLi,search,2,84c41dc2132d5f01,1,200,1,1
SQLi,search,2,f701d20b94029978,1,200,1,1
SQLi,search,2,30f24c751af3eb39,1,200,1,1
SQLi,search,2,94db2f524afc0a39,1,200,1,1
SQLi,search,2,a4a610604316af31,0,,0,
SQLi,search,2,6f124aab952eb872,1,200,1,1
SQLi,search,2,60830c77bd63beb1,1,200,1,1
SQLi,search,2,311927d137d18247,1,200,1,1
SQLi,search,2,d9ccedef2ebdcfc4,1,200,1,1
SQLi,search,2,79d7af28546917f8,1,200,1,1
SQLi,search,2,a726f00831d81e07,1,200,1,1
SQLi,search,2,c5299be3c800d781,1,200,1,1
SQLi,search,2,c4e26a69da50596a,1,200,1,1
SQLi,search,2,7471345270698253,1,200,1,1
SQLi,search,2,f8f2f5cb74f35820,1,200,1,1
SQLi,search,2,dca37c4411e2ec68,1,200,1,1
SQLi,search,2,41bdea8b0f384a4e,1,200,1,1
SQLi,search,2,14aabddd6b7e7ab9,1,200,1,1
SQLi,search,2,e4ba3eef18a9347b,1,200,1,1
SQLi,search,2,5906bb8fbaff5233,1,200,1,1
SQLi,search,2,7a7a4509d730fc45,1,200,1,1
SQLi,search,2,d99baf0d220f7084,1,200,1,1
SQLi,search,2,3e14af7b274766f1,1,200,1,1
SQLi,search,2,23df09110fc12cf3,1,200,1,1
SQLi,search,2,6743e5fcc3b37cec,1,200,1,1
SQLi,search,2,d2fc51556708eccc,1,200,1,1
SQLi,search,2,5cd19c59a6e2ef40,1,200,1,1
SQLi,search,2,82b5aed58ad67ec4,1,403,0,
SQLi,search,2,a7baafb9099f4853,1,200,1,1
SQLi,search,2,0dbab50a5c73047d,1,200,1,1
SQLi,search,2,e1e3f79a64444569,1,200,1,1
SQLi,search,2,1392bbbdfbfab832,1,200,1,1
SQLi,search,2,de2ccdf6502c73f0,1,200,1,1
SQLi,search,2,14dccda07b972dff,1,200,1,1
SQLi,search,2,dad66dfa77ec59bb,1,200,1,1
SQLi,search,2,ccbd93d7f767aeb4,1,200,1,1
SQLi,search,2,1e5b7eac9cad938c,1,200,1,1
SQLi,search,2,5cef6b39588f134c,1,200,1,1
SQLi,search,2,eac6661a12d25cce,1,200,1,1
SQLi,search,2,edf67507ded1c196,1,200,1,1
SQLi,search,2,775a6f8062566d3c,1,200,1,1
SQLi,search,2,706fd9129e3da4b3,1,200,1,1
SQLi,search,2,37e7e8a27a5a1ece,1,200,1,1
SQLi,search,2,d5e45f1d02476ec6,1,200,1,1
SQLi,search,2,f197bed8dbde1018,1,200,1,1
SQLi,search,2,acf2a6d5d6a3f53d,1,200,1,1
SQLi,search,2,f42dde2cbceb08d9,1,200,1,1
SQLi,search,2,2d08b01679ff2ba5,0,,0,
SQLi,search,2,9c03491355de9686,1,200,1,1
SQLi,search,2,a729fc508b465515,1,200,1,1
SQLi,search,2,9509c4ef5f243c55,1,200,1,1
SQLi,search,2,17bb700d19c9fdbc,1,200,1,1
SQLi,search,2,ca5f4f0bea1151c0,1,200,1,1
SQLi,search,2,905b5fa7bd871efc,1,200,1,1
SQLi,search,2,e5e2432760ea1482,1,200,1,1
SQLi,search,2,8e51e8c0b0ed9b42,0,,0,
SQLi,search,2,1feaf2c55382d0d2,1,200,1,1
SQLi,search,2,bcb8346f1a8bccfa,1,200,1,1
SQLi,search,2,141a702e9214847d,1,200,1,1
SQLi,search,2,f5ac018bb1d715bb,1,200,1,1
SQLi,search,2,0913b428c46d3db6,1,200,1,1
SQLi,search,2,095d88605346ebae,1,200,1,1
SQLi,search,2,003a495e9bac1406,1,200,1,1
SQLi,search,2,ba77dc5f3d5fbcbe,1,200,1,1
SQLi,search,2,02bf7e9058d0eec3,1,200,1,1
SQLi,search,2,a108d858e16925b7,1,200,1,1
SQLi,search,2,9bba9eea1f40b4ad,1,200,1,1
SQLi,search,2,05abc11375f6a0c0,1,200,1,1
SQLi,search,2,896a1afdfd77f1c2,1,200,1,1
SQLi,search,2,c2a86e71800b6a3f,1,200,1,1
SQLi,search,2,87dc170034ff7fcb,1,200,1,1
SQLi,search,2,74b6828ae91f8fdf,1,200,1,1
SQLi,search,2,681661c477781b6d,1,200,1,1
SQLi,search,2,bc56ef4d0430fe08,1,200,1,1
SQLi,search,2,234043da74633fe4,1,200,1,1
SQLi,search,2,f98c6d0767daa6aa,1,200,1,1
SQLi,search,2,b81e07d28f068c51,1,200,1,1
SQLi,search,2,76bd1f52d6cb1c40,1,200,1,1
SQLi,search,2,bf4f1a94086868b4,1,200,1,1
SQLi,search,2,89928a767a73a9f3,1,200,1,1
SQLi,search,2,fc7c8d380c4e67d6,1,200,1,1
SQLi,search,2,8a90ea4b2af0e3cd,1,200,1,1
SQLi,search,2,f222291f3a5fb2af,1,200,1,1
SQLi,search,2,4c4520307967deb6,1,200,1,1
SQLi,search,2,eb7f1988718109be,1,200,1,1
SQLi,search,2,0d83f0219b079180,1,200,1,1
SQLi,search,2,3d169e69de66decb,1,200,1,1
SQLi,search,2,39401b96a990009a,1,200,1,1
SQLi,search,2,0105f249069a9e4c,1,200,1,1
SQLi,search,2,9c2581fd8116e474,1,200,1,1
SQLi,search,2,1367395ae7ca8897,1,200,1,1
SQLi,search,2,8003c409ab95121e,1,200,1,1
SQLi,search,2,f5514a7549553df5,1,200,1,1
SQLi,search,2,3fb56846f3f6e23f,1,200,1,1
SQLi,search,2,686cef00092f9699,1,200,1,1
SQLi,search,2,0e77e150a3222238,1,200,1,1
SQLi,search,2,c8e74242f8fbec2c,1,200,1,1
SQLi,search,2,cac91f2472206243,1,200,1,1
SQLi,search,2,2e038bf39fefb488,1,200,1,1
SQLi,search,2,bb08c4f0c24bdd6e,1,200,1,1
SQLi,search,2,a40bb187adceff1f,1,200,1,1
SQLi,search,2,c4326e85ef59a1ea,1,200,1,1
SQLi,search,2,31d1b47e88f49028,1,200,1,1
SQLi,search,2,5e302a3c9e60c267,1,200,1,1
SQLi,search,2,a8e77f07ab44a430,1,200,1,1
SQLi,search,2,54b666e28a372d44,1,200,1,1
SQLi,search,2,169979d8c71cd096,1,200,1,1
SQLi,search,2,9a9fc043fd161b06,1,200,1,1
SQLi,search,2,8a159c5b3b42db95,1,200,1,1
SQLi,search,2,9d77e00de2ad067f,1,200,1,1
SQLi,search,2,5f6b85b41cb8f499,1,200,1,1
SQLi,search,2,6c76a5b65e604152,1,200,1,1
SQLi,search,2,6fcf89cc5fb34b78,1,200,1,1
SQLi,search,2,3b388a0fcc7b3847,1,200,1,1
SQLi,search,2,5cf0af1e124cca38,1,200,1,1
SQLi,search,2,6708126af7878faf,1,200,1,1
SQLi,search,2,d3d009f739edc224,1,200,1,1
SQLi,search,2,a80612e1fcc95e66,1,200,1,1
SQLi,search,2,c0c3ac6ee1a8ef55,1,200,1,1
SQLi,search,2,204427bbb401fc27,1,200,1,1
SQLi,search,2,49caac5947d767b0,1,200,1,1
SQLi,search,2,09cbe12147eeb5e2,1,200,1,1
SQLi,search,2,cc892ac3b00361ed,1,200,1,1
SQLi,search,2,75979a124b1271e0,1,200,1,1
SQLi,search,2,fd49114532ee5f68,1,200,1,1
SQLi,search,2,286d45d75e4cd167,1,200,1,1
SQLi,search,2,7a3002c4534013be,1,200,1,1
SQLi,search,2,3e5fd4e11a826a33,1,200,1,1
SQLi,search,2,966c8266b029c81d,1,200,1,1
SQLi,search,2,a81f72ac9d6eb3b6,0,,0,
SQLi,search,2,8091f48de3cd867e,1,200,1,1
SQLi,search,2,a544bb9a9af89670,0,,0,
SQLi,search,2,67ab51253bb0eaa2,1,200,1,1
SQLi,search,2,73a2f1fc8f5a56f4,1,200,1,1
SQLi,search,2,4320f2835eb85330,1,200,1,1
SQLi,search,2,e3d637c84c9bf396,1,200,1,1
SQLi,search,2,007a68f1e4f57e83,1,200,1,1
SQLi,search,2,0642dc0714b613b5,1,200,1,1
SQLi,search,2,50d79327174e16f9,1,200,1,1
SQLi,search,2,ce8658c307559d6e,1,200,1,1
SQLi,search,2,09cdff2e60e0d3ae,0,,0,
SQLi,search,2,0ff93864bba28a53,1,200,1,1
SQLi,search,2,14ee0c58bb54c7c5,1,200,1,1
SQLi,search,2,bf5d5cecfe0a4c6b,1,200,1,1
SQLi,search,2,d522da0e6acff0c2,1,200,1,1
SQLi,search,2,2b437488c6f628f0,1,200,1,1
SQLi,search,2,8694d668cb8ed2ec,1,200,1,1
SQLi,search,2,4ef5c220b39d7b0f,1,200,1,1
SQLi,search,2,250caed795d73668,1,200,1,1
SQLi,search,2,963c147103db8161,1,200,1,1
SQLi,search,2,3f8a167a25243d4e,1,200,1,1
SQLi,search,2,602929da0a97305f,1,200,1,1
SQLi,search,2,04aa93832a817f68,1,200,1,1
SQLi,search,2,1da5d7889d26114d,1,200,1,1
SQLi,search,2,ac3c682772acc51b,1,200,1,1
SQLi,search,2,ca554dd02e19e9e7,1,200,1,1
SQLi,search,2,ff1fb6b8ac72cd99,1,200,1,1
SQLi,search,2,95028c483a2c9062,1,200,1,1
SQLi,search,2,8954ae094313cc63,1,200,1,1
SQLi,search,2,00cdb90224f0dd24,1,200,1,1
SQLi,search,2,f225d9d4cf0549bb,1,200,1,1
SQLi,search,2,2f8afd6f4e6e1cb2,1,200,1,1
SQLi,search,2,b4556e2eaa1f3adc,1,200,1,1
SQLi,search,2,9fc9ea5c9d2f3131,1,200,1,1
SQLi,search,2,2e826c526e739c8f,1,200,1,1
SQLi,search,2,4b0fffc3e9b16998,1,200,1,1
SQLi,search,2,c447cb311ab63c8f,1,200,1,1
SQLi,search,2,702ffb4ac5b03d3a,1,200,1,1
SQLi,search,2,56f3a78edaafa045,1,200,1,1
SQLi,search,2,99ad658bd948f7eb,1,200,1,1
SQLi,search,2,549334a7ab5ce54a,1,200,1,1
SQLi,search,2,aee6dc0522792a53,1,200,1,1
SQLi,search,2,9e2eb6256107d54b,1,200,1,1
SQLi,search,2,b2f807448b1b6c58,1,200,1,1
SQLi,search,2,7a654ef4a3424e98,1,200,1,1
SQLi,search,2,7b961df7d6a5618a,1,200,1,1
SQLi,search,2,9db87d49ce8b66a0,1,200,1,1
SQLi,search,2,7b630fa01c150c07,1,200,1,1
SQLi,search,2,32a5863fc974fc49,1,200,1,1
SQLi,search,2,88fae03f8a72f52e,1,200,1,1
SQLi,search,2,493c6ecaba50e0d7,1,200,1,1
SQLi,search,2,bdf88f472541e64a,1,200,1,1
SQLi,search,2,de7ae76f9571e29f,1,200,1,1
SQLi,search,2,30b21e4f0ac438fd,1,200,1,1
SQLi,search,2,60c3b47e7cc2535b,1,200,1,1
SQLi,search,2,7b2ee6b944b2aae8,1,200,1,1
SQLi,search,2,3c15b7d4cdfa210c,1,200,1,1
SQLi,search,2,10a736aaf5564ca1,1,200,1,1
SQLi,search,2,82f665f487e94624,1,200,1,1
SQLi,search,2,bd2f6f441460cf6a,1,200,1,1
SQLi,search,2,9b0efccb0be5959c,1,200,1,1
SQLi,search,2,aeed5ca988fd44b6,1,200,1,1
SQLi,search,2,69b2c1602cc125a1,1,200,1,1
SQLi,search,2,0f69dc7aba0571cf,1,200,1,1
SQLi,search,2,1ef81f594fcbe35a,1,200,1,1
SQLi,search,2,c96e8e9dfdcd963c,1,200,1,1
SQLi,search,2,8e80e2e8176cec4e,0,,0,
SQLi,search,2,0e4c3b1cbdb55d34,1,200,1,1
SQLi,search,2,2f3df9d764586a9a,1,200,1,1
SQLi,search,2,2a29100d0ef94a8c,1,200,1,1
SQLi,search,2,79437d3cd9407d96,1,200,1,1
SQLi,search,2,047d72f1b6e71e8a,1,200,1,1
SQLi,search,2,7c46bce44acbff79,1,200,1,1
SQLi,search,2,fb36956d3c0133b4,1,200,1,1
SQLi,search,2,532ff448bc502a1e,1,200,1,1
SQLi,search,2,de787f81fbeb2ae0,1,200,1,1
SQLi,search,2,3bfb413e0976ff6e,1,200,1,1
SQLi,search,2,18ccbb2805579ff0,0,,0,
SQLi,search,2,e0f5a3ea0f29f25a,1,200,1,1
SQLi,search,2,dac374b13b113420,1,200,1,1
SQLi,search,2,c009c6d8ef110a1b,1,200,1,1
SQLi,search,2,51cbf86a6a4cffda,1,200,1,1
SQLi,search,2,2337d4b37ceddf2a,1,200,1,1
SQLi,search,2,4994b238a457d320,1,200,1,1
SQLi,search,2,c8ef074d02361536,1,200,1,1
SQLi,search,2,2e3295b5c0183507,1,200,1,1
SQLi,search,2,ba64e8cd5385e865,1,200,1,1
SQLi,search,2,d990be858d9c71c8,1,200,1,1
SQLi,search,2,be7581be0f1bff0d,1,200,1,1
SQLi,search,2,7883b48295ce04ef,1,200,1,1
SQLi,search,2,eeb4aef6af7b4f2a,1,200,1,1
SQLi,search,2,c5fd34c67bc28f38,1,200,1,1
SQLi,search,2,060483b68ff9c566,1,200,1,1
SQLi,search,2,1feddc5f2b4e0055,1,200,1,1
SQLi,search,2,04720150a966625a,1,200,1,1
SQLi,search,2,53307cf7d1b4a6ca,1,200,1,1
SQLi,search,2,965a58e85384291c,1,200,1,1
SQLi,search,2,01d56f7e5c6c7653,1,200,1,1
SQLi,search,2,12712ee7f6815d59,1,200,1,1
SQLi,search,2,e47ecf19769fd9d3,1,200,1,1
SQLi,search,2,e20772b74b57a70a,1,200,1,1
SQLi,search,2,7bef4b4463bf51b0,1,200,1,1
SQLi,search,2,bc35348d8d07b4d8,1,200,1,1
SQLi,search,2,a7e5e4cfb5b9ab98,1,200,1,1
SQLi,search,2,4c1d45f793034ccb,1,200,1,1
SQLi,search,2,da50fd0a09df34f2,1,200,1,1
SQLi,search,2,e6a927146b50fdea,1,200,1,1
SQLi,search,2,b5a85647f0ac65a3,1,200,1,1
SQLi,search,2,13cf39989ddf48d9,1,200,1,1
SQLi,search,2,34cd6d23a258ebec,1,200,1,1
SQLi,search,2,3af56450e4711b1e,1,200,1,1
SQLi,search,2,87f9f90b1297c737,1,200,1,1
SQLi,search,2,2587c5cf1c2732f4,1,200,1,1
SQLi,search,2,58cbaf7414d520e4,1,200,1,1
SQLi,search,2,3c2e963c15299551,1,200,1,1
SQLi,search,2,a0255424af0679b3,1,200,1,1
SQLi,search,2,fdaac6f18d30cff0,1,200,1,1
SQLi,search,2,42040b49e263d003,1,200,1,1
SQLi,search,2,679c35a411d8a72c,1,200,1,1
SQLi,search,2,43c5c2a108bc47b8,1,200,1,1
SQLi,search,2,9308d3e932332aa6,1,200,1,1
SQLi,search,2,efa2d0e5045f6432,1,200,1,1
SQLi,search,2,9c77eb0ba1227ccd,1,200,1,1
SQLi,search,2,983a38e88e9b8639,1,200,1,1
SQLi,search,2,8198b0f794064e3a,1,200,1,1
SQLi,search,2,36392c3e353a13ff,1,200,1,1
SQLi,search,2,18083ade94e0cbc0,1,403,0,
SQLi,search,2,6966d1aa9c951d45,1,200,1,1
SQLi,search,2,28272c3bb33df1c5,1,200,1,1
SQLi,search,2,9ffa104a1ade203a,1,200,1,1
SQLi,search,2,5e233d8b4675cfb4,1,200,1,1
SQLi,search,2,146e84d2a7ad8a3c,1,200,1,1
SQLi,search,2,5208297618c2cf7c,1,200,1,1
SQLi,search,2,471804325401a1e5,1,200,1,1
SQLi,search,2,60aefc1b805d64ad,1,200,1,1
SQLi,search,2,8dfaf46f840e83a7,1,200,1,1
SQLi,search,2,ca0b0f54cc2c3550,1,200,1,1
SQLi,search,2,8178108cfd5a0f74,1,200,1,1
SQLi,search,2,c47e60fe8c62f8d9,1,200,1,1
SQLi,search,2,0a198dcacd5154cf,1,200,1,1
SQLi,search,2,ba228edbe7a95d3e,1,200,1,1
SQLi,search,2,44269dbf47f42faf,1,200,1,1
SQLi,search,2,70d52436ca369623,1,200,1,1
SQLi,search,2,4804ef35558a51a6,1,200,1,1
SQLi,search,2,988724c41cc1d929,1,200,1,1
SQLi,search,2,8ed9b5a675a68ddd,1,200,1,1
SQLi,search,2,c420180c08fc19dc,1,200,1,1
SQLi,search,2,e0c52fb2cd27e8f6,1,200,1,1
SQLi,search,2,6a213f617bbbbf54,1,200,1,1
SQLi,search,2,860993379c11bb3e,1,200,1,1
SQLi,search,2,6a4f1ad15a086a47,1,200,1,1
SQLi,search,2,ababf5250f9bc91d,1,200,1,1
SQLi,search,2,2e53566b453b13ef,1,200,1,1
SQLi,search,2,f6dbe7628d8cb43e,1,200,1,1
SQLi,search,2,5aa94a01ecc95053,1,200,1,1
SQLi,search,2,46cacaec1f85ae47,1,200,1,1
SQLi,search,2,97e3bc0eec153d2a,1,200,1,1
SQLi,search,2,ace8b72e59dff8e9,1,200,1,1
SQLi,search,2,8ae5086f3f90f013,1,200,1,1
SQLi,search,2,ec0e6db9f92c9981,1,200,1,1
SQLi,search,2,cc7cb933bba9c2ea,1,200,1,1
SQLi,search,2,e027900674f0a910,1,200,1,1
SQLi,search,2,2683d73e9ee7e07d,1,200,1,1
SQLi,search,2,e0d7c840858873ae,1,200,1,1
SQLi,search,2,ec28ecab453c1c55,1,200,1,1
SQLi,search,2,5798c820e181962b,1,200,1,1
SQLi,search,2,88ef2b654699e045,1,200,1,1
SQLi,search,2,0431d2d1b7771859,1,200,1,1
SQLi,search,2,d2d1f402649cf398,1,200,1,1
SQLi,search,2,3342dfbbf42a9e0f,1,200,1,1
SQLi,search,2,d0f6cfb5317e00c0,1,200,1,1
SQLi,search,2,12adccbc89219bb1,1,200,1,1
SQLi,search,2,715c26cbf2ad6834,1,200,1,1
SQLi,search,2,71b15cdde78cbc6e,1,200,1,1
SQLi,search,2,a8adeb42bd9dc4d6,1,200,1,1
SQLi,search,2,215287e28dc7bc61,1,200,1,1
SQLi,search,2,93b433e4ca39153a,1,200,1,1
SQLi,search,2,6fb87bb3e885a2d6,1,200,1,1
SQLi,search,2,005ce69ca34a28bb,1,200,1,1
SQLi,search,2,ff28527c74d0d6f4,1,200,1,1
SQLi,search,2,432efbcc61aac2e4,1,200,1,1
SQLi,search,2,dd899624f7d98cfc,1,200,1,1
SQLi,search,2,5fe92f55e9c159bc,1,200,1,1
SQLi,search,2,9bedd15d30bad62d,1,200,1,1
SQLi,search,2,5d9678ea13fc9e20,1,200,1,1
SQLi,search,2,c592e8801d0e03dc,1,200,1,1
SQLi,search,2,fdf15a8a18f92747,1,200,1,1
SQLi,search,2,4ae93f5eb41d5a54,1,200,1,1
SQLi,search,2,cf40e42454c32b71,1,200,1,1
SQLi,search,2,4e96fc62171dc0d5,1,200,1,1
SQLi,search,2,745de258467cf5f2,1,200,1,1
SQLi,search,2,2aef8043179317fe,1,200,1,1
SQLi,search,2,c9eaa5e374ac95c7,1,200,1,1
SQLi,search,2,7f3d799f538ea190,1,200,1,1
SQLi,search,2,5d3590af0293e04d,1,200,1,1
SQLi,search,2,be75dd02645c8fe1,1,200,1,1
SQLi,search,2,7370dfd1d40e4a3d,1,200,1,1
SQLi,search,2,716f762cea8d32ec,1,200,1,1
SQLi,search,2,34205cef36817d39,1,200,1,1
SQLi,search,2,c95867a28d4ce199,1,200,1,1
SQLi,search,2,88d1ee3d634b83c2,1,200,1,1
SQLi,search,2,7350520f1d884ca0,1,200,1,1
SQLi,search,2,dcdb2164aa964aad,1,200,1,1
SQLi,search,2,df7beed712e20f3b,1,200,1,1
SQLi,search,2,e71e8478e3dba6fd,1,200,1,1
SQLi,search,2,4ffa88585e3a8695,1,200,1,1
SQLi,search,2,6a987e68e39c07a0,1,200,1,1
SQLi,search,2,7fdd3e703808cd36,1,200,1,1
SQLi,search,2,484eeda7e614033c,1,200,1,1
SQLi,search,2,c65495163e1f063c,1,200,1,1
SQLi,search,2,f633a1e584193110,1,200,1,1
SQLi,search,2,7d5a57c5b7a79299,1,200,1,1
SQLi,search,2,34ff62a946ff129f,1,200,1,1
SQLi,search,2,ad98ff1544900c71,1,200,1,1
SQLi,search,2,f1a8874488abd578,1,200,1,1
SQLi,search,2,753f15956c0fba5a,1,200,1,1
SQLi,search,2,04f15890f9409153,1,200,1,1
SQLi,search,2,ef1b60413d1677b5,1,200,1,1
SQLi,search,2,cb76c305fa92c4fc,1,200,1,1
SQLi,search,2,c0093343194a2f4b,1,200,1,1
SQLi,search,2,7d0d0d87ad043999,1,200,1,1
SQLi,search,2,976def8a53f46258,1,200,1,1
SQLi,search,2,b987d3544e87b1a3,1,200,1,1
SQLi,search,2,b1476dbda5793fcb,1,200,1,1
SQLi,search,2,0f61c72470bb9046,1,200,1,1
SQLi,search,2,7d8a68b8fbd3b1b4,1,200,1,1
SQLi,search,2,44a58eda41f089c7,1,200,1,1
SQLi,search,2,fd9b8c00a71c1744,1,200,1,1
SQLi,search,2,1f5004986be5b3a1,1,200,1,1
SQLi,search,2,6dc2cc87a428620e,1,200,1,1
SQLi,search,2,d2998641af8d3e47,1,200,1,1
SQLi,search,2,0494d4791d295294,1,200,1,1
SQLi,search,2,f0896db31a5d38e3,1,200,1,1
SQLi,search,2,e5a89ec3e61f63b3,1,200,1,1
SQLi,search,2,9d36605c4fc651df,0,,0,
SQLi,search,2,b77c540141a7fac5,1,200,1,1
SQLi,search,2,042749186edd9943,1,200,1,1
SQLi,search,2,294493e48fe1a15d,1,200,1,1
SQLi,search,2,d3fb89d22d7d009f,0,,0,
SQLi,search,2,4c31b2644802b9cd,1,200,1,1
SQLi,search,2,dbb36a5641d6012f,1,200,1,1
SQLi,search,2,cbf2d7e0e8c8194b,1,200,1,1
SQLi,search,2,25e9605557f97603,1,200,1,1
SQLi,search,2,0dba9bdc8167a337,1,200,1,1
SQLi,search,2,45d8bbc8cfa1cea8,1,200,1,1
SQLi,search,2,65f36857b13d0756,1,200,1,1
SQLi,search,2,fe2cf7c219e185a5,1,200,1,1
SQLi,search,2,9900924ee15b187c,1,200,1,1
SQLi,search,2,97b3f29050ea87d1,1,200,1,1
SQLi,search,2,5a9f648f8d72aa46,1,200,1,1
SQLi,search,2,3cc0f9635d7b038d,1,200,1,1
SQLi,search,2,3597f4e7ef78a935,1,200,1,1
SQLi,search,2,2cf165dc94c95799,1,200,1,1
SQLi,search,2,f9f40b613f03b6b0,1,200,1,1
SQLi,search,2,01b1fb0d29ba5de8,1,200,1,1
SQLi,search,2,c4d9a42a64ae4eff,1,200,1,1
SQLi,search,2,c00b2de2d1527b97,1,200,1,1
SQLi,search,2,7ba6c984c8a28d83,1,200,1,1
SQLi,search,2,e173e5b4af939c17,1,200,1,1
SQLi,search,2,378f64b0349c0d01,1,200,1,1
SQLi,search,2,436f033cce52a145,1,200,1,1
SQLi,search,2,f33a2831ce19bf10,1,200,1,1
SQLi,search,2,4b098322e818990a,1,200,1,1
SQLi,search,2,58d92d5f182509f1,1,200,1,1
SQLi,search,2,4b4742db017fcf53,1,200,1,1
SQLi,search,2,28967b522bb5c110,1,200,1,1
SQLi,search,2,c7854b9fede303c0,1,200,1,1
SQLi,search,2,ae622694c2d62bba,1,200,1,1
SQLi,search,2,7f94fa2025d1efb6,1,200,1,1
SQLi,search,2,62ff2c973dd57de5,1,200,1,1
SQLi,search,2,240b0f610db1f3fd,1,200,1,1
SQLi,search,2,c2d612ee6da88a42,1,200,1,1
SQLi,search,2,12be7334371a92ee,1,200,1,1
SQLi,search,2,8f7ea172db7ffa16,1,200,1,1
SQLi,search,2,0108cb5603369595,1,200,1,1
SQLi,search,2,a14cfd2bc4e94d65,1,200,1,1
SQLi,search,2,53998c2db4d45e23,1,200,1,1
SQLi,search,2,d81c3abe95c0bdbe,1,200,1,1
SQLi,search,2,300fcb0144093b51,1,200,1,1
SQLi,search,2,0e70c37c8a156309,1,200,1,1
SQLi,search,2,ea7ede2b5f34b14d,1,200,1,1
SQLi,search,2,bfac171aca4b55ff,1,200,1,1
SQLi,search,2,9dee25c96a673a89,1,200,1,1
SQLi,search,2,3df4f65182d4a4a5,1,200,1,1
SQLi,search,2,ffd319507b9e0bb8,1,200,1,1
SQLi,search,2,6a62dd270b58ce30,1,200,1,1
SQLi,search,2,2e264df474fac7f6,1,200,1,1
SQLi,search,2,7672386f9bb6cbb4,1,200,1,1
SQLi,search,2,f6191a96c3b9a72a,1,200,1,1
SQLi,search,2,51d164a381b3044c,1,200,1,1
SQLi,search,2,c61880d1eaacf021,1,200,1,1
SQLi,search,2,f5fcf1fcc365c3a5,1,200,1,1
SQLi,search,2,5f70de1b61e4354c,1,200,1,1
SQLi,search,2,f1db4ee969f9aac4,1,200,1,1
SQLi,search,2,6454b2fa9951dd46,1,200,1,1
SQLi,search,2,8c99a800bf518b7d,1,200,1,1
SQLi,search,2,554887be3d88e9e5,1,200,1,1
SQLi,search,2,d2db787337e9a818,1,200,1,1
SQLi,search,2,988cee6f9e3b36f5,1,200,1,1
SQLi,search,2,0c3ea9092e5869f6,1,200,1,1
SQLi,search,2,0ab73bce242b3d72,1,200,1,1
SQLi,search,2,823db81186f3a614,1,200,1,1
SQLi,search,2,227370168356ebc6,1,200,1,1
SQLi,search,2,c107e2aa64271227,1,200,1,1
SQLi,search,2,94708d9d726565da,1,200,1,1
SQLi,search,2,2cd265410b05070b,1,200,1,1
SQLi,search,2,71ccac1a7861fd99,1,200,1,1
SQLi,search,2,b2973d25a110ff00,1,200,1,1
SQLi,search,2,d95adccb87dc83f2,1,200,1,1
SQLi,search,2,5477cb79c8a67ea9,1,200,1,1
SQLi,search,2,9610dece3f01e0ed,1,200,1,1
SQLi,search,2,d1e0f9eadc24a438,1,200,1,1
SQLi,search,2,6795240734cb9693,1,200,1,1
SQLi,search,2,c4885a40e6c52e44,1,200,1,1
SQLi,search,2,27e3ffd7f9a77ce5,1,200,1,1
SQLi,search,2,18eded0ca88d4954,1,200,1,1
SQLi,search,2,742c07eb210e3e5c,1,200,1,1
SQLi,search,2,4572b0ecc98a32ca,1,200,1,1
SQLi,search,2,e5bc7939c3000159,1,200,1,1
SQLi,search,2,e96a149db8f308a0,1,200,1,1
SQLi,search,2,9346bc0a63caee6f,1,200,1,1
SQLi,search,2,3a905b2df330277b,1,200,1,1
SQLi,search,2,1d0b6a2a36ba702d,1,200,1,1
SQLi,search,2,dd215af005f2b8b3,1,200,1,1
SQLi,search,2,04b3e5fcd41e9c08,1,200,1,1
SQLi,search,2,9e7f44a21975e35b,1,200,1,1
SQLi,search,2,40f7642e3da277de,1,200,1,1
SQLi,search,2,64403b273b859fe5,1,200,1,1
SQLi,search,2,49463ec8a7bd68fe,1,200,1,1
SQLi,search,2,db518f25e7d4ba15,1,200,1,1
SQLi,search,2,b809aed5a5c46af1,1,200,1,1
SQLi,search,2,e23ac157b3e9b239,1,200,1,1
SQLi,search,2,5027489b637a276e,1,200,1,1
SQLi,filter,3,0fa331007d7a4db4,1,200,1,1
SQLi,filter,3,13787db7449ad47a,1,200,1,1
SQLi,filter,3,45d5624f0e249fb5,1,200,1,1
SQLi,filter,3,4d0b8fa1a8a78e91,1,200,1,1
SQLi,filter,3,96d56ada607d6cef,1,200,1,1
SQLi,filter,3,c1bce655011fc1ca,1,200,1,1
SQLi,filter,3,f9bb068fd714ec15,1,200,1,1
SQLi,filter,3,e6564c37b1dcf395,1,200,1,1
SQLi,filter,3,7806ba509eddd774,1,200,1,1
SQLi,filter,3,9261eab0e50a06c2,1,200,1,1
SQLi,filter,3,016e92c5bafd1c22,1,200,1,1
SQLi,filter,3,ec4209a3a2c81395,1,200,1,1
SQLi,filter,3,3021a06a1a8fad34,1,200,1,1
SQLi,filter,3,69bf8bdaca923922,1,200,1,1
SQLi,filter,3,5b4c17a4bcbc2135,1,200,1,1
SQLi,filter,3,4cb792c9db255e7f,1,200,1,1
SQLi,filter,3,f7802859e27e1fd6,1,200,1,1
SQLi,filter,3,673e0a3ec23b757f,1,200,1,1
SQLi,filter,3,01ddf8590954dac4,1,200,1,1
SQLi,filter,3,acbf331758798c21,1,200,1,1
SQLi,filter,3,040cf9281e01f82f,0,,0,
SQLi,filter,3,8bb305eca97bcb97,1,200,1,1
SQLi,filter,3,d1255976defe8b9f,1,200,1,1
SQLi,filter,3,ea55e354d3d41fac,1,403,0,
SQLi,filter,3,bb4ab65fc507c6d1,1,200,1,1
SQLi,filter,3,03f710ae74c83ce0,1,200,1,1
SQLi,filter,3,8034020ba433fa7a,1,200,1,1
SQLi,filter,3,6d0f20cd171253a9,1,403,0,
SQLi,filter,3,b3f0079f440f0369,1,200,1,1
SQLi,filter,3,0a55b18e87282c6d,1,200,1,1
SQLi,filter,3,46cc156e2225f882,1,200,1,1
SQLi,filter,3,6e2a7eb5703edfc5,1,200,1,1
SQLi,filter,3,86a42f7ef665ebc5,1,200,1,1
SQLi,filter,3,f9bdfe7f859580fe,1,200,1,1
SQLi,filter,3,7f3b90ef4ea49d13,1,200,1,1
SQLi,filter,3,66de8bb5a8379f89,1,200,1,1
SQLi,filter,3,2391d2edcb0a5ca6,1,200,1,1
SQLi,filter,3,8bc31979a3e39b74,1,200,1,1
SQLi,filter,3,ae8e114fa0058521,1,200,1,1
SQLi,filter,3,dd21d4417de0e8cc,1,200,1,1
SQLi,filter,3,dff13d59279373fe,0,,0,
SQLi,filter,3,8b5446b11c8517c9,1,200,1,1
SQLi,filter,3,973cc4d82da12385,1,200,1,1
SQLi,filter,3,74df0f329b168ee7,0,,0,
SQLi,filter,3,922c6391a5e06d8e,1,200,1,1
SQLi,filter,3,2668dca5d24dd42b,1,200,1,1
SQLi,filter,3,c5b02e9614717198,1,200,1,1
SQLi,filter,3,8d446513c543f415,1,200,1,1
SQLi,filter,3,339ddb14f89cba21,0,,0,
SQLi,filter,3,e930b0becb6cd21c,0,,0,
SQLi,filter,3,392b95030d3dcee9,1,200,1,1
SQLi,filter,3,a6151d2e41ca1b0b,1,200,1,1
SQLi,filter,3,16db693ca3d4de9d,1,200,1,1
SQLi,filter,3,bb28118000b4e38a,1,200,1,1
SQLi,filter,3,2764d62439839870,1,200,1,1
SQLi,filter,3,c60e3712dce700d5,1,200,1,1
SQLi,filter,3,c9a9879f2d910d7e,1,200,1,1
SQLi,filter,3,4fa81371a6543ca2,1,200,1,1
SQLi,filter,3,436ff14d745050a1,1,200,1,1
SQLi,filter,3,be8474b969e2d8fd,1,200,1,1
SQLi,filter,3,d7934be4688661dd,1,200,1,1
SQLi,filter,3,02c279b4c796b10b,1,200,1,1
SQLi,filter,3,6e565a5150cd8d4a,1,200,1,1
SQLi,filter,3,e37d7b93142b37aa,1,200,1,1
SQLi,filter,3,05aaeb6d77aa54cc,1,200,1,1
SQLi,filter,3,e7ae41f4a204e63f,1,200,1,1
SQLi,filter,3,dd55cf65d3b5f63e,1,200,1,1
SQLi,filter,3,00e5eeae5cc49bcd,1,200,1,1
SQLi,filter,3,deb51acfe17f8c4f,1,200,1,1
SQLi,filter,3,d525bda6c373b91a,1,200,1,1
SQLi,filter,3,60b085095971cc21,1,200,1,1
SQLi,filter,3,9deecca3bef5bf8c,1,200,1,1
SQLi,filter,3,c443a14aca4f5874,1,200,1,1
SQLi,filter,3,fa667e08eef479ae,1,200,1,1
SQLi,filter,3,9235c42f5aa3f96d,1,200,1,1
SQLi,filter,3,727dfef62ae99425,1,200,1,1
SQLi,filter,3,58303dd2ae6f922e,1,200,1,1
SQLi,filter,3,24126d528226d40c,1,200,1,1
SQLi,filter,3,a237ff080492c77f,1,200,1,1
SQLi,filter,3,f1158c4d356e0c16,1,200,1,1
SQLi,filter,3,20f24099d2d0dd7a,1,200,1,1
SQLi,filter,3,34c56582138b9272,0,,0,
SQLi,filter,3,daaa1d26d77b31de,1,200,1,1
SQLi,filter,3,29c36461b8c64083,1,200,1,1
SQLi,filter,3,c8eb14f526add6be,1,200,1,1
SQLi,filter,3,e5051c28c2037e42,1,200,1,1
SQLi,filter,3,1f1007b587e15dbb,1,200,1,1
SQLi,filter,3,ee1728ad8338d1dc,1,200,1,1
SQLi,filter,3,52e353a657764861,1,200,1,1
SQLi,filter,3,4bdd581a5e6b6fc7,1,200,1,1
SQLi,filter,3,dcc2c79cbe76c84c,1,200,1,1
SQLi,filter,3,57043ee7dba29106,0,,0,
SQLi,filter,3,b30dd23821868935,1,200,1,1
SQLi,filter,3,24093fd1a12dd9b5,1,200,1,1
SQLi,filter,3,3d87ebd9c30bbfa0,0,,0,
SQLi,filter,3,74da3ac6f19a54f1,1,200,1,1
SQLi,filter,3,2b86ee420d1c672e,1,200,1,1
SQLi,filter,3,216712b5511c8b3f,0,,0,
SQLi,filter,3,196b5f7bcd876d7f,0,,0,
SQLi,filter,3,f297a42c7852a059,0,,0,
SQLi,filter,3,6da5dae8e93f3876,1,200,1,1
SQLi,filter,3,e77dec8fbd32de52,1,200,1,1
SQLi,filter,3,a02ac8cd2a078521,1,200,1,1
SQLi,filter,3,d9a33567760643ff,1,200,1,1
SQLi,filter,3,44f0f6bd49261f4c,1,200,1,1
SQLi,filter,3,79409e002bdf083e,1,200,1,1
SQLi,filter,3,db1bd44101814171,1,200,1,1
SQLi,filter,3,bc7f696a686d5a5b,1,200,1,1
SQLi,filter,3,447defc482983b85,1,200,1,1
SQLi,filter,3,2f70983b7f3a3a33,1,200,1,1
SQLi,filter,3,ed4573d1a66df4a0,1,200,1,1
SQLi,filter,3,13659a4b1bc04d34,1,200,1,1
SQLi,filter,3,360589a3b4ae19c1,1,200,1,1
SQLi,filter,3,a101d41cec85b21f,1,200,1,1
SQLi,filter,3,cbeb44f1b1f0985a,1,200,1,1
SQLi,filter,3,fa10a8a36e500519,1,200,1,1
SQLi,filter,3,dfd6718d7f72b65b,1,200,1,1
SQLi,filter,3,318d7054432b4544,1,200,1,1
SQLi,filter,3,6b35c17cf382fc41,1,200,1,1
SQLi,filter,3,81fdba8ce5aa4944,1,200,1,1
SQLi,filter,3,8e7a883494583e4c,1,200,1,1
SQLi,filter,3,1d33af4a45612e78,1,200,1,1
SQLi,filter,3,c93261e9cba30bfa,1,200,1,1
SQLi,filter,3,18da1f524a35115d,1,200,1,1
SQLi,filter,3,e530ca3630c2332c,1,200,1,1
SQLi,filter,3,a24d917b1162c873,0,,0,
SQLi,filter,3,bf43b4f6e8bc637c,1,200,1,1
SQLi,filter,3,846ac87d7042f2c6,1,200,1,1
SQLi,filter,3,e0695d03676bace4,1,200,1,1
SQLi,filter,3,7cbbe1be7376cc6d,1,200,1,1
SQLi,filter,3,486911f8bd9099e0,1,200,1,1
SQLi,filter,3,3992509663a07e8d,1,200,1,1
SQLi,filter,3,3f2871d4b772255e,1,200,1,1
SQLi,filter,3,b5075ed1f9a4aeb1,1,200,1,1
SQLi,filter,3,31b74555eafafcdf,1,200,1,1
SQLi,filter,3,9732145f7b22333f,0,,0,
SQLi,filter,3,72e3b8f3065e52d0,1,200,1,1
SQLi,filter,3,2f29bfb88aa03073,1,200,1,1
SQLi,filter,3,84b87aa0988725e4,1,200,1,1
SQLi,filter,3,be3b6de8627f04e2,1,200,1,1
SQLi,filter,3,513322c8a8e36ba7,1,200,1,1
SQLi,filter,3,0d4f3cb286f46240,1,200,1,1
SQLi,filter,3,87c5ab2ba355c37c,0,,0,
SQLi,filter,3,b86e4c09f989d983,1,200,1,1
SQLi,filter,3,765b2b672f600d26,1,200,1,1
SQLi,filter,3,8c46195147df66f0,0,,0,
SQLi,filter,3,d65a5113236b7c8c,1,200,1,1
SQLi,filter,3,0a3f50a13fcfcbf5,1,200,1,1
SQLi,filter,3,37ff323630eddbf5,0,,0,
SQLi,filter,3,59228186d178148b,1,200,1,1
SQLi,filter,3,07a35cd202796fee,1,200,1,1
SQLi,filter,3,fbb1bf11c87bfd72,1,200,1,1
SQLi,filter,3,4dac02a65111d031,1,200,1,1
SQLi,filter,3,6d92db676b97cd07,1,200,1,1
SQLi,filter,3,d883a334571741b3,1,200,1,1
SQLi,filter,3,3f183e0add689d0f,1,200,1,1
SQLi,filter,3,8b79c854e07ce559,1,200,1,1
SQLi,filter,3,fb1deb744b074772,1,200,1,1
SQLi,filter,3,4dd294d247ff927a,1,200,1,1
SQLi,filter,3,319c7811ff7e338b,1,200,1,1
SQLi,filter,3,c883e51d0f743f54,1,200,1,1
SQLi,filter,3,7fc07f004770f3be,1,200,1,1
SQLi,filter,3,7b6d2fd38d191e2f,1,200,1,1
SQLi,filter,3,2a19a7605d38a05c,1,200,1,1
SQLi,filter,3,f53d14e52e15c050,1,200,1,1
SQLi,filter,3,6fa2edeb42fe7ee0,1,200,1,1
SQLi,filter,3,8a6d2727c2d0e105,1,200,1,1
SQLi,filter,3,b8247310d9217a28,1,200,1,1
SQLi,filter,3,99ff49f0bcc123b8,1,200,1,1
SQLi,filter,3,aad152289b4af063,1,200,1,1
SQLi,filter,3,df67b8650eb47d0a,1,200,1,1
SQLi,filter,3,864396e0b323f6a3,1,200,1,1
SQLi,filter,3,f419cb0e18d0ea76,1,200,1,1
SQLi,filter,3,9abb9611d7d0fdbf,1,200,1,1
SQLi,filter,3,b75e2794b12c88b6,1,200,1,1
SQLi,filter,3,31d8375f78ea218a,1,200,1,1
SQLi,filter,3,7d8c1f353c308da0,1,200,1,1
SQLi,filter,3,f794c5b71baf5f70,1,200,1,1
SQLi,filter,3,98b856ff299449fc,1,200,1,1
SQLi,filter,3,b051757072afe68a,1,200,1,1
SQLi,filter,3,1ffdd013f427cb39,1,200,1,1
SQLi,filter,3,d9e8d0dbd0dd2f7e,1,200,1,1
SQLi,filter,3,3adc32f3b04df08e,1,200,1,1
SQLi,filter,3,0da89b4b75e7d5db,1,200,1,1
SQLi,filter,3,f635dc091d182eeb,1,200,1,1
SQLi,filter,3,234c6722b3d2bb53,0,,0,
SQLi,filter,3,012b95bf8221922d,1,200,1,1
SQLi,filter,3,4e9243b418d19df7,1,200,1,1
SQLi,filter,3,1efa8c530221fe15,0,,0,
SQLi,filter,3,6071b15589962891,0,,0,
SQLi,filter,3,89d8ab4609da15a8,1,200,1,1
SQLi,filter,3,f104fb9242a977e1,1,200,1,1
SQLi,filter,3,b59d2636c4c26ad3,1,200,1,1
SQLi,filter,3,70f302c853582950,1,200,1,1
SQLi,filter,3,6aadb0a7ff3bec78,0,,0,
SQLi,filter,3,a3c61a3764648203,1,200,1,1
SQLi,filter,3,7a2431131d03d2cb,1,200,1,1
SQLi,filter,3,838c802acccef133,1,200,1,1
SQLi,filter,3,519a867d6e2ba383,0,,0,
SQLi,filter,3,2c265a77e80beb9b,1,200,1,1
SQLi,filter,3,8765362d9d7e4788,1,200,1,1
SQLi,filter,3,1e25c5c5c7969e54,1,200,1,1
SQLi,filter,3,0cd2d4736e6be822,1,200,1,1
SQLi,filter,3,4129c48119ddb5fa,1,200,1,1
SQLi,filter,3,ec5ea73c63fb225c,1,200,1,1
SQLi,filter,3,ca9e6e439ee61b56,1,200,1,1
SQLi,filter,3,0f75e51afebf729d,1,200,1,1
SQLi,filter,3,943e09b41f130757,1,200,1,1
SQLi,filter,3,375ebe6f7b8cde53,1,200,1,1
SQLi,filter,3,4edb4bf94f285373,1,200,1,1
SQLi,filter,3,5b0d10927b67fed2,1,200,1,1
SQLi,filter,3,de471e77c39cf49b,1,200,1,1
SQLi,filter,3,ad3cc1c51b4baaeb,1,200,1,1
SQLi,filter,3,728584357f11c463,1,200,1,1
SQLi,filter,3,19033df7a2413fde,1,200,1,1
SQLi,filter,3,6cb127747c34b047,1,200,1,1
SQLi,filter,3,628fdfaf04b15f56,1,200,1,1
SQLi,filter,3,6aa69b2764ce0ee8,1,200,1,1
SQLi,filter,3,2cc2da12a098fe31,1,200,1,1
SQLi,filter,3,7f721d7cd0a9c3bd,1,200,1,1
SQLi,filter,3,657b4062c6314519,1,200,1,1
SQLi,filter,3,26dbcb3a4ff10ced,1,200,1,1
SQLi,filter,3,baaacd4ff516280f,1,200,1,1
SQLi,filter,3,30bd351f1bc00296,1,200,1,1
SQLi,filter,3,dbf864f1465abc30,1,200,1,1
SQLi,filter,3,4dd294d247ff927a,1,200,1,1
SQLi,filter,3,4cbbc92180e34526,1,200,1,1
SQLi,filter,3,078cbcd7a1530d15,1,200,1,1
SQLi,filter,3,a64fc7674dc49732,1,200,1,1
SQLi,filter,3,7b6d2fd38d191e2f,1,200,1,1
SQLi,filter,3,bef8ac5b384c6ff9,1,200,1,1
SQLi,filter,3,f53d14e52e15c050,1,200,1,1
SQLi,filter,3,19677dcbc27a9a8e,1,200,1,1
SQLi,filter,3,016f2771eea0521c,1,200,1,1
SQLi,filter,3,b8247310d9217a28,1,200,1,1
SQLi,filter,3,4e429071e404cd10,1,200,1,1
SQLi,filter,3,e4339a9ffb0bd6fc,1,200,1,1
SQLi,filter,3,5a5b6be60de12a07,1,200,1,1
SQLi,filter,3,db0d8bf883205437,1,200,1,1
SQLi,filter,3,c9729cdd70b35232,1,200,1,1
SQLi,filter,3,fe5ab13b47ad682b,1,200,1,1
SQLi,filter,3,15b5578323a2287d,1,200,1,1
SQLi,filter,3,a7940432f6396165,1,200,1,1
SQLi,filter,3,ecc84fcd9fba297a,1,200,1,1
SQLi,filter,3,e66c9bb5768e5c30,1,200,1,1
SQLi,filter,3,8ebef73c9cabf33b,1,200,1,1
SQLi,filter,3,26a7c5dcab525009,1,200,1,1
SQLi,filter,3,0f92446a0f9a0485,0,,0,
SQLi,filter,3,e4425b344e11c9c9,1,200,1,1
SQLi,filter,3,687a23dca1c9d503,1,200,1,1
SQLi,filter,3,78fbb1bd63a9681b,1,200,1,1
SQLi,filter,3,38137898d41a40be,1,200,1,1
SQLi,filter,3,b79507069b188ac8,1,200,1,1
SQLi,filter,3,587d9704005e0fb1,1,200,1,1
SQLi,filter,3,e149cfe6701b705a,1,200,1,1
SQLi,filter,3,022bc268d69978fd,1,200,1,1
SQLi,filter,3,4c3e9978ac7d9f0c,1,200,1,1
SQLi,filter,3,b98afae371383e2a,1,200,1,1
SQLi,filter,3,81e4143f69fd7ef3,1,200,1,1
SQLi,filter,3,bafdfdff447f4e7d,1,200,1,1
SQLi,filter,3,88265db97fbc9ac9,1,200,1,1
SQLi,filter,3,6b1d7845b286c921,1,200,1,1
SQLi,filter,3,aa4a56dd330c6278,1,200,1,1
SQLi,filter,3,539772fd199b9387,1,200,1,1
SQLi,filter,3,2aefabe757d8351b,1,200,1,1
SQLi,filter,3,27304ea681afd9a6,1,200,1,1
SQLi,filter,3,e963a2576dfb72c4,1,200,1,1
SQLi,filter,3,7717993c78c574f2,1,200,1,1
SQLi,filter,3,166de71c2d8e10ae,1,200,1,1
SQLi,filter,3,6d784bb0b68b0697,0,,0,
SQLi,filter,3,8fa162af2a021e9d,1,200,1,1
SQLi,filter,3,f1d0db16ab21f76a,1,200,1,1
SQLi,filter,3,372683f2f00ffc00,1,200,1,1
SQLi,filter,3,c6d0275f8283633c,1,200,1,1
SQLi,filter,3,47f28968165b7c5d,1,200,1,1
SQLi,filter,3,a4593d17f537ea24,1,200,1,1
SQLi,filter,3,550a49f0e47cf75c,1,200,1,1
SQLi,filter,3,9579c8a5046c4d92,1,200,1,1
SQLi,filter,3,7fc79b0e7bf3d6fd,1,200,1,1
SQLi,filter,3,cba6546db760ca66,1,200,1,1
SQLi,filter,3,2424ba1d9da40453,1,200,1,1
SQLi,filter,3,abe208cc8e5a8ea2,1,200,1,1
SQLi,filter,3,b102a7bf5affed5f,1,200,1,1
SQLi,filter,3,24ae74a7a2207d79,1,200,1,1
SQLi,filter,3,20238b72ed732f1d,1,200,1,1
SQLi,filter,3,0da4a92f01145f15,0,,0,
SQLi,filter,3,61add17ad53b64b7,1,200,1,1
SQLi,filter,3,4a48b28bd2bcb95a,1,200,1,1
SQLi,filter,3,d8b0e9fac35787c7,1,200,1,1
SQLi,filter,3,5715b4b1a9b9ec69,1,200,1,1
SQLi,filter,3,afe1a4b7c609baa7,1,200,1,1
SQLi,filter,3,37e83e05793ca7c8,1,200,1,1
SQLi,filter,3,09d517198bb953f8,1,200,1,1
SQLi,filter,3,f7be6880cbaa110d,0,,0,
SQLi,filter,3,3a8e5bdebabe3240,1,200,1,1
SQLi,filter,3,f02861e13e62e2c4,1,200,1,1
SQLi,filter,3,f727c0f413705a12,1,200,1,1
SQLi,filter,3,546c88658bf31810,1,200,1,1
SQLi,filter,3,df48c62164a9da12,1,200,1,1
SQLi,filter,3,f6ac320182e18462,1,200,1,1
SQLi,filter,3,6b3f710cddbaf027,1,200,1,1
SQLi,filter,3,378271bd76a556b1,1,200,1,1
SQLi,filter,3,d509eb0e8fd1b0da,1,200,1,1
SQLi,filter,3,3084e82fd48a8902,1,200,1,1
SQLi,filter,3,999a9eb617fdfa45,1,200,1,1
SQLi,filter,3,6cbad2742b4a4924,1,200,1,1
SQLi,filter,3,568ae842a338203a,1,200,1,1
SQLi,filter,3,6c919e32aa1a1799,1,200,1,1
SQLi,filter,3,dc92bf7cbe683cdc,1,200,1,1
SQLi,filter,3,9c9ddbfe8d7219cc,1,200,1,1
SQLi,filter,3,d6b23586fc9c55bf,1,200,1,1
SQLi,filter,3,6090a9f93559dc43,1,200,1,1
SQLi,filter,3,12c4267dac21c35b,1,200,1,1
SQLi,filter,3,59d3812ee4a9a820,1,200,1,1
SQLi,filter,3,a3035200c935d850,1,200,1,1
SQLi,filter,3,4e1a5e3540e07127,1,200,1,1
SQLi,filter,3,e627e760544d0bce,1,200,1,1
SQLi,filter,3,aefb8f1d037627a5,1,200,1,1
SQLi,filter,3,ea879160712013ac,1,200,1,1
SQLi,filter,3,db3aea742959739f,1,200,1,1
SQLi,filter,3,5f386735b70e017b,1,200,1,1
SQLi,filter,3,d0d2f89d3ca6c907,1,200,1,1
SQLi,filter,3,5cd60e9a5cb2666b,1,200,1,1
SQLi,filter,3,a16a723901f63959,1,200,1,1
SQLi,filter,3,ee2e1782462c3f1c,1,200,1,1
SQLi,filter,3,1194ab1f31dee074,1,200,1,1
SQLi,filter,3,5965816af067c6fd,1,200,1,1
SQLi,filter,3,a1f83dd3726eaf7e,1,200,1,1
SQLi,filter,3,5ad500f7dde512bf,1,200,1,1
SQLi,filter,3,a87cf92da80fc20f,1,200,1,1
SQLi,filter,3,7c3e82a6025eeb1b,1,200,1,1
SQLi,filter,3,5d3f35c9e0e71ee5,1,200,1,1
SQLi,filter,3,21507b814d861562,1,200,1,1
SQLi,filter,3,8454e0a846376947,1,200,1,1
SQLi,filter,3,2ff920abec89e188,1,200,1,1
SQLi,filter,3,18005a0c26bc307d,1,200,1,1
SQLi,filter,3,0a9e5b37e640019a,1,200,1,1
SQLi,filter,3,83aa1bd42b1dc1bd,1,200,1,1
SQLi,filter,3,7648d1dc8931df31,1,200,1,1
SQLi,filter,3,c569eb9156c3f6b8,1,200,1,1
SQLi,filter,3,4bc8b365e65d249a,1,200,1,1
SQLi,filter,3,ceb71332a96ee225,0,,0,
SQLi,filter,3,e3fc22e75bc5666a,1,200,1,1
SQLi,filter,3,28b6e5bbcf3435f1,1,200,1,1
SQLi,filter,3,4aa8d3cbe89d2bb5,1,200,1,1
SQLi,filter,3,dda0b23f263f6eb6,1,200,1,1
SQLi,filter,3,1a02ee61c5147d10,1,200,1,1
SQLi,filter,3,06e068612c00beaa,1,200,1,1
SQLi,filter,3,1a19d4d19d8dc354,1,200,1,1
SQLi,filter,3,2e86a05dc4ab19f6,1,200,1,1
SQLi,filter,3,9e72721ecbb13ecc,0,,0,
SQLi,filter,3,52fd046afd405f07,1,200,1,1
SQLi,filter,3,edf1e48e906cd2cd,1,200,1,1
SQLi,filter,3,9fa3a022ec78efca,1,200,1,1
SQLi,filter,3,2a202a9113912e95,1,200,1,1
SQLi,filter,3,0d4d7bc363b6061d,1,200,1,1
SQLi,filter,3,be1cfb23904d5c07,1,200,1,1
SQLi,filter,3,ca5873acb0083269,1,200,1,1
SQLi,filter,3,42bca4dd25b91cad,1,200,1,1
SQLi,filter,3,ae16810c449a0b55,1,200,1,1
SQLi,filter,3,4e2e055e750a6c2f,1,200,1,1
SQLi,filter,3,f4ee413edcb5c36f,1,200,1,1
SQLi,filter,3,b7788baad7c214b2,1,200,1,1
SQLi,filter,3,b4181a8586cce0e2,1,200,1,1
SQLi,filter,3,b7d43298fdde79dc,1,200,1,1
SQLi,filter,3,abba19e92d6c24f0,0,,0,
SQLi,filter,3,da79acdff7cee788,1,200,1,1
SQLi,filter,3,f705cac07cc0d628,1,200,1,1
SQLi,filter,3,229cb2ac46bb2cb9,1,200,1,1
SQLi,filter,3,b70409a079beccac,1,200,1,1
SQLi,filter,3,80940d8a1b791007,1,200,1,1
SQLi,filter,3,56e30272d02efc1a,1,200,1,1
SQLi,filter,3,939ccd41a4683b7e,1,200,1,1
SQLi,filter,3,5ad8d1188be95111,1,200,1,1
SQLi,filter,3,0b75e31254a99f51,1,200,1,1
SQLi,filter,3,f6d356a554144505,1,200,1,1
SQLi,filter,3,07780b5683507726,1,200,1,1
SQLi,filter,3,08c158bfbf74756e,1,200,1,1
SQLi,filter,3,4ee1383121a15a9d,1,200,1,1
SQLi,filter,3,c2847fb472fe0fb9,1,200,1,1
SQLi,filter,3,957905218ecd50b7,1,200,1,1
SQLi,filter,3,5acc23bf970d57ad,1,200,1,1
SQLi,filter,3,1f274f64a42852bb,1,200,1,1
SQLi,filter,3,7664d248e7f333fd,1,200,1,1
SQLi,filter,3,034c4512c67eb87e,1,200,1,1
SQLi,filter,3,fa7f8ec7945d896a,1,200,1,1
SQLi,filter,3,258db7d157de9633,1,200,1,1
SQLi,filter,3,f31355ab7cac8217,1,200,1,1
SQLi,filter,3,96ba3ac478678891,1,200,1,1
SQLi,filter,3,ae8720fc0da1926f,1,200,1,1
SQLi,filter,3,266fb2b296e246ee,1,200,1,1
SQLi,filter,3,72285499f822e60b,1,200,1,1
SQLi,filter,3,811e5029a45de37f,1,200,1,1
SQLi,filter,3,20cb81890e5462cd,1,200,1,1
SQLi,filter,3,fd9c501e1a0d2277,1,200,1,1
SQLi,filter,3,71065bec070626fe,1,200,1,1
SQLi,filter,3,7f4decc0c3c28ced,1,200,1,1
SQLi,filter,3,982c41142b6199c4,1,200,1,1
SQLi,filter,3,d6c773a3a0d4a87d,1,200,1,1
SQLi,filter,3,67a38ce345122cdb,1,200,1,1
SQLi,filter,3,b2be23c91dd3d203,1,200,1,1
SQLi,filter,3,19199c96489f129e,1,200,1,1
SQLi,filter,3,bed160436e36c04f,1,200,1,1
SQLi,filter,3,c3064f2208ba410c,1,200,1,1
SQLi,filter,3,38b2521d38c987a0,1,200,1,1
SQLi,filter,3,547a4292a932bb8f,1,200,1,1
SQLi,filter,3,2b1f33c5062fedaf,1,200,1,1
SQLi,filter,3,4086bf84c451b42a,1,200,1,1
SQLi,filter,3,8b516e52fa43eaf0,1,200,1,1
SQLi,filter,3,c6318a8bacfe2f5e,1,200,1,1
SQLi,filter,3,9d071dd485de30be,1,200,1,1
SQLi,filter,3,4bbc166db88301bc,1,200,1,1
SQLi,filter,3,ed240ec4c8c1bcb6,1,200,1,1
SQLi,filter,3,d1c20c73aa4c3ecb,1,200,1,1
SQLi,filter,3,3feadbacefcdd6f7,1,200,1,1
SQLi,filter,3,996300fbb4e09f2d,1,200,1,1
SQLi,filter,3,c7cb11ddcaed6ebd,1,200,1,1
SQLi,filter,3,b28300d1e0bbb446,1,200,1,1
SQLi,filter,3,2b443540fe6440e2,1,200,1,1
SQLi,filter,3,0e40f926e78bf83a,1,200,1,1
SQLi,filter,3,90448765c32b426d,1,200,1,1
SQLi,filter,3,7e5d14721b440aaf,1,200,1,1
SQLi,filter,3,e250f114c2f2bc52,1,200,1,1
SQLi,filter,3,efe350f6d915b4c1,1,200,1,1
SQLi,filter,3,318de2cbb69a3924,1,200,1,1
SQLi,filter,3,18505aee3a6dbc40,1,200,1,1
SQLi,filter,3,9d16b7526bb5d519,1,200,1,1
SQLi,filter,3,bfd4f292eb098086,1,200,1,1
SQLi,filter,3,476b3f415dfff2a7,1,200,1,1
SQLi,filter,3,951d53c92397dd9a,1,200,1,1
SQLi,filter,3,c9bb4e922ca35ba5,1,200,1,1
SQLi,filter,3,cb7853726a95b40e,1,200,1,1
SQLi,filter,3,2673d47e4bca1d10,1,200,1,1
SQLi,filter,3,db746a8d4376ff90,1,200,1,1
SQLi,filter,3,e21c09e21dd3f557,1,200,1,1
SQLi,filter,3,973e7cf72df32542,1,200,1,1
SQLi,filter,3,6ae39dfe486cb24e,1,200,1,1
SQLi,filter,3,1c23ac844f846c78,0,,0,
SQLi,filter,3,f0d8c9af7d09eb3b,1,200,1,1
SQLi,filter,3,0957d4bd820f7560,1,200,1,1
SQLi,filter,3,72d4ef1e49ab3342,1,200,1,1
SQLi,filter,3,0a3647397c5c249a,1,200,1,1
SQLi,filter,3,719bf479f31cf6ab,1,200,1,1
SQLi,filter,3,3c7e8788d20c0bfe,1,200,1,1
SQLi,filter,3,da05bc458662617e,1,200,1,1
SQLi,filter,3,02da947d0f207404,1,200,1,1
SQLi,filter,3,a3585b4c54f5a828,1,200,1,1
SQLi,filter,3,13e6c1593c9bd0ae,1,200,1,1
SQLi,filter,3,775670f4228f9706,1,200,1,1
SQLi,filter,3,97783b284c141529,1,200,1,1
SQLi,filter,3,f0e903b8a0057c37,1,200,1,1
SQLi,filter,3,6675296bf3109d91,1,200,1,1
SQLi,filter,3,2f056a601d09b4c5,1,200,1,1
SQLi,filter,3,d9c82764f5ad848d,1,200,1,1
SQLi,filter,3,81362763763c392a,1,200,1,1
SQLi,filter,3,5d0e915d381623b5,1,200,1,1
SQLi,filter,3,3155939222c12ef9,1,200,1,1
SQLi,filter,3,73106301debbf2df,1,200,1,1
SQLi,filter,3,fd17b2cd679fd271,1,200,1,1
SQLi,filter,3,8877ef945c5d14fc,1,200,1,1
SQLi,filter,3,9679226dfebaa2f6,1,200,1,1
SQLi,filter,3,8dee5ae00fc4b4be,1,200,1,1
SQLi,filter,3,ffdc382724b0de10,1,200,1,1
SQLi,filter,3,001f57f9479d3a85,1,200,1,1
SQLi,filter,3,8bc13eb540931203,1,200,1,1
SQLi,filter,3,affe7e1131d8cb51,1,200,1,1
SQLi,filter,3,ef4cc2ca08db4752,1,200,1,1
SQLi,filter,3,d874791a40f6f5b2,1,200,1,1
SQLi,filter,3,3781bf0b46c456a0,1,200,1,1
SQLi,filter,3,d6f5b512030754a5,1,200,1,1
SQLi,filter,3,7dd4acfde8b26dca,1,200,1,1
SQLi,filter,3,2391ed80533e8ed5,1,200,1,1
SQLi,filter,3,769dd463fe541d98,1,200,1,1
SQLi,filter,3,9cd6ce9463335b40,1,200,1,1
SQLi,filter,3,bf08ea02b1c55de5,1,200,1,1
SQLi,filter,3,e97a5da5fae3e4a5,1,200,1,1
SQLi,filter,3,fc9cc1cde230bb6f,1,200,1,1
SQLi,filter,3,e934cbdf98329a5b,1,200,1,1
SQLi,filter,3,feae8a089d35f591,1,200,1,1
SQLi,filter,3,0195c01c666d8d87,1,200,1,1
SQLi,filter,3,b8c529cbae1bc0ff,1,200,1,1
SQLi,filter,3,ef1c197f1559eb9a,1,200,1,1
SQLi,filter,3,c1af89a8a46c46fe,1,200,1,1
SQLi,filter,3,9903c88064b76532,1,200,1,1
SQLi,filter,3,f85eb58c866c403d,1,200,1,1
SQLi,filter,3,07d2b35a7f21d3c5,1,200,1,1
SQLi,filter,3,1f805f27bad37ae9,1,200,1,1
SQLi,filter,3,2a4890a3024ce80e,1,200,1,1
SQLi,filter,3,1f17aef2ebc5a027,1,200,1,1
SQLi,filter,3,1ef4888954e897fc,1,200,1,1
SQLi,filter,3,85125642a8937261,1,200,1,1
SQLi,filter,3,7c005ccd19d5d8b4,1,200,1,1
SQLi,filter,3,1a3367a2b049ede6,1,200,1,1
SQLi,filter,3,19d13d68cf4c6d28,1,200,1,1
SQLi,filter,3,42093f40df4af35a,1,200,1,1
SQLi,filter,3,cb565a12d32554ff,1,200,1,1
SQLi,filter,3,d7492588592f4e6f,1,200,1,1
SQLi,filter,3,150c950d89366b82,1,200,1,1
SQLi,filter,3,c130f87433a9c465,0,,0,
SQLi,filter,3,55dbbe8004737ce8,1,200,1,1
SQLi,filter,3,36e9a03474d54c8a,0,,0,
SQLi,filter,3,85c780e1b7bb0b12,1,200,1,1
SQLi,login,3,5c9260a1582d4e39,0,,0,
SQLi,login,3,9a011e233ef58d77,1,200,1,1
SQLi,login,3,375e79a1cf525185,1,200,1,1
SQLi,login,3,62b9cd095776c89a,1,200,1,1
SQLi,login,3,3d2ac9b647ca9512,1,200,1,1
SQLi,login,3,c066fbf283e13c63,1,200,1,1
SQLi,login,3,4b6b3ea1e6bb6914,1,200,1,1
SQLi,login,3,ac97cc69462f446b,1,403,0,
SQLi,login,3,5465354fd658d5d2,1,200,1,1
SQLi,login,3,434fad611120e2e4,1,403,0,
SQLi,login,3,c72d6b79161eeb24,0,,0,
SQLi,login,3,7afaf429273dd26f,1,200,1,1
SQLi,login,3,0a60902ac53f3014,1,200,1,1
SQLi,login,3,36f038e2f7b4ed57,1,200,1,1
SQLi,login,3,8d0b51d4adb114e8,1,200,1,1
SQLi,login,3,4aa3f3e873ae8adc,1,200,1,1
SQLi,login,3,6c1a32ed47758d9a,1,403,0,
SQLi,login,3,06562f456f9a5de3,1,200,1,1
SQLi,login,3,f110b753de46e902,1,200,1,1
SQLi,login,3,be42d818c55e37cb,1,200,1,1
SQLi,login,3,3182ae81d707bd09,1,200,1,1
SQLi,login,3,4b490652268f0f5a,1,200,1,1
SQLi,login,3,b779bcb150291b37,1,200,1,1
SQLi,login,3,ac072e57973ee5dc,0,,0,
SQLi,login,3,9ad94ba565d100cb,1,200,1,1
SQLi,login,3,6431806631e71080,1,200,1,1
SQLi,login,3,9b9866d0cd5ed410,1,200,1,1
SQLi,login,3,b8fb045fb0af1835,0,,0,
SQLi,login,3,809a2438e98a31d6,0,,0,
SQLi,login,3,f39e7776ff8f75fe,0,,0,
SQLi,login,3,b9014c5886384196,1,200,1,1
SQLi,login,3,b252f3684e279f04,0,,0,
SQLi,login,3,246fc22a881faa48,1,200,1,1
SQLi,login,3,cc203eafc67ea671,1,200,1,1
SQLi,login,3,49a4adacb30372c3,1,200,1,1
SQLi,login,3,2fce4d98b6574404,0,,0,
SQLi,login,3,79c50120aa14ef9f,1,200,1,1
SQLi,login,3,ecb04b6d862c85c0,0,,0,
SQLi,login,3,8b46dcdd9e045ca1,0,,0,
SQLi,login,3,439229dcddb59a92,1,200,1,1
SQLi,login,3,aa6bb313d1b437a1,1,200,1,1
SQLi,login,3,6ed4bcb32c52e47e,1,200,1,1
SQLi,login,3,eaf5551dc0aa769a,1,200,1,1
SQLi,login,3,17a79ed1114196d8,0,,0,
SQLi,login,3,d0bb743b8c1af5d4,0,,0,
SQLi,login,3,0276dba7c57df444,0,,0,
SQLi,login,3,7993179e339c4ff4,0,,0,
SQLi,login,3,8b3c59d75c8890ff,1,200,1,1
SQLi,login,3,143d183cef6de6d7,1,200,1,1
SQLi,login,3,314c7c706816c5b3,0,,0,
SQLi,login,3,8628b5851fd6d7af,0,,0,
SQLi,login,3,ea7787fdbc25cbe3,1,200,1,1
SQLi,login,3,e4ce32c1e3ba36c6,1,200,1,1
SQLi,login,3,7858a4fd69d86300,0,,0,
SQLi,login,3,7c85e3006672aaad,1,200,1,1
SQLi,login,3,3fa2a86849ea8d3c,0,,0,
SQLi,login,3,c5230969310d354b,1,200,1,1
SQLi,login,3,162802c846a94475,0,,0,
SQLi,login,3,1f3444aed7ce23a0,0,,0,
SQLi,login,3,8da437ca9a1243aa,1,200,1,1
SQLi,login,3,00f2a46b1fff20be,0,,0,
SQLi,login,3,21cded5af267cc6d,1,200,1,1
SQLi,login,3,ae154d5ebb3723be,0,,0,
SQLi,login,3,d9cab2e11f0f1172,0,,0,
SQLi,login,3,fc1f147ae7d1b5cf,1,200,1,1
SQLi,login,3,13225aeb74d49d40,1,200,1,1
SQLi,login,3,893df568b41c69a8,1,200,1,1
SQLi,login,3,c5eb8b5c97751df8,1,200,1,1
SQLi,login,3,69256bd60df67778,0,,0,
SQLi,login,3,992a472bd6a60c47,1,200,1,1
SQLi,login,3,eb3ce864cec48019,1,200,1,1
SQLi,login,3,b7274af600e80ad4,0,,0,
SQLi,login,3,700a23a10d65e8d2,1,200,1,1
SQLi,login,3,ec0f48bd15d1eeed,1,200,1,1
SQLi,login,3,b02bd07421486fe5,0,,0,
SQLi,login,3,b3b000c4ac9f1f34,1,200,1,1
SQLi,login,3,53f92be06be12e81,1,200,1,1
SQLi,login,3,1bb3dfe8f09111b7,1,200,1,1
SQLi,login,3,74cc971fb59a9958,0,,0,
SQLi,login,3,2c5750d60b18e945,1,200,1,1
SQLi,login,3,d5e34c7ac2082eec,1,200,1,1
SQLi,login,3,0cc70b86a37faff8,1,200,1,1
SQLi,login,3,ffb266bc55fb0808,1,200,1,1
SQLi,login,3,a7690d648c345164,1,200,1,1
SQLi,login,3,0b5b32f4a0edafd1,1,403,0,
SQLi,login,3,c6719e2c3e77a801,1,200,1,1
SQLi,login,3,e5bcb6c9be76222c,1,200,1,1
SQLi,login,3,bc58a319adc1b695,1,200,1,1
SQLi,login,3,902dda87cc0ad672,1,200,1,1
SQLi,login,3,9b58d60bd62eb53f,1,200,1,1
SQLi,login,3,5e37688f9bd86433,1,200,1,1
SQLi,login,3,dc7ad99d0886b195,0,,0,
SQLi,login,3,d8fcd7cc9c634f74,0,,0,
SQLi,login,3,b83dd54fef8d9f59,1,200,1,1
SQLi,login,3,deaa256df38e1385,1,200,1,1
SQLi,login,3,b639c0ecee35b575,0,,0,
SQLi,login,3,c0578f68e8e722ce,0,,0,
SQLi,login,3,66303927fb3d99f5,1,200,1,1
SQLi,login,3,7d27ae22c8aa1bc3,1,200,1,1
SQLi,login,3,81c2880ccbab6759,1,200,1,1
SQLi,login,3,a1ecd931431a1106,1,200,1,1
SQLi,login,3,2b1ef026400c611a,1,200,1,1
SQLi,login,3,c92cbc58fc3e520d,1,200,1,1
SQLi,login,3,11db014409be3441,1,200,1,1
SQLi,login,3,d02db28b2501b1ba,1,200,1,1
SQLi,login,3,50f7bc1ddb0862a0,1,200,1,1
SQLi,login,3,3d21112462eb693c,1,200,1,1
SQLi,login,3,0faad42ab1c6addc,1,200,1,1
SQLi,login,3,99eebf5fd934d8d2,1,200,1,1
SQLi,login,3,17517cd12848a267,1,200,1,1
SQLi,login,3,aa7e9694643bf943,1,200,1,1
SQLi,login,3,1872034b982f889c,1,200,1,1
SQLi,login,3,42640194a2af4d8b,1,200,1,1
SQLi,login,3,7ea4a59117b39160,1,200,1,1
SQLi,login,3,94e3cccaeb739de7,1,200,1,1
SQLi,login,3,d77c642355b8df2c,1,200,1,1
SQLi,login,3,4594fa168af9b83b,1,200,1,1
SQLi,login,3,8f77a1e2ccfd5bef,1,200,1,1
SQLi,login,3,0af31e318d861a50,1,200,1,1
SQLi,login,3,76cb80decd909215,1,200,1,1
SQLi,login,3,57fd1642d804504a,1,200,1,1
SQLi,login,3,f18fcacf169d6cb5,1,200,1,1
SQLi,login,3,664792e5afbc178d,1,200,1,1
SQLi,login,3,35ea711630519328,1,200,1,1
SQLi,login,3,9fd195df8ddb4066,1,200,1,1
SQLi,login,3,337e856ea4053bae,1,200,1,1
SQLi,login,3,8180b004a132dc19,1,200,1,1
SQLi,login,3,4f7c2f61828c5c02,1,200,1,1
SQLi,login,3,54be767c97ead394,1,200,1,1
SQLi,login,3,75875aa015fb2b48,1,200,1,1
SQLi,login,3,9f481c6ad19b78a3,1,200,1,1
SQLi,login,3,a5b3e6272b06045a,1,200,1,1
SQLi,login,3,c1831e781cc6730c,1,200,1,1
SQLi,login,3,7440b84a0134e5ea,1,200,1,1
SQLi,login,3,26e90c1649386946,1,403,0,
SQLi,login,3,484a63f6ec6d0e04,1,200,1,1
SQLi,login,3,a5be16268cf1f44d,1,200,1,1
SQLi,login,3,92e87906dc1f38f6,1,200,1,1
SQLi,login,3,261bc4e95c04183a,1,200,1,1
SQLi,login,3,99989530f9fb6069,1,200,1,1
SQLi,login,3,20c40d5c1d71ac3a,1,200,1,1
SQLi,login,3,6df702c78a138e70,1,200,1,1
SQLi,login,3,4dd32f4c26af38d8,1,200,1,1
SQLi,login,3,e6fde89b9ce9d350,1,200,1,1
SQLi,login,3,9155ea9688de051f,1,200,1,1
SQLi,login,3,2263c96745566934,1,200,1,1
SQLi,login,3,89077793b837d97f,0,,0,
SQLi,login,3,e3151d914d18aec6,1,200,1,1
SQLi,login,3,ed3804da79998c9b,1,200,1,1
SQLi,login,3,c613a67e34d71351,1,200,1,1
SQLi,login,3,3e0630b6dd0b279b,1,200,1,1
SQLi,login,3,2bf14f00ae85d40d,1,200,1,1
SQLi,login,3,7afce44001fafcf2,1,200,1,1
SQLi,login,3,69fa76a069ef66ba,1,200,1,1
SQLi,login,3,c951dd72529e6af7,1,200,1,1
SQLi,login,3,96bc41764da210f6,1,200,1,1
SQLi,login,3,4fdb4bc52ecc4cf2,1,200,1,1
SQLi,login,3,c3342744fc747570,1,200,1,1
SQLi,login,3,aefa09bc376de2a5,1,200,1,1
SQLi,login,3,f8f2135da31aa47c,1,200,1,1
SQLi,login,3,ee6480a25686730a,1,200,1,1
SQLi,login,3,b30868f063288390,1,200,1,1
SQLi,login,3,cd1e9554f07ea111,1,200,1,1
SQLi,login,3,90b01d66ce115488,1,200,1,1
SQLi,login,3,37a3aa0c0382a908,1,200,1,1
SQLi,login,3,793acb6caf315035,1,200,1,1
SQLi,login,3,c696f5d936aede5f,1,200,1,1
SQLi,login,3,ad2ca4d02d251fa9,1,200,1,1
SQLi,login,3,8ff1bfdc937b1a4e,1,200,1,1
SQLi,login,3,6a94532bf6b12fcc,1,200,1,1
SQLi,login,3,584e3c20f1e524b0,1,200,1,1
SQLi,login,3,719e209598c1e68a,1,200,1,1
SQLi,login,3,bb7dd23c268fbec2,1,200,1,1
SQLi,login,3,cbb0079dfff75b13,1,200,1,1
SQLi,login,3,0e5ae3dfd5f8f840,1,200,1,1
SQLi,login,3,e4cbcbfafc6ccbad,1,200,1,1
SQLi,login,3,a188173bd5daed6c,1,200,1,1
SQLi,login,3,3189239eee9a4780,1,200,1,1
SQLi,login,3,92b87d9c207af9a6,1,200,1,1
SQLi,login,3,0746be053c5ac975,1,200,1,1
SQLi,login,3,460b44232cba8cdf,1,200,1,1
SQLi,login,3,1c2903ce2924e358,1,200,1,1
SQLi,login,3,9679a5d0079d2d44,1,200,1,1
SQLi,login,3,ffe8a9682a6937bc,1,200,1,1
SQLi,login,3,6095566ad0504758,1,200,1,1
SQLi,login,3,3941b4fb1c6fa8fe,1,200,1,1
SQLi,login,3,731b0dadb0276ec8,0,,0,
SQLi,login,3,54b2041aaea32e7c,1,200,1,1
SQLi,login,3,c18888b4a9541e41,1,200,1,1
SQLi,login,3,96cacc7049dca9a6,1,200,1,1
SQLi,login,3,2b18089be60d0f0a,1,200,1,1
SQLi,login,3,3607b8016a8247cd,1,200,1,1
SQLi,login,3,db8deefd4ec3008b,1,200,1,1
SQLi,login,3,ed109c0a913f7129,1,200,1,1
SQLi,login,3,27e8f17d88000cf5,1,200,1,1
SQLi,login,3,4e33d8f6bbe272d1,1,200,1,1
SQLi,login,3,cb2afdf4cbd060c8,1,200,1,1
SQLi,login,3,54ba1a5de19b2948,1,200,1,1
SQLi,login,3,a963624268b9e256,1,200,1,1
SQLi,login,3,161ca8844bbaeb99,1,200,1,1
SQLi,login,3,24cd8d3d46954ec0,1,200,1,1
SQLi,login,3,f659137bed295832,1,200,1,1
SQLi,login,3,d2f6d99872cca148,1,200,1,1
SQLi,login,3,10cd503092b0af2f,1,200,1,1
SQLi,login,3,0e2fe384f4bcde64,1,200,1,1
SQLi,login,3,228edb02b6499d33,1,200,1,1
SQLi,login,3,a6eb4f73c81fa0aa,1,200,1,1
SQLi,login,3,5cb83bc91d7cfe3a,1,200,1,1
SQLi,login,3,a7ef1309d8fb9193,1,200,1,1
SQLi,login,3,8a632063ecf7a04a,1,200,1,1
SQLi,login,3,44f2a00056b5755c,1,200,1,1
SQLi,login,3,6c7cc30498448b65,1,200,1,1
SQLi,login,3,593824ad7796e8da,1,200,1,1
SQLi,login,3,a72dcd944870c353,1,200,1,1
SQLi,login,3,121d83fff7dfb0aa,1,200,1,1
SQLi,login,3,22538c9aeb6118e3,1,200,1,1
SQLi,login,3,d613ae5655bd5d36,1,200,1,1
SQLi,login,3,da1c8e9cf76be085,1,200,1,1
SQLi,login,3,e4165dacd323ebc4,1,200,1,1
SQLi,login,3,eb9a8eb824d4d201,1,200,1,1
SQLi,login,3,96cb5fd1b662be09,1,200,1,1
SQLi,login,3,c480c0d3a0c2ae81,1,200,1,1
SQLi,login,3,450fad19055e1728,1,200,1,1
SQLi,login,3,1314a30b21d58995,1,200,1,1
SQLi,login,3,15f41fb0c776d116,1,200,1,1
SQLi,login,3,16e0cf06cbbd7e34,1,200,1,1
SQLi,login,3,d082b3f32263c9af,1,200,1,1
SQLi,login,3,1714945cf8e8fd80,1,200,1,1
SQLi,login,3,0f7cce4e68e0233b,1,200,1,1
SQLi,login,3,325fd0cde177e6c2,1,200,1,1
SQLi,login,3,6cf57e541bda05a1,1,200,1,1
SQLi,login,3,5834e99ac9f4d3da,1,200,1,1
SQLi,login,3,58c7160d991f19ef,1,200,1,1
SQLi,login,3,51e1434b04f7ba6b,1,200,1,1
SQLi,login,3,786c333536876a5f,1,200,1,1
SQLi,login,3,a38e831562e387c8,1,200,1,1
SQLi,login,3,6d3eda74442416fb,1,200,1,1
SQLi,login,3,84e17d49d9f6721c,1,200,1,1
SQLi,login,3,3b0c96deefa243c5,1,200,1,1
SQLi,login,3,cfa15819e8e9e234,1,200,1,1
SQLi,login,3,93b8e7b75688d490,1,200,1,1
SQLi,login,3,9eb0a08bf47cc16c,1,200,1,1
SQLi,login,3,82a9310fc3a2d29d,1,200,1,1
SQLi,login,3,d6a24e45e0b466ba,1,200,1,1
SQLi,login,3,b4defa742c4bf60b,1,200,1,1
SQLi,login,3,04b00faf05fcf604,1,200,1,1
SQLi,login,3,3c6b7da1295d502c,1,200,1,1
SQLi,login,3,af4872a669b6a88e,1,200,1,1
SQLi,login,3,42fecc21e8476031,1,200,1,1
SQLi,login,3,1023926910ebd151,1,200,1,1
SQLi,login,3,a7f0ab5ab0af1277,1,200,1,1
SQLi,login,3,e2d9cf939e78ab32,1,200,1,1
SQLi,login,3,a8bcfe0fefbc2202,1,200,1,1
SQLi,login,3,6ec3a591add7b99e,1,200,1,1
SQLi,login,3,d9e10fa1413803f2,1,200,1,1
SQLi,login,3,88685611883d073f,1,200,1,1
SQLi,login,3,bb1ac84c28f56e0d,1,200,1,1
SQLi,login,3,4533004e6b77d103,1,200,1,1
SQLi,login,3,a3e4a2e6230a9c29,1,200,1,1
SQLi,login,3,275bffca4bc07e31,1,200,1,1
SQLi,login,3,a5f2a89de32901ba,1,200,1,1
SQLi,login,3,e355bcafa09d2c9f,1,200,1,1
SQLi,login,3,6beabdb44d47f756,1,200,1,1
SQLi,login,3,76cac7e4abe80af2,1,200,1,1
SQLi,login,3,9a888631894cd4d5,1,200,1,1
SQLi,login,3,e39686917751c9f8,1,200,1,1
SQLi,login,3,15d96aab77822224,1,200,1,1
SQLi,login,3,498ce89e5c78284d,1,200,1,1
SQLi,login,3,987eb2b272b22c23,1,200,1,1
SQLi,login,3,9f71c755ae5744c4,1,200,1,1
SQLi,login,3,d6417422965d1769,1,200,1,1
SQLi,login,3,4cee18d75d423f4b,1,200,1,1
SQLi,login,3,493bcd779c586e2f,1,200,1,1
SQLi,login,3,2e0c0b5fd85acad2,1,200,1,1
SQLi,login,3,bd4a56a1cadd74a2,1,200,1,1
SQLi,login,3,9174fceb518dbe67,1,200,1,1
SQLi,login,3,e90273d24e2a6219,1,200,1,1
SQLi,login,3,4b5b8beb838adfe4,1,200,1,1
SQLi,login,3,4e14f9d9c1f64a7e,1,200,1,1
SQLi,login,3,fd786cd1ab0d67bc,1,200,1,1
SQLi,login,3,3804c624e3a1970c,1,200,1,1
SQLi,login,3,3461d2cdd9a4d1be,1,200,1,1
SQLi,login,3,f8f0992955936de9,1,200,1,1
SQLi,login,3,8906daf7be33d4a5,1,200,1,1
SQLi,login,3,b66c26128a50104a,1,200,1,1
SQLi,login,3,4fc23eee8f6f9eab,1,200,1,1
SQLi,login,3,dbaa55fd43f14343,1,200,1,1
SQLi,login,3,a7bdbbe34597c91b,1,200,1,1
SQLi,login,3,2eaa78af612c46aa,1,200,1,1
SQLi,login,3,f6b04fc978e2dbfe,1,200,1,1
SQLi,login,3,fe4654d23c82d0d6,1,200,1,1
SQLi,login,3,0076bf0fbde781f5,1,200,1,1
SQLi,login,3,2874bd63e0d976fa,1,200,1,1
SQLi,login,3,a67e9a0d24a24f38,1,200,1,1
SQLi,login,3,de6be4b4a19da5b5,1,200,1,1
SQLi,login,3,09718af8f30b6b92,1,200,1,1
SQLi,login,3,f5da4a13ddda0eaa,1,200,1,1
SQLi,login,3,5be8c5547eaa455d,1,200,1,1
SQLi,login,3,a9b289805f72db2b,1,200,1,1
SQLi,login,3,80b9909028de5a91,1,200,1,1
SQLi,login,3,547608616701121b,1,200,1,1
SQLi,login,3,89b52ac5607552d0,1,200,1,1
SQLi,login,3,b039e26ce5d08a33,1,200,1,1
SQLi,login,3,d4d0a2ca79a0566b,1,200,1,1
SQLi,login,3,de2feadc08cc178b,1,200,1,1
SQLi,login,3,81e1d7591980a821,1,200,1,1
SQLi,login,3,af0a829f36923269,1,200,1,1
SQLi,login,3,4163d6496fce8182,1,200,1,1
SQLi,login,3,2b6c22571ed73b30,1,200,1,1
SQLi,login,3,ef036db5093ac0cd,1,200,1,1
SQLi,login,3,37815bc9ab685045,1,200,1,1
SQLi,login,3,c73d679278e3ae19,1,200,1,1
SQLi,login,3,3f8b1dcd6df254fc,1,200,1,1
SQLi,login,3,6ae401da6dc37ec9,1,200,1,1
SQLi,login,3,c192f17cde195bc8,1,200,1,1
SQLi,login,3,ba0e6f5b0e86dbe0,1,200,1,1
SQLi,login,3,3666387c9ce4b554,1,200,1,1
SQLi,login,3,f81925a3d88dd445,1,200,1,1
SQLi,login,3,58c127c8c8b0d1e7,1,200,1,1
SQLi,login,3,f75cb3c592247484,1,200,1,1
SQLi,login,3,ff433140ce3815d2,1,200,1,1
SQLi,login,3,4608c6feafb858e5,1,200,1,1
SQLi,login,3,1dd96df4f71c700f,1,200,1,1
SQLi,login,3,273d0c43dc9a59b6,1,200,1,1
SQLi,login,3,f5de5e880616b280,1,200,1,1
SQLi,login,3,308e995b63baf703,1,200,1,1
SQLi,login,3,6c651a5dd95ff505,1,200,1,1
SQLi,login,3,064c80cbb9aa4f24,1,200,1,1
SQLi,login,3,c18f3b6362cf0825,1,200,1,1
SQLi,login,3,eb572066a564230e,1,200,1,1
SQLi,login,3,98ec93314a2aa6d0,1,200,1,1
SQLi,login,3,8a0586f5b0f635be,1,200,1,1
SQLi,login,3,0da69aa94feb1ec5,0,,0,
SQLi,login,3,0a9d2711e6f54781,1,200,1,1
SQLi,login,3,0c39be53b713f258,1,200,1,1
SQLi,login,3,3f756bc23ab1aa8e,1,200,1,1
SQLi,login,3,7910c8a00a1d5a4b,1,200,1,1
SQLi,login,3,15d1fa491614c869,1,200,1,1
SQLi,login,3,5081472ecc42b889,1,200,1,1
SQLi,login,3,b06912c361d285fc,1,200,1,1
SQLi,login,3,ff6194a6fdb171ae,1,200,1,1
SQLi,login,3,51bd816ab0b7899f,1,200,1,1
SQLi,login,3,d73ce79fa1d14273,1,200,1,1
SQLi,login,3,09e98c74c89d163d,1,200,1,1
SQLi,login,3,bbbdda7de8616367,1,200,1,1
SQLi,login,3,17c8c8fdee96eabb,1,200,1,1
SQLi,login,3,06f07c7d16c94c24,1,200,1,1
SQLi,login,3,e80aeb24ef19168d,1,200,1,1
SQLi,login,3,f90c4a18b2126e22,0,,0,
SQLi,login,3,7d5e6c26809ead81,1,200,1,1
SQLi,login,3,f5a474eaeb605d28,1,200,1,1
SQLi,login,3,fc3cb534fddedbe4,1,200,1,1
SQLi,login,3,50df374868faa631,0,,0,
SQLi,login,3,bccd68fffab943e5,1,200,1,1
SQLi,login,3,3be1dd10e522bf84,1,200,1,1
SQLi,login,3,4b856ca8747c8d57,1,200,1,1
SQLi,login,3,f8d01e1fcf8c1c8b,1,200,1,1
SQLi,login,3,9041d60c25f22143,1,200,1,1
SQLi,login,3,7fcb949bc4a722a8,1,200,1,1
SQLi,login,3,11415019e89a81eb,1,200,1,1
SQLi,login,3,ac6a6c5e8498a246,1,200,1,1
SQLi,login,3,086a4c1a667afc3f,1,200,1,1
SQLi,login,3,571c3d333a251d12,1,200,1,1
SQLi,login,3,cc1354d9f77efc39,1,200,1,1
SQLi,login,3,2b2d881a71eae462,1,200,1,1
SQLi,login,3,78b3cb6e102f85bf,0,,0,
SQLi,login,3,f6a9b8705287e7db,1,200,1,1
SQLi,login,3,f991690d4b08a075,1,200,1,1
SQLi,login,3,f1289b9e502419e7,0,,0,
SQLi,login,3,3ca2758cd12479f5,1,200,1,1
SQLi,login,3,35eba1f7045279f7,1,200,1,1
SQLi,login,3,488ba624f13ba1f8,1,200,1,1
SQLi,login,3,27308cecf9ed9ac6,0,,0,
SQLi,login,3,54fad83ed8e2ca85,1,200,1,1
SQLi,login,3,ab4c2446dd443337,1,200,1,1
SQLi,login,3,9be4d2d168de10e2,1,200,1,1
SQLi,login,3,10288d005036173c,0,,0,
SQLi,login,3,a04120fed0578578,1,200,1,1
SQLi,login,3,9b6d4a94b4524264,1,200,1,1
SQLi,login,3,874dfef0774523a1,1,200,1,1
SQLi,login,3,a3ec0ec5837f64ff,0,,0,
SQLi,login,3,c0ba0336a0ead3dd,1,200,1,1
SQLi,login,3,ab5a391afa65223d,1,200,1,1
SQLi,login,3,4e15d391e95e1ce6,1,200,1,1
SQLi,login,3,4f7166bdb57de13d,1,200,1,1
SQLi,login,3,b5f7929fe535241c,1,200,1,1
SQLi,login,3,b35d60748ceb5744,1,200,1,1
SQLi,login,3,c1a09a97793ccc4d,1,200,1,1
SQLi,login,3,d1883cd3c507b457,1,200,1,1
SQLi,login,3,64b402c690a9d7c7,1,200,1,1
SQLi,login,3,c3827dee6ddc8b9f,1,200,1,1
SQLi,login,3,9bcccd69d70e5d06,1,200,1,1
SQLi,login,3,993f085673f19da9,1,200,1,1
SQLi,login,3,a7e473a892e86c40,1,200,1,1
SQLi,login,3,07e9f467a9187539,1,200,1,1
SQLi,login,3,0f19978a7242623d,1,200,1,1
SQLi,login,3,8ff48a4642c6d173,1,200,1,1
SQLi,login,3,7e65fe826ae326d5,1,200,1,1
SQLi,login,3,f49c4a6432429c5b,1,200,1,1
SQLi,login,3,81a29ef5638fa1a0,1,200,1,1
SQLi,login,3,02b44b3779b10201,1,200,1,1
SQLi,login,3,787a140b32651986,1,200,1,1
SQLi,login,3,6b9d4ca41a1e6f8a,1,200,1,1
SQLi,login,3,e1b8d0a520cb0264,1,200,1,1
SQLi,login,3,086e1822135c7a3b,1,200,1,1
SQLi,login,3,8b3505fbe58c2fee,1,200,1,1
SQLi,login,3,8988e7e5b55c432c,1,200,1,1
SQLi,login,3,f3fa0d9f411ed7d6,1,200,1,1
SQLi,login,3,20492810030ca989,1,200,1,1
SQLi,login,3,80de2950de9a8734,1,200,1,1
SQLi,login,3,51b713ee3c918263,1,200,1,1
SQLi,login,3,bab1b07846fcc729,1,200,1,1
SQLi,login,3,6387eb40751e1c8e,1,200,1,1
SQLi,login,3,5f096372f10de406,1,200,1,1
SQLi,login,3,29fcfadc60ad9a3d,1,200,1,1
SQLi,login,3,f3fe8de3aafb624d,1,200,1,1
SQLi,login,3,68f34e86f5d9299a,1,200,1,1
SQLi,login,3,6c6b0125b336580e,1,200,1,1
SQLi,login,3,4a6d13fb89cdf2cc,1,200,1,1
SQLi,login,3,6969ed19b5f8ed59,1,200,1,1
SQLi,login,3,2f688b1debd3ecb6,1,200,1,1
SQLi,login,3,1e5840317e855121,1,200,1,1
SQLi,login,3,56bea5737caf8052,1,200,1,1
SQLi,login,3,7a7a9b1e59b51329,1,200,1,1
SQLi,login,3,9b34a0d57a1f2cdc,1,200,1,1
SQLi,login,3,235b3b41b5d78071,1,200,1,1
SQLi,login,3,7c226c994c519404,1,200,1,1
SQLi,login,3,8c3d7d86e11b1bd0,1,200,1,1
SQLi,login,3,92cc331873167ff7,1,200,1,1
SQLi,login,3,7d495312ef0681e8,1,200,1,1
SQLi,login,3,5dd5edae8749c20c,1,200,1,1
SQLi,login,3,b7b126facafc6a27,1,200,1,1
SQLi,login,3,bf86f4950cca0c9c,1,200,1,1
SQLi,login,3,3a4f47392d7ea00e,1,200,1,1
SQLi,login,3,62c25d5bfa3ab787,1,200,1,1
SQLi,login,3,2824dad44d75bf1a,1,200,1,1
SQLi,login,3,4b7be7822ef0a714,1,200,1,1
SQLi,login,3,cfa54a673a9f0b1f,1,200,1,1
SQLi,login,3,f6a525a19b6d7ead,1,200,1,1
SQLi,login,3,7036c1ac75c2f181,1,200,1,1
SQLi,login,3,9fca3281ec224383,1,200,1,1
SQLi,login,3,3b0cf4a054d7866d,1,200,1,1
SQLi,login,3,7961002fc1d7ea41,1,200,1,1
SQLi,login,3,d54cc302a50ef0dc,1,200,1,1
SQLi,login,3,dafb6512a9fbb49d,1,200,1,1
SQLi,login,3,ce39e72b517b3a7b,1,200,1,1
SQLi,login,3,39ac55fc5e8f6fd4,1,200,1,1
SQLi,login,3,a06aa4094bbe8203,1,200,1,1
SQLi,login,3,9df3f6ea889f0f4f,1,200,1,1
SQLi,login,3,c9ad7dac3ff719a3,1,200,1,1
SQLi,login,3,6b46964f7b0a7672,1,200,1,1
SQLi,login,3,e4cb047c3e6672f5,1,200,1,1
SQLi,login,3,a321dd91de09c0da,1,200,1,1
SQLi,login,3,7fba241466bcc070,1,200,1,1
SQLi,login,3,6111afd1810380e9,1,200,1,1
SQLi,login,3,dfe2abb3bef03431,1,200,1,1
SQLi,login,3,c6aed9d7b16cf109,1,200,1,1
SQLi,login,3,76344ce586652a23,1,200,1,1
SQLi,login,3,7b452cc85322ac7c,1,200,1,1
SQLi,login,3,11eba8c931ea6847,1,200,1,1
SQLi,login,3,c5195c49fd07f36d,1,200,1,1
SQLi,login,3,0f6648b44517fe0f,1,200,1,1
SQLi,login,3,46c71f0d570c96ba,1,200,1,1
SQLi,login,3,81520f8ac766393c,1,200,1,1
SQLi,login,3,410f3f8cfa73f2e7,1,200,1,1
SQLi,login,3,19ba6531b5be1b68,1,200,1,1
SQLi,login,3,aac1b185ff9be439,1,200,1,1
SQLi,login,3,24310c255262b29d,1,200,1,1
SQLi,login,3,6524bf583c52cee8,1,200,1,1
SQLi,login,3,8e42b1576c7ece98,1,200,1,1
SQLi,login,3,50b16ac063e84ad0,1,200,1,1
SQLi,login,3,0dca4baa9a9cf736,1,200,1,1
SQLi,login,3,04eea897a177e876,1,200,1,1
SQLi,login,3,c3f5306a042d5799,1,200,1,1
SQLi,login,3,8660bfd9e4ea8571,1,200,1,1
SQLi,login,3,c2e9e7863904d236,1,200,1,1
SQLi,login,3,bfde03a46e54c8ce,1,200,1,1
SQLi,login,3,77d241309a6b607c,1,200,1,1
SQLi,login,3,114ac1426f852fbd,1,200,1,1
SQLi,login,3,9ac055e0a7a8bea2,1,200,1,1
SQLi,login,3,905c0a4121e10209,1,200,1,1
SQLi,login,3,f61b6e26cc9ef199,1,200,1,1
SQLi,login,3,6de5dad0617024ae,1,200,1,1
SQLi,login,3,162f0e77c88e8471,1,200,1,1
SQLi,login,3,94c894f77054a0e6,1,200,1,1
SQLi,login,3,d205494daf571b82,1,200,1,1
SQLi,login,3,5b7a8ec1da1bcf81,1,200,1,1
SQLi,login,3,eab4898e1874e944,1,200,1,1
SQLi,login,3,f4b89b328d02364d,1,200,1,1
SQLi,login,3,f376e461fb1532c8,1,200,1,1
SQLi,login,3,43e8f45f3aae2783,1,200,1,1
SQLi,login,3,cd937c48484f3d55,1,200,1,1
SQLi,login,3,01e6095f9c6cc00a,1,200,1,1
SQLi,login,3,f65358d0725259f9,1,200,1,1
SQLi,login,3,006e1c4ccf560184,1,200,1,1
SQLi,login,3,bd48fa1bc64e5633,1,200,1,1
SQLi,login,3,e5c82c69f22c1289,1,200,1,1
SQLi,product,3,1071215ebea66d3f,1,200,1,1
SQLi,product,3,19d8f7d6e371afba,1,200,1,1
SQLi,product,3,4789857abca0f7f3,1,200,1,1
SQLi,product,3,8189a61f8128a227,1,200,1,1
SQLi,product,3,dcfa10ee9850e3e5,1,200,1,1
SQLi,product,3,2c1736e6939d43b1,1,200,1,1
SQLi,product,3,2fa0aa61ec405b45,1,200,1,1
SQLi,product,3,06d24b6a82cd18b0,1,200,1,1
SQLi,product,3,a8f8b97f84143dbc,1,200,1,1
SQLi,product,3,f8644ac6bcb5a719,1,200,1,1
SQLi,product,3,a8bdb252e6859b86,1,200,1,1
SQLi,product,3,0a4602f452e0c4c8,1,200,1,1
SQLi,product,3,6f565f81ef61e953,1,200,1,1
SQLi,product,3,352b41c3f482bc69,1,200,1,1
SQLi,product,3,2658d19cec952b6b,1,200,1,1
SQLi,product,3,55fa2a4b59b3387d,1,200,1,1
SQLi,product,3,10243aa1acd1220f,1,200,1,1
SQLi,product,3,86f217e45108db90,1,200,1,1
SQLi,product,3,f33e98f4815ddeea,1,200,1,1
SQLi,product,3,fbe59d2567e9ac9f,1,200,1,1
SQLi,product,3,72243ba7294d4351,1,200,1,1
SQLi,product,3,3bbb24d71c35159e,1,200,1,1
SQLi,product,3,fc9253131446e62b,1,200,1,1
SQLi,product,3,ef49ea2cdbd7f048,1,200,1,1
SQLi,product,3,e7741e9023627b4c,1,200,1,1
SQLi,product,3,154be2ce2b5714a3,1,200,1,1
SQLi,product,3,dd6de64d6f3e4f9b,1,200,1,1
SQLi,product,3,2fe3facc088e55d1,1,200,1,1
SQLi,product,3,067fbeaa8c6dcac4,1,200,1,1
SQLi,product,3,9f76550918a941a9,1,200,1,1
SQLi,product,3,0b509eb0fc66dbda,1,200,1,1
SQLi,product,3,c41f673126bbc3e1,1,200,1,1
SQLi,product,3,875897a754989458,1,200,1,1
SQLi,product,3,a89912172a2401d4,1,200,1,1
SQLi,product,3,90d8a48581079905,0,,0,
SQLi,product,3,8354e12a1ce820c6,1,200,1,1
SQLi,product,3,175590f8e7d7be07,0,,0,
SQLi,product,3,abb8fe6cf1a47a32,1,200,1,1
SQLi,product,3,053daf6762eb2e91,1,200,1,1
SQLi,product,3,ea8f4a6fee5e47b0,1,200,1,1
SQLi,product,3,f7c07b4b4f75f19e,1,200,1,1
SQLi,product,3,dfaebc158c2e1fb5,0,,0,
SQLi,product,3,65a843447f249a56,1,200,1,1
SQLi,product,3,7cb078f59530f842,0,,0,
SQLi,product,3,fc85839dbe44a849,0,,0,
SQLi,product,3,44fd68cd266059e3,1,200,1,1
SQLi,product,3,5f270772d38a6d0c,0,,0,
SQLi,product,3,f98af12806954be9,1,200,1,1
SQLi,product,3,ac4bf54de50b842d,0,,0,
SQLi,product,3,c8a15f266b28cb86,1,200,1,1
SQLi,product,3,a9811b520c810534,1,200,1,1
SQLi,product,3,50b2dcd65b64d1ed,1,200,1,1
SQLi,product,3,c8de326896d76bf4,1,200,1,1
SQLi,product,3,29ca1edbedfd3c0a,1,200,1,1
SQLi,product,3,8e3550e86aedf761,1,200,1,1
SQLi,product,3,2b39e45bfe046406,1,200,1,1
SQLi,product,3,edcd9e0be38f505e,1,200,1,1
SQLi,product,3,136e2baf36e01df4,1,200,1,1
SQLi,product,3,35a4849fae34bdac,1,200,1,1
SQLi,product,3,90de5a8992c0fc3b,1,200,1,1
SQLi,product,3,4b8b43c7596bbe75,1,200,1,1
SQLi,product,3,9e67e9d8a42a0dda,1,200,1,1
SQLi,product,3,1898e37a77c129c1,1,200,1,1
SQLi,product,3,3372ddb7643884e8,1,200,1,1
SQLi,product,3,6e17cb3db4a72256,1,200,1,1
SQLi,product,3,3b59d6b5e09d068c,1,200,1,1
SQLi,product,3,07338e2dd82ebb7a,1,200,1,1
SQLi,product,3,e61dbe0407f73e69,1,200,1,1
SQLi,product,3,d033d3966628ca50,1,200,1,1
SQLi,product,3,f18ba8812ea250eb,1,200,1,1
SQLi,product,3,9fe34329f2585898,1,200,1,1
SQLi,product,3,2d40dcfdb79e5fc1,1,200,1,1
SQLi,product,3,8f0888b7d5c5c44f,1,200,1,1
SQLi,product,3,9b23720e591352f0,1,200,1,1
SQLi,product,3,8219ff8c4c3c689a,1,200,1,1
SQLi,product,3,fff89ddac54a89d1,1,200,1,1
SQLi,product,3,cb2b00a6bc9162a2,1,200,1,1
SQLi,product,3,81af93d36746a35a,1,200,1,1
SQLi,product,3,da4d8673aa2d6267,1,200,1,1
SQLi,product,3,93efcba3530b891c,1,200,1,1
SQLi,product,3,347ce21f0c1c7997,1,200,1,1
SQLi,product,3,ef870421eb87e368,1,200,1,1
SQLi,product,3,632e70b44453226d,1,200,1,1
SQLi,product,3,be728fdea6dcfaeb,1,200,1,1
SQLi,product,3,74b6871149a5b0b7,1,200,1,1
SQLi,product,3,685589a48f2b8d94,1,200,1,1
SQLi,product,3,647931087f9fea6b,1,200,1,1
SQLi,product,3,07135139b0128f38,1,200,1,1
SQLi,product,3,df8b18a6e7eaf93e,1,200,1,1
SQLi,product,3,1b05e98e06e3f3b6,1,200,1,1
SQLi,product,3,e3d74f2d2ef9e9ee,1,403,0,
SQLi,product,3,949c8a53fd133aa1,1,200,1,1
SQLi,product,3,e1d1d117510a4bf8,0,,0,
SQLi,product,3,ef9abe20f306a970,1,200,1,1
SQLi,product,3,b87506935f1b74b4,1,200,1,1
SQLi,product,3,980678ad7b0bbe59,1,200,1,1
SQLi,product,3,b96d38fed237d7e3,1,200,1,1
SQLi,product,3,27327368fc7a2b3b,0,,0,
SQLi,product,3,2d09eb56f289d4fa,1,200,1,1
SQLi,product,3,f9114f7583e3f159,1,200,1,1
SQLi,product,3,696563a9984c0996,1,200,1,1
SQLi,product,3,bb03507063272117,1,200,1,1
SQLi,product,3,96f3acd463944dc9,1,200,1,1
SQLi,product,3,d074fbfad34c9233,1,200,1,1
SQLi,product,3,5fc6cc61d95a6978,1,200,1,1
SQLi,product,3,2f180a164cdb3002,1,200,1,1
SQLi,product,3,e83ec5da90ed0658,1,200,1,1
SQLi,product,3,e5f9f07a65ca713e,1,200,1,1
SQLi,product,3,2be9c7184c2a57e0,1,200,1,1
SQLi,product,3,aac9a124c1423957,1,200,1,1
SQLi,product,3,c3d9f4986fc34143,1,200,1,1
SQLi,product,3,95762871c4a99ebb,1,200,1,1
SQLi,product,3,41699567c0b2f8e8,1,200,1,1
SQLi,product,3,7cb6e5593cf945fa,1,200,1,1
SQLi,product,3,96890d3713f9c85e,1,200,1,1
SQLi,product,3,4212442ca6625767,1,200,1,1
SQLi,product,3,2d48cb226e97c03b,1,200,1,1
SQLi,product,3,c8570b1bcaa0282e,1,200,1,1
SQLi,product,3,9c31c8226a842822,1,200,1,1
SQLi,product,3,285e7e84893fbbbe,1,200,1,1
SQLi,product,3,c07ae674d9981217,1,200,1,1
SQLi,product,3,b1b7f8f044c00bff,1,200,1,1
SQLi,product,3,a21859d9db15fd3f,1,200,1,1
SQLi,product,3,8451e4f3afdc301b,1,200,1,1
SQLi,product,3,27b38458523d726c,1,200,1,1
SQLi,product,3,26264bb702bf8002,1,200,1,1
SQLi,product,3,75804eb9a3646d7a,1,200,1,1
SQLi,product,3,8c4e107fe736d7ca,1,200,1,1
SQLi,product,3,2ac0a72cdcef33b0,1,200,1,1
SQLi,product,3,e238ab6284bc3e3b,1,200,1,1
SQLi,product,3,51a7a6d63e623349,1,200,1,1
SQLi,product,3,2cc269bbe4c65d4c,1,200,1,1
SQLi,product,3,f38410155c08db12,1,200,1,1
SQLi,product,3,e97b3d3bf2e494f3,1,200,1,1
SQLi,product,3,2ad8dc524a561942,1,200,1,1
SQLi,product,3,85a0f41ac1f2754e,1,200,1,1
SQLi,product,3,a4520fa23bdd8026,1,200,1,1
SQLi,product,3,64ae2df393837b4a,1,200,1,1
SQLi,product,3,88d5178d705f8ebc,1,200,1,1
SQLi,product,3,5e3bc8b997ed0526,1,200,1,1
SQLi,product,3,6e3cb0037c3663d4,1,200,1,1
SQLi,product,3,44f731d32ed335fe,1,200,1,1
SQLi,product,3,aa55b382ec159c44,1,200,1,1
SQLi,product,3,eab75de96808003f,0,,0,
SQLi,product,3,36123e2a0b292608,1,200,1,1
SQLi,product,3,ad254299db117774,1,200,1,1
SQLi,product,3,db92bbddbdc05d1c,1,200,1,1
SQLi,product,3,dfe916ba70c8e678,1,200,1,1
SQLi,product,3,1579d90036c6c176,1,200,1,1
SQLi,product,3,f2e1a63507ebc51a,1,200,1,1
SQLi,product,3,e39b5db1696116c7,1,200,1,1
SQLi,product,3,596923c4f6f6444a,1,200,1,1
SQLi,product,3,680d804ac0037541,1,200,1,1
SQLi,product,3,1f823296a3fd574b,1,200,1,1
SQLi,product,3,c69c2012c248d419,1,200,1,1
SQLi,product,3,e58677a4187dac28,1,200,1,1
SQLi,product,3,795804bef72c9d45,1,200,1,1
SQLi,product,3,b8ca134db3e9c671,1,200,1,1
SQLi,product,3,55371fc34d595193,1,200,1,1
SQLi,product,3,c86e772be6d45f64,1,200,1,1
SQLi,product,3,bd9ad09dc856941f,0,,0,
SQLi,product,3,6f3c99d8cbe7d180,1,200,1,1
SQLi,product,3,eba4e6c19b8bfd60,1,200,1,1
SQLi,product,3,baad78834493d8fb,1,200,1,1
SQLi,product,3,a5b8a9674ca0ba62,1,200,1,1
SQLi,product,3,08fa0ae363ff587e,1,200,1,1
SQLi,product,3,58bac09f607f4831,1,200,1,1
SQLi,product,3,d4dc5dd2f6456719,1,200,1,1
SQLi,product,3,11838acbfe11645b,1,200,1,1
SQLi,product,3,7eca1132e0de8dff,1,200,1,1
SQLi,product,3,5e6a7f1f255090b5,1,200,1,1
SQLi,product,3,8b5cf1cd416879df,1,200,1,1
SQLi,product,3,c2a9cdea2da89802,1,200,1,1
SQLi,product,3,525adbfc040a29fe,1,200,1,1
SQLi,product,3,3cd34d3e68b88a24,1,200,1,1
SQLi,product,3,8a03a62ddbd62c82,1,200,1,1
SQLi,product,3,51402432aa44eab4,1,200,1,1
SQLi,product,3,11017e475aa109b9,1,200,1,1
SQLi,product,3,4cbea18f202d4aac,1,200,1,1
SQLi,product,3,5a1e07f3a99b5037,1,200,1,1
SQLi,product,3,6445d857bd3877b1,1,200,1,1
SQLi,product,3,cc23dab35750ad17,1,200,1,1
SQLi,product,3,09542f54578dcaea,1,200,1,1
SQLi,product,3,b1a7e334ba5b0a59,1,200,1,1
SQLi,product,3,6ba908b12cdfbc9f,1,200,1,1
SQLi,product,3,d3cabdd458d6a306,1,200,1,1
SQLi,product,3,93996d34aac6b856,1,200,1,1
SQLi,product,3,75f70c2bed9d9297,1,200,1,1
SQLi,product,3,2ccfbe857943efad,1,200,1,1
SQLi,product,3,2a74fdf07bf8c007,0,,0,
SQLi,product,3,06129f00e460902e,0,,0,
SQLi,product,3,7654b6a77c4ea6a3,1,200,1,1
SQLi,product,3,123fb34f3ed129a3,1,200,1,1
SQLi,product,3,abc5a52e9737cf88,1,200,1,1
SQLi,product,3,7420b42cd52afd42,1,200,1,1
SQLi,product,3,5396c4632e0f7f88,1,200,1,1
SQLi,product,3,354a9c6e83f7565d,1,200,1,1
SQLi,product,3,b15d70bd918b4c7a,1,200,1,1
SQLi,product,3,8c96a63359034602,1,200,1,1
SQLi,product,3,78faf02bb548aa3e,1,200,1,1
SQLi,product,3,73477d01fad1fd19,1,200,1,1
SQLi,product,3,717742a8e8dc6220,1,200,1,1
SQLi,product,3,7eb8a949b9039f51,1,200,1,1
SQLi,product,3,02e9a69e4649c657,1,200,1,1
SQLi,product,3,5c97cb99aaf165a0,0,,0,
SQLi,product,3,c05a0b6703f9065c,1,200,1,1
SQLi,product,3,addcf69262470599,1,200,1,1
SQLi,product,3,2c002223f81e3ac7,1,200,1,1
SQLi,product,3,3e85f0825b506397,1,200,1,1
SQLi,product,3,930b78fde77cf488,1,200,1,1
SQLi,product,3,785486bc796ec7f3,0,,0,
SQLi,product,3,1934b5553e5b2cfb,1,200,1,1
SQLi,product,3,20e0847c26ea06f6,1,200,1,1
SQLi,product,3,49a026ce89da75ae,1,200,1,1
SQLi,product,3,9c6e9c4b131eb455,1,200,1,1
SQLi,product,3,768ce772914caac4,1,200,1,1
SQLi,product,3,a20e67156284b8cb,0,,0,
SQLi,product,3,3c2aec6c18e09634,1,200,1,1
SQLi,product,3,ffb2c7cce3b4e9f6,1,200,1,1
SQLi,product,3,ae8742ee153449cd,1,200,1,1
SQLi,product,3,f5c6b8c01d18210a,1,200,1,1
SQLi,product,3,3e41e1cfe610033d,1,200,1,1
SQLi,product,3,77f7d54a11963b1c,1,200,1,1
SQLi,product,3,2489be0cf5abc688,1,200,1,1
SQLi,product,3,d7611a7f0a97b8f7,1,200,1,1
SQLi,product,3,ace35b7ef62e2c1b,1,200,1,1
SQLi,product,3,850e2cdf9b0606a1,1,200,1,1
SQLi,product,3,c55f0520b463548d,1,200,1,1
SQLi,product,3,aaa32e963b90369c,0,,0,
SQLi,product,3,84068781b6d97c47,1,200,1,1
SQLi,product,3,f9333cde51e4ee8e,1,200,1,1
SQLi,product,3,560e2ff27b85c4fa,1,200,1,1
SQLi,product,3,cdcc6e29f6e8de15,1,200,1,1
SQLi,product,3,121962da2deadc3e,1,200,1,1
SQLi,product,3,7c4ae956c2d88126,1,200,1,1
SQLi,product,3,91cec00a2cc77ea5,1,200,1,1
SQLi,product,3,9e7b1b75ccf3561e,0,,0,
SQLi,product,3,6e391fe138c502fd,1,200,1,1
SQLi,product,3,a03265a106bcbc27,1,200,1,1
SQLi,product,3,b150fc2eaeebc7e0,1,200,1,1
SQLi,product,3,bed67b20747f3cae,1,200,1,1
SQLi,product,3,9b662590a39ba714,1,200,1,1
SQLi,product,3,40025a5b01165598,1,200,1,1
SQLi,product,3,79f6f0d727e3b175,1,200,1,1
SQLi,product,3,ce82e4dafbf5d517,1,200,1,1
SQLi,product,3,ca43292a953d7d66,1,200,1,1
SQLi,product,3,cbfe0586c8cd604a,1,200,1,1
SQLi,product,3,0da686dd8b4e8249,1,200,1,1
SQLi,product,3,57d7c6447211d3d4,1,200,1,1
SQLi,product,3,0ad84f0c9018bd46,1,200,1,1
SQLi,product,3,52e07b77b56bf838,1,200,1,1
SQLi,product,3,53361716d1ea27bc,1,200,1,1
SQLi,product,3,82b3682658dcbb06,1,200,1,1
SQLi,product,3,67a7e651930d0ad2,1,200,1,1
SQLi,product,3,08f1cf0315432ab2,1,200,1,1
SQLi,product,3,192e1300951ce17c,1,200,1,1
SQLi,product,3,06c6a6e6833a409e,1,200,1,1
SQLi,product,3,733072e46c68f0ce,1,200,1,1
SQLi,product,3,3193a1a387a37453,1,200,1,1
SQLi,product,3,02e8c97492187018,1,200,1,1
SQLi,product,3,975df0c48f6ccdc3,1,200,1,1
SQLi,product,3,829eeb3ae7812377,1,200,1,1
SQLi,product,3,c3fb1f84934c5ded,1,200,1,1
SQLi,product,3,ee52b4f2de201f7d,1,200,1,1
SQLi,product,3,7558e530fe610035,1,200,1,1
SQLi,product,3,fac75b06d973dfe1,1,200,1,1
SQLi,product,3,2f858dfbdd57ab7f,1,200,1,1
SQLi,product,3,248cf9e4e86794f2,1,200,1,1
SQLi,product,3,502ea94f10a86459,1,200,1,1
SQLi,product,3,d387294bd3afc7d5,1,200,1,1
SQLi,product,3,2f94a6047cbe5f11,1,200,1,1
SQLi,product,3,e84d6cbb3a58c208,1,200,1,1
SQLi,product,3,9f5131dc3eb079c4,1,200,1,1
SQLi,product,3,e4df8649620efc5f,1,200,1,1
SQLi,product,3,d41234ef234c81b0,1,200,1,1
SQLi,product,3,40661065759e6aee,1,200,1,1
SQLi,product,3,f1aa41149ef86fe4,1,200,1,1
SQLi,product,3,5cf9abdcc50ed194,1,200,1,1
SQLi,product,3,6c6b1aad55c47ea5,1,200,1,1
SQLi,product,3,950897cbb86a2793,1,200,1,1
SQLi,product,3,0bc3b9238ec36103,1,200,1,1
SQLi,product,3,cfb1050d98b7695b,1,200,1,1
SQLi,product,3,40d315ec8defff84,1,200,1,1
SQLi,product,3,84d8637efc7d8883,1,200,1,1
SQLi,product,3,9bc5ef15fcc29665,1,200,1,1
SQLi,product,3,1850666940a81c24,1,200,1,1
SQLi,product,3,01f555742eb8e388,1,200,1,1
SQLi,product,3,2504c843a5b22007,1,200,1,1
SQLi,product,3,280a0df7c0761b0c,1,200,1,1
SQLi,product,3,d54fa814498528e7,1,200,1,1
SQLi,product,3,78b2146a2f990bc7,1,200,1,1
SQLi,product,3,efcaab8fc5b91634,1,200,1,1
SQLi,product,3,674945cbb1ee4b1a,1,200,1,1
SQLi,product,3,a091754b805e85e6,1,200,1,1
SQLi,product,3,e8a11341214f03dc,1,200,1,1
SQLi,product,3,e20875b04718a9a7,1,200,1,1
SQLi,product,3,f72ec512bd9ab2bf,1,200,1,1
SQLi,product,3,9a843a5f83f79c7d,1,200,1,1
SQLi,product,3,39a2a628b39f0ad7,1,200,1,1
SQLi,product,3,318f850393509167,1,200,1,1
SQLi,product,3,1b03d13f0cb22e44,1,200,1,1
SQLi,product,3,e65eed6a5ebed376,1,200,1,1
SQLi,product,3,8a806c62e931a571,1,200,1,1
SQLi,product,3,6fff8b0632c358c1,1,200,1,1
SQLi,product,3,f511599c0de9be08,1,200,1,1
SQLi,product,3,40f068a9bcd0bf94,1,200,1,1
SQLi,product,3,8e92fff7aa62662e,1,200,1,1
SQLi,product,3,b170940d24d4b54f,0,,0,
SQLi,product,3,702e32b4bdf0f71d,1,200,1,1
SQLi,product,3,2b46161404e28b8f,1,200,1,1
SQLi,product,3,be9a6abf51c9cf44,1,200,1,1
SQLi,product,3,a0ae1c99a0a51c61,1,200,1,1
SQLi,product,3,e51a69102b28afb7,1,200,1,1
SQLi,product,3,05a6c827a936bc34,1,200,1,1
SQLi,product,3,3b698b3acbf5badc,1,200,1,1
SQLi,product,3,e78521161e780b20,1,200,1,1
SQLi,product,3,c4266a1fdb7c7360,1,200,1,1
SQLi,product,3,c9750ed1a4baf508,1,200,1,1
SQLi,product,3,b4aaa93c7556b32d,0,,0,
SQLi,product,3,681af58a2fbe89d4,1,200,1,1
SQLi,product,3,341d74e81222e4fd,1,200,1,1
SQLi,product,3,ebe1dffa4b28fcaa,1,200,1,1
SQLi,product,3,5912a0e82c5031a8,1,200,1,1
SQLi,product,3,171d6d75afb66c2c,1,200,1,1
SQLi,product,3,9e876637947295e9,1,200,1,1
SQLi,product,3,4588e2ac099d6536,0,,0,
SQLi,product,3,34fbe51c32b65ead,1,200,1,1
SQLi,product,3,879f35f0ed4d04e0,1,200,1,1
SQLi,product,3,9b425769cb146548,1,200,1,1
SQLi,product,3,62b7ff67413a090a,1,200,1,1
SQLi,product,3,da7e23c88a0ba1b7,1,200,1,1
SQLi,product,3,3e8ca37b5971decd,1,200,1,1
SQLi,product,3,2e89d50a53ddcefa,1,200,1,1
SQLi,product,3,6296cd833e97400b,1,200,1,1
SQLi,product,3,e289e4dc82f6d54b,1,200,1,1
SQLi,product,3,b1fb06067d75cd48,0,,0,
SQLi,product,3,7f8fe548d3435284,1,200,1,1
SQLi,product,3,e9d3faf5d37c7c82,1,200,1,1
SQLi,product,3,76cbccfc171a1910,1,200,1,1
SQLi,product,3,e3e5462f5ea81fa9,0,,0,
SQLi,product,3,99203d7b9cf22de3,1,200,1,1
SQLi,product,3,de98dde54c4ab4bc,0,,0,
SQLi,product,3,81b89a67fb019038,1,200,1,1
SQLi,product,3,81567459a4b12bfe,1,200,1,1
SQLi,product,3,99e91856e7307ac9,1,200,1,1
SQLi,product,3,431933d19f2b1829,1,200,1,1
SQLi,product,3,dc2aa3ecc971a4b8,1,200,1,1
SQLi,product,3,5ba741559409207f,1,200,1,1
SQLi,product,3,2f04de2127b98619,1,200,1,1
SQLi,product,3,0119ebadf6571fbb,1,200,1,1
SQLi,product,3,76ed67a45914c3f8,1,200,1,1
SQLi,product,3,65e77c6be0ab872a,1,200,1,1
SQLi,product,3,84f44ce36460bf99,1,200,1,1
SQLi,product,3,0c0b4793c0d63624,1,200,1,1
SQLi,product,3,0324acecbbca7613,1,200,1,1
SQLi,product,3,ce0436804b791191,1,200,1,1
SQLi,product,3,b567c267a28ba342,1,200,1,1
SQLi,product,3,d17a329c8154e4b1,1,200,1,1
SQLi,product,3,412f68651e455b0b,0,,0,
SQLi,product,3,f590c1db4e9d5621,1,200,1,1
SQLi,product,3,8419268f0856a6d5,1,200,1,1
SQLi,product,3,89dc2463d9925b9f,1,200,1,1
SQLi,product,3,826771b71a5a4950,1,200,1,1
SQLi,product,3,823f6141b1b4b176,1,200,1,1
SQLi,product,3,12f0aa547146e51d,1,200,1,1
SQLi,product,3,72a74d67459aafc2,1,200,1,1
SQLi,product,3,d0cd86b9213f6137,1,200,1,1
SQLi,product,3,e4063a668052d800,1,200,1,1
SQLi,product,3,68adc1adfa9a5bae,1,200,1,1
SQLi,product,3,b18a72bfeafdbd62,1,200,1,1
SQLi,product,3,ed50e04a9e865921,1,200,1,1
SQLi,product,3,8346378752110280,0,,0,
SQLi,product,3,c4c7c8f965ae091b,1,200,1,1
SQLi,product,3,d7a5b7849f35ead0,0,,0,
SQLi,product,3,15bf6830f64fe79b,1,200,1,1
SQLi,product,3,7cdf72b36a39cfaa,1,200,1,1
SQLi,product,3,0a12a80e26860b8b,1,200,1,1
SQLi,product,3,83f7860fef9a78da,1,200,1,1
SQLi,product,3,0dfc838efc5ca8f7,1,200,1,1
SQLi,product,3,2cfe52190fe6830e,1,200,1,1
SQLi,product,3,8458e38160714852,1,200,1,1
SQLi,product,3,f42b0bba84841ecc,1,200,1,1
SQLi,product,3,f1f5a949da99834c,1,200,1,1
SQLi,product,3,bf23f69f294e7ad5,1,200,1,1
SQLi,product,3,391e50dc10672933,1,200,1,1
SQLi,product,3,c2429380ead1656f,1,200,1,1
SQLi,product,3,3d2a8f2a909bc868,1,200,1,1
SQLi,product,3,ba735b7d2c98c2b4,1,200,1,1
SQLi,product,3,100fbf464106ffc6,1,200,1,1
SQLi,product,3,13de7e0d056d0d2c,1,200,1,1
SQLi,product,3,2a6e366a26ac93a7,1,200,1,1
SQLi,product,3,221e9ae5b3f9bee6,1,200,1,1
SQLi,product,3,d0aed7060c1ccdb2,1,200,1,1
SQLi,product,3,7cdb050e38e1401a,1,200,1,1
SQLi,product,3,33e7dded9212afb4,1,200,1,1
SQLi,product,3,6c0527ba103e25b9,1,200,1,1
SQLi,product,3,516f263e1b1ec03b,1,200,1,1
SQLi,product,3,5a9ed949651a2dbb,1,200,1,1
SQLi,product,3,b5910813b2460491,1,200,1,1
SQLi,product,3,0eb2b4a674f30117,1,200,1,1
SQLi,product,3,24e5fa48c48d6f4a,0,,0,
SQLi,product,3,cbcf1ac7c8c3bd9b,1,200,1,1
SQLi,product,3,00a915521b4aa857,1,200,1,1
SQLi,product,3,a2691accf423b10d,1,200,1,1
SQLi,product,3,69f7aa548a412b01,1,200,1,1
SQLi,product,3,44b0cf344ff2b63f,1,200,1,1
SQLi,product,3,82ddcc4adc4a0d82,1,200,1,1
SQLi,product,3,0d87f6bfa736a11f,1,200,1,1
SQLi,product,3,beb31655da55aad1,1,200,1,1
SQLi,product,3,191a4af5a2455e8e,1,200,1,1
SQLi,product,3,3d0e9b4b5e899789,1,200,1,1
SQLi,product,3,33b4f8bc6b3088e7,1,200,1,1
SQLi,product,3,b56274e1f10ddb66,1,200,1,1
SQLi,product,3,307863f5a80c6a2f,1,200,1,1
SQLi,product,3,052a7905b4a1d887,1,200,1,1
SQLi,product,3,ce9f0964f4988011,1,200,1,1
SQLi,product,3,7b1b2a9d0f6937ac,1,200,1,1
SQLi,product,3,0b3c94c28ffaecb6,1,200,1,1
SQLi,product,3,e48147bd20f5ceb6,1,200,1,1
SQLi,product,3,6e8d18edc512fcdf,1,200,1,1
SQLi,product,3,90539ff564a52437,1,200,1,1
SQLi,product,3,c3e2f8a3b8f65f11,1,200,1,1
SQLi,product,3,0619263646e9f282,1,200,1,1
SQLi,product,3,243f180d8bf13b2d,1,200,1,1
SQLi,product,3,60bf5a0cb3deb0ea,0,,0,
SQLi,product,3,4b114f4edafd9e6e,0,,0,
SQLi,product,3,7b762eeaca9dd229,0,,0,
SQLi,product,3,55f80b432bae8d3b,1,200,1,1
SQLi,product,3,5664f40ff2a36e41,1,200,1,1
SQLi,product,3,bf1b7e5b8f0ed94f,1,200,1,1
SQLi,product,3,7521068d1c1d3b99,1,200,1,1
SQLi,product,3,517e39ed0e063062,1,200,1,1
SQLi,product,3,828d93639f89637b,1,200,1,1
SQLi,product,3,7b8f462c0a357400,1,200,1,1
SQLi,product,3,89c048585b5436a8,1,200,1,1
SQLi,product,3,86349821ee0f7a96,1,200,1,1
SQLi,product,3,1e855c84cfa2671e,1,200,1,1
SQLi,product,3,2da1e6520bc54616,1,200,1,1
SQLi,product,3,73c6ddd7b9850b72,1,200,1,1
SQLi,product,3,68a576c83f2dbdb8,1,200,1,1
SQLi,product,3,fe5e86e75f4c873c,0,,0,
SQLi,product,3,338ca82336e31b0a,1,200,1,1
SQLi,product,3,1fcf8aa6b0e49de3,1,200,1,1
SQLi,product,3,a819ed9607352468,1,200,1,1
SQLi,product,3,10094fca967b81df,1,200,1,1
SQLi,product,3,95de04820c4568d6,1,200,1,1
SQLi,product,3,fdfb7f3c3ba82221,1,200,1,1
SQLi,product,3,e864c7318506f7b7,1,200,1,1
SQLi,product,3,c530bd28580ce66e,1,200,1,1
SQLi,product,3,9d8ebca86b43271c,0,,0,
SQLi,product,3,3ad787d52f518b48,1,200,1,1
SQLi,product,3,2496d042999a6d22,1,200,1,1
SQLi,product,3,fe2532c34d7205d5,1,200,1,1
SQLi,product,3,a730dae9d58f5ccb,1,200,1,1
SQLi,product,3,759133557e107da1,1,200,1,1
SQLi,product,3,c86d1ffb484f57d8,1,200,1,1
SQLi,product,3,e7fbc1326292c1d5,0,,0,
SQLi,product,3,6dcb0cadf2b39acf,1,200,1,1
SQLi,product,3,648e1448e0e187ca,1,200,1,1
SQLi,product,3,3bd77bb319a1ffc1,1,200,1,1
SQLi,product,3,6c6637fff214af47,1,200,1,1
SQLi,product,3,4d3bbc1439fb5092,1,200,1,1
SQLi,product,3,a1337272cb2d7b33,1,200,1,1
SQLi,product,3,29dd26fe07566b2b,1,200,1,1
SQLi,product,3,82fdf108d2763444,1,200,1,1
SQLi,product,3,aea75af88d6fb46e,1,200,1,1
SQLi,product,3,213aa4835c13bc45,1,200,1,1
SQLi,product,3,cbd5c6fb5f895f2e,1,200,1,1
SQLi,product,3,6611617384273803,1,200,1,1
SQLi,product,3,0eef1ea92d489324,1,200,1,1
SQLi,product,3,5ff2c44835d313f6,1,200,1,1
SQLi,product,3,7586ed64d2851e50,1,200,1,1
SQLi,product,3,580d92fedc846118,1,200,1,1
SQLi,product,3,6aa6498cb765650e,1,200,1,1
SQLi,product,3,069e62b90d20c24d,1,200,1,1
SQLi,product,3,a28281a17a8e65d8,1,200,1,1
SQLi,product,3,aadf442150080d5e,1,200,1,1
SQLi,product,3,903fb35a8ef1149c,1,200,1,1
SQLi,product,3,62a88b4c748eb241,0,,0,
SQLi,product,3,df06891b6883af8e,1,200,1,1
SQLi,product,3,fba19f015e071fd5,1,200,1,1
SQLi,product,3,f2b014b892b0f863,1,200,1,1
SQLi,product,3,9dea06a8b8964d57,0,,0,
SQLi,product,3,46d1a3e5ca232bc7,1,200,1,1
SQLi,product,3,40b47d2ad23066c7,1,200,1,1
SQLi,product,3,1fe78ef3663059d0,1,200,1,1
SQLi,product,3,3097ff801a544891,1,200,1,1
SQLi,product,3,4edc79a96fded4fe,1,200,1,1
SQLi,product,3,b59fe59479fbf17c,1,200,1,1
SQLi,product,3,caacf6d07e6dcf44,1,200,1,1
SQLi,product,3,e40a43d6ce5048e7,1,200,1,1
SQLi,product,3,0d84a0814aa0bcdf,1,200,1,1
SQLi,product,3,bebf611bf4f8319e,1,200,1,1
SQLi,product,3,1ff8df969002d4f5,1,200,1,1
SQLi,product,3,7eb5701a1bd9ffce,0,,0,
SQLi,product,3,2b0f8abf10b29a5b,1,200,1,1
SQLi,product,3,02fc222c5a3e9f89,1,200,1,1
SQLi,product,3,ecbf6419c1000c48,1,200,1,1
SQLi,product,3,fdc56b187dd15a8d,1,200,1,1
SQLi,product,3,f37add83e6a5967e,1,200,1,1
SQLi,search,3,71ef840d20617cd7,1,200,1,1
SQLi,search,3,795856b3e78ac5be,1,200,1,1
SQLi,search,3,279a3c8efc3fa959,1,200,1,1
SQLi,search,3,3671c1bb0729611a,1,200,1,1
SQLi,search,3,8fbaae0f7e5e56bd,1,200,1,1
SQLi,search,3,71428a4a9e464311,1,200,1,1
SQLi,search,3,99c9dc90a28a0aad,1,200,1,1
SQLi,search,3,a4f751fb8d74d184,1,200,1,1
SQLi,search,3,50d47441537a08e1,1,200,1,1
SQLi,search,3,39d570ac340d3a41,1,200,1,1
SQLi,search,3,8ece14d4fbab9364,1,200,1,1
SQLi,search,3,d7f85c8efb55f65c,1,200,1,1
SQLi,search,3,5e7d561357261261,1,200,1,1
SQLi,search,3,d39f4d043ffba735,1,200,1,1
SQLi,search,3,d96c353c4494c889,1,200,1,1
SQLi,search,3,57cdd991b38e835c,1,200,1,1
SQLi,search,3,ba570ddd2c7a0ed4,1,200,1,1
SQLi,search,3,9fb41b378662737b,1,200,1,1
SQLi,search,3,03e483e363ec5757,1,200,1,1
SQLi,search,3,a8546723ddfb6066,1,200,1,1
SQLi,search,3,94476a1b974f085c,1,200,1,1
SQLi,search,3,ba828a0e20c2cb60,1,200,1,1
SQLi,search,3,97000611512e7b74,1,200,1,1
SQLi,search,3,d976a834730d1d5b,1,200,1,1
SQLi,search,3,b6f28c31e1e7ce8f,1,200,1,1
SQLi,search,3,1bb9138aa7500172,1,200,1,1
SQLi,search,3,03c91134f22cdef5,1,200,1,1
SQLi,search,3,1a0550e7d1bbbf59,1,200,1,1
SQLi,search,3,b4916f4d66d030d7,1,200,1,1
SQLi,search,3,8acee03e2df69b0f,1,200,1,1
SQLi,search,3,3865af17abacff4b,1,200,1,1
SQLi,search,3,52b9ae915b483bc8,1,200,1,1
SQLi,search,3,429fc3b6d78aea17,1,200,1,1
SQLi,search,3,43c387d093863fd3,1,200,1,1
SQLi,search,3,9c1cfa8e092eca87,1,403,0,
SQLi,search,3,e5b14da65755341c,1,403,0,
SQLi,search,3,7feb4cf30555fcbc,1,200,1,1
SQLi,search,3,343b568dcf1fad27,1,200,1,1
SQLi,search,3,ceda4ff551a93bf3,1,200,1,1
SQLi,search,3,4de9f9076637285e,1,200,1,1
SQLi,search,3,95f1ae093882b038,1,200,1,1
SQLi,search,3,d12450c7be441a06,1,200,1,1
SQLi,search,3,5242ef8ac79be927,1,200,1,1
SQLi,search,3,98adb99bcf8daf83,1,200,1,1
SQLi,search,3,2b0b7f9f614e0a37,1,200,1,1
SQLi,search,3,2326c824afd2caa3,1,200,1,1
SQLi,search,3,864f76739e97c542,1,200,1,1
SQLi,search,3,abdbeebfd04ea326,1,403,0,
SQLi,search,3,acebaf282c044d16,1,200,1,1
SQLi,search,3,e57ac3700cb0e3f7,1,200,1,1
SQLi,search,3,23bec883860aaa3f,1,200,1,1
SQLi,search,3,56d3cf2625a14f82,1,200,1,1
SQLi,search,3,b85b297d94aa9e8a,1,200,1,1
SQLi,search,3,8e6240cc38041210,1,200,1,1
SQLi,search,3,6159e957f318752e,1,200,1,1
SQLi,search,3,69ad3a8f38fb262f,1,200,1,1
SQLi,search,3,b665ebe41b4f92e1,1,200,1,1
SQLi,search,3,35e7f48e3cf8eeef,1,200,1,1
SQLi,search,3,8eb3660ae29ae1b6,1,200,1,1
SQLi,search,3,df2f56678421db6e,1,200,1,1
SQLi,search,3,2fca62143b0671c3,1,200,1,1
SQLi,search,3,9018430ab1cddf54,1,200,1,1
SQLi,search,3,5d4a9a55cffc7104,1,200,1,1
SQLi,search,3,ae63e3f6f5dd78c1,1,200,1,1
SQLi,search,3,7027c7553ae74c26,1,200,1,1
SQLi,search,3,166ebfca6483921b,1,200,1,1
SQLi,search,3,0b17b10035c35bed,1,200,1,1
SQLi,search,3,1aaa02d5b55a17dd,1,200,1,1
SQLi,search,3,e4ea1633d5fd2209,1,200,1,1
SQLi,search,3,cffb24295425cbad,1,200,1,1
SQLi,search,3,56aed7c7bf40bf24,1,200,1,1
SQLi,search,3,ce442715887502fe,1,200,1,1
SQLi,search,3,d131cbaba74d69b3,1,200,1,1
SQLi,search,3,1cd237c39e90a392,1,200,1,1
SQLi,search,3,fa56ecf4533efb94,1,200,1,1
SQLi,search,3,141206e7f811417b,1,200,1,1
SQLi,search,3,2a518aca64265a99,1,200,1,1
SQLi,search,3,c72c93662f4bed6b,1,200,1,1
SQLi,search,3,79733d439a3f30a7,1,200,1,1
SQLi,search,3,9100187d7e4081fe,1,200,1,1
SQLi,search,3,5bc377a4afcaf76d,1,200,1,1
SQLi,search,3,5b8d92f79a01fa2c,1,200,1,1
SQLi,search,3,28c49dfd1d5cc723,1,200,1,1
SQLi,search,3,241b3f684d0c19f4,1,200,1,1
SQLi,search,3,31bf0520bf2a9987,1,200,1,1
SQLi,search,3,58677aad2775573d,1,200,1,1
SQLi,search,3,4a3661846dc5399f,1,200,1,1
SQLi,search,3,9ad626cfd50bd662,1,200,1,1
SQLi,search,3,8d47c100fb2ba58f,1,200,1,1
SQLi,search,3,2b8a6dc5aff22784,1,200,1,1
SQLi,search,3,f777953b9508cadd,1,200,1,1
SQLi,search,3,c48122ce7663674f,1,200,1,1
SQLi,search,3,bd733a6b4a0c7eb5,1,403,0,
SQLi,search,3,3e71e9f9c34b7867,1,200,1,1
SQLi,search,3,14f9bcb169290d5a,1,200,1,1
SQLi,search,3,a060ec5f10c738c3,1,200,1,1
SQLi,search,3,f5ff22d7c0468ec8,1,200,1,1
SQLi,search,3,f52f83d4b5a03e37,1,200,1,1
SQLi,search,3,b119587ac26d013d,1,200,1,1
SQLi,search,3,4f7edc99a0acb0cf,1,200,1,1
SQLi,search,3,8dfc95f3675edf50,1,200,1,1
SQLi,search,3,25eadefbcc473825,1,200,1,1
SQLi,search,3,7c3aa44cd884a544,1,200,1,1
SQLi,search,3,1d36e57c5c87968e,1,200,1,1
SQLi,search,3,d41c31015befb160,1,200,1,1
SQLi,search,3,7fdc0f43460e9649,1,200,1,1
SQLi,search,3,6d76f2c12c83b887,1,200,1,1
SQLi,search,3,07988510a52249d6,1,200,1,1
SQLi,search,3,d1a111b18bf6aec7,1,200,1,1
SQLi,search,3,9ba9fe726186f57c,1,200,1,1
SQLi,search,3,71a993d06393640d,1,200,1,1
SQLi,search,3,7ed83ec83518abd9,1,200,1,1
SQLi,search,3,5fdab9563b502027,1,200,1,1
SQLi,search,3,907beb32152c9284,1,200,1,1
SQLi,search,3,ced9a07203deb63a,1,200,1,1
SQLi,search,3,311e234284f6c9e1,1,200,1,1
SQLi,search,3,a3b7ef1f73e59e05,1,200,1,1
SQLi,search,3,6fa063c729203bba,1,200,1,1
SQLi,search,3,9862a1b3e8070ab1,1,200,1,1
SQLi,search,3,f7582800fd095595,1,200,1,1
SQLi,search,3,6acf35edfd06ec22,1,200,1,1
SQLi,search,3,369fcf30e3308b47,1,200,1,1
SQLi,search,3,e21ebe7175dd45e4,1,200,1,1
SQLi,search,3,d8f17eaddb9d4eeb,1,200,1,1
SQLi,search,3,944e82a0941b303c,1,200,1,1
SQLi,search,3,6377682bbc3b81ff,1,200,1,1
SQLi,search,3,1775643e24f7c33e,1,200,1,1
SQLi,search,3,44252a157d8c1098,1,200,1,1
SQLi,search,3,9ec2a48f3829c6a0,1,200,1,1
SQLi,search,3,b39a8ed894dd0b9f,1,200,1,1
SQLi,search,3,ec4c0fe97cd89cdd,1,200,1,1
SQLi,search,3,41ec07e520a90384,1,200,1,1
SQLi,search,3,22c3c719da9456b1,1,200,1,1
SQLi,search,3,314d003aac91c72c,1,200,1,1
SQLi,search,3,22e65714e2ae77c7,1,200,1,1
SQLi,search,3,6bcc97e33f7af72d,1,200,1,1
SQLi,search,3,db2b492285701da7,1,200,1,1
SQLi,search,3,74bc78c32ac72e0c,1,200,1,1
SQLi,search,3,4c67720e1c3456f2,1,200,1,1
SQLi,search,3,66446c5ebbca510a,1,200,1,1
SQLi,search,3,da13c81642a69781,1,200,1,1
SQLi,search,3,67580a0d6baee4c1,1,200,1,1
SQLi,search,3,f0885d8af3808f30,1,200,1,1
SQLi,search,3,31874840766a2a85,1,200,1,1
SQLi,search,3,eb73689724be6054,1,200,1,1
SQLi,search,3,af0e37d9c4d5cc86,1,200,1,1
SQLi,search,3,f0b0049620f7ee02,1,200,1,1
SQLi,search,3,0c1808537922621c,1,200,1,1
SQLi,search,3,83d2ae72e4ef2085,1,200,1,1
SQLi,search,3,f6cfaba9275fc084,1,200,1,1
SQLi,search,3,7b16b3ea4486e5f2,1,200,1,1
SQLi,search,3,2652cfcd0145c1e5,1,200,1,1
SQLi,search,3,9508fd0dae791935,1,200,1,1
SQLi,search,3,782d242a6091d86d,1,200,1,1
SQLi,search,3,791451d4c9419c41,1,200,1,1
SQLi,search,3,a3bc338f215ef365,1,200,1,1
SQLi,search,3,e1f15630c86c10e7,1,200,1,1
SQLi,search,3,826df72461024e0f,1,200,1,1
SQLi,search,3,5e86bb830f913046,1,200,1,1
SQLi,search,3,8fc5bf8b9c65c1fd,1,200,1,1
SQLi,search,3,177b04fd146e3da6,1,200,1,1
SQLi,search,3,4eaf103b81bfca76,1,200,1,1
SQLi,search,3,dba2e9e727c47257,1,200,1,1
SQLi,search,3,915ca61b2322dfde,1,200,1,1
SQLi,search,3,58135132c45481df,1,200,1,1
SQLi,search,3,121b98345b27b03a,1,200,1,1
SQLi,search,3,5f205edc83a2e99d,1,200,1,1
SQLi,search,3,1e2b8a2175cb5130,1,200,1,1
SQLi,search,3,c523b37510d634af,1,403,0,
SQLi,search,3,fc1229fa90451b4c,1,200,1,1
SQLi,search,3,c4e8d0f364abc95f,1,200,1,1
SQLi,search,3,07b163285afb25d2,1,200,1,1
SQLi,search,3,7054a177086f74a1,1,200,1,1
SQLi,search,3,78753fcb94c03225,1,200,1,1
SQLi,search,3,5fe8985cf8ae3459,1,200,1,1
SQLi,search,3,d405b5bd467848f4,1,200,1,1
SQLi,search,3,20675e5607f637ab,1,200,1,1
SQLi,search,3,b01cd1370f27eb57,1,200,1,1
SQLi,search,3,7a8884bf97f0e1c0,1,200,1,1
SQLi,search,3,15dd9a29fb10f074,1,200,1,1
SQLi,search,3,08c284d8acd2aa07,1,200,1,1
SQLi,search,3,7c3e6e1f4e1d4073,1,200,1,1
SQLi,search,3,004f8516b7eaea06,1,200,1,1
SQLi,search,3,ed218fb4399372f6,1,200,1,1
SQLi,search,3,d888cefa5f659ba3,1,200,1,1
SQLi,search,3,5f1e9c27f3456b3a,1,200,1,1
SQLi,search,3,53bf1aa877917f65,1,200,1,1
SQLi,search,3,5023a2cb1c2a596d,1,200,1,1
SQLi,search,3,26a3e41af22a5cf4,1,200,1,1
SQLi,search,3,cae621fde938ee2d,1,200,1,1
SQLi,search,3,39f2e882f58bfe6b,1,200,1,1
SQLi,search,3,f122fe7d543b8339,1,200,1,1
SQLi,search,3,d61d9657b7903050,1,200,1,1
SQLi,search,3,7df52d123ee558d9,1,200,1,1
SQLi,search,3,5813ced787f2e5fb,1,200,1,1
SQLi,search,3,52e807536583ad4a,1,200,1,1
SQLi,search,3,2d6d9bafd7f32edc,1,200,1,1
SQLi,search,3,b9765e515fb4f412,1,200,1,1
SQLi,search,3,93286d22f3df71ef,1,200,1,1
SQLi,search,3,da9ce084da60cefa,1,200,1,1
SQLi,search,3,87cf9492c7020c89,1,200,1,1
SQLi,search,3,fcf7257eb497e83a,1,200,1,1
SQLi,search,3,1a092adb25066545,1,200,1,1
SQLi,search,3,1429585301dc2506,1,200,1,1
SQLi,search,3,02514ebf9beddf33,1,200,1,1
SQLi,search,3,49f3fc64463d05b8,1,200,1,1
SQLi,search,3,e02911b7867101e7,1,403,0,
SQLi,search,3,272d5c6f7fa30a46,1,200,1,1
SQLi,search,3,02c1a8de82a64720,1,200,1,1
SQLi,search,3,e976d3a0acfc3f18,1,200,1,1
SQLi,search,3,dfce4001cffb092b,1,200,1,1
SQLi,search,3,9ee6e61fabc8b4c4,1,200,1,1
SQLi,search,3,116b8e4b620dafc3,1,200,1,1
SQLi,search,3,5d5d9a4940ba6b74,1,200,1,1
SQLi,search,3,c81160041985cd4b,1,200,1,1
SQLi,search,3,0c4cd6515ad2e2a0,1,200,1,1
SQLi,search,3,009749140d8d2021,1,200,1,1
SQLi,search,3,79f928db0fa88986,1,200,1,1
SQLi,search,3,3eb3140bb235d0b8,1,200,1,1
SQLi,search,3,c43ccb497c591017,1,200,1,1
SQLi,search,3,9731afe403b94a53,1,200,1,1
SQLi,search,3,ce0dbeb6614508a0,1,200,1,1
SQLi,search,3,0c9c320c9aac3b3c,1,200,1,1
SQLi,search,3,2bcacc4509a64f85,1,200,1,1
SQLi,search,3,f82866cba0851be2,1,200,1,1
SQLi,search,3,f7f08def0b5e056b,1,200,1,1
SQLi,search,3,f7c0d80662716b2e,1,200,1,1
SQLi,search,3,a5a0ae5ed5c2b809,1,200,1,1
SQLi,search,3,e35ba2aacafd29b1,1,200,1,1
SQLi,search,3,9dd9792f07473de8,1,200,1,1
SQLi,search,3,37db9c448b9a9cbd,1,200,1,1
SQLi,search,3,75afb85a9c3f7600,1,200,1,1
SQLi,search,3,f87c0c3eca44537e,1,200,1,1
SQLi,search,3,34e2d61bae7d7ea8,1,200,1,1
SQLi,search,3,e6489637ab6eeada,1,200,1,1
SQLi,search,3,d103d5131bb1edae,1,200,1,1
SQLi,search,3,54f9074b98f2d9ac,1,200,1,1
SQLi,search,3,a2ec2520edc28912,1,200,1,1
SQLi,search,3,057683681ec2abaa,1,200,1,1
SQLi,search,3,70e55092b7a3ad94,1,200,1,1
SQLi,search,3,d8e879c2bb6f7ecb,1,200,1,1
SQLi,search,3,57ce83d57d2d739e,1,200,1,1
SQLi,search,3,31dbb79b133b0d5a,1,200,1,1
SQLi,search,3,5b68e96f2e649bef,1,200,1,1
SQLi,search,3,399676b083567301,0,,0,
SQLi,search,3,f6f1178e3193a940,1,200,1,1
SQLi,search,3,ea2db7ea43d1e796,0,,0,
SQLi,search,3,c7f5a41def22482a,1,200,1,1
SQLi,search,3,72e81b237d7743e1,1,200,1,1
SQLi,search,3,f77552a8c3179a0e,1,200,1,1
SQLi,search,3,379388f2b50e8ebb,1,200,1,1
SQLi,search,3,3439cc73f76e844b,1,200,1,1
SQLi,search,3,f8fc0d52690243ca,1,200,1,1
SQLi,search,3,008a61f2766bdcc1,1,200,1,1
SQLi,search,3,f5b61a3d43750394,1,200,1,1
SQLi,search,3,440c49813da1d2b6,1,200,1,1
SQLi,search,3,1d77a8e2ecf25c38,1,200,1,1
SQLi,search,3,c75cd0d55c561ee9,1,200,1,1
SQLi,search,3,e8c572d4fe524e88,1,200,1,1
SQLi,search,3,6d821b480e57cf27,1,200,1,1
SQLi,search,3,09048db7d6288db2,1,200,1,1
SQLi,search,3,a0b82a02fd76b312,1,200,1,1
SQLi,search,3,620b5bb41bf9c39c,1,200,1,1
SQLi,search,3,eff79344d0c81de9,1,200,1,1
SQLi,search,3,9403abe8d2abb4ae,1,200,1,1
SQLi,search,3,81bac312fe5b030f,1,200,1,1
SQLi,search,3,3f57b6bb42bca953,1,200,1,1
SQLi,search,3,edf3360d657af280,1,200,1,1
SQLi,search,3,a1bb7ef5c67383c9,1,200,1,1
SQLi,search,3,91e85e512edc6301,1,200,1,1
SQLi,search,3,ad386fb346b2e599,1,200,1,1
SQLi,search,3,9aa0912128b248d4,1,200,1,1
SQLi,search,3,d3959ea80f7d61e7,1,200,1,1
SQLi,search,3,301df01a96d25668,1,200,1,1
SQLi,search,3,0f316f7f35df3d3c,1,200,1,1
SQLi,search,3,fc2fd6cc576daef0,1,200,1,1
SQLi,search,3,2ed75269564db210,1,200,1,1
SQLi,search,3,4e378c9674571458,1,200,1,1
SQLi,search,3,5989c0094dd297d6,1,200,1,1
SQLi,search,3,49c832b6ff292da7,1,200,1,1
SQLi,search,3,129fe7ba3d3268b2,1,200,1,1
SQLi,search,3,0db40fd13182a5ec,1,200,1,1
SQLi,search,3,3ce6b49ec85be178,1,200,1,1
SQLi,search,3,20d0c4df5da92d40,1,200,1,1
SQLi,search,3,5b9247a04ee4b990,1,200,1,1
SQLi,search,3,88f5f75e91b9b379,1,200,1,1
SQLi,search,3,30988943196fc637,1,200,1,1
SQLi,search,3,8d64e1c01d37929a,1,200,1,1
SQLi,search,3,1b3a229eaf6f768b,1,200,1,1
SQLi,search,3,3da9a69696a094f0,1,200,1,1
SQLi,search,3,78fd3ae622c0d09a,1,200,1,1
SQLi,search,3,d3c003a9a11b41f3,1,200,1,1
SQLi,search,3,80ae806a7b4bd7a3,1,200,1,1
SQLi,search,3,dc9940ec8c60bb4b,1,200,1,1
SQLi,search,3,3d7cae9eb8da3afc,1,200,1,1
SQLi,search,3,3f5119964df5f183,1,200,1,1
SQLi,search,3,513f0f807a8f7b9a,1,200,1,1
SQLi,search,3,c296193b3e405b14,1,200,1,1
SQLi,search,3,40390fb7cce232ee,1,200,1,1
SQLi,search,3,032d5616c7a9c79e,1,200,1,1
SQLi,search,3,f477901a74d3efbb,1,200,1,1
SQLi,search,3,379b84f715bca371,1,200,1,1
SQLi,search,3,bb58ac9860c249df,1,200,1,1
SQLi,search,3,c0ca8066dd5858fa,1,200,1,1
SQLi,search,3,05fc0496918cde3b,1,200,1,1
SQLi,search,3,b5f01ce85005a9ec,1,200,1,1
SQLi,search,3,2847d4bac5f20dbd,1,200,1,1
SQLi,search,3,662ca120dcf67da0,1,200,1,1
SQLi,search,3,298b1b1d11f097bb,1,200,1,1
SQLi,search,3,7f2fe7b598d355f8,1,200,1,1
SQLi,search,3,44b0cd1c80d18b0d,1,200,1,1
SQLi,search,3,1fed86d1438626e2,1,200,1,1
SQLi,search,3,244fc1fb3c6176b2,1,200,1,1
SQLi,search,3,7957b33c29c22972,1,200,1,1
SQLi,search,3,f991b2dc75311075,1,200,1,1
SQLi,search,3,7fd97f2e69891f80,1,200,1,1
SQLi,search,3,b7fa4eafad1df4a1,1,200,1,1
SQLi,search,3,69482c0301402a7e,0,,0,
SQLi,search,3,b89f4ef9d1271682,1,200,1,1
SQLi,search,3,2d6042d4445d5534,1,200,1,1
SQLi,search,3,894f43f06f9680c4,1,200,1,1
SQLi,search,3,d9083973570fcdc2,1,200,1,1
SQLi,search,3,cf40fa21decdb980,1,200,1,1
SQLi,search,3,cf905fea73348d9f,1,200,1,1
SQLi,search,3,58d3657dd8f8a277,1,200,1,1
SQLi,search,3,7025a39e8d1980d6,1,200,1,1
SQLi,search,3,1808a455e3208d55,1,200,1,1
SQLi,search,3,a314780b1401d7f6,1,200,1,1
SQLi,search,3,ca36d28c9d94a90b,1,200,1,1
SQLi,search,3,0c55e5ea31fc5122,1,200,1,1
SQLi,search,3,981d51a05cc399ff,1,200,1,1
SQLi,search,3,467d796d51e84787,1,200,1,1
SQLi,search,3,8af32ed3b2ac678e,1,200,1,1
SQLi,search,3,9ac838bb75db486a,1,200,1,1
SQLi,search,3,2aac5b454c7d3913,1,200,1,1
SQLi,search,3,3ebfb63c29d878af,1,200,1,1
SQLi,search,3,e619f76e76a3c984,1,200,1,1
SQLi,search,3,d4eaa9ea7d370d27,1,200,1,1
SQLi,search,3,ea6c41bd10549fca,1,200,1,1
SQLi,search,3,7478eed0e035a502,1,200,1,1
SQLi,search,3,4f6489ae465bcbfd,1,200,1,1
SQLi,search,3,d3e0ac62a0fcf1f4,1,200,1,1
SQLi,search,3,d64042e60da5d941,1,200,1,1
SQLi,search,3,a1508fd9166e8393,1,200,1,1
SQLi,search,3,f29cb537d38e3ed6,1,200,1,1
SQLi,search,3,90c00e37f48c70ca,1,200,1,1
SQLi,search,3,f09c778c45381c69,1,200,1,1
SQLi,search,3,3f8dfd81b3c007af,1,200,1,1
SQLi,search,3,ebd54eff2d47f705,0,,0,
SQLi,search,3,76abc37fb1429a48,1,200,1,1
SQLi,search,3,8f724f266f6d17c6,1,200,1,1
SQLi,search,3,00b19c2eeb2beb5a,1,200,1,1
SQLi,search,3,3953472dc660f66e,1,200,1,1
SQLi,search,3,8917fbfb4f1b9d22,1,200,1,1
SQLi,search,3,a39a6f963768d1f0,1,200,1,1
SQLi,search,3,46b07f257c450e0e,1,200,1,1
SQLi,search,3,49aec43cac74b3aa,1,200,1,1
SQLi,search,3,1944979b6db226a8,1,200,1,1
SQLi,search,3,42e527a5c8c5a49c,1,200,1,1
SQLi,search,3,a06eb6b165040b81,1,200,1,1
SQLi,search,3,9c28bd563b595511,1,200,1,1
SQLi,search,3,316cb50a524fc030,1,200,1,1
SQLi,search,3,d619edfb5b4f1455,1,200,1,1
SQLi,search,3,54f2b413598cce37,1,200,1,1
SQLi,search,3,a5d9618d280cd0d1,1,200,1,1
SQLi,search,3,36183a649aea5cd9,1,200,1,1
SQLi,search,3,7537c732ce68274d,1,200,1,1
SQLi,search,3,2aee126646f0267c,1,200,1,1
SQLi,search,3,fb822a5e974157e5,1,200,1,1
SQLi,search,3,9758d20056910438,1,200,1,1
SQLi,search,3,0fce43c8b5914574,1,200,1,1
SQLi,search,3,2715a93f9d988b70,1,200,1,1
SQLi,search,3,2803068c9e584a04,1,200,1,1
SQLi,search,3,ce32e9b6edea09ed,1,200,1,1
SQLi,search,3,5e8ca4c447598e15,1,200,1,1
SQLi,search,3,24c6ffd46e12ea2c,1,200,1,1
SQLi,search,3,9c802f988cce98cd,1,200,1,1
SQLi,search,3,07a2c13326f7005a,1,200,1,1
SQLi,search,3,908d218baa327493,1,200,1,1
SQLi,search,3,cfa31da87f609ba2,1,200,1,1
SQLi,search,3,4f7ddc50bce2d203,1,200,1,1
SQLi,search,3,5d5d9a4940ba6b74,1,200,1,1
SQLi,search,3,9ff3818bb060b5e1,1,200,1,1
SQLi,search,3,084923cbdc5bd819,1,200,1,1
SQLi,search,3,4dfea848cb4d0876,1,200,1,1
SQLi,search,3,c010adbe25cf5be8,1,200,1,1
SQLi,search,3,5ebc4f0c14cfa549,1,200,1,1
SQLi,search,3,3f7da37b01981937,1,200,1,1
SQLi,search,3,f5d392b9401cb3d7,1,200,1,1
SQLi,search,3,f5efbf9c8a03cd29,0,,0,
SQLi,search,3,a6ad793a88197ecf,0,,0,
SQLi,search,3,5108f967ba775327,1,200,1,1
SQLi,search,3,78afa38db1456613,1,200,1,1
SQLi,search,3,c3d86d4e160121f3,1,200,1,1
SQLi,search,3,e0ab9802d3eb9dce,1,200,1,1
SQLi,search,3,0d8537ded9e3c51f,1,200,1,1
SQLi,search,3,157e83cc8041359a,1,200,1,1
SQLi,search,3,a4b3acf056f370a0,1,200,1,1
SQLi,search,3,ad6aacd3eb867573,1,200,1,1
SQLi,search,3,b06a051d88387f44,1,200,1,1
SQLi,search,3,4fd82a9f71258c01,1,200,1,1
SQLi,search,3,ca6973f900bfe91b,1,200,1,1
SQLi,search,3,25d50206bad7e136,1,200,1,1
SQLi,search,3,615c4dc8e30b30d7,1,200,1,1
SQLi,search,3,70726894e2d8348e,1,200,1,1
SQLi,search,3,f7a4ca8a0a3b72c8,1,200,1,1
SQLi,search,3,081b3613a3ff6782,1,200,1,1
SQLi,search,3,dcb5dda4e664cf49,1,200,1,1
SQLi,search,3,943785f3c325e27a,1,200,1,1
SQLi,search,3,f34c1424dbf9ccb8,1,200,1,1
SQLi,search,3,20893a2881a63dbc,1,200,1,1
SQLi,search,3,3171b2cd4a67d0ce,1,200,1,1
SQLi,search,3,391c8d057aaf94a5,1,200,1,1
SQLi,search,3,3a0d087b3fb365f8,1,200,1,1
SQLi,search,3,09e74b2e32a6f23c,1,200,1,1
SQLi,search,3,8d58393a3804a1a2,1,200,1,1
SQLi,search,3,a198c4d8d40b27b3,1,200,1,1
SQLi,search,3,359a49c01963fc21,1,200,1,1
SQLi,search,3,e9d0052bf7d50143,1,200,1,1
SQLi,search,3,f37a06061048522b,1,200,1,1
SQLi,search,3,42c221d08ff0fc33,1,200,1,1
SQLi,search,3,51feeeb40e0511e2,1,200,1,1
SQLi,search,3,916db78120190f88,1,200,1,1
SQLi,search,3,3d32b14d53573532,0,,0,
SQLi,search,3,8a37d9d28766a3a9,1,200,1,1
SQLi,search,3,11e60a9445ceb970,1,200,1,1
SQLi,search,3,75244bc0158c5ff4,1,200,1,1
SQLi,search,3,eb6b45d39a2b6768,1,200,1,1
SQLi,search,3,0f1129ea70f19a11,1,200,1,1
SQLi,search,3,b94459ca84950583,1,200,1,1
SQLi,search,3,17baa0eb82fcf435,1,200,1,1
SQLi,search,3,ec50339114b98ecc,1,200,1,1
SQLi,search,3,68af9ecd51e9246f,1,200,1,1
SQLi,search,3,398772ebc96de7a4,1,200,1,1
SQLi,search,3,39634ab358bd19f4,1,200,1,1
SQLi,search,3,0d3cc55a6add64ae,1,200,1,1
SQLi,search,3,567ac2b4becf1a9a,1,200,1,1
SQLi,search,3,256620322f578c91,1,200,1,1
SQLi,search,3,c130482ed889618e,1,200,1,1
SQLi,search,3,606ea2498b851af3,1,200,1,1
SQLi,search,3,704a3f2b667628e7,1,200,1,1
SQLi,search,3,3d406205ff29fd6f,1,200,1,1
SQLi,search,3,1b86201e536d7c5d,1,200,1,1
SQLi,search,3,0de3e7f44175437e,1,200,1,1
SQLi,search,3,b4e86fb9a77d438a,1,200,1,1
SQLi,search,3,216812407c250803,1,200,1,1
SQLi,search,3,6ff8c5a872014ee3,0,,0,
SQLi,search,3,7cb1e2e6a9a115c4,1,200,1,1
SQLi,search,3,2cbdb6762972a8ee,1,200,1,1
SQLi,search,3,9195c7cc36f5b699,1,200,1,1
SQLi,search,3,558c1c44f98e0df1,1,200,1,1
SQLi,search,3,6813113f24d4d052,1,200,1,1
SQLi,search,3,b21ffcb689516149,1,200,1,1
SQLi,search,3,f217482d0d9ac2b3,1,200,1,1
SQLi,search,3,44c25a0e5a671050,1,200,1,1
SQLi,search,3,c5752a92cc0d9496,1,200,1,1
SQLi,search,3,e4607ab73e2ee76a,1,200,1,1
SQLi,search,3,d2a5bfb24229d6ea,1,200,1,1
SQLi,search,3,f74e23a24071d97f,1,200,1,1
SQLi,search,3,4c008a365762264b,1,200,1,1
SQLi,search,3,078ae133ebd873bd,1,200,1,1
SQLi,search,3,7d8fbff8810e95f1,1,200,1,1
SQLi,search,3,df6d1e381fcb223b,1,200,1,1
SQLi,search,3,88a0ed0298b075a2,1,200,1,1
SQLi,search,3,f4440c7a3d6ab893,1,200,1,1
SQLi,search,3,d42f91fcefd7a425,1,200,1,1
SQLi,search,3,adf25247bb9fdae6,1,200,1,1
SQLi,search,3,450820321550f508,1,200,1,1
SQLi,search,3,07830e07cf21da8a,1,200,1,1
SQLi,search,3,ae6833e328b7cea1,1,200,1,1
SQLi,search,3,8b123775e804f9d3,1,200,1,1
SQLi,search,3,3accd52036f9af04,1,200,1,1
SQLi,search,3,527e4991bcf197c1,1,200,1,1
SQLi,search,3,ec9c41c581cb45a9,1,200,1,1
SQLi,search,3,3d270fb9a7ab84de,1,200,1,1
SQLi,search,3,408a2d7f0dace476,1,200,1,1
SQLi,search,3,bf7afcbf1aa05c67,1,200,1,1
SQLi,search,3,43ba4bf48f615157,1,200,1,1
SQLi,search,3,fcd676c0559f3a75,1,200,1,1
SQLi,search,3,b1e0ea7086e5f819,1,200,1,1
SQLi,search,3,65d4a9f7c13e31a0,1,200,1,1
SQLi,search,3,4801a3a72d314010,1,200,1,1
SQLi,search,3,36733bde5f51cbd5,1,200,1,1
SQLi,search,3,0ef0bccebb8e7f8e,1,200,1,1
SQLi,search,3,92de4cc550dd613d,1,200,1,1
SQLi,search,3,5e75048df877f214,1,200,1,1
SQLi,search,3,589eb02bcbd2cafe,1,200,1,1
SQLi,search,3,47a27e772bdcf3e2,1,200,1,1
SQLi,search,3,0748088cd3f8366d,1,200,1,1
SQLi,search,3,77e77448d3257af9,1,200,1,1
SQLi,search,3,c493ee17e99e2d4e,1,200,1,1
SQLi,search,3,90d6dd5c188c2532,1,200,1,1
SQLi,search,3,b5d5e2dacbeb9b4c,1,200,1,1
SQLi,search,3,bd9a6532bfbac2bd,1,200,1,1
SQLi,search,3,fd764488049e1acf,1,200,1,1
SQLi,search,3,588c30280822fd08,1,200,1,1
SQLi,search,3,828f37cca6d67b3c,1,200,1,1
SQLi,search,3,245cfca4005b616b,1,200,1,1
SQLi,search,3,25bc3c54f80b8b27,1,200,1,1
SQLi,search,3,7256ff84a41926b1,1,200,1,1
SQLi,search,3,cd59a14560d2279a,1,200,1,1
SQLi,filter,4,41944030084b907b,1,200,1,1
SQLi,filter,4,ee0c5b2a5bccda7c,1,200,1,1
SQLi,filter,4,37a3b165a39e42f2,1,200,1,1
SQLi,filter,4,6c396c168831894d,1,200,1,1
SQLi,filter,4,ec414472ee8654a1,1,200,1,1
SQLi,filter,4,dc9f52fe7c587914,1,200,1,1
SQLi,filter,4,3841369cc807dc96,1,200,1,1
SQLi,filter,4,6b4ef6e0e2c29f83,1,200,1,1
SQLi,filter,4,7d146ce23eb21791,1,200,1,1
SQLi,filter,4,f0f5a77584cbdf1f,1,200,1,1
SQLi,filter,4,408e5689c9310e89,1,200,1,1
SQLi,filter,4,114f758e518450c0,0,,0,
SQLi,filter,4,5022cfa3115295be,1,200,1,1
SQLi,filter,4,b8863edcc8ca9f58,1,200,1,1
SQLi,filter,4,9afd58b8ab89a5ee,1,200,1,1
SQLi,filter,4,cea5b9c57c034980,1,200,1,1
SQLi,filter,4,68646312206e94da,1,200,1,1
SQLi,filter,4,cb912c2e73ce9886,1,200,1,1
SQLi,filter,4,28071062cbb89b4c,1,200,1,1
SQLi,filter,4,c3ed17d56b46f4a9,1,200,1,1
SQLi,filter,4,2310b4c6194f0447,1,200,1,1
SQLi,filter,4,1913d10f23681ecd,1,200,1,1
SQLi,filter,4,6053f48874c42cd0,1,200,1,1
SQLi,filter,4,0b2d9435807503ab,1,200,1,1
SQLi,filter,4,5d0b87e41deec915,1,200,1,1
SQLi,filter,4,a4e51316808450bb,1,200,1,1
SQLi,filter,4,751fb03a248b1e63,1,200,1,1
SQLi,filter,4,dd305403a0d8f7ff,1,200,1,1
SQLi,filter,4,60338de0b993438c,0,,0,
SQLi,filter,4,d15007a136c62667,1,200,1,1
SQLi,filter,4,c8589db0e38f355a,1,200,1,1
SQLi,filter,4,9c7c04ec60d8d18a,1,200,1,1
SQLi,filter,4,56152cf072007bfc,1,200,1,1
SQLi,filter,4,7a981bfb885ed28c,1,200,1,1
SQLi,filter,4,f00f851f0619ee3a,1,200,1,1
SQLi,filter,4,3d5f1569753a1701,1,200,1,1
SQLi,filter,4,3ddf59296c1d396c,1,200,1,1
SQLi,filter,4,d1168c0c1df2cbef,1,200,1,1
SQLi,filter,4,ff863e3630d5b020,1,200,1,1
SQLi,filter,4,f2e4a37f194f609d,1,200,1,1
SQLi,filter,4,30d4eddeb2120bd3,1,200,1,1
SQLi,filter,4,84aef1e9355cec50,1,200,1,1
SQLi,filter,4,af2dda2080e045e1,1,403,0,
SQLi,filter,4,8e3c30c72cf64204,1,200,1,1
SQLi,filter,4,adc93ab06c3f77a6,1,200,1,1
SQLi,filter,4,5208ef690d349aa8,0,,0,
SQLi,filter,4,6998f4c9c7b5bad5,0,,0,
SQLi,filter,4,286ae8a87476f05c,1,200,1,1
SQLi,filter,4,d3c63e3598240bc3,1,200,1,1
SQLi,filter,4,cf0460847ac6292b,1,200,1,1
SQLi,filter,4,559ce138eb699623,1,200,1,1
SQLi,filter,4,feccaf2de631827b,1,200,1,1
SQLi,filter,4,5f3a10e07152f25d,1,200,1,1
SQLi,filter,4,543f6753e33c4950,1,200,1,1
SQLi,filter,4,9c6f1652e6313c1b,1,200,1,1
SQLi,filter,4,4e043874e5d3926b,1,200,1,1
SQLi,filter,4,f1b2ab2d50091984,1,200,1,1
SQLi,filter,4,5d0d031673613413,1,200,1,1
SQLi,filter,4,06b963ec9211194c,1,200,1,1
SQLi,filter,4,d68508d58777b3a1,1,200,1,1
SQLi,filter,4,8f3924b92543fc04,1,200,1,1
SQLi,filter,4,dddcc9fbfa1cd38a,1,200,1,1
SQLi,filter,4,88bccf0361bd4b84,1,200,1,1
SQLi,filter,4,99ceb58d32f36bb4,1,200,1,1
SQLi,filter,4,8fb2cd75c396c850,1,200,1,1
SQLi,filter,4,525ed82fbf15a0db,1,200,1,1
SQLi,filter,4,31f2ca25ac9cbf05,1,200,1,1
SQLi,filter,4,c0f0db4a34ce4683,1,200,1,1
SQLi,filter,4,f8a2169a3d500c28,1,200,1,1
SQLi,filter,4,417ed8e105044eec,1,200,1,1
SQLi,filter,4,d3c63d79b2cca79b,1,200,1,1
SQLi,filter,4,545486a1c25c7ea4,1,200,1,1
SQLi,filter,4,c5ef37909f474a6e,1,200,1,1
SQLi,filter,4,5d1b78661131aaf9,1,200,1,1
SQLi,filter,4,6e00164551f085b1,1,200,1,1
SQLi,filter,4,0d20683ba355997a,1,200,1,1
SQLi,filter,4,274fb5730903fe16,1,200,1,1
SQLi,filter,4,2e38dab902177884,1,200,1,1
SQLi,filter,4,44d40f57568b7f72,1,200,1,1
SQLi,filter,4,a998f0f6987c011a,1,200,1,1
SQLi,filter,4,6bc5449411e4139c,1,200,1,1
SQLi,filter,4,efb1a68b78f991ec,1,200,1,1
SQLi,filter,4,aad95b74cda75924,1,200,1,1
SQLi,filter,4,db87e8c79b18a3ae,1,200,1,1
SQLi,filter,4,7ddfef253b148de5,1,200,1,1
SQLi,filter,4,b6f6ae1d2de8d2ba,1,200,1,1
SQLi,filter,4,cbdb3c5ad6b681e8,1,200,1,1
SQLi,filter,4,1a6211492cede98c,1,200,1,1
SQLi,filter,4,27020eb8585d621d,1,200,1,1
SQLi,filter,4,2fb68e6e27dd8832,1,200,1,1
SQLi,filter,4,134c76115487e6e6,1,200,1,1
SQLi,filter,4,e0fb5279451d6a39,1,200,1,1
SQLi,filter,4,54939d7a798e8dff,1,200,1,1
SQLi,filter,4,600d4d2f13443ae6,1,200,1,1
SQLi,filter,4,71db138cfd2fa5bb,1,200,1,1
SQLi,filter,4,1abc0cdcdc634f87,1,200,1,1
SQLi,filter,4,395bad102fe8a516,1,200,1,1
SQLi,filter,4,725807811530d669,1,200,1,1
SQLi,filter,4,78f313c2a300acb1,1,200,1,1
SQLi,filter,4,786d97da96fa8ac3,1,200,1,1
SQLi,filter,4,9fa6c6fe924f9064,1,200,1,1
SQLi,filter,4,bc5ae8a87b1616c1,1,200,1,1
SQLi,filter,4,0c9b2eaa5a781f6d,1,200,1,1
SQLi,filter,4,387ea50ec98470f6,1,200,1,1
SQLi,filter,4,d79818d659fac9ae,1,200,1,1
SQLi,filter,4,89b80a95b46ec2ac,1,200,1,1
SQLi,filter,4,63ed2e75eab3a660,1,200,1,1
SQLi,filter,4,331d6997dcc56b1f,1,200,1,1
SQLi,filter,4,57619eba8380e6a7,1,200,1,1
SQLi,filter,4,70d4980cfd6b998d,1,200,1,1
SQLi,filter,4,fa7046ce7f8d3c79,1,200,1,1
SQLi,filter,4,bb066d7d2bfb634a,1,200,1,1
SQLi,filter,4,31d6f28ec31dac92,1,200,1,1
SQLi,filter,4,cbf8b91e3d851186,1,200,1,1
SQLi,filter,4,b34665a95327d050,1,200,1,1
SQLi,filter,4,5e9325b601acb828,1,200,1,1
SQLi,filter,4,c7805d5ec45e7fb4,1,200,1,1
SQLi,filter,4,9e532a8351387608,1,200,1,1
SQLi,filter,4,b27ff6aaceefeac7,1,200,1,1
SQLi,filter,4,c3433a3140c907cf,1,200,1,1
SQLi,filter,4,400239abf9c1c9c9,0,,0,
SQLi,filter,4,3f71c830395bd82e,1,200,1,1
SQLi,filter,4,51b3309d54f94087,1,200,1,1
SQLi,filter,4,297bc4cfbeb0ea95,1,200,1,1
SQLi,filter,4,107da15e91cc9f5f,0,,0,
SQLi,filter,4,e9d9b8402f015b5b,1,403,0,
SQLi,filter,4,2a1c38fd6d2a0fa1,1,200,1,1
SQLi,filter,4,cfc00162cd1aacbe,1,200,1,1
SQLi,filter,4,c51d06ac489d4ea7,1,200,1,1
SQLi,filter,4,615c9b042b1fa496,1,200,1,1
SQLi,filter,4,8eea74c0f451066a,1,200,1,1
SQLi,filter,4,c068370316b316ea,1,200,1,1
SQLi,filter,4,4ef8e661eb4ebaaf,0,,0,
SQLi,filter,4,1e2cd4a615191ba9,1,200,1,1
SQLi,filter,4,d0e2b9252c5e3baa,1,200,1,1
SQLi,filter,4,c1f11e8e4938aeb1,0,,0,
SQLi,filter,4,f0c3ff5ecc65441a,1,200,1,1
SQLi,filter,4,3ee263e8ccc3d314,0,,0,
SQLi,filter,4,b23b7fab68a21db9,1,200,1,1
SQLi,filter,4,de801732a32ad555,1,200,1,1
SQLi,filter,4,666d5a540bb77424,0,,0,
SQLi,filter,4,18732235cec3517c,1,200,1,1
SQLi,filter,4,c8020f392837335b,1,200,1,1
SQLi,filter,4,f74ca98e670709fa,1,200,1,1
SQLi,filter,4,4007ab3eefb0e608,1,200,1,1
SQLi,filter,4,a3b86a058068d790,1,200,1,1
SQLi,filter,4,94aa76c093e088f7,1,200,1,1
SQLi,filter,4,572d768932c18fec,1,200,1,1
SQLi,filter,4,ec1b350fbc978a18,1,200,1,1
SQLi,filter,4,3371bf0778b01549,1,200,1,1
SQLi,filter,4,3b0b4cc40a3d01a4,1,200,1,1
SQLi,filter,4,3f7d32615f15c6f8,0,,0,
SQLi,filter,4,5a042e25be09f358,1,200,1,1
SQLi,filter,4,5b2eaf0bef6c968d,1,200,1,1
SQLi,filter,4,a956960a9b92e481,1,200,1,1
SQLi,filter,4,b14fbf536a00c5be,1,200,1,1
SQLi,filter,4,32af7857ec73cde3,1,200,1,1
SQLi,filter,4,e1453b1a61b0c3ea,1,200,1,1
SQLi,filter,4,4c447c105cbb2f55,1,200,1,1
SQLi,filter,4,c442c17561a22f33,1,200,1,1
SQLi,filter,4,4b4119498424645d,1,200,1,1
SQLi,filter,4,53a6208a8f9c9c2f,1,200,1,1
SQLi,filter,4,9e5877762695d9ee,1,200,1,1
SQLi,filter,4,e303a930dd0fdf86,1,200,1,1
SQLi,filter,4,b23b7fab68a21db9,1,200,1,1
SQLi,filter,4,de801732a32ad555,1,200,1,1
SQLi,filter,4,18732235cec3517c,1,200,1,1
SQLi,filter,4,c8020f392837335b,1,200,1,1
SQLi,filter,4,1f2e1b6236852f69,1,200,1,1
SQLi,filter,4,750f3f53f1823781,1,200,1,1
SQLi,filter,4,e65c11408ee0b88d,1,200,1,1
SQLi,filter,4,fca64f47a72f9b0b,1,200,1,1
SQLi,filter,4,6d98c51230e07a61,1,200,1,1
SQLi,filter,4,68d67a635408bfdd,1,200,1,1
SQLi,filter,4,ad0baac6f73bdaf7,1,200,1,1
SQLi,filter,4,992f0e28389e750e,1,200,1,1
SQLi,filter,4,d0a2f0786b32397e,1,200,1,1
SQLi,filter,4,124dd03d38520998,1,200,1,1
SQLi,filter,4,55d067cfa4304bdd,1,200,1,1
SQLi,filter,4,c72504c4fdb2c361,1,200,1,1
SQLi,filter,4,9674a459c70da804,1,200,1,1
SQLi,filter,4,9c595c2686d1d3c2,1,200,1,1
SQLi,filter,4,40825c12c84aa15e,1,200,1,1
SQLi,filter,4,42a743ea7952cdca,1,200,1,1
SQLi,filter,4,5c72575aeb7a60f5,1,200,1,1
SQLi,filter,4,4b418e0415e79d0d,1,200,1,1
SQLi,filter,4,17d5e8e3b4a53975,1,200,1,1
SQLi,filter,4,838f58fe2f351b7a,1,200,1,1
SQLi,filter,4,bfdde079cfb31ee8,1,200,1,1
SQLi,filter,4,ed5ae690ff7aef98,1,200,1,1
SQLi,filter,4,c604523c703b2aeb,1,200,1,1
SQLi,filter,4,4e811cacd8c8a43f,1,200,1,1
SQLi,filter,4,603b8170d681dc9b,1,200,1,1
SQLi,filter,4,ba4629e7ab139d77,1,200,1,1
SQLi,filter,4,4b80ec3731588fcd,1,200,1,1
SQLi,filter,4,84a72d3b05b43b45,1,200,1,1
SQLi,filter,4,ff92b390dda0dbdf,1,200,1,1
SQLi,filter,4,664b87fdafb5bc2f,1,200,1,1
SQLi,filter,4,3efb2e4849af11d6,1,200,1,1
SQLi,filter,4,74d206d8af4c03bd,1,200,1,1
SQLi,filter,4,e1ff3c2e3e5e4ebe,1,200,1,1
SQLi,filter,4,543d5548eb9004df,1,200,1,1
SQLi,filter,4,3b998dd1a58c9864,1,200,1,1
SQLi,filter,4,7d9d07d5c7358395,1,200,1,1
SQLi,filter,4,a0c5862cd032fc85,1,200,1,1
SQLi,filter,4,aa7b0a90b8e9db4c,1,200,1,1
SQLi,filter,4,10f0c643deacd137,1,200,1,1
SQLi,filter,4,d5c509851e7e5a51,1,200,1,1
SQLi,filter,4,999fdd1c38acd288,1,200,1,1
SQLi,filter,4,8f2fb0b077c6db3c,1,200,1,1
SQLi,filter,4,9b6adb2bacc2735c,1,200,1,1
SQLi,filter,4,3ad37f33b32a0f45,1,200,1,1
SQLi,filter,4,5e5510c1e94702ae,0,,0,
SQLi,filter,4,394cf10515d3944f,1,200,1,1
SQLi,filter,4,cfa0b1a03f7e7a77,1,200,1,1
SQLi,filter,4,e35f7a4ecac557eb,1,200,1,1
SQLi,filter,4,af869acf937fda9f,1,200,1,1
SQLi,filter,4,beda4e30f3b182ff,1,200,1,1
SQLi,filter,4,ab83c76b8ab995e7,0,,0,
SQLi,filter,4,fe73a77af72e5362,1,200,1,1
SQLi,filter,4,45543bae69a1ee89,1,200,1,1
SQLi,filter,4,7f68f7c2c5e97372,1,200,1,1
SQLi,filter,4,4b69e0d0609b1400,1,200,1,1
SQLi,filter,4,1cb0f244f12bd387,1,200,1,1
SQLi,filter,4,287b9b408b122633,1,200,1,1
SQLi,filter,4,cf96929521b5ba65,1,200,1,1
SQLi,filter,4,96e05e7eac2d17ed,1,200,1,1
SQLi,filter,4,52f5c599639110f3,1,200,1,1
SQLi,filter,4,b0cf21ef6fd41972,1,200,1,1
SQLi,filter,4,715469d78a2c84e7,1,200,1,1
SQLi,filter,4,7e173874b13d0f81,1,200,1,1
SQLi,filter,4,617cba039c6b32e6,1,200,1,1
SQLi,filter,4,3c65f7b3aad9c5a4,1,200,1,1
SQLi,filter,4,c05dd630eb32591b,1,200,1,1
SQLi,filter,4,6d9b8d82132a3f2d,1,200,1,1
SQLi,filter,4,9d11392dc33509d2,1,200,1,1
SQLi,filter,4,d59a9f79cf31374b,1,200,1,1
SQLi,filter,4,c552754a5445e050,1,200,1,1
SQLi,filter,4,7e97435e32871477,1,200,1,1
SQLi,filter,4,f203246a317e76ae,0,,0,
SQLi,filter,4,27bc675cba832097,1,200,1,1
SQLi,filter,4,30da5c011d4a0470,1,200,1,1
SQLi,filter,4,6970dfdd3ff6de09,1,200,1,1
SQLi,filter,4,1df0285569fbcda6,1,200,1,1
SQLi,filter,4,d84c95576f797920,1,200,1,1
SQLi,filter,4,56a2d6bab0c9d024,1,200,1,1
SQLi,filter,4,01a75e1bbb582d3a,1,200,1,1
SQLi,filter,4,763e00c747bb941d,0,,0,
SQLi,filter,4,8515ef2925145d19,1,200,1,1
SQLi,filter,4,16f4e0d60dd8b494,1,200,1,1
SQLi,filter,4,ada9ecdea127b0fd,1,200,1,1
SQLi,filter,4,f2f89826a372806a,1,200,1,1
SQLi,filter,4,217a712bd1dd4871,1,200,1,1
SQLi,filter,4,540f27786efb6722,1,200,1,1
SQLi,filter,4,fa574c87e5769625,1,200,1,1
SQLi,filter,4,14f306b4d2e700a6,1,200,1,1
SQLi,filter,4,93a1e488d328f61c,1,200,1,1
SQLi,filter,4,3bf350c0a7a1dc8d,1,200,1,1
SQLi,filter,4,2a2c8a1811b17e43,1,200,1,1
SQLi,filter,4,dae45d4956cf56bb,1,200,1,1
SQLi,filter,4,1ac4e7af3e56ceac,1,200,1,1
SQLi,filter,4,3106594369917206,1,200,1,1
SQLi,filter,4,8fe9ceb9529b0c0f,1,200,1,1
SQLi,filter,4,88fbed5e1a775c66,1,200,1,1
SQLi,filter,4,4643590eb7ae6186,1,200,1,1
SQLi,filter,4,8aad8affd8d2b3d1,1,200,1,1
SQLi,filter,4,1efc75b795b7f851,1,200,1,1
SQLi,filter,4,e496ddcfd47a06e2,1,200,1,1
SQLi,filter,4,283a272cc8a530ca,1,200,1,1
SQLi,filter,4,4c1271deb5ab51a0,1,200,1,1
SQLi,filter,4,7afd86b8c8c40e93,1,200,1,1
SQLi,filter,4,ae79cc72fc5d13b3,1,200,1,1
SQLi,filter,4,0236c1cda2415df0,1,200,1,1
SQLi,filter,4,57766184c36f142d,1,200,1,1
SQLi,filter,4,220d145b206e76f9,1,200,1,1
SQLi,filter,4,0bdb1ad22aeddcdc,1,200,1,1
SQLi,filter,4,434aec677ddce84a,1,200,1,1
SQLi,filter,4,271e004a0eb1df3a,1,200,1,1
SQLi,filter,4,7369542302f2e938,1,200,1,1
SQLi,filter,4,049823787604fb97,1,200,1,1
SQLi,filter,4,d3f9253af01eb444,1,200,1,1
SQLi,filter,4,3584217abd462650,1,200,1,1
SQLi,filter,4,a6b526f7372fa47e,1,200,1,1
SQLi,filter,4,1a889e4efc61b112,1,200,1,1
SQLi,filter,4,4d535cb34917ddac,1,200,1,1
SQLi,filter,4,25dce5312486128d,0,,0,
SQLi,filter,4,65d0d8d396964c3b,0,,0,
SQLi,filter,4,ce34e6dce7c49d05,1,200,1,1
SQLi,filter,4,ab404128d82387bb,1,200,1,1
SQLi,filter,4,d2563008988de612,1,200,1,1
SQLi,filter,4,5c1e2a6f8e760a40,1,200,1,1
SQLi,filter,4,3987218eaa31b1b1,0,,0,
SQLi,filter,4,7bb6fd9329d33fda,1,200,1,1
SQLi,filter,4,f8c9a318aaccfe95,0,,0,
SQLi,filter,4,ac99fa47e0c0d24b,0,,0,
SQLi,filter,4,c9b25f8c0b3c9796,1,200,1,1
SQLi,filter,4,e47cc1cf1b5fa995,0,,0,
SQLi,filter,4,564fdd099b40d52c,1,200,1,1
SQLi,filter,4,8f5e830445514a0f,0,,0,
SQLi,filter,4,6614ad2f50534973,1,200,1,1
SQLi,filter,4,75f13521c74f841c,1,200,1,1
SQLi,filter,4,fab5c72c76dc57fc,1,200,1,1
SQLi,filter,4,1ea1a57c6fe37261,1,200,1,1
SQLi,filter,4,fce007bb8cc780d0,1,200,1,1
SQLi,filter,4,11759b04e808efe3,1,200,1,1
SQLi,filter,4,5f868fd34549f5c6,1,200,1,1
SQLi,filter,4,58cfcf1cb768c63d,1,200,1,1
SQLi,filter,4,e78fa0f7540c63fa,1,200,1,1
SQLi,filter,4,4b49dbb5a29d5f7e,1,200,1,1
SQLi,filter,4,743e697d4eac71de,1,200,1,1
SQLi,filter,4,061c9ba8224f8592,1,200,1,1
SQLi,filter,4,59d591c272c12e0a,1,200,1,1
SQLi,filter,4,28db6aeda6d6e201,1,200,1,1
SQLi,filter,4,300c7be62fe76ca7,1,200,1,1
SQLi,filter,4,3618948d7bac3274,1,200,1,1
SQLi,filter,4,9ff4e1b594e172e1,1,200,1,1
SQLi,filter,4,211ba0c16bf7c24c,1,200,1,1
SQLi,filter,4,6a565f83b6ca8ac8,1,200,1,1
SQLi,filter,4,f0c857cd78487277,1,200,1,1
SQLi,filter,4,8025ef5a21c44a07,1,200,1,1
SQLi,filter,4,9bb5d76117b6787b,1,200,1,1
SQLi,filter,4,c67e70c59313d4a9,1,200,1,1
SQLi,filter,4,7f8ea6bcb785bfd5,1,200,1,1
SQLi,filter,4,402ae28d3c42b9bb,1,200,1,1
SQLi,filter,4,f12034bc4b8a376b,1,200,1,1
SQLi,filter,4,f482172d815a0a4a,1,200,1,1
SQLi,filter,4,a7d9f469df46096b,1,200,1,1
SQLi,filter,4,b117a5104170f178,1,200,1,1
SQLi,filter,4,2da7782f4d7797f6,1,200,1,1
SQLi,filter,4,f85a732fa43dfe8e,1,200,1,1
SQLi,filter,4,abd3c7c70aae71ef,1,200,1,1
SQLi,filter,4,6a23f8e9c4c0062c,1,200,1,1
SQLi,filter,4,e724ce14b2f0eb8d,1,200,1,1
SQLi,filter,4,f38e97d45663d8c0,1,200,1,1
SQLi,filter,4,83f1ac9dd23d1e0a,1,200,1,1
SQLi,filter,4,cf6653d4c42a9d93,1,200,1,1
SQLi,filter,4,48d274c8f8c2a1eb,1,200,1,1
SQLi,filter,4,9b0e659ac8a843b7,0,,0,
SQLi,filter,4,5b333e913e504bf4,1,200,1,1
SQLi,filter,4,407c85815d8314fa,1,200,1,1
SQLi,filter,4,b30a2d623d3cdec2,1,200,1,1
SQLi,filter,4,cbf60ce8916c4f32,1,200,1,1
SQLi,filter,4,872aeafff64a2213,1,200,1,1
SQLi,filter,4,b832e8fe6a2956c0,1,200,1,1
SQLi,filter,4,86292c299d080b51,1,200,1,1
SQLi,filter,4,a1348dda972ed4f7,1,200,1,1
SQLi,filter,4,e3a759a1b29902d1,1,200,1,1
SQLi,filter,4,2df4a392d421b1c5,0,,0,
SQLi,filter,4,3a32d7df223120de,1,200,1,1
SQLi,filter,4,a59574837e99cbab,1,200,1,1
SQLi,filter,4,1a1bc5813567b841,1,200,1,1
SQLi,filter,4,637b9a18cad5fc14,1,200,1,1
SQLi,filter,4,77cb7103d05eafe4,1,200,1,1
SQLi,filter,4,8fdb1234850fdaa1,1,200,1,1
SQLi,filter,4,8e27dd8564d92b2f,0,,0,
SQLi,filter,4,abfdd87a83018035,1,200,1,1
SQLi,filter,4,d83f06a9299453e4,1,200,1,1
SQLi,filter,4,2379348744a25cff,1,200,1,1
SQLi,filter,4,fd189aade4a7fb44,1,200,1,1
SQLi,filter,4,0223532559d4977d,1,200,1,1
SQLi,filter,4,8f7dd0800cb2a4ab,1,200,1,1
SQLi,filter,4,045012e2571994aa,1,200,1,1
SQLi,filter,4,4825993b9d17939f,1,200,1,1
SQLi,filter,4,32cbe5fc1aa46cbf,1,200,1,1
SQLi,filter,4,c4467ff6299c1730,1,200,1,1
SQLi,filter,4,7a08262e514900a6,1,200,1,1
SQLi,filter,4,aa8eeadffffff5c5,1,200,1,1
SQLi,filter,4,aa626b9f9c6575cd,1,200,1,1
SQLi,filter,4,579766e30d8c87e5,1,200,1,1
SQLi,filter,4,0be2b1a17f1bc516,1,200,1,1
SQLi,filter,4,d61e8e0cb5a5937d,1,200,1,1
SQLi,filter,4,eae0b252f60bd93c,1,200,1,1
SQLi,filter,4,6260a4e34d13c7c8,1,200,1,1
SQLi,filter,4,7e0cddc315d70d4e,1,200,1,1
SQLi,filter,4,f61f9d8dcaf68427,1,200,1,1
SQLi,filter,4,526a0338f42abdca,1,200,1,1
SQLi,filter,4,19c52f4aa419b060,1,200,1,1
SQLi,filter,4,60ecd620dc8baafb,1,200,1,1
SQLi,filter,4,40976e0cc185f4eb,1,200,1,1
SQLi,filter,4,25d0af760a4bc09c,1,200,1,1
SQLi,filter,4,e8c7c1914e7c444d,1,200,1,1
SQLi,filter,4,a49a87c5970f7da9,1,200,1,1
SQLi,filter,4,be05646f6bfc8cc9,1,200,1,1
SQLi,filter,4,c84383a47a330ef4,1,200,1,1
SQLi,filter,4,f2e17bd4c5141d48,1,200,1,1
SQLi,filter,4,d46631e3f7546d3e,1,200,1,1
SQLi,filter,4,6d0cf46d2c3803ab,1,200,1,1
SQLi,filter,4,952edccfab40c75f,1,200,1,1
SQLi,filter,4,33b3b225ee81314a,1,200,1,1
SQLi,filter,4,3b67dd242ec07f69,1,200,1,1
SQLi,filter,4,f59954c0251d9b1c,1,200,1,1
SQLi,filter,4,1348c965c9c92b9b,1,200,1,1
SQLi,filter,4,170862719a19c957,1,200,1,1
SQLi,filter,4,ab22c0df0d1db8ce,0,,0,
SQLi,filter,4,b8f1c2849bedd99d,1,200,1,1
SQLi,filter,4,bab95ac17f2e8deb,1,200,1,1
SQLi,filter,4,51f3c673e1949acd,1,200,1,1
SQLi,filter,4,dfe61fe8e5e0b48b,1,200,1,1
SQLi,filter,4,461e126e823d5cee,1,200,1,1
SQLi,filter,4,eec189c1e04e3422,1,200,1,1
SQLi,filter,4,1b163b7ea7764724,1,200,1,1
SQLi,filter,4,11fde29303dc172b,1,200,1,1
SQLi,filter,4,601005a9ad4128b8,1,200,1,1
SQLi,filter,4,2d9915f5344b44ec,1,200,1,1
SQLi,filter,4,1c7c39c22de0bb53,1,200,1,1
SQLi,filter,4,ff98179c0325901a,1,200,1,1
SQLi,filter,4,3d0b073ee1cc766d,1,200,1,1
SQLi,filter,4,0a791498dd090508,1,200,1,1
SQLi,filter,4,812e932821383ad4,1,200,1,1
SQLi,filter,4,0d16e62e9a72763a,1,200,1,1
SQLi,filter,4,58938f5810663353,1,200,1,1
SQLi,filter,4,74802e805a847988,1,200,1,1
SQLi,filter,4,3202a940efe99adf,1,200,1,1
SQLi,filter,4,885da416392dafa4,1,200,1,1
SQLi,filter,4,fe6b4bc811e13ed2,1,200,1,1
SQLi,filter,4,21018a9e597e4407,1,200,1,1
SQLi,filter,4,7a7a1e0fde9131ce,1,200,1,1
SQLi,filter,4,5b3d11564349f3d1,1,200,1,1
SQLi,filter,4,ba5f255c6d989488,1,200,1,1
SQLi,filter,4,a52ea69fc016291d,1,200,1,1
SQLi,filter,4,1a52b640a187c4ac,1,200,1,1
SQLi,filter,4,d88f43f3fce8fa80,1,200,1,1
SQLi,filter,4,e54d84b408333039,1,200,1,1
SQLi,filter,4,b910947420bfbfb2,1,200,1,1
SQLi,filter,4,9d0fd73f7c1ae897,1,200,1,1
SQLi,filter,4,bab2a09eff6bbb83,1,200,1,1
SQLi,filter,4,8141d40ddff67798,1,200,1,1
SQLi,filter,4,de8a02832f4b09b2,1,200,1,1
SQLi,filter,4,c8d27ebf911b1df5,1,200,1,1
SQLi,filter,4,c2a81d9d65617843,1,200,1,1
SQLi,filter,4,9753bacaa4cd7d5c,1,200,1,1
SQLi,filter,4,a2143948a3d43e35,1,200,1,1
SQLi,filter,4,adb1645c92ab31fe,1,200,1,1
SQLi,filter,4,efadf25c43a3a147,1,200,1,1
SQLi,filter,4,f45136c965546291,1,200,1,1
SQLi,filter,4,b826ddd36c727023,1,200,1,1
SQLi,filter,4,62961a118aed0fb2,1,200,1,1
SQLi,filter,4,35955bdc207e65fd,1,200,1,1
SQLi,filter,4,bd26f0455f02d8c9,1,200,1,1
SQLi,filter,4,f8f6b2a32192b007,0,,0,
SQLi,filter,4,170baea3a3394ce5,1,200,1,1
SQLi,filter,4,c3fd9c6585db12e4,1,200,1,1
SQLi,filter,4,270e48e6b21c6f48,1,200,1,1
SQLi,filter,4,0793ffe7d6d9bc68,0,,0,
SQLi,filter,4,61c351d658dda54d,1,200,1,1
SQLi,filter,4,8ab941b62000a584,1,200,1,1
SQLi,filter,4,751c2c0bfe65cf7a,1,200,1,1
SQLi,filter,4,83962e4391ce65b7,1,200,1,1
SQLi,filter,4,6ee43d3bd9f78801,1,200,1,1
SQLi,filter,4,6ce7a65c7f6ef0b4,1,200,1,1
SQLi,filter,4,59985de412dc34be,1,200,1,1
SQLi,filter,4,9b6280e4158149ee,1,200,1,1
SQLi,filter,4,4fb141681d4d265a,1,200,1,1
SQLi,filter,4,e499663b060c1595,1,200,1,1
SQLi,filter,4,42093b39f3084392,1,200,1,1
SQLi,filter,4,d41dfc46f629108d,1,200,1,1
SQLi,filter,4,97cd4654c6aa2aa7,1,200,1,1
SQLi,filter,4,64c9ccc9add5f491,1,200,1,1
SQLi,filter,4,43989b81f67ab114,1,200,1,1
SQLi,filter,4,8f3cb0b7efd0b25b,1,200,1,1
SQLi,filter,4,58938f5810663353,1,200,1,1
SQLi,filter,4,74802e805a847988,1,200,1,1
SQLi,filter,4,3202a940efe99adf,1,200,1,1
SQLi,filter,4,885da416392dafa4,1,200,1,1
SQLi,filter,4,fe6b4bc811e13ed2,1,200,1,1
SQLi,filter,4,21018a9e597e4407,1,200,1,1
SQLi,filter,4,7a7a1e0fde9131ce,1,200,1,1
SQLi,filter,4,5b3d11564349f3d1,1,200,1,1
SQLi,filter,4,fff72374c560207a,1,200,1,1
SQLi,filter,4,ce1bacb6e34019c7,1,200,1,1
SQLi,filter,4,760d594d3d0aa06d,1,200,1,1
SQLi,filter,4,17e2bc202dae0c00,1,200,1,1
SQLi,filter,4,cd159328a9a2d4f9,1,200,1,1
SQLi,filter,4,ba151b7d4359e80b,1,200,1,1
SQLi,filter,4,c60c5c2db79fefc0,1,200,1,1
SQLi,filter,4,615d6b1926fa5809,1,200,1,1
SQLi,filter,4,b971ee4488d9e4a0,1,200,1,1
SQLi,filter,4,00ccaea9085d9f88,1,200,1,1
SQLi,filter,4,889fc9251de2b2c8,1,200,1,1
SQLi,filter,4,72c7826c05f16b59,1,200,1,1
SQLi,filter,4,30a88481d6425068,1,200,1,1
SQLi,filter,4,3040af0e92306aa6,1,200,1,1
SQLi,filter,4,58e6c4f4cb0f3702,1,200,1,1
SQLi,filter,4,da39f870e21af038,1,200,1,1
SQLi,filter,4,d248b6be836cdd89,1,200,1,1
SQLi,filter,4,9c5b944453b335c3,1,200,1,1
SQLi,filter,4,e2063f584bbcbd91,1,200,1,1
SQLi,filter,4,8b0edac5605f9e41,1,200,1,1
SQLi,filter,4,b935032900ee76b0,0,,0,
SQLi,filter,4,4cc8d0163e87fe3e,0,,0,
SQLi,filter,4,18685b38146a47e1,1,200,1,1
SQLi,filter,4,28250f7df813814b,1,200,1,1
SQLi,filter,4,93d3f6a7666e81a3,0,,0,
SQLi,filter,4,9540cab716d1e730,1,200,1,1
SQLi,filter,4,9eb52f90c7fc52eb,1,200,1,1
SQLi,filter,4,7098a415714b5a94,1,200,1,1
SQLi,filter,4,761fce9cafdb7375,0,,0,
SQLi,filter,4,016858a473e05226,1,200,1,1
SQLi,filter,4,667928f261c90cd7,1,200,1,1
SQLi,filter,4,4f1c2f0d3df3eff1,1,200,1,1
SQLi,login,4,443f429b36f9d365,0,,0,
SQLi,login,4,3abfe532e59818c2,1,200,1,1
SQLi,login,4,c066fbf283e13c63,1,200,1,1
SQLi,login,4,f9e90244ebdd7d03,1,200,1,1
SQLi,login,4,4b6b3ea1e6bb6914,1,200,1,1
SQLi,login,4,62b9cd095776c89a,1,200,1,1
SQLi,login,4,799e6822c1a4e7be,1,200,1,1
SQLi,login,4,bf1f32cf15653270,1,200,1,1
SQLi,login,4,7067f253ba2c745e,1,200,1,1
SQLi,login,4,49c302e1b1d34ccb,1,200,1,1
SQLi,login,4,36346b86d2c23b69,1,200,1,1
SQLi,login,4,d503ca9a89c01ba1,1,200,1,1
SQLi,login,4,e3bb61a5f53e8365,1,200,1,1
SQLi,login,4,4505a92b8deadbb6,0,,0,
SQLi,login,4,662672061fef01e1,1,200,1,1
SQLi,login,4,37479067b1617939,1,200,1,1
SQLi,login,4,4748b150f30e9d2f,1,200,1,1
SQLi,login,4,43c89bd0007b85e1,1,200,1,1
SQLi,login,4,9a011e233ef58d77,1,200,1,1
SQLi,login,4,92ceaf1c26cb1f63,1,200,1,1
SQLi,login,4,b4c0b7c8811d8b2e,1,200,1,1
SQLi,login,4,7ef1bd86db83b19d,1,200,1,1
SQLi,login,4,5c9260a1582d4e39,0,,0,
SQLi,login,4,2cafafa51560bc74,1,200,1,1
SQLi,login,4,762b2b8f422c6777,1,200,1,1
SQLi,login,4,872f7779a772b657,0,,0,
SQLi,login,4,6a5db726fc3a2bb9,1,200,1,1
SQLi,login,4,a89cd47e83cbd090,1,200,1,1
SQLi,login,4,7cf164bb60af0538,1,200,1,1
SQLi,login,4,9be9d6608c1addef,1,200,1,1
SQLi,login,4,091df1c92da41825,1,200,1,1
SQLi,login,4,8945d571a350f5d2,1,200,1,1
SQLi,login,4,d5583653c9f1ea54,1,200,1,1
SQLi,login,4,ba6f911ca9e37c09,0,,0,
SQLi,login,4,fa3f6bb827601901,1,403,0,
SQLi,login,4,7e785938c6b09a3c,0,,0,
SQLi,login,4,8d0b51d4adb114e8,1,200,1,1
SQLi,login,4,72da6c61c6703192,1,200,1,1
SQLi,login,4,9fe29db5cd4b2744,1,200,1,1
SQLi,login,4,434fad611120e2e4,1,403,0,
SQLi,login,4,5b540fef128f51aa,0,,0,
SQLi,login,4,fe88a4b91d63190b,0,,0,
SQLi,login,4,15235cb079ac205e,1,200,1,1
SQLi,login,4,9de811f475d0a535,0,,0,
SQLi,login,4,da7c0c1393e0c850,1,403,0,
SQLi,login,4,fcc8f14e4fce9744,0,,0,
SQLi,login,4,cc9f1426cc942d3c,1,200,1,1
SQLi,login,4,63ee2c4b557d18a9,1,200,1,1
SQLi,login,4,6bbb7ec50f7160ee,1,200,1,1
SQLi,login,4,ea01f2fba5041c27,0,,0,
SQLi,login,4,2cad042f19ebcde1,1,200,1,1
SQLi,login,4,c0d9995ec42f51da,1,200,1,1
SQLi,login,4,1709c298a1703a42,0,,0,
SQLi,login,4,479194674b9361e5,0,,0,
SQLi,login,4,cf4e55b22662ff75,0,,0,
SQLi,login,4,93fa8521588b96fd,1,200,1,1
SQLi,login,4,d0fcc4acf09e5787,0,,0,
SQLi,login,4,6d74fca88ddeaabb,1,200,1,1
SQLi,login,4,76787403bc5edb4a,1,200,1,1
SQLi,login,4,2596230268b31057,1,200,1,1
SQLi,login,4,e27f678ed0671c7d,0,,0,
SQLi,login,4,9ba7c907994c2f4e,0,,0,
SQLi,login,4,af42ec46ac8257e2,1,200,1,1
SQLi,login,4,b24f9e712b5e7ac5,1,200,1,1
SQLi,login,4,cd6535f2ba68aca7,1,200,1,1
SQLi,login,4,7b19515a6b182c21,1,200,1,1
SQLi,login,4,75586596332432a9,1,200,1,1
SQLi,login,4,ae959f53bbe40eeb,1,200,1,1
SQLi,login,4,52a0c28984453233,1,200,1,1
SQLi,login,4,90cb6bd2445898eb,1,200,1,1
SQLi,login,4,e85058288ad583af,1,200,1,1
SQLi,login,4,3bb1fc01e4f6f413,1,200,1,1
SQLi,login,4,337e2bb0fadd941d,1,200,1,1
SQLi,login,4,6430095113d18007,0,,0,
SQLi,login,4,71a0ca0175dc9322,1,200,1,1
SQLi,login,4,335d0926306233bd,0,,0,
SQLi,login,4,8014791f2e97d907,1,200,1,1
SQLi,login,4,6b0afdd52d304d04,1,200,1,1
SQLi,login,4,57218b49938a5ca5,1,200,1,1
SQLi,login,4,4da53372ed8aabce,1,200,1,1
SQLi,login,4,55b71cb3c22d9c87,1,200,1,1
SQLi,login,4,32894852f6efdca9,1,200,1,1
SQLi,login,4,978b47ae60c46332,0,,0,
SQLi,login,4,312acc7ae14f8e1e,0,,0,
SQLi,login,4,ed4e237f3b6eeea9,1,200,1,1
SQLi,login,4,99aca924e69f05c4,1,200,1,1
SQLi,login,4,92a427abd81da47a,1,200,1,1
SQLi,login,4,7087cb23a0f4f8fa,1,200,1,1
SQLi,login,4,803f802e3282b8b7,1,200,1,1
SQLi,login,4,d8a54a9856b86837,1,200,1,1
SQLi,login,4,cb8765ccd46de0d2,0,,0,
SQLi,login,4,0af52edeae732225,0,,0,
SQLi,login,4,919d3bc9ffca3257,1,200,1,1
SQLi,login,4,c6c6fffdaa0de63b,1,200,1,1
SQLi,login,4,c911443f3f96402a,0,,0,
SQLi,login,4,0c4a9d352221a11b,1,200,1,1
SQLi,login,4,7c5f79bdc5112c5f,1,200,1,1
SQLi,login,4,1f122227b5b8bf33,1,200,1,1
SQLi,login,4,4bad11487d7fc1fb,0,,0,
SQLi,login,4,01b3e7f8f43949c4,1,200,1,1
SQLi,login,4,3005219a9728ad5d,1,200,1,1
SQLi,login,4,c84bddef43023f71,1,200,1,1
SQLi,login,4,9d5fe125a8caf08b,1,200,1,1
SQLi,login,4,74515eaa11bebdba,0,,0,
SQLi,login,4,de4f2fb8e4d4fea4,1,200,1,1
SQLi,login,4,793a3095508baea7,1,200,1,1
SQLi,login,4,c076a71da5c28854,1,200,1,1
SQLi,login,4,87ee3c460fe0edef,0,,0,
SQLi,login,4,77fadb9b9ad11938,1,200,1,1
SQLi,login,4,ff5ef2b17049c37e,1,200,1,1
SQLi,login,4,2fbd344f39712831,1,200,1,1
SQLi,login,4,ceaeac7c26c9acfd,0,,0,
SQLi,login,4,bc1e99f9a06892d8,1,200,1,1
SQLi,login,4,a93941e43ea5fde8,1,200,1,1
SQLi,login,4,af60bf2b0d28e75e,1,200,1,1
SQLi,login,4,a40f6c668f7e80bd,1,200,1,1
SQLi,login,4,2a13264aaa0665d6,0,,0,
SQLi,login,4,72b6a34980b9b7b1,1,200,1,1
SQLi,login,4,b8aeb4b24b6ee5db,1,200,1,1
SQLi,login,4,8d5ca1910d982979,1,200,1,1
SQLi,login,4,5273fbf76c4b39fa,1,200,1,1
SQLi,login,4,d7d24a9cdd16ed5a,1,200,1,1
SQLi,login,4,63b7d4dbd36bff4e,1,200,1,1
SQLi,login,4,67e77cc494273255,1,200,1,1
SQLi,login,4,2aa83e7756bdd456,1,200,1,1
SQLi,login,4,223954989b2a92f2,1,200,1,1
SQLi,login,4,a13027892d7dcd8a,1,200,1,1
SQLi,login,4,74f8be6498cf970f,1,200,1,1
SQLi,login,4,51250bfc2e91bb10,1,200,1,1
SQLi,login,4,8fb703750c7cd4c8,1,200,1,1
SQLi,login,4,b04b6ff7eadd558b,1,200,1,1
SQLi,login,4,8ed38c538e23a07d,0,,0,
SQLi,login,4,2cedcfa53433acde,1,200,1,1
SQLi,login,4,59d72370f0dbe65f,1,200,1,1
SQLi,login,4,467edab64a7d1484,0,,0,
SQLi,login,4,481ba820f7864e1e,1,200,1,1
SQLi,login,4,4dffc1b86579925c,1,200,1,1
SQLi,login,4,dddbecf10641bb1c,0,,0,
SQLi,login,4,a7e3200a4e71229a,0,,0,
SQLi,login,4,e39cf3f13c632026,0,,0,
SQLi,login,4,a7c2d9719a30124e,1,200,1,1
SQLi,login,4,a69b0032887b9ab2,1,200,1,1
SQLi,login,4,e5c9888316e3063f,0,,0,
SQLi,login,4,b1da90a32b771237,0,,0,
SQLi,login,4,1eab923d5d5fe7a8,0,,0,
SQLi,login,4,431f743ea0cb4981,0,,0,
SQLi,login,4,b141aab31f473530,1,200,1,1
SQLi,login,4,cf67aaacd456e8a1,1,200,1,1
SQLi,login,4,32acedddb2204358,0,,0,
SQLi,login,4,ba44371f05c10f64,1,200,1,1
SQLi,login,4,6220d4bbdfdb6116,1,200,1,1
SQLi,login,4,85810d48a89d154c,0,,0,
SQLi,login,4,02e3e578b04a92b8,0,,0,
SQLi,login,4,ab4691ced938e09c,1,200,1,1
SQLi,login,4,0e4babd7381c8a27,0,,0,
SQLi,login,4,ce47ae19f892a60f,1,200,1,1
SQLi,login,4,9be23c6271a84a18,1,200,1,1
SQLi,login,4,a6f33f9086814bdf,1,200,1,1
SQLi,login,4,7d09b50c39781137,1,200,1,1
SQLi,login,4,271d8e39103a4fa7,1,200,1,1
SQLi,login,4,61135c25ab38c422,1,200,1,1
SQLi,login,4,7853592082e92dda,1,200,1,1
SQLi,login,4,723ae8058b98a4b9,1,200,1,1
SQLi,login,4,089b6f018de8f59e,1,200,1,1
SQLi,login,4,037feb068f9381c0,1,200,1,1
SQLi,login,4,370e3b7604149570,1,200,1,1
SQLi,login,4,0e168b67a099017b,1,200,1,1
SQLi,login,4,ac580f53afe70b65,1,200,1,1
SQLi,login,4,7071debb008aa2ff,1,200,1,1
SQLi,login,4,7a6ed97e01f9d152,1,200,1,1
SQLi,login,4,01d269063b9e16ee,1,200,1,1
SQLi,login,4,7034492d1eaf97c9,1,200,1,1
SQLi,login,4,87d7b2aae059c8a1,1,200,1,1
SQLi,login,4,47c1644ffc4105ac,1,200,1,1
SQLi,login,4,074fae3acec0d54a,1,200,1,1
SQLi,login,4,bf56329f4b17b212,1,200,1,1
SQLi,login,4,b72fafb460969b90,1,200,1,1
SQLi,login,4,02b7f5b66c886116,1,200,1,1
SQLi,login,4,bf4db6ffb2d7b640,1,200,1,1
SQLi,login,4,95a4e11b327bca4e,1,200,1,1
SQLi,login,4,8eeb7c26ffc6ef42,1,200,1,1
SQLi,login,4,a7ef207b5e687222,1,200,1,1
SQLi,login,4,6d7e472570d22413,1,200,1,1
SQLi,login,4,7663b39b86b2f729,1,200,1,1
SQLi,login,4,d744f4024c3a9262,1,200,1,1
SQLi,login,4,e36eaf75c00de60c,1,200,1,1
SQLi,login,4,e8f2ebae470eb8d7,1,200,1,1
SQLi,login,4,0a77dee97510f17a,1,200,1,1
SQLi,login,4,c7356424123358f9,1,200,1,1
SQLi,login,4,84078544fad1bed8,1,200,1,1
SQLi,login,4,83b86286f3583e75,1,200,1,1
SQLi,login,4,71033a4fc817103b,1,200,1,1
SQLi,login,4,4c2f2db3192976ed,1,200,1,1
SQLi,login,4,f129a8137a92995b,1,200,1,1
SQLi,login,4,25dd18bfa9702584,1,200,1,1
SQLi,login,4,87906c1227573bef,1,200,1,1
SQLi,login,4,c5639cf02c5ba2b8,1,200,1,1
SQLi,login,4,8b09247c2741d265,1,200,1,1
SQLi,login,4,38477de2d4385bb7,1,200,1,1
SQLi,login,4,ca9524f19f0bd436,1,200,1,1
SQLi,login,4,8b902331fbe896da,1,200,1,1
SQLi,login,4,6be24963df90691c,1,200,1,1
SQLi,login,4,265f2185055b8583,1,200,1,1
SQLi,login,4,f25ea606c72489e2,1,200,1,1
SQLi,login,4,8c35280bd9d49261,1,200,1,1
SQLi,login,4,af1eebc4de9308a7,1,200,1,1
SQLi,login,4,0f4c0269a7309586,1,200,1,1
SQLi,login,4,37ff8f81b9d7b1bd,1,200,1,1
SQLi,login,4,1969893f5f0da300,1,200,1,1
SQLi,login,4,b46b2c2bc15d2582,1,200,1,1
SQLi,login,4,3f199207a81617e0,1,200,1,1
SQLi,login,4,a1cf897496d16112,1,200,1,1
SQLi,login,4,2ad3d41ee55448b5,1,200,1,1
SQLi,login,4,f7f3eb348bc704c6,1,200,1,1
SQLi,login,4,f8efb6182939a2d2,1,200,1,1
SQLi,login,4,d093a5c89bd9320d,1,200,1,1
SQLi,login,4,a56742c085634d56,1,200,1,1
SQLi,login,4,663d62443ab03176,1,200,1,1
SQLi,login,4,4643d565f76a066a,1,200,1,1
SQLi,login,4,7bd41cdd2be60a1d,1,200,1,1
SQLi,login,4,f0bc4555758eb808,1,200,1,1
SQLi,login,4,d2e332ffbb6471be,1,200,1,1
SQLi,login,4,ce1432923392619e,1,200,1,1
SQLi,login,4,91d12b5f1577db54,1,200,1,1
SQLi,login,4,d3693e3c71a68a19,1,200,1,1
SQLi,login,4,3e5c3658526b2cc6,1,200,1,1
SQLi,login,4,79d6900781515ee6,1,200,1,1
SQLi,login,4,33c68799fdb5412b,1,200,1,1
SQLi,login,4,5bb80bbcec88af43,1,200,1,1
SQLi,login,4,b6cbac0a3cd0f651,1,200,1,1
SQLi,login,4,7d150116e9479ba3,1,200,1,1
SQLi,login,4,222947902f3d3380,1,200,1,1
SQLi,login,4,f3404915687470cf,1,200,1,1
SQLi,login,4,73c3c9bec9649664,0,,0,
SQLi,login,4,b16d9c78f6416ab2,0,,0,
SQLi,login,4,693d4c618472ac2f,0,,0,
SQLi,login,4,98db45e02b3d0d60,1,200,1,1
SQLi,login,4,3e36b16c5dc9c2a3,1,200,1,1
SQLi,login,4,35db6b197e4e827c,1,200,1,1
SQLi,login,4,e63e7c84885b302b,1,200,1,1
SQLi,login,4,2b8879ed17e1b8f5,1,200,1,1
SQLi,login,4,7908312b1553d8db,1,200,1,1
SQLi,login,4,714d51e11b4fb32d,1,200,1,1
SQLi,login,4,1ab7b41bb49c1c14,1,200,1,1
SQLi,login,4,c768355d230a4935,1,200,1,1
SQLi,login,4,5eb30d755046c036,1,200,1,1
SQLi,login,4,64606904215e861d,1,200,1,1
SQLi,login,4,707ea7825a12e99a,1,200,1,1
SQLi,login,4,5b0b7a5a6c0a0666,1,200,1,1
SQLi,login,4,174508cc53f07a79,1,200,1,1
SQLi,login,4,6972cf78f8a91a04,1,200,1,1
SQLi,login,4,a6a05a59accb0f73,1,200,1,1
SQLi,login,4,19c9e294c8b9826c,1,200,1,1
SQLi,login,4,467a2d39a3cf27a2,1,200,1,1
SQLi,login,4,beed6577ca2aca56,1,200,1,1
SQLi,login,4,908257736dc0eaa8,1,200,1,1
SQLi,login,4,07ba71ed29daf58e,1,200,1,1
SQLi,login,4,bc7d7f5f156fb7fe,1,200,1,1
SQLi,login,4,a4dd25089f33a878,1,200,1,1
SQLi,login,4,28b325246ef1da03,1,200,1,1
SQLi,login,4,a4258bf77bc66cc8,1,200,1,1
SQLi,login,4,51b63b18d08662d0,1,200,1,1
SQLi,login,4,5b1ad2728ae9ae2b,1,200,1,1
SQLi,login,4,438234323b499416,1,200,1,1
SQLi,login,4,f39845ea77750050,1,200,1,1
SQLi,login,4,838154be27f7ef22,1,200,1,1
SQLi,login,4,1160f6cb23c9c072,1,200,1,1
SQLi,login,4,f1ac8247b0bc419f,1,200,1,1
SQLi,login,4,7b7b0120eba0ed25,1,200,1,1
SQLi,login,4,ffab56688f9475e0,1,200,1,1
SQLi,login,4,1f912ed9d5baab01,1,200,1,1
SQLi,login,4,c2f10df7271b3654,1,200,1,1
SQLi,login,4,a51421ebad387d2d,1,200,1,1
SQLi,login,4,ee4bb07836293700,1,200,1,1
SQLi,login,4,f08f528e6bbfa215,1,200,1,1
SQLi,login,4,b858c53b97f1cab3,1,200,1,1
SQLi,login,4,d40ca0814fa5adc0,1,200,1,1
SQLi,login,4,6ae149cc9acfe6e9,1,200,1,1
SQLi,login,4,ad5bbd0dc4058138,0,,0,
SQLi,login,4,47cd07e903c8c97a,1,200,1,1
SQLi,login,4,ed444204e16c0c61,1,200,1,1
SQLi,login,4,62050b2e7c95dfb0,1,200,1,1
SQLi,login,4,2a29913436e06c7d,1,200,1,1
SQLi,login,4,dd602847f20784d4,1,200,1,1
SQLi,login,4,d920cd7f310bb7e2,1,200,1,1
SQLi,login,4,49e66a8521ed4248,1,200,1,1
SQLi,login,4,1bb4e2cf8a1c83a5,0,,0,
SQLi,login,4,73e8dc1710e59d85,1,200,1,1
SQLi,login,4,8521e3814edf548a,1,200,1,1
SQLi,login,4,be919294ac50df0c,1,200,1,1
SQLi,login,4,36bf07ea6af246ba,0,,0,
SQLi,login,4,416b98ff0fb7bbab,1,200,1,1
SQLi,login,4,2a3a6332c8606a2d,1,200,1,1
SQLi,login,4,9b4319ceba226e08,1,200,1,1
SQLi,login,4,c83974430a59f6c9,1,200,1,1
SQLi,login,4,fb405c0d5a082cc7,0,,0,
SQLi,login,4,24a857a9ee2cfcaf,1,200,1,1
SQLi,login,4,7d96d715c1ed692e,1,200,1,1
SQLi,login,4,69460000fdc61a0d,1,200,1,1
SQLi,login,4,325098832df8bbb6,1,200,1,1
SQLi,login,4,cf57b2b99f062377,1,200,1,1
SQLi,login,4,c06fe91018ffe214,1,200,1,1
SQLi,login,4,b255d126a9c4930c,1,200,1,1
SQLi,login,4,941da8c88980d8a3,1,200,1,1
SQLi,login,4,a7040c0989d25d76,1,200,1,1
SQLi,login,4,780bc8adcd4ae14e,1,200,1,1
SQLi,login,4,cf313b14ef2e5aa0,1,200,1,1
SQLi,login,4,8e80f0d22e06ea94,1,200,1,1
SQLi,login,4,c4014febf4c37369,1,200,1,1
SQLi,login,4,5bb80bbcec88af43,1,200,1,1
SQLi,login,4,89113a93b4e9cb51,1,200,1,1
SQLi,login,4,1d6a7ccb00e7c7d4,1,200,1,1
SQLi,login,4,18159fdca8f9414d,1,200,1,1
SQLi,login,4,96b5508f35648959,1,200,1,1
SQLi,login,4,e7788a357d501b62,0,,0,
SQLi,login,4,2139992ab63ca8a1,1,200,1,1
SQLi,login,4,09ea5ce2d276eda1,1,200,1,1
SQLi,login,4,91193698c30145c6,1,200,1,1
SQLi,login,4,09bcffb16d587c07,1,200,1,1
SQLi,login,4,bc2d240b06c1005b,1,200,1,1
SQLi,login,4,13a97f60f1034d8b,1,200,1,1
SQLi,login,4,2778e9d0325eef55,1,200,1,1
SQLi,login,4,16bc603982f6121a,1,200,1,1
SQLi,login,4,ab8e5dd04a44b98c,1,200,1,1
SQLi,login,4,f9752444225b1edb,1,200,1,1
SQLi,login,4,7421857feaae7ee1,1,200,1,1
SQLi,login,4,797ed596333bb15f,1,200,1,1
SQLi,login,4,65a010d4926dfff7,1,200,1,1
SQLi,login,4,c0ff07c18f7577b0,1,200,1,1
SQLi,login,4,d49e344087cb5477,1,200,1,1
SQLi,login,4,ee444d88b8db4dc6,0,,0,
SQLi,login,4,a7790c006e1152a7,1,403,0,
SQLi,login,4,49104c36487ea95d,1,200,1,1
SQLi,login,4,7ccb35c935a0455b,0,,0,
SQLi,login,4,f0009ac7cc66739c,1,200,1,1
SQLi,login,4,f9a17613138de9d6,0,,0,
SQLi,login,4,db629b269f13a7b2,1,200,1,1
SQLi,login,4,cbbfd5773efcc802,1,200,1,1
SQLi,login,4,67d5c55f5e102924,1,200,1,1
SQLi,login,4,dbbd51258ab47fc6,1,403,0,
SQLi,login,4,c953b0aae92bbcf0,0,,0,
SQLi,login,4,1db1f3a76c03fa1f,0,,0,
SQLi,login,4,d4d614635fb7ee64,0,,0,
SQLi,login,4,e26f4861c9861261,0,,0,
SQLi,login,4,cda34dee7292d5c0,1,403,0,
SQLi,login,4,ec3ed4f179c1fa46,1,200,1,1
SQLi,login,4,4a3a6f48bc63d74e,1,200,1,1
SQLi,login,4,52fa7db9508486dc,1,200,1,1
SQLi,login,4,c374db1a2c200d55,1,200,1,1
SQLi,login,4,a438bf62931a7e83,1,200,1,1
SQLi,login,4,02bef2208d02307a,1,200,1,1
SQLi,login,4,05414c9a1a2a51af,1,200,1,1
SQLi,login,4,0fc2dac10c6debad,1,200,1,1
SQLi,login,4,3ce9562af3760d05,1,200,1,1
SQLi,login,4,6ad22c4d3e6028ef,1,200,1,1
SQLi,login,4,8ccd45e00caeffca,1,200,1,1
SQLi,login,4,14186be469582afe,1,200,1,1
SQLi,login,4,ff9db8f54faf97f0,1,200,1,1
SQLi,login,4,bf91a1e70359d37e,1,200,1,1
SQLi,login,4,17516116e0666f80,1,200,1,1
SQLi,login,4,f421d2853b3dd505,1,200,1,1
SQLi,login,4,4463f5f4495261c3,1,200,1,1
SQLi,login,4,8eb8f261c156fd2b,1,200,1,1
SQLi,login,4,15cfbb5d09e327f7,1,200,1,1
SQLi,login,4,e2ebfd27509ca439,1,200,1,1
SQLi,login,4,efe36b7761a19bad,1,200,1,1
SQLi,login,4,32a4e9f32aefcd50,1,200,1,1
SQLi,login,4,1aba84ea677342ee,1,200,1,1
SQLi,login,4,38135732c6bf425b,1,403,0,
SQLi,login,4,dcba22a4266ffd64,1,200,1,1
SQLi,login,4,67790d956b853e14,1,200,1,1
SQLi,login,4,b009de471feb2b70,1,200,1,1
SQLi,login,4,f6152c4bf2a2827f,1,200,1,1
SQLi,login,4,f769f6b3a7754bc4,1,200,1,1
SQLi,login,4,474e5b30ff124015,1,200,1,1
SQLi,login,4,67ef6974d38b8e1e,1,200,1,1
SQLi,login,4,ac8fddbb886e4023,1,200,1,1
SQLi,login,4,7470006a5c186441,1,200,1,1
SQLi,login,4,41616dec126d03e0,1,200,1,1
SQLi,login,4,09e404d228368450,1,200,1,1
SQLi,login,4,715e9188468bad81,1,200,1,1
SQLi,login,4,644eca02b02bd528,1,200,1,1
SQLi,login,4,7878315f1897cda8,1,200,1,1
SQLi,login,4,f8908815ee51c937,1,200,1,1
SQLi,login,4,e007673c324f6b5f,1,200,1,1
SQLi,login,4,7e37d882a385c839,1,200,1,1
SQLi,login,4,ba719c3531fab33a,1,200,1,1
SQLi,login,4,d2f0b47841bb323f,1,200,1,1
SQLi,login,4,fd141602ce04288f,1,200,1,1
SQLi,login,4,d583eba336b7ea7c,1,200,1,1
SQLi,login,4,b5c3c0799dc77a27,1,200,1,1
SQLi,login,4,5a9b785a831e5a48,1,200,1,1
SQLi,login,4,2b7f8436c159191a,1,200,1,1
SQLi,login,4,30d0c872569e2b8f,1,200,1,1
SQLi,login,4,9e96842da9a0bb56,1,200,1,1
SQLi,login,4,7f4c08a85e2b1c3a,1,200,1,1
SQLi,login,4,2e228659b9685495,1,200,1,1
SQLi,login,4,bc382d3a2b3e30ad,1,200,1,1
SQLi,login,4,17e0f322743f0835,1,200,1,1
SQLi,login,4,753df89de6379869,1,200,1,1
SQLi,login,4,c0d8f40c268b009e,1,200,1,1
SQLi,login,4,ee7bbb6a7c6953a7,1,200,1,1
SQLi,login,4,13bf380cafc7c9fa,1,200,1,1
SQLi,login,4,7c40f5041f09bd31,1,200,1,1
SQLi,login,4,269f78d00d26f273,1,200,1,1
SQLi,login,4,5bbc1b7a2bc126b8,1,200,1,1
SQLi,login,4,086c1e983f8bc8c9,1,200,1,1
SQLi,login,4,9ce83ce0904c5d46,1,200,1,1
SQLi,login,4,6a5dc60c54223ef1,1,200,1,1
SQLi,login,4,b701822c1c81a343,1,200,1,1
SQLi,login,4,48a733514f98763a,1,200,1,1
SQLi,login,4,c6f688edfffd5e09,1,200,1,1
SQLi,login,4,582e8a38a436b56f,1,200,1,1
SQLi,login,4,782b35772cfb2c74,1,200,1,1
SQLi,login,4,9e5487f9a1356ec2,1,200,1,1
SQLi,login,4,a6afd83543e3a752,1,200,1,1
SQLi,login,4,6df3b13f4e52e33f,1,200,1,1
SQLi,login,4,15eb268508b71aa7,1,200,1,1
SQLi,login,4,dced26069c6f9d6e,1,200,1,1
SQLi,login,4,f7894ac020fb9a0c,1,200,1,1
SQLi,login,4,84aa9b85bd4acdc4,1,200,1,1
SQLi,login,4,f764c106774db886,1,200,1,1
SQLi,login,4,e90fd3782d7545e3,1,200,1,1
SQLi,login,4,31af0f9c678495df,1,200,1,1
SQLi,login,4,46e6a3c592f026f6,1,200,1,1
SQLi,login,4,07a49a2ca5725811,1,200,1,1
SQLi,login,4,ea8878ea164520f3,1,200,1,1
SQLi,login,4,73fe5cbb2af1280d,1,200,1,1
SQLi,login,4,523505c7544c54c6,1,200,1,1
SQLi,login,4,bdb843cbd5f8bc2b,1,200,1,1
SQLi,login,4,e476123cd63a354e,1,200,1,1
SQLi,login,4,a87a15ac5c7fd5c2,1,200,1,1
SQLi,login,4,bc3b1292bfb1cd12,1,200,1,1
SQLi,login,4,dc95842bb649e3c6,1,200,1,1
SQLi,login,4,14fc9d2f6524dbc2,1,200,1,1
SQLi,login,4,63bd278664fa1893,1,200,1,1
SQLi,login,4,6418ff0644a1ddbe,1,200,1,1
SQLi,login,4,15a15ea78008cc51,1,200,1,1
SQLi,login,4,085d3729237aaede,1,200,1,1
SQLi,login,4,e971675f625ed9f4,1,200,1,1
SQLi,login,4,783bb54afc921113,1,200,1,1
SQLi,login,4,6027fd1b04c7859b,1,200,1,1
SQLi,login,4,24fc0292398d35ac,1,200,1,1
SQLi,login,4,1ee5fd52b0a3273d,1,200,1,1
SQLi,login,4,6bba0c0c19d55d88,1,200,1,1
SQLi,login,4,8d2bc35bc8d70479,1,200,1,1
SQLi,login,4,4ccf3b1924efd0ee,1,200,1,1
SQLi,login,4,9c7d0acddc7c9ff0,1,200,1,1
SQLi,login,4,a9c3a95d53ed04a6,1,200,1,1
SQLi,login,4,269f78d00d26f273,1,200,1,1
SQLi,login,4,5bbc1b7a2bc126b8,1,200,1,1
SQLi,login,4,086c1e983f8bc8c9,1,200,1,1
SQLi,login,4,9ce83ce0904c5d46,1,200,1,1
SQLi,login,4,6a5dc60c54223ef1,1,200,1,1
SQLi,login,4,b701822c1c81a343,1,200,1,1
SQLi,login,4,48a733514f98763a,1,200,1,1
SQLi,login,4,c6f688edfffd5e09,1,200,1,1
SQLi,login,4,582e8a38a436b56f,1,200,1,1
SQLi,login,4,782b35772cfb2c74,1,200,1,1
SQLi,login,4,9e5487f9a1356ec2,1,200,1,1
SQLi,login,4,a6afd83543e3a752,1,200,1,1
SQLi,login,4,6df3b13f4e52e33f,1,200,1,1
SQLi,login,4,15eb268508b71aa7,1,200,1,1
SQLi,login,4,1bea7c01f0cea26c,1,200,1,1
SQLi,login,4,6aa78b571531eeaf,1,200,1,1
SQLi,login,4,59fb41d8108f8c72,1,200,1,1
SQLi,login,4,f5a9c58290890314,1,200,1,1
SQLi,login,4,c65296e1a447c862,1,200,1,1
SQLi,login,4,c2d20623159cdb3c,1,200,1,1
SQLi,login,4,475f86bb6eef6405,1,200,1,1
SQLi,login,4,137d9e2fdd93ed8e,1,200,1,1
SQLi,login,4,00b60e21e06d7834,1,200,1,1
SQLi,login,4,32f737f86f0a1304,1,200,1,1
SQLi,login,4,7d108ad6e70c4285,1,200,1,1
SQLi,login,4,ef19ab666b8596af,1,200,1,1
SQLi,login,4,fbd99f802b4ea468,1,200,1,1
SQLi,login,4,bd79494c9c2be977,1,200,1,1
SQLi,login,4,b38d22b198d29e17,1,200,1,1
SQLi,login,4,b55a04ecd25b762f,1,200,1,1
SQLi,login,4,565a4f160e1743c0,1,200,1,1
SQLi,login,4,210e11fb06d36e91,1,200,1,1
SQLi,login,4,4d54c3ac344f0c6b,1,200,1,1
SQLi,login,4,8e1dd2302e506ea9,1,200,1,1
SQLi,login,4,20849607dcd659dc,1,200,1,1
SQLi,login,4,62e09851535cb264,1,200,1,1
SQLi,login,4,3a544c720dd9eb85,1,200,1,1
SQLi,login,4,faa887fceec5b52f,1,200,1,1
SQLi,login,4,840670cccfcb03b1,1,200,1,1
SQLi,login,4,ba69e5ea195ab5bd,1,200,1,1
SQLi,login,4,85ca2fac70f76415,1,200,1,1
SQLi,login,4,82d3753e721a8166,1,200,1,1
SQLi,login,4,1b08c445192b925d,1,200,1,1
SQLi,login,4,d672baaa437d3ec6,1,200,1,1
SQLi,login,4,79b35c745fad5909,1,200,1,1
SQLi,login,4,4f60b9f5894ebc1f,1,200,1,1
SQLi,login,4,73dcfae8519fd131,1,200,1,1
SQLi,product,4,93e5f49ed1d0bdd5,1,200,1,1
SQLi,product,4,cd051b17aacd8161,0,,0,
SQLi,product,4,836258c4c4a2d608,1,200,1,1
SQLi,product,4,72243ba7294d4351,1,200,1,1
SQLi,product,4,192d129fe2b46e6b,1,200,1,1
SQLi,product,4,1082cc74a56c5334,1,200,1,1
SQLi,product,4,8acb2f19cda4c004,1,200,1,1
SQLi,product,4,37f5cc68d5fe3ba3,0,,0,
SQLi,product,4,b21fe5f7ad97af50,1,200,1,1
SQLi,product,4,2862a323c0ec7a8c,0,,0,
SQLi,product,4,91758dbe42b06668,1,200,1,1
SQLi,product,4,96fbe71b1255733c,1,200,1,1
SQLi,product,4,08011b0317485a2d,1,200,1,1
SQLi,product,4,46084b1af6a67530,1,200,1,1
SQLi,product,4,ec37446ee1ee08e2,1,200,1,1
SQLi,product,4,bc9da2aadac416ba,1,200,1,1
SQLi,product,4,2ddb04bbb66bf6f2,1,200,1,1
SQLi,product,4,85f285cdf6c65830,1,200,1,1
SQLi,product,4,2403c0ac7295e1b5,1,200,1,1
SQLi,product,4,1868cffd49b31ca9,1,403,0,
SQLi,product,4,fa17bb1437777414,1,200,1,1
SQLi,product,4,636ea8ab595bdb96,1,200,1,1
SQLi,product,4,37832fa4ac975763,1,200,1,1
SQLi,product,4,dbc4dd19e01a46dd,1,200,1,1
SQLi,product,4,036249dfa8be4408,1,200,1,1
SQLi,product,4,10e921e2e96209ac,1,200,1,1
SQLi,product,4,7e9a1cd7425e0869,0,,0,
SQLi,product,4,7a0bbabc4e974160,1,200,1,1
SQLi,product,4,63bddb4347dcb834,1,200,1,1
SQLi,product,4,e9bba5412dedb648,1,200,1,1
SQLi,product,4,e1158183096a9c3c,1,200,1,1
SQLi,product,4,9663b66e91631668,1,200,1,1
SQLi,product,4,e662818783b21d1e,1,200,1,1
SQLi,product,4,9b66b8f5c4f3a955,1,200,1,1
SQLi,product,4,86f217e45108db90,1,200,1,1
SQLi,product,4,3f16d954b9b30478,1,200,1,1
SQLi,product,4,25980a9735809a51,1,200,1,1
SQLi,product,4,0b05aa006613310a,1,200,1,1
SQLi,product,4,addbf3c63c040fee,1,200,1,1
SQLi,product,4,4315cbd02136a20a,1,200,1,1
SQLi,product,4,402990f9ec2196db,1,200,1,1
SQLi,product,4,56467d95ab23e8e7,0,,0,
SQLi,product,4,8f975d77b114c3ea,1,200,1,1
SQLi,product,4,7019755fe135d72d,1,200,1,1
SQLi,product,4,ef49ea2cdbd7f048,1,200,1,1
SQLi,product,4,124ceeb0640d75d4,1,200,1,1
SQLi,product,4,6e1756c6ea5a845c,1,200,1,1
SQLi,product,4,8a4eff2b587d217c,1,200,1,1
SQLi,product,4,b71aa02e52a96530,1,200,1,1
SQLi,product,4,840dfa7c1e3991ca,1,200,1,1
SQLi,product,4,909d5d8f7299d0ec,1,200,1,1
SQLi,product,4,1ea1d44e3a531ca0,1,200,1,1
SQLi,product,4,f1e2feaa46e85214,1,200,1,1
SQLi,product,4,d7cea6ab097c838d,1,200,1,1
SQLi,product,4,378c1b9b05d39b7c,1,200,1,1
SQLi,product,4,012c945161c8ab41,1,200,1,1
SQLi,product,4,1ea643c7f1b732a0,1,200,1,1
SQLi,product,4,71e4c6d932851e8c,1,200,1,1
SQLi,product,4,a032157c73bdd1fa,1,200,1,1
SQLi,product,4,e856a9259edf0abe,1,200,1,1
SQLi,product,4,b4f6bb7b6a2ebf76,1,200,1,1
SQLi,product,4,0496f5b806c83965,1,200,1,1
SQLi,product,4,26c9c077a8aa09a1,1,200,1,1
SQLi,product,4,64c686966554f549,1,200,1,1
SQLi,product,4,bc578d66034f57ea,1,200,1,1
SQLi,product,4,e51daa70260a5a40,1,200,1,1
SQLi,product,4,a451fcaec4e37c83,1,200,1,1
SQLi,product,4,e41b85092e3959b1,0,,0,
SQLi,product,4,c0972c68a1991205,1,200,1,1
SQLi,product,4,415cc813b2e90dc9,0,,0,
SQLi,product,4,76b309b7088f57f6,1,200,1,1
SQLi,product,4,09ae53446ffb18fc,1,200,1,1
SQLi,product,4,c5ed8fd570f79289,1,200,1,1
SQLi,product,4,9d69def171716a7f,1,200,1,1
SQLi,product,4,8275d5b8a80dfeea,1,200,1,1
SQLi,product,4,dc1edbc6c15f7199,1,200,1,1
SQLi,product,4,128b0d7da865bae4,1,200,1,1
SQLi,product,4,bf65b3c0e2cdeb0e,0,,0,
SQLi,product,4,b586586c1658048b,1,200,1,1
SQLi,product,4,9ea72d7718fc3adc,1,200,1,1
SQLi,product,4,8eb4b24257063eee,1,200,1,1
SQLi,product,4,7caeed2af2695674,1,200,1,1
SQLi,product,4,1e07432c064491d1,1,200,1,1
SQLi,product,4,fb6842dec6449613,1,200,1,1
SQLi,product,4,0069a9a3716e61ca,1,200,1,1
SQLi,product,4,49ebe90efe105a31,1,200,1,1
SQLi,product,4,149dc151ff950d89,1,200,1,1
SQLi,product,4,fa9f8b62cb57a462,1,200,1,1
SQLi,product,4,1f5d41165c9b64c9,1,200,1,1
SQLi,product,4,4c1e8c81fe40619a,1,200,1,1
SQLi,product,4,b6e4e032f1e60dc5,1,200,1,1
SQLi,product,4,5fb49757a6451c6f,1,200,1,1
SQLi,product,4,2001977f00830f67,1,200,1,1
SQLi,product,4,134d7f919645c04a,1,200,1,1
SQLi,product,4,5e74d78555dce068,1,200,1,1
SQLi,product,4,6714d1f55441a101,0,,0,
SQLi,product,4,bd132bbebcb66317,1,200,1,1
SQLi,product,4,ca59a068fa8e8a20,1,200,1,1
SQLi,product,4,5167d1e3dfbcd0dd,0,,0,
SQLi,product,4,1f5b8986f8ac8e1f,1,200,1,1
SQLi,product,4,810379e8bab9fe6d,1,200,1,1
SQLi,product,4,355c0db10c97f5a7,1,200,1,1
SQLi,product,4,6bdf0ab8399dcfa3,1,200,1,1
SQLi,product,4,857f4a0bfd5b79e5,1,200,1,1
SQLi,product,4,b0dca64507077123,0,,0,
SQLi,product,4,140a5a0dd5a1204f,1,200,1,1
SQLi,product,4,65faec6ae11aeff6,1,200,1,1
SQLi,product,4,56d5fa6ad68366d7,1,200,1,1
SQLi,product,4,ac304c36ec1b693f,1,200,1,1
SQLi,product,4,3ea7fdf269309d29,0,,0,
SQLi,product,4,21ca9bc18bc2e6fa,1,200,1,1
SQLi,product,4,46049b044edae09d,1,200,1,1
SQLi,product,4,d17de85307dca95a,1,200,1,1
SQLi,product,4,720c98cf5a3e3950,1,200,1,1
SQLi,product,4,d90ab419e287cdcb,1,200,1,1
SQLi,product,4,842ed2efe79457f9,1,200,1,1
SQLi,product,4,855325c7f24c3742,1,200,1,1
SQLi,product,4,60e2e2054638f2b9,1,200,1,1
SQLi,product,4,8242136993fba65f,1,200,1,1
SQLi,product,4,02c5105758eab056,1,200,1,1
SQLi,product,4,1479e4e51c07fd1f,1,200,1,1
SQLi,product,4,055346caa3eb2020,1,200,1,1
SQLi,product,4,0faa92404f417ae6,1,200,1,1
SQLi,product,4,a89173eeb7267ae0,1,200,1,1
SQLi,product,4,387c373385044b32,1,200,1,1
SQLi,product,4,53b08418f26e4521,1,200,1,1
SQLi,product,4,403f1fbc48c5a866,1,200,1,1
SQLi,product,4,730a300eee988c8b,1,200,1,1
SQLi,product,4,93c403966403c74f,1,200,1,1
SQLi,product,4,73b23a59fa49cf9e,1,200,1,1
SQLi,product,4,abbd7f35a59aa7c3,1,200,1,1
SQLi,product,4,4a6b9a02b03cd02f,1,200,1,1
SQLi,product,4,7c3329ba68fa5a0d,1,200,1,1
SQLi,product,4,fb68d471cbd9af5b,1,200,1,1
SQLi,product,4,d532e7f84a20fbad,1,200,1,1
SQLi,product,4,bc847f70f3c32196,1,200,1,1
SQLi,product,4,cbfcc8ecae45b4ff,1,200,1,1
SQLi,product,4,41374fb76bcc337a,1,200,1,1
SQLi,product,4,a94a5affabadfd71,1,200,1,1
SQLi,product,4,f9a7bb52132052b6,1,200,1,1
SQLi,product,4,02d5e7ef46419c03,1,200,1,1
SQLi,product,4,9190a3d9ce1247fb,1,200,1,1
SQLi,product,4,bebbfed611d7392e,1,200,1,1
SQLi,product,4,fd65386538b11db3,1,200,1,1
SQLi,product,4,fb93507439df45b6,1,200,1,1
SQLi,product,4,5639b8584f4a51c5,1,200,1,1
SQLi,product,4,10084c38b415f7a1,0,,0,
SQLi,product,4,b0a5c0ac1e7060fa,1,200,1,1
SQLi,product,4,d2677701a3796fb8,1,200,1,1
SQLi,product,4,6bab3138c7bcc9b4,1,200,1,1
SQLi,product,4,4444f6d170843804,1,200,1,1
SQLi,product,4,afa28dfe25af4b16,1,200,1,1
SQLi,product,4,0773fd42c27c4ae3,1,200,1,1
SQLi,product,4,531e6f6eb63da9d9,1,200,1,1
SQLi,product,4,462902af525cdaf1,1,200,1,1
SQLi,product,4,b8afcd489cf48a30,1,200,1,1
SQLi,product,4,d3ea5e041d470ec5,1,200,1,1
SQLi,product,4,ae59a788576d2846,0,,0,
SQLi,product,4,80576b87fc953a73,1,200,1,1
SQLi,product,4,34d9b89b02d84bec,1,200,1,1
SQLi,product,4,3016420ee622b1b1,1,200,1,1
SQLi,product,4,210aa1fc73d68fca,1,200,1,1
SQLi,product,4,13a2ea38483f0b9c,1,200,1,1
SQLi,product,4,679780af27255439,1,200,1,1
SQLi,product,4,62f6eaeb8c2afca8,1,200,1,1
SQLi,product,4,266b2d3e2f76f187,1,200,1,1
SQLi,product,4,31a36fa628d31b9e,1,200,1,1
SQLi,product,4,3a19ec5f7654d43a,1,200,1,1
SQLi,product,4,796d06937ee23ae9,1,200,1,1
SQLi,product,4,c8874a9eae277862,1,200,1,1
SQLi,product,4,db9d0bd3907c558d,1,200,1,1
SQLi,product,4,45246c764ec47bbe,1,200,1,1
SQLi,product,4,c784367705a60a1d,1,200,1,1
SQLi,product,4,f3742b75e8995e24,1,200,1,1
SQLi,product,4,481995cc7c732a9c,1,200,1,1
SQLi,product,4,2e0e3ef304b2fb5f,1,200,1,1
SQLi,product,4,412fc71f9e14fbce,1,200,1,1
SQLi,product,4,6b3f39ae1de5d268,1,200,1,1
SQLi,product,4,24744bbd7a586e15,1,200,1,1
SQLi,product,4,bfb3aef85a600236,1,200,1,1
SQLi,product,4,57701266f0a3b89c,1,200,1,1
SQLi,product,4,778a10acb024893d,1,200,1,1
SQLi,product,4,67bcbe6d97e2f1a1,1,200,1,1
SQLi,product,4,49e6b08948ac75ec,1,200,1,1
SQLi,product,4,365eb44d5a13fdeb,1,200,1,1
SQLi,product,4,1a42a6e0f67dfa0b,1,200,1,1
SQLi,product,4,be57183411996b7e,1,200,1,1
SQLi,product,4,816c5e8dcb493ae1,1,200,1,1
SQLi,product,4,6eb00ee2b72228f9,1,200,1,1
SQLi,product,4,8dd8dfbeca710d9f,1,200,1,1
SQLi,product,4,a4a72d274769cbb1,1,200,1,1
SQLi,product,4,9f4bbdc793b2d03e,1,200,1,1
SQLi,product,4,1170293ca04daf68,1,200,1,1
SQLi,product,4,567a8b8e7147d8e1,1,200,1,1
SQLi,product,4,91495b79cdcd8813,0,,0,
SQLi,product,4,8de154a34f188d4e,1,200,1,1
SQLi,product,4,9ef78352c9d732cd,1,200,1,1
SQLi,product,4,64254ebc01671248,1,200,1,1
SQLi,product,4,93204b190d8cc79e,1,200,1,1
SQLi,product,4,145da5f99995f053,1,200,1,1
SQLi,product,4,2476fd6a14fb76d3,1,200,1,1
SQLi,product,4,bda0ff108d681b20,1,200,1,1
SQLi,product,4,aa8e6f910cb1138e,1,200,1,1
SQLi,product,4,de92a021cf115f93,1,200,1,1
SQLi,product,4,d4efea3c0128658b,1,200,1,1
SQLi,product,4,0d91efb236262ff1,1,200,1,1
SQLi,product,4,895263c4e31f9a90,1,200,1,1
SQLi,product,4,e2b0fb88f5f161e0,1,200,1,1
SQLi,product,4,867bbf06b782336f,1,200,1,1
SQLi,product,4,99c3b105cf276c47,1,200,1,1
SQLi,product,4,11d643667807ca9d,1,200,1,1
SQLi,product,4,d8d0f6103ba52bbe,1,403,0,
SQLi,product,4,c6fec0a676eaf568,1,200,1,1
SQLi,product,4,b6c6bdfc0c905f4e,1,200,1,1
SQLi,product,4,fda2f3ccfcd2e41a,1,200,1,1
SQLi,product,4,de81a16790131be7,1,200,1,1
SQLi,product,4,53e5ef5d11e671d6,1,200,1,1
SQLi,product,4,15346e79fa9de2cc,1,200,1,1
SQLi,product,4,44349e8d8e196f79,1,200,1,1
SQLi,product,4,0a91d392f3e5b26e,1,200,1,1
SQLi,product,4,9c471c25b91afb2e,1,200,1,1
SQLi,product,4,c8fcf9cfa563363a,1,200,1,1
SQLi,product,4,92ecb66f9ebb3f5c,1,200,1,1
SQLi,product,4,7cf9b0b69b407a88,1,200,1,1
SQLi,product,4,deb1b2b5a0ec2aca,1,200,1,1
SQLi,product,4,0cd59b0c278038f0,1,200,1,1
SQLi,product,4,60262686791e69ca,1,200,1,1
SQLi,product,4,227fda9366e30beb,1,200,1,1
SQLi,product,4,51a72d0e5c58d17b,1,200,1,1
SQLi,product,4,8bc6105ce31dc90f,1,200,1,1
SQLi,product,4,97b69910a0d76eaa,1,200,1,1
SQLi,product,4,e2b277012d01af7a,1,200,1,1
SQLi,product,4,b7609c0c05fae2f1,1,200,1,1
SQLi,product,4,8dfbbfe05bed5ad6,1,200,1,1
SQLi,product,4,d8cd66f172e2e472,1,200,1,1
SQLi,product,4,8b3368a15fd6d9fc,1,200,1,1
SQLi,product,4,e1d8ede1e63be3ab,1,200,1,1
SQLi,product,4,9029f1c7791f0994,1,200,1,1
SQLi,product,4,e2828e0b33e02e85,1,200,1,1
SQLi,product,4,5da6a0969019ddd3,1,200,1,1
SQLi,product,4,92bc23642450a036,1,200,1,1
SQLi,product,4,5162c61ed65c4e17,1,200,1,1
SQLi,product,4,1d266c185e550d53,1,200,1,1
SQLi,product,4,a97a2b5b8d187632,1,200,1,1
SQLi,product,4,a1b46c1af2c78659,1,200,1,1
SQLi,product,4,2cd9cb55d64cdaae,1,200,1,1
SQLi,product,4,40adec8d1a62d993,1,200,1,1
SQLi,product,4,0a550f8d9384a7e9,1,200,1,1
SQLi,product,4,b2ce77f392ed6f7d,1,200,1,1
SQLi,product,4,9c41ddf67fd83d33,1,200,1,1
SQLi,product,4,750acf4896dad2a7,1,200,1,1
SQLi,product,4,19ee6eb3647c8351,1,200,1,1
SQLi,product,4,da2c7a138e267c02,1,200,1,1
SQLi,product,4,85672ad258e1c526,1,200,1,1
SQLi,product,4,f694e8c8440b11e3,1,200,1,1
SQLi,product,4,a21ee0b01ecc3907,1,200,1,1
SQLi,product,4,6f66a93c14292c72,1,200,1,1
SQLi,product,4,f24cc37fe315521a,1,200,1,1
SQLi,product,4,4846223ec107c0da,1,200,1,1
SQLi,product,4,0b373c67b38acf8e,1,200,1,1
SQLi,product,4,81f988807d06aebc,1,200,1,1
SQLi,product,4,de0e8bf3cbf7c587,1,200,1,1
SQLi,product,4,a1888d7b392c2913,1,200,1,1
SQLi,product,4,cafe9269214744af,1,200,1,1
SQLi,product,4,f926f6a424b8ecde,1,200,1,1
SQLi,product,4,ee279d887231ed13,1,200,1,1
SQLi,product,4,2887ee3030538841,1,200,1,1
SQLi,product,4,032edf56ebae7858,0,,0,
SQLi,product,4,2da25b2989267533,1,200,1,1
SQLi,product,4,f4f9232b42c64ba6,1,200,1,1
SQLi,product,4,dc8806e70e0c43d0,1,200,1,1
SQLi,product,4,090a01f590d84be4,1,200,1,1
SQLi,product,4,905d8eaa4ef63462,1,200,1,1
SQLi,product,4,240cfcc1bae10dcc,1,200,1,1
SQLi,product,4,50882901054bfe72,1,200,1,1
SQLi,product,4,e748a80573427469,1,200,1,1
SQLi,product,4,19f0d72d35454a1e,1,200,1,1
SQLi,product,4,666ac2bae99b5aae,1,200,1,1
SQLi,product,4,527b5f17a7fd866e,1,200,1,1
SQLi,product,4,8a52dc65e9e6bcc3,1,200,1,1
SQLi,product,4,4099f92e0d943c96,0,,0,
SQLi,product,4,967193b46ba15bca,1,200,1,1
SQLi,product,4,026bc40c7f70cbde,1,200,1,1
SQLi,product,4,5fb400284bf64120,1,200,1,1
SQLi,product,4,ce23afdb1ef50ed9,1,200,1,1
SQLi,product,4,061027a5fca66dc9,1,200,1,1
SQLi,product,4,277d39c12c027ec4,1,200,1,1
SQLi,product,4,a91ed0a9fd20796e,1,200,1,1
SQLi,product,4,f3c8735d0131f94b,1,200,1,1
SQLi,product,4,84af77ea241272e9,0,,0,
SQLi,product,4,7a94a2ba2294fc07,1,200,1,1
SQLi,product,4,d15699c1d5f754da,1,200,1,1
SQLi,product,4,58ca890b7848e29b,1,200,1,1
SQLi,product,4,5ed43029185c664c,1,200,1,1
SQLi,product,4,da1f805fc8fd3fa3,1,200,1,1
SQLi,product,4,9debcfde980fb92d,1,200,1,1
SQLi,product,4,98d39a9f5abd2bbb,1,200,1,1
SQLi,product,4,1ebcb8bce9a3383f,1,200,1,1
SQLi,product,4,d8aedffdc2e3e592,1,200,1,1
SQLi,product,4,ddecba59918d9bb5,1,200,1,1
SQLi,product,4,416c153d4872e6ea,1,200,1,1
SQLi,product,4,66281931ead21c96,1,200,1,1
SQLi,product,4,d16c314dee1284f8,1,200,1,1
SQLi,product,4,f0d634c2c4838737,1,200,1,1
SQLi,product,4,05af50d54d7bf6f3,1,200,1,1
SQLi,product,4,55bad8354a8c2208,1,200,1,1
SQLi,product,4,915e746352dbc480,1,200,1,1
SQLi,product,4,476944c7c5aebbd9,1,200,1,1
SQLi,product,4,cc26458e8fb7d5f5,1,200,1,1
SQLi,product,4,0db951855590fdb1,1,200,1,1
SQLi,product,4,054fa3344efb93c6,1,200,1,1
SQLi,product,4,2702b71f5d82f197,1,200,1,1
SQLi,product,4,d334448145d3fefa,1,200,1,1
SQLi,product,4,43f919a55b0bd9c7,1,200,1,1
SQLi,product,4,3cf801a982636ed1,1,200,1,1
SQLi,product,4,7aac2a7fde440833,1,200,1,1
SQLi,product,4,ef9cc9e0cf26928e,1,200,1,1
SQLi,product,4,ec60e4413cb1402b,1,200,1,1
SQLi,product,4,5727eb7b0cd9bee8,0,,0,
SQLi,product,4,e9729816e345eafe,1,200,1,1
SQLi,product,4,04386edc2e29cfc8,1,200,1,1
SQLi,product,4,b96b180acb55f329,1,200,1,1
SQLi,product,4,9274e54fde58a569,1,200,1,1
SQLi,product,4,c4d6424e672c4f44,1,200,1,1
SQLi,product,4,5592192fece995ef,0,,0,
SQLi,product,4,285241d83f7163bd,1,200,1,1
SQLi,product,4,4be9e29af3af4099,1,200,1,1
SQLi,product,4,6a4bb27ffce81e19,1,200,1,1
SQLi,product,4,a63eb344469a2291,1,200,1,1
SQLi,product,4,fe7fc7fda5b313ee,1,200,1,1
SQLi,product,4,1407f6d9bcc25d8a,1,200,1,1
SQLi,product,4,fff9c685c3321089,1,200,1,1
SQLi,product,4,75bcdb57422fc1eb,1,200,1,1
SQLi,product,4,dfb7e4399acc2b75,1,200,1,1
SQLi,product,4,f1c84765d353aa36,1,200,1,1
SQLi,product,4,dcd2d0836ebc7a1f,1,403,0,
SQLi,product,4,006be06af0079cbb,1,200,1,1
SQLi,product,4,7ff7828603640e60,1,200,1,1
SQLi,product,4,a610be4f1976f98a,1,200,1,1
SQLi,product,4,d65326e15f3e9a74,1,200,1,1
SQLi,product,4,47e5d4a2380e3eb0,1,200,1,1
SQLi,product,4,bafe72300bc40aa0,1,200,1,1
SQLi,product,4,caa8f07398711d7f,1,200,1,1
SQLi,product,4,392c8a9a0a8ff2d0,1,200,1,1
SQLi,product,4,e58f34b89d219e0e,1,200,1,1
SQLi,product,4,e605ec30da9474fe,1,200,1,1
SQLi,product,4,d95e93a1f607f7d7,1,200,1,1
SQLi,product,4,5ec0323f3d637b82,1,200,1,1
SQLi,product,4,a259b70e02d8d3e7,1,200,1,1
SQLi,product,4,21c1244f0fcc6c7e,1,200,1,1
SQLi,product,4,7e93d36e4e1e04ea,1,200,1,1
SQLi,product,4,ce6eb3ba989186fb,1,200,1,1
SQLi,product,4,653fe5fcb8b474cb,1,200,1,1
SQLi,product,4,5863ecf76baf03a6,1,200,1,1
SQLi,product,4,1bb8fffe44a4b432,1,200,1,1
SQLi,product,4,eb4e9e7a12fbab1e,1,200,1,1
SQLi,product,4,db5181272b0ab3e0,1,200,1,1
SQLi,product,4,81533a5d27637e93,1,200,1,1
SQLi,product,4,58c34acc373b05d9,1,200,1,1
SQLi,product,4,9d263a605bd8fd2a,1,200,1,1
SQLi,product,4,ab41f4e2ee67333b,1,200,1,1
SQLi,product,4,5990b8d3bb14bee0,1,200,1,1
SQLi,product,4,426e70819a7de327,1,200,1,1
SQLi,product,4,c87ddfbb4b72773e,1,200,1,1
SQLi,product,4,e66019c29f712533,1,200,1,1
SQLi,product,4,076533eb82c3c64f,1,200,1,1
SQLi,product,4,3ff3d5aa5b14e120,1,200,1,1
SQLi,product,4,3a7c81fd713ba299,1,200,1,1
SQLi,product,4,113491e51a2ef46a,1,200,1,1
SQLi,product,4,d73ca3d787be4fb1,1,200,1,1
SQLi,product,4,991d40c97395541f,1,200,1,1
SQLi,product,4,5245d389da87499c,1,200,1,1
SQLi,product,4,f67137bae9d390b0,1,200,1,1
SQLi,product,4,ed61f9d9226654e4,1,200,1,1
SQLi,product,4,6cf37e86e1ae0edd,1,200,1,1
SQLi,product,4,a3b56045b5e35c1d,1,200,1,1
SQLi,product,4,375c8eff3c23b136,1,200,1,1
SQLi,product,4,6ed68395ef4e404a,1,200,1,1
SQLi,product,4,bc8177b700323abb,1,200,1,1
SQLi,product,4,8e8b35b021dc5bb1,1,200,1,1
SQLi,product,4,6df01d654bbb1405,1,200,1,1
SQLi,product,4,5bb37427fd3c7864,1,200,1,1
SQLi,product,4,92e8862deeb95888,1,200,1,1
SQLi,product,4,fc92d1372e53a3c3,1,200,1,1
SQLi,product,4,a9348db923019839,1,200,1,1
SQLi,product,4,0728f94bbbfcf1b2,1,200,1,1
SQLi,product,4,abcb94cf0a84910d,1,200,1,1
SQLi,product,4,a102e358cfa127bc,1,200,1,1
SQLi,product,4,0128b7f0cdee977d,1,200,1,1
SQLi,product,4,56a878f46cfdfc39,1,200,1,1
SQLi,product,4,35e36ffb863fbd67,1,200,1,1
SQLi,product,4,670663bddc93a628,1,200,1,1
SQLi,product,4,9f80e6603c0cbdbb,1,200,1,1
SQLi,product,4,aae791eaf5b68496,1,200,1,1
SQLi,product,4,21df199abbd53528,1,200,1,1
SQLi,product,4,2c0c661c78d2c611,1,200,1,1
SQLi,product,4,b1b06940d9ca6cd0,1,200,1,1
SQLi,product,4,4b63fe5af49667f9,1,200,1,1
SQLi,product,4,91c332bb5e183afe,1,200,1,1
SQLi,product,4,1fc3c1e772b0c79c,1,200,1,1
SQLi,product,4,d357bc77a1e1140f,1,200,1,1
SQLi,product,4,2a505bd825f4ab26,1,200,1,1
SQLi,product,4,fe5fc4a8e6fc469c,1,200,1,1
SQLi,product,4,57d7b7f611bf90da,1,200,1,1
SQLi,product,4,c5cd87d4510f7cb1,1,200,1,1
SQLi,product,4,311a588d7dbe4461,1,200,1,1
SQLi,product,4,db836a210f75cbab,1,200,1,1
SQLi,product,4,dfbd83d37ec21ed6,1,200,1,1
SQLi,product,4,4a41edf9e59ca5b1,1,200,1,1
SQLi,product,4,9157507179d1b794,1,200,1,1
SQLi,product,4,7f847a3d515c768e,1,200,1,1
SQLi,product,4,c163f92202cbe170,0,,0,
SQLi,product,4,8ab69837106c571c,1,200,1,1
SQLi,product,4,e8abdb3239c1d344,1,200,1,1
SQLi,product,4,58abe08b9da8bb0e,1,200,1,1
SQLi,product,4,8d80cf90493dc3a4,1,403,0,
SQLi,product,4,6f06d02f0fd5d9e3,1,200,1,1
SQLi,product,4,5328a3eba4ebe973,1,200,1,1
SQLi,product,4,d3fc7268be505442,1,200,1,1
SQLi,product,4,66ea1daf27a0eb7b,1,200,1,1
SQLi,product,4,48e716f808860041,1,200,1,1
SQLi,product,4,7a89bff80d7e9ed3,1,200,1,1
SQLi,product,4,7af41985ac7efb78,1,200,1,1
SQLi,product,4,1969987d9547574c,1,200,1,1
SQLi,product,4,0b557bbe14b8103c,1,200,1,1
SQLi,product,4,db5044817574f383,1,200,1,1
SQLi,product,4,919709f39f82b6ab,1,200,1,1
SQLi,product,4,0b7f76fc526834ef,0,,0,
SQLi,product,4,d58247d6528bed6b,1,200,1,1
SQLi,product,4,1756a4d5fd01f536,1,200,1,1
SQLi,product,4,9d079b397475cae8,1,200,1,1
SQLi,product,4,29efcf089060b29d,1,200,1,1
SQLi,product,4,baf01ea28e8cf522,1,200,1,1
SQLi,product,4,b3b684611d80dba8,1,200,1,1
SQLi,product,4,670b526425f9a476,1,200,1,1
SQLi,product,4,3d5e76f56c0838fe,1,200,1,1
SQLi,product,4,5ade27101035cc5d,1,200,1,1
SQLi,product,4,a62dae5a5fe840e0,1,200,1,1
SQLi,product,4,77cc0127aa395abb,1,200,1,1
SQLi,product,4,42b24e22db76665f,1,200,1,1
SQLi,product,4,ce5c952976627e84,1,200,1,1
SQLi,product,4,379ae6fc51d8db17,1,200,1,1
SQLi,product,4,2248e47bc812391c,0,,0,
SQLi,product,4,c7ddfff1e0f31517,1,200,1,1
SQLi,product,4,de103bf58d984ad8,1,200,1,1
SQLi,product,4,749aa7e5a284d995,1,200,1,1
SQLi,product,4,1ec9b0f5d097bf1f,0,,0,
SQLi,product,4,1794ffd4e145050e,1,200,1,1
SQLi,product,4,cbfe9b5deabe3a26,0,,0,
SQLi,product,4,5874b89228cc91c3,1,200,1,1
SQLi,product,4,967982e7a312bc8e,1,200,1,1
SQLi,product,4,0773cf3acd36eced,1,200,1,1
SQLi,product,4,9e1ffe58477f6978,1,200,1,1
SQLi,product,4,7073feeddf690e61,1,200,1,1
SQLi,product,4,17609e25885ada3c,1,200,1,1
SQLi,product,4,97cd348780262e5f,1,200,1,1
SQLi,product,4,e49beedfe6a600f8,1,200,1,1
SQLi,product,4,929e5d2307ca7d5b,1,200,1,1
SQLi,product,4,9ce996a8a5a0abec,1,200,1,1
SQLi,product,4,1480f9bff741368b,1,200,1,1
SQLi,product,4,139e0a955fb1b9cc,1,200,1,1
SQLi,product,4,e929d6d1dd065d9d,1,200,1,1
SQLi,product,4,9163cc09b632eb9d,1,200,1,1
SQLi,product,4,d3be6f0e2b63b3f6,1,200,1,1
SQLi,product,4,f6e4781b86f1ee0a,1,200,1,1
SQLi,product,4,c687b0c66f3e5532,1,200,1,1
SQLi,product,4,bdd4dd41b99a3aa5,1,200,1,1
SQLi,product,4,fe9788f94306208f,1,200,1,1
SQLi,product,4,b140899e47f37d8d,1,200,1,1
SQLi,product,4,f9349bc55db27cd0,1,200,1,1
SQLi,product,4,82612afcfcbba714,1,200,1,1
SQLi,product,4,abacf11386c6ea77,1,200,1,1
SQLi,product,4,35415b74536e6871,1,200,1,1
SQLi,product,4,f13501072c6a8ef8,1,200,1,1
SQLi,product,4,22a5a6c3a070a52a,1,200,1,1
SQLi,product,4,dfab107608eacd2e,1,200,1,1
SQLi,product,4,0098314e8e503d70,0,,0,
SQLi,product,4,f76b09823e02ad76,1,200,1,1
SQLi,product,4,e02e10baf8639150,1,200,1,1
SQLi,product,4,1e9b52c7d4e7078e,1,200,1,1
SQLi,product,4,964edf7d79c4718e,1,200,1,1
SQLi,product,4,d28fa5bf200f2ff8,0,,0,
SQLi,product,4,f8fb347363ffc35c,1,200,1,1
SQLi,product,4,b3e9104ca956f7e7,1,200,1,1
SQLi,product,4,a985e15f30ac2481,0,,0,
SQLi,product,4,93fec697e99c038b,1,200,1,1
SQLi,product,4,6b706ced0506858e,1,200,1,1
SQLi,product,4,dcada23f97b87ace,1,200,1,1
SQLi,product,4,610152918fb260bc,1,200,1,1
SQLi,product,4,713be32a4b8f4024,1,200,1,1
SQLi,product,4,d59d6e4fb945e973,1,200,1,1
SQLi,product,4,b268ed6e9d32b2e1,1,200,1,1
SQLi,product,4,6a06536608c8f4a8,1,200,1,1
SQLi,product,4,f36649045e69f4d5,1,200,1,1
SQLi,product,4,747c69dbcecc6d0a,1,200,1,1
SQLi,product,4,d3235d2d19b2f569,1,200,1,1
SQLi,product,4,2db22322ff94233a,1,200,1,1
SQLi,product,4,2787c1e25c51a8ad,0,,0,
SQLi,product,4,40b8592844120217,1,200,1,1
SQLi,product,4,1e127444540fa102,1,200,1,1
SQLi,search,4,44f940ee70a51d96,1,200,1,1
SQLi,search,4,ba14f617a67ad950,1,200,1,1
SQLi,search,4,e45397dd328f2c81,1,200,1,1
SQLi,search,4,b2117f4e88b03c25,1,200,1,1
SQLi,search,4,722d591a52267015,1,200,1,1
SQLi,search,4,3964f60aeb6215cd,1,200,1,1
SQLi,search,4,3984dea6df1b50b7,1,200,1,1
SQLi,search,4,2948f0068863b6c1,1,200,1,1
SQLi,search,4,033cbd7da200d616,1,200,1,1
SQLi,search,4,acb82828cfa60a56,1,200,1,1
SQLi,search,4,d790d7e698ef5e25,1,200,1,1
SQLi,search,4,200bcbcb0a80b32a,1,200,1,1
SQLi,search,4,57b7a8a11edd723a,1,200,1,1
SQLi,search,4,752223660da55751,1,200,1,1
SQLi,search,4,a6d3f8e9b9e4089c,1,200,1,1
SQLi,search,4,5eb688d3a16e0f7d,1,200,1,1
SQLi,search,4,ace97da0fdf83373,1,200,1,1
SQLi,search,4,679f1f6b81e36d24,1,200,1,1
SQLi,search,4,282dcfa92b4eb2eb,1,200,1,1
SQLi,search,4,2704dd42a4744c5f,1,200,1,1
SQLi,search,4,fb472f1765d229e4,1,200,1,1
SQLi,search,4,2313a1ede8b894ef,1,200,1,1
SQLi,search,4,486b9b92bdc9a6df,1,200,1,1
SQLi,search,4,e257bba1059d97e9,1,200,1,1
SQLi,search,4,c1f2ff02b1a7f1eb,1,200,1,1
SQLi,search,4,25cc26370509e537,1,200,1,1
SQLi,search,4,644463279e2c0a57,1,200,1,1
SQLi,search,4,b8fd1ec2a69810c6,1,200,1,1
SQLi,search,4,43b4c791f3e4a80e,1,200,1,1
SQLi,search,4,3f5c0b56c812cdce,1,200,1,1
SQLi,search,4,e3dd353cdaf411f5,1,200,1,1
SQLi,search,4,93c1b32876ced2ed,1,200,1,1
SQLi,search,4,d0f26f02b263d3fe,1,200,1,1
SQLi,search,4,bedba44525576c65,0,,0,
SQLi,search,4,33a1770d527924c3,0,,0,
SQLi,search,4,ce4ad7bf4af7b505,0,,0,
SQLi,search,4,c54b89286dcbc0c9,0,,0,
SQLi,search,4,d17fb2eeea3d74f7,0,,0,
SQLi,search,4,d7ab3f3c0d72ccdd,0,,0,
SQLi,search,4,527af3ad55f4355f,0,,0,
SQLi,search,4,aa0d361a43b22f00,0,,0,
SQLi,search,4,a456e2b64aa187b6,0,,0,
SQLi,search,4,866704e3d9682017,0,,0,
SQLi,search,4,256d7a608850f649,0,,0,
SQLi,search,4,648688225be16886,0,,0,
SQLi,search,4,91ecfbe0634a5976,0,,0,
SQLi,search,4,248633201dc6209c,0,,0,
SQLi,search,4,abc9320712042d75,0,,0,
SQLi,search,4,e0c75eb5a7a61eb1,0,,0,
SQLi,search,4,35599d100eac5a4f,1,200,1,1
SQLi,search,4,69ad3a8f38fb262f,1,200,1,1
SQLi,search,4,90336fd6d00031c9,1,200,1,1
SQLi,search,4,9576897baeafedbe,1,200,1,1
SQLi,search,4,6adc633490373d08,1,200,1,1
SQLi,search,4,c34131ca0bda03f0,1,200,1,1
SQLi,search,4,9d62179b4ea41e89,1,200,1,1
SQLi,search,4,906125f6a38be072,1,200,1,1
SQLi,search,4,5f19ba51554bce6b,1,200,1,1
SQLi,search,4,e35aaa8490723032,1,200,1,1
SQLi,search,4,cb1c78ddf6859e64,1,200,1,1
SQLi,search,4,1c977bcdfd667d20,1,200,1,1
SQLi,search,4,ed90da0f34353378,1,200,1,1
SQLi,search,4,7a8fcd27691856ec,1,200,1,1
SQLi,search,4,1f507d8f9f3155f1,1,200,1,1
SQLi,search,4,1a2886b41773dadf,1,200,1,1
SQLi,search,4,7ffab133ccd86a72,1,200,1,1
SQLi,search,4,9a827bfc90e7dea9,0,,0,
SQLi,search,4,ccb01a5604654425,1,200,1,1
SQLi,search,4,2b9f74f99945c393,1,200,1,1
SQLi,search,4,a3db92f85d0408a5,1,200,1,1
SQLi,search,4,7e497e5852fb214c,1,200,1,1
SQLi,search,4,43a8231984ad513c,1,200,1,1
SQLi,search,4,77aca63b8cbe340a,1,200,1,1
SQLi,search,4,b3eddd12293098ea,1,200,1,1
SQLi,search,4,2d07d22dc6102f2a,1,200,1,1
SQLi,search,4,f500180145ef7517,1,200,1,1
SQLi,search,4,58424eb733e40074,1,200,1,1
SQLi,search,4,8927f100c09b1a02,1,200,1,1
SQLi,search,4,21214e5aefdf7ea3,1,200,1,1
SQLi,search,4,53c49a8610840658,1,200,1,1
SQLi,search,4,ed3b9204e574f2dc,1,200,1,1
SQLi,search,4,56f70b62689ebbdc,1,200,1,1
SQLi,search,4,85a9be1ac4cf9f1b,1,200,1,1
SQLi,search,4,2cfd9715e4580f5c,1,200,1,1
SQLi,search,4,29b64362221c7df7,1,200,1,1
SQLi,search,4,74ee19118ea9eccc,1,200,1,1
SQLi,search,4,6f7ab0b1b575bb16,1,200,1,1
SQLi,search,4,c78bd24d56565120,1,200,1,1
SQLi,search,4,a95ed48373e93b62,1,200,1,1
SQLi,search,4,ccb8b06eb9039254,1,200,1,1
SQLi,search,4,cf444d556b473439,1,200,1,1
SQLi,search,4,e48126888734c068,1,200,1,1
SQLi,search,4,3a5e084c5c051c11,1,200,1,1
SQLi,search,4,128034c6663a5a2a,1,200,1,1
SQLi,search,4,1c6f6a9b9580c297,1,200,1,1
SQLi,search,4,60f2f7d1300a0afd,1,200,1,1
SQLi,search,4,e55096a3809b4db9,1,200,1,1
SQLi,search,4,4717e848617cb219,0,,0,
SQLi,search,4,19a59310302e4315,0,,0,
SQLi,search,4,2586b19e5f6e6f18,1,200,1,1
SQLi,search,4,0be53f0240b03c82,1,200,1,1
SQLi,search,4,0abae549d42f51d0,1,200,1,1
SQLi,search,4,b2f09fc72ad034a9,1,200,1,1
SQLi,search,4,bcd0267935125193,0,,0,
SQLi,search,4,c640dfd3c93b5d72,1,200,1,1
SQLi,search,4,3dfeeb6e16098102,1,200,1,1
SQLi,search,4,ba6e7da5e91ab130,1,200,1,1
SQLi,search,4,860d5ed1fdfd950c,0,,0,
SQLi,search,4,c47858982942a1fe,1,200,1,1
SQLi,search,4,69b046e92249376e,1,200,1,1
SQLi,search,4,864ddbb3c2b5ce03,1,200,1,1
SQLi,search,4,1fab502314edbaea,1,200,1,1
SQLi,search,4,1240505bc64f1e82,1,200,1,1
SQLi,search,4,98645742a560ff41,0,,0,
SQLi,search,4,6871d6d14e714038,1,200,1,1
SQLi,search,4,f274ffaa98bef078,1,200,1,1
SQLi,search,4,adb786da9b533e7e,1,200,1,1
SQLi,search,4,71a993d06393640d,1,200,1,1
SQLi,search,4,3b921c21e0d37013,1,200,1,1
SQLi,search,4,784215b32298485b,1,200,1,1
SQLi,search,4,96aa8d88b08872cd,1,200,1,1
SQLi,search,4,317dc5506deab263,1,200,1,1
SQLi,search,4,23f7e0adc77d9a7a,1,200,1,1
SQLi,search,4,f511b1f9f385375a,1,403,0,
SQLi,search,4,3b1f816050e3e857,1,200,1,1
SQLi,search,4,4f966766bc43bd7f,1,200,1,1
SQLi,search,4,67e602eecf7506f7,1,200,1,1
SQLi,search,4,5e08bbbda5ea1bf0,1,200,1,1
SQLi,search,4,09f0dff279fbaa9d,1,200,1,1
SQLi,search,4,2d54b9a94f5e6482,1,200,1,1
SQLi,search,4,ce2909b9e57b1c10,1,200,1,1
SQLi,search,4,f3f6f8c1adc45460,1,200,1,1
SQLi,search,4,d64e5017e00c7a04,1,200,1,1
SQLi,search,4,ae00380a9cf1528e,1,200,1,1
SQLi,search,4,ee394babbee0fb8d,1,200,1,1
SQLi,search,4,634f09f761618323,1,200,1,1
SQLi,search,4,a0454411a3d4dec2,1,200,1,1
SQLi,search,4,79d4df4c97ab9e83,1,200,1,1
SQLi,search,4,2332c04c79def8e9,1,200,1,1
SQLi,search,4,4d829691b036a7f4,1,200,1,1
SQLi,search,4,bb7216b3e8704bfa,1,403,0,
SQLi,search,4,53b04e47e6696240,1,200,1,1
SQLi,search,4,b54e92fa699dda9b,1,200,1,1
SQLi,search,4,aecca76161958585,1,200,1,1
SQLi,search,4,41c637b17457652e,1,200,1,1
SQLi,search,4,06a5fe42ae9077c1,1,200,1,1
SQLi,search,4,f347e16c2573e56e,1,200,1,1
SQLi,search,4,0d8f1bd1938031e4,0,,0,
SQLi,search,4,2f9e1345d6b57184,1,200,1,1
SQLi,search,4,6876bf7d2d9c8a72,1,200,1,1
SQLi,search,4,6ec669d817a21db8,1,200,1,1
SQLi,search,4,dd0050bd14679c2d,1,200,1,1
SQLi,search,4,2f29803b3e133621,1,200,1,1
SQLi,search,4,12acf81942b24f5b,1,200,1,1
SQLi,search,4,b58d67fafb92fe2d,1,200,1,1
SQLi,search,4,774b985c155f85ce,1,200,1,1
SQLi,search,4,76ca0560e4733aad,1,200,1,1
SQLi,search,4,b9f6e9aa01d89846,1,200,1,1
SQLi,search,4,2c68960cf49f6046,1,200,1,1
SQLi,search,4,9ec70e19149dfe4a,1,200,1,1
SQLi,search,4,532a986a7887dcba,1,200,1,1
SQLi,search,4,19fd5431c2bc5712,1,200,1,1
SQLi,search,4,3c01647e23db892f,1,200,1,1
SQLi,search,4,b1c11fdddf6af40b,1,200,1,1
SQLi,search,4,239c97a2f77061c0,1,200,1,1
SQLi,search,4,404ed628dbca6e84,1,200,1,1
SQLi,search,4,cd108ac2bcc60ce2,1,200,1,1
SQLi,search,4,4862cd2f51c58bde,1,200,1,1
SQLi,search,4,906149fe7ff1ab5d,1,200,1,1
SQLi,search,4,11f72707a33fdb31,1,200,1,1
SQLi,search,4,02b2ae970c98ede6,1,200,1,1
SQLi,search,4,a6c3648e943f1e15,1,200,1,1
SQLi,search,4,f3e2df4217bf90f5,1,200,1,1
SQLi,search,4,3dab0e11a96f8029,1,200,1,1
SQLi,search,4,bc672fd5f03c2f8e,1,200,1,1
SQLi,search,4,dfae5a598b268775,1,200,1,1
SQLi,search,4,eaf85ad0085078ca,1,200,1,1
SQLi,search,4,644e6877bc319a37,1,200,1,1
SQLi,search,4,79b1d4c0beaedd57,1,200,1,1
SQLi,search,4,9d1bf395f3354de1,1,200,1,1
SQLi,search,4,0c77c1e3a8d030f8,1,200,1,1
SQLi,search,4,bd4ebc45e84bbb0d,1,200,1,1
SQLi,search,4,abd855234bdd8409,1,200,1,1
SQLi,search,4,0d8c9eab7cc29523,1,200,1,1
SQLi,search,4,96b9c28114278939,1,200,1,1
SQLi,search,4,a623825103017484,1,200,1,1
SQLi,search,4,b8a981cb901d06b7,0,,0,
SQLi,search,4,d677992ed0cf2ec6,1,200,1,1
SQLi,search,4,27792543b5151b77,1,200,1,1
SQLi,search,4,496d4340dff1e159,1,200,1,1
SQLi,search,4,d063b6fefc520502,1,200,1,1
SQLi,search,4,d15bdfd30e7cdc6f,1,200,1,1
SQLi,search,4,77f8cf1ebaae5103,1,200,1,1
SQLi,search,4,7e6822d4fbc401cb,1,200,1,1
SQLi,search,4,036946b8e787eda8,1,200,1,1
SQLi,search,4,4c3668cae1554fcf,1,200,1,1
SQLi,search,4,0cab0691a1a71d58,1,200,1,1
SQLi,search,4,eaf8961f3dec76fd,1,200,1,1
SQLi,search,4,100087834bc8dc06,1,200,1,1
SQLi,search,4,cef7df874a35a9fd,1,200,1,1
SQLi,search,4,e5ca2d61e613ecbf,1,200,1,1
SQLi,search,4,b819134dae25a078,1,200,1,1
SQLi,search,4,83cebf1ccbd89816,1,200,1,1
SQLi,search,4,314171ce866f5b0d,1,200,1,1
SQLi,search,4,559a0441fed392a3,1,200,1,1
SQLi,search,4,d099d15d738a1a47,1,200,1,1
SQLi,search,4,6784c949ab16f95d,1,403,0,
SQLi,search,4,b9f6e9aa01d89846,1,200,1,1
SQLi,search,4,2c307ed0b661a6d6,1,200,1,1
SQLi,search,4,931e78b428a4b2d5,1,200,1,1
SQLi,search,4,5b86a1640d4a99dc,1,200,1,1
SQLi,search,4,3d3aa830cd3b80c1,1,200,1,1
SQLi,search,4,3c01647e23db892f,1,200,1,1
SQLi,search,4,0f16e2d5ed88f5e3,1,200,1,1
SQLi,search,4,239c97a2f77061c0,1,200,1,1
SQLi,search,4,404ed628dbca6e84,1,200,1,1
SQLi,search,4,6d76f2c12c83b887,1,200,1,1
SQLi,search,4,c6b96624eb301eeb,1,200,1,1
SQLi,search,4,c228be53bbac495c,1,200,1,1
SQLi,search,4,af5e50d46884c109,1,200,1,1
SQLi,search,4,6f46daa014b7b364,1,200,1,1
SQLi,search,4,b7f2a7d746ebdbda,1,200,1,1
SQLi,search,4,5f7cd328415e7db1,1,200,1,1
SQLi,search,4,68089b661fc156bb,1,200,1,1
SQLi,search,4,058e97feaf7c5ae5,1,200,1,1
SQLi,search,4,4d0e660fb45b8f72,1,200,1,1
SQLi,search,4,2969f730395f4cc1,1,200,1,1
SQLi,search,4,c08f07bd5dc76487,1,200,1,1
SQLi,search,4,1e25291139f007a0,1,200,1,1
SQLi,search,4,159a60c592ea1b42,1,200,1,1
SQLi,search,4,bf3b86419ea7be9e,1,200,1,1
SQLi,search,4,efdedd82d100580d,1,200,1,1
SQLi,search,4,7149a787219ea2b2,1,200,1,1
SQLi,search,4,845f97127c281b95,1,403,0,
SQLi,search,4,51d27d9f9025e030,1,403,0,
SQLi,search,4,a8cf2247d718f692,1,200,1,1
SQLi,search,4,aeaeb2067b2fbb02,1,200,1,1
SQLi,search,4,ecb15439ab57fe8d,1,200,1,1
SQLi,search,4,e491ba6beaa9a854,0,,0,
SQLi,search,4,56587a1f883bbba4,1,200,1,1
SQLi,search,4,e87a9d554cb48055,1,200,1,1
SQLi,search,4,35ae3223b780e039,1,200,1,1
SQLi,search,4,f98bc11d68cde105,1,200,1,1
SQLi,search,4,5557438893add2ef,1,200,1,1
SQLi,search,4,c92860b93832ebb5,1,200,1,1
SQLi,search,4,44e8433ead42a11b,1,200,1,1
SQLi,search,4,906d79c6863dea07,1,403,0,
SQLi,search,4,b643e4ef66d553b8,1,200,1,1
SQLi,search,4,6876bf7d2d9c8a72,1,200,1,1
SQLi,search,4,baa6fe4f0f4d4811,1,200,1,1
SQLi,search,4,b317ef17a5710fb0,1,200,1,1
SQLi,search,4,067b95b1abd42ff8,1,200,1,1
SQLi,search,4,b9c882ffefee20c2,0,,0,
SQLi,search,4,4709cb46690e8fb8,1,200,1,1
SQLi,search,4,2ca15756e7887e14,1,200,1,1
SQLi,search,4,8c87b18d44a13d8b,1,403,0,
SQLi,search,4,c5a26f53cfec730a,1,200,1,1
SQLi,search,4,a5b70784df65cf5e,1,200,1,1
SQLi,search,4,43d0e830d008f590,1,200,1,1
SQLi,search,4,803d5a47b809b4f1,0,,0,
SQLi,search,4,f47fec01ae0fe39c,1,200,1,1
SQLi,search,4,a739cf18512edc13,1,200,1,1
SQLi,search,4,49e5c7758305a55d,1,200,1,1
SQLi,search,4,317158995ba5d8ec,1,200,1,1
SQLi,search,4,c80d2486cdfc6163,1,200,1,1
SQLi,search,4,64ff4208e08ebbdf,1,200,1,1
SQLi,search,4,d1ff8a4e306a1728,1,200,1,1
SQLi,search,4,b374da229e155228,1,200,1,1
SQLi,search,4,106a15e9a97a545a,1,200,1,1
SQLi,search,4,e94691fe5d79ed7a,1,200,1,1
SQLi,search,4,c13d32a1b6ee22c0,1,200,1,1
SQLi,search,4,b58d67fafb92fe2d,1,200,1,1
SQLi,search,4,08020201b91beabf,1,200,1,1
SQLi,search,4,85b0339b2d22b04a,1,200,1,1
SQLi,search,4,f5d3737c77e8ac0d,1,200,1,1
SQLi,search,4,2b585f3d6ac16274,1,200,1,1
SQLi,search,4,679e4cfd11cb576d,1,200,1,1
SQLi,search,4,a60426193a282f70,1,200,1,1
SQLi,search,4,a8b5001311aa0914,1,200,1,1
SQLi,search,4,b72d9c0491c170f5,1,200,1,1
SQLi,search,4,b17aefc06597376d,1,200,1,1
SQLi,search,4,66e157abe135d462,1,200,1,1
SQLi,search,4,de48bc5c77bc9cce,1,200,1,1
SQLi,search,4,443a648b729f7fcb,1,200,1,1
SQLi,search,4,938b7d6c11932580,1,200,1,1
SQLi,search,4,67d86af602c0db8f,1,200,1,1
SQLi,search,4,29aae2f72300d41a,1,200,1,1
SQLi,search,4,f3904996f019140e,1,200,1,1
SQLi,search,4,50446841dd4ea269,1,200,1,1
SQLi,search,4,458ec5fcb241576e,1,200,1,1
SQLi,search,4,5dfdf67ed54e3197,1,200,1,1
SQLi,search,4,9106cfc62d902c81,1,200,1,1
SQLi,search,4,89732009dce1d1c1,1,200,1,1
SQLi,search,4,f6b5a94200cea966,1,200,1,1
SQLi,search,4,8e5f057b89f605c0,1,200,1,1
SQLi,search,4,c92ce113e63fda7a,1,200,1,1
SQLi,search,4,775222d3137732e8,1,200,1,1
SQLi,search,4,5aa4c7b94de951de,1,200,1,1
SQLi,search,4,79e4d0922d200cfa,1,200,1,1
SQLi,search,4,d4f8d8dcdb6bc14f,1,200,1,1
SQLi,search,4,3bfdb144c2ae003e,1,200,1,1
SQLi,search,4,4d668e9cf0b4fdd0,1,200,1,1
SQLi,search,4,6a62049fb6271078,1,200,1,1
SQLi,search,4,a708049886b0b53c,1,200,1,1
SQLi,search,4,a6ea153f5c665629,1,200,1,1
SQLi,search,4,2c68960cf49f6046,1,200,1,1
SQLi,search,4,ba55ca27b647a674,1,200,1,1
SQLi,search,4,fe42c969b29c25b0,1,200,1,1
SQLi,search,4,a40773f762ff76d6,1,200,1,1
SQLi,search,4,36b36cb37df79dce,1,200,1,1
SQLi,search,4,df36423d3d08d9aa,1,200,1,1
SQLi,search,4,239c97a2f77061c0,1,200,1,1
SQLi,search,4,a8af2ce78719a988,1,200,1,1
SQLi,search,4,e19e92ee7f5038d8,1,200,1,1
SQLi,search,4,92be28851f73ad12,1,200,1,1
SQLi,search,4,a076ae8ed8ae78c3,1,200,1,1
SQLi,search,4,7f088b75881c4e98,1,200,1,1
SQLi,search,4,b48466e654d5cf69,1,200,1,1
SQLi,search,4,00c99ff38dc1aea7,1,200,1,1
SQLi,search,4,8603be87b64014eb,1,200,1,1
SQLi,search,4,8ecb236db358b2a0,1,200,1,1
SQLi,search,4,54b5054f5ccfadf8,1,200,1,1
SQLi,search,4,c783a21c2879249d,1,200,1,1
SQLi,search,4,21b2798c7ccf6a0b,1,200,1,1
SQLi,search,4,6f2d0804118f10c2,1,200,1,1
SQLi,search,4,03ba9fdd601202ed,1,200,1,1
SQLi,search,4,901059c0304271b6,1,200,1,1
SQLi,search,4,f0600b34ed7acf88,1,200,1,1
SQLi,search,4,5dc1cec2b3fcd5c2,1,200,1,1
SQLi,search,4,a9a15fb5516df8dc,1,200,1,1
SQLi,search,4,eb1d72d51485b0ae,1,200,1,1
SQLi,search,4,00b1c2bbb5cb470c,1,200,1,1
SQLi,search,4,331e060185216492,0,,0,
SQLi,search,4,692b20871fe7e54a,1,200,1,1
SQLi,search,4,c88598e997e88364,1,200,1,1
SQLi,search,4,b941777b9bb0a8f1,1,200,1,1
SQLi,search,4,0664b3e8696fc045,1,200,1,1
SQLi,search,4,00d6947a35141de4,1,200,1,1
SQLi,search,4,d1e33f6e855af01a,1,200,1,1
SQLi,search,4,c43909ad787fd299,1,200,1,1
SQLi,search,4,23d008c81303db2a,1,200,1,1
SQLi,search,4,fe4d5c9e6df8352f,1,200,1,1
SQLi,search,4,ecd27f871b047f32,1,200,1,1
SQLi,search,4,f25aeeb8f7474d01,1,200,1,1
SQLi,search,4,ba483c96602b4fc7,1,200,1,1
SQLi,search,4,4b1ac70437c4c7ad,1,200,1,1
SQLi,search,4,c382b6cba8ac9186,1,200,1,1
SQLi,search,4,9fb2a73b7eaba897,1,200,1,1
SQLi,search,4,d947a1bceb007c75,1,200,1,1
SQLi,search,4,acb852e730417618,1,200,1,1
SQLi,search,4,938fb85504c97ea1,1,200,1,1
SQLi,search,4,518a2c96ab8ad2fc,1,200,1,1
SQLi,search,4,cbdb8dec9f12c31a,1,200,1,1
SQLi,search,4,40b8b70ce1b87e98,1,200,1,1
SQLi,search,4,b1fc80fb346ae327,1,200,1,1
SQLi,search,4,65c4be3a03088dc6,1,200,1,1
SQLi,search,4,ee15f2eb90d7bd01,1,200,1,1
SQLi,search,4,077eb23327c41a84,1,200,1,1
SQLi,search,4,9386d78a0178048c,1,200,1,1
SQLi,search,4,9f4a7454dc47c872,1,200,1,1
SQLi,search,4,de64d4a1d4d245d7,1,200,1,1
SQLi,search,4,2ca15756e7887e14,1,200,1,1
SQLi,search,4,1bcee97e5f08f9a8,1,200,1,1
SQLi,search,4,d9c2d47a4bd7b3b1,1,200,1,1
SQLi,search,4,0041730b2f0b7830,1,200,1,1
SQLi,search,4,6797ec0dfffd3964,1,200,1,1
SQLi,search,4,d4abb21e4b60e583,1,200,1,1
SQLi,search,4,1ed08c8ed521ba9e,1,200,1,1
SQLi,search,4,f1a141a965533369,1,200,1,1
SQLi,search,4,5fece4538e198b59,1,200,1,1
SQLi,search,4,26278918d9ef2ed4,1,200,1,1
SQLi,search,4,31b8b51a5a0a9d73,1,200,1,1
SQLi,search,4,671eefcd8b3c23b3,1,200,1,1
SQLi,search,4,42c603c706a10c8e,1,200,1,1
SQLi,search,4,6257b262d32fd7d3,1,200,1,1
SQLi,search,4,0436d4b20a92e6f7,1,200,1,1
SQLi,search,4,ee9db57b7116cda9,1,200,1,1
SQLi,search,4,e2ad3c2580ce9ffc,1,200,1,1
SQLi,search,4,2328aec3e90aa6c8,1,200,1,1
SQLi,search,4,0db5af7aeb49f817,1,200,1,1
SQLi,search,4,0799e8c268003227,1,200,1,1
SQLi,search,4,4d2a5510e95638bf,1,200,1,1
SQLi,search,4,f1920b34d235f451,1,200,1,1
SQLi,search,4,b699c7eb8ccf9e73,1,200,1,1
SQLi,search,4,3139d867c902971d,1,200,1,1
SQLi,search,4,99a668467e24a1ab,1,200,1,1
SQLi,search,4,e131a72747c3059c,1,200,1,1
SQLi,search,4,f14324e2040b5dd7,1,200,1,1
SQLi,search,4,5447cd32302b38c8,1,200,1,1
SQLi,search,4,a940c0a931f39877,1,200,1,1
SQLi,search,4,efdd999fa7621cd7,1,200,1,1
SQLi,search,4,ef2354e6b433cb1a,1,200,1,1
SQLi,search,4,dc31fa0fe3cefff9,1,200,1,1
SQLi,search,4,633cea3b9b1bf322,1,200,1,1
SQLi,search,4,81bcfe1cf0494cdb,1,200,1,1
SQLi,search,4,25ada62d1d510e78,1,200,1,1
SQLi,search,4,3f5e4f221258aee4,1,200,1,1
SQLi,search,4,83324ad515982b44,1,200,1,1
SQLi,search,4,f6cac58c8499c1e8,1,200,1,1
SQLi,search,4,a9d46f4870d6a26f,1,200,1,1
SQLi,search,4,380f1e197b6399e0,1,200,1,1
SQLi,search,4,c68e1e6879349d2a,1,200,1,1
SQLi,search,4,d4fa90c8c0426d2b,1,200,1,1
SQLi,search,4,e3dd8fe2f6b568b3,1,200,1,1
SQLi,search,4,2c8f337980fe8889,1,200,1,1
SQLi,search,4,56853331b92533d4,1,200,1,1
SQLi,search,4,c1d93f009046af35,1,200,1,1
SQLi,search,4,d1255f72103bc682,1,200,1,1
SQLi,search,4,f2c9537bb370896c,1,200,1,1
SQLi,search,4,5ab8cfeeec7b7d73,1,200,1,1
SQLi,search,4,996f696d7ff8476d,1,200,1,1
SQLi,search,4,f4c1f87cec5e5686,1,200,1,1
SQLi,search,4,2eb1bb51ec245080,1,200,1,1
SQLi,search,4,84316656e2e4efa5,1,200,1,1
SQLi,search,4,bed5353c921bde68,1,200,1,1
SQLi,search,4,d127927a2f306ecf,1,200,1,1
SQLi,search,4,bf75c6e294d83e74,1,200,1,1
SQLi,search,4,a76537f75f9cfcd7,1,200,1,1
SQLi,search,4,b36a337b48e4a2ef,1,200,1,1
SQLi,search,4,99f3cadd6fb97ffb,1,200,1,1
SQLi,search,4,4666595b859514a0,1,200,1,1
SQLi,search,4,d35d1fd938007ad1,1,200,1,1
SQLi,search,4,fc24ce6e5a6fe102,1,200,1,1
SQLi,search,4,8940d53da79dc09a,1,200,1,1
SQLi,search,4,0e61a8394950c5c9,1,200,1,1
SQLi,search,4,7cc5d15d94ef4bfd,1,200,1,1
SQLi,search,4,87a2634717523f29,1,200,1,1
SQLi,search,4,239c97a2f77061c0,1,200,1,1
SQLi,search,4,ea4b773c1b09c306,1,200,1,1
SQLi,search,4,ce4e689db3a08bc1,1,200,1,1
SQLi,search,4,efe8f07ec251e96a,1,200,1,1
SQLi,search,4,ef53395d32ade76a,1,200,1,1
SQLi,search,4,aa9c151075a7f61b,1,200,1,1
SQLi,search,4,36514b85efa9d70d,1,200,1,1
SQLi,search,4,a1c246171b68f8b2,1,200,1,1
SQLi,search,4,8b741508614c8650,0,,0,
SQLi,search,4,bbbf7ab2823afef1,0,,0,
SQLi,search,4,f8046bf1348c05d5,1,200,1,1
SQLi,search,4,b7fdde60ce791a65,1,200,1,1
SQLi,search,4,ab6bb3c595f11850,1,200,1,1
SQLi,search,4,d981a0a0e3003a31,1,200,1,1
SQLi,search,4,760ef2fd3d612cc7,1,200,1,1
SQLi,search,4,46c3952f5571128e,1,200,1,1
SQLi,search,4,74c55bf3223cef26,0,,0,
SQLi,search,4,be84f5d31131c468,0,,0,
SQLi,search,4,a7ff2eb0f59dcb94,1,200,1,1
SQLi,search,4,b00f37e585eef22e,1,200,1,1
SQLi,search,4,b29fe438ec498509,0,,0,
SQLi,search,4,5552fb8b866cd585,1,200,1,1
SQLi,search,4,877ece20b3030de5,1,200,1,1
SQLi,search,4,5c096717ed1ea6d9,1,200,1,1
SQLi,search,4,43913a1bde7c7be8,1,200,1,1
SQLi,search,4,f1d88569ead1df97,1,200,1,1
SQLi,search,4,da35950919132424,1,200,1,1
SQLi,search,4,86125f347b1b3a13,1,200,1,1
SQLi,search,4,65c4be3a03088dc6,1,200,1,1
SQLi,search,4,141f41282b5abd95,1,200,1,1
SQLi,search,4,a1704fd0eef819ff,1,200,1,1
SQLi,search,4,abb6bac2d5b43dfe,1,200,1,1
SQLi,search,4,f5604a955eb37a45,1,200,1,1
SQLi,search,4,cda6e5bc998da1c8,1,200,1,1
SQLi,search,4,220730c742e340a7,1,200,1,1
SQLi,search,4,04a99252162fcc05,1,200,1,1
SQLi,search,4,2b59d436e77cebb2,1,200,1,1
SQLi,search,4,898c6c5ee20c5f90,1,200,1,1
SQLi,search,4,43fed797e7dfc4cb,1,200,1,1
SQLi,search,4,adfd759f34fc200d,1,200,1,1
SQLi,search,4,8454d4ce6898663e,1,200,1,1
SQLi,search,4,38ed288ce3ac90c0,1,200,1,1
SQLi,search,4,d226cd2ba88497d0,1,200,1,1
SQLi,search,4,7dec288c967814fe,1,200,1,1
SQLi,search,4,b1fc80fb346ae327,1,200,1,1
SQLi,search,4,4f55dbf94e4bd41f,1,200,1,1
SQLi,search,4,463641fc4f79a299,1,200,1,1
SQLi,search,4,2bdd8a6881505afd,1,200,1,1
SQLi,search,4,d598d63d144015cb,1,200,1,1
SQLi,search,4,6beb9d5f200f6662,1,200,1,1
SQLi,search,4,828c41e650c97e42,1,200,1,1
SQLi,search,4,83325ddd626686b7,1,200,1,1
SQLi,search,4,950fc18066bbcc28,1,200,1,1
SQLi,search,4,9e71f5e0dd12b018,1,200,1,1
SQLi,search,4,9f6a5ce4207bf465,1,200,1,1
SQLi,search,4,8fc4dc25991339e6,1,200,1,1
SQLi,search,4,4d164eae4dcbb158,1,200,1,1
SQLi,search,4,c769da831ed2fe82,1,200,1,1
SQLi,search,4,82d80bbaabbf2501,1,200,1,1
SQLi,search,4,a9ef0d5435f437bd,1,200,1,1
SQLi,search,4,1f70eaf1f0b7921b,1,200,1,1
SQLi,search,4,d318014fe01cb029,1,200,1,1
SQLi,search,4,ccad18abb30cd9b5,1,200,1,1
SQLi,search,4,f0786e59798872ec,1,200,1,1
SQLi,search,4,e7d0ca8be44fc1ac,1,200,1,1
SQLi,search,4,7db194eedb8f897d,1,200,1,1
SQLi,search,4,eed190ec07d1ce53,1,200,1,1
SQLi,search,4,8d8b1993709b8a5a,1,200,1,1
SQLi,search,4,fb073ad24494a35d,1,200,1,1
SQLi,search,4,29a4e2bc7e2bc77b,1,200,1,1
SQLi,search,4,eb6cc566f23aaba5,1,200,1,1
SQLi,filter,5,3db619c810af9a7e,1,200,1,1
SQLi,filter,5,3d1d928906caf0be,1,200,1,1
SQLi,filter,5,1854cc0db7f7f712,1,200,1,1
SQLi,filter,5,db06698867db00c7,1,200,1,1
SQLi,filter,5,19604766e0abf48c,1,200,1,1
SQLi,filter,5,0461e96a5d55213e,1,200,1,1
SQLi,filter,5,2ff195123148a176,1,200,1,1
SQLi,filter,5,b06ee0a67b8eecf4,1,200,1,1
SQLi,filter,5,40c5407243ece1c3,1,200,1,1
SQLi,filter,5,91f7b1431f5b543b,1,200,1,1
SQLi,filter,5,db689158c3b6285e,1,200,1,1
SQLi,filter,5,3035686f22307c72,1,200,1,1
SQLi,filter,5,a339cb08cedac233,1,200,1,1
SQLi,filter,5,bb967d93101c3eba,1,200,1,1
SQLi,filter,5,3e1273acfa2fe722,1,200,1,1
SQLi,filter,5,e0e099bafe021d5d,1,200,1,1
SQLi,filter,5,3ea501645c87e24c,1,200,1,1
SQLi,filter,5,c71bd1203aff8fd2,1,200,1,1
SQLi,filter,5,13787db7449ad47a,1,200,1,1
SQLi,filter,5,2be4c1ed92aa2cdb,1,200,1,1
SQLi,filter,5,fe993f120f454674,1,200,1,1
SQLi,filter,5,ec50627f39e38506,1,200,1,1
SQLi,filter,5,ec414472ee8654a1,1,200,1,1
SQLi,filter,5,845d3409adea0701,1,200,1,1
SQLi,filter,5,4b6c938739fb5e2c,1,200,1,1
SQLi,filter,5,0e10abfadc7aacb7,1,200,1,1
SQLi,filter,5,6c2632417b5d0cf0,1,200,1,1
SQLi,filter,5,88790c8d6762bb88,1,200,1,1
SQLi,filter,5,426f8f98ab2c1783,1,200,1,1
SQLi,filter,5,27d8dadd15e3e5d9,1,200,1,1
SQLi,filter,5,83050ea40b4de29b,1,200,1,1
SQLi,filter,5,1df4deff596e7a3c,1,200,1,1
SQLi,filter,5,7a35bbb0e9e09104,1,200,1,1
SQLi,filter,5,9b5cbd0ad29037ad,1,200,1,1
SQLi,filter,5,ee4221052e4f911d,1,200,1,1
SQLi,filter,5,545b66cd97e5457c,1,200,1,1
SQLi,filter,5,b1eefd580092fd2f,1,200,1,1
SQLi,filter,5,8d9c965abd13be67,1,200,1,1
SQLi,filter,5,ace82b642a5c9c7a,1,200,1,1
SQLi,filter,5,d7b094a9ceead3a9,1,200,1,1
SQLi,filter,5,c064077ffe81e15e,1,200,1,1
SQLi,filter,5,39120abf3f44c3d1,1,200,1,1
SQLi,filter,5,88964c081e197a93,1,200,1,1
SQLi,filter,5,2e55038f7a52acda,1,200,1,1
SQLi,filter,5,fd6a699e82e5c4e7,1,200,1,1
SQLi,filter,5,d154dfecb0ba718b,1,200,1,1
SQLi,filter,5,25f3b1f3788f1a77,1,200,1,1
SQLi,filter,5,d438df623b17bb0b,1,200,1,1
SQLi,filter,5,8e4a965cac30bdbb,1,200,1,1
SQLi,filter,5,1fd1b8c7b29280c5,1,200,1,1
SQLi,filter,5,6c4eeef79f65cf94,1,200,1,1
SQLi,filter,5,ddab1a61769da8f2,1,200,1,1
SQLi,filter,5,1bdb0fe75bd4f550,1,200,1,1
SQLi,filter,5,d8ea59751dec5887,1,200,1,1
SQLi,filter,5,2211ece1c43d923f,1,200,1,1
SQLi,filter,5,dccbdfb9063cecc3,1,200,1,1
SQLi,filter,5,ded17b605a5fbef1,1,200,1,1
SQLi,filter,5,86d58faa79c54fcb,1,200,1,1
SQLi,filter,5,06f1050f3cc080c1,1,200,1,1
SQLi,filter,5,51e3ead651ac1c7d,1,200,1,1
SQLi,filter,5,34f01f2d494f7ee9,1,200,1,1
SQLi,filter,5,b3fdbac3299a6b64,1,200,1,1
SQLi,filter,5,086b0813377f50e3,1,200,1,1
SQLi,filter,5,8f0cc74b8cfa10e6,1,200,1,1
SQLi,filter,5,afedc95986043c03,1,200,1,1
SQLi,filter,5,3d8da5f0efdea667,1,200,1,1
SQLi,filter,5,6cc88060d656c8a1,1,200,1,1
SQLi,filter,5,1c42dc2bc97f2295,1,200,1,1
SQLi,filter,5,40bed8397c0759c5,1,200,1,1
SQLi,filter,5,719e768610d5683d,1,200,1,1
SQLi,filter,5,db33dd1e282f2f16,1,200,1,1
SQLi,filter,5,924534a549f81356,1,200,1,1
SQLi,filter,5,67b3582830bdf871,1,200,1,1
SQLi,filter,5,5a25c09fb6c09042,1,200,1,1
SQLi,filter,5,9147cfa23afc8c08,1,200,1,1
SQLi,filter,5,87f0ca3c2d9dec5a,1,200,1,1
SQLi,filter,5,986f049e08c76732,1,200,1,1
SQLi,filter,5,f3af23f62b3a3202,1,200,1,1
SQLi,filter,5,1b50ea9da7d8e5fa,1,200,1,1
SQLi,filter,5,c038ce7eac7a05bd,1,200,1,1
SQLi,filter,5,e8c2eda61020d3e9,1,200,1,1
SQLi,filter,5,c65d577f4689883b,1,200,1,1
SQLi,filter,5,c61010692c72a275,1,200,1,1
SQLi,filter,5,776f88aaf0e6e712,1,200,1,1
SQLi,filter,5,d2edf217d45908ad,1,200,1,1
SQLi,filter,5,82729579b2d6425d,1,200,1,1
SQLi,filter,5,18833f0efd709594,1,200,1,1
SQLi,filter,5,c5bdf58b275daf20,1,200,1,1
SQLi,filter,5,685b1eba12e746aa,1,200,1,1
SQLi,filter,5,d5aa1b139fe2d244,1,200,1,1
SQLi,filter,5,b160aeb0e12bf502,1,200,1,1
SQLi,filter,5,59a2983d5efd3743,1,200,1,1
SQLi,filter,5,4ffe6a23cc532fc5,1,200,1,1
SQLi,filter,5,7c4991734fc7d87a,0,,0,
SQLi,filter,5,49a291632b7c99fd,0,,0,
SQLi,filter,5,7fd4ab39fb75e4e9,1,200,1,1
SQLi,filter,5,a7be4ed1e82c7dc0,0,,0,
SQLi,filter,5,2c2c5aaddef13f75,1,200,1,1
SQLi,filter,5,0d0ceaa3e2a55639,0,,0,
SQLi,filter,5,7201c9b666621f53,1,200,1,1
SQLi,filter,5,fa914dbf4fd796d2,1,200,1,1
SQLi,filter,5,0e926196483daa11,1,200,1,1
SQLi,filter,5,dadc881107c590b5,1,200,1,1
SQLi,filter,5,a2b630adf0d0aa25,1,200,1,1
SQLi,filter,5,776ede0a0d76d7c1,1,200,1,1
SQLi,filter,5,b9fdd9ade17eb0fd,1,200,1,1
SQLi,filter,5,254ecc4ec482dfae,1,200,1,1
SQLi,filter,5,eae5169606721d28,1,200,1,1
SQLi,filter,5,5ec93d5f2f706abe,1,200,1,1
SQLi,filter,5,f25e656d4924bc8f,1,200,1,1
SQLi,filter,5,e1f0c3851075bfd2,1,200,1,1
SQLi,filter,5,cc9d8bdc1345c45a,1,200,1,1
SQLi,filter,5,488dfa41f0701b6c,1,200,1,1
SQLi,filter,5,c8200e70498daeb0,1,200,1,1
SQLi,filter,5,1664ad289e3d6ead,1,200,1,1
SQLi,filter,5,0d820272cdba5e62,1,200,1,1
SQLi,filter,5,d4e7dbfd18038c73,1,200,1,1
SQLi,filter,5,93802aa34c89ab93,1,200,1,1
SQLi,filter,5,4b3e172cc151cc19,1,200,1,1
SQLi,filter,5,436be71c7933945e,1,200,1,1
SQLi,filter,5,02726e8dd624c0ab,1,200,1,1
SQLi,filter,5,9c278e10971660f0,1,200,1,1
SQLi,filter,5,64892cc95d4e0182,1,200,1,1
SQLi,filter,5,73c77feea5a73aab,1,200,1,1
SQLi,filter,5,708923341fcda8e7,1,200,1,1
SQLi,filter,5,6219db009987b0cd,1,200,1,1
SQLi,filter,5,604357448ec2b3c8,1,200,1,1
SQLi,filter,5,9f7bb1f9b4cd2492,1,200,1,1
SQLi,filter,5,03df915da6cf282a,1,200,1,1
SQLi,filter,5,969b4597a9473ad0,1,200,1,1
SQLi,filter,5,b8b53ff744545c46,1,200,1,1
SQLi,filter,5,aacc93755fa04e61,1,200,1,1
SQLi,filter,5,406dd77fd99f1d35,1,200,1,1
SQLi,filter,5,fde0cfe5d934cea3,1,200,1,1
SQLi,filter,5,9cfc6348cf0b75ef,1,200,1,1
SQLi,filter,5,92eab8b663c79772,1,200,1,1
SQLi,filter,5,cdeac1dfc81fa99a,1,200,1,1
SQLi,filter,5,1dff898c89032324,1,200,1,1
SQLi,filter,5,83b5812be574b0bd,1,200,1,1
SQLi,filter,5,cabaaa3baa1bf48f,1,200,1,1
SQLi,filter,5,0d9cad9062a39437,1,200,1,1
SQLi,filter,5,860d21de54c9927b,1,200,1,1
SQLi,filter,5,c47b51ff20e250d1,1,200,1,1
SQLi,filter,5,595a648931b2d8a2,0,,0,
SQLi,filter,5,ef63efc0952fd719,0,,0,
SQLi,filter,5,98339cf936a61ab8,1,200,1,1
SQLi,filter,5,4f1a24c31036aac8,1,200,1,1
SQLi,filter,5,62e6d313e4fc6500,1,200,1,1
SQLi,filter,5,b420651cde5ced96,1,200,1,1
SQLi,filter,5,66d4b2501949961a,1,200,1,1
SQLi,filter,5,ec24a5a2063beb27,1,200,1,1
SQLi,filter,5,bc1c94b29ea5446a,1,200,1,1
SQLi,filter,5,ec4e98ff8ffa5a70,1,200,1,1
SQLi,filter,5,78dea4b7c2a6a923,1,200,1,1
SQLi,filter,5,a78acbb761ae242f,1,200,1,1
SQLi,filter,5,ec17c57cd9384191,1,200,1,1
SQLi,filter,5,7de96bafc69802f4,1,200,1,1
SQLi,filter,5,8bab98a3a90775e3,1,200,1,1
SQLi,filter,5,5792ef8eddfe3046,1,200,1,1
SQLi,filter,5,4b5e1d4c3a97cccd,0,,0,
SQLi,filter,5,e63d4bdba019499b,1,200,1,1
SQLi,filter,5,c22a9d3ae831b999,1,200,1,1
SQLi,filter,5,7821cc71fb7a48a2,1,200,1,1
SQLi,filter,5,8d903d7bd87a472b,1,200,1,1
SQLi,filter,5,5ddc790042491035,1,200,1,1
SQLi,filter,5,deda5d3674bc5e26,1,200,1,1
SQLi,filter,5,c5850c88c33bc502,1,200,1,1
SQLi,filter,5,4822e272a6878261,1,200,1,1
SQLi,filter,5,a600cbd6efc574d7,1,200,1,1
SQLi,filter,5,20d8ce1ffde0197f,1,200,1,1
SQLi,filter,5,fdd2822df32f7493,1,200,1,1
SQLi,filter,5,956030a38a760d39,1,200,1,1
SQLi,filter,5,94da6c81d5acd277,1,200,1,1
SQLi,filter,5,ef8f2d83e966f853,1,200,1,1
SQLi,filter,5,5dffc40d4e18e328,1,200,1,1
SQLi,filter,5,8dbae68e1f1b4f15,1,200,1,1
SQLi,filter,5,5c67c1b3507e873d,1,200,1,1
SQLi,filter,5,ac84c462ab7da159,1,200,1,1
SQLi,filter,5,779463485c29b60e,1,200,1,1
SQLi,filter,5,671a7c0868309a7a,1,200,1,1
SQLi,filter,5,434ae390bb6e01ce,1,200,1,1
SQLi,filter,5,832a79413184cfca,1,200,1,1
SQLi,filter,5,04b00bb101f6ea83,1,200,1,1
SQLi,filter,5,3eaeba284d69533f,1,200,1,1
SQLi,filter,5,e1396af4abb9275b,1,200,1,1
SQLi,filter,5,2706b7a9893729b9,1,200,1,1
SQLi,filter,5,ebd9b6f15f12c92b,1,200,1,1
SQLi,filter,5,0bdae1f08eed0e4f,1,200,1,1
SQLi,filter,5,2706ba387eabf95c,1,200,1,1
SQLi,filter,5,d49b860b7ed2d8a9,1,200,1,1
SQLi,filter,5,ccf7b0e8ca762ba0,1,200,1,1
SQLi,filter,5,97a2e0fc4179abfd,1,200,1,1
SQLi,filter,5,3499d05afd18aa81,1,200,1,1
SQLi,filter,5,ed79fe707c358880,1,200,1,1
SQLi,filter,5,6788a79951d33eb0,1,200,1,1
SQLi,filter,5,83d39a498670660c,1,200,1,1
SQLi,filter,5,65fe66d029d7389b,1,200,1,1
SQLi,filter,5,81fac6142d661445,1,200,1,1
SQLi,filter,5,0572449adefec728,1,200,1,1
SQLi,filter,5,04512a35afb8322c,1,200,1,1
SQLi,filter,5,aedededa95be8e6d,1,200,1,1
SQLi,filter,5,74e17ad4b1f91037,1,200,1,1
SQLi,filter,5,42638f41c3110764,1,200,1,1
SQLi,filter,5,1ba9cf3951b0b1d2,1,200,1,1
SQLi,filter,5,a699eebdb46fa1cf,1,200,1,1
SQLi,filter,5,23566fca0dd9a452,1,200,1,1
SQLi,filter,5,adcdb11d41d953ff,1,200,1,1
SQLi,filter,5,b501573f6a97f2d4,1,200,1,1
SQLi,filter,5,2a8cfabfc47bc6cd,1,200,1,1
SQLi,filter,5,d82b5286f2cff58d,1,200,1,1
SQLi,filter,5,6b477f5483614889,1,200,1,1
SQLi,filter,5,36812d202b5c4669,1,200,1,1
SQLi,filter,5,2c70b827e9c96c22,1,200,1,1
SQLi,filter,5,5cc5a92489578cf1,1,200,1,1
SQLi,filter,5,2235bcc226a9f573,1,200,1,1
SQLi,filter,5,e7bde67c81ac504a,1,200,1,1
SQLi,filter,5,a350001a41c01e3d,1,200,1,1
SQLi,filter,5,51b02ac82c610098,1,200,1,1
SQLi,filter,5,890abdaa11460f6c,1,200,1,1
SQLi,filter,5,f417f8406792265b,1,200,1,1
SQLi,filter,5,bb9c286d6f0f8043,1,200,1,1
SQLi,filter,5,af0a60a644d7f8e5,1,200,1,1
SQLi,filter,5,19965ee8e6491e72,1,200,1,1
SQLi,filter,5,72c87299e087ee81,1,200,1,1
SQLi,filter,5,c9a4cc1bb0f71bfc,1,200,1,1
SQLi,filter,5,3c3950b5885604b3,1,200,1,1
SQLi,filter,5,ca7aa1e06bd03b46,0,,0,
SQLi,filter,5,5482f1c47f0ddbec,0,,0,
SQLi,filter,5,2d679e86394b4b5c,1,200,1,1
SQLi,filter,5,974a8f902f7a7342,1,200,1,1
SQLi,filter,5,521eeb54dfa3047e,1,200,1,1
SQLi,filter,5,cf602c02bc53a493,1,200,1,1
SQLi,filter,5,73a810b6f1d2f6d6,1,200,1,1
SQLi,filter,5,861b941c8540a71f,1,200,1,1
SQLi,filter,5,f5a9709baca4d14d,1,200,1,1
SQLi,filter,5,3b99953ad3271899,1,200,1,1
SQLi,filter,5,1d9fd347e6b4de03,1,200,1,1
SQLi,filter,5,3fe6c53e6b408dd2,1,200,1,1
SQLi,filter,5,677c29bcda555809,1,200,1,1
SQLi,filter,5,ae5f08ce00550e07,1,200,1,1
SQLi,filter,5,de62c6eea1cbc021,0,,0,
SQLi,filter,5,0c24c445ee22d29a,1,200,1,1
SQLi,filter,5,751e44ef1f23ed2d,1,200,1,1
SQLi,filter,5,16af9dbaf06a453a,1,200,1,1
SQLi,filter,5,c7c548369a618edc,0,,0,
SQLi,filter,5,a5e4a3e160267220,1,200,1,1
SQLi,filter,5,7e61a6b3f51d8240,1,200,1,1
SQLi,filter,5,7a3c4f8f61761a42,1,200,1,1
SQLi,filter,5,98df2b140bbcf2fa,1,200,1,1
SQLi,filter,5,ebc256e204bbbd0c,1,200,1,1
SQLi,filter,5,8014b84516e1cebe,1,200,1,1
SQLi,filter,5,2890dc741df47f7c,1,200,1,1
SQLi,filter,5,6f20544b7e018485,1,200,1,1
SQLi,filter,5,79416ee3689bd099,1,200,1,1
SQLi,filter,5,eaf9cc520faa7e8f,1,200,1,1
SQLi,filter,5,78466b7abf3867bc,1,200,1,1
SQLi,filter,5,bc20b8ca377ebe8a,1,200,1,1
SQLi,filter,5,afab73c586f6d72f,1,200,1,1
SQLi,filter,5,0474cb415298ae0a,1,200,1,1
SQLi,filter,5,14a0628592edd82c,1,200,1,1
SQLi,filter,5,4a9501d2b194ff1e,1,200,1,1
SQLi,filter,5,2844ca82ef7625e0,1,200,1,1
SQLi,filter,5,d7de60e1b9462d11,1,200,1,1
SQLi,filter,5,62a9b2cb9cd6ce48,1,200,1,1
SQLi,filter,5,fb46b8b1507dd739,1,200,1,1
SQLi,filter,5,de3180a108555a97,1,200,1,1
SQLi,filter,5,c51f732dd02ea582,1,200,1,1
SQLi,filter,5,604dd08ee538c18c,1,200,1,1
SQLi,filter,5,8b2f0b3edfde47b1,1,200,1,1
SQLi,filter,5,d5e1ab0402c98960,0,,0,
SQLi,filter,5,86c643d3b7f7d209,1,200,1,1
SQLi,filter,5,5c706506caf7eb19,1,200,1,1
SQLi,filter,5,7829b93dad5a7c0d,1,200,1,1
SQLi,filter,5,ac1f11430b43ba2d,1,200,1,1
SQLi,filter,5,db94fdf735032b7f,1,200,1,1
SQLi,filter,5,d48e86d1242a7a57,1,200,1,1
SQLi,filter,5,7169a95f72abafda,1,200,1,1
SQLi,filter,5,b9e2e42fa347fd78,1,200,1,1
SQLi,filter,5,6232bf45e6813be6,1,200,1,1
SQLi,filter,5,c263f56424d93c8d,1,200,1,1
SQLi,filter,5,0aa267f35e2a8f72,1,200,1,1
SQLi,filter,5,9f0cfbb09036a568,1,200,1,1
SQLi,filter,5,c4d508278c16f58f,1,200,1,1
SQLi,filter,5,53ffc64cb86b4b01,1,200,1,1
SQLi,filter,5,2655416115699ff4,1,200,1,1
SQLi,filter,5,08d57df34d9be021,1,200,1,1
SQLi,filter,5,1f40e7fd86bbb49f,1,200,1,1
SQLi,filter,5,d6853db239226868,1,200,1,1
SQLi,filter,5,58a0390b4d8784ef,1,200,1,1
SQLi,filter,5,af936e53616bb647,1,200,1,1
SQLi,filter,5,79dc8848204a5507,1,200,1,1
SQLi,filter,5,b4be258244869646,0,,0,
SQLi,filter,5,7f7b6891b228f640,1,200,1,1
SQLi,filter,5,52f612c0d03c10f2,1,200,1,1
SQLi,filter,5,ffad3b6a31a17e02,0,,0,
SQLi,filter,5,cf5108f760492987,1,200,1,1
SQLi,filter,5,5672e8f7e43eba5f,1,200,1,1
SQLi,filter,5,d4eb0a59b18e0b9d,1,200,1,1
SQLi,filter,5,32e12296abb4e8b1,1,200,1,1
SQLi,filter,5,05de251e65917c06,1,200,1,1
SQLi,filter,5,d444f914fa2e5406,1,200,1,1
SQLi,filter,5,5022775f8c57dd6c,0,,0,
SQLi,filter,5,a1df398e7d185e51,1,200,1,1
SQLi,filter,5,f3ea2e34e2e056d6,1,200,1,1
SQLi,filter,5,e6d40be535459b7a,1,200,1,1
SQLi,filter,5,c539b20257841645,1,200,1,1
SQLi,filter,5,4ee972b1bdaa8eeb,1,200,1,1
SQLi,filter,5,1d4f57ab271cd47a,1,200,1,1
SQLi,filter,5,4595cee4759b889e,1,200,1,1
SQLi,filter,5,7e7cb9b7f187a5fb,1,200,1,1
SQLi,filter,5,e1cd7d37d9fb76af,1,200,1,1
SQLi,filter,5,a2d342b0fd219dab,1,200,1,1
SQLi,filter,5,94913a98e6469a7f,1,200,1,1
SQLi,filter,5,7f1f39bda583ed48,1,200,1,1
SQLi,filter,5,2d1b019bfaa641e7,1,200,1,1
SQLi,filter,5,6b923f694497e57f,1,200,1,1
SQLi,filter,5,9079bb551a2f75c6,1,200,1,1
SQLi,filter,5,51689160fe0c928d,1,200,1,1
SQLi,filter,5,e492d1ef9ea87823,0,,0,
SQLi,filter,5,0cd31064214b724a,1,200,1,1
SQLi,filter,5,de9777d3ae0bbd77,1,200,1,1
SQLi,filter,5,a66210d6d3d708a5,1,200,1,1
SQLi,filter,5,37b90b6aaa4042ba,1,200,1,1
SQLi,filter,5,ca61b0fbec016f09,1,200,1,1
SQLi,filter,5,3de486041d5ea57d,1,200,1,1
SQLi,filter,5,78727c7df189a18e,1,200,1,1
SQLi,filter,5,88f500a405e11942,1,200,1,1
SQLi,filter,5,02ad51c7adf97e34,1,200,1,1
SQLi,filter,5,0abe83d12cf188a9,1,200,1,1
SQLi,filter,5,caf643f3fe520f6f,1,200,1,1
SQLi,filter,5,c8f0c48b11bd288d,1,200,1,1
SQLi,filter,5,4723180f846b37a1,1,200,1,1
SQLi,filter,5,4ebcb7fbcfb166a4,0,,0,
SQLi,filter,5,d0f0cdff108f8cab,1,200,1,1
SQLi,filter,5,d729f8d1bd32e917,1,200,1,1
SQLi,filter,5,0d40482575776005,1,200,1,1
SQLi,filter,5,970a316bb1ea8e03,1,200,1,1
SQLi,filter,5,252c58d15dda473c,1,200,1,1
SQLi,filter,5,11a86767d084cbc2,1,200,1,1
SQLi,filter,5,25b9ad94ad959ca4,1,200,1,1
SQLi,filter,5,c1d60f327f9a81ce,1,200,1,1
SQLi,filter,5,8ff5a485dd4f2a30,1,200,1,1
SQLi,filter,5,57fb3553eeef2323,1,200,1,1
SQLi,filter,5,bf76fc4bbc7f7556,1,200,1,1
SQLi,filter,5,63f98f44d87dfb30,1,200,1,1
SQLi,filter,5,230ffa172e5dba1b,1,200,1,1
SQLi,filter,5,0fda93bb53668bb1,1,200,1,1
SQLi,filter,5,00ff2a578e83c3ed,1,200,1,1
SQLi,filter,5,3a566ba418270738,1,200,1,1
SQLi,filter,5,5ba6474addc483b3,1,200,1,1
SQLi,filter,5,6920f8c5c3b8dc27,1,200,1,1
SQLi,filter,5,0b4d690027a9c589,1,200,1,1
SQLi,filter,5,25909df6612a2ca4,1,200,1,1
SQLi,filter,5,aeda3f1013db2752,1,200,1,1
SQLi,filter,5,bac1ee7368ef6622,1,200,1,1
SQLi,filter,5,e2057c75d268f95e,1,200,1,1
SQLi,filter,5,524a0d78170f6d61,1,200,1,1
SQLi,filter,5,bd91ace860931338,1,200,1,1
SQLi,filter,5,189bbe7d01e34412,1,200,1,1
SQLi,filter,5,318040ce0c0daf5c,1,200,1,1
SQLi,filter,5,a2d342b0fd219dab,1,200,1,1
SQLi,filter,5,fdb7f05724b5d85d,1,200,1,1
SQLi,filter,5,d1f916fe5e0019e1,1,200,1,1
SQLi,filter,5,46ed1a6368b2a205,1,200,1,1
SQLi,filter,5,2aca797710033321,1,200,1,1
SQLi,filter,5,3e234fa6a08bb7e9,1,200,1,1
SQLi,filter,5,12f2cf089e114e5b,1,200,1,1
SQLi,filter,5,ec3c3080b1362789,1,200,1,1
SQLi,filter,5,852183b871a9d4b3,1,200,1,1
SQLi,filter,5,cb8698e628f54254,1,200,1,1
SQLi,filter,5,66e50d185111105f,1,200,1,1
SQLi,filter,5,23b948040ca0abf9,1,200,1,1
SQLi,filter,5,dc0eda0d2293db3c,1,200,1,1
SQLi,filter,5,e9748f202e67673f,1,200,1,1
SQLi,filter,5,dbdc4a7cf7d215cc,0,,0,
SQLi,filter,5,e0b26e8eae6b8b9e,1,200,1,1
SQLi,filter,5,87b28a43fc9e4598,1,200,1,1
SQLi,filter,5,2bfc2bed0090a848,1,200,1,1
SQLi,filter,5,816a50fc5a4c33f3,1,200,1,1
SQLi,filter,5,3dedcd361d4f30aa,1,200,1,1
SQLi,filter,5,9f2461375a30fbf8,1,200,1,1
SQLi,filter,5,75fb27c10a5c62bd,1,200,1,1
SQLi,filter,5,3470ae3e8d62d4d4,1,200,1,1
SQLi,filter,5,3268b0ae3748dba5,1,200,1,1
SQLi,filter,5,2b9c06aafe0b3111,1,200,1,1
SQLi,filter,5,cb20d081e7130dbb,1,200,1,1
SQLi,filter,5,fbc9349b571db247,1,200,1,1
SQLi,filter,5,a69a6527a5ed738c,1,200,1,1
SQLi,filter,5,911b9953b9e221a7,1,200,1,1
SQLi,filter,5,76a70c36e0f710c3,1,200,1,1
SQLi,filter,5,f2ebaf57f9fead22,1,200,1,1
SQLi,filter,5,3a56aaab920503c0,1,200,1,1
SQLi,filter,5,c218567566d856fb,1,200,1,1
SQLi,filter,5,7e077805709b771b,1,200,1,1
SQLi,filter,5,eac518fe4a69e18f,1,200,1,1
SQLi,filter,5,1f23a4c0c975c60e,1,200,1,1
SQLi,filter,5,3edec5359247ee6a,1,200,1,1
SQLi,filter,5,65138a3877fe26da,1,200,1,1
SQLi,filter,5,c0c48d3ab10e56df,0,,0,
SQLi,filter,5,83c089391b29b63f,1,200,1,1
SQLi,filter,5,44360d611ef4aaf7,1,200,1,1
SQLi,filter,5,40fc3127cc5c4055,0,,0,
SQLi,filter,5,93d1e9e903e9a555,1,200,1,1
SQLi,filter,5,066500c32eaa5835,1,200,1,1
SQLi,filter,5,3e941f7c7494b227,1,200,1,1
SQLi,filter,5,6048efec2bc47cfc,0,,0,
SQLi,filter,5,9e4451f7e493f9de,1,200,1,1
SQLi,filter,5,8634ef2ee5be45e4,0,,0,
SQLi,filter,5,d3da949e25e5543c,1,200,1,1
SQLi,filter,5,546ac57648ac5a93,1,200,1,1
SQLi,filter,5,cbcadfd914313f1c,1,200,1,1
SQLi,filter,5,2c862028963becc9,1,200,1,1
SQLi,filter,5,11f0eb5da898733c,1,200,1,1
SQLi,filter,5,89279e6b951fccbc,1,200,1,1
SQLi,filter,5,dc37d861a805a853,1,200,1,1
SQLi,filter,5,d816f1752189434b,1,200,1,1
SQLi,filter,5,cc83f907e975ccd9,1,200,1,1
SQLi,filter,5,06b7f1982146dde0,1,200,1,1
SQLi,filter,5,9af77d327ca42672,1,200,1,1
SQLi,filter,5,67458e598c93d3a2,1,200,1,1
SQLi,filter,5,d84b3c823e66d013,1,200,1,1
SQLi,filter,5,c2ee116e035f7d0a,1,200,1,1
SQLi,filter,5,bbcf1abfabddcca0,1,200,1,1
SQLi,filter,5,c9932be09491c6aa,1,200,1,1
SQLi,filter,5,8c01c081fbeb398f,1,200,1,1
SQLi,filter,5,ad4685f4256cdce4,1,200,1,1
SQLi,filter,5,2240bb05a94867db,1,200,1,1
SQLi,filter,5,456d9d93b9e02720,1,200,1,1
SQLi,filter,5,861b232fcd7b76af,1,200,1,1
SQLi,filter,5,b01e0ccae1fa6f2a,1,200,1,1
SQLi,filter,5,33f2e85b3f442a66,1,200,1,1
SQLi,filter,5,3251af542106c30a,1,200,1,1
SQLi,filter,5,55700382d2e17976,1,200,1,1
SQLi,filter,5,4f445175301ac0f8,1,200,1,1
SQLi,filter,5,14a53cc9f6ff6b74,1,200,1,1
SQLi,filter,5,4dc6b3d892f399ab,1,200,1,1
SQLi,filter,5,b855316c9b385eac,1,200,1,1
SQLi,filter,5,cf878030026a7f17,1,200,1,1
SQLi,filter,5,e5a8fbd173aea88a,1,200,1,1
SQLi,filter,5,ca331699a8dc9532,1,200,1,1
SQLi,filter,5,62006f312acb3528,1,200,1,1
SQLi,filter,5,345de6a2349e9420,1,200,1,1
SQLi,filter,5,ac4ee760ab6ba4d0,1,200,1,1
SQLi,filter,5,f835ddfe62996933,1,200,1,1
SQLi,filter,5,ec0bc9f7be58226c,1,200,1,1
SQLi,filter,5,4ec1f923d8b2265c,1,200,1,1
SQLi,filter,5,5fdf2f57f7477523,1,200,1,1
SQLi,filter,5,0b8e2de932509328,0,,0,
SQLi,filter,5,d4c4282015e9d2a3,0,,0,
SQLi,filter,5,d5b4e05237234c9e,1,200,1,1
SQLi,filter,5,9ac5ddef4cbbe64b,1,200,1,1
SQLi,filter,5,9c48a498aec026f2,1,200,1,1
SQLi,filter,5,e7c3279a1e021208,1,200,1,1
SQLi,filter,5,1179f2ab3b06c314,1,200,1,1
SQLi,filter,5,6e1e5e07dd5b3e8b,1,200,1,1
SQLi,filter,5,ec5112a97ff3e9a9,1,200,1,1
SQLi,filter,5,6d8427987b96887d,1,200,1,1
SQLi,filter,5,bdfb3f0e468e7be4,1,200,1,1
SQLi,filter,5,49c039ef98c0d28a,1,200,1,1
SQLi,filter,5,3129a9ddda666c49,1,200,1,1
SQLi,filter,5,6887e8ddc0558719,1,200,1,1
SQLi,filter,5,70a4b1d451de062c,1,200,1,1
SQLi,filter,5,64e8c9b38bc59d91,1,200,1,1
SQLi,filter,5,a7b82001383bee15,1,200,1,1
SQLi,filter,5,e7cee4f2a0fa4126,1,200,1,1
SQLi,filter,5,ab12dbb9359a447e,1,200,1,1
SQLi,filter,5,b7d35f5b7bc1f8f8,1,200,1,1
SQLi,filter,5,de733cbd9c102a81,1,200,1,1
SQLi,filter,5,b64fe18e46943504,1,200,1,1
SQLi,filter,5,c5e8b531737f5840,1,200,1,1
SQLi,filter,5,7026f3311b1fe924,1,200,1,1
SQLi,filter,5,956ba9ffb5ad646a,1,200,1,1
SQLi,filter,5,826037df7b45916a,1,200,1,1
SQLi,filter,5,9e28e15308a6952b,1,200,1,1
SQLi,filter,5,c122f5a7bf5c8932,1,200,1,1
SQLi,filter,5,9b0d351de277985e,1,200,1,1
SQLi,filter,5,c99e6e041a1e9484,1,200,1,1
SQLi,filter,5,bd8217d698e08566,1,200,1,1
SQLi,filter,5,3670f1868057d043,1,200,1,1
SQLi,filter,5,fde1a52ae9ea7b82,0,,0,
SQLi,filter,5,8b4befc9c36ce5be,1,200,1,1
SQLi,filter,5,598c605c71bd71fe,1,200,1,1
SQLi,filter,5,b5c8fce9e30abf56,1,200,1,1
SQLi,filter,5,5c5d878942abc5f1,1,200,1,1
SQLi,filter,5,bf7aa2242d82d748,1,200,1,1
SQLi,filter,5,0a2e1824db3345f2,1,200,1,1
SQLi,filter,5,5f8db7a060319e95,1,200,1,1
SQLi,filter,5,7ba24f66253fa5de,1,200,1,1
SQLi,filter,5,11d4d1a470944cae,1,200,1,1
SQLi,filter,5,f18abd26baaa66da,1,200,1,1
SQLi,filter,5,0f98698cb1cd38d8,1,200,1,1
SQLi,filter,5,5581d83f862ed112,1,200,1,1
SQLi,filter,5,71d636d1388bf139,1,200,1,1
SQLi,filter,5,059ed922cb75e173,0,,0,
SQLi,filter,5,1f58c414de9ec5dc,1,200,1,1
SQLi,filter,5,be7d5772041cf427,1,200,1,1
SQLi,filter,5,2293ce5a6cc57515,1,200,1,1
SQLi,filter,5,d38553297c667a81,1,200,1,1
SQLi,filter,5,a51dfbe2e70685ac,1,200,1,1
SQLi,login,5,5c9260a1582d4e39,0,,0,
SQLi,login,5,c066fbf283e13c63,1,200,1,1
SQLi,login,5,6d6713e96c5883ab,1,403,0,
SQLi,login,5,d89e69d8bf146f0d,1,200,1,1
SQLi,login,5,4f82a7211dd0983c,1,200,1,1
SQLi,login,5,3abfe532e59818c2,1,200,1,1
SQLi,login,5,f9e90244ebdd7d03,1,200,1,1
SQLi,login,5,0a60902ac53f3014,1,200,1,1
SQLi,login,5,3d2ac9b647ca9512,1,200,1,1
SQLi,login,5,6a5db726fc3a2bb9,1,200,1,1
SQLi,login,5,e3a5ccbd3ae37e09,1,403,0,
SQLi,login,5,acad7327c6d15212,1,403,0,
SQLi,login,5,87ea6185c6286cfa,0,,0,
SQLi,login,5,1366db060d9b60b8,0,,0,
SQLi,login,5,a95db9e795914570,0,,0,
SQLi,login,5,21bae563605df920,1,200,1,1
SQLi,login,5,ac98a2bda0d83070,1,200,1,1
SQLi,login,5,e7af2e178a439c04,0,,0,
SQLi,login,5,cfccae9f5029aa1f,1,200,1,1
SQLi,login,5,9a94c7329c74b3f6,1,200,1,1
SQLi,login,5,46cd902990c0c73b,1,403,0,
SQLi,login,5,34250715df13d527,1,403,0,
SQLi,login,5,434fad611120e2e4,1,403,0,
SQLi,login,5,375e79a1cf525185,1,200,1,1
SQLi,login,5,62b9cd095776c89a,1,200,1,1
SQLi,login,5,e228b04a4a9e4669,1,200,1,1
SQLi,login,5,541d7018382a36c0,1,200,1,1
SQLi,login,5,326256c66c7e7228,1,200,1,1
SQLi,login,5,30de6070d7161130,1,200,1,1
SQLi,login,5,cff8f23c04c7fe18,1,200,1,1
SQLi,login,5,028539a3cb27de4a,1,403,0,
SQLi,login,5,49620eddee5c5023,0,,0,
SQLi,login,5,1a12d08b8c47eda0,1,200,1,1
SQLi,login,5,f458d69f298f85e2,0,,0,
SQLi,login,5,af1a72f72adc91dc,0,,0,
SQLi,login,5,9a011e233ef58d77,1,200,1,1
SQLi,login,5,a0167c62cf4822de,1,200,1,1
SQLi,login,5,7640d40a46330e5f,1,200,1,1
SQLi,login,5,cc7b1262525cd212,0,,0,
SQLi,login,5,c08f6aa334c79222,1,200,1,1
SQLi,login,5,14b375c6e86eaa41,0,,0,
SQLi,login,5,6c00c613db8f4796,1,200,1,1
SQLi,login,5,c35285c347053617,1,200,1,1
SQLi,login,5,5647352ad9d4ba7d,1,200,1,1
SQLi,login,5,9b4c0bee27e53467,0,,0,
SQLi,login,5,93584e538a7a11bc,0,,0,
SQLi,login,5,ee44cb711400dc04,1,200,1,1
SQLi,login,5,d30d4b8e9a21f369,1,200,1,1
SQLi,login,5,1b0c1346e3ec76bd,0,,0,
SQLi,login,5,09a2b27801d9010b,1,200,1,1
SQLi,login,5,b3c33519d0ea0897,1,200,1,1
SQLi,login,5,3c9fcb30d6e012d0,0,,0,
SQLi,login,5,bf0da669e1378244,1,200,1,1
SQLi,login,5,f7b0ad895f9c1581,1,200,1,1
SQLi,login,5,51dd9e27eeaebc86,1,200,1,1
SQLi,login,5,02c9b3e447d2a5b6,1,200,1,1
SQLi,login,5,b96aa3dd8024967b,1,200,1,1
SQLi,login,5,1b9dcccc96d43a03,1,200,1,1
SQLi,login,5,79786a2d8d5a1f10,1,200,1,1
SQLi,login,5,7faa1f241d8b5834,1,200,1,1
SQLi,login,5,0ad32e5813759e29,1,200,1,1
SQLi,login,5,643f2b8b397acfb9,1,200,1,1
SQLi,login,5,8e27acaba53e34e9,1,200,1,1
SQLi,login,5,0393b870300af0a6,1,200,1,1
SQLi,login,5,2646f189b91a1af1,1,200,1,1
SQLi,login,5,cc04182ffe0c928f,1,200,1,1
SQLi,login,5,42c182ce278dd3a5,1,200,1,1
SQLi,login,5,e2dd995a0c18ea1a,1,200,1,1
SQLi,login,5,c1ce807f95a7e7f4,1,200,1,1
SQLi,login,5,719688660c67a339,0,,0,
SQLi,login,5,3e10be1b6ef6371a,1,200,1,1
SQLi,login,5,4124745dcee4cce9,1,200,1,1
SQLi,login,5,5767aed1197be589,1,200,1,1
SQLi,login,5,bea37b9f54c4730c,1,200,1,1
SQLi,login,5,44efcb3d12785a9e,1,200,1,1
SQLi,login,5,d2f095064087624e,0,,0,
SQLi,login,5,29d3c5246a55fbab,1,200,1,1
SQLi,login,5,46e63c445b35f8e5,1,200,1,1
SQLi,login,5,4c343c38de3dfcc9,1,200,1,1
SQLi,login,5,437caa30d40e11c8,1,200,1,1
SQLi,login,5,83bff7f0c46f24d7,0,,0,
SQLi,login,5,d013ddddfa1ee2e4,1,200,1,1
SQLi,login,5,4dd11c79e33766cd,1,200,1,1
SQLi,login,5,49006138417b51ac,0,,0,
SQLi,login,5,9f751e4fb05d2591,1,403,0,
SQLi,login,5,526b84b8151fc31b,1,200,1,1
SQLi,login,5,50d780c88b1e9b15,0,,0,
SQLi,login,5,7ba939039f251f8c,1,200,1,1
SQLi,login,5,c949b8832fcde00d,0,,0,
SQLi,login,5,368df84fa9364a8d,1,200,1,1
SQLi,login,5,36781c16636ae360,0,,0,
SQLi,login,5,13e9bb4720aaa60a,0,,0,
SQLi,login,5,e5e33662ed158bea,1,200,1,1
SQLi,login,5,5b07561c7cfff321,1,403,0,
SQLi,login,5,9d3362b38fec2051,1,200,1,1
SQLi,login,5,d30de3c081eb6703,1,200,1,1
SQLi,login,5,e36d9398fa34fbb3,1,200,1,1
SQLi,login,5,3a960df2a26fcb86,0,,0,
SQLi,login,5,619b513b9ae75270,0,,0,
SQLi,login,5,543aa2c35f4ebfab,0,,0,
SQLi,login,5,7146332128fb7614,1,200,1,1
SQLi,login,5,c135bf2a66fcf908,0,,0,
SQLi,login,5,88c3623be549c00a,1,200,1,1
SQLi,login,5,fa9aa332255df907,1,200,1,1
SQLi,login,5,afef7120db160807,0,,0,
SQLi,login,5,fe325815bf713ed9,1,200,1,1
SQLi,login,5,60bffc1a0e2dff9d,1,200,1,1
SQLi,login,5,5e5f4e993a2872ca,1,200,1,1
SQLi,login,5,2426f223a95b6d16,1,200,1,1
SQLi,login,5,30e93851ebd6a7fa,1,200,1,1
SQLi,login,5,b049f6438c7638e7,1,200,1,1
SQLi,login,5,eeb9fda7da52abc2,0,,0,
SQLi,login,5,fbfe2166ac02f621,1,200,1,1
SQLi,login,5,8113d8a65893e4f1,1,200,1,1
SQLi,login,5,860ae0f459f58357,0,,0,
SQLi,login,5,dee167b60dc297df,1,200,1,1
SQLi,login,5,40ac0dbc5219f619,0,,0,
SQLi,login,5,80b658a1a4cd4739,1,200,1,1
SQLi,login,5,fc04d7bcda2c4272,1,403,0,
SQLi,login,5,c9187b28696193ea,1,200,1,1
SQLi,login,5,7b7f7eb60824960c,0,,0,
SQLi,login,5,ea09978a8bc75183,0,,0,
SQLi,login,5,44eaee1f0ad648bd,1,200,1,1
SQLi,login,5,38c144f318be04fa,1,200,1,1
SQLi,login,5,bc4eb9a8c3ff50bd,1,200,1,1
SQLi,login,5,f3933e806a8d8412,0,,0,
SQLi,login,5,670e1372bb9dbf37,0,,0,
SQLi,login,5,237775c842a9747d,0,,0,
SQLi,login,5,bfc49df14c18f042,0,,0,
SQLi,login,5,93a429d1b2488850,1,200,1,1
SQLi,login,5,515d910dba1a93ab,0,,0,
SQLi,login,5,0ef7bd25e4d9b39f,0,,0,
SQLi,login,5,50b668384fc9e8a4,0,,0,
SQLi,login,5,ea6d0786158ca157,0,,0,
SQLi,login,5,f0e2ff097ae76719,1,200,1,1
SQLi,login,5,21352b73f9eb5933,0,,0,
SQLi,login,5,15b6cee4f6297fae,0,,0,
SQLi,login,5,fd6e248edd1f4a73,1,200,1,1
SQLi,login,5,9ab742a6c6f154a0,1,200,1,1
SQLi,login,5,c2231ee324aee9f6,1,200,1,1
SQLi,login,5,9f8f3bdb9a5f51eb,1,200,1,1
SQLi,login,5,6a7909ae1e446054,1,200,1,1
SQLi,login,5,e2900d7863ab9a67,1,200,1,1
SQLi,login,5,14c307775e17e868,1,200,1,1
SQLi,login,5,8f1610c24e644302,1,403,0,
SQLi,login,5,0023067559eaf140,1,200,1,1
SQLi,login,5,1a44dcfac05203b3,0,,0,
SQLi,login,5,ae4abb281c275938,1,200,1,1
SQLi,login,5,3c17c207265b908b,0,,0,
SQLi,login,5,d79f98d46d2744e7,1,200,1,1
SQLi,login,5,76b28841ea000c1a,1,200,1,1
SQLi,login,5,ad1be75920420e76,1,200,1,1
SQLi,login,5,8b5b5274647c235d,1,200,1,1
SQLi,login,5,f8f1f42047b5f1dd,1,200,1,1
SQLi,login,5,c676b027fbce4ddd,1,200,1,1
SQLi,login,5,2685cc4567a93916,1,200,1,1
SQLi,login,5,7cacf96b46c6f6db,1,200,1,1
SQLi,login,5,66041449765195d5,1,200,1,1
SQLi,login,5,124c449db4cf3976,1,200,1,1
SQLi,login,5,afcdb5e347dcd035,1,200,1,1
SQLi,login,5,814c592218564e6c,1,200,1,1
SQLi,login,5,a0167fe5e2a86b84,1,200,1,1
SQLi,login,5,542c29380fbe79a7,1,200,1,1
SQLi,login,5,e49514b0ba770087,1,200,1,1
SQLi,login,5,715a5f1d6412591f,1,200,1,1
SQLi,login,5,32f448ee11e3f4a6,1,200,1,1
SQLi,login,5,1e591871c816ee95,1,200,1,1
SQLi,login,5,a196a85333ae2444,1,200,1,1
SQLi,login,5,9bc7a9b01bc685aa,1,200,1,1
SQLi,login,5,9ff3cc62d0207a84,1,200,1,1
SQLi,login,5,5886e340f3a8181f,1,200,1,1
SQLi,login,5,ef1d9ae7ac387e91,1,200,1,1
SQLi,login,5,7d66319880940897,1,200,1,1
SQLi,login,5,1d35a41af185baa2,0,,0,
SQLi,login,5,65614cdd2bcba15a,1,200,1,1
SQLi,login,5,2ae49ffca2629797,1,200,1,1
SQLi,login,5,31c212048b4a9d6e,1,200,1,1
SQLi,login,5,07551d417eb029e3,1,200,1,1
SQLi,login,5,6c106ac8ae53527d,1,200,1,1
SQLi,login,5,b500b5c821e4dd52,1,200,1,1
SQLi,login,5,56d529269cc1749d,1,200,1,1
SQLi,login,5,ce96adac5af650f6,1,200,1,1
SQLi,login,5,18b0d49cb9999b1d,1,200,1,1
SQLi,login,5,544ebf3e34b03d55,1,200,1,1
SQLi,login,5,6c88a9babbfb04c7,0,,0,
SQLi,login,5,c074aa8911a59303,0,,0,
SQLi,login,5,672b2e0d5ff97d1c,0,,0,
SQLi,login,5,fd5986941942325e,0,,0,
SQLi,login,5,828ba70586855d89,0,,0,
SQLi,login,5,45dd8d9c3b2ceaa0,0,,0,
SQLi,login,5,189cd3fe127172b0,0,,0,
SQLi,login,5,806d228f547784df,0,,0,
SQLi,login,5,30d383318ae283b6,1,200,1,1
SQLi,login,5,a88d204b05fbf3bf,0,,0,
SQLi,login,5,fed87e5d2a10b075,0,,0,
SQLi,login,5,8c6fe5e9bd22230d,0,,0,
SQLi,login,5,5a0e19a7fa987b9c,1,403,0,
SQLi,login,5,f1137e6363fc8d4b,0,,0,
SQLi,login,5,62818e56784c9b13,0,,0,
SQLi,login,5,d13882ebb1520593,0,,0,
SQLi,login,5,5fac6c2072601590,1,200,1,1
SQLi,login,5,f9ec52d9ca7d14fb,1,200,1,1
SQLi,login,5,6d7dfb42a011c8f7,1,200,1,1
SQLi,login,5,765a5244bbe55542,1,200,1,1
SQLi,login,5,f029a0c1b586722d,1,200,1,1
SQLi,login,5,77d8beb8dea33959,1,200,1,1
SQLi,login,5,182ff1d1fb0e74e6,1,200,1,1
SQLi,login,5,b3f8301ff0311598,1,200,1,1
SQLi,login,5,5eb41a6ba55c6e34,1,200,1,1
SQLi,login,5,4dffafb05e4f487f,1,200,1,1
SQLi,login,5,63fa942869c32d30,1,200,1,1
SQLi,login,5,c75ab065848baca7,1,200,1,1
SQLi,login,5,e88570adb6fbea6b,1,200,1,1
SQLi,login,5,0846eb2f23ee409b,1,200,1,1
SQLi,login,5,d74d6f9661f5af54,1,200,1,1
SQLi,login,5,760bd98997b6fba4,1,200,1,1
SQLi,login,5,39a4a3e43e528c55,1,200,1,1
SQLi,login,5,802f797fa5101f27,1,200,1,1
SQLi,login,5,2bc8d7c5d0bbeaca,1,200,1,1
SQLi,login,5,c0ed0baf270e0bab,1,200,1,1
SQLi,login,5,388931c1af93bc63,1,200,1,1
SQLi,login,5,157917878f4399f7,1,200,1,1
SQLi,login,5,ffb0e268791ae097,1,200,1,1
SQLi,login,5,7fae2558e6243006,1,200,1,1
SQLi,login,5,1473f1592eeeac14,1,200,1,1
SQLi,login,5,5e16531c0ae1a58f,1,200,1,1
SQLi,login,5,dbcecfdbae0d9f56,1,200,1,1
SQLi,login,5,b60b8e78213c9078,1,200,1,1
SQLi,login,5,387a3d629a36c18c,1,200,1,1
SQLi,login,5,dda1252992237064,1,200,1,1
SQLi,login,5,98a6b721175d393e,1,200,1,1
SQLi,login,5,8ed518c2aa816e53,1,200,1,1
SQLi,login,5,3caf658f6a16a010,1,200,1,1
SQLi,login,5,008c3d3435f41d45,1,200,1,1
SQLi,login,5,5b739bf095a34f89,1,200,1,1
SQLi,login,5,19ec40598d4bfe67,1,200,1,1
SQLi,login,5,398c2ba945ec8446,1,200,1,1
SQLi,login,5,be153ca359d259ef,1,200,1,1
SQLi,login,5,4a049073232dfba3,1,200,1,1
SQLi,login,5,4721de5b9319efa7,1,200,1,1
SQLi,login,5,0c7dc77d8007f12b,1,200,1,1
SQLi,login,5,262d03670652b29a,1,200,1,1
SQLi,login,5,9edbeb0066ed9356,1,200,1,1
SQLi,login,5,d22d5b9d774d7d1b,1,200,1,1
SQLi,login,5,1e78921f46d8980a,1,200,1,1
SQLi,login,5,22b2824350d5ac2d,1,200,1,1
SQLi,login,5,3e731eefcdc45d01,1,200,1,1
SQLi,login,5,956cdcc57bf2be51,1,200,1,1
SQLi,login,5,320a2d57aa9dc904,1,200,1,1
SQLi,login,5,fa401cdbe60a48b6,1,200,1,1
SQLi,login,5,f013f580f68ca408,1,200,1,1
SQLi,login,5,9c2ae23bddb26fce,0,,0,
SQLi,login,5,97420db14f840d3a,1,200,1,1
SQLi,login,5,e4584cee3fe86aee,1,200,1,1
SQLi,login,5,d0a5dc49f11586ec,1,200,1,1
SQLi,login,5,75ed456fa81d2539,1,200,1,1
SQLi,login,5,6dc7a12d7253d0b7,1,200,1,1
SQLi,login,5,7054b423090edc12,1,200,1,1
SQLi,login,5,f641c44c3d9d5be0,1,200,1,1
SQLi,login,5,c59c21a310d18b02,1,200,1,1
SQLi,login,5,7ebf6c173423e6f9,1,200,1,1
SQLi,login,5,022dabc01e87197e,1,200,1,1
SQLi,login,5,9a04cbc01f5a2f4f,1,200,1,1
SQLi,login,5,9a90893d6a9ef078,1,200,1,1
SQLi,login,5,66505c1ad6540db6,1,200,1,1
SQLi,login,5,e551bd3dd4fc1d22,1,200,1,1
SQLi,login,5,5b0cee653af70f20,1,200,1,1
SQLi,login,5,e4fa5ad509f6273a,1,200,1,1
SQLi,login,5,409e9c58110db642,1,200,1,1
SQLi,login,5,5f3d6e6b73e823a9,1,200,1,1
SQLi,login,5,4c6044e1845cb9a6,1,200,1,1
SQLi,login,5,5f9dd4c7caebb27a,1,200,1,1
SQLi,login,5,a1179cf3149e12b1,1,200,1,1
SQLi,login,5,8eb759e12374bc6b,1,200,1,1
SQLi,login,5,6c0d3aa85b7047f2,1,200,1,1
SQLi,login,5,9dde1642b6f6e075,1,200,1,1
SQLi,login,5,d0e55d823d28ef41,1,200,1,1
SQLi,login,5,84e50bd61a33d0d8,0,,0,
SQLi,login,5,db3eb023b0e0207c,1,200,1,1
SQLi,login,5,8d7275b7f8a9fd8c,1,200,1,1
SQLi,login,5,450e4cf6069b1ad1,0,,0,
SQLi,login,5,543d999453392508,1,200,1,1
SQLi,login,5,36f8395c655e1f5f,1,200,1,1
SQLi,login,5,fe148b639ec1bf2e,0,,0,
SQLi,login,5,9d967a75d4583414,1,200,1,1
SQLi,login,5,d6e205ec7208318c,1,200,1,1
SQLi,login,5,4920222b2b90bdff,1,200,1,1
SQLi,login,5,0507fe156d797d61,1,200,1,1
SQLi,login,5,97a33d646e99cb3e,1,200,1,1
SQLi,login,5,2780e260a96e70ac,1,200,1,1
SQLi,login,5,75d4cbb839776d58,1,200,1,1
SQLi,login,5,8c59e2459f7fbc7d,1,200,1,1
SQLi,login,5,e944df184d57e6d9,1,200,1,1
SQLi,login,5,0b0ce34a20bdfa5c,1,200,1,1
SQLi,login,5,a7add7f5e64763a4,0,,0,
SQLi,login,5,c460cbc263b00ece,0,,0,
SQLi,login,5,00788c76093b9446,1,200,1,1
SQLi,login,5,90524b38c413d3d6,1,200,1,1
SQLi,login,5,e3b0216a724a0484,1,200,1,1
SQLi,login,5,c9e052112fa1694e,1,200,1,1
SQLi,login,5,87f9d7122b5b7731,1,200,1,1
SQLi,login,5,208714e1ef1ab974,1,200,1,1
SQLi,login,5,cec09dc7e1f6561a,1,200,1,1
SQLi,login,5,13bd608676920118,1,200,1,1
SQLi,login,5,65f1dca06e4f6618,1,200,1,1
SQLi,login,5,b204ebf87702a4c9,1,200,1,1
SQLi,login,5,784e538947781dac,1,200,1,1
SQLi,login,5,b1c4ea00c0f4d6d5,1,200,1,1
SQLi,login,5,2d3f5f81a4f63c25,1,200,1,1
SQLi,login,5,80b8c67ba17fd9f3,1,200,1,1
SQLi,login,5,ece8e5187bb640c2,1,200,1,1
SQLi,login,5,0fb3948fdfab36a1,1,200,1,1
SQLi,login,5,ddca04dcdcfc59bb,1,200,1,1
SQLi,login,5,b3720f79d3ef22da,1,200,1,1
SQLi,login,5,9231ef74e747bee5,1,200,1,1
SQLi,login,5,a122748fa778e700,1,200,1,1
SQLi,login,5,f73ee7b0a10fc625,1,200,1,1
SQLi,login,5,cc3dc8c29babe2e7,1,200,1,1
SQLi,login,5,4b36f05b773f8e9c,1,200,1,1
SQLi,login,5,46e6466a76835c28,1,200,1,1
SQLi,login,5,e198638c68afef4b,1,200,1,1
SQLi,login,5,d72fb66d473835a5,1,200,1,1
SQLi,login,5,dd94663f45625522,1,200,1,1
SQLi,login,5,ad7a49a1798a09d6,1,200,1,1
SQLi,login,5,e51e773361ab05c4,1,200,1,1
SQLi,login,5,3ebce7c52bcd2451,1,200,1,1
SQLi,login,5,a18764c9ba23c27a,1,200,1,1
SQLi,login,5,a8d604840d1b5f3e,1,200,1,1
SQLi,login,5,a987d5096023ee06,1,200,1,1
SQLi,login,5,7fd9181009c2104f,1,200,1,1
SQLi,login,5,d5f80dfd2908b104,1,200,1,1
SQLi,login,5,99a50f71e34c2394,1,200,1,1
SQLi,login,5,fc360c2dd7665229,1,200,1,1
SQLi,login,5,cfaa343bc4e640bd,1,200,1,1
SQLi,login,5,3c9b9feacd30dec7,1,200,1,1
SQLi,login,5,cac0826437bd4bf6,0,,0,
SQLi,login,5,ab341114aebaaa5d,1,200,1,1
SQLi,login,5,471cd49e9a6ca390,1,200,1,1
SQLi,login,5,fad9659153169881,1,200,1,1
SQLi,login,5,3169c59f4d768d1c,1,200,1,1
SQLi,login,5,5db37940303f8c6d,1,200,1,1
SQLi,login,5,4a4631010d909d65,1,200,1,1
SQLi,login,5,01f33badb6aba3e2,1,200,1,1
SQLi,login,5,d41e66ecc5622aff,0,,0,
SQLi,login,5,6267175d754004f0,1,200,1,1
SQLi,login,5,9c71708d477d8295,1,200,1,1
SQLi,login,5,114d8861cb089a0e,1,200,1,1
SQLi,login,5,d2f744f97097ac4b,0,,0,
SQLi,login,5,7b8df6247e7f6bf1,1,200,1,1
SQLi,login,5,0b5565a68e873b66,1,200,1,1
SQLi,login,5,630671e19e65a68d,1,200,1,1
SQLi,login,5,10b726cd99267a77,1,200,1,1
SQLi,login,5,db906ddb8b5d5f6c,1,200,1,1
SQLi,login,5,be284c0fa955930b,1,200,1,1
SQLi,login,5,0e3cdfeb58e75df1,1,200,1,1
SQLi,login,5,47c9dd3f2ea037fc,0,,0,
SQLi,login,5,ba0e02cdda60cd5b,1,200,1,1
SQLi,login,5,e885d92438876fc2,1,200,1,1
SQLi,login,5,884b17cdc5e1eaa7,1,200,1,1
SQLi,login,5,4721fb969f8a21d2,1,200,1,1
SQLi,login,5,41c664653b97bcc7,1,200,1,1
SQLi,login,5,96f94bbd61f610cf,1,200,1,1
SQLi,login,5,4bf5df6083472089,1,200,1,1
SQLi,login,5,361f601c1acfb15a,1,200,1,1
SQLi,login,5,d8fad625fc6f193f,1,200,1,1
SQLi,login,5,17cd996d58d099eb,1,200,1,1
SQLi,login,5,e46872e9ce9a9c7e,1,200,1,1
SQLi,login,5,24c8edcd4f680008,0,,0,
SQLi,login,5,7ac89a5200070f46,1,200,1,1
SQLi,login,5,45bea7de0d5f06d9,1,200,1,1
SQLi,login,5,8a29e4256743ec30,1,200,1,1
SQLi,login,5,ef1fd788c7ac0708,1,200,1,1
SQLi,login,5,ea430a3335198dcc,1,200,1,1
SQLi,login,5,aef9c0232b903da5,1,200,1,1
SQLi,login,5,41b632763d4ad0bb,1,200,1,1
SQLi,login,5,5ec65fadf623ff62,1,200,1,1
SQLi,login,5,f470b8b055ae1d06,1,200,1,1
SQLi,login,5,4a5675de49024365,1,200,1,1
SQLi,login,5,dda5985d5f0c0789,1,200,1,1
SQLi,login,5,e4267bc700e955d8,1,200,1,1
SQLi,login,5,1c6d9ce0e75f2277,1,200,1,1
SQLi,login,5,a6fc39cf572b9ef8,1,200,1,1
SQLi,login,5,86a0f56650bf51dd,1,200,1,1
SQLi,login,5,62a2271593b472ac,1,200,1,1
SQLi,login,5,8aec23eb32a4381c,1,200,1,1
SQLi,login,5,7f5940f9f3f4d1cc,1,200,1,1
SQLi,login,5,627b8f749ce1cad7,1,200,1,1
SQLi,login,5,2ef69626ccc012d4,1,200,1,1
SQLi,login,5,f6729ca463aa70ae,1,200,1,1
SQLi,login,5,b3d5feafa7d80791,1,200,1,1
SQLi,login,5,4cd63a456684a623,1,200,1,1
SQLi,login,5,82e469cb145c795d,1,200,1,1
SQLi,login,5,6a54d346d12ac752,1,200,1,1
SQLi,login,5,26a06524c60dc0d4,1,200,1,1
SQLi,login,5,389d5644747d84a9,1,200,1,1
SQLi,login,5,385efa60af52fc59,1,200,1,1
SQLi,login,5,520e646fbe5db002,1,200,1,1
SQLi,login,5,c150dc11f747310d,1,200,1,1
SQLi,login,5,3b1197a52d976339,1,200,1,1
SQLi,login,5,6a41b6c57739085c,1,403,0,
SQLi,login,5,a98b42faec94e0ab,1,200,1,1
SQLi,login,5,2602872c385bb166,0,,0,
SQLi,login,5,0ed6e54176c96e03,1,200,1,1
SQLi,login,5,a914b7afbac90dd3,0,,0,
SQLi,login,5,0572251a8cd20944,1,200,1,1
SQLi,login,5,b9797638f5aa26ab,1,200,1,1
SQLi,login,5,e91b222c07b46849,1,200,1,1
SQLi,login,5,9bbba7ae36ed8283,0,,0,
SQLi,login,5,677b9dfa96d5119b,1,200,1,1
SQLi,login,5,8050d2fa4ca77d7a,1,200,1,1
SQLi,login,5,151213780e2978fd,0,,0,
SQLi,login,5,a7ec23abe796af79,1,200,1,1
SQLi,login,5,09629ca230e8ae18,1,200,1,1
SQLi,login,5,be7fd13319e596da,1,200,1,1
SQLi,login,5,9275291caf1605d4,1,200,1,1
SQLi,login,5,bd08c442ec0f7824,1,200,1,1
SQLi,login,5,581c95bc87789f32,1,200,1,1
SQLi,login,5,ee3c4cb3826bedee,0,,0,
SQLi,login,5,8037225e916906a2,0,,0,
SQLi,login,5,565db0a319540611,1,200,1,1
SQLi,login,5,99823622c52dab7d,0,,0,
SQLi,login,5,b3fc6edf766eb683,1,200,1,1
SQLi,login,5,1a0455e365b745b6,1,200,1,1
SQLi,login,5,772abf9d6ac849fb,1,200,1,1
SQLi,login,5,52a7d7c10b2836a9,0,,0,
SQLi,login,5,513fa55f46b1a65d,1,200,1,1
SQLi,login,5,54faaaac96cd1573,0,,0,
SQLi,login,5,36b768762f55be13,1,200,1,1
SQLi,login,5,2d911277fc6e1672,0,,0,
SQLi,login,5,f6758953ef5a0f50,1,200,1,1
SQLi,login,5,69cb05bf8021fef0,0,,0,
SQLi,login,5,dd5720503b86f573,1,200,1,1
SQLi,login,5,58ce74bcb44aebe2,0,,0,
SQLi,login,5,fc69f4302fd988ef,0,,0,
SQLi,login,5,e0695b929d120a9e,1,200,1,1
SQLi,login,5,f971e11c17e8190a,0,,0,
SQLi,login,5,6f8250e5b991b63b,1,200,1,1
SQLi,login,5,d035d5ac4e0a4c6f,1,200,1,1
SQLi,login,5,3b4de7ac4512bf07,0,,0,
SQLi,login,5,1aba11b33e477420,1,403,0,
SQLi,login,5,00b72389a252e57a,0,,0,
SQLi,login,5,e705532ac6da2da5,0,,0,
SQLi,login,5,4bb411921858e444,0,,0,
SQLi,login,5,2f82d6becebbff48,1,200,1,1
SQLi,login,5,a474aea02002aded,0,,0,
SQLi,login,5,0e35f96538c51903,0,,0,
SQLi,login,5,e56461913900f9a4,0,,0,
SQLi,login,5,6e5a90e129d19945,0,,0,
SQLi,login,5,fc64ffa4b6d63581,1,200,1,1
SQLi,login,5,7e931313cce738ab,1,200,1,1
SQLi,login,5,2dd65e07547c7bdf,1,200,1,1
SQLi,login,5,87e2863d0212fc0d,1,200,1,1
SQLi,login,5,69f251b428163a13,1,200,1,1
SQLi,login,5,d8e0731d538b64c6,1,200,1,1
SQLi,login,5,732290b048ef6e23,0,,0,
SQLi,login,5,06cbbd60fcb6f12a,1,200,1,1
SQLi,login,5,3f323d36060c2669,1,200,1,1
SQLi,login,5,b70262c234cea422,1,200,1,1
SQLi,login,5,dee7e6b2a33f34af,0,,0,
SQLi,login,5,8f9b012babfdb4b3,1,200,1,1
SQLi,login,5,b2b9da3ebbfe58e0,0,,0,
SQLi,login,5,6679c25c991e93b6,1,200,1,1
SQLi,login,5,62c0207cdabd2085,1,200,1,1
SQLi,login,5,1e59f04db04aab13,1,200,1,1
SQLi,login,5,ceb8e2a96169c73e,1,200,1,1
SQLi,login,5,03b4c741bee752d3,0,,0,
SQLi,login,5,953f97aaf7ae95a7,1,200,1,1
SQLi,login,5,cc0d0eafa9e437d0,1,200,1,1
SQLi,login,5,b6d1ec732410d430,1,200,1,1
SQLi,login,5,2b25a817e57575eb,1,200,1,1
SQLi,login,5,0263496c70412ad3,1,200,1,1
SQLi,login,5,204c26d762ff14d4,1,200,1,1
SQLi,login,5,5ea0942aea3fc588,1,200,1,1
SQLi,login,5,0b2eabfdacc96a92,1,200,1,1
SQLi,login,5,3b2e4e823b2e638a,1,200,1,1
SQLi,login,5,bf8b7d11651363ad,1,200,1,1
SQLi,login,5,8c957118c7305886,1,200,1,1
SQLi,login,5,122f46cdbc33ad36,1,200,1,1
SQLi,login,5,fb63d00f86a4fc05,1,200,1,1
SQLi,login,5,f6a7f51d9fc0bdb3,1,200,1,1
SQLi,login,5,1167a7be8954b44c,1,200,1,1
SQLi,login,5,0213a752d49d7cee,1,200,1,1
SQLi,login,5,6acfe9b49094d073,1,200,1,1
SQLi,login,5,913444ad158d4a7b,1,200,1,1
SQLi,login,5,855ff4d654afbe8d,1,200,1,1
SQLi,login,5,2a19156cc628d9e6,1,200,1,1
SQLi,login,5,97508ac852cade05,1,200,1,1
SQLi,login,5,4b0cb68519571cfb,1,200,1,1
SQLi,login,5,df0c27437983443f,1,200,1,1
SQLi,login,5,243bcc682d8edfba,1,200,1,1
SQLi,login,5,023384be4bb50ec8,1,200,1,1
SQLi,login,5,c5bb25866a9de37d,1,200,1,1
SQLi,login,5,932201ec46945f71,1,200,1,1
SQLi,login,5,5a1bb7db87b1f661,1,200,1,1
SQLi,login,5,39054f2391fcc4f9,1,200,1,1
SQLi,login,5,c118f10efc09c8c6,1,200,1,1
SQLi,login,5,fdc5366c5b735529,1,200,1,1
SQLi,login,5,826a7c453d14f295,1,200,1,1
SQLi,login,5,ffed58c7b51c8325,1,200,1,1
SQLi,login,5,f1026e5d4fca22cf,1,200,1,1
SQLi,product,5,26337bb66cc12313,1,200,1,1
SQLi,product,5,ee1d853e58886515,1,200,1,1
SQLi,product,5,495261e1bb88f979,1,200,1,1
SQLi,product,5,e27a666e668e1704,1,200,1,1
SQLi,product,5,b3c28ad4c307c09e,1,200,1,1
SQLi,product,5,148b63297e31c405,1,200,1,1
SQLi,product,5,89e9b04285177c0a,1,200,1,1
SQLi,product,5,844fd50f0f75ff51,1,200,1,1
SQLi,product,5,c017223942d5efe5,1,200,1,1
SQLi,product,5,9c9fc155c0ee2207,1,200,1,1
SQLi,product,5,b17d34f87499a2f0,1,200,1,1
SQLi,product,5,89b60f776d1375e7,1,200,1,1
SQLi,product,5,f130249cb80de97e,1,200,1,1
SQLi,product,5,ea8a2f7a10a53a33,1,200,1,1
SQLi,product,5,324c4ad9170d2016,1,200,1,1
SQLi,product,5,84bb71fe607a3ea4,1,200,1,1
SQLi,product,5,9df801f5d497f5b2,1,200,1,1
SQLi,product,5,0a252552b44bfed0,1,200,1,1
SQLi,product,5,848ab0b278b2667e,1,200,1,1
SQLi,product,5,acffd3812d2127eb,1,200,1,1
SQLi,product,5,5182784756e588a9,1,200,1,1
SQLi,product,5,02175ace05f220df,1,200,1,1
SQLi,product,5,d4dc71e85866eff0,1,200,1,1
SQLi,product,5,bcb4504fbdfda422,1,200,1,1
SQLi,product,5,d37521750efbc549,1,200,1,1
SQLi,product,5,564337867ee18e64,1,200,1,1
SQLi,product,5,1f6edcc4b30a88ed,1,200,1,1
SQLi,product,5,e55e3d7740aaada1,1,200,1,1
SQLi,product,5,63e57956042958f1,1,200,1,1
SQLi,product,5,4b0d3ccf523f1ef8,1,200,1,1
SQLi,product,5,d7795bc96e230c60,1,200,1,1
SQLi,product,5,ee98906a19c4e713,1,200,1,1
SQLi,product,5,113ff2f5daef5472,1,200,1,1
SQLi,product,5,a85d60c28db8d6f5,1,200,1,1
SQLi,product,5,878a72b60c589092,0,,0,
SQLi,product,5,f54c536a5932b50b,1,200,1,1
SQLi,product,5,aa38463cdf56ab3b,1,200,1,1
SQLi,product,5,203a572aa6be9754,1,200,1,1
SQLi,product,5,5bf9dcde73194fb9,1,200,1,1
SQLi,product,5,4685d6e5d573e3a7,1,200,1,1
SQLi,product,5,16dcc86ce71a5369,1,200,1,1
SQLi,product,5,af46dae229dd6529,0,,0,
SQLi,product,5,450723c3e8bcce11,0,,0,
SQLi,product,5,8a74a21fe9c50923,1,200,1,1
SQLi,product,5,bf8aab54fbcb86f0,1,200,1,1
SQLi,product,5,061aeaecd427ab30,1,200,1,1
SQLi,product,5,d12df20a86ead095,0,,0,
SQLi,product,5,89ae3876fdca7971,1,200,1,1
SQLi,product,5,36e5e5783ad199d7,1,200,1,1
SQLi,product,5,4ae60e8bec3a0395,1,200,1,1
SQLi,product,5,bdf43abdf74ea85f,1,200,1,1
SQLi,product,5,38ecb5ee5f1601b3,1,200,1,1
SQLi,product,5,c22fdce2cc82ea6e,1,200,1,1
SQLi,product,5,64de2dee4bacb9f9,1,200,1,1
SQLi,product,5,122229677bbb9f10,1,200,1,1
SQLi,product,5,5e80565d51390bd3,1,200,1,1
SQLi,product,5,e7fe0f8e9141ec33,1,200,1,1
SQLi,product,5,92cb9a0b224f2ba5,1,200,1,1
SQLi,product,5,cc292b71aa763842,1,200,1,1
SQLi,product,5,0d3b97b6de587c54,1,200,1,1
SQLi,product,5,5e496468194610c7,1,200,1,1
SQLi,product,5,d7b0ec0d2f02f320,1,200,1,1
SQLi,product,5,eba23e93d7a5bd29,1,200,1,1
SQLi,product,5,4a69aee8fcd99894,1,200,1,1
SQLi,product,5,b3aa370f1c9f48a9,0,,0,
SQLi,product,5,e902767c91d912d3,1,200,1,1
SQLi,product,5,198869b6b0752a8f,1,200,1,1
SQLi,product,5,87effec9ab462a6e,1,200,1,1
SQLi,product,5,227b6b7898abd434,1,200,1,1
SQLi,product,5,822f3ea59b4d449a,1,200,1,1
SQLi,product,5,9e65124f10afdbcd,1,200,1,1
SQLi,product,5,5fde00c109073816,1,200,1,1
SQLi,product,5,c1c60551d5220de0,1,200,1,1
SQLi,product,5,1e28bec127d0f1bd,1,200,1,1
SQLi,product,5,bdd45af8e5e8c0d9,1,200,1,1
SQLi,product,5,67f4f23240b4dcfe,1,200,1,1
SQLi,product,5,8092f7f493673ca7,1,200,1,1
SQLi,product,5,c2dd007d4459668b,1,200,1,1
SQLi,product,5,bc779c5787e4bbea,1,200,1,1
SQLi,product,5,e20b29945d147a9c,1,200,1,1
SQLi,product,5,87746eae0badb40f,1,200,1,1
SQLi,product,5,bb39d1e42b570edf,1,200,1,1
SQLi,product,5,888a0da8a807d0f7,1,200,1,1
SQLi,product,5,7561d9d9c551710b,1,200,1,1
SQLi,product,5,7a217084e1b73a84,1,200,1,1
SQLi,product,5,75b4620cf3c7aab9,1,200,1,1
SQLi,product,5,4a5c4ef5af772967,1,200,1,1
SQLi,product,5,8a48cc2a99aa639f,1,200,1,1
SQLi,product,5,3ba114b730e69ae5,1,200,1,1
SQLi,product,5,e3606fb665aaefa2,0,,0,
SQLi,product,5,2b6864140f08f7c8,0,,0,
SQLi,product,5,972a8bc1c9fc1aa4,1,200,1,1
SQLi,product,5,fd9085eac1c1f207,1,200,1,1
SQLi,product,5,1fc736eeddd1fa3e,1,200,1,1
SQLi,product,5,e159e2a272db3ca7,1,200,1,1
SQLi,product,5,0d8fdfb9c599bfd3,1,200,1,1
SQLi,product,5,9f0b0364568229ac,1,200,1,1
SQLi,product,5,eb4ffd4a2f33f365,1,200,1,1
SQLi,product,5,1f4362af8dbd5476,1,200,1,1
SQLi,product,5,e4b117dc0a49c418,1,200,1,1
SQLi,product,5,0e7fd92f14a499e5,1,200,1,1
SQLi,product,5,c3ef729fa259823c,1,200,1,1
SQLi,product,5,22440136f6716915,1,200,1,1
SQLi,product,5,cbf16d71af852152,1,200,1,1
SQLi,product,5,db8c16b6ba18cf77,1,200,1,1
SQLi,product,5,1713d30edd29e1b3,1,200,1,1
SQLi,product,5,8ceb89154ac97028,1,200,1,1
SQLi,product,5,c7747cff36c7a42a,1,200,1,1
SQLi,product,5,ba00bf108606cf0b,1,200,1,1
SQLi,product,5,884c7aec94962266,1,200,1,1
SQLi,product,5,50ee7cde5a8facd2,1,200,1,1
SQLi,product,5,b020bbd3da26e810,1,200,1,1
SQLi,product,5,fc6b3e5af42a2442,1,200,1,1
SQLi,product,5,3f4829a1f93e19c0,1,200,1,1
SQLi,product,5,f7bef027c974e4c5,1,200,1,1
SQLi,product,5,84bc7608bfce228a,0,,0,
SQLi,product,5,078d1b35ada6b1e4,1,200,1,1
SQLi,product,5,182ef0dcd41cf5ef,1,200,1,1
SQLi,product,5,0ba082c32f576686,0,,0,
SQLi,product,5,aa5a66c3c90a804a,1,200,1,1
SQLi,product,5,84e13ba2859df8f0,1,200,1,1
SQLi,product,5,75ea866029261067,0,,0,
SQLi,product,5,1139cffc0b918531,1,200,1,1
SQLi,product,5,f8c2ed2d6cdae0e3,1,200,1,1
SQLi,product,5,9b5623f0b3ab0a6d,1,200,1,1
SQLi,product,5,8a14bf9b4787bca3,0,,0,
SQLi,product,5,a5032be8cba28dcd,0,,0,
SQLi,product,5,67bcb31155043c38,1,200,1,1
SQLi,product,5,8f40455bf29c1b27,1,200,1,1
SQLi,product,5,c7684b08f24bf519,1,200,1,1
SQLi,product,5,8e429a1413b3c072,1,200,1,1
SQLi,product,5,3a907c4278c5afe8,0,,0,
SQLi,product,5,083da3d1810cf372,1,200,1,1
SQLi,product,5,9b33be4864fac388,0,,0,
SQLi,product,5,adcd24e7dac89990,1,200,1,1
SQLi,product,5,f4f4b09437db5b60,1,200,1,1
SQLi,product,5,52c421ebbd78d571,1,200,1,1
SQLi,product,5,7cc5c77f2e49d445,1,200,1,1
SQLi,product,5,12f5788a317cb10b,1,200,1,1
SQLi,product,5,5055d8eb062776f7,1,200,1,1
SQLi,product,5,348193bda99cd6b0,1,200,1,1
SQLi,product,5,c1211cf4734b8afa,1,200,1,1
SQLi,product,5,3990b04e2429a3be,1,200,1,1
SQLi,product,5,db2f393e4b31c7ea,1,200,1,1
SQLi,product,5,93c54ee5a9eed757,0,,0,
SQLi,product,5,678c2cfbf846dc6e,0,,0,
SQLi,product,5,fb3c843663a7c81a,1,200,1,1
SQLi,product,5,cb63f4e1a81cad17,0,,0,
SQLi,product,5,709e8a2ec51185bb,1,200,1,1
SQLi,product,5,ee9b474da6ce082f,1,200,1,1
SQLi,product,5,472e2dc6fec41875,1,200,1,1
SQLi,product,5,9660386b1f2deaad,1,200,1,1
SQLi,product,5,82b89ea0eebe6b65,1,200,1,1
SQLi,product,5,e5aa37f7f3ad9b72,1,200,1,1
SQLi,product,5,61c5cc57143b1236,1,200,1,1
SQLi,product,5,c1e1163a6a1318b6,1,200,1,1
SQLi,product,5,31e7a716b40bd6ee,1,200,1,1
SQLi,product,5,ab2ce7d121d7a8c8,1,200,1,1
SQLi,product,5,3e2043611c84a445,1,200,1,1
SQLi,product,5,67f1e47ce1e855e0,1,200,1,1
SQLi,product,5,cc26a6ca28c27514,1,200,1,1
SQLi,product,5,d1b5bec22770a1f1,1,200,1,1
SQLi,product,5,454b879420d90950,1,200,1,1
SQLi,product,5,63d677dca8a885d9,1,200,1,1
SQLi,product,5,3abed5be7585aca2,1,200,1,1
SQLi,product,5,275b125d49067ad4,1,200,1,1
SQLi,product,5,6e98c661658102a1,1,200,1,1
SQLi,product,5,f1d643bbb7f36bf4,1,200,1,1
SQLi,product,5,437220c0ef7a9e99,1,200,1,1
SQLi,product,5,cf1dd6effe0b29ce,1,200,1,1
SQLi,product,5,7190fa7d2d913797,1,200,1,1
SQLi,product,5,02fc3632ecf5fb5a,1,200,1,1
SQLi,product,5,49696b4e141c2c87,1,200,1,1
SQLi,product,5,b9bc68f92c2ec0dd,1,200,1,1
SQLi,product,5,4f8ed468bb7bd2a0,1,200,1,1
SQLi,product,5,dbe3921336714461,1,200,1,1
SQLi,product,5,4cff93e5a543a23e,1,200,1,1
SQLi,product,5,7e7fb8b449263cab,1,200,1,1
SQLi,product,5,7e443795cfd06ed5,1,200,1,1
SQLi,product,5,c9c82ad5c431ce17,1,200,1,1
SQLi,product,5,3a82efb5739212ad,1,200,1,1
SQLi,product,5,d8a033f1c0684fb3,1,403,0,
SQLi,product,5,dd2e883d596265a8,1,200,1,1
SQLi,product,5,522c48b2dddada3f,1,200,1,1
SQLi,product,5,aba4d930e3065b88,1,200,1,1
SQLi,product,5,9fb2afe1aa8f4844,1,200,1,1
SQLi,product,5,7f74a8af4866d6ce,1,200,1,1
SQLi,product,5,fd0d6b6a7bc75e23,1,200,1,1
SQLi,product,5,9c6ff5bbcb665e6c,1,200,1,1
SQLi,product,5,515b97e6b3eda9a3,1,200,1,1
SQLi,product,5,a0f5c7e29558f099,1,200,1,1
SQLi,product,5,3306bf472b494524,1,200,1,1
SQLi,product,5,a38ceb8f29e54416,1,200,1,1
SQLi,product,5,650ee568bf2a9e09,1,200,1,1
SQLi,product,5,8bc37309360c1f00,1,200,1,1
SQLi,product,5,6441873c10394771,1,200,1,1
SQLi,product,5,92a09026d46a8b59,1,200,1,1
SQLi,product,5,f4b9de94c9ef6f5a,1,200,1,1
SQLi,product,5,cb859db1a9fea9eb,1,200,1,1
SQLi,product,5,270789e5fddd272e,1,200,1,1
SQLi,product,5,048f137094feeaf2,1,200,1,1
SQLi,product,5,8fe416d63b07e08d,1,200,1,1
SQLi,product,5,1654723477bccf1b,1,200,1,1
SQLi,product,5,8dfdc0e3cb770862,1,200,1,1
SQLi,product,5,6d413a02698b78c1,1,200,1,1
SQLi,product,5,c52bdbc1fe5c303e,1,200,1,1
SQLi,product,5,31910ed2c62d647f,1,200,1,1
SQLi,product,5,f4f842a039efffe4,1,200,1,1
SQLi,product,5,10359de8c551b090,1,200,1,1
SQLi,product,5,d8cddff4a72d99e4,1,200,1,1
SQLi,product,5,08cd46bb9b393a07,1,200,1,1
SQLi,product,5,9839c92d714c6f10,1,200,1,1
SQLi,product,5,4f83703a28d27f09,1,200,1,1
SQLi,product,5,5b6908d7a7a4b36e,1,200,1,1
SQLi,product,5,07a75091a3f9decf,1,200,1,1
SQLi,product,5,24136406a6da8e75,1,200,1,1
SQLi,product,5,c6af2269ceed2863,1,200,1,1
SQLi,product,5,195a01fb500920fc,1,200,1,1
SQLi,product,5,fbc9b7df60c9a65f,1,200,1,1
SQLi,product,5,24d9b4966f9f7f47,1,200,1,1
SQLi,product,5,3a60dd78a6502e56,1,200,1,1
SQLi,product,5,07087fabc87a6cf1,1,200,1,1
SQLi,product,5,3941dfd1bc1c9014,1,200,1,1
SQLi,product,5,ec7d00bd38d2797e,1,200,1,1
SQLi,product,5,8a0cfb8729367f73,1,200,1,1
SQLi,product,5,6430dc7e3694edfd,1,200,1,1
SQLi,product,5,78fa4a066ebacd38,1,200,1,1
SQLi,product,5,0b00e67e261fcbe4,1,200,1,1
SQLi,product,5,cad05d2bacb686e7,1,200,1,1
SQLi,product,5,9d10d821c546e8c9,1,200,1,1
SQLi,product,5,c1f4c0d7b81c0c25,1,200,1,1
SQLi,product,5,ae3df1fb76c20f50,1,200,1,1
SQLi,product,5,21143c7e8724ddbe,1,200,1,1
SQLi,product,5,71afd8522466ab46,0,,0,
SQLi,product,5,6326f1435544b0cd,1,200,1,1
SQLi,product,5,8acedd86c9450fe8,1,200,1,1
SQLi,product,5,251dd9af17390a63,1,200,1,1
SQLi,product,5,9d2460e07d67dade,1,200,1,1
SQLi,product,5,500324d3a99584d3,1,200,1,1
SQLi,product,5,f45cf171d5947bcb,1,200,1,1
SQLi,product,5,f4d5f14bed37e0c6,1,200,1,1
SQLi,product,5,f7e1fcabd93f8e3a,1,200,1,1
SQLi,product,5,69c3263beae21678,1,200,1,1
SQLi,product,5,0ecb558e19ecedbd,1,200,1,1
SQLi,product,5,5f8234c9d2338c46,1,200,1,1
SQLi,product,5,cdfad4db833cf510,1,200,1,1
SQLi,product,5,bb3a342198235bb7,1,200,1,1
SQLi,product,5,e27c8e790834ef2e,1,200,1,1
SQLi,product,5,be4235ea452bbd83,1,200,1,1
SQLi,product,5,576311a3fef8c1f1,1,200,1,1
SQLi,product,5,ef9ae07356412f63,1,200,1,1
SQLi,product,5,94d08f7965fc94c8,1,200,1,1
SQLi,product,5,7bb540963553f60d,1,200,1,1
SQLi,product,5,571dd5dbf6932c80,1,200,1,1
SQLi,product,5,74d6ef1cb99f2919,1,200,1,1
SQLi,product,5,216dd28f17475a6c,1,200,1,1
SQLi,product,5,32f3d32e0e0c278b,1,200,1,1
SQLi,product,5,17ff10a55360c6c3,1,200,1,1
SQLi,product,5,143900324139aa12,1,200,1,1
SQLi,product,5,567d9aad9040cd56,1,200,1,1
SQLi,product,5,d4ac1becf5e4b8cc,1,200,1,1
SQLi,product,5,2921ca5796101807,1,200,1,1
SQLi,product,5,a32a1ab7bec0a9e0,1,200,1,1
SQLi,product,5,2219f3c7ef1f8755,1,200,1,1
SQLi,product,5,cdc5de87f89ca2c3,1,200,1,1
SQLi,product,5,fcd7ec93ce6b96f6,1,200,1,1
SQLi,product,5,322e9ed63a7805ed,1,200,1,1
SQLi,product,5,00b9eabfc27d0ea0,1,200,1,1
SQLi,product,5,e9f7807cce4284d1,1,200,1,1
SQLi,product,5,a1dc51675c5918d4,1,200,1,1
SQLi,product,5,482732f8b2da759d,1,200,1,1
SQLi,product,5,f402ea4470cc15aa,1,200,1,1
SQLi,product,5,7581e370b3117ab7,1,200,1,1
SQLi,product,5,63a178b2800f803f,1,200,1,1
SQLi,product,5,3f32209c87fc6082,1,200,1,1
SQLi,product,5,2f20a90f272f5729,1,200,1,1
SQLi,product,5,eacc3b3d5383928b,0,,0,
SQLi,product,5,1a3130c3a1f5da3c,1,200,1,1
SQLi,product,5,d10479399369581b,1,200,1,1
SQLi,product,5,7ca446e38fcfbea0,1,200,1,1
SQLi,product,5,14bbca0adeaa3be5,1,200,1,1
SQLi,product,5,9b446cb07ee51f3c,1,200,1,1
SQLi,product,5,b50a57781bd40372,1,200,1,1
SQLi,product,5,a8946887c1c9882a,0,,0,
SQLi,product,5,0209057a176ddd48,1,200,1,1
SQLi,product,5,1db6ad270c255779,1,200,1,1
SQLi,product,5,45fcbc03c3325c5c,1,200,1,1
SQLi,product,5,80a46fa66e619c58,1,200,1,1
SQLi,product,5,5196cbe6157b7820,1,200,1,1
SQLi,product,5,5c2521e6717222a1,1,200,1,1
SQLi,product,5,e85fd16be30a24d3,1,200,1,1
SQLi,product,5,126a1eeed9c072b4,1,200,1,1
SQLi,product,5,32e1fe3401da06dd,1,200,1,1
SQLi,product,5,b369657d53373c2b,1,200,1,1
SQLi,product,5,2502e761aae70be8,1,200,1,1
SQLi,product,5,56c6cf38c87315b4,1,200,1,1
SQLi,product,5,db37114c3af0238a,1,200,1,1
SQLi,product,5,62d237e77962099a,1,200,1,1
SQLi,product,5,88a181c2cabe20cc,1,200,1,1
SQLi,product,5,863901d009e316f2,1,200,1,1
SQLi,product,5,b0c03d7e8389bac8,1,200,1,1
SQLi,product,5,3de1c36b761c4a91,1,200,1,1
SQLi,product,5,7b29ab23dc966627,1,200,1,1
SQLi,product,5,00664669b6531f2f,1,200,1,1
SQLi,product,5,aec2e14ecb71296e,1,200,1,1
SQLi,product,5,24c8349e681d301a,1,200,1,1
SQLi,product,5,da6082a550f9c0fd,1,200,1,1
SQLi,product,5,ce24b901aed1b6c0,1,200,1,1
SQLi,product,5,f17946675413b981,1,200,1,1
SQLi,product,5,bf09ad2a4969049e,1,200,1,1
SQLi,product,5,4597c88e371ba4e4,1,200,1,1
SQLi,product,5,a22fa9041feb737e,1,200,1,1
SQLi,product,5,b62381e147a9fea4,1,200,1,1
SQLi,product,5,9a3321b0130ec482,1,200,1,1
SQLi,product,5,58ab535d87cc46ef,1,200,1,1
SQLi,product,5,ce81d29970e965c9,1,200,1,1
SQLi,product,5,cbb400413d46232e,1,200,1,1
SQLi,product,5,5ae97fb47c5e2bd3,1,200,1,1
SQLi,product,5,a8ab5317c00e993f,1,200,1,1
SQLi,product,5,eeb040d485f421c0,1,200,1,1
SQLi,product,5,0a06b33d56f69af6,1,200,1,1
SQLi,product,5,7b6ecaa53b939d91,1,200,1,1
SQLi,product,5,fd9689bbe9962e7f,1,200,1,1
SQLi,product,5,c837917ee047b967,1,200,1,1
SQLi,product,5,bd5829f0054192d8,1,200,1,1
SQLi,product,5,c3c38ff001362aac,1,200,1,1
SQLi,product,5,de590bb4d4222946,1,200,1,1
SQLi,product,5,1f2ad5edbc01ad1b,1,200,1,1
SQLi,product,5,09000c1da6097553,1,200,1,1
SQLi,product,5,74c077c739b97d4d,1,200,1,1
SQLi,product,5,be8bee866cb24249,1,200,1,1
SQLi,product,5,c4fffbb21aa912ae,1,200,1,1
SQLi,product,5,51ff744bffca1cea,1,200,1,1
SQLi,product,5,87ad8c8c9fa3d14d,1,200,1,1
SQLi,product,5,696b9b4771237a7d,1,200,1,1
SQLi,product,5,fef690e344b0af39,1,200,1,1
SQLi,product,5,1f1c4761be325c4e,1,200,1,1
SQLi,product,5,e133fac5f2d9c2bb,1,200,1,1
SQLi,product,5,f0c866008c585a7d,1,200,1,1
SQLi,product,5,1a7a2f80795525a3,1,200,1,1
SQLi,product,5,84cceb20019c0c3f,1,200,1,1
SQLi,product,5,c4fdf6135cbc8db8,1,200,1,1
SQLi,product,5,29c852d4870b8ba9,1,200,1,1
SQLi,product,5,f300daa1be6b22d3,1,200,1,1
SQLi,product,5,324be9d556a66b9a,1,200,1,1
SQLi,product,5,8751b0229f14e185,1,200,1,1
SQLi,product,5,09824eb9b5e34b99,1,200,1,1
SQLi,product,5,491751c53eddbf23,1,200,1,1
SQLi,product,5,5689af9cdc1b6e03,1,200,1,1
SQLi,product,5,5cbfa20d4b1613dd,1,200,1,1
SQLi,product,5,85256c69f7852a0f,1,200,1,1
SQLi,product,5,e6efd48329145134,1,200,1,1
SQLi,product,5,ee8944dee7a1cbd2,1,200,1,1
SQLi,product,5,5e095e7f55bbe76b,1,200,1,1
SQLi,product,5,fd7dd5c3d388f61e,1,200,1,1
SQLi,product,5,a4bed86551cb694b,1,200,1,1
SQLi,product,5,0e5fe038ff229698,1,200,1,1
SQLi,product,5,ea21139b7dcf408f,1,200,1,1
SQLi,product,5,5a717b03afa7fce5,1,200,1,1
SQLi,product,5,cf3f51aaedde4b8d,1,200,1,1
SQLi,product,5,cc7f37b7f520ff82,1,200,1,1
SQLi,product,5,2dd100bdbc3b73dd,1,200,1,1
SQLi,product,5,c0cea18442609e9c,1,200,1,1
SQLi,product,5,571d59a7f97a105e,1,200,1,1
SQLi,product,5,e8d1bb4123302b15,1,200,1,1
SQLi,product,5,c6b8d176e493e021,1,200,1,1
SQLi,product,5,87afbb76a09bf8fc,1,200,1,1
SQLi,product,5,7a3d3d395ce59d45,1,200,1,1
SQLi,product,5,55fac14cf174e934,1,200,1,1
SQLi,product,5,bd6837ef0b0435c7,1,200,1,1
SQLi,product,5,7933c657d2c4979d,1,200,1,1
SQLi,product,5,c07804a7e6f981ef,1,200,1,1
SQLi,product,5,f23b72c253015266,1,200,1,1
SQLi,product,5,a268d0ad464b1f23,1,200,1,1
SQLi,product,5,64a0abf10711dbac,1,200,1,1
SQLi,product,5,5869a7e77cd7bb7c,1,200,1,1
SQLi,product,5,c8c85eac0c954f1a,1,200,1,1
SQLi,product,5,5072faad4f47eae6,1,200,1,1
SQLi,product,5,0ddb601cd5f697ff,1,200,1,1
SQLi,product,5,b97c865f66eabce7,1,200,1,1
SQLi,product,5,28877cb7a5272a25,1,200,1,1
SQLi,product,5,aca88f198b7e182c,1,200,1,1
SQLi,product,5,07f42170f50ad26b,1,200,1,1
SQLi,product,5,70ae8cf33d55e560,0,,0,
SQLi,product,5,80d0fd1ee6a3989c,1,200,1,1
SQLi,product,5,295ecc2f8d46fc28,1,200,1,1
SQLi,product,5,c6bcc5766547b89d,1,200,1,1
SQLi,product,5,b954e0f678d50354,1,200,1,1
SQLi,product,5,a1a3071d60cc51e6,1,200,1,1
SQLi,product,5,b701cefb7b8f4fd5,1,200,1,1
SQLi,product,5,21970c2c674d8f9e,0,,0,
SQLi,product,5,1939400a0c4f1dfd,1,200,1,1
SQLi,product,5,02c86e253ee17dc5,1,200,1,1
SQLi,product,5,528f180c5780bdee,1,200,1,1
SQLi,product,5,91b34d01590c01ae,1,200,1,1
SQLi,product,5,4e0f5ed69f8cf55d,1,200,1,1
SQLi,product,5,87e4a076f5ff25e2,1,200,1,1
SQLi,product,5,5aa523945a6a2eb1,1,200,1,1
SQLi,product,5,dea45eebdc410fe2,1,200,1,1
SQLi,product,5,56073d9a29735a31,1,200,1,1
SQLi,product,5,63f5e2ac214c3587,1,200,1,1
SQLi,product,5,438406243cac1da1,1,200,1,1
SQLi,product,5,c244ad79be1c4fb8,1,200,1,1
SQLi,product,5,bf4ee2e47e416781,1,200,1,1
SQLi,product,5,83b662a183315373,1,200,1,1
SQLi,product,5,4e0c8dae2b34e6d9,1,200,1,1
SQLi,product,5,29326b1c788b1419,1,200,1,1
SQLi,product,5,619b66a6404f0d70,1,200,1,1
SQLi,product,5,fcd47a1d20170894,1,200,1,1
SQLi,product,5,2b42e95a8c304325,1,200,1,1
SQLi,product,5,f544acf8bb14b82a,1,200,1,1
SQLi,product,5,1c85c47f02bb171d,1,200,1,1
SQLi,product,5,3b7a2ac325471d7a,1,200,1,1
SQLi,product,5,90e6d174e740936e,1,200,1,1
SQLi,product,5,0f5ff1a62f151bb9,1,200,1,1
SQLi,product,5,0d0fa605cf6fc221,1,200,1,1
SQLi,product,5,4b8d15c9331ea063,1,200,1,1
SQLi,product,5,00c9615c34d8f271,1,200,1,1
SQLi,product,5,a338e84ce74c4dbf,1,200,1,1
SQLi,product,5,ae449e8cfdbbc753,1,200,1,1
SQLi,product,5,a7705c04364ffdbf,1,200,1,1
SQLi,product,5,e9b1bb7a7894a9a3,1,200,1,1
SQLi,product,5,dd17a2484d9fdd3e,1,200,1,1
SQLi,product,5,c70752f09a9b0c17,1,200,1,1
SQLi,product,5,8e00532723680dd1,1,200,1,1
SQLi,product,5,6035d7524d43ef91,1,200,1,1
SQLi,product,5,ce45264a539741e5,1,200,1,1
SQLi,product,5,8b30370e082de8e3,1,200,1,1
SQLi,product,5,7f7db102515ca8b9,1,200,1,1
SQLi,product,5,546209a344381d40,1,200,1,1
SQLi,product,5,7922c6b44ab7f486,1,200,1,1
SQLi,product,5,7cb4874da4e5ceb9,1,200,1,1
SQLi,product,5,eef8df129ad62371,1,200,1,1
SQLi,product,5,ced889e3318fc9fd,1,200,1,1
SQLi,product,5,fa554dd93faea7d2,1,200,1,1
SQLi,product,5,f473031971a59e68,1,200,1,1
SQLi,product,5,ee00f48f938bb19e,1,200,1,1
SQLi,product,5,16beb10920aaea06,1,200,1,1
SQLi,product,5,d2b9fc8c58f4ce57,1,200,1,1
SQLi,product,5,0647a4e8273bdfd9,1,200,1,1
SQLi,product,5,7dbdd7ea082983da,1,200,1,1
SQLi,product,5,99c763420e140d73,1,200,1,1
SQLi,product,5,b63cd9054e61334e,1,200,1,1
SQLi,product,5,018559de3e07de94,1,200,1,1
SQLi,product,5,07b3fc6269b2bf80,1,200,1,1
SQLi,product,5,07dddc19b45c2fc4,1,200,1,1
SQLi,product,5,fa337d40a422cb3d,1,200,1,1
SQLi,product,5,a35b2464d2f7fcc9,1,200,1,1
SQLi,product,5,93308d8920e8b4a9,1,200,1,1
SQLi,product,5,144d7c5801476aa6,1,200,1,1
SQLi,product,5,3af3329f693eda20,1,200,1,1
SQLi,product,5,805ec60fa4b617a7,1,200,1,1
SQLi,product,5,28ff216fd8fa9e80,1,200,1,1
SQLi,product,5,14bed8167d64b522,1,200,1,1
SQLi,product,5,9f1d4b598c434942,1,200,1,1
SQLi,product,5,6426beb91e798bc6,1,200,1,1
SQLi,product,5,c16cb9142d8e8951,1,200,1,1
SQLi,product,5,f14ed6d2d5db3ad4,1,200,1,1
SQLi,product,5,c5e6917c941154bb,1,200,1,1
SQLi,product,5,2b96d94123e5e911,1,200,1,1
SQLi,product,5,85faba011d328f0a,1,200,1,1
SQLi,product,5,ce7aa0e1a909d6fe,1,200,1,1
SQLi,product,5,94b09695db26a912,1,200,1,1
SQLi,product,5,cd30887203445010,1,200,1,1
SQLi,product,5,c72bfa86d376ecd8,1,200,1,1
SQLi,product,5,0514ce3b2b2f1acc,1,200,1,1
SQLi,product,5,d18ef8b42db4aad6,1,200,1,1
SQLi,product,5,11a5391a1c2f527b,1,200,1,1
SQLi,product,5,2569cb5001ef66c2,1,200,1,1
SQLi,product,5,8b60cc986fc21a8d,1,200,1,1
SQLi,product,5,8afdc0bf71c7056b,1,200,1,1
SQLi,product,5,14d3a12908f12ce6,0,,0,
SQLi,product,5,4fed8b30df455d8d,1,200,1,1
SQLi,product,5,1527107348d76ca0,1,200,1,1
SQLi,product,5,5a959085eab3fb72,1,200,1,1
SQLi,product,5,851c8fb977c0c060,1,200,1,1
SQLi,product,5,d77403ea39a05244,1,200,1,1
SQLi,product,5,81fd9cd2ef7b6df5,1,200,1,1
SQLi,product,5,6923ae03ead325b6,1,200,1,1
SQLi,product,5,9ef2a1c36759546f,1,200,1,1
SQLi,product,5,2ad285bb60c13cd8,1,200,1,1
SQLi,product,5,06be9ccec2544b55,1,200,1,1
SQLi,product,5,ba57f051edd2beed,1,200,1,1
SQLi,product,5,695985a5baebc386,1,200,1,1
SQLi,product,5,5d4cbf444a68b359,1,200,1,1
SQLi,product,5,38cba272ff0d4c61,1,200,1,1
SQLi,product,5,6025cb1866d64345,1,200,1,1
SQLi,product,5,ce914dddd60c5504,1,200,1,1
SQLi,product,5,aafaaa50f11d73e7,1,200,1,1
SQLi,product,5,3ab84f3b289468bf,1,200,1,1
SQLi,product,5,e5b10793155c2eec,1,200,1,1
SQLi,product,5,26c04449e36c9295,1,200,1,1
SQLi,product,5,000b1a603453b469,1,200,1,1
SQLi,product,5,ad3c54cb6887648b,1,200,1,1
SQLi,product,5,e8edd1977017c523,1,200,1,1
SQLi,product,5,a0afd003fc5ff648,0,,0,
SQLi,product,5,407fcc798810c7d8,1,200,1,1
SQLi,product,5,f54dff4ddbb660f0,1,200,1,1
SQLi,product,5,3af658f9ceb23c92,1,200,1,1
SQLi,search,5,f63586a805cc1c91,1,200,1,1
SQLi,search,5,3b5a151906e4c4d0,1,200,1,1
SQLi,search,5,ee0a7b7f473c66e0,1,200,1,1
SQLi,search,5,3c95396e0966aa3c,1,200,1,1
SQLi,search,5,93a3dbcd16ff6339,1,200,1,1
SQLi,search,5,bcafb173a905bd63,1,200,1,1
SQLi,search,5,a524d1ee5cd0c7da,1,200,1,1
SQLi,search,5,67ea541c46abdaf9,1,200,1,1
SQLi,search,5,7e4116abca03247b,1,200,1,1
SQLi,search,5,e778dd4b20be6fa7,1,200,1,1
SQLi,search,5,2f20e4aa57149acd,1,200,1,1
SQLi,search,5,3f378443ab8b7109,1,200,1,1
SQLi,search,5,084bb4af2d7103a8,1,200,1,1
SQLi,search,5,8a62343aeede641d,1,200,1,1
SQLi,search,5,1b2606e59740f660,1,200,1,1
SQLi,search,5,b7c80c70644d2797,1,200,1,1
SQLi,search,5,952000de50dbce34,1,200,1,1
SQLi,search,5,50f633873bc8d58b,1,200,1,1
SQLi,search,5,1238d9867525d86c,1,200,1,1
SQLi,search,5,6e676d29ea5bf15f,1,200,1,1
SQLi,search,5,58661a7689264286,1,200,1,1
SQLi,search,5,87bdb277246a277d,1,200,1,1
SQLi,search,5,4d67830ca89d7d56,1,200,1,1
SQLi,search,5,0831f039f07b6786,1,200,1,1
SQLi,search,5,6e4caa3c7f9e395f,1,200,1,1
SQLi,search,5,9b2310f3b64f4235,1,200,1,1
SQLi,search,5,af3287f69fa4be63,1,200,1,1
SQLi,search,5,7156dd0cd2ef3bec,1,200,1,1
SQLi,search,5,5509bf29325b6b41,1,200,1,1
SQLi,search,5,9c8884a43e273491,1,200,1,1
SQLi,search,5,495a986292e5b7eb,1,200,1,1
SQLi,search,5,24f2fe3fb01b9f56,1,200,1,1
SQLi,search,5,84d6d424cbcfa85a,1,200,1,1
SQLi,search,5,19ccd52b35da989f,1,200,1,1
SQLi,search,5,ae933bcfa1b1e4ea,0,,0,
SQLi,search,5,2e4274c58e059d42,1,200,1,1
SQLi,search,5,b0553566567bb81b,1,200,1,1
SQLi,search,5,8e3a2a74ef183610,1,200,1,1
SQLi,search,5,9960b46824438706,1,200,1,1
SQLi,search,5,a504f8ccfc1649ab,1,200,1,1
SQLi,search,5,f20db7895e7febc5,1,200,1,1
SQLi,search,5,41f57f56cfd7cbe7,1,403,0,
SQLi,search,5,fc0c42e03e2119df,0,,0,
SQLi,search,5,6cd26f598c9f32fa,1,200,1,1
SQLi,search,5,c1699fd8c983a425,1,200,1,1
SQLi,search,5,a214aae614dd64d7,0,,0,
SQLi,search,5,88c562581f41e828,1,200,1,1
SQLi,search,5,a6f59d6ff3c36d3e,1,403,0,
SQLi,search,5,e8f78b0e018e66f2,1,200,1,1
SQLi,search,5,2b2599703a0cb361,1,200,1,1
SQLi,search,5,f353248bb1d60674,1,200,1,1
SQLi,search,5,ebf63dc336649c12,1,200,1,1
SQLi,search,5,e1bf09bb66b28bf8,1,200,1,1
SQLi,search,5,e7d6b5e9837617d4,1,200,1,1
SQLi,search,5,c5c0916c5b23eae8,1,200,1,1
SQLi,search,5,b63bd279eea4cd2e,1,200,1,1
SQLi,search,5,291033bddac50977,1,200,1,1
SQLi,search,5,f0507209329ad43a,1,200,1,1
SQLi,search,5,a3315df9f91e4813,1,200,1,1
SQLi,search,5,b9893155d1cfe31e,1,200,1,1
SQLi,search,5,c8674e302026a9a9,1,200,1,1
SQLi,search,5,d5bd0920c50fa53b,1,200,1,1
SQLi,search,5,36720179351d74f2,1,200,1,1
SQLi,search,5,a87da2c9e786d0e6,1,200,1,1
SQLi,search,5,023ff7ec1667da1b,1,200,1,1
SQLi,search,5,f35680d850ef424d,1,200,1,1
SQLi,search,5,42b08f3390718372,1,200,1,1
SQLi,search,5,a465e1f694a6fbac,1,200,1,1
SQLi,search,5,7c0c05c837208b46,1,200,1,1
SQLi,search,5,e1616f4d033b471f,1,200,1,1
SQLi,search,5,bb9d4472656737c4,1,200,1,1
SQLi,search,5,b3b9693b4d2ca3a3,1,200,1,1
SQLi,search,5,ec8bba459d29701a,1,200,1,1
SQLi,search,5,3fb9a58b2705071a,1,200,1,1
SQLi,search,5,07a5c52c2dd594f7,1,200,1,1
SQLi,search,5,220645878ffa9e04,1,200,1,1
SQLi,search,5,9dd2bcb252520dc3,1,200,1,1
SQLi,search,5,aaf45811bc94197b,1,200,1,1
SQLi,search,5,ee99ea57d05f64e3,1,200,1,1
SQLi,search,5,b03e96a4648d25ba,1,200,1,1
SQLi,search,5,dc1f6abb3facc678,1,200,1,1
SQLi,search,5,306cfe762bdd42e9,1,200,1,1
SQLi,search,5,20d67ffef8eb035c,1,200,1,1
SQLi,search,5,84b385de2f0054f9,1,200,1,1
SQLi,search,5,0ac02cd60ee3cc48,1,200,1,1
SQLi,search,5,07fc83dcd320902a,1,200,1,1
SQLi,search,5,eced66e223aa14a5,1,200,1,1
SQLi,search,5,333e04d9687a0126,1,200,1,1
SQLi,search,5,52822982ea3d6f73,0,,0,
SQLi,search,5,12f2040e1023a9f7,1,200,1,1
SQLi,search,5,b4c181b38a18d0a3,1,200,1,1
SQLi,search,5,1a4ed9f6e7a2dcfd,1,200,1,1
SQLi,search,5,28f4175e2d643993,1,200,1,1
SQLi,search,5,9c71373e52bc1363,1,200,1,1
SQLi,search,5,2b9081950b8f0b51,1,200,1,1
SQLi,search,5,3f8f96c1f2ec164a,1,200,1,1
SQLi,search,5,5be5e5f8f031694b,1,200,1,1
SQLi,search,5,403b6fc5f17b4bde,1,200,1,1
SQLi,search,5,ca747d45b07e9a4e,1,200,1,1
SQLi,search,5,e1fa55e095503ee9,1,200,1,1
SQLi,search,5,376f9e2d80d8e55b,1,200,1,1
SQLi,search,5,bf99e66d264c3f5b,1,200,1,1
SQLi,search,5,f880b883ac8daf1e,1,200,1,1
SQLi,search,5,a248b428b29f9810,1,200,1,1
SQLi,search,5,0440a50c11120439,1,200,1,1
SQLi,search,5,921b29a4fe444e55,1,200,1,1
SQLi,search,5,6b692b5d8455b0df,1,200,1,1
SQLi,search,5,67baaa6db000d94d,1,200,1,1
SQLi,search,5,1c7e18c056c119da,1,200,1,1
SQLi,search,5,4a96c2b9bc5def1d,1,200,1,1
SQLi,search,5,77f8f696e06a6da0,1,200,1,1
SQLi,search,5,e480400396fb365d,1,200,1,1
SQLi,search,5,b2c37145a60fffdc,1,200,1,1
SQLi,search,5,f186407719429b56,1,200,1,1
SQLi,search,5,37b5867f6c26bbe8,1,200,1,1
SQLi,search,5,33075e02534d536c,1,200,1,1
SQLi,search,5,9b0c67841354c6c4,1,200,1,1
SQLi,search,5,9223b4c1fe51ad83,1,200,1,1
SQLi,search,5,a6de02a14fa6aeb5,1,200,1,1
SQLi,search,5,6f41a6c529285fc6,1,200,1,1
SQLi,search,5,1a2fcdb39a41b006,1,200,1,1
SQLi,search,5,ec4b2260a3773a0f,1,200,1,1
SQLi,search,5,bafc25105c6f578e,1,200,1,1
SQLi,search,5,ef74738a019adb51,1,200,1,1
SQLi,search,5,348f01e740e44b53,1,200,1,1
SQLi,search,5,7956812105cbc2ff,1,200,1,1
SQLi,search,5,9ade6a761a2a0bd0,1,200,1,1
SQLi,search,5,43d7fdcf000e94b6,1,200,1,1
SQLi,search,5,1d910cd5cf02d287,1,200,1,1
SQLi,search,5,b5d929070697c6bc,1,200,1,1
SQLi,search,5,f2822fd0bed8c951,1,200,1,1
SQLi,search,5,554a5303649b14a1,1,200,1,1
SQLi,search,5,77b3dbdb20173158,1,200,1,1
SQLi,search,5,f798cc2389d2f72e,1,200,1,1
SQLi,search,5,386cdbac032841e2,1,200,1,1
SQLi,search,5,423929045502146c,1,200,1,1
SQLi,search,5,d8e8fdfbe838ff80,1,200,1,1
SQLi,search,5,c43b41660fab0401,0,,0,
SQLi,search,5,2d4b3c35da970361,0,,0,
SQLi,search,5,7083ebf37a04e949,1,200,1,1
SQLi,search,5,d9738b35b040ff44,1,200,1,1
SQLi,search,5,b5618ac5ef16bab4,0,,0,
SQLi,search,5,c97a5311e575abf7,1,200,1,1
SQLi,search,5,549509fd94e12c56,1,200,1,1
SQLi,search,5,b6f6b0f6c4d7bbc0,1,200,1,1
SQLi,search,5,202036743db6d003,1,200,1,1
SQLi,search,5,cf611a4b25297c3e,1,200,1,1
SQLi,search,5,b2ad7017570fe2eb,1,200,1,1
SQLi,search,5,802dcfa2224fbc46,1,200,1,1
SQLi,search,5,449aae71f357c498,1,200,1,1
SQLi,search,5,8c75310adddf1520,1,200,1,1
SQLi,search,5,2507514dd018a885,1,200,1,1
SQLi,search,5,1e1cca8a994576b9,1,200,1,1
SQLi,search,5,11c68c870c0b766f,1,200,1,1
SQLi,search,5,1eb7f23d0083ba58,1,200,1,1
SQLi,search,5,83bc073fabb2d89a,1,200,1,1
SQLi,search,5,e4e7e73841a4af82,1,200,1,1
SQLi,search,5,a9bb122921b6486c,1,200,1,1
SQLi,search,5,c53eecbed8e87ad4,1,200,1,1
SQLi,search,5,71194fcde9987091,1,200,1,1
SQLi,search,5,3642c2d806ad0f9c,1,200,1,1
SQLi,search,5,8312e3eb525cd333,1,200,1,1
SQLi,search,5,4589909fd3fcfe82,1,200,1,1
SQLi,search,5,43d8b2f1a057f116,1,200,1,1
SQLi,search,5,9565427994a6b95e,1,200,1,1
SQLi,search,5,b2bfd74399269a9b,1,200,1,1
SQLi,search,5,88c2e21f9d51452e,1,200,1,1
SQLi,search,5,2a18ea38bde8bb77,1,200,1,1
SQLi,search,5,e21924633526199e,1,200,1,1
SQLi,search,5,ebb86d83f2e9b156,1,200,1,1
SQLi,search,5,33f9edeb438be7e5,1,200,1,1
SQLi,search,5,487d83eb9d14cb06,1,200,1,1
SQLi,search,5,50151f0bc59d51ce,1,200,1,1
SQLi,search,5,5edead66ce2ee233,1,200,1,1
SQLi,search,5,8f1221548d4c1c81,1,200,1,1
SQLi,search,5,f36e347879c32528,1,200,1,1
SQLi,search,5,6a15b6ad0f1daeca,1,200,1,1
SQLi,search,5,2785d9ff279aaefb,1,200,1,1
SQLi,search,5,206de775205ace5e,1,200,1,1
SQLi,search,5,2a2cf382fa289a67,1,200,1,1
SQLi,search,5,178e44e6090bbefa,0,,0,
SQLi,search,5,c287a0ef10c43774,1,200,1,1
SQLi,search,5,fe018bae9fa8f51a,1,200,1,1
SQLi,search,5,3618eb6506f8b6d1,1,200,1,1
SQLi,search,5,8e7b775d540e8735,1,200,1,1
SQLi,search,5,e256be6b399091fe,1,200,1,1
SQLi,search,5,9bc13f9ae247a46a,1,200,1,1
SQLi,search,5,2e44da6cbbbe65ec,1,200,1,1
SQLi,search,5,0f3ae2fbe09b448e,1,200,1,1
SQLi,search,5,98464398f98b8d50,1,200,1,1
SQLi,search,5,9599ad4f2dedad37,1,200,1,1
SQLi,search,5,8100dffe39f8c687,1,200,1,1
SQLi,search,5,a3ff6bd257a0e5ba,1,200,1,1
SQLi,search,5,73d3e1188894c45e,1,200,1,1
SQLi,search,5,e051bcd1610e1019,0,,0,
SQLi,search,5,bc97575b4d1f8085,1,200,1,1
SQLi,search,5,db4da51729c39ea7,1,200,1,1
SQLi,search,5,0f81ec56f695006d,1,200,1,1
SQLi,search,5,58c25e22a1fc49e4,1,200,1,1
SQLi,search,5,2f4ddb8d2e7eaf17,1,200,1,1
SQLi,search,5,b4ce30fd070464be,1,200,1,1
SQLi,search,5,f670f3fde1e54eae,1,200,1,1
SQLi,search,5,24714ad1f12898e0,1,200,1,1
SQLi,search,5,14ec70332ff1d0dd,1,200,1,1
SQLi,search,5,d6d5045db1905f02,1,200,1,1
SQLi,search,5,d510cec44bf3b319,1,200,1,1
SQLi,search,5,b86d94bc243f6ada,1,200,1,1
SQLi,search,5,dcb823adc7392e43,1,200,1,1
SQLi,search,5,77de1d0241d6668d,1,200,1,1
SQLi,search,5,45e4e95c3f1a4954,1,200,1,1
SQLi,search,5,7fa3a852c9cbf121,1,200,1,1
SQLi,search,5,9d5eb5728a013990,1,200,1,1
SQLi,search,5,068d27b724aa7cbd,1,200,1,1
SQLi,search,5,6f488821f8575494,1,200,1,1
SQLi,search,5,95b2dd5e61b75f6b,1,200,1,1
SQLi,search,5,13117f26a35c1a18,1,200,1,1
SQLi,search,5,7d52d0ef80620e6b,1,200,1,1
SQLi,search,5,29a1079338b43250,1,200,1,1
SQLi,search,5,003f01ad2468b430,1,200,1,1
SQLi,search,5,74557107741ab63f,1,200,1,1
SQLi,search,5,22e716567c5f298b,1,200,1,1
SQLi,search,5,8ca8e10115441bcf,1,200,1,1
SQLi,search,5,492a143734c1de5f,1,200,1,1
SQLi,search,5,79f55303bbd4f0da,1,200,1,1
SQLi,search,5,07ca71b5ce9cd9cc,1,200,1,1
SQLi,search,5,259113f10a7c5210,1,200,1,1
SQLi,search,5,8ba22321f1b489a8,1,200,1,1
SQLi,search,5,0d5e94aa675fac89,1,200,1,1
SQLi,search,5,50ceb624984d09cd,1,200,1,1
SQLi,search,5,855a877c06025446,1,200,1,1
SQLi,search,5,1978e1258bd71167,1,200,1,1
SQLi,search,5,f24128e997cd48c3,1,200,1,1
SQLi,search,5,69a144d78bf443a0,1,200,1,1
SQLi,search,5,1d36e5aa1d94aa43,1,200,1,1
SQLi,search,5,fb54124ff0b8942f,1,200,1,1
SQLi,search,5,26559954c2a2f755,1,200,1,1
SQLi,search,5,ac6a1f169ccbee15,1,200,1,1
SQLi,search,5,8b2185e53ba50648,1,200,1,1
SQLi,search,5,4aba8ced1b3ac126,1,403,0,
SQLi,search,5,66578dca978fe99f,1,200,1,1
SQLi,search,5,af8053333d064314,1,200,1,1
SQLi,search,5,caa085bfc9a3ca53,1,200,1,1
SQLi,search,5,2e4035277b9eaff8,1,200,1,1
SQLi,search,5,540a62f144277f2e,1,200,1,1
SQLi,search,5,4c584d8dbf946a2e,1,200,1,1
SQLi,search,5,a5f912c6d10d6ec9,1,200,1,1
SQLi,search,5,99b5f6af1d8177b4,1,200,1,1
SQLi,search,5,052178011789acdc,1,200,1,1
SQLi,search,5,ff80b82771e306ef,1,200,1,1
SQLi,search,5,b89cf93e5c85cf0b,0,,0,
SQLi,search,5,9493c9667ecc472e,0,,0,
SQLi,search,5,4726a4b0c537b792,1,200,1,1
SQLi,search,5,b3c4267394e1f4dd,1,200,1,1
SQLi,search,5,f69ebf02e2975bc4,1,200,1,1
SQLi,search,5,7e1c3f66b464146e,1,200,1,1
SQLi,search,5,14f63b5b4e56c4f1,1,200,1,1
SQLi,search,5,3f0a5f6f0704a838,1,200,1,1
SQLi,search,5,ad8ee16d39ed82a6,1,200,1,1
SQLi,search,5,23632113bb732229,1,200,1,1
SQLi,search,5,7c93f9c38c78ca3e,1,200,1,1
SQLi,search,5,22535440b66bb176,1,200,1,1
SQLi,search,5,c1f9a96937ecba69,1,200,1,1
SQLi,search,5,89d7efc05c8c1cad,1,200,1,1
SQLi,search,5,6fd737eb09010914,1,200,1,1
SQLi,search,5,9c615ad67e5e1df6,1,200,1,1
SQLi,search,5,ab51e138545c4c83,1,200,1,1
SQLi,search,5,480bb2e8444f94e8,1,200,1,1
SQLi,search,5,14d03c0491f2e0e0,1,200,1,1
SQLi,search,5,2757f535e1e28891,1,200,1,1
SQLi,search,5,29140d5282dfd8fd,1,200,1,1
SQLi,search,5,8cdf7031e612d660,1,200,1,1
SQLi,search,5,7e43e79d0a520004,1,200,1,1
SQLi,search,5,a0d6066a1a3ced8a,1,200,1,1
SQLi,search,5,1a0af7e07f39d3c7,1,200,1,1
SQLi,search,5,1d774328056fe987,1,200,1,1
SQLi,search,5,dfbc0ce041dabee6,1,200,1,1
SQLi,search,5,fe86144c41a724c9,1,200,1,1
SQLi,search,5,5ef6217afd58bc75,1,200,1,1
SQLi,search,5,72bdc38924193df8,1,200,1,1
SQLi,search,5,f2cbf71ae3ed5117,1,200,1,1
SQLi,search,5,9edfd8d816a07fe0,1,200,1,1
SQLi,search,5,f3519e9dd018d095,1,200,1,1
SQLi,search,5,2cc0de7a59d585a1,1,200,1,1
SQLi,search,5,5636a92034bca070,1,200,1,1
SQLi,search,5,422a2d3a773fe3ca,1,200,1,1
SQLi,search,5,e57a2634f5971652,1,200,1,1
SQLi,search,5,35ea18d15ff56755,1,200,1,1
SQLi,search,5,23901a4eda1726b0,1,200,1,1
SQLi,search,5,98819c71b3de57c0,1,200,1,1
SQLi,search,5,d468bb7b5a3e817c,1,200,1,1
SQLi,search,5,1bcc10e335edcb51,1,200,1,1
SQLi,search,5,62bb91043f1b5b07,1,200,1,1
SQLi,search,5,3559f9ee6f8db462,1,200,1,1
SQLi,search,5,bb535d1716669269,1,200,1,1
SQLi,search,5,9a128e11de73a714,0,,0,
SQLi,search,5,dd172ec72882ed12,0,,0,
SQLi,search,5,cc14ecec054f8482,1,200,1,1
SQLi,search,5,dc32ae5a2c965036,1,200,1,1
SQLi,search,5,58567fdeeea3236a,1,200,1,1
SQLi,search,5,a2d5677bc11e5f01,1,200,1,1
SQLi,search,5,fb353e575a5cb6ff,1,200,1,1
SQLi,search,5,ccfe1b25a8a4c3ce,1,200,1,1
SQLi,search,5,bcb1c4d8a0a31d1f,1,200,1,1
SQLi,search,5,6cda2854d05a8760,1,200,1,1
SQLi,search,5,42c8389ac25550fb,1,200,1,1
SQLi,search,5,e1ce6c995bba9599,1,200,1,1
SQLi,search,5,507efe8e9877cff9,1,200,1,1
SQLi,search,5,e66090978e6880e8,1,200,1,1
SQLi,search,5,a098f5b3745ff22f,1,200,1,1
SQLi,search,5,9ccc2996885fe920,1,200,1,1
SQLi,search,5,318aa6928f497369,1,200,1,1
SQLi,search,5,f9b12c22f3a44f6d,1,200,1,1
SQLi,search,5,070d2b35a610380c,1,200,1,1
SQLi,search,5,8d52e229ba8f396c,1,200,1,1
SQLi,search,5,2d9cf1cdc6f2dd1a,1,200,1,1
SQLi,search,5,ead735daa800b6bd,1,200,1,1
SQLi,search,5,a0631c08bdc5636a,1,200,1,1
SQLi,search,5,6d50b6afa66d9b5a,1,200,1,1
SQLi,search,5,9209c45b569160d4,1,200,1,1
SQLi,search,5,86c912814eda5176,1,200,1,1
SQLi,search,5,e9ffb3d8a842ff84,1,200,1,1
SQLi,search,5,f0f9b8f775cc473e,1,200,1,1
SQLi,search,5,1413aa764325e769,1,200,1,1
SQLi,search,5,e868052290b9c3e8,1,200,1,1
SQLi,search,5,a812c0d39a94b231,1,200,1,1
SQLi,search,5,3a2f6bc4e2594d5d,1,200,1,1
SQLi,search,5,a51a182db346997c,1,200,1,1
SQLi,search,5,d7c31f66d9a18b98,1,200,1,1
SQLi,search,5,128c75d46c1af034,1,200,1,1
SQLi,search,5,e2be6b8ffb654b1f,1,200,1,1
SQLi,search,5,04b27ddf846a5b24,1,200,1,1
SQLi,search,5,02549a921fa2851c,1,200,1,1
SQLi,search,5,557cde6aab591586,1,200,1,1
SQLi,search,5,87e8ef33382a56c1,1,200,1,1
SQLi,search,5,7a686e3f69ec3e18,1,200,1,1
SQLi,search,5,b35e45bb07c8b9f1,1,200,1,1
SQLi,search,5,0a736c1507912704,1,200,1,1
SQLi,search,5,6b298716b3627cd6,1,200,1,1
SQLi,search,5,7f6c2d949932b064,1,200,1,1
SQLi,search,5,dbf56110985432df,1,200,1,1
SQLi,search,5,cb6e6d45508140ba,1,200,1,1
SQLi,search,5,f4d305257226b074,1,200,1,1
SQLi,search,5,728124d391077a2a,1,200,1,1
SQLi,search,5,f6fe3f44968bdfd2,1,200,1,1
SQLi,search,5,ef0ef74b633fc53b,1,200,1,1
SQLi,search,5,df5e602176d34665,0,,0,
SQLi,search,5,b28957ba28798a28,1,200,1,1
SQLi,search,5,9168068951073351,1,200,1,1
SQLi,search,5,106d8c6544411252,1,200,1,1
SQLi,search,5,874bb46d0c5727ef,1,200,1,1
SQLi,search,5,a4df37b4fb403ecb,1,200,1,1
SQLi,search,5,4afa254fa312a0b1,1,200,1,1
SQLi,search,5,9e0b0aff74bb20dd,1,200,1,1
SQLi,search,5,5891a78409b2d419,1,200,1,1
SQLi,search,5,1d767d9f60a968b5,1,200,1,1
SQLi,search,5,a843714e1a73369c,1,200,1,1
SQLi,search,5,e1589f3557298f4c,1,200,1,1
SQLi,search,5,041fe61c49221cbc,1,200,1,1
SQLi,search,5,48755a5e2444da56,1,200,1,1
SQLi,search,5,0bce62d96b62a18a,1,200,1,1
SQLi,search,5,bb6402255cb3f330,1,200,1,1
SQLi,search,5,b1447f332ecd4129,1,200,1,1
SQLi,search,5,d263479823ad544f,1,200,1,1
SQLi,search,5,ee77301f26fe4059,1,200,1,1
SQLi,search,5,69e15c7a674780f7,1,200,1,1
SQLi,search,5,10e77cbc8c610f49,1,200,1,1
SQLi,search,5,a4ed9c9d577c0317,1,200,1,1
SQLi,search,5,71efc6ec7e86ad59,1,200,1,1
SQLi,search,5,e689cb66d8b8b406,1,200,1,1
SQLi,search,5,b79cef6475de0e59,1,200,1,1
SQLi,search,5,bb5dd08e09e02dce,1,200,1,1
SQLi,search,5,90d4ca14ebb79e44,1,200,1,1
SQLi,search,5,b99993cb49c28ff6,1,200,1,1
SQLi,search,5,b6ad6526e1940b25,1,200,1,1
SQLi,search,5,28a27366cd6ae551,1,200,1,1
SQLi,search,5,844f295e80355ed1,1,200,1,1
SQLi,search,5,eb889e1dd203f5f3,1,200,1,1
SQLi,search,5,162c7286334b3e16,1,200,1,1
SQLi,search,5,85966340e2217f69,1,200,1,1
SQLi,search,5,93ab94722e6ebb68,1,200,1,1
SQLi,search,5,3f0243e9203319f8,1,200,1,1
SQLi,search,5,a5eab71a1a18b9ec,1,200,1,1
SQLi,search,5,89a9d99cb1c5c7f8,1,200,1,1
SQLi,search,5,649b925fa5dfb234,1,200,1,1
SQLi,search,5,8c222b2a062d5909,1,200,1,1
SQLi,search,5,4dc7152e3b7a3736,1,200,1,1
SQLi,search,5,c7118578fe015280,1,200,1,1
SQLi,search,5,87582ad8b5bb0fc8,1,200,1,1
SQLi,search,5,5e7903a442390653,0,,0,
SQLi,search,5,a853dfb964a4f7b5,1,200,1,1
SQLi,search,5,a92666f0cc5cea84,1,200,1,1
SQLi,search,5,3153817ef9840370,1,200,1,1
SQLi,search,5,04eae2ba9cfc56d9,1,200,1,1
SQLi,search,5,863cdc32eb550d04,1,200,1,1
SQLi,search,5,32edc70f49b18eaf,1,200,1,1
SQLi,search,5,26fedd183046002d,1,200,1,1
SQLi,search,5,6f9d35f23d5035a9,1,200,1,1
SQLi,search,5,3be5fe1f5d626fa0,1,200,1,1
SQLi,search,5,971d7f6fb949f9d2,1,200,1,1
SQLi,search,5,4500f67420526674,1,200,1,1
SQLi,search,5,f099b752df00ae41,1,200,1,1
SQLi,search,5,9bcdba90d9fe15bb,1,200,1,1
SQLi,search,5,eea59899c3d6f54a,1,200,1,1
SQLi,search,5,e3073b8d8615ff8c,1,200,1,1
SQLi,search,5,f755295c1a1848d7,1,200,1,1
SQLi,search,5,203ff6849424c2db,1,200,1,1
SQLi,search,5,1f6d2c0fed4378f2,1,200,1,1
SQLi,search,5,a94449cc45fe51c4,1,200,1,1
SQLi,search,5,70a2cb93284c5de6,1,200,1,1
SQLi,search,5,561b7163a2e78a15,1,200,1,1
SQLi,search,5,2d5fa68e9cf1a055,1,200,1,1
SQLi,search,5,7eb8ff532ea40c59,1,200,1,1
SQLi,search,5,028aebe6a30f0140,1,200,1,1
SQLi,search,5,057414670988227b,1,200,1,1
SQLi,search,5,b44970e264ac7833,1,200,1,1
SQLi,search,5,1ab59af30875139f,1,200,1,1
SQLi,search,5,a1a08b6f809a66b6,1,200,1,1
SQLi,search,5,d122180ffa4f3a08,1,200,1,1
SQLi,search,5,890cebb3b2af8a1e,1,200,1,1
SQLi,search,5,06d1ef53a1732e69,1,200,1,1
SQLi,search,5,e209387e6e6503ce,1,200,1,1
SQLi,search,5,37122f5b02339483,1,200,1,1
SQLi,search,5,59c2eed2e2cfdd30,1,200,1,1
SQLi,search,5,0109ebad220f14cc,1,200,1,1
SQLi,search,5,e710cbbe47529f5d,1,200,1,1
SQLi,search,5,99d850b148af5574,1,200,1,1
SQLi,search,5,51c5b2161961b129,1,200,1,1
SQLi,search,5,dee1663ae8259948,1,200,1,1
SQLi,search,5,6c5cb15a549bb6b2,1,200,1,1
SQLi,search,5,ba95c446a09902f3,1,200,1,1
SQLi,search,5,3db4278443b9951e,1,200,1,1
SQLi,search,5,e9f22fa44f84e083,1,200,1,1
SQLi,search,5,b1655fa754c5c5de,1,200,1,1
SQLi,search,5,c2e6d509551ac661,1,200,1,1
SQLi,search,5,217fdcca9cb924ba,1,200,1,1
SQLi,search,5,b2ccb530cf46c838,1,200,1,1
SQLi,search,5,d3285f57261903a6,1,200,1,1
SQLi,search,5,d52f3380541e7f55,1,200,1,1
SQLi,search,5,4dfca013d92ffdf6,1,200,1,1
SQLi,search,5,c67c1226f64d2f01,1,200,1,1
SQLi,search,5,cfc61e3646f2af0d,1,200,1,1
SQLi,search,5,6835b9a988212608,1,200,1,1
SQLi,search,5,258a290cff59c157,1,200,1,1
SQLi,search,5,aa619c284d5c3e05,0,,0,
SQLi,search,5,697a07ee90d93381,1,200,1,1
SQLi,search,5,783759e06b90bc0b,0,,0,
SQLi,search,5,b3b0296fab0293a8,1,200,1,1
SQLi,search,5,87789654bd53defa,1,200,1,1
SQLi,search,5,08c0db5ec7dd8a9d,1,200,1,1
SQLi,search,5,3809324ddf34b87a,1,200,1,1
SQLi,search,5,b7d184477621b2b8,1,200,1,1
SQLi,search,5,9354382cddabba7b,1,200,1,1
SQLi,search,5,9a6f5c1070795625,1,200,1,1
SQLi,search,5,ff5258d84bea04b9,1,200,1,1
SQLi,search,5,0452219725551d44,1,200,1,1
SQLi,search,5,64bc940650796654,1,200,1,1
SQLi,search,5,af88409001f853af,1,200,1,1
SQLi,search,5,4c3fc1d78a169ca3,1,200,1,1
SQLi,search,5,f9fb4cc13e66d77e,1,200,1,1
SQLi,search,5,606992179a62a3a9,1,200,1,1
SQLi,search,5,c1b63e7379b09e3e,1,200,1,1
SQLi,search,5,7a5afa71e387d8f1,1,200,1,1
SQLi,search,5,ca8f45d48221f529,1,200,1,1
SQLi,search,5,59ebc6451146bd09,1,200,1,1
SQLi,search,5,19e07e45f9338bfe,1,200,1,1
SQLi,search,5,a9519a5b5f5b1b1a,1,200,1,1
SQLi,search,5,96f6b475fd4212bc,1,200,1,1
SQLi,search,5,0b570d653689e013,1,200,1,1
SQLi,search,5,55a0adf3e3e101f3,1,200,1,1
SQLi,search,5,e885ec8212dcb4b7,1,200,1,1
SQLi,search,5,fcc54c35d8fd4021,1,200,1,1
SQLi,search,5,544a8ab47d3b84a4,1,200,1,1
SQLi,search,5,9cdee635a3c83a04,1,200,1,1
SQLi,search,5,ac9f20eecdf53ef7,1,200,1,1
SQLi,search,5,ea3ef16f0367c4e6,1,200,1,1
SQLi,search,5,baa38cea3ea83e05,1,200,1,1
SQLi,search,5,f88d9d6438bb3f20,1,200,1,1
SQLi,search,5,5d2e7dacc8a8caf3,1,200,1,1
SQLi,search,5,f212798706511719,1,200,1,1
SQLi,search,5,4d59cddfebeea6e9,1,200,1,1
SQLi,search,5,0fda57bfa169b8ab,1,200,1,1
SQLi,search,5,2a2373c4d05bec69,1,200,1,1
SQLi,search,5,212ee6d78f5db239,0,,0,
SQLi,search,5,449262c43f3b7e2d,1,200,1,1
SQLi,search,5,ef4bd9bb6bc29e56,1,200,1,1
SQLi,search,5,6ed57d23fb4253b4,1,200,1,1
SQLi,search,5,9834405a6ad450ed,1,200,1,1
SQLi,search,5,36195bfc69404426,1,200,1,1
SQLi,search,5,a4f1aaff3e1c033d,1,200,1,1
SQLi,search,5,77ec78f7303c5558,1,200,1,1
SQLi,search,5,142b4b28e1ac6fcb,1,200,1,1
SQLi,search,5,6f1acb5ce99c13e1,1,200,1,1
SQLi,search,5,91ee0f3fc1e99f07,1,200,1,1
SQLi,search,5,3d3765ffc5bbb3be,1,200,1,1
SQLi,search,5,8bb91fea985da9c2,1,200,1,1
SQLi,search,5,1d7496643de073e4,1,200,1,1
SQLi,search,5,002a6ffba4a8ef56,1,200,1,1
SQLi,search,5,1d9c99e7c2b2368c,1,200,1,1
SQLi,search,5,e92e7cc315e43573,1,200,1,1
SQLi,search,5,1c7f441912adc5b8,1,200,1,1
SQLi,search,5,bae60ee0ccb88f6a,1,200,1,1
SQLi,search,5,ecebef78036f32a1,0,,0,
SQLi,search,5,7924a46e8c5ee92d,0,,0,
SQLi,search,5,9485dc85e4b4f906,1,200,1,1
SQLi,search,5,8c7ad2d2f619ff48,1,200,1,1
XSS,calc,1,4d3ffb1f107dcf50,0,,0,
XSS,calc,1,e827b22fdeaa5469,0,,0,
XSS,calc,1,afab7841db280208,1,200,1,1
XSS,calc,1,5523b09c6920697d,0,,0,
XSS,calc,1,29420934ec618716,0,,0,
XSS,calc,1,dd1625363e631cd9,0,,0,
XSS,calc,1,96607c7d71e6113c,0,,0,
XSS,calc,1,21f8e69dd91e9dbd,1,200,1,1
XSS,calc,1,e03d51d422d57350,0,,0,
XSS,calc,1,881b3239db6b4009,1,403,0,
XSS,calc,1,77a3cde423071513,0,,0,
XSS,calc,1,30bed060f6151f36,1,403,0,
XSS,calc,1,53a4eb7a1c93406f,1,403,0,
XSS,calc,1,fae4c3040ce3ee5f,0,,0,
XSS,calc,1,aa75bd33614d8e02,1,200,1,1
XSS,calc,1,b310489964e3c872,1,200,1,1
XSS,calc,1,edd3dae8083aa99b,0,,0,
XSS,calc,1,f9bf9095581c78fe,1,403,0,
XSS,calc,1,2d791719011601d4,1,403,0,
XSS,calc,1,553e47d744bdcde9,1,403,0,
XSS,calc,1,5ed71c58d4c37db1,1,403,0,
XSS,calc,1,79708d48efe07257,1,403,0,
XSS,calc,1,1a129e5e438e4440,1,403,0,
XSS,calc,1,c5f8092e53fdafab,1,200,1,1
XSS,calc,1,8140b2237a9038b3,0,,0,
XSS,calc,1,8a3794d0efab7456,1,200,1,1
XSS,calc,1,1683d650c7b98792,1,403,0,
XSS,calc,1,5691198b757216a8,1,403,0,
XSS,calc,1,a6cd558d6a5d5c56,0,,0,
XSS,calc,1,86b068dba94bce5d,0,,0,
XSS,calc,1,10966f700de71f3c,1,403,0,
XSS,calc,1,a6d27877a305f162,1,403,0,
XSS,calc,1,bed06b9012632852,0,,0,
XSS,calc,1,213faf24ee0a1461,0,,0,
XSS,calc,1,9940294088d236d7,0,,0,
XSS,calc,1,fe77ee231cf665dc,1,403,0,
XSS,calc,1,12cadf13e4b4a70c,0,,0,
XSS,calc,1,b2495ee5342e3002,1,403,0,
XSS,calc,1,8682c4b5ac23ac41,0,,0,
XSS,calc,1,2ec289d00c7b1866,0,,0,
XSS,calc,1,e6d993cae6a6f4f6,0,,0,
XSS,calc,1,fbc76213a449cc9d,0,,0,
XSS,calc,1,1bc80fe2afa565b0,0,,0,
XSS,calc,1,114f8a119fda060b,0,,0,
XSS,calc,1,5b581c6c627c76d2,0,,0,
XSS,calc,1,5fe5015d5dc928f5,0,,0,
XSS,calc,1,5759f4883c1c152a,0,,0,
XSS,calc,1,2ba00a578116660b,0,,0,
XSS,calc,1,7221a14b6a63c8bd,0,,0,
XSS,calc,1,9858e7300674bccd,0,,0,
XSS,calc,1,d849293cb1fbc51f,0,,0,
XSS,calc,1,582dca2081fdb042,0,,0,
XSS,calc,1,c07ca2c93a2f92c0,1,403,0,
XSS,calc,1,1718d49d58d4ae42,1,403,0,
XSS,calc,1,057134c05700968d,0,,0,
XSS,calc,1,662ba549dae03728,1,403,0,
XSS,calc,1,ba8a6d41b0aef0cd,0,,0,
XSS,calc,1,77486e08564c2330,1,403,0,
XSS,calc,1,8681b4bcda7b492d,1,200,1,1
XSS,calc,1,23e94d404eebe710,1,200,1,1
XSS,calc,1,4ead464be41bf40f,0,,0,
XSS,calc,1,be8fc5a0b499049f,1,403,0,
XSS,calc,1,cf7e55b5d6a6ea5a,1,200,1,1
XSS,calc,1,5b99d936d3aa53e8,1,200,1,1
XSS,calc,1,166289471ae6c519,1,200,1,1
XSS,calc,1,87446c5bf2c3270c,1,403,0,
XSS,calc,1,4be42ae7c3c4401b,1,200,1,1
XSS,calc,1,4be40790b86ef04c,0,,0,
XSS,calc,1,582e25ca8688cbc9,0,,0,
XSS,calc,1,bafb3419ece5e0a0,0,,0,
XSS,calc,1,b8725781fa4935f6,0,,0,
XSS,calc,1,2f10a175d140b34c,0,,0,
XSS,calc,1,20a3a16a116aab85,1,200,1,1
XSS,calc,1,1302433db019c8ec,0,,0,
XSS,calc,1,79f8623c1da6af67,1,200,1,1
XSS,calc,1,8242ff4114c017d7,0,,0,
XSS,calc,1,e560168456ae263a,0,,0,
XSS,calc,1,609d1720a66cd837,0,,0,
XSS,calc,1,63e3c095a96e4e23,0,,0,
XSS,calc,1,72dae9ad857946b0,1,403,0,
XSS,calc,1,212a95408c31beb4,0,,0,
XSS,calc,1,ac7ca4ea77286c70,0,,0,
XSS,calc,1,d18c5bb1a10ad1e2,0,,0,
XSS,calc,1,3f590fed4635d0af,0,,0,
XSS,calc,1,638be277d0726ffb,1,200,1,1
XSS,calc,1,062b94394ec0551b,1,403,0,
XSS,calc,1,a3d27e17a61b4431,0,,0,
XSS,calc,1,6f8cdc5bbda49bed,0,,0,
XSS,calc,1,cc39608fdcf7e8af,0,,0,
XSS,calc,1,21858e800047157f,0,,0,
XSS,calc,1,77d7a32e1c88a6d3,0,,0,
XSS,calc,1,b8a8cbb4addd53e0,0,,0,
XSS,calc,1,05bcba4e07cace17,1,403,0,
XSS,calc,1,3fb6b7f02ba12259,0,,0,
XSS,calc,1,95bc24b15b7fe71d,0,,0,
XSS,calc,1,a1252ff2f78d6f15,1,403,0,
XSS,calc,1,fc3e18c9acea87e9,1,403,0,
XSS,calc,1,56129f5d887fb56c,1,200,1,1
XSS,calc,1,746d19039fd112f6,1,200,1,1
XSS,calc,1,759477153bf85151,1,200,1,1
XSS,calc,1,f6a1d112eba4d26a,1,200,1,1
XSS,calc,1,ca8498caa4aef86d,0,,0,
XSS,calc,1,7575ac878f28a029,1,200,1,1
XSS,calc,1,8d612b8466076738,0,,0,
XSS,calc,1,1a89d029dc60eedc,1,200,1,1
XSS,calc,1,b9b4f4cb4ecf8957,1,403,0,
XSS,calc,1,c9246881c476986e,1,200,1,1
XSS,calc,1,83c92dd4f0e00e89,1,403,0,
XSS,calc,1,2352baa0eaae6530,1,403,0,
XSS,calc,1,6c87d524ad62e814,1,200,1,1
XSS,calc,1,acc8de4005420622,1,200,1,1
XSS,calc,1,7e9c94f51d14230d,0,,0,
XSS,calc,1,caa184abb8e1b808,1,403,0,
XSS,calc,1,4e71e805c55732ac,1,200,1,1
XSS,calc,1,4e7165b4679fa7fc,1,403,0,
XSS,calc,1,5a63322049320c57,1,200,1,1
XSS,calc,1,07c5ad946c19e618,1,200,1,1
XSS,calc,1,70390bdb8fdc708b,1,200,1,1
XSS,calc,1,a99fc77640b8506c,1,200,1,1
XSS,calc,1,0565ed420a436bac,1,403,0,
XSS,calc,1,9d80ddc0b0fb41f3,0,,0,
XSS,calc,1,726d371c1d56cc8c,1,403,0,
XSS,calc,1,28fbec68baccf284,0,,0,
XSS,calc,1,97b6864f4fe2a0ea,1,200,1,1
XSS,calc,1,59d8d53b2a1bbbe3,1,403,0,
XSS,calc,1,2a36e5054f5de596,0,,0,
XSS,calc,1,33a5225325edf7d1,1,200,1,1
XSS,calc,1,1457054948396f13,0,,0,
XSS,calc,1,623694423a56f6f4,0,,0,
XSS,calc,1,e7de4b238969127d,1,403,0,
XSS,calc,1,ec59c46921820877,1,200,1,1
XSS,calc,1,7f4918c106cb836c,1,403,0,
XSS,calc,1,6bf52b2e4ab67ab9,0,,0,
XSS,calc,1,37d786cec515869f,1,200,1,1
XSS,calc,1,d39ea027a497ec3c,0,,0,
XSS,calc,1,f103c763f6ca9e5e,0,,0,
XSS,calc,1,4716ea50478dd432,1,200,1,1
XSS,calc,1,1b3b4f477c36214a,1,200,1,1
XSS,calc,1,b59743821f757b4f,0,,0,
XSS,calc,1,fe3f2d47b3d8a2fe,0,,0,
XSS,calc,1,3974885088873c7f,1,200,1,1
XSS,calc,1,14ac4824982a7ee5,0,,0,
XSS,calc,1,35c63e095d1a0af0,0,,0,
XSS,calc,1,9cb77c6969f9e667,1,200,1,1
XSS,calc,1,92d79a04e55e09f0,0,,0,
XSS,calc,1,c92d39aae513f162,1,403,0,
XSS,calc,1,092b280de702caff,1,200,1,1
XSS,calc,1,e62a4688e163a118,0,,0,
XSS,calc,1,be0c3a719a9aea9a,0,,0,
XSS,calc,1,cdc47c887187f419,0,,0,
XSS,calc,1,fb5650a61d22d3e1,0,,0,
XSS,calc,1,6abd6bffec0fe124,0,,0,
XSS,calc,1,3ad6f67502f2925e,1,200,1,1
XSS,calc,1,8aae590f350476b6,1,403,0,
XSS,calc,1,a131ee0ec0039445,1,200,1,1
XSS,calc,1,44068d7a1962001c,1,403,0,
XSS,calc,1,f7c9392399ca4d91,1,200,1,1
XSS,calc,1,69cf7c646b0e480b,1,403,0,
XSS,calc,1,9f479d45b9cab470,0,,0,
XSS,calc,1,8aea902e8dd8e033,1,403,0,
XSS,calc,1,0bac88bb95cd96b7,1,200,1,1
XSS,calc,1,ffab39b4d8b5af99,1,403,0,
XSS,calc,1,c3c5a0878d6e59aa,1,403,0,
XSS,calc,1,fa90b5c52278a067,0,,0,
XSS,calc,1,9579297e7e33640e,1,200,1,1
XSS,calc,1,36241763768a7851,1,200,1,1
XSS,calc,1,5381bd68b8813d69,1,200,1,1
XSS,calc,1,107193b0243b5b6c,0,,0,
XSS,calc,1,25129ddb0d0240ee,1,200,1,1
XSS,calc,1,19315a80f15d87f2,1,200,1,1
XSS,calc,1,55e23c7380a3caa5,1,200,1,1
XSS,calc,1,606105e268cb86ac,0,,0,
XSS,calc,1,809bab605337181d,1,200,1,1
XSS,calc,1,e10bb25f96640c55,1,200,1,1
XSS,calc,1,34d17e5517399633,1,200,1,1
XSS,calc,1,a828eb8bbfb0b0c9,1,200,1,1
XSS,calc,1,1fb5e0819e604385,1,200,1,1
XSS,calc,1,33f386cf273ae48f,1,200,1,1
XSS,calc,1,acd69a38f65afc33,1,200,1,1
XSS,calc,1,dbf0aadb82ae750b,1,200,1,1
XSS,calc,1,f02be85cd68f096c,1,200,1,1
XSS,calc,1,e1edbf71ae4f0727,1,200,1,1
XSS,calc,1,26afbddadfe503fb,1,200,1,1
XSS,calc,1,e0789ec9b4d30e39,1,200,1,1
XSS,calc,1,afed207d7244186a,1,200,1,1
XSS,calc,1,ee3faf770b0213e3,1,200,1,1
XSS,calc,1,a5c640a64e6ffe72,1,403,0,
XSS,calc,1,c1f2d3a865c82f11,1,403,0,
XSS,calc,1,f46aba2ca506c8f5,0,,0,
XSS,calc,1,6d346cf4e8e89006,0,,0,
XSS,calc,1,c19bba4f1d940629,0,,0,
XSS,calc,1,00cc04974e388fa1,0,,0,
XSS,calc,1,b0ee2cda907246ef,1,200,1,1
XSS,calc,1,3e3b761097e82842,0,,0,
XSS,calc,1,973171f3da03be84,0,,0,
XSS,calc,1,453832ff507a6edd,1,200,1,1
XSS,calc,1,0538e0c49f7d136e,1,200,1,1
XSS,calc,1,029bdb9582c022ea,0,,0,
XSS,calc,1,5d376d8e8a6e7c4e,1,200,1,1
XSS,calc,1,a9323fcd8df98ebc,0,,0,
XSS,calc,1,26ecc86a941ab0b7,1,403,0,
XSS,calc,1,3bc5fee8ebf03292,1,200,1,1
XSS,calc,1,496d431a6c86b800,1,200,1,1
XSS,calc,1,6b734cce39978faa,1,200,1,1
XSS,calc,1,3699b588f5a66cbc,1,200,1,1
XSS,calc,1,f279483aa8506bd2,1,200,1,1
XSS,calc,1,10cf4ab080e64a71,1,403,0,
XSS,calc,1,3e200f33170c5d63,1,200,1,1
XSS,calc,1,5942bba777c49823,1,200,1,1
XSS,calc,1,8901f71e2962cd3b,1,200,1,1
XSS,calc,1,d5cc9e3336801774,1,403,0,
XSS,calc,1,dc57e2175bf751f5,1,200,1,1
XSS,calc,1,9a530f2423f9e61f,1,200,1,1
XSS,calc,1,3411f2a11de3c15e,1,200,1,1
XSS,calc,1,272b852ce6fc1e0b,1,200,1,1
XSS,calc,1,7d1283ed976a975c,1,200,1,1
XSS,calc,1,7457f71d00c579b6,0,,0,
XSS,calc,1,93d2ac89ee95bea0,1,200,1,1
XSS,calc,1,1886f67b3425a79b,1,200,1,1
XSS,calc,1,444f942f7bd8c1df,1,403,0,
XSS,calc,1,503b19ffec58d9a7,0,,0,
XSS,calc,1,7b66c808938da6a4,1,403,0,
XSS,calc,1,855e177112ec7214,1,200,1,1
XSS,calc,1,399fb94eb5c1e002,1,200,1,1
XSS,calc,1,40c1c316b660d828,0,,0,
XSS,calc,1,ab9824afe40a4ef4,1,200,1,1
XSS,calc,1,b999a108da469f3d,1,403,0,
XSS,calc,1,c67273afe2d8c2c8,1,200,1,1
XSS,calc,1,6d69b0cdf602b9c8,1,200,1,1
XSS,calc,1,f1358ede54c61b27,1,403,0,
XSS,calc,1,babeeb6483998ab2,1,403,0,
XSS,calc,1,d7762760cc6ed973,1,403,0,
XSS,calc,1,17f5feed29e72a20,1,200,1,1
XSS,calc,1,8ba2a4755bb0a309,1,200,1,1
XSS,calc,1,6d27952dec06865c,1,403,0,
XSS,calc,1,dae588aff77c7b20,0,,0,
XSS,calc,1,3caf4231c8b8138e,0,,0,
XSS,calc,1,a310ffb46827ff64,1,200,1,1
XSS,calc,1,b62b1ac31da5f3dd,1,200,1,1
XSS,calc,1,747261294da3a111,0,,0,
XSS,calc,1,54dd1c9d3e1ce84f,1,200,1,1
XSS,calc,1,d65ec0638ccd2c27,0,,0,
XSS,calc,1,06645280938cb595,0,,0,
XSS,calc,1,7747edd9618aba06,1,200,1,1
XSS,calc,1,6a3aca620995172d,0,,0,
XSS,calc,1,4d4ab92eb9d015f6,0,,0,
XSS,calc,1,43db250126d4f1fd,1,200,1,1
XSS,calc,1,9c02ec6ff88e05e1,1,200,1,1
XSS,calc,1,52578433af6b1daa,0,,0,
XSS,calc,1,4c2b471fcbb2f8b1,0,,0,
XSS,calc,1,5276f8bb94cea1e2,1,200,1,1
XSS,calc,1,a09654bde89b4ce8,1,200,1,1
XSS,calc,1,9edcac8758df870f,1,200,1,1
XSS,calc,1,5ca271357fb893e0,1,200,1,1
XSS,calc,1,006eac0d240be9c5,1,200,1,1
XSS,calc,1,2d1320a33ce667a3,1,200,1,1
XSS,calc,1,28f5f3d9ff925e56,1,200,1,1
XSS,calc,1,8cc3875f9569996f,1,403,0,
XSS,calc,1,291b5a7ef32a956c,1,200,1,1
XSS,calc,1,3659b9776e853e08,1,200,1,1
XSS,calc,1,417327a275c19abd,1,200,1,1
XSS,calc,1,364d1f6edba2a7d3,1,403,0,
XSS,calc,1,d245fe129d9d02e9,0,,0,
XSS,calc,1,240e489c2f0bd10b,1,200,1,1
XSS,calc,1,100b4a861a5c2465,1,403,0,
XSS,calc,1,107e97564a495700,1,200,1,1
XSS,calc,1,89b8e8294f990cd0,0,,0,
XSS,calc,1,5a5d113a7f96ffba,1,200,1,1
XSS,calc,1,a05454850434179b,1,200,1,1
XSS,calc,1,7495d988152d56ae,0,,0,
XSS,calc,1,98a99b949f325575,1,403,0,
XSS,calc,1,7ae9df0a577d110c,1,200,1,1
XSS,calc,1,d0be97cc3e334e14,1,200,1,1
XSS,calc,1,7401448e8a76e042,1,200,1,1
XSS,calc,1,a6d2fb365b0e1b4d,1,200,1,1
XSS,calc,1,fd1a8b5bd5f99ea1,1,200,1,1
XSS,calc,1,665d4d9644286bd1,0,,0,
XSS,calc,1,61bc3964e1d11ab7,1,403,0,
XSS,calc,1,96e1eaa79cc7101c,0,,0,
XSS,calc,1,4b6ee4852ab36c4a,0,,0,
XSS,calc,1,6fcde92bf927a142,1,200,1,1
XSS,calc,1,c5e147194e4f76a0,1,200,1,1
XSS,calc,1,aea6eab08a106e52,0,,0,
XSS,calc,1,11aa3f17b585812e,1,200,1,1
XSS,calc,1,35cf48d388f936a6,1,200,1,1
XSS,calc,1,33ba95a6323dd525,1,200,1,1
XSS,calc,1,2a61942b260f8373,0,,0,
XSS,calc,1,654a0fb2983c40d2,1,200,1,1
XSS,calc,1,bfe2cfc091c35a21,0,,0,
XSS,calc,1,544fe846ffa50ed4,0,,0,
XSS,calc,1,238988e0de7b4ec8,0,,0,
XSS,calc,1,d4c3489cfbe89226,0,,0,
XSS,calc,1,d5e63f2d2458a97b,0,,0,
XSS,calc,1,6ae81c78f38b2949,0,,0,
XSS,calc,1,f1b3896177a4e99f,0,,0,
XSS,calc,1,7750f2665ddc3633,0,,0,
XSS,calc,1,aab4113ea97c6e44,0,,0,
XSS,calc,1,35378177651cd4e2,1,200,1,1
XSS,calc,1,239fdbc8251bd620,1,200,1,1
XSS,calc,1,de665e54a82ab769,1,200,1,1
XSS,calc,1,52256b16ef2f1ed6,0,,0,
XSS,calc,1,c146dba573d05888,0,,0,
XSS,calc,1,c5d603f1cc298168,1,200,1,1
XSS,calc,1,e9420900aed98dd5,1,200,1,1
XSS,calc,1,fdd6c38faf49e1a7,0,,0,
XSS,calc,1,59195979d9936bb8,1,200,1,1
XSS,calc,1,33e6f7c1b91511f2,1,200,1,1
XSS,calc,1,93e2c0799041305e,1,200,1,1
XSS,calc,1,6fc219a2358f48e7,1,200,1,1
XSS,calc,1,70ac9eb7e6095a6a,1,200,1,1
XSS,calc,1,addaac43bdd9e7a2,1,200,1,1
XSS,calc,1,85397abcd5ab3358,1,200,1,1
XSS,calc,1,0d36b0e060c8f527,1,200,1,1
XSS,calc,1,8943c400f5945987,1,200,1,1
XSS,calc,1,8e86de05b64e359a,1,200,1,1
XSS,calc,1,dcef10aeb6f56536,1,200,1,1
XSS,calc,1,d9d63836ce6e569b,1,200,1,1
XSS,calc,1,3479ac41da7885bf,1,200,1,1
XSS,calc,1,52bcbb41b0670bc2,1,200,1,1
XSS,calc,1,2b1a67f6a659760c,1,200,1,1
XSS,calc,1,b368e88108fe37b8,1,200,1,1
XSS,calc,1,a4e5dba0646df269,1,200,1,1
XSS,calc,1,e74104ca1d618241,1,200,1,1
XSS,calc,1,4e3817cd5f295a83,1,200,1,1
XSS,calc,1,8e97e925329d91eb,1,200,1,1
XSS,calc,1,76abd62cabfb60d1,1,200,1,1
XSS,calc,1,a00c714f54bbf2d4,1,200,1,1
XSS,calc,1,092b0f1fa855a6a3,1,200,1,1
XSS,calc,1,b99ab6d44bd3351d,0,,0,
XSS,calc,1,bb9fa3f0a77988ba,1,200,1,1
XSS,calc,1,4364d3bdc32c05a5,1,200,1,1
XSS,calc,1,43321d1a42402e8a,1,200,1,1
XSS,calc,1,60c80103a837459e,1,200,1,1
XSS,calc,1,9bf9308371533970,1,200,1,1
XSS,calc,1,e598082024f9d169,1,200,1,1
XSS,calc,1,5ae2905300c90e72,1,200,1,1
XSS,calc,1,60295b4a6a2539d9,0,,0,
XSS,calc,1,0a4648c6da364ea1,0,,0,
XSS,calc,1,da170d0c18b8b353,1,200,1,1
XSS,calc,1,cf1dd5468273d8a7,1,200,1,1
XSS,calc,1,a0f5d595175240f6,1,403,0,
XSS,calc,1,0ac1b0ff4636f8e7,0,,0,
XSS,calc,1,ca43a3c6c509917b,0,,0,
XSS,calc,1,23142efbf445aaec,0,,0,
XSS,calc,1,f2cc590eea36059f,0,,0,
XSS,calc,1,ad1f431bc4aabc0b,0,,0,
XSS,calc,1,d7163ddf39505e02,0,,0,
XSS,calc,1,9829ed22a1b811f1,0,,0,
XSS,calc,1,f1529acb8b72a014,0,,0,
XSS,calc,1,7a27994f642a49fd,0,,0,
XSS,calc,1,48be167fb4fb8e8e,0,,0,
XSS,calc,1,8f750a27a986b997,0,,0,
XSS,calc,1,552744c2ebde56e1,1,200,1,1
XSS,calc,1,a01a33ca38e01464,1,200,1,1
XSS,calc,1,4905d43a7670da0f,1,200,1,1
XSS,calc,1,ababae17b7c59ab4,1,200,1,1
XSS,calc,1,21be43ff0bcae42c,0,,0,
XSS,calc,1,6136803f3ad6aa1b,0,,0,
XSS,calc,1,69325491a365412d,0,,0,
XSS,calc,1,42fc1cdb06b934d2,0,,0,
XSS,calc,1,9136d4dff8b6eaac,1,200,1,1
XSS,calc,1,56afa4100b26261c,1,200,1,1
XSS,calc,1,092ba2d6d3091b58,0,,0,
XSS,calc,1,ac0af5397331677f,0,,0,
XSS,calc,1,cdd159ff2e9a36fc,0,,0,
XSS,calc,1,d7682fb115b7028c,0,,0,
XSS,calc,1,045375c4ea34c9c9,0,,0,
XSS,calc,1,236abaace3c98a9c,0,,0,
XSS,calc,1,53d7caa674a2f06a,1,200,1,1
XSS,calc,1,cd48842d45216ee1,1,200,1,1
XSS,calc,1,f1642d589f1ab9fd,1,200,1,1
XSS,calc,1,3a05bad0f0da89c3,1,200,1,1
XSS,calc,1,4cc49f6d17a6b4cc,1,200,1,1
XSS,calc,1,206d23a4cda780d8,1,200,1,1
XSS,calc,1,7a6bd61435e3ec6f,1,200,1,1
XSS,calc,1,fd7ca6a0dfa83168,1,200,1,1
XSS,calc,1,675d76fa7a154d5e,1,200,1,1
XSS,calc,1,670940c30efff791,1,200,1,1
XSS,calc,1,e053458bd12c1068,1,200,1,1
XSS,calc,1,bae59229a37b8a80,1,200,1,1
XSS,calc,1,dd0dffddd8b03a71,1,200,1,1
XSS,calc,1,f44759137c6352b9,1,200,1,1
XSS,calc,1,107fe57802c6a547,1,200,1,1
XSS,calc,1,3610ecb5f392546e,1,200,1,1
XSS,calc,1,7be768f64dbb608c,1,200,1,1
XSS,calc,1,102d2ddd1899719b,1,200,1,1
XSS,calc,1,c5ffb41cf08a99fe,1,200,1,1
XSS,calc,1,db3f0d4ad7ec4b93,0,,0,
XSS,calc,1,12295a7401386401,1,200,1,1
XSS,calc,1,acceccc669a76f94,0,,0,
XSS,calc,1,58018245ee65723c,0,,0,
XSS,calc,1,55251a91b5114479,1,200,1,1
XSS,calc,1,800529e1d7c2fb42,1,200,1,1
XSS,calc,1,cfc9f3d01f1f9388,0,,0,
XSS,calc,1,b8f7fc474c8ef0f9,1,200,1,1
XSS,calc,1,8d3c93e5c8f29bfb,1,200,1,1
XSS,calc,1,8f1c92673f00b053,1,200,1,1
XSS,calc,1,3d3ddcd1c8e548b5,1,200,1,1
XSS,calc,1,f30c087075f6321b,1,200,1,1
XSS,calc,1,45a7113de29849cf,1,200,1,1
XSS,calc,1,0630252b44c93db4,1,200,1,1
XSS,calc,1,cbcfb97197ab273b,1,200,1,1
XSS,calc,1,9e186ef4cceffb17,1,200,1,1
XSS,calc,1,2533c3fd73edb276,1,200,1,1
XSS,calc,1,4f2cace559323999,1,200,1,1
XSS,calc,1,b3c248b3bc0fed29,1,200,1,1
XSS,calc,1,8d82b23df9b367e9,1,200,1,1
XSS,calc,1,2ae4b08e929ce73c,1,200,1,1
XSS,calc,1,5f8cd5c29635a76c,1,200,1,1
XSS,calc,1,b4826c9a08836dbe,1,200,1,1
XSS,calc,1,a11982242678f611,1,200,1,1
XSS,calc,1,8a91bf7ad30f64a8,1,200,1,1
XSS,calc,1,c3d272a95f1b0be3,1,200,1,1
XSS,calc,1,c58d9bcb331eca9c,1,200,1,1
XSS,calc,1,b3cac8d8663ac5f8,1,200,1,1
XSS,calc,1,33c8013610244918,1,200,1,1
XSS,calc,1,eafcad55b91ed61b,1,200,1,1
XSS,calc,1,30a689a06dd6600b,1,200,1,1
XSS,calc,1,1f23c134fceca50e,1,200,1,1
XSS,calc,1,a57143faac63e50a,1,200,1,1
XSS,calc,1,c55f80535e54df65,1,200,1,1
XSS,calc,1,604b96876f50e74f,1,200,1,1
XSS,calc,1,c08d1aec291749bd,1,200,1,1
XSS,calc,1,9749434caa24dce6,1,200,1,1
XSS,calc,1,6df7542b197a5be7,1,200,1,1
XSS,calc,1,5bce1d5f057572dc,1,200,1,1
XSS,calc,1,7710042682501620,1,200,1,1
XSS,calc,1,6a84e0f18b155bcd,1,200,1,1
XSS,calc,1,b7a8a2b1099720c0,1,200,1,1
XSS,calc,1,2c9f78cafe13d07b,1,200,1,1
XSS,calc,1,ba617a35bff6c85b,1,200,1,1
XSS,calc,1,988e494029e2d01c,1,200,1,1
XSS,calc,1,15749b9e1641019f,1,200,1,1
XSS,calc,1,0d7ff93b7a301f30,1,200,1,1
XSS,calc,1,5d677d8e3d4e0fd2,1,200,1,1
XSS,calc,1,e9574e06347bf177,1,200,1,1
XSS,calc,1,47347ba834272d87,1,403,0,
XSS,calc,1,588ce20f4743679b,1,200,1,1
XSS,calc,1,f8f47a4f85038e64,0,,0,
XSS,calc,1,0e5cc2209019f82a,1,200,1,1
XSS,calc,1,be14b70c9e4cd4d5,1,200,1,1
XSS,calc,1,1c613d0bd05f74ba,1,403,0,
XSS,calc,1,b46ad497db42a9f1,0,,0,
XSS,calc,1,6dc6fc70ff6df0ac,1,200,1,1
XSS,calc,1,4652151c4dce26b3,0,,0,
XSS,calc,1,879fb3f076c56efb,1,200,1,1
XSS,calc,1,83bfea147511d4c9,1,200,1,1
XSS,calc,1,a0b6ebd73d165222,1,200,1,1
XSS,calc,1,f86641653a1a7cfb,1,403,0,
XSS,calc,1,681820411fdda026,1,200,1,1
XSS,calc,1,079b23b01420f1e0,1,200,1,1
XSS,calc,1,f9db96948a98df87,0,,0,
XSS,calc,1,e9f8e1ddf5046760,0,,0,
XSS,calc,1,1727088db79e6e5b,0,,0,
XSS,calc,1,d92f200518e993dc,0,,0,
XSS,calc,1,22861d35b8b95105,0,,0,
XSS,calc,1,282bf5ee61a8cd48,0,,0,
XSS,calc,1,f0549b456a0ace91,0,,0,
XSS,calc,1,c96470effa629785,0,,0,
XSS,calc,1,d9c2e4eecf2d3e5a,0,,0,
XSS,calc,1,13f5861c04d32790,0,,0,
XSS,calc,1,30f8bda936454366,0,,0,
XSS,calc,1,82222d2ea9acc7de,0,,0,
XSS,calc,1,72837a705e70c8af,0,,0,
XSS,calc,1,a14bebfbcbfb8791,0,,0,
XSS,calc,1,253e6320665bf9d7,0,,0,
XSS,calc,1,227c0508b6c14f86,0,,0,
XSS,calc,1,6441e7e3e34367ba,0,,0,
XSS,calc,1,00ff7652d61f1384,0,,0,
XSS,calc,1,ef9587bca7f4a513,1,200,1,1
XSS,calc,1,fd8bc0f82fb35816,1,200,1,1
XSS,calc,1,40c6d77250264668,1,200,1,1
XSS,calc,1,ef90154ada7d6851,0,,0,
XSS,calc,1,211f6600b5598a1d,1,200,1,1
XSS,calc,1,652d681fce01c0d9,1,200,1,1
XSS,calc,1,cd60ec67443725eb,1,200,1,1
XSS,calc,1,f3b004b920b37308,1,200,1,1
XSS,calc,1,3d8a586c1b4d157e,0,,0,
XSS,calc,1,16eca7f587630e67,1,200,1,1
XSS,calc,1,2a13d415d2eb390a,1,200,1,1
XSS,calc,1,4359d1d9edfb64f9,1,200,1,1
XSS,calc,1,17b303536a3a415b,1,200,1,1
XSS,calc,1,367b431fb568e106,1,200,1,1
XSS,calc,1,067521068653a7b2,1,200,1,1
XSS,calc,1,db97706a7535b141,1,200,1,1
XSS,calc,1,4b9fb47cbe6c24a8,1,200,1,1
XSS,calc,1,88dc1067bd34be06,0,,0,
XSS,calc,1,d72978cec21b68d4,1,200,1,1
XSS,calc,1,58a194f5bdaefc21,1,200,1,1
XSS,calc,1,d5f17e8eb387fd55,1,200,1,1
XSS,calc,1,700a2437a8b703d4,1,200,1,1
XSS,calc,1,f94b1b137185926a,1,200,1,1
XSS,calc,1,bd26b9a29182a673,1,200,1,1
XSS,calc,1,cadff5ed99196fa6,1,200,1,1
XSS,calc,1,4efaeaafd0f0c1ad,0,,0,
XSS,calc,1,79ec81a82d271585,1,200,1,1
XSS,calc,1,68c3dc2271c23294,1,200,1,1
XSS,calc,1,53e027edcdd66206,1,200,1,1
XSS,calc,1,7cc3d7e53b9f19ef,1,200,1,1
XSS,calc,1,f86c3abd65648612,1,200,1,1
XSS,calc,1,1902aeca74e80768,0,,0,
XSS,calc,1,38ec3771682726cf,0,,0,
XSS,search,1,fe6372b29783fd0c,1,403,0,
XSS,search,1,ed0ca153688cb460,0,,0,
XSS,search,1,c7aab1eb20705f56,0,,0,
XSS,search,1,7eeb864835f667ed,1,403,0,
XSS,search,1,3b70a2b8e78661af,1,200,1,1
XSS,search,1,cdf4534eeed465dc,1,403,0,
XSS,search,1,b8c3621494b2b55f,1,403,0,
XSS,search,1,e08aff6ec1003ef7,1,403,0,
XSS,search,1,e08c179383c1ae4d,1,403,0,
XSS,search,1,60e2ed8ec957bb8f,1,200,1,1
XSS,search,1,2fbf4e0ff9093831,1,403,0,
XSS,search,1,66525db064a20b5b,1,403,0,
XSS,search,1,862164f9b7dcf804,1,200,1,1
XSS,search,1,8debd837ccd1a957,1,403,0,
XSS,search,1,b82439a6e7bf5be0,0,,0,
XSS,search,1,f9114de1469c453e,1,403,0,
XSS,search,1,f3d4b8b1e6c0a2bd,1,200,1,1
XSS,search,1,206352b801d69fad,0,,0,
XSS,search,1,b8b55d03ca03c8a5,1,403,0,
XSS,search,1,465bc043abb51068,1,403,0,
XSS,search,1,2155b77377ab54d1,0,,0,
XSS,search,1,34b432f8d2bd0afe,1,403,0,
XSS,search,1,323851270e189aae,1,403,0,
XSS,search,1,054d42b3c4e2a5db,1,200,1,1
XSS,search,1,152e67ffe370a384,1,403,0,
XSS,search,1,ee2cb730072afae7,1,403,0,
XSS,search,1,6bd92465599f77b2,1,200,1,1
XSS,search,1,d89879e11c92cf18,1,403,0,
XSS,search,1,52eb3709c7d389d9,1,403,0,
XSS,search,1,1a64c30eccb0514b,0,,0,
XSS,search,1,78e982659b705e21,1,403,0,
XSS,search,1,4058f71d14e96b88,1,403,0,
XSS,search,1,01cd272480e8069d,1,200,1,1
XSS,search,1,d2619d7ac1f2e2ea,0,,0,
XSS,search,1,b915ff840768848f,0,,0,
XSS,search,1,092e86b7b2996c9c,1,200,1,1
XSS,search,1,3f7ff0deec8e2bf1,0,,0,
XSS,search,1,84b9d411e7ad98b4,1,200,1,1
XSS,search,1,08c3ae16d3629805,1,403,0,
XSS,search,1,72bffd66644a4058,1,200,1,1
XSS,search,1,84dc978fa16079cc,1,200,1,1
XSS,search,1,6ffc50313f9046c4,1,403,0,
XSS,search,1,8cf939b322d763b6,1,200,1,1
XSS,search,1,efd91a9ed1c30445,1,200,1,1
XSS,search,1,f37ad88d732cd781,1,403,0,
XSS,search,1,40706dee38443e46,1,200,1,1
XSS,search,1,212bb84ac6c8ef39,1,403,0,
XSS,search,1,3e9518b2f746204a,0,,0,
XSS,search,1,6ff7e70b5de6af7a,0,,0,
XSS,search,1,0df6c03af5fa7291,1,200,1,1
XSS,search,1,d19618788627fb84,0,,0,
XSS,search,1,240a50510b3e45b4,1,200,1,1
XSS,search,1,cd596bf64ba5439a,0,,0,
XSS,search,1,9add277d07a72887,0,,0,
XSS,search,1,7348f29d3b734c7d,0,,0,
XSS,search,1,419778849a9cac97,1,403,0,
XSS,search,1,80dea2bc86c21e6f,1,200,1,1
XSS,search,1,a8ee3b9d367753e2,1,200,1,1
XSS,search,1,bd82a2ce483ce598,1,200,1,1
XSS,search,1,6911428e5ab55378,1,200,1,1
XSS,search,1,91b8b58cfc8c266c,1,403,0,
XSS,search,1,8a81eb801be11d5d,1,200,1,1
XSS,search,1,80d01f79b74eea4f,1,403,0,
XSS,search,1,40d2cf11854287aa,1,403,0,
XSS,search,1,bad46a2f7ae2b04e,0,,0,
XSS,search,1,3bf0e1742e7718c3,1,403,0,
XSS,search,1,054d42b3c4e2a5db,1,200,1,1
XSS,search,1,47b7b152a2016c68,1,200,1,1
XSS,search,1,dcd0be055c3c1d2e,1,200,1,1
XSS,search,1,70a1455bba249ed4,1,200,1,1
XSS,search,1,6f5eb8fc57c03378,1,403,0,
XSS,search,1,239954bb1553db8e,1,200,1,1
XSS,search,1,9f7de9920b835d17,0,,0,
XSS,search,1,ecaa6e05ff632072,1,200,1,1
XSS,search,1,4e3eba8f1b898c40,1,200,1,1
XSS,search,1,92fa6f6fb0ed794f,1,200,1,1
XSS,search,1,1880a35bd02008eb,1,200,1,1
XSS,search,1,2b4202354b83f3b5,1,403,0,
XSS,search,1,7a7d9c32c9491301,1,403,0,
XSS,search,1,148d1fb146d9248b,0,,0,
XSS,search,1,307d0438561e09d3,1,200,1,1
XSS,search,1,48252e6d951b7801,1,200,1,1
XSS,search,1,b14a22d8b04aa239,1,200,1,1
XSS,search,1,924f142db35b28e2,0,,0,
XSS,search,1,21fb04fedbb40155,0,,0,
XSS,search,1,66a50eabcc409dda,1,403,0,
XSS,search,1,a5d69a9898ddb3f8,0,,0,
XSS,search,1,8ca4de8a6305659d,1,403,0,
XSS,search,1,0bfc79a613dc5a99,0,,0,
XSS,search,1,9930cb04fec50706,0,,0,
XSS,search,1,e726d493c5085eac,1,200,1,1
XSS,search,1,d852d192b9125190,1,200,1,1
XSS,search,1,88d2d04959c15c33,1,200,1,1
XSS,search,1,968aefe56bca9576,1,200,1,1
XSS,search,1,77a06b41ea7d5b02,1,403,0,
XSS,search,1,475a1bed56b4a8a9,1,403,0,
XSS,search,1,31c0e73e39390a16,1,403,0,
XSS,search,1,a36947a0d1da5eb9,0,,0,
XSS,search,1,3a2ded2abdc81045,1,403,0,
XSS,search,1,c2f88f48327395fc,1,200,1,1
XSS,search,1,a9e48c38868b7ee5,1,403,0,
XSS,search,1,975d6f141fb38550,1,200,1,1
XSS,search,1,c35fd547876043c1,1,403,0,
XSS,search,1,44d5c7a1b9bf3db1,1,403,0,
XSS,search,1,3289757144d3959c,1,200,1,1
XSS,search,1,2056e32872810bbc,1,403,0,
XSS,search,1,5448e445dfc9dd43,1,200,1,1
XSS,search,1,d2adff0d36697d05,1,403,0,
XSS,search,1,bd96dc5e80f1eb4e,1,200,1,1
XSS,search,1,edfa82bba6343f44,1,200,1,1
XSS,search,1,35d6a4cc766ee54b,1,403,0,
XSS,search,1,45cebbd47ba1a903,1,200,1,1
XSS,search,1,748e0ea936717ad5,1,200,1,1
XSS,search,1,ad718dcbb1506a67,1,200,1,1
XSS,search,1,7ca53d47239bdc0e,0,,0,
XSS,search,1,83a60247863df145,1,403,0,
XSS,search,1,93a7b6458af7fa34,0,,0,
XSS,search,1,b7e818ce5c695d6f,1,200,1,1
XSS,search,1,8f7e458f8f0c33b2,1,403,0,
XSS,search,1,8a73999c22077c56,1,200,1,1
XSS,search,1,456bf66c2cd397e8,1,403,0,
XSS,search,1,7c7cb2e4482c299c,1,200,1,1
XSS,search,1,77b4e23f3d73d129,1,200,1,1
XSS,search,1,c9c8c9a46b3db48e,1,200,1,1
XSS,search,1,6bd3de95f1b16b08,1,403,0,
XSS,search,1,bb830169ed3b1caf,1,200,1,1
XSS,search,1,ad8681b741fba6b5,1,200,1,1
XSS,search,1,d03d747b7048ce9f,1,403,0,
XSS,search,1,adbc6f4589936b38,1,403,0,
XSS,search,1,00fa3ab0209ffb65,1,200,1,1
XSS,search,1,647707ef0cffc36a,1,200,1,1
XSS,search,1,32ed5f26b09ee4f4,1,200,1,1
XSS,search,1,8baaa1e84efd3ea9,1,403,0,
XSS,search,1,6e78eb0ac7d38b00,0,,0,
XSS,search,1,0537e76f2b219637,1,403,0,
XSS,search,1,3a591611069429c3,0,,0,
XSS,search,1,5e8adf985ba8c05b,1,200,1,1
XSS,search,1,f4b1ccdaf63ee142,1,403,0,
XSS,search,1,dbfaf9cf7bba2cf8,0,,0,
XSS,search,1,e864dd204e41fcc3,1,200,1,1
XSS,search,1,d7645124d1d2a869,1,200,1,1
XSS,search,1,c8dcbc7eac1226cd,0,,0,
XSS,search,1,8d2889b5c67e8e65,1,200,1,1
XSS,search,1,c567b5c834ca1e7f,0,,0,
XSS,search,1,127369efc23fa1f9,1,403,0,
XSS,search,1,29e2159750b1614d,0,,0,
XSS,search,1,f20975bda2c0a426,1,200,1,1
XSS,search,1,7c7a54cfadf2a0c8,1,403,0,
XSS,search,1,95b5034668ae91ad,0,,0,
XSS,search,1,59e1c47eed6a2a4d,1,200,1,1
XSS,search,1,0436e26f8aba12c3,1,403,0,
XSS,search,1,d07771b76b08246c,1,403,0,
XSS,search,1,b5782c0cc5c484c1,1,200,1,1
XSS,search,1,c0c510f226333fd0,1,200,1,1
XSS,search,1,c7262dd8447b3333,1,200,1,1
XSS,search,1,1e7b158bada31386,1,200,1,1
XSS,search,1,66911d26ca23fa6f,1,200,1,1
XSS,search,1,c2b81bc8d79e3acd,1,200,1,1
XSS,search,1,8baaa1e84efd3ea9,1,403,0,
XSS,search,1,3c24cbce0be02f3b,1,403,0,
XSS,search,1,ed31a47d9d1e9d1c,1,403,0,
XSS,search,1,68e57897b2025261,1,200,1,1
XSS,search,1,3f840e5f6591d2c6,1,200,1,1
XSS,search,1,56e637f1a8185315,1,200,1,1
XSS,search,1,a753eaf179eeb001,1,200,1,1
XSS,search,1,f91d35a96cf068c5,1,403,0,
XSS,search,1,fc80b122168a9774,1,403,0,
XSS,search,1,50834f01d191b858,1,200,1,1
XSS,search,1,32023d7c64ca5bac,1,403,0,
XSS,search,1,8f53152d1f2c0f8e,0,,0,
XSS,search,1,e7de2761f32e8d00,1,200,1,1
XSS,search,1,cd61960c598b1b99,1,200,1,1
XSS,search,1,4e3eba8f1b898c40,1,200,1,1
XSS,search,1,79975402b3872f85,1,403,0,
XSS,search,1,b555762f83cf50a5,1,200,1,1
XSS,search,1,aaf02cbe513c851c,1,200,1,1
XSS,search,1,098656e60705857e,1,200,1,1
XSS,search,1,c55ddf9d2f06eac1,1,200,1,1
XSS,search,1,301f92848d1283e8,1,403,0,
XSS,search,1,bb8c64878c348568,1,200,1,1
XSS,search,1,7093c4b6e89412ba,1,200,1,1
XSS,search,1,c67b49a5012b5813,1,200,1,1
XSS,search,1,7471755d59c738ac,1,200,1,1
XSS,search,1,297bead007b7e4ce,1,403,0,
XSS,search,1,24ddd6d0719cab77,1,403,0,
XSS,search,1,d9c8af9ad4f18299,1,200,1,1
XSS,search,1,ffeb038cb1098206,1,200,1,1
XSS,search,1,e7f2fc4cf7eedfb3,1,200,1,1
XSS,search,1,2d3756bcd501ed2c,1,403,0,
XSS,search,1,89b86783aabccd9a,1,200,1,1
XSS,search,1,dec5c30e02cb77ba,1,200,1,1
XSS,search,1,5556c3ca9dc5e02e,1,403,0,
XSS,search,1,f4341d644c89d302,1,200,1,1
XSS,search,1,800a530b1313b100,1,200,1,1
XSS,search,1,4670482a79cb712e,1,200,1,1
XSS,search,1,856b335ec1c6d2e4,0,,0,
XSS,search,1,578dc0b29774508e,1,200,1,1
XSS,search,1,f20d8916f06a0e72,0,,0,
XSS,search,1,4b42e59529f054fa,1,200,1,1
XSS,search,1,899a3322655e898c,0,,0,
XSS,search,1,ca7a1fb397afdfbf,1,200,1,1
XSS,search,1,1680afe85b8b208a,1,200,1,1
XSS,search,1,d673daa10a611c18,1,403,0,
XSS,search,1,b5e23daeaf015381,1,200,1,1
XSS,search,1,5455100ea9d495bf,1,200,1,1
XSS,search,1,445516c35ebd742b,1,200,1,1
XSS,search,1,4d2f10ebb1c06653,1,200,1,1
XSS,search,1,d164943795cf1d6c,1,200,1,1
XSS,search,1,e2e0241f09267b1a,1,200,1,1
XSS,search,1,b791937ed9c99dc0,1,200,1,1
XSS,search,1,497bd113acb93b67,1,200,1,1
XSS,search,1,5fd9ce53a9b30574,1,200,1,1
XSS,search,1,f5a7929bbc85ae6c,1,200,1,1
XSS,search,1,58038eb74b8f9b0e,1,200,1,1
XSS,search,1,911597844c33ec3c,1,200,1,1
XSS,search,1,988788624475c16f,1,200,1,1
XSS,search,1,574991b924fec777,1,200,1,1
XSS,search,1,b3bfdee7f448c0e9,1,200,1,1
XSS,search,1,ec2cf5cd4c9adcd9,1,200,1,1
XSS,search,1,fb15c097fcbcf479,1,200,1,1
XSS,search,1,79975402b3872f85,1,403,0,
XSS,search,1,2d5b88848c9b901c,1,200,1,1
XSS,search,1,3cddc01e65e2e290,1,200,1,1
XSS,search,1,45a1e856f97aad68,0,,0,
XSS,search,1,d3bfe1e181883948,1,200,1,1
XSS,search,1,c9a0f7cc16e7dad0,0,,0,
XSS,search,1,6a803153388f9a0c,0,,0,
XSS,search,1,e10db9eb1ad9c479,1,200,1,1
XSS,search,1,435999c9e0a388bf,1,200,1,1
XSS,search,1,9a800f0860653241,1,200,1,1
XSS,search,1,40d2cf11854287aa,1,403,0,
XSS,search,1,45d7c845c41857ea,1,200,1,1
XSS,search,1,dcc21f7bf02833bf,1,200,1,1
XSS,search,1,49c97ca1df5c4fa4,1,200,1,1
XSS,search,1,8a81eb801be11d5d,1,200,1,1
XSS,search,1,f2ae747ff15b1039,0,,0,
XSS,search,1,b4c987c0a535d2df,1,200,1,1
XSS,search,1,d34b6784906d3cbb,1,200,1,1
XSS,search,1,885912e45e6fb567,1,200,1,1
XSS,search,1,1d23e46bc407b5b1,1,200,1,1
XSS,search,1,1899c4352fcbba07,1,200,1,1
XSS,search,1,0dd4826e6dec38a8,1,403,0,
XSS,search,1,3d8dd52077d9f891,1,200,1,1
XSS,search,1,88175cf38d07df28,1,200,1,1
XSS,search,1,0783a24bae756658,1,200,1,1
XSS,search,1,5d79bc29163811c6,0,,0,
XSS,search,1,1c03b5a7955df2e8,1,200,1,1
XSS,search,1,f527a07c217ec142,1,200,1,1
XSS,search,1,4c4f94aa85a362af,1,200,1,1
XSS,search,1,6eee4b5855ac9e24,1,403,0,
XSS,search,1,69e4b98c010bc3bd,1,403,0,
XSS,search,1,0e6fc88f0179bb8b,1,200,1,1
XSS,search,1,b555762f83cf50a5,1,200,1,1
XSS,search,1,1c4d1d9225761e22,1,403,0,
XSS,search,1,309f72dc694bcd1f,1,200,1,1
XSS,search,1,0a70b8f207f4c9e2,1,403,0,
XSS,search,1,a00ed0a68dde24b2,1,200,1,1
XSS,search,1,2d8b11adfeb95e25,1,200,1,1
XSS,search,1,aaf02cbe513c851c,1,200,1,1
XSS,search,1,1156f4e1472074ca,1,200,1,1
XSS,search,1,0537e76f2b219637,1,403,0,
XSS,search,1,5802e2e15ecbdcc0,1,200,1,1
XSS,search,1,574991b924fec777,1,200,1,1
XSS,search,1,b3bfdee7f448c0e9,1,200,1,1
XSS,search,1,d94e94846c28527c,1,403,0,
XSS,search,1,7a86849f214d0ebd,1,403,0,
XSS,search,1,2a16fa514df30616,1,200,1,1
XSS,search,1,a0dc692b3011a148,0,,0,
XSS,search,1,68e57897b2025261,1,200,1,1
XSS,search,1,82d3dd080bfe3e41,1,200,1,1
XSS,search,1,5ccb985775981a36,1,200,1,1
XSS,search,1,9edfa692b094b47f,1,200,1,1
XSS,search,1,420772b0d240b461,1,403,0,
XSS,search,1,6bef48bf63c271f3,1,200,1,1
XSS,search,1,a42e8fe5e8cb47c8,1,403,0,
XSS,search,1,b04c63dde3285478,1,200,1,1
XSS,search,1,02d9a7712ff5364d,1,403,0,
XSS,search,1,2ce863a8280f9948,1,200,1,1
XSS,search,1,fb939f2b03a19ec7,1,200,1,1
XSS,search,1,13342943039f5639,1,403,0,
XSS,search,1,1c70e3f8a6002001,0,,0,
XSS,search,1,9467270cfaf5f34f,1,200,1,1
XSS,search,1,5e01774cc91cb99c,0,,0,
XSS,search,1,55ab02c59b057ec2,1,200,1,1
XSS,search,1,19d64926cd505e73,0,,0,
XSS,search,1,1502e4bc404326f7,1,403,0,
XSS,search,1,f1d1da5054860d54,1,200,1,1
XSS,search,1,ba8513d002a79fc3,1,200,1,1
XSS,search,1,0830889161ecfb77,1,403,0,
XSS,search,1,83f606aefed5b993,1,200,1,1
XSS,search,1,9b9182dafcc80dca,1,200,1,1
XSS,search,1,23b51b0f3763ef90,1,200,1,1
XSS,search,1,40d2cf11854287aa,1,403,0,
XSS,search,1,c54f31080efe4066,1,200,1,1
XSS,search,1,88838bd5f4853f9b,1,200,1,1
XSS,search,1,182a8dcee808e2bf,1,403,0,
XSS,search,1,e431ddc4c3944138,1,200,1,1
XSS,search,1,ebd0ef9c93f99d06,1,403,0,
XSS,search,1,2e1e8082f639cf49,1,200,1,1
XSS,search,1,f9be56f7d319531e,1,200,1,1
XSS,search,1,cdc8c138eb6e5bc0,1,200,1,1
XSS,search,1,4c4f94aa85a362af,1,200,1,1
XSS,search,1,e5f2320fd4d178ff,1,200,1,1
XSS,search,1,309f72dc694bcd1f,1,200,1,1
XSS,search,1,fb939f2b03a19ec7,1,200,1,1
XSS,search,1,79a48bc88b2b8238,1,200,1,1
XSS,search,1,227d5addb2ab1bca,1,200,1,1
XSS,search,1,eb777f8d36bf312e,1,200,1,1
XSS,search,1,463ca26521e49525,1,200,1,1
XSS,search,1,dcd0be055c3c1d2e,1,200,1,1
XSS,search,1,f5884bfe03bee7d3,0,,0,
XSS,search,1,0b51c8cd691f9f0b,1,200,1,1
XSS,search,1,f463d95461e755f8,1,403,0,
XSS,search,1,23193129c24456dc,1,200,1,1
XSS,search,1,398c26c6be6af494,1,200,1,1
XSS,search,1,b86c43064b049a32,0,,0,
XSS,search,1,993ec9a8280aa6ba,0,,0,
XSS,search,1,a9fc261e2caaf199,1,403,0,
XSS,search,1,064b0dcdabe2e930,1,200,1,1
XSS,search,1,ea17a0a3ce25d894,1,200,1,1
XSS,search,1,2e6157037050f683,0,,0,
XSS,search,1,d74ae0a745e26084,0,,0,
XSS,search,1,fb626cfa14025ba3,1,200,1,1
XSS,search,1,3b915c6b3313eff7,1,200,1,1
XSS,search,1,efe790dcbd22cf37,1,200,1,1
XSS,search,1,d160e413fc93bea0,1,200,1,1
XSS,search,1,d9f724694ec1e638,1,200,1,1
XSS,search,1,ecbb5d122e4efc61,1,200,1,1
XSS,search,1,d84752d3a7051e75,1,200,1,1
XSS,search,1,739c2a7832d47c90,1,403,0,
XSS,search,1,2aedc544ff4f0c19,0,,0,
XSS,search,1,8b39227d7d393f12,1,200,1,1
XSS,search,1,55e57b7db74c4057,0,,0,
XSS,search,1,19a34be980ed9539,1,200,1,1
XSS,search,1,40d2cf11854287aa,1,403,0,
XSS,search,1,8d4b5f846d35d5f6,1,200,1,1
XSS,search,1,8170615e282867af,1,403,0,
XSS,search,1,201bf8ef3a00fa17,1,200,1,1
XSS,search,1,9467270cfaf5f34f,1,200,1,1
XSS,search,1,9baad56a04f6dd25,1,200,1,1
XSS,search,1,5e424afe28fdff45,0,,0,
XSS,search,1,a00ed0a68dde24b2,1,200,1,1
XSS,search,1,b584dc795ab70b86,0,,0,
XSS,search,1,b7417475301ee4ad,1,200,1,1
XSS,search,1,bb2c17e9101141e4,1,200,1,1
XSS,search,1,4c7ecd908b187cff,1,200,1,1
XSS,search,1,2b1db90ab2334c62,0,,0,
XSS,search,1,90d77ac48f877db3,0,,0,
XSS,search,1,e58d03dfb7d3b1d1,1,200,1,1
XSS,search,1,7c8ed89362b86386,1,200,1,1
XSS,search,1,d3f706cb5487f9a6,1,200,1,1
XSS,search,1,63827cc7fc33a6b5,1,403,0,
XSS,search,1,7c938792627de882,1,200,1,1
XSS,search,1,96da49ab3334ddca,1,200,1,1
XSS,search,1,26ec452f07f6dee7,0,,0,
XSS,search,1,8d541a02df6378c7,1,200,1,1
XSS,search,1,750dd1f051414a52,1,200,1,1
XSS,search,1,a5522dbfcfcc2884,0,,0,
XSS,search,1,d85f1f5676bd3992,1,200,1,1
XSS,search,1,6a37f65fc1e6118c,1,200,1,1
XSS,search,1,4e3eba8f1b898c40,1,200,1,1
XSS,search,1,c57587a21d780a01,1,200,1,1
XSS,search,1,eb5ac66dbf171e78,0,,0,
XSS,search,1,9b769980cf73a577,1,200,1,1
XSS,search,1,cc3a5297ef738b76,1,200,1,1
XSS,search,1,ff7abfa0c87f60af,1,200,1,1
XSS,search,1,5dc284412131bb90,0,,0,
XSS,search,1,c2bfb5315fcab181,1,200,1,1
XSS,search,1,a155dda5eea6d32d,1,200,1,1
XSS,search,1,3dd0a90a57ae79f5,1,200,1,1
XSS,search,1,924db8bd36d88737,1,200,1,1
XSS,search,1,8e0daaafd53260e9,1,200,1,1
XSS,search,1,d85ed3913bf5382d,1,200,1,1
XSS,search,1,47e21c39a79c4b53,1,200,1,1
XSS,search,1,aa96f9dfa8632934,1,200,1,1
XSS,search,1,03a8867391823b13,1,200,1,1
XSS,search,1,39ac61db05aff764,1,403,0,
XSS,search,1,d66f7d8babfbb25e,1,200,1,1
XSS,search,1,4133efc915b56566,1,200,1,1
XSS,search,1,b05a35510ff15288,1,200,1,1
XSS,search,1,9732f91690351487,0,,0,
XSS,search,1,1b337d01b9e0cf5e,1,200,1,1
XSS,search,1,2523762870c22e6a,1,200,1,1
XSS,search,1,401b0b681dc0515b,0,,0,
XSS,search,1,2bb98dd79dbeb6bf,1,200,1,1
XSS,search,1,b95cfdf4e4c44a7a,1,200,1,1
XSS,search,1,b57dbb82052749e8,0,,0,
XSS,search,1,69945cb35d70fad0,0,,0,
XSS,search,1,2b7ca72a7a5f9ba3,1,200,1,1
XSS,search,1,bad8d771d929a64e,1,200,1,1
XSS,search,1,77d5441b751856ed,1,200,1,1
XSS,search,1,feb01e3cc2301506,0,,0,
XSS,search,1,c774d0a8e9cabc02,0,,0,
XSS,search,1,d1234065988da1c8,1,200,1,1
XSS,search,1,89ba50ecb06e6c90,1,200,1,1
XSS,search,1,bb8c64878c348568,1,200,1,1
XSS,search,1,39f2aed4e4a90410,1,200,1,1
XSS,search,1,9251e17f74b2efb6,1,200,1,1
XSS,search,1,b23be35879da9aa4,1,403,0,
XSS,search,1,53350b488a3b208e,1,403,0,
XSS,search,1,44d73a162008003b,1,200,1,1
XSS,search,1,afcdbd1984596985,1,403,0,
XSS,search,1,0efce977e778f4be,1,200,1,1
XSS,search,1,2503d7e1728a241f,0,,0,
XSS,search,1,2c64fc0cdf5d12ad,1,200,1,1
XSS,search,1,cb1a11f7f22fcf07,1,403,0,
XSS,search,1,8f3f66edb7861f85,1,200,1,1
XSS,search,1,89a2ad3f60744384,1,200,1,1
XSS,search,1,aebfcf8c7e561d3d,1,200,1,1
XSS,search,1,5d940d504e1fe120,1,200,1,1
XSS,search,1,3ffe70a48debf7ed,1,200,1,1
XSS,search,1,fb485302b70f6b5a,1,200,1,1
XSS,search,1,678c79bf690277d7,0,,0,
XSS,search,1,d14d239a621828f6,1,403,0,
XSS,search,1,92ecc2af8662abff,1,403,0,
XSS,search,1,8511ef4ef2d8ff46,1,200,1,1
XSS,search,1,36d408ae6324b3b7,0,,0,
XSS,search,1,03ab2139a339cc9c,1,200,1,1
XSS,search,1,fb939f2b03a19ec7,1,200,1,1
XSS,search,1,bf4f0a54deefea33,1,200,1,1
XSS,search,1,e4c6b31acddd14f7,0,,0,
XSS,search,1,0c73a20dfc8871f2,1,200,1,1
XSS,search,1,6df9899959f218c8,1,200,1,1
XSS,search,1,392282607c401794,1,403,0,
XSS,search,1,0c05ffa6c4ddb2a4,1,200,1,1
XSS,search,1,492af1cf3c4c898a,1,403,0,
XSS,search,1,2b9dfdfe7d902b4d,1,200,1,1
XSS,search,1,d6be05911d5bc527,1,200,1,1
XSS,search,1,e907ca9c49b6295d,1,403,0,
XSS,search,1,60c7168a614bf1d3,0,,0,
XSS,search,1,58919383df4be055,0,,0,
XSS,search,1,cfa1785fc7aa2726,0,,0,
XSS,search,1,c53873a35c56048e,0,,0,
XSS,search,1,b57e71fedb88861c,1,200,1,1
XSS,search,1,9433a862a12765bc,1,403,0,
XSS,search,1,35b06bd09e1542a3,0,,0,
XSS,search,1,250d5cda7ee5c6ca,0,,0,
XSS,search,1,08bcc9342125d4d3,0,,0,
XSS,search,1,b1cc81bd0980bab0,1,200,1,1
XSS,search,1,b44cbe265a8e9039,1,403,0,
XSS,search,1,4b9197ba117ef474,1,403,0,
XSS,search,1,a62d024de8029d7d,1,200,1,1
XSS,search,1,6c8d738f222a27ae,1,200,1,1
XSS,search,1,da4b2de53e2e9d00,0,,0,
XSS,search,1,6cba9e8397a69720,1,200,1,1
XSS,search,1,124d58ec3cecc337,0,,0,
XSS,search,1,df6d1425c3fdf24d,1,403,0,
XSS,search,1,afc356cc4686ab8d,1,200,1,1
XSS,search,1,5ba874656988d08d,1,403,0,
XSS,search,1,457d452c582b2a82,1,200,1,1
XSS,search,1,8f599d8ae6ba3bac,1,403,0,
XSS,search,1,1864fcdcb75e234e,1,200,1,1
XSS,search,1,25badfc3b8a1912f,0,,0,
XSS,search,1,c495d0dc42accc73,1,403,0,
XSS,search,1,7fbf5e96b4974132,1,200,1,1
XSS,search,1,272ffaf8d4515e01,1,200,1,1
XSS,search,1,2e171b7044194755,1,200,1,1
XSS,search,1,e6b23ffae017ea0e,1,200,1,1
XSS,search,1,411f09487b3c02ee,1,403,0,
XSS,search,1,32d30ed7b7e3d872,1,200,1,1
XSS,search,1,a0b10b1f60d2c3e9,1,200,1,1
XSS,search,1,2c617e49bbb659a5,1,200,1,1
XSS,search,1,47583d297ba6208a,1,200,1,1
XSS,search,1,14a10f4705e5306c,1,200,1,1
XSS,search,1,62e0c5ec24ab92e5,1,200,1,1
XSS,search,1,61b2bd8dfcaa7975,0,,0,
XSS,search,1,0dab98bea2a16b66,1,200,1,1
XSS,search,1,5de8e8fb8c60d964,1,200,1,1
XSS,search,1,dc08f9795fbfb0a4,1,200,1,1
XSS,search,1,3fcd1628aee662ea,1,200,1,1
XSS,search,1,b6c22d0ef8a3a5db,1,200,1,1
XSS,search,1,ec4a782ae3edb759,1,200,1,1
XSS,search,1,fd6f56f6d980e6e0,0,,0,
XSS,search,1,2cd0654c402f3fd0,1,200,1,1
XSS,search,1,9ae0a059eae7a40f,1,200,1,1
XSS,search,1,3269314a8e489e43,1,200,1,1
XSS,search,1,9b7379845f439474,1,200,1,1
XSS,search,1,e76dfdc7398c75ba,1,200,1,1
XSS,search,1,21b43e3115bcd025,1,403,0,
XSS,search,1,def15eda3a98930b,1,403,0,
XSS,search,1,97fb21a14d264b80,0,,0,
XSS,search,1,6638d4817d08587d,1,200,1,1
XSS,search,1,d2aed7115b9703ee,1,403,0,
XSS,search,1,449d7b56b4177cff,1,200,1,1
XSS,search,1,ab38978321fe87c6,0,,0,
XSS,search,1,4686ce13a3e5b46b,1,200,1,1
XSS,search,1,3beada10b9a8d952,1,200,1,1
XSS,search,1,c637d517adfdb37f,0,,0,
XSS,search,1,f4027bde3cdf1654,1,403,0,
XSS,search,1,acfff8783799fcd8,1,200,1,1
XSS,search,1,e57e5459d6f54114,1,200,1,1
XSS,search,1,afb0f454ee7e0fd7,0,,0,
XSS,search,1,246be2d9100bc8f4,1,403,0,
XSS,search,1,2f062652bce7ddcb,1,403,0,
XSS,search,1,35c0c51ab8456538,1,200,1,1
XSS,calc,2,aa2822c0065bfaa2,0,,0,
XSS,calc,2,a39f561169c2985d,0,,0,
XSS,calc,2,6394c4a5408ebd42,0,,0,
XSS,calc,2,07f6ddae888b6431,1,200,1,1
XSS,calc,2,103e6c9d7143c2d9,0,,0,
XSS,calc,2,80a43895fca9ddc5,1,403,0,
XSS,calc,2,f00a6ee9bf94f733,0,,0,
XSS,calc,2,01117bcb1dbc4d98,1,403,0,
XSS,calc,2,8d492e3464010cd2,0,,0,
XSS,calc,2,d6271afcfb0279d4,1,200,1,1
XSS,calc,2,8a6fd46443fb17f2,0,,0,
XSS,calc,2,a33665ff3511d8a3,0,,0,
XSS,calc,2,8a10b8e6c523ea68,0,,0,
XSS,calc,2,94f96691bbdd8e79,0,,0,
XSS,calc,2,bb8f359a302cc52c,0,,0,
XSS,calc,2,65cde60785fe75fd,1,403,0,
XSS,calc,2,bc4f6341c1edffec,0,,0,
XSS,calc,2,f9bf9095581c78fe,1,403,0,
XSS,calc,2,85594f2cecacdfcf,0,,0,
XSS,calc,2,846aadf657023396,0,,0,
XSS,calc,2,a817f74197ceda1d,0,,0,
XSS,calc,2,5c6ed9baeacb2dd9,0,,0,
XSS,calc,2,79708d48efe07257,1,403,0,
XSS,calc,2,1e6d71d73373b475,0,,0,
XSS,calc,2,1b1be9bf9120f5c2,1,403,0,
XSS,calc,2,2194b07018868c26,0,,0,
XSS,calc,2,1ad8f144aefdeecc,0,,0,
XSS,calc,2,2d791719011601d4,1,403,0,
XSS,calc,2,b89d4785979f3242,0,,0,
XSS,calc,2,498cad0908757c9d,1,403,0,
XSS,calc,2,edd3dae8083aa99b,0,,0,
XSS,calc,2,6957244f1453a68b,1,403,0,
XSS,calc,2,235e55eea35bc970,1,403,0,
XSS,calc,2,0f4d094ca840afe3,0,,0,
XSS,calc,2,7b94015b0fefe237,1,200,1,1
XSS,calc,2,4fd53a2a8146eaa3,1,403,0,
XSS,calc,2,1f073acd72afaae8,0,,0,
XSS,calc,2,977ec0c48fa0dd6a,1,403,0,
XSS,calc,2,9cc5b3e1dfa9ace3,1,403,0,
XSS,calc,2,4b93314f07a4d67b,0,,0,
XSS,calc,2,c84123cfd2facd34,1,403,0,
XSS,calc,2,48a591255fb280a0,1,403,0,
XSS,calc,2,34b373680a080fc8,1,403,0,
XSS,calc,2,25b4039699ec9618,0,,0,
XSS,calc,2,b399953670e448db,1,403,0,
XSS,calc,2,60dc29416a9bfa90,0,,0,
XSS,calc,2,2f8aa963b57dfe32,0,,0,
XSS,calc,2,57147ffc093dc6e9,0,,0,
XSS,calc,2,32bb232f241cc4b4,0,,0,
XSS,calc,2,7386539136622caf,0,,0,
XSS,calc,2,2dac7dbce59514cc,0,,0,
XSS,calc,2,be5f759457573d86,0,,0,
XSS,calc,2,969ae001a47f1626,0,,0,
XSS,calc,2,9d2d4913a7f615fc,0,,0,
XSS,calc,2,8327f9d6326cce41,0,,0,
XSS,calc,2,37330da094fa7407,1,200,1,1
XSS,calc,2,dcd4fed2eb1162b9,0,,0,
XSS,calc,2,2ac602bed2b48361,0,,0,
XSS,calc,2,e2bcf2efb8d60ae1,0,,0,
XSS,calc,2,4053ab23c31800c8,0,,0,
XSS,calc,2,80d6a3f8d1cd3eb2,0,,0,
XSS,calc,2,c5bde5b611ab743f,0,,0,
XSS,calc,2,c81361fdb1f8adb3,0,,0,
XSS,calc,2,bea2137d7783b915,0,,0,
XSS,calc,2,0c50c057816532d0,0,,0,
XSS,calc,2,8d4e02af9a1e3616,0,,0,
XSS,calc,2,952fbdd845eaf3f6,0,,0,
XSS,calc,2,ea1099f951ba60b9,1,200,1,1
XSS,calc,2,b9e2c00e5efff65c,1,200,1,1
XSS,calc,2,99e0c888ac42c4d4,0,,0,
XSS,calc,2,22799a69a2994c51,0,,0,
XSS,calc,2,c90acc48399db8de,0,,0,
XSS,calc,2,aae9df0e5195921d,1,200,1,1
XSS,calc,2,25a8b19c99b49157,0,,0,
XSS,calc,2,efe0b3f55c1b91b1,0,,0,
XSS,calc,2,ae20701a0fea4d8f,0,,0,
XSS,calc,2,527b8c9b29e0a558,1,403,0,
XSS,calc,2,9dac2c2834372025,0,,0,
XSS,calc,2,aaf9a6de586dc048,0,,0,
XSS,calc,2,5a26ed5526f499b2,0,,0,
XSS,calc,2,55c4808976d43dcb,0,,0,
XSS,calc,2,315569158ce0a523,0,,0,
XSS,calc,2,f37ee6ca79843e76,1,403,0,
XSS,calc,2,8fab0e2d17ab7bf6,1,200,1,1
XSS,calc,2,70a2ebd5d14b06bc,1,200,1,1
XSS,calc,2,e3ef17afc8fa4b32,1,403,0,
XSS,calc,2,f3470093ffdb1631,1,200,1,1
XSS,calc,2,337a99182e6e436d,1,403,0,
XSS,calc,2,b803cc2b0a03fb04,0,,0,
XSS,calc,2,e2888d6b53ea3705,1,403,0,
XSS,calc,2,df1ed5f215155d06,0,,0,
XSS,calc,2,d88e85c412c67dbe,0,,0,
XSS,calc,2,9acd0df4b1ac407f,1,403,0,
XSS,calc,2,a7657ebe911f5d58,0,,0,
XSS,calc,2,5b5037afb0bb5f7f,0,,0,
XSS,calc,2,0c6aaf967f275d04,1,403,0,
XSS,calc,2,bad0335596101e9b,1,403,0,
XSS,calc,2,f54e337e84fc5168,1,200,1,1
XSS,calc,2,39090c9d849e1ac9,1,200,1,1
XSS,calc,2,7e8b6fab3dd0f7e1,1,200,1,1
XSS,calc,2,cc3572bcd11182bd,1,200,1,1
XSS,calc,2,2792987b9cf877d6,1,403,0,
XSS,calc,2,66115f6afdf09901,0,,0,
XSS,calc,2,f15ff900c7d362a1,1,403,0,
XSS,calc,2,3f1c2675a2c10687,0,,0,
XSS,calc,2,08f75e9554e0b77a,0,,0,
XSS,calc,2,b51b2e9b633ecea3,0,,0,
XSS,calc,2,c79905755d971b00,0,,0,
XSS,calc,2,399e765bbb24bc33,1,403,0,
XSS,calc,2,ee7e19bde8cf2f1d,1,403,0,
XSS,calc,2,cb9270fc804d01aa,0,,0,
XSS,calc,2,95661bb29665ce0d,1,403,0,
XSS,calc,2,21ea454394c5eaa5,1,403,0,
XSS,calc,2,2aa3b1969e7dc6db,1,403,0,
XSS,calc,2,6bca43a9701fe4c0,1,200,1,1
XSS,calc,2,8ccc746d27967468,0,,0,
XSS,calc,2,e068d2ebbb3feb7d,1,403,0,
XSS,calc,2,be5f5ceaa497480c,1,403,0,
XSS,calc,2,d641a358cdc92ea9,0,,0,
XSS,calc,2,5f876d4f637d7c1e,1,403,0,
XSS,calc,2,c1f05c62fc13186f,1,200,1,1
XSS,calc,2,90f7dea5df997605,1,200,1,1
XSS,calc,2,74c6d7a8bd7ecd86,0,,0,
XSS,calc,2,e2cef4f4bd410833,1,403,0,
XSS,calc,2,63e0151514b83af7,1,403,0,
XSS,calc,2,3d6c259f4667afbb,1,403,0,
XSS,calc,2,4d9af9e1322fd029,1,403,0,
XSS,calc,2,c408ecf18ac4e402,1,200,1,1
XSS,calc,2,0045cd9b6e7ba9e0,0,,0,
XSS,calc,2,ae6e279c29a165e6,0,,0,
XSS,calc,2,09e76a886c22e778,0,,0,
XSS,calc,2,bd3b23800ee963e0,0,,0,
XSS,calc,2,dc8fe75e149e4e09,0,,0,
XSS,calc,2,14ad7b9cb146af1f,0,,0,
XSS,calc,2,02a845ce2f60e46f,0,,0,
XSS,calc,2,0652c73f0b834f86,1,200,1,1
XSS,calc,2,a80a1f0ed46cdada,0,,0,
XSS,calc,2,1c42456ee3575fbe,0,,0,
XSS,calc,2,68af09bed2a0a9aa,0,,0,
XSS,calc,2,c5f911e28a9f797a,0,,0,
XSS,calc,2,3656529ebc0ee241,0,,0,
XSS,calc,2,877640fa6e075003,1,403,0,
XSS,calc,2,c66936bd981e2f40,0,,0,
XSS,calc,2,1052921647152c3c,0,,0,
XSS,calc,2,15ed6cb29ba5edd4,0,,0,
XSS,calc,2,30e0a1af515b48bc,0,,0,
XSS,calc,2,e0444635f3181d11,1,403,0,
XSS,calc,2,f85d04719f233609,0,,0,
XSS,calc,2,cda51570003b72d1,0,,0,
XSS,calc,2,58520039c1003a79,1,200,1,1
XSS,calc,2,6f419c88fb68d6eb,1,200,1,1
XSS,calc,2,7809119078f3fb91,0,,0,
XSS,calc,2,f4ff58ba9a4e0a1c,1,200,1,1
XSS,calc,2,90248dd3d07236e3,1,200,1,1
XSS,calc,2,0892bcacef512770,1,403,0,
XSS,calc,2,00e8207b9cf08334,1,403,0,
XSS,calc,2,8c29db562237f80e,1,200,1,1
XSS,calc,2,d6eccefed40105bf,1,403,0,
XSS,calc,2,84dacc1337401312,1,403,0,
XSS,calc,2,a8bf059e09b7f35f,0,,0,
XSS,calc,2,f1d450a0fd1a671a,1,403,0,
XSS,calc,2,5807cc293c72ce5d,0,,0,
XSS,calc,2,1dc651aea3b63f49,1,200,1,1
XSS,calc,2,b2d448a6d94b532c,0,,0,
XSS,calc,2,937c4695e5854b41,1,200,1,1
XSS,calc,2,5594be07fd1ae57b,1,200,1,1
XSS,calc,2,0c821dd1fd3f0b20,0,,0,
XSS,calc,2,c9ef30eaa32e3e76,1,200,1,1
XSS,calc,2,e6936be1a0f65f14,1,403,0,
XSS,calc,2,d7818ee0153138a7,1,200,1,1
XSS,calc,2,0eb6be6fb23ff9cf,1,200,1,1
XSS,calc,2,d5a2b628fe56ab2d,1,403,0,
XSS,calc,2,4e53f2236b74c550,1,200,1,1
XSS,calc,2,f4c68641c8ff0f26,0,,0,
XSS,calc,2,862fbb1a04b420db,1,200,1,1
XSS,calc,2,96dd1a0de4b6b9da,1,200,1,1
XSS,calc,2,e96edf90a0baeead,1,200,1,1
XSS,calc,2,d26dd65afec386eb,1,403,0,
XSS,calc,2,58a1ed91eb8af005,1,200,1,1
XSS,calc,2,734330516d4f862b,0,,0,
XSS,calc,2,589b58b6bbfbfb67,1,403,0,
XSS,calc,2,c70cb44b756d3ae0,0,,0,
XSS,calc,2,d48e2c705e7a7901,1,200,1,1
XSS,calc,2,4c55cf31fd9efcb0,1,403,0,
XSS,calc,2,4071e63c7d85a952,1,200,1,1
XSS,calc,2,4ea4b00489f4ea47,0,,0,
XSS,calc,2,e1e995319646c311,1,403,0,
XSS,calc,2,efe256f84ba3a20d,1,403,0,
XSS,calc,2,b264f0fa241d27dd,1,200,1,1
XSS,calc,2,1434a25bed31065e,1,200,1,1
XSS,calc,2,34d11535036519b1,0,,0,
XSS,calc,2,7c14da59c741a723,1,403,0,
XSS,calc,2,2a265109acd0264e,1,200,1,1
XSS,calc,2,4a9aaea9b1f86768,1,200,1,1
XSS,calc,2,8322338a0710dfc0,0,,0,
XSS,calc,2,e92d147eaecab690,1,200,1,1
XSS,calc,2,4d2f27a28a02f985,1,200,1,1
XSS,calc,2,86bbecba947036d0,1,200,1,1
XSS,calc,2,52266c2594788725,1,200,1,1
XSS,calc,2,eba56615a38e149a,1,200,1,1
XSS,calc,2,1452810ca1c8dbf8,1,200,1,1
XSS,calc,2,7b1efba7aa749d3d,1,200,1,1
XSS,calc,2,db412c8fa1fffc46,1,200,1,1
XSS,calc,2,470b21b3eb402af2,1,200,1,1
XSS,calc,2,5ee88b22a5e9e0a7,1,200,1,1
XSS,calc,2,529c3205aa27458e,1,200,1,1
XSS,calc,2,3dd15d958c5b65b0,1,200,1,1
XSS,calc,2,1626024dd47c4bc7,1,200,1,1
XSS,calc,2,7722900126418b4b,1,200,1,1
XSS,calc,2,9afab06c735d213b,1,200,1,1
XSS,calc,2,6132523f5e15f008,1,200,1,1
XSS,calc,2,331437c74bdc5537,1,200,1,1
XSS,calc,2,40910b5a2be6a5d5,0,,0,
XSS,calc,2,252bc3cda9043d4e,1,403,0,
XSS,calc,2,7529fe6f8ae72270,1,200,1,1
XSS,calc,2,ce44cd56a3226ac1,1,200,1,1
XSS,calc,2,63f48835f5e5baee,1,200,1,1
XSS,calc,2,22f00374da95525a,1,403,0,
XSS,calc,2,6c20c48857cbe504,1,200,1,1
XSS,calc,2,504045d98d93e931,1,200,1,1
XSS,calc,2,6d66dd75cd039c6e,0,,0,
XSS,calc,2,1e114ca8b238225d,1,403,0,
XSS,calc,2,8f83cebc0dea3c5e,1,200,1,1
XSS,calc,2,d7440ebd2c50fea0,1,200,1,1
XSS,calc,2,87c66ec827bf7ab8,1,200,1,1
XSS,calc,2,8bfcf07b425689de,1,200,1,1
XSS,calc,2,2603c0a277b60bf9,1,200,1,1
XSS,calc,2,1d8429de615e7867,1,200,1,1
XSS,calc,2,1fa3d03be8b50413,1,200,1,1
XSS,calc,2,e41f07003ca60df5,0,,0,
XSS,calc,2,e034205424bc9b04,0,,0,
XSS,calc,2,e460844dd0d8b833,0,,0,
XSS,calc,2,ca32a68b0308abd8,0,,0,
XSS,calc,2,b555f61af484c2a5,0,,0,
XSS,calc,2,6eb0cf34a00eeb5e,0,,0,
XSS,calc,2,b47a10d95f3c9e4d,1,200,1,1
XSS,calc,2,d1a3559cf1e83b9e,1,403,0,
XSS,calc,2,4bcd762c268412bf,0,,0,
XSS,calc,2,2dbe7c011da65885,1,403,0,
XSS,calc,2,54112b457d6d2716,0,,0,
XSS,calc,2,a765de8171fb53ca,0,,0,
XSS,calc,2,4a3e7243fc48922b,0,,0,
XSS,calc,2,98667ad2c9a426bb,1,403,0,
XSS,calc,2,f771a85b5d8ae505,1,200,1,1
XSS,calc,2,37ab9d29a4acbdf7,0,,0,
XSS,calc,2,7e3fb5b0ca39846b,1,403,0,
XSS,calc,2,4a44f9259f0a1db8,1,200,1,1
XSS,calc,2,5df096b84f9134aa,1,200,1,1
XSS,calc,2,17e46473e4597e71,1,200,1,1
XSS,calc,2,d2153e97417e11ed,1,200,1,1
XSS,calc,2,43e5ff76e80894a9,1,200,1,1
XSS,calc,2,3fe44f6080956e9a,1,200,1,1
XSS,calc,2,470b8388edbf412f,1,200,1,1
XSS,calc,2,8ca5b0e6925130de,1,200,1,1
XSS,calc,2,538e47142c688321,1,200,1,1
XSS,calc,2,02f747dc528d98f6,1,200,1,1
XSS,calc,2,51ff76d21d494114,1,200,1,1
XSS,calc,2,eb7c6c3ad51c9db7,1,200,1,1
XSS,calc,2,36912fe2c3cdd05c,1,200,1,1
XSS,calc,2,0a46aebe226cfdf2,1,200,1,1
XSS,calc,2,f9de3693b8c16fdd,1,200,1,1
XSS,calc,2,50f2c413affad7dd,1,200,1,1
XSS,calc,2,cbed9127ca318967,1,200,1,1
XSS,calc,2,bab6fa02bafe91d7,1,200,1,1
XSS,calc,2,e6cbe2e20612f8c4,1,403,0,
XSS,calc,2,aa0eaac48b84bf49,1,403,0,
XSS,calc,2,ae2455745e9418f6,1,403,0,
XSS,calc,2,8472ec61bed8aaae,1,200,1,1
XSS,calc,2,e0c1d5e0070d47c0,1,403,0,
XSS,calc,2,1545c13a7d267462,1,403,0,
XSS,calc,2,d9ff746bf8a4e0c5,1,403,0,
XSS,calc,2,ee274e73ec95521b,1,200,1,1
XSS,calc,2,20d1d5c2adaeb964,1,403,0,
XSS,calc,2,3a63fd28f950cbda,1,403,0,
XSS,calc,2,3b977267cd6bb579,1,200,1,1
XSS,calc,2,76d90a7489eb7028,1,200,1,1
XSS,calc,2,03cb1335fcec9a19,1,403,0,
XSS,calc,2,53aefc939f3df80c,0,,0,
XSS,calc,2,e8a88c38312dfc4a,1,403,0,
XSS,calc,2,1e9f0be9e4a23de9,1,200,1,1
XSS,calc,2,beed2485b14b094b,1,403,0,
XSS,calc,2,537778f24649ffea,0,,0,
XSS,calc,2,45676eefe5852373,1,200,1,1
XSS,calc,2,aa89dd036f3a8b51,1,200,1,1
XSS,calc,2,10b9dd1575cefc2c,1,200,1,1
XSS,calc,2,be784e8b8728c2f0,1,200,1,1
XSS,calc,2,a283528c8cc036cd,1,200,1,1
XSS,calc,2,e72496b4143ca6ac,1,403,0,
XSS,calc,2,8e321960b7d20bd9,0,,0,
XSS,calc,2,0b87de3573b14447,1,200,1,1
XSS,calc,2,4a9cc0ea7b4bde7e,0,,0,
XSS,calc,2,d54e7f167c576926,1,403,0,
XSS,calc,2,ed7663250fea62b7,1,403,0,
XSS,calc,2,7488039397950610,0,,0,
XSS,calc,2,86844be858d9dd7f,0,,0,
XSS,calc,2,f4053aa1839c5b01,1,200,1,1
XSS,calc,2,241f59cb87b6bfff,1,200,1,1
XSS,calc,2,d28dd5a1bc42bd4b,1,200,1,1
XSS,calc,2,a5cf3108b9f81a20,1,200,1,1
XSS,calc,2,58c5a0d364fd9def,1,200,1,1
XSS,calc,2,ab425103594d4a2c,1,200,1,1
XSS,calc,2,7e05c08470c960e5,1,200,1,1
XSS,calc,2,7ba47ce08055d5e5,1,200,1,1
XSS,calc,2,8f96042ebf26a9a1,1,200,1,1
XSS,calc,2,0114dd6792ab2e1d,1,200,1,1
XSS,calc,2,a0eedf71b9155bba,1,200,1,1
XSS,calc,2,5756e0eb4c6cee48,1,200,1,1
XSS,calc,2,8b871469a21437fc,1,200,1,1
XSS,calc,2,41504a5267c1f93e,1,200,1,1
XSS,calc,2,de7235d94d0ac13a,1,200,1,1
XSS,calc,2,aca64c25ff2017f7,1,200,1,1
XSS,calc,2,7a9f6a68ad94db01,1,200,1,1
XSS,calc,2,2513f67e68a041c9,1,200,1,1
XSS,calc,2,5e4b61c3d6dd443e,1,200,1,1
XSS,calc,2,f796a4d66f8265c6,0,,0,
XSS,calc,2,8630213c14073a2c,1,200,1,1
XSS,calc,2,67149994f6c3e20c,1,200,1,1
XSS,calc,2,0ee4f07d733a4a2e,1,200,1,1
XSS,calc,2,2b474ad702a454d6,1,200,1,1
XSS,calc,2,65ec904235446cbb,1,200,1,1
XSS,calc,2,0bc179891f3e87cb,1,200,1,1
XSS,calc,2,de8b590d9e7e8b94,1,200,1,1
XSS,calc,2,b4170f6ed781fb13,1,200,1,1
XSS,calc,2,0c13a49dd5c59010,1,200,1,1
XSS,calc,2,636a3e231780c854,1,200,1,1
XSS,calc,2,990ef84f76183c82,1,200,1,1
XSS,calc,2,08ef87120eefd8e2,1,200,1,1
XSS,calc,2,f0d8ba9c6d714a5e,1,200,1,1
XSS,calc,2,bc845be1ec881596,1,200,1,1
XSS,calc,2,6350942cb3e4d8d0,1,200,1,1
XSS,calc,2,bdc27325bf53a3bc,1,200,1,1
XSS,calc,2,37ee315967f2ec53,1,200,1,1
XSS,calc,2,8454ca99d2fceb82,1,200,1,1
XSS,calc,2,58de399516175a9d,1,200,1,1
XSS,calc,2,51be55db982233a5,1,200,1,1
XSS,calc,2,23d95ec2521b76d6,1,200,1,1
XSS,calc,2,df48f5f651da84b2,1,200,1,1
XSS,calc,2,627173954c755bd1,1,200,1,1
XSS,calc,2,47ad0dd09e61af03,1,200,1,1
XSS,calc,2,6cd49e532dbfb2fd,0,,0,
XSS,calc,2,73a6283c058d0b9e,1,200,1,1
XSS,calc,2,45ff51fe10b648d6,1,200,1,1
XSS,calc,2,5dcfbb23debb2a38,1,200,1,1
XSS,calc,2,33dd88d4ba8481f9,1,200,1,1
XSS,calc,2,147658ce60177c48,1,200,1,1
XSS,calc,2,1a6864bc3e2c6c64,1,200,1,1
XSS,calc,2,14bbcfe7388352c5,1,200,1,1
XSS,calc,2,fa1ab126951c8da1,1,200,1,1
XSS,calc,2,552dc10bf31b7dfb,1,200,1,1
XSS,calc,2,621795be493ad12e,1,200,1,1
XSS,calc,2,3f47ef93655b030b,1,200,1,1
XSS,calc,2,051dd93a3253b09e,1,200,1,1
XSS,calc,2,2a0f9d8d86e34e23,1,200,1,1
XSS,calc,2,b4b84746aa5b584b,1,200,1,1
XSS,calc,2,3fa1f2321c56c023,1,200,1,1
XSS,calc,2,787d24e8e04892c2,1,200,1,1
XSS,calc,2,0f896ea686b63673,1,200,1,1
XSS,calc,2,7d6e95702f7dc8f3,1,200,1,1
XSS,calc,2,a97af059e09cc186,1,200,1,1
XSS,calc,2,924406a419ba5e38,1,200,1,1
XSS,calc,2,09bafb2ab29d1427,1,200,1,1
XSS,calc,2,474d010e6bb0ba0f,1,200,1,1
XSS,calc,2,b64c6f3a9f61090f,1,200,1,1
XSS,calc,2,3fd55169fec3ed6f,0,,0,
XSS,calc,2,40875fde89a16ed2,1,403,0,
XSS,calc,2,df46e4aca3f32c96,1,200,1,1
XSS,calc,2,84c3d420e9d9adfb,1,200,1,1
XSS,calc,2,435564d9dfd77a69,1,200,1,1
XSS,calc,2,91201eb81fe26cb4,1,200,1,1
XSS,calc,2,0300a9856860605d,0,,0,
XSS,calc,2,85beef45fa2ca4a1,1,200,1,1
XSS,calc,2,d9793e629fe11c6f,1,200,1,1
XSS,calc,2,a60a451046143c6c,1,200,1,1
XSS,calc,2,6815535127fd17f6,1,200,1,1
XSS,calc,2,0dfb6e4bad30c125,1,200,1,1
XSS,calc,2,9720e4521dd41bb4,0,,0,
XSS,calc,2,498d6ae25c4ef416,1,200,1,1
XSS,calc,2,1c2ea1647dde2fda,1,200,1,1
XSS,calc,2,c740be255e5d2474,1,200,1,1
XSS,calc,2,5a80e0e6eacd1d5a,1,200,1,1
XSS,calc,2,a49b4954f845eb70,1,200,1,1
XSS,calc,2,402db1ffbcbb3522,0,,0,
XSS,calc,2,7fe136668176bee7,0,,0,
XSS,calc,2,d7d932380deead09,0,,0,
XSS,calc,2,8756ff60f7eedba8,1,200,1,1
XSS,calc,2,a1e007ba1fe6d65a,0,,0,
XSS,calc,2,00330d5d25f1a05f,0,,0,
XSS,calc,2,e8167cacd20a5dc0,1,200,1,1
XSS,calc,2,ecbe05f0b5c7461b,0,,0,
XSS,calc,2,38e1750f2aa74ae2,0,,0,
XSS,calc,2,4cdd0e5fc557138d,0,,0,
XSS,calc,2,07783c2ed278e6aa,0,,0,
XSS,calc,2,3d610ee0fffbd4da,0,,0,
XSS,calc,2,278e65a12bbbc6a3,0,,0,
XSS,calc,2,ace69007337710e4,1,200,1,1
XSS,calc,2,31636ae1e350022a,0,,0,
XSS,calc,2,fcbe120f32ca0d90,1,200,1,1
XSS,calc,2,def64a72f3f7abf0,1,200,1,1
XSS,calc,2,859efcf57f506fe3,1,200,1,1
XSS,calc,2,8e23b14f5175be62,1,200,1,1
XSS,calc,2,759017847306cf77,1,200,1,1
XSS,calc,2,5af3e6eaedeb223d,1,200,1,1
XSS,calc,2,899e1395d3fdb692,1,200,1,1
XSS,calc,2,3f688b3f339982bf,1,200,1,1
XSS,calc,2,6188c53f1f091329,1,200,1,1
XSS,calc,2,57d8128daed8ca20,1,200,1,1
XSS,calc,2,7a7341618a8afa49,1,200,1,1
XSS,calc,2,74b81dcc5a9a79fa,1,200,1,1
XSS,calc,2,c5d800848745efd6,1,200,1,1
XSS,calc,2,c24188002d11dca0,1,200,1,1
XSS,calc,2,3df7480a6d5209e1,1,200,1,1
XSS,calc,2,694028ad9c8f342f,1,200,1,1
XSS,calc,2,5ae20d24cb7bf746,1,200,1,1
XSS,calc,2,dace529caab25076,0,,0,
XSS,calc,2,318e5c77432ac85e,0,,0,
XSS,calc,2,afaa6de4d5276511,0,,0,
XSS,calc,2,34cccca205ffd94d,1,200,1,1
XSS,calc,2,d20fb293c15c58cb,1,403,0,
XSS,calc,2,7516bb77a8578cfb,0,,0,
XSS,calc,2,dfaecb5c67e0fa0c,1,200,1,1
XSS,calc,2,3830adfb55d34ccc,0,,0,
XSS,calc,2,c26b56da45e03485,0,,0,
XSS,calc,2,a341ef74f303508d,1,403,0,
XSS,calc,2,1b2b2d6c02712813,1,403,0,
XSS,calc,2,c38690aa66140f97,0,,0,
XSS,calc,2,c50bff421f4c5b95,1,403,0,
XSS,calc,2,3091cc6a9a6c68a8,1,403,0,
XSS,calc,2,7cef61d6f57e9fe7,1,403,0,
XSS,calc,2,1b05fb2d20370daf,1,403,0,
XSS,calc,2,4d4ecf98339681ea,0,,0,
XSS,calc,2,10b22acd7706c501,0,,0,
XSS,calc,2,be52dcb31490e12d,1,200,1,1
XSS,calc,2,dcbc15c05c7e1859,1,200,1,1
XSS,calc,2,80faa46597b4a2fd,1,200,1,1
XSS,calc,2,4c15b4f249c3cae8,1,200,1,1
XSS,calc,2,aaa1a6ef65447215,1,403,0,
XSS,calc,2,7c4dc8f1358d912b,1,200,1,1
XSS,calc,2,10a99556848df6a8,1,200,1,1
XSS,calc,2,a82b1a75d467707b,1,200,1,1
XSS,calc,2,a33c3708c151c886,1,200,1,1
XSS,calc,2,3149832de678cc5e,1,200,1,1
XSS,calc,2,ab826c488ad22805,1,200,1,1
XSS,calc,2,e50f277bef8bded7,1,200,1,1
XSS,calc,2,a68eb20794dd0ac0,1,200,1,1
XSS,calc,2,288058eab07501ce,1,200,1,1
XSS,calc,2,41737590cc80df99,1,200,1,1
XSS,calc,2,22dceb3b8e332eac,1,200,1,1
XSS,calc,2,bdb527e24f441c2a,1,200,1,1
XSS,calc,2,c02ab60437487a0e,1,200,1,1
XSS,calc,2,33742cbe4d6bb2eb,1,200,1,1
XSS,calc,2,bef88358bd2e1e9e,1,200,1,1
XSS,calc,2,db875ff5d25ff7c6,1,200,1,1
XSS,calc,2,61a8519f2056082c,1,200,1,1
XSS,calc,2,5553817230143854,1,200,1,1
XSS,calc,2,e0e26642ca595ef1,1,200,1,1
XSS,calc,2,00853e98f22b477c,1,200,1,1
XSS,calc,2,c8572ae6f7247b9f,1,200,1,1
XSS,calc,2,d917cb8dbcf0f800,1,200,1,1
XSS,calc,2,fdcd99ca65e32be2,1,200,1,1
XSS,calc,2,71e30348e1073971,1,200,1,1
XSS,calc,2,92a1ecd82f1d06b8,1,200,1,1
XSS,calc,2,5a86d4e9b84a89a1,1,200,1,1
XSS,calc,2,4dd62e58049c5e55,1,200,1,1
XSS,calc,2,3b1b448b958041b8,1,200,1,1
XSS,calc,2,19a94bd78e59211f,0,,0,
XSS,calc,2,43914d08021bf1a5,1,200,1,1
XSS,calc,2,5a7f3d984e31a14b,1,200,1,1
XSS,calc,2,62d2566d7587e1be,1,200,1,1
XSS,calc,2,de08e12d53c4486d,1,403,0,
XSS,calc,2,40025dc878ad320e,1,200,1,1
XSS,calc,2,c185ee6740d3bf5d,1,200,1,1
XSS,calc,2,cdd6c3cc882a8431,1,200,1,1
XSS,calc,2,4c574b3f66e51e02,1,200,1,1
XSS,calc,2,029e83aafd8cba94,1,200,1,1
XSS,calc,2,b95c396637eb5e1a,1,200,1,1
XSS,calc,2,53f7d9a6550bf983,1,200,1,1
XSS,calc,2,ccd174f65011077d,1,200,1,1
XSS,calc,2,bce151732dd8af60,1,200,1,1
XSS,calc,2,3f7da3ea37705261,1,200,1,1
XSS,calc,2,d1206376270be1fe,1,200,1,1
XSS,calc,2,e909d22f5582da02,0,,0,
XSS,calc,2,02b6b4d2879a1926,0,,0,
XSS,calc,2,90a3d349209f52ab,0,,0,
XSS,calc,2,d113217e0e31c1c1,0,,0,
XSS,calc,2,de113d348f17ac61,0,,0,
XSS,calc,2,d85ea3aae474244a,0,,0,
XSS,calc,2,072bffa4b3016971,0,,0,
XSS,calc,2,acfd52b2ccd56a0b,0,,0,
XSS,calc,2,13a6ab6b6aa42839,0,,0,
XSS,calc,2,d22cfce749a77702,0,,0,
XSS,calc,2,e49931099dfa13bf,0,,0,
XSS,calc,2,8d79dc0aed1dd41a,0,,0,
XSS,calc,2,b96f7db7de1f0390,0,,0,
XSS,calc,2,b79d471a502557cd,0,,0,
XSS,calc,2,2ba90e6d0abb41a1,0,,0,
XSS,calc,2,d272d75366db2e3d,0,,0,
XSS,search,2,a5b8872475dea4cb,0,,0,
XSS,search,2,942aaf1d752bb82a,0,,0,
XSS,search,2,fe6372b29783fd0c,1,403,0,
XSS,search,2,78c0a2c249d5a6b4,0,,0,
XSS,search,2,cdf4534eeed465dc,1,403,0,
XSS,search,2,3396201ca45dd9b5,1,403,0,
XSS,search,2,e08c179383c1ae4d,1,403,0,
XSS,search,2,a51097a0f3c3c4d5,1,200,1,1
XSS,search,2,70fc4a8e188270c4,1,200,1,1
XSS,search,2,b7aeec6641235ecc,1,403,0,
XSS,search,2,68fab27572da3a1b,1,403,0,
XSS,search,2,b9bd8282f6cc8024,1,200,1,1
XSS,search,2,49ca30b8d6def472,0,,0,
XSS,search,2,f0e5668186dd04b7,1,200,1,1
XSS,search,2,6e9bdb3acc2b6f13,1,403,0,
XSS,search,2,dedec22af7abcecc,1,200,1,1
XSS,search,2,72bffd66644a4058,1,200,1,1
XSS,search,2,6da3f767c58fe46b,1,200,1,1
XSS,search,2,9edadc4904458850,0,,0,
XSS,search,2,5a42b790a755b653,0,,0,
XSS,search,2,52eb3709c7d389d9,1,403,0,
XSS,search,2,e22177ab4e84c2a9,1,403,0,
XSS,search,2,2de981af5ec1ecf8,1,403,0,
XSS,search,2,b7580eee465aae38,1,200,1,1
XSS,search,2,e666942aed61ebf9,1,200,1,1
XSS,search,2,e2f5fd8d067a817d,1,403,0,
XSS,search,2,323851270e189aae,1,403,0,
XSS,search,2,8cf939b322d763b6,1,200,1,1
XSS,search,2,862164f9b7dcf804,1,200,1,1
XSS,search,2,720512ef114110ea,1,403,0,
XSS,search,2,902bfab6e15a4919,1,403,0,
XSS,search,2,d23de9f042ab1f39,1,200,1,1
XSS,search,2,04aac34d19cfe58f,1,403,0,
XSS,search,2,00d0d0fd23a442bf,1,200,1,1
XSS,search,2,092e86b7b2996c9c,1,200,1,1
XSS,search,2,056b3e30572c9248,0,,0,
XSS,search,2,ed9fbd6d71bd1443,1,200,1,1
XSS,search,2,365ab6b086e9af62,1,403,0,
XSS,search,2,a4d1b115024b0427,1,200,1,1
XSS,search,2,b8c3621494b2b55f,1,403,0,
XSS,search,2,59eb2e1323ecf0b4,1,200,1,1
XSS,search,2,eb221de318dea741,1,403,0,
XSS,search,2,50360ee20a30a910,1,200,1,1
XSS,search,2,d4eb61077e01c4f2,0,,0,
XSS,search,2,638b728d9ad086e6,0,,0,
XSS,search,2,4be2941f44a3a868,1,403,0,
XSS,search,2,8ea9426acd716cee,0,,0,
XSS,search,2,114aa6160cd628e8,0,,0,
XSS,search,2,01cd272480e8069d,1,200,1,1
XSS,search,2,36600a406952cde1,0,,0,
XSS,search,2,4f189dc43b079f2c,0,,0,
XSS,search,2,0089cf33dfd7f04d,1,200,1,1
XSS,search,2,c42724ccfa2f3836,0,,0,
XSS,search,2,53f84627c7265539,1,200,1,1
XSS,search,2,c62583dfb2c5ed76,0,,0,
XSS,search,2,663af39699f0e039,0,,0,
XSS,search,2,082eb13463e649d9,0,,0,
XSS,search,2,a2926d49c450828b,1,200,1,1
XSS,search,2,684179fee075b424,0,,0,
XSS,search,2,e719b3d43ae990ad,1,403,0,
XSS,search,2,785a48aab45354a6,1,200,1,1
XSS,search,2,aea1e7c28a3f78ba,1,200,1,1
XSS,search,2,5dfe088ab918226b,0,,0,
XSS,search,2,9a15c2795942523e,0,,0,
XSS,search,2,4dd92ad55bf22f24,0,,0,
XSS,search,2,d570ea7693a0c890,1,200,1,1
XSS,search,2,a0c472809c8f855c,0,,0,
XSS,search,2,348720be522b9438,0,,0,
XSS,search,2,f45e6ffe1aab1f9b,1,403,0,
XSS,search,2,0a8e2f492c2df730,1,200,1,1
XSS,search,2,d5ec7d9cd39457ae,1,403,0,
XSS,search,2,158d5b2447f099ff,1,200,1,1
XSS,search,2,bae65612c65dfd75,1,200,1,1
XSS,search,2,8d7b3ec3ca1dfbf8,1,200,1,1
XSS,search,2,c4c2f8797a16f880,0,,0,
XSS,search,2,d5d6df8b01a06b5b,1,403,0,
XSS,search,2,0ddd8209fc436dc9,1,200,1,1
XSS,search,2,e9756eb692877cb5,1,403,0,
XSS,search,2,e198afabeb96536a,1,403,0,
XSS,search,2,826eeb85488bab44,1,200,1,1
XSS,search,2,2b60d66af6c8fa04,1,403,0,
XSS,search,2,49ca30b8d6def472,0,,0,
XSS,search,2,bae5f13b655ed576,0,,0,
XSS,search,2,7016fc55df557c62,1,403,0,
XSS,search,2,c3f8e1807541b40c,0,,0,
XSS,search,2,86f0294fa05ae099,0,,0,
XSS,search,2,49cd60f688a9626d,1,403,0,
XSS,search,2,6439487aa3e1fe12,0,,0,
XSS,search,2,ca767127f7ba2a74,0,,0,
XSS,search,2,5d71456d97d80f21,1,200,1,1
XSS,search,2,4fb53a6eb91f767c,1,403,0,
XSS,search,2,e14f74e53d3f20cd,1,200,1,1
XSS,search,2,c68a4b44390ab758,1,403,0,
XSS,search,2,8f300ce21d8b0032,1,200,1,1
XSS,search,2,176654bb7b0e06d3,1,200,1,1
XSS,search,2,5d66aa267bc8d991,1,200,1,1
XSS,search,2,e3b61a07b9346349,1,403,0,
XSS,search,2,935e4ebdd739a48c,0,,0,
XSS,search,2,d63cc6ff5b93fb44,1,403,0,
XSS,search,2,e0e2784fd30283d9,0,,0,
XSS,search,2,84864fc29595d8ed,1,403,0,
XSS,search,2,3a6b8f429cb78071,1,200,1,1
XSS,search,2,f107d5953f606d24,1,200,1,1
XSS,search,2,2ab39c288afb608a,1,200,1,1
XSS,search,2,4d01e354ec83b933,1,200,1,1
XSS,search,2,0956c20588403876,1,403,0,
XSS,search,2,15ed7c118f11e9c0,1,403,0,
XSS,search,2,9874d1fb0e76adf3,1,403,0,
XSS,search,2,a6b0ea8a893da51a,0,,0,
XSS,search,2,2bf633072dc49b5c,1,403,0,
XSS,search,2,631fc6057c2bfbcb,1,200,1,1
XSS,search,2,e2f28da77e257046,1,403,0,
XSS,search,2,864c32a08cf3768a,1,403,0,
XSS,search,2,d8669526d2264bb4,1,200,1,1
XSS,search,2,f4eaf7bb3edb585d,1,200,1,1
XSS,search,2,6b25ae327015afbb,1,200,1,1
XSS,search,2,3ba5d8ee0d4b0539,1,200,1,1
XSS,search,2,af00f5c12e54f082,1,403,0,
XSS,search,2,39205e4fc09b45bf,0,,0,
XSS,search,2,5b586507a8d82e0e,0,,0,
XSS,search,2,3ef6d64fe80ef11b,1,200,1,1
XSS,search,2,906b5fc29e533047,1,200,1,1
XSS,search,2,9f8d563f06b83496,1,200,1,1
XSS,search,2,f2414f95f8d69bd4,1,403,0,
XSS,search,2,209e8f37fc09d9ce,1,200,1,1
XSS,search,2,5d25f399ba2a8a30,0,,0,
XSS,search,2,efbbf7995a5f5886,1,200,1,1
XSS,search,2,42abbfa6546529fc,1,200,1,1
XSS,search,2,b17ccfa3c4dd8dee,1,200,1,1
XSS,search,2,c11d5acd542db72e,0,,0,
XSS,search,2,3b2fa586371571d7,1,200,1,1
XSS,search,2,7f603a1b357f2c16,1,403,0,
XSS,search,2,de123ed081e2b557,1,200,1,1
XSS,search,2,08d3621b99a55950,0,,0,
XSS,search,2,39855f6646d449b2,0,,0,
XSS,search,2,63aba0f7f8c9494c,0,,0,
XSS,search,2,9cddef45bd08d766,1,403,0,
XSS,search,2,38e538038f78aefc,1,200,1,1
XSS,search,2,50cca4f2b659ebf3,1,403,0,
XSS,search,2,e7ef629c23616f55,0,,0,
XSS,search,2,6af6995c7df36247,0,,0,
XSS,search,2,18242ff4529e7e86,1,200,1,1
XSS,search,2,3cbb06a8f557857b,1,403,0,
XSS,search,2,edb706107c153496,0,,0,
XSS,search,2,807c21200659c7b6,1,403,0,
XSS,search,2,e6ce0e579b0aa6ef,1,403,0,
XSS,search,2,0d13da87e8bd6e84,1,403,0,
XSS,search,2,1d7b57380db917fd,0,,0,
XSS,search,2,49f42b46a51a39b5,1,200,1,1
XSS,search,2,f4da9afc098488bb,0,,0,
XSS,search,2,6aace5b93717845c,0,,0,
XSS,search,2,6737ac1c479038ed,1,403,0,
XSS,search,2,13c2635139361f90,1,200,1,1
XSS,search,2,e5cd5953449f6074,1,200,1,1
XSS,search,2,e1cfc25740623547,0,,0,
XSS,search,2,589e196a66da7a46,1,200,1,1
XSS,search,2,80349ec7c0433a4b,1,200,1,1
XSS,search,2,4f1b338a20014f37,1,200,1,1
XSS,search,2,cb58633e3eb342b9,1,200,1,1
XSS,search,2,dd7af5a12e5f6dfc,1,200,1,1
XSS,search,2,ea4f6cd4e6a0ee32,1,200,1,1
XSS,search,2,8ee0ccadbcb1faa6,0,,0,
XSS,search,2,394151553d50cd58,1,200,1,1
XSS,search,2,dc0761572e095ebd,0,,0,
XSS,search,2,2b0ed759eda529c9,1,200,1,1
XSS,search,2,bd4e556e98fd8087,1,403,0,
XSS,search,2,54a99d42ceca77df,1,200,1,1
XSS,search,2,2b8239d5e3a14e51,1,200,1,1
XSS,search,2,69b252b16d035dcd,1,200,1,1
XSS,search,2,56df50561c1568fa,1,403,0,
XSS,search,2,722d5e1d49f20945,1,403,0,
XSS,search,2,318cbc2e0cf9d8c0,1,403,0,
XSS,search,2,617f918b1855af18,0,,0,
XSS,search,2,cd3563053eeacc82,1,403,0,
XSS,search,2,b6145775aee66d63,1,200,1,1
XSS,search,2,60d5ca50322eedeb,1,200,1,1
XSS,search,2,dba1f2c381df1ff4,1,200,1,1
XSS,search,2,83a9c7307592a63b,1,200,1,1
XSS,search,2,374ca603cc91792f,1,200,1,1
XSS,search,2,a44b7f5bb3ed4d85,1,200,1,1
XSS,search,2,9677527a399a4780,0,,0,
XSS,search,2,121d8bff9e1fe5a8,1,403,0,
XSS,search,2,667a5aee897cf3d9,0,,0,
XSS,search,2,8899af010cbfd905,1,200,1,1
XSS,search,2,c778bbd49393ef0d,1,403,0,
XSS,search,2,aee2024a3d56239d,1,403,0,
XSS,search,2,6039176716ebd65a,1,200,1,1
XSS,search,2,7af666a9a9ecf33e,1,200,1,1
XSS,search,2,50a4dfa8e6d54a5f,1,200,1,1
XSS,search,2,c5078df17ee2cb43,0,,0,
XSS,search,2,307d76a73640a7e9,1,200,1,1
XSS,search,2,3551520fa352151a,0,,0,
XSS,search,2,7fd7177983e52849,0,,0,
XSS,search,2,fb25a7ea5293d493,0,,0,
XSS,search,2,b2b7f88c58ea9aba,1,200,1,1
XSS,search,2,0a7d3d8f10f8d812,0,,0,
XSS,search,2,ef5b0b1a2b7eb979,1,200,1,1
XSS,search,2,2abe38c6d1b03a0d,1,200,1,1
XSS,search,2,46b1cb51ba3702cd,0,,0,
XSS,search,2,51cd19e450c85bbe,1,200,1,1
XSS,search,2,d6fec98f036c35e7,1,200,1,1
XSS,search,2,3e681e9ac911ddeb,1,403,0,
XSS,search,2,b8427ce2f597936a,1,403,0,
XSS,search,2,84f33acb7dbd2ce9,1,200,1,1
XSS,search,2,ab95326c8ca77c1e,1,200,1,1
XSS,search,2,9328f878f7baf357,1,200,1,1
XSS,search,2,e4c53a28a4e724cf,1,403,0,
XSS,search,2,88d3a986105c1172,1,200,1,1
XSS,search,2,7915d3b90c785b26,1,200,1,1
XSS,search,2,82ddcbcb298b31ca,1,200,1,1
XSS,search,2,08ff47fbbfe8d263,1,403,0,
XSS,search,2,470df2dc0aeda55d,1,200,1,1
XSS,search,2,3fb381f2fbee95dc,1,200,1,1
XSS,search,2,de064881e078a5c6,1,200,1,1
XSS,search,2,c1422900f8acd816,1,200,1,1
XSS,search,2,7bc90ac135e3c548,1,200,1,1
XSS,search,2,105f612880f7cd86,1,200,1,1
XSS,search,2,067b634fd557b66b,1,403,0,
XSS,search,2,20b96b1a4a11c419,1,200,1,1
XSS,search,2,3764a4fb6df00521,1,200,1,1
XSS,search,2,ae8b9982b6d1c94b,1,200,1,1
XSS,search,2,cb8d984b73494e96,1,200,1,1
XSS,search,2,7c99418ff3cfb800,1,403,0,
XSS,search,2,651a8365d87a2cc0,1,200,1,1
XSS,search,2,ce26f46c7e4aafe6,1,403,0,
XSS,search,2,a31784be2bd7119e,1,200,1,1
XSS,search,2,c1db7154bde3b3b0,1,200,1,1
XSS,search,2,1f21abff3cbb4a40,1,200,1,1
XSS,search,2,df79e1ad91a3fc3b,1,200,1,1
XSS,search,2,806e725513aa9399,1,200,1,1
XSS,search,2,34f63bdc65f6c8c5,1,200,1,1
XSS,search,2,b8603d121d00d3ca,1,403,0,
XSS,search,2,66d96616687ee6a7,1,200,1,1
XSS,search,2,7996a1a72fb5328f,1,200,1,1
XSS,search,2,c7a11140e59be3dd,0,,0,
XSS,search,2,42085ff487a1985a,1,200,1,1
XSS,search,2,c138896193fea619,1,200,1,1
XSS,search,2,69da0a6c49d59815,1,403,0,
XSS,search,2,7a006bbc392dcb71,1,403,0,
XSS,search,2,bf8c020f1ac64699,1,200,1,1
XSS,search,2,016d1c551d2c6093,1,200,1,1
XSS,search,2,17ad0fe6132749c6,0,,0,
XSS,search,2,5f231617ac6d2f5b,1,200,1,1
XSS,search,2,5d1859d2cd5df9c0,1,200,1,1
XSS,search,2,1b6a4d504a273eff,0,,0,
XSS,search,2,76d1c74353449fc9,0,,0,
XSS,search,2,8bf06fb4f2791c49,1,403,0,
XSS,search,2,86d0203c86004aa6,0,,0,
XSS,search,2,51e37c0fd8734624,1,200,1,1
XSS,search,2,b084967e9056aaed,1,403,0,
XSS,search,2,827d8f4c08de65a0,1,200,1,1
XSS,search,2,ee4a08a396d807c7,1,200,1,1
XSS,search,2,70e7d62dfe75c28a,1,200,1,1
XSS,search,2,176d934085a0f40e,1,200,1,1
XSS,search,2,4044bb8ba774fc9e,1,200,1,1
XSS,search,2,8bf802124dcdbefe,1,200,1,1
XSS,search,2,7efc183cb6017308,1,403,0,
XSS,search,2,48ab59e7fee282a3,1,200,1,1
XSS,search,2,bc2ec0f30028831f,1,200,1,1
XSS,search,2,a32714f4b65fb8d7,1,403,0,
XSS,search,2,311dbb0b1b47219a,1,200,1,1
XSS,search,2,ebd0122c7dea6a60,1,200,1,1
XSS,search,2,f4b089053970cb6f,1,200,1,1
XSS,search,2,ce9591713c6b9f02,1,200,1,1
XSS,search,2,2d4c2d77678580ce,1,403,0,
XSS,search,2,4364cbd6bee960e7,1,403,0,
XSS,search,2,401ae0d278765531,0,,0,
XSS,search,2,908ece8f0a4c1872,0,,0,
XSS,search,2,9ac1caccebd3ee96,1,200,1,1
XSS,search,2,aad369237532a800,1,200,1,1
XSS,search,2,71ea2997813b8226,1,403,0,
XSS,search,2,df291f76ac5a3a1b,1,403,0,
XSS,search,2,1c64609c364c5296,1,200,1,1
XSS,search,2,cccc296c27e13f39,1,200,1,1
XSS,search,2,dd05661ddfbf8866,1,403,0,
XSS,search,2,4f994ddad8021bc0,1,200,1,1
XSS,search,2,caf559b7088f073e,1,403,0,
XSS,search,2,22c1cba61e0a3d9a,1,403,0,
XSS,search,2,25ab956f2fcf1439,0,,0,
XSS,search,2,2602dfe7737607d5,0,,0,
XSS,search,2,1f51d97a17bf59b2,1,200,1,1
XSS,search,2,e5f0f53b6ea95a05,1,403,0,
XSS,search,2,be22bf8121023bf6,1,200,1,1
XSS,search,2,50f60f15c5d53a84,1,403,0,
XSS,search,2,f7e1d3ea36a8147e,1,403,0,
XSS,search,2,a3b2ceeed3b797f0,1,200,1,1
XSS,search,2,4fe77407e48ef4f3,1,200,1,1
XSS,search,2,b46197f21ae66c3c,1,200,1,1
XSS,search,2,bb11b7ade1da16ce,1,403,0,
XSS,search,2,8d6197218367a2d7,1,200,1,1
XSS,search,2,06697ebb53bb5107,1,403,0,
XSS,search,2,3a191477eabdb78f,1,403,0,
XSS,search,2,3e115128e416ec2d,1,200,1,1
XSS,search,2,7c8132c58a9d7c30,1,403,0,
XSS,search,2,d2b98511d223457c,1,200,1,1
XSS,search,2,0f45b35858d61cff,1,200,1,1
XSS,search,2,36d4cab7b5bbf684,1,200,1,1
XSS,search,2,dec07b4245c79c5b,1,200,1,1
XSS,search,2,9416afbb7edb532e,1,403,0,
XSS,search,2,1ac4ccd400936053,1,403,0,
XSS,search,2,29a1f83089c9c6f2,1,403,0,
XSS,search,2,de3747b467c8d3c3,0,,0,
XSS,search,2,06dc90c31a0e6b81,1,200,1,1
XSS,search,2,cc50e182f46a5eea,1,403,0,
XSS,search,2,b6b294c4c976d7af,1,403,0,
XSS,search,2,d66cb56b5d157489,1,200,1,1
XSS,search,2,69fa4e6b07c8715f,1,403,0,
XSS,search,2,306b68bdc207f2a2,1,403,0,
XSS,search,2,f31bfb72a0393262,1,403,0,
XSS,search,2,ad4f63d8338b8ea0,1,200,1,1
XSS,search,2,a34664143d30d652,1,200,1,1
XSS,search,2,5597caad37666496,1,200,1,1
XSS,search,2,50339feb8ec205d4,1,403,0,
XSS,search,2,033d4d00a34015e9,1,403,0,
XSS,search,2,5c64caf4f6990a8d,1,403,0,
XSS,search,2,f2d4e089b05d0ba8,1,200,1,1
XSS,search,2,ab888f446536be61,0,,0,
XSS,search,2,560b48adb4c9c89f,1,403,0,
XSS,search,2,b5f05f20afa36dfd,1,200,1,1
XSS,search,2,053135405e108570,1,403,0,
XSS,search,2,dbe45b05adcbf2cf,1,403,0,
XSS,search,2,715f1678f3de8334,1,403,0,
XSS,search,2,f34a02dcf284fe5f,1,200,1,1
XSS,search,2,0148f86d3857dfe2,1,403,0,
XSS,search,2,5e300966314dafc3,1,200,1,1
XSS,search,2,0f1d18475ace1095,1,403,0,
XSS,search,2,57fa325fd9126232,1,200,1,1
XSS,search,2,8d82fbf244f4bd72,1,200,1,1
XSS,search,2,90b563afa31969b9,1,200,1,1
XSS,search,2,7319316b47985b3b,1,200,1,1
XSS,search,2,071e598511ae34fa,1,403,0,
XSS,search,2,08d25a61e81554c3,1,200,1,1
XSS,search,2,58ddde3630297ff3,0,,0,
XSS,search,2,c815caaf407164d9,1,403,0,
XSS,search,2,c0aa16636b0e1454,1,200,1,1
XSS,search,2,419e59c858471317,0,,0,
XSS,search,2,2786149131e3f299,0,,0,
XSS,search,2,fbd421aeb6bc6ec2,0,,0,
XSS,search,2,be1e4d3a686b8ad3,1,403,0,
XSS,search,2,68acdf47d80dc9b3,1,403,0,
XSS,search,2,8c4ff9455241a0d9,1,403,0,
XSS,search,2,bce4da4e4db70a24,1,200,1,1
XSS,search,2,63f5c6e2bba7ed96,0,,0,
XSS,search,2,b6b769d694d7517d,0,,0,
XSS,search,2,c9f32d7067dd38c5,1,403,0,
XSS,search,2,4a52caf0ae41f4bd,1,200,1,1
XSS,search,2,2386c0af14a63595,0,,0,
XSS,search,2,5d7cdf171374f905,1,403,0,
XSS,search,2,d741e406d26e2f57,1,200,1,1
XSS,search,2,6c8c63e1c151cd9b,1,200,1,1
XSS,search,2,fb59839e7af041ea,1,403,0,
XSS,search,2,fe0884d407f7f05b,1,200,1,1
XSS,search,2,d20557bc49eea70d,1,200,1,1
XSS,search,2,c844c256d619d36f,1,200,1,1
XSS,search,2,77f514f71d33a6db,1,200,1,1
XSS,search,2,a9373714acb4d908,1,200,1,1
XSS,search,2,f03f10900faa373c,1,200,1,1
XSS,search,2,31b37ca1b80e0481,1,200,1,1
XSS,search,2,83e7f7cf6f7392fc,1,200,1,1
XSS,search,2,cc3db3fc48f7c661,1,200,1,1
XSS,search,2,43de5edebb4640a4,1,403,0,
XSS,search,2,1be0be696b9c7824,1,200,1,1
XSS,search,2,69b6aa6f2a745cec,1,200,1,1
XSS,search,2,5dc4e6212ed49e1d,1,200,1,1
XSS,search,2,eedf15d5044c5947,1,200,1,1
XSS,search,2,3b5a2669e78979ad,1,403,0,
XSS,search,2,bb5473f2a1e6d99f,1,200,1,1
XSS,search,2,0059cfeb1ace0b6a,1,403,0,
XSS,search,2,e1e42e93072abd5b,1,200,1,1
XSS,search,2,200a204cd889ec4a,1,200,1,1
XSS,search,2,05d28ed0fb598b55,1,403,0,
XSS,search,2,8de318e59c605d35,1,403,0,
XSS,search,2,2b2afb83a1db8ba9,1,403,0,
XSS,search,2,ea01e1986e550f12,1,403,0,
XSS,search,2,c94bc53929b2260c,1,200,1,1
XSS,search,2,6b037d4dc3fcc3b6,1,403,0,
XSS,search,2,24c292c82799d678,1,403,0,
XSS,search,2,4a03870cf8fbdd9b,1,200,1,1
XSS,search,2,c58ff9aad8e620c0,0,,0,
XSS,search,2,4a3bea67fecfce1a,1,403,0,
XSS,search,2,9107531aa74460c4,1,403,0,
XSS,search,2,759e636316594b05,1,403,0,
XSS,search,2,97844a1fb1c8ce60,1,200,1,1
XSS,search,2,836934a8613abaff,1,200,1,1
XSS,search,2,9ec3f92221b174b0,1,200,1,1
XSS,search,2,d1b6686883b30406,0,,0,
XSS,search,2,53b4c3e62ac15ff9,1,403,0,
XSS,search,2,c67db69c506aefe2,1,403,0,
XSS,search,2,61543feedbe7934c,1,200,1,1
XSS,search,2,4543766b21972994,1,403,0,
XSS,search,2,2020756358dad20d,1,200,1,1
XSS,search,2,7dee0fea178dfe6b,1,403,0,
XSS,search,2,0648c95545f913c7,1,200,1,1
XSS,search,2,e0331cce314de1d9,1,403,0,
XSS,search,2,3aafe27111384dea,1,200,1,1
XSS,search,2,ee4dbf1c5d658c92,0,,0,
XSS,search,2,ceef837c385dd8eb,0,,0,
XSS,search,2,7308601b2e1edf86,1,403,0,
XSS,search,2,33062c825260f2f6,1,200,1,1
XSS,search,2,ebf8bfc02e9735ab,1,200,1,1
XSS,search,2,a1b3595bb0f92e5f,0,,0,
XSS,search,2,39672bb3deb045f0,1,403,0,
XSS,search,2,3e62c821f483e0d2,1,200,1,1
XSS,search,2,50e201cbbc077e36,1,200,1,1
XSS,search,2,8079930b8299cad7,1,200,1,1
XSS,search,2,9f2907bf9381d860,1,200,1,1
XSS,search,2,14eb12713d333f5b,1,403,0,
XSS,search,2,6ea2960c6e649661,1,200,1,1
XSS,search,2,429ac79b7fdde243,1,200,1,1
XSS,search,2,a0c88743b44db155,1,200,1,1
XSS,search,2,dcaa691db547f7de,1,200,1,1
XSS,search,2,e5673e8bb922a46f,1,200,1,1
XSS,search,2,0dd6a4a30d557e6d,1,200,1,1
XSS,search,2,d731a1fe991b1642,1,200,1,1
XSS,search,2,ef9ddd32c095ad9b,1,200,1,1
XSS,search,2,b1768ae8aa317c6d,0,,0,
XSS,search,2,87971c1bed31ffbf,1,200,1,1
XSS,search,2,3c75e31b390765d0,0,,0,
XSS,search,2,308a4b006d38c0c5,1,200,1,1
XSS,search,2,dac0d19966ae821d,1,200,1,1
XSS,search,2,649311cc97edec56,1,403,0,
XSS,search,2,3c3d792e705f403b,1,200,1,1
XSS,search,2,0d7a09bab23bea29,1,200,1,1
XSS,search,2,0d7b4b5d2053d1e9,1,403,0,
XSS,search,2,17110fe06969c220,1,200,1,1
XSS,search,2,71ce01479d305d9b,1,200,1,1
XSS,search,2,5c141f86392b08e4,1,200,1,1
XSS,search,2,576221c38c922edd,0,,0,
XSS,search,2,86692c0451580384,1,200,1,1
XSS,search,2,8ed98a2154e78639,1,200,1,1
XSS,search,2,2f10adbbe0a3ff70,0,,0,
XSS,search,2,5502062467adc62e,1,200,1,1
XSS,search,2,0a13c56c04ef3bb1,0,,0,
XSS,search,2,4499a56ded452bcf,0,,0,
XSS,search,2,8d6fe0312a075d47,0,,0,
XSS,search,2,159a89ba89b11ddc,0,,0,
XSS,search,2,3215425c137dfe39,0,,0,
XSS,search,2,4a4f92518edd0a25,0,,0,
XSS,search,2,108352d56a096f99,0,,0,
XSS,search,2,48d18e28da647573,0,,0,
XSS,search,2,2f89d5b926490d49,0,,0,
XSS,search,2,dafe76536842420c,0,,0,
XSS,search,2,2ab32c396193d94d,0,,0,
XSS,search,2,a571445cd8406652,0,,0,
XSS,search,2,b22706e8b802843a,0,,0,
XSS,search,2,193e2b46bd69f83d,0,,0,
XSS,search,2,f7e0de0a3269a0cb,0,,0,
XSS,search,2,90c3f7e760629151,0,,0,
XSS,search,2,2cf9bf998c470cb1,0,,0,
XSS,search,2,0f48a9b573c3b0bd,0,,0,
XSS,search,2,ca4cd32c28369f45,0,,0,
XSS,search,2,9e7319e12f9bb332,0,,0,
XSS,search,2,fe4fb2e86adec75b,1,200,1,1
XSS,search,2,ecf86c64c606feb8,1,200,1,1
XSS,search,2,8ef3ebf48bb0ab0d,1,200,1,1
XSS,search,2,2df46b53c94c9ab7,1,200,1,1
XSS,search,2,f919101f1990e6a6,1,200,1,1
XSS,search,2,8f23944d8f301ae1,1,200,1,1
XSS,search,2,fc92756850820635,1,200,1,1
XSS,search,2,8369514ad0e02c37,1,200,1,1
XSS,search,2,708800188d2b5087,1,200,1,1
XSS,search,2,fe64477d114e6a90,1,200,1,1
XSS,search,2,476f0da845106fc8,1,200,1,1
XSS,search,2,4cf2244d9bb3edc1,1,200,1,1
XSS,search,2,f70df998f35f213b,1,200,1,1
XSS,search,2,5c7e4b1f403cb56a,1,200,1,1
XSS,search,2,57178907438ffe11,1,200,1,1
XSS,search,2,2651d8a6c667f614,1,200,1,1
XSS,search,2,4e1e7b9fae34dfad,1,200,1,1
XSS,search,2,07b87f6e864b0b35,1,403,0,
XSS,search,2,d3d4580515a502bc,1,200,1,1
XSS,search,2,2af9c3f592f85288,1,200,1,1
XSS,search,2,978d88ac516677d1,1,200,1,1
XSS,search,2,414e5fcbd6063186,1,200,1,1
XSS,search,2,2b2706e561643f5a,1,200,1,1
XSS,search,2,d19c41c3a3e3a59b,1,200,1,1
XSS,search,2,aae14efa534149a9,1,200,1,1
XSS,search,2,2debb09a603921bc,1,200,1,1
XSS,search,2,913ffc5e672b3c43,1,200,1,1
XSS,search,2,ed2e2688b912931d,1,200,1,1
XSS,search,2,1898a58a7dc1f3ac,1,200,1,1
XSS,search,2,ec7504ab9a6a0451,1,200,1,1
XSS,search,2,d72f0d748e3dc616,1,200,1,1
XSS,search,2,79842712f8c11cb6,1,200,1,1
XSS,search,2,9dd36bdb6607f58a,1,200,1,1
XSS,search,2,3d5d237a950ea24a,1,200,1,1
XSS,search,2,4144a20dda3e70f3,1,200,1,1
XSS,search,2,2bc697da519cc27f,1,200,1,1
XSS,search,2,145b3f500c5d12f1,1,200,1,1
XSS,search,2,0cd7cd77933b66ad,1,200,1,1
XSS,search,2,4efa1509136471a2,1,200,1,1
XSS,search,2,2fd1cd716223cc46,1,200,1,1
XSS,search,2,7d37febabe4651d5,1,200,1,1
XSS,search,2,b627bd1eeba38eba,1,200,1,1
XSS,search,2,d1aed4eb9f5b86bc,0,,0,
XSS,search,2,2960f26982b38efe,1,200,1,1
XSS,search,2,e5b4e96ad5b0239d,1,200,1,1
XSS,search,2,b807dbd65a9ad547,1,200,1,1
XSS,search,2,ccb805128d7d9427,0,,0,
XSS,search,2,46a8d58317092282,1,200,1,1
XSS,search,2,b9e3de065cf64416,0,,0,
XSS,search,2,fbc284aba46421b1,1,200,1,1
XSS,calc,3,836dac4e6212f1b8,0,,0,
XSS,calc,3,f499b48d6e3d3d11,0,,0,
XSS,calc,3,f35ddfcf0088403f,0,,0,
XSS,calc,3,aa2822c0065bfaa2,0,,0,
XSS,calc,3,431be450b449232e,0,,0,
XSS,calc,3,da8dc97ff5a92dc9,0,,0,
XSS,calc,3,a1e34ab22e7b79d8,0,,0,
XSS,calc,3,7a46c88dbb0a3829,1,200,1,1
XSS,calc,3,cd75be6e804358b8,0,,0,
XSS,calc,3,9a77a41b1023402a,0,,0,
XSS,calc,3,f9bf9095581c78fe,1,403,0,
XSS,calc,3,35726f2415d504fc,0,,0,
XSS,calc,3,159a4df685048cc3,0,,0,
XSS,calc,3,c43d802dd973c023,0,,0,
XSS,calc,3,77a3cde423071513,0,,0,
XSS,calc,3,edd3dae8083aa99b,0,,0,
XSS,calc,3,a89b05b905175126,0,,0,
XSS,calc,3,65cde60785fe75fd,1,403,0,
XSS,calc,3,2563f6438667f229,0,,0,
XSS,calc,3,fb63dba1a674e2cd,1,403,0,
XSS,calc,3,c08acb8d1efc1d2b,1,403,0,
XSS,calc,3,bd9021ccb01d67f3,0,,0,
XSS,calc,3,5038191c88705213,1,200,1,1
XSS,calc,3,e696a6e8ada1492f,0,,0,
XSS,calc,3,0279adef4065b119,1,403,0,
XSS,calc,3,a58aa775733c81b1,0,,0,
XSS,calc,3,c37854898b0f62ab,0,,0,
XSS,calc,3,be6d8e249de0380d,1,403,0,
XSS,calc,3,12155f5b45d17745,1,403,0,
XSS,calc,3,f274109cb87917f5,1,403,0,
XSS,calc,3,1ee1999099a87b0e,1,403,0,
XSS,calc,3,8ecabfba13b7801e,0,,0,
XSS,calc,3,c7be961071fe6ce7,0,,0,
XSS,calc,3,1622e4df700e599e,0,,0,
XSS,calc,3,7a79c7542fe5188c,0,,0,
XSS,calc,3,4885198f0284501a,0,,0,
XSS,calc,3,24a1e21249b583cd,0,,0,
XSS,calc,3,23254d56cdd7ceb8,0,,0,
XSS,calc,3,4707af40e7f50c8c,1,403,0,
XSS,calc,3,b7a09bb7f5c85f46,1,403,0,
XSS,calc,3,6b040975b714c783,0,,0,
XSS,calc,3,1aa733636a24ecc3,0,,0,
XSS,calc,3,d938565758251d87,0,,0,
XSS,calc,3,e2bac938653cc4eb,1,403,0,
XSS,calc,3,21cb2b91524ddc9c,0,,0,
XSS,calc,3,f79e8424a6ef66a6,0,,0,
XSS,calc,3,0b4f7bb4b0925ed8,0,,0,
XSS,calc,3,b45b43e0aec20229,0,,0,
XSS,calc,3,6755bfa0b4662f53,0,,0,
XSS,calc,3,e25348b15c92dd3b,1,403,0,
XSS,calc,3,b19c81d7e3aae4f4,0,,0,
XSS,calc,3,f06778a1a40951ad,1,200,1,1
XSS,calc,3,16b3df2a87985689,1,200,1,1
XSS,calc,3,93bf86822ae60b50,1,200,1,1
XSS,calc,3,72980ca17726373f,1,200,1,1
XSS,calc,3,7f0602c378f47f64,0,,0,
XSS,calc,3,b98778bdb43fa590,0,,0,
XSS,calc,3,a911a1d91f7413ac,1,200,1,1
XSS,calc,3,82d37dd019839dd0,0,,0,
XSS,calc,3,1082e877b7118be0,0,,0,
XSS,calc,3,11ac90e1722a9dba,1,403,0,
XSS,calc,3,652d4c1f71e83537,0,,0,
XSS,calc,3,97e0a8094623cc03,0,,0,
XSS,calc,3,1343b0a0e23b8adb,0,,0,
XSS,calc,3,f72f79e9b5870a9b,1,200,1,1
XSS,calc,3,27ac9d78719da63e,0,,0,
XSS,calc,3,475df5f6f1cd04f4,1,200,1,1
XSS,calc,3,199afd012e2a55da,0,,0,
XSS,calc,3,e035616bf555fcf3,1,200,1,1
XSS,calc,3,7b16717d24e56427,1,403,0,
XSS,calc,3,0f326990bfd6ad98,0,,0,
XSS,calc,3,2792324c44ea2c1e,1,200,1,1
XSS,calc,3,d6c8c471ad5f195e,1,200,1,1
XSS,calc,3,2bc4972613236c91,1,200,1,1
XSS,calc,3,67dfc555d972f30c,1,403,0,
XSS,calc,3,bcd5fa27c6857138,1,200,1,1
XSS,calc,3,b452f1c25c367ada,1,200,1,1
XSS,calc,3,667b4cd3d48ab761,0,,0,
XSS,calc,3,15c552e5d2b86c89,0,,0,
XSS,calc,3,91a9f1e546faff4d,1,403,0,
XSS,calc,3,333a2c4ff5a5e37d,1,200,1,1
XSS,calc,3,d50f197805407810,1,200,1,1
XSS,calc,3,87ff727c97a962d0,0,,0,
XSS,calc,3,deb1452875c14bdc,0,,0,
XSS,calc,3,3cb4943367c80d46,0,,0,
XSS,calc,3,c51dbfbb0fc28a75,1,200,1,1
XSS,calc,3,053e08ff3d3733c2,0,,0,
XSS,calc,3,e3088ff470c8c504,1,403,0,
XSS,calc,3,c392640d27b8e08f,0,,0,
XSS,calc,3,8f01fafe3b9be463,1,403,0,
XSS,calc,3,8ff4a495911bebba,1,403,0,
XSS,calc,3,48879250cc623e79,1,403,0,
XSS,calc,3,44dafc5fc6ede36c,1,403,0,
XSS,calc,3,5c7dadbddc8d510b,0,,0,
XSS,calc,3,5230c5469cd6906b,1,403,0,
XSS,calc,3,4e3aad5a6688d764,0,,0,
XSS,calc,3,8675556948cd8a29,0,,0,
XSS,calc,3,479a58c462d70d2a,0,,0,
XSS,calc,3,d0903455fcb32f8c,0,,0,
XSS,calc,3,9c3768bb30b3feb2,0,,0,
XSS,calc,3,84517771c2531060,1,200,1,1
XSS,calc,3,9c62ac5e150ffa54,1,200,1,1
XSS,calc,3,72679527c5ab260f,0,,0,
XSS,calc,3,74b6ac6fa625c2c0,1,200,1,1
XSS,calc,3,8d8c9990fec877eb,1,200,1,1
XSS,calc,3,916bf799a41bcb0e,1,200,1,1
XSS,calc,3,693d5b8339ac10a7,1,200,1,1
XSS,calc,3,918dac6a03dce313,1,200,1,1
XSS,calc,3,fe4884d680447f65,1,200,1,1
XSS,calc,3,ea2871df6678ccc0,1,200,1,1
XSS,calc,3,2b886b75806b788b,1,200,1,1
XSS,calc,3,3b6c92e49b8cb31a,1,200,1,1
XSS,calc,3,b53992520556b775,1,403,0,
XSS,calc,3,621a0f1b1ad8cc90,0,,0,
XSS,calc,3,9789ff388e112c23,0,,0,
XSS,calc,3,8e4633a887b71a3d,1,200,1,1
XSS,calc,3,5f3a96451dfa17e3,1,200,1,1
XSS,calc,3,782c0bed3601ea31,0,,0,
XSS,calc,3,03ab6c53d9891284,0,,0,
XSS,calc,3,a26d17e82f8820b1,0,,0,
XSS,calc,3,68e6cbd258050f3c,1,403,0,
XSS,calc,3,f9a288ddaf4ef2eb,0,,0,
XSS,calc,3,e23aa3e363da098e,0,,0,
XSS,calc,3,46a5cdae9b19ab1d,1,403,0,
XSS,calc,3,77dd63226f924814,0,,0,
XSS,calc,3,1882a3f3a9e27842,0,,0,
XSS,calc,3,be0b73feff02a73d,0,,0,
XSS,calc,3,e1d10241a26f9fba,0,,0,
XSS,calc,3,423d0a7101f56bef,0,,0,
XSS,calc,3,744b037b44749f67,1,200,1,1
XSS,calc,3,e58121244d5d1967,1,200,1,1
XSS,calc,3,47229701daba618c,1,403,0,
XSS,calc,3,fab2b35c7c3df200,0,,0,
XSS,calc,3,7c97d0337506f57a,1,200,1,1
XSS,calc,3,fc54a951c7464cc0,1,200,1,1
XSS,calc,3,9f6710592d74716e,1,403,0,
XSS,calc,3,b523d9f620f289e6,1,200,1,1
XSS,calc,3,18a769a929df0066,1,200,1,1
XSS,calc,3,76adb7efa43d93d1,1,200,1,1
XSS,calc,3,6b6d8857bb939354,1,403,0,
XSS,calc,3,bc2a71e03e184b8a,1,200,1,1
XSS,calc,3,91056571198754f0,1,200,1,1
XSS,calc,3,8589840faf90f94f,0,,0,
XSS,calc,3,7d5e7307b52e6c45,1,200,1,1
XSS,calc,3,4e235bf45ff40129,0,,0,
XSS,calc,3,493d423e404a49ca,1,403,0,
XSS,calc,3,14a5b109b7c3d724,1,200,1,1
XSS,calc,3,44734edee555ead3,1,403,0,
XSS,calc,3,93b9a006e3f30712,0,,0,
XSS,calc,3,d046d9f0262076da,1,200,1,1
XSS,calc,3,b1a6120d691a18f9,0,,0,
XSS,calc,3,0a8fead73264ea11,1,200,1,1
XSS,calc,3,2cf817e4f0d11822,1,200,1,1
XSS,calc,3,f0e4aa3fbdfdc4bf,1,200,1,1
XSS,calc,3,7f429356f40f1e85,1,200,1,1
XSS,calc,3,b94f2ebb6c8b4bdc,1,200,1,1
XSS,calc,3,e1dd399cf5d4af85,1,200,1,1
XSS,calc,3,fe292f9a6de3392c,0,,0,
XSS,calc,3,86063a7b2796e385,1,200,1,1
XSS,calc,3,a3723262876fc976,1,200,1,1
XSS,calc,3,d5e77ad4e6149da9,1,200,1,1
XSS,calc,3,7e8490a90e185c42,1,403,0,
XSS,calc,3,3b35ecbde45750d9,0,,0,
XSS,calc,3,6225a061497b8acb,1,200,1,1
XSS,calc,3,74b3dce795ebfb3e,1,200,1,1
XSS,calc,3,201f87a383965588,0,,0,
XSS,calc,3,753da046e1a38473,1,200,1,1
XSS,calc,3,b01b10f384486f21,0,,0,
XSS,calc,3,88c91dabc30201ca,1,403,0,
XSS,calc,3,ec6f315e7765d943,1,200,1,1
XSS,calc,3,4e65fac65d18c1b1,0,,0,
XSS,calc,3,e381cf31f08a2a40,1,200,1,1
XSS,calc,3,40b9c0dc23e1cb24,1,200,1,1
XSS,calc,3,3d7f2406ac1f54ac,1,200,1,1
XSS,calc,3,e2dde40fb88a18c6,1,200,1,1
XSS,calc,3,0c7a2e68215d89d6,1,200,1,1
XSS,calc,3,b74db41f6d1aa128,1,403,0,
XSS,calc,3,0336d8859ddd4138,0,,0,
XSS,calc,3,c12c026e2aa0cd11,1,200,1,1
XSS,calc,3,2cef6a69bbeb4f2b,0,,0,
XSS,calc,3,31b078538f82450e,0,,0,
XSS,calc,3,440322644798d3c1,1,200,1,1
XSS,calc,3,aeb3d6c8e19917bb,1,200,1,1
XSS,calc,3,b574b4b4174351d1,1,200,1,1
XSS,calc,3,bd8ead8032a8f0d9,0,,0,
XSS,calc,3,4d50daef3912d406,0,,0,
XSS,calc,3,7bbfc46808c57a09,1,403,0,
XSS,calc,3,1f8930744995af71,1,200,1,1
XSS,calc,3,a4651570016eb7a8,1,200,1,1
XSS,calc,3,a241a07dc52d5e54,0,,0,
XSS,calc,3,9e4d11ad392cbbaf,1,200,1,1
XSS,calc,3,742b013afc9c1c13,1,200,1,1
XSS,calc,3,fbcd91c99ccc7ad2,0,,0,
XSS,calc,3,ea79a124ab715666,1,200,1,1
XSS,calc,3,e502a82783a02b06,1,200,1,1
XSS,calc,3,65bed7ffc144b3c8,1,200,1,1
XSS,calc,3,bfb2189c6bec9a13,1,200,1,1
XSS,calc,3,02bb8fddb0d346f6,0,,0,
XSS,calc,3,124579d59ee0873a,0,,0,
XSS,calc,3,5a571f4283df200e,0,,0,
XSS,calc,3,825145af20f23928,1,200,1,1
XSS,calc,3,4909cb09ce5981d0,1,200,1,1
XSS,calc,3,21e3bd29b77af62f,1,200,1,1
XSS,calc,3,afc73dd3a6fede99,1,200,1,1
XSS,calc,3,c9cf4751498342f6,1,200,1,1
XSS,calc,3,ffbd6cf4586a4919,1,200,1,1
XSS,calc,3,40835dac8d93bbe1,1,200,1,1
XSS,calc,3,13628127a7caa0ce,1,200,1,1
XSS,calc,3,190214d8c4f5f31c,1,200,1,1
XSS,calc,3,8ed8ef59a1f36316,1,200,1,1
XSS,calc,3,9e42eb2bd12ebdbe,0,,0,
XSS,calc,3,57b7df8c62e68bfe,1,200,1,1
XSS,calc,3,53281036a8a5ebc3,1,200,1,1
XSS,calc,3,b44748e66787ff10,1,200,1,1
XSS,calc,3,0aed470da944f792,1,200,1,1
XSS,calc,3,887027af986364bc,1,200,1,1
XSS,calc,3,f52bb0c4a2cad237,1,200,1,1
XSS,calc,3,40f2fe568311f788,0,,0,
XSS,calc,3,1c9553385eaee2a7,1,200,1,1
XSS,calc,3,73218338df39723a,1,403,0,
XSS,calc,3,b7fda7f5f74362be,1,200,1,1
XSS,calc,3,0c8f4cfc71f7be1a,1,200,1,1
XSS,calc,3,976b55030f570a19,1,200,1,1
XSS,calc,3,06e2e241d51faf72,1,200,1,1
XSS,calc,3,41710e6afd0b3b0a,1,200,1,1
XSS,calc,3,d281aa8bebd15091,1,200,1,1
XSS,calc,3,85b6cd5043ab52c9,1,200,1,1
XSS,calc,3,a123d6d26b4e2e6b,1,200,1,1
XSS,calc,3,9255db8da3859e04,1,200,1,1
XSS,calc,3,d1d49312cb80bffe,1,200,1,1
XSS,calc,3,d6eca08a6bfda777,1,200,1,1
XSS,calc,3,45704d369476d916,0,,0,
XSS,calc,3,91f952b7a92fc24b,1,200,1,1
XSS,calc,3,d3a044fb4f4fe85d,1,200,1,1
XSS,calc,3,ccf39878addb57c8,1,403,0,
XSS,calc,3,f615b2865d0fd3ee,0,,0,
XSS,calc,3,4007fed648e4c7f0,0,,0,
XSS,calc,3,c3a292125b2a0076,0,,0,
XSS,calc,3,af2d339ceb8c42ce,1,200,1,1
XSS,calc,3,3c5ed4d4b2626fb1,1,200,1,1
XSS,calc,3,4ac309ce378a9634,0,,0,
XSS,calc,3,acf1fe66620cc9eb,0,,0,
XSS,calc,3,74df411163f2a406,1,403,0,
XSS,calc,3,94ff41c34823f3fb,0,,0,
XSS,calc,3,97c2c89192328d7f,1,200,1,1
XSS,calc,3,eeeb9c4568a363d8,0,,0,
XSS,calc,3,9b13d238ab0b4a97,0,,0,
XSS,calc,3,f72e9921eaf58a81,1,200,1,1
XSS,calc,3,baf298b36d1448a4,0,,0,
XSS,calc,3,d501d1a2233a6061,1,403,0,
XSS,calc,3,28facbb2610eb29d,1,200,1,1
XSS,calc,3,d0e3a5ebf81f0bb6,1,200,1,1
XSS,calc,3,31f76a3175bc6e1d,1,200,1,1
XSS,calc,3,ba5cb19d9d8545c8,1,200,1,1
XSS,calc,3,eb59e2e2bddfb74e,1,200,1,1
XSS,calc,3,22a8ad557ca2c6e0,1,200,1,1
XSS,calc,3,98ecb709aa54a37c,0,,0,
XSS,calc,3,ffa6434a436e13de,1,200,1,1
XSS,calc,3,79e4ecb8b856faa6,1,200,1,1
XSS,calc,3,c3d025c5755ffc8a,1,200,1,1
XSS,calc,3,ad34110f4bfae7e0,1,200,1,1
XSS,calc,3,d3fca05f66f76e21,1,200,1,1
XSS,calc,3,38af428fd7909b64,1,200,1,1
XSS,calc,3,404f0d54b689c836,1,200,1,1
XSS,calc,3,f28f5723a95b409a,1,200,1,1
XSS,calc,3,554ca90ff5b42521,1,200,1,1
XSS,calc,3,10f604cfcdd24e1c,1,200,1,1
XSS,calc,3,aa63856cb59a80c4,1,200,1,1
XSS,calc,3,ea8f62e0d2377adf,1,200,1,1
XSS,calc,3,3d6967d3b03fc40d,1,200,1,1
XSS,calc,3,11337ab501d28d4c,1,200,1,1
XSS,calc,3,273c139afa0d07b0,1,200,1,1
XSS,calc,3,fb9b90ca9c3f0b39,1,200,1,1
XSS,calc,3,26367b687f362c9e,1,200,1,1
XSS,calc,3,11704be8eb03ff6c,1,200,1,1
XSS,calc,3,57e23ae4c6640e19,1,200,1,1
XSS,calc,3,2784b65d0948ee34,1,200,1,1
XSS,calc,3,3fac0c1ae6d63542,1,200,1,1
XSS,calc,3,2a6481f7b99cb5aa,1,200,1,1
XSS,calc,3,17a44c47ced356b8,1,200,1,1
XSS,calc,3,2dbb1d8a5362405c,1,200,1,1
XSS,calc,3,789541e051ecee0d,1,200,1,1
XSS,calc,3,db4135830345c06a,1,200,1,1
XSS,calc,3,213458700a960425,1,200,1,1
XSS,calc,3,ae39a2c4f82fb426,0,,0,
XSS,calc,3,7133800c2124d1a9,1,200,1,1
XSS,calc,3,5bb26f3ded4ea28c,0,,0,
XSS,calc,3,771200db3f608650,0,,0,
XSS,calc,3,8e839dd73e39daea,0,,0,
XSS,calc,3,7919e2744034e23e,0,,0,
XSS,calc,3,19af3ef3f93a43df,0,,0,
XSS,calc,3,189462ef1bc8b01b,0,,0,
XSS,calc,3,2d522b979cc26fff,0,,0,
XSS,calc,3,a5b81eb0712e8f53,0,,0,
XSS,calc,3,128be7bd9d771f81,0,,0,
XSS,calc,3,d64a1bc825b91b66,0,,0,
XSS,calc,3,783dc1fa57ca3c12,1,200,1,1
XSS,calc,3,b44695a14f601d56,0,,0,
XSS,calc,3,495dbc1a75db94ae,0,,0,
XSS,calc,3,762c5e58bafce789,0,,0,
XSS,calc,3,a6b061ced3738615,1,200,1,1
XSS,calc,3,a69a6c0bce45c5a9,1,200,1,1
XSS,calc,3,8af244544d4d481a,1,200,1,1
XSS,calc,3,ae858c057bdd737b,0,,0,
XSS,calc,3,58b899b4d98cfc0d,1,200,1,1
XSS,calc,3,d9804553b052badd,1,200,1,1
XSS,calc,3,95df4a47f1386b19,1,200,1,1
XSS,calc,3,c9ce496c0f3875ac,1,200,1,1
XSS,calc,3,0bfc8fef5093cacb,1,200,1,1
XSS,calc,3,8d434eadf5714d68,1,200,1,1
XSS,calc,3,572db3e4ab3bebcc,1,200,1,1
XSS,calc,3,3fb62a66940e5fed,1,200,1,1
XSS,calc,3,c2f72cd88722a69c,1,200,1,1
XSS,calc,3,499dfd04f3ecdb96,1,200,1,1
XSS,calc,3,2f72b86d847bb620,1,200,1,1
XSS,calc,3,c58015174f48a093,1,200,1,1
XSS,calc,3,d8c074be24126b54,1,200,1,1
XSS,calc,3,88fffb1410adbd94,1,200,1,1
XSS,calc,3,4a30cb94e85230e7,1,200,1,1
XSS,calc,3,f587762c9a72fcb7,1,200,1,1
XSS,calc,3,617514386bce1b0b,1,200,1,1
XSS,calc,3,82f2f509accfdc0a,1,200,1,1
XSS,calc,3,fce90a9fce0ef769,1,200,1,1
XSS,calc,3,5fb67b1c1703b29d,1,200,1,1
XSS,calc,3,c33db57a38a598ec,1,200,1,1
XSS,calc,3,1f2a801d8c3a4828,1,200,1,1
XSS,calc,3,38921d2fbfb7b50b,1,200,1,1
XSS,calc,3,e1f5ebea6ddd656f,1,200,1,1
XSS,calc,3,8df6ca7a235fd295,1,200,1,1
XSS,calc,3,aea9b94ad8605f80,0,,0,
XSS,calc,3,644294b3df589c3c,1,200,1,1
XSS,calc,3,987e4e1d4ed23932,1,200,1,1
XSS,calc,3,6c6e95cbdf8fd919,1,200,1,1
XSS,calc,3,9893167bc9fd20b5,1,200,1,1
XSS,calc,3,964a9d4da3318ef0,1,200,1,1
XSS,calc,3,a2158ed6f4674a90,0,,0,
XSS,calc,3,5470e1c9fcbb16f6,0,,0,
XSS,calc,3,5e6b97314b47f74a,1,200,1,1
XSS,calc,3,a223b5dd9cebdf09,0,,0,
XSS,calc,3,f0bf2464823227bc,1,200,1,1
XSS,calc,3,bb712e0986962c03,0,,0,
XSS,calc,3,c0de5aedab4c33ec,0,,0,
XSS,calc,3,74fc70e5b0f7bc0b,0,,0,
XSS,calc,3,ababef3f3caac756,0,,0,
XSS,calc,3,0998e6e1fb55a453,1,200,1,1
XSS,calc,3,8d2bf4703e6f2901,1,200,1,1
XSS,calc,3,998630ee06f74440,0,,0,
XSS,calc,3,589fc913f2127a59,1,403,0,
XSS,calc,3,108d1af687483102,0,,0,
XSS,calc,3,ddbf787af07a88ad,1,200,1,1
XSS,calc,3,d7a1fafe935cd246,1,200,1,1
XSS,calc,3,5249ba1c9745dba9,0,,0,
XSS,calc,3,797a490c54674c52,1,200,1,1
XSS,calc,3,92443d5a0b1a4411,1,200,1,1
XSS,calc,3,73a6a11986835a7b,0,,0,
XSS,calc,3,e56dd932671b4be6,1,200,1,1
XSS,calc,3,0a7435b7bf2444f9,1,200,1,1
XSS,calc,3,58b9f70db2d0c532,1,200,1,1
XSS,calc,3,e53bc9d6dc7f1d9c,1,200,1,1
XSS,calc,3,6e26da804c9520cc,1,200,1,1
XSS,calc,3,36d61a6adf05eda4,1,200,1,1
XSS,calc,3,92bea6ca77040cae,1,200,1,1
XSS,calc,3,588e16f55dfdde30,1,200,1,1
XSS,calc,3,0273820cab9f14e3,1,200,1,1
XSS,calc,3,0d8b6e91fed9382e,1,200,1,1
XSS,calc,3,c3010b243fa2049f,1,200,1,1
XSS,calc,3,5696593216b9de48,1,200,1,1
XSS,calc,3,bdbf6bd70177d7a5,0,,0,
XSS,calc,3,2c5c795812586201,0,,0,
XSS,calc,3,2c4eb84cb2a3cc74,0,,0,
XSS,calc,3,8436f26d1aefe8ab,1,200,1,1
XSS,calc,3,48acdb37f5bff81b,1,403,0,
XSS,calc,3,c9346ddc5e666c38,1,200,1,1
XSS,calc,3,ace9fccf5df86ff4,0,,0,
XSS,calc,3,f1d7e783b40863b9,1,403,0,
XSS,calc,3,5f86efef1f2f9a51,1,200,1,1
XSS,calc,3,bebab932b24e331e,1,403,0,
XSS,calc,3,ad90e3a29e0da679,1,200,1,1
XSS,calc,3,3a322b27ffc2c765,1,200,1,1
XSS,calc,3,30525ed137d720bc,1,200,1,1
XSS,calc,3,d507164d19b9f61f,1,403,0,
XSS,calc,3,fb493e5ffac82430,0,,0,
XSS,calc,3,b3b420f479ddb4fb,1,200,1,1
XSS,calc,3,3e33cf2b30a9fc28,1,200,1,1
XSS,calc,3,b409a36a5061bae5,0,,0,
XSS,calc,3,ba05a411f7049ff0,1,200,1,1
XSS,calc,3,9fe53c61f96bef4b,1,200,1,1
XSS,calc,3,59159aac7a607ea4,1,403,0,
XSS,calc,3,f0f775bab7bd29c1,1,200,1,1
XSS,calc,3,0692578441c048b8,1,200,1,1
XSS,calc,3,68cda05773e12ea0,1,200,1,1
XSS,calc,3,fcadd5b78da18221,1,403,0,
XSS,calc,3,ff1179bc5d4c296d,1,403,0,
XSS,calc,3,9912354342b31f0e,1,200,1,1
XSS,calc,3,b914b9e32c28b4ae,1,200,1,1
XSS,calc,3,0819ee7645652648,1,200,1,1
XSS,calc,3,1f3e4a84c585744f,0,,0,
XSS,calc,3,20b0cc32cadea2de,1,200,1,1
XSS,calc,3,418fa8b4d059a47c,0,,0,
XSS,calc,3,104081d3301d1e58,1,200,1,1
XSS,calc,3,656366c01306df44,1,200,1,1
XSS,calc,3,a7975437bce7afae,1,200,1,1
XSS,calc,3,ce1866d8feb28033,1,200,1,1
XSS,calc,3,62f750c057fcb268,1,200,1,1
XSS,calc,3,14b658c1fb6d0574,1,200,1,1
XSS,calc,3,973ba1270be922ba,1,200,1,1
XSS,calc,3,68f67e117277c5e2,1,200,1,1
XSS,calc,3,b899e4b5f44212ef,1,200,1,1
XSS,calc,3,16994d9002845f39,1,200,1,1
XSS,calc,3,3fab531866e5246b,1,200,1,1
XSS,calc,3,393f1148e982901a,1,200,1,1
XSS,calc,3,71b8414b95269053,1,200,1,1
XSS,calc,3,0875b7d293f57c49,0,,0,
XSS,calc,3,5b35733c853e75d0,1,200,1,1
XSS,calc,3,2e70cdb07795a65c,1,200,1,1
XSS,calc,3,eb6c14a9bbcf3cad,1,200,1,1
XSS,calc,3,58247c7e762ee43a,1,200,1,1
XSS,calc,3,ba6233d3a05d4515,1,403,0,
XSS,calc,3,f18b8c55c149d97e,1,200,1,1
XSS,calc,3,a7a8282d69e2065d,1,200,1,1
XSS,calc,3,79d1d0c2ba109637,0,,0,
XSS,calc,3,0834d5e14d3beee2,1,200,1,1
XSS,calc,3,759f1b79baccaf65,1,200,1,1
XSS,calc,3,285baa15ca41aea8,1,200,1,1
XSS,calc,3,09535731f4e547a1,1,200,1,1
XSS,calc,3,a0f5013a7d9a1595,1,200,1,1
XSS,calc,3,c80b1ff6bf0ec9c2,1,200,1,1
XSS,calc,3,72f52adb301c75a9,1,200,1,1
XSS,calc,3,b6aeb83a17541e41,1,403,0,
XSS,calc,3,0660c4a1153c6b64,1,200,1,1
XSS,calc,3,1c752acc4a48acc0,1,200,1,1
XSS,calc,3,99fd690781b812b3,1,200,1,1
XSS,calc,3,50a28a1ed4698dca,1,200,1,1
XSS,calc,3,af79f32e77c7e3c8,0,,0,
XSS,calc,3,6e7345e8bdd31dcb,0,,0,
XSS,calc,3,61db3ecb8357ea56,1,200,1,1
XSS,calc,3,321e238e64cfede3,1,200,1,1
XSS,calc,3,245e66be12388b0e,0,,0,
XSS,calc,3,82ffc500ffb8fab4,1,200,1,1
XSS,calc,3,7c9fc134ab8a0cc3,1,403,0,
XSS,calc,3,5759c74149b3aceb,1,200,1,1
XSS,calc,3,16204c0bf237acc8,1,200,1,1
XSS,calc,3,8fc2860638a48c55,1,200,1,1
XSS,calc,3,25707638b5322a31,1,200,1,1
XSS,calc,3,7580e6a79910a492,1,200,1,1
XSS,calc,3,d47f7fe64f313ccf,1,200,1,1
XSS,calc,3,c70861c052726726,1,403,0,
XSS,calc,3,b457d226d8b62f24,1,200,1,1
XSS,calc,3,fdbb34e09f1bea39,1,200,1,1
XSS,calc,3,6472ebf0d5107ef2,0,,0,
XSS,calc,3,07aba6fbb83bc222,0,,0,
XSS,calc,3,9699cef5e027182b,1,200,1,1
XSS,calc,3,eeaa807547b0c906,1,200,1,1
XSS,calc,3,f6784ae2a82f13be,1,200,1,1
XSS,calc,3,241cbf98eac6248f,1,200,1,1
XSS,calc,3,179bdb6da2830f3f,0,,0,
XSS,calc,3,ff1c0e7778678eae,1,200,1,1
XSS,calc,3,2c4369d9d858bbf5,1,200,1,1
XSS,calc,3,7e3cd8617698c979,1,200,1,1
XSS,calc,3,e479606a56080cc8,1,200,1,1
XSS,calc,3,7a9c1e193ed76ef8,1,200,1,1
XSS,calc,3,b1e547fca0fe3111,1,200,1,1
XSS,calc,3,f673816d9ff5080c,1,200,1,1
XSS,calc,3,e4569d0d1cbb7970,1,200,1,1
XSS,calc,3,313ed808aa9abac7,1,200,1,1
XSS,calc,3,8b477990064abf31,0,,0,
XSS,calc,3,a15467043e2c876f,0,,0,
XSS,calc,3,f1f7fde96404744a,0,,0,
XSS,calc,3,3c8a33b53a6e2a41,0,,0,
XSS,calc,3,76312bf307d8c5d8,1,200,1,1
XSS,calc,3,a5232f57653d76e0,0,,0,
XSS,calc,3,fb41b8f1f3fb44ee,1,200,1,1
XSS,calc,3,dc2affb8cd0687d8,1,200,1,1
XSS,calc,3,5558a7667292053a,1,200,1,1
XSS,calc,3,1cc0f1353c8e58e7,1,200,1,1
XSS,calc,3,6e36911861e34be5,1,200,1,1
XSS,calc,3,74823e93a576d285,1,200,1,1
XSS,calc,3,16716faec5c54c8d,1,200,1,1
XSS,calc,3,14076b5691de70c9,1,200,1,1
XSS,calc,3,4a45a821c93e78e7,1,200,1,1
XSS,calc,3,115c8218089857c0,0,,0,
XSS,calc,3,7bf56d2bd37cecff,1,200,1,1
XSS,calc,3,645631c0e1e2f81e,1,200,1,1
XSS,calc,3,3c9f6660057b66b0,1,200,1,1
XSS,calc,3,6f0286bb270d2909,1,200,1,1
XSS,calc,3,1819f4d75c61a20f,1,200,1,1
XSS,calc,3,b82f49aa987710f3,0,,0,
XSS,calc,3,2ff41488ffd15b0a,1,200,1,1
XSS,calc,3,b1235c6192176474,1,200,1,1
XSS,calc,3,a53ebdc65370aad3,1,200,1,1
XSS,calc,3,83540a05ade533bd,1,200,1,1
XSS,calc,3,e273c6f4d966c95c,1,200,1,1
XSS,calc,3,7b177c7c22205e93,1,200,1,1
XSS,calc,3,60e501bd7d212f07,1,200,1,1
XSS,calc,3,ce8d95f351aada64,0,,0,
XSS,calc,3,258cdbc6bc9d9ec7,1,200,1,1
XSS,calc,3,cd814b77aaf7e473,1,200,1,1
XSS,calc,3,e57691a5c39ea17f,1,200,1,1
XSS,calc,3,c5bdaa6f9c9d158f,1,200,1,1
XSS,calc,3,8bfc5e109bae263a,1,200,1,1
XSS,search,3,092e86b7b2996c9c,1,200,1,1
XSS,search,3,b16b057b003b2ef0,1,200,1,1
XSS,search,3,323851270e189aae,1,403,0,
XSS,search,3,52131896b5a9dcc9,1,200,1,1
XSS,search,3,8cf939b322d763b6,1,200,1,1
XSS,search,3,6e815016f38718ff,1,200,1,1
XSS,search,3,0ce19bcbf7a09cc9,1,403,0,
XSS,search,3,9edfa692b094b47f,1,200,1,1
XSS,search,3,50360ee20a30a910,1,200,1,1
XSS,search,3,db347c8e3db22834,1,403,0,
XSS,search,3,9e38c0a26983c234,1,200,1,1
XSS,search,3,c8d069f98ad7c0af,1,403,0,
XSS,search,3,34d1007393223c23,1,200,1,1
XSS,search,3,aa8ca88f14340f82,1,200,1,1
XSS,search,3,8489acdadaecc4c1,1,403,0,
XSS,search,3,84dc978fa16079cc,1,200,1,1
XSS,search,3,104b050c6e01a5b1,1,403,0,
XSS,search,3,d38bfaa76256d30a,1,403,0,
XSS,search,3,82f92e7a9bd1c6a3,0,,0,
XSS,search,3,81c0fd350a8acecb,1,403,0,
XSS,search,3,92fbbebba2d9aec7,1,200,1,1
XSS,search,3,58f4eb2e0c2eec76,1,403,0,
XSS,search,3,04619131fc333575,1,200,1,1
XSS,search,3,84b9d411e7ad98b4,1,200,1,1
XSS,search,3,b8c3621494b2b55f,1,403,0,
XSS,search,3,fe6372b29783fd0c,1,403,0,
XSS,search,3,a82b40f478e444b8,0,,0,
XSS,search,3,ca721ebf47f16f2f,1,200,1,1
XSS,search,3,72d74b823a434f06,1,403,0,
XSS,search,3,63cfc0c3975924f3,1,200,1,1
XSS,search,3,b573123f16430dc6,1,403,0,
XSS,search,3,f6af3e30e68e1e8c,1,403,0,
XSS,search,3,9485b7bf3feec175,1,200,1,1
XSS,search,3,2a1fec10b90f86b0,1,403,0,
XSS,search,3,1aa9490795f35426,1,403,0,
XSS,search,3,001ca22df475ac0c,1,200,1,1
XSS,search,3,dfba79139437b916,1,200,1,1
XSS,search,3,a6c82fa85be2a03e,1,403,0,
XSS,search,3,38d63388bb7f8db3,1,200,1,1
XSS,search,3,af6adecc42778939,1,403,0,
XSS,search,3,a2a688ce75c59510,1,200,1,1
XSS,search,3,11b550d687260755,0,,0,
XSS,search,3,4e4ef9541c0c8daf,1,403,0,
XSS,search,3,14f374f3af3f991a,1,200,1,1
XSS,search,3,ff095a4aa602c3ac,1,403,0,
XSS,search,3,76cd1d8c9ff4a01d,1,403,0,
XSS,search,3,59942061849f3b5e,1,200,1,1
XSS,search,3,39cb3ad2397a31ff,1,403,0,
XSS,search,3,f13e1a8d1af2b744,1,200,1,1
XSS,search,3,e071d02d69a7da6c,1,403,0,
XSS,search,3,47ce79db3bfc204f,1,200,1,1
XSS,search,3,218d56f4ba88dfca,1,200,1,1
XSS,search,3,2140c2bdc57184b8,1,403,0,
XSS,search,3,56c127002d7bfa51,1,200,1,1
XSS,search,3,6f37ab420fe2c359,1,200,1,1
XSS,search,3,40f8d716bc07c5c8,1,403,0,
XSS,search,3,404801b5a3746faf,1,200,1,1
XSS,search,3,5ceb273dab18aa44,1,403,0,
XSS,search,3,9f01a0933a03aaff,1,403,0,
XSS,search,3,902bfab6e15a4919,1,403,0,
XSS,search,3,c95fe829fc6ab288,1,403,0,
XSS,search,3,00ede3fa65a9c257,1,403,0,
XSS,search,3,cb4b91772cbdcf6f,1,200,1,1
XSS,search,3,e4df75c3feb57a91,1,403,0,
XSS,search,3,d5f38a402c01e6d4,1,403,0,
XSS,search,3,d1431bad268500e9,0,,0,
XSS,search,3,5f1b3568b500f300,1,403,0,
XSS,search,3,015f0ee12dcfa4c0,1,200,1,1
XSS,search,3,8c24cc161b565b9d,0,,0,
XSS,search,3,5416caa1b834b319,0,,0,
XSS,search,3,cc0af2a7ed25b7be,1,200,1,1
XSS,search,3,4bf69851b12ef3d5,0,,0,
XSS,search,3,f1d0184c8cb8b270,1,200,1,1
XSS,search,3,b8b77e60843ddeee,1,200,1,1
XSS,search,3,311a71bec9fd36b0,1,200,1,1
XSS,search,3,7c9705af643fb728,1,403,0,
XSS,search,3,16581c4c975fc10b,1,200,1,1
XSS,search,3,a30d802834575545,0,,0,
XSS,search,3,4324d79ca211caf5,0,,0,
XSS,search,3,f202ffef5ba13f23,1,200,1,1
XSS,search,3,1b265b6e49d71119,0,,0,
XSS,search,3,b6d4ada2ccdcf7cb,1,200,1,1
XSS,search,3,9c14930fadbb8a65,1,403,0,
XSS,search,3,0d80a820fe793dc5,0,,0,
XSS,search,3,bd46ccf87aad1bd2,1,403,0,
XSS,search,3,7cee7077525fe2c0,0,,0,
XSS,search,3,73263cb83b4a81b9,1,200,1,1
XSS,search,3,a41563bf3864fffb,0,,0,
XSS,search,3,b2febd33e2cbdcfd,0,,0,
XSS,search,3,f28cb94a148c555b,0,,0,
XSS,search,3,b89d8559a167b1dd,0,,0,
XSS,search,3,7c22de27bcb5bc2f,0,,0,
XSS,search,3,0a68497eb3d08d1c,0,,0,
XSS,search,3,4363b2c61f62fe96,0,,0,
XSS,search,3,3216b087d8114ecd,0,,0,
XSS,search,3,68bd7de000ed8b34,1,403,0,
XSS,search,3,16ececcb40acb558,1,200,1,1
XSS,search,3,c2dee4a3d57d585a,1,200,1,1
XSS,search,3,5c5df38befe8176b,0,,0,
XSS,search,3,8c5132c5d7fb8c2f,1,200,1,1
XSS,search,3,454d9f70b1933c67,0,,0,
XSS,search,3,97e25ed9aac8f0f5,0,,0,
XSS,search,3,c6d539d9c77343b8,0,,0,
XSS,search,3,ef3dcaac400f7f00,0,,0,
XSS,search,3,a677126be0ea7dbc,1,200,1,1
XSS,search,3,14d9a1ff6c63649f,1,200,1,1
XSS,search,3,7dd5f37325ea4aff,1,200,1,1
XSS,search,3,786b600eef352320,0,,0,
XSS,search,3,94463da5b5f239e7,1,200,1,1
XSS,search,3,418bf4f5bfd8f875,0,,0,
XSS,search,3,59afdd9190d878de,0,,0,
XSS,search,3,e2ae8814c98c2a9b,1,200,1,1
XSS,search,3,70fc4a8e188270c4,1,200,1,1
XSS,search,3,5c5a3441b0d7b6b7,1,200,1,1
XSS,search,3,ce348f6cc9777960,1,200,1,1
XSS,search,3,821efd560afd5584,1,403,0,
XSS,search,3,3cfb78156a580376,1,200,1,1
XSS,search,3,f50f76c8f4e0ddb0,0,,0,
XSS,search,3,b9378aa988effda4,1,403,0,
XSS,search,3,4c14acb625d11a86,1,403,0,
XSS,search,3,4d441cfccaa4deb8,1,200,1,1
XSS,search,3,a6e71e8b78aa3f65,0,,0,
XSS,search,3,7b7fc8578f0c5e80,1,200,1,1
XSS,search,3,179de50b95607968,0,,0,
XSS,search,3,7d475c9b3ab2cfc5,1,200,1,1
XSS,search,3,66f978c4df258881,0,,0,
XSS,search,3,7f13178e19657b2e,1,200,1,1
XSS,search,3,aff9939504a85577,1,403,0,
XSS,search,3,26e9409e73f16d5a,1,403,0,
XSS,search,3,5cd43380eb6452a8,1,403,0,
XSS,search,3,414dd8b2015ce136,1,200,1,1
XSS,search,3,2c7e6dd11cff22fa,0,,0,
XSS,search,3,514e4cd580a3ac47,1,403,0,
XSS,search,3,9042b5a2bf84e82a,1,200,1,1
XSS,search,3,2cc3d9994db19953,0,,0,
XSS,search,3,f73060fb41bc5d67,1,403,0,
XSS,search,3,5fe04981ae3310e3,0,,0,
XSS,search,3,95f8753577e5d3fb,1,200,1,1
XSS,search,3,3375f66027e5ec03,0,,0,
XSS,search,3,ff1e58cfc9e9c7ce,0,,0,
XSS,search,3,7e7ae58ded54a603,0,,0,
XSS,search,3,177fbaf1a5d8afc3,1,200,1,1
XSS,search,3,5cd3a2de7f20d476,0,,0,
XSS,search,3,40fa2afd48bd40b7,0,,0,
XSS,search,3,b533361c431e2c44,1,403,0,
XSS,search,3,cb5bd512531e828e,0,,0,
XSS,search,3,d34758d9384a1c2a,0,,0,
XSS,search,3,085d78fca755ea58,1,403,0,
XSS,search,3,a0ee80a5f82c4477,1,200,1,1
XSS,search,3,0248ef8a7e380f84,1,403,0,
XSS,search,3,e89f40d6db0beebc,1,403,0,
XSS,search,3,77a3c1fd552d43c8,1,200,1,1
XSS,search,3,09e51c64dd9a8596,0,,0,
XSS,search,3,f8fac298b8a85f79,1,200,1,1
XSS,search,3,320d3e0ebd081ffb,0,,0,
XSS,search,3,f8eb9fdf3d7ad451,1,200,1,1
XSS,search,3,c74fc1c8a2860938,0,,0,
XSS,search,3,36428207016d9ae8,1,200,1,1
XSS,search,3,dba520a0ee541b5c,1,403,0,
XSS,search,3,82f64a8f6858e840,1,200,1,1
XSS,search,3,e52b09d1325f03e9,1,200,1,1
XSS,search,3,47162bab32799270,1,200,1,1
XSS,search,3,e55017f2d37e7157,1,200,1,1
XSS,search,3,f6fee0566b601809,1,200,1,1
XSS,search,3,5d8c0b46ea697444,0,,0,
XSS,search,3,6619b1cc19b69744,1,403,0,
XSS,search,3,b4fcff3febd341be,1,403,0,
XSS,search,3,b17706a79931aaf1,1,200,1,1
XSS,search,3,3242d9e1e757f201,0,,0,
XSS,search,3,001fc6479f21698e,1,200,1,1
XSS,search,3,488933cf9c663ea5,1,200,1,1
XSS,search,3,1367f3e24f9b7c33,1,200,1,1
XSS,search,3,ac56fac257c924ee,0,,0,
XSS,search,3,5befa99ec31dca80,1,200,1,1
XSS,search,3,65bf5d4e8f6d0b54,1,403,0,
XSS,search,3,4f4b793be8201dcc,1,403,0,
XSS,search,3,acbea9847a530bc6,0,,0,
XSS,search,3,6522afc5e0bc3cab,1,200,1,1
XSS,search,3,1044fcb493d0e3d0,1,200,1,1
XSS,search,3,9e148a6c79ccad70,1,403,0,
XSS,search,3,7a63e75d666d28db,1,403,0,
XSS,search,3,4adb9ebd0b80f74b,1,200,1,1
XSS,search,3,eab63c4501439e2d,1,403,0,
XSS,search,3,918281db9b7659a8,1,403,0,
XSS,search,3,e4c21adc78f16f35,1,403,0,
XSS,search,3,a07bd7e4f94fb22c,1,200,1,1
XSS,search,3,61224b15327bc80f,1,200,1,1
XSS,search,3,504c07f74e3eaae4,1,403,0,
XSS,search,3,04d24e2b7681a291,1,200,1,1
XSS,search,3,de6336a1225ed8ed,0,,0,
XSS,search,3,0ff14e1788950727,1,403,0,
XSS,search,3,76840c89e3867c08,0,,0,
XSS,search,3,c25ea48527c8f230,1,200,1,1
XSS,search,3,afaf26d5b89eff12,0,,0,
XSS,search,3,884e9c02e8b7c51a,0,,0,
XSS,search,3,f885da9e160c6fd1,1,403,0,
XSS,search,3,579355ba912cb250,1,200,1,1
XSS,search,3,69f4f50fe057575d,0,,0,
XSS,search,3,ed3305305dcd73fc,1,200,1,1
XSS,search,3,8ad1d4a2ce61f7b2,1,200,1,1
XSS,search,3,57bd18a64ae08c0f,1,403,0,
XSS,search,3,fccd381ae23a476b,0,,0,
XSS,search,3,258cefd9f10b620d,1,200,1,1
XSS,search,3,5c191b5460184310,1,200,1,1
XSS,search,3,8eeeeff9612a79fe,1,200,1,1
XSS,search,3,aa958a1a23ce219a,1,200,1,1
XSS,search,3,3c01154471f1ec51,1,200,1,1
XSS,search,3,2952db4ebee4055d,1,200,1,1
XSS,search,3,e89db490e0cac050,1,403,0,
XSS,search,3,801e7fd70e0429d3,1,200,1,1
XSS,search,3,f627b6476eadb94b,1,200,1,1
XSS,search,3,51901810c7539469,1,200,1,1
XSS,search,3,c489b7085ab5885d,1,403,0,
XSS,search,3,cd7a48c4aa00ec79,1,200,1,1
XSS,search,3,263af419c8412520,0,,0,
XSS,search,3,e4ece96a4d4c5f43,1,200,1,1
XSS,search,3,a22ea72ef736aab8,1,200,1,1
XSS,search,3,be389581292eeae7,1,200,1,1
XSS,search,3,dbbfe54e406029b2,0,,0,
XSS,search,3,207e405691d6a0a3,0,,0,
XSS,search,3,547b4d48ca87da2b,1,200,1,1
XSS,search,3,fd81897a43a16ce9,1,200,1,1
XSS,search,3,c2a19473c7f474be,1,200,1,1
XSS,search,3,9f8a61c7f5bcc43d,1,200,1,1
XSS,search,3,df5b61a371721c7e,1,200,1,1
XSS,search,3,ebf5f3d6a67ac368,1,200,1,1
XSS,search,3,b212434fb83e3333,1,200,1,1
XSS,search,3,212af924663a0d1e,1,200,1,1
XSS,search,3,c5fa2d2aa0b693e5,1,200,1,1
XSS,search,3,d984924eadb1f3c3,1,403,0,
XSS,search,3,4995ffd5dc9bae7c,1,200,1,1
XSS,search,3,e5d248d2b0818953,1,200,1,1
XSS,search,3,0f135b62167245ac,1,200,1,1
XSS,search,3,f96db2be503c706e,1,200,1,1
XSS,search,3,8856c426d17c800c,1,200,1,1
XSS,search,3,95df6f8bb8ec84b5,1,200,1,1
XSS,search,3,f3fcacb6dd8fe742,0,,0,
XSS,search,3,f4360700ec110004,1,200,1,1
XSS,search,3,75023d55768a1b26,1,200,1,1
XSS,search,3,62c3fdeaf71ec332,1,200,1,1
XSS,search,3,6c61b27efa6e2dad,1,403,0,
XSS,search,3,29def314a487c67b,1,200,1,1
XSS,search,3,60e2f3b5dd753863,0,,0,
XSS,search,3,e671a5f37497fa9e,1,200,1,1
XSS,search,3,63e88e8c08ea4c1c,1,200,1,1
XSS,search,3,018b63ec680efb86,1,200,1,1
XSS,search,3,a0be4e000779ccdd,1,403,0,
XSS,search,3,39b7ea47297df669,0,,0,
XSS,search,3,3b6e4e8ef21db8db,0,,0,
XSS,search,3,ed634c146bb3e325,1,403,0,
XSS,search,3,e530550bbca6afa1,1,200,1,1
XSS,search,3,b7111da269b175ea,1,200,1,1
XSS,search,3,2c0360400efd619b,1,200,1,1
XSS,search,3,f8956764089a68e9,1,200,1,1
XSS,search,3,b444a1fd01d2c2ee,1,200,1,1
XSS,search,3,408bc8a67a6fda69,1,200,1,1
XSS,search,3,c8ad5bd5e6e82a0d,1,200,1,1
XSS,search,3,28631ff7eada5fd6,1,200,1,1
XSS,search,3,466559cca0fe4b37,1,200,1,1
XSS,search,3,f894922f314b3349,1,200,1,1
XSS,search,3,c9698bee7692f38e,1,403,0,
XSS,search,3,5a82c67039b2c212,1,200,1,1
XSS,search,3,2dda06d12e55298a,1,200,1,1
XSS,search,3,02180b312177e3d4,1,200,1,1
XSS,search,3,d8f9de17a6e6d3d4,1,200,1,1
XSS,search,3,f372f9195c1ae5c2,1,200,1,1
XSS,search,3,a03509b24524d7ed,1,403,0,
XSS,search,3,00d50dd76ea4f892,1,200,1,1
XSS,search,3,3e00fe6697b20c2c,0,,0,
XSS,search,3,7c6db01652123cbd,1,200,1,1
XSS,search,3,78d891081d9ca4f3,1,200,1,1
XSS,search,3,a14151bd585f554f,1,200,1,1
XSS,search,3,ef4cf7d47e967ce8,1,200,1,1
XSS,search,3,ba5efe329208e881,1,200,1,1
XSS,search,3,6a957313ad787ef0,1,200,1,1
XSS,search,3,f3ce322a2e23975b,1,200,1,1
XSS,search,3,7cdc331f30cd3db5,1,200,1,1
XSS,search,3,c85fe87f0c8b4a9a,1,200,1,1
XSS,search,3,2498a7b5f08243b6,0,,0,
XSS,search,3,e2ebbd87b15b3861,1,200,1,1
XSS,search,3,2e6ed6bdb5e3e6e0,1,403,0,
XSS,search,3,85759341ad1ed9ee,1,200,1,1
XSS,search,3,8ffa13de749a38ff,1,200,1,1
XSS,search,3,4b0a5f19b4bb9200,1,200,1,1
XSS,search,3,b7375c7eee29c42a,0,,0,
XSS,search,3,882961e8c7d94838,0,,0,
XSS,search,3,50b0e04661a724c6,0,,0,
XSS,search,3,cad1c03b44da059f,1,200,1,1
XSS,search,3,d7fb666a507b4cc0,1,200,1,1
XSS,search,3,8f240fab0f1f20ec,0,,0,
XSS,search,3,bbdf98c496687a76,1,403,0,
XSS,search,3,783deadcb00490dd,1,200,1,1
XSS,search,3,a4fe71d74cee8e44,1,200,1,1
XSS,search,3,98edbac2adcf661f,1,403,0,
XSS,search,3,b01cc162860fb8c9,1,200,1,1
XSS,search,3,b5ad7a0ac85cf174,0,,0,
XSS,search,3,e3f60103208e852d,1,403,0,
XSS,search,3,7bd66a0681020f17,1,200,1,1
XSS,search,3,243bb1773f34fefa,1,200,1,1
XSS,search,3,cfccd0661b56a597,1,200,1,1
XSS,search,3,acf1f4c3fd4f3a1f,1,200,1,1
XSS,search,3,32f912f5121722a5,1,200,1,1
XSS,search,3,0782e2b22c434799,1,200,1,1
XSS,search,3,9bc7cc147d1f9988,1,200,1,1
XSS,search,3,de139c00a752b922,0,,0,
XSS,search,3,62e65ab4d19e8267,1,200,1,1
XSS,search,3,e610329498eab9a5,1,200,1,1
XSS,search,3,9932ceff341181d0,1,200,1,1
XSS,search,3,f969c603fbe1d9a8,1,200,1,1
XSS,search,3,4a7a6cc40ef79f2a,0,,0,
XSS,search,3,c466bfdce900046e,1,200,1,1
XSS,search,3,ac208ab5b40b2e92,1,200,1,1
XSS,search,3,5e4d972045c0a58d,1,200,1,1
XSS,search,3,c6cab2fd98125669,1,200,1,1
XSS,search,3,3dbffc92506c8abc,1,200,1,1
XSS,search,3,2a5f08df1d9efdc4,1,200,1,1
XSS,search,3,261d28e215f1bdc8,1,200,1,1
XSS,search,3,279f81d500908080,1,200,1,1
XSS,search,3,496e60eb69c416d6,1,403,0,
XSS,search,3,fceaee11941a812b,1,200,1,1
XSS,search,3,5b8f6530b2ef1b59,1,200,1,1
XSS,search,3,c7ade05fdebe9eae,0,,0,
XSS,search,3,79a79cac4ac682ac,1,200,1,1
XSS,search,3,fee189939aaeb382,1,200,1,1
XSS,search,3,99ff4f6fe582e1ab,0,,0,
XSS,search,3,be29de044ee92371,1,200,1,1
XSS,search,3,e961138db371e7a1,1,200,1,1
XSS,search,3,f12cfa85d0dff6a0,0,,0,
XSS,search,3,c7d877abde06ed1d,1,403,0,
XSS,search,3,46687429f99a8f63,1,200,1,1
XSS,search,3,207f5e9e7bea76c7,1,200,1,1
XSS,search,3,a0de87cd03e781f4,1,200,1,1
XSS,search,3,4679b8b4959b0aaf,1,200,1,1
XSS,search,3,5602cdb1b5ffbd64,1,200,1,1
XSS,search,3,4de967d609c0791d,0,,0,
XSS,search,3,0041d63490275c31,1,200,1,1
XSS,search,3,cee42a378fad1198,0,,0,
XSS,search,3,80cf361f016d47df,1,200,1,1
XSS,search,3,4a83c4b2539601e4,1,200,1,1
XSS,search,3,ef8d22ab9e91027c,1,200,1,1
XSS,search,3,7cdd2bf9bd5cbee3,1,403,0,
XSS,search,3,c3b104c74b7d211a,1,200,1,1
XSS,search,3,150b25fce2948793,0,,0,
XSS,search,3,31eaa77237eda756,1,200,1,1
XSS,search,3,12c034dc7bf6d8d8,1,200,1,1
XSS,search,3,f258e1a2d7705d07,1,200,1,1
XSS,search,3,c20c2872d7e2e451,1,200,1,1
XSS,search,3,830f7c5a24e20cf8,1,200,1,1
XSS,search,3,0189ce985dfb1a5f,1,200,1,1
XSS,search,3,12d5d22fc234e3d9,1,200,1,1
XSS,search,3,882a0288c13801ef,0,,0,
XSS,search,3,f495773ea63ec33e,1,200,1,1
XSS,search,3,b865444bd27c4330,1,200,1,1
XSS,search,3,5179bf9e1cdd9f9e,1,200,1,1
XSS,search,3,12f9968eadd2e58d,1,200,1,1
XSS,search,3,b512c0f96ae5f01d,1,200,1,1
XSS,search,3,ead0be16a18c4d56,1,200,1,1
XSS,search,3,79e3a45d02e534da,1,200,1,1
XSS,search,3,9c3a89b023ff43e0,1,200,1,1
XSS,search,3,e5881b031f8d6fee,1,200,1,1
XSS,search,3,fdce7967d542a107,1,200,1,1
XSS,search,3,769ce8af9b190fc9,1,200,1,1
XSS,search,3,ad959b7aa6723e34,1,200,1,1
XSS,search,3,98b8914368e7c98f,1,200,1,1
XSS,search,3,b39b59f158da7af5,1,200,1,1
XSS,search,3,8afb25e3c58ca326,1,200,1,1
XSS,search,3,1d2a8fd6ec0d7093,1,200,1,1
XSS,search,3,b456c6922e63ea12,0,,0,
XSS,search,3,de7c9a71db3ece95,1,200,1,1
XSS,search,3,fbd91fd6234ac100,1,200,1,1
XSS,search,3,4f5c9cd5dddf8881,1,200,1,1
XSS,search,3,3ad03ae069c21fd2,1,200,1,1
XSS,search,3,8fbd5f4e9ae92af0,1,200,1,1
XSS,search,3,497b696e1c28aa8f,1,200,1,1
XSS,search,3,60c0668bac9abe37,0,,0,
XSS,search,3,6f5b916041fea83f,1,200,1,1
XSS,search,3,092c4d04c7ed5fd7,0,,0,
XSS,search,3,85e8b2b945850f4d,1,200,1,1
XSS,search,3,b2a55c4c5882ff2c,1,200,1,1
XSS,search,3,82ec10286a373766,1,200,1,1
XSS,search,3,68b56a86bfb0c8c9,1,200,1,1
XSS,search,3,0db1d0344f88aa0d,0,,0,
XSS,search,3,3039adf7dc4c247f,1,200,1,1
XSS,search,3,ed05fdfdc5157a01,1,200,1,1
XSS,search,3,d806b7b4c52b108c,1,403,0,
XSS,search,3,8745685d9a8e3b41,1,200,1,1
XSS,search,3,9067d23d614a0d8f,1,403,0,
XSS,search,3,790c4ce737ded35f,0,,0,
XSS,search,3,5486cd56fbc5e0ca,1,200,1,1
XSS,search,3,af2e9da26652b77f,1,200,1,1
XSS,search,3,2e9e9ed89b49e2bd,0,,0,
XSS,search,3,28bc2e659ea073c6,1,200,1,1
XSS,search,3,d6bd544380b0c99b,1,200,1,1
XSS,search,3,f32794c95fceec06,1,200,1,1
XSS,search,3,fa0125cc799203fb,1,200,1,1
XSS,search,3,f4e94e95fb732393,0,,0,
XSS,search,3,0fef580c3557e3a7,0,,0,
XSS,search,3,be3c6750212e043f,1,403,0,
XSS,search,3,327960821f4c89a5,1,200,1,1
XSS,search,3,bf97a8331655b838,1,200,1,1
XSS,search,3,6eec6472cab15a3f,1,200,1,1
XSS,search,3,a59e0bee1389d98d,1,200,1,1
XSS,search,3,f6ccfaa2624d8eb1,1,403,0,
XSS,search,3,498f16efd431f1c6,1,200,1,1
XSS,search,3,f2598696889bcdee,1,200,1,1
XSS,search,3,7fdf1e40b505a561,1,200,1,1
XSS,search,3,381c8756380197a6,1,200,1,1
XSS,search,3,ed6a755a3df6da7d,1,200,1,1
XSS,search,3,4ca788d3f8ed1619,1,200,1,1
XSS,search,3,8483076f0b17d173,1,200,1,1
XSS,search,3,d9af6afb23f7f85e,1,200,1,1
XSS,search,3,a810830f1724a7c6,1,403,0,
XSS,search,3,6153ff4777526330,1,200,1,1
XSS,search,3,b7d9e264b81073f7,1,200,1,1
XSS,search,3,9723cf4e452041d1,0,,0,
XSS,search,3,95fedabf47ca3440,1,200,1,1
XSS,search,3,7142e8cbd3c7a306,1,200,1,1
XSS,search,3,76a4b071aa8b3635,1,200,1,1
XSS,search,3,2dc59155542683df,1,200,1,1
XSS,search,3,b8168ed515a667b9,1,200,1,1
XSS,search,3,e219fb448fb4b1c0,1,200,1,1
XSS,search,3,89b1a8868878869e,1,200,1,1
XSS,search,3,d5cc08ca23d01e40,1,200,1,1
XSS,search,3,fe0d8f8adba26cc8,1,200,1,1
XSS,search,3,5d0c1164f4542537,1,200,1,1
XSS,search,3,0f988b2b430c53a0,1,200,1,1
XSS,search,3,40708bba20481a8d,1,200,1,1
XSS,search,3,4c3d616838ecaf49,0,,0,
XSS,search,3,952dcde552b8f635,1,200,1,1
XSS,search,3,423c4403180780f8,0,,0,
XSS,search,3,bbe86e05fd0a3eda,1,200,1,1
XSS,search,3,0fc92515eb0a2854,0,,0,
XSS,search,3,4c46695d78fda6d8,1,200,1,1
XSS,search,3,e600d9b1d6469eec,1,200,1,1
XSS,search,3,57dfa07e295a2b2e,1,200,1,1
XSS,search,3,ece8b3deb6413549,1,200,1,1
XSS,search,3,1d202305ccd4f9d0,1,200,1,1
XSS,search,3,8b690ef197b587bd,1,200,1,1
XSS,search,3,5d6e95fe03bdfb01,0,,0,
XSS,search,3,fd931e20452b623d,0,,0,
XSS,search,3,d275f74e33980abc,1,200,1,1
XSS,search,3,dbf6abe1f17c61d2,1,200,1,1
XSS,search,3,92a68040c57d4b1c,1,200,1,1
XSS,search,3,26b8679ffcd5463b,1,200,1,1
XSS,search,3,c15c07c308cbbbb4,1,403,0,
XSS,search,3,aa30bc23500f9841,1,200,1,1
XSS,search,3,827507f664e1cddc,1,200,1,1
XSS,search,3,77a5afaf3ff1e35c,1,200,1,1
XSS,search,3,27db68765c73c012,1,200,1,1
XSS,search,3,869ed8874fcdaaab,1,403,0,
XSS,search,3,6caa4d3d7dcbc258,1,200,1,1
XSS,search,3,4c802bd12fda733a,1,200,1,1
XSS,search,3,60b8bb15765afcc2,1,200,1,1
XSS,search,3,fa1217304489e684,1,200,1,1
XSS,search,3,33689b98d7818d9d,1,200,1,1
XSS,search,3,1e04538522d75633,1,200,1,1
XSS,search,3,eca76c732e722f29,1,200,1,1
XSS,search,3,29f6dd03522d98b6,1,200,1,1
XSS,search,3,ac9673c859406433,1,200,1,1
XSS,search,3,09eda10bf4ac363a,1,200,1,1
XSS,search,3,91c9a561eacf67e4,1,200,1,1
XSS,search,3,9febed565b006c28,1,403,0,
XSS,search,3,2b80c632335ecfb8,1,200,1,1
XSS,search,3,1701a9f6734f8f50,0,,0,
XSS,search,3,f8fe2e3dffc2af43,1,200,1,1
XSS,search,3,a0bc9eb9c27fc210,1,200,1,1
XSS,search,3,17aaf99ac9ef3982,1,200,1,1
XSS,search,3,b15ee770ce6754d3,1,200,1,1
XSS,search,3,2c40e6a03de0a00e,1,200,1,1
XSS,search,3,c7b7f67e289bbc88,1,200,1,1
XSS,search,3,cc5e387376718dfb,1,403,0,
XSS,search,3,4ea1c5b1b3b0bf74,1,200,1,1
XSS,search,3,9c67b6d6d4c17a7a,1,200,1,1
XSS,search,3,3c413be078243225,1,200,1,1
XSS,search,3,db7834712966c896,0,,0,
XSS,search,3,1310506790c46e9a,1,200,1,1
XSS,search,3,6bf10fc16ad65c63,0,,0,
XSS,search,3,e0e53fc61ad93401,1,200,1,1
XSS,search,3,8a25660d9c933d4d,1,403,0,
XSS,search,3,04fc426734182591,1,200,1,1
XSS,search,3,5ae3716711f514d8,0,,0,
XSS,search,3,4317bb3c39928b8e,0,,0,
XSS,search,3,77f84a9c7d1f042c,1,200,1,1
XSS,search,3,8746c2d9831ccbc0,1,403,0,
XSS,search,3,cf2f9e9bbc0674e4,1,200,1,1
XSS,search,3,bfe845bdbac4b930,1,200,1,1
XSS,search,3,a946e4f9b7c9065b,1,403,0,
XSS,search,3,10036f4a49dec049,1,200,1,1
XSS,search,3,ab6e7a2ce88636bc,1,200,1,1
XSS,search,3,612d7b3704bf608f,1,403,0,
XSS,search,3,2c8d94259a0ad897,1,200,1,1
XSS,search,3,6b182875e561cf1c,0,,0,
XSS,search,3,59cb0c81facda863,0,,0,
XSS,search,3,b8a7e8b45113e114,1,403,0,
XSS,search,3,09da7af227a35f4d,1,200,1,1
XSS,search,3,19f8cd9c5e727600,0,,0,
XSS,search,3,505213fbdc4a5543,0,,0,
XSS,calc,4,f9bf9095581c78fe,1,403,0,
XSS,calc,4,ae126569957fe0aa,1,200,1,1
XSS,calc,4,6e94a087a58a5fa4,0,,0,
XSS,calc,4,ccde9b12e198fb7a,1,403,0,
XSS,calc,4,431be450b449232e,0,,0,
XSS,calc,4,5f3da9cea48041cb,0,,0,
XSS,calc,4,65cde60785fe75fd,1,403,0,
XSS,calc,4,1e95439007561afd,0,,0,
XSS,calc,4,dd57ee6d0f8d358a,0,,0,
XSS,calc,4,deba1c5783ede931,0,,0,
XSS,calc,4,5c8745f9e04047ff,0,,0,
XSS,calc,4,edfcca5af2abe450,0,,0,
XSS,calc,4,8ad313805f9241d1,0,,0,
XSS,calc,4,5f9f7b8f14e9c1f8,0,,0,
XSS,calc,4,d38226d531215b5d,0,,0,
XSS,calc,4,064ddd791c623bcc,0,,0,
XSS,calc,4,af22228688497111,1,403,0,
XSS,calc,4,959a8e0b54098c92,0,,0,
XSS,calc,4,6e85c4d15ec3882c,0,,0,
XSS,calc,4,75871b8f20b3af36,0,,0,
XSS,calc,4,193a58d5836cda47,0,,0,
XSS,calc,4,867383489f41bf4d,0,,0,
XSS,calc,4,25c199af6823d801,0,,0,
XSS,calc,4,b4069174eda7bfa0,0,,0,
XSS,calc,4,bfaccfb60856b3e0,0,,0,
XSS,calc,4,3cb4341592bfc380,0,,0,
XSS,calc,4,191af2bf78a0444b,0,,0,
XSS,calc,4,2e9f20c4e9f57235,0,,0,
XSS,calc,4,f4a9484025916a8a,1,200,1,1
XSS,calc,4,a647cfb524b32ff7,0,,0,
XSS,calc,4,1d12e03164284fc2,0,,0,
XSS,calc,4,706ad68c1deb4ba3,0,,0,
XSS,calc,4,beccbac208cfe55b,0,,0,
XSS,calc,4,ed461e554f451516,0,,0,
XSS,calc,4,e92b0be702809ea2,0,,0,
XSS,calc,4,660adb8c0c996e43,0,,0,
XSS,calc,4,d61ec6f2e91d9095,1,403,0,
XSS,calc,4,98c5400689a45b99,0,,0,
XSS,calc,4,9d4ca6fce1b6c63f,1,200,1,1
XSS,calc,4,7b1807e7624d8762,1,403,0,
XSS,calc,4,9b6db12458f28e66,0,,0,
XSS,calc,4,ec8ccb6538196fb7,0,,0,
XSS,calc,4,4733169798ecea90,0,,0,
XSS,calc,4,f623bf361d625de9,0,,0,
XSS,calc,4,1fb31fb12c0a0f49,0,,0,
XSS,calc,4,2295557ed29aca7f,1,200,1,1
XSS,calc,4,2dd6e1ffd49d3b22,1,200,1,1
XSS,calc,4,24dc613bbb72e749,0,,0,
XSS,calc,4,79bb1ca28ee8a7fe,0,,0,
XSS,calc,4,c4bba072f34adc75,0,,0,
XSS,calc,4,7069358e1ea09f50,0,,0,
XSS,calc,4,b28c034e1525dbe5,1,403,0,
XSS,calc,4,5d79d7734be610ea,0,,0,
XSS,calc,4,108ee05b419556a9,1,403,0,
XSS,calc,4,ec8449c5ab522458,0,,0,
XSS,calc,4,27979440ad4b43cf,0,,0,
XSS,calc,4,47767b1931387f47,0,,0,
XSS,calc,4,b24a65a9c233a974,1,200,1,1
XSS,calc,4,4194db997b4ec6f8,0,,0,
XSS,calc,4,ab91ce5a15ddee9a,1,200,1,1
XSS,calc,4,dde61cbce329dd6b,0,,0,
XSS,calc,4,449e7b1eeeccec05,1,403,0,
XSS,calc,4,8650e974b9fa5719,0,,0,
XSS,calc,4,8c682ed070a99bc4,1,403,0,
XSS,calc,4,748c79c12e467b49,0,,0,
XSS,calc,4,42fbc7575260687c,0,,0,
XSS,calc,4,35d21738dad33b37,0,,0,
XSS,calc,4,899d9bb1a8720271,0,,0,
XSS,calc,4,d8cca683b793e0ac,0,,0,
XSS,calc,4,f6a28dd7cde317ea,0,,0,
XSS,calc,4,9aa0758563e4e06f,0,,0,
XSS,calc,4,c91d0b6f5ff0c257,0,,0,
XSS,calc,4,53574a5f961c41b8,0,,0,
XSS,calc,4,0f64f39db4d416f8,0,,0,
XSS,calc,4,d542468cb9e2c7ca,0,,0,
XSS,calc,4,d30b89167c1345b7,0,,0,
XSS,calc,4,5e992afe77fcde0b,0,,0,
XSS,calc,4,c03f432a7ae8e72c,0,,0,
XSS,calc,4,89e6ea40dc92a7ff,0,,0,
XSS,calc,4,abb27ea11fae7284,0,,0,
XSS,calc,4,ee50f31ff20ca5bf,0,,0,
XSS,calc,4,8c9640bc37bc65e7,0,,0,
XSS,calc,4,da9408468c95126d,1,403,0,
XSS,calc,4,cca8d3ab88b86ddf,1,200,1,1
XSS,calc,4,b5c81068d5192207,1,403,0,
XSS,calc,4,23f8e4d39c715ecf,0,,0,
XSS,calc,4,5edc6321002ee46d,1,200,1,1
XSS,calc,4,c7524b0025426c09,1,403,0,
XSS,calc,4,94c8063474406690,1,200,1,1
XSS,calc,4,411dc5add20e7c0e,0,,0,
XSS,calc,4,13c4f746c4323ee5,0,,0,
XSS,calc,4,22c77415780cee66,1,200,1,1
XSS,calc,4,f09a050fc01cb048,1,200,1,1
XSS,calc,4,db60c1b0524b0efa,0,,0,
XSS,calc,4,0ceccfded2bc5fde,1,200,1,1
XSS,calc,4,d593129c63dbf5e5,1,200,1,1
XSS,calc,4,8a4a54f5cf2cab88,1,200,1,1
XSS,calc,4,985c71cb00a01332,1,200,1,1
XSS,calc,4,7dd372f33629d357,1,200,1,1
XSS,calc,4,8b74e53afbcf540e,0,,0,
XSS,calc,4,386dcdce6f29ac21,1,200,1,1
XSS,calc,4,ff92447dc48c44c5,0,,0,
XSS,calc,4,950fe8397e435b98,1,200,1,1
XSS,calc,4,e3559790c1b23f7f,1,200,1,1
XSS,calc,4,340fb525c34e66b1,1,200,1,1
XSS,calc,4,e8d28f0663262222,1,200,1,1
XSS,calc,4,8de7beb93239f1a8,1,200,1,1
XSS,calc,4,109659f7ab2cfd58,1,200,1,1
XSS,calc,4,5a34623c652f9590,1,200,1,1
XSS,calc,4,a4fd2da4f2cbd3b3,1,200,1,1
XSS,calc,4,806893d713216635,1,200,1,1
XSS,calc,4,5fcba03dd7230c3f,1,403,0,
XSS,calc,4,067fa7934ab48c05,0,,0,
XSS,calc,4,4e83362c0433684e,1,200,1,1
XSS,calc,4,114009dcbb27a30f,1,200,1,1
XSS,calc,4,3d5751103e9177a4,1,200,1,1
XSS,calc,4,d65e1a3489583c30,1,403,0,
XSS,calc,4,68f007055c29e41d,0,,0,
XSS,calc,4,ec19b8b33afc1d7b,0,,0,
XSS,calc,4,d3ebc92c679ba26c,0,,0,
XSS,calc,4,566cb7f378b93e9a,1,200,1,1
XSS,calc,4,5db2edad3017bcc1,1,403,0,
XSS,calc,4,1c92d5cdff84fcdd,1,403,0,
XSS,calc,4,9e67052bfa9b32ac,1,403,0,
XSS,calc,4,d3601bdd3a5a9fd9,1,200,1,1
XSS,calc,4,7860ec5aafc06ed4,1,200,1,1
XSS,calc,4,71ece8bb0fdefeb5,1,403,0,
XSS,calc,4,490193303c6efd08,1,403,0,
XSS,calc,4,c5ee9903a2228ffc,1,403,0,
XSS,calc,4,9db646a871ad78a5,1,403,0,
XSS,calc,4,8bc16d0dc8088d06,0,,0,
XSS,calc,4,e1241c63b885d3d9,1,403,0,
XSS,calc,4,89ecb8483df2ae6e,1,200,1,1
XSS,calc,4,f61625a9bf0b426a,1,200,1,1
XSS,calc,4,61e6f97330d8618d,1,403,0,
XSS,calc,4,02dd31134ae55fdb,0,,0,
XSS,calc,4,2805c3938b342067,1,200,1,1
XSS,calc,4,e0e95a115863bb04,1,200,1,1
XSS,calc,4,e103d7cbd7d877b0,1,200,1,1
XSS,calc,4,74424cfba4b33007,1,200,1,1
XSS,calc,4,c6cac74719afc7ec,1,200,1,1
XSS,calc,4,732e4701530367e4,1,200,1,1
XSS,calc,4,f9e23ea502e43729,1,200,1,1
XSS,calc,4,89e9b5514b90562c,1,200,1,1
XSS,calc,4,7742345418cff1c8,1,403,0,
XSS,calc,4,cb17e717507eca55,1,200,1,1
XSS,calc,4,864b41f81a7d89d9,1,200,1,1
XSS,calc,4,c4107d0086e30b76,0,,0,
XSS,calc,4,03fc8ec7c5961a2f,0,,0,
XSS,calc,4,b79ae5aa9bf2dd67,1,200,1,1
XSS,calc,4,6d94fae0e281c341,1,200,1,1
XSS,calc,4,85fa384f2b2e921b,1,200,1,1
XSS,calc,4,dd2662816e15dd81,1,200,1,1
XSS,calc,4,63d5027d216a92bd,1,403,0,
XSS,calc,4,60b650248f97c47e,1,200,1,1
XSS,calc,4,bac86e7af946c72d,1,200,1,1
XSS,calc,4,2194ad7c848579a9,1,200,1,1
XSS,calc,4,b7436077b31f17f8,1,200,1,1
XSS,calc,4,96e421f70dfb9e8d,1,403,0,
XSS,calc,4,c2a9385f44b70e58,1,200,1,1
XSS,calc,4,2556839193a8e47d,1,200,1,1
XSS,calc,4,8f9628f7eb05788c,1,200,1,1
XSS,calc,4,d2e9003a6eec0784,1,200,1,1
XSS,calc,4,5edfa77dd57eab70,0,,0,
XSS,calc,4,b0ba4d5b5372f2ca,1,200,1,1
XSS,calc,4,7bb4a3b2014b4189,1,200,1,1
XSS,calc,4,77c29f2affffa973,1,200,1,1
XSS,calc,4,00b62967f644c4ec,1,200,1,1
XSS,calc,4,3d7b25d314a28288,1,200,1,1
XSS,calc,4,8c3a34bb3bbe4b19,1,200,1,1
XSS,calc,4,cf8df834fea7abcc,1,403,0,
XSS,calc,4,fe57f0aef584f92f,1,200,1,1
XSS,calc,4,a370ec757a66ae78,1,200,1,1
XSS,calc,4,fb1cf62ba3c380ff,1,200,1,1
XSS,calc,4,ab941a082cd4e9c1,1,200,1,1
XSS,calc,4,308c3d330f102e2c,1,200,1,1
XSS,calc,4,329a888220252b81,1,200,1,1
XSS,calc,4,c2d4de319329f0cd,1,200,1,1
XSS,calc,4,cafe2dbb771be081,1,200,1,1
XSS,calc,4,85c5873f1e1a1520,1,200,1,1
XSS,calc,4,9ac313419a01dedf,1,200,1,1
XSS,calc,4,1b054fd7c3598680,1,200,1,1
XSS,calc,4,ba9875eb53d46b00,1,200,1,1
XSS,calc,4,859c8b4f87bf67ac,1,200,1,1
XSS,calc,4,7f9b59d37743134f,1,200,1,1
XSS,calc,4,e1e560d4c5535920,1,200,1,1
XSS,calc,4,51f7c12bb60ae267,1,200,1,1
XSS,calc,4,ead20743acaff0ba,1,403,0,
XSS,calc,4,8b88f0dabb9689f4,1,200,1,1
XSS,calc,4,0280b171e30af72b,0,,0,
XSS,calc,4,17371e4c534c669e,1,200,1,1
XSS,calc,4,b33869adfb810b54,1,200,1,1
XSS,calc,4,17d51e516958ce2f,1,200,1,1
XSS,calc,4,fdeae80ed72e6588,1,200,1,1
XSS,calc,4,56157b696624067b,0,,0,
XSS,calc,4,439b23291133c82c,1,200,1,1
XSS,calc,4,674d2b9ef2165595,1,200,1,1
XSS,calc,4,5f971e895db599d5,1,403,0,
XSS,calc,4,6aac375d328fb418,1,200,1,1
XSS,calc,4,e59335458e512495,1,200,1,1
XSS,calc,4,00776adb33e95257,1,200,1,1
XSS,calc,4,387c6c726324739d,1,200,1,1
XSS,calc,4,10635265a99d53f0,1,200,1,1
XSS,calc,4,cd5dff0e30ec6925,1,200,1,1
XSS,calc,4,7d847ae81323dd06,1,200,1,1
XSS,calc,4,0d136f2c845ab100,1,403,0,
XSS,calc,4,f037c4f96490ad47,1,200,1,1
XSS,calc,4,9e1fb0995172fdb5,1,200,1,1
XSS,calc,4,501e16fd0ab1c307,1,200,1,1
XSS,calc,4,de3963cc836a24cc,1,200,1,1
XSS,calc,4,00c2142705a58b6c,1,200,1,1
XSS,calc,4,85006e835fa804f0,1,200,1,1
XSS,calc,4,17fa703ec0d40e25,1,200,1,1
XSS,calc,4,75173773f921f10b,0,,0,
XSS,calc,4,fa4b664c18813714,1,200,1,1
XSS,calc,4,d67a9eae40eeda8f,1,200,1,1
XSS,calc,4,ae525406e11ba9c6,1,200,1,1
XSS,calc,4,b6ab7d27e4484b79,1,200,1,1
XSS,calc,4,fa31b55be676319c,1,200,1,1
XSS,calc,4,e0bc1bef8ef2acc0,1,200,1,1
XSS,calc,4,e6563190442a3ff2,1,200,1,1
XSS,calc,4,bf13c2862919c38b,1,200,1,1
XSS,calc,4,64137403b11aac8f,1,200,1,1
XSS,calc,4,d0983feddd5719e0,1,200,1,1
XSS,calc,4,fc733135636d1712,1,200,1,1
XSS,calc,4,12bcedb57c594d9e,1,200,1,1
XSS,calc,4,8ae0e378a4565794,1,200,1,1
XSS,calc,4,1f83ba97bfe2336b,1,200,1,1
XSS,calc,4,0a24bf6646c95f2d,1,200,1,1
XSS,calc,4,46a83c43fceaf531,0,,0,
XSS,calc,4,6ac479abbbe97a69,0,,0,
XSS,calc,4,3e8adabcefcb1a50,0,,0,
XSS,calc,4,b7a5fa2c4c309e36,0,,0,
XSS,calc,4,94c7fae56dad898f,0,,0,
XSS,calc,4,245eb25ca4384be6,1,200,1,1
XSS,calc,4,c18ad0f741f82109,0,,0,
XSS,calc,4,54cd7d14784d01e4,1,200,1,1
XSS,calc,4,111ffcb2bd4917ed,1,200,1,1
XSS,calc,4,0c7f88edbe5152da,1,200,1,1
XSS,calc,4,1c8dcf02f8b4d88e,1,403,0,
XSS,calc,4,14f5f4dd1821ea6d,1,403,0,
XSS,calc,4,aec0864d65c7f26a,1,200,1,1
XSS,calc,4,158d937a53c0f0c4,1,200,1,1
XSS,calc,4,10922e1e5811486e,1,200,1,1
XSS,calc,4,c6fe0f454f8ec3dc,0,,0,
XSS,calc,4,cd6c50e4f7894b05,1,403,0,
XSS,calc,4,d1cb28f631fa6afd,1,200,1,1
XSS,calc,4,fb6b16f92f169e90,1,200,1,1
XSS,calc,4,5284111764e37f21,1,200,1,1
XSS,calc,4,1efd32eba2019df3,1,200,1,1
XSS,calc,4,e8b0ede501308b2e,1,200,1,1
XSS,calc,4,31c780359e0bf319,1,200,1,1
XSS,calc,4,74072bdb3b0888e6,1,200,1,1
XSS,calc,4,57fdcffbddd03142,1,403,0,
XSS,calc,4,c02950fb598e8b7f,1,200,1,1
XSS,calc,4,061fa90084888c37,1,200,1,1
XSS,calc,4,db38fcdc5ebdfc50,1,200,1,1
XSS,calc,4,dd4a8660dbd6df21,1,200,1,1
XSS,calc,4,7343a7908554ce00,1,200,1,1
XSS,calc,4,fc07c80243cb5191,1,200,1,1
XSS,calc,4,9cd461b01bc20203,1,200,1,1
XSS,calc,4,6845e66fca2f0ae6,1,200,1,1
XSS,calc,4,0b123b556899c332,1,403,0,
XSS,calc,4,629f6bcb9939c8e3,1,200,1,1
XSS,calc,4,c766e0139db68ed1,1,200,1,1
XSS,calc,4,2791d5116dd8674b,1,200,1,1
XSS,calc,4,42158fb93c6a2857,1,200,1,1
XSS,calc,4,26488ec3eed38680,1,403,0,
XSS,calc,4,6b079a3afa53b21d,1,200,1,1
XSS,calc,4,0edfc1e694a6d4ea,1,200,1,1
XSS,calc,4,18e5c8c9f53de205,1,200,1,1
XSS,calc,4,3be5903dc054a24e,1,200,1,1
XSS,calc,4,e7a59aaf1001c675,1,200,1,1
XSS,calc,4,e7df47a16e56eb03,1,200,1,1
XSS,calc,4,87dbff6f91127134,1,200,1,1
XSS,calc,4,b3de3f5ffadf03e9,1,200,1,1
XSS,calc,4,6c627a5563e72c73,1,403,0,
XSS,calc,4,83ff03b89c9c3f33,1,200,1,1
XSS,calc,4,4e13d385ecf2a6e1,1,403,0,
XSS,calc,4,1cd4708401a9ccad,1,200,1,1
XSS,calc,4,18a5dab36a7dc60f,1,200,1,1
XSS,calc,4,27a0cd8b3ee0a37e,1,200,1,1
XSS,calc,4,875359a4bf136ed2,1,403,0,
XSS,calc,4,b0d2f2f013c0d153,0,,0,
XSS,calc,4,954c61bf51297ce2,1,200,1,1
XSS,calc,4,4aca0feff7c82724,1,200,1,1
XSS,calc,4,4b006c08a6a98256,1,200,1,1
XSS,calc,4,2fc4381f938df99d,1,200,1,1
XSS,calc,4,5bad39047622fa31,0,,0,
XSS,calc,4,ba3889f2caf71cb7,1,200,1,1
XSS,calc,4,ca26d84d532362b9,1,200,1,1
XSS,calc,4,145200c2f2591990,1,200,1,1
XSS,calc,4,7c5e967c43ec08c1,0,,0,
XSS,calc,4,2cecc71d239999bd,1,200,1,1
XSS,calc,4,f9c77281bec605bf,1,200,1,1
XSS,calc,4,858b4607c083dc2f,1,200,1,1
XSS,calc,4,c5ac4653509f0215,1,200,1,1
XSS,calc,4,d6c457d42f4c52ca,1,200,1,1
XSS,calc,4,f827ee4870370ad3,1,200,1,1
XSS,calc,4,1501f40ebaab7c88,1,200,1,1
XSS,calc,4,01a3a1e6502b3d7a,1,200,1,1
XSS,calc,4,2a24b593ff18a6fe,1,200,1,1
XSS,calc,4,634fa3c17035ac7d,1,200,1,1
XSS,calc,4,e52f3c218436b25f,1,200,1,1
XSS,calc,4,a5ba2113b4cb053f,1,200,1,1
XSS,calc,4,0c59ff4adeb6a273,1,200,1,1
XSS,calc,4,644d5ed0840f1cb9,1,200,1,1
XSS,calc,4,b01761750fe38c18,1,200,1,1
XSS,calc,4,0607c09ecb9ac4b2,1,200,1,1
XSS,calc,4,11313b2304dde24c,1,200,1,1
XSS,calc,4,431bfa352ea47a34,1,403,0,
XSS,calc,4,55248d32c49e7a51,1,200,1,1
XSS,calc,4,f5d2f554945d5aa1,1,200,1,1
XSS,calc,4,6ced5b5be9232409,1,200,1,1
XSS,calc,4,66d89ee10b4c6868,1,200,1,1
XSS,calc,4,97fc8b2b41c6af5e,1,200,1,1
XSS,calc,4,8f0bf4a1e5a05a47,1,200,1,1
XSS,calc,4,1c4e241e0046bccb,1,403,0,
XSS,calc,4,1791d76b990a1fb9,1,200,1,1
XSS,calc,4,0c75d21a1e1ab38d,1,200,1,1
XSS,calc,4,07d819a5c43199b6,1,200,1,1
XSS,calc,4,a739ef3816434305,1,200,1,1
XSS,calc,4,d07b518897f7f08a,1,200,1,1
XSS,calc,4,46db0164c4d5ab0c,1,200,1,1
XSS,calc,4,d9595781180ac8a0,1,200,1,1
XSS,calc,4,e7840ba384948537,1,200,1,1
XSS,calc,4,2168bf20b173c4df,1,200,1,1
XSS,calc,4,b80d023e2060b11d,1,403,0,
XSS,calc,4,09d3eb08dcfb87f5,1,200,1,1
XSS,calc,4,0abcc8a863525eed,1,200,1,1
XSS,calc,4,f315afee3ca99c9a,1,200,1,1
XSS,calc,4,576da445cce9550a,1,200,1,1
XSS,calc,4,62f2ddd985880c32,1,200,1,1
XSS,calc,4,52983486ff1cd70b,1,200,1,1
XSS,calc,4,83344c3b857c70c6,1,200,1,1
XSS,calc,4,338542e6b5fe7566,1,200,1,1
XSS,calc,4,363347542507d07e,1,200,1,1
XSS,calc,4,dc4f515a92c36563,1,200,1,1
XSS,calc,4,fbd89db650881bef,1,200,1,1
XSS,calc,4,1c56d34a4a10a7b3,1,200,1,1
XSS,calc,4,531082071cd1c1e7,0,,0,
XSS,calc,4,88ed6a4319f0a37d,1,200,1,1
XSS,calc,4,7f020f095c2a33d9,1,200,1,1
XSS,calc,4,909514ba6f067355,1,403,0,
XSS,calc,4,6f39c6c57f3d3d23,1,200,1,1
XSS,calc,4,ab610c73efe965ba,1,200,1,1
XSS,calc,4,5704a08c25d1e42f,1,200,1,1
XSS,calc,4,f6245d895f8d1fed,1,200,1,1
XSS,calc,4,c980ade62d29bb13,1,200,1,1
XSS,calc,4,f6b056f6d752d678,1,200,1,1
XSS,calc,4,f7c0290cd3fa7351,1,200,1,1
XSS,calc,4,8b17057fd46cf612,1,200,1,1
XSS,calc,4,9caaba126d95b46f,1,200,1,1
XSS,calc,4,1eb5dd736e993bde,1,200,1,1
XSS,calc,4,88b3c1ab33c96574,1,200,1,1
XSS,calc,4,a0e10bd7cefe2b3e,1,200,1,1
XSS,calc,4,5bb15328fb0a7841,1,200,1,1
XSS,calc,4,c41a6906da2a1354,1,200,1,1
XSS,calc,4,da3094302517a19d,1,200,1,1
XSS,calc,4,fe22e9ed0a1c9278,1,200,1,1
XSS,calc,4,d29ff7920e600a30,1,403,0,
XSS,calc,4,738911940b94e7d3,1,200,1,1
XSS,calc,4,94494d36dc3aa845,0,,0,
XSS,calc,4,b01e180edf04052f,0,,0,
XSS,calc,4,c76de2240d7ef011,1,200,1,1
XSS,calc,4,c3204997b965ffe0,1,200,1,1
XSS,calc,4,55a887e440b3f104,1,200,1,1
XSS,calc,4,a1d1f685af80a645,1,200,1,1
XSS,calc,4,480accf66797602f,1,200,1,1
XSS,calc,4,b86c33f56af823cc,0,,0,
XSS,calc,4,719c5449be585f86,1,200,1,1
XSS,calc,4,d4fe2f8716c373f8,1,200,1,1
XSS,calc,4,f8b1337ff818fb1f,1,200,1,1
XSS,calc,4,a6ee87e68e03b059,0,,0,
XSS,calc,4,bcf6ae43cf46eea9,1,200,1,1
XSS,calc,4,b15d4a664eeaae14,1,200,1,1
XSS,calc,4,33f5c5fd2c339bef,1,200,1,1
XSS,calc,4,d75caad7afc43f60,0,,0,
XSS,calc,4,ba311184afbdd891,1,200,1,1
XSS,calc,4,ef67576b4532a3cc,0,,0,
XSS,calc,4,fd4ebdc09545baa1,1,200,1,1
XSS,calc,4,64546d23080afb4b,1,200,1,1
XSS,calc,4,7f50fad6a96bc126,0,,0,
XSS,calc,4,e28e186cd18ccf81,1,200,1,1
XSS,calc,4,20071ed895c5f6ad,1,403,0,
XSS,calc,4,c1128ef9c7145858,0,,0,
XSS,calc,4,1587d950081e3558,1,200,1,1
XSS,calc,4,c97a5066866e08b5,1,200,1,1
XSS,calc,4,452dd9a107a57cf4,1,200,1,1
XSS,calc,4,741721b009452e12,1,200,1,1
XSS,calc,4,fbdcf98b62046df8,0,,0,
XSS,calc,4,cf414cce1fa7f8d8,0,,0,
XSS,calc,4,44c795e100142884,1,200,1,1
XSS,calc,4,099c683ecc48c48f,1,200,1,1
XSS,calc,4,825ba8cae488c358,0,,0,
XSS,calc,4,377bc8982fd8b822,1,200,1,1
XSS,calc,4,f03544bafa1b80bf,1,200,1,1
XSS,calc,4,ca3fac484d53db1f,1,200,1,1
XSS,calc,4,306f65cd50a5e0b7,1,200,1,1
XSS,calc,4,eb911d37419f96a8,1,200,1,1
XSS,calc,4,41a7de8a02a3b2a7,1,200,1,1
XSS,calc,4,8ed638d7d99c27a1,1,200,1,1
XSS,calc,4,0fc2f6df221da2fa,1,200,1,1
XSS,calc,4,673de551c1018aaa,1,200,1,1
XSS,calc,4,54bddbbaafae30f9,1,200,1,1
XSS,calc,4,8d82c40b0606c34f,1,200,1,1
XSS,calc,4,e4cd6786acc773be,1,200,1,1
XSS,calc,4,20f5b11f86f44c49,1,200,1,1
XSS,calc,4,f19b4469b827fbe3,1,200,1,1
XSS,calc,4,bdca3cc464aa8e30,1,200,1,1
XSS,calc,4,b756ae6567f5826f,1,200,1,1
XSS,calc,4,8917557770f691de,1,200,1,1
XSS,calc,4,740f47a48c335a02,1,200,1,1
XSS,calc,4,087179e80081e6fb,1,200,1,1
XSS,calc,4,7b1b29bb1be9a26c,1,200,1,1
XSS,calc,4,5dc197b112e60569,1,200,1,1
XSS,calc,4,2280909117aae4ca,1,200,1,1
XSS,calc,4,e42934a5af493021,1,200,1,1
XSS,calc,4,28a25803ffe43971,1,200,1,1
XSS,calc,4,604e57f283d7e08e,1,200,1,1
XSS,calc,4,fb1ae205367dbd32,0,,0,
XSS,calc,4,2dc4760be52016a4,1,200,1,1
XSS,calc,4,3d4f2446bd4dde28,1,200,1,1
XSS,calc,4,3e9bd97aab696842,0,,0,
XSS,calc,4,2a43b9ab7964e9bf,1,200,1,1
XSS,calc,4,6fbe8cb0d7db813a,1,200,1,1
XSS,calc,4,94e9080cfa1523d4,1,200,1,1
XSS,calc,4,28d93701ba249d8b,1,200,1,1
XSS,calc,4,fecf2a1293547e25,1,403,0,
XSS,calc,4,e047da031b99145e,1,200,1,1
XSS,calc,4,1f3229905a53b5a6,1,200,1,1
XSS,calc,4,e8738eb1a22a86fa,1,200,1,1
XSS,calc,4,409b3fae842a9275,0,,0,
XSS,calc,4,2c9961e66d2b21a0,1,200,1,1
XSS,calc,4,8fc5f3e3c41cfcc1,1,200,1,1
XSS,calc,4,49c572b350bdfc99,1,200,1,1
XSS,calc,4,82af395287303b61,1,403,0,
XSS,calc,4,e9f4d88c37706f30,1,200,1,1
XSS,calc,4,a082188df8ea4cc4,0,,0,
XSS,calc,4,9dcbd9f3a2e8fa91,1,200,1,1
XSS,calc,4,ae1d72818c5ad7c8,0,,0,
XSS,calc,4,2511aef44d49103f,0,,0,
XSS,calc,4,892170a880bad2c7,0,,0,
XSS,calc,4,f15709f5e9dcc838,1,200,1,1
XSS,calc,4,a068adc2c239976a,1,200,1,1
XSS,calc,4,73e744bb39d3d017,1,403,0,
XSS,calc,4,714b7f87473e1bce,1,200,1,1
XSS,calc,4,1dc26bc67ec3dbc9,1,200,1,1
XSS,calc,4,4c7d2f66fa2492d2,1,200,1,1
XSS,calc,4,2dacb440746777e6,1,200,1,1
XSS,calc,4,de6e21a8f8208592,1,200,1,1
XSS,calc,4,51b1ed7f39e6e574,1,200,1,1
XSS,calc,4,39eefb9e809bf2bc,1,200,1,1
XSS,calc,4,fd43b95a53e2ff9b,1,200,1,1
XSS,calc,4,2f4ca21cd37fc414,1,200,1,1
XSS,calc,4,ff8335014df2d630,1,200,1,1
XSS,calc,4,7aa9eff22836bedc,1,200,1,1
XSS,calc,4,4d2aaa23ea8b7321,1,200,1,1
XSS,calc,4,139ea18247dd685a,1,200,1,1
XSS,calc,4,99faeb42ebf63628,1,200,1,1
XSS,calc,4,62bd5ed24804a90b,1,200,1,1
XSS,calc,4,ad1d241840e566f2,1,200,1,1
XSS,calc,4,bc947a7ebe429ac0,1,200,1,1
XSS,calc,4,dcec4df5c5d3460a,0,,0,
XSS,calc,4,94172b6efd426507,1,200,1,1
XSS,calc,4,e8dcebe726886c81,1,200,1,1
XSS,calc,4,82d70ce4abb35215,1,200,1,1
XSS,calc,4,e7eec97228599d0e,1,200,1,1
XSS,calc,4,b20f27bacbab9c4b,1,200,1,1
XSS,calc,4,ea620e5471f25844,1,200,1,1
XSS,calc,4,fff3ff6a39baac1e,1,200,1,1
XSS,calc,4,19d5c13b97988f34,1,200,1,1
XSS,calc,4,30082f01e860192b,1,200,1,1
XSS,calc,4,27a8a781d2025dc2,1,200,1,1
XSS,calc,4,119f214b61fb4e08,1,200,1,1
XSS,calc,4,b16293b6e9780de5,1,200,1,1
XSS,calc,4,e728744e4a745c24,1,200,1,1
XSS,calc,4,7219f8890aa379f4,1,200,1,1
XSS,calc,4,b124bc6e564b11fe,1,200,1,1
XSS,calc,4,b54c25de32a770e0,1,200,1,1
XSS,calc,4,23f6d36daf345db5,1,200,1,1
XSS,calc,4,20c4599a28228ac4,1,200,1,1
XSS,calc,4,b46c98d10b6b05de,1,200,1,1
XSS,calc,4,0416f25878dc5632,1,403,0,
XSS,calc,4,e2173050a81e0ac4,1,403,0,
XSS,calc,4,02208dff678b33a2,1,403,0,
XSS,calc,4,56f7ca5b53c8cad2,1,200,1,1
XSS,calc,4,fb83d69b85b886ac,1,403,0,
XSS,calc,4,401ffa3e775bb41a,1,403,0,
XSS,calc,4,ce83d8105aa54007,1,200,1,1
XSS,calc,4,0ae048a848fffd2c,1,200,1,1
XSS,calc,4,62aa548de7149107,1,200,1,1
XSS,calc,4,47cd7da0e6e381f5,1,200,1,1
XSS,search,4,506f4c411c9f6021,0,,0,
XSS,search,4,092e86b7b2996c9c,1,200,1,1
XSS,search,4,72bffd66644a4058,1,200,1,1
XSS,search,4,eee651641e3d3775,1,403,0,
XSS,search,4,fc764f70bc7acaf1,1,200,1,1
XSS,search,4,eb6d6bd57ada6cab,1,403,0,
XSS,search,4,cf3c0fabbd3191ff,1,200,1,1
XSS,search,4,26d0eac684f40a3d,1,403,0,
XSS,search,4,8cf939b322d763b6,1,200,1,1
XSS,search,4,21e6685ef8069f02,1,200,1,1
XSS,search,4,52131896b5a9dcc9,1,200,1,1
XSS,search,4,efd91a9ed1c30445,1,200,1,1
XSS,search,4,34d1007393223c23,1,200,1,1
XSS,search,4,77d5200c0399038e,0,,0,
XSS,search,4,49ca30b8d6def472,0,,0,
XSS,search,4,e173d61fb65f887a,0,,0,
XSS,search,4,9f65abb29680f033,1,403,0,
XSS,search,4,6da3f767c58fe46b,1,200,1,1
XSS,search,4,aae80d10a5e14689,0,,0,
XSS,search,4,168bee58d00629a7,0,,0,
XSS,search,4,a51097a0f3c3c4d5,1,200,1,1
XSS,search,4,ed9fbd6d71bd1443,1,200,1,1
XSS,search,4,70fc4a8e188270c4,1,200,1,1
XSS,search,4,6b8b30812e4a9b1c,1,403,0,
XSS,search,4,cd9e84c08a49a11e,0,,0,
XSS,search,4,30d357b45d1b4322,1,403,0,
XSS,search,4,3b75c1031ffff1f9,1,403,0,
XSS,search,4,d13c5807f03a033b,1,200,1,1
XSS,search,4,fe6372b29783fd0c,1,403,0,
XSS,search,4,84b9d411e7ad98b4,1,200,1,1
XSS,search,4,40d2cf11854287aa,1,403,0,
XSS,search,4,df29511f21506502,1,403,0,
XSS,search,4,862164f9b7dcf804,1,200,1,1
XSS,search,4,458219762b51fe52,0,,0,
XSS,search,4,daf4266765b9fb17,1,403,0,
XSS,search,4,b07f87ccdb90c3b2,1,403,0,
XSS,search,4,dd3eca585ba13d5f,1,403,0,
XSS,search,4,4f10335a036da067,1,403,0,
XSS,search,4,e8bf881120747228,1,200,1,1
XSS,search,4,ee5e15c6ba1b8ed2,0,,0,
XSS,search,4,03ef595966f98d02,1,403,0,
XSS,search,4,50360ee20a30a910,1,200,1,1
XSS,search,4,aeb9cb5c299376e1,1,403,0,
XSS,search,4,84dc978fa16079cc,1,200,1,1
XSS,search,4,295d70aae6b18dc2,0,,0,
XSS,search,4,bb20c28c3fcae3d3,0,,0,
XSS,search,4,04422bda6c22e2c0,1,200,1,1
XSS,search,4,9172aff60a513a31,0,,0,
XSS,search,4,3f01c8a132da3c10,0,,0,
XSS,search,4,aee987ec4c155728,1,200,1,1
XSS,search,4,1ab32fe08608fa73,1,403,0,
XSS,search,4,a8914b65254212de,1,403,0,
XSS,search,4,27cff8567f4a6967,1,200,1,1
XSS,search,4,47c1f823108f355a,1,403,0,
XSS,search,4,fe425bcab26edf34,1,200,1,1
XSS,search,4,1d1bbc9cf56a94f8,1,200,1,1
XSS,search,4,4296ca4f12f4ef6e,1,200,1,1
XSS,search,4,e18627b84621ced5,1,200,1,1
XSS,search,4,b676b18edcd8246f,1,200,1,1
XSS,search,4,b30492b85481f226,0,,0,
XSS,search,4,fd4aaf7f1d9032c3,1,200,1,1
XSS,search,4,f2106a583b0cda4b,1,200,1,1
XSS,search,4,fad1513dfd097f5b,0,,0,
XSS,search,4,c1b411dd68b9dc60,1,403,0,
XSS,search,4,5eb84dec2e6bb357,1,403,0,
XSS,search,4,f79b0a199ce9b70e,1,403,0,
XSS,search,4,b9e087045b1fca8a,0,,0,
XSS,search,4,0537e76f2b219637,1,403,0,
XSS,search,4,bf8f0bf6fbe26e73,1,200,1,1
XSS,search,4,dc83c1e892a98155,1,200,1,1
XSS,search,4,f157cd8dd0b419fd,1,200,1,1
XSS,search,4,4a50e4c866faa870,1,200,1,1
XSS,search,4,80a4b661468addc2,0,,0,
XSS,search,4,5c4d51970b5124ab,1,403,0,
XSS,search,4,15fdf726a7a968c4,1,200,1,1
XSS,search,4,12277e699dd646d1,1,403,0,
XSS,search,4,c92c0315e6ee3c1d,1,200,1,1
XSS,search,4,a80a9f66d9324e77,1,403,0,
XSS,search,4,49f12fa5c73a43da,1,200,1,1
XSS,search,4,f59bc259b90963ec,1,403,0,
XSS,search,4,6d7bc40fdb04eb6c,1,200,1,1
XSS,search,4,adaba5356c2c4239,1,403,0,
XSS,search,4,de40b39ecff5a3db,0,,0,
XSS,search,4,16393a71afeec3a2,1,200,1,1
XSS,search,4,c046959180bf8a2d,1,403,0,
XSS,search,4,df4745b71b1dc057,1,200,1,1
XSS,search,4,fb228fb75b78a2d1,1,200,1,1
XSS,search,4,c229e505f9220f5d,1,403,0,
XSS,search,4,470b60b017361731,0,,0,
XSS,search,4,b1653df2ae449101,0,,0,
XSS,search,4,06835bc215c60b4c,1,200,1,1
XSS,search,4,702b74b103a70f98,1,200,1,1
XSS,search,4,d767ae16db00df4b,1,200,1,1
XSS,search,4,0d6b360be27cf8fc,0,,0,
XSS,search,4,59986747fc87d5b6,0,,0,
XSS,search,4,6b6edfc273a0547b,1,200,1,1
XSS,search,4,31ff066d02a4741e,1,200,1,1
XSS,search,4,097d5ea86d095a61,1,200,1,1
XSS,search,4,dcaddea033d42969,1,200,1,1
XSS,search,4,ba2f233881291df3,1,403,0,
XSS,search,4,cc800bded2db7892,1,200,1,1
XSS,search,4,d5ff8da1b66a9726,1,200,1,1
XSS,search,4,35538d2616ccf64a,1,200,1,1
XSS,search,4,1e57f1efe33ac431,1,403,0,
XSS,search,4,e6e4beef271788a8,1,403,0,
XSS,search,4,d8b32ed269461d4c,1,403,0,
XSS,search,4,fa32a146fcc5a1a5,1,403,0,
XSS,search,4,9810a7c0b30f139d,1,200,1,1
XSS,search,4,8483a9f89fbfcffb,1,403,0,
XSS,search,4,569ec573a35dcfca,1,200,1,1
XSS,search,4,f2d2e6bd1116e05e,1,200,1,1
XSS,search,4,fb92d518e4b71720,1,403,0,
XSS,search,4,68213584b403048e,1,200,1,1
XSS,search,4,fd6a0be9b662958e,1,200,1,1
XSS,search,4,73898c155699762a,0,,0,
XSS,search,4,c302be4993b8fdba,1,200,1,1
XSS,search,4,7775fe65baedf2b0,1,200,1,1
XSS,search,4,765258013272b764,1,200,1,1
XSS,search,4,a9a7041586cd2890,0,,0,
XSS,search,4,b6671dae88ee9c2a,0,,0,
XSS,search,4,a6f42a61473239c5,1,403,0,
XSS,search,4,4bdf90b6eff25a9e,1,403,0,
XSS,search,4,0b0c1766432a45a9,1,403,0,
XSS,search,4,4b4c6229b58525f7,1,403,0,
XSS,search,4,4af3e2a62f137596,1,403,0,
XSS,search,4,8d7c85b13e74021e,1,200,1,1
XSS,search,4,e5677604d1cb0d4f,1,200,1,1
XSS,search,4,b766b7d62242d5fb,1,403,0,
XSS,search,4,a2f22e51baebd095,0,,0,
XSS,search,4,a16514fff1636413,1,403,0,
XSS,search,4,62dcce30c967cd56,0,,0,
XSS,search,4,d7a03906cdd4fd05,0,,0,
XSS,search,4,57196e99f1c26f0b,0,,0,
XSS,search,4,fed1724709bc7c23,0,,0,
XSS,search,4,cc8088895054e59c,0,,0,
XSS,search,4,a551adae3d8944f8,0,,0,
XSS,search,4,789db7b565536155,1,403,0,
XSS,search,4,9c8ebc26f6131bbb,1,403,0,
XSS,search,4,0022f04e550f9c64,1,403,0,
XSS,search,4,ca32dff67c3f1fe6,0,,0,
XSS,search,4,5579fa29b62421e4,1,200,1,1
XSS,search,4,8f9f5f49b5c58d12,1,200,1,1
XSS,search,4,05498784177218f1,0,,0,
XSS,search,4,ee2f35845e6bc041,0,,0,
XSS,search,4,0b1a35be5fa9578e,0,,0,
XSS,search,4,48a6428af7bf27be,0,,0,
XSS,search,4,7f5241445aa7ad8f,1,200,1,1
XSS,search,4,7e781c14900a4411,1,200,1,1
XSS,search,4,eaa8dd4050fda629,1,403,0,
XSS,search,4,f05b068765cd2c0b,1,200,1,1
XSS,search,4,e51edb36c6fc5220,1,200,1,1
XSS,search,4,0a1fdbce82fc5fc1,1,200,1,1
XSS,search,4,90d28d3960bcc5a1,1,200,1,1
XSS,search,4,44e20e2bf4d317e8,1,200,1,1
XSS,search,4,70bf5f56f98cec7a,1,200,1,1
XSS,search,4,bf6ec36f47c03535,1,200,1,1
XSS,search,4,d834e4d77f6b849d,1,200,1,1
XSS,search,4,9158bb7258fb34c9,1,200,1,1
XSS,search,4,ccb1cdbbfc361ca8,1,200,1,1
XSS,search,4,e827ebe553f97709,1,200,1,1
XSS,search,4,d239a6a0c81532c8,1,200,1,1
XSS,search,4,0026812acb360cbc,1,200,1,1
XSS,search,4,9ae1369d1ffa73ea,1,200,1,1
XSS,search,4,3f1513ab16a5aa02,1,403,0,
XSS,search,4,24b951c4af2c05a7,1,200,1,1
XSS,search,4,3dc47319eb4a3f6a,1,200,1,1
XSS,search,4,ac36059043252c29,1,200,1,1
XSS,search,4,2a6c320e2c0f4823,1,403,0,
XSS,search,4,ad51a4994db8bf6a,1,200,1,1
XSS,search,4,6f22ac4d9f02c367,1,200,1,1
XSS,search,4,419d7533d75d7e23,1,403,0,
XSS,search,4,3e8d1817d6680959,1,200,1,1
XSS,search,4,1f4132392dab67f8,1,403,0,
XSS,search,4,d176f638a08b4617,1,403,0,
XSS,search,4,472dcb37f32f4942,1,200,1,1
XSS,search,4,50974671ae69d323,1,200,1,1
XSS,search,4,95a760e4ec500aaa,1,200,1,1
XSS,search,4,9ae7173846888e6a,1,200,1,1
XSS,search,4,2f29d3f242153b95,1,403,0,
XSS,search,4,fbceda8169e52c3b,0,,0,
XSS,search,4,d9f356b9a7219f84,1,200,1,1
XSS,search,4,0abdaf0d72f19188,0,,0,
XSS,search,4,38ec3730bef796c0,0,,0,
XSS,search,4,84771e30d5598685,0,,0,
XSS,search,4,265cc8304b3122b6,0,,0,
XSS,search,4,3a047d206a9e16de,1,200,1,1
XSS,search,4,ac6de2d053874b04,0,,0,
XSS,search,4,bcaf18b06ac066de,0,,0,
XSS,search,4,e0edc1df0d17a533,0,,0,
XSS,search,4,9ef28d0533edc059,0,,0,
XSS,search,4,c240c021871370b2,1,403,0,
XSS,search,4,f33adbd11cb1e08d,0,,0,
XSS,search,4,8297f2eb6db512d6,0,,0,
XSS,search,4,dea28b6d80de84f3,1,200,1,1
XSS,search,4,ab330d4df4a00edc,0,,0,
XSS,search,4,fe3b44dd59aaa6f8,1,403,0,
XSS,search,4,08349385d518a74c,1,200,1,1
XSS,search,4,dd4c206c3559aa39,1,200,1,1
XSS,search,4,bab631fa35b03a5b,1,200,1,1
XSS,search,4,200a6468923d32aa,1,200,1,1
XSS,search,4,44a1b22ffd2c24ec,1,403,0,
XSS,search,4,2294011cdf0db081,1,200,1,1
XSS,search,4,44c51680ec617cb0,1,403,0,
XSS,search,4,1fa8febb6b1232e8,1,200,1,1
XSS,search,4,053ed3dce0ef9e5e,1,403,0,
XSS,search,4,73b92121d8c94258,1,200,1,1
XSS,search,4,61cc2deb30f24b39,1,200,1,1
XSS,search,4,4f7e6b6e84350f0e,1,200,1,1
XSS,search,4,cbf1264e2e40b21a,1,200,1,1
XSS,search,4,ac04009a11107cc1,1,200,1,1
XSS,search,4,e485d5f8dc1bc489,1,403,0,
XSS,search,4,f237d5f64670d71c,1,200,1,1
XSS,search,4,56230b39967a07e1,1,403,0,
XSS,search,4,7a4c6c90296adb61,1,403,0,
XSS,search,4,cb2a441c0118ea51,1,200,1,1
XSS,search,4,4ffea347d4934e67,1,200,1,1
XSS,search,4,0431a19865399eb5,1,403,0,
XSS,search,4,df76ffe5a8873b73,1,403,0,
XSS,search,4,b44e7fcabe589985,1,200,1,1
XSS,search,4,eff26178b7be5bd5,1,403,0,
XSS,search,4,d615b65a835f6e33,1,200,1,1
XSS,search,4,2f0b72a9eaa64ac9,1,403,0,
XSS,search,4,fb46709a68a27de8,1,403,0,
XSS,search,4,28c6e6fed75ae6ae,1,200,1,1
XSS,search,4,744744930e5e5736,1,200,1,1
XSS,search,4,08bd212a2f334521,1,403,0,
XSS,search,4,7e2bf4df60f3864d,1,200,1,1
XSS,search,4,fc601acc876775ad,1,200,1,1
XSS,search,4,17fc8a4f118fdcb8,1,200,1,1
XSS,search,4,943c6982f9b01af4,0,,0,
XSS,search,4,dc0438fe42dafc5c,1,200,1,1
XSS,search,4,5d2ca9ca94ee0c22,0,,0,
XSS,search,4,52340e989cd26da9,0,,0,
XSS,search,4,20994b5507688b12,0,,0,
XSS,search,4,fe74a1e5343ee128,1,200,1,1
XSS,search,4,1f833965011ff0a9,1,200,1,1
XSS,search,4,91ccbb5a202bb03f,1,403,0,
XSS,search,4,b44dd147af013561,0,,0,
XSS,search,4,8b8009d51db7477b,0,,0,
XSS,search,4,92bf78b46bb1b1ea,1,403,0,
XSS,search,4,167bbd6e92bbf97f,1,403,0,
XSS,search,4,16e21ee337bb5884,1,200,1,1
XSS,search,4,cd937eaa337c0828,0,,0,
XSS,search,4,aa29b743816694bf,1,200,1,1
XSS,search,4,c770feb0d6b6f1cc,1,200,1,1
XSS,search,4,80b5f8467231eb0b,1,200,1,1
XSS,search,4,bfa8b55f83945a8e,1,403,0,
XSS,search,4,9fe9ec2bf6386190,1,200,1,1
XSS,search,4,713db8538623076a,1,200,1,1
XSS,search,4,41dfccc9ffb5c214,1,200,1,1
XSS,search,4,d524aed1dc2644e6,1,200,1,1
XSS,search,4,1a6b5a6b2c2d7b7c,0,,0,
XSS,search,4,83ff8551c35a787e,1,403,0,
XSS,search,4,48d1c5c45a60d613,1,200,1,1
XSS,search,4,7e2bf4df60f3864d,1,200,1,1
XSS,search,4,cec48dc29a6f0301,1,200,1,1
XSS,search,4,0026812acb360cbc,1,200,1,1
XSS,search,4,141be373c2781dc9,1,200,1,1
XSS,search,4,bffe7d8dc6a213ab,1,200,1,1
XSS,search,4,a33195345808f37e,1,200,1,1
XSS,search,4,759c465be1c34e92,1,403,0,
XSS,search,4,c36e590402a03d8f,1,200,1,1
XSS,search,4,a70d2b8c45ac8219,1,403,0,
XSS,search,4,7b0970d0a0508eb0,1,403,0,
XSS,search,4,9fc015792f50703b,1,200,1,1
XSS,search,4,bb1ee3229db13390,1,403,0,
XSS,search,4,e92c41e8a2884a35,0,,0,
XSS,search,4,8fa1f7ad4b7fc192,1,403,0,
XSS,search,4,60c87c28cf6ea59f,1,200,1,1
XSS,search,4,de3def79b55196d5,1,403,0,
XSS,search,4,4e533574c95b8caa,0,,0,
XSS,search,4,d51abbdada2eadc7,1,200,1,1
XSS,search,4,8e6072b197447599,1,200,1,1
XSS,search,4,7541be5a38fc79e0,1,200,1,1
XSS,search,4,05566b9bf7ff3a1c,0,,0,
XSS,search,4,cae1daf6c4d90b43,0,,0,
XSS,search,4,d4303d6c90b699e0,1,200,1,1
XSS,search,4,fd151e4f6bc5edfd,1,200,1,1
XSS,search,4,7d9c3a2fe94ce56b,1,200,1,1
XSS,search,4,b29dcbcb79571b90,0,,0,
XSS,search,4,0fb88a9aeb21cb23,1,403,0,
XSS,search,4,01bb274f25b48a42,1,403,0,
XSS,search,4,78fe3860d1ed6e31,0,,0,
XSS,search,4,26027a5c3f306aa3,0,,0,
XSS,search,4,aab946bfe6432d23,0,,0,
XSS,search,4,921dba2b2334c4b6,1,200,1,1
XSS,search,4,cf04c37cd68d6113,1,200,1,1
XSS,search,4,b9a4592ae1b71092,1,200,1,1
XSS,search,4,b4e950b7f756c4c5,1,200,1,1
XSS,search,4,5b13d94cb8bd50e0,1,200,1,1
XSS,search,4,c0335786403b77de,1,403,0,
XSS,search,4,3c5e275babce3660,1,200,1,1
XSS,search,4,d13b03cdc121dc43,1,200,1,1
XSS,search,4,f4ac0282b8df58bc,0,,0,
XSS,search,4,25f28ed5497e8ed1,1,403,0,
XSS,search,4,5d8a84b927262df6,1,403,0,
XSS,search,4,17fcf22c278b6d12,1,200,1,1
XSS,search,4,93e79134539e21df,1,403,0,
XSS,search,4,1b7d4190d7dc6e0f,1,200,1,1
XSS,search,4,23589fe6c307de64,1,200,1,1
XSS,search,4,96cedca8786c35a1,1,200,1,1
XSS,search,4,50bed6a224b61ea6,1,200,1,1
XSS,search,4,769d976e24b5010a,1,200,1,1
XSS,search,4,239af7fbafa07fc0,1,200,1,1
XSS,search,4,d925448d689aac68,1,200,1,1
XSS,search,4,202b79579c8ca07a,1,200,1,1
XSS,search,4,457d071341132e31,1,200,1,1
XSS,search,4,b128a1d51487f857,1,403,0,
XSS,search,4,c6337a05be88d36f,1,200,1,1
XSS,search,4,8b95b14db2325111,1,200,1,1
XSS,search,4,12fa53afcff75697,1,200,1,1
XSS,search,4,1cc762981375fa83,1,200,1,1
XSS,search,4,85302d22c52f5896,1,200,1,1
XSS,search,4,7f7f867ae3a8cef2,1,403,0,
XSS,search,4,b10b8560e33f05ea,1,200,1,1
XSS,search,4,983fab095269f3f2,1,200,1,1
XSS,search,4,5ebaae1cea94291c,1,200,1,1
XSS,search,4,6137cb78c5cdaf80,1,200,1,1
XSS,search,4,c00fef4679850c93,1,200,1,1
XSS,search,4,9fe9ec2bf6386190,1,200,1,1
XSS,search,4,37372decd8b26752,1,200,1,1
XSS,search,4,3432904a63b20119,1,200,1,1
XSS,search,4,1f50ec90b54e6fd2,1,200,1,1
XSS,search,4,67607aedfb0463d5,1,200,1,1
XSS,search,4,bf380a83cf5dd696,1,403,0,
XSS,search,4,d9c0402def913845,1,200,1,1
XSS,search,4,d524aed1dc2644e6,1,200,1,1
XSS,search,4,7ac29f098350c6ed,1,403,0,
XSS,search,4,e450e7d83796b10c,1,200,1,1
XSS,search,4,51e9042fb5c36d58,0,,0,
XSS,search,4,4efe2fa6c90682e1,0,,0,
XSS,search,4,69f6a16f8f11c844,1,200,1,1
XSS,search,4,2894e90fee6e36e3,0,,0,
XSS,search,4,2da5d40e59412429,0,,0,
XSS,search,4,ec2454f59ca52d8c,1,200,1,1
XSS,search,4,9d67e9d2bf11116a,1,200,1,1
XSS,search,4,d4359ea8b710e517,1,200,1,1
XSS,search,4,007a0f1b08db4c01,1,200,1,1
XSS,search,4,36d35372594aeda3,0,,0,
XSS,search,4,21a99b42a9201dcb,1,200,1,1
XSS,search,4,0439805f78434b9f,1,200,1,1
XSS,search,4,7a3cb302ff0df011,1,200,1,1
XSS,search,4,bcc9a6978d71504c,0,,0,
XSS,search,4,6177bb435ce8752f,1,403,0,
XSS,search,4,8244d6a14f8f0ec0,1,200,1,1
XSS,search,4,60b17e6470b24895,1,200,1,1
XSS,search,4,02d9ff934e57c86f,1,200,1,1
XSS,search,4,3468c91de690cac1,1,200,1,1
XSS,search,4,433685c9304de860,1,200,1,1
XSS,search,4,61e99c9832828648,1,200,1,1
XSS,search,4,a7c8b70b93729adf,1,200,1,1
XSS,search,4,e347930976f846a5,1,200,1,1
XSS,search,4,c8d1933822280eef,1,200,1,1
XSS,search,4,9c6e41a6afe27412,1,200,1,1
XSS,search,4,321efdbb55ff6e34,1,200,1,1
XSS,search,4,cac4bd6172c63ba5,1,200,1,1
XSS,search,4,c1dcb2bb0692376a,1,200,1,1
XSS,search,4,bb542434f9bb1668,1,200,1,1
XSS,search,4,9d313cac4066d939,1,200,1,1
XSS,search,4,b8558f5639d19ac9,1,200,1,1
XSS,search,4,e3e7c3108c94ddc5,1,200,1,1
XSS,search,4,a46c4f43a96d3d2a,1,200,1,1
XSS,search,4,9e67583ad628a778,1,200,1,1
XSS,search,4,a89a312dd62d97dc,0,,0,
XSS,search,4,c166fe2992db16b5,1,200,1,1
XSS,search,4,ae2ca8f9b43a6697,1,200,1,1
XSS,search,4,5c42ea85351e9b12,1,200,1,1
XSS,search,4,3643bf55081d331f,1,200,1,1
XSS,search,4,d5c9a8e47f849e06,1,200,1,1
XSS,search,4,e755b95155bfd009,1,200,1,1
XSS,search,4,0c46ee58e5fe50b9,1,200,1,1
XSS,search,4,b17d56bf77d5e346,1,200,1,1
XSS,search,4,c2571eb964fc5705,1,200,1,1
XSS,search,4,c42a8e00548c49b4,1,200,1,1
XSS,search,4,c2c66f52d225685a,1,200,1,1
XSS,search,4,b5dcf5856b5ab19c,1,200,1,1
XSS,search,4,9ebc76bbb8b0c406,1,200,1,1
XSS,search,4,37117dadb1a64ce0,1,200,1,1
XSS,search,4,22b8e9d5a29b89fe,1,200,1,1
XSS,search,4,db2d9ee2182da84c,1,200,1,1
XSS,search,4,b9ec04fb90743c44,1,200,1,1
XSS,search,4,e0131f06ffd3e819,1,403,0,
XSS,search,4,d220d367709f5d9d,1,200,1,1
XSS,search,4,f84fa125f17289e9,1,200,1,1
XSS,search,4,ea148418aef85eb1,0,,0,
XSS,search,4,d9d6f754b1cbd989,1,200,1,1
XSS,search,4,2ab694e86045c5d9,1,200,1,1
XSS,search,4,0ad353c05e2df6fb,1,200,1,1
XSS,search,4,d0ff31df73236e4d,1,403,0,
XSS,search,4,8211d5b244a4237f,1,200,1,1
XSS,search,4,c821003ea1a8883a,1,200,1,1
XSS,search,4,4c916886fdda1fb4,1,200,1,1
XSS,search,4,5f53aca56a572ed6,1,200,1,1
XSS,search,4,59af89f2d5fed7e8,1,200,1,1
XSS,search,4,d9da04cec8914000,1,200,1,1
XSS,search,4,90cc7e62a5020731,1,200,1,1
XSS,search,4,6264b91e81408ff3,1,200,1,1
XSS,search,4,c892742d9e669c19,1,200,1,1
XSS,search,4,141a0b328d4af6ef,1,200,1,1
XSS,search,4,8da90b2e8e9deaf2,1,200,1,1
XSS,search,4,7004ff7fea1a1ab2,1,200,1,1
XSS,search,4,f98dbd7e312c0d90,1,200,1,1
XSS,search,4,fc2e66d758fbad9c,0,,0,
XSS,search,4,f7dfc1feaba15910,1,200,1,1
XSS,search,4,b427981b9d067a6f,1,200,1,1
XSS,search,4,0729b9b06a883a61,1,200,1,1
XSS,search,4,cf1c6557bc436538,1,200,1,1
XSS,search,4,a5f07ef4474f8ed6,1,200,1,1
XSS,search,4,7763776f62879ffd,1,200,1,1
XSS,search,4,935f9f63b1bc6596,0,,0,
XSS,search,4,216918d944c36949,1,200,1,1
XSS,search,4,85d68a01ec9ec51d,1,200,1,1
XSS,search,4,a923cee7a95d3c3e,1,200,1,1
XSS,search,4,da23541dc4347732,0,,0,
XSS,search,4,aad3ca3b1f5f9d7a,1,200,1,1
XSS,search,4,b1ecabb09c8a8a73,1,200,1,1
XSS,search,4,3e7411efc9b830e0,1,200,1,1
XSS,search,4,aa80d0a4b2f5ea3e,1,200,1,1
XSS,search,4,e0cf5916997440af,0,,0,
XSS,search,4,394e8d176e177eca,1,200,1,1
XSS,search,4,71b8861f34c7890f,1,200,1,1
XSS,search,4,82b73808e4e705f4,1,200,1,1
XSS,search,4,c9eb56cbe35eb9d5,1,200,1,1
XSS,search,4,a03553a09e864fde,1,200,1,1
XSS,search,4,5a0336765c2d8c2c,1,200,1,1
XSS,search,4,e8e06e39f0aa4e74,1,200,1,1
XSS,search,4,8e0b15d56899c4f8,1,200,1,1
XSS,search,4,47a0eda92bd2c72e,1,200,1,1
XSS,search,4,0c753344294bbf89,1,200,1,1
XSS,search,4,c58fa7db49f09143,1,403,0,
XSS,search,4,8e0e5a01c6bf8ea7,1,200,1,1
XSS,search,4,6be6a7d57b37a3f0,1,200,1,1
XSS,search,4,b5f3df81ca18b565,1,200,1,1
XSS,search,4,64385b24ff90a80c,1,403,0,
XSS,search,4,33e0785d1b890b17,1,200,1,1
XSS,search,4,0e6fa2cac0082696,1,200,1,1
XSS,search,4,8ceec5b33c6b60b9,0,,0,
XSS,search,4,56a145f35d15867c,1,200,1,1
XSS,search,4,3ab704e33a406c61,1,200,1,1
XSS,search,4,df16bab29067af97,1,200,1,1
XSS,search,4,f1d3e3d5a00b39d0,1,200,1,1
XSS,search,4,f8f6c627a7b417d6,1,403,0,
XSS,search,4,bd79fd9f173f58a6,1,200,1,1
XSS,search,4,d718fcf48de9e6f1,1,200,1,1
XSS,search,4,b818e585b61ea28f,1,403,0,
XSS,search,4,70064bb706dda871,1,200,1,1
XSS,search,4,9adab9c857c1b63b,1,200,1,1
XSS,search,4,2e628e88d21a101c,1,200,1,1
XSS,search,4,49fe915931bb477e,1,200,1,1
XSS,search,4,468db2bb4c458866,1,200,1,1
XSS,search,4,a5548ec7f1fdfdc9,1,200,1,1
XSS,search,4,b3ad5b8eb0d08bf2,1,200,1,1
XSS,search,4,78962104f1135644,1,200,1,1
XSS,search,4,0f499263351b0b9a,0,,0,
XSS,search,4,6a17dcc85d59cf96,1,200,1,1
XSS,search,4,34728d1da5c09bad,1,200,1,1
XSS,search,4,40ce7472289be4f1,1,200,1,1
XSS,search,4,4fd48823c931ad59,1,200,1,1
XSS,search,4,237ce7065658c967,1,200,1,1
XSS,search,4,e0e9174c8fa2663e,1,403,0,
XSS,search,4,6d6375c41f022f6a,1,200,1,1
XSS,search,4,99eebae69f67cc43,0,,0,
XSS,search,4,183e0bc835398581,1,200,1,1
XSS,search,4,4cfae84816e79acb,1,200,1,1
XSS,search,4,75c6c19d6724956e,1,200,1,1
XSS,search,4,1934e6b1e78a0325,1,200,1,1
XSS,search,4,8d14ac01063bc38a,1,200,1,1
XSS,search,4,1db3a29cd8eafda9,1,200,1,1
XSS,search,4,86b7819531c0ad56,1,200,1,1
XSS,search,4,9b888e23d3f89074,1,200,1,1
XSS,search,4,19ba3c156b244e7d,1,200,1,1
XSS,search,4,2f6db0696bd7f819,1,200,1,1
XSS,search,4,a46b04631663b5e8,1,200,1,1
XSS,search,4,05d9812b9f34956f,1,200,1,1
XSS,search,4,27533b0ba71b2961,1,200,1,1
XSS,search,4,43066985f8ad350f,1,200,1,1
XSS,search,4,26653455807c9e66,1,200,1,1
XSS,search,4,4949b32e7804faa0,1,200,1,1
XSS,search,4,d1d0d90b8e9f6a62,1,200,1,1
XSS,search,4,07300a077f0fd926,1,403,0,
XSS,search,4,28411abba1a3334e,0,,0,
XSS,search,4,c065a83bc581f5d6,1,200,1,1
XSS,search,4,aac2b22214231b7f,1,200,1,1
XSS,search,4,7bf697a875420a71,1,200,1,1
XSS,search,4,9103bd107003b858,1,200,1,1
XSS,search,4,83df2e83f7cce9d0,1,200,1,1
XSS,search,4,83a498b864ec4d07,0,,0,
XSS,search,4,4d330972e455bfd7,1,200,1,1
XSS,search,4,ffc529572590c4bb,1,200,1,1
XSS,search,4,7564f8df97229521,1,200,1,1
XSS,search,4,b7bb1a8bbb62f261,1,200,1,1
XSS,search,4,a0de50b316eb42f4,1,200,1,1
XSS,search,4,41a0eda22230d430,1,200,1,1
XSS,search,4,0d3f7c025a4ae9ab,1,200,1,1
XSS,search,4,ff92bd821c39a828,1,200,1,1
XSS,calc,5,6c30186a028bdf56,0,,0,
XSS,calc,5,eec036048e230e57,0,,0,
XSS,calc,5,db297ec3fc2f31e4,0,,0,
XSS,calc,5,b4cae68399c7b749,0,,0,
XSS,calc,5,810b9ccdc4b84034,0,,0,
XSS,calc,5,89142764a6d4bb9a,0,,0,
XSS,calc,5,8aaf9cb903d8d543,1,403,0,
XSS,calc,5,cfc9ecafcd502c38,1,403,0,
XSS,calc,5,963f8edfcba7c015,0,,0,
XSS,calc,5,a1b291077511733a,1,403,0,
XSS,calc,5,456c19cc4411e43b,0,,0,
XSS,calc,5,578858504752de5c,1,403,0,
XSS,calc,5,1e2494be4cce6455,1,403,0,
XSS,calc,5,1857d6584e9b61d0,0,,0,
XSS,calc,5,540ab13394fea267,1,200,1,1
XSS,calc,5,0ebb9e6bc92b2f5e,1,200,1,1
XSS,calc,5,9041a5ac2e0e1fa2,1,200,1,1
XSS,calc,5,826f21b2cb7520ca,0,,0,
XSS,calc,5,59821ea6d5e3478f,1,403,0,
XSS,calc,5,da8bdd14c8de83a1,0,,0,
XSS,calc,5,5dd5a62fa6223764,0,,0,
XSS,calc,5,cc59bba4f4d662c1,0,,0,
XSS,calc,5,24d95642e8d5aacd,1,403,0,
XSS,calc,5,3b7c99217a523e81,0,,0,
XSS,calc,5,65cde60785fe75fd,1,403,0,
XSS,calc,5,2793e3353b6251e7,0,,0,
XSS,calc,5,77a0e5505e4ab113,0,,0,
XSS,calc,5,0ce178cde795b441,1,200,1,1
XSS,calc,5,0f7d3d0b2ddb9776,0,,0,
XSS,calc,5,b42aafabd9090fb0,0,,0,
XSS,calc,5,cb5b2c7a6fbcb383,1,403,0,
XSS,calc,5,194cc709b91f4a8b,0,,0,
XSS,calc,5,f6787462c82f58da,0,,0,
XSS,calc,5,546846ea21312fb0,0,,0,
XSS,calc,5,09ef9f50458b7576,0,,0,
XSS,calc,5,e46ea286fa91cde3,0,,0,
XSS,calc,5,c66426e8267899d8,0,,0,
XSS,calc,5,a4ad55321d4297b5,0,,0,
XSS,calc,5,61b273df205d5a4d,0,,0,
XSS,calc,5,a8358dd173637d3e,0,,0,
XSS,calc,5,4f8964e3353ddf63,0,,0,
XSS,calc,5,b8029bd3cbf6b2fd,0,,0,
XSS,calc,5,04246ca23bac0ac6,0,,0,
XSS,calc,5,3d7a1ebd4af0b709,0,,0,
XSS,calc,5,611649887ab26b21,0,,0,
XSS,calc,5,2fcd69f99ccfcdda,0,,0,
XSS,calc,5,7750f2665ddc3633,0,,0,
XSS,calc,5,28722271f1c18f2b,0,,0,
XSS,calc,5,cf097933d0fc28f2,0,,0,
XSS,calc,5,dacec734229564d0,0,,0,
XSS,calc,5,d5803b50c66e372e,0,,0,
XSS,calc,5,9dd3e3185b0495b0,0,,0,
XSS,calc,5,771b1589c60032d8,1,200,1,1
XSS,calc,5,7f6096b080f41d1f,1,200,1,1
XSS,calc,5,59c829db23f51d7f,1,200,1,1
XSS,calc,5,2a27541afbec2dfe,1,200,1,1
XSS,calc,5,f09624d866c42212,1,403,0,
XSS,calc,5,aa8dcc84a8a5416b,1,403,0,
XSS,calc,5,6265c82e3ac16ee6,1,200,1,1
XSS,calc,5,d74ef2a8a9dca9c1,1,403,0,
XSS,calc,5,8866abebfa196c77,1,200,1,1
XSS,calc,5,3681802e02e4c4ba,1,200,1,1
XSS,calc,5,f62ea5996b458de6,1,200,1,1
XSS,calc,5,fda2d8cd2cd7d545,1,200,1,1
XSS,calc,5,12f84aa815372e1b,1,200,1,1
XSS,calc,5,b836ba820d8113c3,1,200,1,1
XSS,calc,5,b935dce5e89df651,1,200,1,1
XSS,calc,5,df37bfe12762c0b4,1,200,1,1
XSS,calc,5,8fe15f642430ac8e,1,200,1,1
XSS,calc,5,befc69be82ecc443,1,403,0,
XSS,calc,5,17e5eff4efc308dd,1,403,0,
XSS,calc,5,67e6f86736bbcd6e,1,403,0,
XSS,calc,5,40719cee9f80495d,0,,0,
XSS,calc,5,4ae64d2f2c396a5e,0,,0,
XSS,calc,5,46b368f13418d1f1,1,200,1,1
XSS,calc,5,e007adcf1f89803b,0,,0,
XSS,calc,5,40f34cecced548bb,1,403,0,
XSS,calc,5,5b1685b067cc2096,0,,0,
XSS,calc,5,69e7f6788f88eb05,1,403,0,
XSS,calc,5,aba0fc1b17cf5474,1,403,0,
XSS,calc,5,236c0debc97bec11,1,403,0,
XSS,calc,5,42bc558eb292d5bd,1,403,0,
XSS,calc,5,57cba875d5bda952,0,,0,
XSS,calc,5,dd476c708e9268ac,1,200,1,1
XSS,calc,5,510823d52e2f1582,1,200,1,1
XSS,calc,5,4446346ca85db477,0,,0,
XSS,calc,5,ae2ea896ddcdae1b,0,,0,
XSS,calc,5,562631cffdc0d220,1,200,1,1
XSS,calc,5,c0914c4a8608b30c,0,,0,
XSS,calc,5,4e3f771233102234,0,,0,
XSS,calc,5,15caeebaeda4e3e4,0,,0,
XSS,calc,5,3959dfc6d244b7b7,0,,0,
XSS,calc,5,4e7ba95fbb362fe0,0,,0,
XSS,calc,5,c0954cef4d8f3c55,0,,0,
XSS,calc,5,ca4b32fceb3b88d1,0,,0,
XSS,calc,5,3a1e352c8dd9b2de,0,,0,
XSS,calc,5,588bf9e8064b66f6,0,,0,
XSS,calc,5,dd2f9ea80d598467,0,,0,
XSS,calc,5,cb1f6c3d98f78659,0,,0,
XSS,calc,5,75a0b1651784214d,1,403,0,
XSS,calc,5,f95f187d7d4b8122,0,,0,
XSS,calc,5,9fcba017da279757,0,,0,
XSS,calc,5,6f74cbff6c18582f,1,200,1,1
XSS,calc,5,5202690da68149ab,1,200,1,1
XSS,calc,5,a7b0f08b4b86e7b6,1,200,1,1
XSS,calc,5,aa98f938f66430f9,1,200,1,1
XSS,calc,5,f8d2c2f74b7a346f,1,200,1,1
XSS,calc,5,d46452ec7dd61c72,1,200,1,1
XSS,calc,5,bf1e9f0a5e318b53,1,200,1,1
XSS,calc,5,7da8a17ec75334f7,1,200,1,1
XSS,calc,5,21e7c49a5f0b350d,1,200,1,1
XSS,calc,5,487babe75452e2b5,1,200,1,1
XSS,calc,5,14ee351d64cb24b8,1,200,1,1
XSS,calc,5,8e78857a52205600,1,200,1,1
XSS,calc,5,b1799f64e7bf34bb,1,200,1,1
XSS,calc,5,6b41d8d6b1e99853,1,200,1,1
XSS,calc,5,2e7d03634037ad0e,1,200,1,1
XSS,calc,5,76d1121c8cb1a7a9,1,200,1,1
XSS,calc,5,f5a83cb149f37e5d,1,200,1,1
XSS,calc,5,f6bf9a84a97d3541,1,403,0,
XSS,calc,5,386fd6d23de1c16b,0,,0,
XSS,calc,5,8d0d395dc7828a30,0,,0,
XSS,calc,5,90f2548f416a8b02,1,403,0,
XSS,calc,5,6bb343b3be4c5bb2,0,,0,
XSS,calc,5,948963fe7b68d7da,1,403,0,
XSS,calc,5,6ebbb20a2360f634,0,,0,
XSS,calc,5,d26e477e8ee442d7,1,200,1,1
XSS,calc,5,93a8fafaa611cf79,1,403,0,
XSS,calc,5,8be8b5e295d39f33,1,403,0,
XSS,calc,5,d2297745c652a263,1,403,0,
XSS,calc,5,2e07a8f4460087d5,1,403,0,
XSS,calc,5,b35f58a3638f969d,1,200,1,1
XSS,calc,5,2a6f6a175a703ce5,1,200,1,1
XSS,calc,5,874ec705031faeb4,1,200,1,1
XSS,calc,5,f76fba45df500f36,1,403,0,
XSS,calc,5,9572fde89e8cb456,0,,0,
XSS,calc,5,90db67cf36e1c08b,1,403,0,
XSS,calc,5,07ae04a350ad8a10,0,,0,
XSS,calc,5,db56ce676bbb68fd,1,403,0,
XSS,calc,5,f341b7cf142c36c9,1,200,1,1
XSS,calc,5,51f564b61306eff6,1,403,0,
XSS,calc,5,04bcfc712be10b15,1,403,0,
XSS,calc,5,64ae1885400515a9,0,,0,
XSS,calc,5,43cdda69f9e54ab5,1,200,1,1
XSS,calc,5,4f7c63800810aebd,0,,0,
XSS,calc,5,a4efb07c8cffbad3,0,,0,
XSS,calc,5,63b346c3a572866e,1,200,1,1
XSS,calc,5,5ce9406dc61b04fd,1,200,1,1
XSS,calc,5,ae1a6495d02acde8,0,,0,
XSS,calc,5,e52c1d8ee8a8947a,1,200,1,1
XSS,calc,5,faa8d263cec34474,0,,0,
XSS,calc,5,0d2cc0dac9825c13,1,200,1,1
XSS,calc,5,be43273c0475a2d4,1,200,1,1
XSS,calc,5,411d1c72fdf83f0e,1,200,1,1
XSS,calc,5,aa4b759ac8d13c2e,1,200,1,1
XSS,calc,5,c92c1589d9331287,1,200,1,1
XSS,calc,5,472ff109055764d5,1,200,1,1
XSS,calc,5,ab1ba592c2af8f4f,1,200,1,1
XSS,calc,5,890cddc426afaa9c,1,200,1,1
XSS,calc,5,e756ce2d13ae065b,1,200,1,1
XSS,calc,5,73fae942db7b431c,1,200,1,1
XSS,calc,5,600df5c2c3791c53,1,200,1,1
XSS,calc,5,cbe9c3b06165b2ad,1,200,1,1
XSS,calc,5,902962cedbbe1ff9,1,200,1,1
XSS,calc,5,4a97d131a8c2bcd2,1,200,1,1
XSS,calc,5,78ced55efe9f86e3,1,200,1,1
XSS,calc,5,de8d75eb3f96e09b,1,200,1,1
XSS,calc,5,3c578fdebed5f678,1,200,1,1
XSS,calc,5,144227f75553b3ea,1,200,1,1
XSS,calc,5,10dc4e474f39e546,1,200,1,1
XSS,calc,5,3149c9b905a26d18,1,403,0,
XSS,calc,5,b19d5ed60f059cdf,0,,0,
XSS,calc,5,046062667184a779,1,200,1,1
XSS,calc,5,25100ee2a42f2fbf,1,200,1,1
XSS,calc,5,320c33de939ca9d6,1,403,0,
XSS,calc,5,38b91c826d1d98b0,1,200,1,1
XSS,calc,5,62c5c3c5eaeffdef,1,200,1,1
XSS,calc,5,439d34bf27238f58,1,403,0,
XSS,calc,5,839fb464a7fd8963,1,200,1,1
XSS,calc,5,d1243871411932fe,1,200,1,1
XSS,calc,5,aa6edea792ccaf75,1,200,1,1
XSS,calc,5,d5712994bfadd159,1,200,1,1
XSS,calc,5,d59edc6ac54dfc5e,1,403,0,
XSS,calc,5,87df7c330b7f34e5,1,200,1,1
XSS,calc,5,705901e84cb7d448,1,200,1,1
XSS,calc,5,03be17b90797da65,0,,0,
XSS,calc,5,7bb50b854df1e9ee,0,,0,
XSS,calc,5,c2cf066db4473f59,1,200,1,1
XSS,calc,5,0fd6f552eeecbd26,1,200,1,1
XSS,calc,5,be21b885445ee9f6,0,,0,
XSS,calc,5,ee85543123f4dad0,1,403,0,
XSS,calc,5,47a94c68f4a3b53a,0,,0,
XSS,calc,5,6439624d4144d10f,1,200,1,1
XSS,calc,5,42726a9b7a720111,1,200,1,1
XSS,calc,5,9839fa47458e1de6,0,,0,
XSS,calc,5,41676b25340a5747,0,,0,
XSS,calc,5,b6621216acb7a092,1,200,1,1
XSS,calc,5,d3b3a13f03f80aec,1,200,1,1
XSS,calc,5,ed343ea070edb0f1,1,200,1,1
XSS,calc,5,06db54a9c308f1cd,1,403,0,
XSS,calc,5,0d0d79dff1145bd4,0,,0,
XSS,calc,5,482eff02b62cc48a,0,,0,
XSS,calc,5,a976bfdaa166b122,1,403,0,
XSS,calc,5,91a2c4462ddc8449,1,200,1,1
XSS,calc,5,ff28846d161feb29,1,200,1,1
XSS,calc,5,b6f832cdf0bc61b1,0,,0,
XSS,calc,5,13ddd3de7db9fdd5,1,200,1,1
XSS,calc,5,946028cbfa7b9568,1,200,1,1
XSS,calc,5,2ce15a086a53e12a,1,200,1,1
XSS,calc,5,eec83860487cac0e,1,403,0,
XSS,calc,5,e52d7da914a4c513,1,200,1,1
XSS,calc,5,924ebb3aaf076791,1,200,1,1
XSS,calc,5,9e23c8909c440daf,1,200,1,1
XSS,calc,5,e3ae37e3817cfc97,1,200,1,1
XSS,calc,5,d0d26e782399c8a0,1,200,1,1
XSS,calc,5,ef892ff7b2ebf8d2,1,200,1,1
XSS,calc,5,1ed90dfc318f787e,1,200,1,1
XSS,calc,5,cc7c040b217448c9,0,,0,
XSS,calc,5,9b75c60316426838,1,403,0,
XSS,calc,5,6a6687549c6b8d2b,1,200,1,1
XSS,calc,5,192a459e8ffa2c40,1,200,1,1
XSS,calc,5,c65d64e9aa1dbd11,1,200,1,1
XSS,calc,5,39c55a87860400a9,0,,0,
XSS,calc,5,6a6a1e8ebd1ba99e,0,,0,
XSS,calc,5,14d2515722223f32,1,200,1,1
XSS,calc,5,13798a88998c115d,1,200,1,1
XSS,calc,5,b4b9549952765d1a,1,200,1,1
XSS,calc,5,b454bf9caa1f0920,1,200,1,1
XSS,calc,5,2f613219fc4e3e94,0,,0,
XSS,calc,5,7e08c1147a6851e9,1,200,1,1
XSS,calc,5,a548ff86887ec576,1,200,1,1
XSS,calc,5,bce5827ed4897ac3,1,403,0,
XSS,calc,5,2f49bd059f848c2a,1,200,1,1
XSS,calc,5,740b4f3a266302a2,1,200,1,1
XSS,calc,5,bbb45e1ea77e571c,0,,0,
XSS,calc,5,c64c5724816aedea,1,200,1,1
XSS,calc,5,bc535393dd7f5444,1,200,1,1
XSS,calc,5,2093043dbc115097,0,,0,
XSS,calc,5,06fd2c6d413fe25e,1,200,1,1
XSS,calc,5,9102c8fbcce64a9b,1,200,1,1
XSS,calc,5,f0aaa97179aacb07,0,,0,
XSS,calc,5,6e41effbdfe182a0,1,403,0,
XSS,calc,5,cf1b222068de16c5,0,,0,
XSS,calc,5,4c2a975d0c8e174c,0,,0,
XSS,calc,5,4b2f85198f742ac9,1,403,0,
XSS,calc,5,ce59730fbaf401e3,0,,0,
XSS,calc,5,4254e2311395fff6,0,,0,
XSS,calc,5,fbcaa06df603b780,0,,0,
XSS,calc,5,202131e43f5db165,1,200,1,1
XSS,calc,5,edc4af80a2ad9f05,1,200,1,1
XSS,calc,5,8590021d9f0a4e90,1,200,1,1
XSS,calc,5,829026553c54e483,1,200,1,1
XSS,calc,5,6ae390a85d0bc44d,1,200,1,1
XSS,calc,5,377e1f0da34d7009,1,200,1,1
XSS,calc,5,709d29aeab1f2c49,1,200,1,1
XSS,calc,5,4c1371ac0c34d7e8,1,200,1,1
XSS,calc,5,1b18113ae2c8667e,1,200,1,1
XSS,calc,5,f7e45da89b415676,1,200,1,1
XSS,calc,5,5464fc51178f5f82,0,,0,
XSS,calc,5,5fb5ed17d89486cf,1,200,1,1
XSS,calc,5,3d5122a565971a10,1,200,1,1
XSS,calc,5,8b8923e81d45d832,1,200,1,1
XSS,calc,5,a32489c04f9561c9,1,200,1,1
XSS,calc,5,d7128d0320dab302,1,200,1,1
XSS,calc,5,b0e5fc1ab9363a40,1,200,1,1
XSS,calc,5,8e8be8e25bf973b8,1,200,1,1
XSS,calc,5,09e7fbda38239658,1,200,1,1
XSS,calc,5,da2d9cf535a57461,1,200,1,1
XSS,calc,5,94d967e40a5f5c52,0,,0,
XSS,calc,5,f47a46d99fe7dae4,1,403,0,
XSS,calc,5,54960bfbf2d48898,1,200,1,1
XSS,calc,5,2d8c46ca72267835,1,200,1,1
XSS,calc,5,a94c440a93729432,1,200,1,1
XSS,calc,5,a9e5fa4ed7383dbe,1,200,1,1
XSS,calc,5,8109f8a3b71e0d3d,1,200,1,1
XSS,calc,5,ba7b1bb7899ca719,0,,0,
XSS,calc,5,00f40b99e41a6c0f,1,403,0,
XSS,calc,5,f29d1da564f61930,1,200,1,1
XSS,calc,5,4be2f8f603588341,1,200,1,1
XSS,calc,5,a4a72cf40b7c3ef3,1,200,1,1
XSS,calc,5,5085c63b1f3fdd67,1,200,1,1
XSS,calc,5,f040bb0fc860605f,1,200,1,1
XSS,calc,5,c6fbf6bdc7ac9932,1,200,1,1
XSS,calc,5,15dd89c7802f0e1f,1,403,0,
XSS,calc,5,2bbcd5c364b7d835,1,200,1,1
XSS,calc,5,be7a9797e9a3059d,1,200,1,1
XSS,calc,5,76187a4c4ecdf142,1,200,1,1
XSS,calc,5,7bb0b945a27a69d4,1,200,1,1
XSS,calc,5,bc2d8cceb7898880,0,,0,
XSS,calc,5,2a5d397cf29afe5f,0,,0,
XSS,calc,5,366e60e4fddd006f,1,200,1,1
XSS,calc,5,cdb8e4e93317b9be,1,200,1,1
XSS,calc,5,afa5b7ea0fccb0c5,0,,0,
XSS,calc,5,7193eb6d7cfbffe0,0,,0,
XSS,calc,5,3c34d56cbd2a9f20,1,200,1,1
XSS,calc,5,1f38f7a57a31d3eb,1,200,1,1
XSS,calc,5,eb93447f311f5765,0,,0,
XSS,calc,5,7850a83d9c538564,0,,0,
XSS,calc,5,1149725b028aa0b5,1,200,1,1
XSS,calc,5,9f08f7012e82760d,0,,0,
XSS,calc,5,50b08ead43f98139,0,,0,
XSS,calc,5,6f8ca8bd41cb2fc4,1,403,0,
XSS,calc,5,4f0e6c0336fa6cf8,0,,0,
XSS,calc,5,2ec601052693ddb5,1,200,1,1
XSS,calc,5,dc9edf504c78fde2,1,200,1,1
XSS,calc,5,f59c62c708576c37,1,200,1,1
XSS,calc,5,6d2762f9f767d320,1,403,0,
XSS,calc,5,f00a03c1f83bf1ee,0,,0,
XSS,calc,5,58f3a9c81b7f028a,0,,0,
XSS,calc,5,f5e653b988775a7c,0,,0,
XSS,calc,5,91934f8bc31f58fe,1,200,1,1
XSS,calc,5,f88139e6a5458c60,1,403,0,
XSS,calc,5,ca547327c3e4d0ba,1,200,1,1
XSS,calc,5,1927ac8968f3ef92,0,,0,
XSS,calc,5,7c89f6d11d54412a,0,,0,
XSS,calc,5,ad39331c7eb03e71,1,403,0,
XSS,calc,5,51a27766bba46239,1,200,1,1
XSS,calc,5,337b2d60b0cd02c0,0,,0,
XSS,calc,5,0452e814670373cd,1,200,1,1
XSS,calc,5,3d2f676ed39b86a9,0,,0,
XSS,calc,5,d8049bae9e76fb58,1,200,1,1
XSS,calc,5,529793ac36afeef6,0,,0,
XSS,calc,5,8e8d70dde57b5732,1,200,1,1
XSS,calc,5,c4c889303aac925a,1,403,0,
XSS,calc,5,862878b7c5896e8d,1,200,1,1
XSS,calc,5,368b337dff515eba,0,,0,
XSS,calc,5,ff8a5890360ee522,1,200,1,1
XSS,calc,5,3ad84e765c75384a,0,,0,
XSS,calc,5,b952af89139aafcf,1,200,1,1
XSS,calc,5,aba5e880dc792006,1,403,0,
XSS,calc,5,88f0951accd5dd4a,0,,0,
XSS,calc,5,567f9b509826d345,1,200,1,1
XSS,calc,5,e37b7512adf9ef4b,1,200,1,1
XSS,calc,5,b15b9610dc846edf,0,,0,
XSS,calc,5,4556a703d9d530e5,1,200,1,1
XSS,calc,5,7d8bce28301e8f18,1,200,1,1
XSS,calc,5,3093247eec1e9556,1,200,1,1
XSS,calc,5,1d12e7403efd159b,1,200,1,1
XSS,calc,5,174c01d6f087ff64,1,200,1,1
XSS,calc,5,b0a802d772767914,1,200,1,1
XSS,calc,5,21b749d422ee6a32,0,,0,
XSS,calc,5,a295424d2c20115e,0,,0,
XSS,calc,5,e7b2eb9818065279,1,200,1,1
XSS,calc,5,f63b4962272ff5e3,0,,0,
XSS,calc,5,4e8ce06e18ddd1c2,0,,0,
XSS,calc,5,c456d3e845c57007,1,200,1,1
XSS,calc,5,089c753e716b8f56,1,200,1,1
XSS,calc,5,006ac88778d9242b,1,200,1,1
XSS,calc,5,4a1ad44ab32bfa7c,1,200,1,1
XSS,calc,5,933cbbf1ecbd40c3,1,200,1,1
XSS,calc,5,74ef9056e67a2311,1,200,1,1
XSS,calc,5,eea608c90cc9e454,1,200,1,1
XSS,calc,5,91c0ff7d044b7f2c,1,200,1,1
XSS,calc,5,cf1d14419676864f,1,200,1,1
XSS,calc,5,11b1804ad863d7c8,1,403,0,
XSS,calc,5,da4ddd9a9c1fa337,1,200,1,1
XSS,calc,5,3069a0f42d108efb,1,200,1,1
XSS,calc,5,3bd98fbb0285fee5,1,200,1,1
XSS,calc,5,fa71abd1ca120806,1,200,1,1
XSS,calc,5,119170e3250f2d0d,1,200,1,1
XSS,calc,5,6337d61944c19121,1,200,1,1
XSS,calc,5,17ac4bc4f74d70e1,1,200,1,1
XSS,calc,5,d6283da941039fd5,1,200,1,1
XSS,calc,5,8aaf78d0b6732a1d,1,200,1,1
XSS,calc,5,eba0ee883467e278,1,200,1,1
XSS,calc,5,083d0f8283762a69,1,200,1,1
XSS,calc,5,ae86883ded1f4995,1,200,1,1
XSS,calc,5,9ceb013d83d39a0e,0,,0,
XSS,calc,5,d20540a4a80889e0,1,403,0,
XSS,calc,5,d111544d413a9a24,1,200,1,1
XSS,calc,5,07f27d8bf8cf6cf2,0,,0,
XSS,calc,5,82434883b994e9c9,1,403,0,
XSS,calc,5,992f5ec9e6aa23d3,0,,0,
XSS,calc,5,a187d39c375bebcf,1,200,1,1
XSS,calc,5,843275c6c7969725,1,403,0,
XSS,calc,5,3ad4f4c5940ae014,0,,0,
XSS,calc,5,4815a55cd757564b,0,,0,
XSS,calc,5,14d58f85be3243a3,0,,0,
XSS,calc,5,3204f63966fab07b,1,403,0,
XSS,calc,5,321be08b70faca17,0,,0,
XSS,calc,5,487b5a675710de06,1,403,0,
XSS,calc,5,3ee88aec25493793,1,403,0,
XSS,calc,5,c72e8b50e6382905,1,403,0,
XSS,calc,5,3e89474097b06fad,0,,0,
XSS,calc,5,e424f820c1b72c97,1,200,1,1
XSS,calc,5,33aa932cb6e01479,1,200,1,1
XSS,calc,5,be4c7b549682267a,1,200,1,1
XSS,calc,5,c2412c2512fd77d2,1,200,1,1
XSS,calc,5,de804c1ad0c4ab6d,0,,0,
XSS,calc,5,bf237a129a01e188,1,200,1,1
XSS,calc,5,d3762744c4e2f35b,1,200,1,1
XSS,calc,5,5a7ec585d83ae864,1,200,1,1
XSS,calc,5,d07374f36cb08cb4,1,200,1,1
XSS,calc,5,a2d0014f33da2de6,0,,0,
XSS,calc,5,4635c2175d2fa0ea,1,200,1,1
XSS,calc,5,5f8ac53b0d950cd1,1,200,1,1
XSS,calc,5,86395a2dda2f2b4c,0,,0,
XSS,calc,5,6e55c73eed00b1eb,0,,0,
XSS,calc,5,8fd11cf1395f7c75,1,403,0,
XSS,calc,5,e9d8ca429bc40885,1,200,1,1
XSS,calc,5,6ec3fda59774c1c6,1,200,1,1
XSS,calc,5,1163c308b9f0adce,0,,0,
XSS,calc,5,c4a4dd386d4ce0c3,1,200,1,1
XSS,calc,5,ae3040b46259a87d,1,200,1,1
XSS,calc,5,71ac8a0c6ecbed1d,1,200,1,1
XSS,calc,5,a849b1694e8c4a93,1,200,1,1
XSS,calc,5,e686f9d26c09fedd,1,200,1,1
XSS,calc,5,d26f4e7971d43b34,1,200,1,1
XSS,calc,5,e0fb12ccddc3dd8c,1,403,0,
XSS,calc,5,09ddacd6f12e7617,1,200,1,1
XSS,calc,5,2fbecfc97001ba96,1,200,1,1
XSS,calc,5,01db8a6bacc6b501,1,200,1,1
XSS,calc,5,5fa23a8288017378,1,200,1,1
XSS,calc,5,d43882896fde1a5b,1,200,1,1
XSS,calc,5,6f5ed9b28e983472,1,200,1,1
XSS,calc,5,3dcbd1eaf2260b87,1,200,1,1
XSS,calc,5,a5839554607425de,0,,0,
XSS,calc,5,e4c0cd1d389b0afb,0,,0,
XSS,calc,5,51386f06fd65cb5d,0,,0,
XSS,calc,5,9ec9ce33805fe5d6,0,,0,
XSS,calc,5,986cecb630d58c59,0,,0,
XSS,calc,5,d4d321fb2d1d17ac,0,,0,
XSS,calc,5,dffe52a088003ff7,1,200,1,1
XSS,calc,5,a6758a5cbee6eea3,0,,0,
XSS,calc,5,da3fa4c48869e046,0,,0,
XSS,calc,5,aa1b77b138f41435,0,,0,
XSS,calc,5,74f0f2ef075fe07b,1,403,0,
XSS,calc,5,63a8d3bbeeade2eb,0,,0,
XSS,calc,5,ee983151d6061197,0,,0,
XSS,calc,5,5ba14af936914a9e,1,403,0,
XSS,calc,5,6feefd5f9f1bd476,1,403,0,
XSS,calc,5,b80cedb9e161cbea,0,,0,
XSS,calc,5,d606b3a2f059c21a,0,,0,
XSS,calc,5,190f99212b3a160b,0,,0,
XSS,calc,5,de81958e528655a1,1,200,1,1
XSS,calc,5,2b9017521219bd79,1,200,1,1
XSS,calc,5,c69a7f25881c39ce,0,,0,
XSS,calc,5,065ba192e310d4b3,1,200,1,1
XSS,calc,5,c5231216e041031d,0,,0,
XSS,calc,5,fe93cd163b3b4968,1,200,1,1
XSS,calc,5,91dcf319ce67ec8e,1,200,1,1
XSS,calc,5,1cf3e1e4a02b2063,1,200,1,1
XSS,calc,5,9b7bda07f63857dd,0,,0,
XSS,calc,5,800b93d66077d774,0,,0,
XSS,calc,5,d01e9a769ed52fb2,0,,0,
XSS,calc,5,8117a6f61305a4f2,1,403,0,
XSS,calc,5,50a8803eca728177,1,200,1,1
XSS,calc,5,4c0e5a8d5570663f,0,,0,
XSS,calc,5,093041b7ae5ef5b8,1,403,0,
XSS,calc,5,28e9a726087881ac,1,403,0,
XSS,calc,5,ece9d8a78ea04a07,1,200,1,1
XSS,calc,5,38d66c8838c5cd3d,1,200,1,1
XSS,calc,5,0422fe64faff7a25,1,200,1,1
XSS,calc,5,0d9b8ba96492d329,1,200,1,1
XSS,calc,5,ecfa4d501ca549a3,1,200,1,1
XSS,calc,5,5b190a029b83124e,1,200,1,1
XSS,calc,5,b18ab21ef91b407d,1,200,1,1
XSS,calc,5,a9f253ab66d53866,1,200,1,1
XSS,calc,5,5c63ceded861b620,1,200,1,1
XSS,calc,5,4d3e3d1413566626,1,200,1,1
XSS,calc,5,b362ed2e35fd43b6,1,200,1,1
XSS,calc,5,b2f761af1d5414e1,1,200,1,1
XSS,calc,5,f9d14d42bf852fc3,1,200,1,1
XSS,calc,5,37f38725e7ad7d13,1,200,1,1
XSS,calc,5,ef06e0ee75143a1d,1,200,1,1
XSS,calc,5,30ac657405b7bb06,1,200,1,1
XSS,calc,5,abd6eef983ab8f21,1,200,1,1
XSS,calc,5,3686776de239a521,0,,0,
XSS,calc,5,3ba7357dcf7298d8,1,200,1,1
XSS,calc,5,60e40dcce9230066,0,,0,
XSS,calc,5,7b4fcc5fa96b3aea,0,,0,
XSS,calc,5,9bdf0ddd351a753a,1,403,0,
XSS,calc,5,3b3db2ac1706604b,1,200,1,1
XSS,calc,5,8d2f95ec8a57b6e5,1,200,1,1
XSS,calc,5,d61232567209b3d2,1,200,1,1
XSS,calc,5,c9089ed093217772,1,403,0,
XSS,calc,5,aefc3030070216e4,1,200,1,1
XSS,calc,5,740c028be6c41583,1,200,1,1
XSS,calc,5,9d6f3ba833415676,1,200,1,1
XSS,calc,5,50727fc31c64e3f5,1,200,1,1
XSS,calc,5,38135dc42894c207,1,200,1,1
XSS,calc,5,03866a00a7250fd6,1,403,0,
XSS,calc,5,abf9f6b29bbebca0,1,200,1,1
XSS,calc,5,81f3ac7c545a2e52,1,200,1,1
XSS,calc,5,9c5f5d350ac8d1ef,1,200,1,1
XSS,calc,5,fae28fe94a28e635,1,403,0,
XSS,calc,5,7ddc8abda7078f7f,1,200,1,1
XSS,calc,5,33d41a36ac7a0b4d,1,200,1,1
XSS,calc,5,9fc1896ff4e67ff7,1,200,1,1
XSS,calc,5,0fb11bca56fa777d,1,200,1,1
XSS,calc,5,08e3a5d0c9d20711,1,200,1,1
XSS,calc,5,0a478798b275782a,1,200,1,1
XSS,calc,5,79b7737934e6d19d,1,200,1,1
XSS,calc,5,68afdfca07f016e4,1,200,1,1
XSS,calc,5,2f8ab905dc5005b1,1,200,1,1
XSS,calc,5,fc176d175b4c67b7,1,403,0,
XSS,calc,5,2053adf4245f3973,1,200,1,1
XSS,calc,5,b8cefc986007f757,1,200,1,1
XSS,calc,5,9e5669f4237e94d6,1,200,1,1
XSS,calc,5,f93a805c9a1c157f,1,200,1,1
XSS,search,5,092e86b7b2996c9c,1,200,1,1
XSS,search,5,206352b801d69fad,0,,0,
XSS,search,5,212bb84ac6c8ef39,1,403,0,
XSS,search,5,fc2e0ab093f12522,0,,0,
XSS,search,5,6ffc50313f9046c4,1,403,0,
XSS,search,5,8cf939b322d763b6,1,200,1,1
XSS,search,5,cd9e84c08a49a11e,0,,0,
XSS,search,5,9111ae75d337c39a,1,200,1,1
XSS,search,5,f80dea9a917a0f10,0,,0,
XSS,search,5,72d4e67a401b8825,1,403,0,
XSS,search,5,fe6372b29783fd0c,1,403,0,
XSS,search,5,24ddd6d0719cab77,1,403,0,
XSS,search,5,e08c179383c1ae4d,1,403,0,
XSS,search,5,ef935da709af0c98,0,,0,
XSS,search,5,82f9fdf56e3ad61b,1,403,0,
XSS,search,5,e83cf221f9321d9e,1,403,0,
XSS,search,5,0b55bd46b2ec8e20,1,403,0,
XSS,search,5,72a67f82215fa6ca,1,403,0,
XSS,search,5,168bee58d00629a7,0,,0,
XSS,search,5,f8b2bfbc94b15550,0,,0,
XSS,search,5,a51097a0f3c3c4d5,1,200,1,1
XSS,search,5,323851270e189aae,1,403,0,
XSS,search,5,1161d80954920f87,0,,0,
XSS,search,5,1483c84b2a43a1fc,1,200,1,1
XSS,search,5,01cd272480e8069d,1,200,1,1
XSS,search,5,99c530b421ef41ab,1,200,1,1
XSS,search,5,d189c313b3d1b882,1,403,0,
XSS,search,5,1d4a321898891ac4,1,403,0,
XSS,search,5,84dc978fa16079cc,1,200,1,1
XSS,search,5,60e2ed8ec957bb8f,1,200,1,1
XSS,search,5,b407c68ded5532be,1,200,1,1
XSS,search,5,ed778d0ca731540c,1,403,0,
XSS,search,5,4c7a3c8a288c0543,1,200,1,1
XSS,search,5,be08c2a4e927c56d,1,200,1,1
XSS,search,5,e0e77ee29e01cbbc,0,,0,
XSS,search,5,46a222cf642e64f3,1,200,1,1
XSS,search,5,cdf928b46c87944d,0,,0,
XSS,search,5,57975c18919c35d5,0,,0,
XSS,search,5,b4ee793a4115c8b2,1,200,1,1
XSS,search,5,b33aafe870750114,0,,0,
XSS,search,5,1aa9490795f35426,1,403,0,
XSS,search,5,e9336808a16f3451,1,200,1,1
XSS,search,5,45a23efae7b2a18d,1,403,0,
XSS,search,5,a8ca1e1338f86f4d,1,200,1,1
XSS,search,5,d21a3284d8cd499d,0,,0,
XSS,search,5,1b7627452369433a,1,200,1,1
XSS,search,5,b567bd700bee99df,1,403,0,
XSS,search,5,d02d74de1ad87063,0,,0,
XSS,search,5,1595d6e2b75a2a16,1,403,0,
XSS,search,5,639525ab5c7c06aa,1,200,1,1
XSS,search,5,b676b18edcd8246f,1,200,1,1
XSS,search,5,ebfeb3b68e8c8591,1,200,1,1
XSS,search,5,2676dcb878b8b549,1,403,0,
XSS,search,5,18350fb23642f730,1,403,0,
XSS,search,5,b42b18dc8869280e,1,403,0,
XSS,search,5,fe1aeda319722f9a,1,200,1,1
XSS,search,5,0202517e5a79d5ed,1,200,1,1
XSS,search,5,965d2f2e1c3ca7c6,1,403,0,
XSS,search,5,44d9928afeeb9129,1,403,0,
XSS,search,5,01fbf6d3c38aa521,0,,0,
XSS,search,5,08e52ab2d655e7dc,1,403,0,
XSS,search,5,dd0147c14fbf97c5,1,403,0,
XSS,search,5,d7575f9e55d833f1,1,403,0,
XSS,search,5,3bbbae36db5c7694,1,403,0,
XSS,search,5,0de227d4bc505205,1,403,0,
XSS,search,5,8585b8e7477f4a41,1,200,1,1
XSS,search,5,11ffe05683c2d663,0,,0,
XSS,search,5,628674f68e02f36e,1,403,0,
XSS,search,5,95b94a356f4b2c58,1,403,0,
XSS,search,5,b9c2f600f8dd8db5,0,,0,
XSS,search,5,519f48621ca19537,1,403,0,
XSS,search,5,3fc1071e0fd498f6,0,,0,
XSS,search,5,d0165d50d56a4bd5,0,,0,
XSS,search,5,1556955db6eab0ab,1,403,0,
XSS,search,5,67b70a9328d3f277,1,200,1,1
XSS,search,5,13f00cd36b4154eb,1,403,0,
XSS,search,5,f3d500278a8c6893,1,200,1,1
XSS,search,5,f7b1ea81428316c3,1,403,0,
XSS,search,5,4da6c75fa90c56c7,0,,0,
XSS,search,5,c3f0e7240f965faf,1,403,0,
XSS,search,5,db2d29345345c248,0,,0,
XSS,search,5,c68a0d6d8211ff2b,1,200,1,1
XSS,search,5,456ed71cecd8fdb0,0,,0,
XSS,search,5,630c35b86b117c70,0,,0,
XSS,search,5,69bfd98387c15bdf,0,,0,
XSS,search,5,fab26d657224d80b,0,,0,
XSS,search,5,e91b422fac17de22,0,,0,
XSS,search,5,d64e2a66d7df242e,0,,0,
XSS,search,5,64c95e5047024f65,0,,0,
XSS,search,5,bec61309b1193e1d,0,,0,
XSS,search,5,bd7db8e5c14970dc,0,,0,
XSS,search,5,96f3762d50b14840,0,,0,
XSS,search,5,a15ee26766daceea,0,,0,
XSS,search,5,ab594409d9246bc9,0,,0,
XSS,search,5,9340664ea064c4ad,0,,0,
XSS,search,5,63983d70ccc03dfb,0,,0,
XSS,search,5,988aaaeb3eb4c1de,0,,0,
XSS,search,5,47c8adac998413f9,0,,0,
XSS,search,5,62b509dc9f388d65,0,,0,
XSS,search,5,af4bcf0afe86a8de,1,200,1,1
XSS,search,5,efa3459cd8c41266,0,,0,
XSS,search,5,01dd7f7072fcbc18,0,,0,
XSS,search,5,ad9e1fe036e958ae,1,200,1,1
XSS,search,5,d54a890ef0d413fb,0,,0,
XSS,search,5,96e9c128a2372054,1,200,1,1
XSS,search,5,da0e29e1dde86949,1,200,1,1
XSS,search,5,16f4dde05615229d,0,,0,
XSS,search,5,6289fb6a4e378c8b,1,200,1,1
XSS,search,5,f157ba3bf84549ff,0,,0,
XSS,search,5,8c24e195e4893d23,0,,0,
XSS,search,5,63f02a6434af5482,1,200,1,1
XSS,search,5,bf071941ed537847,1,403,0,
XSS,search,5,bab10cc5c1205ad3,1,403,0,
XSS,search,5,1c7e6444557ba91f,1,200,1,1
XSS,search,5,a21e9f0d67ba25b1,0,,0,
XSS,search,5,442553b95fe19ca6,0,,0,
XSS,search,5,e6668bf66f9a02b4,1,403,0,
XSS,search,5,5b3f1512d8235668,1,200,1,1
XSS,search,5,679d7b1abcc7bf69,1,200,1,1
XSS,search,5,4ad5c62c81a9963b,1,200,1,1
XSS,search,5,8424b18585e3a387,1,403,0,
XSS,search,5,7579614604e6839a,0,,0,
XSS,search,5,ada91b541992d402,1,403,0,
XSS,search,5,a44a88e2577c5e5f,1,200,1,1
XSS,search,5,89d2be7f6dce1bbf,0,,0,
XSS,search,5,1fc06ae457e8b2e3,0,,0,
XSS,search,5,768b2cae5a17d1f7,1,200,1,1
XSS,search,5,3536df30e1397128,1,200,1,1
XSS,search,5,12627d0ab3e66d8f,1,200,1,1
XSS,search,5,c4c56a573721b44d,1,403,0,
XSS,search,5,e380bfc5884b6a11,1,403,0,
XSS,search,5,4fe79d045530fc6c,1,403,0,
XSS,search,5,b4d4790001ed934e,1,200,1,1
XSS,search,5,42a1230734f0352c,1,403,0,
XSS,search,5,1d978ba3a5774702,0,,0,
XSS,search,5,c4f9fb5e6c1e699d,0,,0,
XSS,search,5,fd99fc4015310298,0,,0,
XSS,search,5,fd5b9c119b06f710,1,200,1,1
XSS,search,5,dd873552dfc35517,1,403,0,
XSS,search,5,7bc030d6ef8024bf,1,403,0,
XSS,search,5,4ed8dabdf6ebd198,0,,0,
XSS,search,5,27e467ae0fd7859d,0,,0,
XSS,search,5,973176d87896e111,1,403,0,
XSS,search,5,947cba17a6e80d14,1,200,1,1
XSS,search,5,6638e7ae5cc28e19,1,200,1,1
XSS,search,5,1e184d648ac3359f,1,403,0,
XSS,search,5,b58a87b63c3c1b14,1,403,0,
XSS,search,5,bedcd8ce47e057ba,0,,0,
XSS,search,5,4c45b6f6fa28898c,1,403,0,
XSS,search,5,58971084b5d604e7,0,,0,
XSS,search,5,d79728ca3fdc10a6,1,200,1,1
XSS,search,5,7a7fc009e5894add,1,200,1,1
XSS,search,5,ee27ce5095383d81,1,200,1,1
XSS,search,5,43a585b0197350e4,1,200,1,1
XSS,search,5,4aec3a3dfa5247b7,0,,0,
XSS,search,5,b285a46154ca64b2,1,200,1,1
XSS,search,5,44377464dc814645,1,200,1,1
XSS,search,5,f8320570f5f409e4,0,,0,
XSS,search,5,8da3ff9b3fff452d,1,200,1,1
XSS,search,5,c65df833409e5c21,1,200,1,1
XSS,search,5,17d43a74b0890ed0,0,,0,
XSS,search,5,32045328faba34e9,1,200,1,1
XSS,search,5,2b1f2df9ca79fa14,1,200,1,1
XSS,search,5,d731374ec3080dd9,0,,0,
XSS,search,5,25ffaa45e6b9b8cb,1,200,1,1
XSS,search,5,378342287aeae468,1,200,1,1
XSS,search,5,954da6d5fbd276f1,1,200,1,1
XSS,search,5,a4d8f5daa91f329a,1,200,1,1
XSS,search,5,f53f4108c16f5662,1,200,1,1
XSS,search,5,42f86ad9b325c06f,1,200,1,1
XSS,search,5,f9a767985e654c0e,0,,0,
XSS,search,5,6c472ede1614209f,0,,0,
XSS,search,5,d664353d2636e41c,1,200,1,1
XSS,search,5,260e5ee96b989063,1,200,1,1
XSS,search,5,4990e22deddae8ef,1,200,1,1
XSS,search,5,30362ab80f25e21e,0,,0,
XSS,search,5,b7caf3cc23b22646,1,200,1,1
XSS,search,5,b64b0e193780022a,1,200,1,1
XSS,search,5,39b90e5ab84949a0,0,,0,
XSS,search,5,a44a3ad2529e3671,0,,0,
XSS,search,5,9144a589be8befbc,0,,0,
XSS,search,5,28cc312138f79eba,0,,0,
XSS,search,5,a01e95d3abb40daa,1,200,1,1
XSS,search,5,5800b62745ee1cde,1,200,1,1
XSS,search,5,4ee9a3c5270d3fdf,0,,0,
XSS,search,5,5d4602029e32988d,0,,0,
XSS,search,5,d82bc5ef497d3085,1,200,1,1
XSS,search,5,ec57e3ca7a0f6dcf,0,,0,
XSS,search,5,235a8a3ad8071ba0,0,,0,
XSS,search,5,a08802baf7213545,0,,0,
XSS,search,5,2c2d6e92913d2d34,0,,0,
XSS,search,5,ba860e879d6205a5,0,,0,
XSS,search,5,fa031947f0c0a1e9,0,,0,
XSS,search,5,f9d7d53b29033aeb,0,,0,
XSS,search,5,02f72045c223a546,0,,0,
XSS,search,5,ccae3c8e3eebd19f,1,200,1,1
XSS,search,5,ae2e6ea055384006,0,,0,
XSS,search,5,4771a87497b6691e,0,,0,
XSS,search,5,e52b18d118183340,0,,0,
XSS,search,5,012c9c9bd879bd3d,1,403,0,
XSS,search,5,cd67abf335da56d1,1,403,0,
XSS,search,5,0e4a6eca6c2ba946,1,403,0,
XSS,search,5,0506e1d0d6333593,0,,0,
XSS,search,5,247ffd9bf0377298,1,200,1,1
XSS,search,5,8a0991cc1b4ebf63,1,200,1,1
XSS,search,5,a136643428ebe80c,1,403,0,
XSS,search,5,e4907b457bfce4f7,1,403,0,
XSS,search,5,f859724921325a1b,0,,0,
XSS,search,5,b072dced2849d085,1,403,0,
XSS,search,5,357033f02db8c2e2,1,403,0,
XSS,search,5,073a257a21b4d0d8,1,403,0,
XSS,search,5,a27e7dad434b8df5,0,,0,
XSS,search,5,abc9a58ba12fe8aa,1,200,1,1
XSS,search,5,e4edbcfc0cc37c89,1,200,1,1
XSS,search,5,178e44574a8830fc,1,200,1,1
XSS,search,5,4319f3c4e112ffe0,1,403,0,
XSS,search,5,63e538a747eadccf,0,,0,
XSS,search,5,eb22082656ba78e3,1,200,1,1
XSS,search,5,c393c8b49f525cc2,1,200,1,1
XSS,search,5,609741dded8eea8b,1,200,1,1
XSS,search,5,2c6b78bb38de0129,1,403,0,
XSS,search,5,161fb9c0bd74d873,1,200,1,1
XSS,search,5,baee01c8ed37a8a1,1,200,1,1
XSS,search,5,e07df0d7e1ef9350,0,,0,
XSS,search,5,332ac8367480d36f,0,,0,
XSS,search,5,36d88ad4d6b12e81,1,200,1,1
XSS,search,5,97a568a9961d377e,0,,0,
XSS,search,5,8eedf9346c3f68d6,0,,0,
XSS,search,5,1a79d5537a2dd749,0,,0,
XSS,search,5,d1e3364b8df4a8a0,1,200,1,1
XSS,search,5,fed22cd6c1a73fd3,1,403,0,
XSS,search,5,1c2885ad5b293d61,1,200,1,1
XSS,search,5,9e30f69e424661b7,1,200,1,1
XSS,search,5,c86c6c31ad14a9d9,1,200,1,1
XSS,search,5,79ba51838230ba3a,1,200,1,1
XSS,search,5,7d08c82ad6880d2b,1,200,1,1
XSS,search,5,84d8b48420966cde,1,403,0,
XSS,search,5,2b984c576c5c842e,1,403,0,
XSS,search,5,136d51061f2feb6a,1,200,1,1
XSS,search,5,b359151c82e859af,1,200,1,1
XSS,search,5,d9af85f64d4c7c6e,1,200,1,1
XSS,search,5,b2358a3526658679,1,200,1,1
XSS,search,5,4b56a28c2c95da53,1,200,1,1
XSS,search,5,f0826e3490397311,0,,0,
XSS,search,5,684ed9e36df2db45,1,200,1,1
XSS,search,5,4bd79cdf93123def,1,200,1,1
XSS,search,5,9d616641fbca4d7f,1,200,1,1
XSS,search,5,0295b6d275d032be,1,403,0,
XSS,search,5,20e2e525d508f85f,1,200,1,1
XSS,search,5,e8cb77bf54629ce2,1,200,1,1
XSS,search,5,3fae798f7cdc84b8,1,200,1,1
XSS,search,5,9178fe86bd084121,1,200,1,1
XSS,search,5,90dce66cdba8f9c2,1,200,1,1
XSS,search,5,d3dc6aa14ae77061,1,200,1,1
XSS,search,5,3e9cb3cf68a5c02f,1,200,1,1
XSS,search,5,340231c201271974,1,200,1,1
XSS,search,5,2b478e873e5072d2,1,200,1,1
XSS,search,5,8ac6926cce85322f,1,200,1,1
XSS,search,5,969605f4ed99001b,1,200,1,1
XSS,search,5,2d95f4fedf2766e9,1,200,1,1
XSS,search,5,ebe3f5eb56e6015e,1,200,1,1
XSS,search,5,b7324828cd77b997,1,200,1,1
XSS,search,5,b31960885094ecc8,1,200,1,1
XSS,search,5,1238412ee106a2c6,1,200,1,1
XSS,search,5,d535bed7bb28cad4,1,200,1,1
XSS,search,5,5a7ee436fe30966d,1,200,1,1
XSS,search,5,9f2312d5fd4a1d34,1,403,0,
XSS,search,5,9eeda97583672410,1,403,0,
XSS,search,5,70e82f87294eeb40,1,200,1,1
XSS,search,5,5c35e26c6bbb150f,1,200,1,1
XSS,search,5,97a01cfe42935170,1,200,1,1
XSS,search,5,8bbb29d0b093d777,1,200,1,1
XSS,search,5,5a7f33bc8bb2ddc1,1,403,0,
XSS,search,5,cef21167f7e9dbdc,1,200,1,1
XSS,search,5,fa66cd8f60900e41,0,,0,
XSS,search,5,78307df4a124c1ef,1,200,1,1
XSS,search,5,9fb2f8b553e765d9,0,,0,
XSS,search,5,21865282523621d0,1,200,1,1
XSS,search,5,f47d63350485d71e,1,200,1,1
XSS,search,5,6ced06c3d6cceea2,1,200,1,1
XSS,search,5,e64f25cc8f9d7818,1,200,1,1
XSS,search,5,a4a8ecced406d9bb,1,200,1,1
XSS,search,5,4508274a396383a0,1,200,1,1
XSS,search,5,4d840a702b99c21a,0,,0,
XSS,search,5,b3ffbbf6971e63f0,0,,0,
XSS,search,5,b0159673ab37dcda,1,200,1,1
XSS,search,5,a043eb055e8dbaf6,1,200,1,1
XSS,search,5,2a908d8790cc8e50,1,200,1,1
XSS,search,5,3b36162e67d5365a,1,200,1,1
XSS,search,5,35295157913a42ec,1,200,1,1
XSS,search,5,86f32917d605ec45,1,200,1,1
XSS,search,5,3d1bcd106ee8fe40,1,200,1,1
XSS,search,5,28f97178fe600e6e,1,200,1,1
XSS,search,5,d20c89222c731983,1,200,1,1
XSS,search,5,6b95d4e65bb92702,0,,0,
XSS,search,5,100350cd9890a0bc,1,403,0,
XSS,search,5,5d2e7d671da029c7,1,200,1,1
XSS,search,5,a868033b094fe57b,1,200,1,1
XSS,search,5,51bdb1afb25871b9,1,200,1,1
XSS,search,5,7ef40583f0afd374,1,200,1,1
XSS,search,5,14a250899e18f89d,1,200,1,1
XSS,search,5,823c2f5173ab4fad,1,200,1,1
XSS,search,5,c2d3819381bf4d09,1,200,1,1
XSS,search,5,cc388063e20c4df8,1,200,1,1
XSS,search,5,1121bed271ff4017,1,200,1,1
XSS,search,5,6f6fb00b9034db0d,1,200,1,1
XSS,search,5,88e11542f354efb5,1,200,1,1
XSS,search,5,6b34ab096406d2d8,1,200,1,1
XSS,search,5,c9a394bfe8a283ec,1,200,1,1
XSS,search,5,45ea52fd2f0b0831,1,200,1,1
XSS,search,5,bfd818b1f076dcda,1,200,1,1
XSS,search,5,c63436be8c8cdcc3,1,200,1,1
XSS,search,5,00454aee5c65291f,1,200,1,1
XSS,search,5,87bba8ea17563f10,1,200,1,1
XSS,search,5,8e9b76da64116ffb,1,200,1,1
XSS,search,5,343820a6bd17ee35,1,200,1,1
XSS,search,5,a627180fdaf9d697,1,200,1,1
XSS,search,5,5bd0381c06d7039f,1,200,1,1
XSS,search,5,4b00ff99831fa25f,1,403,0,
XSS,search,5,fdf745e6a869927c,1,200,1,1
XSS,search,5,7c8b35de7758dff2,1,200,1,1
XSS,search,5,939b04850e87a60f,1,200,1,1
XSS,search,5,d9fff7b9b39e0d4d,1,200,1,1
XSS,search,5,d410148e2399a72e,1,200,1,1
XSS,search,5,290513bcd8c658ce,1,200,1,1
XSS,search,5,5bba8b0567b632f6,1,200,1,1
XSS,search,5,93c177e1cdc63e9a,1,200,1,1
XSS,search,5,968fedd6417e9597,1,200,1,1
XSS,search,5,59353bc1c35f91fb,0,,0,
XSS,search,5,3b90884ab3c4e5ac,1,200,1,1
XSS,search,5,ef33ad440dfcc1ee,1,200,1,1
XSS,search,5,e586c7043cfd5213,1,200,1,1
XSS,search,5,6bca49d54940b6c0,1,200,1,1
XSS,search,5,d3fd0b9b837664f1,1,200,1,1
XSS,search,5,d8534b652927b1cf,1,200,1,1
XSS,search,5,d8e3d761862eb2cf,1,200,1,1
XSS,search,5,8c7afe7e8b69edf0,0,,0,
XSS,search,5,59846ae177fd1f06,1,200,1,1
XSS,search,5,5a290f1dba461fc3,1,403,0,
XSS,search,5,d95de9f8cf48ea23,1,200,1,1
XSS,search,5,4ed9e9939ee2852f,1,200,1,1
XSS,search,5,f27e1c6b80d8c83d,1,403,0,
XSS,search,5,b65fa1bac5ef856c,1,200,1,1
XSS,search,5,f3815779f81b925d,1,200,1,1
XSS,search,5,c622f234111a1f56,1,200,1,1
XSS,search,5,587015ca27112e07,1,200,1,1
XSS,search,5,1d0c39875cc8d4b0,1,403,0,
XSS,search,5,845ade6a7070ccff,1,200,1,1
XSS,search,5,af06bad3ff30827a,1,200,1,1
XSS,search,5,3888289647e20df7,1,200,1,1
XSS,search,5,bf5c83f52041f3f2,1,200,1,1
XSS,search,5,bc71c9ca92f8cd31,1,200,1,1
XSS,search,5,c843d02f556ca7f6,1,200,1,1
XSS,search,5,4259385f7859dafd,1,200,1,1
XSS,search,5,7104edf3627a209e,1,200,1,1
XSS,search,5,59be12966e5a84b2,1,200,1,1
XSS,search,5,b7ae6d5707ec6e8b,1,200,1,1
XSS,search,5,394ccc4c85237cd2,1,200,1,1
XSS,search,5,f05f7e023e7ec9e9,1,200,1,1
XSS,search,5,060639740ed94c9e,1,200,1,1
XSS,search,5,0ec8c35f724adc1a,1,200,1,1
XSS,search,5,4c4b95a603babd16,1,200,1,1
XSS,search,5,f772aca4406db9a9,1,200,1,1
XSS,search,5,50d6b33707f51cc7,1,200,1,1
XSS,search,5,cfca1fcf9dae34a8,1,200,1,1
XSS,search,5,9023c8f7ea2c862c,1,200,1,1
XSS,search,5,c8ebb48487ff2a5c,1,200,1,1
XSS,search,5,94d74bd30f03a4fa,1,200,1,1
XSS,search,5,2bc542684e9b5188,1,200,1,1
XSS,search,5,da4a9727c96214ed,1,200,1,1
XSS,search,5,91a1b54b59383694,1,403,0,
XSS,search,5,124fb0592ead995e,1,200,1,1
XSS,search,5,5f497b1b92dff53b,1,200,1,1
XSS,search,5,15ae1fbcb45d6fec,1,200,1,1
XSS,search,5,9e6f1e70cb90506c,1,200,1,1
XSS,search,5,65d1c23511061caa,1,200,1,1
XSS,search,5,bc39e0ff2995a52e,1,200,1,1
XSS,search,5,3ef081bbfdec580c,1,200,1,1
XSS,search,5,0ca39253ef570454,1,200,1,1
XSS,search,5,2bc6ccbf654e43a7,1,200,1,1
XSS,search,5,2098f2b9a105a55b,1,200,1,1
XSS,search,5,2e1e69a8f140530d,1,200,1,1
XSS,search,5,96a95d4899b57935,1,200,1,1
XSS,search,5,ec423fc23790697c,1,200,1,1
XSS,search,5,0cf929edd9f43af8,0,,0,
XSS,search,5,c3bcc0e1eb059cbd,1,200,1,1
XSS,search,5,a564d186cc0d55f8,1,200,1,1
XSS,search,5,5dd6097ba737af69,1,200,1,1
XSS,search,5,4c6d366829eab753,1,200,1,1
XSS,search,5,044f51c62120ceae,1,200,1,1
XSS,search,5,c8256f90756859ce,1,200,1,1
XSS,search,5,7e6fa3eaf1e43abd,1,200,1,1
XSS,search,5,58bb18f1d3dd1bfb,1,200,1,1
XSS,search,5,39a992936f115e03,0,,0,
XSS,search,5,8b2ba21d0c97e759,1,200,1,1
XSS,search,5,232107faa5d656e9,1,200,1,1
XSS,search,5,25d3c93f374f7300,1,200,1,1
XSS,search,5,486835723ffa4738,1,200,1,1
XSS,search,5,b5a69ae5c92c1603,1,200,1,1
XSS,search,5,af54030bd8cf97e0,1,200,1,1
XSS,search,5,f5ba6d3d83c7824a,1,200,1,1
XSS,search,5,aca7210c280bcfee,1,200,1,1
XSS,search,5,c1a4b66d098acd7e,1,200,1,1
XSS,search,5,06aa380055a2848e,1,200,1,1
XSS,search,5,bf014f439d3cd6be,1,200,1,1
XSS,search,5,2030225910cb294b,1,200,1,1
XSS,search,5,29a726e7029ed1ab,1,200,1,1
XSS,search,5,28f11d7e8edab4fd,1,200,1,1
XSS,search,5,48b9fdd14689d036,1,200,1,1
XSS,search,5,c17dd81884c99cac,1,200,1,1
XSS,search,5,4d471ed30dc0802b,1,200,1,1
XSS,search,5,cde11b96580f02c0,1,200,1,1
XSS,search,5,0b990c9c204b8865,1,200,1,1
XSS,search,5,636d0edff550c8ae,1,200,1,1
XSS,search,5,77145193f04a29d8,1,200,1,1
XSS,search,5,efb9675a38aa6612,1,200,1,1
XSS,search,5,562a8f0c03389409,1,200,1,1
XSS,search,5,7171501ec3abdfcb,1,200,1,1
XSS,search,5,86fb412a256fb993,1,200,1,1
XSS,search,5,364f60c82d3b56d6,1,200,1,1
XSS,search,5,0e2482863f5c9729,1,200,1,1
XSS,search,5,d9cc3d30dbc4430d,1,200,1,1
XSS,search,5,e92923cab240af13,1,200,1,1
XSS,search,5,c07af2bf33c40e3f,1,200,1,1
XSS,search,5,498f5c90a2df46c1,1,200,1,1
XSS,search,5,6f5309fd42e95366,1,200,1,1
XSS,search,5,87ee0f71b7bd354b,1,200,1,1
XSS,search,5,ad043c6e153e574f,1,200,1,1
XSS,search,5,145e015c63e5ca6c,1,200,1,1
XSS,search,5,857d7a11266f38e0,1,200,1,1
XSS,search,5,984d166fa7b03ea0,1,200,1,1
XSS,search,5,474d8bf29ba31a42,1,200,1,1
XSS,search,5,7bba979cfb69037c,1,200,1,1
XSS,search,5,63b2ef2694d135ab,1,200,1,1
XSS,search,5,12e14cf6793d1670,1,200,1,1
XSS,search,5,529560cf7fe6b2d5,1,200,1,1
XSS,search,5,5e7408ec0bcf7c55,1,200,1,1
XSS,search,5,f700f3ccc3cf13cd,1,200,1,1
XSS,search,5,7578391010ae6faf,1,200,1,1
XSS,search,5,0751e3af6760fdc6,1,200,1,1
XSS,search,5,ec186c9b8ec3498d,1,200,1,1
XSS,search,5,f8f44aee999f17ee,1,200,1,1
XSS,search,5,ec2760388f606287,0,,0,
XSS,search,5,68054db1126f8ace,1,200,1,1
XSS,search,5,8a362860a78d8130,0,,0,
XSS,search,5,094af4b5ada60b5f,1,200,1,1
XSS,search,5,af51a65ef6ac746f,1,200,1,1
XSS,search,5,689be0716412c94a,1,200,1,1
XSS,search,5,91b5cbd8e4eed4d8,1,200,1,1
XSS,search,5,06567fc05b001a82,1,200,1,1
XSS,search,5,7bd6550a90c4d478,1,200,1,1
XSS,search,5,83bb73ce867eba8b,1,200,1,1
XSS,search,5,c64e0fa9d61adac2,1,200,1,1
XSS,search,5,7345828f3b8f835d,1,200,1,1
XSS,search,5,4b93be854da91c6c,1,200,1,1
XSS,search,5,4fdf018408901e09,1,200,1,1
XSS,search,5,79bd58b1cfdd90dc,1,200,1,1
XSS,search,5,1a5c7653139c2088,1,200,1,1
XSS,search,5,30ba22901486e348,1,200,1,1
XSS,search,5,ad1be7ec4e67c5e4,1,200,1,1
XSS,search,5,b52157d3d28b0bf8,1,200,1,1
XSS,search,5,661b400c7e6e692d,1,200,1,1
XSS,search,5,31184f569735fbe6,1,200,1,1
XSS,search,5,9bc0c3bd8ede70dc,1,200,1,1
XSS,search,5,40dc7b422dc65c69,1,200,1,1
XSS,search,5,df03af19e19da3bb,1,200,1,1
XSS,search,5,d6a98add516ac43f,1,200,1,1
XSS,search,5,78c0598b8ad6cac7,1,200,1,1
XSS,search,5,897df49955aaba4e,1,200,1,1
XSS,search,5,007b7eb86f3e29ef,1,200,1,1
XSS,search,5,ac2244c7bfda3dcb,1,200,1,1
XSS,search,5,bd489ba6f5179c2a,1,200,1,1
XSS,search,5,0c71a1a23ec143bc,1,200,1,1
XSS,search,5,e658400c77eec3ce,1,200,1,1
XSS,search,5,4786e25329b2ecb6,1,200,1,1
XSS,search,5,9e8af2217887b482,1,200,1,1
XSS,search,5,3f80955eb432fcd2,1,200,1,1
XSS,search,5,eb6c19fe11a15408,1,200,1,1
XSS,search,5,b4a33aa6c5f01fc7,1,200,1,1
XSS,search,5,3eb8b1b575eb9bb7,1,200,1,1
XSS,search,5,2d3afb58d828796b,1,200,1,1
XSS,search,5,1f32124afd006fbe,1,200,1,1
XSS,search,5,2061357fe546f4d5,1,200,1,1
XSS,search,5,a9133db60657698b,1,200,1,1
XSS,search,5,fe9d4915bb93db9b,1,200,1,1
XSS,search,5,78a44729f95a76e4,1,200,1,1
XSS,search,5,7e0d70f53024aff1,1,200,1,1
XSS,search,5,69a34603f1dfaaa2,1,200,1,1
XSS,search,5,c0a7d9ae2dc5df85,1,200,1,1
XSS,search,5,d14889f007369444,1,200,1,1
XSS,search,5,4076eb6f83985051,1,200,1,1
XSS,search,5,07f4b47b67cb3d3e,1,200,1,1
XSS,search,5,69187aaf4eee586e,1,200,1,1
XSS,search,5,d94fdcfdcdf7a33d,1,200,1,1
XSS,search,5,31470305f1355a5c,1,200,1,1
XSS,search,5,102189f569324082,1,200,1,1
XSS,search,5,cd5ae0af8e89b480,1,200,1,1
XSS,search,5,318ee1a4dc95dcc3,1,200,1,1
XSS,search,5,b5bb1e0a51b97359,1,200,1,1
