target,page,technique,cg_seed,attack_seed,attack_idx,payload_sha1,waf_status,exploit_through_waf
customxss,calc,CG-Adaptive,1,1,8,ed94ca6dd303f48a,200,1
customxss,calc,CG-Adaptive,1,1,11,4c6dc14d398718e3,200,1
customxss,calc,CG-Adaptive,1,1,17,8e01ea43378f9f03,200,1
customxss,calc,CG-Adaptive,1,1,20,f34db0788e82969a,200,1
customxss,calc,CG-Adaptive,1,1,24,03186c78e3cbacf6,200,1
customxss,calc,CG-Adaptive,1,1,37,b9e589366012aa9d,200,1
customxss,calc,CG-Adaptive,1,1,46,750f6f9c18f24fc4,200,1
customxss,calc,CG-Adaptive,1,1,58,e2078c71d14e7534,200,1
customxss,calc,CG-Adaptive,1,1,70,aab57dbc275f545f,200,1
customxss,calc,CG-Adaptive,1,1,71,52103100a2e2746f,200,1
customxss,calc,CG-Adaptive,1,1,76,d8ca7c735f141302,200,1
customxss,calc,CG-Adaptive,1,1,80,1d42a9e4c9cdae09,200,1
customxss,calc,CG-Adaptive,1,1,83,b04b37b86fd7c5bb,200,1
customxss,calc,CG-Adaptive,1,1,89,ea6299d70721910d,200,1
customxss,calc,CG-Adaptive,1,1,90,5294b2a45b0d53c0,200,1
customxss,calc,CG-Adaptive,1,1,104,17741023504ef272,200,1
customxss,calc,CG-Adaptive,1,1,108,41b8e3f067779de9,200,1
customxss,calc,CG-Adaptive,1,1,109,aa90c7e3850d353c,200,1
customxss,calc,CG-Adaptive,1,1,116,2cd995b9b6c09a82,200,1
customxss,calc,CG-Adaptive,1,1,121,6a2a4731e39b065a,200,1
customxss,calc,CG-Adaptive,1,1,122,39ee08edfd4f0e79,200,1
customxss,calc,CG-Adaptive,1,1,123,49621ebc264fd810,200,1
customxss,calc,CG-Adaptive,1,1,130,d41017ce1bfc3c83,200,1
customxss,calc,CG-Adaptive,1,1,132,ff03ca4c7c571b27,200,1
customxss,calc,CG-Adaptive,1,1,139,0653bfc5d17b8aef,200,1
customxss,calc,CG-Adaptive,1,1,143,5ce86e8addfc5223,200,1
customxss,calc,CG-Adaptive,1,1,145,9e6b2620647dfd51,200,1
customxss,calc,CG-Adaptive,1,1,146,24782e4e90154e6d,200,1
customxss,calc,CG-Adaptive,1,1,149,1280c6153d597bf2,200,1
customxss,calc,CG-Adaptive,1,1,151,52ae80f74cad605f,200,1
customxss,calc,CG-Adaptive,1,1,153,c56c7ea94ad35612,200,1
customxss,calc,CG-Adaptive,1,1,157,dcbbddf2116108fe,200,1
customxss,calc,CG-Adaptive,1,1,159,bd76b54dafa4692f,200,1
customxss,calc,CG-Adaptive,1,1,162,dfef5e188197fd8b,200,1
customxss,calc,CG-Adaptive,1,1,164,cb3280bf68fee7f5,200,1
customxss,calc,CG-Adaptive,1,1,165,6467ff619a55ddcc,200,1
customxss,calc,CG-Adaptive,1,1,167,1ee361158bfccb8e,200,1
customxss,calc,CG-Adaptive,1,1,174,ac5d5d5b4db01448,200,1
customxss,calc,CG-Adaptive,1,1,177,55d6fd6bd865cb26,200,1
customxss,calc,CG-Adaptive,1,1,184,32bd7071f055bc2a,200,1
customxss,calc,CG-Adaptive,1,1,187,ca403a451e1bf90a,200,1
customxss,calc,CG-Adaptive,1,1,191,a29337d63c7f1a64,200,1
customxss,calc,CG-Adaptive,1,1,196,47f04ff797b6402d,200,1
customxss,calc,CG-Adaptive,1,1,199,d0b9eef596b8d9f6,200,1
customxss,calc,CG-Adaptive,1,1,201,53105c7293970227,200,1
customxss,calc,CG-Adaptive,1,1,203,68acfe1072134eb7,200,1
customxss,calc,CG-Adaptive,1,1,209,82a7b51b1a9040c7,200,1
customxss,calc,CG-Adaptive,1,1,213,2ed99c63c5a6dd14,200,1
customxss,calc,CG-Adaptive,1,1,214,0a43bd785f5a64ba,200,1
customxss,calc,CG-Adaptive,1,1,218,47c50cca1b7a67f6,200,1
customxss,calc,CG-Adaptive,1,1,220,e761443750da7d57,200,1
customxss,calc,CG-Adaptive,1,1,226,8699fcd852b53027,200,1
customxss,calc,CG-Adaptive,1,1,228,60ecd44b3ec6ebd2,200,1
customxss,calc,CG-Adaptive,1,1,230,2e5e293d8c8bd0bc,200,1
customxss,calc,CG-Adaptive,1,1,231,8a8663ed4e5496a5,200,1
customxss,calc,CG-Adaptive,1,1,236,d2fd271530a420c6,200,1
customxss,calc,CG-Adaptive,1,1,245,f4a94db5d00fd4ad,200,1
customxss,calc,CG-Adaptive,1,1,246,055855fd551f11a3,200,1
customxss,calc,CG-Adaptive,1,1,252,da8940db383b8481,200,1
customxss,calc,CG-Adaptive,1,1,257,99b0a68346df5272,200,1
customxss,calc,CG-Adaptive,1,1,259,0d0139c94710288e,200,1
customxss,calc,CG-Adaptive,1,1,261,3f618330fff2b64a,200,1
customxss,calc,CG-Adaptive,1,1,271,42aeeabc74380810,200,1
customxss,calc,CG-Adaptive,1,1,273,e259c73a34a5b950,200,1
customxss,calc,CG-Adaptive,1,1,276,1386236f00e0cfdd,200,1
customxss,calc,CG-Adaptive,1,1,278,d04224eb5b0f7647,200,1
customxss,calc,CG-Adaptive,1,1,282,2d2f74d378f0501f,200,1
customxss,calc,CG-Adaptive,1,1,287,1ca5ef69a7ae9acd,200,1
customxss,calc,CG-Adaptive,1,1,288,d05f572e8a3bd435,200,1
customxss,calc,CG-Adaptive,1,1,290,7f3e36981ec46367,200,1
customxss,calc,CG-Adaptive,1,1,293,611afb3628c088d7,200,1
customxss,calc,CG-Adaptive,1,1,294,eb112efca3d2ab3b,200,1
customxss,calc,CG-Adaptive,1,1,303,2ee2d054d64421d1,200,1
customxss,calc,CG-Adaptive,1,1,306,90f920c2283584f4,200,1
customxss,calc,CG-Adaptive,1,1,308,368a2bb1149cd63b,200,1
customxss,calc,CG-Adaptive,1,1,316,bc00a2a8f44a7090,200,1
customxss,calc,CG-Adaptive,1,1,318,47ef80efdca063a4,200,1
customxss,calc,CG-Adaptive,1,1,320,1ea0923dcdfe7e98,200,1
customxss,calc,CG-Adaptive,1,1,323,fb24f4e4344d72f4,200,1
customxss,calc,CG-Adaptive,1,1,325,ff495fefaf40750d,200,1
customxss,calc,CG-Adaptive,1,1,335,ce3fba0528b275af,200,1
customxss,calc,CG-Adaptive,1,1,337,1965c925c040abfc,200,1
customxss,calc,CG-Adaptive,1,1,339,0629b1520c0a7882,200,1
customxss,calc,CG-Adaptive,1,1,341,bff753ba8e786b2b,200,1
customxss,calc,CG-Adaptive,1,1,349,4df6b5a00d42f2ca,200,1
customxss,calc,CG-Adaptive,1,1,351,cecf86b02da59b68,200,1
customxss,calc,CG-Adaptive,1,1,353,c0940c90d7efe548,200,1
customxss,calc,CG-Adaptive,1,1,355,b23ac1eb0266f8ab,200,1
customxss,calc,CG-Adaptive,1,1,357,3deb0eaf6e229dcf,200,1
customxss,calc,CG-Adaptive,1,1,361,8404fb4ee3756d58,200,1
customxss,calc,CG-Adaptive,1,1,363,1ba69cd834860c93,200,1
customxss,calc,CG-Adaptive,1,1,365,97f4bb44b883eb5f,200,1
customxss,calc,CG-Adaptive,1,1,367,5d7cdce9f9d197ac,200,1
customxss,calc,CG-Adaptive,1,1,370,de50f505c227c0a9,200,1
customxss,calc,CG-Adaptive,1,1,372,e5e3630d9c09d5da,200,1
customxss,calc,CG-Adaptive,1,1,374,d3edf386f5ce0dd9,200,1
customxss,calc,CG-Adaptive,1,1,382,d4bf952d67aa50dd,200,1
customxss,calc,CG-Adaptive,1,1,384,2364ac90139fd3cb,200,1
customxss,calc,CG-Adaptive,1,1,387,3b7183f9b3a82e6d,200,1
customxss,calc,CG-Adaptive,1,1,389,6ab7fea38bd0a812,200,1
customxss,calc,CG-Adaptive,1,1,398,a4ec8332afa11b1e,200,1
customxss,calc,CG-Adaptive,1,1,400,b54be4acc824fff2,200,1
customxss,calc,CG-Adaptive,1,4,2,410765be28a69402,200,1
customxss,calc,CG-Adaptive,1,4,8,f2db2b97c700e92f,200,1
customxss,calc,CG-Adaptive,1,4,17,03bf8354b8431345,200,1
customxss,calc,CG-Adaptive,1,4,20,1d0b24949e35f3e6,200,1
customxss,calc,CG-Adaptive,1,4,26,bdc0f7c86653aabd,200,1
customxss,calc,CG-Adaptive,1,4,38,7d5e35c050b4c44d,200,1
customxss,calc,CG-Adaptive,1,4,43,dfc648b7d42ac7f1,200,1
customxss,calc,CG-Adaptive,1,4,46,0c7c88be8ee8f86c,200,1
customxss,calc,CG-Adaptive,1,4,53,bcaef75070431fe4,200,1
customxss,calc,CG-Adaptive,1,4,59,c8fa3c7b8e41f424,200,1
customxss,calc,CG-Adaptive,1,4,68,04d45a67bfcea845,200,1
customxss,calc,CG-Adaptive,1,4,72,00c85131401a7fc3,200,1
customxss,calc,CG-Adaptive,1,4,88,bf7af6023cd626b0,200,1
customxss,calc,CG-Adaptive,1,4,98,573315647909159e,200,1
customxss,calc,CG-Adaptive,1,4,129,fd30128ad3d8d41c,200,1
customxss,calc,CG-Adaptive,1,4,205,442e32810bdc1ca9,200,1
customxss,calc,CG-Adaptive,1,4,232,309c6de7da0e5588,200,1
customxss,calc,CG-Adaptive,1,4,260,49f3d43e881a296a,200,1
customxss,calc,CG-Adaptive,1,4,298,c9bc2de4d3b56d5a,200,1
customxss,calc,CG-Adaptive,1,4,322,3bf01fd9afee16bc,200,1
customxss,calc,CG-Adaptive,1,4,345,8d293096b9024c43,200,1
customxss,calc,CG-Adaptive,1,4,361,f52b811ada27adc1,200,1
customxss,calc,CG-Adaptive,1,2,6,65af06630beb571a,200,1
customxss,calc,CG-Adaptive,1,2,13,54a11dc88f5b5ead,200,1
customxss,calc,CG-Adaptive,1,2,18,a0eb636978c99da9,200,1
customxss,calc,CG-Adaptive,1,2,19,47165199d039c3a2,200,1
customxss,calc,CG-Adaptive,1,2,26,72247dd0f2e1b478,200,1
customxss,calc,CG-Adaptive,1,2,43,5e0feb815d05d05a,200,1
customxss,calc,CG-Adaptive,1,2,46,2b0f9187b1fc76eb,200,1
customxss,calc,CG-Adaptive,1,2,50,34120551361c3c37,200,1
customxss,calc,CG-Adaptive,1,2,57,455f72f0aa8a4ee0,200,1
customxss,calc,CG-Adaptive,1,2,61,7a62e11c390e1e29,200,1
customxss,calc,CG-Adaptive,1,2,71,818308132623dfcc,200,1
customxss,calc,CG-Adaptive,1,2,72,20fed3180ffe5387,200,1
customxss,calc,CG-Adaptive,1,2,83,3bd5d92791ddc1fb,200,1
customxss,calc,CG-Adaptive,1,2,86,b43ddbfd36df49de,200,1
customxss,calc,CG-Adaptive,1,2,91,9aa01bebea6422ec,200,1
customxss,calc,CG-Adaptive,1,2,92,9f5e57f1959893d2,200,1
customxss,calc,CG-Adaptive,1,2,99,30152e839af1da82,200,1
customxss,calc,CG-Adaptive,1,2,105,bc836c1d51d29a30,200,1
customxss,calc,CG-Adaptive,1,2,107,51b74203d55c2c86,200,1
customxss,calc,CG-Adaptive,1,2,118,31c57db2e4254189,200,1
customxss,calc,CG-Adaptive,1,2,121,095e1e60680aa519,200,1
customxss,calc,CG-Adaptive,1,2,124,01b05cc8f121abc6,200,1
customxss,calc,CG-Adaptive,1,2,126,f0e46dbbb99b1048,200,1
customxss,calc,CG-Adaptive,1,2,135,f480ff65da77bce5,200,1
customxss,calc,CG-Adaptive,1,2,137,ae8ac2cc139264ed,200,1
customxss,calc,CG-Adaptive,1,2,139,9ac8c0431cbbc30b,200,1
customxss,calc,CG-Adaptive,1,2,142,058fff98e85693b8,200,1
customxss,calc,CG-Adaptive,1,2,146,4286f3bf80681589,200,1
customxss,calc,CG-Adaptive,1,2,151,10e787e3227c7a09,200,1
customxss,calc,CG-Adaptive,1,2,153,3414bc4403bb0606,200,1
customxss,calc,CG-Adaptive,1,2,157,1841d26e9675ad67,200,1
customxss,calc,CG-Adaptive,1,2,158,50f2e34869613f24,200,1
customxss,calc,CG-Adaptive,1,2,160,92e8de87ed627161,200,1
customxss,calc,CG-Adaptive,1,2,161,f85201579b0a7b64,200,1
customxss,calc,CG-Adaptive,1,2,163,431e275ec34c8e60,200,1
customxss,calc,CG-Adaptive,1,2,168,140f86cea10f7dcf,200,1
customxss,calc,CG-Adaptive,1,2,172,84dedde85a121a7f,200,1
customxss,calc,CG-Adaptive,1,2,177,bac7ef046cb76f90,200,1
customxss,calc,CG-Adaptive,1,2,180,7a449b9a8377d740,200,1
customxss,calc,CG-Adaptive,1,2,185,17f5538da602e499,200,1
customxss,calc,CG-Adaptive,1,2,187,9aa9dcef8c5dca8f,200,1
customxss,calc,CG-Adaptive,1,2,189,6c1bc36b3236c63d,200,1
customxss,calc,CG-Adaptive,1,2,196,e49b0ea6a4e38fa0,200,1
customxss,calc,CG-Adaptive,1,2,197,952cb36589ea76f6,200,1
customxss,calc,CG-Adaptive,1,2,198,22c5a96d82419484,200,1
customxss,calc,CG-Adaptive,1,2,200,e0dd999204ea64bb,200,1
customxss,calc,CG-Adaptive,1,2,202,273e4ac6ca292699,200,1
customxss,calc,CG-Adaptive,1,2,206,bc7cf6e4ffbcfc75,200,1
customxss,calc,CG-Adaptive,1,2,211,4805974840a28cf3,200,1
customxss,calc,CG-Adaptive,1,2,219,e132a7f76a95644d,200,1
customxss,calc,CG-Adaptive,1,2,226,2a357b628688e42b,200,1
customxss,calc,CG-Adaptive,1,2,228,8d40030b98999f97,200,1
customxss,calc,CG-Adaptive,1,2,235,84abb2ca4971e9e2,200,1
customxss,calc,CG-Adaptive,1,2,236,f694ff0c25937b8b,200,1
customxss,calc,CG-Adaptive,1,2,238,65161283c2f17efd,200,1
customxss,calc,CG-Adaptive,1,2,240,8dc1a6fa1a2b8775,200,1
customxss,calc,CG-Adaptive,1,2,242,8d261062e7f76b7e,200,1
customxss,calc,CG-Adaptive,1,2,245,bc4ff8fd04c4cd41,200,1
customxss,calc,CG-Adaptive,1,2,247,dd545ac1f984dcc3,200,1
customxss,calc,CG-Adaptive,1,2,249,3bf2c90432cbf817,200,1
customxss,calc,CG-Adaptive,1,2,252,821fca95e1dfcb99,200,1
customxss,calc,CG-Adaptive,1,2,253,09449b52854539b7,200,1
customxss,calc,CG-Adaptive,1,2,257,2de7f981cf5533ee,200,1
customxss,calc,CG-Adaptive,1,2,258,5d0191e2a5269ce1,200,1
customxss,calc,CG-Adaptive,1,2,259,4d781ab8960c176d,200,1
customxss,calc,CG-Adaptive,1,2,262,37f5ab2c9f1868c8,200,1
customxss,calc,CG-Adaptive,1,2,264,2e19785c0af3b330,200,1
customxss,calc,CG-Adaptive,1,2,266,5edf57957ba6600f,200,1
customxss,calc,CG-Adaptive,1,2,268,77ec44589e154d99,200,1
customxss,calc,CG-Adaptive,1,2,272,77ba5a882aad1d49,200,1
customxss,calc,CG-Adaptive,1,2,275,5b34b479903ea807,200,1
customxss,calc,CG-Adaptive,1,2,276,9c27809cd894f70f,200,1
customxss,calc,CG-Adaptive,1,2,277,8ca685789f3f6ef2,200,1
customxss,calc,CG-Adaptive,1,2,279,ad4d81c633330699,200,1
customxss,calc,CG-Adaptive,1,2,282,f650ff476b0ab998,200,1
customxss,calc,CG-Adaptive,1,2,283,de5ed9b3bc104c57,200,1
customxss,calc,CG-Adaptive,1,2,284,986660fd44e1006a,200,1
customxss,calc,CG-Adaptive,1,2,286,117687fb709b3fca,200,1
customxss,calc,CG-Adaptive,1,2,290,bff14ec5a6490300,200,1
customxss,calc,CG-Adaptive,1,2,291,f669e7c07730bfcb,200,1
customxss,calc,CG-Adaptive,1,2,293,f3a9ddcb2f768746,200,1
customxss,calc,CG-Adaptive,1,2,294,5878bbaf85ba9b99,200,1
customxss,calc,CG-Adaptive,1,2,298,e2c7a0791390aa08,200,1
customxss,calc,CG-Adaptive,1,2,299,5e42cdb5983b11ba,200,1
customxss,calc,CG-Adaptive,1,2,301,3b425eb178e911b4,200,1
customxss,calc,CG-Adaptive,1,2,302,33575a9fc9487edb,200,1
customxss,calc,CG-Adaptive,1,2,305,d7f3218596c0d7ac,200,1
customxss,calc,CG-Adaptive,1,2,309,e1a6fd8c21a2fed4,200,1
customxss,calc,CG-Adaptive,1,2,311,584241c9c94e0b3e,200,1
customxss,calc,CG-Adaptive,1,2,312,7063683aa4518319,200,1
customxss,calc,CG-Adaptive,1,2,313,a2a0dce9057f7725,200,1
customxss,calc,CG-Adaptive,1,2,314,7b352319b329b323,200,1
customxss,calc,CG-Adaptive,1,2,315,701d50742803c951,200,1
customxss,calc,CG-Adaptive,1,2,316,29a04287dcc917bb,200,1
customxss,calc,CG-Adaptive,1,2,318,e3c23dd04ecdc5da,200,1
customxss,calc,CG-Adaptive,1,2,319,8f594f4c03432a86,200,1
customxss,calc,CG-Adaptive,1,2,322,6b2f9134e5c2cbcb,200,1
customxss,calc,CG-Adaptive,1,2,323,850d9c195585c3f8,200,1
customxss,calc,CG-Adaptive,1,2,325,000ec97679cf5e63,200,1
customxss,calc,CG-Adaptive,1,2,327,fa96d9609078548e,200,1
customxss,calc,CG-Adaptive,1,2,328,7186438856d43fa4,200,1
customxss,calc,CG-Adaptive,1,2,331,f55419d5f73f43db,200,1
customxss,calc,CG-Adaptive,1,2,332,970e910a9bcc125b,200,1
customxss,calc,CG-Adaptive,1,2,333,e4ee9f87f690ef22,200,1
customxss,calc,CG-Adaptive,1,2,334,03d7ae86de072899,200,1
customxss,calc,CG-Adaptive,1,2,335,722290efbbd98b77,200,1
customxss,calc,CG-Adaptive,1,2,336,2de2f2c64a93236c,200,1
customxss,calc,CG-Adaptive,1,2,337,9d54f2fb2a6498d5,200,1
customxss,calc,CG-Adaptive,1,2,338,ed44c337988c3136,200,1
customxss,calc,CG-Adaptive,1,2,339,ee8bb011cba6b731,200,1
customxss,calc,CG-Adaptive,1,2,340,c94d17e3d5ecc262,200,1
customxss,calc,CG-Adaptive,1,2,341,5aa3c8eabce8c955,200,1
customxss,calc,CG-Adaptive,1,2,343,76783c753b8672ad,200,1
customxss,calc,CG-Adaptive,1,5,2,df684a7532b0efe5,200,1
customxss,calc,CG-Adaptive,1,5,30,cad087367ac4e574,200,1
customxss,calc,CG-Adaptive,1,5,36,7a951c93f57c75c2,200,1
customxss,calc,CG-Adaptive,1,5,48,84db4b23aa29951c,200,1
customxss,calc,CG-Adaptive,1,5,52,200a6d3cf8758ba8,200,1
customxss,calc,CG-Adaptive,1,5,83,a493109c440e6552,200,1
customxss,calc,CG-Adaptive,1,5,103,4b1b38355309cfd5,200,1
customxss,calc,CG-Adaptive,1,5,107,18204fa8fe2d8ed6,200,1
customxss,calc,CG-Adaptive,1,5,116,19447f48d4435656,200,1
customxss,calc,CG-Adaptive,1,5,119,61a62f497d01075c,200,1
customxss,calc,CG-Adaptive,1,5,130,889aebafe9e81d47,200,1
customxss,calc,CG-Adaptive,1,5,132,ea90478b172bd55d,200,1
customxss,calc,CG-Adaptive,1,5,142,a1f852a271cf8016,200,1
customxss,calc,CG-Adaptive,1,5,146,e4aa40532cdb6ea9,200,1
customxss,calc,CG-Adaptive,1,5,182,1ffb0c431682d20c,200,1
customxss,calc,CG-Adaptive,1,5,184,d2b5650b4d669ddb,200,1
customxss,calc,CG-Adaptive,1,5,190,27aa2c6aa55561af,200,1
customxss,calc,CG-Adaptive,1,5,194,76b973b87812f7c0,200,1
customxss,calc,CG-Adaptive,1,5,199,90335d36fe0561f7,200,1
customxss,calc,CG-Adaptive,1,5,214,565177d6e5180a72,200,1
customxss,calc,CG-Adaptive,1,5,229,6f9b18fd61a5f065,200,1
customxss,calc,CG-Adaptive,1,5,231,6ab8eb25cf01f336,200,1
customxss,calc,CG-Adaptive,1,5,236,68fd0bbd02db22a7,200,1
customxss,calc,CG-Adaptive,1,5,256,51eadb02da458ef8,200,1
customxss,calc,CG-Adaptive,1,5,276,30b2b9f7b0e6de7e,200,1
customxss,calc,CG-Adaptive,1,5,288,9244186fcb3edf4c,200,1
customxss,calc,CG-Adaptive,1,5,300,6b2e932b13f0f46a,200,1
customxss,calc,CG-Adaptive,1,5,314,02e0a378211bc5e5,200,1
customxss,calc,CG-Adaptive,1,5,326,a24887c87a6e9a31,200,1
customxss,calc,CG-Adaptive,1,5,334,83711cef56563785,200,1
customxss,calc,CG-Adaptive,1,5,343,bec4e185509a3b3a,200,1
customxss,calc,CG-Adaptive,1,5,364,19ea60a3d4ba4d57,200,1
customxss,calc,CG-Adaptive,1,3,21,302183ba72a71fb6,200,1
customxss,calc,CG-Adaptive,1,3,32,bd86d5df101406dd,200,1
customxss,calc,CG-Adaptive,1,3,34,ea02d9d98fa34f99,200,1
customxss,calc,CG-Adaptive,1,3,47,daf8ec49fc10a61b,200,1
customxss,calc,CG-Adaptive,1,3,53,c17dd0043abc35f4,200,1
customxss,calc,CG-Adaptive,1,3,54,c190f5ec30729053,200,1
customxss,calc,CG-Adaptive,1,3,62,47939d50dc31f3bf,200,1
customxss,calc,CG-Adaptive,1,3,65,ce72999ab9e1a04b,200,1
customxss,calc,CG-Adaptive,1,3,74,37ab92fcda06030c,200,1
customxss,calc,CG-Adaptive,1,3,83,321c236573729028,200,1
customxss,calc,CG-Adaptive,1,3,92,1c0dedcef5ce97a1,200,1
customxss,calc,CG-Adaptive,1,3,95,52eef4772d4591c2,200,1
customxss,calc,CG-Adaptive,1,3,107,fdbcdc3e28a308fe,200,1
customxss,calc,CG-Adaptive,1,3,108,cbe5dc7fe95b9093,200,1
customxss,calc,CG-Adaptive,1,3,122,00430a0a5ad3a095,200,1
customxss,calc,CG-Adaptive,1,3,127,a160b682f7c179b4,200,1
customxss,calc,CG-Adaptive,1,3,129,37301661a5fb6a90,200,1
customxss,calc,CG-Adaptive,1,3,132,1044f4506ec2d4a6,200,1
customxss,calc,CG-Adaptive,1,3,146,5db95edad24a4fb0,200,1
customxss,calc,CG-Adaptive,1,3,147,e4c4b4ee0aced651,200,1
customxss,calc,CG-Adaptive,1,3,149,3e1821432cfad429,200,1
customxss,calc,CG-Adaptive,1,3,156,5959b3a5b4505f31,200,1
customxss,calc,CG-Adaptive,1,3,160,daf3c8811746c6ef,200,1
customxss,calc,CG-Adaptive,1,3,166,b0e7b7af3e052f0b,200,1
customxss,calc,CG-Adaptive,1,3,171,3e7005b8677148ec,200,1
customxss,calc,CG-Adaptive,1,3,178,6b3405337593541d,200,1
customxss,calc,CG-Adaptive,1,3,180,7f9295bd8af61bca,200,1
customxss,calc,CG-Adaptive,1,3,182,e9445c1cc5a3d27d,200,1
customxss,calc,CG-Adaptive,1,3,184,eea6f740c844c3fb,200,1
customxss,calc,CG-Adaptive,1,3,187,e4bde5e59b933515,200,1
customxss,calc,CG-Adaptive,1,3,189,400cd8c9b82c7de6,200,1
customxss,calc,CG-Adaptive,1,3,193,b36d0aaea7345cf3,200,1
customxss,calc,CG-Adaptive,1,3,196,a11958a7994a69e6,200,1
customxss,calc,CG-Adaptive,1,3,203,3869855ff4d95655,200,1
customxss,calc,CG-Adaptive,1,3,208,9e5827f7fc5015d6,200,1
customxss,calc,CG-Adaptive,1,3,209,082a45f8a35882fa,200,1
customxss,calc,CG-Adaptive,1,3,213,1ee39238bfe7dc1c,200,1
customxss,calc,CG-Adaptive,1,3,215,38d027d5c0b246f5,200,1
customxss,calc,CG-Adaptive,1,3,224,e2ba4eb354ad7e99,200,1
customxss,calc,CG-Adaptive,1,3,232,daf2f90d6cf21dee,200,1
customxss,calc,CG-Adaptive,1,3,239,410203b1688e87dc,200,1
customxss,calc,CG-Adaptive,1,3,240,eb4807c3a1dc804d,200,1
customxss,calc,CG-Adaptive,1,3,243,5427450c528205ca,200,1
customxss,calc,CG-Adaptive,1,3,246,edead16ef1c9728a,200,1
customxss,calc,CG-Adaptive,1,3,255,348a6d847a3d8d18,200,1
customxss,calc,CG-Adaptive,1,3,260,183fd0e8d5edc4df,200,1
customxss,calc,CG-Adaptive,1,3,267,126c9966182eeb5f,200,1
customxss,calc,CG-Adaptive,1,3,270,f2d8e6fe72dd4421,200,1
customxss,calc,CG-Adaptive,1,3,274,87b4a1dc5a9daf52,200,1
customxss,calc,CG-Adaptive,1,3,279,7f21040552b83836,200,1
customxss,calc,CG-Adaptive,1,3,282,69712560b1a8b54d,200,1
customxss,calc,CG-Adaptive,1,3,283,19435dba3164a7a6,200,1
customxss,calc,CG-Adaptive,1,3,289,60b19af2abb816b4,200,1
customxss,calc,CG-Adaptive,1,3,296,88bc2847da4388f1,200,1
customxss,calc,CG-Adaptive,1,3,298,ac8f1b89faeaf7d7,200,1
customxss,calc,CG-Adaptive,1,3,301,ad5bad0c4c396dfb,200,1
customxss,calc,CG-Adaptive,1,3,305,62b1629fa9d914ae,200,1
customxss,calc,CG-Adaptive,1,3,313,4379f92cf02f1396,200,1
customxss,calc,CG-Adaptive,1,3,315,d69dcca896c5549f,200,1
customxss,calc,CG-Adaptive,1,3,320,3680311d13ebda51,200,1
customxss,calc,CG-Adaptive,1,3,322,5e56fc069dd6b630,200,1
customxss,calc,CG-Adaptive,1,3,327,36c0a79e6c71f586,200,1
customxss,calc,CG-Adaptive,1,3,329,75bc0e4d4b890ce4,200,1
customxss,calc,CG-Adaptive,1,3,331,a63eef66d1a01ebb,200,1
customxss,calc,CG-Adaptive,1,3,334,4f714fa1da952308,200,1
customxss,calc,CG-Adaptive,1,3,342,aefc52e9b92b74d0,200,1
customxss,calc,CG-Adaptive,1,3,344,585144e8867a7de2,200,1
customxss,calc,CG-Adaptive,1,3,347,2f584d2ef726cfd3,200,1
customxss,calc,CG-Adaptive,10,1,17,8e01ea43378f9f03,200,1
customxss,calc,CG-Adaptive,10,1,24,03186c78e3cbacf6,200,1
customxss,calc,CG-Adaptive,10,1,58,e2078c71d14e7534,200,1
customxss,calc,CG-Adaptive,10,1,90,5294b2a45b0d53c0,200,1
customxss,calc,CG-Adaptive,10,1,109,aa90c7e3850d353c,200,1
customxss,calc,CG-Adaptive,10,1,122,39ee08edfd4f0e79,200,1
customxss,calc,CG-Adaptive,10,1,146,24782e4e90154e6d,200,1
customxss,calc,CG-Adaptive,10,1,164,cb3280bf68fee7f5,200,1
customxss,calc,CG-Adaptive,10,1,199,d0b9eef596b8d9f6,200,1
customxss,calc,CG-Adaptive,10,1,209,82a7b51b1a9040c7,200,1
customxss,calc,CG-Adaptive,10,1,228,60ecd44b3ec6ebd2,200,1
customxss,calc,CG-Adaptive,10,1,257,99b0a68346df5272,200,1
customxss,calc,CG-Adaptive,10,1,259,0d0139c94710288e,200,1
customxss,calc,CG-Adaptive,10,1,282,2d2f74d378f0501f,200,1
customxss,calc,CG-Adaptive,10,1,290,7f3e36981ec46367,200,1
customxss,calc,CG-Adaptive,10,1,306,90f920c2283584f4,200,1
customxss,calc,CG-Adaptive,10,1,316,bc00a2a8f44a7090,200,1
customxss,calc,CG-Adaptive,10,1,323,fb24f4e4344d72f4,200,1
customxss,calc,CG-Adaptive,10,1,339,0629b1520c0a7882,200,1
customxss,calc,CG-Adaptive,10,1,353,c0940c90d7efe548,200,1
customxss,calc,CG-Adaptive,10,1,357,3deb0eaf6e229dcf,200,1
customxss,calc,CG-Adaptive,10,1,363,1ba69cd834860c93,200,1
customxss,calc,CG-Adaptive,10,1,370,de50f505c227c0a9,200,1
customxss,calc,CG-Adaptive,10,1,374,d3edf386f5ce0dd9,200,1
customxss,calc,CG-Adaptive,10,1,387,3b7183f9b3a82e6d,200,1
customxss,calc,CG-Adaptive,10,4,17,03bf8354b8431345,200,1
customxss,calc,CG-Adaptive,10,4,26,bdc0f7c86653aabd,200,1
customxss,calc,CG-Adaptive,10,4,46,0c7c88be8ee8f86c,200,1
customxss,calc,CG-Adaptive,10,4,59,c8fa3c7b8e41f424,200,1
customxss,calc,CG-Adaptive,10,4,72,00c85131401a7fc3,200,1
customxss,calc,CG-Adaptive,10,4,88,bf7af6023cd626b0,200,1
customxss,calc,CG-Adaptive,10,4,129,fd30128ad3d8d41c,200,1
customxss,calc,CG-Adaptive,10,4,205,442e32810bdc1ca9,200,1
customxss,calc,CG-Adaptive,10,4,298,c9bc2de4d3b56d5a,200,1
customxss,calc,CG-Adaptive,10,4,345,8d293096b9024c43,200,1
customxss,calc,CG-Adaptive,10,2,18,a0eb636978c99da9,200,1
customxss,calc,CG-Adaptive,10,2,46,2b0f9187b1fc76eb,200,1
customxss,calc,CG-Adaptive,10,2,50,34120551361c3c37,200,1
customxss,calc,CG-Adaptive,10,2,61,7a62e11c390e1e29,200,1
customxss,calc,CG-Adaptive,10,2,72,20fed3180ffe5387,200,1
customxss,calc,CG-Adaptive,10,2,83,3bd5d92791ddc1fb,200,1
customxss,calc,CG-Adaptive,10,2,92,9f5e57f1959893d2,200,1
customxss,calc,CG-Adaptive,10,2,99,30152e839af1da82,200,1
customxss,calc,CG-Adaptive,10,2,107,51b74203d55c2c86,200,1
customxss,calc,CG-Adaptive,10,2,121,095e1e60680aa519,200,1
customxss,calc,CG-Adaptive,10,2,126,f0e46dbbb99b1048,200,1
customxss,calc,CG-Adaptive,10,2,137,ae8ac2cc139264ed,200,1
customxss,calc,CG-Adaptive,10,2,139,9ac8c0431cbbc30b,200,1
customxss,calc,CG-Adaptive,10,2,153,3414bc4403bb0606,200,1
customxss,calc,CG-Adaptive,10,2,158,50f2e34869613f24,200,1
customxss,calc,CG-Adaptive,10,2,161,f85201579b0a7b64,200,1
customxss,calc,CG-Adaptive,10,2,163,431e275ec34c8e60,200,1
customxss,calc,CG-Adaptive,10,2,172,84dedde85a121a7f,200,1
customxss,calc,CG-Adaptive,10,2,177,bac7ef046cb76f90,200,1
customxss,calc,CG-Adaptive,10,2,189,6c1bc36b3236c63d,200,1
customxss,calc,CG-Adaptive,10,2,197,952cb36589ea76f6,200,1
customxss,calc,CG-Adaptive,10,2,198,22c5a96d82419484,200,1
customxss,calc,CG-Adaptive,10,2,200,e0dd999204ea64bb,200,1
customxss,calc,CG-Adaptive,10,2,202,273e4ac6ca292699,200,1
customxss,calc,CG-Adaptive,10,2,206,bc7cf6e4ffbcfc75,200,1
customxss,calc,CG-Adaptive,10,2,211,4805974840a28cf3,200,1
customxss,calc,CG-Adaptive,10,2,226,2a357b628688e42b,200,1
customxss,calc,CG-Adaptive,10,2,235,84abb2ca4971e9e2,200,1
customxss,calc,CG-Adaptive,10,2,238,65161283c2f17efd,200,1
customxss,calc,CG-Adaptive,10,2,240,8dc1a6fa1a2b8775,200,1
customxss,calc,CG-Adaptive,10,2,242,8d261062e7f76b7e,200,1
customxss,calc,CG-Adaptive,10,2,245,bc4ff8fd04c4cd41,200,1
customxss,calc,CG-Adaptive,10,2,247,dd545ac1f984dcc3,200,1
customxss,calc,CG-Adaptive,10,2,249,3bf2c90432cbf817,200,1
customxss,calc,CG-Adaptive,10,2,252,821fca95e1dfcb99,200,1
customxss,calc,CG-Adaptive,10,2,259,4d781ab8960c176d,200,1
customxss,calc,CG-Adaptive,10,2,264,2e19785c0af3b330,200,1
customxss,calc,CG-Adaptive,10,2,266,5edf57957ba6600f,200,1
customxss,calc,CG-Adaptive,10,2,272,77ba5a882aad1d49,200,1
customxss,calc,CG-Adaptive,10,2,275,5b34b479903ea807,200,1
customxss,calc,CG-Adaptive,10,2,276,9c27809cd894f70f,200,1
customxss,calc,CG-Adaptive,10,2,279,ad4d81c633330699,200,1
customxss,calc,CG-Adaptive,10,2,282,f650ff476b0ab998,200,1
customxss,calc,CG-Adaptive,10,2,283,de5ed9b3bc104c57,200,1
customxss,calc,CG-Adaptive,10,2,284,986660fd44e1006a,200,1
customxss,calc,CG-Adaptive,10,2,286,117687fb709b3fca,200,1
customxss,calc,CG-Adaptive,10,2,290,bff14ec5a6490300,200,1
customxss,calc,CG-Adaptive,10,2,291,f669e7c07730bfcb,200,1
customxss,calc,CG-Adaptive,10,2,294,5878bbaf85ba9b99,200,1
customxss,calc,CG-Adaptive,10,2,298,e2c7a0791390aa08,200,1
customxss,calc,CG-Adaptive,10,2,299,5e42cdb5983b11ba,200,1
customxss,calc,CG-Adaptive,10,2,301,3b425eb178e911b4,200,1
customxss,calc,CG-Adaptive,10,2,302,33575a9fc9487edb,200,1
customxss,calc,CG-Adaptive,10,2,305,d7f3218596c0d7ac,200,1
customxss,calc,CG-Adaptive,10,2,309,e1a6fd8c21a2fed4,200,1
customxss,calc,CG-Adaptive,10,2,311,584241c9c94e0b3e,200,1
customxss,calc,CG-Adaptive,10,2,312,7063683aa4518319,200,1
customxss,calc,CG-Adaptive,10,2,313,a2a0dce9057f7725,200,1
customxss,calc,CG-Adaptive,10,2,314,7b352319b329b323,200,1
customxss,calc,CG-Adaptive,10,2,316,29a04287dcc917bb,200,1
customxss,calc,CG-Adaptive,10,2,318,e3c23dd04ecdc5da,200,1
customxss,calc,CG-Adaptive,10,2,322,6b2f9134e5c2cbcb,200,1
customxss,calc,CG-Adaptive,10,2,323,850d9c195585c3f8,200,1
customxss,calc,CG-Adaptive,10,2,327,fa96d9609078548e,200,1
customxss,calc,CG-Adaptive,10,2,328,7186438856d43fa4,200,1
customxss,calc,CG-Adaptive,10,2,331,f55419d5f73f43db,200,1
customxss,calc,CG-Adaptive,10,2,332,970e910a9bcc125b,200,1
customxss,calc,CG-Adaptive,10,2,334,03d7ae86de072899,200,1
customxss,calc,CG-Adaptive,10,2,335,722290efbbd98b77,200,1
customxss,calc,CG-Adaptive,10,2,336,2de2f2c64a93236c,200,1
customxss,calc,CG-Adaptive,10,2,337,9d54f2fb2a6498d5,200,1
customxss,calc,CG-Adaptive,10,2,338,ed44c337988c3136,200,1
customxss,calc,CG-Adaptive,10,2,339,ee8bb011cba6b731,200,1
customxss,calc,CG-Adaptive,10,2,340,c94d17e3d5ecc262,200,1
customxss,calc,CG-Adaptive,10,2,343,76783c753b8672ad,200,1
customxss,calc,CG-Adaptive,10,5,236,68fd0bbd02db22a7,200,1
customxss,calc,CG-Adaptive,10,3,34,ea02d9d98fa34f99,200,1
customxss,calc,CG-Adaptive,10,3,108,cbe5dc7fe95b9093,200,1
customxss,calc,CG-Adaptive,10,3,147,e4c4b4ee0aced651,200,1
customxss,calc,CG-Adaptive,2,1,17,8e01ea43378f9f03,200,1
customxss,calc,CG-Adaptive,2,1,24,03186c78e3cbacf6,200,1
customxss,calc,CG-Adaptive,2,1,58,e2078c71d14e7534,200,1
customxss,calc,CG-Adaptive,2,1,90,5294b2a45b0d53c0,200,1
customxss,calc,CG-Adaptive,2,1,109,aa90c7e3850d353c,200,1
customxss,calc,CG-Adaptive,2,1,122,39ee08edfd4f0e79,200,1
customxss,calc,CG-Adaptive,2,1,146,24782e4e90154e6d,200,1
customxss,calc,CG-Adaptive,2,1,164,cb3280bf68fee7f5,200,1
customxss,calc,CG-Adaptive,2,1,199,d0b9eef596b8d9f6,200,1
customxss,calc,CG-Adaptive,2,1,209,82a7b51b1a9040c7,200,1
customxss,calc,CG-Adaptive,2,1,228,60ecd44b3ec6ebd2,200,1
customxss,calc,CG-Adaptive,2,1,257,99b0a68346df5272,200,1
customxss,calc,CG-Adaptive,2,1,259,0d0139c94710288e,200,1
customxss,calc,CG-Adaptive,2,1,282,2d2f74d378f0501f,200,1
customxss,calc,CG-Adaptive,2,1,290,7f3e36981ec46367,200,1
customxss,calc,CG-Adaptive,2,1,306,90f920c2283584f4,200,1
customxss,calc,CG-Adaptive,2,1,316,bc00a2a8f44a7090,200,1
customxss,calc,CG-Adaptive,2,1,323,fb24f4e4344d72f4,200,1
customxss,calc,CG-Adaptive,2,1,339,0629b1520c0a7882,200,1
customxss,calc,CG-Adaptive,2,1,353,c0940c90d7efe548,200,1
customxss,calc,CG-Adaptive,2,1,357,3deb0eaf6e229dcf,200,1
customxss,calc,CG-Adaptive,2,1,363,1ba69cd834860c93,200,1
customxss,calc,CG-Adaptive,2,1,370,de50f505c227c0a9,200,1
customxss,calc,CG-Adaptive,2,1,374,d3edf386f5ce0dd9,200,1
customxss,calc,CG-Adaptive,2,1,387,3b7183f9b3a82e6d,200,1
customxss,calc,CG-Adaptive,2,4,17,03bf8354b8431345,200,1
customxss,calc,CG-Adaptive,2,4,26,bdc0f7c86653aabd,200,1
customxss,calc,CG-Adaptive,2,4,46,0c7c88be8ee8f86c,200,1
customxss,calc,CG-Adaptive,2,4,59,c8fa3c7b8e41f424,200,1
customxss,calc,CG-Adaptive,2,4,72,00c85131401a7fc3,200,1
customxss,calc,CG-Adaptive,2,4,88,bf7af6023cd626b0,200,1
customxss,calc,CG-Adaptive,2,4,129,fd30128ad3d8d41c,200,1
customxss,calc,CG-Adaptive,2,4,205,442e32810bdc1ca9,200,1
customxss,calc,CG-Adaptive,2,4,298,c9bc2de4d3b56d5a,200,1
customxss,calc,CG-Adaptive,2,4,345,8d293096b9024c43,200,1
customxss,calc,CG-Adaptive,2,2,18,a0eb636978c99da9,200,1
customxss,calc,CG-Adaptive,2,2,46,2b0f9187b1fc76eb,200,1
customxss,calc,CG-Adaptive,2,2,50,34120551361c3c37,200,1
customxss,calc,CG-Adaptive,2,2,61,7a62e11c390e1e29,200,1
customxss,calc,CG-Adaptive,2,2,72,20fed3180ffe5387,200,1
customxss,calc,CG-Adaptive,2,2,83,3bd5d92791ddc1fb,200,1
customxss,calc,CG-Adaptive,2,2,92,9f5e57f1959893d2,200,1
customxss,calc,CG-Adaptive,2,2,99,30152e839af1da82,200,1
customxss,calc,CG-Adaptive,2,2,107,51b74203d55c2c86,200,1
customxss,calc,CG-Adaptive,2,2,121,095e1e60680aa519,200,1
customxss,calc,CG-Adaptive,2,2,126,f0e46dbbb99b1048,200,1
customxss,calc,CG-Adaptive,2,2,137,ae8ac2cc139264ed,200,1
customxss,calc,CG-Adaptive,2,2,139,9ac8c0431cbbc30b,200,1
customxss,calc,CG-Adaptive,2,2,153,3414bc4403bb0606,200,1
customxss,calc,CG-Adaptive,2,2,158,50f2e34869613f24,200,1
customxss,calc,CG-Adaptive,2,2,161,f85201579b0a7b64,200,1
customxss,calc,CG-Adaptive,2,2,163,431e275ec34c8e60,200,1
customxss,calc,CG-Adaptive,2,2,172,84dedde85a121a7f,200,1
customxss,calc,CG-Adaptive,2,2,177,bac7ef046cb76f90,200,1
customxss,calc,CG-Adaptive,2,2,189,6c1bc36b3236c63d,200,1
customxss,calc,CG-Adaptive,2,2,197,952cb36589ea76f6,200,1
customxss,calc,CG-Adaptive,2,2,198,22c5a96d82419484,200,1
customxss,calc,CG-Adaptive,2,2,200,e0dd999204ea64bb,200,1
customxss,calc,CG-Adaptive,2,2,202,273e4ac6ca292699,200,1
customxss,calc,CG-Adaptive,2,2,206,bc7cf6e4ffbcfc75,200,1
customxss,calc,CG-Adaptive,2,2,211,4805974840a28cf3,200,1
customxss,calc,CG-Adaptive,2,2,226,2a357b628688e42b,200,1
customxss,calc,CG-Adaptive,2,2,235,84abb2ca4971e9e2,200,1
customxss,calc,CG-Adaptive,2,2,238,65161283c2f17efd,200,1
customxss,calc,CG-Adaptive,2,2,240,8dc1a6fa1a2b8775,200,1
customxss,calc,CG-Adaptive,2,2,242,8d261062e7f76b7e,200,1
customxss,calc,CG-Adaptive,2,2,245,bc4ff8fd04c4cd41,200,1
customxss,calc,CG-Adaptive,2,2,247,dd545ac1f984dcc3,200,1
customxss,calc,CG-Adaptive,2,2,249,3bf2c90432cbf817,200,1
customxss,calc,CG-Adaptive,2,2,252,821fca95e1dfcb99,200,1
customxss,calc,CG-Adaptive,2,2,259,4d781ab8960c176d,200,1
customxss,calc,CG-Adaptive,2,2,264,2e19785c0af3b330,200,1
customxss,calc,CG-Adaptive,2,2,266,5edf57957ba6600f,200,1
customxss,calc,CG-Adaptive,2,2,272,77ba5a882aad1d49,200,1
customxss,calc,CG-Adaptive,2,2,275,5b34b479903ea807,200,1
customxss,calc,CG-Adaptive,2,2,276,9c27809cd894f70f,200,1
customxss,calc,CG-Adaptive,2,2,279,ad4d81c633330699,200,1
customxss,calc,CG-Adaptive,2,2,282,f650ff476b0ab998,200,1
customxss,calc,CG-Adaptive,2,2,283,de5ed9b3bc104c57,200,1
customxss,calc,CG-Adaptive,2,2,284,986660fd44e1006a,200,1
customxss,calc,CG-Adaptive,2,2,286,117687fb709b3fca,200,1
customxss,calc,CG-Adaptive,2,2,290,bff14ec5a6490300,200,1
customxss,calc,CG-Adaptive,2,2,291,f669e7c07730bfcb,200,1
customxss,calc,CG-Adaptive,2,2,294,5878bbaf85ba9b99,200,1
customxss,calc,CG-Adaptive,2,2,298,e2c7a0791390aa08,200,1
customxss,calc,CG-Adaptive,2,2,299,5e42cdb5983b11ba,200,1
customxss,calc,CG-Adaptive,2,2,301,3b425eb178e911b4,200,1
customxss,calc,CG-Adaptive,2,2,302,33575a9fc9487edb,200,1
customxss,calc,CG-Adaptive,2,2,305,d7f3218596c0d7ac,200,1
customxss,calc,CG-Adaptive,2,2,309,e1a6fd8c21a2fed4,200,1
customxss,calc,CG-Adaptive,2,2,311,584241c9c94e0b3e,200,1
customxss,calc,CG-Adaptive,2,2,312,7063683aa4518319,200,1
customxss,calc,CG-Adaptive,2,2,313,a2a0dce9057f7725,200,1
customxss,calc,CG-Adaptive,2,2,314,7b352319b329b323,200,1
customxss,calc,CG-Adaptive,2,2,316,29a04287dcc917bb,200,1
customxss,calc,CG-Adaptive,2,2,318,e3c23dd04ecdc5da,200,1
customxss,calc,CG-Adaptive,2,2,322,6b2f9134e5c2cbcb,200,1
customxss,calc,CG-Adaptive,2,2,323,850d9c195585c3f8,200,1
customxss,calc,CG-Adaptive,2,2,327,fa96d9609078548e,200,1
customxss,calc,CG-Adaptive,2,2,328,7186438856d43fa4,200,1
customxss,calc,CG-Adaptive,2,2,331,f55419d5f73f43db,200,1
customxss,calc,CG-Adaptive,2,2,332,970e910a9bcc125b,200,1
customxss,calc,CG-Adaptive,2,2,334,03d7ae86de072899,200,1
customxss,calc,CG-Adaptive,2,2,335,722290efbbd98b77,200,1
customxss,calc,CG-Adaptive,2,2,336,2de2f2c64a93236c,200,1
customxss,calc,CG-Adaptive,2,2,337,9d54f2fb2a6498d5,200,1
customxss,calc,CG-Adaptive,2,2,338,ed44c337988c3136,200,1
customxss,calc,CG-Adaptive,2,2,339,ee8bb011cba6b731,200,1
customxss,calc,CG-Adaptive,2,2,340,c94d17e3d5ecc262,200,1
customxss,calc,CG-Adaptive,2,2,343,76783c753b8672ad,200,1
customxss,calc,CG-Adaptive,2,5,236,68fd0bbd02db22a7,200,1
customxss,calc,CG-Adaptive,2,3,34,ea02d9d98fa34f99,200,1
customxss,calc,CG-Adaptive,2,3,108,cbe5dc7fe95b9093,200,1
customxss,calc,CG-Adaptive,2,3,147,e4c4b4ee0aced651,200,1
customxss,calc,CG-Adaptive,3,1,17,8e01ea43378f9f03,200,1
customxss,calc,CG-Adaptive,3,1,24,03186c78e3cbacf6,200,1
customxss,calc,CG-Adaptive,3,1,58,e2078c71d14e7534,200,1
customxss,calc,CG-Adaptive,3,1,90,5294b2a45b0d53c0,200,1
customxss,calc,CG-Adaptive,3,1,109,aa90c7e3850d353c,200,1
customxss,calc,CG-Adaptive,3,1,122,39ee08edfd4f0e79,200,1
customxss,calc,CG-Adaptive,3,1,146,24782e4e90154e6d,200,1
customxss,calc,CG-Adaptive,3,1,164,cb3280bf68fee7f5,200,1
customxss,calc,CG-Adaptive,3,1,199,d0b9eef596b8d9f6,200,1
customxss,calc,CG-Adaptive,3,1,209,82a7b51b1a9040c7,200,1
customxss,calc,CG-Adaptive,3,1,228,60ecd44b3ec6ebd2,200,1
customxss,calc,CG-Adaptive,3,1,257,99b0a68346df5272,200,1
customxss,calc,CG-Adaptive,3,1,259,0d0139c94710288e,200,1
customxss,calc,CG-Adaptive,3,1,282,2d2f74d378f0501f,200,1
customxss,calc,CG-Adaptive,3,1,290,7f3e36981ec46367,200,1
customxss,calc,CG-Adaptive,3,1,306,90f920c2283584f4,200,1
customxss,calc,CG-Adaptive,3,1,316,bc00a2a8f44a7090,200,1
customxss,calc,CG-Adaptive,3,1,323,fb24f4e4344d72f4,200,1
customxss,calc,CG-Adaptive,3,1,339,0629b1520c0a7882,200,1
customxss,calc,CG-Adaptive,3,1,353,c0940c90d7efe548,200,1
customxss,calc,CG-Adaptive,3,1,357,3deb0eaf6e229dcf,200,1
customxss,calc,CG-Adaptive,3,1,363,1ba69cd834860c93,200,1
customxss,calc,CG-Adaptive,3,1,370,de50f505c227c0a9,200,1
customxss,calc,CG-Adaptive,3,1,374,d3edf386f5ce0dd9,200,1
customxss,calc,CG-Adaptive,3,1,387,3b7183f9b3a82e6d,200,1
customxss,calc,CG-Adaptive,3,4,17,03bf8354b8431345,200,1
customxss,calc,CG-Adaptive,3,4,26,bdc0f7c86653aabd,200,1
customxss,calc,CG-Adaptive,3,4,46,0c7c88be8ee8f86c,200,1
customxss,calc,CG-Adaptive,3,4,59,c8fa3c7b8e41f424,200,1
customxss,calc,CG-Adaptive,3,4,72,00c85131401a7fc3,200,1
customxss,calc,CG-Adaptive,3,4,88,bf7af6023cd626b0,200,1
customxss,calc,CG-Adaptive,3,4,129,fd30128ad3d8d41c,200,1
customxss,calc,CG-Adaptive,3,4,205,442e32810bdc1ca9,200,1
customxss,calc,CG-Adaptive,3,4,298,c9bc2de4d3b56d5a,200,1
customxss,calc,CG-Adaptive,3,4,345,8d293096b9024c43,200,1
customxss,calc,CG-Adaptive,3,2,18,a0eb636978c99da9,200,1
customxss,calc,CG-Adaptive,3,2,46,2b0f9187b1fc76eb,200,1
customxss,calc,CG-Adaptive,3,2,50,34120551361c3c37,200,1
customxss,calc,CG-Adaptive,3,2,61,7a62e11c390e1e29,200,1
customxss,calc,CG-Adaptive,3,2,72,20fed3180ffe5387,200,1
customxss,calc,CG-Adaptive,3,2,83,3bd5d92791ddc1fb,200,1
customxss,calc,CG-Adaptive,3,2,92,9f5e57f1959893d2,200,1
customxss,calc,CG-Adaptive,3,2,99,30152e839af1da82,200,1
customxss,calc,CG-Adaptive,3,2,107,51b74203d55c2c86,200,1
customxss,calc,CG-Adaptive,3,2,121,095e1e60680aa519,200,1
customxss,calc,CG-Adaptive,3,2,126,f0e46dbbb99b1048,200,1
customxss,calc,CG-Adaptive,3,2,137,ae8ac2cc139264ed,200,1
customxss,calc,CG-Adaptive,3,2,139,9ac8c0431cbbc30b,200,1
customxss,calc,CG-Adaptive,3,2,153,3414bc4403bb0606,200,1
customxss,calc,CG-Adaptive,3,2,158,50f2e34869613f24,200,1
customxss,calc,CG-Adaptive,3,2,161,f85201579b0a7b64,200,1
customxss,calc,CG-Adaptive,3,2,163,431e275ec34c8e60,200,1
customxss,calc,CG-Adaptive,3,2,172,84dedde85a121a7f,200,1
customxss,calc,CG-Adaptive,3,2,177,bac7ef046cb76f90,200,1
customxss,calc,CG-Adaptive,3,2,189,6c1bc36b3236c63d,200,1
customxss,calc,CG-Adaptive,3,2,197,952cb36589ea76f6,200,1
customxss,calc,CG-Adaptive,3,2,198,22c5a96d82419484,200,1
customxss,calc,CG-Adaptive,3,2,200,e0dd999204ea64bb,200,1
customxss,calc,CG-Adaptive,3,2,202,273e4ac6ca292699,200,1
customxss,calc,CG-Adaptive,3,2,206,bc7cf6e4ffbcfc75,200,1
customxss,calc,CG-Adaptive,3,2,211,4805974840a28cf3,200,1
customxss,calc,CG-Adaptive,3,2,226,2a357b628688e42b,200,1
customxss,calc,CG-Adaptive,3,2,235,84abb2ca4971e9e2,200,1
customxss,calc,CG-Adaptive,3,2,238,65161283c2f17efd,200,1
customxss,calc,CG-Adaptive,3,2,240,8dc1a6fa1a2b8775,200,1
customxss,calc,CG-Adaptive,3,2,242,8d261062e7f76b7e,200,1
customxss,calc,CG-Adaptive,3,2,245,bc4ff8fd04c4cd41,200,1
customxss,calc,CG-Adaptive,3,2,247,dd545ac1f984dcc3,200,1
customxss,calc,CG-Adaptive,3,2,249,3bf2c90432cbf817,200,1
customxss,calc,CG-Adaptive,3,2,252,821fca95e1dfcb99,200,1
customxss,calc,CG-Adaptive,3,2,259,4d781ab8960c176d,200,1
customxss,calc,CG-Adaptive,3,2,264,2e19785c0af3b330,200,1
customxss,calc,CG-Adaptive,3,2,266,5edf57957ba6600f,200,1
customxss,calc,CG-Adaptive,3,2,272,77ba5a882aad1d49,200,1
customxss,calc,CG-Adaptive,3,2,275,5b34b479903ea807,200,1
customxss,calc,CG-Adaptive,3,2,276,9c27809cd894f70f,200,1
customxss,calc,CG-Adaptive,3,2,279,ad4d81c633330699,200,1
customxss,calc,CG-Adaptive,3,2,282,f650ff476b0ab998,200,1
customxss,calc,CG-Adaptive,3,2,283,de5ed9b3bc104c57,200,1
customxss,calc,CG-Adaptive,3,2,284,986660fd44e1006a,200,1
customxss,calc,CG-Adaptive,3,2,286,117687fb709b3fca,200,1
customxss,calc,CG-Adaptive,3,2,290,bff14ec5a6490300,200,1
customxss,calc,CG-Adaptive,3,2,291,f669e7c07730bfcb,200,1
customxss,calc,CG-Adaptive,3,2,294,5878bbaf85ba9b99,200,1
customxss,calc,CG-Adaptive,3,2,298,e2c7a0791390aa08,200,1
customxss,calc,CG-Adaptive,3,2,299,5e42cdb5983b11ba,200,1
customxss,calc,CG-Adaptive,3,2,301,3b425eb178e911b4,200,1
customxss,calc,CG-Adaptive,3,2,302,33575a9fc9487edb,200,1
customxss,calc,CG-Adaptive,3,2,305,d7f3218596c0d7ac,200,1
customxss,calc,CG-Adaptive,3,2,309,e1a6fd8c21a2fed4,200,1
customxss,calc,CG-Adaptive,3,2,311,584241c9c94e0b3e,200,1
customxss,calc,CG-Adaptive,3,2,312,7063683aa4518319,200,1
customxss,calc,CG-Adaptive,3,2,313,a2a0dce9057f7725,200,1
customxss,calc,CG-Adaptive,3,2,314,7b352319b329b323,200,1
customxss,calc,CG-Adaptive,3,2,316,29a04287dcc917bb,200,1
customxss,calc,CG-Adaptive,3,2,318,e3c23dd04ecdc5da,200,1
customxss,calc,CG-Adaptive,3,2,322,6b2f9134e5c2cbcb,200,1
customxss,calc,CG-Adaptive,3,2,323,850d9c195585c3f8,200,1
customxss,calc,CG-Adaptive,3,2,327,fa96d9609078548e,200,1
customxss,calc,CG-Adaptive,3,2,328,7186438856d43fa4,200,1
customxss,calc,CG-Adaptive,3,2,331,f55419d5f73f43db,200,1
customxss,calc,CG-Adaptive,3,2,332,970e910a9bcc125b,200,1
customxss,calc,CG-Adaptive,3,2,334,03d7ae86de072899,200,1
customxss,calc,CG-Adaptive,3,2,335,722290efbbd98b77,200,1
customxss,calc,CG-Adaptive,3,2,336,2de2f2c64a93236c,200,1
customxss,calc,CG-Adaptive,3,2,337,9d54f2fb2a6498d5,200,1
customxss,calc,CG-Adaptive,3,2,338,ed44c337988c3136,200,1
customxss,calc,CG-Adaptive,3,2,339,ee8bb011cba6b731,200,1
customxss,calc,CG-Adaptive,3,2,340,c94d17e3d5ecc262,200,1
customxss,calc,CG-Adaptive,3,2,343,76783c753b8672ad,200,1
customxss,calc,CG-Adaptive,3,5,236,68fd0bbd02db22a7,200,1
customxss,calc,CG-Adaptive,3,3,34,ea02d9d98fa34f99,200,1
customxss,calc,CG-Adaptive,3,3,108,cbe5dc7fe95b9093,200,1
customxss,calc,CG-Adaptive,3,3,147,e4c4b4ee0aced651,200,1
customxss,calc,CG-Adaptive,4,1,17,8e01ea43378f9f03,200,1
customxss,calc,CG-Adaptive,4,1,24,03186c78e3cbacf6,200,1
customxss,calc,CG-Adaptive,4,1,58,e2078c71d14e7534,200,1
customxss,calc,CG-Adaptive,4,1,90,5294b2a45b0d53c0,200,1
customxss,calc,CG-Adaptive,4,1,109,aa90c7e3850d353c,200,1
customxss,calc,CG-Adaptive,4,1,122,39ee08edfd4f0e79,200,1
customxss,calc,CG-Adaptive,4,1,146,24782e4e90154e6d,200,1
customxss,calc,CG-Adaptive,4,1,164,cb3280bf68fee7f5,200,1
customxss,calc,CG-Adaptive,4,1,199,d0b9eef596b8d9f6,200,1
customxss,calc,CG-Adaptive,4,1,209,82a7b51b1a9040c7,200,1
customxss,calc,CG-Adaptive,4,1,228,60ecd44b3ec6ebd2,200,1
customxss,calc,CG-Adaptive,4,1,257,99b0a68346df5272,200,1
customxss,calc,CG-Adaptive,4,1,259,0d0139c94710288e,200,1
customxss,calc,CG-Adaptive,4,1,282,2d2f74d378f0501f,200,1
customxss,calc,CG-Adaptive,4,1,290,7f3e36981ec46367,200,1
customxss,calc,CG-Adaptive,4,1,306,90f920c2283584f4,200,1
customxss,calc,CG-Adaptive,4,1,316,bc00a2a8f44a7090,200,1
customxss,calc,CG-Adaptive,4,1,323,fb24f4e4344d72f4,200,1
customxss,calc,CG-Adaptive,4,1,339,0629b1520c0a7882,200,1
customxss,calc,CG-Adaptive,4,1,353,c0940c90d7efe548,200,1
customxss,calc,CG-Adaptive,4,1,357,3deb0eaf6e229dcf,200,1
customxss,calc,CG-Adaptive,4,1,363,1ba69cd834860c93,200,1
customxss,calc,CG-Adaptive,4,1,370,de50f505c227c0a9,200,1
customxss,calc,CG-Adaptive,4,1,374,d3edf386f5ce0dd9,200,1
customxss,calc,CG-Adaptive,4,1,387,3b7183f9b3a82e6d,200,1
customxss,calc,CG-Adaptive,4,4,17,03bf8354b8431345,200,1
customxss,calc,CG-Adaptive,4,4,26,bdc0f7c86653aabd,200,1
customxss,calc,CG-Adaptive,4,4,46,0c7c88be8ee8f86c,200,1
customxss,calc,CG-Adaptive,4,4,59,c8fa3c7b8e41f424,200,1
customxss,calc,CG-Adaptive,4,4,72,00c85131401a7fc3,200,1
customxss,calc,CG-Adaptive,4,4,88,bf7af6023cd626b0,200,1
customxss,calc,CG-Adaptive,4,4,129,fd30128ad3d8d41c,200,1
customxss,calc,CG-Adaptive,4,4,205,442e32810bdc1ca9,200,1
customxss,calc,CG-Adaptive,4,4,298,c9bc2de4d3b56d5a,200,1
customxss,calc,CG-Adaptive,4,4,345,8d293096b9024c43,200,1
customxss,calc,CG-Adaptive,4,2,18,a0eb636978c99da9,200,1
customxss,calc,CG-Adaptive,4,2,46,2b0f9187b1fc76eb,200,1
customxss,calc,CG-Adaptive,4,2,50,34120551361c3c37,200,1
customxss,calc,CG-Adaptive,4,2,61,7a62e11c390e1e29,200,1
customxss,calc,CG-Adaptive,4,2,72,20fed3180ffe5387,200,1
customxss,calc,CG-Adaptive,4,2,83,3bd5d92791ddc1fb,200,1
customxss,calc,CG-Adaptive,4,2,92,9f5e57f1959893d2,200,1
customxss,calc,CG-Adaptive,4,2,99,30152e839af1da82,200,1
customxss,calc,CG-Adaptive,4,2,107,51b74203d55c2c86,200,1
customxss,calc,CG-Adaptive,4,2,121,095e1e60680aa519,200,1
customxss,calc,CG-Adaptive,4,2,126,f0e46dbbb99b1048,200,1
customxss,calc,CG-Adaptive,4,2,137,ae8ac2cc139264ed,200,1
customxss,calc,CG-Adaptive,4,2,139,9ac8c0431cbbc30b,200,1
customxss,calc,CG-Adaptive,4,2,153,3414bc4403bb0606,200,1
customxss,calc,CG-Adaptive,4,2,158,50f2e34869613f24,200,1
customxss,calc,CG-Adaptive,4,2,161,f85201579b0a7b64,200,1
customxss,calc,CG-Adaptive,4,2,163,431e275ec34c8e60,200,1
customxss,calc,CG-Adaptive,4,2,172,84dedde85a121a7f,200,1
customxss,calc,CG-Adaptive,4,2,177,bac7ef046cb76f90,200,1
customxss,calc,CG-Adaptive,4,2,189,6c1bc36b3236c63d,200,1
customxss,calc,CG-Adaptive,4,2,197,952cb36589ea76f6,200,1
customxss,calc,CG-Adaptive,4,2,198,22c5a96d82419484,200,1
customxss,calc,CG-Adaptive,4,2,200,e0dd999204ea64bb,200,1
customxss,calc,CG-Adaptive,4,2,202,273e4ac6ca292699,200,1
customxss,calc,CG-Adaptive,4,2,206,bc7cf6e4ffbcfc75,200,1
customxss,calc,CG-Adaptive,4,2,211,4805974840a28cf3,200,1
customxss,calc,CG-Adaptive,4,2,226,2a357b628688e42b,200,1
customxss,calc,CG-Adaptive,4,2,235,84abb2ca4971e9e2,200,1
customxss,calc,CG-Adaptive,4,2,238,65161283c2f17efd,200,1
customxss,calc,CG-Adaptive,4,2,240,8dc1a6fa1a2b8775,200,1
customxss,calc,CG-Adaptive,4,2,242,8d261062e7f76b7e,200,1
customxss,calc,CG-Adaptive,4,2,245,bc4ff8fd04c4cd41,200,1
customxss,calc,CG-Adaptive,4,2,247,dd545ac1f984dcc3,200,1
customxss,calc,CG-Adaptive,4,2,249,3bf2c90432cbf817,200,1
customxss,calc,CG-Adaptive,4,2,252,821fca95e1dfcb99,200,1
customxss,calc,CG-Adaptive,4,2,259,4d781ab8960c176d,200,1
customxss,calc,CG-Adaptive,4,2,264,2e19785c0af3b330,200,1
customxss,calc,CG-Adaptive,4,2,266,5edf57957ba6600f,200,1
customxss,calc,CG-Adaptive,4,2,272,77ba5a882aad1d49,200,1
customxss,calc,CG-Adaptive,4,2,275,5b34b479903ea807,200,1
customxss,calc,CG-Adaptive,4,2,276,9c27809cd894f70f,200,1
customxss,calc,CG-Adaptive,4,2,279,ad4d81c633330699,200,1
customxss,calc,CG-Adaptive,4,2,282,f650ff476b0ab998,200,1
customxss,calc,CG-Adaptive,4,2,283,de5ed9b3bc104c57,200,1
customxss,calc,CG-Adaptive,4,2,284,986660fd44e1006a,200,1
customxss,calc,CG-Adaptive,4,2,286,117687fb709b3fca,200,1
customxss,calc,CG-Adaptive,4,2,290,bff14ec5a6490300,200,1
customxss,calc,CG-Adaptive,4,2,291,f669e7c07730bfcb,200,1
customxss,calc,CG-Adaptive,4,2,294,5878bbaf85ba9b99,200,1
customxss,calc,CG-Adaptive,4,2,298,e2c7a0791390aa08,200,1
customxss,calc,CG-Adaptive,4,2,299,5e42cdb5983b11ba,200,1
customxss,calc,CG-Adaptive,4,2,301,3b425eb178e911b4,200,1
customxss,calc,CG-Adaptive,4,2,302,33575a9fc9487edb,200,1
customxss,calc,CG-Adaptive,4,2,305,d7f3218596c0d7ac,200,1
customxss,calc,CG-Adaptive,4,2,309,e1a6fd8c21a2fed4,200,1
customxss,calc,CG-Adaptive,4,2,311,584241c9c94e0b3e,200,1
customxss,calc,CG-Adaptive,4,2,312,7063683aa4518319,200,1
customxss,calc,CG-Adaptive,4,2,313,a2a0dce9057f7725,200,1
customxss,calc,CG-Adaptive,4,2,314,7b352319b329b323,200,1
customxss,calc,CG-Adaptive,4,2,316,29a04287dcc917bb,200,1
customxss,calc,CG-Adaptive,4,2,318,e3c23dd04ecdc5da,200,1
customxss,calc,CG-Adaptive,4,2,322,6b2f9134e5c2cbcb,200,1
customxss,calc,CG-Adaptive,4,2,323,850d9c195585c3f8,200,1
customxss,calc,CG-Adaptive,4,2,327,fa96d9609078548e,200,1
customxss,calc,CG-Adaptive,4,2,328,7186438856d43fa4,200,1
customxss,calc,CG-Adaptive,4,2,331,f55419d5f73f43db,200,1
customxss,calc,CG-Adaptive,4,2,332,970e910a9bcc125b,200,1
customxss,calc,CG-Adaptive,4,2,334,03d7ae86de072899,200,1
customxss,calc,CG-Adaptive,4,2,335,722290efbbd98b77,200,1
customxss,calc,CG-Adaptive,4,2,336,2de2f2c64a93236c,200,1
customxss,calc,CG-Adaptive,4,2,337,9d54f2fb2a6498d5,200,1
customxss,calc,CG-Adaptive,4,2,338,ed44c337988c3136,200,1
customxss,calc,CG-Adaptive,4,2,339,ee8bb011cba6b731,200,1
customxss,calc,CG-Adaptive,4,2,340,c94d17e3d5ecc262,200,1
customxss,calc,CG-Adaptive,4,2,343,76783c753b8672ad,200,1
customxss,calc,CG-Adaptive,4,5,236,68fd0bbd02db22a7,200,1
customxss,calc,CG-Adaptive,4,3,34,ea02d9d98fa34f99,200,1
customxss,calc,CG-Adaptive,4,3,108,cbe5dc7fe95b9093,200,1
customxss,calc,CG-Adaptive,4,3,147,e4c4b4ee0aced651,200,1
customxss,calc,CG-Adaptive,5,1,17,8e01ea43378f9f03,200,1
customxss,calc,CG-Adaptive,5,1,24,03186c78e3cbacf6,200,1
customxss,calc,CG-Adaptive,5,1,58,e2078c71d14e7534,200,1
customxss,calc,CG-Adaptive,5,1,90,5294b2a45b0d53c0,200,1
customxss,calc,CG-Adaptive,5,1,109,aa90c7e3850d353c,200,1
customxss,calc,CG-Adaptive,5,1,122,39ee08edfd4f0e79,200,1
customxss,calc,CG-Adaptive,5,1,146,24782e4e90154e6d,200,1
customxss,calc,CG-Adaptive,5,1,164,cb3280bf68fee7f5,200,1
customxss,calc,CG-Adaptive,5,1,199,d0b9eef596b8d9f6,200,1
customxss,calc,CG-Adaptive,5,1,209,82a7b51b1a9040c7,200,1
customxss,calc,CG-Adaptive,5,1,228,60ecd44b3ec6ebd2,200,1
customxss,calc,CG-Adaptive,5,1,257,99b0a68346df5272,200,1
customxss,calc,CG-Adaptive,5,1,259,0d0139c94710288e,200,1
customxss,calc,CG-Adaptive,5,1,282,2d2f74d378f0501f,200,1
customxss,calc,CG-Adaptive,5,1,290,7f3e36981ec46367,200,1
customxss,calc,CG-Adaptive,5,1,306,90f920c2283584f4,200,1
customxss,calc,CG-Adaptive,5,1,316,bc00a2a8f44a7090,200,1
customxss,calc,CG-Adaptive,5,1,323,fb24f4e4344d72f4,200,1
customxss,calc,CG-Adaptive,5,1,339,0629b1520c0a7882,200,1
customxss,calc,CG-Adaptive,5,1,353,c0940c90d7efe548,200,1
customxss,calc,CG-Adaptive,5,1,357,3deb0eaf6e229dcf,200,1
customxss,calc,CG-Adaptive,5,1,363,1ba69cd834860c93,200,1
customxss,calc,CG-Adaptive,5,1,370,de50f505c227c0a9,200,1
customxss,calc,CG-Adaptive,5,1,374,d3edf386f5ce0dd9,200,1
customxss,calc,CG-Adaptive,5,1,387,3b7183f9b3a82e6d,200,1
customxss,calc,CG-Adaptive,5,4,17,03bf8354b8431345,200,1
customxss,calc,CG-Adaptive,5,4,26,bdc0f7c86653aabd,200,1
customxss,calc,CG-Adaptive,5,4,46,0c7c88be8ee8f86c,200,1
customxss,calc,CG-Adaptive,5,4,59,c8fa3c7b8e41f424,200,1
customxss,calc,CG-Adaptive,5,4,72,00c85131401a7fc3,200,1
customxss,calc,CG-Adaptive,5,4,88,bf7af6023cd626b0,200,1
customxss,calc,CG-Adaptive,5,4,129,fd30128ad3d8d41c,200,1
customxss,calc,CG-Adaptive,5,4,205,442e32810bdc1ca9,200,1
customxss,calc,CG-Adaptive,5,4,298,c9bc2de4d3b56d5a,200,1
customxss,calc,CG-Adaptive,5,4,345,8d293096b9024c43,200,1
customxss,calc,CG-Adaptive,5,2,18,a0eb636978c99da9,200,1
customxss,calc,CG-Adaptive,5,2,46,2b0f9187b1fc76eb,200,1
customxss,calc,CG-Adaptive,5,2,50,34120551361c3c37,200,1
customxss,calc,CG-Adaptive,5,2,61,7a62e11c390e1e29,200,1
customxss,calc,CG-Adaptive,5,2,72,20fed3180ffe5387,200,1
customxss,calc,CG-Adaptive,5,2,83,3bd5d92791ddc1fb,200,1
customxss,calc,CG-Adaptive,5,2,92,9f5e57f1959893d2,200,1
customxss,calc,CG-Adaptive,5,2,99,30152e839af1da82,200,1
customxss,calc,CG-Adaptive,5,2,107,51b74203d55c2c86,200,1
customxss,calc,CG-Adaptive,5,2,121,095e1e60680aa519,200,1
customxss,calc,CG-Adaptive,5,2,126,f0e46dbbb99b1048,200,1
customxss,calc,CG-Adaptive,5,2,137,ae8ac2cc139264ed,200,1
customxss,calc,CG-Adaptive,5,2,139,9ac8c0431cbbc30b,200,1
customxss,calc,CG-Adaptive,5,2,153,3414bc4403bb0606,200,1
customxss,calc,CG-Adaptive,5,2,158,50f2e34869613f24,200,1
customxss,calc,CG-Adaptive,5,2,161,f85201579b0a7b64,200,1
customxss,calc,CG-Adaptive,5,2,163,431e275ec34c8e60,200,1
customxss,calc,CG-Adaptive,5,2,172,84dedde85a121a7f,200,1
customxss,calc,CG-Adaptive,5,2,177,bac7ef046cb76f90,200,1
customxss,calc,CG-Adaptive,5,2,189,6c1bc36b3236c63d,200,1
customxss,calc,CG-Adaptive,5,2,197,952cb36589ea76f6,200,1
customxss,calc,CG-Adaptive,5,2,198,22c5a96d82419484,200,1
customxss,calc,CG-Adaptive,5,2,200,e0dd999204ea64bb,200,1
customxss,calc,CG-Adaptive,5,2,202,273e4ac6ca292699,200,1
customxss,calc,CG-Adaptive,5,2,206,bc7cf6e4ffbcfc75,200,1
customxss,calc,CG-Adaptive,5,2,211,4805974840a28cf3,200,1
customxss,calc,CG-Adaptive,5,2,226,2a357b628688e42b,200,1
customxss,calc,CG-Adaptive,5,2,235,84abb2ca4971e9e2,200,1
customxss,calc,CG-Adaptive,5,2,238,65161283c2f17efd,200,1
customxss,calc,CG-Adaptive,5,2,240,8dc1a6fa1a2b8775,200,1
customxss,calc,CG-Adaptive,5,2,242,8d261062e7f76b7e,200,1
customxss,calc,CG-Adaptive,5,2,245,bc4ff8fd04c4cd41,200,1
customxss,calc,CG-Adaptive,5,2,247,dd545ac1f984dcc3,200,1
customxss,calc,CG-Adaptive,5,2,249,3bf2c90432cbf817,200,1
customxss,calc,CG-Adaptive,5,2,252,821fca95e1dfcb99,200,1
customxss,calc,CG-Adaptive,5,2,259,4d781ab8960c176d,200,1
customxss,calc,CG-Adaptive,5,2,264,2e19785c0af3b330,200,1
customxss,calc,CG-Adaptive,5,2,266,5edf57957ba6600f,200,1
customxss,calc,CG-Adaptive,5,2,272,77ba5a882aad1d49,200,1
customxss,calc,CG-Adaptive,5,2,275,5b34b479903ea807,200,1
customxss,calc,CG-Adaptive,5,2,276,9c27809cd894f70f,200,1
customxss,calc,CG-Adaptive,5,2,279,ad4d81c633330699,200,1
customxss,calc,CG-Adaptive,5,2,282,f650ff476b0ab998,200,1
customxss,calc,CG-Adaptive,5,2,283,de5ed9b3bc104c57,200,1
customxss,calc,CG-Adaptive,5,2,284,986660fd44e1006a,200,1
customxss,calc,CG-Adaptive,5,2,286,117687fb709b3fca,200,1
customxss,calc,CG-Adaptive,5,2,290,bff14ec5a6490300,200,1
customxss,calc,CG-Adaptive,5,2,291,f669e7c07730bfcb,200,1
customxss,calc,CG-Adaptive,5,2,294,5878bbaf85ba9b99,200,1
customxss,calc,CG-Adaptive,5,2,298,e2c7a0791390aa08,200,1
customxss,calc,CG-Adaptive,5,2,299,5e42cdb5983b11ba,200,1
customxss,calc,CG-Adaptive,5,2,301,3b425eb178e911b4,200,1
customxss,calc,CG-Adaptive,5,2,302,33575a9fc9487edb,200,1
customxss,calc,CG-Adaptive,5,2,305,d7f3218596c0d7ac,200,1
customxss,calc,CG-Adaptive,5,2,309,e1a6fd8c21a2fed4,200,1
customxss,calc,CG-Adaptive,5,2,311,584241c9c94e0b3e,200,1
customxss,calc,CG-Adaptive,5,2,312,7063683aa4518319,200,1
customxss,calc,CG-Adaptive,5,2,313,a2a0dce9057f7725,200,1
customxss,calc,CG-Adaptive,5,2,314,7b352319b329b323,200,1
customxss,calc,CG-Adaptive,5,2,316,29a04287dcc917bb,200,1
customxss,calc,CG-Adaptive,5,2,318,e3c23dd04ecdc5da,200,1
customxss,calc,CG-Adaptive,5,2,322,6b2f9134e5c2cbcb,200,1
customxss,calc,CG-Adaptive,5,2,323,850d9c195585c3f8,200,1
customxss,calc,CG-Adaptive,5,2,327,fa96d9609078548e,200,1
customxss,calc,CG-Adaptive,5,2,328,7186438856d43fa4,200,1
customxss,calc,CG-Adaptive,5,2,331,f55419d5f73f43db,200,1
customxss,calc,CG-Adaptive,5,2,332,970e910a9bcc125b,200,1
customxss,calc,CG-Adaptive,5,2,334,03d7ae86de072899,200,1
customxss,calc,CG-Adaptive,5,2,335,722290efbbd98b77,200,1
customxss,calc,CG-Adaptive,5,2,336,2de2f2c64a93236c,200,1
customxss,calc,CG-Adaptive,5,2,337,9d54f2fb2a6498d5,200,1
customxss,calc,CG-Adaptive,5,2,338,ed44c337988c3136,200,1
customxss,calc,CG-Adaptive,5,2,339,ee8bb011cba6b731,200,1
customxss,calc,CG-Adaptive,5,2,340,c94d17e3d5ecc262,200,1
customxss,calc,CG-Adaptive,5,2,343,76783c753b8672ad,200,1
customxss,calc,CG-Adaptive,5,5,236,68fd0bbd02db22a7,200,1
customxss,calc,CG-Adaptive,5,3,34,ea02d9d98fa34f99,200,1
customxss,calc,CG-Adaptive,5,3,108,cbe5dc7fe95b9093,200,1
customxss,calc,CG-Adaptive,5,3,147,e4c4b4ee0aced651,200,1
customxss,calc,CG-Adaptive,6,1,17,8e01ea43378f9f03,200,1
customxss,calc,CG-Adaptive,6,1,24,03186c78e3cbacf6,200,1
customxss,calc,CG-Adaptive,6,1,58,e2078c71d14e7534,200,1
customxss,calc,CG-Adaptive,6,1,90,5294b2a45b0d53c0,200,1
customxss,calc,CG-Adaptive,6,1,109,aa90c7e3850d353c,200,1
customxss,calc,CG-Adaptive,6,1,122,39ee08edfd4f0e79,200,1
customxss,calc,CG-Adaptive,6,1,146,24782e4e90154e6d,200,1
customxss,calc,CG-Adaptive,6,1,164,cb3280bf68fee7f5,200,1
customxss,calc,CG-Adaptive,6,1,199,d0b9eef596b8d9f6,200,1
customxss,calc,CG-Adaptive,6,1,209,82a7b51b1a9040c7,200,1
customxss,calc,CG-Adaptive,6,1,228,60ecd44b3ec6ebd2,200,1
customxss,calc,CG-Adaptive,6,1,257,99b0a68346df5272,200,1
customxss,calc,CG-Adaptive,6,1,259,0d0139c94710288e,200,1
customxss,calc,CG-Adaptive,6,1,282,2d2f74d378f0501f,200,1
customxss,calc,CG-Adaptive,6,1,290,7f3e36981ec46367,200,1
customxss,calc,CG-Adaptive,6,1,306,90f920c2283584f4,200,1
customxss,calc,CG-Adaptive,6,1,316,bc00a2a8f44a7090,200,1
customxss,calc,CG-Adaptive,6,1,323,fb24f4e4344d72f4,200,1
customxss,calc,CG-Adaptive,6,1,339,0629b1520c0a7882,200,1
customxss,calc,CG-Adaptive,6,1,353,c0940c90d7efe548,200,1
customxss,calc,CG-Adaptive,6,1,357,3deb0eaf6e229dcf,200,1
customxss,calc,CG-Adaptive,6,1,363,1ba69cd834860c93,200,1
customxss,calc,CG-Adaptive,6,1,370,de50f505c227c0a9,200,1
customxss,calc,CG-Adaptive,6,1,374,d3edf386f5ce0dd9,200,1
customxss,calc,CG-Adaptive,6,1,387,3b7183f9b3a82e6d,200,1
customxss,calc,CG-Adaptive,6,4,17,03bf8354b8431345,200,1
customxss,calc,CG-Adaptive,6,4,26,bdc0f7c86653aabd,200,1
customxss,calc,CG-Adaptive,6,4,46,0c7c88be8ee8f86c,200,1
customxss,calc,CG-Adaptive,6,4,59,c8fa3c7b8e41f424,200,1
customxss,calc,CG-Adaptive,6,4,72,00c85131401a7fc3,200,1
customxss,calc,CG-Adaptive,6,4,88,bf7af6023cd626b0,200,1
customxss,calc,CG-Adaptive,6,4,129,fd30128ad3d8d41c,200,1
customxss,calc,CG-Adaptive,6,4,205,442e32810bdc1ca9,200,1
customxss,calc,CG-Adaptive,6,4,298,c9bc2de4d3b56d5a,200,1
customxss,calc,CG-Adaptive,6,4,345,8d293096b9024c43,200,1
customxss,calc,CG-Adaptive,6,2,18,a0eb636978c99da9,200,1
customxss,calc,CG-Adaptive,6,2,46,2b0f9187b1fc76eb,200,1
customxss,calc,CG-Adaptive,6,2,50,34120551361c3c37,200,1
customxss,calc,CG-Adaptive,6,2,61,7a62e11c390e1e29,200,1
customxss,calc,CG-Adaptive,6,2,72,20fed3180ffe5387,200,1
customxss,calc,CG-Adaptive,6,2,83,3bd5d92791ddc1fb,200,1
customxss,calc,CG-Adaptive,6,2,92,9f5e57f1959893d2,200,1
customxss,calc,CG-Adaptive,6,2,99,30152e839af1da82,200,1
customxss,calc,CG-Adaptive,6,2,107,51b74203d55c2c86,200,1
customxss,calc,CG-Adaptive,6,2,121,095e1e60680aa519,200,1
customxss,calc,CG-Adaptive,6,2,126,f0e46dbbb99b1048,200,1
customxss,calc,CG-Adaptive,6,2,137,ae8ac2cc139264ed,200,1
customxss,calc,CG-Adaptive,6,2,139,9ac8c0431cbbc30b,200,1
customxss,calc,CG-Adaptive,6,2,153,3414bc4403bb0606,200,1
customxss,calc,CG-Adaptive,6,2,158,50f2e34869613f24,200,1
customxss,calc,CG-Adaptive,6,2,161,f85201579b0a7b64,200,1
customxss,calc,CG-Adaptive,6,2,163,431e275ec34c8e60,200,1
customxss,calc,CG-Adaptive,6,2,172,84dedde85a121a7f,200,1
customxss,calc,CG-Adaptive,6,2,177,bac7ef046cb76f90,200,1
customxss,calc,CG-Adaptive,6,2,189,6c1bc36b3236c63d,200,1
customxss,calc,CG-Adaptive,6,2,197,952cb36589ea76f6,200,1
customxss,calc,CG-Adaptive,6,2,198,22c5a96d82419484,200,1
customxss,calc,CG-Adaptive,6,2,200,e0dd999204ea64bb,200,1
customxss,calc,CG-Adaptive,6,2,202,273e4ac6ca292699,200,1
customxss,calc,CG-Adaptive,6,2,206,bc7cf6e4ffbcfc75,200,1
customxss,calc,CG-Adaptive,6,2,211,4805974840a28cf3,200,1
customxss,calc,CG-Adaptive,6,2,226,2a357b628688e42b,200,1
customxss,calc,CG-Adaptive,6,2,235,84abb2ca4971e9e2,200,1
customxss,calc,CG-Adaptive,6,2,238,65161283c2f17efd,200,1
customxss,calc,CG-Adaptive,6,2,240,8dc1a6fa1a2b8775,200,1
customxss,calc,CG-Adaptive,6,2,242,8d261062e7f76b7e,200,1
customxss,calc,CG-Adaptive,6,2,245,bc4ff8fd04c4cd41,200,1
customxss,calc,CG-Adaptive,6,2,247,dd545ac1f984dcc3,200,1
customxss,calc,CG-Adaptive,6,2,249,3bf2c90432cbf817,200,1
customxss,calc,CG-Adaptive,6,2,252,821fca95e1dfcb99,200,1
customxss,calc,CG-Adaptive,6,2,259,4d781ab8960c176d,200,1
customxss,calc,CG-Adaptive,6,2,264,2e19785c0af3b330,200,1
customxss,calc,CG-Adaptive,6,2,266,5edf57957ba6600f,200,1
customxss,calc,CG-Adaptive,6,2,272,77ba5a882aad1d49,200,1
customxss,calc,CG-Adaptive,6,2,275,5b34b479903ea807,200,1
customxss,calc,CG-Adaptive,6,2,276,9c27809cd894f70f,200,1
customxss,calc,CG-Adaptive,6,2,279,ad4d81c633330699,200,1
customxss,calc,CG-Adaptive,6,2,282,f650ff476b0ab998,200,1
customxss,calc,CG-Adaptive,6,2,283,de5ed9b3bc104c57,200,1
customxss,calc,CG-Adaptive,6,2,284,986660fd44e1006a,200,1
customxss,calc,CG-Adaptive,6,2,286,117687fb709b3fca,200,1
customxss,calc,CG-Adaptive,6,2,290,bff14ec5a6490300,200,1
customxss,calc,CG-Adaptive,6,2,291,f669e7c07730bfcb,200,1
customxss,calc,CG-Adaptive,6,2,294,5878bbaf85ba9b99,200,1
customxss,calc,CG-Adaptive,6,2,298,e2c7a0791390aa08,200,1
customxss,calc,CG-Adaptive,6,2,299,5e42cdb5983b11ba,200,1
customxss,calc,CG-Adaptive,6,2,301,3b425eb178e911b4,200,1
customxss,calc,CG-Adaptive,6,2,302,33575a9fc9487edb,200,1
customxss,calc,CG-Adaptive,6,2,305,d7f3218596c0d7ac,200,1
customxss,calc,CG-Adaptive,6,2,309,e1a6fd8c21a2fed4,200,1
customxss,calc,CG-Adaptive,6,2,311,584241c9c94e0b3e,200,1
customxss,calc,CG-Adaptive,6,2,312,7063683aa4518319,200,1
customxss,calc,CG-Adaptive,6,2,313,a2a0dce9057f7725,200,1
customxss,calc,CG-Adaptive,6,2,314,7b352319b329b323,200,1
customxss,calc,CG-Adaptive,6,2,316,29a04287dcc917bb,200,1
customxss,calc,CG-Adaptive,6,2,318,e3c23dd04ecdc5da,200,1
customxss,calc,CG-Adaptive,6,2,322,6b2f9134e5c2cbcb,200,1
customxss,calc,CG-Adaptive,6,2,323,850d9c195585c3f8,200,1
customxss,calc,CG-Adaptive,6,2,327,fa96d9609078548e,200,1
customxss,calc,CG-Adaptive,6,2,328,7186438856d43fa4,200,1
customxss,calc,CG-Adaptive,6,2,331,f55419d5f73f43db,200,1
customxss,calc,CG-Adaptive,6,2,332,970e910a9bcc125b,200,1
customxss,calc,CG-Adaptive,6,2,334,03d7ae86de072899,200,1
customxss,calc,CG-Adaptive,6,2,335,722290efbbd98b77,200,1
customxss,calc,CG-Adaptive,6,2,336,2de2f2c64a93236c,200,1
customxss,calc,CG-Adaptive,6,2,337,9d54f2fb2a6498d5,200,1
customxss,calc,CG-Adaptive,6,2,338,ed44c337988c3136,200,1
customxss,calc,CG-Adaptive,6,2,339,ee8bb011cba6b731,200,1
customxss,calc,CG-Adaptive,6,2,340,c94d17e3d5ecc262,200,1
customxss,calc,CG-Adaptive,6,2,343,76783c753b8672ad,200,1
customxss,calc,CG-Adaptive,6,5,236,68fd0bbd02db22a7,200,1
customxss,calc,CG-Adaptive,6,3,34,ea02d9d98fa34f99,200,1
customxss,calc,CG-Adaptive,6,3,108,cbe5dc7fe95b9093,200,1
customxss,calc,CG-Adaptive,6,3,147,e4c4b4ee0aced651,200,1
customxss,calc,CG-Adaptive,7,1,17,8e01ea43378f9f03,200,1
customxss,calc,CG-Adaptive,7,1,24,03186c78e3cbacf6,200,1
customxss,calc,CG-Adaptive,7,1,58,e2078c71d14e7534,200,1
customxss,calc,CG-Adaptive,7,1,90,5294b2a45b0d53c0,200,1
customxss,calc,CG-Adaptive,7,1,109,aa90c7e3850d353c,200,1
customxss,calc,CG-Adaptive,7,1,122,39ee08edfd4f0e79,200,1
customxss,calc,CG-Adaptive,7,1,164,cb3280bf68fee7f5,200,1
customxss,calc,CG-Adaptive,7,1,199,d0b9eef596b8d9f6,200,1
customxss,calc,CG-Adaptive,7,1,209,82a7b51b1a9040c7,200,1
customxss,calc,CG-Adaptive,7,1,228,60ecd44b3ec6ebd2,200,1
customxss,calc,CG-Adaptive,7,1,259,0d0139c94710288e,200,1
customxss,calc,CG-Adaptive,7,1,282,2d2f74d378f0501f,200,1
customxss,calc,CG-Adaptive,7,1,290,7f3e36981ec46367,200,1
customxss,calc,CG-Adaptive,7,1,306,90f920c2283584f4,200,1
customxss,calc,CG-Adaptive,7,1,316,bc00a2a8f44a7090,200,1
customxss,calc,CG-Adaptive,7,1,323,fb24f4e4344d72f4,200,1
customxss,calc,CG-Adaptive,7,1,339,0629b1520c0a7882,200,1
customxss,calc,CG-Adaptive,7,1,353,c0940c90d7efe548,200,1
customxss,calc,CG-Adaptive,7,1,370,de50f505c227c0a9,200,1
customxss,calc,CG-Adaptive,7,1,387,3b7183f9b3a82e6d,200,1
customxss,calc,CG-Adaptive,7,4,17,03bf8354b8431345,200,1
customxss,calc,CG-Adaptive,7,4,26,bdc0f7c86653aabd,200,1
customxss,calc,CG-Adaptive,7,4,46,0c7c88be8ee8f86c,200,1
customxss,calc,CG-Adaptive,7,4,59,c8fa3c7b8e41f424,200,1
customxss,calc,CG-Adaptive,7,4,72,00c85131401a7fc3,200,1
customxss,calc,CG-Adaptive,7,4,88,bf7af6023cd626b0,200,1
customxss,calc,CG-Adaptive,7,4,205,442e32810bdc1ca9,200,1
customxss,calc,CG-Adaptive,7,4,298,c9bc2de4d3b56d5a,200,1
customxss,calc,CG-Adaptive,7,4,345,8d293096b9024c43,200,1
customxss,calc,CG-Adaptive,7,2,18,a0eb636978c99da9,200,1
customxss,calc,CG-Adaptive,7,2,46,2b0f9187b1fc76eb,200,1
customxss,calc,CG-Adaptive,7,2,50,34120551361c3c37,200,1
customxss,calc,CG-Adaptive,7,2,61,7a62e11c390e1e29,200,1
customxss,calc,CG-Adaptive,7,2,72,20fed3180ffe5387,200,1
customxss,calc,CG-Adaptive,7,2,83,3bd5d92791ddc1fb,200,1
customxss,calc,CG-Adaptive,7,2,92,9f5e57f1959893d2,200,1
customxss,calc,CG-Adaptive,7,2,99,30152e839af1da82,200,1
customxss,calc,CG-Adaptive,7,2,107,51b74203d55c2c86,200,1
customxss,calc,CG-Adaptive,7,2,121,095e1e60680aa519,200,1
customxss,calc,CG-Adaptive,7,2,126,f0e46dbbb99b1048,200,1
customxss,calc,CG-Adaptive,7,2,137,ae8ac2cc139264ed,200,1
customxss,calc,CG-Adaptive,7,2,139,9ac8c0431cbbc30b,200,1
customxss,calc,CG-Adaptive,7,2,153,3414bc4403bb0606,200,1
customxss,calc,CG-Adaptive,7,2,158,50f2e34869613f24,200,1
customxss,calc,CG-Adaptive,7,2,161,f85201579b0a7b64,200,1
customxss,calc,CG-Adaptive,7,2,163,431e275ec34c8e60,200,1
customxss,calc,CG-Adaptive,7,2,177,bac7ef046cb76f90,200,1
customxss,calc,CG-Adaptive,7,2,189,6c1bc36b3236c63d,200,1
customxss,calc,CG-Adaptive,7,2,198,22c5a96d82419484,200,1
customxss,calc,CG-Adaptive,7,2,200,e0dd999204ea64bb,200,1
customxss,calc,CG-Adaptive,7,2,202,273e4ac6ca292699,200,1
customxss,calc,CG-Adaptive,7,2,206,bc7cf6e4ffbcfc75,200,1
customxss,calc,CG-Adaptive,7,2,211,4805974840a28cf3,200,1
customxss,calc,CG-Adaptive,7,2,226,2a357b628688e42b,200,1
customxss,calc,CG-Adaptive,7,2,235,84abb2ca4971e9e2,200,1
customxss,calc,CG-Adaptive,7,2,238,65161283c2f17efd,200,1
customxss,calc,CG-Adaptive,7,2,240,8dc1a6fa1a2b8775,200,1
customxss,calc,CG-Adaptive,7,2,245,bc4ff8fd04c4cd41,200,1
customxss,calc,CG-Adaptive,7,2,247,dd545ac1f984dcc3,200,1
customxss,calc,CG-Adaptive,7,2,249,3bf2c90432cbf817,200,1
customxss,calc,CG-Adaptive,7,2,252,821fca95e1dfcb99,200,1
customxss,calc,CG-Adaptive,7,2,259,4d781ab8960c176d,200,1
customxss,calc,CG-Adaptive,7,2,264,2e19785c0af3b330,200,1
customxss,calc,CG-Adaptive,7,2,272,77ba5a882aad1d49,200,1
customxss,calc,CG-Adaptive,7,2,275,5b34b479903ea807,200,1
customxss,calc,CG-Adaptive,7,2,276,9c27809cd894f70f,200,1
customxss,calc,CG-Adaptive,7,2,279,ad4d81c633330699,200,1
customxss,calc,CG-Adaptive,7,2,282,f650ff476b0ab998,200,1
customxss,calc,CG-Adaptive,7,2,283,de5ed9b3bc104c57,200,1
customxss,calc,CG-Adaptive,7,2,286,117687fb709b3fca,200,1
customxss,calc,CG-Adaptive,7,2,290,bff14ec5a6490300,200,1
customxss,calc,CG-Adaptive,7,2,298,e2c7a0791390aa08,200,1
customxss,calc,CG-Adaptive,7,2,299,5e42cdb5983b11ba,200,1
customxss,calc,CG-Adaptive,7,2,301,3b425eb178e911b4,200,1
customxss,calc,CG-Adaptive,7,2,305,d7f3218596c0d7ac,200,1
customxss,calc,CG-Adaptive,7,2,309,e1a6fd8c21a2fed4,200,1
customxss,calc,CG-Adaptive,7,2,311,584241c9c94e0b3e,200,1
customxss,calc,CG-Adaptive,7,2,312,7063683aa4518319,200,1
customxss,calc,CG-Adaptive,7,2,313,a2a0dce9057f7725,200,1
customxss,calc,CG-Adaptive,7,2,316,29a04287dcc917bb,200,1
customxss,calc,CG-Adaptive,7,2,322,6b2f9134e5c2cbcb,200,1
customxss,calc,CG-Adaptive,7,2,323,850d9c195585c3f8,200,1
customxss,calc,CG-Adaptive,7,2,328,7186438856d43fa4,200,1
customxss,calc,CG-Adaptive,7,2,331,f55419d5f73f43db,200,1
customxss,calc,CG-Adaptive,7,2,335,722290efbbd98b77,200,1
customxss,calc,CG-Adaptive,7,2,337,9d54f2fb2a6498d5,200,1
customxss,calc,CG-Adaptive,7,2,338,ed44c337988c3136,200,1
customxss,calc,CG-Adaptive,7,2,340,c94d17e3d5ecc262,200,1
customxss,calc,CG-Adaptive,7,5,236,68fd0bbd02db22a7,200,1
customxss,calc,CG-Adaptive,7,3,34,ea02d9d98fa34f99,200,1
customxss,calc,CG-Adaptive,7,3,108,cbe5dc7fe95b9093,200,1
customxss,calc,CG-Adaptive,7,3,147,e4c4b4ee0aced651,200,1
customxss,calc,CG-Adaptive,8,4,205,442e32810bdc1ca9,200,1
customxss,calc,CG-Adaptive,8,4,298,c9bc2de4d3b56d5a,200,1
customxss,calc,CG-Adaptive,8,4,345,8d293096b9024c43,200,1
customxss,calc,CG-Adaptive,8,2,18,a0eb636978c99da9,200,1
customxss,calc,CG-Adaptive,8,2,83,3bd5d92791ddc1fb,200,1
customxss,calc,CG-Adaptive,8,2,99,30152e839af1da82,200,1
customxss,calc,CG-Adaptive,8,2,121,095e1e60680aa519,200,1
customxss,calc,CG-Adaptive,8,2,153,3414bc4403bb0606,200,1
customxss,calc,CG-Adaptive,8,2,158,50f2e34869613f24,200,1
customxss,calc,CG-Adaptive,8,2,163,431e275ec34c8e60,200,1
customxss,calc,CG-Adaptive,8,2,202,273e4ac6ca292699,200,1
customxss,calc,CG-Adaptive,8,2,249,3bf2c90432cbf817,200,1
customxss,calc,CG-Adaptive,8,2,322,6b2f9134e5c2cbcb,200,1
customxss,calc,CG-Adaptive,8,2,332,970e910a9bcc125b,200,1
customxss,calc,CG-Adaptive,8,3,108,cbe5dc7fe95b9093,200,1
customxss,calc,CG-Adaptive,9,1,17,8e01ea43378f9f03,200,1
customxss,calc,CG-Adaptive,9,1,24,03186c78e3cbacf6,200,1
customxss,calc,CG-Adaptive,9,1,58,e2078c71d14e7534,200,1
customxss,calc,CG-Adaptive,9,1,90,5294b2a45b0d53c0,200,1
customxss,calc,CG-Adaptive,9,1,109,aa90c7e3850d353c,200,1
customxss,calc,CG-Adaptive,9,1,122,39ee08edfd4f0e79,200,1
customxss,calc,CG-Adaptive,9,1,146,24782e4e90154e6d,200,1
customxss,calc,CG-Adaptive,9,1,164,cb3280bf68fee7f5,200,1
customxss,calc,CG-Adaptive,9,1,199,d0b9eef596b8d9f6,200,1
customxss,calc,CG-Adaptive,9,1,209,82a7b51b1a9040c7,200,1
customxss,calc,CG-Adaptive,9,1,228,60ecd44b3ec6ebd2,200,1
customxss,calc,CG-Adaptive,9,1,257,99b0a68346df5272,200,1
customxss,calc,CG-Adaptive,9,1,259,0d0139c94710288e,200,1
customxss,calc,CG-Adaptive,9,1,282,2d2f74d378f0501f,200,1
customxss,calc,CG-Adaptive,9,1,290,7f3e36981ec46367,200,1
customxss,calc,CG-Adaptive,9,1,306,90f920c2283584f4,200,1
customxss,calc,CG-Adaptive,9,1,316,bc00a2a8f44a7090,200,1
customxss,calc,CG-Adaptive,9,1,323,fb24f4e4344d72f4,200,1
customxss,calc,CG-Adaptive,9,1,339,0629b1520c0a7882,200,1
customxss,calc,CG-Adaptive,9,1,353,c0940c90d7efe548,200,1
customxss,calc,CG-Adaptive,9,1,357,3deb0eaf6e229dcf,200,1
customxss,calc,CG-Adaptive,9,1,363,1ba69cd834860c93,200,1
customxss,calc,CG-Adaptive,9,1,370,de50f505c227c0a9,200,1
customxss,calc,CG-Adaptive,9,1,374,d3edf386f5ce0dd9,200,1
customxss,calc,CG-Adaptive,9,1,387,3b7183f9b3a82e6d,200,1
customxss,calc,CG-Adaptive,9,4,17,03bf8354b8431345,200,1
customxss,calc,CG-Adaptive,9,4,26,bdc0f7c86653aabd,200,1
customxss,calc,CG-Adaptive,9,4,46,0c7c88be8ee8f86c,200,1
customxss,calc,CG-Adaptive,9,4,59,c8fa3c7b8e41f424,200,1
customxss,calc,CG-Adaptive,9,4,72,00c85131401a7fc3,200,1
customxss,calc,CG-Adaptive,9,4,88,bf7af6023cd626b0,200,1
customxss,calc,CG-Adaptive,9,4,129,fd30128ad3d8d41c,200,1
customxss,calc,CG-Adaptive,9,4,205,442e32810bdc1ca9,200,1
customxss,calc,CG-Adaptive,9,4,298,c9bc2de4d3b56d5a,200,1
customxss,calc,CG-Adaptive,9,4,345,8d293096b9024c43,200,1
customxss,calc,CG-Adaptive,9,2,18,a0eb636978c99da9,200,1
customxss,calc,CG-Adaptive,9,2,46,2b0f9187b1fc76eb,200,1
customxss,calc,CG-Adaptive,9,2,50,34120551361c3c37,200,1
customxss,calc,CG-Adaptive,9,2,61,7a62e11c390e1e29,200,1
customxss,calc,CG-Adaptive,9,2,72,20fed3180ffe5387,200,1
customxss,calc,CG-Adaptive,9,2,83,3bd5d92791ddc1fb,200,1
customxss,calc,CG-Adaptive,9,2,92,9f5e57f1959893d2,200,1
customxss,calc,CG-Adaptive,9,2,99,30152e839af1da82,200,1
customxss,calc,CG-Adaptive,9,2,107,51b74203d55c2c86,200,1
customxss,calc,CG-Adaptive,9,2,121,095e1e60680aa519,200,1
customxss,calc,CG-Adaptive,9,2,126,f0e46dbbb99b1048,200,1
customxss,calc,CG-Adaptive,9,2,137,ae8ac2cc139264ed,200,1
customxss,calc,CG-Adaptive,9,2,139,9ac8c0431cbbc30b,200,1
customxss,calc,CG-Adaptive,9,2,153,3414bc4403bb0606,200,1
customxss,calc,CG-Adaptive,9,2,158,50f2e34869613f24,200,1
customxss,calc,CG-Adaptive,9,2,161,f85201579b0a7b64,200,1
customxss,calc,CG-Adaptive,9,2,163,431e275ec34c8e60,200,1
customxss,calc,CG-Adaptive,9,2,172,84dedde85a121a7f,200,1
customxss,calc,CG-Adaptive,9,2,177,bac7ef046cb76f90,200,1
customxss,calc,CG-Adaptive,9,2,189,6c1bc36b3236c63d,200,1
customxss,calc,CG-Adaptive,9,2,197,952cb36589ea76f6,200,1
customxss,calc,CG-Adaptive,9,2,198,22c5a96d82419484,200,1
customxss,calc,CG-Adaptive,9,2,200,e0dd999204ea64bb,200,1
customxss,calc,CG-Adaptive,9,2,202,273e4ac6ca292699,200,1
customxss,calc,CG-Adaptive,9,2,206,bc7cf6e4ffbcfc75,200,1
customxss,calc,CG-Adaptive,9,2,211,4805974840a28cf3,200,1
customxss,calc,CG-Adaptive,9,2,226,2a357b628688e42b,200,1
customxss,calc,CG-Adaptive,9,2,235,84abb2ca4971e9e2,200,1
customxss,calc,CG-Adaptive,9,2,238,65161283c2f17efd,200,1
customxss,calc,CG-Adaptive,9,2,240,8dc1a6fa1a2b8775,200,1
customxss,calc,CG-Adaptive,9,2,242,8d261062e7f76b7e,200,1
customxss,calc,CG-Adaptive,9,2,245,bc4ff8fd04c4cd41,200,1
customxss,calc,CG-Adaptive,9,2,247,dd545ac1f984dcc3,200,1
customxss,calc,CG-Adaptive,9,2,249,3bf2c90432cbf817,200,1
customxss,calc,CG-Adaptive,9,2,252,821fca95e1dfcb99,200,1
customxss,calc,CG-Adaptive,9,2,259,4d781ab8960c176d,200,1
customxss,calc,CG-Adaptive,9,2,264,2e19785c0af3b330,200,1
customxss,calc,CG-Adaptive,9,2,266,5edf57957ba6600f,200,1
customxss,calc,CG-Adaptive,9,2,272,77ba5a882aad1d49,200,1
customxss,calc,CG-Adaptive,9,2,275,5b34b479903ea807,200,1
customxss,calc,CG-Adaptive,9,2,276,9c27809cd894f70f,200,1
customxss,calc,CG-Adaptive,9,2,279,ad4d81c633330699,200,1
customxss,calc,CG-Adaptive,9,2,282,f650ff476b0ab998,200,1
customxss,calc,CG-Adaptive,9,2,283,de5ed9b3bc104c57,200,1
customxss,calc,CG-Adaptive,9,2,284,986660fd44e1006a,200,1
customxss,calc,CG-Adaptive,9,2,286,117687fb709b3fca,200,1
customxss,calc,CG-Adaptive,9,2,290,bff14ec5a6490300,200,1
customxss,calc,CG-Adaptive,9,2,291,f669e7c07730bfcb,200,1
customxss,calc,CG-Adaptive,9,2,294,5878bbaf85ba9b99,200,1
customxss,calc,CG-Adaptive,9,2,298,e2c7a0791390aa08,200,1
customxss,calc,CG-Adaptive,9,2,299,5e42cdb5983b11ba,200,1
customxss,calc,CG-Adaptive,9,2,301,3b425eb178e911b4,200,1
customxss,calc,CG-Adaptive,9,2,302,33575a9fc9487edb,200,1
customxss,calc,CG-Adaptive,9,2,305,d7f3218596c0d7ac,200,1
customxss,calc,CG-Adaptive,9,2,309,e1a6fd8c21a2fed4,200,1
customxss,calc,CG-Adaptive,9,2,311,584241c9c94e0b3e,200,1
customxss,calc,CG-Adaptive,9,2,312,7063683aa4518319,200,1
customxss,calc,CG-Adaptive,9,2,313,a2a0dce9057f7725,200,1
customxss,calc,CG-Adaptive,9,2,314,7b352319b329b323,200,1
customxss,calc,CG-Adaptive,9,2,316,29a04287dcc917bb,200,1
customxss,calc,CG-Adaptive,9,2,318,e3c23dd04ecdc5da,200,1
customxss,calc,CG-Adaptive,9,2,322,6b2f9134e5c2cbcb,200,1
customxss,calc,CG-Adaptive,9,2,323,850d9c195585c3f8,200,1
customxss,calc,CG-Adaptive,9,2,327,fa96d9609078548e,200,1
customxss,calc,CG-Adaptive,9,2,328,7186438856d43fa4,200,1
customxss,calc,CG-Adaptive,9,2,331,f55419d5f73f43db,200,1
customxss,calc,CG-Adaptive,9,2,332,970e910a9bcc125b,200,1
customxss,calc,CG-Adaptive,9,2,334,03d7ae86de072899,200,1
customxss,calc,CG-Adaptive,9,2,335,722290efbbd98b77,200,1
customxss,calc,CG-Adaptive,9,2,336,2de2f2c64a93236c,200,1
customxss,calc,CG-Adaptive,9,2,337,9d54f2fb2a6498d5,200,1
customxss,calc,CG-Adaptive,9,2,338,ed44c337988c3136,200,1
customxss,calc,CG-Adaptive,9,2,339,ee8bb011cba6b731,200,1
customxss,calc,CG-Adaptive,9,2,340,c94d17e3d5ecc262,200,1
customxss,calc,CG-Adaptive,9,2,343,76783c753b8672ad,200,1
customxss,calc,CG-Adaptive,9,5,236,68fd0bbd02db22a7,200,1
customxss,calc,CG-Adaptive,9,3,34,ea02d9d98fa34f99,200,1
customxss,calc,CG-Adaptive,9,3,108,cbe5dc7fe95b9093,200,1
customxss,calc,CG-Adaptive,9,3,147,e4c4b4ee0aced651,200,1
customxss,calc,CG-Static,1,1,17,8e01ea43378f9f03,200,1
customxss,calc,CG-Static,1,1,24,03186c78e3cbacf6,200,1
customxss,calc,CG-Static,1,1,58,e2078c71d14e7534,200,1
customxss,calc,CG-Static,1,1,90,5294b2a45b0d53c0,200,1
customxss,calc,CG-Static,1,1,109,aa90c7e3850d353c,200,1
customxss,calc,CG-Static,1,1,122,39ee08edfd4f0e79,200,1
customxss,calc,CG-Static,1,1,146,24782e4e90154e6d,200,1
customxss,calc,CG-Static,1,1,164,cb3280bf68fee7f5,200,1
customxss,calc,CG-Static,1,1,199,d0b9eef596b8d9f6,200,1
customxss,calc,CG-Static,1,1,209,82a7b51b1a9040c7,200,1
customxss,calc,CG-Static,1,1,228,60ecd44b3ec6ebd2,200,1
customxss,calc,CG-Static,1,1,257,99b0a68346df5272,200,1
customxss,calc,CG-Static,1,1,259,0d0139c94710288e,200,1
customxss,calc,CG-Static,1,1,282,2d2f74d378f0501f,200,1
customxss,calc,CG-Static,1,1,290,7f3e36981ec46367,200,1
customxss,calc,CG-Static,1,1,306,90f920c2283584f4,200,1
customxss,calc,CG-Static,1,1,316,bc00a2a8f44a7090,200,1
customxss,calc,CG-Static,1,1,323,fb24f4e4344d72f4,200,1
customxss,calc,CG-Static,1,1,339,0629b1520c0a7882,200,1
customxss,calc,CG-Static,1,1,353,c0940c90d7efe548,200,1
customxss,calc,CG-Static,1,1,357,3deb0eaf6e229dcf,200,1
customxss,calc,CG-Static,1,1,363,1ba69cd834860c93,200,1
customxss,calc,CG-Static,1,1,370,de50f505c227c0a9,200,1
customxss,calc,CG-Static,1,1,374,d3edf386f5ce0dd9,200,1
customxss,calc,CG-Static,1,1,387,3b7183f9b3a82e6d,200,1
customxss,calc,CG-Static,1,4,17,03bf8354b8431345,200,1
customxss,calc,CG-Static,1,4,26,bdc0f7c86653aabd,200,1
customxss,calc,CG-Static,1,4,46,0c7c88be8ee8f86c,200,1
customxss,calc,CG-Static,1,4,59,c8fa3c7b8e41f424,200,1
customxss,calc,CG-Static,1,4,72,00c85131401a7fc3,200,1
customxss,calc,CG-Static,1,4,88,bf7af6023cd626b0,200,1
customxss,calc,CG-Static,1,4,129,fd30128ad3d8d41c,200,1
customxss,calc,CG-Static,1,4,205,442e32810bdc1ca9,200,1
customxss,calc,CG-Static,1,4,298,c9bc2de4d3b56d5a,200,1
customxss,calc,CG-Static,1,4,345,8d293096b9024c43,200,1
customxss,calc,CG-Static,1,2,18,a0eb636978c99da9,200,1
customxss,calc,CG-Static,1,2,46,2b0f9187b1fc76eb,200,1
customxss,calc,CG-Static,1,2,50,34120551361c3c37,200,1
customxss,calc,CG-Static,1,2,61,7a62e11c390e1e29,200,1
customxss,calc,CG-Static,1,2,72,20fed3180ffe5387,200,1
customxss,calc,CG-Static,1,2,83,3bd5d92791ddc1fb,200,1
customxss,calc,CG-Static,1,2,92,9f5e57f1959893d2,200,1
customxss,calc,CG-Static,1,2,99,30152e839af1da82,200,1
customxss,calc,CG-Static,1,2,107,51b74203d55c2c86,200,1
customxss,calc,CG-Static,1,2,121,095e1e60680aa519,200,1
customxss,calc,CG-Static,1,2,126,f0e46dbbb99b1048,200,1
customxss,calc,CG-Static,1,2,137,ae8ac2cc139264ed,200,1
customxss,calc,CG-Static,1,2,139,9ac8c0431cbbc30b,200,1
customxss,calc,CG-Static,1,2,153,3414bc4403bb0606,200,1
customxss,calc,CG-Static,1,2,158,50f2e34869613f24,200,1
customxss,calc,CG-Static,1,2,161,f85201579b0a7b64,200,1
customxss,calc,CG-Static,1,2,163,431e275ec34c8e60,200,1
customxss,calc,CG-Static,1,2,172,84dedde85a121a7f,200,1
customxss,calc,CG-Static,1,2,177,bac7ef046cb76f90,200,1
customxss,calc,CG-Static,1,2,189,6c1bc36b3236c63d,200,1
customxss,calc,CG-Static,1,2,197,952cb36589ea76f6,200,1
customxss,calc,CG-Static,1,2,198,22c5a96d82419484,200,1
customxss,calc,CG-Static,1,2,200,e0dd999204ea64bb,200,1
customxss,calc,CG-Static,1,2,202,273e4ac6ca292699,200,1
customxss,calc,CG-Static,1,2,206,bc7cf6e4ffbcfc75,200,1
customxss,calc,CG-Static,1,2,211,4805974840a28cf3,200,1
customxss,calc,CG-Static,1,2,226,2a357b628688e42b,200,1
customxss,calc,CG-Static,1,2,235,84abb2ca4971e9e2,200,1
customxss,calc,CG-Static,1,2,238,65161283c2f17efd,200,1
customxss,calc,CG-Static,1,2,240,8dc1a6fa1a2b8775,200,1
customxss,calc,CG-Static,1,2,242,8d261062e7f76b7e,200,1
customxss,calc,CG-Static,1,2,245,bc4ff8fd04c4cd41,200,1
customxss,calc,CG-Static,1,2,247,dd545ac1f984dcc3,200,1
customxss,calc,CG-Static,1,2,249,3bf2c90432cbf817,200,1
customxss,calc,CG-Static,1,2,252,821fca95e1dfcb99,200,1
customxss,calc,CG-Static,1,2,259,4d781ab8960c176d,200,1
customxss,calc,CG-Static,1,2,264,2e19785c0af3b330,200,1
customxss,calc,CG-Static,1,2,266,5edf57957ba6600f,200,1
customxss,calc,CG-Static,1,2,272,77ba5a882aad1d49,200,1
customxss,calc,CG-Static,1,2,275,5b34b479903ea807,200,1
customxss,calc,CG-Static,1,2,276,9c27809cd894f70f,200,1
customxss,calc,CG-Static,1,2,279,ad4d81c633330699,200,1
customxss,calc,CG-Static,1,2,282,f650ff476b0ab998,200,1
customxss,calc,CG-Static,1,2,283,de5ed9b3bc104c57,200,1
customxss,calc,CG-Static,1,2,284,986660fd44e1006a,200,1
customxss,calc,CG-Static,1,2,286,117687fb709b3fca,200,1
customxss,calc,CG-Static,1,2,290,bff14ec5a6490300,200,1
customxss,calc,CG-Static,1,2,291,f669e7c07730bfcb,200,1
customxss,calc,CG-Static,1,2,294,5878bbaf85ba9b99,200,1
customxss,calc,CG-Static,1,2,298,e2c7a0791390aa08,200,1
customxss,calc,CG-Static,1,2,299,5e42cdb5983b11ba,200,1
customxss,calc,CG-Static,1,2,301,3b425eb178e911b4,200,1
customxss,calc,CG-Static,1,2,302,33575a9fc9487edb,200,1
customxss,calc,CG-Static,1,2,305,d7f3218596c0d7ac,200,1
customxss,calc,CG-Static,1,2,309,e1a6fd8c21a2fed4,200,1
customxss,calc,CG-Static,1,2,311,584241c9c94e0b3e,200,1
customxss,calc,CG-Static,1,2,312,7063683aa4518319,200,1
customxss,calc,CG-Static,1,2,313,a2a0dce9057f7725,200,1
customxss,calc,CG-Static,1,2,314,7b352319b329b323,200,1
customxss,calc,CG-Static,1,2,316,29a04287dcc917bb,200,1
customxss,calc,CG-Static,1,2,318,e3c23dd04ecdc5da,200,1
customxss,calc,CG-Static,1,2,322,6b2f9134e5c2cbcb,200,1
customxss,calc,CG-Static,1,2,323,850d9c195585c3f8,200,1
customxss,calc,CG-Static,1,2,327,fa96d9609078548e,200,1
customxss,calc,CG-Static,1,2,328,7186438856d43fa4,200,1
customxss,calc,CG-Static,1,2,331,f55419d5f73f43db,200,1
customxss,calc,CG-Static,1,2,332,970e910a9bcc125b,200,1
customxss,calc,CG-Static,1,2,334,03d7ae86de072899,200,1
customxss,calc,CG-Static,1,2,335,722290efbbd98b77,200,1
customxss,calc,CG-Static,1,2,336,2de2f2c64a93236c,200,1
customxss,calc,CG-Static,1,2,337,9d54f2fb2a6498d5,200,1
customxss,calc,CG-Static,1,2,338,ed44c337988c3136,200,1
customxss,calc,CG-Static,1,2,339,ee8bb011cba6b731,200,1
customxss,calc,CG-Static,1,2,340,c94d17e3d5ecc262,200,1
customxss,calc,CG-Static,1,2,343,76783c753b8672ad,200,1
customxss,calc,CG-Static,1,5,236,68fd0bbd02db22a7,200,1
customxss,calc,CG-Static,1,3,34,ea02d9d98fa34f99,200,1
customxss,calc,CG-Static,1,3,108,cbe5dc7fe95b9093,200,1
customxss,calc,CG-Static,1,3,147,e4c4b4ee0aced651,200,1
customxss,calc,CG-Static,10,1,17,8e01ea43378f9f03,200,1
customxss,calc,CG-Static,10,1,24,03186c78e3cbacf6,200,1
customxss,calc,CG-Static,10,1,58,e2078c71d14e7534,200,1
customxss,calc,CG-Static,10,1,90,5294b2a45b0d53c0,200,1
customxss,calc,CG-Static,10,1,109,aa90c7e3850d353c,200,1
customxss,calc,CG-Static,10,1,122,39ee08edfd4f0e79,200,1
customxss,calc,CG-Static,10,1,146,24782e4e90154e6d,200,1
customxss,calc,CG-Static,10,1,164,cb3280bf68fee7f5,200,1
customxss,calc,CG-Static,10,1,199,d0b9eef596b8d9f6,200,1
customxss,calc,CG-Static,10,1,209,82a7b51b1a9040c7,200,1
customxss,calc,CG-Static,10,1,228,60ecd44b3ec6ebd2,200,1
customxss,calc,CG-Static,10,1,257,99b0a68346df5272,200,1
customxss,calc,CG-Static,10,1,259,0d0139c94710288e,200,1
customxss,calc,CG-Static,10,1,282,2d2f74d378f0501f,200,1
customxss,calc,CG-Static,10,1,290,7f3e36981ec46367,200,1
customxss,calc,CG-Static,10,1,306,90f920c2283584f4,200,1
customxss,calc,CG-Static,10,1,316,bc00a2a8f44a7090,200,1
customxss,calc,CG-Static,10,1,323,fb24f4e4344d72f4,200,1
customxss,calc,CG-Static,10,1,339,0629b1520c0a7882,200,1
customxss,calc,CG-Static,10,1,353,c0940c90d7efe548,200,1
customxss,calc,CG-Static,10,1,357,3deb0eaf6e229dcf,200,1
customxss,calc,CG-Static,10,1,363,1ba69cd834860c93,200,1
customxss,calc,CG-Static,10,1,370,de50f505c227c0a9,200,1
customxss,calc,CG-Static,10,1,374,d3edf386f5ce0dd9,200,1
customxss,calc,CG-Static,10,1,387,3b7183f9b3a82e6d,200,1
customxss,calc,CG-Static,10,4,17,03bf8354b8431345,200,1
customxss,calc,CG-Static,10,4,26,bdc0f7c86653aabd,200,1
customxss,calc,CG-Static,10,4,46,0c7c88be8ee8f86c,200,1
customxss,calc,CG-Static,10,4,59,c8fa3c7b8e41f424,200,1
customxss,calc,CG-Static,10,4,72,00c85131401a7fc3,200,1
customxss,calc,CG-Static,10,4,88,bf7af6023cd626b0,200,1
customxss,calc,CG-Static,10,4,129,fd30128ad3d8d41c,200,1
customxss,calc,CG-Static,10,4,205,442e32810bdc1ca9,200,1
customxss,calc,CG-Static,10,4,298,c9bc2de4d3b56d5a,200,1
customxss,calc,CG-Static,10,4,345,8d293096b9024c43,200,1
customxss,calc,CG-Static,10,2,18,a0eb636978c99da9,200,1
customxss,calc,CG-Static,10,2,46,2b0f9187b1fc76eb,200,1
customxss,calc,CG-Static,10,2,50,34120551361c3c37,200,1
customxss,calc,CG-Static,10,2,61,7a62e11c390e1e29,200,1
customxss,calc,CG-Static,10,2,72,20fed3180ffe5387,200,1
customxss,calc,CG-Static,10,2,83,3bd5d92791ddc1fb,200,1
customxss,calc,CG-Static,10,2,92,9f5e57f1959893d2,200,1
customxss,calc,CG-Static,10,2,99,30152e839af1da82,200,1
customxss,calc,CG-Static,10,2,107,51b74203d55c2c86,200,1
customxss,calc,CG-Static,10,2,121,095e1e60680aa519,200,1
customxss,calc,CG-Static,10,2,126,f0e46dbbb99b1048,200,1
customxss,calc,CG-Static,10,2,137,ae8ac2cc139264ed,200,1
customxss,calc,CG-Static,10,2,139,9ac8c0431cbbc30b,200,1
customxss,calc,CG-Static,10,2,153,3414bc4403bb0606,200,1
customxss,calc,CG-Static,10,2,158,50f2e34869613f24,200,1
customxss,calc,CG-Static,10,2,161,f85201579b0a7b64,200,1
customxss,calc,CG-Static,10,2,163,431e275ec34c8e60,200,1
customxss,calc,CG-Static,10,2,172,84dedde85a121a7f,200,1
customxss,calc,CG-Static,10,2,177,bac7ef046cb76f90,200,1
customxss,calc,CG-Static,10,2,189,6c1bc36b3236c63d,200,1
customxss,calc,CG-Static,10,2,197,952cb36589ea76f6,200,1
customxss,calc,CG-Static,10,2,198,22c5a96d82419484,200,1
customxss,calc,CG-Static,10,2,200,e0dd999204ea64bb,200,1
customxss,calc,CG-Static,10,2,202,273e4ac6ca292699,200,1
customxss,calc,CG-Static,10,2,206,bc7cf6e4ffbcfc75,200,1
customxss,calc,CG-Static,10,2,211,4805974840a28cf3,200,1
customxss,calc,CG-Static,10,2,226,2a357b628688e42b,200,1
customxss,calc,CG-Static,10,2,235,84abb2ca4971e9e2,200,1
customxss,calc,CG-Static,10,2,238,65161283c2f17efd,200,1
customxss,calc,CG-Static,10,2,240,8dc1a6fa1a2b8775,200,1
customxss,calc,CG-Static,10,2,242,8d261062e7f76b7e,200,1
customxss,calc,CG-Static,10,2,245,bc4ff8fd04c4cd41,200,1
customxss,calc,CG-Static,10,2,247,dd545ac1f984dcc3,200,1
customxss,calc,CG-Static,10,2,249,3bf2c90432cbf817,200,1
customxss,calc,CG-Static,10,2,252,821fca95e1dfcb99,200,1
customxss,calc,CG-Static,10,2,259,4d781ab8960c176d,200,1
customxss,calc,CG-Static,10,2,264,2e19785c0af3b330,200,1
customxss,calc,CG-Static,10,2,266,5edf57957ba6600f,200,1
customxss,calc,CG-Static,10,2,272,77ba5a882aad1d49,200,1
customxss,calc,CG-Static,10,2,275,5b34b479903ea807,200,1
customxss,calc,CG-Static,10,2,276,9c27809cd894f70f,200,1
customxss,calc,CG-Static,10,2,279,ad4d81c633330699,200,1
customxss,calc,CG-Static,10,2,282,f650ff476b0ab998,200,1
customxss,calc,CG-Static,10,2,283,de5ed9b3bc104c57,200,1
customxss,calc,CG-Static,10,2,284,986660fd44e1006a,200,1
customxss,calc,CG-Static,10,2,286,117687fb709b3fca,200,1
customxss,calc,CG-Static,10,2,290,bff14ec5a6490300,200,1
customxss,calc,CG-Static,10,2,291,f669e7c07730bfcb,200,1
customxss,calc,CG-Static,10,2,294,5878bbaf85ba9b99,200,1
customxss,calc,CG-Static,10,2,298,e2c7a0791390aa08,200,1
customxss,calc,CG-Static,10,2,299,5e42cdb5983b11ba,200,1
customxss,calc,CG-Static,10,2,301,3b425eb178e911b4,200,1
customxss,calc,CG-Static,10,2,302,33575a9fc9487edb,200,1
customxss,calc,CG-Static,10,2,305,d7f3218596c0d7ac,200,1
customxss,calc,CG-Static,10,2,309,e1a6fd8c21a2fed4,200,1
customxss,calc,CG-Static,10,2,311,584241c9c94e0b3e,200,1
customxss,calc,CG-Static,10,2,312,7063683aa4518319,200,1
customxss,calc,CG-Static,10,2,313,a2a0dce9057f7725,200,1
customxss,calc,CG-Static,10,2,314,7b352319b329b323,200,1
customxss,calc,CG-Static,10,2,316,29a04287dcc917bb,200,1
customxss,calc,CG-Static,10,2,318,e3c23dd04ecdc5da,200,1
customxss,calc,CG-Static,10,2,322,6b2f9134e5c2cbcb,200,1
customxss,calc,CG-Static,10,2,323,850d9c195585c3f8,200,1
customxss,calc,CG-Static,10,2,327,fa96d9609078548e,200,1
customxss,calc,CG-Static,10,2,328,7186438856d43fa4,200,1
customxss,calc,CG-Static,10,2,331,f55419d5f73f43db,200,1
customxss,calc,CG-Static,10,2,332,970e910a9bcc125b,200,1
customxss,calc,CG-Static,10,2,334,03d7ae86de072899,200,1
customxss,calc,CG-Static,10,2,335,722290efbbd98b77,200,1
customxss,calc,CG-Static,10,2,336,2de2f2c64a93236c,200,1
customxss,calc,CG-Static,10,2,337,9d54f2fb2a6498d5,200,1
customxss,calc,CG-Static,10,2,338,ed44c337988c3136,200,1
customxss,calc,CG-Static,10,2,339,ee8bb011cba6b731,200,1
customxss,calc,CG-Static,10,2,340,c94d17e3d5ecc262,200,1
customxss,calc,CG-Static,10,2,343,76783c753b8672ad,200,1
customxss,calc,CG-Static,10,5,236,68fd0bbd02db22a7,200,1
customxss,calc,CG-Static,10,3,34,ea02d9d98fa34f99,200,1
customxss,calc,CG-Static,10,3,108,cbe5dc7fe95b9093,200,1
customxss,calc,CG-Static,10,3,147,e4c4b4ee0aced651,200,1
customxss,calc,CG-Static,2,1,17,8e01ea43378f9f03,200,1
customxss,calc,CG-Static,2,1,24,03186c78e3cbacf6,200,1
customxss,calc,CG-Static,2,1,58,e2078c71d14e7534,200,1
customxss,calc,CG-Static,2,1,90,5294b2a45b0d53c0,200,1
customxss,calc,CG-Static,2,1,109,aa90c7e3850d353c,200,1
customxss,calc,CG-Static,2,1,122,39ee08edfd4f0e79,200,1
customxss,calc,CG-Static,2,1,164,cb3280bf68fee7f5,200,1
customxss,calc,CG-Static,2,1,199,d0b9eef596b8d9f6,200,1
customxss,calc,CG-Static,2,1,209,82a7b51b1a9040c7,200,1
customxss,calc,CG-Static,2,1,228,60ecd44b3ec6ebd2,200,1
customxss,calc,CG-Static,2,1,259,0d0139c94710288e,200,1
customxss,calc,CG-Static,2,1,282,2d2f74d378f0501f,200,1
customxss,calc,CG-Static,2,1,290,7f3e36981ec46367,200,1
customxss,calc,CG-Static,2,1,306,90f920c2283584f4,200,1
customxss,calc,CG-Static,2,1,316,bc00a2a8f44a7090,200,1
customxss,calc,CG-Static,2,1,323,fb24f4e4344d72f4,200,1
customxss,calc,CG-Static,2,1,339,0629b1520c0a7882,200,1
customxss,calc,CG-Static,2,1,353,c0940c90d7efe548,200,1
customxss,calc,CG-Static,2,1,370,de50f505c227c0a9,200,1
customxss,calc,CG-Static,2,1,387,3b7183f9b3a82e6d,200,1
customxss,calc,CG-Static,2,4,17,03bf8354b8431345,200,1
customxss,calc,CG-Static,2,4,26,bdc0f7c86653aabd,200,1
customxss,calc,CG-Static,2,4,46,0c7c88be8ee8f86c,200,1
customxss,calc,CG-Static,2,4,59,c8fa3c7b8e41f424,200,1
customxss,calc,CG-Static,2,4,72,00c85131401a7fc3,200,1
customxss,calc,CG-Static,2,4,88,bf7af6023cd626b0,200,1
customxss,calc,CG-Static,2,4,205,442e32810bdc1ca9,200,1
customxss,calc,CG-Static,2,4,298,c9bc2de4d3b56d5a,200,1
customxss,calc,CG-Static,2,4,345,8d293096b9024c43,200,1
customxss,calc,CG-Static,2,2,18,a0eb636978c99da9,200,1
customxss,calc,CG-Static,2,2,46,2b0f9187b1fc76eb,200,1
customxss,calc,CG-Static,2,2,50,34120551361c3c37,200,1
customxss,calc,CG-Static,2,2,61,7a62e11c390e1e29,200,1
customxss,calc,CG-Static,2,2,72,20fed3180ffe5387,200,1
customxss,calc,CG-Static,2,2,83,3bd5d92791ddc1fb,200,1
customxss,calc,CG-Static,2,2,92,9f5e57f1959893d2,200,1
customxss,calc,CG-Static,2,2,99,30152e839af1da82,200,1
customxss,calc,CG-Static,2,2,107,51b74203d55c2c86,200,1
customxss,calc,CG-Static,2,2,121,095e1e60680aa519,200,1
customxss,calc,CG-Static,2,2,126,f0e46dbbb99b1048,200,1
customxss,calc,CG-Static,2,2,137,ae8ac2cc139264ed,200,1
customxss,calc,CG-Static,2,2,139,9ac8c0431cbbc30b,200,1
customxss,calc,CG-Static,2,2,153,3414bc4403bb0606,200,1
customxss,calc,CG-Static,2,2,158,50f2e34869613f24,200,1
customxss,calc,CG-Static,2,2,161,f85201579b0a7b64,200,1
customxss,calc,CG-Static,2,2,163,431e275ec34c8e60,200,1
customxss,calc,CG-Static,2,2,177,bac7ef046cb76f90,200,1
customxss,calc,CG-Static,2,2,189,6c1bc36b3236c63d,200,1
customxss,calc,CG-Static,2,2,198,22c5a96d82419484,200,1
customxss,calc,CG-Static,2,2,200,e0dd999204ea64bb,200,1
customxss,calc,CG-Static,2,2,202,273e4ac6ca292699,200,1
customxss,calc,CG-Static,2,2,206,bc7cf6e4ffbcfc75,200,1
customxss,calc,CG-Static,2,2,211,4805974840a28cf3,200,1
customxss,calc,CG-Static,2,2,226,2a357b628688e42b,200,1
customxss,calc,CG-Static,2,2,235,84abb2ca4971e9e2,200,1
customxss,calc,CG-Static,2,2,238,65161283c2f17efd,200,1
customxss,calc,CG-Static,2,2,240,8dc1a6fa1a2b8775,200,1
customxss,calc,CG-Static,2,2,245,bc4ff8fd04c4cd41,200,1
customxss,calc,CG-Static,2,2,247,dd545ac1f984dcc3,200,1
customxss,calc,CG-Static,2,2,249,3bf2c90432cbf817,200,1
customxss,calc,CG-Static,2,2,252,821fca95e1dfcb99,200,1
customxss,calc,CG-Static,2,2,259,4d781ab8960c176d,200,1
customxss,calc,CG-Static,2,2,264,2e19785c0af3b330,200,1
customxss,calc,CG-Static,2,2,272,77ba5a882aad1d49,200,1
customxss,calc,CG-Static,2,2,275,5b34b479903ea807,200,1
customxss,calc,CG-Static,2,2,276,9c27809cd894f70f,200,1
customxss,calc,CG-Static,2,2,279,ad4d81c633330699,200,1
customxss,calc,CG-Static,2,2,282,f650ff476b0ab998,200,1
customxss,calc,CG-Static,2,2,283,de5ed9b3bc104c57,200,1
customxss,calc,CG-Static,2,2,286,117687fb709b3fca,200,1
customxss,calc,CG-Static,2,2,290,bff14ec5a6490300,200,1
customxss,calc,CG-Static,2,2,298,e2c7a0791390aa08,200,1
customxss,calc,CG-Static,2,2,299,5e42cdb5983b11ba,200,1
customxss,calc,CG-Static,2,2,301,3b425eb178e911b4,200,1
customxss,calc,CG-Static,2,2,305,d7f3218596c0d7ac,200,1
customxss,calc,CG-Static,2,2,309,e1a6fd8c21a2fed4,200,1
customxss,calc,CG-Static,2,2,311,584241c9c94e0b3e,200,1
customxss,calc,CG-Static,2,2,312,7063683aa4518319,200,1
customxss,calc,CG-Static,2,2,313,a2a0dce9057f7725,200,1
customxss,calc,CG-Static,2,2,316,29a04287dcc917bb,200,1
customxss,calc,CG-Static,2,2,322,6b2f9134e5c2cbcb,200,1
customxss,calc,CG-Static,2,2,323,850d9c195585c3f8,200,1
customxss,calc,CG-Static,2,2,328,7186438856d43fa4,200,1
customxss,calc,CG-Static,2,2,331,f55419d5f73f43db,200,1
customxss,calc,CG-Static,2,2,335,722290efbbd98b77,200,1
customxss,calc,CG-Static,2,2,337,9d54f2fb2a6498d5,200,1
customxss,calc,CG-Static,2,2,338,ed44c337988c3136,200,1
customxss,calc,CG-Static,2,2,340,c94d17e3d5ecc262,200,1
customxss,calc,CG-Static,2,5,236,68fd0bbd02db22a7,200,1
customxss,calc,CG-Static,2,3,34,ea02d9d98fa34f99,200,1
customxss,calc,CG-Static,2,3,108,cbe5dc7fe95b9093,200,1
customxss,calc,CG-Static,2,3,147,e4c4b4ee0aced651,200,1
customxss,calc,CG-Static,3,1,17,8e01ea43378f9f03,200,1
customxss,calc,CG-Static,3,1,24,03186c78e3cbacf6,200,1
customxss,calc,CG-Static,3,1,58,e2078c71d14e7534,200,1
customxss,calc,CG-Static,3,1,90,5294b2a45b0d53c0,200,1
customxss,calc,CG-Static,3,1,109,aa90c7e3850d353c,200,1
customxss,calc,CG-Static,3,1,122,39ee08edfd4f0e79,200,1
customxss,calc,CG-Static,3,1,146,24782e4e90154e6d,200,1
customxss,calc,CG-Static,3,1,164,cb3280bf68fee7f5,200,1
customxss,calc,CG-Static,3,1,199,d0b9eef596b8d9f6,200,1
customxss,calc,CG-Static,3,1,209,82a7b51b1a9040c7,200,1
customxss,calc,CG-Static,3,1,228,60ecd44b3ec6ebd2,200,1
customxss,calc,CG-Static,3,1,257,99b0a68346df5272,200,1
customxss,calc,CG-Static,3,1,259,0d0139c94710288e,200,1
customxss,calc,CG-Static,3,1,282,2d2f74d378f0501f,200,1
customxss,calc,CG-Static,3,1,290,7f3e36981ec46367,200,1
customxss,calc,CG-Static,3,1,306,90f920c2283584f4,200,1
customxss,calc,CG-Static,3,1,316,bc00a2a8f44a7090,200,1
customxss,calc,CG-Static,3,1,323,fb24f4e4344d72f4,200,1
customxss,calc,CG-Static,3,1,339,0629b1520c0a7882,200,1
customxss,calc,CG-Static,3,1,353,c0940c90d7efe548,200,1
customxss,calc,CG-Static,3,1,357,3deb0eaf6e229dcf,200,1
customxss,calc,CG-Static,3,1,363,1ba69cd834860c93,200,1
customxss,calc,CG-Static,3,1,370,de50f505c227c0a9,200,1
customxss,calc,CG-Static,3,1,374,d3edf386f5ce0dd9,200,1
customxss,calc,CG-Static,3,1,387,3b7183f9b3a82e6d,200,1
customxss,calc,CG-Static,3,4,17,03bf8354b8431345,200,1
customxss,calc,CG-Static,3,4,26,bdc0f7c86653aabd,200,1
customxss,calc,CG-Static,3,4,46,0c7c88be8ee8f86c,200,1
customxss,calc,CG-Static,3,4,59,c8fa3c7b8e41f424,200,1
customxss,calc,CG-Static,3,4,72,00c85131401a7fc3,200,1
customxss,calc,CG-Static,3,4,88,bf7af6023cd626b0,200,1
customxss,calc,CG-Static,3,4,129,fd30128ad3d8d41c,200,1
customxss,calc,CG-Static,3,4,205,442e32810bdc1ca9,200,1
customxss,calc,CG-Static,3,4,298,c9bc2de4d3b56d5a,200,1
customxss,calc,CG-Static,3,4,345,8d293096b9024c43,200,1
customxss,calc,CG-Static,3,2,18,a0eb636978c99da9,200,1
customxss,calc,CG-Static,3,2,46,2b0f9187b1fc76eb,200,1
customxss,calc,CG-Static,3,2,50,34120551361c3c37,200,1
customxss,calc,CG-Static,3,2,61,7a62e11c390e1e29,200,1
customxss,calc,CG-Static,3,2,72,20fed3180ffe5387,200,1
customxss,calc,CG-Static,3,2,83,3bd5d92791ddc1fb,200,1
customxss,calc,CG-Static,3,2,92,9f5e57f1959893d2,200,1
customxss,calc,CG-Static,3,2,99,30152e839af1da82,200,1
customxss,calc,CG-Static,3,2,107,51b74203d55c2c86,200,1
customxss,calc,CG-Static,3,2,121,095e1e60680aa519,200,1
customxss,calc,CG-Static,3,2,126,f0e46dbbb99b1048,200,1
customxss,calc,CG-Static,3,2,137,ae8ac2cc139264ed,200,1
customxss,calc,CG-Static,3,2,139,9ac8c0431cbbc30b,200,1
customxss,calc,CG-Static,3,2,153,3414bc4403bb0606,200,1
customxss,calc,CG-Static,3,2,158,50f2e34869613f24,200,1
customxss,calc,CG-Static,3,2,161,f85201579b0a7b64,200,1
customxss,calc,CG-Static,3,2,163,431e275ec34c8e60,200,1
customxss,calc,CG-Static,3,2,172,84dedde85a121a7f,200,1
customxss,calc,CG-Static,3,2,177,bac7ef046cb76f90,200,1
customxss,calc,CG-Static,3,2,189,6c1bc36b3236c63d,200,1
customxss,calc,CG-Static,3,2,197,952cb36589ea76f6,200,1
customxss,calc,CG-Static,3,2,198,22c5a96d82419484,200,1
customxss,calc,CG-Static,3,2,200,e0dd999204ea64bb,200,1
customxss,calc,CG-Static,3,2,202,273e4ac6ca292699,200,1
customxss,calc,CG-Static,3,2,206,bc7cf6e4ffbcfc75,200,1
customxss,calc,CG-Static,3,2,211,4805974840a28cf3,200,1
customxss,calc,CG-Static,3,2,226,2a357b628688e42b,200,1
customxss,calc,CG-Static,3,2,235,84abb2ca4971e9e2,200,1
customxss,calc,CG-Static,3,2,238,65161283c2f17efd,200,1
customxss,calc,CG-Static,3,2,240,8dc1a6fa1a2b8775,200,1
customxss,calc,CG-Static,3,2,242,8d261062e7f76b7e,200,1
customxss,calc,CG-Static,3,2,245,bc4ff8fd04c4cd41,200,1
customxss,calc,CG-Static,3,2,247,dd545ac1f984dcc3,200,1
customxss,calc,CG-Static,3,2,249,3bf2c90432cbf817,200,1
customxss,calc,CG-Static,3,2,252,821fca95e1dfcb99,200,1
customxss,calc,CG-Static,3,2,259,4d781ab8960c176d,200,1
customxss,calc,CG-Static,3,2,264,2e19785c0af3b330,200,1
customxss,calc,CG-Static,3,2,266,5edf57957ba6600f,200,1
customxss,calc,CG-Static,3,2,272,77ba5a882aad1d49,200,1
customxss,calc,CG-Static,3,2,275,5b34b479903ea807,200,1
customxss,calc,CG-Static,3,2,276,9c27809cd894f70f,200,1
customxss,calc,CG-Static,3,2,279,ad4d81c633330699,200,1
customxss,calc,CG-Static,3,2,282,f650ff476b0ab998,200,1
customxss,calc,CG-Static,3,2,283,de5ed9b3bc104c57,200,1
customxss,calc,CG-Static,3,2,284,986660fd44e1006a,200,1
customxss,calc,CG-Static,3,2,286,117687fb709b3fca,200,1
customxss,calc,CG-Static,3,2,290,bff14ec5a6490300,200,1
customxss,calc,CG-Static,3,2,291,f669e7c07730bfcb,200,1
customxss,calc,CG-Static,3,2,294,5878bbaf85ba9b99,200,1
customxss,calc,CG-Static,3,2,298,e2c7a0791390aa08,200,1
customxss,calc,CG-Static,3,2,299,5e42cdb5983b11ba,200,1
customxss,calc,CG-Static,3,2,301,3b425eb178e911b4,200,1
customxss,calc,CG-Static,3,2,302,33575a9fc9487edb,200,1
customxss,calc,CG-Static,3,2,305,d7f3218596c0d7ac,200,1
customxss,calc,CG-Static,3,2,309,e1a6fd8c21a2fed4,200,1
customxss,calc,CG-Static,3,2,311,584241c9c94e0b3e,200,1
customxss,calc,CG-Static,3,2,312,7063683aa4518319,200,1
customxss,calc,CG-Static,3,2,313,a2a0dce9057f7725,200,1
customxss,calc,CG-Static,3,2,314,7b352319b329b323,200,1
customxss,calc,CG-Static,3,2,316,29a04287dcc917bb,200,1
customxss,calc,CG-Static,3,2,318,e3c23dd04ecdc5da,200,1
customxss,calc,CG-Static,3,2,322,6b2f9134e5c2cbcb,200,1
customxss,calc,CG-Static,3,2,323,850d9c195585c3f8,200,1
customxss,calc,CG-Static,3,2,327,fa96d9609078548e,200,1
customxss,calc,CG-Static,3,2,328,7186438856d43fa4,200,1
customxss,calc,CG-Static,3,2,331,f55419d5f73f43db,200,1
customxss,calc,CG-Static,3,2,332,970e910a9bcc125b,200,1
customxss,calc,CG-Static,3,2,334,03d7ae86de072899,200,1
customxss,calc,CG-Static,3,2,335,722290efbbd98b77,200,1
customxss,calc,CG-Static,3,2,336,2de2f2c64a93236c,200,1
customxss,calc,CG-Static,3,2,337,9d54f2fb2a6498d5,200,1
customxss,calc,CG-Static,3,2,338,ed44c337988c3136,200,1
customxss,calc,CG-Static,3,2,339,ee8bb011cba6b731,200,1
customxss,calc,CG-Static,3,2,340,c94d17e3d5ecc262,200,1
customxss,calc,CG-Static,3,2,343,76783c753b8672ad,200,1
customxss,calc,CG-Static,3,5,236,68fd0bbd02db22a7,200,1
customxss,calc,CG-Static,3,3,34,ea02d9d98fa34f99,200,1
customxss,calc,CG-Static,3,3,108,cbe5dc7fe95b9093,200,1
customxss,calc,CG-Static,3,3,147,e4c4b4ee0aced651,200,1
customxss,calc,CG-Static,4,1,17,8e01ea43378f9f03,200,1
customxss,calc,CG-Static,4,1,24,03186c78e3cbacf6,200,1
customxss,calc,CG-Static,4,1,58,e2078c71d14e7534,200,1
customxss,calc,CG-Static,4,1,90,5294b2a45b0d53c0,200,1
customxss,calc,CG-Static,4,1,109,aa90c7e3850d353c,200,1
customxss,calc,CG-Static,4,1,122,39ee08edfd4f0e79,200,1
customxss,calc,CG-Static,4,1,146,24782e4e90154e6d,200,1
customxss,calc,CG-Static,4,1,164,cb3280bf68fee7f5,200,1
customxss,calc,CG-Static,4,1,199,d0b9eef596b8d9f6,200,1
customxss,calc,CG-Static,4,1,209,82a7b51b1a9040c7,200,1
customxss,calc,CG-Static,4,1,228,60ecd44b3ec6ebd2,200,1
customxss,calc,CG-Static,4,1,257,99b0a68346df5272,200,1
customxss,calc,CG-Static,4,1,259,0d0139c94710288e,200,1
customxss,calc,CG-Static,4,1,282,2d2f74d378f0501f,200,1
customxss,calc,CG-Static,4,1,290,7f3e36981ec46367,200,1
customxss,calc,CG-Static,4,1,306,90f920c2283584f4,200,1
customxss,calc,CG-Static,4,1,316,bc00a2a8f44a7090,200,1
customxss,calc,CG-Static,4,1,323,fb24f4e4344d72f4,200,1
customxss,calc,CG-Static,4,1,339,0629b1520c0a7882,200,1
customxss,calc,CG-Static,4,1,353,c0940c90d7efe548,200,1
customxss,calc,CG-Static,4,1,357,3deb0eaf6e229dcf,200,1
customxss,calc,CG-Static,4,1,363,1ba69cd834860c93,200,1
customxss,calc,CG-Static,4,1,370,de50f505c227c0a9,200,1
customxss,calc,CG-Static,4,1,374,d3edf386f5ce0dd9,200,1
customxss,calc,CG-Static,4,1,387,3b7183f9b3a82e6d,200,1
customxss,calc,CG-Static,4,4,17,03bf8354b8431345,200,1
customxss,calc,CG-Static,4,4,26,bdc0f7c86653aabd,200,1
customxss,calc,CG-Static,4,4,46,0c7c88be8ee8f86c,200,1
customxss,calc,CG-Static,4,4,59,c8fa3c7b8e41f424,200,1
customxss,calc,CG-Static,4,4,72,00c85131401a7fc3,200,1
customxss,calc,CG-Static,4,4,88,bf7af6023cd626b0,200,1
customxss,calc,CG-Static,4,4,129,fd30128ad3d8d41c,200,1
customxss,calc,CG-Static,4,4,205,442e32810bdc1ca9,200,1
customxss,calc,CG-Static,4,4,298,c9bc2de4d3b56d5a,200,1
customxss,calc,CG-Static,4,4,345,8d293096b9024c43,200,1
customxss,calc,CG-Static,4,2,18,a0eb636978c99da9,200,1
customxss,calc,CG-Static,4,2,46,2b0f9187b1fc76eb,200,1
customxss,calc,CG-Static,4,2,50,34120551361c3c37,200,1
customxss,calc,CG-Static,4,2,61,7a62e11c390e1e29,200,1
customxss,calc,CG-Static,4,2,72,20fed3180ffe5387,200,1
customxss,calc,CG-Static,4,2,83,3bd5d92791ddc1fb,200,1
customxss,calc,CG-Static,4,2,92,9f5e57f1959893d2,200,1
customxss,calc,CG-Static,4,2,99,30152e839af1da82,200,1
customxss,calc,CG-Static,4,2,107,51b74203d55c2c86,200,1
customxss,calc,CG-Static,4,2,121,095e1e60680aa519,200,1
customxss,calc,CG-Static,4,2,126,f0e46dbbb99b1048,200,1
customxss,calc,CG-Static,4,2,137,ae8ac2cc139264ed,200,1
customxss,calc,CG-Static,4,2,139,9ac8c0431cbbc30b,200,1
customxss,calc,CG-Static,4,2,153,3414bc4403bb0606,200,1
customxss,calc,CG-Static,4,2,158,50f2e34869613f24,200,1
customxss,calc,CG-Static,4,2,161,f85201579b0a7b64,200,1
customxss,calc,CG-Static,4,2,163,431e275ec34c8e60,200,1
customxss,calc,CG-Static,4,2,172,84dedde85a121a7f,200,1
customxss,calc,CG-Static,4,2,177,bac7ef046cb76f90,200,1
customxss,calc,CG-Static,4,2,189,6c1bc36b3236c63d,200,1
customxss,calc,CG-Static,4,2,197,952cb36589ea76f6,200,1
customxss,calc,CG-Static,4,2,198,22c5a96d82419484,200,1
customxss,calc,CG-Static,4,2,200,e0dd999204ea64bb,200,1
customxss,calc,CG-Static,4,2,202,273e4ac6ca292699,200,1
customxss,calc,CG-Static,4,2,206,bc7cf6e4ffbcfc75,200,1
customxss,calc,CG-Static,4,2,211,4805974840a28cf3,200,1
customxss,calc,CG-Static,4,2,226,2a357b628688e42b,200,1
customxss,calc,CG-Static,4,2,235,84abb2ca4971e9e2,200,1
customxss,calc,CG-Static,4,2,238,65161283c2f17efd,200,1
customxss,calc,CG-Static,4,2,240,8dc1a6fa1a2b8775,200,1
customxss,calc,CG-Static,4,2,242,8d261062e7f76b7e,200,1
customxss,calc,CG-Static,4,2,245,bc4ff8fd04c4cd41,200,1
customxss,calc,CG-Static,4,2,247,dd545ac1f984dcc3,200,1
customxss,calc,CG-Static,4,2,249,3bf2c90432cbf817,200,1
customxss,calc,CG-Static,4,2,252,821fca95e1dfcb99,200,1
customxss,calc,CG-Static,4,2,259,4d781ab8960c176d,200,1
customxss,calc,CG-Static,4,2,264,2e19785c0af3b330,200,1
customxss,calc,CG-Static,4,2,266,5edf57957ba6600f,200,1
customxss,calc,CG-Static,4,2,272,77ba5a882aad1d49,200,1
customxss,calc,CG-Static,4,2,275,5b34b479903ea807,200,1
customxss,calc,CG-Static,4,2,276,9c27809cd894f70f,200,1
customxss,calc,CG-Static,4,2,279,ad4d81c633330699,200,1
customxss,calc,CG-Static,4,2,282,f650ff476b0ab998,200,1
customxss,calc,CG-Static,4,2,283,de5ed9b3bc104c57,200,1
customxss,calc,CG-Static,4,2,284,986660fd44e1006a,200,1
customxss,calc,CG-Static,4,2,286,117687fb709b3fca,200,1
customxss,calc,CG-Static,4,2,290,bff14ec5a6490300,200,1
customxss,calc,CG-Static,4,2,291,f669e7c07730bfcb,200,1
customxss,calc,CG-Static,4,2,294,5878bbaf85ba9b99,200,1
customxss,calc,CG-Static,4,2,298,e2c7a0791390aa08,200,1
customxss,calc,CG-Static,4,2,299,5e42cdb5983b11ba,200,1
customxss,calc,CG-Static,4,2,301,3b425eb178e911b4,200,1
customxss,calc,CG-Static,4,2,302,33575a9fc9487edb,200,1
customxss,calc,CG-Static,4,2,305,d7f3218596c0d7ac,200,1
customxss,calc,CG-Static,4,2,309,e1a6fd8c21a2fed4,200,1
customxss,calc,CG-Static,4,2,311,584241c9c94e0b3e,200,1
customxss,calc,CG-Static,4,2,312,7063683aa4518319,200,1
customxss,calc,CG-Static,4,2,313,a2a0dce9057f7725,200,1
customxss,calc,CG-Static,4,2,314,7b352319b329b323,200,1
customxss,calc,CG-Static,4,2,316,29a04287dcc917bb,200,1
customxss,calc,CG-Static,4,2,318,e3c23dd04ecdc5da,200,1
customxss,calc,CG-Static,4,2,322,6b2f9134e5c2cbcb,200,1
customxss,calc,CG-Static,4,2,323,850d9c195585c3f8,200,1
customxss,calc,CG-Static,4,2,327,fa96d9609078548e,200,1
customxss,calc,CG-Static,4,2,328,7186438856d43fa4,200,1
customxss,calc,CG-Static,4,2,331,f55419d5f73f43db,200,1
customxss,calc,CG-Static,4,2,332,970e910a9bcc125b,200,1
customxss,calc,CG-Static,4,2,334,03d7ae86de072899,200,1
customxss,calc,CG-Static,4,2,335,722290efbbd98b77,200,1
customxss,calc,CG-Static,4,2,336,2de2f2c64a93236c,200,1
customxss,calc,CG-Static,4,2,337,9d54f2fb2a6498d5,200,1
customxss,calc,CG-Static,4,2,338,ed44c337988c3136,200,1
customxss,calc,CG-Static,4,2,339,ee8bb011cba6b731,200,1
customxss,calc,CG-Static,4,2,340,c94d17e3d5ecc262,200,1
customxss,calc,CG-Static,4,2,343,76783c753b8672ad,200,1
customxss,calc,CG-Static,4,5,236,68fd0bbd02db22a7,200,1
customxss,calc,CG-Static,4,3,34,ea02d9d98fa34f99,200,1
customxss,calc,CG-Static,4,3,108,cbe5dc7fe95b9093,200,1
customxss,calc,CG-Static,4,3,147,e4c4b4ee0aced651,200,1
customxss,calc,CG-Static,5,1,17,8e01ea43378f9f03,200,1
customxss,calc,CG-Static,5,1,24,03186c78e3cbacf6,200,1
customxss,calc,CG-Static,5,1,58,e2078c71d14e7534,200,1
customxss,calc,CG-Static,5,1,90,5294b2a45b0d53c0,200,1
customxss,calc,CG-Static,5,1,109,aa90c7e3850d353c,200,1
customxss,calc,CG-Static,5,1,122,39ee08edfd4f0e79,200,1
customxss,calc,CG-Static,5,1,146,24782e4e90154e6d,200,1
customxss,calc,CG-Static,5,1,164,cb3280bf68fee7f5,200,1
customxss,calc,CG-Static,5,1,199,d0b9eef596b8d9f6,200,1
customxss,calc,CG-Static,5,1,209,82a7b51b1a9040c7,200,1
customxss,calc,CG-Static,5,1,228,60ecd44b3ec6ebd2,200,1
customxss,calc,CG-Static,5,1,257,99b0a68346df5272,200,1
customxss,calc,CG-Static,5,1,259,0d0139c94710288e,200,1
customxss,calc,CG-Static,5,1,282,2d2f74d378f0501f,200,1
customxss,calc,CG-Static,5,1,290,7f3e36981ec46367,200,1
customxss,calc,CG-Static,5,1,306,90f920c2283584f4,200,1
customxss,calc,CG-Static,5,1,316,bc00a2a8f44a7090,200,1
customxss,calc,CG-Static,5,1,323,fb24f4e4344d72f4,200,1
customxss,calc,CG-Static,5,1,339,0629b1520c0a7882,200,1
customxss,calc,CG-Static,5,1,353,c0940c90d7efe548,200,1
customxss,calc,CG-Static,5,1,357,3deb0eaf6e229dcf,200,1
customxss,calc,CG-Static,5,1,363,1ba69cd834860c93,200,1
customxss,calc,CG-Static,5,1,370,de50f505c227c0a9,200,1
customxss,calc,CG-Static,5,1,374,d3edf386f5ce0dd9,200,1
customxss,calc,CG-Static,5,1,387,3b7183f9b3a82e6d,200,1
customxss,calc,CG-Static,5,4,17,03bf8354b8431345,200,1
customxss,calc,CG-Static,5,4,26,bdc0f7c86653aabd,200,1
customxss,calc,CG-Static,5,4,46,0c7c88be8ee8f86c,200,1
customxss,calc,CG-Static,5,4,59,c8fa3c7b8e41f424,200,1
customxss,calc,CG-Static,5,4,72,00c85131401a7fc3,200,1
customxss,calc,CG-Static,5,4,88,bf7af6023cd626b0,200,1
customxss,calc,CG-Static,5,4,129,fd30128ad3d8d41c,200,1
customxss,calc,CG-Static,5,4,205,442e32810bdc1ca9,200,1
customxss,calc,CG-Static,5,4,298,c9bc2de4d3b56d5a,200,1
customxss,calc,CG-Static,5,4,345,8d293096b9024c43,200,1
customxss,calc,CG-Static,5,2,18,a0eb636978c99da9,200,1
customxss,calc,CG-Static,5,2,46,2b0f9187b1fc76eb,200,1
customxss,calc,CG-Static,5,2,50,34120551361c3c37,200,1
customxss,calc,CG-Static,5,2,61,7a62e11c390e1e29,200,1
customxss,calc,CG-Static,5,2,72,20fed3180ffe5387,200,1
customxss,calc,CG-Static,5,2,83,3bd5d92791ddc1fb,200,1
customxss,calc,CG-Static,5,2,92,9f5e57f1959893d2,200,1
customxss,calc,CG-Static,5,2,99,30152e839af1da82,200,1
customxss,calc,CG-Static,5,2,107,51b74203d55c2c86,200,1
customxss,calc,CG-Static,5,2,121,095e1e60680aa519,200,1
customxss,calc,CG-Static,5,2,126,f0e46dbbb99b1048,200,1
customxss,calc,CG-Static,5,2,137,ae8ac2cc139264ed,200,1
customxss,calc,CG-Static,5,2,139,9ac8c0431cbbc30b,200,1
customxss,calc,CG-Static,5,2,153,3414bc4403bb0606,200,1
customxss,calc,CG-Static,5,2,158,50f2e34869613f24,200,1
customxss,calc,CG-Static,5,2,161,f85201579b0a7b64,200,1
customxss,calc,CG-Static,5,2,163,431e275ec34c8e60,200,1
customxss,calc,CG-Static,5,2,172,84dedde85a121a7f,200,1
customxss,calc,CG-Static,5,2,177,bac7ef046cb76f90,200,1
customxss,calc,CG-Static,5,2,189,6c1bc36b3236c63d,200,1
customxss,calc,CG-Static,5,2,197,952cb36589ea76f6,200,1
customxss,calc,CG-Static,5,2,198,22c5a96d82419484,200,1
customxss,calc,CG-Static,5,2,200,e0dd999204ea64bb,200,1
customxss,calc,CG-Static,5,2,202,273e4ac6ca292699,200,1
customxss,calc,CG-Static,5,2,206,bc7cf6e4ffbcfc75,200,1
customxss,calc,CG-Static,5,2,211,4805974840a28cf3,200,1
customxss,calc,CG-Static,5,2,226,2a357b628688e42b,200,1
customxss,calc,CG-Static,5,2,235,84abb2ca4971e9e2,200,1
customxss,calc,CG-Static,5,2,238,65161283c2f17efd,200,1
customxss,calc,CG-Static,5,2,240,8dc1a6fa1a2b8775,200,1
customxss,calc,CG-Static,5,2,242,8d261062e7f76b7e,200,1
customxss,calc,CG-Static,5,2,245,bc4ff8fd04c4cd41,200,1
customxss,calc,CG-Static,5,2,247,dd545ac1f984dcc3,200,1
customxss,calc,CG-Static,5,2,249,3bf2c90432cbf817,200,1
customxss,calc,CG-Static,5,2,252,821fca95e1dfcb99,200,1
customxss,calc,CG-Static,5,2,259,4d781ab8960c176d,200,1
customxss,calc,CG-Static,5,2,264,2e19785c0af3b330,200,1
customxss,calc,CG-Static,5,2,266,5edf57957ba6600f,200,1
customxss,calc,CG-Static,5,2,272,77ba5a882aad1d49,200,1
customxss,calc,CG-Static,5,2,275,5b34b479903ea807,200,1
customxss,calc,CG-Static,5,2,276,9c27809cd894f70f,200,1
customxss,calc,CG-Static,5,2,279,ad4d81c633330699,200,1
customxss,calc,CG-Static,5,2,282,f650ff476b0ab998,200,1
customxss,calc,CG-Static,5,2,283,de5ed9b3bc104c57,200,1
customxss,calc,CG-Static,5,2,284,986660fd44e1006a,200,1
customxss,calc,CG-Static,5,2,286,117687fb709b3fca,200,1
customxss,calc,CG-Static,5,2,290,bff14ec5a6490300,200,1
customxss,calc,CG-Static,5,2,291,f669e7c07730bfcb,200,1
customxss,calc,CG-Static,5,2,294,5878bbaf85ba9b99,200,1
customxss,calc,CG-Static,5,2,298,e2c7a0791390aa08,200,1
customxss,calc,CG-Static,5,2,299,5e42cdb5983b11ba,200,1
customxss,calc,CG-Static,5,2,301,3b425eb178e911b4,200,1
customxss,calc,CG-Static,5,2,302,33575a9fc9487edb,200,1
customxss,calc,CG-Static,5,2,305,d7f3218596c0d7ac,200,1
customxss,calc,CG-Static,5,2,309,e1a6fd8c21a2fed4,200,1
customxss,calc,CG-Static,5,2,311,584241c9c94e0b3e,200,1
customxss,calc,CG-Static,5,2,312,7063683aa4518319,200,1
customxss,calc,CG-Static,5,2,313,a2a0dce9057f7725,200,1
customxss,calc,CG-Static,5,2,314,7b352319b329b323,200,1
customxss,calc,CG-Static,5,2,316,29a04287dcc917bb,200,1
customxss,calc,CG-Static,5,2,318,e3c23dd04ecdc5da,200,1
customxss,calc,CG-Static,5,2,322,6b2f9134e5c2cbcb,200,1
customxss,calc,CG-Static,5,2,323,850d9c195585c3f8,200,1
customxss,calc,CG-Static,5,2,327,fa96d9609078548e,200,1
customxss,calc,CG-Static,5,2,328,7186438856d43fa4,200,1
customxss,calc,CG-Static,5,2,331,f55419d5f73f43db,200,1
customxss,calc,CG-Static,5,2,332,970e910a9bcc125b,200,1
customxss,calc,CG-Static,5,2,334,03d7ae86de072899,200,1
customxss,calc,CG-Static,5,2,335,722290efbbd98b77,200,1
customxss,calc,CG-Static,5,2,336,2de2f2c64a93236c,200,1
customxss,calc,CG-Static,5,2,337,9d54f2fb2a6498d5,200,1
customxss,calc,CG-Static,5,2,338,ed44c337988c3136,200,1
customxss,calc,CG-Static,5,2,339,ee8bb011cba6b731,200,1
customxss,calc,CG-Static,5,2,340,c94d17e3d5ecc262,200,1
customxss,calc,CG-Static,5,2,343,76783c753b8672ad,200,1
customxss,calc,CG-Static,5,5,236,68fd0bbd02db22a7,200,1
customxss,calc,CG-Static,5,3,34,ea02d9d98fa34f99,200,1
customxss,calc,CG-Static,5,3,108,cbe5dc7fe95b9093,200,1
customxss,calc,CG-Static,5,3,147,e4c4b4ee0aced651,200,1
customxss,calc,CG-Static,6,1,17,8e01ea43378f9f03,200,1
customxss,calc,CG-Static,6,1,24,03186c78e3cbacf6,200,1
customxss,calc,CG-Static,6,1,58,e2078c71d14e7534,200,1
customxss,calc,CG-Static,6,1,90,5294b2a45b0d53c0,200,1
customxss,calc,CG-Static,6,1,109,aa90c7e3850d353c,200,1
customxss,calc,CG-Static,6,1,122,39ee08edfd4f0e79,200,1
customxss,calc,CG-Static,6,1,146,24782e4e90154e6d,200,1
customxss,calc,CG-Static,6,1,164,cb3280bf68fee7f5,200,1
customxss,calc,CG-Static,6,1,199,d0b9eef596b8d9f6,200,1
customxss,calc,CG-Static,6,1,209,82a7b51b1a9040c7,200,1
customxss,calc,CG-Static,6,1,228,60ecd44b3ec6ebd2,200,1
customxss,calc,CG-Static,6,1,257,99b0a68346df5272,200,1
customxss,calc,CG-Static,6,1,259,0d0139c94710288e,200,1
customxss,calc,CG-Static,6,1,282,2d2f74d378f0501f,200,1
customxss,calc,CG-Static,6,1,290,7f3e36981ec46367,200,1
customxss,calc,CG-Static,6,1,306,90f920c2283584f4,200,1
customxss,calc,CG-Static,6,1,316,bc00a2a8f44a7090,200,1
customxss,calc,CG-Static,6,1,323,fb24f4e4344d72f4,200,1
customxss,calc,CG-Static,6,1,339,0629b1520c0a7882,200,1
customxss,calc,CG-Static,6,1,353,c0940c90d7efe548,200,1
customxss,calc,CG-Static,6,1,357,3deb0eaf6e229dcf,200,1
customxss,calc,CG-Static,6,1,363,1ba69cd834860c93,200,1
customxss,calc,CG-Static,6,1,370,de50f505c227c0a9,200,1
customxss,calc,CG-Static,6,1,374,d3edf386f5ce0dd9,200,1
customxss,calc,CG-Static,6,1,387,3b7183f9b3a82e6d,200,1
customxss,calc,CG-Static,6,4,17,03bf8354b8431345,200,1
customxss,calc,CG-Static,6,4,26,bdc0f7c86653aabd,200,1
customxss,calc,CG-Static,6,4,46,0c7c88be8ee8f86c,200,1
customxss,calc,CG-Static,6,4,59,c8fa3c7b8e41f424,200,1
customxss,calc,CG-Static,6,4,72,00c85131401a7fc3,200,1
customxss,calc,CG-Static,6,4,88,bf7af6023cd626b0,200,1
customxss,calc,CG-Static,6,4,129,fd30128ad3d8d41c,200,1
customxss,calc,CG-Static,6,4,205,442e32810bdc1ca9,200,1
customxss,calc,CG-Static,6,4,298,c9bc2de4d3b56d5a,200,1
customxss,calc,CG-Static,6,4,345,8d293096b9024c43,200,1
customxss,calc,CG-Static,6,2,18,a0eb636978c99da9,200,1
customxss,calc,CG-Static,6,2,46,2b0f9187b1fc76eb,200,1
customxss,calc,CG-Static,6,2,50,34120551361c3c37,200,1
customxss,calc,CG-Static,6,2,61,7a62e11c390e1e29,200,1
customxss,calc,CG-Static,6,2,72,20fed3180ffe5387,200,1
customxss,calc,CG-Static,6,2,83,3bd5d92791ddc1fb,200,1
customxss,calc,CG-Static,6,2,92,9f5e57f1959893d2,200,1
customxss,calc,CG-Static,6,2,99,30152e839af1da82,200,1
customxss,calc,CG-Static,6,2,107,51b74203d55c2c86,200,1
customxss,calc,CG-Static,6,2,121,095e1e60680aa519,200,1
customxss,calc,CG-Static,6,2,126,f0e46dbbb99b1048,200,1
customxss,calc,CG-Static,6,2,137,ae8ac2cc139264ed,200,1
customxss,calc,CG-Static,6,2,139,9ac8c0431cbbc30b,200,1
customxss,calc,CG-Static,6,2,153,3414bc4403bb0606,200,1
customxss,calc,CG-Static,6,2,158,50f2e34869613f24,200,1
customxss,calc,CG-Static,6,2,161,f85201579b0a7b64,200,1
customxss,calc,CG-Static,6,2,163,431e275ec34c8e60,200,1
customxss,calc,CG-Static,6,2,172,84dedde85a121a7f,200,1
customxss,calc,CG-Static,6,2,177,bac7ef046cb76f90,200,1
customxss,calc,CG-Static,6,2,189,6c1bc36b3236c63d,200,1
customxss,calc,CG-Static,6,2,197,952cb36589ea76f6,200,1
customxss,calc,CG-Static,6,2,198,22c5a96d82419484,200,1
customxss,calc,CG-Static,6,2,200,e0dd999204ea64bb,200,1
customxss,calc,CG-Static,6,2,202,273e4ac6ca292699,200,1
customxss,calc,CG-Static,6,2,206,bc7cf6e4ffbcfc75,200,1
customxss,calc,CG-Static,6,2,211,4805974840a28cf3,200,1
customxss,calc,CG-Static,6,2,226,2a357b628688e42b,200,1
customxss,calc,CG-Static,6,2,235,84abb2ca4971e9e2,200,1
customxss,calc,CG-Static,6,2,238,65161283c2f17efd,200,1
customxss,calc,CG-Static,6,2,240,8dc1a6fa1a2b8775,200,1
customxss,calc,CG-Static,6,2,242,8d261062e7f76b7e,200,1
customxss,calc,CG-Static,6,2,245,bc4ff8fd04c4cd41,200,1
customxss,calc,CG-Static,6,2,247,dd545ac1f984dcc3,200,1
customxss,calc,CG-Static,6,2,249,3bf2c90432cbf817,200,1
customxss,calc,CG-Static,6,2,252,821fca95e1dfcb99,200,1
customxss,calc,CG-Static,6,2,259,4d781ab8960c176d,200,1
customxss,calc,CG-Static,6,2,264,2e19785c0af3b330,200,1
customxss,calc,CG-Static,6,2,266,5edf57957ba6600f,200,1
customxss,calc,CG-Static,6,2,272,77ba5a882aad1d49,200,1
customxss,calc,CG-Static,6,2,275,5b34b479903ea807,200,1
customxss,calc,CG-Static,6,2,276,9c27809cd894f70f,200,1
customxss,calc,CG-Static,6,2,279,ad4d81c633330699,200,1
customxss,calc,CG-Static,6,2,282,f650ff476b0ab998,200,1
customxss,calc,CG-Static,6,2,283,de5ed9b3bc104c57,200,1
customxss,calc,CG-Static,6,2,284,986660fd44e1006a,200,1
customxss,calc,CG-Static,6,2,286,117687fb709b3fca,200,1
customxss,calc,CG-Static,6,2,290,bff14ec5a6490300,200,1
customxss,calc,CG-Static,6,2,291,f669e7c07730bfcb,200,1
customxss,calc,CG-Static,6,2,294,5878bbaf85ba9b99,200,1
customxss,calc,CG-Static,6,2,298,e2c7a0791390aa08,200,1
customxss,calc,CG-Static,6,2,299,5e42cdb5983b11ba,200,1
customxss,calc,CG-Static,6,2,301,3b425eb178e911b4,200,1
customxss,calc,CG-Static,6,2,302,33575a9fc9487edb,200,1
customxss,calc,CG-Static,6,2,305,d7f3218596c0d7ac,200,1
customxss,calc,CG-Static,6,2,309,e1a6fd8c21a2fed4,200,1
customxss,calc,CG-Static,6,2,311,584241c9c94e0b3e,200,1
customxss,calc,CG-Static,6,2,312,7063683aa4518319,200,1
customxss,calc,CG-Static,6,2,313,a2a0dce9057f7725,200,1
customxss,calc,CG-Static,6,2,314,7b352319b329b323,200,1
customxss,calc,CG-Static,6,2,316,29a04287dcc917bb,200,1
customxss,calc,CG-Static,6,2,318,e3c23dd04ecdc5da,200,1
customxss,calc,CG-Static,6,2,322,6b2f9134e5c2cbcb,200,1
customxss,calc,CG-Static,6,2,323,850d9c195585c3f8,200,1
customxss,calc,CG-Static,6,2,327,fa96d9609078548e,200,1
customxss,calc,CG-Static,6,2,328,7186438856d43fa4,200,1
customxss,calc,CG-Static,6,2,331,f55419d5f73f43db,200,1
customxss,calc,CG-Static,6,2,332,970e910a9bcc125b,200,1
customxss,calc,CG-Static,6,2,334,03d7ae86de072899,200,1
customxss,calc,CG-Static,6,2,335,722290efbbd98b77,200,1
customxss,calc,CG-Static,6,2,336,2de2f2c64a93236c,200,1
customxss,calc,CG-Static,6,2,337,9d54f2fb2a6498d5,200,1
customxss,calc,CG-Static,6,2,338,ed44c337988c3136,200,1
customxss,calc,CG-Static,6,2,339,ee8bb011cba6b731,200,1
customxss,calc,CG-Static,6,2,340,c94d17e3d5ecc262,200,1
customxss,calc,CG-Static,6,2,343,76783c753b8672ad,200,1
customxss,calc,CG-Static,6,5,236,68fd0bbd02db22a7,200,1
customxss,calc,CG-Static,6,3,34,ea02d9d98fa34f99,200,1
customxss,calc,CG-Static,6,3,108,cbe5dc7fe95b9093,200,1
customxss,calc,CG-Static,6,3,147,e4c4b4ee0aced651,200,1
customxss,calc,CG-Static,7,1,17,8e01ea43378f9f03,200,1
customxss,calc,CG-Static,7,1,24,03186c78e3cbacf6,200,1
customxss,calc,CG-Static,7,1,58,e2078c71d14e7534,200,1
customxss,calc,CG-Static,7,1,90,5294b2a45b0d53c0,200,1
customxss,calc,CG-Static,7,1,109,aa90c7e3850d353c,200,1
customxss,calc,CG-Static,7,1,122,39ee08edfd4f0e79,200,1
customxss,calc,CG-Static,7,1,146,24782e4e90154e6d,200,1
customxss,calc,CG-Static,7,1,164,cb3280bf68fee7f5,200,1
customxss,calc,CG-Static,7,1,199,d0b9eef596b8d9f6,200,1
customxss,calc,CG-Static,7,1,209,82a7b51b1a9040c7,200,1
customxss,calc,CG-Static,7,1,228,60ecd44b3ec6ebd2,200,1
customxss,calc,CG-Static,7,1,257,99b0a68346df5272,200,1
customxss,calc,CG-Static,7,1,259,0d0139c94710288e,200,1
customxss,calc,CG-Static,7,1,282,2d2f74d378f0501f,200,1
customxss,calc,CG-Static,7,1,290,7f3e36981ec46367,200,1
customxss,calc,CG-Static,7,1,306,90f920c2283584f4,200,1
customxss,calc,CG-Static,7,1,316,bc00a2a8f44a7090,200,1
customxss,calc,CG-Static,7,1,323,fb24f4e4344d72f4,200,1
customxss,calc,CG-Static,7,1,339,0629b1520c0a7882,200,1
customxss,calc,CG-Static,7,1,353,c0940c90d7efe548,200,1
customxss,calc,CG-Static,7,1,357,3deb0eaf6e229dcf,200,1
customxss,calc,CG-Static,7,1,363,1ba69cd834860c93,200,1
customxss,calc,CG-Static,7,1,370,de50f505c227c0a9,200,1
customxss,calc,CG-Static,7,1,374,d3edf386f5ce0dd9,200,1
customxss,calc,CG-Static,7,1,387,3b7183f9b3a82e6d,200,1
customxss,calc,CG-Static,7,4,17,03bf8354b8431345,200,1
customxss,calc,CG-Static,7,4,26,bdc0f7c86653aabd,200,1
customxss,calc,CG-Static,7,4,46,0c7c88be8ee8f86c,200,1
customxss,calc,CG-Static,7,4,59,c8fa3c7b8e41f424,200,1
customxss,calc,CG-Static,7,4,72,00c85131401a7fc3,200,1
customxss,calc,CG-Static,7,4,88,bf7af6023cd626b0,200,1
customxss,calc,CG-Static,7,4,129,fd30128ad3d8d41c,200,1
customxss,calc,CG-Static,7,4,205,442e32810bdc1ca9,200,1
customxss,calc,CG-Static,7,4,298,c9bc2de4d3b56d5a,200,1
customxss,calc,CG-Static,7,4,345,8d293096b9024c43,200,1
customxss,calc,CG-Static,7,2,18,a0eb636978c99da9,200,1
customxss,calc,CG-Static,7,2,46,2b0f9187b1fc76eb,200,1
customxss,calc,CG-Static,7,2,50,34120551361c3c37,200,1
customxss,calc,CG-Static,7,2,61,7a62e11c390e1e29,200,1
customxss,calc,CG-Static,7,2,72,20fed3180ffe5387,200,1
customxss,calc,CG-Static,7,2,83,3bd5d92791ddc1fb,200,1
customxss,calc,CG-Static,7,2,92,9f5e57f1959893d2,200,1
customxss,calc,CG-Static,7,2,99,30152e839af1da82,200,1
customxss,calc,CG-Static,7,2,107,51b74203d55c2c86,200,1
customxss,calc,CG-Static,7,2,121,095e1e60680aa519,200,1
customxss,calc,CG-Static,7,2,126,f0e46dbbb99b1048,200,1
customxss,calc,CG-Static,7,2,137,ae8ac2cc139264ed,200,1
customxss,calc,CG-Static,7,2,139,9ac8c0431cbbc30b,200,1
customxss,calc,CG-Static,7,2,153,3414bc4403bb0606,200,1
customxss,calc,CG-Static,7,2,158,50f2e34869613f24,200,1
customxss,calc,CG-Static,7,2,161,f85201579b0a7b64,200,1
customxss,calc,CG-Static,7,2,163,431e275ec34c8e60,200,1
customxss,calc,CG-Static,7,2,172,84dedde85a121a7f,200,1
customxss,calc,CG-Static,7,2,177,bac7ef046cb76f90,200,1
customxss,calc,CG-Static,7,2,189,6c1bc36b3236c63d,200,1
customxss,calc,CG-Static,7,2,197,952cb36589ea76f6,200,1
customxss,calc,CG-Static,7,2,198,22c5a96d82419484,200,1
customxss,calc,CG-Static,7,2,200,e0dd999204ea64bb,200,1
customxss,calc,CG-Static,7,2,202,273e4ac6ca292699,200,1
customxss,calc,CG-Static,7,2,206,bc7cf6e4ffbcfc75,200,1
customxss,calc,CG-Static,7,2,211,4805974840a28cf3,200,1
customxss,calc,CG-Static,7,2,226,2a357b628688e42b,200,1
customxss,calc,CG-Static,7,2,235,84abb2ca4971e9e2,200,1
customxss,calc,CG-Static,7,2,238,65161283c2f17efd,200,1
customxss,calc,CG-Static,7,2,240,8dc1a6fa1a2b8775,200,1
customxss,calc,CG-Static,7,2,242,8d261062e7f76b7e,200,1
customxss,calc,CG-Static,7,2,245,bc4ff8fd04c4cd41,200,1
customxss,calc,CG-Static,7,2,247,dd545ac1f984dcc3,200,1
customxss,calc,CG-Static,7,2,249,3bf2c90432cbf817,200,1
customxss,calc,CG-Static,7,2,252,821fca95e1dfcb99,200,1
customxss,calc,CG-Static,7,2,259,4d781ab8960c176d,200,1
customxss,calc,CG-Static,7,2,264,2e19785c0af3b330,200,1
customxss,calc,CG-Static,7,2,266,5edf57957ba6600f,200,1
customxss,calc,CG-Static,7,2,272,77ba5a882aad1d49,200,1
customxss,calc,CG-Static,7,2,275,5b34b479903ea807,200,1
customxss,calc,CG-Static,7,2,276,9c27809cd894f70f,200,1
customxss,calc,CG-Static,7,2,279,ad4d81c633330699,200,1
customxss,calc,CG-Static,7,2,282,f650ff476b0ab998,200,1
customxss,calc,CG-Static,7,2,283,de5ed9b3bc104c57,200,1
customxss,calc,CG-Static,7,2,284,986660fd44e1006a,200,1
customxss,calc,CG-Static,7,2,286,117687fb709b3fca,200,1
customxss,calc,CG-Static,7,2,290,bff14ec5a6490300,200,1
customxss,calc,CG-Static,7,2,291,f669e7c07730bfcb,200,1
customxss,calc,CG-Static,7,2,294,5878bbaf85ba9b99,200,1
customxss,calc,CG-Static,7,2,298,e2c7a0791390aa08,200,1
customxss,calc,CG-Static,7,2,299,5e42cdb5983b11ba,200,1
customxss,calc,CG-Static,7,2,301,3b425eb178e911b4,200,1
customxss,calc,CG-Static,7,2,302,33575a9fc9487edb,200,1
customxss,calc,CG-Static,7,2,305,d7f3218596c0d7ac,200,1
customxss,calc,CG-Static,7,2,309,e1a6fd8c21a2fed4,200,1
customxss,calc,CG-Static,7,2,311,584241c9c94e0b3e,200,1
customxss,calc,CG-Static,7,2,312,7063683aa4518319,200,1
customxss,calc,CG-Static,7,2,313,a2a0dce9057f7725,200,1
customxss,calc,CG-Static,7,2,314,7b352319b329b323,200,1
customxss,calc,CG-Static,7,2,316,29a04287dcc917bb,200,1
customxss,calc,CG-Static,7,2,318,e3c23dd04ecdc5da,200,1
customxss,calc,CG-Static,7,2,322,6b2f9134e5c2cbcb,200,1
customxss,calc,CG-Static,7,2,323,850d9c195585c3f8,200,1
customxss,calc,CG-Static,7,2,327,fa96d9609078548e,200,1
customxss,calc,CG-Static,7,2,328,7186438856d43fa4,200,1
customxss,calc,CG-Static,7,2,331,f55419d5f73f43db,200,1
customxss,calc,CG-Static,7,2,332,970e910a9bcc125b,200,1
customxss,calc,CG-Static,7,2,334,03d7ae86de072899,200,1
customxss,calc,CG-Static,7,2,335,722290efbbd98b77,200,1
customxss,calc,CG-Static,7,2,336,2de2f2c64a93236c,200,1
customxss,calc,CG-Static,7,2,337,9d54f2fb2a6498d5,200,1
customxss,calc,CG-Static,7,2,338,ed44c337988c3136,200,1
customxss,calc,CG-Static,7,2,339,ee8bb011cba6b731,200,1
customxss,calc,CG-Static,7,2,340,c94d17e3d5ecc262,200,1
customxss,calc,CG-Static,7,2,343,76783c753b8672ad,200,1
customxss,calc,CG-Static,7,5,236,68fd0bbd02db22a7,200,1
customxss,calc,CG-Static,7,3,34,ea02d9d98fa34f99,200,1
customxss,calc,CG-Static,7,3,108,cbe5dc7fe95b9093,200,1
customxss,calc,CG-Static,7,3,147,e4c4b4ee0aced651,200,1
customxss,calc,CG-Static,8,1,17,8e01ea43378f9f03,200,1
customxss,calc,CG-Static,8,1,24,03186c78e3cbacf6,200,1
customxss,calc,CG-Static,8,1,58,e2078c71d14e7534,200,1
customxss,calc,CG-Static,8,1,90,5294b2a45b0d53c0,200,1
customxss,calc,CG-Static,8,1,109,aa90c7e3850d353c,200,1
customxss,calc,CG-Static,8,1,122,39ee08edfd4f0e79,200,1
customxss,calc,CG-Static,8,1,146,24782e4e90154e6d,200,1
customxss,calc,CG-Static,8,1,164,cb3280bf68fee7f5,200,1
customxss,calc,CG-Static,8,1,199,d0b9eef596b8d9f6,200,1
customxss,calc,CG-Static,8,1,209,82a7b51b1a9040c7,200,1
customxss,calc,CG-Static,8,1,228,60ecd44b3ec6ebd2,200,1
customxss,calc,CG-Static,8,1,257,99b0a68346df5272,200,1
customxss,calc,CG-Static,8,1,259,0d0139c94710288e,200,1
customxss,calc,CG-Static,8,1,282,2d2f74d378f0501f,200,1
customxss,calc,CG-Static,8,1,290,7f3e36981ec46367,200,1
customxss,calc,CG-Static,8,1,306,90f920c2283584f4,200,1
customxss,calc,CG-Static,8,1,316,bc00a2a8f44a7090,200,1
customxss,calc,CG-Static,8,1,323,fb24f4e4344d72f4,200,1
customxss,calc,CG-Static,8,1,339,0629b1520c0a7882,200,1
customxss,calc,CG-Static,8,1,353,c0940c90d7efe548,200,1
customxss,calc,CG-Static,8,1,357,3deb0eaf6e229dcf,200,1
customxss,calc,CG-Static,8,1,363,1ba69cd834860c93,200,1
customxss,calc,CG-Static,8,1,370,de50f505c227c0a9,200,1
customxss,calc,CG-Static,8,1,374,d3edf386f5ce0dd9,200,1
customxss,calc,CG-Static,8,1,387,3b7183f9b3a82e6d,200,1
customxss,calc,CG-Static,8,4,17,03bf8354b8431345,200,1
customxss,calc,CG-Static,8,4,26,bdc0f7c86653aabd,200,1
customxss,calc,CG-Static,8,4,46,0c7c88be8ee8f86c,200,1
customxss,calc,CG-Static,8,4,59,c8fa3c7b8e41f424,200,1
customxss,calc,CG-Static,8,4,72,00c85131401a7fc3,200,1
customxss,calc,CG-Static,8,4,88,bf7af6023cd626b0,200,1
customxss,calc,CG-Static,8,4,129,fd30128ad3d8d41c,200,1
customxss,calc,CG-Static,8,4,205,442e32810bdc1ca9,200,1
customxss,calc,CG-Static,8,4,298,c9bc2de4d3b56d5a,200,1
customxss,calc,CG-Static,8,4,345,8d293096b9024c43,200,1
customxss,calc,CG-Static,8,2,18,a0eb636978c99da9,200,1
customxss,calc,CG-Static,8,2,46,2b0f9187b1fc76eb,200,1
customxss,calc,CG-Static,8,2,50,34120551361c3c37,200,1
customxss,calc,CG-Static,8,2,61,7a62e11c390e1e29,200,1
customxss,calc,CG-Static,8,2,72,20fed3180ffe5387,200,1
customxss,calc,CG-Static,8,2,83,3bd5d92791ddc1fb,200,1
customxss,calc,CG-Static,8,2,92,9f5e57f1959893d2,200,1
customxss,calc,CG-Static,8,2,99,30152e839af1da82,200,1
customxss,calc,CG-Static,8,2,107,51b74203d55c2c86,200,1
customxss,calc,CG-Static,8,2,121,095e1e60680aa519,200,1
customxss,calc,CG-Static,8,2,126,f0e46dbbb99b1048,200,1
customxss,calc,CG-Static,8,2,137,ae8ac2cc139264ed,200,1
customxss,calc,CG-Static,8,2,139,9ac8c0431cbbc30b,200,1
customxss,calc,CG-Static,8,2,153,3414bc4403bb0606,200,1
customxss,calc,CG-Static,8,2,158,50f2e34869613f24,200,1
customxss,calc,CG-Static,8,2,161,f85201579b0a7b64,200,1
customxss,calc,CG-Static,8,2,163,431e275ec34c8e60,200,1
customxss,calc,CG-Static,8,2,172,84dedde85a121a7f,200,1
customxss,calc,CG-Static,8,2,177,bac7ef046cb76f90,200,1
customxss,calc,CG-Static,8,2,189,6c1bc36b3236c63d,200,1
customxss,calc,CG-Static,8,2,197,952cb36589ea76f6,200,1
customxss,calc,CG-Static,8,2,198,22c5a96d82419484,200,1
customxss,calc,CG-Static,8,2,200,e0dd999204ea64bb,200,1
customxss,calc,CG-Static,8,2,202,273e4ac6ca292699,200,1
customxss,calc,CG-Static,8,2,206,bc7cf6e4ffbcfc75,200,1
customxss,calc,CG-Static,8,2,211,4805974840a28cf3,200,1
customxss,calc,CG-Static,8,2,226,2a357b628688e42b,200,1
customxss,calc,CG-Static,8,2,235,84abb2ca4971e9e2,200,1
customxss,calc,CG-Static,8,2,238,65161283c2f17efd,200,1
customxss,calc,CG-Static,8,2,240,8dc1a6fa1a2b8775,200,1
customxss,calc,CG-Static,8,2,242,8d261062e7f76b7e,200,1
customxss,calc,CG-Static,8,2,245,bc4ff8fd04c4cd41,200,1
customxss,calc,CG-Static,8,2,247,dd545ac1f984dcc3,200,1
customxss,calc,CG-Static,8,2,249,3bf2c90432cbf817,200,1
customxss,calc,CG-Static,8,2,252,821fca95e1dfcb99,200,1
customxss,calc,CG-Static,8,2,259,4d781ab8960c176d,200,1
customxss,calc,CG-Static,8,2,264,2e19785c0af3b330,200,1
customxss,calc,CG-Static,8,2,266,5edf57957ba6600f,200,1
customxss,calc,CG-Static,8,2,272,77ba5a882aad1d49,200,1
customxss,calc,CG-Static,8,2,275,5b34b479903ea807,200,1
customxss,calc,CG-Static,8,2,276,9c27809cd894f70f,200,1
customxss,calc,CG-Static,8,2,279,ad4d81c633330699,200,1
customxss,calc,CG-Static,8,2,282,f650ff476b0ab998,200,1
customxss,calc,CG-Static,8,2,283,de5ed9b3bc104c57,200,1
customxss,calc,CG-Static,8,2,284,986660fd44e1006a,200,1
customxss,calc,CG-Static,8,2,286,117687fb709b3fca,200,1
customxss,calc,CG-Static,8,2,290,bff14ec5a6490300,200,1
customxss,calc,CG-Static,8,2,291,f669e7c07730bfcb,200,1
customxss,calc,CG-Static,8,2,294,5878bbaf85ba9b99,200,1
customxss,calc,CG-Static,8,2,298,e2c7a0791390aa08,200,1
customxss,calc,CG-Static,8,2,299,5e42cdb5983b11ba,200,1
customxss,calc,CG-Static,8,2,301,3b425eb178e911b4,200,1
customxss,calc,CG-Static,8,2,302,33575a9fc9487edb,200,1
customxss,calc,CG-Static,8,2,305,d7f3218596c0d7ac,200,1
customxss,calc,CG-Static,8,2,309,e1a6fd8c21a2fed4,200,1
customxss,calc,CG-Static,8,2,311,584241c9c94e0b3e,200,1
customxss,calc,CG-Static,8,2,312,7063683aa4518319,200,1
customxss,calc,CG-Static,8,2,313,a2a0dce9057f7725,200,1
customxss,calc,CG-Static,8,2,314,7b352319b329b323,200,1
customxss,calc,CG-Static,8,2,316,29a04287dcc917bb,200,1
customxss,calc,CG-Static,8,2,318,e3c23dd04ecdc5da,200,1
customxss,calc,CG-Static,8,2,322,6b2f9134e5c2cbcb,200,1
customxss,calc,CG-Static,8,2,323,850d9c195585c3f8,200,1
customxss,calc,CG-Static,8,2,327,fa96d9609078548e,200,1
customxss,calc,CG-Static,8,2,328,7186438856d43fa4,200,1
customxss,calc,CG-Static,8,2,331,f55419d5f73f43db,200,1
customxss,calc,CG-Static,8,2,332,970e910a9bcc125b,200,1
customxss,calc,CG-Static,8,2,334,03d7ae86de072899,200,1
customxss,calc,CG-Static,8,2,335,722290efbbd98b77,200,1
customxss,calc,CG-Static,8,2,336,2de2f2c64a93236c,200,1
customxss,calc,CG-Static,8,2,337,9d54f2fb2a6498d5,200,1
customxss,calc,CG-Static,8,2,338,ed44c337988c3136,200,1
customxss,calc,CG-Static,8,2,339,ee8bb011cba6b731,200,1
customxss,calc,CG-Static,8,2,340,c94d17e3d5ecc262,200,1
customxss,calc,CG-Static,8,2,343,76783c753b8672ad,200,1
customxss,calc,CG-Static,8,5,236,68fd0bbd02db22a7,200,1
customxss,calc,CG-Static,8,3,34,ea02d9d98fa34f99,200,1
customxss,calc,CG-Static,8,3,108,cbe5dc7fe95b9093,200,1
customxss,calc,CG-Static,8,3,147,e4c4b4ee0aced651,200,1
customxss,calc,CG-Static,9,1,17,8e01ea43378f9f03,200,1
customxss,calc,CG-Static,9,1,24,03186c78e3cbacf6,200,1
customxss,calc,CG-Static,9,1,58,e2078c71d14e7534,200,1
customxss,calc,CG-Static,9,1,90,5294b2a45b0d53c0,200,1
customxss,calc,CG-Static,9,1,109,aa90c7e3850d353c,200,1
customxss,calc,CG-Static,9,1,122,39ee08edfd4f0e79,200,1
customxss,calc,CG-Static,9,1,146,24782e4e90154e6d,200,1
customxss,calc,CG-Static,9,1,164,cb3280bf68fee7f5,200,1
customxss,calc,CG-Static,9,1,199,d0b9eef596b8d9f6,200,1
customxss,calc,CG-Static,9,1,209,82a7b51b1a9040c7,200,1
customxss,calc,CG-Static,9,1,228,60ecd44b3ec6ebd2,200,1
customxss,calc,CG-Static,9,1,257,99b0a68346df5272,200,1
customxss,calc,CG-Static,9,1,259,0d0139c94710288e,200,1
customxss,calc,CG-Static,9,1,282,2d2f74d378f0501f,200,1
customxss,calc,CG-Static,9,1,290,7f3e36981ec46367,200,1
customxss,calc,CG-Static,9,1,306,90f920c2283584f4,200,1
customxss,calc,CG-Static,9,1,316,bc00a2a8f44a7090,200,1
customxss,calc,CG-Static,9,1,323,fb24f4e4344d72f4,200,1
customxss,calc,CG-Static,9,1,339,0629b1520c0a7882,200,1
customxss,calc,CG-Static,9,1,353,c0940c90d7efe548,200,1
customxss,calc,CG-Static,9,1,357,3deb0eaf6e229dcf,200,1
customxss,calc,CG-Static,9,1,363,1ba69cd834860c93,200,1
customxss,calc,CG-Static,9,1,370,de50f505c227c0a9,200,1
customxss,calc,CG-Static,9,1,374,d3edf386f5ce0dd9,200,1
customxss,calc,CG-Static,9,1,387,3b7183f9b3a82e6d,200,1
customxss,calc,CG-Static,9,4,17,03bf8354b8431345,200,1
customxss,calc,CG-Static,9,4,26,bdc0f7c86653aabd,200,1
customxss,calc,CG-Static,9,4,46,0c7c88be8ee8f86c,200,1
customxss,calc,CG-Static,9,4,59,c8fa3c7b8e41f424,200,1
customxss,calc,CG-Static,9,4,72,00c85131401a7fc3,200,1
customxss,calc,CG-Static,9,4,88,bf7af6023cd626b0,200,1
customxss,calc,CG-Static,9,4,129,fd30128ad3d8d41c,200,1
customxss,calc,CG-Static,9,4,205,442e32810bdc1ca9,200,1
customxss,calc,CG-Static,9,4,298,c9bc2de4d3b56d5a,200,1
customxss,calc,CG-Static,9,4,345,8d293096b9024c43,200,1
customxss,calc,CG-Static,9,2,18,a0eb636978c99da9,200,1
customxss,calc,CG-Static,9,2,46,2b0f9187b1fc76eb,200,1
customxss,calc,CG-Static,9,2,50,34120551361c3c37,200,1
customxss,calc,CG-Static,9,2,61,7a62e11c390e1e29,200,1
customxss,calc,CG-Static,9,2,72,20fed3180ffe5387,200,1
customxss,calc,CG-Static,9,2,83,3bd5d92791ddc1fb,200,1
customxss,calc,CG-Static,9,2,92,9f5e57f1959893d2,200,1
customxss,calc,CG-Static,9,2,99,30152e839af1da82,200,1
customxss,calc,CG-Static,9,2,107,51b74203d55c2c86,200,1
customxss,calc,CG-Static,9,2,121,095e1e60680aa519,200,1
customxss,calc,CG-Static,9,2,126,f0e46dbbb99b1048,200,1
customxss,calc,CG-Static,9,2,137,ae8ac2cc139264ed,200,1
customxss,calc,CG-Static,9,2,139,9ac8c0431cbbc30b,200,1
customxss,calc,CG-Static,9,2,153,3414bc4403bb0606,200,1
customxss,calc,CG-Static,9,2,158,50f2e34869613f24,200,1
customxss,calc,CG-Static,9,2,161,f85201579b0a7b64,200,1
customxss,calc,CG-Static,9,2,163,431e275ec34c8e60,200,1
customxss,calc,CG-Static,9,2,172,84dedde85a121a7f,200,1
customxss,calc,CG-Static,9,2,177,bac7ef046cb76f90,200,1
customxss,calc,CG-Static,9,2,189,6c1bc36b3236c63d,200,1
customxss,calc,CG-Static,9,2,197,952cb36589ea76f6,200,1
customxss,calc,CG-Static,9,2,198,22c5a96d82419484,200,1
customxss,calc,CG-Static,9,2,200,e0dd999204ea64bb,200,1
customxss,calc,CG-Static,9,2,202,273e4ac6ca292699,200,1
customxss,calc,CG-Static,9,2,206,bc7cf6e4ffbcfc75,200,1
customxss,calc,CG-Static,9,2,211,4805974840a28cf3,200,1
customxss,calc,CG-Static,9,2,226,2a357b628688e42b,200,1
customxss,calc,CG-Static,9,2,235,84abb2ca4971e9e2,200,1
customxss,calc,CG-Static,9,2,238,65161283c2f17efd,200,1
customxss,calc,CG-Static,9,2,240,8dc1a6fa1a2b8775,200,1
customxss,calc,CG-Static,9,2,242,8d261062e7f76b7e,200,1
customxss,calc,CG-Static,9,2,245,bc4ff8fd04c4cd41,200,1
customxss,calc,CG-Static,9,2,247,dd545ac1f984dcc3,200,1
customxss,calc,CG-Static,9,2,249,3bf2c90432cbf817,200,1
customxss,calc,CG-Static,9,2,252,821fca95e1dfcb99,200,1
customxss,calc,CG-Static,9,2,259,4d781ab8960c176d,200,1
customxss,calc,CG-Static,9,2,264,2e19785c0af3b330,200,1
customxss,calc,CG-Static,9,2,266,5edf57957ba6600f,200,1
customxss,calc,CG-Static,9,2,272,77ba5a882aad1d49,200,1
customxss,calc,CG-Static,9,2,275,5b34b479903ea807,200,1
customxss,calc,CG-Static,9,2,276,9c27809cd894f70f,200,1
customxss,calc,CG-Static,9,2,279,ad4d81c633330699,200,1
customxss,calc,CG-Static,9,2,282,f650ff476b0ab998,200,1
customxss,calc,CG-Static,9,2,283,de5ed9b3bc104c57,200,1
customxss,calc,CG-Static,9,2,284,986660fd44e1006a,200,1
customxss,calc,CG-Static,9,2,286,117687fb709b3fca,200,1
customxss,calc,CG-Static,9,2,290,bff14ec5a6490300,200,1
customxss,calc,CG-Static,9,2,291,f669e7c07730bfcb,200,1
customxss,calc,CG-Static,9,2,294,5878bbaf85ba9b99,200,1
customxss,calc,CG-Static,9,2,298,e2c7a0791390aa08,200,1
customxss,calc,CG-Static,9,2,299,5e42cdb5983b11ba,200,1
customxss,calc,CG-Static,9,2,301,3b425eb178e911b4,200,1
customxss,calc,CG-Static,9,2,302,33575a9fc9487edb,200,1
customxss,calc,CG-Static,9,2,305,d7f3218596c0d7ac,200,1
customxss,calc,CG-Static,9,2,309,e1a6fd8c21a2fed4,200,1
customxss,calc,CG-Static,9,2,311,584241c9c94e0b3e,200,1
customxss,calc,CG-Static,9,2,312,7063683aa4518319,200,1
customxss,calc,CG-Static,9,2,313,a2a0dce9057f7725,200,1
customxss,calc,CG-Static,9,2,314,7b352319b329b323,200,1
customxss,calc,CG-Static,9,2,316,29a04287dcc917bb,200,1
customxss,calc,CG-Static,9,2,318,e3c23dd04ecdc5da,200,1
customxss,calc,CG-Static,9,2,322,6b2f9134e5c2cbcb,200,1
customxss,calc,CG-Static,9,2,323,850d9c195585c3f8,200,1
customxss,calc,CG-Static,9,2,327,fa96d9609078548e,200,1
customxss,calc,CG-Static,9,2,328,7186438856d43fa4,200,1
customxss,calc,CG-Static,9,2,331,f55419d5f73f43db,200,1
customxss,calc,CG-Static,9,2,332,970e910a9bcc125b,200,1
customxss,calc,CG-Static,9,2,334,03d7ae86de072899,200,1
customxss,calc,CG-Static,9,2,335,722290efbbd98b77,200,1
customxss,calc,CG-Static,9,2,336,2de2f2c64a93236c,200,1
customxss,calc,CG-Static,9,2,337,9d54f2fb2a6498d5,200,1
customxss,calc,CG-Static,9,2,338,ed44c337988c3136,200,1
customxss,calc,CG-Static,9,2,339,ee8bb011cba6b731,200,1
customxss,calc,CG-Static,9,2,340,c94d17e3d5ecc262,200,1
customxss,calc,CG-Static,9,2,343,76783c753b8672ad,200,1
customxss,calc,CG-Static,9,5,236,68fd0bbd02db22a7,200,1
customxss,calc,CG-Static,9,3,34,ea02d9d98fa34f99,200,1
customxss,calc,CG-Static,9,3,108,cbe5dc7fe95b9093,200,1
customxss,calc,CG-Static,9,3,147,e4c4b4ee0aced651,200,1
customxss,search,CG-Adaptive,1,1,28,2b601fb5e0f106ca,200,1
customxss,search,CG-Adaptive,1,1,62,de972f35afb3a6b2,200,1
customxss,search,CG-Adaptive,1,5,18,f10878d7ec43bcfc,200,1
customxss,search,CG-Adaptive,1,5,38,d5afd5dfbdca301a,200,1
customxss,search,CG-Adaptive,1,5,42,64ecb2477ac035b1,200,1
customxss,search,CG-Adaptive,1,5,53,e2f91d2ab52dc467,200,1
customxss,search,CG-Adaptive,1,5,90,ae59f0dbe4489fe5,200,1
customxss,search,CG-Adaptive,1,5,94,4e8ce0e1b1d36ae4,200,1
customxss,search,CG-Adaptive,1,5,105,03887e07a54c42b8,200,1
customxss,search,CG-Adaptive,1,5,145,ed709efe7df71245,200,1
customxss,search,CG-Adaptive,1,5,155,54026fa3daa29a19,200,1
customxss,search,CG-Adaptive,1,5,167,cc916476b1994c82,200,1
customxss,search,CG-Adaptive,1,5,183,ff477223e652e9a8,200,1
customxss,search,CG-Adaptive,1,5,192,881d320b5c55c907,200,1
customxss,search,CG-Adaptive,1,5,205,2e0e9cda05ea6fb4,200,1
customxss,search,CG-Adaptive,1,5,218,8f658a1bccfe587f,200,1
customxss,search,CG-Adaptive,1,5,228,6d3b1f5136eb0ef0,200,1
customxss,search,CG-Adaptive,1,5,243,369a5f738e5d14c4,200,1
customxss,search,CG-Adaptive,1,5,261,7beba924ff2f4e7d,200,1
customxss,search,CG-Adaptive,1,5,278,746daca71ce563e2,200,1
customxss,search,CG-Adaptive,1,5,289,0d596c686cb6b9b3,200,1
customxss,search,CG-Adaptive,1,5,305,63385b31beecb3d2,200,1
customxss,search,CG-Adaptive,1,5,319,bc42a704a24b2946,200,1
customxss,search,CG-Adaptive,1,5,322,bd13dee051151dc7,200,1
customxss,search,CG-Adaptive,1,5,333,a196e6947a2c0233,200,1
customxss,search,CG-Adaptive,1,5,346,7ff9bba61e370f6f,200,1
customxss,search,CG-Adaptive,1,5,350,7831fbe84ee1123e,200,1
customxss,search,CG-Adaptive,10,5,42,64ecb2477ac035b1,200,1
customxss,search,CG-Adaptive,10,5,94,4e8ce0e1b1d36ae4,200,1
customxss,search,CG-Adaptive,10,5,105,03887e07a54c42b8,200,1
customxss,search,CG-Adaptive,10,5,322,bd13dee051151dc7,200,1
customxss,search,CG-Adaptive,10,5,350,7831fbe84ee1123e,200,1
customxss,search,CG-Adaptive,2,5,42,64ecb2477ac035b1,200,1
customxss,search,CG-Adaptive,2,5,94,4e8ce0e1b1d36ae4,200,1
customxss,search,CG-Adaptive,2,5,105,03887e07a54c42b8,200,1
customxss,search,CG-Adaptive,2,5,322,bd13dee051151dc7,200,1
customxss,search,CG-Adaptive,3,5,42,64ecb2477ac035b1,200,1
customxss,search,CG-Adaptive,3,5,94,4e8ce0e1b1d36ae4,200,1
customxss,search,CG-Adaptive,3,5,105,03887e07a54c42b8,200,1
customxss,search,CG-Adaptive,3,5,322,bd13dee051151dc7,200,1
customxss,search,CG-Adaptive,4,5,42,64ecb2477ac035b1,200,1
customxss,search,CG-Adaptive,4,5,94,4e8ce0e1b1d36ae4,200,1
customxss,search,CG-Adaptive,4,5,105,03887e07a54c42b8,200,1
customxss,search,CG-Adaptive,4,5,322,bd13dee051151dc7,200,1
customxss,search,CG-Adaptive,5,5,42,64ecb2477ac035b1,200,1
customxss,search,CG-Adaptive,5,5,94,4e8ce0e1b1d36ae4,200,1
customxss,search,CG-Adaptive,5,5,105,03887e07a54c42b8,200,1
customxss,search,CG-Adaptive,5,5,322,bd13dee051151dc7,200,1
customxss,search,CG-Adaptive,6,5,42,64ecb2477ac035b1,200,1
customxss,search,CG-Adaptive,6,5,94,4e8ce0e1b1d36ae4,200,1
customxss,search,CG-Adaptive,6,5,105,03887e07a54c42b8,200,1
customxss,search,CG-Adaptive,6,5,322,bd13dee051151dc7,200,1
customxss,search,CG-Adaptive,6,5,350,7831fbe84ee1123e,200,1
customxss,search,CG-Adaptive,7,5,42,64ecb2477ac035b1,200,1
customxss,search,CG-Adaptive,7,5,94,4e8ce0e1b1d36ae4,200,1
customxss,search,CG-Adaptive,7,5,105,03887e07a54c42b8,200,1
customxss,search,CG-Adaptive,7,5,322,bd13dee051151dc7,200,1
customxss,search,CG-Adaptive,7,5,350,7831fbe84ee1123e,200,1
customxss,search,CG-Adaptive,9,5,42,64ecb2477ac035b1,200,1
customxss,search,CG-Adaptive,9,5,94,4e8ce0e1b1d36ae4,200,1
customxss,search,CG-Adaptive,9,5,105,03887e07a54c42b8,200,1
customxss,search,CG-Adaptive,9,5,322,bd13dee051151dc7,200,1
customxss,search,CG-Static,1,5,42,64ecb2477ac035b1,200,1
customxss,search,CG-Static,1,5,94,4e8ce0e1b1d36ae4,200,1
customxss,search,CG-Static,1,5,105,03887e07a54c42b8,200,1
customxss,search,CG-Static,1,5,322,bd13dee051151dc7,200,1
customxss,search,CG-Static,10,5,42,64ecb2477ac035b1,200,1
customxss,search,CG-Static,10,5,94,4e8ce0e1b1d36ae4,200,1
customxss,search,CG-Static,10,5,105,03887e07a54c42b8,200,1
customxss,search,CG-Static,10,5,322,bd13dee051151dc7,200,1
customxss,search,CG-Static,10,5,350,7831fbe84ee1123e,200,1
customxss,search,CG-Static,2,5,42,64ecb2477ac035b1,200,1
customxss,search,CG-Static,2,5,94,4e8ce0e1b1d36ae4,200,1
customxss,search,CG-Static,2,5,105,03887e07a54c42b8,200,1
customxss,search,CG-Static,2,5,322,bd13dee051151dc7,200,1
customxss,search,CG-Static,2,5,350,7831fbe84ee1123e,200,1
customxss,search,CG-Static,3,5,42,64ecb2477ac035b1,200,1
customxss,search,CG-Static,3,5,94,4e8ce0e1b1d36ae4,200,1
customxss,search,CG-Static,3,5,105,03887e07a54c42b8,200,1
customxss,search,CG-Static,3,5,322,bd13dee051151dc7,200,1
customxss,search,CG-Static,4,5,42,64ecb2477ac035b1,200,1
customxss,search,CG-Static,4,5,94,4e8ce0e1b1d36ae4,200,1
customxss,search,CG-Static,4,5,105,03887e07a54c42b8,200,1
customxss,search,CG-Static,4,5,322,bd13dee051151dc7,200,1
customxss,search,CG-Static,5,5,42,64ecb2477ac035b1,200,1
customxss,search,CG-Static,5,5,94,4e8ce0e1b1d36ae4,200,1
customxss,search,CG-Static,5,5,105,03887e07a54c42b8,200,1
customxss,search,CG-Static,5,5,322,bd13dee051151dc7,200,1
customxss,search,CG-Static,6,5,42,64ecb2477ac035b1,200,1
customxss,search,CG-Static,6,5,94,4e8ce0e1b1d36ae4,200,1
customxss,search,CG-Static,6,5,105,03887e07a54c42b8,200,1
customxss,search,CG-Static,6,5,322,bd13dee051151dc7,200,1
customxss,search,CG-Static,7,5,42,64ecb2477ac035b1,200,1
customxss,search,CG-Static,7,5,94,4e8ce0e1b1d36ae4,200,1
customxss,search,CG-Static,7,5,105,03887e07a54c42b8,200,1
customxss,search,CG-Static,7,5,322,bd13dee051151dc7,200,1
customxss,search,CG-Static,8,5,42,64ecb2477ac035b1,200,1
customxss,search,CG-Static,8,5,94,4e8ce0e1b1d36ae4,200,1
customxss,search,CG-Static,8,5,105,03887e07a54c42b8,200,1
customxss,search,CG-Static,8,5,322,bd13dee051151dc7,200,1
customxss,search,CG-Static,9,5,42,64ecb2477ac035b1,200,1
customxss,search,CG-Static,9,5,94,4e8ce0e1b1d36ae4,200,1
customxss,search,CG-Static,9,5,105,03887e07a54c42b8,200,1
customxss,search,CG-Static,9,5,322,bd13dee051151dc7,200,1
bwapp,xss_eval,CG-Adaptive,1,1,11,b208fe51f38c9566,200,1
bwapp,xss_eval,CG-Adaptive,1,1,26,3f63ea567a5453cd,200,1
bwapp,xss_eval,CG-Adaptive,1,1,29,80fee76a05216c8f,200,1
bwapp,xss_eval,CG-Adaptive,1,1,36,f6e96c77270ef72e,200,1
bwapp,xss_eval,CG-Adaptive,1,1,39,1dd68d29570049b1,200,1
bwapp,xss_eval,CG-Adaptive,1,1,42,42698fe57364fab8,200,1
bwapp,xss_eval,CG-Adaptive,1,1,47,adfb34ca9221c153,200,1
bwapp,xss_eval,CG-Adaptive,1,1,53,a30a023f06477635,200,1
bwapp,xss_eval,CG-Adaptive,1,1,61,f34e24e91c41b9f3,200,1
bwapp,xss_eval,CG-Adaptive,1,1,63,a4b85c31538d8ca7,200,1
bwapp,xss_eval,CG-Adaptive,1,1,70,4585cfbd77f15121,200,1
bwapp,xss_eval,CG-Adaptive,1,1,72,4280e7e6325dc5aa,200,1
bwapp,xss_eval,CG-Adaptive,1,1,75,af3954b6dd7502e9,200,1
bwapp,xss_eval,CG-Adaptive,1,1,84,6775e6bb2e1c36fe,200,1
bwapp,xss_eval,CG-Adaptive,1,1,86,ced912df131e2610,200,1
bwapp,xss_eval,CG-Adaptive,1,1,87,8bdcc43995694412,200,1
bwapp,xss_eval,CG-Adaptive,1,1,91,aca32c88dad49a0b,200,1
bwapp,xss_eval,CG-Adaptive,1,1,94,9e4012569f153905,200,1
bwapp,xss_eval,CG-Adaptive,1,1,96,8e8eaef626a72738,200,1
bwapp,xss_eval,CG-Adaptive,1,1,105,7ccd33bd2f6e9a2b,200,1
bwapp,xss_eval,CG-Adaptive,1,1,107,34a82acf43b153d8,200,1
bwapp,xss_eval,CG-Adaptive,1,1,112,01de6a77c246cdfc,200,1
bwapp,xss_eval,CG-Adaptive,1,1,118,722537614d25481f,200,1
bwapp,xss_eval,CG-Adaptive,1,1,120,7e1347888698cf1f,200,1
bwapp,xss_eval,CG-Adaptive,1,1,123,d75ceb32ce52685a,200,1
bwapp,xss_eval,CG-Adaptive,1,1,126,dc1afd8bd0d8f1a8,200,1
bwapp,xss_eval,CG-Adaptive,1,1,127,cef98f55be68a924,200,1
bwapp,xss_eval,CG-Adaptive,1,1,132,e56d12d0fbd77f7a,200,1
bwapp,xss_eval,CG-Adaptive,1,1,138,1b15f5e6b406d663,200,1
bwapp,xss_eval,CG-Adaptive,1,1,140,280626e6722b952d,200,1
bwapp,xss_eval,CG-Adaptive,1,1,141,70ef73a596938712,200,1
bwapp,xss_eval,CG-Adaptive,1,1,145,f76dfdd16a7f6211,200,1
bwapp,xss_eval,CG-Adaptive,1,1,146,edfe6df688ebb526,200,1
bwapp,xss_eval,CG-Adaptive,1,1,152,26da15681b9df009,200,1
bwapp,xss_eval,CG-Adaptive,1,1,153,ded7210295aed4be,200,1
bwapp,xss_eval,CG-Adaptive,1,1,155,0edae6eea40f1366,200,1
bwapp,xss_eval,CG-Adaptive,1,1,157,83794ca0c1119d10,200,1
bwapp,xss_eval,CG-Adaptive,1,1,160,71579b40055f8fa4,200,1
bwapp,xss_eval,CG-Adaptive,1,1,164,66324c12b5679464,200,1
bwapp,xss_eval,CG-Adaptive,1,1,168,87b7c7fd04d78aef,200,1
bwapp,xss_eval,CG-Adaptive,1,1,169,cdd948a59390c2cd,200,1
bwapp,xss_eval,CG-Adaptive,1,1,172,26d3492d376c4720,200,1
bwapp,xss_eval,CG-Adaptive,1,1,175,9b135ac151f1b340,200,1
bwapp,xss_eval,CG-Adaptive,1,1,177,b183bf35d5fb66d6,200,1
bwapp,xss_eval,CG-Adaptive,1,1,178,23b114b87f5bf4b6,200,1
bwapp,xss_eval,CG-Adaptive,1,1,183,aeb1cbcb4e1c02eb,200,1
bwapp,xss_eval,CG-Adaptive,1,1,185,212baec5db21f7d1,200,1
bwapp,xss_eval,CG-Adaptive,1,1,188,f37f2044e7075455,200,1
bwapp,xss_eval,CG-Adaptive,1,1,189,ce206674dc0a4495,200,1
bwapp,xss_eval,CG-Adaptive,1,1,191,82d2985e8ca0582d,200,1
bwapp,xss_eval,CG-Adaptive,1,1,197,6a0f3d0fd578b294,200,1
bwapp,xss_eval,CG-Adaptive,1,1,198,7e98f0223a3e54a3,200,1
bwapp,xss_eval,CG-Adaptive,1,1,202,dcab26fbdb920a5f,200,1
bwapp,xss_eval,CG-Adaptive,1,1,207,04f44ec816ea1aef,200,1
bwapp,xss_eval,CG-Adaptive,1,1,208,d089ab6fee6fac61,200,1
bwapp,xss_eval,CG-Adaptive,1,1,209,3f28112efcd6d3a6,200,1
bwapp,xss_eval,CG-Adaptive,1,1,212,3659e764d9436c5c,200,1
bwapp,xss_eval,CG-Adaptive,1,1,213,4f1f8df6771e3dcf,200,1
bwapp,xss_eval,CG-Adaptive,1,1,220,1a15d1923aada0d2,200,1
bwapp,xss_eval,CG-Adaptive,1,1,221,199a8412327fbe74,200,1
bwapp,xss_eval,CG-Adaptive,1,1,222,af39b630cdb1c5eb,200,1
bwapp,xss_eval,CG-Adaptive,1,1,225,c20d8cf957b88b8a,200,1
bwapp,xss_eval,CG-Adaptive,1,2,25,cfb54071873ad3e0,200,1
bwapp,xss_eval,CG-Adaptive,1,2,51,2f539ac5f607834e,200,1
bwapp,xss_eval,CG-Adaptive,1,5,21,1dffd399342225c9,200,1
bwapp,xss_eval,CG-Adaptive,1,5,24,167e21c9ab7ba55b,200,1
bwapp,xss_eval,CG-Adaptive,1,5,28,08ecd133bae7293f,200,1
bwapp,xss_eval,CG-Adaptive,1,5,30,23de937b17aa5255,200,1
bwapp,xss_eval,CG-Adaptive,1,5,51,705d2f643f4896a9,200,1
bwapp,xss_eval,CG-Adaptive,1,5,60,c8f135614505c60e,200,1
bwapp,xss_eval,CG-Adaptive,1,5,61,a3b2d94a116d6289,200,1
bwapp,xss_eval,CG-Adaptive,1,5,71,8b246ae3bbb2abea,200,1
bwapp,xss_eval,CG-Adaptive,1,5,74,56b8fbf3dea56052,200,1
bwapp,xss_eval,CG-Adaptive,1,5,77,0448d73749d03e50,200,1
bwapp,xss_eval,CG-Adaptive,1,5,84,bf33b2eb2ee5bd57,200,1
bwapp,xss_eval,CG-Adaptive,1,5,86,8cb787f5d85ee597,200,1
bwapp,xss_eval,CG-Adaptive,1,5,92,091cf165ba04c113,200,1
bwapp,xss_eval,CG-Adaptive,1,5,99,b91aa25e429fb4af,200,1
bwapp,xss_eval,CG-Adaptive,1,5,110,853dc087744eeb82,200,1
bwapp,xss_eval,CG-Adaptive,1,5,120,cb5ba6bba20985d2,200,1
bwapp,xss_eval,CG-Adaptive,1,5,123,6ffe1a78d0164a2a,200,1
bwapp,xss_eval,CG-Adaptive,1,5,132,5898f87adc9838d5,200,1
bwapp,xss_eval,CG-Adaptive,1,5,137,428d4ab110729551,200,1
bwapp,xss_eval,CG-Adaptive,1,5,143,9771ff9000aa6475,200,1
bwapp,xss_eval,CG-Adaptive,1,5,153,b35a807e17f705a4,200,1
bwapp,xss_eval,CG-Adaptive,1,5,160,d30b2bb19569dd26,200,1
bwapp,xss_eval,CG-Adaptive,1,5,164,668f6ac9ca98e7df,200,1
bwapp,xss_eval,CG-Adaptive,1,5,166,336b0715789ec187,200,1
bwapp,xss_eval,CG-Adaptive,1,5,173,e707dee582a81158,200,1
bwapp,xss_eval,CG-Adaptive,1,5,179,a859cec7d2d8e85d,200,1
bwapp,xss_eval,CG-Adaptive,1,5,188,8d5efd1c19e49d87,200,1
bwapp,xss_eval,CG-Adaptive,1,5,196,3086fada958ca7eb,200,1
bwapp,xss_eval,CG-Adaptive,1,5,208,2c2e00b90bd147ec,200,1
bwapp,xss_eval,CG-Adaptive,1,5,221,5c754a3b03cc3d49,200,1
bwapp,xss_eval,CG-Adaptive,1,5,229,c63be07378894466,200,1
bwapp,xss_eval,CG-Adaptive,1,5,231,ce9d150afd39f92e,200,1
bwapp,xss_eval,CG-Adaptive,1,5,235,725d599e4b5213ef,200,1
bwapp,xss_eval,CG-Adaptive,1,5,240,3edb13ce8ff97895,200,1
bwapp,xss_eval,CG-Adaptive,1,5,242,759ed7f03f10064d,200,1
bwapp,xss_eval,CG-Adaptive,1,5,247,5d91b860342a286a,200,1
bwapp,xss_eval,CG-Adaptive,1,5,249,f0e977305f06b6e9,200,1
bwapp,xss_eval,CG-Adaptive,1,5,250,d8b1d99f07c7df79,200,1
bwapp,xss_eval,CG-Adaptive,1,5,260,02c867b1dba6aac4,200,1
bwapp,xss_eval,CG-Adaptive,10,1,29,80fee76a05216c8f,200,1
bwapp,xss_eval,CG-Adaptive,10,1,36,f6e96c77270ef72e,200,1
bwapp,xss_eval,CG-Adaptive,10,1,42,42698fe57364fab8,200,1
bwapp,xss_eval,CG-Adaptive,10,1,53,a30a023f06477635,200,1
bwapp,xss_eval,CG-Adaptive,10,1,63,a4b85c31538d8ca7,200,1
bwapp,xss_eval,CG-Adaptive,10,1,72,4280e7e6325dc5aa,200,1
bwapp,xss_eval,CG-Adaptive,10,1,84,6775e6bb2e1c36fe,200,1
bwapp,xss_eval,CG-Adaptive,10,1,87,8bdcc43995694412,200,1
bwapp,xss_eval,CG-Adaptive,10,1,94,9e4012569f153905,200,1
bwapp,xss_eval,CG-Adaptive,10,1,112,01de6a77c246cdfc,200,1
bwapp,xss_eval,CG-Adaptive,10,1,118,722537614d25481f,200,1
bwapp,xss_eval,CG-Adaptive,10,1,120,7e1347888698cf1f,200,1
bwapp,xss_eval,CG-Adaptive,10,1,123,d75ceb32ce52685a,200,1
bwapp,xss_eval,CG-Adaptive,10,1,126,dc1afd8bd0d8f1a8,200,1
bwapp,xss_eval,CG-Adaptive,10,1,127,cef98f55be68a924,200,1
bwapp,xss_eval,CG-Adaptive,10,1,132,e56d12d0fbd77f7a,200,1
bwapp,xss_eval,CG-Adaptive,10,1,138,1b15f5e6b406d663,200,1
bwapp,xss_eval,CG-Adaptive,10,1,140,280626e6722b952d,200,1
bwapp,xss_eval,CG-Adaptive,10,1,141,70ef73a596938712,200,1
bwapp,xss_eval,CG-Adaptive,10,1,145,f76dfdd16a7f6211,200,1
bwapp,xss_eval,CG-Adaptive,10,1,146,edfe6df688ebb526,200,1
bwapp,xss_eval,CG-Adaptive,10,1,152,26da15681b9df009,200,1
bwapp,xss_eval,CG-Adaptive,10,1,153,ded7210295aed4be,200,1
bwapp,xss_eval,CG-Adaptive,10,1,155,0edae6eea40f1366,200,1
bwapp,xss_eval,CG-Adaptive,10,1,157,83794ca0c1119d10,200,1
bwapp,xss_eval,CG-Adaptive,10,1,160,71579b40055f8fa4,200,1
bwapp,xss_eval,CG-Adaptive,10,1,164,66324c12b5679464,200,1
bwapp,xss_eval,CG-Adaptive,10,1,169,cdd948a59390c2cd,200,1
bwapp,xss_eval,CG-Adaptive,10,1,172,26d3492d376c4720,200,1
bwapp,xss_eval,CG-Adaptive,10,1,175,9b135ac151f1b340,200,1
bwapp,xss_eval,CG-Adaptive,10,1,178,23b114b87f5bf4b6,200,1
bwapp,xss_eval,CG-Adaptive,10,1,183,aeb1cbcb4e1c02eb,200,1
bwapp,xss_eval,CG-Adaptive,10,1,189,ce206674dc0a4495,200,1
bwapp,xss_eval,CG-Adaptive,10,1,191,82d2985e8ca0582d,200,1
bwapp,xss_eval,CG-Adaptive,10,1,197,6a0f3d0fd578b294,200,1
bwapp,xss_eval,CG-Adaptive,10,1,198,7e98f0223a3e54a3,200,1
bwapp,xss_eval,CG-Adaptive,10,1,202,dcab26fbdb920a5f,200,1
bwapp,xss_eval,CG-Adaptive,10,1,208,d089ab6fee6fac61,200,1
bwapp,xss_eval,CG-Adaptive,10,1,213,4f1f8df6771e3dcf,200,1
bwapp,xss_eval,CG-Adaptive,10,1,222,af39b630cdb1c5eb,200,1
bwapp,xss_eval,CG-Adaptive,10,1,225,c20d8cf957b88b8a,200,1
bwapp,xss_eval,CG-Adaptive,10,2,25,cfb54071873ad3e0,200,1
bwapp,xss_eval,CG-Adaptive,10,2,51,2f539ac5f607834e,200,1
bwapp,xss_eval,CG-Adaptive,10,5,229,c63be07378894466,200,1
bwapp,xss_eval,CG-Adaptive,10,5,231,ce9d150afd39f92e,200,1
bwapp,xss_eval,CG-Adaptive,10,5,249,f0e977305f06b6e9,200,1
bwapp,xss_eval,CG-Adaptive,5,1,29,80fee76a05216c8f,200,1
bwapp,xss_eval,CG-Adaptive,5,1,36,f6e96c77270ef72e,200,1
bwapp,xss_eval,CG-Adaptive,5,1,42,42698fe57364fab8,200,1
bwapp,xss_eval,CG-Adaptive,5,1,53,a30a023f06477635,200,1
bwapp,xss_eval,CG-Adaptive,5,1,63,a4b85c31538d8ca7,200,1
bwapp,xss_eval,CG-Adaptive,5,1,72,4280e7e6325dc5aa,200,1
bwapp,xss_eval,CG-Adaptive,5,1,84,6775e6bb2e1c36fe,200,1
bwapp,xss_eval,CG-Adaptive,5,1,87,8bdcc43995694412,200,1
bwapp,xss_eval,CG-Adaptive,5,1,94,9e4012569f153905,200,1
bwapp,xss_eval,CG-Adaptive,5,1,112,01de6a77c246cdfc,200,1
bwapp,xss_eval,CG-Adaptive,5,1,118,722537614d25481f,200,1
bwapp,xss_eval,CG-Adaptive,5,1,120,7e1347888698cf1f,200,1
bwapp,xss_eval,CG-Adaptive,5,1,123,d75ceb32ce52685a,200,1
bwapp,xss_eval,CG-Adaptive,5,1,126,dc1afd8bd0d8f1a8,200,1
bwapp,xss_eval,CG-Adaptive,5,1,127,cef98f55be68a924,200,1
bwapp,xss_eval,CG-Adaptive,5,1,132,e56d12d0fbd77f7a,200,1
bwapp,xss_eval,CG-Adaptive,5,1,138,1b15f5e6b406d663,200,1
bwapp,xss_eval,CG-Adaptive,5,1,140,280626e6722b952d,200,1
bwapp,xss_eval,CG-Adaptive,5,1,141,70ef73a596938712,200,1
bwapp,xss_eval,CG-Adaptive,5,1,145,f76dfdd16a7f6211,200,1
bwapp,xss_eval,CG-Adaptive,5,1,146,edfe6df688ebb526,200,1
bwapp,xss_eval,CG-Adaptive,5,1,152,26da15681b9df009,200,1
bwapp,xss_eval,CG-Adaptive,5,1,153,ded7210295aed4be,200,1
bwapp,xss_eval,CG-Adaptive,5,1,155,0edae6eea40f1366,200,1
bwapp,xss_eval,CG-Adaptive,5,1,157,83794ca0c1119d10,200,1
bwapp,xss_eval,CG-Adaptive,5,1,160,71579b40055f8fa4,200,1
bwapp,xss_eval,CG-Adaptive,5,1,164,66324c12b5679464,200,1
bwapp,xss_eval,CG-Adaptive,5,1,169,cdd948a59390c2cd,200,1
bwapp,xss_eval,CG-Adaptive,5,1,172,26d3492d376c4720,200,1
bwapp,xss_eval,CG-Adaptive,5,1,175,9b135ac151f1b340,200,1
bwapp,xss_eval,CG-Adaptive,5,1,178,23b114b87f5bf4b6,200,1
bwapp,xss_eval,CG-Adaptive,5,1,183,aeb1cbcb4e1c02eb,200,1
bwapp,xss_eval,CG-Adaptive,5,1,189,ce206674dc0a4495,200,1
bwapp,xss_eval,CG-Adaptive,5,1,191,82d2985e8ca0582d,200,1
bwapp,xss_eval,CG-Adaptive,5,1,197,6a0f3d0fd578b294,200,1
bwapp,xss_eval,CG-Adaptive,5,1,198,7e98f0223a3e54a3,200,1
bwapp,xss_eval,CG-Adaptive,5,1,202,dcab26fbdb920a5f,200,1
bwapp,xss_eval,CG-Adaptive,5,1,208,d089ab6fee6fac61,200,1
bwapp,xss_eval,CG-Adaptive,5,1,213,4f1f8df6771e3dcf,200,1
bwapp,xss_eval,CG-Adaptive,5,1,222,af39b630cdb1c5eb,200,1
bwapp,xss_eval,CG-Adaptive,5,1,225,c20d8cf957b88b8a,200,1
bwapp,xss_eval,CG-Adaptive,5,5,229,c63be07378894466,200,1
bwapp,xss_eval,CG-Adaptive,5,5,231,ce9d150afd39f92e,200,1
bwapp,xss_eval,CG-Adaptive,5,5,249,f0e977305f06b6e9,200,1
bwapp,xss_eval,CG-Adaptive,6,1,29,80fee76a05216c8f,200,1
bwapp,xss_eval,CG-Adaptive,6,1,36,f6e96c77270ef72e,200,1
bwapp,xss_eval,CG-Adaptive,6,1,42,42698fe57364fab8,200,1
bwapp,xss_eval,CG-Adaptive,6,1,53,a30a023f06477635,200,1
bwapp,xss_eval,CG-Adaptive,6,1,63,a4b85c31538d8ca7,200,1
bwapp,xss_eval,CG-Adaptive,6,1,72,4280e7e6325dc5aa,200,1
bwapp,xss_eval,CG-Adaptive,6,1,84,6775e6bb2e1c36fe,200,1
bwapp,xss_eval,CG-Adaptive,6,1,87,8bdcc43995694412,200,1
bwapp,xss_eval,CG-Adaptive,6,1,94,9e4012569f153905,200,1
bwapp,xss_eval,CG-Adaptive,6,1,112,01de6a77c246cdfc,200,1
bwapp,xss_eval,CG-Adaptive,6,1,118,722537614d25481f,200,1
bwapp,xss_eval,CG-Adaptive,6,1,120,7e1347888698cf1f,200,1
bwapp,xss_eval,CG-Adaptive,6,1,123,d75ceb32ce52685a,200,1
bwapp,xss_eval,CG-Adaptive,6,1,126,dc1afd8bd0d8f1a8,200,1
bwapp,xss_eval,CG-Adaptive,6,1,127,cef98f55be68a924,200,1
bwapp,xss_eval,CG-Adaptive,6,1,132,e56d12d0fbd77f7a,200,1
bwapp,xss_eval,CG-Adaptive,6,1,138,1b15f5e6b406d663,200,1
bwapp,xss_eval,CG-Adaptive,6,1,140,280626e6722b952d,200,1
bwapp,xss_eval,CG-Adaptive,6,1,141,70ef73a596938712,200,1
bwapp,xss_eval,CG-Adaptive,6,1,145,f76dfdd16a7f6211,200,1
bwapp,xss_eval,CG-Adaptive,6,1,146,edfe6df688ebb526,200,1
bwapp,xss_eval,CG-Adaptive,6,1,152,26da15681b9df009,200,1
bwapp,xss_eval,CG-Adaptive,6,1,153,ded7210295aed4be,200,1
bwapp,xss_eval,CG-Adaptive,6,1,155,0edae6eea40f1366,200,1
bwapp,xss_eval,CG-Adaptive,6,1,157,83794ca0c1119d10,200,1
bwapp,xss_eval,CG-Adaptive,6,1,160,71579b40055f8fa4,200,1
bwapp,xss_eval,CG-Adaptive,6,1,164,66324c12b5679464,200,1
bwapp,xss_eval,CG-Adaptive,6,1,169,cdd948a59390c2cd,200,1
bwapp,xss_eval,CG-Adaptive,6,1,172,26d3492d376c4720,200,1
bwapp,xss_eval,CG-Adaptive,6,1,175,9b135ac151f1b340,200,1
bwapp,xss_eval,CG-Adaptive,6,1,178,23b114b87f5bf4b6,200,1
bwapp,xss_eval,CG-Adaptive,6,1,183,aeb1cbcb4e1c02eb,200,1
bwapp,xss_eval,CG-Adaptive,6,1,189,ce206674dc0a4495,200,1
bwapp,xss_eval,CG-Adaptive,6,1,191,82d2985e8ca0582d,200,1
bwapp,xss_eval,CG-Adaptive,6,1,197,6a0f3d0fd578b294,200,1
bwapp,xss_eval,CG-Adaptive,6,1,198,7e98f0223a3e54a3,200,1
bwapp,xss_eval,CG-Adaptive,6,1,202,dcab26fbdb920a5f,200,1
bwapp,xss_eval,CG-Adaptive,6,1,208,d089ab6fee6fac61,200,1
bwapp,xss_eval,CG-Adaptive,6,1,213,4f1f8df6771e3dcf,200,1
bwapp,xss_eval,CG-Adaptive,6,1,222,af39b630cdb1c5eb,200,1
bwapp,xss_eval,CG-Adaptive,6,1,225,c20d8cf957b88b8a,200,1
bwapp,xss_eval,CG-Adaptive,6,2,25,cfb54071873ad3e0,200,1
bwapp,xss_eval,CG-Adaptive,6,2,51,2f539ac5f607834e,200,1
bwapp,xss_eval,CG-Adaptive,6,5,229,c63be07378894466,200,1
bwapp,xss_eval,CG-Adaptive,6,5,231,ce9d150afd39f92e,200,1
bwapp,xss_eval,CG-Adaptive,6,5,249,f0e977305f06b6e9,200,1
bwapp,xss_eval,CG-Adaptive,7,1,29,80fee76a05216c8f,200,1
bwapp,xss_eval,CG-Adaptive,7,1,36,f6e96c77270ef72e,200,1
bwapp,xss_eval,CG-Adaptive,7,1,53,a30a023f06477635,200,1
bwapp,xss_eval,CG-Adaptive,7,1,63,a4b85c31538d8ca7,200,1
bwapp,xss_eval,CG-Adaptive,7,1,84,6775e6bb2e1c36fe,200,1
bwapp,xss_eval,CG-Adaptive,7,1,87,8bdcc43995694412,200,1
bwapp,xss_eval,CG-Adaptive,7,1,94,9e4012569f153905,200,1
bwapp,xss_eval,CG-Adaptive,7,1,112,01de6a77c246cdfc,200,1
bwapp,xss_eval,CG-Adaptive,7,1,118,722537614d25481f,200,1
bwapp,xss_eval,CG-Adaptive,7,1,120,7e1347888698cf1f,200,1
bwapp,xss_eval,CG-Adaptive,7,1,126,dc1afd8bd0d8f1a8,200,1
bwapp,xss_eval,CG-Adaptive,7,1,127,cef98f55be68a924,200,1
bwapp,xss_eval,CG-Adaptive,7,1,140,280626e6722b952d,200,1
bwapp,xss_eval,CG-Adaptive,7,1,141,70ef73a596938712,200,1
bwapp,xss_eval,CG-Adaptive,7,1,153,ded7210295aed4be,200,1
bwapp,xss_eval,CG-Adaptive,7,1,155,0edae6eea40f1366,200,1
bwapp,xss_eval,CG-Adaptive,7,1,157,83794ca0c1119d10,200,1
bwapp,xss_eval,CG-Adaptive,7,1,160,71579b40055f8fa4,200,1
bwapp,xss_eval,CG-Adaptive,7,1,169,cdd948a59390c2cd,200,1
bwapp,xss_eval,CG-Adaptive,7,1,172,26d3492d376c4720,200,1
bwapp,xss_eval,CG-Adaptive,7,1,178,23b114b87f5bf4b6,200,1
bwapp,xss_eval,CG-Adaptive,7,1,191,82d2985e8ca0582d,200,1
bwapp,xss_eval,CG-Adaptive,7,1,197,6a0f3d0fd578b294,200,1
bwapp,xss_eval,CG-Adaptive,7,1,198,7e98f0223a3e54a3,200,1
bwapp,xss_eval,CG-Adaptive,7,1,208,d089ab6fee6fac61,200,1
bwapp,xss_eval,CG-Adaptive,7,1,213,4f1f8df6771e3dcf,200,1
bwapp,xss_eval,CG-Adaptive,7,1,222,af39b630cdb1c5eb,200,1
bwapp,xss_eval,CG-Adaptive,7,2,25,cfb54071873ad3e0,200,1
bwapp,xss_eval,CG-Adaptive,7,2,51,2f539ac5f607834e,200,1
bwapp,xss_eval,CG-Adaptive,7,5,229,c63be07378894466,200,1
bwapp,xss_eval,CG-Adaptive,7,5,249,f0e977305f06b6e9,200,1
bwapp,xss_eval,CG-Adaptive,8,1,29,80fee76a05216c8f,200,1
bwapp,xss_eval,CG-Adaptive,8,1,36,f6e96c77270ef72e,200,1
bwapp,xss_eval,CG-Adaptive,8,1,42,42698fe57364fab8,200,1
bwapp,xss_eval,CG-Adaptive,8,1,53,a30a023f06477635,200,1
bwapp,xss_eval,CG-Adaptive,8,1,63,a4b85c31538d8ca7,200,1
bwapp,xss_eval,CG-Adaptive,8,1,72,4280e7e6325dc5aa,200,1
bwapp,xss_eval,CG-Adaptive,8,1,84,6775e6bb2e1c36fe,200,1
bwapp,xss_eval,CG-Adaptive,8,1,87,8bdcc43995694412,200,1
bwapp,xss_eval,CG-Adaptive,8,1,94,9e4012569f153905,200,1
bwapp,xss_eval,CG-Adaptive,8,1,112,01de6a77c246cdfc,200,1
bwapp,xss_eval,CG-Adaptive,8,1,118,722537614d25481f,200,1
bwapp,xss_eval,CG-Adaptive,8,1,120,7e1347888698cf1f,200,1
bwapp,xss_eval,CG-Adaptive,8,1,123,d75ceb32ce52685a,200,1
bwapp,xss_eval,CG-Adaptive,8,1,126,dc1afd8bd0d8f1a8,200,1
bwapp,xss_eval,CG-Adaptive,8,1,127,cef98f55be68a924,200,1
bwapp,xss_eval,CG-Adaptive,8,1,132,e56d12d0fbd77f7a,200,1
bwapp,xss_eval,CG-Adaptive,8,1,138,1b15f5e6b406d663,200,1
bwapp,xss_eval,CG-Adaptive,8,1,140,280626e6722b952d,200,1
bwapp,xss_eval,CG-Adaptive,8,1,141,70ef73a596938712,200,1
bwapp,xss_eval,CG-Adaptive,8,1,145,f76dfdd16a7f6211,200,1
bwapp,xss_eval,CG-Adaptive,8,1,146,edfe6df688ebb526,200,1
bwapp,xss_eval,CG-Adaptive,8,1,152,26da15681b9df009,200,1
bwapp,xss_eval,CG-Adaptive,8,1,153,ded7210295aed4be,200,1
bwapp,xss_eval,CG-Adaptive,8,1,155,0edae6eea40f1366,200,1
bwapp,xss_eval,CG-Adaptive,8,1,157,83794ca0c1119d10,200,1
bwapp,xss_eval,CG-Adaptive,8,1,160,71579b40055f8fa4,200,1
bwapp,xss_eval,CG-Adaptive,8,1,164,66324c12b5679464,200,1
bwapp,xss_eval,CG-Adaptive,8,1,169,cdd948a59390c2cd,200,1
bwapp,xss_eval,CG-Adaptive,8,1,172,26d3492d376c4720,200,1
bwapp,xss_eval,CG-Adaptive,8,1,175,9b135ac151f1b340,200,1
bwapp,xss_eval,CG-Adaptive,8,1,178,23b114b87f5bf4b6,200,1
bwapp,xss_eval,CG-Adaptive,8,1,183,aeb1cbcb4e1c02eb,200,1
bwapp,xss_eval,CG-Adaptive,8,1,189,ce206674dc0a4495,200,1
bwapp,xss_eval,CG-Adaptive,8,1,191,82d2985e8ca0582d,200,1
bwapp,xss_eval,CG-Adaptive,8,1,197,6a0f3d0fd578b294,200,1
bwapp,xss_eval,CG-Adaptive,8,1,198,7e98f0223a3e54a3,200,1
bwapp,xss_eval,CG-Adaptive,8,1,202,dcab26fbdb920a5f,200,1
bwapp,xss_eval,CG-Adaptive,8,1,208,d089ab6fee6fac61,200,1
bwapp,xss_eval,CG-Adaptive,8,1,213,4f1f8df6771e3dcf,200,1
bwapp,xss_eval,CG-Adaptive,8,1,222,af39b630cdb1c5eb,200,1
bwapp,xss_eval,CG-Adaptive,8,1,225,c20d8cf957b88b8a,200,1
bwapp,xss_eval,CG-Adaptive,8,5,229,c63be07378894466,200,1
bwapp,xss_eval,CG-Adaptive,8,5,231,ce9d150afd39f92e,200,1
bwapp,xss_eval,CG-Adaptive,8,5,249,f0e977305f06b6e9,200,1
bwapp,xss_eval,CG-Static,1,1,29,80fee76a05216c8f,200,1
bwapp,xss_eval,CG-Static,1,1,36,f6e96c77270ef72e,200,1
bwapp,xss_eval,CG-Static,1,1,42,42698fe57364fab8,200,1
bwapp,xss_eval,CG-Static,1,1,53,a30a023f06477635,200,1
bwapp,xss_eval,CG-Static,1,1,63,a4b85c31538d8ca7,200,1
bwapp,xss_eval,CG-Static,1,1,72,4280e7e6325dc5aa,200,1
bwapp,xss_eval,CG-Static,1,1,84,6775e6bb2e1c36fe,200,1
bwapp,xss_eval,CG-Static,1,1,87,8bdcc43995694412,200,1
bwapp,xss_eval,CG-Static,1,1,94,9e4012569f153905,200,1
bwapp,xss_eval,CG-Static,1,1,112,01de6a77c246cdfc,200,1
bwapp,xss_eval,CG-Static,1,1,118,722537614d25481f,200,1
bwapp,xss_eval,CG-Static,1,1,120,7e1347888698cf1f,200,1
bwapp,xss_eval,CG-Static,1,1,123,d75ceb32ce52685a,200,1
bwapp,xss_eval,CG-Static,1,1,126,dc1afd8bd0d8f1a8,200,1
bwapp,xss_eval,CG-Static,1,1,127,cef98f55be68a924,200,1
bwapp,xss_eval,CG-Static,1,1,132,e56d12d0fbd77f7a,200,1
bwapp,xss_eval,CG-Static,1,1,138,1b15f5e6b406d663,200,1
bwapp,xss_eval,CG-Static,1,1,140,280626e6722b952d,200,1
bwapp,xss_eval,CG-Static,1,1,141,70ef73a596938712,200,1
bwapp,xss_eval,CG-Static,1,1,145,f76dfdd16a7f6211,200,1
bwapp,xss_eval,CG-Static,1,1,146,edfe6df688ebb526,200,1
bwapp,xss_eval,CG-Static,1,1,152,26da15681b9df009,200,1
bwapp,xss_eval,CG-Static,1,1,153,ded7210295aed4be,200,1
bwapp,xss_eval,CG-Static,1,1,155,0edae6eea40f1366,200,1
bwapp,xss_eval,CG-Static,1,1,157,83794ca0c1119d10,200,1
bwapp,xss_eval,CG-Static,1,1,160,71579b40055f8fa4,200,1
bwapp,xss_eval,CG-Static,1,1,164,66324c12b5679464,200,1
bwapp,xss_eval,CG-Static,1,1,169,cdd948a59390c2cd,200,1
bwapp,xss_eval,CG-Static,1,1,172,26d3492d376c4720,200,1
bwapp,xss_eval,CG-Static,1,1,175,9b135ac151f1b340,200,1
bwapp,xss_eval,CG-Static,1,1,178,23b114b87f5bf4b6,200,1
bwapp,xss_eval,CG-Static,1,1,183,aeb1cbcb4e1c02eb,200,1
bwapp,xss_eval,CG-Static,1,1,189,ce206674dc0a4495,200,1
bwapp,xss_eval,CG-Static,1,1,191,82d2985e8ca0582d,200,1
bwapp,xss_eval,CG-Static,1,1,197,6a0f3d0fd578b294,200,1
bwapp,xss_eval,CG-Static,1,1,198,7e98f0223a3e54a3,200,1
bwapp,xss_eval,CG-Static,1,1,202,dcab26fbdb920a5f,200,1
bwapp,xss_eval,CG-Static,1,1,208,d089ab6fee6fac61,200,1
bwapp,xss_eval,CG-Static,1,1,213,4f1f8df6771e3dcf,200,1
bwapp,xss_eval,CG-Static,1,1,222,af39b630cdb1c5eb,200,1
bwapp,xss_eval,CG-Static,1,1,225,c20d8cf957b88b8a,200,1
bwapp,xss_eval,CG-Static,1,5,229,c63be07378894466,200,1
bwapp,xss_eval,CG-Static,1,5,231,ce9d150afd39f92e,200,1
bwapp,xss_eval,CG-Static,1,5,249,f0e977305f06b6e9,200,1
bwapp,xss_eval,CG-Static,2,1,29,80fee76a05216c8f,200,1
bwapp,xss_eval,CG-Static,2,1,36,f6e96c77270ef72e,200,1
bwapp,xss_eval,CG-Static,2,1,53,a30a023f06477635,200,1
bwapp,xss_eval,CG-Static,2,1,63,a4b85c31538d8ca7,200,1
bwapp,xss_eval,CG-Static,2,1,84,6775e6bb2e1c36fe,200,1
bwapp,xss_eval,CG-Static,2,1,87,8bdcc43995694412,200,1
bwapp,xss_eval,CG-Static,2,1,94,9e4012569f153905,200,1
bwapp,xss_eval,CG-Static,2,1,112,01de6a77c246cdfc,200,1
bwapp,xss_eval,CG-Static,2,1,118,722537614d25481f,200,1
bwapp,xss_eval,CG-Static,2,1,120,7e1347888698cf1f,200,1
bwapp,xss_eval,CG-Static,2,1,126,dc1afd8bd0d8f1a8,200,1
bwapp,xss_eval,CG-Static,2,1,127,cef98f55be68a924,200,1
bwapp,xss_eval,CG-Static,2,1,140,280626e6722b952d,200,1
bwapp,xss_eval,CG-Static,2,1,141,70ef73a596938712,200,1
bwapp,xss_eval,CG-Static,2,1,153,ded7210295aed4be,200,1
bwapp,xss_eval,CG-Static,2,1,155,0edae6eea40f1366,200,1
bwapp,xss_eval,CG-Static,2,1,157,83794ca0c1119d10,200,1
bwapp,xss_eval,CG-Static,2,1,160,71579b40055f8fa4,200,1
bwapp,xss_eval,CG-Static,2,1,169,cdd948a59390c2cd,200,1
bwapp,xss_eval,CG-Static,2,1,172,26d3492d376c4720,200,1
bwapp,xss_eval,CG-Static,2,1,178,23b114b87f5bf4b6,200,1
bwapp,xss_eval,CG-Static,2,1,191,82d2985e8ca0582d,200,1
bwapp,xss_eval,CG-Static,2,1,197,6a0f3d0fd578b294,200,1
bwapp,xss_eval,CG-Static,2,1,198,7e98f0223a3e54a3,200,1
bwapp,xss_eval,CG-Static,2,1,208,d089ab6fee6fac61,200,1
bwapp,xss_eval,CG-Static,2,1,213,4f1f8df6771e3dcf,200,1
bwapp,xss_eval,CG-Static,2,1,222,af39b630cdb1c5eb,200,1
bwapp,xss_eval,CG-Static,2,2,25,cfb54071873ad3e0,200,1
bwapp,xss_eval,CG-Static,2,2,51,2f539ac5f607834e,200,1
bwapp,xss_eval,CG-Static,2,5,229,c63be07378894466,200,1
bwapp,xss_eval,CG-Static,2,5,249,f0e977305f06b6e9,200,1
bwapp,xss_eval,CG-Static,3,1,29,80fee76a05216c8f,200,1
bwapp,xss_eval,CG-Static,3,1,36,f6e96c77270ef72e,200,1
bwapp,xss_eval,CG-Static,3,1,42,42698fe57364fab8,200,1
bwapp,xss_eval,CG-Static,3,1,53,a30a023f06477635,200,1
bwapp,xss_eval,CG-Static,3,1,63,a4b85c31538d8ca7,200,1
bwapp,xss_eval,CG-Static,3,1,72,4280e7e6325dc5aa,200,1
bwapp,xss_eval,CG-Static,3,1,84,6775e6bb2e1c36fe,200,1
bwapp,xss_eval,CG-Static,3,1,87,8bdcc43995694412,200,1
bwapp,xss_eval,CG-Static,3,1,94,9e4012569f153905,200,1
bwapp,xss_eval,CG-Static,3,1,112,01de6a77c246cdfc,200,1
bwapp,xss_eval,CG-Static,3,1,118,722537614d25481f,200,1
bwapp,xss_eval,CG-Static,3,1,120,7e1347888698cf1f,200,1
bwapp,xss_eval,CG-Static,3,1,123,d75ceb32ce52685a,200,1
bwapp,xss_eval,CG-Static,3,1,126,dc1afd8bd0d8f1a8,200,1
bwapp,xss_eval,CG-Static,3,1,127,cef98f55be68a924,200,1
bwapp,xss_eval,CG-Static,3,1,132,e56d12d0fbd77f7a,200,1
bwapp,xss_eval,CG-Static,3,1,138,1b15f5e6b406d663,200,1
bwapp,xss_eval,CG-Static,3,1,140,280626e6722b952d,200,1
bwapp,xss_eval,CG-Static,3,1,141,70ef73a596938712,200,1
bwapp,xss_eval,CG-Static,3,1,145,f76dfdd16a7f6211,200,1
bwapp,xss_eval,CG-Static,3,1,146,edfe6df688ebb526,200,1
bwapp,xss_eval,CG-Static,3,1,152,26da15681b9df009,200,1
bwapp,xss_eval,CG-Static,3,1,153,ded7210295aed4be,200,1
bwapp,xss_eval,CG-Static,3,1,155,0edae6eea40f1366,200,1
bwapp,xss_eval,CG-Static,3,1,157,83794ca0c1119d10,200,1
bwapp,xss_eval,CG-Static,3,1,160,71579b40055f8fa4,200,1
bwapp,xss_eval,CG-Static,3,1,164,66324c12b5679464,200,1
bwapp,xss_eval,CG-Static,3,1,169,cdd948a59390c2cd,200,1
bwapp,xss_eval,CG-Static,3,1,172,26d3492d376c4720,200,1
bwapp,xss_eval,CG-Static,3,1,175,9b135ac151f1b340,200,1
bwapp,xss_eval,CG-Static,3,1,178,23b114b87f5bf4b6,200,1
bwapp,xss_eval,CG-Static,3,1,183,aeb1cbcb4e1c02eb,200,1
bwapp,xss_eval,CG-Static,3,1,189,ce206674dc0a4495,200,1
bwapp,xss_eval,CG-Static,3,1,191,82d2985e8ca0582d,200,1
bwapp,xss_eval,CG-Static,3,1,197,6a0f3d0fd578b294,200,1
bwapp,xss_eval,CG-Static,3,1,198,7e98f0223a3e54a3,200,1
bwapp,xss_eval,CG-Static,3,1,202,dcab26fbdb920a5f,200,1
bwapp,xss_eval,CG-Static,3,1,208,d089ab6fee6fac61,200,1
bwapp,xss_eval,CG-Static,3,1,213,4f1f8df6771e3dcf,200,1
bwapp,xss_eval,CG-Static,3,1,222,af39b630cdb1c5eb,200,1
bwapp,xss_eval,CG-Static,3,1,225,c20d8cf957b88b8a,200,1
bwapp,xss_eval,CG-Static,3,5,229,c63be07378894466,200,1
bwapp,xss_eval,CG-Static,3,5,231,ce9d150afd39f92e,200,1
bwapp,xss_eval,CG-Static,3,5,249,f0e977305f06b6e9,200,1
bwapp,xss_eval,CG-Static,6,1,29,80fee76a05216c8f,200,1
bwapp,xss_eval,CG-Static,6,1,36,f6e96c77270ef72e,200,1
bwapp,xss_eval,CG-Static,6,1,42,42698fe57364fab8,200,1
bwapp,xss_eval,CG-Static,6,1,53,a30a023f06477635,200,1
bwapp,xss_eval,CG-Static,6,1,63,a4b85c31538d8ca7,200,1
bwapp,xss_eval,CG-Static,6,1,72,4280e7e6325dc5aa,200,1
bwapp,xss_eval,CG-Static,6,1,84,6775e6bb2e1c36fe,200,1
bwapp,xss_eval,CG-Static,6,1,87,8bdcc43995694412,200,1
bwapp,xss_eval,CG-Static,6,1,94,9e4012569f153905,200,1
bwapp,xss_eval,CG-Static,6,1,112,01de6a77c246cdfc,200,1
bwapp,xss_eval,CG-Static,6,1,118,722537614d25481f,200,1
bwapp,xss_eval,CG-Static,6,1,120,7e1347888698cf1f,200,1
bwapp,xss_eval,CG-Static,6,1,123,d75ceb32ce52685a,200,1
bwapp,xss_eval,CG-Static,6,1,126,dc1afd8bd0d8f1a8,200,1
bwapp,xss_eval,CG-Static,6,1,127,cef98f55be68a924,200,1
bwapp,xss_eval,CG-Static,6,1,132,e56d12d0fbd77f7a,200,1
bwapp,xss_eval,CG-Static,6,1,138,1b15f5e6b406d663,200,1
bwapp,xss_eval,CG-Static,6,1,140,280626e6722b952d,200,1
bwapp,xss_eval,CG-Static,6,1,141,70ef73a596938712,200,1
bwapp,xss_eval,CG-Static,6,1,145,f76dfdd16a7f6211,200,1
bwapp,xss_eval,CG-Static,6,1,146,edfe6df688ebb526,200,1
bwapp,xss_eval,CG-Static,6,1,152,26da15681b9df009,200,1
bwapp,xss_eval,CG-Static,6,1,153,ded7210295aed4be,200,1
bwapp,xss_eval,CG-Static,6,1,155,0edae6eea40f1366,200,1
bwapp,xss_eval,CG-Static,6,1,157,83794ca0c1119d10,200,1
bwapp,xss_eval,CG-Static,6,1,160,71579b40055f8fa4,200,1
bwapp,xss_eval,CG-Static,6,1,164,66324c12b5679464,200,1
bwapp,xss_eval,CG-Static,6,1,169,cdd948a59390c2cd,200,1
bwapp,xss_eval,CG-Static,6,1,172,26d3492d376c4720,200,1
bwapp,xss_eval,CG-Static,6,1,175,9b135ac151f1b340,200,1
bwapp,xss_eval,CG-Static,6,1,178,23b114b87f5bf4b6,200,1
bwapp,xss_eval,CG-Static,6,1,183,aeb1cbcb4e1c02eb,200,1
bwapp,xss_eval,CG-Static,6,1,189,ce206674dc0a4495,200,1
bwapp,xss_eval,CG-Static,6,1,191,82d2985e8ca0582d,200,1
bwapp,xss_eval,CG-Static,6,1,197,6a0f3d0fd578b294,200,1
bwapp,xss_eval,CG-Static,6,1,198,7e98f0223a3e54a3,200,1
bwapp,xss_eval,CG-Static,6,1,202,dcab26fbdb920a5f,200,1
bwapp,xss_eval,CG-Static,6,1,208,d089ab6fee6fac61,200,1
bwapp,xss_eval,CG-Static,6,1,213,4f1f8df6771e3dcf,200,1
bwapp,xss_eval,CG-Static,6,1,222,af39b630cdb1c5eb,200,1
bwapp,xss_eval,CG-Static,6,1,225,c20d8cf957b88b8a,200,1
bwapp,xss_eval,CG-Static,6,5,229,c63be07378894466,200,1
bwapp,xss_eval,CG-Static,6,5,231,ce9d150afd39f92e,200,1
bwapp,xss_eval,CG-Static,6,5,249,f0e977305f06b6e9,200,1
bwapp,xss_eval,CG-Static,7,1,29,80fee76a05216c8f,200,1
bwapp,xss_eval,CG-Static,7,1,36,f6e96c77270ef72e,200,1
bwapp,xss_eval,CG-Static,7,1,42,42698fe57364fab8,200,1
bwapp,xss_eval,CG-Static,7,1,53,a30a023f06477635,200,1
bwapp,xss_eval,CG-Static,7,1,63,a4b85c31538d8ca7,200,1
bwapp,xss_eval,CG-Static,7,1,72,4280e7e6325dc5aa,200,1
bwapp,xss_eval,CG-Static,7,1,84,6775e6bb2e1c36fe,200,1
bwapp,xss_eval,CG-Static,7,1,87,8bdcc43995694412,200,1
bwapp,xss_eval,CG-Static,7,1,94,9e4012569f153905,200,1
bwapp,xss_eval,CG-Static,7,1,112,01de6a77c246cdfc,200,1
bwapp,xss_eval,CG-Static,7,1,118,722537614d25481f,200,1
bwapp,xss_eval,CG-Static,7,1,120,7e1347888698cf1f,200,1
bwapp,xss_eval,CG-Static,7,1,123,d75ceb32ce52685a,200,1
bwapp,xss_eval,CG-Static,7,1,126,dc1afd8bd0d8f1a8,200,1
bwapp,xss_eval,CG-Static,7,1,127,cef98f55be68a924,200,1
bwapp,xss_eval,CG-Static,7,1,132,e56d12d0fbd77f7a,200,1
bwapp,xss_eval,CG-Static,7,1,138,1b15f5e6b406d663,200,1
bwapp,xss_eval,CG-Static,7,1,140,280626e6722b952d,200,1
bwapp,xss_eval,CG-Static,7,1,141,70ef73a596938712,200,1
bwapp,xss_eval,CG-Static,7,1,145,f76dfdd16a7f6211,200,1
bwapp,xss_eval,CG-Static,7,1,146,edfe6df688ebb526,200,1
bwapp,xss_eval,CG-Static,7,1,152,26da15681b9df009,200,1
bwapp,xss_eval,CG-Static,7,1,153,ded7210295aed4be,200,1
bwapp,xss_eval,CG-Static,7,1,155,0edae6eea40f1366,200,1
bwapp,xss_eval,CG-Static,7,1,157,83794ca0c1119d10,200,1
bwapp,xss_eval,CG-Static,7,1,160,71579b40055f8fa4,200,1
bwapp,xss_eval,CG-Static,7,1,164,66324c12b5679464,200,1
bwapp,xss_eval,CG-Static,7,1,169,cdd948a59390c2cd,200,1
bwapp,xss_eval,CG-Static,7,1,172,26d3492d376c4720,200,1
bwapp,xss_eval,CG-Static,7,1,175,9b135ac151f1b340,200,1
bwapp,xss_eval,CG-Static,7,1,178,23b114b87f5bf4b6,200,1
bwapp,xss_eval,CG-Static,7,1,183,aeb1cbcb4e1c02eb,200,1
bwapp,xss_eval,CG-Static,7,1,189,ce206674dc0a4495,200,1
bwapp,xss_eval,CG-Static,7,1,191,82d2985e8ca0582d,200,1
bwapp,xss_eval,CG-Static,7,1,197,6a0f3d0fd578b294,200,1
bwapp,xss_eval,CG-Static,7,1,198,7e98f0223a3e54a3,200,1
bwapp,xss_eval,CG-Static,7,1,202,dcab26fbdb920a5f,200,1
bwapp,xss_eval,CG-Static,7,1,208,d089ab6fee6fac61,200,1
bwapp,xss_eval,CG-Static,7,1,213,4f1f8df6771e3dcf,200,1
bwapp,xss_eval,CG-Static,7,1,222,af39b630cdb1c5eb,200,1
bwapp,xss_eval,CG-Static,7,1,225,c20d8cf957b88b8a,200,1
bwapp,xss_eval,CG-Static,7,5,229,c63be07378894466,200,1
bwapp,xss_eval,CG-Static,7,5,231,ce9d150afd39f92e,200,1
bwapp,xss_eval,CG-Static,7,5,249,f0e977305f06b6e9,200,1
bwapp,xss_eval,CG-Static,8,1,29,80fee76a05216c8f,200,1
bwapp,xss_eval,CG-Static,8,1,36,f6e96c77270ef72e,200,1
bwapp,xss_eval,CG-Static,8,1,42,42698fe57364fab8,200,1
bwapp,xss_eval,CG-Static,8,1,53,a30a023f06477635,200,1
bwapp,xss_eval,CG-Static,8,1,63,a4b85c31538d8ca7,200,1
bwapp,xss_eval,CG-Static,8,1,72,4280e7e6325dc5aa,200,1
bwapp,xss_eval,CG-Static,8,1,84,6775e6bb2e1c36fe,200,1
bwapp,xss_eval,CG-Static,8,1,87,8bdcc43995694412,200,1
bwapp,xss_eval,CG-Static,8,1,94,9e4012569f153905,200,1
bwapp,xss_eval,CG-Static,8,1,112,01de6a77c246cdfc,200,1
bwapp,xss_eval,CG-Static,8,1,118,722537614d25481f,200,1
bwapp,xss_eval,CG-Static,8,1,120,7e1347888698cf1f,200,1
bwapp,xss_eval,CG-Static,8,1,123,d75ceb32ce52685a,200,1
bwapp,xss_eval,CG-Static,8,1,126,dc1afd8bd0d8f1a8,200,1
bwapp,xss_eval,CG-Static,8,1,127,cef98f55be68a924,200,1
bwapp,xss_eval,CG-Static,8,1,132,e56d12d0fbd77f7a,200,1
bwapp,xss_eval,CG-Static,8,1,138,1b15f5e6b406d663,200,1
bwapp,xss_eval,CG-Static,8,1,140,280626e6722b952d,200,1
bwapp,xss_eval,CG-Static,8,1,141,70ef73a596938712,200,1
bwapp,xss_eval,CG-Static,8,1,145,f76dfdd16a7f6211,200,1
bwapp,xss_eval,CG-Static,8,1,146,edfe6df688ebb526,200,1
bwapp,xss_eval,CG-Static,8,1,152,26da15681b9df009,200,1
bwapp,xss_eval,CG-Static,8,1,153,ded7210295aed4be,200,1
bwapp,xss_eval,CG-Static,8,1,155,0edae6eea40f1366,200,1
bwapp,xss_eval,CG-Static,8,1,157,83794ca0c1119d10,200,1
bwapp,xss_eval,CG-Static,8,1,160,71579b40055f8fa4,200,1
bwapp,xss_eval,CG-Static,8,1,164,66324c12b5679464,200,1
bwapp,xss_eval,CG-Static,8,1,169,cdd948a59390c2cd,200,1
bwapp,xss_eval,CG-Static,8,1,172,26d3492d376c4720,200,1
bwapp,xss_eval,CG-Static,8,1,175,9b135ac151f1b340,200,1
bwapp,xss_eval,CG-Static,8,1,178,23b114b87f5bf4b6,200,1
bwapp,xss_eval,CG-Static,8,1,183,aeb1cbcb4e1c02eb,200,1
bwapp,xss_eval,CG-Static,8,1,189,ce206674dc0a4495,200,1
bwapp,xss_eval,CG-Static,8,1,191,82d2985e8ca0582d,200,1
bwapp,xss_eval,CG-Static,8,1,197,6a0f3d0fd578b294,200,1
bwapp,xss_eval,CG-Static,8,1,198,7e98f0223a3e54a3,200,1
bwapp,xss_eval,CG-Static,8,1,202,dcab26fbdb920a5f,200,1
bwapp,xss_eval,CG-Static,8,1,208,d089ab6fee6fac61,200,1
bwapp,xss_eval,CG-Static,8,1,213,4f1f8df6771e3dcf,200,1
bwapp,xss_eval,CG-Static,8,1,222,af39b630cdb1c5eb,200,1
bwapp,xss_eval,CG-Static,8,1,225,c20d8cf957b88b8a,200,1
bwapp,xss_eval,CG-Static,8,5,229,c63be07378894466,200,1
bwapp,xss_eval,CG-Static,8,5,231,ce9d150afd39f92e,200,1
bwapp,xss_eval,CG-Static,8,5,249,f0e977305f06b6e9,200,1
bwapp,xss_eval,CG-Static,9,1,29,80fee76a05216c8f,200,1
bwapp,xss_eval,CG-Static,9,1,36,f6e96c77270ef72e,200,1
bwapp,xss_eval,CG-Static,9,1,42,42698fe57364fab8,200,1
bwapp,xss_eval,CG-Static,9,1,53,a30a023f06477635,200,1
bwapp,xss_eval,CG-Static,9,1,63,a4b85c31538d8ca7,200,1
bwapp,xss_eval,CG-Static,9,1,72,4280e7e6325dc5aa,200,1
bwapp,xss_eval,CG-Static,9,1,84,6775e6bb2e1c36fe,200,1
bwapp,xss_eval,CG-Static,9,1,87,8bdcc43995694412,200,1
bwapp,xss_eval,CG-Static,9,1,94,9e4012569f153905,200,1
bwapp,xss_eval,CG-Static,9,1,112,01de6a77c246cdfc,200,1
bwapp,xss_eval,CG-Static,9,1,118,722537614d25481f,200,1
bwapp,xss_eval,CG-Static,9,1,120,7e1347888698cf1f,200,1
bwapp,xss_eval,CG-Static,9,1,123,d75ceb32ce52685a,200,1
bwapp,xss_eval,CG-Static,9,1,126,dc1afd8bd0d8f1a8,200,1
bwapp,xss_eval,CG-Static,9,1,127,cef98f55be68a924,200,1
bwapp,xss_eval,CG-Static,9,1,132,e56d12d0fbd77f7a,200,1
bwapp,xss_eval,CG-Static,9,1,138,1b15f5e6b406d663,200,1
bwapp,xss_eval,CG-Static,9,1,140,280626e6722b952d,200,1
bwapp,xss_eval,CG-Static,9,1,141,70ef73a596938712,200,1
bwapp,xss_eval,CG-Static,9,1,145,f76dfdd16a7f6211,200,1
bwapp,xss_eval,CG-Static,9,1,146,edfe6df688ebb526,200,1
bwapp,xss_eval,CG-Static,9,1,152,26da15681b9df009,200,1
bwapp,xss_eval,CG-Static,9,1,153,ded7210295aed4be,200,1
bwapp,xss_eval,CG-Static,9,1,155,0edae6eea40f1366,200,1
bwapp,xss_eval,CG-Static,9,1,157,83794ca0c1119d10,200,1
bwapp,xss_eval,CG-Static,9,1,160,71579b40055f8fa4,200,1
bwapp,xss_eval,CG-Static,9,1,164,66324c12b5679464,200,1
bwapp,xss_eval,CG-Static,9,1,169,cdd948a59390c2cd,200,1
bwapp,xss_eval,CG-Static,9,1,172,26d3492d376c4720,200,1
bwapp,xss_eval,CG-Static,9,1,175,9b135ac151f1b340,200,1
bwapp,xss_eval,CG-Static,9,1,178,23b114b87f5bf4b6,200,1
bwapp,xss_eval,CG-Static,9,1,183,aeb1cbcb4e1c02eb,200,1
bwapp,xss_eval,CG-Static,9,1,189,ce206674dc0a4495,200,1
bwapp,xss_eval,CG-Static,9,1,191,82d2985e8ca0582d,200,1
bwapp,xss_eval,CG-Static,9,1,197,6a0f3d0fd578b294,200,1
bwapp,xss_eval,CG-Static,9,1,198,7e98f0223a3e54a3,200,1
bwapp,xss_eval,CG-Static,9,1,202,dcab26fbdb920a5f,200,1
bwapp,xss_eval,CG-Static,9,1,208,d089ab6fee6fac61,200,1
bwapp,xss_eval,CG-Static,9,1,213,4f1f8df6771e3dcf,200,1
bwapp,xss_eval,CG-Static,9,1,222,af39b630cdb1c5eb,200,1
bwapp,xss_eval,CG-Static,9,1,225,c20d8cf957b88b8a,200,1
bwapp,xss_eval,CG-Static,9,5,229,c63be07378894466,200,1
bwapp,xss_eval,CG-Static,9,5,231,ce9d150afd39f92e,200,1
bwapp,xss_eval,CG-Static,9,5,249,f0e977305f06b6e9,200,1
