target,page,technique,cg_seed,attack_seed,attack_idx,payload_sha1,waf_status,exploit_through_waf
customapp,login,CG-Static,10,3,6,ff23a6874f4cb5c6,200,1
customapp,login,CG-Static,10,3,8,32325ff64ec57e4f,200,1
customapp,login,CG-Static,10,3,14,bdc6524e0aefb071,200,1
customapp,login,CG-Static,10,3,17,84456baf2f7f6b1f,200,1
customapp,login,CG-Static,10,3,21,9021998bcb30147d,200,1
customapp,login,CG-Static,10,3,26,84f204b8af3e3e4c,200,1
customapp,login,CG-Static,10,3,39,32e0342620a9078f,200,1
customapp,login,CG-Static,10,3,45,3a46fd112f137eb5,200,1
customapp,login,CG-Static,10,3,65,6401cb5093443a1d,200,1
customapp,login,CG-Static,10,1,6,84a38c5570904905,200,1
customapp,login,CG-Static,10,1,16,32325ff64ec57e4f,200,1
customapp,login,CG-Static,10,1,19,bdc6524e0aefb071,200,1
customapp,login,CG-Static,10,1,57,91dfef6dbf7c1f64,200,1
customapp,login,CG-Static,10,5,3,94009300f78b1001,200,1
customapp,login,CG-Static,10,5,7,dd93b2a4fa5a423b,200,1
customapp,login,CG-Static,10,5,10,db030e93559161e8,200,1
customapp,login,CG-Static,10,5,25,2fad29e861619c69,200,1
customapp,login,CG-Static,10,5,28,bdc6524e0aefb071,200,1
customapp,login,CG-Static,10,5,42,08c503e134681570,200,1
customapp,login,CG-Static,10,5,48,40433e682d00124d,200,1
customapp,login,CG-Static,10,5,66,cdc9f98cb5ca551a,200,1
customapp,login,CG-Static,10,5,68,b9f312f559b8defa,200,1
customapp,login,CG-Static,10,5,78,59d024e1995571cb,200,1
customapp,login,CG-Static,10,5,86,60dc01f778d0b870,200,1
customapp,login,CG-Static,10,2,3,0e4ce6341077a169,200,1
customapp,login,CG-Static,10,2,5,7906e1b3a3b96f9d,200,1
customapp,login,CG-Static,10,2,8,16857d4d303a63b5,200,1
customapp,login,CG-Static,10,2,14,aa82f05a12dbf1de,200,1
customapp,login,CG-Static,10,2,19,c8e8c38f637bd14d,200,1
customapp,login,CG-Static,10,2,27,b00f29076c3344c3,200,1
customapp,login,CG-Static,10,2,33,0fef3db023e45ae6,200,1
customapp,login,CG-Static,10,2,38,6173e603fb40bf83,200,1
customapp,login,CG-Static,10,2,41,57321ab7f2b38473,200,1
customapp,login,CG-Static,10,2,46,416d7b04a7effea8,200,1
customapp,login,CG-Static,10,2,47,d69d98471a6f44fe,200,1
customapp,login,CG-Static,10,2,55,cb7f741467b5775c,200,1
customapp,login,CG-Static,10,2,61,1b8b790a531e2066,200,1
customapp,login,CG-Static,10,2,103,c13f275f9c5fe88c,200,1
customapp,login,CG-Static,10,4,7,32325ff64ec57e4f,200,1
customapp,login,CG-Static,10,4,26,4f085fdb3c29833f,200,1
customapp,login,CG-Static,10,4,28,c066fbf283e13c63,200,1
customapp,login,CG-Static,10,4,50,3e87e6d99ce30071,200,1
customapp,search,CG-Adaptive,1,3,158,63d55283349872ac,200,1
customapp,search,CG-Adaptive,10,3,158,63d55283349872ac,200,1
customapp,search,CG-Adaptive,2,3,158,63d55283349872ac,200,1
customapp,search,CG-Adaptive,3,3,158,63d55283349872ac,200,1
customapp,search,CG-Adaptive,4,3,158,63d55283349872ac,200,1
customapp,search,CG-Adaptive,5,3,158,63d55283349872ac,200,1
customapp,search,CG-Adaptive,6,3,158,63d55283349872ac,200,1
customapp,search,CG-Adaptive,7,3,158,63d55283349872ac,200,1
customapp,search,CG-Adaptive,8,3,158,63d55283349872ac,200,1
customapp,search,CG-Adaptive,9,3,158,63d55283349872ac,200,1
customapp,search,CG-Static,1,3,158,63d55283349872ac,200,1
customapp,search,CG-Static,10,3,158,63d55283349872ac,200,1
customapp,search,CG-Static,2,3,158,63d55283349872ac,200,1
customapp,search,CG-Static,3,3,158,63d55283349872ac,200,1
customapp,search,CG-Static,4,3,158,63d55283349872ac,200,1
customapp,search,CG-Static,5,3,158,63d55283349872ac,200,1
customapp,search,CG-Static,6,3,158,63d55283349872ac,200,1
customapp,search,CG-Static,7,3,158,63d55283349872ac,200,1
customapp,search,CG-Static,8,3,158,63d55283349872ac,200,1
customapp,search,CG-Static,9,3,158,63d55283349872ac,200,1
juice,login,CG-Static,10,4,8,26b500526aa5ea04,200,1
juice,login,CG-Static,10,4,9,d199d74d865836a2,200,1
juice,login,CG-Static,10,4,14,0a8c4058653d8b16,200,1
juice,login,CG-Static,10,4,22,dce28700011db5d0,200,1
juice,login,CG-Static,10,4,51,93f1b991fa2db7a8,200,1
juice,login,CG-Static,10,4,78,444912423ea8405c,200,1
juice,login,CG-Static,10,4,79,182cd329fc1b4847,200,1
juice,login,CG-Static,10,4,86,3c7e05870c17f54f,200,1
juice,login,CG-Static,10,4,91,949557ecbc066996,200,1
juice,login,CG-Static,10,4,99,c547064e2313b469,200,1
juice,login,CG-Static,10,4,105,99e300795a5da2c3,200,1
juice,login,CG-Static,10,4,106,11a4edab17060c32,200,1
juice,login,CG-Static,10,4,109,9549e7b5e3580bf4,200,1
juice,login,CG-Static,10,4,120,38ad7c590ebbc23b,200,1
juice,login,CG-Static,10,4,138,6342bc77995eefbd,200,1
juice,login,CG-Static,10,4,148,13ae30bbe3cd6fe6,200,1
juice,login,CG-Static,10,4,154,2a44be04b1fa9a12,200,1
juice,login,CG-Static,10,4,159,a72bff2850a9e14d,200,1
juice,login,CG-Static,10,4,168,92ba4c05f2b90d50,200,1
juice,login,CG-Static,10,4,173,7c08080099e4e0be,200,1
juice,login,CG-Static,10,4,183,3492aeeea827899c,200,1
juice,login,CG-Static,10,4,199,962905fad5c3064f,200,1
juice,login,CG-Static,10,4,207,89bb98f5616a8d27,200,1
juice,login,CG-Static,10,4,213,6adcce5cb8f2abca,200,1
juice,login,CG-Static,10,4,216,ea5f360f66868bf3,200,1
juice,login,CG-Static,10,4,223,f2f43d07f5db0d9b,200,1
juice,login,CG-Static,10,4,231,793df7a715923bd7,200,1
juice,login,CG-Static,10,4,235,6899e65663f8c39c,200,1
juice,login,CG-Static,10,4,240,64af1883115166b6,200,1
juice,login,CG-Static,10,4,243,7dcbfc7fec66c462,200,1
juice,login,CG-Static,10,4,246,5eecefe203e4f443,200,1
juice,login,CG-Static,10,4,247,72d283bdd601d345,200,1
juice,login,CG-Static,10,4,262,f0e48553be3a6df1,200,1
juice,login,CG-Static,10,4,265,42a5a12f621deb04,200,1
juice,login,CG-Static,10,4,270,0d3f1c19838fbef2,200,1
juice,login,CG-Static,10,4,280,ceb1a1c042ad56a6,200,1
juice,login,CG-Static,10,4,285,705d6f09b4264f5b,200,1
juice,login,CG-Static,10,4,288,acc52f8411c9094e,200,1
juice,login,CG-Static,10,4,299,ac0a4b96d40594ff,200,1
juice,login,CG-Static,10,4,302,7e7fe2920fbcb6f0,200,1
juice,login,CG-Static,10,4,307,c10d5f690aa235b5,200,1
juice,login,CG-Static,10,4,310,d3c0864de234b726,200,1
juice,login,CG-Static,10,4,311,2d7576601cc0630d,200,1
juice,login,CG-Static,10,4,324,1c8b88a40e44dfa4,200,1
juice,login,CG-Static,10,4,325,ae0ebe05546c14ec,200,1
juice,login,CG-Static,10,4,329,125ead8dc9c32f2b,200,1
juice,login,CG-Static,10,4,335,19ce7fb4fc0771bf,200,1
juice,login,CG-Static,10,4,339,d257a2c67a4991bf,200,1
juice,login,CG-Static,10,4,343,b11ff137a2930c99,200,1
juice,login,CG-Static,10,4,349,aab533fb9892fe43,200,1
juice,login,CG-Static,10,4,353,c2cdfec011088a29,200,1
juice,login,CG-Static,10,4,359,4692e4e5bf53715f,200,1
juice,login,CG-Static,10,4,364,b5dc00e07bb326c2,200,1
juice,login,CG-Static,10,4,370,4e32cb98017eee15,200,1
juice,login,CG-Static,10,4,374,ee6c6c87d98cac83,200,1
juice,login,CG-Static,10,4,380,3aa0bd600c58341e,200,1
juice,login,CG-Static,10,4,386,1293171b12d00069,200,1
juice,login,CG-Static,10,4,392,b6943e26b47d74ab,200,1
juice,login,CG-Static,10,4,395,749450a7a8073c38,200,1
juice,login,CG-Static,10,4,401,0d66bdfe9acaf3b2,200,1
juice,login,CG-Static,10,4,407,c5628c2d92b69089,200,1
juice,login,CG-Static,10,4,408,e5a9a0a1de0abe4e,200,1
juice,login,CG-Static,10,4,412,f8b5f83753585a14,200,1
juice,login,CG-Static,10,4,418,6db1423e642f2ec5,200,1
juice,login,CG-Static,10,2,20,527d2edd94ab1794,200,1
juice,login,CG-Static,10,2,23,71398af72f7d1629,200,1
juice,login,CG-Static,10,2,31,23b525c501515c5d,200,1
juice,login,CG-Static,10,2,74,81beb67cba84ecfb,200,1
juice,login,CG-Static,10,2,93,c6c4e39033be35fb,200,1
juice,login,CG-Static,10,2,103,182cd329fc1b4847,200,1
juice,login,CG-Static,10,2,108,56c3165f28e55f82,200,1
juice,login,CG-Static,10,2,118,81cf08e93c3ff88a,200,1
juice,login,CG-Static,10,2,126,0ea6682b62cb9d07,200,1
juice,login,CG-Static,10,2,131,e2379dcf46ca1665,200,1
juice,login,CG-Static,10,2,141,d297c477245f3100,200,1
juice,login,CG-Static,10,2,146,c495c15529aa3adb,200,1
juice,login,CG-Static,10,2,149,a28d9b2d636ea90c,200,1
juice,login,CG-Static,10,2,151,2ccad01c747440fc,200,1
juice,login,CG-Static,10,2,156,c41fa4cd2312d4a7,200,1
juice,login,CG-Static,10,2,165,dbb8b25e9ea11a15,200,1
juice,login,CG-Static,10,2,168,aec1245f59817b6b,200,1
juice,login,CG-Static,10,2,173,8c012a7f122235f3,200,1
juice,login,CG-Static,10,2,179,515f1f1dbabe10c9,200,1
juice,login,CG-Static,10,2,183,3e9fecb57c60b88f,200,1
juice,login,CG-Static,10,2,190,cbd8d4bee99df81d,200,1
juice,login,CG-Static,10,2,194,5ffd577b5d45cef8,200,1
juice,login,CG-Static,10,2,199,e26ef0fd20a7fec4,200,1
juice,login,CG-Static,10,2,203,37caca5a0a98fe76,200,1
juice,login,CG-Static,10,2,225,9e1790a077e7b96e,200,1
juice,login,CG-Static,10,2,227,3bdc2d5b92978c17,200,1
juice,login,CG-Static,10,2,234,58ea899333b6d00c,200,1
juice,login,CG-Static,10,2,238,fcb73fbedddb53ed,200,1
juice,login,CG-Static,10,2,242,f3e95512b45547cc,200,1
juice,login,CG-Static,10,2,243,e111cbb169ff6734,200,1
juice,login,CG-Static,10,2,252,36b933b069fd6b8c,200,1
juice,login,CG-Static,10,2,264,2329ea1ae07349bf,200,1
juice,login,CG-Static,10,2,280,578fb548dd442beb,200,1
juice,login,CG-Static,10,2,293,1baeabdb67fa8bff,200,1
juice,login,CG-Static,10,2,304,95f88da53883f588,200,1
juice,login,CG-Static,10,2,320,daa4608338d01791,200,1
juice,login,CG-Static,10,2,331,b44c62dab07803c9,200,1
juice,login,CG-Static,10,2,340,cf5b4847254ef2d9,200,1
juice,login,CG-Static,10,2,358,600eff701beadbeb,200,1
juice,login,CG-Static,10,2,383,01903f4a7927764d,200,1
juice,login,CG-Static,10,1,10,0a8c4058653d8b16,200,1
juice,login,CG-Static,10,1,11,26b500526aa5ea04,200,1
juice,login,CG-Static,10,1,13,d199d74d865836a2,200,1
juice,login,CG-Static,10,1,14,93f1b991fa2db7a8,200,1
juice,login,CG-Static,10,1,16,23b525c501515c5d,200,1
juice,login,CG-Static,10,1,19,428a181226cc0e1c,200,1
juice,login,CG-Static,10,1,20,e227e6d6c556d506,200,1
juice,login,CG-Static,10,1,27,527d2edd94ab1794,200,1
juice,login,CG-Static,10,1,34,2529af59412f49fb,200,1
juice,login,CG-Static,10,1,42,3c7e05870c17f54f,200,1
juice,login,CG-Static,10,1,44,1f0db698a8777fab,200,1
juice,login,CG-Static,10,1,45,8ba41f96e993dc24,200,1
juice,login,CG-Static,10,1,51,ade40d0d25c33b3f,200,1
juice,login,CG-Static,10,1,55,4679b97d5d0998f1,200,1
juice,login,CG-Static,10,1,59,0a962ab7f384120f,200,1
juice,login,CG-Static,10,1,66,2329c3cac7bd1971,200,1
juice,login,CG-Static,10,1,70,a141c7010c19d8c3,200,1
juice,login,CG-Static,10,1,72,f7499af04af95636,200,1
juice,login,CG-Static,10,1,78,b1ee1b272aea7dc9,200,1
juice,login,CG-Static,10,1,82,92e477877e127299,200,1
juice,login,CG-Static,10,1,83,db90d9bac0c5bd72,200,1
juice,login,CG-Static,10,1,91,105b987c7c4ce097,200,1
juice,login,CG-Static,10,1,97,3334d4f8da671e38,200,1
juice,login,CG-Static,10,1,104,b2c15a230465ef88,200,1
juice,login,CG-Static,10,1,105,693c773b614477d8,200,1
juice,login,CG-Static,10,1,110,98562baec7e3a167,200,1
juice,login,CG-Static,10,1,117,4696090349107423,200,1
juice,login,CG-Static,10,1,124,099575523c083f09,200,1
juice,login,CG-Static,10,1,126,3dff5d566e4cc2a5,200,1
juice,login,CG-Static,10,1,136,0b8e79475bc8aac6,200,1
juice,login,CG-Static,10,1,143,3c459b2464bcea1c,200,1
juice,login,CG-Static,10,1,154,1c7e20c14dfa99a6,200,1
juice,login,CG-Static,10,1,157,182cd329fc1b4847,200,1
juice,login,CG-Static,10,1,162,b27e5e06e49fd4de,200,1
juice,login,CG-Static,10,1,171,0814bdfd36961128,200,1
juice,login,CG-Static,10,1,177,c99aa059e6229a42,200,1
juice,login,CG-Static,10,1,184,0f0f85fcf2620d11,200,1
juice,login,CG-Static,10,1,193,e7f62832111e8eb1,200,1
juice,login,CG-Static,10,1,203,1142381a208d9cb0,200,1
juice,login,CG-Static,10,1,204,b7beab24657ea822,200,1
juice,login,CG-Static,10,1,209,f160da5651693bbc,200,1
juice,login,CG-Static,10,1,211,cc1248ad3a6bd281,200,1
juice,login,CG-Static,10,1,216,791cf435a9b325d5,200,1
juice,login,CG-Static,10,1,222,03e90198de7af7ae,200,1
juice,login,CG-Static,10,1,225,be7296d05bdf3f98,200,1
juice,login,CG-Static,10,1,233,267bed5ddbea5375,200,1
juice,login,CG-Static,10,1,235,1894ad5310426179,200,1
juice,login,CG-Static,10,1,238,1b02c2a317524ab1,200,1
juice,login,CG-Static,10,1,249,bfddd13be02552d3,200,1
juice,login,CG-Static,10,1,252,af8d3e1fb06b6240,200,1
juice,login,CG-Static,10,1,253,fae3da1462a128db,200,1
juice,login,CG-Static,10,1,254,5ef363975c8f0717,200,1
juice,login,CG-Static,10,1,263,d3532f338284ef23,200,1
juice,login,CG-Static,10,1,268,616fef2d582113d3,200,1
juice,login,CG-Static,10,1,275,cf23b850fdb064d2,200,1
juice,login,CG-Static,10,1,279,65c8204ca07cc49a,200,1
juice,login,CG-Static,10,1,282,05ac2f2543bc8af9,200,1
juice,login,CG-Static,10,1,283,5c964cc15e22021d,200,1
juice,login,CG-Static,10,1,288,39d68282e6055069,200,1
juice,login,CG-Static,10,1,290,e351fab5529e2b54,200,1
juice,login,CG-Static,10,1,291,fec0331054c067ba,200,1
juice,login,CG-Static,10,1,294,7863c2565b03ee08,200,1
juice,login,CG-Static,10,1,296,1714b1c445b67105,200,1
juice,login,CG-Static,10,1,305,d1a127a89224f869,200,1
juice,login,CG-Static,10,1,308,3f1e1cc6e94ab43b,200,1
juice,login,CG-Static,10,1,311,0fdb1449ae5be627,200,1
juice,login,CG-Static,10,1,321,3bf2607fad4ddb3e,200,1
juice,login,CG-Static,10,1,323,932621fdf7b97f18,200,1
juice,login,CG-Static,10,1,332,17c04334e7ea2582,200,1
juice,login,CG-Static,10,1,337,fe0756f9c0ae7f61,200,1
juice,login,CG-Static,10,1,339,b226cbb7edbfbf53,200,1
juice,login,CG-Static,10,1,345,f735fb157cdcc178,200,1
juice,login,CG-Static,10,1,347,4a2fb5e519606c1b,200,1
juice,login,CG-Static,10,1,348,7b4496132d7d3f58,200,1
juice,login,CG-Static,10,1,351,e17a74c80a315292,200,1
juice,login,CG-Static,10,1,353,e7f622aea07472f2,200,1
juice,login,CG-Static,10,1,360,38de53c45fe33c0f,200,1
juice,login,CG-Static,10,1,362,9d26282205be1e27,200,1
juice,login,CG-Static,10,1,368,45732ad3eb500589,200,1
juice,login,CG-Static,10,1,371,a273123230ac94cf,200,1
juice,login,CG-Static,10,1,375,d09b346ae855b5c5,200,1
juice,login,CG-Static,10,1,376,0c686bbffc4ceb48,200,1
juice,login,CG-Static,10,1,380,184e1f78780e4c07,200,1
juice,login,CG-Static,10,1,383,81e4eb85f56709a9,200,1
juice,login,CG-Static,10,1,387,70d04cf579f24eae,200,1
juice,login,CG-Static,10,1,390,b9226c4762190620,200,1
juice,login,CG-Static,10,1,394,7407c062ac58da7d,200,1
juice,login,CG-Static,10,1,399,72796524553051e4,200,1
juice,login,CG-Static,10,1,403,e6e068f269d8b2d6,200,1
juice,login,CG-Static,10,1,407,5b19d5a689932948,200,1
juice,login,CG-Static,10,1,411,3725f7e3f410ebb0,200,1
juice,login,CG-Static,10,3,21,d199d74d865836a2,200,1
juice,login,CG-Static,10,3,36,6070dfc37c9ccf15,200,1
juice,login,CG-Static,10,3,44,3c7e05870c17f54f,200,1
juice,login,CG-Static,10,3,47,9f725b8df4386383,200,1
juice,login,CG-Static,10,3,74,db5789c0d6dcded9,200,1
juice,login,CG-Static,10,3,83,23b525c501515c5d,200,1
juice,login,CG-Static,10,3,88,641116fbb701aea2,200,1
juice,login,CG-Static,10,3,98,5600809497b0b787,200,1
juice,login,CG-Static,10,3,109,261af584638b2c72,200,1
juice,login,CG-Static,10,3,121,1c5a177ccf6af810,200,1
juice,login,CG-Static,10,3,130,9de1b1bbca47e535,200,1
juice,login,CG-Static,10,3,139,91f788ec95a9d956,200,1
juice,login,CG-Static,10,3,143,0abff6767ffbe69d,200,1
juice,login,CG-Static,10,3,152,ef4fa152abb9dfbf,200,1
juice,login,CG-Static,10,3,157,f34acc52a97d4a0e,200,1
juice,login,CG-Static,10,3,160,59f7a85b2919d56b,200,1
juice,login,CG-Static,10,3,162,1b1417c91de9cb4f,200,1
juice,login,CG-Static,10,3,172,4a25f59841733feb,200,1
juice,login,CG-Static,10,3,181,531449e19faff89b,200,1
juice,login,CG-Static,10,3,183,896f37f1ed0304e6,200,1
juice,login,CG-Static,10,3,190,5b4fbbbac83433f8,200,1
juice,login,CG-Static,10,3,198,3a6990045e91652a,200,1
juice,login,CG-Static,10,3,202,8530a40be93dc63c,200,1
juice,login,CG-Static,10,3,208,8f3eb6e772cc4758,200,1
juice,login,CG-Static,10,3,222,d844b4ebf6bd7a63,200,1
juice,login,CG-Static,10,3,228,889c8190de95ead3,200,1
juice,login,CG-Static,10,3,235,a49cf45faaed4091,200,1
juice,login,CG-Static,10,3,241,51f9e0c093dc4186,200,1
juice,login,CG-Static,10,3,245,b42d4941ac3ab251,200,1
juice,login,CG-Static,10,3,250,1f112923d374aa19,200,1
juice,login,CG-Static,10,3,257,42432d4b89631c53,200,1
juice,login,CG-Static,10,3,261,d4e7fac874a43083,200,1
juice,login,CG-Static,10,3,276,479675ae9ddb1298,200,1
juice,login,CG-Static,10,3,284,0fb706f885bf8d80,200,1
juice,login,CG-Static,10,3,293,6d74edd1de0b1c12,200,1
juice,login,CG-Static,10,3,296,1a39dd00c3945ba1,200,1
juice,login,CG-Static,10,3,309,a3345b9007a0ae93,200,1
juice,login,CG-Static,10,3,312,79f93d6629a0b33d,200,1
juice,login,CG-Static,10,3,321,8f3375dcb41fe458,200,1
juice,login,CG-Static,10,3,328,c5c6890f37fe70de,200,1
juice,login,CG-Static,10,3,332,0a0abffe7fa9ec1f,200,1
juice,login,CG-Static,10,3,338,7d4812624c905971,200,1
juice,login,CG-Static,10,3,343,04a878b7ba50d0ac,200,1
juice,login,CG-Static,10,3,347,10d5574eec7b5ace,200,1
juice,login,CG-Static,10,3,350,cafea0c3e020361b,200,1
juice,login,CG-Static,10,3,357,6f3a8eb61447c09e,200,1
juice,login,CG-Static,10,3,359,4ff6358d5c9435ae,200,1
juice,login,CG-Static,10,3,366,8884b6759ef7075c,200,1
juice,login,CG-Static,10,3,374,fd7a8c6daddc5e60,200,1
juice,login,CG-Static,10,3,386,f09d4c4072410399,200,1
juice,login,CG-Static,10,3,397,71b957251426d59e,200,1
juice,login,CG-Static,10,3,403,bb813f7d46786e6f,200,1
juice,login,CG-Static,10,3,406,cfd2e89afa094fed,200,1
juice,login,CG-Static,10,3,411,693c59b1b2db6402,200,1
juice,login,CG-Static,10,5,8,428a181226cc0e1c,200,1
juice,login,CG-Static,10,5,16,26b500526aa5ea04,200,1
juice,login,CG-Static,10,5,35,dedad2e90cccc1cd,200,1
juice,login,CG-Static,10,5,36,d199d74d865836a2,200,1
juice,login,CG-Static,10,5,38,23b525c501515c5d,200,1
juice,login,CG-Static,10,5,43,9347eb7a8c48dbb9,200,1
juice,login,CG-Static,10,5,56,357295a7fd0d1768,200,1
juice,login,CG-Static,10,5,57,fc9ea781092e72fe,200,1
juice,login,CG-Static,10,5,64,1271a4dafe2e3621,200,1
juice,login,CG-Static,10,5,66,5f507a1baf294cfa,200,1
juice,login,CG-Static,10,5,68,3aebeb87142463cc,200,1
juice,login,CG-Static,10,5,74,ef5336d87f1f0964,200,1
juice,login,CG-Static,10,5,94,8d005854f02be64b,200,1
juice,login,CG-Static,10,5,99,5e547e27f3f25300,200,1
juice,login,CG-Static,10,5,106,4c2278d18d40cfff,200,1
juice,login,CG-Static,10,5,111,44d8370ca0cec895,200,1
juice,login,CG-Static,10,5,120,1483c2365b95e552,200,1
juice,login,CG-Static,10,5,128,85449cd7b02d3c47,200,1
juice,login,CG-Static,10,5,131,5175955b36b587b2,200,1
juice,login,CG-Static,10,5,144,671f52f78692d1b4,200,1
juice,login,CG-Static,10,5,152,e9f60223e9b4837f,200,1
juice,login,CG-Static,10,5,157,04184edfaad08aea,200,1
juice,login,CG-Static,10,5,162,c08dbfc3ddb93c7c,200,1
juice,login,CG-Static,10,5,165,9e65468d50ec2119,200,1
juice,login,CG-Static,10,5,172,438940bd3a154971,200,1
juice,login,CG-Static,10,5,174,dfbbe13d6cb8f7b9,200,1
juice,login,CG-Static,10,5,179,a30279052292b7f0,200,1
juice,login,CG-Static,10,5,182,4ac7daa23f031d95,200,1
juice,login,CG-Static,10,5,190,a6917fb8877b7787,200,1
juice,login,CG-Static,10,5,198,c26ac32a44daa571,200,1
juice,login,CG-Static,10,5,210,6bf6f91ddac75686,200,1
juice,login,CG-Static,10,5,220,4ec41b2b00766065,200,1
juice,login,CG-Static,10,5,227,f42feb5ca53f3bfd,200,1
juice,login,CG-Static,10,5,232,e7c7cbda5fab8da9,200,1
juice,login,CG-Static,10,5,236,f467e109264e6afa,200,1
juice,login,CG-Static,10,5,246,4d031a8679dc07ec,200,1
juice,login,CG-Static,10,5,254,e223a2e5127df31e,200,1
juice,login,CG-Static,10,5,255,6342bc77995eefbd,200,1
juice,login,CG-Static,10,5,258,dc99e54a4d4c371b,200,1
juice,login,CG-Static,10,5,261,f014692cffa9c056,200,1
juice,login,CG-Static,10,5,268,55384b86849a975b,200,1
juice,login,CG-Static,10,5,271,6a351ae0dc59dacb,200,1
juice,login,CG-Static,10,5,275,82c3b73706f7aa35,200,1
juice,login,CG-Static,10,5,280,dd1f532358245a20,200,1
juice,login,CG-Static,10,5,285,680f3ed6ebf9d651,200,1
juice,login,CG-Static,10,5,288,90c623763791cad7,200,1
juice,login,CG-Static,10,5,289,cdf5324928fcabf8,200,1
juice,login,CG-Static,10,5,294,c4bf7350dbae908d,200,1
juice,login,CG-Static,10,5,297,eb6b56cb06477574,200,1
juice,login,CG-Static,10,5,303,0424e430cd134389,200,1
juice,login,CG-Static,10,5,305,4438fc671c9e13b4,200,1
juice,login,CG-Static,10,5,310,75eca3dc7e994f4f,200,1
juice,login,CG-Static,10,5,317,3aef39f0f4a061c0,200,1
juice,login,CG-Static,10,5,320,02d7eb554eb98958,200,1
juice,login,CG-Static,10,5,326,9223e2b397211295,200,1
juice,login,CG-Static,10,5,330,da2912cff9c31236,200,1
juice,login,CG-Static,10,5,334,cdaf05a0cae0ae24,200,1
juice,login,CG-Static,10,5,341,c501e95c138884df,200,1
juice,login,CG-Static,10,5,345,559d1bbd0f8a22f6,200,1
juice,login,CG-Static,10,5,350,c9e0d5eee5a301ad,200,1
juice,login,CG-Static,10,5,358,6f7862ab97e53dc8,200,1
juice,login,CG-Static,10,5,367,717b335b396953db,200,1
juice,login,CG-Static,10,5,374,fb9bcaeee618732d,200,1
juice,login,CG-Static,10,5,381,5ab2385cca72d96e,200,1
juice,login,CG-Static,10,5,388,066fa9841eb8cd59,200,1
juice,login,CG-Static,10,5,393,e0e4203bccae3c4a,200,1
juice,login,CG-Static,10,5,398,bd838530d68b5b91,200,1
juice,login,CG-Static,10,5,405,38de597fc44b26a9,200,1
juice,login,CG-Static,10,5,409,c835741697a6dc39,200,1
juice,login,CG-Static,10,5,420,abb1602bb8047c55,200,1
juice,search,CG-Static,10,4,0,b7e4b57b79db55ca,200,1
juice,search,CG-Static,10,4,1,1956eb9a35ec5499,200,1
juice,search,CG-Static,10,4,2,14a1052e2a93de76,200,1
juice,search,CG-Static,10,4,3,2203fc3344b00439,200,1
juice,search,CG-Static,10,4,4,1635ccda06752be4,200,1
juice,search,CG-Static,10,4,5,212e1f4b678827c8,200,1
juice,search,CG-Static,10,4,6,1c640f84488be430,200,1
juice,search,CG-Static,10,4,7,fba3457d43485a2a,200,1
juice,search,CG-Static,10,4,8,bf05d9a832140509,200,1
juice,search,CG-Static,10,4,9,a98e51e2f3751159,200,1
juice,search,CG-Static,10,4,10,3a91b4f6b5f185c5,200,1
juice,search,CG-Static,10,4,11,b6f816ee6aded006,200,1
juice,search,CG-Static,10,4,12,265d27b2d7194221,200,1
juice,search,CG-Static,10,4,13,a6cd088bac643a07,200,1
juice,search,CG-Static,10,4,14,61bc02528450d514,200,1
juice,search,CG-Static,10,4,15,fdf27885e441ea20,200,1
juice,search,CG-Static,10,4,16,0716b8dd2de24f2e,200,1
juice,search,CG-Static,10,4,17,23344b4c96fe9c9c,200,1
juice,search,CG-Static,10,4,18,70bba0bbb4cce335,200,1
juice,search,CG-Static,10,4,19,5b255e09a9c4d9cf,200,1
juice,search,CG-Static,10,4,20,631b314d8dad6510,200,1
juice,search,CG-Static,10,4,21,9d3bc91c096a9b36,200,1
juice,search,CG-Static,10,4,22,5ad4cadc4fcbe95f,200,1
juice,search,CG-Static,10,4,23,04189b15820a2ad7,200,1
juice,search,CG-Static,10,4,24,dd5343f9a2dd3aba,200,1
juice,search,CG-Static,10,4,25,6e473604d2537966,200,1
juice,search,CG-Static,10,4,26,e07ba73698e097c8,200,1
juice,search,CG-Static,10,4,27,81db1dd15d253d6d,200,1
juice,search,CG-Static,10,4,28,b715453181304d6c,200,1
juice,search,CG-Static,10,4,29,8949022aac9c8b88,200,1
juice,search,CG-Static,10,4,30,77e5402cbebc0764,200,1
juice,search,CG-Static,10,4,31,34a952c792d1e99b,200,1
juice,search,CG-Static,10,4,32,bcf4a103afa96ff5,200,1
juice,search,CG-Static,10,4,33,da4b60576a477d75,200,1
juice,search,CG-Static,10,4,34,698c7caeca69c47f,200,1
juice,search,CG-Static,10,4,35,2d751cf98e444c70,200,1
juice,search,CG-Static,10,4,36,6698570872845657,200,1
juice,search,CG-Static,10,4,37,17310cab484c95ce,200,1
juice,search,CG-Static,10,4,38,468e562618ec3168,200,1
juice,search,CG-Static,10,4,39,d4d9310ac33f705c,200,1
juice,search,CG-Static,10,4,40,20bed2054ba62b86,200,1
juice,search,CG-Static,10,4,41,8cef529f4cc29323,200,1
juice,search,CG-Static,10,4,42,633d061717500b5f,200,1
juice,search,CG-Static,10,4,43,0f1a865c53056e65,200,1
juice,search,CG-Static,10,4,44,3a0ae0cdbb9051a5,200,1
juice,search,CG-Static,10,4,45,8b0135f963a94b00,200,1
juice,search,CG-Static,10,4,46,2fea785413c69d4f,200,1
juice,search,CG-Static,10,4,47,c12b0b3122fd7f65,200,1
juice,search,CG-Static,10,4,48,c619fd0ccb9bd31e,200,1
juice,search,CG-Static,10,4,49,11ccf5e7de2cbf99,200,1
juice,search,CG-Static,10,4,50,ac5851ca94430a7a,200,1
juice,search,CG-Static,10,4,51,e0e8cd68703e68a7,200,1
juice,search,CG-Static,10,4,52,e8bc1c130f794a83,200,1
juice,search,CG-Static,10,4,53,3e15a4ff568ba3ca,200,1
juice,search,CG-Static,10,4,54,162527cafcca0cca,200,1
juice,search,CG-Static,10,4,55,85ecf157c5ebff2c,200,1
juice,search,CG-Static,10,4,56,b29135d725f42da7,200,1
juice,search,CG-Static,10,4,57,364aff3d66608c8e,200,1
juice,search,CG-Static,10,4,58,f659547959cd71da,200,1
juice,search,CG-Static,10,4,59,36bd7ca3e7236543,200,1
juice,search,CG-Static,10,4,60,baaa75ba198dfa11,200,1
juice,search,CG-Static,10,4,61,6f03dbc49a8ad987,200,1
juice,search,CG-Static,10,4,62,0fe951a11101ae5c,200,1
juice,search,CG-Static,10,4,63,18c7243387a42701,200,1
juice,search,CG-Static,10,4,64,2fc96a794f63b773,200,1
juice,search,CG-Static,10,4,65,97168d147d72e3d4,200,1
juice,search,CG-Static,10,4,66,42dc0f51904a9c0b,200,1
juice,search,CG-Static,10,4,67,e5dc3f76b6d9c109,200,1
juice,search,CG-Static,10,4,68,189f1e905546ea12,200,1
juice,search,CG-Static,10,4,69,24970b736ab60a51,200,1
juice,search,CG-Static,10,4,70,3f9a286815728ceb,200,1
juice,search,CG-Static,10,4,71,92947dceebf2cf73,200,1
juice,search,CG-Static,10,4,72,33e4ec9a154e3980,200,1
juice,search,CG-Static,10,4,73,5f588605783735fc,200,1
juice,search,CG-Static,10,4,74,2cb0c7d98225bc4c,200,1
juice,search,CG-Static,10,4,75,833d5ef4d2c15f71,200,1
juice,search,CG-Static,10,4,76,6b56102d9bb643e3,200,1
juice,search,CG-Static,10,4,77,90f757b76af717e0,200,1
juice,search,CG-Static,10,4,78,56c0909d5e64b665,200,1
juice,search,CG-Static,10,4,79,33b5aa0b1dfa1a82,200,1
juice,search,CG-Static,10,4,80,74c6fffc94931cc0,200,1
juice,search,CG-Static,10,4,81,dc07dd2b236b829a,200,1
juice,search,CG-Static,10,4,82,d14753bfe6147bab,200,1
juice,search,CG-Static,10,4,83,f9509ff847e48ec1,200,1
juice,search,CG-Static,10,4,84,f9f9843b731226f9,200,1
juice,search,CG-Static,10,4,85,0ae7b4cdcdbad547,200,1
juice,search,CG-Static,10,4,86,8bc95be337c39f5e,200,1
juice,search,CG-Static,10,4,87,0af90bee020c5a16,200,1
juice,search,CG-Static,10,4,88,9d0c04b78c41466a,200,1
juice,search,CG-Static,10,4,89,79530900baddeab6,200,1
juice,search,CG-Static,10,4,90,15e8cec715dc5d0b,200,1
juice,search,CG-Static,10,4,91,e4c109f9f7519945,200,1
juice,search,CG-Static,10,4,92,6a1a348747155aa6,200,1
juice,search,CG-Static,10,4,93,c9462d11be091d5d,200,1
juice,search,CG-Static,10,4,94,233882e733e0e4cf,200,1
juice,search,CG-Static,10,4,95,c44fccd5abd9921c,200,1
juice,search,CG-Static,10,4,96,6ec562789fe4d5bd,200,1
juice,search,CG-Static,10,4,97,9db7edbe4077b828,200,1
juice,search,CG-Static,10,4,98,54546d50d7785e40,200,1
juice,search,CG-Static,10,4,99,65b1ff60e6217bd0,200,1
juice,search,CG-Static,10,4,100,b73545c985ac41a0,200,1
juice,search,CG-Static,10,4,101,f21fd622849bd7cd,200,1
juice,search,CG-Static,10,4,102,6bf9977324d1b8f5,200,1
juice,search,CG-Static,10,4,103,f9511088afd5e0a3,200,1
juice,search,CG-Static,10,4,104,c28db321ee706bd2,200,1
juice,search,CG-Static,10,4,105,238bac5405cb6a6d,200,1
juice,search,CG-Static,10,4,106,809e07db74b256e5,200,1
juice,search,CG-Static,10,4,107,82ce373feb0f2547,200,1
juice,search,CG-Static,10,4,108,25df34e1aea6b71d,200,1
juice,search,CG-Static,10,4,109,592ec7270eb6e952,200,1
juice,search,CG-Static,10,4,110,196be4d2513ebdae,200,1
juice,search,CG-Static,10,4,111,61acb8bbdb9a25dc,200,1
juice,search,CG-Static,10,4,112,6d48e4bbdf54704b,200,1
juice,search,CG-Static,10,4,113,10169bf1b41ba9d4,200,1
juice,search,CG-Static,10,4,114,a39d66d26d4ad878,200,1
juice,search,CG-Static,10,4,115,4649aee0128da2d9,200,1
juice,search,CG-Static,10,4,116,9751e09d9ab8170b,200,1
juice,search,CG-Static,10,4,117,eab533d3f3e0cf6d,200,1
juice,search,CG-Static,10,4,118,ade4f30cb2156a2d,200,1
juice,search,CG-Static,10,4,119,8ce430894499254a,200,1
juice,search,CG-Static,10,4,120,81352c060888ae2e,200,1
juice,search,CG-Static,10,4,121,c3b6c4d83795de54,200,1
juice,search,CG-Static,10,4,122,4bcee665b8160975,200,1
juice,search,CG-Static,10,4,123,d8fe8f0012752e1f,200,1
juice,search,CG-Static,10,4,124,dbcc1e3a7015ede7,200,1
juice,search,CG-Static,10,4,125,6d23ba83016e0c1d,200,1
juice,search,CG-Static,10,4,126,43abb25e0e8f62ea,200,1
juice,search,CG-Static,10,4,127,b82e39a6dee91297,200,1
juice,search,CG-Static,10,4,128,f315cccb2029e8f4,200,1
juice,search,CG-Static,10,4,129,4bb98fc1ea6d3a61,200,1
juice,search,CG-Static,10,4,130,bd0cb689ddcfba8f,200,1
juice,search,CG-Static,10,4,131,64f5150f58323040,200,1
juice,search,CG-Static,10,4,132,5e487f42e67adf3a,200,1
juice,search,CG-Static,10,4,133,8267484a234b88bf,200,1
juice,search,CG-Static,10,4,134,e432bbaf1a6ad479,200,1
juice,search,CG-Static,10,4,135,8fd10bf067fb6fd0,200,1
juice,search,CG-Static,10,4,136,725a120be707ff33,200,1
juice,search,CG-Static,10,4,137,6de09e9eb5607fee,200,1
juice,search,CG-Static,10,4,138,3caf5e53daf07be9,200,1
juice,search,CG-Static,10,4,139,ecdddd4b9f4e9509,200,1
juice,search,CG-Static,10,4,140,1d13f50f588f19f0,200,1
juice,search,CG-Static,10,4,141,37cb18f2f5581e67,200,1
juice,search,CG-Static,10,4,142,8a693883df236a39,200,1
juice,search,CG-Static,10,4,143,bb613c90dc0ede5b,200,1
juice,search,CG-Static,10,4,144,bf67b0a9d79da0a1,200,1
juice,search,CG-Static,10,4,145,eef767ead5b5f117,200,1
juice,search,CG-Static,10,4,146,c767c343a499bfd4,200,1
juice,search,CG-Static,10,4,147,232a2b73254c5898,200,1
juice,search,CG-Static,10,4,148,ad28c0e61b040a8c,200,1
juice,search,CG-Static,10,4,149,2699024444f9a7eb,200,1
juice,search,CG-Static,10,4,150,1f63156eb71fb631,200,1
juice,search,CG-Static,10,4,151,3609e9c3d766fee6,200,1
juice,search,CG-Static,10,4,152,2db5b56a0dc5ef58,200,1
juice,search,CG-Static,10,4,153,231171b721514cdf,200,1
juice,search,CG-Static,10,4,154,243a4babf6f5ec76,200,1
juice,search,CG-Static,10,4,155,4156a00c4e7097f7,200,1
juice,search,CG-Static,10,4,156,5a41a0bbe6044139,200,1
juice,search,CG-Static,10,4,157,31b0bb20b9ed1040,200,1
juice,search,CG-Static,10,4,158,73107e92b440e2fa,200,1
juice,search,CG-Static,10,4,159,61c2b9d25e00368f,200,1
juice,search,CG-Static,10,4,160,84b7d0bd6799bc8b,200,1
juice,search,CG-Static,10,4,161,5c85e354a3988ea8,200,1
juice,search,CG-Static,10,4,162,f0304aaf33537566,200,1
juice,search,CG-Static,10,4,163,923d7da69491f197,200,1
juice,search,CG-Static,10,4,164,3db34429d26ba7d9,200,1
juice,search,CG-Static,10,4,165,becd8956a0a2a791,200,1
juice,search,CG-Static,10,4,166,79e5823eef9cc425,200,1
juice,search,CG-Static,10,4,167,eaa70acf398c618c,200,1
juice,search,CG-Static,10,4,168,eb7fdedeeda9bc36,200,1
juice,search,CG-Static,10,4,169,78a34660d16c036c,200,1
juice,search,CG-Static,10,4,170,5d283b2d379788ac,200,1
juice,search,CG-Static,10,4,171,c7d8be0909980edd,200,1
juice,search,CG-Static,10,4,172,96b10e33f84a18bf,200,1
juice,search,CG-Static,10,4,173,c9848bedffb51d21,200,1
juice,search,CG-Static,10,4,174,d9d39d646677eb6f,200,1
juice,search,CG-Static,10,4,175,268c49aed988e833,200,1
juice,search,CG-Static,10,4,176,ac398695c66dc061,200,1
juice,search,CG-Static,10,4,177,7bc29d3d953aac32,200,1
juice,search,CG-Static,10,4,178,05f89346af7d49bf,200,1
juice,search,CG-Static,10,4,179,ef5a79b2804d4a12,200,1
juice,search,CG-Static,10,4,180,87b97a98033431df,200,1
juice,search,CG-Static,10,4,181,9cbf9d7339b48b06,200,1
juice,search,CG-Static,10,4,182,c3be4a969093f224,200,1
juice,search,CG-Static,10,4,183,e2fb3cb88e2d27c1,200,1
juice,search,CG-Static,10,4,184,086303b64de4c3a0,200,1
juice,search,CG-Static,10,4,185,1e43cecab17bc383,200,1
juice,search,CG-Static,10,4,186,0a1391d48c7b152c,200,1
juice,search,CG-Static,10,4,187,abe3f120b77cd468,200,1
juice,search,CG-Static,10,4,188,bd34c867b9fef412,200,1
juice,search,CG-Static,10,4,189,4a3adfea842bd917,200,1
juice,search,CG-Static,10,4,190,00a1e11d81cab5a5,200,1
juice,search,CG-Static,10,4,191,5a573ca6d67419c0,200,1
juice,search,CG-Static,10,4,192,b421e431cf72bbdc,200,1
juice,search,CG-Static,10,4,193,d2d4da08fa3d8a98,200,1
juice,search,CG-Static,10,4,194,3b4ac42f1aacb3e5,200,1
juice,search,CG-Static,10,4,195,e3bb7256808cd20a,200,1
juice,search,CG-Static,10,4,196,36169757dfa4c785,200,1
juice,search,CG-Static,10,4,197,27e91ce024c64f76,200,1
juice,search,CG-Static,10,4,198,f62bdf61abc4803b,200,1
juice,search,CG-Static,10,4,199,2e4b32fcdfc60e17,200,1
juice,search,CG-Static,10,4,200,162b0eed2d1f38be,200,1
juice,search,CG-Static,10,4,201,d289816658515c30,200,1
juice,search,CG-Static,10,4,202,743fcb296db39432,200,1
juice,search,CG-Static,10,4,203,2c3d64ff86add8e9,200,1
juice,search,CG-Static,10,4,204,92d502035d6e6816,200,1
juice,search,CG-Static,10,4,205,c3d7ec99fa53330b,200,1
juice,search,CG-Static,10,4,206,bf41142b5c07d9bc,200,1
juice,search,CG-Static,10,4,207,ba021bd999d533de,200,1
juice,search,CG-Static,10,4,208,62da0e1651de0561,200,1
juice,search,CG-Static,10,4,209,b5eb7fed5c9bb967,200,1
juice,search,CG-Static,10,4,210,96ffd73d435284c2,200,1
juice,search,CG-Static,10,4,211,a4fa33c6efb24d62,200,1
juice,search,CG-Static,10,4,212,0ecd61496db73346,200,1
juice,search,CG-Static,10,4,213,98bea41e204541fd,200,1
juice,search,CG-Static,10,4,214,1eb9336ebc77fae3,200,1
juice,search,CG-Static,10,4,215,a05e2a9762f19441,200,1
juice,search,CG-Static,10,4,216,c8676d5fa9d884e6,200,1
juice,search,CG-Static,10,4,217,a16f49f6383e28f3,200,1
juice,search,CG-Static,10,4,218,e06a2f271f7d2933,200,1
juice,search,CG-Static,10,4,219,964a1287a468551d,200,1
juice,search,CG-Static,10,4,220,5af4c12c1f5690b1,200,1
juice,search,CG-Static,10,4,221,15883f009a9a514e,200,1
juice,search,CG-Static,10,4,222,cb3eabf0c4a20ec0,200,1
juice,search,CG-Static,10,4,223,40ccb2df48ce1df1,200,1
juice,search,CG-Static,10,4,224,095da52a90bef6c1,200,1
juice,search,CG-Static,10,4,225,dd574526cf724135,200,1
juice,search,CG-Static,10,4,226,733aa08b22552796,200,1
juice,search,CG-Static,10,4,227,fb11717d35988d0c,200,1
juice,search,CG-Static,10,4,228,0632119d5e1e8798,200,1
juice,search,CG-Static,10,4,229,884430cacf8133d0,200,1
juice,search,CG-Static,10,4,230,7b5f1f2fd5fb3393,200,1
juice,search,CG-Static,10,4,231,c84c35e15cd1b7ad,200,1
juice,search,CG-Static,10,4,232,5d61c3e7ff2aabea,200,1
juice,search,CG-Static,10,4,233,32df60026c42499c,200,1
juice,search,CG-Static,10,4,234,e06102ae8f1e4885,200,1
juice,search,CG-Static,10,4,235,4d130079481ada7e,200,1
juice,search,CG-Static,10,4,236,67d126ea7c57d2dc,200,1
juice,search,CG-Static,10,4,237,8c4532b5f0deb772,200,1
juice,search,CG-Static,10,4,238,7146eb27ea1e236a,200,1
juice,search,CG-Static,10,4,239,a50832b35816d782,200,1
juice,search,CG-Static,10,4,240,c7ac56855d7bffd3,200,1
juice,search,CG-Static,10,4,241,4fd44865a44c97bf,200,1
juice,search,CG-Static,10,4,242,1024981498de1f8b,200,1
juice,search,CG-Static,10,4,243,39d9f1ab760d2b15,200,1
juice,search,CG-Static,10,4,244,6b7d27ef6237198e,200,1
juice,search,CG-Static,10,4,245,9a1cfa52bbe9cdc4,200,1
juice,search,CG-Static,10,4,246,ad5821075ccb2d8c,200,1
juice,search,CG-Static,10,4,247,81349b463e119ce0,200,1
juice,search,CG-Static,10,4,248,33342da52c734bf0,200,1
juice,search,CG-Static,10,4,249,c1bfb829af31266b,200,1
juice,search,CG-Static,10,4,250,ab1af2cfc67f79bf,200,1
juice,search,CG-Static,10,4,251,72ef2fa6888d5d71,200,1
juice,search,CG-Static,10,4,252,c4ca0116638c8560,200,1
juice,search,CG-Static,10,4,253,9f7b1399a5ddd41e,200,1
juice,search,CG-Static,10,4,254,09e28063fd045c2c,200,1
juice,search,CG-Static,10,4,255,ad2955810bcccaaa,200,1
juice,search,CG-Static,10,4,256,495e8bec07493eda,200,1
juice,search,CG-Static,10,4,257,8e73d4ad40df1a7a,200,1
juice,search,CG-Static,10,4,258,0a7a8c2a5c448482,200,1
juice,search,CG-Static,10,4,259,504bffe5368a57d6,200,1
juice,search,CG-Static,10,4,260,09529bf6e5106879,200,1
juice,search,CG-Static,10,4,261,105a2df0e0e7022a,200,1
juice,search,CG-Static,10,4,262,f97e0aee79902e97,200,1
juice,search,CG-Static,10,4,263,955e510b9f3fab05,200,1
juice,search,CG-Static,10,4,264,604c8361e3f45f2e,200,1
juice,search,CG-Static,10,4,265,12ee9e2f4e2a69a6,200,1
juice,search,CG-Static,10,4,266,0548940620049d4e,200,1
juice,search,CG-Static,10,4,267,efa5f44486d76398,200,1
juice,search,CG-Static,10,4,268,dff5909a36dc553d,200,1
juice,search,CG-Static,10,4,269,ec20517fa9a66f3c,200,1
juice,search,CG-Static,10,4,270,22767cf11f4d462a,200,1
juice,search,CG-Static,10,4,271,67799e9a9e26ab41,200,1
juice,search,CG-Static,10,4,272,d2257db61d355a9d,200,1
juice,search,CG-Static,10,4,273,b77a9bb94ac5a8d8,200,1
juice,search,CG-Static,10,4,274,d9f940b5a27ca9bb,200,1
juice,search,CG-Static,10,4,275,f05ac138fa7ef59b,200,1
juice,search,CG-Static,10,4,276,5ba2df4379a185cb,200,1
juice,search,CG-Static,10,4,277,0a11ae6986ee5a66,200,1
juice,search,CG-Static,10,4,278,857722074a584021,200,1
juice,search,CG-Static,10,4,279,669a2f13a48f5c0d,200,1
juice,search,CG-Static,10,4,280,880a604019560003,200,1
juice,search,CG-Static,10,4,281,def78cb5ce24fbd6,200,1
juice,search,CG-Static,10,4,282,6ab9a78650de1599,200,1
juice,search,CG-Static,10,4,283,3859e2a9014a8921,200,1
juice,search,CG-Static,10,4,284,13b7edc81cb0af29,200,1
juice,search,CG-Static,10,4,285,41c5493c196018bc,200,1
juice,search,CG-Static,10,4,286,0b88630038e23260,200,1
juice,search,CG-Static,10,4,287,515e122ee853ae80,200,1
juice,search,CG-Static,10,4,288,111c55386fc87e82,200,1
juice,search,CG-Static,10,4,289,24fd3e97da734fa0,200,1
juice,search,CG-Static,10,4,290,5f773e98e078cea7,200,1
juice,search,CG-Static,10,4,291,33ec5d31cc71ea1c,200,1
juice,search,CG-Static,10,4,292,316a12cb1ea18510,200,1
juice,search,CG-Static,10,4,293,2c6d178273873fb7,200,1
juice,search,CG-Static,10,4,294,a7d97586155a585c,200,1
juice,search,CG-Static,10,4,295,235bcbe4347e23af,200,1
juice,search,CG-Static,10,4,296,6f81724a859a9a2c,200,1
juice,search,CG-Static,10,4,297,ac7a8bd947708e70,200,1
juice,search,CG-Static,10,4,298,c35e41877d1a69d1,200,1
juice,search,CG-Static,10,4,299,c0e927481b645744,200,1
juice,search,CG-Static,10,4,300,69bf09680727ccb0,200,1
juice,search,CG-Static,10,4,301,8cc307a8064c8b9e,200,1
juice,search,CG-Static,10,4,302,a06c0c4552dded93,200,1
juice,search,CG-Static,10,4,303,74e5a60c5bbfbd7a,200,1
juice,search,CG-Static,10,4,304,5d4dfc84a144455f,200,1
juice,search,CG-Static,10,4,305,2d7afbf3bc953740,200,1
juice,search,CG-Static,10,4,306,80eb040600b6d078,200,1
juice,search,CG-Static,10,4,307,c587afff7e0102c6,200,1
juice,search,CG-Static,10,4,308,05b02ed6e2ccb470,200,1
juice,search,CG-Static,10,4,309,a2b6086d870bd7b5,200,1
juice,search,CG-Static,10,4,310,df10e393873b5b1b,200,1
juice,search,CG-Static,10,4,311,b29411bb716ebaf7,200,1
juice,search,CG-Static,10,4,312,2323b393210fc766,200,1
juice,search,CG-Static,10,4,313,7cae9c34016628c8,200,1
juice,search,CG-Static,10,4,314,16a7f45fb4fda7b1,200,1
juice,search,CG-Static,10,4,315,49ab8c10a364b6fb,200,1
juice,search,CG-Static,10,4,316,24f5cee8a27b8bdf,200,1
juice,search,CG-Static,10,4,317,594804d478ac98d7,200,1
juice,search,CG-Static,10,4,318,dd19c6b5e726587f,200,1
juice,search,CG-Static,10,4,319,e669440ebf7fbd67,200,1
juice,search,CG-Static,10,4,320,738eaa2645f41ec6,200,1
juice,search,CG-Static,10,4,321,881b6436a95789c0,200,1
juice,search,CG-Static,10,4,322,14f640961f9d07a3,200,1
juice,search,CG-Static,10,4,323,b41ba91cfa4154f5,200,1
juice,search,CG-Static,10,4,324,6552db8ae93b81ad,200,1
juice,search,CG-Static,10,4,325,472affbf43b65032,200,1
juice,search,CG-Static,10,4,326,2ea5452a213cd4fa,200,1
juice,search,CG-Static,10,4,327,41cb8d0c27d4187f,200,1
juice,search,CG-Static,10,4,328,f0fd68952dd57108,200,1
juice,search,CG-Static,10,4,329,5cc6eec4e8f99ea5,200,1
juice,search,CG-Static,10,4,330,3fc24367d616906c,200,1
juice,search,CG-Static,10,4,331,91704c5001066f53,200,1
juice,search,CG-Static,10,4,332,8a07fd80e0120b44,200,1
juice,search,CG-Static,10,4,333,e62fe6c432e335f4,200,1
juice,search,CG-Static,10,4,334,712b8cbbd2cde57c,200,1
juice,search,CG-Static,10,4,335,f3867b95376a48f2,200,1
juice,search,CG-Static,10,4,336,1ec58e155a5ddc86,200,1
juice,search,CG-Static,10,4,337,bce42b02021f159f,200,1
juice,search,CG-Static,10,4,338,8e93a48655b6d6f0,200,1
juice,search,CG-Static,10,4,339,cf616aba5a2bc17c,200,1
juice,search,CG-Static,10,4,340,e5bb1d6a529c7a90,200,1
juice,search,CG-Static,10,4,341,64960288a86e1b5a,200,1
juice,search,CG-Static,10,4,342,aa84b36b31073701,200,1
juice,search,CG-Static,10,4,343,2a1d0fed43ebd6c7,200,1
juice,search,CG-Static,10,4,344,3f1679db47c1ba6f,200,1
juice,search,CG-Static,10,4,345,b403055c0d7384ed,200,1
juice,search,CG-Static,10,4,346,9d8b240817a752a6,200,1
juice,search,CG-Static,10,4,347,6f2de6791835be8c,200,1
juice,search,CG-Static,10,4,348,f222d2cf1b8b2b7d,200,1
juice,search,CG-Static,10,4,349,c9d57c81436fb183,200,1
juice,search,CG-Static,10,4,350,3083f9203f2ea5ff,200,1
juice,search,CG-Static,10,4,351,578da31a8bdb5e1f,200,1
juice,search,CG-Static,10,4,352,257c5f35433b6839,200,1
juice,search,CG-Static,10,4,353,1e30f2534359df3f,200,1
juice,search,CG-Static,10,4,354,4da48d5055824201,200,1
juice,search,CG-Static,10,4,355,c12d044706c64016,200,1
juice,search,CG-Static,10,4,356,9f7b923b7dc3edab,200,1
juice,search,CG-Static,10,4,357,9d7e937ed9d95f46,200,1
juice,search,CG-Static,10,4,358,95ace4b09a5dcf16,200,1
juice,search,CG-Static,10,4,359,5b12f8daa5cfc96c,200,1
juice,search,CG-Static,10,4,360,4cd283c83f38232c,200,1
juice,search,CG-Static,10,4,361,9165c40cd8fdf1f0,200,1
juice,search,CG-Static,10,4,362,699396e0038307b6,200,1
juice,search,CG-Static,10,4,363,0dbc6d9913cdbc31,200,1
juice,search,CG-Static,10,4,364,ef249e918086cca6,200,1
juice,search,CG-Static,10,4,365,3be9ecf7d7dbd7b5,200,1
juice,search,CG-Static,10,4,366,7b8a0c382afb61da,200,1
juice,search,CG-Static,10,4,367,53602dd819eb1c8b,200,1
juice,search,CG-Static,10,4,368,a1b999a688a65ced,200,1
juice,search,CG-Static,10,4,369,58a17e3881f772d0,200,1
juice,search,CG-Static,10,4,370,04042acd453f0a29,200,1
juice,search,CG-Static,10,4,371,6e27e0d679b63fda,200,1
juice,search,CG-Static,10,4,372,f796f63f89140639,200,1
juice,search,CG-Static,10,4,373,bfaeeabc5f93c0a1,200,1
juice,search,CG-Static,10,4,374,7dec6f55b26fd20f,200,1
juice,search,CG-Static,10,4,375,8241bf2b7bb57064,200,1
juice,search,CG-Static,10,4,376,0c62e57046bd8876,200,1
juice,search,CG-Static,10,4,377,627c37f609b2b8ca,200,1
juice,search,CG-Static,10,4,378,05192d79c8933a91,200,1
juice,search,CG-Static,10,4,379,74240f563edce825,200,1
juice,search,CG-Static,10,4,380,9cf18d2a5db76396,200,1
juice,search,CG-Static,10,4,381,02a3654c5875e9a7,200,1
juice,search,CG-Static,10,4,382,694d9874dcfe1866,200,1
juice,search,CG-Static,10,4,383,4f64d9385f3bd53f,200,1
juice,search,CG-Static,10,4,384,7c9c11a96e308309,200,1
juice,search,CG-Static,10,4,385,7decf25c9f923cb7,200,1
juice,search,CG-Static,10,4,386,e968be54c417ff0f,200,1
juice,search,CG-Static,10,4,387,e37703282593b1e8,200,1
juice,search,CG-Static,10,4,388,890506da0a273fc2,200,1
juice,search,CG-Static,10,4,389,6cb4b2807aa25a74,200,1
juice,search,CG-Static,10,4,390,9ba7e4f9bae3ce84,200,1
juice,search,CG-Static,10,4,391,5dea9ec293b72517,200,1
juice,search,CG-Static,10,4,392,b68aaeab1cc7ba39,200,1
juice,search,CG-Static,10,4,393,de8065b9be0ef071,200,1
juice,search,CG-Static,10,4,394,a12feb18e532fc70,200,1
juice,search,CG-Static,10,4,395,2c809781869e5a7a,200,1
juice,search,CG-Static,10,4,396,929a335768d742af,200,1
juice,search,CG-Static,10,4,397,6ead64cd9e650f29,200,1
juice,search,CG-Static,10,4,398,ef3efac24f7eebb3,200,1
juice,search,CG-Static,10,4,399,69dec6a10f940438,200,1
juice,search,CG-Static,10,4,400,950032c0c1d1b290,200,1
juice,search,CG-Static,10,4,401,83d401630c3709eb,200,1
juice,search,CG-Static,10,4,402,7e19411c5ae9ef7c,200,1
juice,search,CG-Static,10,4,403,3345d00d89901ff5,200,1
juice,search,CG-Static,10,4,404,3568d3341a8c81c6,200,1
juice,search,CG-Static,10,4,405,a4a92bae666c95ad,200,1
juice,search,CG-Static,10,4,406,d214fa0934af8a1b,200,1
juice,search,CG-Static,10,4,407,aa2b02e01bb99f31,200,1
juice,search,CG-Static,10,4,408,0ee51fe2f951e13d,200,1
juice,search,CG-Static,10,4,409,674e6941511c9b7c,200,1
juice,search,CG-Static,10,4,410,355d47eb56382e85,200,1
juice,search,CG-Static,10,4,411,cb7db4724362ee60,200,1
juice,search,CG-Static,10,4,412,aef2b489abb9e821,200,1
juice,search,CG-Static,10,4,413,1e3119e5dbec31e3,200,1
juice,search,CG-Static,10,4,414,2eca1651b274122a,200,1
juice,search,CG-Static,10,4,415,0b3a7431c4503df8,200,1
juice,search,CG-Static,10,4,416,4d0367ec6f68211d,200,1
juice,search,CG-Static,10,4,417,55bcfad61edf83ca,200,1
juice,search,CG-Static,10,4,418,d435bd0c9e301372,200,1
juice,search,CG-Static,10,4,419,d5f11b4988d9ddad,200,1
juice,search,CG-Static,10,4,420,82bb1f3f9fec180f,200,1
juice,search,CG-Static,10,4,421,4eba9e8ef4a96e33,200,1
juice,search,CG-Static,10,4,422,a9c317b4298b8845,200,1
juice,search,CG-Static,10,4,423,7c515366eb747d50,200,1
juice,search,CG-Static,10,4,424,dbd476b963ffb1f6,200,1
juice,search,CG-Static,10,4,425,1933ec405830cea1,200,1
juice,search,CG-Static,10,4,426,53d93fbba07db7c8,200,1
juice,search,CG-Static,10,4,427,683c34fd975738b0,200,1
juice,search,CG-Static,10,4,428,c93f4b2b628020c9,200,1
juice,search,CG-Static,10,4,429,a6a7e6f9b4f50b16,200,1
juice,search,CG-Static,10,4,430,1b9ab118a8e03834,200,1
juice,search,CG-Static,10,4,431,41e9b6a3f6169610,200,1
juice,search,CG-Static,10,4,432,1afbf1362bb284f3,200,1
juice,search,CG-Static,10,4,433,085942a23a25df6e,200,1
juice,search,CG-Static,10,4,434,dbd9adc048ebcf4b,200,1
juice,search,CG-Static,10,4,435,d60a9e4aa9f88424,200,1
juice,search,CG-Static,10,4,436,f2521701bee40ce1,200,1
juice,search,CG-Static,10,4,437,4b4291afbf6a6e68,200,1
juice,search,CG-Static,10,4,438,254b60be4db2fd71,200,1
juice,search,CG-Static,10,4,439,c086c2a2282d530d,200,1
juice,search,CG-Static,10,4,440,428fd0b3533f765b,200,1
juice,search,CG-Static,10,4,441,48dc8c37dae62fe3,200,1
juice,search,CG-Static,10,4,442,893849d59eec06ac,200,1
juice,search,CG-Static,10,4,443,c35824c99cc2b5ff,200,1
juice,search,CG-Static,10,4,444,778f1dece1f82ef1,200,1
juice,search,CG-Static,10,4,445,d4fb2c15a60458d9,200,1
juice,search,CG-Static,10,4,446,d9492b9ff47a5ce4,200,1
juice,search,CG-Static,10,4,447,21a8f3ce2c7d85e2,200,1
juice,search,CG-Static,10,4,448,aa6846a597e1cb77,200,1
juice,search,CG-Static,10,4,449,6dd27628b821ef5a,200,1
juice,search,CG-Static,10,4,450,c3deb9e74e3ba720,200,1
juice,search,CG-Static,10,4,451,cc699b74d8d9e089,200,1
juice,search,CG-Static,10,4,452,4c9940f75cbe68aa,200,1
juice,search,CG-Static,10,4,453,79eb8afd547213b9,200,1
juice,search,CG-Static,10,4,454,b87c940583773cb8,200,1
juice,search,CG-Static,10,4,455,4ba2c856ae74aa8c,200,1
juice,search,CG-Static,10,4,456,b432a6436cd4d3ce,200,1
juice,search,CG-Static,10,4,457,103411870aa64f4f,200,1
juice,search,CG-Static,10,4,458,a187210999023462,200,1
juice,search,CG-Static,10,4,459,6751a6b1013ad1a4,200,1
juice,search,CG-Static,10,4,460,7215020162e43be5,200,1
juice,search,CG-Static,10,4,461,848c3dec68423b4d,200,1
juice,search,CG-Static,10,2,0,28243355d8a4dc90,200,1
juice,search,CG-Static,10,2,1,0470a11616c85e19,200,1
juice,search,CG-Static,10,2,2,14a1052e2a93de76,200,1
juice,search,CG-Static,10,2,3,8803c19497b862aa,200,1
juice,search,CG-Static,10,2,4,4a66cf982513e229,200,1
juice,search,CG-Static,10,2,5,6a9944bf86e3e393,200,1
juice,search,CG-Static,10,2,6,ec53b50550ec68da,200,1
juice,search,CG-Static,10,2,7,a979123d4c555f06,200,1
juice,search,CG-Static,10,2,8,8e56241419e8a63b,200,1
juice,search,CG-Static,10,2,9,3b6dcb3d11f17066,200,1
juice,search,CG-Static,10,2,10,60c78e4dc944103b,200,1
juice,search,CG-Static,10,2,11,3443b52059495a56,200,1
juice,search,CG-Static,10,2,12,3880239b6f8bc320,200,1
juice,search,CG-Static,10,2,13,8d3a1d0d3cf4f9da,200,1
juice,search,CG-Static,10,2,14,89278ff67417ad3f,200,1
juice,search,CG-Static,10,2,15,b771d3fab9256b23,200,1
juice,search,CG-Static,10,2,16,a8757eac663a3a24,200,1
juice,search,CG-Static,10,2,17,1c640f84488be430,200,1
juice,search,CG-Static,10,2,18,102d5f50bb935e68,200,1
juice,search,CG-Static,10,2,19,4850d80c8376fb1e,200,1
juice,search,CG-Static,10,2,20,a31232dc0eb04f01,200,1
juice,search,CG-Static,10,2,21,465e65b562e674b3,200,1
juice,search,CG-Static,10,2,22,c150d18d7de7ca4f,200,1
juice,search,CG-Static,10,2,23,eef4130fbf88329f,200,1
juice,search,CG-Static,10,2,24,9b5cc93da8cdd5a4,200,1
juice,search,CG-Static,10,2,25,e346f7eb7ad0e6f2,200,1
juice,search,CG-Static,10,2,26,9a3988e2943f5c98,200,1
juice,search,CG-Static,10,2,27,c23bde1a3baa4356,200,1
juice,search,CG-Static,10,2,28,39bb807036fbae42,200,1
juice,search,CG-Static,10,2,29,b4e6b891439089df,200,1
juice,search,CG-Static,10,2,30,d38ff18d330e09f0,200,1
juice,search,CG-Static,10,2,31,11b4f05cbcd6cbaf,200,1
juice,search,CG-Static,10,2,32,2602c759341103f5,200,1
juice,search,CG-Static,10,2,33,6e80bcf71adde494,200,1
juice,search,CG-Static,10,2,34,094c9201a1c0b101,200,1
juice,search,CG-Static,10,2,35,21efd0bf6fb8f3b7,200,1
juice,search,CG-Static,10,2,36,46d6e7d9b1de1cf5,200,1
juice,search,CG-Static,10,2,37,48a78788cf64e5bb,200,1
juice,search,CG-Static,10,2,38,a5fc2942086f62bb,200,1
juice,search,CG-Static,10,2,39,edf43d4e27e1d134,200,1
juice,search,CG-Static,10,2,40,1d26e6113d3e4b50,200,1
juice,search,CG-Static,10,2,41,14245f74cc196e01,200,1
juice,search,CG-Static,10,2,42,9d0c06ba28941687,200,1
juice,search,CG-Static,10,2,43,a9b7366865af3927,200,1
juice,search,CG-Static,10,2,44,8d2a5fb673cec575,200,1
juice,search,CG-Static,10,2,45,381c08b6eaee7265,200,1
juice,search,CG-Static,10,2,46,c5feb5dec408eb91,200,1
juice,search,CG-Static,10,2,47,c004c8f4ff64b46b,200,1
juice,search,CG-Static,10,2,48,f0523944fc24bb39,200,1
juice,search,CG-Static,10,2,49,453130b6124493f4,200,1
juice,search,CG-Static,10,2,50,3f01709bab0007b2,200,1
juice,search,CG-Static,10,2,51,36e39f0da742e042,200,1
juice,search,CG-Static,10,2,52,dc9704f7f536dae0,200,1
juice,search,CG-Static,10,2,53,b186aa4503e4db67,200,1
juice,search,CG-Static,10,2,54,0604b65d779b6576,200,1
juice,search,CG-Static,10,2,55,84259b2675f6088f,200,1
juice,search,CG-Static,10,2,56,40ead16c26944de3,200,1
juice,search,CG-Static,10,2,57,635dbf7974379632,200,1
juice,search,CG-Static,10,2,58,b025804259e5405a,200,1
juice,search,CG-Static,10,2,59,d676286a404821b9,200,1
juice,search,CG-Static,10,2,60,4e6a83bd1b564b08,200,1
juice,search,CG-Static,10,2,61,37ee7066f3e91157,200,1
juice,search,CG-Static,10,2,62,d23d380139977bd9,200,1
juice,search,CG-Static,10,2,63,95c232a4b453474a,200,1
juice,search,CG-Static,10,2,64,d16a5a90fa27f2f7,200,1
juice,search,CG-Static,10,2,65,8469bc51fab20499,200,1
juice,search,CG-Static,10,2,66,fd6508b9bae84387,200,1
juice,search,CG-Static,10,2,67,66d9a5e19b12c07d,200,1
juice,search,CG-Static,10,2,68,65584e6fc84d665a,200,1
juice,search,CG-Static,10,2,69,abea203d428e6734,200,1
juice,search,CG-Static,10,2,70,cc0749a00d5b7cbc,200,1
juice,search,CG-Static,10,2,71,0187a1ff806dcedb,200,1
juice,search,CG-Static,10,2,72,e819727cf413a295,200,1
juice,search,CG-Static,10,2,73,62d60f3741e57e54,200,1
juice,search,CG-Static,10,2,74,7093935a9013c45c,200,1
juice,search,CG-Static,10,2,75,326e167dc235ef50,200,1
juice,search,CG-Static,10,2,76,49d9d9718d5f9421,200,1
juice,search,CG-Static,10,2,77,7f836b02a72fcc85,200,1
juice,search,CG-Static,10,2,78,df7f9dddcb213ecd,200,1
juice,search,CG-Static,10,2,79,0618bbe9e3000407,200,1
juice,search,CG-Static,10,2,80,0b82aafb11672737,200,1
juice,search,CG-Static,10,2,81,e50536965d19dab0,200,1
juice,search,CG-Static,10,2,82,18efd4d7e3ebade8,200,1
juice,search,CG-Static,10,2,83,c79ef00241ed8ecc,200,1
juice,search,CG-Static,10,2,84,698e788cf5ac56d3,200,1
juice,search,CG-Static,10,2,85,c92ac3f26127f306,200,1
juice,search,CG-Static,10,2,86,99f144b39a94ce4d,200,1
juice,search,CG-Static,10,2,87,3b7ea0bd23759062,200,1
juice,search,CG-Static,10,2,88,c1de8627ecbf1eb2,200,1
juice,search,CG-Static,10,2,89,b77580712cc2040f,200,1
juice,search,CG-Static,10,2,90,16a7f7f66417b58c,200,1
juice,search,CG-Static,10,2,91,5cf0a488184b21ce,200,1
juice,search,CG-Static,10,2,92,2b23f93d7b87e740,200,1
juice,search,CG-Static,10,2,93,f0f3e52c49f725c3,200,1
juice,search,CG-Static,10,2,94,ab75d106fbc8ac3f,200,1
juice,search,CG-Static,10,2,95,ac285f7c871e483d,200,1
juice,search,CG-Static,10,2,96,24dd0dd951f3860a,200,1
juice,search,CG-Static,10,2,97,00ae8d3254f19c25,200,1
juice,search,CG-Static,10,2,98,d01b1c6846181bab,200,1
juice,search,CG-Static,10,2,99,a2ec3cc5894190dc,200,1
juice,search,CG-Static,10,2,100,43c67b0f8555f547,200,1
juice,search,CG-Static,10,2,101,0e9dabdd679648c1,200,1
juice,search,CG-Static,10,2,102,c122d2355d27d68a,200,1
juice,search,CG-Static,10,2,103,99e2414b685f003b,200,1
juice,search,CG-Static,10,2,104,43f76c29c4e76858,200,1
juice,search,CG-Static,10,2,105,562f190ccdf6fe79,200,1
juice,search,CG-Static,10,2,106,7089a023b2e6509c,200,1
juice,search,CG-Static,10,2,107,b0956fa238d1ca9b,200,1
juice,search,CG-Static,10,2,108,cdbc0201e0a88082,200,1
juice,search,CG-Static,10,2,109,e3be2fa10dfeb9a4,200,1
juice,search,CG-Static,10,2,110,7688a814c9768220,200,1
juice,search,CG-Static,10,2,111,8ab1b925a359d23c,200,1
juice,search,CG-Static,10,2,112,f4eecd6a00384690,200,1
juice,search,CG-Static,10,2,113,5bd7ed20ffbf2f4d,200,1
juice,search,CG-Static,10,2,114,9299f8f660d6d7c0,200,1
juice,search,CG-Static,10,2,115,afeeee9241354cc2,200,1
juice,search,CG-Static,10,2,116,8b5fb9a3c513a50a,200,1
juice,search,CG-Static,10,2,117,de528462c3885c8e,200,1
juice,search,CG-Static,10,2,118,7ea94ebb2a34bf69,200,1
juice,search,CG-Static,10,2,119,e484798f04f2fd74,200,1
juice,search,CG-Static,10,2,120,e6f164400a5385ff,200,1
juice,search,CG-Static,10,2,121,edf80521ab50b13b,200,1
juice,search,CG-Static,10,2,122,0965996cc170df5d,200,1
juice,search,CG-Static,10,2,123,7bb6238301bcc522,200,1
juice,search,CG-Static,10,2,124,8ece40947dae5b70,200,1
juice,search,CG-Static,10,2,125,f5f48c48ca148701,200,1
juice,search,CG-Static,10,2,126,707f83c692ecf6b5,200,1
juice,search,CG-Static,10,2,127,fc860f74d8c0dbab,200,1
juice,search,CG-Static,10,2,128,52ccc8d9e4f7aea2,200,1
juice,search,CG-Static,10,2,129,ec20847d80c6f88c,200,1
juice,search,CG-Static,10,2,130,7338a909c2999a52,200,1
juice,search,CG-Static,10,2,131,9f6957135b819dfb,200,1
juice,search,CG-Static,10,2,132,bfdf5c75a1078ec7,200,1
juice,search,CG-Static,10,2,133,f2c0d19ae9c6c5ac,200,1
juice,search,CG-Static,10,2,134,bef30905807025e7,200,1
juice,search,CG-Static,10,2,135,9124606acccf71e2,200,1
juice,search,CG-Static,10,2,136,77cc0d193b2c4832,200,1
juice,search,CG-Static,10,2,137,52cedcf77e917301,200,1
juice,search,CG-Static,10,2,138,8af7e1c729c8f083,200,1
juice,search,CG-Static,10,2,139,a733a66fe376eee8,200,1
juice,search,CG-Static,10,2,140,1e3b4529a0959594,200,1
juice,search,CG-Static,10,2,141,dbf5f4b8b4825cc7,200,1
juice,search,CG-Static,10,2,142,3ad893f89f595ed5,200,1
juice,search,CG-Static,10,2,143,0beac0aa1b7bcc66,200,1
juice,search,CG-Static,10,2,144,9d55ce6576c7604f,200,1
juice,search,CG-Static,10,2,145,b20b1f769e11dc4b,200,1
juice,search,CG-Static,10,2,146,ff9c653902d14a4f,200,1
juice,search,CG-Static,10,2,147,742f27917fed6e83,200,1
juice,search,CG-Static,10,2,148,b39afa0bf4b6f665,200,1
juice,search,CG-Static,10,2,149,fd7775e546b4b00b,200,1
juice,search,CG-Static,10,2,150,b0ba75c276b93386,200,1
juice,search,CG-Static,10,2,151,71a63145be4cd37c,200,1
juice,search,CG-Static,10,2,152,6fd53b5e2f4f4c28,200,1
juice,search,CG-Static,10,2,153,29abfbebf66a753a,200,1
juice,search,CG-Static,10,2,154,c8d017260936dbee,200,1
juice,search,CG-Static,10,2,155,bd9aac675249035f,200,1
juice,search,CG-Static,10,2,156,360c27be442ffc99,200,1
juice,search,CG-Static,10,2,157,e1fba103d1612a8e,200,1
juice,search,CG-Static,10,2,158,3131489d08b023ba,200,1
juice,search,CG-Static,10,2,159,384c35cb962b0f33,200,1
juice,search,CG-Static,10,2,160,6003d8b6dc36ba01,200,1
juice,search,CG-Static,10,2,161,eb76821c66a747be,200,1
juice,search,CG-Static,10,2,162,7d641f7e5d9cb340,200,1
juice,search,CG-Static,10,2,163,f8f21981e2d2667f,200,1
juice,search,CG-Static,10,2,164,b5efee4b886d6432,200,1
juice,search,CG-Static,10,2,165,5851e99300c9a441,200,1
juice,search,CG-Static,10,2,166,529f22618823f435,200,1
juice,search,CG-Static,10,2,167,b70da5233ff73b04,200,1
juice,search,CG-Static,10,2,168,ae533b839f71d432,200,1
juice,search,CG-Static,10,2,169,e0789e3d9caa275c,200,1
juice,search,CG-Static,10,2,170,8bfd76e4b1faf99e,200,1
juice,search,CG-Static,10,2,171,f937d2859f49a16f,200,1
juice,search,CG-Static,10,2,172,29588ccf6102c84d,200,1
juice,search,CG-Static,10,2,173,00ca269f26bc88da,200,1
juice,search,CG-Static,10,2,174,564256a29c13f075,200,1
juice,search,CG-Static,10,2,175,550d6fef20aab78c,200,1
juice,search,CG-Static,10,2,176,92aaa45c33baf792,200,1
juice,search,CG-Static,10,2,177,2038fdf91b0e7e14,200,1
juice,search,CG-Static,10,2,178,f33a0ccd23b325a9,200,1
juice,search,CG-Static,10,2,179,443090a95fb0f8ba,200,1
juice,search,CG-Static,10,2,180,665710af24cb78d0,200,1
juice,search,CG-Static,10,2,181,3e47a3f6ef1ba8b4,200,1
juice,search,CG-Static,10,2,182,dd88d0f15fcc0323,200,1
juice,search,CG-Static,10,2,183,2b671b954ffa9591,200,1
juice,search,CG-Static,10,2,184,e7eb7b8b7012cae1,200,1
juice,search,CG-Static,10,2,185,a311f307544c3683,200,1
juice,search,CG-Static,10,2,186,0b27d77b38fc972f,200,1
juice,search,CG-Static,10,2,187,5e65c42e1b6c42c4,200,1
juice,search,CG-Static,10,2,188,469f7c61efa58eac,200,1
juice,search,CG-Static,10,2,189,7d3852fb1fd6b718,200,1
juice,search,CG-Static,10,2,190,7e1642b7e7a48e81,200,1
juice,search,CG-Static,10,2,191,1ce48112c4ae5fa4,200,1
juice,search,CG-Static,10,2,192,42f227c32c635123,200,1
juice,search,CG-Static,10,2,193,99ef1d49eb3ad71b,200,1
juice,search,CG-Static,10,2,194,75b4726f7c9a2464,200,1
juice,search,CG-Static,10,2,195,f4b88417f86b0286,200,1
juice,search,CG-Static,10,2,196,78b48f9598c79e9e,200,1
juice,search,CG-Static,10,2,197,6600125f1ecc170c,200,1
juice,search,CG-Static,10,2,198,1235a38fc3d30c1f,200,1
juice,search,CG-Static,10,2,199,c3447a383a504075,200,1
juice,search,CG-Static,10,2,200,9957eef8e4cf7639,200,1
juice,search,CG-Static,10,2,201,3a378c99aa966c85,200,1
juice,search,CG-Static,10,2,202,ce6be3bf84d486c7,200,1
juice,search,CG-Static,10,2,203,a05edd258ac32dae,200,1
juice,search,CG-Static,10,2,204,bcbcdc25fa099973,200,1
juice,search,CG-Static,10,2,205,69e5561d12a28fef,200,1
juice,search,CG-Static,10,2,206,d8f0f3c175638a6f,200,1
juice,search,CG-Static,10,2,207,280f52553175ba25,200,1
juice,search,CG-Static,10,2,208,267b02b5764b5a76,200,1
juice,search,CG-Static,10,2,209,7fae761650ee43f6,200,1
juice,search,CG-Static,10,2,210,10016487bcc12a6d,200,1
juice,search,CG-Static,10,2,211,df69d275b024b724,200,1
juice,search,CG-Static,10,2,212,5cd6147d7ae13844,200,1
juice,search,CG-Static,10,2,213,5f3d41d7e20a66ba,200,1
juice,search,CG-Static,10,2,214,5b5e779a85387974,200,1
juice,search,CG-Static,10,2,215,6b402840e20dd2e6,200,1
juice,search,CG-Static,10,2,216,9f33534f722eaecc,200,1
juice,search,CG-Static,10,2,217,4b421d3b4a8393c0,200,1
juice,search,CG-Static,10,2,218,2929c069323acf91,200,1
juice,search,CG-Static,10,2,219,31fdb11567de5602,200,1
juice,search,CG-Static,10,2,220,4300af98a98523a0,200,1
juice,search,CG-Static,10,2,221,669cacfaf2cdc104,200,1
juice,search,CG-Static,10,2,222,5022d59cc3f14e2f,200,1
juice,search,CG-Static,10,2,223,fe34987884f5e37e,200,1
juice,search,CG-Static,10,2,224,a432e4eb20a383ae,200,1
juice,search,CG-Static,10,2,225,71a0a735f65b496e,200,1
juice,search,CG-Static,10,2,226,dd4dbea98db8f495,200,1
juice,search,CG-Static,10,2,227,2d77c1e8cf05545f,200,1
juice,search,CG-Static,10,2,228,86cf41db4ed20b75,200,1
juice,search,CG-Static,10,2,229,252ba74432cd2d02,200,1
juice,search,CG-Static,10,2,230,5875cb18e1856f5e,200,1
juice,search,CG-Static,10,2,231,4d5b17ec4af3f1cd,200,1
juice,search,CG-Static,10,2,232,0909f8aae0c2bed5,200,1
juice,search,CG-Static,10,2,233,5508feae37a1d355,200,1
juice,search,CG-Static,10,2,234,baa4f28c4982228e,200,1
juice,search,CG-Static,10,2,235,2b87a914964499c7,200,1
juice,search,CG-Static,10,2,236,40b09844ea3bd834,200,1
juice,search,CG-Static,10,2,237,8ac32b9a9881bf1a,200,1
juice,search,CG-Static,10,2,238,5738e000151c4627,200,1
juice,search,CG-Static,10,2,239,1f26e19010731a85,200,1
juice,search,CG-Static,10,2,240,3f7d39a4cc252a41,200,1
juice,search,CG-Static,10,2,241,ff6a93e1071a8436,200,1
juice,search,CG-Static,10,2,242,6a773f310b5451ec,200,1
juice,search,CG-Static,10,2,243,e03e90e6808f84f0,200,1
juice,search,CG-Static,10,2,244,14f0356842cd609b,200,1
juice,search,CG-Static,10,2,245,e2d9d3f289ad35c7,200,1
juice,search,CG-Static,10,2,246,c67b7a9613a60761,200,1
juice,search,CG-Static,10,2,247,02b5a7a957fca036,200,1
juice,search,CG-Static,10,2,248,cdb55df76d79419f,200,1
juice,search,CG-Static,10,2,249,71777e87f61041b3,200,1
juice,search,CG-Static,10,2,250,c94a196a81a5631d,200,1
juice,search,CG-Static,10,2,251,500276b127ad4e6e,200,1
juice,search,CG-Static,10,2,252,642778ec0f4a7f7b,200,1
juice,search,CG-Static,10,2,253,1d1d697cb6a0a6c4,200,1
juice,search,CG-Static,10,2,254,621c971fa92e22b4,200,1
juice,search,CG-Static,10,2,255,3459402cf46d4166,200,1
juice,search,CG-Static,10,2,256,d46d863d4e236bdb,200,1
juice,search,CG-Static,10,2,257,e7e2dca0458a787b,200,1
juice,search,CG-Static,10,2,258,1a93ba7aec77ec4b,200,1
juice,search,CG-Static,10,2,259,c93e06d87896c66e,200,1
juice,search,CG-Static,10,2,260,38e114f498c37274,200,1
juice,search,CG-Static,10,2,261,1f6e7ebb9935a1a0,200,1
juice,search,CG-Static,10,2,262,7d87b2d3dd04eefd,200,1
juice,search,CG-Static,10,2,263,988170aebc4a10bd,200,1
juice,search,CG-Static,10,2,264,86e0060973f4fe33,200,1
juice,search,CG-Static,10,2,265,109b4a0938a92b63,200,1
juice,search,CG-Static,10,2,266,c0d702080483b5c9,200,1
juice,search,CG-Static,10,2,267,4bf1b7d730ff52c7,200,1
juice,search,CG-Static,10,2,268,6743ebc98c1adfee,200,1
juice,search,CG-Static,10,2,269,20ac6ad7b6114f24,200,1
juice,search,CG-Static,10,2,270,cba2a419f725ab15,200,1
juice,search,CG-Static,10,2,271,87dfd5d065befdff,200,1
juice,search,CG-Static,10,2,272,a9391d0ed852ee86,200,1
juice,search,CG-Static,10,2,273,8ef9a1947acc07c7,200,1
juice,search,CG-Static,10,2,274,c52b732f206dfcb1,200,1
juice,search,CG-Static,10,2,275,a0d7bc9b9d3acd71,200,1
juice,search,CG-Static,10,2,276,1b96c8dcdda91fdb,200,1
juice,search,CG-Static,10,2,277,b683b24e91c4683e,200,1
juice,search,CG-Static,10,2,278,95926d16bf0f656f,200,1
juice,search,CG-Static,10,2,279,eef404c576a94016,200,1
juice,search,CG-Static,10,2,280,898fd2434fdbfa39,200,1
juice,search,CG-Static,10,2,281,7243171ee883c4d0,200,1
juice,search,CG-Static,10,2,282,32e527b62b743f33,200,1
juice,search,CG-Static,10,2,283,b6b19c985145cadd,200,1
juice,search,CG-Static,10,2,284,5944e88e8abc292e,200,1
juice,search,CG-Static,10,2,285,8ba283b89ce208d2,200,1
juice,search,CG-Static,10,2,286,8e85eb6f7b1808e5,200,1
juice,search,CG-Static,10,2,287,7bf0c3e771def146,200,1
juice,search,CG-Static,10,2,288,8bd5147ccb7ac431,200,1
juice,search,CG-Static,10,2,289,4c41d539828a89d7,200,1
juice,search,CG-Static,10,2,290,189685346cdad545,200,1
juice,search,CG-Static,10,2,291,5f146751d84fa26f,200,1
juice,search,CG-Static,10,2,292,712b39e1f8837890,200,1
juice,search,CG-Static,10,2,293,c7acf4d4c57e88b2,200,1
juice,search,CG-Static,10,2,294,c94a7b670c6f4ceb,200,1
juice,search,CG-Static,10,2,295,b4e87f6a27e0bff8,200,1
juice,search,CG-Static,10,2,296,fb939110422d2968,200,1
juice,search,CG-Static,10,2,297,7b6e22b3e40bb327,200,1
juice,search,CG-Static,10,2,298,353a8957750a28c9,200,1
juice,search,CG-Static,10,2,299,9c5ab7cfaaf81fec,200,1
juice,search,CG-Static,10,2,300,0a5f3d8fffb8c2e4,200,1
juice,search,CG-Static,10,2,301,9501d35da5ba7201,200,1
juice,search,CG-Static,10,2,302,9bed17d6f02a734d,200,1
juice,search,CG-Static,10,2,303,8c869445e010db0c,200,1
juice,search,CG-Static,10,2,304,bb5fee372f25ecec,200,1
juice,search,CG-Static,10,2,305,43994eb5bde80d8f,200,1
juice,search,CG-Static,10,2,306,da62343708133461,200,1
juice,search,CG-Static,10,2,307,8b8c2e042ca5df09,200,1
juice,search,CG-Static,10,2,308,57849bedcc2e66f1,200,1
juice,search,CG-Static,10,2,309,6b47fabc83f6164e,200,1
juice,search,CG-Static,10,2,310,e6ebd604ab976d05,200,1
juice,search,CG-Static,10,2,311,59c0e557fb84c484,200,1
juice,search,CG-Static,10,2,312,ec221d048232544e,200,1
juice,search,CG-Static,10,2,313,a424b56c5f28eb1c,200,1
juice,search,CG-Static,10,2,314,5cacda57b746739b,200,1
juice,search,CG-Static,10,2,315,b3c7c97d7a13075c,200,1
juice,search,CG-Static,10,2,316,945b5470e3813e62,200,1
juice,search,CG-Static,10,2,317,d4f5b7d1ee92f4e5,200,1
juice,search,CG-Static,10,2,318,f40d98d932827a41,200,1
juice,search,CG-Static,10,2,319,ee050d95dccdd461,200,1
juice,search,CG-Static,10,2,320,caf3b2925c92a447,200,1
juice,search,CG-Static,10,2,321,0137968754208b05,200,1
juice,search,CG-Static,10,2,322,22334cde0c82894a,200,1
juice,search,CG-Static,10,2,323,a846f8fae3e5fb99,200,1
juice,search,CG-Static,10,2,324,ab63e811c5e21468,200,1
juice,search,CG-Static,10,2,325,4018246a710c9400,200,1
juice,search,CG-Static,10,2,326,8a0ce5526f34f2fc,200,1
juice,search,CG-Static,10,2,327,3d0c64f6e6445c74,200,1
juice,search,CG-Static,10,2,328,e3d92932c715a76e,200,1
juice,search,CG-Static,10,2,329,3f002cc870a937f9,200,1
juice,search,CG-Static,10,2,330,bd6f8eedec6713f9,200,1
juice,search,CG-Static,10,2,331,98885b7891d65f9e,200,1
juice,search,CG-Static,10,2,332,fbc31f72a7179e30,200,1
juice,search,CG-Static,10,2,333,073d0ce3f81a2c03,200,1
juice,search,CG-Static,10,2,334,b9d479e993635429,200,1
juice,search,CG-Static,10,2,335,4229293d64585d9e,200,1
juice,search,CG-Static,10,2,336,e16b79f2c2f7dd44,200,1
juice,search,CG-Static,10,2,337,5baa3ec80286ffd4,200,1
juice,search,CG-Static,10,2,338,33e968b4bad6b8bf,200,1
juice,search,CG-Static,10,2,339,11df67eb0d529569,200,1
juice,search,CG-Static,10,2,340,43e05aaf9c8336ef,200,1
juice,search,CG-Static,10,2,341,8ee072f6e84e79a7,200,1
juice,search,CG-Static,10,2,342,cd122b14f96164f4,200,1
juice,search,CG-Static,10,2,343,7ee75fa6a4ec83c5,200,1
juice,search,CG-Static,10,2,344,a4ceb7eaf3768959,200,1
juice,search,CG-Static,10,2,345,0b5b5948f01f77c5,200,1
juice,search,CG-Static,10,2,346,abf500d0cecfe3d1,200,1
juice,search,CG-Static,10,2,347,2ecab150d27f5638,200,1
juice,search,CG-Static,10,2,348,f20ebab74d52621c,200,1
juice,search,CG-Static,10,2,349,f7e40e0c3bb3cc2e,200,1
juice,search,CG-Static,10,2,350,76630bc1df6bde08,200,1
juice,search,CG-Static,10,2,351,7592ec9b2965535c,200,1
juice,search,CG-Static,10,2,352,b621a9e3f0ff4e61,200,1
juice,search,CG-Static,10,2,353,b5d54cf601d47426,200,1
juice,search,CG-Static,10,2,354,6e598828ffa768ed,200,1
juice,search,CG-Static,10,2,355,ededb3f908b29600,200,1
juice,search,CG-Static,10,2,356,9443db71ad527382,200,1
juice,search,CG-Static,10,2,357,150c9a3e95242e7b,200,1
juice,search,CG-Static,10,2,358,9d3a99c8921780e1,200,1
juice,search,CG-Static,10,2,359,efc245a2b0cd2fbd,200,1
juice,search,CG-Static,10,2,360,2795086e5df0e255,200,1
juice,search,CG-Static,10,2,361,a7fe76b07001342b,200,1
juice,search,CG-Static,10,2,362,0994b8fa8a90effe,200,1
juice,search,CG-Static,10,2,363,50fdb06363be4444,200,1
juice,search,CG-Static,10,2,364,b0d0f775f3c27660,200,1
juice,search,CG-Static,10,2,365,0f724add40f95a40,200,1
juice,search,CG-Static,10,2,366,79681dbb21fcc1c1,200,1
juice,search,CG-Static,10,2,367,2307dd34a31cb3ff,200,1
juice,search,CG-Static,10,2,368,53984dbfd954c479,200,1
juice,search,CG-Static,10,2,369,76247d7f1a52ff9a,200,1
juice,search,CG-Static,10,2,370,8a5bda59bb141ac9,200,1
juice,search,CG-Static,10,2,371,a70bfe1c1c3f0074,200,1
juice,search,CG-Static,10,2,372,d8260e0f043f4178,200,1
juice,search,CG-Static,10,2,373,5dea4f2e8730379e,200,1
juice,search,CG-Static,10,2,374,d036cdd0617856cd,200,1
juice,search,CG-Static,10,2,375,737cf26599732d6e,200,1
juice,search,CG-Static,10,2,376,4cf37554d9beeae4,200,1
juice,search,CG-Static,10,2,377,13f80b936ba181a0,200,1
juice,search,CG-Static,10,2,378,24ddc4d12a7f8f25,200,1
juice,search,CG-Static,10,2,379,c7671f0f0d6cdb7f,200,1
juice,search,CG-Static,10,2,380,d40288fbb3eb7772,200,1
juice,search,CG-Static,10,2,381,4c5f0de39ae94117,200,1
juice,search,CG-Static,10,2,382,258e8ec5432adf6d,200,1
juice,search,CG-Static,10,2,383,d3b3b7d94f8e746b,200,1
juice,search,CG-Static,10,2,384,f90cf381b7cc292d,200,1
juice,search,CG-Static,10,2,385,1545284f1ca03709,200,1
juice,search,CG-Static,10,2,386,2aec7bf60ac92996,200,1
juice,search,CG-Static,10,2,387,46840782da1b5b53,200,1
juice,search,CG-Static,10,2,388,44dabdf8ae8147f4,200,1
juice,search,CG-Static,10,2,389,844295bf48468029,200,1
juice,search,CG-Static,10,2,390,5a049f6886504c3f,200,1
juice,search,CG-Static,10,2,391,b256432b73e29568,200,1
juice,search,CG-Static,10,2,392,a7409099437d4872,200,1
juice,search,CG-Static,10,2,393,d8dc151aadb6272f,200,1
juice,search,CG-Static,10,2,394,fdf79db55455b88e,200,1
juice,search,CG-Static,10,2,395,d12a29bc59c011c4,200,1
juice,search,CG-Static,10,2,396,4098d8b149d2a384,200,1
juice,search,CG-Static,10,2,397,947ac0d9e21277b9,200,1
juice,search,CG-Static,10,2,398,acc0763c83ec3310,200,1
juice,search,CG-Static,10,2,399,eb73939c83afaf15,200,1
juice,search,CG-Static,10,2,400,d6f81443d9e4cf60,200,1
juice,search,CG-Static,10,2,401,11849f720f4d1309,200,1
juice,search,CG-Static,10,2,402,b6f852d287360dae,200,1
juice,search,CG-Static,10,2,403,d96f9ad3ea59a0bb,200,1
juice,search,CG-Static,10,2,404,4e74deb82336e182,200,1
juice,search,CG-Static,10,2,405,ee562e9f04d44193,200,1
juice,search,CG-Static,10,2,406,9977c84e02e9ced9,200,1
juice,search,CG-Static,10,2,407,a61932ebfd7bc810,200,1
juice,search,CG-Static,10,2,408,322c1122d993a67e,200,1
juice,search,CG-Static,10,2,409,4d8ace6071da229c,200,1
juice,search,CG-Static,10,2,410,54a36297b6520194,200,1
juice,search,CG-Static,10,2,411,fb2337966083f419,200,1
juice,search,CG-Static,10,2,412,25c801864a580a8e,200,1
juice,search,CG-Static,10,2,413,630ee43462a94bed,200,1
juice,search,CG-Static,10,2,414,c958da3912342111,200,1
juice,search,CG-Static,10,2,415,2561ed00c240394d,200,1
juice,search,CG-Static,10,2,416,7777845d3549f9f2,200,1
juice,search,CG-Static,10,2,417,60d6d5a4d8ebc486,200,1
juice,search,CG-Static,10,2,418,13df6a13402add9b,200,1
juice,search,CG-Static,10,2,419,b81e244d23c0f7a1,200,1
juice,search,CG-Static,10,2,420,f0f63c5765efdb35,200,1
juice,search,CG-Static,10,2,421,1b07592241b6d52c,200,1
juice,search,CG-Static,10,2,422,df1aee92d8b53c35,200,1
juice,search,CG-Static,10,2,423,1733425bc08b2eca,200,1
juice,search,CG-Static,10,2,424,9ec5ce137973e079,200,1
juice,search,CG-Static,10,2,425,e2c1dbc923c41a16,200,1
juice,search,CG-Static,10,2,426,add6737a013b8ca7,200,1
juice,search,CG-Static,10,2,427,1dc437fbc2d9dbbb,200,1
juice,search,CG-Static,10,2,428,746278271b50288b,200,1
juice,search,CG-Static,10,2,429,1a852f5388154fcc,200,1
juice,search,CG-Static,10,2,430,a5957c165981ee63,200,1
juice,search,CG-Static,10,2,431,c08a0aab36b6c56d,200,1
juice,search,CG-Static,10,2,432,f3fe27b6dedc480c,200,1
juice,search,CG-Static,10,2,433,42c11170c1155160,200,1
juice,search,CG-Static,10,2,434,c41fcadeecc1eb27,200,1
juice,search,CG-Static,10,2,435,1e0fdd1579bd6584,200,1
juice,search,CG-Static,10,2,436,67c0bd92fdcd6056,200,1
juice,search,CG-Static,10,2,437,90b8415eb861e6fc,200,1
juice,search,CG-Static,10,2,438,0407d41238bfe417,200,1
juice,search,CG-Static,10,2,439,2a6c836f5a7e6cb5,200,1
juice,search,CG-Static,10,2,440,4a468c2e5390b754,200,1
juice,search,CG-Static,10,2,441,654737f37c07d19e,200,1
juice,search,CG-Static,10,2,442,3f9c2afca004dc0a,200,1
juice,search,CG-Static,10,2,443,bbc5b6d0fd023ee4,200,1
juice,search,CG-Static,10,2,444,289b63ad346fdb96,200,1
juice,search,CG-Static,10,2,445,4580fbb5100f7a86,200,1
juice,search,CG-Static,10,2,446,15bd59640a8e286d,200,1
juice,search,CG-Static,10,2,447,64ff1dba0080d19b,200,1
juice,search,CG-Static,10,2,448,c65c8a4c912052c5,200,1
juice,search,CG-Static,10,2,449,c13ea49d46ae119e,200,1
juice,search,CG-Static,10,2,450,4bb057cd3adfe2be,200,1
juice,search,CG-Static,10,2,451,f720d5b918b1ac1f,200,1
juice,search,CG-Static,10,2,452,75eeba85570fb02a,200,1
juice,search,CG-Static,10,2,453,bfbf9de48018f647,200,1
juice,search,CG-Static,10,2,454,f61199a0c7fecbce,200,1
juice,search,CG-Static,10,2,455,c762cbaa68a8d557,200,1
juice,search,CG-Static,10,2,456,98ac3f9b61a7cd76,200,1
juice,search,CG-Static,10,2,457,29a01f455001e244,200,1
juice,search,CG-Static,10,2,458,ed66a8241cdb479d,200,1
juice,search,CG-Static,10,2,459,0cbfee83f8df3771,200,1
juice,search,CG-Static,10,2,460,3ead7d4ade2d1c72,200,1
juice,search,CG-Static,10,2,461,e1ce26a0a0d7982d,200,1
juice,search,CG-Static,10,2,462,fc2c8ffec432f41d,200,1
juice,search,CG-Static,10,2,463,653c6f555ff65a51,200,1
juice,search,CG-Static,10,2,464,52394760f01e822b,200,1
juice,search,CG-Static,10,2,465,73831339e8e75d7c,200,1
juice,search,CG-Static,10,2,466,47616cb23a3185f0,200,1
juice,search,CG-Static,10,2,467,e8f3170fda81cb64,200,1
juice,search,CG-Static,10,2,468,4e0f4e4e6092cf92,200,1
juice,search,CG-Static,10,2,469,d50ee7c5fd6dfb45,200,1
juice,search,CG-Static,10,2,470,dd3db5f4de856a3c,200,1
juice,search,CG-Static,10,2,471,607a56f6ab41ed1e,200,1
juice,search,CG-Static,10,2,472,31779b75a300ccbb,200,1
juice,search,CG-Static,10,1,0,6c0488c6142fe855,200,1
juice,search,CG-Static,10,1,1,ff266cee789fb17e,200,1
juice,search,CG-Static,10,1,2,1db60207fe95dd8c,200,1
juice,search,CG-Static,10,1,3,bc549c08259e7871,200,1
juice,search,CG-Static,10,1,4,d1e45c4d3ad598de,200,1
juice,search,CG-Static,10,1,5,42858d2364a2b756,200,1
juice,search,CG-Static,10,1,6,7dc3a0b99008120c,200,1
juice,search,CG-Static,10,1,7,a77d5aff0aa6d770,200,1
juice,search,CG-Static,10,1,8,efc9605d67d51109,200,1
juice,search,CG-Static,10,1,9,b4e6b891439089df,200,1
juice,search,CG-Static,10,1,10,77ec5767fe714bb7,200,1
juice,search,CG-Static,10,1,11,3880239b6f8bc320,200,1
juice,search,CG-Static,10,1,12,dfc7ba772f3a42c3,200,1
juice,search,CG-Static,10,1,13,f01d46508c1a1c39,200,1
juice,search,CG-Static,10,1,14,bb9855096ff7677f,200,1
juice,search,CG-Static,10,1,15,55c4fd9ececa9dbf,200,1
juice,search,CG-Static,10,1,16,27ee6811cff5a8ad,200,1
juice,search,CG-Static,10,1,17,eebfb21a33fdcfc7,200,1
juice,search,CG-Static,10,1,18,6f4434c3020c1fd4,200,1
juice,search,CG-Static,10,1,19,ab8e58ae409f02ed,200,1
juice,search,CG-Static,10,1,20,766f0f4c489e022d,200,1
juice,search,CG-Static,10,1,21,0790b31fd1066c3f,200,1
juice,search,CG-Static,10,1,22,26a7317380782c69,200,1
juice,search,CG-Static,10,1,23,0d16e7d93d4d657d,200,1
juice,search,CG-Static,10,1,24,01dd6bc9bde69f02,200,1
juice,search,CG-Static,10,1,25,f3b80772718c0efc,200,1
juice,search,CG-Static,10,1,26,880267700311c0b9,200,1
juice,search,CG-Static,10,1,27,58a245be3e68fc89,200,1
juice,search,CG-Static,10,1,28,ddd58902e5742894,200,1
juice,search,CG-Static,10,1,29,57b724789c59b5da,200,1
juice,search,CG-Static,10,1,30,15cee40965e9cc3b,200,1
juice,search,CG-Static,10,1,31,ce181560a3c0aab6,200,1
juice,search,CG-Static,10,1,32,ecb2be0d96691333,200,1
juice,search,CG-Static,10,1,33,18286912c2148842,200,1
juice,search,CG-Static,10,1,34,1350f170663028a3,200,1
juice,search,CG-Static,10,1,35,465ee21574c3cea1,200,1
juice,search,CG-Static,10,1,36,082755ba022885c6,200,1
juice,search,CG-Static,10,1,37,be94084b8d846907,200,1
juice,search,CG-Static,10,1,38,bc97268df13de3b5,200,1
juice,search,CG-Static,10,1,39,02e3f1a790467588,200,1
juice,search,CG-Static,10,1,40,30630b0465acec77,200,1
juice,search,CG-Static,10,1,41,8b77afa3b5683a7e,200,1
juice,search,CG-Static,10,1,42,a37d64fb991eb84a,200,1
juice,search,CG-Static,10,1,43,13b6d7ef639741bf,200,1
juice,search,CG-Static,10,1,44,3502b15bb9c34565,200,1
juice,search,CG-Static,10,1,45,3db61951d6e852d3,200,1
juice,search,CG-Static,10,1,46,9f349e37424f47d7,200,1
juice,search,CG-Static,10,1,47,86e2fbcca1b0a5a3,200,1
juice,search,CG-Static,10,1,48,7567538156920a3b,200,1
juice,search,CG-Static,10,1,49,812fd8c7f300e297,200,1
juice,search,CG-Static,10,1,50,596cf888a507cc87,200,1
juice,search,CG-Static,10,1,51,0e2bb178665e26d8,200,1
juice,search,CG-Static,10,1,52,8f6fce2e86c69311,200,1
juice,search,CG-Static,10,1,53,3ea5c11ee18dce62,200,1
juice,search,CG-Static,10,1,54,1c7fc3aa761a8b73,200,1
juice,search,CG-Static,10,1,55,1c8a435860c8ff40,200,1
juice,search,CG-Static,10,1,56,f72ecc8ab72cc529,200,1
juice,search,CG-Static,10,1,57,4aafd52e152c5e79,200,1
juice,search,CG-Static,10,1,58,f65cc4fefbaa7bc9,200,1
juice,search,CG-Static,10,1,59,e3ddf68b7347225e,200,1
juice,search,CG-Static,10,1,60,cd7296dd3f133cc7,200,1
juice,search,CG-Static,10,1,61,63bd838c95ac0d13,200,1
juice,search,CG-Static,10,1,62,ba8539b11df0379a,200,1
juice,search,CG-Static,10,1,63,665660df79db4892,200,1
juice,search,CG-Static,10,1,64,3cd1a37348b6f140,200,1
juice,search,CG-Static,10,1,65,bf41181302998550,200,1
juice,search,CG-Static,10,1,66,d58a78fae15d434f,200,1
juice,search,CG-Static,10,1,67,4b30ce8445497ff5,200,1
juice,search,CG-Static,10,1,68,68b50c9ed5d29073,200,1
juice,search,CG-Static,10,1,69,66809a802a8912f5,200,1
juice,search,CG-Static,10,1,70,2aa8538a28cf81cf,200,1
juice,search,CG-Static,10,1,71,9735776f0a94e175,200,1
juice,search,CG-Static,10,1,72,e13724c4064f0b4b,200,1
juice,search,CG-Static,10,1,73,df12e899894885f6,200,1
juice,search,CG-Static,10,1,74,621e34ce822f3591,200,1
juice,search,CG-Static,10,1,75,cd0261052243e046,200,1
juice,search,CG-Static,10,1,76,de92cc240f9e0664,200,1
juice,search,CG-Static,10,1,77,f11e650a7e979ddb,200,1
juice,search,CG-Static,10,1,78,0557071413859b81,200,1
juice,search,CG-Static,10,1,79,a1559fc0c7feb849,200,1
juice,search,CG-Static,10,1,80,67c5b7ccf9db260a,200,1
juice,search,CG-Static,10,1,81,7c77a97a190c3a17,200,1
juice,search,CG-Static,10,1,82,a63d08c3fd094cb5,200,1
juice,search,CG-Static,10,1,83,1c7ca2b91a6b9244,200,1
juice,search,CG-Static,10,1,84,b36bf1da1b3411e9,200,1
juice,search,CG-Static,10,1,85,e4cc232f54ea0fa6,200,1
juice,search,CG-Static,10,1,86,5c3b0a43c832cb77,200,1
juice,search,CG-Static,10,1,87,2d93816c9772d7a7,200,1
juice,search,CG-Static,10,1,88,b6c23a1ec389e674,200,1
juice,search,CG-Static,10,1,89,8a2beb52b510d6b5,200,1
juice,search,CG-Static,10,1,90,fb24453643519e03,200,1
juice,search,CG-Static,10,1,91,626c45f60e08222c,200,1
juice,search,CG-Static,10,1,92,5e98df26eaa8b112,200,1
juice,search,CG-Static,10,1,93,36977e89a02d78ec,200,1
juice,search,CG-Static,10,1,94,cdaa1abee2af3643,200,1
juice,search,CG-Static,10,1,95,8f2083db1ca61445,200,1
juice,search,CG-Static,10,1,96,5ea9852cc26d3170,200,1
juice,search,CG-Static,10,1,97,63617c713dba90c7,200,1
juice,search,CG-Static,10,1,98,660cb850ed1c22a0,200,1
juice,search,CG-Static,10,1,99,2363e4d83dda093d,200,1
juice,search,CG-Static,10,1,100,5f65f08a1f1699bc,200,1
juice,search,CG-Static,10,1,101,ff1bd27dd9b01497,200,1
juice,search,CG-Static,10,1,102,4d8d76961413c348,200,1
juice,search,CG-Static,10,1,103,2edc1462de39248f,200,1
juice,search,CG-Static,10,1,104,3d9fdf21c8ab89a0,200,1
juice,search,CG-Static,10,1,105,8e00669733229819,200,1
juice,search,CG-Static,10,1,106,c62b0bacc501d9ee,200,1
juice,search,CG-Static,10,1,107,107a8128e5d58d90,200,1
juice,search,CG-Static,10,1,108,8404f67e61a9fcaa,200,1
juice,search,CG-Static,10,1,109,8920d3cbfb71e9ab,200,1
juice,search,CG-Static,10,1,110,4a03b8a863388c00,200,1
juice,search,CG-Static,10,1,111,9c54b82c8b4cd277,200,1
juice,search,CG-Static,10,1,112,572e4d3167f3ab0a,200,1
juice,search,CG-Static,10,1,113,ed5cc1afc36308b8,200,1
juice,search,CG-Static,10,1,114,d21ccfbc63b0955b,200,1
juice,search,CG-Static,10,1,115,74238eaba28bfcb4,200,1
juice,search,CG-Static,10,1,116,15c0c26a0c7053b0,200,1
juice,search,CG-Static,10,1,117,98a4689183d0e83c,200,1
juice,search,CG-Static,10,1,118,8b5c7bed249f109a,200,1
juice,search,CG-Static,10,1,119,1207a72fa27da7b2,200,1
juice,search,CG-Static,10,1,120,aa483a998bef459a,200,1
juice,search,CG-Static,10,1,121,ffb2c31b077bb28d,200,1
juice,search,CG-Static,10,1,122,ad0ceaee56d1b48a,200,1
juice,search,CG-Static,10,1,123,67f4905379910821,200,1
juice,search,CG-Static,10,1,124,8233e0fecc240ef1,200,1
juice,search,CG-Static,10,1,125,fa5b8bbd2d1d863d,200,1
juice,search,CG-Static,10,1,126,4928d0758e8456ed,200,1
juice,search,CG-Static,10,1,127,e082c7c82e37e133,200,1
juice,search,CG-Static,10,1,128,0c3eca3d824b9e59,200,1
juice,search,CG-Static,10,1,129,5e15733f50c5dbc1,200,1
juice,search,CG-Static,10,1,130,4df6c73a8ca367ef,200,1
juice,search,CG-Static,10,1,131,b7202c458c0740eb,200,1
juice,search,CG-Static,10,1,132,d8c9b69968380bab,200,1
juice,search,CG-Static,10,1,133,b710f924e9099b9f,200,1
juice,search,CG-Static,10,1,134,13d31cf65764a476,200,1
juice,search,CG-Static,10,1,135,efc719966c4aa6da,200,1
juice,search,CG-Static,10,1,136,8cdf030cc968812a,200,1
juice,search,CG-Static,10,1,137,53fec5f8b10250ed,200,1
juice,search,CG-Static,10,1,138,4e566458957a4a65,200,1
juice,search,CG-Static,10,1,139,a25538bd69b8ac9c,200,1
juice,search,CG-Static,10,1,140,f33d17c4e9b7b38f,200,1
juice,search,CG-Static,10,1,141,dfdb63828c1369c1,200,1
juice,search,CG-Static,10,1,142,894c67f8cf6fca87,200,1
juice,search,CG-Static,10,1,143,8940e93abcdcb953,200,1
juice,search,CG-Static,10,1,144,82cdce4b528d3698,200,1
juice,search,CG-Static,10,1,145,050e5cd1e5ef938b,200,1
juice,search,CG-Static,10,1,146,f1ae64acf41835bd,200,1
juice,search,CG-Static,10,1,147,ac916365c6e525a0,200,1
juice,search,CG-Static,10,1,148,f9797bca9edfbd29,200,1
juice,search,CG-Static,10,1,149,40f12b914c47f0de,200,1
juice,search,CG-Static,10,1,150,a00a560685342d21,200,1
juice,search,CG-Static,10,1,151,9643801c14fbd218,200,1
juice,search,CG-Static,10,1,152,bec050c45359a983,200,1
juice,search,CG-Static,10,1,153,b3993e2395cad171,200,1
juice,search,CG-Static,10,1,154,52e340b8994401ce,200,1
juice,search,CG-Static,10,1,155,dc92856f0c48b84a,200,1
juice,search,CG-Static,10,1,156,7b956077ae6639c7,200,1
juice,search,CG-Static,10,1,157,c679f90d09a53211,200,1
juice,search,CG-Static,10,1,158,22f1f85c76fb166e,200,1
juice,search,CG-Static,10,1,159,79e2a8ea6e5eb96c,200,1
juice,search,CG-Static,10,1,160,99e5055c22f8577a,200,1
juice,search,CG-Static,10,1,161,ac50c48bb2b33742,200,1
juice,search,CG-Static,10,1,162,af65dda0e67b0a1a,200,1
juice,search,CG-Static,10,1,163,20367206e6526b34,200,1
juice,search,CG-Static,10,1,164,85811fa493a67709,200,1
juice,search,CG-Static,10,1,165,526dbd9141d15f61,200,1
juice,search,CG-Static,10,1,166,39c2c65ff2b2cd5d,200,1
juice,search,CG-Static,10,1,167,3148c8df442542bd,200,1
juice,search,CG-Static,10,1,168,e73f7324750de487,200,1
juice,search,CG-Static,10,1,169,c7cdafabd20fcb1e,200,1
juice,search,CG-Static,10,1,170,8345473ee131b014,200,1
juice,search,CG-Static,10,1,171,72b4bca5b2587268,200,1
juice,search,CG-Static,10,1,172,721db3893a32c56d,200,1
juice,search,CG-Static,10,1,173,d9aab25d8bb2e63e,200,1
juice,search,CG-Static,10,1,174,f291f4f3ae5bc04a,200,1
juice,search,CG-Static,10,1,175,03db3d703eefe261,200,1
juice,search,CG-Static,10,1,176,b33f7100ba4509ef,200,1
juice,search,CG-Static,10,1,177,2e865a0ec97414b4,200,1
juice,search,CG-Static,10,1,178,cfdc8f098c853beb,200,1
juice,search,CG-Static,10,1,179,b0267f3189f27636,200,1
juice,search,CG-Static,10,1,180,a2f9d41bf999b2af,200,1
juice,search,CG-Static,10,1,181,32b51884ae61830e,200,1
juice,search,CG-Static,10,1,182,fce19a00a6b2e86a,200,1
juice,search,CG-Static,10,1,183,9e81dceec0a2ae13,200,1
juice,search,CG-Static,10,1,184,e3597a1f5d56cfe8,200,1
juice,search,CG-Static,10,1,185,52df2b43c816995f,200,1
juice,search,CG-Static,10,1,186,da74c9b048bb312f,200,1
juice,search,CG-Static,10,1,187,bef55f58e6b1098c,200,1
juice,search,CG-Static,10,1,188,ed1ff243a5c8f9dc,200,1
juice,search,CG-Static,10,1,189,6207e6317b26d894,200,1
juice,search,CG-Static,10,1,190,67e0c9d2bd008a98,200,1
juice,search,CG-Static,10,1,191,16dd0ac5c426c751,200,1
juice,search,CG-Static,10,1,192,cf66bf8bdb489883,200,1
juice,search,CG-Static,10,1,193,0387bbd5a0b8e8d3,200,1
juice,search,CG-Static,10,1,194,1026c73f9f55a32f,200,1
juice,search,CG-Static,10,1,195,add386d06634a474,200,1
juice,search,CG-Static,10,1,196,b84be8c74106c581,200,1
juice,search,CG-Static,10,1,197,d299818b8ff01e77,200,1
juice,search,CG-Static,10,1,198,b7100ab497e61f77,200,1
juice,search,CG-Static,10,1,199,77c9f8d042dee075,200,1
juice,search,CG-Static,10,1,200,a00dbe6c8e6cb865,200,1
juice,search,CG-Static,10,1,201,95acb553bdbe691a,200,1
juice,search,CG-Static,10,1,202,1da97ec81150dfd0,200,1
juice,search,CG-Static,10,1,203,5aee945c40328451,200,1
juice,search,CG-Static,10,1,204,003f94dc1c4df784,200,1
juice,search,CG-Static,10,1,205,45e8af77d7971d4f,200,1
juice,search,CG-Static,10,1,206,40e01ddd3fbc2079,200,1
juice,search,CG-Static,10,1,207,79852bead2c21d7e,200,1
juice,search,CG-Static,10,1,208,c36c683e47cde8e3,200,1
juice,search,CG-Static,10,1,209,714ed01365e8d0c1,200,1
juice,search,CG-Static,10,1,210,b767718b4554a54f,200,1
juice,search,CG-Static,10,1,211,e658e86c8c6fc69b,200,1
juice,search,CG-Static,10,1,212,61f81683f0c25f2b,200,1
juice,search,CG-Static,10,1,213,7e894cc64f45db6c,200,1
juice,search,CG-Static,10,1,214,b77505e32a8acb93,200,1
juice,search,CG-Static,10,1,215,b168cafa09695c09,200,1
juice,search,CG-Static,10,1,216,c083bb8577e69712,200,1
juice,search,CG-Static,10,1,217,12ad9f998c486f84,200,1
juice,search,CG-Static,10,1,218,3009880ce4a02ce6,200,1
juice,search,CG-Static,10,1,219,cde37efffb97cb19,200,1
juice,search,CG-Static,10,1,220,20b56c7c278227ad,200,1
juice,search,CG-Static,10,1,221,cc8d8ae869d53479,200,1
juice,search,CG-Static,10,1,222,5b77832048350979,200,1
juice,search,CG-Static,10,1,223,567b9d7b12a8fa9e,200,1
juice,search,CG-Static,10,1,224,fc940d1e2041464f,200,1
juice,search,CG-Static,10,1,225,da93092da629c637,200,1
juice,search,CG-Static,10,1,226,fef0cbd98da47f1b,200,1
juice,search,CG-Static,10,1,227,d19229171f52708e,200,1
juice,search,CG-Static,10,1,228,c5594f1db6c13662,200,1
juice,search,CG-Static,10,1,229,1f018069a6c1b88d,200,1
juice,search,CG-Static,10,1,230,1b5f5fc044392a14,200,1
juice,search,CG-Static,10,1,231,476f1a35212ad71a,200,1
juice,search,CG-Static,10,1,232,698302b099d156f1,200,1
juice,search,CG-Static,10,1,233,72e12d2d064fcd7a,200,1
juice,search,CG-Static,10,1,234,9905a92b7a0ffad2,200,1
juice,search,CG-Static,10,1,235,3750ba22acfeef5d,200,1
juice,search,CG-Static,10,1,236,6824da848c8561b5,200,1
juice,search,CG-Static,10,1,237,20ae57c9ace61dd9,200,1
juice,search,CG-Static,10,1,238,1985d79f88f6aef8,200,1
juice,search,CG-Static,10,1,239,f0b78fe757032c36,200,1
juice,search,CG-Static,10,1,240,65b73cf801e415b3,200,1
juice,search,CG-Static,10,1,241,123c262f3a2dafb4,200,1
juice,search,CG-Static,10,1,242,439db5b2417b0d72,200,1
juice,search,CG-Static,10,1,243,f6714e532d14a26a,200,1
juice,search,CG-Static,10,1,244,2d0485e3948858b2,200,1
juice,search,CG-Static,10,1,245,acba3f5a65f49d94,200,1
juice,search,CG-Static,10,1,246,dbcbe3ab7127fd8e,200,1
juice,search,CG-Static,10,1,247,15e5cde486268258,200,1
juice,search,CG-Static,10,1,248,ba090181a42e54dc,200,1
juice,search,CG-Static,10,1,249,becad315f16e1369,200,1
juice,search,CG-Static,10,1,250,f9d1e3ef3c07465b,200,1
juice,search,CG-Static,10,1,251,a5018a9bb268b1ed,200,1
juice,search,CG-Static,10,1,252,a7c39afe4c2f7f8e,200,1
juice,search,CG-Static,10,1,253,826b69a68ea85fb8,200,1
juice,search,CG-Static,10,1,254,cf20d5c2a26323aa,200,1
juice,search,CG-Static,10,1,255,df6a0a6a76c0afb6,200,1
juice,search,CG-Static,10,1,256,51015494bcee8b4e,200,1
juice,search,CG-Static,10,1,257,dbbf5b79bda00ef5,200,1
juice,search,CG-Static,10,1,258,6523824e6a1bf452,200,1
juice,search,CG-Static,10,1,259,9b7e00d5b74c0403,200,1
juice,search,CG-Static,10,1,260,d28b48b898fe683e,200,1
juice,search,CG-Static,10,1,261,85cd9092e41de088,200,1
juice,search,CG-Static,10,1,262,da250543c5a61cde,200,1
juice,search,CG-Static,10,1,263,ef13dc804f6b17a6,200,1
juice,search,CG-Static,10,1,264,e6fd7fb06b9f35ca,200,1
juice,search,CG-Static,10,1,265,c84021c4ad37e3a6,200,1
juice,search,CG-Static,10,1,266,933e181e92233e13,200,1
juice,search,CG-Static,10,1,267,375e7d043e0cfa92,200,1
juice,search,CG-Static,10,1,268,eef3a85da4d4a086,200,1
juice,search,CG-Static,10,1,269,6a23ea07e7ec2b08,200,1
juice,search,CG-Static,10,1,270,9e6a3884710379d2,200,1
juice,search,CG-Static,10,1,271,c74f65fe75953c67,200,1
juice,search,CG-Static,10,1,272,d95c75fc198e1b7b,200,1
juice,search,CG-Static,10,1,273,b242ebc2b6e0f6f1,200,1
juice,search,CG-Static,10,1,274,ae33fc4e23edfeec,200,1
juice,search,CG-Static,10,1,275,2aaedc68ab3b6f0d,200,1
juice,search,CG-Static,10,1,276,383a99ca4181fffd,200,1
juice,search,CG-Static,10,1,277,dfb9b6eebaee55f3,200,1
juice,search,CG-Static,10,1,278,b1560b28381da415,200,1
juice,search,CG-Static,10,1,279,96af8121479b136e,200,1
juice,search,CG-Static,10,1,280,6820f0db06185945,200,1
juice,search,CG-Static,10,1,281,61b248bd591d45dd,200,1
juice,search,CG-Static,10,1,282,332c44ba0b7eec8a,200,1
juice,search,CG-Static,10,1,283,696800167012ce56,200,1
juice,search,CG-Static,10,1,284,60e2efb6ac4d33ec,200,1
juice,search,CG-Static,10,1,285,a78a05757bf929f2,200,1
juice,search,CG-Static,10,1,286,d12de8c0406ac2fa,200,1
juice,search,CG-Static,10,1,287,54525316e14eb194,200,1
juice,search,CG-Static,10,1,288,0adc8748260181be,200,1
juice,search,CG-Static,10,1,289,5c19d899a0201fef,200,1
juice,search,CG-Static,10,1,290,25ab3299f89c49e0,200,1
juice,search,CG-Static,10,1,291,128383111a35d741,200,1
juice,search,CG-Static,10,1,292,130d6a3a3d839816,200,1
juice,search,CG-Static,10,1,293,adb6bcd45c667d8b,200,1
juice,search,CG-Static,10,1,294,70fe6716d177bedf,200,1
juice,search,CG-Static,10,1,295,20dbca5d23e337cd,200,1
juice,search,CG-Static,10,1,296,4cc207e52c185045,200,1
juice,search,CG-Static,10,1,297,204e1abf1e1118d3,200,1
juice,search,CG-Static,10,1,298,48fb44015a09d411,200,1
juice,search,CG-Static,10,1,299,cec18b5b05fa1165,200,1
juice,search,CG-Static,10,1,300,ddb77f0e888f79b6,200,1
juice,search,CG-Static,10,1,301,fe54472a54fcfeac,200,1
juice,search,CG-Static,10,1,302,83e0a0938ae68d1f,200,1
juice,search,CG-Static,10,1,303,c953ef396f028427,200,1
juice,search,CG-Static,10,1,304,644fa71b17a9bfe9,200,1
juice,search,CG-Static,10,1,305,48eed168dea05b24,200,1
juice,search,CG-Static,10,1,306,fa994f706e21695f,200,1
juice,search,CG-Static,10,1,307,9f9f3ebb57af65a2,200,1
juice,search,CG-Static,10,1,308,ec58cba60ef4abc8,200,1
juice,search,CG-Static,10,1,309,b86d3d1198590e88,200,1
juice,search,CG-Static,10,1,310,1009e98311213eaa,200,1
juice,search,CG-Static,10,1,311,93ca645129041c34,200,1
juice,search,CG-Static,10,1,312,c9a547d4300b016c,200,1
juice,search,CG-Static,10,1,313,c1ae8d1c64cdbe79,200,1
juice,search,CG-Static,10,1,314,cfb86f195d719396,200,1
juice,search,CG-Static,10,1,315,a87ff4b9f51ac819,200,1
juice,search,CG-Static,10,1,316,8cde700e71a7631e,200,1
juice,search,CG-Static,10,1,317,98c1c2764fc20c7f,200,1
juice,search,CG-Static,10,1,318,5460a6a8b63a90ff,200,1
juice,search,CG-Static,10,1,319,ef92d1c80e0ee9d4,200,1
juice,search,CG-Static,10,1,320,5296a0b96b693adf,200,1
juice,search,CG-Static,10,1,321,9abb4dbbc6bcfee6,200,1
juice,search,CG-Static,10,1,322,123b6b5132e897e8,200,1
juice,search,CG-Static,10,1,323,4303784ffee7b339,200,1
juice,search,CG-Static,10,1,324,4b982135d32a7d5a,200,1
juice,search,CG-Static,10,1,325,88ab8953f4feff72,200,1
juice,search,CG-Static,10,1,326,73f4b7303a9d16f7,200,1
juice,search,CG-Static,10,1,327,daab641a16d7b797,200,1
juice,search,CG-Static,10,1,328,c556ff350183094d,200,1
juice,search,CG-Static,10,1,329,7548b982f8bc863a,200,1
juice,search,CG-Static,10,1,330,7083ee09657f2606,200,1
juice,search,CG-Static,10,1,331,65ef0ecc8ed61a5a,200,1
juice,search,CG-Static,10,1,332,797e243e4055e9ad,200,1
juice,search,CG-Static,10,1,333,ed9cc3f9208eda6d,200,1
juice,search,CG-Static,10,1,334,bbb4d9e971d2580b,200,1
juice,search,CG-Static,10,1,335,78bac9cb882df9f0,200,1
juice,search,CG-Static,10,1,336,b86d697ea45ef78d,200,1
juice,search,CG-Static,10,1,337,3aa97bca0246e2b5,200,1
juice,search,CG-Static,10,1,338,7b73c0a47a68b12e,200,1
juice,search,CG-Static,10,1,339,e1266ca2019da74d,200,1
juice,search,CG-Static,10,1,340,09b0c8e2ea13e7a0,200,1
juice,search,CG-Static,10,1,341,4c86e287373c8a54,200,1
juice,search,CG-Static,10,1,342,9935a0c25555db2e,200,1
juice,search,CG-Static,10,1,343,b3e3808730f6ba6e,200,1
juice,search,CG-Static,10,1,344,d31c1c1a57d3e386,200,1
juice,search,CG-Static,10,1,345,3270b515c5bcce4e,200,1
juice,search,CG-Static,10,1,346,277f953865fffdfb,200,1
juice,search,CG-Static,10,1,347,cb3fac3ec7b11788,200,1
juice,search,CG-Static,10,1,348,a22da2564d50c4a9,200,1
juice,search,CG-Static,10,1,349,0b579b96470e0e43,200,1
juice,search,CG-Static,10,1,350,53cd264f41dfedfe,200,1
juice,search,CG-Static,10,1,351,139a8c686e0fe04e,200,1
juice,search,CG-Static,10,1,352,d98e94391b66ce80,200,1
juice,search,CG-Static,10,1,353,0e7ccc1d3562d434,200,1
juice,search,CG-Static,10,1,354,33f7f84fd895a0c7,200,1
juice,search,CG-Static,10,1,355,8d8e97e2d2a6387c,200,1
juice,search,CG-Static,10,1,356,6c7c3c8f39e52652,200,1
juice,search,CG-Static,10,1,357,19260097a75f490a,200,1
juice,search,CG-Static,10,1,358,d3d2f17f61c9f7c6,200,1
juice,search,CG-Static,10,1,359,a34f8a90ac88340c,200,1
juice,search,CG-Static,10,1,360,31957c2b32d52a46,200,1
juice,search,CG-Static,10,1,361,b66ffbae468df90f,200,1
juice,search,CG-Static,10,1,362,40e10e79f374cd96,200,1
juice,search,CG-Static,10,1,363,f285157f75f0eae2,200,1
juice,search,CG-Static,10,1,364,12c2cb68dc0cc175,200,1
juice,search,CG-Static,10,1,365,86a49bf352955b14,200,1
juice,search,CG-Static,10,1,366,d027acaa73f9cc27,200,1
juice,search,CG-Static,10,1,367,b0b9aafe9430b80e,200,1
juice,search,CG-Static,10,1,368,a13210078e132b12,200,1
juice,search,CG-Static,10,1,369,b8944f0cffba2bc5,200,1
juice,search,CG-Static,10,1,370,0bca134b42e506ed,200,1
juice,search,CG-Static,10,1,371,37d842c177a2d8a9,200,1
juice,search,CG-Static,10,1,372,4d280c57daecb9d3,200,1
juice,search,CG-Static,10,1,373,6bd50cac2212f2f7,200,1
juice,search,CG-Static,10,1,374,5bb192a9e56ee729,200,1
juice,search,CG-Static,10,1,375,f8b0b7da3dcffd8d,200,1
juice,search,CG-Static,10,1,376,c13e77b1351773cf,200,1
juice,search,CG-Static,10,1,377,ceeaccddbc94edad,200,1
juice,search,CG-Static,10,1,378,75e73cb209552bfe,200,1
juice,search,CG-Static,10,1,379,034cfad9ff3898db,200,1
juice,search,CG-Static,10,1,380,1161e23fe204016a,200,1
juice,search,CG-Static,10,1,381,308ebaeab6ad215c,200,1
juice,search,CG-Static,10,1,382,f0c5482add266a3f,200,1
juice,search,CG-Static,10,1,383,6711b0935f7afbfd,200,1
juice,search,CG-Static,10,1,384,562e9f55157daabd,200,1
juice,search,CG-Static,10,1,385,90bf9d39382a7b3e,200,1
juice,search,CG-Static,10,1,386,6a6e37f3a02ec646,200,1
juice,search,CG-Static,10,1,387,31e83a684a730e58,200,1
juice,search,CG-Static,10,1,388,843e1184a3ce41a0,200,1
juice,search,CG-Static,10,1,389,316c5b2225507c41,200,1
juice,search,CG-Static,10,1,390,e424becc0b891920,200,1
juice,search,CG-Static,10,1,391,454741789ff493e7,200,1
juice,search,CG-Static,10,1,392,983e25da70a09fd8,200,1
juice,search,CG-Static,10,1,393,4dd3cac5744e0121,200,1
juice,search,CG-Static,10,1,394,f240b7611df638de,200,1
juice,search,CG-Static,10,1,395,aa107f79980fee6d,200,1
juice,search,CG-Static,10,1,396,760deba868d05c07,200,1
juice,search,CG-Static,10,1,397,f8d5c4095910be31,200,1
juice,search,CG-Static,10,1,398,4e3129f23e42aac0,200,1
juice,search,CG-Static,10,1,399,751401a7f9c58eaa,200,1
juice,search,CG-Static,10,1,400,f905013c7b43fa4d,200,1
juice,search,CG-Static,10,1,401,17abcc0aeba4b213,200,1
juice,search,CG-Static,10,1,402,97a15e0f5a6ba0b1,200,1
juice,search,CG-Static,10,1,403,3e829cc32e955113,200,1
juice,search,CG-Static,10,1,404,fc82a6fd4b678ef8,200,1
juice,search,CG-Static,10,1,405,933a0b6ab85cd93a,200,1
juice,search,CG-Static,10,1,406,61bd25f73c72046f,200,1
juice,search,CG-Static,10,1,407,fecb7193b056d0ff,200,1
juice,search,CG-Static,10,1,408,b1d0e7d242300719,200,1
juice,search,CG-Static,10,1,409,0fbcd458520a4025,200,1
juice,search,CG-Static,10,1,410,0fe6f9963556c74c,200,1
juice,search,CG-Static,10,1,411,90424c045ffb53d3,200,1
juice,search,CG-Static,10,1,412,bd6039ea6b24f254,200,1
juice,search,CG-Static,10,1,413,2f10bc72748c9f3e,200,1
juice,search,CG-Static,10,1,414,146ba16b32e4397c,200,1
juice,search,CG-Static,10,1,415,f52fb04a07470c69,200,1
juice,search,CG-Static,10,1,416,61ceac923b3ed7c7,200,1
juice,search,CG-Static,10,1,417,33ad35880c2eefdc,200,1
juice,search,CG-Static,10,1,418,d7dc7f1b4a16c3e0,200,1
juice,search,CG-Static,10,1,419,72f6bfd8da6fdb8b,200,1
juice,search,CG-Static,10,1,420,58f562b957aa93f9,200,1
juice,search,CG-Static,10,1,421,a2822017dafcfc6b,200,1
juice,search,CG-Static,10,1,422,aa4c43311a9edd9a,200,1
juice,search,CG-Static,10,1,423,7aba5455902166bf,200,1
juice,search,CG-Static,10,1,424,8858fa7e4bd2905b,200,1
juice,search,CG-Static,10,1,425,afb0f7442a7af480,200,1
juice,search,CG-Static,10,1,426,f61dd527629f928c,200,1
juice,search,CG-Static,10,1,427,968ae0def6dc2536,200,1
juice,search,CG-Static,10,1,428,c22a09f3f80d84af,200,1
juice,search,CG-Static,10,1,429,37231ab8a6a8261d,200,1
juice,search,CG-Static,10,1,430,cd5d5c5e55bf3c76,200,1
juice,search,CG-Static,10,1,431,c8b54074956a42ef,200,1
juice,search,CG-Static,10,1,432,b260830f6f384985,200,1
juice,search,CG-Static,10,1,433,4932fb859e523299,200,1
juice,search,CG-Static,10,1,434,5fc9983f455e3a39,200,1
juice,search,CG-Static,10,1,435,c0d298b73d5eb4aa,200,1
juice,search,CG-Static,10,1,436,7c29ce7a86deb38f,200,1
juice,search,CG-Static,10,1,437,aa7af829b831815b,200,1
juice,search,CG-Static,10,1,438,6bae5757a00f6891,200,1
juice,search,CG-Static,10,1,439,2300e8d317233e68,200,1
juice,search,CG-Static,10,1,440,f4da4ca64343d644,200,1
juice,search,CG-Static,10,1,441,fc35a08ffd7a0d3c,200,1
juice,search,CG-Static,10,1,442,52cc4c5d9ffa7541,200,1
juice,search,CG-Static,10,1,443,2043b0539a6a18cc,200,1
juice,search,CG-Static,10,1,444,30ebcab4ac80c04b,200,1
juice,search,CG-Static,10,1,445,8cc29300a52a2198,200,1
juice,search,CG-Static,10,1,446,035b4103146f2f75,200,1
juice,search,CG-Static,10,1,447,1306b5541a36f7bd,200,1
juice,search,CG-Static,10,1,448,1d91dfbd999439c4,200,1
juice,search,CG-Static,10,1,449,19c16b8c581a81c9,200,1
juice,search,CG-Static,10,1,450,9e7839360a430063,200,1
juice,search,CG-Static,10,1,451,fd6d41a2aedbd6ff,200,1
juice,search,CG-Static,10,1,452,bb802bfd0f2ce052,200,1
juice,search,CG-Static,10,1,453,398a4b3f2c32d643,200,1
juice,search,CG-Static,10,1,454,ea0ece5c9b9a2f88,200,1
juice,search,CG-Static,10,1,455,1cd354d0af137d3a,200,1
juice,search,CG-Static,10,1,456,8781ca0df9b65dbd,200,1
juice,search,CG-Static,10,1,457,53ff4ba0f019ecd3,200,1
juice,search,CG-Static,10,1,458,bcfee1f0673fd5ab,200,1
juice,search,CG-Static,10,1,459,503ba29141a7df30,200,1
juice,search,CG-Static,10,1,460,cc6303d7302954b2,200,1
juice,search,CG-Static,10,1,461,290cd4bf17babf51,200,1
juice,search,CG-Static,10,1,462,a968aad21ed938be,200,1
juice,search,CG-Static,10,1,463,631a6deec8068519,200,1
juice,search,CG-Static,10,1,464,5dd673a7a687e4da,200,1
juice,search,CG-Static,10,1,465,985f467aa148bdce,200,1
juice,search,CG-Static,10,1,466,bdd24f6ce3ba73cc,200,1
juice,search,CG-Static,10,1,467,0b09c04fada4a5d4,200,1
juice,search,CG-Static,10,1,468,8d437b611d09f86a,200,1
juice,search,CG-Static,10,1,469,a399c3b2d7615b53,200,1
juice,search,CG-Static,10,1,470,73848d2a68dce8e8,200,1
juice,search,CG-Static,10,1,471,7b4b60fb046d1f21,200,1
juice,search,CG-Static,10,1,472,8de34816062b9ad0,200,1
juice,search,CG-Static,10,1,473,9587fc81066c9b00,200,1
juice,search,CG-Static,10,1,474,36313b752ba80fce,200,1
juice,search,CG-Static,10,1,475,0c22feb8a87124e9,200,1
juice,search,CG-Static,10,1,476,5081dd86678651bf,200,1
juice,search,CG-Static,10,1,477,d557b729da9615a7,200,1
juice,search,CG-Static,10,1,478,06d9b13ceea0d29b,200,1
juice,search,CG-Static,10,1,479,c53c418cb99a3b00,200,1
juice,search,CG-Static,10,1,480,e8bc3aba05672ced,200,1
juice,search,CG-Static,10,1,481,b0f94c0d0f5bee7d,200,1
juice,search,CG-Static,10,1,482,c4c8fd682f5a6539,200,1
juice,search,CG-Static,10,3,0,b7e4b57b79db55ca,200,1
juice,search,CG-Static,10,3,1,1956eb9a35ec5499,200,1
juice,search,CG-Static,10,3,2,14a1052e2a93de76,200,1
juice,search,CG-Static,10,3,3,fea6036ed9736c02,200,1
juice,search,CG-Static,10,3,4,04c3f0e6a8649680,200,1
juice,search,CG-Static,10,3,5,a5486daf9e17c5a3,200,1
juice,search,CG-Static,10,3,6,1cda3ab8d61ba493,200,1
juice,search,CG-Static,10,3,7,0cf04aa6c43bebe6,200,1
juice,search,CG-Static,10,3,8,3cb75799f3237318,200,1
juice,search,CG-Static,10,3,9,e7ac8c30ab019eeb,200,1
juice,search,CG-Static,10,3,10,3880239b6f8bc320,200,1
juice,search,CG-Static,10,3,11,dfc7ba772f3a42c3,200,1
juice,search,CG-Static,10,3,12,f01d46508c1a1c39,200,1
juice,search,CG-Static,10,3,13,bb9855096ff7677f,200,1
juice,search,CG-Static,10,3,14,666de393f7bf7523,200,1
juice,search,CG-Static,10,3,15,46669c6fce8a4176,200,1
juice,search,CG-Static,10,3,16,32a34a4af9bbedeb,200,1
juice,search,CG-Static,10,3,17,7159d509c8a743e4,200,1
juice,search,CG-Static,10,3,18,3e3a2b714c8be6a6,200,1
juice,search,CG-Static,10,3,19,706db4e2ae1c5cf3,200,1
juice,search,CG-Static,10,3,20,5c455d32af20285c,200,1
juice,search,CG-Static,10,3,21,c8f378a79ce54673,200,1
juice,search,CG-Static,10,3,22,4eb26563c7d21b7a,200,1
juice,search,CG-Static,10,3,23,2c2fc1a3aed7145b,200,1
juice,search,CG-Static,10,3,24,059bfd654cc19177,200,1
juice,search,CG-Static,10,3,25,344ad21f553ca466,200,1
juice,search,CG-Static,10,3,26,1309e56e86956309,200,1
juice,search,CG-Static,10,3,27,bc64a0c0ac3d9385,200,1
juice,search,CG-Static,10,3,28,41f756068b711fe2,200,1
juice,search,CG-Static,10,3,29,b17c7c8178904ba2,200,1
juice,search,CG-Static,10,3,30,aa34ad798df1bf23,200,1
juice,search,CG-Static,10,3,31,55ed0bbf4250bbf9,200,1
juice,search,CG-Static,10,3,32,534846960e5120c2,200,1
juice,search,CG-Static,10,3,33,79d8aaa5fa72de19,200,1
juice,search,CG-Static,10,3,34,f589341be09d7d61,200,1
juice,search,CG-Static,10,3,35,f0fe511a5c26d54d,200,1
juice,search,CG-Static,10,3,36,fd512ccd0b391616,200,1
juice,search,CG-Static,10,3,37,34df1c22f13aa2b2,200,1
juice,search,CG-Static,10,3,38,a907d6913f0be740,200,1
juice,search,CG-Static,10,3,39,7f008f8a1b074e9d,200,1
juice,search,CG-Static,10,3,40,4640ba5ce9d60fbc,200,1
juice,search,CG-Static,10,3,41,23e8485be7c559b1,200,1
juice,search,CG-Static,10,3,42,3bc830f05ede68b9,200,1
juice,search,CG-Static,10,3,43,1089ae484ad91f9a,200,1
juice,search,CG-Static,10,3,44,67f4905379910821,200,1
juice,search,CG-Static,10,3,45,c334d26603e7f499,200,1
juice,search,CG-Static,10,3,46,fd03418e3f86f87b,200,1
juice,search,CG-Static,10,3,47,582eb5abadbb4895,200,1
juice,search,CG-Static,10,3,48,e328c7f195ee75ed,200,1
juice,search,CG-Static,10,3,49,42430854dca52203,200,1
juice,search,CG-Static,10,3,50,f64eddca1c8a80c9,200,1
juice,search,CG-Static,10,3,51,d7c68b8d551cfaf7,200,1
juice,search,CG-Static,10,3,52,8afc6b95e60bb0c2,200,1
juice,search,CG-Static,10,3,53,c09d71f3156adf02,200,1
juice,search,CG-Static,10,3,54,7748d17a38ccc5f3,200,1
juice,search,CG-Static,10,3,55,d81bbe7968baeb6f,200,1
juice,search,CG-Static,10,3,56,2705d8a55ba7946a,200,1
juice,search,CG-Static,10,3,57,f6494572f9e2cd90,200,1
juice,search,CG-Static,10,3,58,8c5099f0512865d6,200,1
juice,search,CG-Static,10,3,59,6ce39863064d92e0,200,1
juice,search,CG-Static,10,3,60,76e5ca60ce2bc99f,200,1
juice,search,CG-Static,10,3,61,40935194ace350a4,200,1
juice,search,CG-Static,10,3,62,d19481a4f20ce254,200,1
juice,search,CG-Static,10,3,63,4832c9fa1ebd8322,200,1
juice,search,CG-Static,10,3,64,d95eddaeb24fae77,200,1
juice,search,CG-Static,10,3,65,48f04a6bf7d4acf5,200,1
juice,search,CG-Static,10,3,66,ab1d42d56aff9d2c,200,1
juice,search,CG-Static,10,3,67,c1de8627ecbf1eb2,200,1
juice,search,CG-Static,10,3,68,fb04225d450dee53,200,1
juice,search,CG-Static,10,3,69,9b31754454429990,200,1
juice,search,CG-Static,10,3,70,0d447a2c74a10081,200,1
juice,search,CG-Static,10,3,71,fcf2f9e315c1caec,200,1
juice,search,CG-Static,10,3,72,301d6b4479db7026,200,1
juice,search,CG-Static,10,3,73,7913d8929995a44a,200,1
juice,search,CG-Static,10,3,74,4fc4ba1d7e7bb0fd,200,1
juice,search,CG-Static,10,3,75,1c4eb89d9ab1f8a8,200,1
juice,search,CG-Static,10,3,76,fe662b4213516094,200,1
juice,search,CG-Static,10,3,77,bc3cb7d427de30c8,200,1
juice,search,CG-Static,10,3,78,b6056c8ed39cbe36,200,1
juice,search,CG-Static,10,3,79,5bd1da354802d4a3,200,1
juice,search,CG-Static,10,3,80,405c910ce6aac4a5,200,1
juice,search,CG-Static,10,3,81,ab3587f6f027fc5e,200,1
juice,search,CG-Static,10,3,82,f66364b77526814f,200,1
juice,search,CG-Static,10,3,83,35dbf5f746e6ea14,200,1
juice,search,CG-Static,10,3,84,0f64d6da5fe279e8,200,1
juice,search,CG-Static,10,3,85,984126c3db2903a7,200,1
juice,search,CG-Static,10,3,86,25195c565c55af54,200,1
juice,search,CG-Static,10,3,87,951dcf7bc641b97d,200,1
juice,search,CG-Static,10,3,88,d7574adc8c53b655,200,1
juice,search,CG-Static,10,3,89,aba6c3029ec75226,200,1
juice,search,CG-Static,10,3,90,50258ad6b1e8603e,200,1
juice,search,CG-Static,10,3,91,0eedda20c1739cf3,200,1
juice,search,CG-Static,10,3,92,e136d5c825814dd1,200,1
juice,search,CG-Static,10,3,93,05ec3cf95bf44822,200,1
juice,search,CG-Static,10,3,94,e2726683e02ccc2b,200,1
juice,search,CG-Static,10,3,95,3822bc9fbf81799f,200,1
juice,search,CG-Static,10,3,96,1e65cc3e0bfe75e8,200,1
juice,search,CG-Static,10,3,97,feb11b3fee4f3a65,200,1
juice,search,CG-Static,10,3,98,2e9fe7989ed8f8f2,200,1
juice,search,CG-Static,10,3,99,4360c51db338540e,200,1
juice,search,CG-Static,10,3,100,c625b79e03fc9d16,200,1
juice,search,CG-Static,10,3,101,d18ce4861fc74c6d,200,1
juice,search,CG-Static,10,3,102,58ea710dc275670a,200,1
juice,search,CG-Static,10,3,103,13788cd7a18a12c8,200,1
juice,search,CG-Static,10,3,104,1e7b74a9c39f12aa,200,1
juice,search,CG-Static,10,3,105,46177d4269767369,200,1
juice,search,CG-Static,10,3,106,438f22205b28764b,200,1
juice,search,CG-Static,10,3,107,c4a52b832e1bbe0e,200,1
juice,search,CG-Static,10,3,108,e3eb15dec1a51faf,200,1
juice,search,CG-Static,10,3,109,c8ddc31358e63d66,200,1
juice,search,CG-Static,10,3,110,f254e6767549033e,200,1
juice,search,CG-Static,10,3,111,a6ad41d177766bfc,200,1
juice,search,CG-Static,10,3,112,e485a55e8891cfdb,200,1
juice,search,CG-Static,10,3,113,d231c36239e83fba,200,1
juice,search,CG-Static,10,3,114,a30cc59e11011fd7,200,1
juice,search,CG-Static,10,3,115,dff2209adec817cd,200,1
juice,search,CG-Static,10,3,116,b16d2946339ddb2f,200,1
juice,search,CG-Static,10,3,117,e5072bec2345a166,200,1
juice,search,CG-Static,10,3,118,4a530ae4cc9458b4,200,1
juice,search,CG-Static,10,3,119,a312384b286a2ddd,200,1
juice,search,CG-Static,10,3,120,ff42bd51648cf3e1,200,1
juice,search,CG-Static,10,3,121,8fb751fcb2cd4bb1,200,1
juice,search,CG-Static,10,3,122,c638c9b5c6b8ba4d,200,1
juice,search,CG-Static,10,3,123,e8730c51878085ad,200,1
juice,search,CG-Static,10,3,124,6f8b0e6bb574b3ab,200,1
juice,search,CG-Static,10,3,125,71af2be853e5a742,200,1
juice,search,CG-Static,10,3,126,39c9e4ee760f0fa6,200,1
juice,search,CG-Static,10,3,127,b4125a8acc49249c,200,1
juice,search,CG-Static,10,3,128,7b6b02a1cca37422,200,1
juice,search,CG-Static,10,3,129,3f645cc767d2a7c3,200,1
juice,search,CG-Static,10,3,130,0bfc6231c7c2e9fa,200,1
juice,search,CG-Static,10,3,131,f50739c397e66c6c,200,1
juice,search,CG-Static,10,3,132,f4d4341396d8014e,200,1
juice,search,CG-Static,10,3,133,42f4212384b92ee1,200,1
juice,search,CG-Static,10,3,134,792ce1e4c5a7d57c,200,1
juice,search,CG-Static,10,3,135,ee7e3def3fc36854,200,1
juice,search,CG-Static,10,3,136,07425ed1d45623b9,200,1
juice,search,CG-Static,10,3,137,9115bcb93fa2e3dc,200,1
juice,search,CG-Static,10,3,138,5888f1342f6ff27a,200,1
juice,search,CG-Static,10,3,139,0aee35bef596001a,200,1
juice,search,CG-Static,10,3,140,ebf27571582df831,200,1
juice,search,CG-Static,10,3,141,4c2eb7acf66180aa,200,1
juice,search,CG-Static,10,3,142,d0393abf4dcd14b5,200,1
juice,search,CG-Static,10,3,143,554b5dea3cc2e53c,200,1
juice,search,CG-Static,10,3,144,c46caa4f1382fe12,200,1
juice,search,CG-Static,10,3,145,bcdd5f89542545df,200,1
juice,search,CG-Static,10,3,146,eb698459616645de,200,1
juice,search,CG-Static,10,3,147,790eafeac9ad6c71,200,1
juice,search,CG-Static,10,3,148,356251a09a5e50f0,200,1
juice,search,CG-Static,10,3,149,d8b676ccd3316b8b,200,1
juice,search,CG-Static,10,3,150,c1a005a9da7a6850,200,1
juice,search,CG-Static,10,3,151,fe07fc320bb116bf,200,1
juice,search,CG-Static,10,3,152,ff9c653902d14a4f,200,1
juice,search,CG-Static,10,3,153,b80774ec03917c59,200,1
juice,search,CG-Static,10,3,154,a3eb46ae70b19d9a,200,1
juice,search,CG-Static,10,3,155,bf63b00ce281b5fa,200,1
juice,search,CG-Static,10,3,156,ed391d8783c0fda8,200,1
juice,search,CG-Static,10,3,157,ce1c665ec0954399,200,1
juice,search,CG-Static,10,3,158,e895f29247cda9da,200,1
juice,search,CG-Static,10,3,159,1b075fdb326df4ee,200,1
juice,search,CG-Static,10,3,160,96d4c187f77a194d,200,1
juice,search,CG-Static,10,3,161,1facf5278252b045,200,1
juice,search,CG-Static,10,3,162,c56f06921e4d7033,200,1
juice,search,CG-Static,10,3,163,222fa19ab42d0fe6,200,1
juice,search,CG-Static,10,3,164,0b0cfcda98a160b0,200,1
juice,search,CG-Static,10,3,165,39e0a60d99839567,200,1
juice,search,CG-Static,10,3,166,5a42ccf5e2db34c9,200,1
juice,search,CG-Static,10,3,167,36078de430d4e08b,200,1
juice,search,CG-Static,10,3,168,4b57070dbb9fb207,200,1
juice,search,CG-Static,10,3,169,96baa7ac36d4a21f,200,1
juice,search,CG-Static,10,3,170,c948ac12bda3aae2,200,1
juice,search,CG-Static,10,3,171,4c2c5fa36c3a0635,200,1
juice,search,CG-Static,10,3,172,b4ee92bd4a41aec7,200,1
juice,search,CG-Static,10,3,173,5c0e44d4299d31f8,200,1
juice,search,CG-Static,10,3,174,5b9e024b0c7782c1,200,1
juice,search,CG-Static,10,3,175,e064049d7cc9c8ae,200,1
juice,search,CG-Static,10,3,176,135414dc1cf3679c,200,1
juice,search,CG-Static,10,3,177,2e39586365a41142,200,1
juice,search,CG-Static,10,3,178,d73ef09db46bb06a,200,1
juice,search,CG-Static,10,3,179,4f809aee46d38523,200,1
juice,search,CG-Static,10,3,180,4f0ec23419971d87,200,1
juice,search,CG-Static,10,3,181,aaab8386cfbb7699,200,1
juice,search,CG-Static,10,3,182,94ab2e4ca3dab370,200,1
juice,search,CG-Static,10,3,183,dce23b4dffaf0ce3,200,1
juice,search,CG-Static,10,3,184,a5375bfcc2956c62,200,1
juice,search,CG-Static,10,3,185,7e431b19447aa23a,200,1
juice,search,CG-Static,10,3,186,fa5a2b2218577a5c,200,1
juice,search,CG-Static,10,3,187,7f07f6cb05824ef0,200,1
juice,search,CG-Static,10,3,188,31959f488762e45a,200,1
juice,search,CG-Static,10,3,189,9436ba7bd48a81b4,200,1
juice,search,CG-Static,10,3,190,6be1c48bd08958dc,200,1
juice,search,CG-Static,10,3,191,bbb8b696903d5e63,200,1
juice,search,CG-Static,10,3,192,6a6712f5d219ce4e,200,1
juice,search,CG-Static,10,3,193,25d285c706ad0317,200,1
juice,search,CG-Static,10,3,194,2e6212fcda960b21,200,1
juice,search,CG-Static,10,3,195,4a86584fd3466af4,200,1
juice,search,CG-Static,10,3,196,8a9ba62685feaec2,200,1
juice,search,CG-Static,10,3,197,4ecfced21601310a,200,1
juice,search,CG-Static,10,3,198,91494f2e6330974d,200,1
juice,search,CG-Static,10,3,199,a54959a56e84fb60,200,1
juice,search,CG-Static,10,3,200,cd1597925b7c85af,200,1
juice,search,CG-Static,10,3,201,a278ded976bb7d37,200,1
juice,search,CG-Static,10,3,202,eb1df4f9f447b50a,200,1
juice,search,CG-Static,10,3,203,4f9c72a3474126e6,200,1
juice,search,CG-Static,10,3,204,60eae4dea5275a1d,200,1
juice,search,CG-Static,10,3,205,1d73828321e97304,200,1
juice,search,CG-Static,10,3,206,a6fc73fd37d916d4,200,1
juice,search,CG-Static,10,3,207,5219120c1af0ef0e,200,1
juice,search,CG-Static,10,3,208,0a02382cd574efc1,200,1
juice,search,CG-Static,10,3,209,b298d6e4289e7f87,200,1
juice,search,CG-Static,10,3,210,ef472e778fa595c2,200,1
juice,search,CG-Static,10,3,211,91c5df739ba806dc,200,1
juice,search,CG-Static,10,3,212,d51b091b95f51b21,200,1
juice,search,CG-Static,10,3,213,b9f3c6ff516ebccf,200,1
juice,search,CG-Static,10,3,214,af8126414ad37f47,200,1
juice,search,CG-Static,10,3,215,626b695454a951b0,200,1
juice,search,CG-Static,10,3,216,bcb3f0cc9da294c1,200,1
juice,search,CG-Static,10,3,217,ce83847da55f7858,200,1
juice,search,CG-Static,10,3,218,21105544d4cdac64,200,1
juice,search,CG-Static,10,3,219,77e02308eb4dafce,200,1
juice,search,CG-Static,10,3,220,3ace587dbfff0a72,200,1
juice,search,CG-Static,10,3,221,db5d3b8cabafeafe,200,1
juice,search,CG-Static,10,3,222,3b08a84de3f79f1e,200,1
juice,search,CG-Static,10,3,223,63c1f47361ab6a41,200,1
juice,search,CG-Static,10,3,224,cbbf132e1624b199,200,1
juice,search,CG-Static,10,3,225,64a56e0d205aff54,200,1
juice,search,CG-Static,10,3,226,914ac68877a7e046,200,1
juice,search,CG-Static,10,3,227,349e5bafe4bffd21,200,1
juice,search,CG-Static,10,3,228,dab5057c3fad3d72,200,1
juice,search,CG-Static,10,3,229,64496a3cb78c4de3,200,1
juice,search,CG-Static,10,3,230,3794800c54bf7c6d,200,1
juice,search,CG-Static,10,3,231,17b505fdadc36471,200,1
juice,search,CG-Static,10,3,232,86e673092a2e0886,200,1
juice,search,CG-Static,10,3,233,ff566ef824e1855d,200,1
juice,search,CG-Static,10,3,234,578d7857ac9af57e,200,1
juice,search,CG-Static,10,3,235,3f9c345770a74fd5,200,1
juice,search,CG-Static,10,3,236,43a4ec593295dd84,200,1
juice,search,CG-Static,10,3,237,54d34fd465f13e8c,200,1
juice,search,CG-Static,10,3,238,346392652d19218c,200,1
juice,search,CG-Static,10,3,239,4aa4aaeb020b0b01,200,1
juice,search,CG-Static,10,3,240,3f8ea989537140e3,200,1
juice,search,CG-Static,10,3,241,3fe34b0d8a39697f,200,1
juice,search,CG-Static,10,3,242,8a0508355829eafa,200,1
juice,search,CG-Static,10,3,243,7198c6ef8a336013,200,1
juice,search,CG-Static,10,3,244,40c65125a9f22e15,200,1
juice,search,CG-Static,10,3,245,447343757c14a20f,200,1
juice,search,CG-Static,10,3,246,a927c448ac711162,200,1
juice,search,CG-Static,10,3,247,0d6bbdd986dde58e,200,1
juice,search,CG-Static,10,3,248,f962c2c88ec02ba3,200,1
juice,search,CG-Static,10,3,249,83fea7dccb5e3877,200,1
juice,search,CG-Static,10,3,250,ce4e2ec44bf15fbb,200,1
juice,search,CG-Static,10,3,251,3aa3593f41aad70c,200,1
juice,search,CG-Static,10,3,252,9d5d78a03e82eafa,200,1
juice,search,CG-Static,10,3,253,d696d8c715e19197,200,1
juice,search,CG-Static,10,3,254,b9ef455f47e588fe,200,1
juice,search,CG-Static,10,3,255,8bd6fd071c45fdd1,200,1
juice,search,CG-Static,10,3,256,efa598b771a470bb,200,1
juice,search,CG-Static,10,3,257,9771a78d56e0b232,200,1
juice,search,CG-Static,10,3,258,6a79e52f0bddb7d4,200,1
juice,search,CG-Static,10,3,259,5771d0a1254f24b6,200,1
juice,search,CG-Static,10,3,260,5bd54dc09e6e8b63,200,1
juice,search,CG-Static,10,3,261,2f2456119b477744,200,1
juice,search,CG-Static,10,3,262,4ef7caa247f710a8,200,1
juice,search,CG-Static,10,3,263,6f11e6deed9ce74e,200,1
juice,search,CG-Static,10,3,264,e3029428fd834280,200,1
juice,search,CG-Static,10,3,265,c513cbffd1dfa2b2,200,1
juice,search,CG-Static,10,3,266,63dc9630241ba728,200,1
juice,search,CG-Static,10,3,267,b2e36d38005a5d35,200,1
juice,search,CG-Static,10,3,268,b24f287a5ddf9775,200,1
juice,search,CG-Static,10,3,269,5948e5798fba80ba,200,1
juice,search,CG-Static,10,3,270,bf1defc1a4eee529,200,1
juice,search,CG-Static,10,3,271,28ed749cf887388a,200,1
juice,search,CG-Static,10,3,272,627fe907187198c3,200,1
juice,search,CG-Static,10,3,273,34358063cd5b4874,200,1
juice,search,CG-Static,10,3,274,ca20d1714dd4d616,200,1
juice,search,CG-Static,10,3,275,39d48a11115432f0,200,1
juice,search,CG-Static,10,3,276,aa4e05d1a5ab2d72,200,1
juice,search,CG-Static,10,3,277,ad82943b6b367ca0,200,1
juice,search,CG-Static,10,3,278,47a31093dc1efcca,200,1
juice,search,CG-Static,10,3,279,610a567c087f2a71,200,1
juice,search,CG-Static,10,3,280,14e8d5e274c62a29,200,1
juice,search,CG-Static,10,3,281,72a183f32960c71a,200,1
juice,search,CG-Static,10,3,282,30fe940b401dff7a,200,1
juice,search,CG-Static,10,3,283,0d5a59db2cbba8f1,200,1
juice,search,CG-Static,10,3,284,d70cd7b1634c0d9c,200,1
juice,search,CG-Static,10,3,285,12c4b722ffc8236c,200,1
juice,search,CG-Static,10,3,286,a149ea64e70c1d95,200,1
juice,search,CG-Static,10,3,287,f933812cfb7b676d,200,1
juice,search,CG-Static,10,3,288,f971255f0befeeb5,200,1
juice,search,CG-Static,10,3,289,8594614317267d9f,200,1
juice,search,CG-Static,10,3,290,cef058de5b8a2d39,200,1
juice,search,CG-Static,10,3,291,979eff00e7dfb75a,200,1
juice,search,CG-Static,10,3,292,aab313683e17eba6,200,1
juice,search,CG-Static,10,3,293,f7308497750af39e,200,1
juice,search,CG-Static,10,3,294,609f5c29b0d34e58,200,1
juice,search,CG-Static,10,3,295,273d3786e4d8ded6,200,1
juice,search,CG-Static,10,3,296,bcea612e7884e7b3,200,1
juice,search,CG-Static,10,3,297,3a4cd5df66b5ac84,200,1
juice,search,CG-Static,10,3,298,4ca92627c98afa64,200,1
juice,search,CG-Static,10,3,299,14f0dc61bab99a3f,200,1
juice,search,CG-Static,10,3,300,8e05ae90bb1b0422,200,1
juice,search,CG-Static,10,3,301,6e2d8417ae5906d2,200,1
juice,search,CG-Static,10,3,302,ff5cc8e682e58e97,200,1
juice,search,CG-Static,10,3,303,0a9437a8495a6813,200,1
juice,search,CG-Static,10,3,304,d6f4479bdce2d062,200,1
juice,search,CG-Static,10,3,305,92d72135caa2ad4c,200,1
juice,search,CG-Static,10,3,306,5b6461e29d467e25,200,1
juice,search,CG-Static,10,3,307,8ccb166ab0b8bb84,200,1
juice,search,CG-Static,10,3,308,581866295886abc4,200,1
juice,search,CG-Static,10,3,309,0f8e934b0ad87c6d,200,1
juice,search,CG-Static,10,3,310,4d2b951b97aaee4d,200,1
juice,search,CG-Static,10,3,311,662f65db91f8025d,200,1
juice,search,CG-Static,10,3,312,7624d49c3c186cc7,200,1
juice,search,CG-Static,10,3,313,cf8b6c396fa2b11f,200,1
juice,search,CG-Static,10,3,314,98fc9b70b33bba1b,200,1
juice,search,CG-Static,10,3,315,6ae8d3f1b5112fb0,200,1
juice,search,CG-Static,10,3,316,137eae8c6d20a52f,200,1
juice,search,CG-Static,10,3,317,8a883077827727e7,200,1
juice,search,CG-Static,10,3,318,270a58dca55849c7,200,1
juice,search,CG-Static,10,3,319,137bb335486dd21a,200,1
juice,search,CG-Static,10,3,320,b3f259941f0ba66a,200,1
juice,search,CG-Static,10,3,321,74b95b2e619b7e61,200,1
juice,search,CG-Static,10,3,322,7ed27bb8bb2ac542,200,1
juice,search,CG-Static,10,3,323,694afe1708e15762,200,1
juice,search,CG-Static,10,3,324,343be9e96d1f3ad8,200,1
juice,search,CG-Static,10,3,325,452f4e0dce145906,200,1
juice,search,CG-Static,10,3,326,c8ea45e6c93fbf03,200,1
juice,search,CG-Static,10,3,327,e7928d45639281eb,200,1
juice,search,CG-Static,10,3,328,2d283a26ab3916ed,200,1
juice,search,CG-Static,10,3,329,2f2b9a69e783e27b,200,1
juice,search,CG-Static,10,3,330,29c0ab77c1b286ff,200,1
juice,search,CG-Static,10,3,331,0750e8290184349e,200,1
juice,search,CG-Static,10,3,332,6504b6d27d34ed46,200,1
juice,search,CG-Static,10,3,333,a75280cf3cfdd040,200,1
juice,search,CG-Static,10,3,334,d7a7d045fe98d580,200,1
juice,search,CG-Static,10,3,335,354d9086e6694328,200,1
juice,search,CG-Static,10,3,336,90f29f50af9d328b,200,1
juice,search,CG-Static,10,3,337,a6607006efb48b01,200,1
juice,search,CG-Static,10,3,338,09ebc8a198eb3bfd,200,1
juice,search,CG-Static,10,3,339,57f0890399530041,200,1
juice,search,CG-Static,10,3,340,5b9cf019ca4783a0,200,1
juice,search,CG-Static,10,3,341,743adb7b28d440e6,200,1
juice,search,CG-Static,10,3,342,40afad5ad6ccc255,200,1
juice,search,CG-Static,10,3,343,01ba076f3426a560,200,1
juice,search,CG-Static,10,3,344,127f16e896811845,200,1
juice,search,CG-Static,10,3,345,e9d7327d9fbe7a1d,200,1
juice,search,CG-Static,10,3,346,655094dc02a1e493,200,1
juice,search,CG-Static,10,3,347,f114ade5580b6ae6,200,1
juice,search,CG-Static,10,3,348,ec55c8fba9bdb41d,200,1
juice,search,CG-Static,10,3,349,1f008c5b66a5eb19,200,1
juice,search,CG-Static,10,3,350,2b3ece7f49d4bea1,200,1
juice,search,CG-Static,10,3,351,dc35dbb89bec14d5,200,1
juice,search,CG-Static,10,3,352,50634913bbd71820,200,1
juice,search,CG-Static,10,3,353,4153e6274ed12b35,200,1
juice,search,CG-Static,10,3,354,0fed4dbd0068cb74,200,1
juice,search,CG-Static,10,3,355,958e01417ee3d555,200,1
juice,search,CG-Static,10,3,356,f509d596cde603de,200,1
juice,search,CG-Static,10,3,357,af6cb37dfd605393,200,1
juice,search,CG-Static,10,3,358,3e9aa63a7ca2561a,200,1
juice,search,CG-Static,10,3,359,7d006e368cdac4d2,200,1
juice,search,CG-Static,10,3,360,024a5db6b59b6175,200,1
juice,search,CG-Static,10,3,361,76682f4d2596be31,200,1
juice,search,CG-Static,10,3,362,6b8ebbe76adb3ab7,200,1
juice,search,CG-Static,10,3,363,5d547763d902e55c,200,1
juice,search,CG-Static,10,3,364,45d1daa6ab0beede,200,1
juice,search,CG-Static,10,3,365,b77760d8b6875922,200,1
juice,search,CG-Static,10,3,366,ba5f7f8e5e01c618,200,1
juice,search,CG-Static,10,3,367,21ef734b203345eb,200,1
juice,search,CG-Static,10,3,368,8dc66f7f098034f3,200,1
juice,search,CG-Static,10,3,369,044ebc6062f9db1d,200,1
juice,search,CG-Static,10,3,370,d2cf78314f9d50b6,200,1
juice,search,CG-Static,10,3,371,e7fa5e6fdd151573,200,1
juice,search,CG-Static,10,3,372,f92cdec6a226440e,200,1
juice,search,CG-Static,10,3,373,6afb95207a0f29e5,200,1
juice,search,CG-Static,10,3,374,3c6b28fdb4dedc85,200,1
juice,search,CG-Static,10,3,375,2ce0a27793791c5d,200,1
juice,search,CG-Static,10,3,376,2e566798a9fb52dc,200,1
juice,search,CG-Static,10,3,377,6b550053ce8e6681,200,1
juice,search,CG-Static,10,3,378,e2d26bc93ba913f0,200,1
juice,search,CG-Static,10,3,379,5f5fd1cb9d0f6297,200,1
juice,search,CG-Static,10,3,380,1530df40a3ffef04,200,1
juice,search,CG-Static,10,3,381,50626d201e686ac5,200,1
juice,search,CG-Static,10,3,382,217f4788c5afafac,200,1
juice,search,CG-Static,10,3,383,f6999a02189942c6,200,1
juice,search,CG-Static,10,3,384,dc463e1cf065bee7,200,1
juice,search,CG-Static,10,3,385,5440d5b43be5e71a,200,1
juice,search,CG-Static,10,3,386,3ff2a55ed1bbad06,200,1
juice,search,CG-Static,10,3,387,479ee47e537b4076,200,1
juice,search,CG-Static,10,3,388,6b169a477d436d2b,200,1
juice,search,CG-Static,10,3,389,f15639446e3df973,200,1
juice,search,CG-Static,10,3,390,d8d4236fc6b88b68,200,1
juice,search,CG-Static,10,3,391,607a2e6eacc2d08e,200,1
juice,search,CG-Static,10,3,392,840b7845c2e9a77c,200,1
juice,search,CG-Static,10,3,393,0ca92328332702ca,200,1
juice,search,CG-Static,10,3,394,9b1ebf0d02e6096b,200,1
juice,search,CG-Static,10,3,395,f086d0420f9df230,200,1
juice,search,CG-Static,10,3,396,daf5cb7b50ce9841,200,1
juice,search,CG-Static,10,3,397,ea07b3ae9f15fb26,200,1
juice,search,CG-Static,10,3,398,6cc8a5af68a4cd46,200,1
juice,search,CG-Static,10,3,399,475aa28920f75c23,200,1
juice,search,CG-Static,10,3,400,61687ec3bed4107c,200,1
juice,search,CG-Static,10,3,401,25143f220804c099,200,1
juice,search,CG-Static,10,3,402,cf97d4162f38dbb0,200,1
juice,search,CG-Static,10,3,403,1b5e7157f366eb0d,200,1
juice,search,CG-Static,10,3,404,fa02c10a4ef7ac2c,200,1
juice,search,CG-Static,10,3,405,82c96faad5738400,200,1
juice,search,CG-Static,10,3,406,775935eca04d34f3,200,1
juice,search,CG-Static,10,3,407,fb9aeae671b710eb,200,1
juice,search,CG-Static,10,3,408,eb97644611969a7d,200,1
juice,search,CG-Static,10,3,409,e3e72131dd24036f,200,1
juice,search,CG-Static,10,3,410,8bbe6fa029c02944,200,1
juice,search,CG-Static,10,3,411,a71d25b8e2ae2258,200,1
juice,search,CG-Static,10,3,412,f4368045e50efe4b,200,1
juice,search,CG-Static,10,3,413,9294ff0e3d2d5c8e,200,1
juice,search,CG-Static,10,3,414,167f276cba8fc7ca,200,1
juice,search,CG-Static,10,3,415,6a46fb238c52df72,200,1
juice,search,CG-Static,10,3,416,a725554db28615da,200,1
juice,search,CG-Static,10,3,417,f421912c0c356221,200,1
juice,search,CG-Static,10,3,418,1fed113e1b8cf243,200,1
juice,search,CG-Static,10,3,419,84b2c2eda581621d,200,1
juice,search,CG-Static,10,3,420,b111d39bc134dfba,200,1
juice,search,CG-Static,10,3,421,5989f223fbb834cc,200,1
juice,search,CG-Static,10,3,422,eab1066ac02d991b,200,1
juice,search,CG-Static,10,3,423,8cc8755f3aa93f1a,200,1
juice,search,CG-Static,10,3,424,8212a021b1a103a7,200,1
juice,search,CG-Static,10,3,425,057751d0189152c4,200,1
juice,search,CG-Static,10,3,426,72aa788e925ece11,200,1
juice,search,CG-Static,10,3,427,9d1ecc58c3e184bb,200,1
juice,search,CG-Static,10,3,428,4d538d464c610577,200,1
juice,search,CG-Static,10,3,429,d140be408920bed4,200,1
juice,search,CG-Static,10,3,430,a1604cc383f55f5e,200,1
juice,search,CG-Static,10,3,431,5f3ebbccbfd213b0,200,1
juice,search,CG-Static,10,3,432,200ccf7fda66f0da,200,1
juice,search,CG-Static,10,3,433,7c071b06e4fc345d,200,1
juice,search,CG-Static,10,3,434,25bf07461a4b5de7,200,1
juice,search,CG-Static,10,3,435,a1ab09a73116398b,200,1
juice,search,CG-Static,10,3,436,5821b8591168a053,200,1
juice,search,CG-Static,10,3,437,343e777a7b568597,200,1
juice,search,CG-Static,10,3,438,fe76877ea262ff1e,200,1
juice,search,CG-Static,10,3,439,e00f9c4513dd2a6c,200,1
juice,search,CG-Static,10,3,440,dd6fd4191259ffc1,200,1
juice,search,CG-Static,10,3,441,006deb70718ffe8b,200,1
juice,search,CG-Static,10,5,0,f3b80772718c0efc,200,1
juice,search,CG-Static,10,5,1,880267700311c0b9,200,1
juice,search,CG-Static,10,5,2,19d775a5a06c87bd,200,1
juice,search,CG-Static,10,5,3,dd8a911a097c9004,200,1
juice,search,CG-Static,10,5,4,5ec76385ee2c9fd6,200,1
juice,search,CG-Static,10,5,5,a5486daf9e17c5a3,200,1
juice,search,CG-Static,10,5,6,90882758b386987d,200,1
juice,search,CG-Static,10,5,7,67f4905379910821,200,1
juice,search,CG-Static,10,5,8,38a91318e8ca746b,200,1
juice,search,CG-Static,10,5,9,28888a53a0d64848,200,1
juice,search,CG-Static,10,5,10,faf71a34c20ae853,200,1
juice,search,CG-Static,10,5,11,009760e8e989fb6f,200,1
juice,search,CG-Static,10,5,12,f01d46508c1a1c39,200,1
juice,search,CG-Static,10,5,13,458384c943f90267,200,1
juice,search,CG-Static,10,5,14,e92739384a1cb0e0,200,1
juice,search,CG-Static,10,5,15,32bc4794c11b1ba7,200,1
juice,search,CG-Static,10,5,16,157a6f94e46ed343,200,1
juice,search,CG-Static,10,5,17,d6d21c0c005c02af,200,1
juice,search,CG-Static,10,5,18,60e990717ad9e2f4,200,1
juice,search,CG-Static,10,5,19,5b43c02f004e6eba,200,1
juice,search,CG-Static,10,5,20,99880176ee8e6796,200,1
juice,search,CG-Static,10,5,21,804612fd6d6d9614,200,1
juice,search,CG-Static,10,5,22,bed9acc5c0f55b09,200,1
juice,search,CG-Static,10,5,23,fa8e1e3e0b9dc39f,200,1
juice,search,CG-Static,10,5,24,c8a421704c3c07c1,200,1
juice,search,CG-Static,10,5,25,241c3543b57e9530,200,1
juice,search,CG-Static,10,5,26,d37dacc12049c03f,200,1
juice,search,CG-Static,10,5,27,89278ff67417ad3f,200,1
juice,search,CG-Static,10,5,28,8cc12a097411c468,200,1
juice,search,CG-Static,10,5,29,85c73b6526873c8f,200,1
juice,search,CG-Static,10,5,30,6dbee2f98f6bd373,200,1
juice,search,CG-Static,10,5,31,2de7c130bd97fa24,200,1
juice,search,CG-Static,10,5,32,84350397b36e8a75,200,1
juice,search,CG-Static,10,5,33,88fbf03c97137387,200,1
juice,search,CG-Static,10,5,34,a70c92909a008b6d,200,1
juice,search,CG-Static,10,5,35,654a6db2c8d43909,200,1
juice,search,CG-Static,10,5,36,5ecf8ca0da36668b,200,1
juice,search,CG-Static,10,5,37,4e7cbfb1d8be7484,200,1
juice,search,CG-Static,10,5,38,616093bc05da4c15,200,1
juice,search,CG-Static,10,5,39,5ac1a2bb44737109,200,1
juice,search,CG-Static,10,5,40,884e7acb6f69ad5f,200,1
juice,search,CG-Static,10,5,41,c06ad7ed579eb6d5,200,1
juice,search,CG-Static,10,5,42,2e4ff2853aa429b3,200,1
juice,search,CG-Static,10,5,43,29bde0f61270ff9c,200,1
juice,search,CG-Static,10,5,44,5900d2c2649ee1e9,200,1
juice,search,CG-Static,10,5,45,279030143bcd945a,200,1
juice,search,CG-Static,10,5,46,4504650ab96eb79e,200,1
juice,search,CG-Static,10,5,47,26029df9dde8fe62,200,1
juice,search,CG-Static,10,5,48,54ba4f7e4e2f04ab,200,1
juice,search,CG-Static,10,5,49,90597debe538aa8f,200,1
juice,search,CG-Static,10,5,50,adfc326cd93a4d8d,200,1
juice,search,CG-Static,10,5,51,6957039c878b97e7,200,1
juice,search,CG-Static,10,5,52,f24224e644cae2d3,200,1
juice,search,CG-Static,10,5,53,3ecb48fb8b7851e1,200,1
juice,search,CG-Static,10,5,54,b4a3621533efdb0b,200,1
juice,search,CG-Static,10,5,55,1577d43df0370b41,200,1
juice,search,CG-Static,10,5,56,339cf9a1661abe66,200,1
juice,search,CG-Static,10,5,57,0c672638b528c756,200,1
juice,search,CG-Static,10,5,58,5af477c31cc61b61,200,1
juice,search,CG-Static,10,5,59,e5df119704214694,200,1
juice,search,CG-Static,10,5,60,0bcd8fe75e335c89,200,1
juice,search,CG-Static,10,5,61,77bc75f118a70cd0,200,1
juice,search,CG-Static,10,5,62,32cc699ecb86cba7,200,1
juice,search,CG-Static,10,5,63,96e0ce06d12a35b8,200,1
juice,search,CG-Static,10,5,64,2ea4fde530271c2b,200,1
juice,search,CG-Static,10,5,65,e364105a2e4940b0,200,1
juice,search,CG-Static,10,5,66,059bd845ec759da0,200,1
juice,search,CG-Static,10,5,67,48052a80d07dc468,200,1
juice,search,CG-Static,10,5,68,5a1a7ee9741470a8,200,1
juice,search,CG-Static,10,5,69,6a08c63fbef02662,200,1
juice,search,CG-Static,10,5,70,f5f7002a5ea816da,200,1
juice,search,CG-Static,10,5,71,2d29e0f70a758b0c,200,1
juice,search,CG-Static,10,5,72,42c9f8e7f3356cae,200,1
juice,search,CG-Static,10,5,73,517f0d455132c563,200,1
juice,search,CG-Static,10,5,74,4b638b3c6f63c2b1,200,1
juice,search,CG-Static,10,5,75,1a2d4273040ab266,200,1
juice,search,CG-Static,10,5,76,b92e9686625cc9b0,200,1
juice,search,CG-Static,10,5,77,8f0aafddc060b571,200,1
juice,search,CG-Static,10,5,78,402c02cc97035b6d,200,1
juice,search,CG-Static,10,5,79,e4f3bbb0de998c15,200,1
juice,search,CG-Static,10,5,80,80a4d8beac358a86,200,1
juice,search,CG-Static,10,5,81,e340c034f3e81c55,200,1
juice,search,CG-Static,10,5,82,22047ce95630b8e3,200,1
juice,search,CG-Static,10,5,83,0b7f0fa254867416,200,1
juice,search,CG-Static,10,5,84,b2ff87cba6b3be50,200,1
juice,search,CG-Static,10,5,85,5c0ff85857087eee,200,1
juice,search,CG-Static,10,5,86,be0f77678292c677,200,1
juice,search,CG-Static,10,5,87,db91519383039633,200,1
juice,search,CG-Static,10,5,88,332ff83d47a06fd5,200,1
juice,search,CG-Static,10,5,89,f7b16ccf9d5bae66,200,1
juice,search,CG-Static,10,5,90,db5bb31f1ff78f16,200,1
juice,search,CG-Static,10,5,91,a0ae564985c798db,200,1
juice,search,CG-Static,10,5,92,2c926f95b07efb5f,200,1
juice,search,CG-Static,10,5,93,a19055928d6518c0,200,1
juice,search,CG-Static,10,5,94,ce0a89af9cfab6b5,200,1
juice,search,CG-Static,10,5,95,f076fb3184ef63b0,200,1
juice,search,CG-Static,10,5,96,0984186053d3a1d5,200,1
juice,search,CG-Static,10,5,97,868186fc94f34d1c,200,1
juice,search,CG-Static,10,5,98,d6c9b5acb5f7c867,200,1
juice,search,CG-Static,10,5,99,f180cbf0c87b3a7e,200,1
juice,search,CG-Static,10,5,100,d9b6c9ee769e1669,200,1
juice,search,CG-Static,10,5,101,4199092c42c302af,200,1
juice,search,CG-Static,10,5,102,10aa1647ff8e3975,200,1
juice,search,CG-Static,10,5,103,5c46c4553ebe7850,200,1
juice,search,CG-Static,10,5,104,bd6a7eff192a05d2,200,1
juice,search,CG-Static,10,5,105,5ae7501e589fc8ca,200,1
juice,search,CG-Static,10,5,106,114079d37347ec99,200,1
juice,search,CG-Static,10,5,107,774dd2776b2c6062,200,1
juice,search,CG-Static,10,5,108,4920efc937c8d46f,200,1
juice,search,CG-Static,10,5,109,33aab0dea6f1e598,200,1
juice,search,CG-Static,10,5,110,73d2cd1c0da24755,200,1
juice,search,CG-Static,10,5,111,70e6564ede96d302,200,1
juice,search,CG-Static,10,5,112,820432e7a83d9f7a,200,1
juice,search,CG-Static,10,5,113,c4df49405282ec43,200,1
juice,search,CG-Static,10,5,114,60a500d05ae199c5,200,1
juice,search,CG-Static,10,5,115,629300bf5e0d6a23,200,1
juice,search,CG-Static,10,5,116,04b8dac3fa1d2518,200,1
juice,search,CG-Static,10,5,117,c5aadc19cafd0f12,200,1
juice,search,CG-Static,10,5,118,28fefd5f03913769,200,1
juice,search,CG-Static,10,5,119,cf823454359add0c,200,1
juice,search,CG-Static,10,5,120,801f8218248911d9,200,1
juice,search,CG-Static,10,5,121,f3d8bc5543d07a46,200,1
juice,search,CG-Static,10,5,122,d99e3d6e6a1ef09f,200,1
juice,search,CG-Static,10,5,123,cffbe4fd9b1ff593,200,1
juice,search,CG-Static,10,5,124,198885cdaa0eaa5c,200,1
juice,search,CG-Static,10,5,125,f12c9a3372be0b07,200,1
juice,search,CG-Static,10,5,126,d86fe482ba08c5fa,200,1
juice,search,CG-Static,10,5,127,33330f97fff2a36d,200,1
juice,search,CG-Static,10,5,128,c47980e3810d4c4c,200,1
juice,search,CG-Static,10,5,129,acecc3dfb3369be8,200,1
juice,search,CG-Static,10,5,130,d5dae850f900d60e,200,1
juice,search,CG-Static,10,5,131,b0638fe23dcb51e3,200,1
juice,search,CG-Static,10,5,132,7f06b91ea5be43b1,200,1
juice,search,CG-Static,10,5,133,43ebda9e0b069c4f,200,1
juice,search,CG-Static,10,5,134,477ac87abb45300a,200,1
juice,search,CG-Static,10,5,135,ecee250ac0eaf50c,200,1
juice,search,CG-Static,10,5,136,c73b708c958676e8,200,1
juice,search,CG-Static,10,5,137,b8f1a495d86bba13,200,1
juice,search,CG-Static,10,5,138,4f175f079a318821,200,1
juice,search,CG-Static,10,5,139,2572553e8f4ce1e0,200,1
juice,search,CG-Static,10,5,140,c33e7ba5609a6893,200,1
juice,search,CG-Static,10,5,141,95b938f0a6f62a58,200,1
juice,search,CG-Static,10,5,142,34605c5ba7792d2d,200,1
juice,search,CG-Static,10,5,143,698e66d0f10f264c,200,1
juice,search,CG-Static,10,5,144,e6dce94c1b960090,200,1
juice,search,CG-Static,10,5,145,ca7ef73c5604879c,200,1
juice,search,CG-Static,10,5,146,16fc1c80174c1838,200,1
juice,search,CG-Static,10,5,147,7fc440fad0d575b3,200,1
juice,search,CG-Static,10,5,148,354f6c5b9239af9c,200,1
juice,search,CG-Static,10,5,149,bcc0e8a320884fcc,200,1
juice,search,CG-Static,10,5,150,8b07194df452fa10,200,1
juice,search,CG-Static,10,5,151,87ddb7ac2e3e222c,200,1
juice,search,CG-Static,10,5,152,d8fd364e476a5b80,200,1
juice,search,CG-Static,10,5,153,03189c89d01404b2,200,1
juice,search,CG-Static,10,5,154,a70fc4ff1923d5fa,200,1
juice,search,CG-Static,10,5,155,73b17d0bf1d81b56,200,1
juice,search,CG-Static,10,5,156,a64f65694891a3d7,200,1
juice,search,CG-Static,10,5,157,6e69b161f2e6b23b,200,1
juice,search,CG-Static,10,5,158,a68764daa9b89221,200,1
juice,search,CG-Static,10,5,159,b8d903fb396d6f5e,200,1
juice,search,CG-Static,10,5,160,5feb3ee79b419fe4,200,1
juice,search,CG-Static,10,5,161,b134a73808fe4056,200,1
juice,search,CG-Static,10,5,162,42837863ca7d58a1,200,1
juice,search,CG-Static,10,5,163,2ac4870663a42977,200,1
juice,search,CG-Static,10,5,164,a3ed4ff8b59bc7b9,200,1
juice,search,CG-Static,10,5,165,951ea0cf21d7a88d,200,1
juice,search,CG-Static,10,5,166,59e2326b0e7b519d,200,1
juice,search,CG-Static,10,5,167,0828564ace1ac918,200,1
juice,search,CG-Static,10,5,168,e2270a3136e0827a,200,1
juice,search,CG-Static,10,5,169,d632da9116be28a5,200,1
juice,search,CG-Static,10,5,170,9252f724d038b985,200,1
juice,search,CG-Static,10,5,171,c30edb1ab6cff4b1,200,1
juice,search,CG-Static,10,5,172,2b9492aa2b04ae49,200,1
juice,search,CG-Static,10,5,173,789a85b78b8a82c6,200,1
juice,search,CG-Static,10,5,174,0f76077a82406776,200,1
juice,search,CG-Static,10,5,175,4c82ddbea97ae912,200,1
juice,search,CG-Static,10,5,176,355f593f33f98194,200,1
juice,search,CG-Static,10,5,177,740b842e921bea77,200,1
juice,search,CG-Static,10,5,178,0a57d95de1cfb931,200,1
juice,search,CG-Static,10,5,179,93653a6e69a3cdc7,200,1
juice,search,CG-Static,10,5,180,173dcecbe8895e7e,200,1
juice,search,CG-Static,10,5,181,a5c9c1765a60a8fc,200,1
juice,search,CG-Static,10,5,182,0e3ac5e7c7265be9,200,1
juice,search,CG-Static,10,5,183,3477117c9da5c5d9,200,1
juice,search,CG-Static,10,5,184,987d79aa9fb3ce15,200,1
juice,search,CG-Static,10,5,185,8fb86555830c90b8,200,1
juice,search,CG-Static,10,5,186,a45ace35856de7b5,200,1
juice,search,CG-Static,10,5,187,c3862582f04fb08e,200,1
juice,search,CG-Static,10,5,188,b1f2d6886e2ee286,200,1
juice,search,CG-Static,10,5,189,96b879b5d814478c,200,1
juice,search,CG-Static,10,5,190,748d0b4b75380a2e,200,1
juice,search,CG-Static,10,5,191,db92857f150708db,200,1
juice,search,CG-Static,10,5,192,628bc90aada605f7,200,1
juice,search,CG-Static,10,5,193,0a6b019dafd578ff,200,1
juice,search,CG-Static,10,5,194,a00d43c0459502b1,200,1
juice,search,CG-Static,10,5,195,7815e297072da1dc,200,1
juice,search,CG-Static,10,5,196,00f6f147dd1158df,200,1
juice,search,CG-Static,10,5,197,44973714b7a1e4f3,200,1
juice,search,CG-Static,10,5,198,b934808103dfa54e,200,1
juice,search,CG-Static,10,5,199,9b290b12d6555dea,200,1
juice,search,CG-Static,10,5,200,7a5d075e3ddfbebd,200,1
juice,search,CG-Static,10,5,201,7ebce3ab59f41c34,200,1
juice,search,CG-Static,10,5,202,b9ebe98bfef2e1d3,200,1
juice,search,CG-Static,10,5,203,f4c6109392ed01e2,200,1
juice,search,CG-Static,10,5,204,2a7c600d3bbafb65,200,1
juice,search,CG-Static,10,5,205,3b74bb16d41fa2aa,200,1
juice,search,CG-Static,10,5,206,5c0d4fd9d40f5896,200,1
juice,search,CG-Static,10,5,207,e7241c327346dbef,200,1
juice,search,CG-Static,10,5,208,bb2d4eb6fdf9e400,200,1
juice,search,CG-Static,10,5,209,c1f08133f205f49a,200,1
juice,search,CG-Static,10,5,210,ba036c924d7db8dd,200,1
juice,search,CG-Static,10,5,211,27ac0b1c912c66ff,200,1
juice,search,CG-Static,10,5,212,7b9c97fa3a261275,200,1
juice,search,CG-Static,10,5,213,ea3daf1db5155d07,200,1
juice,search,CG-Static,10,5,214,a4158065524150e4,200,1
juice,search,CG-Static,10,5,215,a0c52ffb137cef6d,200,1
juice,search,CG-Static,10,5,216,ce83cd17fafca36f,200,1
juice,search,CG-Static,10,5,217,95887f07d5e76eb9,200,1
juice,search,CG-Static,10,5,218,c5d1248f1637d7fe,200,1
juice,search,CG-Static,10,5,219,fd5fe3c87a50145e,200,1
juice,search,CG-Static,10,5,220,90d2ae3bf503aa1b,200,1
juice,search,CG-Static,10,5,221,c424ca7f279361d3,200,1
juice,search,CG-Static,10,5,222,a159de0120ac68fb,200,1
juice,search,CG-Static,10,5,223,259e85ebc8a8ba97,200,1
juice,search,CG-Static,10,5,224,04955146da3d10cf,200,1
juice,search,CG-Static,10,5,225,b70a65d0facd13e9,200,1
juice,search,CG-Static,10,5,226,56d9d1ed38886772,200,1
juice,search,CG-Static,10,5,227,97c4b66082c662ab,200,1
juice,search,CG-Static,10,5,228,32e2260ce6177833,200,1
juice,search,CG-Static,10,5,229,c5408aba9e4a431f,200,1
juice,search,CG-Static,10,5,230,631d30eab6c4a300,200,1
juice,search,CG-Static,10,5,231,cd2c387b5ee80249,200,1
juice,search,CG-Static,10,5,232,c6d1891f2a447f51,200,1
juice,search,CG-Static,10,5,233,d23163dd8e3a995e,200,1
juice,search,CG-Static,10,5,234,ab9d79fefc4db128,200,1
juice,search,CG-Static,10,5,235,59a4aee5481448e8,200,1
juice,search,CG-Static,10,5,236,ebad7941bc5bfaa4,200,1
juice,search,CG-Static,10,5,237,6c91e7ac7af0b079,200,1
juice,search,CG-Static,10,5,238,94b94e4787e014cd,200,1
juice,search,CG-Static,10,5,239,730469f52462ab90,200,1
juice,search,CG-Static,10,5,240,9f7b25c0a2c53333,200,1
juice,search,CG-Static,10,5,241,8e2944c97e8e3b31,200,1
juice,search,CG-Static,10,5,242,ae4824fbae2061f4,200,1
juice,search,CG-Static,10,5,243,75b3f02216db8030,200,1
juice,search,CG-Static,10,5,244,a7c9dd1644b7f40f,200,1
juice,search,CG-Static,10,5,245,520e88757cfad04a,200,1
juice,search,CG-Static,10,5,246,6862eaea1d168059,200,1
juice,search,CG-Static,10,5,247,f2145d0f83a1c40d,200,1
juice,search,CG-Static,10,5,248,cb26cf8a69c43b61,200,1
juice,search,CG-Static,10,5,249,6191d5dababb5ede,200,1
juice,search,CG-Static,10,5,250,a7be0c04395ba0d2,200,1
juice,search,CG-Static,10,5,251,325b2906960b5e59,200,1
juice,search,CG-Static,10,5,252,17f891dd453b1316,200,1
juice,search,CG-Static,10,5,253,b77b6cd2ccee79d4,200,1
juice,search,CG-Static,10,5,254,80bfac871828dd1e,200,1
juice,search,CG-Static,10,5,255,323ba82209f0752a,200,1
juice,search,CG-Static,10,5,256,bf8e7e4e49191a32,200,1
juice,search,CG-Static,10,5,257,64b44ffe11f4a936,200,1
juice,search,CG-Static,10,5,258,0ffba83cd06e39d1,200,1
juice,search,CG-Static,10,5,259,17b5c33003b1611c,200,1
juice,search,CG-Static,10,5,260,1687ecdc8443db85,200,1
juice,search,CG-Static,10,5,261,cd8d2cd04f2ce044,200,1
juice,search,CG-Static,10,5,262,c9cf02d18e093fe8,200,1
juice,search,CG-Static,10,5,263,8de3e55c68fb3a79,200,1
juice,search,CG-Static,10,5,264,359fc6a276d40555,200,1
juice,search,CG-Static,10,5,265,ed91a1edc54caef1,200,1
juice,search,CG-Static,10,5,266,1a72bc30a3d1a00c,200,1
juice,search,CG-Static,10,5,267,4101bdb630679786,200,1
juice,search,CG-Static,10,5,268,0d3680d177a0cefa,200,1
juice,search,CG-Static,10,5,269,35c8622f31b4c288,200,1
juice,search,CG-Static,10,5,270,69b72ecfe3511e44,200,1
juice,search,CG-Static,10,5,271,9eeb887551e7f8b0,200,1
juice,search,CG-Static,10,5,272,784d6c3c4437d053,200,1
juice,search,CG-Static,10,5,273,d7524f9f7167b7c2,200,1
juice,search,CG-Static,10,5,274,e9b56fb321f5a7e6,200,1
juice,search,CG-Static,10,5,275,0f389afb9d612a5f,200,1
juice,search,CG-Static,10,5,276,ac1936ba8c84eee9,200,1
juice,search,CG-Static,10,5,277,beb4f8b8c5d9053e,200,1
juice,search,CG-Static,10,5,278,a049ad6518836a03,200,1
juice,search,CG-Static,10,5,279,dedb4006a9a553e3,200,1
juice,search,CG-Static,10,5,280,3d636c386e02cc3a,200,1
juice,search,CG-Static,10,5,281,655de8dd3cac36aa,200,1
juice,search,CG-Static,10,5,282,b1f6f6ed5da68539,200,1
juice,search,CG-Static,10,5,283,a5c642aab8655477,200,1
juice,search,CG-Static,10,5,284,2f6f6ff1bbb1be2a,200,1
juice,search,CG-Static,10,5,285,ca6daa4d630c9333,200,1
juice,search,CG-Static,10,5,286,4b05f22c4545d83f,200,1
juice,search,CG-Static,10,5,287,154d37d83ddf8114,200,1
juice,search,CG-Static,10,5,288,d57a14437ad140c6,200,1
juice,search,CG-Static,10,5,289,2c3024f18c8397fe,200,1
juice,search,CG-Static,10,5,290,7c42d7a8fb1e3114,200,1
juice,search,CG-Static,10,5,291,30c8c799fbde4ab7,200,1
juice,search,CG-Static,10,5,292,8cee75ebb3bbe620,200,1
juice,search,CG-Static,10,5,293,75923927252f5847,200,1
juice,search,CG-Static,10,5,294,7c389496ba4b2bc8,200,1
juice,search,CG-Static,10,5,295,0c96e204ce7945aa,200,1
juice,search,CG-Static,10,5,296,99644974110df9c9,200,1
juice,search,CG-Static,10,5,297,5d5fcc919fe581dc,200,1
juice,search,CG-Static,10,5,298,447ffaee1d7689b3,200,1
juice,search,CG-Static,10,5,299,26dd5cdfe58b7bb2,200,1
juice,search,CG-Static,10,5,300,ee6ca51891f42190,200,1
juice,search,CG-Static,10,5,301,2398db7875fa9bc5,200,1
juice,search,CG-Static,10,5,302,c438d309a9ba2abf,200,1
juice,search,CG-Static,10,5,303,1a49f330cbe5aef0,200,1
juice,search,CG-Static,10,5,304,a8c9bb97f81ad85c,200,1
juice,search,CG-Static,10,5,305,40d6e441e8876323,200,1
juice,search,CG-Static,10,5,306,01ffe213d1e8ab12,200,1
juice,search,CG-Static,10,5,307,84cdf00f5607d08d,200,1
juice,search,CG-Static,10,5,308,0bdc63a6bbee0579,200,1
juice,search,CG-Static,10,5,309,6217dee1aecffd3b,200,1
juice,search,CG-Static,10,5,310,75bf6b20b57a3bd0,200,1
juice,search,CG-Static,10,5,311,4fca6a5fe4043a38,200,1
juice,search,CG-Static,10,5,312,a67648aca5bba4e1,200,1
juice,search,CG-Static,10,5,313,df3b9f229f93d400,200,1
juice,search,CG-Static,10,5,314,b531619d314b4e59,200,1
juice,search,CG-Static,10,5,315,d3da26eacf027bfa,200,1
juice,search,CG-Static,10,5,316,be26a99ee4577adc,200,1
juice,search,CG-Static,10,5,317,9f92826df2612173,200,1
juice,search,CG-Static,10,5,318,6b4cfea15e1b6028,200,1
juice,search,CG-Static,10,5,319,07d9b712526ef282,200,1
juice,search,CG-Static,10,5,320,4b7dfe9e9e75a956,200,1
juice,search,CG-Static,10,5,321,300724d5b411e7af,200,1
juice,search,CG-Static,10,5,322,a6d69073edc929af,200,1
juice,search,CG-Static,10,5,323,10293b6b78a9181a,200,1
juice,search,CG-Static,10,5,324,4cc38f0275996d80,200,1
juice,search,CG-Static,10,5,325,ae44c70e5ff1ca90,200,1
juice,search,CG-Static,10,5,326,841ce7a53f6a5e4f,200,1
juice,search,CG-Static,10,5,327,f65a8479cc39779a,200,1
juice,search,CG-Static,10,5,328,b5d4226a1be252f5,200,1
juice,search,CG-Static,10,5,329,d49911c97ee3ccc5,200,1
juice,search,CG-Static,10,5,330,b0b991c871676cd8,200,1
juice,search,CG-Static,10,5,331,4a1f74acf7e106e8,200,1
juice,search,CG-Static,10,5,332,bbf063778682d165,200,1
juice,search,CG-Static,10,5,333,aec2138f22839a69,200,1
juice,search,CG-Static,10,5,334,aae48dba496de94b,200,1
juice,search,CG-Static,10,5,335,8527ee42ae50315d,200,1
juice,search,CG-Static,10,5,336,740ff93779231f87,200,1
juice,search,CG-Static,10,5,337,894fc1741288d2ab,200,1
juice,search,CG-Static,10,5,338,ec83a590b3e5897f,200,1
juice,search,CG-Static,10,5,339,f689ecaae83ff05e,200,1
juice,search,CG-Static,10,5,340,4cd03df7cff71a07,200,1
juice,search,CG-Static,10,5,341,63637ee9f41badf4,200,1
juice,search,CG-Static,10,5,342,03eb31209af19e30,200,1
juice,search,CG-Static,10,5,343,bab7c5ab3e756594,200,1
juice,search,CG-Static,10,5,344,e1b66337b57ce511,200,1
juice,search,CG-Static,10,5,345,a81afcdd7083f85d,200,1
juice,search,CG-Static,10,5,346,bed2529b40cc9f92,200,1
juice,search,CG-Static,10,5,347,155c919e1246b9a7,200,1
juice,search,CG-Static,10,5,348,2cdeb47d97d134a4,200,1
juice,search,CG-Static,10,5,349,fb74d94e3c762dbb,200,1
juice,search,CG-Static,10,5,350,91ada50fc6236570,200,1
juice,search,CG-Static,10,5,351,f4ea9084763ca38e,200,1
juice,search,CG-Static,10,5,352,401c0e3cd99e9a77,200,1
juice,search,CG-Static,10,5,353,4f65579aecfb0f38,200,1
juice,search,CG-Static,10,5,354,294a5e45fd277aab,200,1
juice,search,CG-Static,10,5,355,9aa8438a3ac67f13,200,1
juice,search,CG-Static,10,5,356,62ecaea55c06d802,200,1
juice,search,CG-Static,10,5,357,cffe4915dfd1a0b1,200,1
juice,search,CG-Static,10,5,358,3a2bbb875ee8d1f6,200,1
juice,search,CG-Static,10,5,359,4d1f7ca84ff2c023,200,1
juice,search,CG-Static,10,5,360,a2df463891e9ee4f,200,1
juice,search,CG-Static,10,5,361,9ea83f1db0521b0b,200,1
juice,search,CG-Static,10,5,362,a2f769a71a1506b1,200,1
juice,search,CG-Static,10,5,363,195aa7094594112c,200,1
juice,search,CG-Static,10,5,364,b81e90032d65780f,200,1
juice,search,CG-Static,10,5,365,f3e80f867fd79c3c,200,1
juice,search,CG-Static,10,5,366,d1ae860081a515e2,200,1
juice,search,CG-Static,10,5,367,8e4ddd1b2458f116,200,1
juice,search,CG-Static,10,5,368,357a4cb854a11d91,200,1
juice,search,CG-Static,10,5,369,0819b9077f852e27,200,1
juice,search,CG-Static,10,5,370,1e52e7ca69368c86,200,1
juice,search,CG-Static,10,5,371,9251992100693b9a,200,1
juice,search,CG-Static,10,5,372,94e1cca91af9c7c4,200,1
juice,search,CG-Static,10,5,373,156912a853b6a8ef,200,1
juice,search,CG-Static,10,5,374,9aa7f36af6207659,200,1
juice,search,CG-Static,10,5,375,60007621caad5288,200,1
juice,search,CG-Static,10,5,376,082b26a454a82a8a,200,1
juice,search,CG-Static,10,5,377,ea28070b32bd2a7c,200,1
juice,search,CG-Static,10,5,378,c27d015ff1380ff9,200,1
juice,search,CG-Static,10,5,379,791db6667b0a9bde,200,1
juice,search,CG-Static,10,5,380,19a28adc3cdcbabd,200,1
juice,search,CG-Static,10,5,381,7019fb46fbd16b2d,200,1
juice,search,CG-Static,10,5,382,5fe50bafc8eb9a46,200,1
juice,search,CG-Static,10,5,383,ee91dfcb48c97a5a,200,1
juice,search,CG-Static,10,5,384,d2c49a78169e3ee2,200,1
juice,search,CG-Static,10,5,385,2311c68b3102f55f,200,1
juice,search,CG-Static,10,5,386,e1f2960f83ba4094,200,1
juice,search,CG-Static,10,5,387,cc94c871fee58928,200,1
juice,search,CG-Static,10,5,388,55a04fbfef9c9b69,200,1
juice,search,CG-Static,10,5,389,8c3c6b895e18f9ac,200,1
juice,search,CG-Static,10,5,390,25b08e0d6a2d5ef9,200,1
juice,search,CG-Static,10,5,391,205992b365327f1d,200,1
juice,search,CG-Static,10,5,392,0ab8b837d9748f15,200,1
juice,search,CG-Static,10,5,393,37f3477a6f4929d5,200,1
juice,search,CG-Static,10,5,394,1055d94c413d9e3d,200,1
juice,search,CG-Static,10,5,395,e72148d764c8a33b,200,1
juice,search,CG-Static,10,5,396,c53d39562065ba18,200,1
juice,search,CG-Static,10,5,397,eda2f8bf4bf7483f,200,1
juice,search,CG-Static,10,5,398,8cb1403c91d5698d,200,1
juice,search,CG-Static,10,5,399,d256633a18d7583c,200,1
juice,search,CG-Static,10,5,400,db1253cef7d09ae4,200,1
juice,search,CG-Static,10,5,401,c67bacf86243e842,200,1
juice,search,CG-Static,10,5,402,44f633c52de7e528,200,1
juice,search,CG-Static,10,5,403,fab23a9134bbad55,200,1
juice,search,CG-Static,10,5,404,cd4843fa1494041e,200,1
juice,search,CG-Static,10,5,405,5007c0ddda8b7290,200,1
juice,search,CG-Static,10,5,406,69abe6504b322319,200,1
juice,search,CG-Static,10,5,407,07976a8ebe25a9d0,200,1
juice,search,CG-Static,10,5,408,63e4f921d875a714,200,1
juice,search,CG-Static,10,5,409,5067280bb0944d8c,200,1
juice,search,CG-Static,10,5,410,75e14a742b0db21c,200,1
juice,search,CG-Static,10,5,411,7f428a6bb87c6ad0,200,1
juice,search,CG-Static,10,5,412,76c42060cfe4a805,200,1
juice,search,CG-Static,10,5,413,91720261819e8ca4,200,1
juice,search,CG-Static,10,5,414,1143184007f6dddd,200,1
juice,search,CG-Static,10,5,415,c0dafdc1bf436ce2,200,1
juice,search,CG-Static,10,5,416,eb03da4097a145ae,200,1
juice,search,CG-Static,10,5,417,c73fc799a9a88e9e,200,1
juice,search,CG-Static,10,5,418,57ce48c067f35e5e,200,1
juice,search,CG-Static,10,5,419,68eb93ac16e7dcd5,200,1
juice,search,CG-Static,10,5,420,691c6c9db7c192ba,200,1
juice,search,CG-Static,10,5,421,b0aa19ae2f182d02,200,1
juice,search,CG-Static,10,5,422,95703cf8fe401ce9,200,1
juice,search,CG-Static,10,5,423,8b436a60ee82c71b,200,1
juice,search,CG-Static,10,5,424,04c16157e1ce3542,200,1
juice,search,CG-Static,10,5,425,478cc880562b8dad,200,1
juice,search,CG-Static,10,5,426,bfbe061a836546d5,200,1
juice,search,CG-Static,10,5,427,9474273ec8ed60b3,200,1
juice,search,CG-Static,10,5,428,6482e2625060e9d4,200,1
juice,search,CG-Static,10,5,429,5e9ff766fbe1dcaa,200,1
juice,search,CG-Static,10,5,430,d56644a9e81c8cd6,200,1
juice,search,CG-Static,10,5,431,3dbfb15ac5d95e10,200,1
juice,search,CG-Static,10,5,432,35774eb1149e3619,200,1
juice,search,CG-Static,10,5,433,93657d70fc48e58a,200,1
juice,search,CG-Static,10,5,434,7f0674285c2fb96c,200,1
juice,search,CG-Static,10,5,435,d654751f0bbe0bd3,200,1
juice,search,CG-Static,10,5,436,b8120c2ce81f967e,200,1
juice,search,CG-Static,10,5,437,f05754958ff32f36,200,1
juice,search,CG-Static,10,5,438,abc5baf12243f600,200,1
juice,search,CG-Static,10,5,439,c200818dfc2b77c2,200,1
juice,search,CG-Static,10,5,440,17253c77b4399993,200,1
juice,search,CG-Static,10,5,441,055b78c56e6930ff,200,1
juice,search,CG-Static,10,5,442,3744c58c40a73bc0,200,1
juice,search,CG-Static,10,5,443,5849455888336a6b,200,1
juice,search,CG-Static,10,5,444,20ee5491a83447ef,200,1
juice,search,CG-Static,10,5,445,09672c1d216866c1,200,1
juice,search,CG-Static,10,5,446,6c73db9e36368534,200,1
juice,search,CG-Static,10,5,447,cf9652a50b3ce960,200,1
juice,search,CG-Static,10,5,448,08200f2014a52792,200,1
juice,search,CG-Static,10,5,449,03a9c52450c6f9ae,200,1
juice,search,CG-Static,10,5,450,f51696fcd476e480,200,1
juice,search,CG-Static,10,5,451,e5b878b7d5d319fa,200,1
juice,search,CG-Static,10,5,452,0ff3e220fa276c5c,200,1
juice,search,CG-Static,10,5,453,a610cc4b9cbbee61,200,1
juice,search,CG-Static,10,5,454,1832e26640c3022d,200,1
juice,search,CG-Static,10,5,455,77c5fcdd69dc0026,200,1
juice,search,CG-Static,10,5,456,db449d880e6bf1a5,200,1
juice,search,CG-Static,10,5,457,5508f6f8971e581b,200,1
juice,search,CG-Static,10,5,458,ec9b6ddfdf9d7166,200,1
juice,search,CG-Static,10,5,459,c686803385c28878,200,1
juice,search,CG-Static,10,5,460,f72b0e5012363fb1,200,1
juice,search,CG-Static,10,5,461,63e2af62338d93df,200,1
juice,search,CG-Static,10,5,462,03d7cf86609e5e88,200,1
juice,search,CG-Static,10,5,463,d078755f7032c23c,200,1
juice,search,CG-Static,10,5,464,fc56bd836ee38cb9,200,1
juice,search,CG-Static,10,5,465,e5b522a80808994f,200,1
juice,search,CG-Static,10,5,466,dc229b8ef65f34a6,200,1
juice,search,CG-Static,10,5,467,1610da5ae2baa0c7,200,1
juice,search,CG-Static,10,5,468,c2fcfad43b89364d,200,1
juice,search,CG-Static,10,5,469,d6826985d26ee1f0,200,1
juice,search,CG-Static,10,5,470,553482cfd8d8f640,200,1
juice,search,CG-Static,10,5,471,b78b85cb1143a388,200,1
juice,search,CG-Static,10,5,472,107780f48f168ad6,200,1
bwapp,login,CG-Adaptive,1,3,2,1f2dcef571bfc262,200,1
bwapp,login,CG-Adaptive,1,3,6,f3609e2a064d5f54,200,1
bwapp,login,CG-Adaptive,1,3,9,71f9ac7ff80c4896,200,1
bwapp,login,CG-Adaptive,1,3,14,58217d48aea804e0,200,1
bwapp,login,CG-Adaptive,1,3,15,3511f24547244135,200,1
bwapp,login,CG-Adaptive,1,3,20,c688049553fbf1eb,200,1
bwapp,login,CG-Adaptive,1,3,24,70736600558825ed,200,1
bwapp,login,CG-Adaptive,1,3,27,547e12f20d1bfaaa,200,1
bwapp,login,CG-Adaptive,1,3,28,c415160bbe95af2a,200,1
bwapp,login,CG-Adaptive,1,3,31,255206005715029c,200,1
bwapp,login,CG-Adaptive,1,3,36,485cc21ec3f3e6c0,200,1
bwapp,login,CG-Adaptive,1,3,39,a6acc9075201b106,200,1
bwapp,login,CG-Adaptive,1,3,40,6e30bf742e43093c,200,1
bwapp,login,CG-Adaptive,1,3,43,02fe9e9e0eed7cf4,200,1
bwapp,login,CG-Adaptive,1,3,46,4e283eacbb21b84d,200,1
bwapp,login,CG-Adaptive,1,3,47,ab4c8052635aa91d,200,1
bwapp,login,CG-Adaptive,1,3,49,bbe8f4f76e2275f9,200,1
bwapp,login,CG-Adaptive,1,3,51,e7244289c8cff5ce,200,1
bwapp,login,CG-Adaptive,1,3,52,27f2f25bf3fe7bbe,200,1
bwapp,login,CG-Adaptive,1,3,53,6386ecb4e6f1a42d,200,1
bwapp,login,CG-Adaptive,1,3,55,63a381b0d272ab48,200,1
bwapp,login,CG-Adaptive,1,3,58,f70b0b39a02e3eb9,200,1
bwapp,login,CG-Adaptive,1,3,60,53204b6b42e729b1,200,1
bwapp,login,CG-Adaptive,1,3,63,e6e2e402fe6e3e26,200,1
bwapp,login,CG-Adaptive,1,3,65,43d5e2ac0c435a1c,200,1
bwapp,login,CG-Adaptive,1,3,69,cefa4fad3078dad7,200,1
bwapp,login,CG-Adaptive,1,3,70,66438ceebe06766a,200,1
bwapp,login,CG-Adaptive,1,3,72,29b967a0c37ed14d,200,1
bwapp,login,CG-Adaptive,1,3,75,095611010f66aa3a,200,1
bwapp,login,CG-Adaptive,1,3,77,278a594b1c801c42,200,1
bwapp,login,CG-Adaptive,1,3,80,383de5b065ea6810,200,1
bwapp,login,CG-Adaptive,1,3,81,ecc55fd3db839cb3,200,1
bwapp,login,CG-Adaptive,1,3,85,8289df014b164693,200,1
bwapp,login,CG-Adaptive,1,3,86,c615464679708127,200,1
bwapp,login,CG-Adaptive,1,3,89,1ebb5b16a145cbbf,200,1
bwapp,login,CG-Adaptive,1,3,93,f7926af3f89afd22,200,1
bwapp,login,CG-Adaptive,1,3,96,7c20c3465c9d8e84,200,1
bwapp,login,CG-Adaptive,1,3,97,0b82615b4b729b0b,200,1
bwapp,login,CG-Adaptive,1,3,99,1c3ceedd97662329,200,1
bwapp,login,CG-Adaptive,1,3,101,568c223971214b78,200,1
bwapp,login,CG-Adaptive,1,3,103,b46b29e8bf02818f,200,1
bwapp,login,CG-Adaptive,1,3,107,d41f73dc8569add7,200,1
bwapp,login,CG-Adaptive,1,3,110,1ad534e083277be0,200,1
bwapp,login,CG-Adaptive,1,3,112,2fad1f76679e2b66,200,1
bwapp,login,CG-Adaptive,1,3,114,d3003f88a61c22f9,200,1
bwapp,login,CG-Adaptive,1,3,117,d38f2dc0f0151d50,200,1
bwapp,login,CG-Adaptive,1,3,121,9b7803443415d70c,200,1
bwapp,login,CG-Adaptive,1,3,123,7374ae9dede1d970,200,1
bwapp,login,CG-Adaptive,1,3,126,3fa97e5b8e0c4d40,200,1
bwapp,login,CG-Adaptive,1,3,128,fc21d2b4b5a15bc0,200,1
bwapp,login,CG-Adaptive,1,3,129,3def49e1d85223d6,200,1
bwapp,login,CG-Adaptive,1,3,130,76a69a0d5cafaac9,200,1
bwapp,login,CG-Adaptive,1,3,132,7905f6358ab2e8b0,200,1
bwapp,login,CG-Adaptive,1,3,133,6829395f34acc880,200,1
bwapp,login,CG-Adaptive,1,3,135,e8d6f782fb631628,200,1
bwapp,login,CG-Adaptive,1,3,138,88a9d61bca68001c,200,1
bwapp,login,CG-Adaptive,1,3,139,168c33de00985440,200,1
bwapp,login,CG-Adaptive,1,3,141,0a84566995c9a7b1,200,1
bwapp,login,CG-Adaptive,1,3,142,36d95dec92cc94e7,200,1
bwapp,login,CG-Adaptive,1,3,143,f5a14a1de70e545c,200,1
bwapp,login,CG-Adaptive,1,3,144,0d5fb30893459ee3,200,1
bwapp,login,CG-Adaptive,1,3,147,6b1af0a7209a1902,200,1
bwapp,login,CG-Adaptive,1,3,149,b7b2f7c329d07966,200,1
bwapp,login,CG-Adaptive,1,3,151,3cc7d6f18c91f298,200,1
bwapp,login,CG-Adaptive,1,3,152,75d6da2c1a344a79,200,1
bwapp,login,CG-Adaptive,1,3,153,d8c680078713e1e7,200,1
bwapp,login,CG-Adaptive,1,3,154,f457efecac14f900,200,1
bwapp,login,CG-Adaptive,1,3,155,e2f6ad1e81bb04b8,200,1
bwapp,login,CG-Adaptive,1,3,157,e7875ca298959f12,200,1
bwapp,login,CG-Adaptive,1,3,159,791fd5976e70e2fe,200,1
bwapp,login,CG-Adaptive,1,3,160,c9f636362be52df6,200,1
bwapp,login,CG-Adaptive,1,3,161,1c39b41f6757687a,200,1
bwapp,login,CG-Adaptive,1,3,162,d3facf7cb7013428,200,1
bwapp,login,CG-Adaptive,1,3,164,d703ae8e8508c8a7,200,1
bwapp,login,CG-Adaptive,1,3,166,51d0c6a511bbb616,200,1
bwapp,login,CG-Adaptive,1,3,167,72e5a1336e3a4b92,200,1
bwapp,login,CG-Adaptive,1,3,168,30e5849d0ffcdea3,200,1
bwapp,login,CG-Adaptive,1,3,169,2728053ff1f0d102,200,1
bwapp,login,CG-Adaptive,1,3,170,da312731bc6c64d0,200,1
bwapp,login,CG-Adaptive,1,3,171,ca4ac1847871690a,200,1
bwapp,login,CG-Adaptive,1,3,172,e1afda8426c36741,200,1
bwapp,login,CG-Adaptive,1,3,174,57078aaeefb27d6c,200,1
bwapp,login,CG-Adaptive,1,3,175,b2800e45ae2b8a67,200,1
bwapp,login,CG-Adaptive,1,3,176,1651d99f343b7f77,200,1
bwapp,login,CG-Adaptive,1,3,177,0035af3d45d3cb5c,200,1
bwapp,login,CG-Adaptive,1,3,178,f46ed88b3eecbbaf,200,1
bwapp,login,CG-Adaptive,1,3,179,c266e67d20cdfe98,200,1
bwapp,login,CG-Adaptive,1,3,181,df3dd44883185676,200,1
bwapp,login,CG-Adaptive,1,3,182,0b1380040e3c1e5f,200,1
bwapp,login,CG-Adaptive,1,3,183,c1edcde122a148fd,200,1
bwapp,login,CG-Adaptive,1,3,184,2b183c21f1c1e644,200,1
bwapp,login,CG-Adaptive,1,3,186,186cff9b038088c0,200,1
bwapp,login,CG-Adaptive,1,3,188,3ad2db3492f7ecba,200,1
bwapp,login,CG-Adaptive,1,3,189,58107c4413b7da12,200,1
bwapp,login,CG-Adaptive,1,3,190,5e8304e174709b49,200,1
bwapp,login,CG-Adaptive,1,3,191,02c513afbdb25d3d,200,1
bwapp,login,CG-Adaptive,1,3,192,3bbcb4c3dc8d0299,200,1
bwapp,login,CG-Adaptive,1,3,193,3c982c83a33b7036,200,1
bwapp,login,CG-Adaptive,1,3,195,f6427f65c6c88321,200,1
bwapp,login,CG-Adaptive,1,3,197,dcde6fb77bfa1146,200,1
bwapp,login,CG-Adaptive,1,3,198,baeb3e45dd8f4f70,200,1
bwapp,login,CG-Adaptive,1,3,200,a95cab7e7dba21e0,200,1
bwapp,login,CG-Adaptive,1,3,201,35421dec556b4d85,200,1
bwapp,login,CG-Adaptive,1,3,202,1fb2032ff300087c,200,1
bwapp,login,CG-Adaptive,1,3,203,0af6125673b0399c,200,1
bwapp,login,CG-Adaptive,1,3,204,3fb96f7b0780742a,200,1
bwapp,login,CG-Adaptive,1,3,205,cfc7cc9f96b69906,200,1
bwapp,login,CG-Adaptive,1,3,206,5eec459a59eb591d,200,1
bwapp,login,CG-Adaptive,1,3,208,2dd8695235237b84,200,1
bwapp,login,CG-Adaptive,1,3,209,8de4992211cc6087,200,1
bwapp,login,CG-Adaptive,1,3,210,b2a2ee68a01aefe9,200,1
bwapp,login,CG-Adaptive,1,3,211,9e7997aadac73949,200,1
bwapp,login,CG-Adaptive,1,3,212,3c7f0a4b9a44759e,200,1
bwapp,login,CG-Adaptive,1,3,213,09f8f1afc747328b,200,1
bwapp,login,CG-Adaptive,1,3,214,73fa6ca6691248bc,200,1
bwapp,login,CG-Adaptive,1,3,215,2ee1b285c678448f,200,1
bwapp,login,CG-Adaptive,1,3,216,68302b18168b0cc0,200,1
bwapp,login,CG-Adaptive,1,3,217,ee2bd12135dc5c66,200,1
bwapp,login,CG-Adaptive,1,3,218,6a90f4951b51a0e6,200,1
bwapp,login,CG-Adaptive,1,3,219,ea9405ec84a8f2e9,200,1
bwapp,login,CG-Adaptive,1,3,220,1201812d2b8da404,200,1
bwapp,login,CG-Adaptive,1,3,221,4b4d58a052a2202f,200,1
bwapp,login,CG-Adaptive,1,3,223,951255d2a6488bff,200,1
bwapp,login,CG-Adaptive,1,3,224,0cfa3cf5dcdb9fbd,200,1
bwapp,login,CG-Adaptive,1,3,225,1c04995a49a4f7bd,200,1
bwapp,login,CG-Adaptive,1,3,226,0b4845c32ba0fba6,200,1
bwapp,login,CG-Adaptive,1,3,227,56a6a6b1c5acc223,200,1
bwapp,login,CG-Adaptive,1,3,229,8e12718122ea0bbd,200,1
bwapp,login,CG-Adaptive,1,3,230,f1ae4443639d6525,200,1
bwapp,login,CG-Adaptive,1,3,231,2b0cd50354338987,200,1
bwapp,login,CG-Adaptive,1,3,232,7070a28c1c2461c1,200,1
bwapp,login,CG-Adaptive,1,3,233,a443a735397c79cb,200,1
bwapp,login,CG-Adaptive,1,3,234,e237a5339114e7e0,200,1
bwapp,login,CG-Adaptive,1,3,235,9b41314af55baad8,200,1
bwapp,login,CG-Adaptive,1,3,236,7f4b03574a898141,200,1
bwapp,login,CG-Adaptive,1,3,238,d4004fc0f42c025a,200,1
bwapp,login,CG-Adaptive,1,3,239,6b6e2764040265fe,200,1
bwapp,login,CG-Adaptive,1,3,240,11be9684b636d30c,200,1
bwapp,login,CG-Adaptive,1,3,241,a6c3e091481a1ef0,200,1
bwapp,login,CG-Adaptive,1,3,243,e95860c180eeea82,200,1
bwapp,login,CG-Adaptive,1,3,244,5a53f1c66f4b2877,200,1
bwapp,login,CG-Adaptive,1,3,245,c479da83b24cecb0,200,1
bwapp,login,CG-Adaptive,1,3,246,e98d9ec58825801d,200,1
bwapp,login,CG-Adaptive,1,3,247,a9cbcb45146eca47,200,1
bwapp,login,CG-Adaptive,1,3,248,6ecf0e2972262de7,200,1
bwapp,login,CG-Adaptive,1,3,249,ac97862c23cf49df,200,1
bwapp,login,CG-Adaptive,1,3,250,c59cd5d2f0bbd17e,200,1
bwapp,login,CG-Adaptive,1,3,251,a808ad0e5bf5b8ab,200,1
bwapp,login,CG-Adaptive,1,3,253,5e66672c70270283,200,1
bwapp,login,CG-Adaptive,1,3,254,f8fffea37155371b,200,1
bwapp,login,CG-Adaptive,1,3,255,d913c195b4f508cc,200,1
bwapp,login,CG-Adaptive,1,3,257,f0c58ee9b0c93dee,200,1
bwapp,login,CG-Adaptive,1,3,258,8a22a361450156eb,200,1
bwapp,login,CG-Adaptive,1,3,259,6859c6522168e432,200,1
bwapp,login,CG-Adaptive,1,3,260,be1b5c7f1ca92cf7,200,1
bwapp,login,CG-Adaptive,1,3,261,95336f56f77b1806,200,1
bwapp,login,CG-Adaptive,1,3,262,dd73d6b32098d88f,200,1
bwapp,login,CG-Adaptive,1,3,263,63893f40aa0ff3e2,200,1
bwapp,login,CG-Adaptive,1,3,264,67aab8721adb5c82,200,1
bwapp,login,CG-Adaptive,1,3,265,9d41b507246ec3df,200,1
bwapp,login,CG-Adaptive,1,3,266,036e0c3b2f483b59,200,1
bwapp,login,CG-Adaptive,1,3,267,1c01efdabbba9cb9,200,1
bwapp,login,CG-Adaptive,1,3,268,dcb1e3a8041a17ec,200,1
bwapp,login,CG-Adaptive,1,3,269,26bcc52504b08c61,200,1
bwapp,login,CG-Adaptive,1,3,270,4a94a83b41aad195,200,1
bwapp,login,CG-Adaptive,1,3,271,629acf90d0d874e6,200,1
bwapp,login,CG-Adaptive,1,3,272,843ded6d4f6c5803,200,1
bwapp,login,CG-Adaptive,1,3,273,1ff0a476d6c99f20,200,1
bwapp,login,CG-Adaptive,1,3,274,02b60d4f69b4d638,200,1
bwapp,login,CG-Adaptive,1,3,275,8cd1904cd85e615f,200,1
bwapp,login,CG-Adaptive,1,3,276,ea73207d72ec46d7,200,1
bwapp,login,CG-Adaptive,1,3,277,8a87be8e8cd90826,200,1
bwapp,login,CG-Adaptive,1,3,278,2b6880a097bfeb19,200,1
bwapp,login,CG-Adaptive,1,3,279,ca34f32f8a04596f,200,1
bwapp,login,CG-Adaptive,1,3,280,f9cbd47f09550a46,200,1
bwapp,login,CG-Adaptive,1,3,281,642fa3fbf032abed,200,1
bwapp,login,CG-Adaptive,1,3,282,0fefb3cbc14cff1b,200,1
bwapp,login,CG-Adaptive,1,3,283,0fc8532d09255585,200,1
bwapp,login,CG-Adaptive,1,3,284,40188dbc1cc084e0,200,1
bwapp,login,CG-Adaptive,1,3,285,48146912f8200906,200,1
bwapp,login,CG-Adaptive,1,3,286,aba0c2d888f337ac,200,1
bwapp,login,CG-Adaptive,1,3,287,53543f3ab16f0b4c,200,1
bwapp,login,CG-Adaptive,1,3,288,cf37a732195a4415,200,1
bwapp,login,CG-Adaptive,1,3,289,80afd13bd09080b4,200,1
bwapp,login,CG-Adaptive,1,3,290,4b4f9f507e108a56,200,1
bwapp,login,CG-Adaptive,1,3,291,723b9056c09e2b3a,200,1
bwapp,login,CG-Adaptive,1,3,292,95d53a5891d8d5bf,200,1
bwapp,login,CG-Adaptive,1,3,293,d5dc2290feb792e7,200,1
bwapp,login,CG-Adaptive,1,3,294,dbbdbaef6ed6da14,200,1
bwapp,login,CG-Adaptive,1,3,295,0f23304b545afe0a,200,1
bwapp,login,CG-Adaptive,1,3,296,5befa4b2d538efbf,200,1
bwapp,login,CG-Adaptive,1,3,297,c29e0edea10656c3,200,1
bwapp,login,CG-Adaptive,1,3,298,a54317bf12f255e3,200,1
bwapp,login,CG-Adaptive,1,3,299,c75a4807aaa057a1,200,1
bwapp,login,CG-Adaptive,1,3,300,d5b0eda0354b1551,200,1
bwapp,login,CG-Adaptive,1,3,301,bb9b6c1dc03fec6c,200,1
bwapp,login,CG-Adaptive,1,3,302,a1e20884bbe8440a,200,1
bwapp,login,CG-Adaptive,1,3,303,be114cbbc162166f,200,1
bwapp,login,CG-Adaptive,1,3,304,4538a3739c5d4d8b,200,1
bwapp,login,CG-Adaptive,1,3,305,9b38945840581478,200,1
bwapp,login,CG-Adaptive,1,3,306,99b38f52c945af86,200,1
bwapp,login,CG-Adaptive,1,3,307,a541b828d535fb2f,200,1
bwapp,login,CG-Adaptive,1,3,308,2e0000b286041cc1,200,1
bwapp,login,CG-Adaptive,1,3,309,a5719c59b5bcb3d8,200,1
bwapp,login,CG-Adaptive,1,3,310,85f4a2e1ab4c1246,200,1
bwapp,login,CG-Adaptive,1,3,311,52832bfb5d7443c7,200,1
bwapp,login,CG-Adaptive,1,3,312,b1e68bf5e2d116cd,200,1
bwapp,login,CG-Adaptive,1,3,313,964134a86658b077,200,1
bwapp,login,CG-Adaptive,1,3,314,70abd4514c1ccfcd,200,1
bwapp,login,CG-Adaptive,1,3,315,5714c5839b92ceaa,200,1
bwapp,login,CG-Adaptive,1,3,316,0aefa7c5f2b79bce,200,1
bwapp,login,CG-Adaptive,1,3,317,23aafb7d2e062333,200,1
bwapp,login,CG-Adaptive,1,3,318,b57661a46cfe9b54,200,1
bwapp,login,CG-Adaptive,1,3,319,843e6cb17ed332e1,200,1
bwapp,login,CG-Adaptive,1,3,320,c7665b0adb49fe06,200,1
bwapp,login,CG-Adaptive,1,3,321,fd017d2ccd1620f5,200,1
bwapp,login,CG-Adaptive,1,3,322,2a2e4a5e4e354753,200,1
bwapp,login,CG-Adaptive,1,3,323,7d8e6497f7514e51,200,1
bwapp,login,CG-Adaptive,1,3,324,553120b3e564e60a,200,1
bwapp,login,CG-Adaptive,1,3,325,a395acb7300a88a8,200,1
bwapp,login,CG-Adaptive,1,3,326,9cf757b830d250cb,200,1
bwapp,login,CG-Adaptive,1,3,327,ac59fba25c2d8d53,200,1
bwapp,login,CG-Adaptive,1,3,328,292f166bc0c17e56,200,1
bwapp,login,CG-Adaptive,1,3,329,dabdd839fcf30bf3,200,1
bwapp,login,CG-Adaptive,1,3,330,14a795bc341d9f18,200,1
bwapp,login,CG-Adaptive,1,3,331,1af55dfa15ce4e9c,200,1
bwapp,login,CG-Adaptive,1,3,332,c27fa68fe543b877,200,1
bwapp,login,CG-Adaptive,1,3,333,973c036e725cd509,200,1
bwapp,login,CG-Adaptive,1,3,334,d78215fb757b304e,200,1
bwapp,login,CG-Adaptive,1,3,335,e1704aab5aafd969,200,1
bwapp,login,CG-Adaptive,1,3,336,052a8ecbf2446620,200,1
bwapp,login,CG-Adaptive,1,3,337,28597953c8fc08cc,200,1
bwapp,login,CG-Adaptive,1,3,338,371b2d92e7d46651,200,1
bwapp,login,CG-Adaptive,1,3,339,af5e209ab670f8a0,200,1
bwapp,login,CG-Adaptive,1,3,340,ff6ad94e7dd331c3,200,1
bwapp,login,CG-Adaptive,1,3,341,c4b164a143a63bb7,200,1
bwapp,login,CG-Adaptive,1,3,342,e844762021766469,200,1
bwapp,login,CG-Adaptive,1,3,343,2d0776999ec42df0,200,1
bwapp,login,CG-Adaptive,1,3,344,5e1a7736dd04a43e,200,1
bwapp,login,CG-Adaptive,1,3,345,553aba71b2e81bf0,200,1
bwapp,login,CG-Adaptive,1,3,346,867b3fe255c57ae6,200,1
bwapp,login,CG-Adaptive,1,3,347,5604550bde8f6da9,200,1
bwapp,login,CG-Adaptive,1,3,348,0fa7762f9e868705,200,1
bwapp,login,CG-Adaptive,1,3,349,10c5629f87eb7d47,200,1
bwapp,login,CG-Adaptive,1,3,350,e88087149739ee11,200,1
bwapp,login,CG-Adaptive,1,3,351,f48926846db9330a,200,1
bwapp,login,CG-Adaptive,1,3,352,e3c9f0494d083d98,200,1
bwapp,login,CG-Adaptive,1,3,353,da0ce2f406dcc4f5,200,1
bwapp,login,CG-Adaptive,1,3,354,f4c3ed4ec6dd5f19,200,1
bwapp,login,CG-Adaptive,1,3,355,bc413a1933d35c37,200,1
bwapp,login,CG-Adaptive,1,3,356,d36ad89f5004d475,200,1
bwapp,login,CG-Adaptive,1,3,357,38f713688e37f4da,200,1
bwapp,login,CG-Adaptive,1,3,358,244f8e0474002fdd,200,1
bwapp,login,CG-Adaptive,1,3,359,f91ba95f5acd5095,200,1
bwapp,login,CG-Adaptive,1,3,360,698fa34e976e440a,200,1
bwapp,login,CG-Adaptive,1,3,361,eb1d492d122f2e26,200,1
bwapp,login,CG-Adaptive,1,3,362,0ee31c454ef29d95,200,1
bwapp,login,CG-Adaptive,1,3,363,89e8ee21ca15c6ce,200,1
bwapp,login,CG-Adaptive,1,3,364,54e26b2996187a49,200,1
bwapp,login,CG-Adaptive,1,3,365,3ab38948a27dbc5b,200,1
bwapp,login,CG-Adaptive,1,3,366,8f26ad71106c2796,200,1
bwapp,login,CG-Adaptive,1,3,367,de4aa66d50db95b3,200,1
bwapp,login,CG-Adaptive,1,3,368,47f9f52f81a5eebc,200,1
bwapp,login,CG-Adaptive,1,3,369,bfac4aef61822d35,200,1
bwapp,login,CG-Adaptive,1,3,370,89271fc82cbb6a2c,200,1
bwapp,login,CG-Adaptive,1,3,371,0c1524b454c249fa,200,1
bwapp,login,CG-Adaptive,1,3,372,82577471e33dd870,200,1
bwapp,login,CG-Adaptive,1,3,373,551ded890083de59,200,1
bwapp,login,CG-Adaptive,1,3,374,8c823e135def5d01,200,1
bwapp,login,CG-Adaptive,1,3,375,ade1d676b1342237,200,1
bwapp,login,CG-Adaptive,1,3,376,1a2348ad882df917,200,1
bwapp,login,CG-Adaptive,1,3,377,67ca34ad043017e4,200,1
bwapp,login,CG-Adaptive,1,3,378,297d78cceb5f2bfd,200,1
bwapp,login,CG-Adaptive,1,3,379,8118c7ae2560bd65,200,1
bwapp,login,CG-Adaptive,1,3,380,83d2acdfa6dcb61b,200,1
bwapp,login,CG-Adaptive,1,3,381,4f49509b21db63f5,200,1
bwapp,login,CG-Adaptive,1,3,382,79cf89ef7efc8c14,200,1
bwapp,login,CG-Adaptive,1,3,383,629a47fe41de8425,200,1
bwapp,login,CG-Adaptive,1,3,384,aedc767aa2635bd8,200,1
bwapp,login,CG-Adaptive,1,3,385,f3e52e8c708096b0,200,1
bwapp,login,CG-Adaptive,1,3,386,0107a54b6c4c68b4,200,1
bwapp,login,CG-Adaptive,1,3,387,dd857e2d7174f847,200,1
bwapp,login,CG-Adaptive,1,3,388,370c662e3844c737,200,1
bwapp,login,CG-Adaptive,1,3,389,5232bfe6b0be1785,200,1
bwapp,login,CG-Adaptive,1,3,390,fff3ab38d56fcecd,200,1
bwapp,login,CG-Adaptive,1,3,391,9fdd68066658d641,200,1
bwapp,login,CG-Adaptive,1,3,392,f2320b666997e40b,200,1
bwapp,login,CG-Adaptive,1,3,393,30384642488fa616,200,1
bwapp,login,CG-Adaptive,1,1,3,255206005715029c,200,1
bwapp,login,CG-Adaptive,1,1,9,45549fd64df11d22,200,1
bwapp,login,CG-Adaptive,1,1,13,dd7ee40afca7eed7,200,1
bwapp,login,CG-Adaptive,1,1,22,2dbe74ea4e3e98a7,200,1
bwapp,login,CG-Adaptive,1,1,25,9a109e43afc24e90,200,1
bwapp,login,CG-Adaptive,1,1,27,c9c2e147fc79e6a2,200,1
bwapp,login,CG-Adaptive,1,1,44,2992bd39b77afe2a,200,1
bwapp,login,CG-Adaptive,1,1,61,987fbe62baeddca5,200,1
bwapp,login,CG-Adaptive,1,1,64,2342878c51a8473b,200,1
bwapp,login,CG-Adaptive,1,1,79,8a3dfe3688675b1d,200,1
bwapp,login,CG-Adaptive,1,1,89,d6d1a4297195d716,200,1
bwapp,login,CG-Adaptive,1,1,111,95582b453ea89178,200,1
bwapp,login,CG-Adaptive,1,1,118,cbfc9a27734986ba,200,1
bwapp,login,CG-Adaptive,1,1,138,f5609491482fcbb2,200,1
bwapp,login,CG-Adaptive,1,1,170,87b0e932cdc4ab44,200,1
bwapp,login,CG-Adaptive,1,1,177,4fdccb4cc93accd6,200,1
bwapp,login,CG-Adaptive,1,2,2,1f2dcef571bfc262,200,1
bwapp,login,CG-Adaptive,1,2,13,e59d4d75b39d68a7,200,1
bwapp,login,CG-Adaptive,1,2,19,792c6ccdb1dcc8c0,200,1
bwapp,login,CG-Adaptive,1,2,25,9669b5f7dede6953,200,1
bwapp,login,CG-Adaptive,1,2,31,2dbe74ea4e3e98a7,200,1
bwapp,login,CG-Adaptive,1,2,35,67f1d72252604c0f,200,1
bwapp,login,CG-Adaptive,1,2,42,55f436c696963218,200,1
bwapp,login,CG-Adaptive,1,2,49,095611010f66aa3a,200,1
bwapp,login,CG-Adaptive,1,2,56,ba0403fd4e4afb08,200,1
bwapp,login,CG-Adaptive,1,2,69,1bd00bbf05258f87,200,1
bwapp,login,CG-Adaptive,1,2,76,07a4bbbc1cd06e3e,200,1
bwapp,login,CG-Adaptive,1,2,91,1d97d81b4382a6d8,200,1
bwapp,login,CG-Adaptive,1,2,96,3abd81c77d46f151,200,1
bwapp,login,CG-Adaptive,1,2,103,13228273647b18cb,200,1
bwapp,login,CG-Adaptive,1,2,106,6b97e70b86575e31,200,1
bwapp,login,CG-Adaptive,1,2,120,439c1991264cbcf9,200,1
bwapp,login,CG-Adaptive,1,2,124,f798220ef73585f7,200,1
bwapp,login,CG-Adaptive,1,2,125,aec78e7d0dadee61,200,1
bwapp,login,CG-Adaptive,1,2,129,ac2940077b4d5eeb,200,1
bwapp,login,CG-Adaptive,1,2,135,39edeb941f2ba968,200,1
bwapp,login,CG-Adaptive,1,2,139,e778590400f35f57,200,1
bwapp,login,CG-Adaptive,1,2,152,8dd9dcee35a64592,200,1
bwapp,login,CG-Adaptive,1,2,155,56fcfde248fd9791,200,1
bwapp,login,CG-Adaptive,1,2,158,d673e37b9fd9c10a,200,1
bwapp,login,CG-Adaptive,1,2,160,670fd1eb31b1aac9,200,1
bwapp,login,CG-Adaptive,1,2,190,613740efba4223d7,200,1
bwapp,login,CG-Adaptive,1,2,195,d71e0ad8e93c7bba,200,1
bwapp,login,CG-Adaptive,1,2,197,599693203ecc2fd5,200,1
bwapp,login,CG-Adaptive,1,2,201,c91bed530bdbae38,200,1
bwapp,login,CG-Adaptive,1,2,204,b4f7c4a19178f52b,200,1
bwapp,login,CG-Adaptive,1,2,207,14088862c51f4367,200,1
bwapp,login,CG-Adaptive,1,2,217,6e81ffcba4903f2f,200,1
bwapp,login,CG-Adaptive,1,2,220,deffcc49120559df,200,1
bwapp,login,CG-Adaptive,1,2,224,9c26b84475752225,200,1
bwapp,login,CG-Adaptive,1,2,226,1eff0633d93765a2,200,1
bwapp,login,CG-Adaptive,1,2,229,e4edb2833734c317,200,1
bwapp,login,CG-Adaptive,1,2,232,6dcbde035d683838,200,1
bwapp,login,CG-Adaptive,1,2,236,67c2eb4bd5ea1a01,200,1
bwapp,login,CG-Adaptive,1,2,241,05465e1c1b858582,200,1
bwapp,login,CG-Adaptive,1,2,244,062c0f3bae58f3ca,200,1
bwapp,login,CG-Adaptive,1,2,249,582d0bb2f626e712,200,1
bwapp,login,CG-Adaptive,1,2,251,e99a0890c57a1322,200,1
bwapp,login,CG-Adaptive,1,2,254,8e7573f116a0bd3f,200,1
bwapp,login,CG-Adaptive,1,2,255,1b9285b441c82b94,200,1
bwapp,login,CG-Adaptive,1,2,257,ebc9577993c642ba,200,1
bwapp,login,CG-Adaptive,1,2,258,c68ee6a65490e612,200,1
bwapp,login,CG-Adaptive,1,2,260,ae003d4b1a9f891f,200,1
bwapp,login,CG-Adaptive,1,2,261,c978165e8199f79b,200,1
bwapp,login,CG-Adaptive,1,2,262,db5ba2ff499b2c10,200,1
bwapp,login,CG-Adaptive,1,2,263,e2b69b0b329b654f,200,1
bwapp,login,CG-Adaptive,1,2,265,22a4f68e6215d6db,200,1
bwapp,login,CG-Adaptive,1,2,267,d11736b3448d18b7,200,1
bwapp,login,CG-Adaptive,1,2,269,6970b5a5362bbd63,200,1
bwapp,login,CG-Adaptive,1,2,271,06899696ce865b12,200,1
bwapp,login,CG-Adaptive,1,2,273,6b4294c5df6b542a,200,1
bwapp,login,CG-Adaptive,1,2,274,37d371bf1c0843a2,200,1
bwapp,login,CG-Adaptive,1,2,276,8ba3303275d2582b,200,1
bwapp,login,CG-Adaptive,1,2,277,eafe0bdc376247a8,200,1
bwapp,login,CG-Adaptive,1,2,278,3b833a1235a21957,200,1
bwapp,login,CG-Adaptive,1,2,280,5d32c6d15b3313e7,200,1
bwapp,login,CG-Adaptive,1,2,281,70f1de27c5729b12,200,1
bwapp,login,CG-Adaptive,1,2,283,06794271c6df2259,200,1
bwapp,login,CG-Adaptive,1,2,284,43ba608160c80804,200,1
bwapp,login,CG-Adaptive,1,2,285,46e0c03de5e98da5,200,1
bwapp,login,CG-Adaptive,1,2,286,049982686e908da8,200,1
bwapp,login,CG-Adaptive,1,2,288,3df1ac2b75110718,200,1
bwapp,login,CG-Adaptive,1,2,293,1547461e39d3d6dc,200,1
bwapp,login,CG-Adaptive,1,2,295,3cca637365236605,200,1
bwapp,login,CG-Adaptive,1,2,297,80976aede71ef2d6,200,1
bwapp,login,CG-Adaptive,1,2,301,9d8895f796383f5a,200,1
bwapp,login,CG-Adaptive,1,2,303,2e5685cf7c94d40b,200,1
bwapp,login,CG-Adaptive,1,2,304,93ef852920fa484e,200,1
bwapp,login,CG-Adaptive,1,2,306,8acb8bc36bd939cd,200,1
bwapp,login,CG-Adaptive,1,2,307,271b9ba74cde57bf,200,1
bwapp,login,CG-Adaptive,1,2,309,fa89639440835784,200,1
bwapp,login,CG-Adaptive,1,2,310,c7affa2e26cf0e4a,200,1
bwapp,login,CG-Adaptive,1,2,311,9cd44486674cee1b,200,1
bwapp,login,CG-Adaptive,1,2,313,8925e405f974b560,200,1
bwapp,login,CG-Adaptive,1,2,315,c52316ac7957f007,200,1
bwapp,login,CG-Adaptive,1,2,316,a2620364b8e17d8a,200,1
bwapp,login,CG-Adaptive,1,2,317,f108906ecba3cb39,200,1
bwapp,login,CG-Adaptive,1,2,318,2d45cb4e682af761,200,1
bwapp,login,CG-Adaptive,1,2,320,bd1f5384c62a3e8d,200,1
bwapp,login,CG-Adaptive,1,2,321,3c8add82eb4404bc,200,1
bwapp,login,CG-Adaptive,1,2,323,35a456ddbb81f8f5,200,1
bwapp,login,CG-Adaptive,1,2,324,e3396b535780bd60,200,1
bwapp,login,CG-Adaptive,1,2,327,b97642dc7246a503,200,1
bwapp,login,CG-Adaptive,1,2,329,673cc8eddf2a0790,200,1
bwapp,login,CG-Adaptive,1,2,333,8dc0e70058bb0b96,200,1
bwapp,login,CG-Adaptive,1,2,334,b8153ec81f7febad,200,1
bwapp,login,CG-Adaptive,1,2,335,c11a8e77acb9e72d,200,1
bwapp,login,CG-Adaptive,1,2,338,36484afff911928f,200,1
bwapp,login,CG-Adaptive,1,2,339,915c2be37996924b,200,1
bwapp,login,CG-Adaptive,1,2,340,2dc7eb65ea5094fc,200,1
bwapp,login,CG-Adaptive,1,2,342,ea44db2c91c45063,200,1
bwapp,login,CG-Adaptive,1,2,344,30dca0c311fbd941,200,1
bwapp,login,CG-Adaptive,1,2,345,f1287353f3a3e5b2,200,1
bwapp,login,CG-Adaptive,1,2,346,042855d00d3cd320,200,1
bwapp,login,CG-Adaptive,1,2,348,43965ac6bddb0e97,200,1
bwapp,login,CG-Adaptive,1,2,349,20a23aca442c84e3,200,1
bwapp,login,CG-Adaptive,1,2,350,bc01af2fc316c89f,200,1
bwapp,login,CG-Adaptive,1,2,351,7057dbe627be2a71,200,1
bwapp,login,CG-Adaptive,1,2,353,feb94dff82b3cb67,200,1
bwapp,login,CG-Adaptive,1,2,354,7cdb76b80f09120a,200,1
bwapp,login,CG-Adaptive,1,2,356,2ca33e6c7041d7ab,200,1
bwapp,login,CG-Adaptive,1,2,358,ce0cfa958d5002c6,200,1
bwapp,login,CG-Adaptive,1,2,359,a87ee61f42d32793,200,1
bwapp,login,CG-Adaptive,1,2,361,e09c11f5ba7814b8,200,1
bwapp,login,CG-Adaptive,1,2,362,994ab33b0e527ed6,200,1
bwapp,login,CG-Adaptive,1,2,363,8e0511249b5d27f3,200,1
bwapp,login,CG-Adaptive,1,2,364,82cdbe0944ad6ecf,200,1
bwapp,login,CG-Adaptive,1,2,366,bc36baa9fcb1a182,200,1
bwapp,login,CG-Adaptive,1,2,367,8e7ed542e091ae36,200,1
bwapp,login,CG-Adaptive,1,2,368,7347c59ac42e652e,200,1
bwapp,login,CG-Adaptive,1,2,369,a532cf5ea1e79bf3,200,1
bwapp,login,CG-Adaptive,1,2,370,b562121c5983b99a,200,1
bwapp,login,CG-Adaptive,1,2,371,12b203765e13cf28,200,1
bwapp,login,CG-Adaptive,1,2,373,e1a9490e85b90468,200,1
bwapp,login,CG-Adaptive,1,2,375,73a8658fe139fee5,200,1
bwapp,login,CG-Adaptive,1,2,376,e6aebeb57be60f79,200,1
bwapp,login,CG-Adaptive,1,2,377,44ac446b453d44eb,200,1
bwapp,login,CG-Adaptive,1,2,379,b9b1cf1ac75fede2,200,1
bwapp,login,CG-Adaptive,1,4,15,6014ea54718eda80,200,1
bwapp,login,CG-Adaptive,1,4,16,25c5c07f8215fa8a,200,1
bwapp,login,CG-Adaptive,1,4,22,255206005715029c,200,1
bwapp,login,CG-Adaptive,1,4,31,d0d539d52f03e096,200,1
bwapp,login,CG-Adaptive,1,4,36,08e0f225d4dde6a9,200,1
bwapp,login,CG-Adaptive,1,4,41,5db89db2664d9830,200,1
bwapp,login,CG-Adaptive,1,4,43,116215ae9926d5b8,200,1
bwapp,login,CG-Adaptive,1,4,47,8714d20812618b72,200,1
bwapp,login,CG-Adaptive,1,4,55,3a535ec3fc9a3921,200,1
bwapp,login,CG-Adaptive,1,4,70,25e33d5746c5bfd7,200,1
bwapp,login,CG-Adaptive,1,4,81,92b3ec17c995ea42,200,1
bwapp,login,CG-Adaptive,1,4,87,670fd1eb31b1aac9,200,1
bwapp,login,CG-Adaptive,1,4,96,57784b4ffa634e01,200,1
bwapp,login,CG-Adaptive,1,4,104,8043fe0df6176621,200,1
bwapp,login,CG-Adaptive,1,4,111,ca98c50df447399c,200,1
bwapp,login,CG-Adaptive,1,4,123,6386ecb4e6f1a42d,200,1
bwapp,login,CG-Adaptive,1,4,130,eeb0eeec58cf1492,200,1
bwapp,login,CG-Adaptive,1,4,131,90a8037508f1f2c2,200,1
bwapp,login,CG-Adaptive,1,4,134,2366741bc9676a0c,200,1
bwapp,login,CG-Adaptive,1,4,139,26cd9cd17fa60c06,200,1
bwapp,login,CG-Adaptive,1,4,141,531dc2790d71b4a7,200,1
bwapp,login,CG-Adaptive,1,4,147,9dccb557bc53fb66,200,1
bwapp,login,CG-Adaptive,1,4,154,77e2f998f2dec5da,200,1
bwapp,login,CG-Adaptive,1,4,167,4b0d062ba309f2b9,200,1
bwapp,login,CG-Adaptive,1,4,169,fc6dac4b2cce6e4c,200,1
bwapp,login,CG-Adaptive,1,4,172,20f0834d51035aa4,200,1
bwapp,login,CG-Adaptive,1,4,175,16bd1601b7e3d9c0,200,1
bwapp,login,CG-Adaptive,1,4,178,d04f07b7489187f6,200,1
bwapp,login,CG-Adaptive,1,4,179,382b6b0165dd1198,200,1
bwapp,login,CG-Adaptive,1,4,180,99cc16f328006a48,200,1
bwapp,login,CG-Adaptive,1,4,181,af57076502e57375,200,1
bwapp,login,CG-Adaptive,1,4,183,972cd4b9013d28e2,200,1
bwapp,login,CG-Adaptive,1,4,189,698ec9d95b0caccf,200,1
bwapp,login,CG-Adaptive,1,4,195,251f2c15aa8e0118,200,1
bwapp,login,CG-Adaptive,1,4,202,0d90c48cf2305c9d,200,1
bwapp,login,CG-Adaptive,1,4,205,7c315497a64db4bb,200,1
bwapp,login,CG-Adaptive,1,4,207,ca467d36099627e2,200,1
bwapp,login,CG-Adaptive,1,4,209,2d56accd032ecfea,200,1
bwapp,login,CG-Adaptive,1,4,214,ffaa69b3e3b0e3ca,200,1
bwapp,login,CG-Adaptive,1,4,217,c3450a2b6bef7772,200,1
bwapp,login,CG-Adaptive,1,4,219,11a0a36f607ff1fb,200,1
bwapp,login,CG-Adaptive,1,4,222,5765403d75d4079f,200,1
bwapp,login,CG-Adaptive,1,4,223,f9f351eef7479cc0,200,1
bwapp,login,CG-Adaptive,1,4,225,881587de2eb58618,200,1
bwapp,login,CG-Adaptive,1,4,226,41bcaeac4b37a2cb,200,1
bwapp,login,CG-Adaptive,1,4,228,6eb5785034096639,200,1
bwapp,login,CG-Adaptive,1,4,231,34018d5177c01e4c,200,1
bwapp,login,CG-Adaptive,1,4,234,0e0368b115493907,200,1
bwapp,login,CG-Adaptive,1,4,237,3fd16b9ebb2bdfe1,200,1
bwapp,login,CG-Adaptive,1,4,241,6043affbdf6bfd51,200,1
bwapp,login,CG-Adaptive,1,4,243,b2300969c2b36f52,200,1
bwapp,login,CG-Adaptive,1,4,246,ee8d4dd0dda9238d,200,1
bwapp,login,CG-Adaptive,1,4,247,ecddacd5288e863d,200,1
bwapp,login,CG-Adaptive,1,4,252,82b1637201b7ebd3,200,1
bwapp,login,CG-Adaptive,1,4,253,000f4d8a182ffb63,200,1
bwapp,login,CG-Adaptive,1,4,254,bf555d0c1d7ccc55,200,1
bwapp,login,CG-Adaptive,1,4,256,d701ec36c951bac9,200,1
bwapp,login,CG-Adaptive,1,4,259,8968bfb0aec2f120,200,1
bwapp,login,CG-Adaptive,1,4,260,2597d5b484b57b0e,200,1
bwapp,login,CG-Adaptive,1,4,263,7b02c6f2b8b1ce6e,200,1
bwapp,login,CG-Adaptive,1,4,264,640686314beca4bd,200,1
bwapp,login,CG-Adaptive,1,4,265,b80904baac1f1402,200,1
bwapp,login,CG-Adaptive,1,4,266,bc80f5cea24ea99a,200,1
bwapp,login,CG-Adaptive,1,4,267,49c16a2bedbf711d,200,1
bwapp,login,CG-Adaptive,1,4,268,254abb9b9d86996b,200,1
bwapp,login,CG-Adaptive,1,4,269,5c482208392a02fc,200,1
bwapp,login,CG-Adaptive,1,4,271,625fccaa22b4c113,200,1
bwapp,login,CG-Adaptive,1,4,275,100ac9f7f82e7111,200,1
bwapp,login,CG-Adaptive,1,4,276,a4c66e3db03e9944,200,1
bwapp,login,CG-Adaptive,1,4,277,f1762d19b9768957,200,1
bwapp,login,CG-Adaptive,1,4,280,9a86551a6ce5a0eb,200,1
bwapp,login,CG-Adaptive,1,4,281,64d7328a2156e5cc,200,1
bwapp,login,CG-Adaptive,1,4,282,e027e6ab8eeb10f8,200,1
bwapp,login,CG-Adaptive,1,4,283,469ce417185650e9,200,1
bwapp,login,CG-Adaptive,1,4,284,87faf263c7e70e53,200,1
bwapp,login,CG-Adaptive,1,4,285,783b1945ba0d039b,200,1
bwapp,login,CG-Adaptive,1,4,286,e8e9fa07124de619,200,1
bwapp,login,CG-Adaptive,1,4,287,c9bdc9f00f840f4c,200,1
bwapp,login,CG-Adaptive,1,4,288,03c180bc3ec71ede,200,1
bwapp,login,CG-Adaptive,1,4,290,3d212423e7796698,200,1
bwapp,login,CG-Adaptive,1,4,291,89350a4e7e70bf3a,200,1
bwapp,login,CG-Adaptive,1,4,293,e9b4ff6dd97945a7,200,1
bwapp,login,CG-Adaptive,1,4,294,9c443bef785e0346,200,1
bwapp,login,CG-Adaptive,1,4,296,40775de899d23ab1,200,1
bwapp,login,CG-Adaptive,1,4,298,2a9e191a127cd060,200,1
bwapp,login,CG-Adaptive,1,4,299,cd602ba99ced85f3,200,1
bwapp,login,CG-Adaptive,1,4,300,03e53c300baeff8d,200,1
bwapp,login,CG-Adaptive,1,4,301,ba9b8d2ba7dc2e5a,200,1
bwapp,login,CG-Adaptive,1,4,303,b94b27c51f2b3ba7,200,1
bwapp,login,CG-Adaptive,1,4,304,b92e1668b5337484,200,1
bwapp,login,CG-Adaptive,1,4,305,76c64e403278c897,200,1
bwapp,login,CG-Adaptive,1,4,306,f441f51e5470384e,200,1
bwapp,login,CG-Adaptive,1,4,307,dad89ad00ed9cdb7,200,1
bwapp,login,CG-Adaptive,1,4,308,ad50a6e3315c4e4d,200,1
bwapp,login,CG-Adaptive,1,4,310,cacd17f75b5017e7,200,1
bwapp,login,CG-Adaptive,1,4,311,eb0d627eaf54ecf9,200,1
bwapp,login,CG-Adaptive,1,4,312,957449d8921aaa6d,200,1
bwapp,login,CG-Adaptive,1,4,313,e4e9d5808a218471,200,1
bwapp,login,CG-Adaptive,1,4,314,42a48f53c967120d,200,1
bwapp,login,CG-Adaptive,1,4,315,9f04e6b903be8237,200,1
bwapp,login,CG-Adaptive,1,4,316,2dbd44664d177bee,200,1
bwapp,login,CG-Adaptive,1,4,318,00174e40fe95121e,200,1
bwapp,login,CG-Adaptive,1,4,319,aeab66a83c0fcccf,200,1
bwapp,login,CG-Adaptive,1,4,320,a28019f94c555f00,200,1
bwapp,login,CG-Adaptive,1,4,321,65c8e4e082e28284,200,1
bwapp,login,CG-Adaptive,1,4,322,2ae742285daf2cca,200,1
bwapp,login,CG-Adaptive,1,4,323,ceae6218278fee02,200,1
bwapp,login,CG-Adaptive,1,4,325,df71d56b5908a80f,200,1
bwapp,login,CG-Adaptive,1,4,326,4e568888aa903074,200,1
bwapp,login,CG-Adaptive,1,4,327,af7ed6c8179b8a67,200,1
bwapp,login,CG-Adaptive,1,4,328,64bd99b098717078,200,1
bwapp,login,CG-Adaptive,1,4,329,eb6b033747f4e6e5,200,1
bwapp,login,CG-Adaptive,1,4,330,3554634cfbd3e2ec,200,1
bwapp,login,CG-Adaptive,1,4,331,ca3e21c3af8ff805,200,1
bwapp,login,CG-Adaptive,1,4,332,e1e77e99b518d668,200,1
bwapp,login,CG-Adaptive,1,4,334,9264065749b6938d,200,1
bwapp,login,CG-Adaptive,1,4,335,0f0daebc48b5b9f7,200,1
bwapp,login,CG-Adaptive,1,4,336,9186553ade40351b,200,1
bwapp,login,CG-Adaptive,1,4,337,264770ae64358cdb,200,1
bwapp,login,CG-Adaptive,1,4,338,23a72e6048437a9f,200,1
bwapp,login,CG-Adaptive,1,4,339,af5d48da0213950c,200,1
bwapp,login,CG-Adaptive,1,4,340,5f338605bd4f265c,200,1
bwapp,login,CG-Adaptive,1,4,341,c68fcb8d7e32fe12,200,1
bwapp,login,CG-Adaptive,1,4,343,96d7cbae535a778c,200,1
bwapp,login,CG-Adaptive,1,4,345,599ab31f216074e3,200,1
bwapp,login,CG-Adaptive,1,4,346,bdd69f14090e8272,200,1
bwapp,login,CG-Adaptive,1,4,347,85a31657cb9f1a97,200,1
bwapp,login,CG-Adaptive,1,4,349,58784b57c5bca695,200,1
bwapp,login,CG-Adaptive,1,4,350,8815382b2f3ee9d4,200,1
bwapp,login,CG-Adaptive,1,4,351,564b213481d33317,200,1
bwapp,login,CG-Adaptive,1,4,352,79123334345c15ef,200,1
bwapp,login,CG-Adaptive,1,4,353,ae998c828c377ee5,200,1
bwapp,login,CG-Adaptive,1,4,354,c30ec60dcadb2da9,200,1
bwapp,login,CG-Adaptive,1,4,355,0b538775351413db,200,1
bwapp,login,CG-Adaptive,1,4,356,e4f5c1dcf501df28,200,1
bwapp,login,CG-Adaptive,1,4,357,28e71a937608b39c,200,1
bwapp,login,CG-Adaptive,1,4,359,26c465ebebf5796f,200,1
bwapp,login,CG-Adaptive,1,4,360,4f9de2020dd858b1,200,1
bwapp,login,CG-Adaptive,1,4,361,72754a64f5364f7c,200,1
bwapp,login,CG-Adaptive,1,4,362,8a1ee24dec92efff,200,1
bwapp,login,CG-Adaptive,1,4,363,b3b21217c2c42838,200,1
bwapp,login,CG-Adaptive,1,4,364,014b21105540753d,200,1
bwapp,login,CG-Adaptive,1,4,365,249aa221a4e2db3a,200,1
bwapp,login,CG-Adaptive,1,4,366,5d60ef12d3791733,200,1
bwapp,login,CG-Adaptive,1,4,367,378d524a095a09b2,200,1
bwapp,login,CG-Adaptive,1,4,368,99674d79e741fba2,200,1
bwapp,login,CG-Adaptive,1,4,369,f7d947b8121d5c3b,200,1
bwapp,login,CG-Adaptive,1,4,370,4d4d20859ad2099f,200,1
bwapp,login,CG-Adaptive,1,4,372,ad2d8d3933358a07,200,1
bwapp,login,CG-Adaptive,1,4,373,fca4de6a46e089e3,200,1
bwapp,login,CG-Adaptive,1,4,374,1d0c114bdc70e06e,200,1
bwapp,login,CG-Adaptive,1,4,375,aef395d49ea008c7,200,1
bwapp,login,CG-Adaptive,1,4,376,d7039992db9bbf80,200,1
bwapp,login,CG-Adaptive,1,4,377,5bfcafff83206a51,200,1
bwapp,login,CG-Adaptive,1,4,378,8effc2bea5653376,200,1
bwapp,login,CG-Adaptive,1,4,379,94a53913901b5a60,200,1
bwapp,login,CG-Adaptive,1,4,380,28a7ee3f4224c295,200,1
bwapp,login,CG-Adaptive,1,4,381,02b79be51f956271,200,1
bwapp,login,CG-Adaptive,1,4,382,37a04a6a7a5b39bf,200,1
bwapp,login,CG-Adaptive,1,4,383,3fba675837002ec8,200,1
bwapp,login,CG-Adaptive,1,4,384,60a413a2fbe33a99,200,1
bwapp,login,CG-Adaptive,1,4,385,57b76aec720d055b,200,1
bwapp,login,CG-Adaptive,1,4,386,ad2c9c0edfb358de,200,1
bwapp,login,CG-Adaptive,1,4,387,230e60983d5d5ea7,200,1
bwapp,login,CG-Adaptive,1,4,388,b6bda07ef856f648,200,1
bwapp,login,CG-Adaptive,1,4,389,fc42233aa304b446,200,1
bwapp,login,CG-Adaptive,1,5,2,2dbe74ea4e3e98a7,200,1
bwapp,login,CG-Adaptive,1,5,10,736e02e9ddb128ed,200,1
bwapp,login,CG-Adaptive,1,5,14,e59d4d75b39d68a7,200,1
bwapp,login,CG-Adaptive,1,5,19,255206005715029c,200,1
bwapp,login,CG-Adaptive,1,5,22,5b8cc883a8165456,200,1
bwapp,login,CG-Adaptive,1,5,45,8acff7cb0ce57195,200,1
bwapp,login,CG-Adaptive,1,5,51,d2b51b00f2c7bb83,200,1
bwapp,login,CG-Adaptive,1,5,56,76a1c43f318abdcf,200,1
bwapp,login,CG-Adaptive,1,5,63,4b223a614746635c,200,1
bwapp,login,CG-Adaptive,1,5,76,3f8845b8e34c9fde,200,1
bwapp,login,CG-Adaptive,1,5,89,52d5062899c791c2,200,1
bwapp,login,CG-Adaptive,1,5,92,9de952670debdf5c,200,1
bwapp,login,CG-Adaptive,1,5,94,92288daa2e2d3000,200,1
bwapp,login,CG-Adaptive,1,5,100,5458dfb6a4c6fbe0,200,1
bwapp,login,CG-Adaptive,1,5,112,89809af066989205,200,1
bwapp,login,CG-Adaptive,1,5,115,91199e99e85be923,200,1
bwapp,login,CG-Adaptive,1,5,119,9f6e40763d4c89d9,200,1
bwapp,login,CG-Adaptive,1,5,121,190c99c39926a186,200,1
bwapp,login,CG-Adaptive,1,5,122,6711eae9919f2fce,200,1
bwapp,login,CG-Adaptive,1,5,124,2992fa065fc46d39,200,1
bwapp,login,CG-Adaptive,1,5,128,0bf07f17df467f5f,200,1
bwapp,login,CG-Adaptive,1,5,130,f084c0ee1f4e222c,200,1
bwapp,login,CG-Adaptive,1,5,134,5dd6f997e6bebfdb,200,1
bwapp,login,CG-Adaptive,1,5,136,56f65c754b3155c0,200,1
bwapp,login,CG-Adaptive,1,5,138,9a6014aa6126c641,200,1
bwapp,login,CG-Adaptive,1,5,140,85a840d3bef281fc,200,1
bwapp,login,CG-Adaptive,1,5,144,a690e79fa5265502,200,1
bwapp,login,CG-Adaptive,1,5,146,7b1d780d3c1d36bb,200,1
bwapp,login,CG-Adaptive,1,5,147,d335ebe10f45ef9f,200,1
bwapp,login,CG-Adaptive,1,5,148,d8e57ae070191ea3,200,1
bwapp,login,CG-Adaptive,1,5,149,530256a0ad3f6b45,200,1
bwapp,login,CG-Adaptive,1,5,150,6d572a2c3cc2cbb7,200,1
bwapp,login,CG-Adaptive,1,5,151,4b5710a95537ac2a,200,1
bwapp,login,CG-Adaptive,1,5,152,55b231583c14f854,200,1
bwapp,login,CG-Adaptive,1,5,153,f38bab250ab30e07,200,1
bwapp,login,CG-Adaptive,1,5,155,63c3fe36777f89d4,200,1
bwapp,login,CG-Adaptive,1,5,156,5e320d7fbcbf1cdc,200,1
bwapp,login,CG-Adaptive,1,5,157,fda4903ccbb9753b,200,1
bwapp,login,CG-Adaptive,1,5,161,c25dc990c0aa93a2,200,1
bwapp,login,CG-Adaptive,1,5,165,439b1c5bf46c1819,200,1
bwapp,login,CG-Adaptive,1,5,169,72f0a52502f32f65,200,1
bwapp,login,CG-Adaptive,1,5,173,c90980a92f599f68,200,1
bwapp,login,CG-Adaptive,1,5,177,49a2a225d377cd04,200,1
bwapp,login,CG-Adaptive,1,5,178,6165af1a63c85c91,200,1
bwapp,login,CG-Adaptive,1,5,179,dafbaa84443930a4,200,1
bwapp,login,CG-Adaptive,1,5,180,0550b324b332366b,200,1
bwapp,login,CG-Adaptive,1,5,181,72bf8befe76158fe,200,1
bwapp,login,CG-Adaptive,1,5,182,375d885f31811f16,200,1
bwapp,login,CG-Adaptive,1,5,184,686294395c35e118,200,1
bwapp,login,CG-Adaptive,1,5,185,05d6884b2ea86f9d,200,1
bwapp,login,CG-Adaptive,1,5,186,cd99abe31832515f,200,1
bwapp,login,CG-Adaptive,1,5,187,11f455645306c54b,200,1
bwapp,login,CG-Adaptive,1,5,189,7f2e566ffab2969e,200,1
bwapp,login,CG-Adaptive,1,5,190,b93add446807fd23,200,1
bwapp,login,CG-Adaptive,1,5,191,0d2a9b2762ccbe24,200,1
bwapp,login,CG-Adaptive,1,5,192,4fa850b8df99b871,200,1
bwapp,login,CG-Adaptive,1,5,193,6eb17e0153f4aed0,200,1
bwapp,login,CG-Adaptive,1,5,195,78e9c11ba72e7d30,200,1
bwapp,login,CG-Adaptive,1,5,196,2e71d4f655e37ab0,200,1
bwapp,login,CG-Adaptive,1,5,197,9216441383443faf,200,1
bwapp,login,CG-Adaptive,1,5,198,70fb68e4143dc172,200,1
bwapp,login,CG-Adaptive,1,5,200,c2163ca30c201db0,200,1
bwapp,login,CG-Adaptive,1,5,201,f8acec3fc858fcde,200,1
bwapp,login,CG-Adaptive,1,5,202,a0210acdfb288aab,200,1
bwapp,login,CG-Adaptive,1,5,205,945cde9515a6dcb5,200,1
bwapp,login,CG-Adaptive,1,5,206,8bffd86053e8c027,200,1
bwapp,login,CG-Adaptive,1,5,208,930bdb563129eb8a,200,1
bwapp,login,CG-Adaptive,1,5,209,c74d37aa316e17c0,200,1
bwapp,login,CG-Adaptive,1,5,211,a37cfce43ba3b625,200,1
bwapp,login,CG-Adaptive,1,5,212,da839e0f7a3f1a8e,200,1
bwapp,login,CG-Adaptive,1,5,213,4025a6bbbfd71b07,200,1
bwapp,login,CG-Adaptive,1,5,215,0a9c94a03bc51c4c,200,1
bwapp,login,CG-Adaptive,1,5,217,499ed1a5477db6dd,200,1
bwapp,login,CG-Adaptive,1,5,218,f5bb21a48953f24f,200,1
bwapp,login,CG-Adaptive,1,5,220,6289ec4e4332e201,200,1
bwapp,login,CG-Adaptive,1,5,221,2e7bfec61c83909e,200,1
bwapp,login,CG-Adaptive,1,5,222,d620cc8c912a6570,200,1
bwapp,login,CG-Adaptive,1,5,223,b8363dfae646abee,200,1
bwapp,login,CG-Adaptive,1,5,224,69b9ca43d3b302f8,200,1
bwapp,login,CG-Adaptive,1,5,225,62faddaf5aca76b7,200,1
bwapp,login,CG-Adaptive,1,5,226,6f02357fec5dbcf1,200,1
bwapp,login,CG-Adaptive,1,5,227,3799f403fb263e68,200,1
bwapp,login,CG-Adaptive,1,5,228,35a6f6445b41dc4a,200,1
bwapp,login,CG-Adaptive,1,5,229,7e4aa0935d23d489,200,1
bwapp,login,CG-Adaptive,1,5,230,ade2d596dd6eed75,200,1
bwapp,login,CG-Adaptive,1,5,231,db241d35304c8470,200,1
bwapp,login,CG-Adaptive,1,5,232,6d90f06dc81b0716,200,1
bwapp,login,CG-Adaptive,1,5,233,68fc206ea70fc987,200,1
bwapp,login,CG-Adaptive,1,5,235,6b8879b498958d78,200,1
bwapp,login,CG-Adaptive,1,5,236,75c97d0719835cca,200,1
bwapp,login,CG-Adaptive,1,5,237,11c3bcda676586bf,200,1
bwapp,login,CG-Adaptive,1,5,238,0bc2b635edde3172,200,1
bwapp,login,CG-Adaptive,1,5,239,9fcd13dd04d7db38,200,1
bwapp,login,CG-Adaptive,1,5,240,2b0b81dd00631d4a,200,1
bwapp,login,CG-Adaptive,1,5,241,69ed09995794bc55,200,1
bwapp,login,CG-Adaptive,1,5,242,85f4a2e1ab4c1246,200,1
bwapp,login,CG-Adaptive,1,5,243,af9a044ae9625ddb,200,1
bwapp,login,CG-Adaptive,1,5,245,cf9aff5f51c02581,200,1
bwapp,login,CG-Adaptive,1,5,246,e47bc3e6058abc25,200,1
bwapp,login,CG-Adaptive,1,5,247,4b4d58a052a2202f,200,1
bwapp,login,CG-Adaptive,1,5,248,12a6e6fce3ca8229,200,1
bwapp,login,CG-Adaptive,1,5,249,f0b1819ce36f77a2,200,1
bwapp,login,CG-Adaptive,1,5,250,b1c0ca1e56359957,200,1
bwapp,login,CG-Adaptive,1,5,251,41809dbb7c0e4810,200,1
bwapp,login,CG-Adaptive,1,5,252,b95b1f32ec6be8bf,200,1
bwapp,login,CG-Adaptive,1,5,253,0e3ae65f58186db0,200,1
bwapp,login,CG-Adaptive,1,5,254,390f68a996f74565,200,1
bwapp,login,CG-Adaptive,1,5,255,775234ba88002850,200,1
bwapp,login,CG-Adaptive,1,5,256,f059f7d3d716f182,200,1
bwapp,login,CG-Adaptive,1,5,257,3d3b858a0125d9e8,200,1
bwapp,login,CG-Adaptive,1,5,258,0f3884fcaf7d63a8,200,1
bwapp,login,CG-Adaptive,1,5,259,13658e04f6ced67e,200,1
bwapp,login,CG-Adaptive,1,5,260,697f840c63a414d2,200,1
bwapp,login,CG-Adaptive,1,5,261,a5908b77e9e19f6e,200,1
bwapp,login,CG-Adaptive,1,5,262,7defdf11169d6603,200,1
bwapp,login,CG-Adaptive,1,5,263,b5e978eaac25dc53,200,1
bwapp,login,CG-Adaptive,1,5,264,f9845b395949f8d9,200,1
bwapp,login,CG-Adaptive,1,5,265,b30eafe503c1ca73,200,1
bwapp,login,CG-Adaptive,1,5,266,583aeea0354e0c89,200,1
bwapp,login,CG-Adaptive,1,5,267,89ece626cdd93d93,200,1
bwapp,login,CG-Adaptive,1,5,268,73d63b756a1a9b0e,200,1
bwapp,login,CG-Adaptive,1,5,269,542a2371bf57bafe,200,1
bwapp,login,CG-Adaptive,1,5,270,3972e40ecacd4ee2,200,1
bwapp,login,CG-Adaptive,1,5,271,16821ff54bb119c0,200,1
bwapp,login,CG-Adaptive,1,5,272,4d6086d9de119205,200,1
bwapp,login,CG-Adaptive,1,5,273,515a223d9b539bce,200,1
bwapp,login,CG-Adaptive,1,5,274,e42b3f185db80587,200,1
bwapp,login,CG-Adaptive,1,5,275,7cf6a95ed41ee67f,200,1
bwapp,login,CG-Adaptive,1,5,276,234dafd8d0894240,200,1
bwapp,login,CG-Adaptive,1,5,277,ebdaadf0b30ac8bd,200,1
bwapp,login,CG-Adaptive,1,5,278,c84bf9ccbe6cbb2e,200,1
bwapp,login,CG-Adaptive,1,5,279,2b3014c0c8460096,200,1
bwapp,login,CG-Adaptive,1,5,280,c630c9b4e8ea9acf,200,1
bwapp,login,CG-Adaptive,1,5,281,728e333c6a039208,200,1
bwapp,login,CG-Adaptive,1,5,282,fa0335aa9791a19f,200,1
bwapp,login,CG-Adaptive,1,5,283,cac48e40c8a22d4a,200,1
bwapp,login,CG-Adaptive,1,5,284,ce19ac513074fd78,200,1
bwapp,login,CG-Adaptive,1,5,285,a3e95098ce1365e2,200,1
bwapp,login,CG-Adaptive,1,5,286,907bb157825697a6,200,1
bwapp,login,CG-Adaptive,1,5,288,043474e1cd566f65,200,1
bwapp,login,CG-Adaptive,1,5,289,e10755caf5f2429d,200,1
bwapp,login,CG-Adaptive,1,5,290,8f1f6e565ede7be6,200,1
bwapp,login,CG-Adaptive,1,5,291,a97c95e6e8b244a2,200,1
bwapp,login,CG-Adaptive,1,5,292,44c9913924cb5084,200,1
bwapp,login,CG-Adaptive,1,5,293,bf7aee33a485c899,200,1
bwapp,login,CG-Adaptive,1,5,295,efc99bb19e0306b6,200,1
bwapp,login,CG-Adaptive,1,5,296,900535f5e767a023,200,1
bwapp,login,CG-Adaptive,1,5,297,8ad3448238f1c4c6,200,1
bwapp,login,CG-Adaptive,1,5,298,4cb6216bb81ad937,200,1
bwapp,login,CG-Adaptive,1,5,299,085eaff54a862af6,200,1
bwapp,login,CG-Adaptive,1,5,300,36b0f15eb7a81dc1,200,1
bwapp,login,CG-Adaptive,1,5,301,e751973a4ec44922,200,1
bwapp,login,CG-Adaptive,1,5,302,10aa981348371ad0,200,1
bwapp,login,CG-Adaptive,1,5,303,aa085e891439b2bd,200,1
bwapp,login,CG-Adaptive,1,5,304,7445fbac6529ef88,200,1
bwapp,login,CG-Adaptive,1,5,305,1e6c58af7ca24ca3,200,1
bwapp,login,CG-Adaptive,1,5,306,45656ea551d8fe42,200,1
bwapp,login,CG-Adaptive,1,5,307,dbd8bf282775a88e,200,1
bwapp,login,CG-Adaptive,1,5,308,ae11ade464582e22,200,1
bwapp,login,CG-Adaptive,1,5,309,23e0c9409ab1c917,200,1
bwapp,login,CG-Adaptive,1,5,310,c241787d1cf87a90,200,1
bwapp,login,CG-Adaptive,1,5,311,e2f2e26542924434,200,1
bwapp,login,CG-Adaptive,1,5,312,5fd5c676ae90312f,200,1
bwapp,login,CG-Adaptive,1,5,313,dfb42c88dc26bf63,200,1
bwapp,login,CG-Adaptive,1,5,314,68510857c2a6fccb,200,1
bwapp,login,CG-Adaptive,1,5,315,7e7f0b069656c51f,200,1
bwapp,login,CG-Adaptive,1,5,316,ab7a796f92141af3,200,1
bwapp,login,CG-Adaptive,1,5,317,2b32986d463e81d2,200,1
bwapp,login,CG-Adaptive,1,5,318,aafa307f732bc000,200,1
bwapp,login,CG-Adaptive,1,5,319,3d31adfd888aa821,200,1
bwapp,login,CG-Adaptive,1,5,320,ff732e88a5aee707,200,1
bwapp,login,CG-Adaptive,1,5,321,3a161dd9a5c981b1,200,1
bwapp,login,CG-Adaptive,1,5,322,362af0980b239ae5,200,1
bwapp,login,CG-Adaptive,1,5,323,73935792bf16f2a3,200,1
bwapp,login,CG-Adaptive,1,5,324,37151c0daf1eb325,200,1
bwapp,login,CG-Adaptive,1,5,325,943661d81891e7b4,200,1
bwapp,login,CG-Adaptive,1,5,326,fb53593259afefc2,200,1
bwapp,login,CG-Adaptive,1,5,327,30c81e2b97489b02,200,1
bwapp,login,CG-Adaptive,1,5,328,a28db98ef5958c1d,200,1
bwapp,login,CG-Adaptive,1,5,329,315b08aae071ecb5,200,1
bwapp,login,CG-Adaptive,1,5,330,982fcc6c57386a1f,200,1
bwapp,login,CG-Adaptive,1,5,331,1afc836dd4153681,200,1
bwapp,login,CG-Adaptive,1,5,332,0d38553c7efdb0e6,200,1
bwapp,login,CG-Adaptive,1,5,333,68c942075cf13acd,200,1
bwapp,login,CG-Adaptive,1,5,334,8d862e25797a5211,200,1
bwapp,login,CG-Adaptive,1,5,335,dd91246e64bcda41,200,1
bwapp,login,CG-Adaptive,1,5,336,1c54208ccc09f7e0,200,1
bwapp,login,CG-Adaptive,1,5,337,e5730e36c59eb05e,200,1
bwapp,login,CG-Adaptive,1,5,338,a6ace26df4a3e96b,200,1
bwapp,login,CG-Adaptive,1,5,339,0f2c98779e20398f,200,1
bwapp,login,CG-Adaptive,1,5,340,f5b2474bd6dffcd7,200,1
bwapp,login,CG-Adaptive,1,5,341,4b9bfd36f1b404ae,200,1
bwapp,login,CG-Adaptive,1,5,342,d6d9aed366a04fcc,200,1
bwapp,login,CG-Adaptive,1,5,343,b3b72d311ebf755d,200,1
bwapp,login,CG-Adaptive,1,5,344,e0c495087b0e59f4,200,1
bwapp,login,CG-Adaptive,1,5,345,fc3382881d9886b8,200,1
bwapp,login,CG-Adaptive,1,5,346,e028fc67c3791a40,200,1
bwapp,login,CG-Adaptive,1,5,347,7f0e16efb5bd493d,200,1
bwapp,login,CG-Adaptive,1,5,348,3fed09fc78ba6219,200,1
bwapp,login,CG-Adaptive,1,5,349,31af75210b7fc992,200,1
bwapp,login,CG-Adaptive,1,5,350,add3b41d3e1a21c8,200,1
bwapp,login,CG-Adaptive,1,5,351,61fd07090f5ae3f9,200,1
bwapp,login,CG-Adaptive,1,5,352,fa41e5cad5730203,200,1
bwapp,login,CG-Adaptive,1,5,353,c7f7711b6899eb12,200,1
bwapp,login,CG-Adaptive,1,5,354,f35d070d7334d12a,200,1
bwapp,login,CG-Adaptive,1,5,355,d9d4fa1173ae2e02,200,1
bwapp,login,CG-Adaptive,1,5,356,079a00fb5129c436,200,1
bwapp,login,CG-Adaptive,1,5,357,bbb8ca12ee5aa2ff,200,1
bwapp,login,CG-Adaptive,1,5,358,493099fa2ccf99a3,200,1
bwapp,login,CG-Adaptive,1,5,359,55581daa043748ab,200,1
bwapp,login,CG-Adaptive,1,5,360,2c1e2b9c45b4f2cb,200,1
bwapp,login,CG-Adaptive,1,5,361,5bdeab9750ecacd0,200,1
bwapp,login,CG-Adaptive,1,5,362,55a0a2e9ace41d51,200,1
bwapp,login,CG-Adaptive,1,5,363,f9a4c868bae3640a,200,1
bwapp,login,CG-Adaptive,1,5,364,76b626423f06f171,200,1
bwapp,login,CG-Adaptive,1,5,365,666092e00e9db19e,200,1
bwapp,login,CG-Adaptive,1,5,366,8f1483a824951c58,200,1
bwapp,login,CG-Adaptive,1,5,367,e1fc441486f98e10,200,1
bwapp,login,CG-Adaptive,1,5,368,002d8cac7afe6563,200,1
bwapp,login,CG-Adaptive,1,5,369,f8ec39d84cf01000,200,1
bwapp,login,CG-Adaptive,1,5,370,ec966be906a44b13,200,1
bwapp,login,CG-Adaptive,1,5,371,b307dbcaeb3cc407,200,1
bwapp,login,CG-Adaptive,1,5,372,27037c449ed26496,200,1
bwapp,login,CG-Adaptive,1,5,373,057cdc491b8540e0,200,1
bwapp,login,CG-Adaptive,1,5,374,81f751e827f4b288,200,1
bwapp,login,CG-Adaptive,1,5,375,f9f0c72a9b4a4e9b,200,1
bwapp,login,CG-Adaptive,1,5,376,49df804996222059,200,1
bwapp,login,CG-Adaptive,1,5,377,05024fd96480ac13,200,1
bwapp,login,CG-Adaptive,1,5,378,6a7ea184390a5cf2,200,1
bwapp,login,CG-Adaptive,1,5,379,f4fb24f0e3e8a937,200,1
bwapp,login,CG-Adaptive,1,5,380,c1f3fc933d8db8c0,200,1
bwapp,login,CG-Adaptive,1,5,381,7991956287bc4c95,200,1
bwapp,login,CG-Adaptive,1,5,382,9e746dcd6382bccd,200,1
bwapp,login,CG-Adaptive,1,5,383,31b22efe81306cb5,200,1
bwapp,login,CG-Adaptive,1,5,384,b93a0b9083ce2b49,200,1
bwapp,login,CG-Adaptive,1,5,385,2824b2360259c33e,200,1
bwapp,login,CG-Adaptive,1,5,386,af48d910a176dc0d,200,1
bwapp,login,CG-Adaptive,1,5,387,eb79afb365e2b9fe,200,1
bwapp,login,CG-Adaptive,1,5,388,8208eed451d1b173,200,1
bwapp,login,CG-Adaptive,1,5,389,9c46f108b17018a1,200,1
bwapp,login,CG-Adaptive,1,5,390,28514df0b3a0a0a6,200,1
bwapp,login,CG-Adaptive,1,5,391,0fc5c663480caa5d,200,1
bwapp,login,CG-Adaptive,1,5,392,431cace566885b33,200,1
bwapp,login,CG-Adaptive,1,5,393,affd269ec01ff264,200,1
bwapp,login,CG-Adaptive,1,5,394,545b5406a49e0623,200,1
bwapp,login,CG-Adaptive,1,5,395,df23e26ab36df582,200,1
bwapp,login,CG-Adaptive,1,5,396,427710850962ce19,200,1
bwapp,login,CG-Adaptive,1,5,397,450300338c84ce91,200,1
bwapp,login,CG-Adaptive,1,5,398,1de940a564242a85,200,1
bwapp,login,CG-Adaptive,1,5,399,53f4e8b8911bc80e,200,1
bwapp,login,CG-Adaptive,1,5,400,75682045b094d774,200,1
bwapp,login,CG-Adaptive,1,5,401,5f2bfa6e0c49ae5d,200,1
bwapp,login,CG-Adaptive,1,5,402,60aaf805c2d4dc90,200,1
bwapp,login,CG-Adaptive,1,5,403,a3f3cd7d95065b74,200,1
bwapp,login,CG-Adaptive,1,5,404,0f76df0abe394eac,200,1
bwapp,login,CG-Adaptive,1,5,405,1d7597ce63603bab,200,1
bwapp,login,CG-Adaptive,1,5,406,df2d3244ba8c02fe,200,1
bwapp,login,CG-Adaptive,1,5,407,83043367f317ed5b,200,1
bwapp,login,CG-Adaptive,1,5,408,82991be71c6429ab,200,1
bwapp,login,CG-Adaptive,1,5,409,86b31abe10686a74,200,1
bwapp,login,CG-Adaptive,1,5,410,7549b964a703a3f6,200,1
bwapp,login,CG-Adaptive,1,5,411,d13a17a7419ebff7,200,1
bwapp,login,CG-Adaptive,4,3,2,1f2dcef571bfc262,200,1
bwapp,login,CG-Adaptive,4,3,6,f3609e2a064d5f54,200,1
bwapp,login,CG-Adaptive,4,3,9,71f9ac7ff80c4896,200,1
bwapp,login,CG-Adaptive,4,3,14,58217d48aea804e0,200,1
bwapp,login,CG-Adaptive,4,3,15,3511f24547244135,200,1
bwapp,login,CG-Adaptive,4,3,20,c688049553fbf1eb,200,1
bwapp,login,CG-Adaptive,4,3,24,70736600558825ed,200,1
bwapp,login,CG-Adaptive,4,3,27,547e12f20d1bfaaa,200,1
bwapp,login,CG-Adaptive,4,3,28,c415160bbe95af2a,200,1
bwapp,login,CG-Adaptive,4,3,31,255206005715029c,200,1
bwapp,login,CG-Adaptive,4,3,36,485cc21ec3f3e6c0,200,1
bwapp,login,CG-Adaptive,4,3,39,a6acc9075201b106,200,1
bwapp,login,CG-Adaptive,4,3,40,6e30bf742e43093c,200,1
bwapp,login,CG-Adaptive,4,3,43,02fe9e9e0eed7cf4,200,1
bwapp,login,CG-Adaptive,4,3,46,4e283eacbb21b84d,200,1
bwapp,login,CG-Adaptive,4,3,47,ab4c8052635aa91d,200,1
bwapp,login,CG-Adaptive,4,3,49,bbe8f4f76e2275f9,200,1
bwapp,login,CG-Adaptive,4,3,51,e7244289c8cff5ce,200,1
bwapp,login,CG-Adaptive,4,3,52,27f2f25bf3fe7bbe,200,1
bwapp,login,CG-Adaptive,4,3,53,6386ecb4e6f1a42d,200,1
bwapp,login,CG-Adaptive,4,3,55,63a381b0d272ab48,200,1
bwapp,login,CG-Adaptive,4,3,58,f70b0b39a02e3eb9,200,1
bwapp,login,CG-Adaptive,4,3,60,53204b6b42e729b1,200,1
bwapp,login,CG-Adaptive,4,3,63,e6e2e402fe6e3e26,200,1
bwapp,login,CG-Adaptive,4,3,65,43d5e2ac0c435a1c,200,1
bwapp,login,CG-Adaptive,4,3,69,cefa4fad3078dad7,200,1
bwapp,login,CG-Adaptive,4,3,70,66438ceebe06766a,200,1
bwapp,login,CG-Adaptive,4,3,72,29b967a0c37ed14d,200,1
bwapp,login,CG-Adaptive,4,3,75,095611010f66aa3a,200,1
bwapp,login,CG-Adaptive,4,3,77,278a594b1c801c42,200,1
bwapp,login,CG-Adaptive,4,3,80,383de5b065ea6810,200,1
bwapp,login,CG-Adaptive,4,3,81,ecc55fd3db839cb3,200,1
bwapp,login,CG-Adaptive,4,3,85,8289df014b164693,200,1
bwapp,login,CG-Adaptive,4,3,86,c615464679708127,200,1
bwapp,login,CG-Adaptive,4,3,89,1ebb5b16a145cbbf,200,1
bwapp,login,CG-Adaptive,4,3,93,f7926af3f89afd22,200,1
bwapp,login,CG-Adaptive,4,3,96,7c20c3465c9d8e84,200,1
bwapp,login,CG-Adaptive,4,3,97,0b82615b4b729b0b,200,1
bwapp,login,CG-Adaptive,4,3,99,1c3ceedd97662329,200,1
bwapp,login,CG-Adaptive,4,3,101,568c223971214b78,200,1
bwapp,login,CG-Adaptive,4,3,103,b46b29e8bf02818f,200,1
bwapp,login,CG-Adaptive,4,3,107,d41f73dc8569add7,200,1
bwapp,login,CG-Adaptive,4,3,110,1ad534e083277be0,200,1
bwapp,login,CG-Adaptive,4,3,112,2fad1f76679e2b66,200,1
bwapp,login,CG-Adaptive,4,3,114,d3003f88a61c22f9,200,1
bwapp,login,CG-Adaptive,4,3,117,d38f2dc0f0151d50,200,1
bwapp,login,CG-Adaptive,4,3,121,9b7803443415d70c,200,1
bwapp,login,CG-Adaptive,4,3,123,7374ae9dede1d970,200,1
bwapp,login,CG-Adaptive,4,3,126,3fa97e5b8e0c4d40,200,1
bwapp,login,CG-Adaptive,4,3,128,fc21d2b4b5a15bc0,200,1
bwapp,login,CG-Adaptive,4,3,129,3def49e1d85223d6,200,1
bwapp,login,CG-Adaptive,4,3,130,76a69a0d5cafaac9,200,1
bwapp,login,CG-Adaptive,4,3,132,7905f6358ab2e8b0,200,1
bwapp,login,CG-Adaptive,4,3,133,6829395f34acc880,200,1
bwapp,login,CG-Adaptive,4,3,135,e8d6f782fb631628,200,1
bwapp,login,CG-Adaptive,4,3,138,88a9d61bca68001c,200,1
bwapp,login,CG-Adaptive,4,3,139,168c33de00985440,200,1
bwapp,login,CG-Adaptive,4,3,141,0a84566995c9a7b1,200,1
bwapp,login,CG-Adaptive,4,3,142,36d95dec92cc94e7,200,1
bwapp,login,CG-Adaptive,4,3,143,f5a14a1de70e545c,200,1
bwapp,login,CG-Adaptive,4,3,144,0d5fb30893459ee3,200,1
bwapp,login,CG-Adaptive,4,3,147,6b1af0a7209a1902,200,1
bwapp,login,CG-Adaptive,4,3,149,b7b2f7c329d07966,200,1
bwapp,login,CG-Adaptive,4,3,151,3cc7d6f18c91f298,200,1
bwapp,login,CG-Adaptive,4,3,152,75d6da2c1a344a79,200,1
bwapp,login,CG-Adaptive,4,3,153,d8c680078713e1e7,200,1
bwapp,login,CG-Adaptive,4,3,154,f457efecac14f900,200,1
bwapp,login,CG-Adaptive,4,3,155,e2f6ad1e81bb04b8,200,1
bwapp,login,CG-Adaptive,4,3,157,e7875ca298959f12,200,1
bwapp,login,CG-Adaptive,4,3,159,791fd5976e70e2fe,200,1
bwapp,login,CG-Adaptive,4,3,160,c9f636362be52df6,200,1
bwapp,login,CG-Adaptive,4,3,161,1c39b41f6757687a,200,1
bwapp,login,CG-Adaptive,4,3,162,d3facf7cb7013428,200,1
bwapp,login,CG-Adaptive,4,3,164,d703ae8e8508c8a7,200,1
bwapp,login,CG-Adaptive,4,3,166,51d0c6a511bbb616,200,1
bwapp,login,CG-Adaptive,4,3,167,72e5a1336e3a4b92,200,1
bwapp,login,CG-Adaptive,4,3,168,30e5849d0ffcdea3,200,1
bwapp,login,CG-Adaptive,4,3,169,2728053ff1f0d102,200,1
bwapp,login,CG-Adaptive,4,3,170,da312731bc6c64d0,200,1
bwapp,login,CG-Adaptive,4,3,171,ca4ac1847871690a,200,1
bwapp,login,CG-Adaptive,4,3,172,e1afda8426c36741,200,1
bwapp,login,CG-Adaptive,4,3,174,57078aaeefb27d6c,200,1
bwapp,login,CG-Adaptive,4,3,175,b2800e45ae2b8a67,200,1
bwapp,login,CG-Adaptive,4,3,176,1651d99f343b7f77,200,1
bwapp,login,CG-Adaptive,4,3,177,0035af3d45d3cb5c,200,1
bwapp,login,CG-Adaptive,4,3,178,f46ed88b3eecbbaf,200,1
bwapp,login,CG-Adaptive,4,3,179,c266e67d20cdfe98,200,1
bwapp,login,CG-Adaptive,4,3,181,df3dd44883185676,200,1
bwapp,login,CG-Adaptive,4,3,182,0b1380040e3c1e5f,200,1
bwapp,login,CG-Adaptive,4,3,183,c1edcde122a148fd,200,1
bwapp,login,CG-Adaptive,4,3,184,2b183c21f1c1e644,200,1
bwapp,login,CG-Adaptive,4,3,186,186cff9b038088c0,200,1
bwapp,login,CG-Adaptive,4,3,188,3ad2db3492f7ecba,200,1
bwapp,login,CG-Adaptive,4,3,189,58107c4413b7da12,200,1
bwapp,login,CG-Adaptive,4,3,190,5e8304e174709b49,200,1
bwapp,login,CG-Adaptive,4,3,191,02c513afbdb25d3d,200,1
bwapp,login,CG-Adaptive,4,3,192,3bbcb4c3dc8d0299,200,1
bwapp,login,CG-Adaptive,4,3,193,3c982c83a33b7036,200,1
bwapp,login,CG-Adaptive,4,3,195,f6427f65c6c88321,200,1
bwapp,login,CG-Adaptive,4,3,197,dcde6fb77bfa1146,200,1
bwapp,login,CG-Adaptive,4,3,198,baeb3e45dd8f4f70,200,1
bwapp,login,CG-Adaptive,4,3,200,a95cab7e7dba21e0,200,1
bwapp,login,CG-Adaptive,4,3,201,35421dec556b4d85,200,1
bwapp,login,CG-Adaptive,4,3,202,1fb2032ff300087c,200,1
bwapp,login,CG-Adaptive,4,3,203,0af6125673b0399c,200,1
bwapp,login,CG-Adaptive,4,3,204,3fb96f7b0780742a,200,1
bwapp,login,CG-Adaptive,4,3,205,cfc7cc9f96b69906,200,1
bwapp,login,CG-Adaptive,4,3,206,5eec459a59eb591d,200,1
bwapp,login,CG-Adaptive,4,3,208,2dd8695235237b84,200,1
bwapp,login,CG-Adaptive,4,3,209,8de4992211cc6087,200,1
bwapp,login,CG-Adaptive,4,3,210,b2a2ee68a01aefe9,200,1
bwapp,login,CG-Adaptive,4,3,211,9e7997aadac73949,200,1
bwapp,login,CG-Adaptive,4,3,212,3c7f0a4b9a44759e,200,1
bwapp,login,CG-Adaptive,4,3,213,09f8f1afc747328b,200,1
bwapp,login,CG-Adaptive,4,3,214,73fa6ca6691248bc,200,1
bwapp,login,CG-Adaptive,4,3,215,2ee1b285c678448f,200,1
bwapp,login,CG-Adaptive,4,3,216,68302b18168b0cc0,200,1
bwapp,login,CG-Adaptive,4,3,217,ee2bd12135dc5c66,200,1
bwapp,login,CG-Adaptive,4,3,218,6a90f4951b51a0e6,200,1
bwapp,login,CG-Adaptive,4,3,219,ea9405ec84a8f2e9,200,1
bwapp,login,CG-Adaptive,4,3,220,1201812d2b8da404,200,1
bwapp,login,CG-Adaptive,4,3,221,4b4d58a052a2202f,200,1
bwapp,login,CG-Adaptive,4,3,223,951255d2a6488bff,200,1
bwapp,login,CG-Adaptive,4,3,224,0cfa3cf5dcdb9fbd,200,1
bwapp,login,CG-Adaptive,4,3,225,1c04995a49a4f7bd,200,1
bwapp,login,CG-Adaptive,4,3,226,0b4845c32ba0fba6,200,1
bwapp,login,CG-Adaptive,4,3,227,56a6a6b1c5acc223,200,1
bwapp,login,CG-Adaptive,4,3,229,8e12718122ea0bbd,200,1
bwapp,login,CG-Adaptive,4,3,230,f1ae4443639d6525,200,1
bwapp,login,CG-Adaptive,4,3,231,2b0cd50354338987,200,1
bwapp,login,CG-Adaptive,4,3,232,7070a28c1c2461c1,200,1
bwapp,login,CG-Adaptive,4,3,233,a443a735397c79cb,200,1
bwapp,login,CG-Adaptive,4,3,234,e237a5339114e7e0,200,1
bwapp,login,CG-Adaptive,4,3,235,9b41314af55baad8,200,1
bwapp,login,CG-Adaptive,4,3,236,7f4b03574a898141,200,1
bwapp,login,CG-Adaptive,4,3,238,d4004fc0f42c025a,200,1
bwapp,login,CG-Adaptive,4,3,239,6b6e2764040265fe,200,1
bwapp,login,CG-Adaptive,4,3,240,11be9684b636d30c,200,1
bwapp,login,CG-Adaptive,4,3,241,a6c3e091481a1ef0,200,1
bwapp,login,CG-Adaptive,4,3,243,e95860c180eeea82,200,1
bwapp,login,CG-Adaptive,4,3,244,5a53f1c66f4b2877,200,1
bwapp,login,CG-Adaptive,4,3,245,c479da83b24cecb0,200,1
bwapp,login,CG-Adaptive,4,3,246,e98d9ec58825801d,200,1
bwapp,login,CG-Adaptive,4,3,247,a9cbcb45146eca47,200,1
bwapp,login,CG-Adaptive,4,3,248,6ecf0e2972262de7,200,1
bwapp,login,CG-Adaptive,4,3,249,ac97862c23cf49df,200,1
bwapp,login,CG-Adaptive,4,3,250,c59cd5d2f0bbd17e,200,1
bwapp,login,CG-Adaptive,4,3,251,a808ad0e5bf5b8ab,200,1
bwapp,login,CG-Adaptive,4,3,253,5e66672c70270283,200,1
bwapp,login,CG-Adaptive,4,3,254,f8fffea37155371b,200,1
bwapp,login,CG-Adaptive,4,3,255,d913c195b4f508cc,200,1
bwapp,login,CG-Adaptive,4,3,257,f0c58ee9b0c93dee,200,1
bwapp,login,CG-Adaptive,4,3,258,8a22a361450156eb,200,1
bwapp,login,CG-Adaptive,4,3,259,6859c6522168e432,200,1
bwapp,login,CG-Adaptive,4,3,260,be1b5c7f1ca92cf7,200,1
bwapp,login,CG-Adaptive,4,3,261,95336f56f77b1806,200,1
bwapp,login,CG-Adaptive,4,3,262,dd73d6b32098d88f,200,1
bwapp,login,CG-Adaptive,4,3,263,63893f40aa0ff3e2,200,1
bwapp,login,CG-Adaptive,4,3,264,67aab8721adb5c82,200,1
bwapp,login,CG-Adaptive,4,3,265,9d41b507246ec3df,200,1
bwapp,login,CG-Adaptive,4,3,266,036e0c3b2f483b59,200,1
bwapp,login,CG-Adaptive,4,3,267,1c01efdabbba9cb9,200,1
bwapp,login,CG-Adaptive,4,3,268,dcb1e3a8041a17ec,200,1
bwapp,login,CG-Adaptive,4,3,269,26bcc52504b08c61,200,1
bwapp,login,CG-Adaptive,4,3,270,4a94a83b41aad195,200,1
bwapp,login,CG-Adaptive,4,3,271,629acf90d0d874e6,200,1
bwapp,login,CG-Adaptive,4,3,272,843ded6d4f6c5803,200,1
bwapp,login,CG-Adaptive,4,3,273,1ff0a476d6c99f20,200,1
bwapp,login,CG-Adaptive,4,3,274,02b60d4f69b4d638,200,1
bwapp,login,CG-Adaptive,4,3,275,8cd1904cd85e615f,200,1
bwapp,login,CG-Adaptive,4,3,276,ea73207d72ec46d7,200,1
bwapp,login,CG-Adaptive,4,3,277,8a87be8e8cd90826,200,1
bwapp,login,CG-Adaptive,4,3,278,2b6880a097bfeb19,200,1
bwapp,login,CG-Adaptive,4,3,279,ca34f32f8a04596f,200,1
bwapp,login,CG-Adaptive,4,3,280,f9cbd47f09550a46,200,1
bwapp,login,CG-Adaptive,4,3,281,642fa3fbf032abed,200,1
bwapp,login,CG-Adaptive,4,3,282,0fefb3cbc14cff1b,200,1
bwapp,login,CG-Adaptive,4,3,283,0fc8532d09255585,200,1
bwapp,login,CG-Adaptive,4,3,284,40188dbc1cc084e0,200,1
bwapp,login,CG-Adaptive,4,3,285,48146912f8200906,200,1
bwapp,login,CG-Adaptive,4,3,286,aba0c2d888f337ac,200,1
bwapp,login,CG-Adaptive,4,3,287,53543f3ab16f0b4c,200,1
bwapp,login,CG-Adaptive,4,3,288,cf37a732195a4415,200,1
bwapp,login,CG-Adaptive,4,3,289,80afd13bd09080b4,200,1
bwapp,login,CG-Adaptive,4,3,290,4b4f9f507e108a56,200,1
bwapp,login,CG-Adaptive,4,3,291,723b9056c09e2b3a,200,1
bwapp,login,CG-Adaptive,4,3,292,95d53a5891d8d5bf,200,1
bwapp,login,CG-Adaptive,4,3,293,d5dc2290feb792e7,200,1
bwapp,login,CG-Adaptive,4,3,294,dbbdbaef6ed6da14,200,1
bwapp,login,CG-Adaptive,4,3,295,0f23304b545afe0a,200,1
bwapp,login,CG-Adaptive,4,3,296,5befa4b2d538efbf,200,1
bwapp,login,CG-Adaptive,4,3,297,c29e0edea10656c3,200,1
bwapp,login,CG-Adaptive,4,3,298,a54317bf12f255e3,200,1
bwapp,login,CG-Adaptive,4,3,299,c75a4807aaa057a1,200,1
bwapp,login,CG-Adaptive,4,3,300,d5b0eda0354b1551,200,1
bwapp,login,CG-Adaptive,4,3,301,bb9b6c1dc03fec6c,200,1
bwapp,login,CG-Adaptive,4,3,302,a1e20884bbe8440a,200,1
bwapp,login,CG-Adaptive,4,3,303,be114cbbc162166f,200,1
bwapp,login,CG-Adaptive,4,3,304,4538a3739c5d4d8b,200,1
bwapp,login,CG-Adaptive,4,3,305,9b38945840581478,200,1
bwapp,login,CG-Adaptive,4,3,306,99b38f52c945af86,200,1
bwapp,login,CG-Adaptive,4,3,307,a541b828d535fb2f,200,1
bwapp,login,CG-Adaptive,4,3,308,2e0000b286041cc1,200,1
bwapp,login,CG-Adaptive,4,3,309,a5719c59b5bcb3d8,200,1
bwapp,login,CG-Adaptive,4,3,310,85f4a2e1ab4c1246,200,1
bwapp,login,CG-Adaptive,4,3,311,52832bfb5d7443c7,200,1
bwapp,login,CG-Adaptive,4,3,312,b1e68bf5e2d116cd,200,1
bwapp,login,CG-Adaptive,4,3,313,964134a86658b077,200,1
bwapp,login,CG-Adaptive,4,3,314,70abd4514c1ccfcd,200,1
bwapp,login,CG-Adaptive,4,3,315,5714c5839b92ceaa,200,1
bwapp,login,CG-Adaptive,4,3,316,0aefa7c5f2b79bce,200,1
bwapp,login,CG-Adaptive,4,3,317,23aafb7d2e062333,200,1
bwapp,login,CG-Adaptive,4,3,318,b57661a46cfe9b54,200,1
bwapp,login,CG-Adaptive,4,3,319,843e6cb17ed332e1,200,1
bwapp,login,CG-Adaptive,4,3,320,c7665b0adb49fe06,200,1
bwapp,login,CG-Adaptive,4,3,321,fd017d2ccd1620f5,200,1
bwapp,login,CG-Adaptive,4,3,322,2a2e4a5e4e354753,200,1
bwapp,login,CG-Adaptive,4,3,323,7d8e6497f7514e51,200,1
bwapp,login,CG-Adaptive,4,3,324,553120b3e564e60a,200,1
bwapp,login,CG-Adaptive,4,3,325,a395acb7300a88a8,200,1
bwapp,login,CG-Adaptive,4,3,326,9cf757b830d250cb,200,1
bwapp,login,CG-Adaptive,4,3,327,ac59fba25c2d8d53,200,1
bwapp,login,CG-Adaptive,4,3,328,292f166bc0c17e56,200,1
bwapp,login,CG-Adaptive,4,3,329,dabdd839fcf30bf3,200,1
bwapp,login,CG-Adaptive,4,3,330,14a795bc341d9f18,200,1
bwapp,login,CG-Adaptive,4,3,331,1af55dfa15ce4e9c,200,1
bwapp,login,CG-Adaptive,4,3,332,c27fa68fe543b877,200,1
bwapp,login,CG-Adaptive,4,3,333,973c036e725cd509,200,1
bwapp,login,CG-Adaptive,4,3,334,d78215fb757b304e,200,1
bwapp,login,CG-Adaptive,4,3,335,e1704aab5aafd969,200,1
bwapp,login,CG-Adaptive,4,3,336,052a8ecbf2446620,200,1
bwapp,login,CG-Adaptive,4,3,337,28597953c8fc08cc,200,1
bwapp,login,CG-Adaptive,4,3,338,371b2d92e7d46651,200,1
bwapp,login,CG-Adaptive,4,3,339,af5e209ab670f8a0,200,1
bwapp,login,CG-Adaptive,4,3,340,ff6ad94e7dd331c3,200,1
bwapp,login,CG-Adaptive,4,3,341,c4b164a143a63bb7,200,1
bwapp,login,CG-Adaptive,4,3,342,e844762021766469,200,1
bwapp,login,CG-Adaptive,4,3,343,2d0776999ec42df0,200,1
bwapp,login,CG-Adaptive,4,3,344,5e1a7736dd04a43e,200,1
bwapp,login,CG-Adaptive,4,3,345,553aba71b2e81bf0,200,1
bwapp,login,CG-Adaptive,4,3,346,867b3fe255c57ae6,200,1
bwapp,login,CG-Adaptive,4,3,347,5604550bde8f6da9,200,1
bwapp,login,CG-Adaptive,4,3,348,0fa7762f9e868705,200,1
bwapp,login,CG-Adaptive,4,3,349,10c5629f87eb7d47,200,1
bwapp,login,CG-Adaptive,4,3,350,e88087149739ee11,200,1
bwapp,login,CG-Adaptive,4,3,351,f48926846db9330a,200,1
bwapp,login,CG-Adaptive,4,3,352,e3c9f0494d083d98,200,1
bwapp,login,CG-Adaptive,4,3,353,da0ce2f406dcc4f5,200,1
bwapp,login,CG-Adaptive,4,3,354,f4c3ed4ec6dd5f19,200,1
bwapp,login,CG-Adaptive,4,3,355,bc413a1933d35c37,200,1
bwapp,login,CG-Adaptive,4,3,356,d36ad89f5004d475,200,1
bwapp,login,CG-Adaptive,4,3,357,38f713688e37f4da,200,1
bwapp,login,CG-Adaptive,4,3,358,244f8e0474002fdd,200,1
bwapp,login,CG-Adaptive,4,3,359,f91ba95f5acd5095,200,1
bwapp,login,CG-Adaptive,4,3,360,698fa34e976e440a,200,1
bwapp,login,CG-Adaptive,4,3,361,eb1d492d122f2e26,200,1
bwapp,login,CG-Adaptive,4,3,362,0ee31c454ef29d95,200,1
bwapp,login,CG-Adaptive,4,3,363,89e8ee21ca15c6ce,200,1
bwapp,login,CG-Adaptive,4,3,364,54e26b2996187a49,200,1
bwapp,login,CG-Adaptive,4,3,365,3ab38948a27dbc5b,200,1
bwapp,login,CG-Adaptive,4,3,366,8f26ad71106c2796,200,1
bwapp,login,CG-Adaptive,4,3,367,de4aa66d50db95b3,200,1
bwapp,login,CG-Adaptive,4,3,368,47f9f52f81a5eebc,200,1
bwapp,login,CG-Adaptive,4,3,369,bfac4aef61822d35,200,1
bwapp,login,CG-Adaptive,4,3,370,89271fc82cbb6a2c,200,1
bwapp,login,CG-Adaptive,4,3,371,0c1524b454c249fa,200,1
bwapp,login,CG-Adaptive,4,3,372,82577471e33dd870,200,1
bwapp,login,CG-Adaptive,4,3,373,551ded890083de59,200,1
bwapp,login,CG-Adaptive,4,3,374,8c823e135def5d01,200,1
bwapp,login,CG-Adaptive,4,3,375,ade1d676b1342237,200,1
bwapp,login,CG-Adaptive,4,3,376,1a2348ad882df917,200,1
bwapp,login,CG-Adaptive,4,3,377,67ca34ad043017e4,200,1
bwapp,login,CG-Adaptive,4,3,378,297d78cceb5f2bfd,200,1
bwapp,login,CG-Adaptive,4,3,379,8118c7ae2560bd65,200,1
bwapp,login,CG-Adaptive,4,3,380,83d2acdfa6dcb61b,200,1
bwapp,login,CG-Adaptive,4,3,381,4f49509b21db63f5,200,1
bwapp,login,CG-Adaptive,4,3,382,79cf89ef7efc8c14,200,1
bwapp,login,CG-Adaptive,4,3,383,629a47fe41de8425,200,1
bwapp,login,CG-Adaptive,4,3,384,aedc767aa2635bd8,200,1
bwapp,login,CG-Adaptive,4,3,385,f3e52e8c708096b0,200,1
bwapp,login,CG-Adaptive,4,3,386,0107a54b6c4c68b4,200,1
bwapp,login,CG-Adaptive,4,3,387,dd857e2d7174f847,200,1
bwapp,login,CG-Adaptive,4,3,388,370c662e3844c737,200,1
bwapp,login,CG-Adaptive,4,3,389,5232bfe6b0be1785,200,1
bwapp,login,CG-Adaptive,4,3,390,fff3ab38d56fcecd,200,1
bwapp,login,CG-Adaptive,4,3,391,9fdd68066658d641,200,1
bwapp,login,CG-Adaptive,4,3,392,f2320b666997e40b,200,1
bwapp,login,CG-Adaptive,4,3,393,30384642488fa616,200,1
bwapp,login,CG-Adaptive,4,1,3,255206005715029c,200,1
bwapp,login,CG-Adaptive,4,1,9,45549fd64df11d22,200,1
bwapp,login,CG-Adaptive,4,1,13,dd7ee40afca7eed7,200,1
bwapp,login,CG-Adaptive,4,1,22,2dbe74ea4e3e98a7,200,1
bwapp,login,CG-Adaptive,4,1,25,9a109e43afc24e90,200,1
bwapp,login,CG-Adaptive,4,1,27,c9c2e147fc79e6a2,200,1
bwapp,login,CG-Adaptive,4,1,44,2992bd39b77afe2a,200,1
bwapp,login,CG-Adaptive,4,1,61,987fbe62baeddca5,200,1
bwapp,login,CG-Adaptive,4,1,64,2342878c51a8473b,200,1
bwapp,login,CG-Adaptive,4,1,79,8a3dfe3688675b1d,200,1
bwapp,login,CG-Adaptive,4,1,89,d6d1a4297195d716,200,1
bwapp,login,CG-Adaptive,4,1,111,95582b453ea89178,200,1
bwapp,login,CG-Adaptive,4,1,118,cbfc9a27734986ba,200,1
bwapp,login,CG-Adaptive,4,1,138,f5609491482fcbb2,200,1
bwapp,login,CG-Adaptive,4,1,170,87b0e932cdc4ab44,200,1
bwapp,login,CG-Adaptive,4,1,177,4fdccb4cc93accd6,200,1
bwapp,login,CG-Adaptive,4,2,2,1f2dcef571bfc262,200,1
bwapp,login,CG-Adaptive,4,2,13,e59d4d75b39d68a7,200,1
bwapp,login,CG-Adaptive,4,2,19,792c6ccdb1dcc8c0,200,1
bwapp,login,CG-Adaptive,4,2,25,9669b5f7dede6953,200,1
bwapp,login,CG-Adaptive,4,2,31,2dbe74ea4e3e98a7,200,1
bwapp,login,CG-Adaptive,4,2,35,67f1d72252604c0f,200,1
bwapp,login,CG-Adaptive,4,2,42,55f436c696963218,200,1
bwapp,login,CG-Adaptive,4,2,49,095611010f66aa3a,200,1
bwapp,login,CG-Adaptive,4,2,56,ba0403fd4e4afb08,200,1
bwapp,login,CG-Adaptive,4,2,69,1bd00bbf05258f87,200,1
bwapp,login,CG-Adaptive,4,2,76,07a4bbbc1cd06e3e,200,1
bwapp,login,CG-Adaptive,4,2,91,1d97d81b4382a6d8,200,1
bwapp,login,CG-Adaptive,4,2,96,3abd81c77d46f151,200,1
bwapp,login,CG-Adaptive,4,2,103,13228273647b18cb,200,1
bwapp,login,CG-Adaptive,4,2,106,6b97e70b86575e31,200,1
bwapp,login,CG-Adaptive,4,2,120,439c1991264cbcf9,200,1
bwapp,login,CG-Adaptive,4,2,124,f798220ef73585f7,200,1
bwapp,login,CG-Adaptive,4,2,125,aec78e7d0dadee61,200,1
bwapp,login,CG-Adaptive,4,2,129,ac2940077b4d5eeb,200,1
bwapp,login,CG-Adaptive,4,2,135,39edeb941f2ba968,200,1
bwapp,login,CG-Adaptive,4,2,139,e778590400f35f57,200,1
bwapp,login,CG-Adaptive,4,2,152,8dd9dcee35a64592,200,1
bwapp,login,CG-Adaptive,4,2,155,56fcfde248fd9791,200,1
bwapp,login,CG-Adaptive,4,2,158,d673e37b9fd9c10a,200,1
bwapp,login,CG-Adaptive,4,2,160,670fd1eb31b1aac9,200,1
bwapp,login,CG-Adaptive,4,2,190,613740efba4223d7,200,1
bwapp,login,CG-Adaptive,4,2,195,d71e0ad8e93c7bba,200,1
bwapp,login,CG-Adaptive,4,2,197,599693203ecc2fd5,200,1
bwapp,login,CG-Adaptive,4,2,201,c91bed530bdbae38,200,1
bwapp,login,CG-Adaptive,4,2,204,b4f7c4a19178f52b,200,1
bwapp,login,CG-Adaptive,4,2,207,14088862c51f4367,200,1
bwapp,login,CG-Adaptive,4,2,217,6e81ffcba4903f2f,200,1
bwapp,login,CG-Adaptive,4,2,220,deffcc49120559df,200,1
bwapp,login,CG-Adaptive,4,2,224,9c26b84475752225,200,1
bwapp,login,CG-Adaptive,4,2,226,1eff0633d93765a2,200,1
bwapp,login,CG-Adaptive,4,2,229,e4edb2833734c317,200,1
bwapp,login,CG-Adaptive,4,2,232,6dcbde035d683838,200,1
bwapp,login,CG-Adaptive,4,2,236,67c2eb4bd5ea1a01,200,1
bwapp,login,CG-Adaptive,4,2,241,05465e1c1b858582,200,1
bwapp,login,CG-Adaptive,4,2,244,062c0f3bae58f3ca,200,1
bwapp,login,CG-Adaptive,4,2,249,582d0bb2f626e712,200,1
bwapp,login,CG-Adaptive,4,2,251,e99a0890c57a1322,200,1
bwapp,login,CG-Adaptive,4,2,254,8e7573f116a0bd3f,200,1
bwapp,login,CG-Adaptive,4,2,255,1b9285b441c82b94,200,1
bwapp,login,CG-Adaptive,4,2,257,ebc9577993c642ba,200,1
bwapp,login,CG-Adaptive,4,2,258,c68ee6a65490e612,200,1
bwapp,login,CG-Adaptive,4,2,260,ae003d4b1a9f891f,200,1
bwapp,login,CG-Adaptive,4,2,261,c978165e8199f79b,200,1
bwapp,login,CG-Adaptive,4,2,262,db5ba2ff499b2c10,200,1
bwapp,login,CG-Adaptive,4,2,263,e2b69b0b329b654f,200,1
bwapp,login,CG-Adaptive,4,2,265,22a4f68e6215d6db,200,1
bwapp,login,CG-Adaptive,4,2,267,d11736b3448d18b7,200,1
bwapp,login,CG-Adaptive,4,2,269,6970b5a5362bbd63,200,1
bwapp,login,CG-Adaptive,4,2,271,06899696ce865b12,200,1
bwapp,login,CG-Adaptive,4,2,273,6b4294c5df6b542a,200,1
bwapp,login,CG-Adaptive,4,2,274,37d371bf1c0843a2,200,1
bwapp,login,CG-Adaptive,4,2,276,8ba3303275d2582b,200,1
bwapp,login,CG-Adaptive,4,2,277,eafe0bdc376247a8,200,1
bwapp,login,CG-Adaptive,4,2,278,3b833a1235a21957,200,1
bwapp,login,CG-Adaptive,4,2,280,5d32c6d15b3313e7,200,1
bwapp,login,CG-Adaptive,4,2,281,70f1de27c5729b12,200,1
bwapp,login,CG-Adaptive,4,2,283,06794271c6df2259,200,1
bwapp,login,CG-Adaptive,4,2,284,43ba608160c80804,200,1
bwapp,login,CG-Adaptive,4,2,285,46e0c03de5e98da5,200,1
bwapp,login,CG-Adaptive,4,2,286,049982686e908da8,200,1
bwapp,login,CG-Adaptive,4,2,288,3df1ac2b75110718,200,1
bwapp,login,CG-Adaptive,4,2,293,1547461e39d3d6dc,200,1
bwapp,login,CG-Adaptive,4,2,295,3cca637365236605,200,1
bwapp,login,CG-Adaptive,4,2,297,80976aede71ef2d6,200,1
bwapp,login,CG-Adaptive,4,2,301,9d8895f796383f5a,200,1
bwapp,login,CG-Adaptive,4,2,303,2e5685cf7c94d40b,200,1
bwapp,login,CG-Adaptive,4,2,304,93ef852920fa484e,200,1
bwapp,login,CG-Adaptive,4,2,306,8acb8bc36bd939cd,200,1
bwapp,login,CG-Adaptive,4,2,307,271b9ba74cde57bf,200,1
bwapp,login,CG-Adaptive,4,2,309,fa89639440835784,200,1
bwapp,login,CG-Adaptive,4,2,310,c7affa2e26cf0e4a,200,1
bwapp,login,CG-Adaptive,4,2,311,9cd44486674cee1b,200,1
bwapp,login,CG-Adaptive,4,2,313,8925e405f974b560,200,1
bwapp,login,CG-Adaptive,4,2,315,c52316ac7957f007,200,1
bwapp,login,CG-Adaptive,4,2,316,a2620364b8e17d8a,200,1
bwapp,login,CG-Adaptive,4,2,317,f108906ecba3cb39,200,1
bwapp,login,CG-Adaptive,4,2,318,2d45cb4e682af761,200,1
bwapp,login,CG-Adaptive,4,2,320,bd1f5384c62a3e8d,200,1
bwapp,login,CG-Adaptive,4,2,321,3c8add82eb4404bc,200,1
bwapp,login,CG-Adaptive,4,2,323,35a456ddbb81f8f5,200,1
bwapp,login,CG-Adaptive,4,2,324,e3396b535780bd60,200,1
bwapp,login,CG-Adaptive,4,2,327,b97642dc7246a503,200,1
bwapp,login,CG-Adaptive,4,2,329,673cc8eddf2a0790,200,1
bwapp,login,CG-Adaptive,4,2,333,8dc0e70058bb0b96,200,1
bwapp,login,CG-Adaptive,4,2,334,b8153ec81f7febad,200,1
bwapp,login,CG-Adaptive,4,2,335,c11a8e77acb9e72d,200,1
bwapp,login,CG-Adaptive,4,2,338,36484afff911928f,200,1
bwapp,login,CG-Adaptive,4,2,339,915c2be37996924b,200,1
bwapp,login,CG-Adaptive,4,2,340,2dc7eb65ea5094fc,200,1
bwapp,login,CG-Adaptive,4,2,342,ea44db2c91c45063,200,1
bwapp,login,CG-Adaptive,4,2,344,30dca0c311fbd941,200,1
bwapp,login,CG-Adaptive,4,2,345,f1287353f3a3e5b2,200,1
bwapp,login,CG-Adaptive,4,2,346,042855d00d3cd320,200,1
bwapp,login,CG-Adaptive,4,2,348,43965ac6bddb0e97,200,1
bwapp,login,CG-Adaptive,4,2,349,20a23aca442c84e3,200,1
bwapp,login,CG-Adaptive,4,2,350,bc01af2fc316c89f,200,1
bwapp,login,CG-Adaptive,4,2,351,7057dbe627be2a71,200,1
bwapp,login,CG-Adaptive,4,2,353,feb94dff82b3cb67,200,1
bwapp,login,CG-Adaptive,4,2,354,7cdb76b80f09120a,200,1
bwapp,login,CG-Adaptive,4,2,356,2ca33e6c7041d7ab,200,1
bwapp,login,CG-Adaptive,4,2,358,ce0cfa958d5002c6,200,1
bwapp,login,CG-Adaptive,4,2,359,a87ee61f42d32793,200,1
bwapp,login,CG-Adaptive,4,2,361,e09c11f5ba7814b8,200,1
bwapp,login,CG-Adaptive,4,2,362,994ab33b0e527ed6,200,1
bwapp,login,CG-Adaptive,4,2,363,8e0511249b5d27f3,200,1
bwapp,login,CG-Adaptive,4,2,364,82cdbe0944ad6ecf,200,1
bwapp,login,CG-Adaptive,4,2,366,bc36baa9fcb1a182,200,1
bwapp,login,CG-Adaptive,4,2,367,8e7ed542e091ae36,200,1
bwapp,login,CG-Adaptive,4,2,368,7347c59ac42e652e,200,1
bwapp,login,CG-Adaptive,4,2,369,a532cf5ea1e79bf3,200,1
bwapp,login,CG-Adaptive,4,2,370,b562121c5983b99a,200,1
bwapp,login,CG-Adaptive,4,2,371,12b203765e13cf28,200,1
bwapp,login,CG-Adaptive,4,2,373,e1a9490e85b90468,200,1
bwapp,login,CG-Adaptive,4,2,375,73a8658fe139fee5,200,1
bwapp,login,CG-Adaptive,4,2,376,e6aebeb57be60f79,200,1
bwapp,login,CG-Adaptive,4,2,377,44ac446b453d44eb,200,1
bwapp,login,CG-Adaptive,4,2,379,b9b1cf1ac75fede2,200,1
bwapp,login,CG-Adaptive,4,4,15,6014ea54718eda80,200,1
bwapp,login,CG-Adaptive,4,4,16,25c5c07f8215fa8a,200,1
bwapp,login,CG-Adaptive,4,4,22,255206005715029c,200,1
bwapp,login,CG-Adaptive,4,4,31,d0d539d52f03e096,200,1
bwapp,login,CG-Adaptive,4,4,36,08e0f225d4dde6a9,200,1
bwapp,login,CG-Adaptive,4,4,41,5db89db2664d9830,200,1
bwapp,login,CG-Adaptive,4,4,43,116215ae9926d5b8,200,1
bwapp,login,CG-Adaptive,4,4,47,8714d20812618b72,200,1
bwapp,login,CG-Adaptive,4,4,55,3a535ec3fc9a3921,200,1
bwapp,login,CG-Adaptive,4,4,70,25e33d5746c5bfd7,200,1
bwapp,login,CG-Adaptive,4,4,81,92b3ec17c995ea42,200,1
bwapp,login,CG-Adaptive,4,4,87,670fd1eb31b1aac9,200,1
bwapp,login,CG-Adaptive,4,4,96,57784b4ffa634e01,200,1
bwapp,login,CG-Adaptive,4,4,104,8043fe0df6176621,200,1
bwapp,login,CG-Adaptive,4,4,111,ca98c50df447399c,200,1
bwapp,login,CG-Adaptive,4,4,123,6386ecb4e6f1a42d,200,1
bwapp,login,CG-Adaptive,4,4,130,eeb0eeec58cf1492,200,1
bwapp,login,CG-Adaptive,4,4,131,90a8037508f1f2c2,200,1
bwapp,login,CG-Adaptive,4,4,134,2366741bc9676a0c,200,1
bwapp,login,CG-Adaptive,4,4,139,26cd9cd17fa60c06,200,1
bwapp,login,CG-Adaptive,4,4,141,531dc2790d71b4a7,200,1
bwapp,login,CG-Adaptive,4,4,147,9dccb557bc53fb66,200,1
bwapp,login,CG-Adaptive,4,4,154,77e2f998f2dec5da,200,1
bwapp,login,CG-Adaptive,4,4,167,4b0d062ba309f2b9,200,1
bwapp,login,CG-Adaptive,4,4,169,fc6dac4b2cce6e4c,200,1
bwapp,login,CG-Adaptive,4,4,172,20f0834d51035aa4,200,1
bwapp,login,CG-Adaptive,4,4,175,16bd1601b7e3d9c0,200,1
bwapp,login,CG-Adaptive,4,4,178,d04f07b7489187f6,200,1
bwapp,login,CG-Adaptive,4,4,179,382b6b0165dd1198,200,1
bwapp,login,CG-Adaptive,4,4,180,99cc16f328006a48,200,1
bwapp,login,CG-Adaptive,4,4,181,af57076502e57375,200,1
bwapp,login,CG-Adaptive,4,4,183,972cd4b9013d28e2,200,1
bwapp,login,CG-Adaptive,4,4,189,698ec9d95b0caccf,200,1
bwapp,login,CG-Adaptive,4,4,195,251f2c15aa8e0118,200,1
bwapp,login,CG-Adaptive,4,4,202,0d90c48cf2305c9d,200,1
bwapp,login,CG-Adaptive,4,4,205,7c315497a64db4bb,200,1
bwapp,login,CG-Adaptive,4,4,207,ca467d36099627e2,200,1
bwapp,login,CG-Adaptive,4,4,209,2d56accd032ecfea,200,1
bwapp,login,CG-Adaptive,4,4,214,ffaa69b3e3b0e3ca,200,1
bwapp,login,CG-Adaptive,4,4,217,c3450a2b6bef7772,200,1
bwapp,login,CG-Adaptive,4,4,219,11a0a36f607ff1fb,200,1
bwapp,login,CG-Adaptive,4,4,222,5765403d75d4079f,200,1
bwapp,login,CG-Adaptive,4,4,223,f9f351eef7479cc0,200,1
bwapp,login,CG-Adaptive,4,4,225,881587de2eb58618,200,1
bwapp,login,CG-Adaptive,4,4,226,41bcaeac4b37a2cb,200,1
bwapp,login,CG-Adaptive,4,4,228,6eb5785034096639,200,1
bwapp,login,CG-Adaptive,4,4,231,34018d5177c01e4c,200,1
bwapp,login,CG-Adaptive,4,4,234,0e0368b115493907,200,1
bwapp,login,CG-Adaptive,4,4,237,3fd16b9ebb2bdfe1,200,1
bwapp,login,CG-Adaptive,4,4,241,6043affbdf6bfd51,200,1
bwapp,login,CG-Adaptive,4,4,243,b2300969c2b36f52,200,1
bwapp,login,CG-Adaptive,4,4,246,ee8d4dd0dda9238d,200,1
bwapp,login,CG-Adaptive,4,4,247,ecddacd5288e863d,200,1
bwapp,login,CG-Adaptive,4,4,252,82b1637201b7ebd3,200,1
bwapp,login,CG-Adaptive,4,4,253,000f4d8a182ffb63,200,1
bwapp,login,CG-Adaptive,4,4,254,bf555d0c1d7ccc55,200,1
bwapp,login,CG-Adaptive,4,4,256,d701ec36c951bac9,200,1
bwapp,login,CG-Adaptive,4,4,259,8968bfb0aec2f120,200,1
bwapp,login,CG-Adaptive,4,4,260,2597d5b484b57b0e,200,1
bwapp,login,CG-Adaptive,4,4,263,7b02c6f2b8b1ce6e,200,1
bwapp,login,CG-Adaptive,4,4,264,640686314beca4bd,200,1
bwapp,login,CG-Adaptive,4,4,265,b80904baac1f1402,200,1
bwapp,login,CG-Adaptive,4,4,266,bc80f5cea24ea99a,200,1
bwapp,login,CG-Adaptive,4,4,267,49c16a2bedbf711d,200,1
bwapp,login,CG-Adaptive,4,4,268,254abb9b9d86996b,200,1
bwapp,login,CG-Adaptive,4,4,269,5c482208392a02fc,200,1
bwapp,login,CG-Adaptive,4,4,271,625fccaa22b4c113,200,1
bwapp,login,CG-Adaptive,4,4,275,100ac9f7f82e7111,200,1
bwapp,login,CG-Adaptive,4,4,276,a4c66e3db03e9944,200,1
bwapp,login,CG-Adaptive,4,4,277,f1762d19b9768957,200,1
bwapp,login,CG-Adaptive,4,4,280,9a86551a6ce5a0eb,200,1
bwapp,login,CG-Adaptive,4,4,281,64d7328a2156e5cc,200,1
bwapp,login,CG-Adaptive,4,4,282,e027e6ab8eeb10f8,200,1
bwapp,login,CG-Adaptive,4,4,283,469ce417185650e9,200,1
bwapp,login,CG-Adaptive,4,4,284,87faf263c7e70e53,200,1
bwapp,login,CG-Adaptive,4,4,285,783b1945ba0d039b,200,1
bwapp,login,CG-Adaptive,4,4,286,e8e9fa07124de619,200,1
bwapp,login,CG-Adaptive,4,4,287,c9bdc9f00f840f4c,200,1
bwapp,login,CG-Adaptive,4,4,288,03c180bc3ec71ede,200,1
bwapp,login,CG-Adaptive,4,4,290,3d212423e7796698,200,1
bwapp,login,CG-Adaptive,4,4,291,89350a4e7e70bf3a,200,1
bwapp,login,CG-Adaptive,4,4,293,e9b4ff6dd97945a7,200,1
bwapp,login,CG-Adaptive,4,4,294,9c443bef785e0346,200,1
bwapp,login,CG-Adaptive,4,4,296,40775de899d23ab1,200,1
bwapp,login,CG-Adaptive,4,4,298,2a9e191a127cd060,200,1
bwapp,login,CG-Adaptive,4,4,299,cd602ba99ced85f3,200,1
bwapp,login,CG-Adaptive,4,4,300,03e53c300baeff8d,200,1
bwapp,login,CG-Adaptive,4,4,301,ba9b8d2ba7dc2e5a,200,1
bwapp,login,CG-Adaptive,4,4,303,b94b27c51f2b3ba7,200,1
bwapp,login,CG-Adaptive,4,4,304,b92e1668b5337484,200,1
bwapp,login,CG-Adaptive,4,4,305,76c64e403278c897,200,1
bwapp,login,CG-Adaptive,4,4,306,f441f51e5470384e,200,1
bwapp,login,CG-Adaptive,4,4,307,dad89ad00ed9cdb7,200,1
bwapp,login,CG-Adaptive,4,4,308,ad50a6e3315c4e4d,200,1
bwapp,login,CG-Adaptive,4,4,310,cacd17f75b5017e7,200,1
bwapp,login,CG-Adaptive,4,4,311,eb0d627eaf54ecf9,200,1
bwapp,login,CG-Adaptive,4,4,312,957449d8921aaa6d,200,1
bwapp,login,CG-Adaptive,4,4,313,e4e9d5808a218471,200,1
bwapp,login,CG-Adaptive,4,4,314,42a48f53c967120d,200,1
bwapp,login,CG-Adaptive,4,4,315,9f04e6b903be8237,200,1
bwapp,login,CG-Adaptive,4,4,316,2dbd44664d177bee,200,1
bwapp,login,CG-Adaptive,4,4,318,00174e40fe95121e,200,1
bwapp,login,CG-Adaptive,4,4,319,aeab66a83c0fcccf,200,1
bwapp,login,CG-Adaptive,4,4,320,a28019f94c555f00,200,1
bwapp,login,CG-Adaptive,4,4,321,65c8e4e082e28284,200,1
bwapp,login,CG-Adaptive,4,4,322,2ae742285daf2cca,200,1
bwapp,login,CG-Adaptive,4,4,323,ceae6218278fee02,200,1
bwapp,login,CG-Adaptive,4,4,325,df71d56b5908a80f,200,1
bwapp,login,CG-Adaptive,4,4,326,4e568888aa903074,200,1
bwapp,login,CG-Adaptive,4,4,327,af7ed6c8179b8a67,200,1
bwapp,login,CG-Adaptive,4,4,328,64bd99b098717078,200,1
bwapp,login,CG-Adaptive,4,4,329,eb6b033747f4e6e5,200,1
bwapp,login,CG-Adaptive,4,4,330,3554634cfbd3e2ec,200,1
bwapp,login,CG-Adaptive,4,4,331,ca3e21c3af8ff805,200,1
bwapp,login,CG-Adaptive,4,4,332,e1e77e99b518d668,200,1
bwapp,login,CG-Adaptive,4,4,334,9264065749b6938d,200,1
bwapp,login,CG-Adaptive,4,4,335,0f0daebc48b5b9f7,200,1
bwapp,login,CG-Adaptive,4,4,336,9186553ade40351b,200,1
bwapp,login,CG-Adaptive,4,4,337,264770ae64358cdb,200,1
bwapp,login,CG-Adaptive,4,4,338,23a72e6048437a9f,200,1
bwapp,login,CG-Adaptive,4,4,339,af5d48da0213950c,200,1
bwapp,login,CG-Adaptive,4,4,340,5f338605bd4f265c,200,1
bwapp,login,CG-Adaptive,4,4,341,c68fcb8d7e32fe12,200,1
bwapp,login,CG-Adaptive,4,4,343,96d7cbae535a778c,200,1
bwapp,login,CG-Adaptive,4,4,345,599ab31f216074e3,200,1
bwapp,login,CG-Adaptive,4,4,346,bdd69f14090e8272,200,1
bwapp,login,CG-Adaptive,4,4,347,85a31657cb9f1a97,200,1
bwapp,login,CG-Adaptive,4,4,349,58784b57c5bca695,200,1
bwapp,login,CG-Adaptive,4,4,350,8815382b2f3ee9d4,200,1
bwapp,login,CG-Adaptive,4,4,351,564b213481d33317,200,1
bwapp,login,CG-Adaptive,4,4,352,79123334345c15ef,200,1
bwapp,login,CG-Adaptive,4,4,353,ae998c828c377ee5,200,1
bwapp,login,CG-Adaptive,4,4,354,c30ec60dcadb2da9,200,1
bwapp,login,CG-Adaptive,4,4,355,0b538775351413db,200,1
bwapp,login,CG-Adaptive,4,4,356,e4f5c1dcf501df28,200,1
bwapp,login,CG-Adaptive,4,4,357,28e71a937608b39c,200,1
bwapp,login,CG-Adaptive,4,4,359,26c465ebebf5796f,200,1
bwapp,login,CG-Adaptive,4,4,360,4f9de2020dd858b1,200,1
bwapp,login,CG-Adaptive,4,4,361,72754a64f5364f7c,200,1
bwapp,login,CG-Adaptive,4,4,362,8a1ee24dec92efff,200,1
bwapp,login,CG-Adaptive,4,4,363,b3b21217c2c42838,200,1
bwapp,login,CG-Adaptive,4,4,364,014b21105540753d,200,1
bwapp,login,CG-Adaptive,4,4,365,249aa221a4e2db3a,200,1
bwapp,login,CG-Adaptive,4,4,366,5d60ef12d3791733,200,1
bwapp,login,CG-Adaptive,4,4,367,378d524a095a09b2,200,1
bwapp,login,CG-Adaptive,4,4,368,99674d79e741fba2,200,1
bwapp,login,CG-Adaptive,4,4,369,f7d947b8121d5c3b,200,1
bwapp,login,CG-Adaptive,4,4,370,4d4d20859ad2099f,200,1
bwapp,login,CG-Adaptive,4,4,372,ad2d8d3933358a07,200,1
bwapp,login,CG-Adaptive,4,4,373,fca4de6a46e089e3,200,1
bwapp,login,CG-Adaptive,4,4,374,1d0c114bdc70e06e,200,1
bwapp,login,CG-Adaptive,4,4,375,aef395d49ea008c7,200,1
bwapp,login,CG-Adaptive,4,4,376,d7039992db9bbf80,200,1
bwapp,login,CG-Adaptive,4,4,377,5bfcafff83206a51,200,1
bwapp,login,CG-Adaptive,4,4,378,8effc2bea5653376,200,1
bwapp,login,CG-Adaptive,4,4,379,94a53913901b5a60,200,1
bwapp,login,CG-Adaptive,4,4,380,28a7ee3f4224c295,200,1
bwapp,login,CG-Adaptive,4,4,381,02b79be51f956271,200,1
bwapp,login,CG-Adaptive,4,4,382,37a04a6a7a5b39bf,200,1
bwapp,login,CG-Adaptive,4,4,383,3fba675837002ec8,200,1
bwapp,login,CG-Adaptive,4,4,384,60a413a2fbe33a99,200,1
bwapp,login,CG-Adaptive,4,4,385,57b76aec720d055b,200,1
bwapp,login,CG-Adaptive,4,4,386,ad2c9c0edfb358de,200,1
bwapp,login,CG-Adaptive,4,4,387,230e60983d5d5ea7,200,1
bwapp,login,CG-Adaptive,4,4,388,b6bda07ef856f648,200,1
bwapp,login,CG-Adaptive,4,4,389,fc42233aa304b446,200,1
bwapp,login,CG-Adaptive,4,5,2,2dbe74ea4e3e98a7,200,1
bwapp,login,CG-Adaptive,4,5,10,736e02e9ddb128ed,200,1
bwapp,login,CG-Adaptive,4,5,14,e59d4d75b39d68a7,200,1
bwapp,login,CG-Adaptive,4,5,19,255206005715029c,200,1
bwapp,login,CG-Adaptive,4,5,22,5b8cc883a8165456,200,1
bwapp,login,CG-Adaptive,4,5,45,8acff7cb0ce57195,200,1
bwapp,login,CG-Adaptive,4,5,51,d2b51b00f2c7bb83,200,1
bwapp,login,CG-Adaptive,4,5,56,76a1c43f318abdcf,200,1
bwapp,login,CG-Adaptive,4,5,63,4b223a614746635c,200,1
bwapp,login,CG-Adaptive,4,5,76,3f8845b8e34c9fde,200,1
bwapp,login,CG-Adaptive,4,5,89,52d5062899c791c2,200,1
bwapp,login,CG-Adaptive,4,5,92,9de952670debdf5c,200,1
bwapp,login,CG-Adaptive,4,5,94,92288daa2e2d3000,200,1
bwapp,login,CG-Adaptive,4,5,100,5458dfb6a4c6fbe0,200,1
bwapp,login,CG-Adaptive,4,5,112,89809af066989205,200,1
bwapp,login,CG-Adaptive,4,5,115,91199e99e85be923,200,1
bwapp,login,CG-Adaptive,4,5,119,9f6e40763d4c89d9,200,1
bwapp,login,CG-Adaptive,4,5,121,190c99c39926a186,200,1
bwapp,login,CG-Adaptive,4,5,122,6711eae9919f2fce,200,1
bwapp,login,CG-Adaptive,4,5,124,2992fa065fc46d39,200,1
bwapp,login,CG-Adaptive,4,5,128,0bf07f17df467f5f,200,1
bwapp,login,CG-Adaptive,4,5,130,f084c0ee1f4e222c,200,1
bwapp,login,CG-Adaptive,4,5,134,5dd6f997e6bebfdb,200,1
bwapp,login,CG-Adaptive,4,5,136,56f65c754b3155c0,200,1
bwapp,login,CG-Adaptive,4,5,138,9a6014aa6126c641,200,1
bwapp,login,CG-Adaptive,4,5,140,85a840d3bef281fc,200,1
bwapp,login,CG-Adaptive,4,5,144,a690e79fa5265502,200,1
bwapp,login,CG-Adaptive,4,5,146,7b1d780d3c1d36bb,200,1
bwapp,login,CG-Adaptive,4,5,147,d335ebe10f45ef9f,200,1
bwapp,login,CG-Adaptive,4,5,148,d8e57ae070191ea3,200,1
bwapp,login,CG-Adaptive,4,5,149,530256a0ad3f6b45,200,1
bwapp,login,CG-Adaptive,4,5,150,6d572a2c3cc2cbb7,200,1
bwapp,login,CG-Adaptive,4,5,151,4b5710a95537ac2a,200,1
bwapp,login,CG-Adaptive,4,5,152,55b231583c14f854,200,1
bwapp,login,CG-Adaptive,4,5,153,f38bab250ab30e07,200,1
bwapp,login,CG-Adaptive,4,5,155,63c3fe36777f89d4,200,1
bwapp,login,CG-Adaptive,4,5,156,5e320d7fbcbf1cdc,200,1
bwapp,login,CG-Adaptive,4,5,157,fda4903ccbb9753b,200,1
bwapp,login,CG-Adaptive,4,5,161,c25dc990c0aa93a2,200,1
bwapp,login,CG-Adaptive,4,5,165,439b1c5bf46c1819,200,1
bwapp,login,CG-Adaptive,4,5,169,72f0a52502f32f65,200,1
bwapp,login,CG-Adaptive,4,5,173,c90980a92f599f68,200,1
bwapp,login,CG-Adaptive,4,5,177,49a2a225d377cd04,200,1
bwapp,login,CG-Adaptive,4,5,178,6165af1a63c85c91,200,1
bwapp,login,CG-Adaptive,4,5,179,dafbaa84443930a4,200,1
bwapp,login,CG-Adaptive,4,5,180,0550b324b332366b,200,1
bwapp,login,CG-Adaptive,4,5,181,72bf8befe76158fe,200,1
bwapp,login,CG-Adaptive,4,5,182,375d885f31811f16,200,1
bwapp,login,CG-Adaptive,4,5,184,686294395c35e118,200,1
bwapp,login,CG-Adaptive,4,5,185,05d6884b2ea86f9d,200,1
bwapp,login,CG-Adaptive,4,5,186,cd99abe31832515f,200,1
bwapp,login,CG-Adaptive,4,5,187,11f455645306c54b,200,1
bwapp,login,CG-Adaptive,4,5,189,7f2e566ffab2969e,200,1
bwapp,login,CG-Adaptive,4,5,190,b93add446807fd23,200,1
bwapp,login,CG-Adaptive,4,5,191,0d2a9b2762ccbe24,200,1
bwapp,login,CG-Adaptive,4,5,192,4fa850b8df99b871,200,1
bwapp,login,CG-Adaptive,4,5,193,6eb17e0153f4aed0,200,1
bwapp,login,CG-Adaptive,4,5,195,78e9c11ba72e7d30,200,1
bwapp,login,CG-Adaptive,4,5,196,2e71d4f655e37ab0,200,1
bwapp,login,CG-Adaptive,4,5,197,9216441383443faf,200,1
bwapp,login,CG-Adaptive,4,5,198,70fb68e4143dc172,200,1
bwapp,login,CG-Adaptive,4,5,200,c2163ca30c201db0,200,1
bwapp,login,CG-Adaptive,4,5,201,f8acec3fc858fcde,200,1
bwapp,login,CG-Adaptive,4,5,202,a0210acdfb288aab,200,1
bwapp,login,CG-Adaptive,4,5,205,945cde9515a6dcb5,200,1
bwapp,login,CG-Adaptive,4,5,206,8bffd86053e8c027,200,1
bwapp,login,CG-Adaptive,4,5,208,930bdb563129eb8a,200,1
bwapp,login,CG-Adaptive,4,5,209,c74d37aa316e17c0,200,1
bwapp,login,CG-Adaptive,4,5,211,a37cfce43ba3b625,200,1
bwapp,login,CG-Adaptive,4,5,212,da839e0f7a3f1a8e,200,1
bwapp,login,CG-Adaptive,4,5,213,4025a6bbbfd71b07,200,1
bwapp,login,CG-Adaptive,4,5,215,0a9c94a03bc51c4c,200,1
bwapp,login,CG-Adaptive,4,5,217,499ed1a5477db6dd,200,1
bwapp,login,CG-Adaptive,4,5,218,f5bb21a48953f24f,200,1
bwapp,login,CG-Adaptive,4,5,220,6289ec4e4332e201,200,1
bwapp,login,CG-Adaptive,4,5,221,2e7bfec61c83909e,200,1
bwapp,login,CG-Adaptive,4,5,222,d620cc8c912a6570,200,1
bwapp,login,CG-Adaptive,4,5,223,b8363dfae646abee,200,1
bwapp,login,CG-Adaptive,4,5,224,69b9ca43d3b302f8,200,1
bwapp,login,CG-Adaptive,4,5,225,62faddaf5aca76b7,200,1
bwapp,login,CG-Adaptive,4,5,226,6f02357fec5dbcf1,200,1
bwapp,login,CG-Adaptive,4,5,227,3799f403fb263e68,200,1
bwapp,login,CG-Adaptive,4,5,228,35a6f6445b41dc4a,200,1
bwapp,login,CG-Adaptive,4,5,229,7e4aa0935d23d489,200,1
bwapp,login,CG-Adaptive,4,5,230,ade2d596dd6eed75,200,1
bwapp,login,CG-Adaptive,4,5,231,db241d35304c8470,200,1
bwapp,login,CG-Adaptive,4,5,232,6d90f06dc81b0716,200,1
bwapp,login,CG-Adaptive,4,5,233,68fc206ea70fc987,200,1
bwapp,login,CG-Adaptive,4,5,235,6b8879b498958d78,200,1
bwapp,login,CG-Adaptive,4,5,236,75c97d0719835cca,200,1
bwapp,login,CG-Adaptive,4,5,237,11c3bcda676586bf,200,1
bwapp,login,CG-Adaptive,4,5,238,0bc2b635edde3172,200,1
bwapp,login,CG-Adaptive,4,5,239,9fcd13dd04d7db38,200,1
bwapp,login,CG-Adaptive,4,5,240,2b0b81dd00631d4a,200,1
bwapp,login,CG-Adaptive,4,5,241,69ed09995794bc55,200,1
bwapp,login,CG-Adaptive,4,5,242,85f4a2e1ab4c1246,200,1
bwapp,login,CG-Adaptive,4,5,243,af9a044ae9625ddb,200,1
bwapp,login,CG-Adaptive,4,5,245,cf9aff5f51c02581,200,1
bwapp,login,CG-Adaptive,4,5,246,e47bc3e6058abc25,200,1
bwapp,login,CG-Adaptive,4,5,247,4b4d58a052a2202f,200,1
bwapp,login,CG-Adaptive,4,5,248,12a6e6fce3ca8229,200,1
bwapp,login,CG-Adaptive,4,5,249,f0b1819ce36f77a2,200,1
bwapp,login,CG-Adaptive,4,5,250,b1c0ca1e56359957,200,1
bwapp,login,CG-Adaptive,4,5,251,41809dbb7c0e4810,200,1
bwapp,login,CG-Adaptive,4,5,252,b95b1f32ec6be8bf,200,1
bwapp,login,CG-Adaptive,4,5,253,0e3ae65f58186db0,200,1
bwapp,login,CG-Adaptive,4,5,254,390f68a996f74565,200,1
bwapp,login,CG-Adaptive,4,5,255,775234ba88002850,200,1
bwapp,login,CG-Adaptive,4,5,256,f059f7d3d716f182,200,1
bwapp,login,CG-Adaptive,4,5,257,3d3b858a0125d9e8,200,1
bwapp,login,CG-Adaptive,4,5,258,0f3884fcaf7d63a8,200,1
bwapp,login,CG-Adaptive,4,5,259,13658e04f6ced67e,200,1
bwapp,login,CG-Adaptive,4,5,260,697f840c63a414d2,200,1
bwapp,login,CG-Adaptive,4,5,261,a5908b77e9e19f6e,200,1
bwapp,login,CG-Adaptive,4,5,262,7defdf11169d6603,200,1
bwapp,login,CG-Adaptive,4,5,263,b5e978eaac25dc53,200,1
bwapp,login,CG-Adaptive,4,5,264,f9845b395949f8d9,200,1
bwapp,login,CG-Adaptive,4,5,265,b30eafe503c1ca73,200,1
bwapp,login,CG-Adaptive,4,5,266,583aeea0354e0c89,200,1
bwapp,login,CG-Adaptive,4,5,267,89ece626cdd93d93,200,1
bwapp,login,CG-Adaptive,4,5,268,73d63b756a1a9b0e,200,1
bwapp,login,CG-Adaptive,4,5,269,542a2371bf57bafe,200,1
bwapp,login,CG-Adaptive,4,5,270,3972e40ecacd4ee2,200,1
bwapp,login,CG-Adaptive,4,5,271,16821ff54bb119c0,200,1
bwapp,login,CG-Adaptive,4,5,272,4d6086d9de119205,200,1
bwapp,login,CG-Adaptive,4,5,273,515a223d9b539bce,200,1
bwapp,login,CG-Adaptive,4,5,274,e42b3f185db80587,200,1
bwapp,login,CG-Adaptive,4,5,275,7cf6a95ed41ee67f,200,1
bwapp,login,CG-Adaptive,4,5,276,234dafd8d0894240,200,1
bwapp,login,CG-Adaptive,4,5,277,ebdaadf0b30ac8bd,200,1
bwapp,login,CG-Adaptive,4,5,278,c84bf9ccbe6cbb2e,200,1
bwapp,login,CG-Adaptive,4,5,279,2b3014c0c8460096,200,1
bwapp,login,CG-Adaptive,4,5,280,c630c9b4e8ea9acf,200,1
bwapp,login,CG-Adaptive,4,5,281,728e333c6a039208,200,1
bwapp,login,CG-Adaptive,4,5,282,fa0335aa9791a19f,200,1
bwapp,login,CG-Adaptive,4,5,283,cac48e40c8a22d4a,200,1
bwapp,login,CG-Adaptive,4,5,284,ce19ac513074fd78,200,1
bwapp,login,CG-Adaptive,4,5,285,a3e95098ce1365e2,200,1
bwapp,login,CG-Adaptive,4,5,286,907bb157825697a6,200,1
bwapp,login,CG-Adaptive,4,5,288,043474e1cd566f65,200,1
bwapp,login,CG-Adaptive,4,5,289,e10755caf5f2429d,200,1
bwapp,login,CG-Adaptive,4,5,290,8f1f6e565ede7be6,200,1
bwapp,login,CG-Adaptive,4,5,291,a97c95e6e8b244a2,200,1
bwapp,login,CG-Adaptive,4,5,292,44c9913924cb5084,200,1
bwapp,login,CG-Adaptive,4,5,293,bf7aee33a485c899,200,1
bwapp,login,CG-Adaptive,4,5,295,efc99bb19e0306b6,200,1
bwapp,login,CG-Adaptive,4,5,296,900535f5e767a023,200,1
bwapp,login,CG-Adaptive,4,5,297,8ad3448238f1c4c6,200,1
bwapp,login,CG-Adaptive,4,5,298,4cb6216bb81ad937,200,1
bwapp,login,CG-Adaptive,4,5,299,085eaff54a862af6,200,1
bwapp,login,CG-Adaptive,4,5,300,36b0f15eb7a81dc1,200,1
bwapp,login,CG-Adaptive,4,5,301,e751973a4ec44922,200,1
bwapp,login,CG-Adaptive,4,5,302,10aa981348371ad0,200,1
bwapp,login,CG-Adaptive,4,5,303,aa085e891439b2bd,200,1
bwapp,login,CG-Adaptive,4,5,304,7445fbac6529ef88,200,1
bwapp,login,CG-Adaptive,4,5,305,1e6c58af7ca24ca3,200,1
bwapp,login,CG-Adaptive,4,5,306,45656ea551d8fe42,200,1
bwapp,login,CG-Adaptive,4,5,307,dbd8bf282775a88e,200,1
bwapp,login,CG-Adaptive,4,5,308,ae11ade464582e22,200,1
bwapp,login,CG-Adaptive,4,5,309,23e0c9409ab1c917,200,1
bwapp,login,CG-Adaptive,4,5,310,c241787d1cf87a90,200,1
bwapp,login,CG-Adaptive,4,5,311,e2f2e26542924434,200,1
bwapp,login,CG-Adaptive,4,5,312,5fd5c676ae90312f,200,1
bwapp,login,CG-Adaptive,4,5,313,dfb42c88dc26bf63,200,1
bwapp,login,CG-Adaptive,4,5,314,68510857c2a6fccb,200,1
bwapp,login,CG-Adaptive,4,5,315,7e7f0b069656c51f,200,1
bwapp,login,CG-Adaptive,4,5,316,ab7a796f92141af3,200,1
bwapp,login,CG-Adaptive,4,5,317,2b32986d463e81d2,200,1
bwapp,login,CG-Adaptive,4,5,318,aafa307f732bc000,200,1
bwapp,login,CG-Adaptive,4,5,319,3d31adfd888aa821,200,1
bwapp,login,CG-Adaptive,4,5,320,ff732e88a5aee707,200,1
bwapp,login,CG-Adaptive,4,5,321,3a161dd9a5c981b1,200,1
bwapp,login,CG-Adaptive,4,5,322,362af0980b239ae5,200,1
bwapp,login,CG-Adaptive,4,5,323,73935792bf16f2a3,200,1
bwapp,login,CG-Adaptive,4,5,324,37151c0daf1eb325,200,1
bwapp,login,CG-Adaptive,4,5,325,943661d81891e7b4,200,1
bwapp,login,CG-Adaptive,4,5,326,fb53593259afefc2,200,1
bwapp,login,CG-Adaptive,4,5,327,30c81e2b97489b02,200,1
bwapp,login,CG-Adaptive,4,5,328,a28db98ef5958c1d,200,1
bwapp,login,CG-Adaptive,4,5,329,315b08aae071ecb5,200,1
bwapp,login,CG-Adaptive,4,5,330,982fcc6c57386a1f,200,1
bwapp,login,CG-Adaptive,4,5,331,1afc836dd4153681,200,1
bwapp,login,CG-Adaptive,4,5,332,0d38553c7efdb0e6,200,1
bwapp,login,CG-Adaptive,4,5,333,68c942075cf13acd,200,1
bwapp,login,CG-Adaptive,4,5,334,8d862e25797a5211,200,1
bwapp,login,CG-Adaptive,4,5,335,dd91246e64bcda41,200,1
bwapp,login,CG-Adaptive,4,5,336,1c54208ccc09f7e0,200,1
bwapp,login,CG-Adaptive,4,5,337,e5730e36c59eb05e,200,1
bwapp,login,CG-Adaptive,4,5,338,a6ace26df4a3e96b,200,1
bwapp,login,CG-Adaptive,4,5,339,0f2c98779e20398f,200,1
bwapp,login,CG-Adaptive,4,5,340,f5b2474bd6dffcd7,200,1
bwapp,login,CG-Adaptive,4,5,341,4b9bfd36f1b404ae,200,1
bwapp,login,CG-Adaptive,4,5,342,d6d9aed366a04fcc,200,1
bwapp,login,CG-Adaptive,4,5,343,b3b72d311ebf755d,200,1
bwapp,login,CG-Adaptive,4,5,344,e0c495087b0e59f4,200,1
bwapp,login,CG-Adaptive,4,5,345,fc3382881d9886b8,200,1
bwapp,login,CG-Adaptive,4,5,346,e028fc67c3791a40,200,1
bwapp,login,CG-Adaptive,4,5,347,7f0e16efb5bd493d,200,1
bwapp,login,CG-Adaptive,4,5,348,3fed09fc78ba6219,200,1
bwapp,login,CG-Adaptive,4,5,349,31af75210b7fc992,200,1
bwapp,login,CG-Adaptive,4,5,350,add3b41d3e1a21c8,200,1
bwapp,login,CG-Adaptive,4,5,351,61fd07090f5ae3f9,200,1
bwapp,login,CG-Adaptive,4,5,352,fa41e5cad5730203,200,1
bwapp,login,CG-Adaptive,4,5,353,c7f7711b6899eb12,200,1
bwapp,login,CG-Adaptive,4,5,354,f35d070d7334d12a,200,1
bwapp,login,CG-Adaptive,4,5,355,d9d4fa1173ae2e02,200,1
bwapp,login,CG-Adaptive,4,5,356,079a00fb5129c436,200,1
bwapp,login,CG-Adaptive,4,5,357,bbb8ca12ee5aa2ff,200,1
bwapp,login,CG-Adaptive,4,5,358,493099fa2ccf99a3,200,1
bwapp,login,CG-Adaptive,4,5,359,55581daa043748ab,200,1
bwapp,login,CG-Adaptive,4,5,360,2c1e2b9c45b4f2cb,200,1
bwapp,login,CG-Adaptive,4,5,361,5bdeab9750ecacd0,200,1
bwapp,login,CG-Adaptive,4,5,362,55a0a2e9ace41d51,200,1
bwapp,login,CG-Adaptive,4,5,363,f9a4c868bae3640a,200,1
bwapp,login,CG-Adaptive,4,5,364,76b626423f06f171,200,1
bwapp,login,CG-Adaptive,4,5,365,666092e00e9db19e,200,1
bwapp,login,CG-Adaptive,4,5,366,8f1483a824951c58,200,1
bwapp,login,CG-Adaptive,4,5,367,e1fc441486f98e10,200,1
bwapp,login,CG-Adaptive,4,5,368,002d8cac7afe6563,200,1
bwapp,login,CG-Adaptive,4,5,369,f8ec39d84cf01000,200,1
bwapp,login,CG-Adaptive,4,5,370,ec966be906a44b13,200,1
bwapp,login,CG-Adaptive,4,5,371,b307dbcaeb3cc407,200,1
bwapp,login,CG-Adaptive,4,5,372,27037c449ed26496,200,1
bwapp,login,CG-Adaptive,4,5,373,057cdc491b8540e0,200,1
bwapp,login,CG-Adaptive,4,5,374,81f751e827f4b288,200,1
bwapp,login,CG-Adaptive,4,5,375,f9f0c72a9b4a4e9b,200,1
bwapp,login,CG-Adaptive,4,5,376,49df804996222059,200,1
bwapp,login,CG-Adaptive,4,5,377,05024fd96480ac13,200,1
bwapp,login,CG-Adaptive,4,5,378,6a7ea184390a5cf2,200,1
bwapp,login,CG-Adaptive,4,5,379,f4fb24f0e3e8a937,200,1
bwapp,login,CG-Adaptive,4,5,380,c1f3fc933d8db8c0,200,1
bwapp,login,CG-Adaptive,4,5,381,7991956287bc4c95,200,1
bwapp,login,CG-Adaptive,4,5,382,9e746dcd6382bccd,200,1
bwapp,login,CG-Adaptive,4,5,383,31b22efe81306cb5,200,1
bwapp,login,CG-Adaptive,4,5,384,b93a0b9083ce2b49,200,1
bwapp,login,CG-Adaptive,4,5,385,2824b2360259c33e,200,1
bwapp,login,CG-Adaptive,4,5,386,af48d910a176dc0d,200,1
bwapp,login,CG-Adaptive,4,5,387,eb79afb365e2b9fe,200,1
bwapp,login,CG-Adaptive,4,5,388,8208eed451d1b173,200,1
bwapp,login,CG-Adaptive,4,5,389,9c46f108b17018a1,200,1
bwapp,login,CG-Adaptive,4,5,390,28514df0b3a0a0a6,200,1
bwapp,login,CG-Adaptive,4,5,391,0fc5c663480caa5d,200,1
bwapp,login,CG-Adaptive,4,5,392,431cace566885b33,200,1
bwapp,login,CG-Adaptive,4,5,393,affd269ec01ff264,200,1
bwapp,login,CG-Adaptive,4,5,394,545b5406a49e0623,200,1
bwapp,login,CG-Adaptive,4,5,395,df23e26ab36df582,200,1
bwapp,login,CG-Adaptive,4,5,396,427710850962ce19,200,1
bwapp,login,CG-Adaptive,4,5,397,450300338c84ce91,200,1
bwapp,login,CG-Adaptive,4,5,398,1de940a564242a85,200,1
bwapp,login,CG-Adaptive,4,5,399,53f4e8b8911bc80e,200,1
bwapp,login,CG-Adaptive,4,5,400,75682045b094d774,200,1
bwapp,login,CG-Adaptive,4,5,401,5f2bfa6e0c49ae5d,200,1
bwapp,login,CG-Adaptive,4,5,402,60aaf805c2d4dc90,200,1
bwapp,login,CG-Adaptive,4,5,403,a3f3cd7d95065b74,200,1
bwapp,login,CG-Adaptive,4,5,404,0f76df0abe394eac,200,1
bwapp,login,CG-Adaptive,4,5,405,1d7597ce63603bab,200,1
bwapp,login,CG-Adaptive,4,5,406,df2d3244ba8c02fe,200,1
bwapp,login,CG-Adaptive,4,5,407,83043367f317ed5b,200,1
bwapp,login,CG-Adaptive,4,5,408,82991be71c6429ab,200,1
bwapp,login,CG-Adaptive,4,5,409,86b31abe10686a74,200,1
bwapp,login,CG-Adaptive,4,5,410,7549b964a703a3f6,200,1
bwapp,login,CG-Adaptive,4,5,411,d13a17a7419ebff7,200,1
bwapp,login,CG-Adaptive,5,3,2,1f2dcef571bfc262,200,1
bwapp,login,CG-Adaptive,5,3,6,f3609e2a064d5f54,200,1
bwapp,login,CG-Adaptive,5,3,9,71f9ac7ff80c4896,200,1
bwapp,login,CG-Adaptive,5,3,14,58217d48aea804e0,200,1
bwapp,login,CG-Adaptive,5,3,15,3511f24547244135,200,1
bwapp,login,CG-Adaptive,5,3,20,c688049553fbf1eb,200,1
bwapp,login,CG-Adaptive,5,3,24,70736600558825ed,200,1
bwapp,login,CG-Adaptive,5,3,27,547e12f20d1bfaaa,200,1
bwapp,login,CG-Adaptive,5,3,28,c415160bbe95af2a,200,1
bwapp,login,CG-Adaptive,5,3,31,255206005715029c,200,1
bwapp,login,CG-Adaptive,5,3,36,485cc21ec3f3e6c0,200,1
bwapp,login,CG-Adaptive,5,3,39,a6acc9075201b106,200,1
bwapp,login,CG-Adaptive,5,3,40,6e30bf742e43093c,200,1
bwapp,login,CG-Adaptive,5,3,43,02fe9e9e0eed7cf4,200,1
bwapp,login,CG-Adaptive,5,3,46,4e283eacbb21b84d,200,1
bwapp,login,CG-Adaptive,5,3,47,ab4c8052635aa91d,200,1
bwapp,login,CG-Adaptive,5,3,49,bbe8f4f76e2275f9,200,1
bwapp,login,CG-Adaptive,5,3,51,e7244289c8cff5ce,200,1
bwapp,login,CG-Adaptive,5,3,52,27f2f25bf3fe7bbe,200,1
bwapp,login,CG-Adaptive,5,3,53,6386ecb4e6f1a42d,200,1
bwapp,login,CG-Adaptive,5,3,55,63a381b0d272ab48,200,1
bwapp,login,CG-Adaptive,5,3,58,f70b0b39a02e3eb9,200,1
bwapp,login,CG-Adaptive,5,3,60,53204b6b42e729b1,200,1
bwapp,login,CG-Adaptive,5,3,63,e6e2e402fe6e3e26,200,1
bwapp,login,CG-Adaptive,5,3,65,43d5e2ac0c435a1c,200,1
bwapp,login,CG-Adaptive,5,3,69,cefa4fad3078dad7,200,1
bwapp,login,CG-Adaptive,5,3,70,66438ceebe06766a,200,1
bwapp,login,CG-Adaptive,5,3,72,29b967a0c37ed14d,200,1
bwapp,login,CG-Adaptive,5,3,75,095611010f66aa3a,200,1
bwapp,login,CG-Adaptive,5,3,77,278a594b1c801c42,200,1
bwapp,login,CG-Adaptive,5,3,80,383de5b065ea6810,200,1
bwapp,login,CG-Adaptive,5,3,81,ecc55fd3db839cb3,200,1
bwapp,login,CG-Adaptive,5,3,85,8289df014b164693,200,1
bwapp,login,CG-Adaptive,5,3,86,c615464679708127,200,1
bwapp,login,CG-Adaptive,5,3,89,1ebb5b16a145cbbf,200,1
bwapp,login,CG-Adaptive,5,3,93,f7926af3f89afd22,200,1
bwapp,login,CG-Adaptive,5,3,96,7c20c3465c9d8e84,200,1
bwapp,login,CG-Adaptive,5,3,97,0b82615b4b729b0b,200,1
bwapp,login,CG-Adaptive,5,3,99,1c3ceedd97662329,200,1
bwapp,login,CG-Adaptive,5,3,101,568c223971214b78,200,1
bwapp,login,CG-Adaptive,5,3,103,b46b29e8bf02818f,200,1
bwapp,login,CG-Adaptive,5,3,107,d41f73dc8569add7,200,1
bwapp,login,CG-Adaptive,5,3,110,1ad534e083277be0,200,1
bwapp,login,CG-Adaptive,5,3,112,2fad1f76679e2b66,200,1
bwapp,login,CG-Adaptive,5,3,114,d3003f88a61c22f9,200,1
bwapp,login,CG-Adaptive,5,3,117,d38f2dc0f0151d50,200,1
bwapp,login,CG-Adaptive,5,3,121,9b7803443415d70c,200,1
bwapp,login,CG-Adaptive,5,3,123,7374ae9dede1d970,200,1
bwapp,login,CG-Adaptive,5,3,126,3fa97e5b8e0c4d40,200,1
bwapp,login,CG-Adaptive,5,3,128,fc21d2b4b5a15bc0,200,1
bwapp,login,CG-Adaptive,5,3,129,3def49e1d85223d6,200,1
bwapp,login,CG-Adaptive,5,3,130,76a69a0d5cafaac9,200,1
bwapp,login,CG-Adaptive,5,3,132,7905f6358ab2e8b0,200,1
bwapp,login,CG-Adaptive,5,3,133,6829395f34acc880,200,1
bwapp,login,CG-Adaptive,5,3,135,e8d6f782fb631628,200,1
bwapp,login,CG-Adaptive,5,3,138,88a9d61bca68001c,200,1
bwapp,login,CG-Adaptive,5,3,139,168c33de00985440,200,1
bwapp,login,CG-Adaptive,5,3,141,0a84566995c9a7b1,200,1
bwapp,login,CG-Adaptive,5,3,142,36d95dec92cc94e7,200,1
bwapp,login,CG-Adaptive,5,3,143,f5a14a1de70e545c,200,1
bwapp,login,CG-Adaptive,5,3,144,0d5fb30893459ee3,200,1
bwapp,login,CG-Adaptive,5,3,147,6b1af0a7209a1902,200,1
bwapp,login,CG-Adaptive,5,3,149,b7b2f7c329d07966,200,1
bwapp,login,CG-Adaptive,5,3,151,3cc7d6f18c91f298,200,1
bwapp,login,CG-Adaptive,5,3,152,75d6da2c1a344a79,200,1
bwapp,login,CG-Adaptive,5,3,153,d8c680078713e1e7,200,1
bwapp,login,CG-Adaptive,5,3,154,f457efecac14f900,200,1
bwapp,login,CG-Adaptive,5,3,155,e2f6ad1e81bb04b8,200,1
bwapp,login,CG-Adaptive,5,3,157,e7875ca298959f12,200,1
bwapp,login,CG-Adaptive,5,3,159,791fd5976e70e2fe,200,1
bwapp,login,CG-Adaptive,5,3,160,c9f636362be52df6,200,1
bwapp,login,CG-Adaptive,5,3,161,1c39b41f6757687a,200,1
bwapp,login,CG-Adaptive,5,3,162,d3facf7cb7013428,200,1
bwapp,login,CG-Adaptive,5,3,164,d703ae8e8508c8a7,200,1
bwapp,login,CG-Adaptive,5,3,166,51d0c6a511bbb616,200,1
bwapp,login,CG-Adaptive,5,3,167,72e5a1336e3a4b92,200,1
bwapp,login,CG-Adaptive,5,3,168,30e5849d0ffcdea3,200,1
bwapp,login,CG-Adaptive,5,3,169,2728053ff1f0d102,200,1
bwapp,login,CG-Adaptive,5,3,170,da312731bc6c64d0,200,1
bwapp,login,CG-Adaptive,5,3,171,ca4ac1847871690a,200,1
bwapp,login,CG-Adaptive,5,3,172,e1afda8426c36741,200,1
bwapp,login,CG-Adaptive,5,3,174,57078aaeefb27d6c,200,1
bwapp,login,CG-Adaptive,5,3,175,b2800e45ae2b8a67,200,1
bwapp,login,CG-Adaptive,5,3,176,1651d99f343b7f77,200,1
bwapp,login,CG-Adaptive,5,3,177,0035af3d45d3cb5c,200,1
bwapp,login,CG-Adaptive,5,3,178,f46ed88b3eecbbaf,200,1
bwapp,login,CG-Adaptive,5,3,179,c266e67d20cdfe98,200,1
bwapp,login,CG-Adaptive,5,3,181,df3dd44883185676,200,1
bwapp,login,CG-Adaptive,5,3,182,0b1380040e3c1e5f,200,1
bwapp,login,CG-Adaptive,5,3,183,c1edcde122a148fd,200,1
bwapp,login,CG-Adaptive,5,3,184,2b183c21f1c1e644,200,1
bwapp,login,CG-Adaptive,5,3,186,186cff9b038088c0,200,1
bwapp,login,CG-Adaptive,5,3,188,3ad2db3492f7ecba,200,1
bwapp,login,CG-Adaptive,5,3,189,58107c4413b7da12,200,1
bwapp,login,CG-Adaptive,5,3,190,5e8304e174709b49,200,1
bwapp,login,CG-Adaptive,5,3,191,02c513afbdb25d3d,200,1
bwapp,login,CG-Adaptive,5,3,192,3bbcb4c3dc8d0299,200,1
bwapp,login,CG-Adaptive,5,3,193,3c982c83a33b7036,200,1
bwapp,login,CG-Adaptive,5,3,195,f6427f65c6c88321,200,1
bwapp,login,CG-Adaptive,5,3,197,dcde6fb77bfa1146,200,1
bwapp,login,CG-Adaptive,5,3,198,baeb3e45dd8f4f70,200,1
bwapp,login,CG-Adaptive,5,3,200,a95cab7e7dba21e0,200,1
bwapp,login,CG-Adaptive,5,3,201,35421dec556b4d85,200,1
bwapp,login,CG-Adaptive,5,3,202,1fb2032ff300087c,200,1
bwapp,login,CG-Adaptive,5,3,203,0af6125673b0399c,200,1
bwapp,login,CG-Adaptive,5,3,204,3fb96f7b0780742a,200,1
bwapp,login,CG-Adaptive,5,3,205,cfc7cc9f96b69906,200,1
bwapp,login,CG-Adaptive,5,3,206,5eec459a59eb591d,200,1
bwapp,login,CG-Adaptive,5,3,208,2dd8695235237b84,200,1
bwapp,login,CG-Adaptive,5,3,209,8de4992211cc6087,200,1
bwapp,login,CG-Adaptive,5,3,210,b2a2ee68a01aefe9,200,1
bwapp,login,CG-Adaptive,5,3,211,9e7997aadac73949,200,1
bwapp,login,CG-Adaptive,5,3,212,3c7f0a4b9a44759e,200,1
bwapp,login,CG-Adaptive,5,3,213,09f8f1afc747328b,200,1
bwapp,login,CG-Adaptive,5,3,214,73fa6ca6691248bc,200,1
bwapp,login,CG-Adaptive,5,3,215,2ee1b285c678448f,200,1
bwapp,login,CG-Adaptive,5,3,216,68302b18168b0cc0,200,1
bwapp,login,CG-Adaptive,5,3,217,ee2bd12135dc5c66,200,1
bwapp,login,CG-Adaptive,5,3,218,6a90f4951b51a0e6,200,1
bwapp,login,CG-Adaptive,5,3,219,ea9405ec84a8f2e9,200,1
bwapp,login,CG-Adaptive,5,3,220,1201812d2b8da404,200,1
bwapp,login,CG-Adaptive,5,3,221,4b4d58a052a2202f,200,1
bwapp,login,CG-Adaptive,5,3,223,951255d2a6488bff,200,1
bwapp,login,CG-Adaptive,5,3,224,0cfa3cf5dcdb9fbd,200,1
bwapp,login,CG-Adaptive,5,3,225,1c04995a49a4f7bd,200,1
bwapp,login,CG-Adaptive,5,3,226,0b4845c32ba0fba6,200,1
bwapp,login,CG-Adaptive,5,3,227,56a6a6b1c5acc223,200,1
bwapp,login,CG-Adaptive,5,3,229,8e12718122ea0bbd,200,1
bwapp,login,CG-Adaptive,5,3,230,f1ae4443639d6525,200,1
bwapp,login,CG-Adaptive,5,3,231,2b0cd50354338987,200,1
bwapp,login,CG-Adaptive,5,3,232,7070a28c1c2461c1,200,1
bwapp,login,CG-Adaptive,5,3,233,a443a735397c79cb,200,1
bwapp,login,CG-Adaptive,5,3,234,e237a5339114e7e0,200,1
bwapp,login,CG-Adaptive,5,3,235,9b41314af55baad8,200,1
bwapp,login,CG-Adaptive,5,3,236,7f4b03574a898141,200,1
bwapp,login,CG-Adaptive,5,3,238,d4004fc0f42c025a,200,1
bwapp,login,CG-Adaptive,5,3,239,6b6e2764040265fe,200,1
bwapp,login,CG-Adaptive,5,3,240,11be9684b636d30c,200,1
bwapp,login,CG-Adaptive,5,3,241,a6c3e091481a1ef0,200,1
bwapp,login,CG-Adaptive,5,3,243,e95860c180eeea82,200,1
bwapp,login,CG-Adaptive,5,3,244,5a53f1c66f4b2877,200,1
bwapp,login,CG-Adaptive,5,3,245,c479da83b24cecb0,200,1
bwapp,login,CG-Adaptive,5,3,246,e98d9ec58825801d,200,1
bwapp,login,CG-Adaptive,5,3,247,a9cbcb45146eca47,200,1
bwapp,login,CG-Adaptive,5,3,248,6ecf0e2972262de7,200,1
bwapp,login,CG-Adaptive,5,3,249,ac97862c23cf49df,200,1
bwapp,login,CG-Adaptive,5,3,250,c59cd5d2f0bbd17e,200,1
bwapp,login,CG-Adaptive,5,3,251,a808ad0e5bf5b8ab,200,1
bwapp,login,CG-Adaptive,5,3,253,5e66672c70270283,200,1
bwapp,login,CG-Adaptive,5,3,254,f8fffea37155371b,200,1
bwapp,login,CG-Adaptive,5,3,255,d913c195b4f508cc,200,1
bwapp,login,CG-Adaptive,5,3,257,f0c58ee9b0c93dee,200,1
bwapp,login,CG-Adaptive,5,3,258,8a22a361450156eb,200,1
bwapp,login,CG-Adaptive,5,3,259,6859c6522168e432,200,1
bwapp,login,CG-Adaptive,5,3,260,be1b5c7f1ca92cf7,200,1
bwapp,login,CG-Adaptive,5,3,261,95336f56f77b1806,200,1
bwapp,login,CG-Adaptive,5,3,262,dd73d6b32098d88f,200,1
bwapp,login,CG-Adaptive,5,3,263,63893f40aa0ff3e2,200,1
bwapp,login,CG-Adaptive,5,3,264,67aab8721adb5c82,200,1
bwapp,login,CG-Adaptive,5,3,265,9d41b507246ec3df,200,1
bwapp,login,CG-Adaptive,5,3,266,036e0c3b2f483b59,200,1
bwapp,login,CG-Adaptive,5,3,267,1c01efdabbba9cb9,200,1
bwapp,login,CG-Adaptive,5,3,268,dcb1e3a8041a17ec,200,1
bwapp,login,CG-Adaptive,5,3,269,26bcc52504b08c61,200,1
bwapp,login,CG-Adaptive,5,3,270,4a94a83b41aad195,200,1
bwapp,login,CG-Adaptive,5,3,271,629acf90d0d874e6,200,1
bwapp,login,CG-Adaptive,5,3,272,843ded6d4f6c5803,200,1
bwapp,login,CG-Adaptive,5,3,273,1ff0a476d6c99f20,200,1
bwapp,login,CG-Adaptive,5,3,274,02b60d4f69b4d638,200,1
bwapp,login,CG-Adaptive,5,3,275,8cd1904cd85e615f,200,1
bwapp,login,CG-Adaptive,5,3,276,ea73207d72ec46d7,200,1
bwapp,login,CG-Adaptive,5,3,277,8a87be8e8cd90826,200,1
bwapp,login,CG-Adaptive,5,3,278,2b6880a097bfeb19,200,1
bwapp,login,CG-Adaptive,5,3,279,ca34f32f8a04596f,200,1
bwapp,login,CG-Adaptive,5,3,280,f9cbd47f09550a46,200,1
bwapp,login,CG-Adaptive,5,3,281,642fa3fbf032abed,200,1
bwapp,login,CG-Adaptive,5,3,282,0fefb3cbc14cff1b,200,1
bwapp,login,CG-Adaptive,5,3,283,0fc8532d09255585,200,1
bwapp,login,CG-Adaptive,5,3,284,40188dbc1cc084e0,200,1
bwapp,login,CG-Adaptive,5,3,285,48146912f8200906,200,1
bwapp,login,CG-Adaptive,5,3,286,aba0c2d888f337ac,200,1
bwapp,login,CG-Adaptive,5,3,287,53543f3ab16f0b4c,200,1
bwapp,login,CG-Adaptive,5,3,288,cf37a732195a4415,200,1
bwapp,login,CG-Adaptive,5,3,289,80afd13bd09080b4,200,1
bwapp,login,CG-Adaptive,5,3,290,4b4f9f507e108a56,200,1
bwapp,login,CG-Adaptive,5,3,291,723b9056c09e2b3a,200,1
bwapp,login,CG-Adaptive,5,3,292,95d53a5891d8d5bf,200,1
bwapp,login,CG-Adaptive,5,3,293,d5dc2290feb792e7,200,1
bwapp,login,CG-Adaptive,5,3,294,dbbdbaef6ed6da14,200,1
bwapp,login,CG-Adaptive,5,3,295,0f23304b545afe0a,200,1
bwapp,login,CG-Adaptive,5,3,296,5befa4b2d538efbf,200,1
bwapp,login,CG-Adaptive,5,3,297,c29e0edea10656c3,200,1
bwapp,login,CG-Adaptive,5,3,298,a54317bf12f255e3,200,1
bwapp,login,CG-Adaptive,5,3,299,c75a4807aaa057a1,200,1
bwapp,login,CG-Adaptive,5,3,300,d5b0eda0354b1551,200,1
bwapp,login,CG-Adaptive,5,3,301,bb9b6c1dc03fec6c,200,1
bwapp,login,CG-Adaptive,5,3,302,a1e20884bbe8440a,200,1
bwapp,login,CG-Adaptive,5,3,303,be114cbbc162166f,200,1
bwapp,login,CG-Adaptive,5,3,304,4538a3739c5d4d8b,200,1
bwapp,login,CG-Adaptive,5,3,305,9b38945840581478,200,1
bwapp,login,CG-Adaptive,5,3,306,99b38f52c945af86,200,1
bwapp,login,CG-Adaptive,5,3,307,a541b828d535fb2f,200,1
bwapp,login,CG-Adaptive,5,3,308,2e0000b286041cc1,200,1
bwapp,login,CG-Adaptive,5,3,309,a5719c59b5bcb3d8,200,1
bwapp,login,CG-Adaptive,5,3,310,85f4a2e1ab4c1246,200,1
bwapp,login,CG-Adaptive,5,3,311,52832bfb5d7443c7,200,1
bwapp,login,CG-Adaptive,5,3,312,b1e68bf5e2d116cd,200,1
bwapp,login,CG-Adaptive,5,3,313,964134a86658b077,200,1
bwapp,login,CG-Adaptive,5,3,314,70abd4514c1ccfcd,200,1
bwapp,login,CG-Adaptive,5,3,315,5714c5839b92ceaa,200,1
bwapp,login,CG-Adaptive,5,3,316,0aefa7c5f2b79bce,200,1
bwapp,login,CG-Adaptive,5,3,317,23aafb7d2e062333,200,1
bwapp,login,CG-Adaptive,5,3,318,b57661a46cfe9b54,200,1
bwapp,login,CG-Adaptive,5,3,319,843e6cb17ed332e1,200,1
bwapp,login,CG-Adaptive,5,3,320,c7665b0adb49fe06,200,1
bwapp,login,CG-Adaptive,5,3,321,fd017d2ccd1620f5,200,1
bwapp,login,CG-Adaptive,5,3,322,2a2e4a5e4e354753,200,1
bwapp,login,CG-Adaptive,5,3,323,7d8e6497f7514e51,200,1
bwapp,login,CG-Adaptive,5,3,324,553120b3e564e60a,200,1
bwapp,login,CG-Adaptive,5,3,325,a395acb7300a88a8,200,1
bwapp,login,CG-Adaptive,5,3,326,9cf757b830d250cb,200,1
bwapp,login,CG-Adaptive,5,3,327,ac59fba25c2d8d53,200,1
bwapp,login,CG-Adaptive,5,3,328,292f166bc0c17e56,200,1
bwapp,login,CG-Adaptive,5,3,329,dabdd839fcf30bf3,200,1
bwapp,login,CG-Adaptive,5,3,330,14a795bc341d9f18,200,1
bwapp,login,CG-Adaptive,5,3,331,1af55dfa15ce4e9c,200,1
bwapp,login,CG-Adaptive,5,3,332,c27fa68fe543b877,200,1
bwapp,login,CG-Adaptive,5,3,333,973c036e725cd509,200,1
bwapp,login,CG-Adaptive,5,3,334,d78215fb757b304e,200,1
bwapp,login,CG-Adaptive,5,3,335,e1704aab5aafd969,200,1
bwapp,login,CG-Adaptive,5,3,336,052a8ecbf2446620,200,1
bwapp,login,CG-Adaptive,5,3,337,28597953c8fc08cc,200,1
bwapp,login,CG-Adaptive,5,3,338,371b2d92e7d46651,200,1
bwapp,login,CG-Adaptive,5,3,339,af5e209ab670f8a0,200,1
bwapp,login,CG-Adaptive,5,3,340,ff6ad94e7dd331c3,200,1
bwapp,login,CG-Adaptive,5,3,341,c4b164a143a63bb7,200,1
bwapp,login,CG-Adaptive,5,3,342,e844762021766469,200,1
bwapp,login,CG-Adaptive,5,3,343,2d0776999ec42df0,200,1
bwapp,login,CG-Adaptive,5,3,344,5e1a7736dd04a43e,200,1
bwapp,login,CG-Adaptive,5,3,345,553aba71b2e81bf0,200,1
bwapp,login,CG-Adaptive,5,3,346,867b3fe255c57ae6,200,1
bwapp,login,CG-Adaptive,5,3,347,5604550bde8f6da9,200,1
bwapp,login,CG-Adaptive,5,3,348,0fa7762f9e868705,200,1
bwapp,login,CG-Adaptive,5,3,349,10c5629f87eb7d47,200,1
bwapp,login,CG-Adaptive,5,3,350,e88087149739ee11,200,1
bwapp,login,CG-Adaptive,5,3,351,f48926846db9330a,200,1
bwapp,login,CG-Adaptive,5,3,352,e3c9f0494d083d98,200,1
bwapp,login,CG-Adaptive,5,3,353,da0ce2f406dcc4f5,200,1
bwapp,login,CG-Adaptive,5,3,354,f4c3ed4ec6dd5f19,200,1
bwapp,login,CG-Adaptive,5,3,355,bc413a1933d35c37,200,1
bwapp,login,CG-Adaptive,5,3,356,d36ad89f5004d475,200,1
bwapp,login,CG-Adaptive,5,3,357,38f713688e37f4da,200,1
bwapp,login,CG-Adaptive,5,3,358,244f8e0474002fdd,200,1
bwapp,login,CG-Adaptive,5,3,359,f91ba95f5acd5095,200,1
bwapp,login,CG-Adaptive,5,3,360,698fa34e976e440a,200,1
bwapp,login,CG-Adaptive,5,3,361,eb1d492d122f2e26,200,1
bwapp,login,CG-Adaptive,5,3,362,0ee31c454ef29d95,200,1
bwapp,login,CG-Adaptive,5,3,363,89e8ee21ca15c6ce,200,1
bwapp,login,CG-Adaptive,5,3,364,54e26b2996187a49,200,1
bwapp,login,CG-Adaptive,5,3,365,3ab38948a27dbc5b,200,1
bwapp,login,CG-Adaptive,5,3,366,8f26ad71106c2796,200,1
bwapp,login,CG-Adaptive,5,3,367,de4aa66d50db95b3,200,1
bwapp,login,CG-Adaptive,5,3,368,47f9f52f81a5eebc,200,1
bwapp,login,CG-Adaptive,5,3,369,bfac4aef61822d35,200,1
bwapp,login,CG-Adaptive,5,3,370,89271fc82cbb6a2c,200,1
bwapp,login,CG-Adaptive,5,3,371,0c1524b454c249fa,200,1
bwapp,login,CG-Adaptive,5,3,372,82577471e33dd870,200,1
bwapp,login,CG-Adaptive,5,3,373,551ded890083de59,200,1
bwapp,login,CG-Adaptive,5,3,374,8c823e135def5d01,200,1
bwapp,login,CG-Adaptive,5,3,375,ade1d676b1342237,200,1
bwapp,login,CG-Adaptive,5,3,376,1a2348ad882df917,200,1
bwapp,login,CG-Adaptive,5,3,377,67ca34ad043017e4,200,1
bwapp,login,CG-Adaptive,5,3,378,297d78cceb5f2bfd,200,1
bwapp,login,CG-Adaptive,5,3,379,8118c7ae2560bd65,200,1
bwapp,login,CG-Adaptive,5,3,380,83d2acdfa6dcb61b,200,1
bwapp,login,CG-Adaptive,5,3,381,4f49509b21db63f5,200,1
bwapp,login,CG-Adaptive,5,3,382,79cf89ef7efc8c14,200,1
bwapp,login,CG-Adaptive,5,3,383,629a47fe41de8425,200,1
bwapp,login,CG-Adaptive,5,3,384,aedc767aa2635bd8,200,1
bwapp,login,CG-Adaptive,5,3,385,f3e52e8c708096b0,200,1
bwapp,login,CG-Adaptive,5,3,386,0107a54b6c4c68b4,200,1
bwapp,login,CG-Adaptive,5,3,387,dd857e2d7174f847,200,1
bwapp,login,CG-Adaptive,5,3,388,370c662e3844c737,200,1
bwapp,login,CG-Adaptive,5,3,389,5232bfe6b0be1785,200,1
bwapp,login,CG-Adaptive,5,3,390,fff3ab38d56fcecd,200,1
bwapp,login,CG-Adaptive,5,3,391,9fdd68066658d641,200,1
bwapp,login,CG-Adaptive,5,3,392,f2320b666997e40b,200,1
bwapp,login,CG-Adaptive,5,3,393,30384642488fa616,200,1
bwapp,login,CG-Adaptive,5,1,3,255206005715029c,200,1
bwapp,login,CG-Adaptive,5,1,9,45549fd64df11d22,200,1
bwapp,login,CG-Adaptive,5,1,13,dd7ee40afca7eed7,200,1
bwapp,login,CG-Adaptive,5,1,22,2dbe74ea4e3e98a7,200,1
bwapp,login,CG-Adaptive,5,1,25,9a109e43afc24e90,200,1
bwapp,login,CG-Adaptive,5,1,27,c9c2e147fc79e6a2,200,1
bwapp,login,CG-Adaptive,5,1,44,2992bd39b77afe2a,200,1
bwapp,login,CG-Adaptive,5,1,61,987fbe62baeddca5,200,1
bwapp,login,CG-Adaptive,5,1,64,2342878c51a8473b,200,1
bwapp,login,CG-Adaptive,5,1,79,8a3dfe3688675b1d,200,1
bwapp,login,CG-Adaptive,5,1,89,d6d1a4297195d716,200,1
bwapp,login,CG-Adaptive,5,1,111,95582b453ea89178,200,1
bwapp,login,CG-Adaptive,5,1,118,cbfc9a27734986ba,200,1
bwapp,login,CG-Adaptive,5,1,138,f5609491482fcbb2,200,1
bwapp,login,CG-Adaptive,5,1,170,87b0e932cdc4ab44,200,1
bwapp,login,CG-Adaptive,5,1,177,4fdccb4cc93accd6,200,1
bwapp,login,CG-Adaptive,5,2,2,1f2dcef571bfc262,200,1
bwapp,login,CG-Adaptive,5,2,13,e59d4d75b39d68a7,200,1
bwapp,login,CG-Adaptive,5,2,19,792c6ccdb1dcc8c0,200,1
bwapp,login,CG-Adaptive,5,2,25,9669b5f7dede6953,200,1
bwapp,login,CG-Adaptive,5,2,31,2dbe74ea4e3e98a7,200,1
bwapp,login,CG-Adaptive,5,2,35,67f1d72252604c0f,200,1
bwapp,login,CG-Adaptive,5,2,42,55f436c696963218,200,1
bwapp,login,CG-Adaptive,5,2,49,095611010f66aa3a,200,1
bwapp,login,CG-Adaptive,5,2,56,ba0403fd4e4afb08,200,1
bwapp,login,CG-Adaptive,5,2,69,1bd00bbf05258f87,200,1
bwapp,login,CG-Adaptive,5,2,76,07a4bbbc1cd06e3e,200,1
bwapp,login,CG-Adaptive,5,2,91,1d97d81b4382a6d8,200,1
bwapp,login,CG-Adaptive,5,2,96,3abd81c77d46f151,200,1
bwapp,login,CG-Adaptive,5,2,103,13228273647b18cb,200,1
bwapp,login,CG-Adaptive,5,2,106,6b97e70b86575e31,200,1
bwapp,login,CG-Adaptive,5,2,120,439c1991264cbcf9,200,1
bwapp,login,CG-Adaptive,5,2,124,f798220ef73585f7,200,1
bwapp,login,CG-Adaptive,5,2,125,aec78e7d0dadee61,200,1
bwapp,login,CG-Adaptive,5,2,129,ac2940077b4d5eeb,200,1
bwapp,login,CG-Adaptive,5,2,135,39edeb941f2ba968,200,1
bwapp,login,CG-Adaptive,5,2,139,e778590400f35f57,200,1
bwapp,login,CG-Adaptive,5,2,152,8dd9dcee35a64592,200,1
bwapp,login,CG-Adaptive,5,2,155,56fcfde248fd9791,200,1
bwapp,login,CG-Adaptive,5,2,158,d673e37b9fd9c10a,200,1
bwapp,login,CG-Adaptive,5,2,160,670fd1eb31b1aac9,200,1
bwapp,login,CG-Adaptive,5,2,190,613740efba4223d7,200,1
bwapp,login,CG-Adaptive,5,2,195,d71e0ad8e93c7bba,200,1
bwapp,login,CG-Adaptive,5,2,197,599693203ecc2fd5,200,1
bwapp,login,CG-Adaptive,5,2,201,c91bed530bdbae38,200,1
bwapp,login,CG-Adaptive,5,2,204,b4f7c4a19178f52b,200,1
bwapp,login,CG-Adaptive,5,2,207,14088862c51f4367,200,1
bwapp,login,CG-Adaptive,5,2,217,6e81ffcba4903f2f,200,1
bwapp,login,CG-Adaptive,5,2,220,deffcc49120559df,200,1
bwapp,login,CG-Adaptive,5,2,224,9c26b84475752225,200,1
bwapp,login,CG-Adaptive,5,2,226,1eff0633d93765a2,200,1
bwapp,login,CG-Adaptive,5,2,229,e4edb2833734c317,200,1
bwapp,login,CG-Adaptive,5,2,232,6dcbde035d683838,200,1
bwapp,login,CG-Adaptive,5,2,236,67c2eb4bd5ea1a01,200,1
bwapp,login,CG-Adaptive,5,2,241,05465e1c1b858582,200,1
bwapp,login,CG-Adaptive,5,2,244,062c0f3bae58f3ca,200,1
bwapp,login,CG-Adaptive,5,2,249,582d0bb2f626e712,200,1
bwapp,login,CG-Adaptive,5,2,251,e99a0890c57a1322,200,1
bwapp,login,CG-Adaptive,5,2,254,8e7573f116a0bd3f,200,1
bwapp,login,CG-Adaptive,5,2,255,1b9285b441c82b94,200,1
bwapp,login,CG-Adaptive,5,2,257,ebc9577993c642ba,200,1
bwapp,login,CG-Adaptive,5,2,258,c68ee6a65490e612,200,1
bwapp,login,CG-Adaptive,5,2,260,ae003d4b1a9f891f,200,1
bwapp,login,CG-Adaptive,5,2,261,c978165e8199f79b,200,1
bwapp,login,CG-Adaptive,5,2,262,db5ba2ff499b2c10,200,1
bwapp,login,CG-Adaptive,5,2,263,e2b69b0b329b654f,200,1
bwapp,login,CG-Adaptive,5,2,265,22a4f68e6215d6db,200,1
bwapp,login,CG-Adaptive,5,2,267,d11736b3448d18b7,200,1
bwapp,login,CG-Adaptive,5,2,269,6970b5a5362bbd63,200,1
bwapp,login,CG-Adaptive,5,2,271,06899696ce865b12,200,1
bwapp,login,CG-Adaptive,5,2,273,6b4294c5df6b542a,200,1
bwapp,login,CG-Adaptive,5,2,274,37d371bf1c0843a2,200,1
bwapp,login,CG-Adaptive,5,2,276,8ba3303275d2582b,200,1
bwapp,login,CG-Adaptive,5,2,277,eafe0bdc376247a8,200,1
bwapp,login,CG-Adaptive,5,2,278,3b833a1235a21957,200,1
bwapp,login,CG-Adaptive,5,2,280,5d32c6d15b3313e7,200,1
bwapp,login,CG-Adaptive,5,2,281,70f1de27c5729b12,200,1
bwapp,login,CG-Adaptive,5,2,283,06794271c6df2259,200,1
bwapp,login,CG-Adaptive,5,2,284,43ba608160c80804,200,1
bwapp,login,CG-Adaptive,5,2,285,46e0c03de5e98da5,200,1
bwapp,login,CG-Adaptive,5,2,286,049982686e908da8,200,1
bwapp,login,CG-Adaptive,5,2,288,3df1ac2b75110718,200,1
bwapp,login,CG-Adaptive,5,2,293,1547461e39d3d6dc,200,1
bwapp,login,CG-Adaptive,5,2,295,3cca637365236605,200,1
bwapp,login,CG-Adaptive,5,2,297,80976aede71ef2d6,200,1
bwapp,login,CG-Adaptive,5,2,301,9d8895f796383f5a,200,1
bwapp,login,CG-Adaptive,5,2,303,2e5685cf7c94d40b,200,1
bwapp,login,CG-Adaptive,5,2,304,93ef852920fa484e,200,1
bwapp,login,CG-Adaptive,5,2,306,8acb8bc36bd939cd,200,1
bwapp,login,CG-Adaptive,5,2,307,271b9ba74cde57bf,200,1
bwapp,login,CG-Adaptive,5,2,309,fa89639440835784,200,1
bwapp,login,CG-Adaptive,5,2,310,c7affa2e26cf0e4a,200,1
bwapp,login,CG-Adaptive,5,2,311,9cd44486674cee1b,200,1
bwapp,login,CG-Adaptive,5,2,313,8925e405f974b560,200,1
bwapp,login,CG-Adaptive,5,2,315,c52316ac7957f007,200,1
bwapp,login,CG-Adaptive,5,2,316,a2620364b8e17d8a,200,1
bwapp,login,CG-Adaptive,5,2,317,f108906ecba3cb39,200,1
bwapp,login,CG-Adaptive,5,2,318,2d45cb4e682af761,200,1
bwapp,login,CG-Adaptive,5,2,320,bd1f5384c62a3e8d,200,1
bwapp,login,CG-Adaptive,5,2,321,3c8add82eb4404bc,200,1
bwapp,login,CG-Adaptive,5,2,323,35a456ddbb81f8f5,200,1
bwapp,login,CG-Adaptive,5,2,324,e3396b535780bd60,200,1
bwapp,login,CG-Adaptive,5,2,327,b97642dc7246a503,200,1
bwapp,login,CG-Adaptive,5,2,329,673cc8eddf2a0790,200,1
bwapp,login,CG-Adaptive,5,2,333,8dc0e70058bb0b96,200,1
bwapp,login,CG-Adaptive,5,2,334,b8153ec81f7febad,200,1
bwapp,login,CG-Adaptive,5,2,335,c11a8e77acb9e72d,200,1
bwapp,login,CG-Adaptive,5,2,338,36484afff911928f,200,1
bwapp,login,CG-Adaptive,5,2,339,915c2be37996924b,200,1
bwapp,login,CG-Adaptive,5,2,340,2dc7eb65ea5094fc,200,1
bwapp,login,CG-Adaptive,5,2,342,ea44db2c91c45063,200,1
bwapp,login,CG-Adaptive,5,2,344,30dca0c311fbd941,200,1
bwapp,login,CG-Adaptive,5,2,345,f1287353f3a3e5b2,200,1
bwapp,login,CG-Adaptive,5,2,346,042855d00d3cd320,200,1
bwapp,login,CG-Adaptive,5,2,348,43965ac6bddb0e97,200,1
bwapp,login,CG-Adaptive,5,2,349,20a23aca442c84e3,200,1
bwapp,login,CG-Adaptive,5,2,350,bc01af2fc316c89f,200,1
bwapp,login,CG-Adaptive,5,2,351,7057dbe627be2a71,200,1
bwapp,login,CG-Adaptive,5,2,353,feb94dff82b3cb67,200,1
bwapp,login,CG-Adaptive,5,2,354,7cdb76b80f09120a,200,1
bwapp,login,CG-Adaptive,5,2,356,2ca33e6c7041d7ab,200,1
bwapp,login,CG-Adaptive,5,2,358,ce0cfa958d5002c6,200,1
bwapp,login,CG-Adaptive,5,2,359,a87ee61f42d32793,200,1
bwapp,login,CG-Adaptive,5,2,361,e09c11f5ba7814b8,200,1
bwapp,login,CG-Adaptive,5,2,362,994ab33b0e527ed6,200,1
bwapp,login,CG-Adaptive,5,2,363,8e0511249b5d27f3,200,1
bwapp,login,CG-Adaptive,5,2,364,82cdbe0944ad6ecf,200,1
bwapp,login,CG-Adaptive,5,2,366,bc36baa9fcb1a182,200,1
bwapp,login,CG-Adaptive,5,2,367,8e7ed542e091ae36,200,1
bwapp,login,CG-Adaptive,5,2,368,7347c59ac42e652e,200,1
bwapp,login,CG-Adaptive,5,2,369,a532cf5ea1e79bf3,200,1
bwapp,login,CG-Adaptive,5,2,370,b562121c5983b99a,200,1
bwapp,login,CG-Adaptive,5,2,371,12b203765e13cf28,200,1
bwapp,login,CG-Adaptive,5,2,373,e1a9490e85b90468,200,1
bwapp,login,CG-Adaptive,5,2,375,73a8658fe139fee5,200,1
bwapp,login,CG-Adaptive,5,2,376,e6aebeb57be60f79,200,1
bwapp,login,CG-Adaptive,5,2,377,44ac446b453d44eb,200,1
bwapp,login,CG-Adaptive,5,2,379,b9b1cf1ac75fede2,200,1
bwapp,login,CG-Adaptive,5,4,15,6014ea54718eda80,200,1
bwapp,login,CG-Adaptive,5,4,16,25c5c07f8215fa8a,200,1
bwapp,login,CG-Adaptive,5,4,22,255206005715029c,200,1
bwapp,login,CG-Adaptive,5,4,31,d0d539d52f03e096,200,1
bwapp,login,CG-Adaptive,5,4,36,08e0f225d4dde6a9,200,1
bwapp,login,CG-Adaptive,5,4,41,5db89db2664d9830,200,1
bwapp,login,CG-Adaptive,5,4,43,116215ae9926d5b8,200,1
bwapp,login,CG-Adaptive,5,4,47,8714d20812618b72,200,1
bwapp,login,CG-Adaptive,5,4,55,3a535ec3fc9a3921,200,1
bwapp,login,CG-Adaptive,5,4,70,25e33d5746c5bfd7,200,1
bwapp,login,CG-Adaptive,5,4,81,92b3ec17c995ea42,200,1
bwapp,login,CG-Adaptive,5,4,87,670fd1eb31b1aac9,200,1
bwapp,login,CG-Adaptive,5,4,96,57784b4ffa634e01,200,1
bwapp,login,CG-Adaptive,5,4,104,8043fe0df6176621,200,1
bwapp,login,CG-Adaptive,5,4,111,ca98c50df447399c,200,1
bwapp,login,CG-Adaptive,5,4,123,6386ecb4e6f1a42d,200,1
bwapp,login,CG-Adaptive,5,4,130,eeb0eeec58cf1492,200,1
bwapp,login,CG-Adaptive,5,4,131,90a8037508f1f2c2,200,1
bwapp,login,CG-Adaptive,5,4,134,2366741bc9676a0c,200,1
bwapp,login,CG-Adaptive,5,4,139,26cd9cd17fa60c06,200,1
bwapp,login,CG-Adaptive,5,4,141,531dc2790d71b4a7,200,1
bwapp,login,CG-Adaptive,5,4,147,9dccb557bc53fb66,200,1
bwapp,login,CG-Adaptive,5,4,154,77e2f998f2dec5da,200,1
bwapp,login,CG-Adaptive,5,4,167,4b0d062ba309f2b9,200,1
bwapp,login,CG-Adaptive,5,4,169,fc6dac4b2cce6e4c,200,1
bwapp,login,CG-Adaptive,5,4,172,20f0834d51035aa4,200,1
bwapp,login,CG-Adaptive,5,4,175,16bd1601b7e3d9c0,200,1
bwapp,login,CG-Adaptive,5,4,178,d04f07b7489187f6,200,1
bwapp,login,CG-Adaptive,5,4,179,382b6b0165dd1198,200,1
bwapp,login,CG-Adaptive,5,4,180,99cc16f328006a48,200,1
bwapp,login,CG-Adaptive,5,4,181,af57076502e57375,200,1
bwapp,login,CG-Adaptive,5,4,183,972cd4b9013d28e2,200,1
bwapp,login,CG-Adaptive,5,4,189,698ec9d95b0caccf,200,1
bwapp,login,CG-Adaptive,5,4,195,251f2c15aa8e0118,200,1
bwapp,login,CG-Adaptive,5,4,202,0d90c48cf2305c9d,200,1
bwapp,login,CG-Adaptive,5,4,205,7c315497a64db4bb,200,1
bwapp,login,CG-Adaptive,5,4,207,ca467d36099627e2,200,1
bwapp,login,CG-Adaptive,5,4,209,2d56accd032ecfea,200,1
bwapp,login,CG-Adaptive,5,4,214,ffaa69b3e3b0e3ca,200,1
bwapp,login,CG-Adaptive,5,4,217,c3450a2b6bef7772,200,1
bwapp,login,CG-Adaptive,5,4,219,11a0a36f607ff1fb,200,1
bwapp,login,CG-Adaptive,5,4,222,5765403d75d4079f,200,1
bwapp,login,CG-Adaptive,5,4,223,f9f351eef7479cc0,200,1
bwapp,login,CG-Adaptive,5,4,225,881587de2eb58618,200,1
bwapp,login,CG-Adaptive,5,4,226,41bcaeac4b37a2cb,200,1
bwapp,login,CG-Adaptive,5,4,228,6eb5785034096639,200,1
bwapp,login,CG-Adaptive,5,4,231,34018d5177c01e4c,200,1
bwapp,login,CG-Adaptive,5,4,234,0e0368b115493907,200,1
bwapp,login,CG-Adaptive,5,4,237,3fd16b9ebb2bdfe1,200,1
bwapp,login,CG-Adaptive,5,4,241,6043affbdf6bfd51,200,1
bwapp,login,CG-Adaptive,5,4,243,b2300969c2b36f52,200,1
bwapp,login,CG-Adaptive,5,4,246,ee8d4dd0dda9238d,200,1
bwapp,login,CG-Adaptive,5,4,247,ecddacd5288e863d,200,1
bwapp,login,CG-Adaptive,5,4,252,82b1637201b7ebd3,200,1
bwapp,login,CG-Adaptive,5,4,253,000f4d8a182ffb63,200,1
bwapp,login,CG-Adaptive,5,4,254,bf555d0c1d7ccc55,200,1
bwapp,login,CG-Adaptive,5,4,256,d701ec36c951bac9,200,1
bwapp,login,CG-Adaptive,5,4,259,8968bfb0aec2f120,200,1
bwapp,login,CG-Adaptive,5,4,260,2597d5b484b57b0e,200,1
bwapp,login,CG-Adaptive,5,4,263,7b02c6f2b8b1ce6e,200,1
bwapp,login,CG-Adaptive,5,4,264,640686314beca4bd,200,1
bwapp,login,CG-Adaptive,5,4,265,b80904baac1f1402,200,1
bwapp,login,CG-Adaptive,5,4,266,bc80f5cea24ea99a,200,1
bwapp,login,CG-Adaptive,5,4,267,49c16a2bedbf711d,200,1
bwapp,login,CG-Adaptive,5,4,268,254abb9b9d86996b,200,1
bwapp,login,CG-Adaptive,5,4,269,5c482208392a02fc,200,1
bwapp,login,CG-Adaptive,5,4,271,625fccaa22b4c113,200,1
bwapp,login,CG-Adaptive,5,4,275,100ac9f7f82e7111,200,1
bwapp,login,CG-Adaptive,5,4,276,a4c66e3db03e9944,200,1
bwapp,login,CG-Adaptive,5,4,277,f1762d19b9768957,200,1
bwapp,login,CG-Adaptive,5,4,280,9a86551a6ce5a0eb,200,1
bwapp,login,CG-Adaptive,5,4,281,64d7328a2156e5cc,200,1
bwapp,login,CG-Adaptive,5,4,282,e027e6ab8eeb10f8,200,1
bwapp,login,CG-Adaptive,5,4,283,469ce417185650e9,200,1
bwapp,login,CG-Adaptive,5,4,284,87faf263c7e70e53,200,1
bwapp,login,CG-Adaptive,5,4,285,783b1945ba0d039b,200,1
bwapp,login,CG-Adaptive,5,4,286,e8e9fa07124de619,200,1
bwapp,login,CG-Adaptive,5,4,287,c9bdc9f00f840f4c,200,1
bwapp,login,CG-Adaptive,5,4,288,03c180bc3ec71ede,200,1
bwapp,login,CG-Adaptive,5,4,290,3d212423e7796698,200,1
bwapp,login,CG-Adaptive,5,4,291,89350a4e7e70bf3a,200,1
bwapp,login,CG-Adaptive,5,4,293,e9b4ff6dd97945a7,200,1
bwapp,login,CG-Adaptive,5,4,294,9c443bef785e0346,200,1
bwapp,login,CG-Adaptive,5,4,296,40775de899d23ab1,200,1
bwapp,login,CG-Adaptive,5,4,298,2a9e191a127cd060,200,1
bwapp,login,CG-Adaptive,5,4,299,cd602ba99ced85f3,200,1
bwapp,login,CG-Adaptive,5,4,300,03e53c300baeff8d,200,1
bwapp,login,CG-Adaptive,5,4,301,ba9b8d2ba7dc2e5a,200,1
bwapp,login,CG-Adaptive,5,4,303,b94b27c51f2b3ba7,200,1
bwapp,login,CG-Adaptive,5,4,304,b92e1668b5337484,200,1
bwapp,login,CG-Adaptive,5,4,305,76c64e403278c897,200,1
bwapp,login,CG-Adaptive,5,4,306,f441f51e5470384e,200,1
bwapp,login,CG-Adaptive,5,4,307,dad89ad00ed9cdb7,200,1
bwapp,login,CG-Adaptive,5,4,308,ad50a6e3315c4e4d,200,1
bwapp,login,CG-Adaptive,5,4,310,cacd17f75b5017e7,200,1
bwapp,login,CG-Adaptive,5,4,311,eb0d627eaf54ecf9,200,1
bwapp,login,CG-Adaptive,5,4,312,957449d8921aaa6d,200,1
bwapp,login,CG-Adaptive,5,4,313,e4e9d5808a218471,200,1
bwapp,login,CG-Adaptive,5,4,314,42a48f53c967120d,200,1
bwapp,login,CG-Adaptive,5,4,315,9f04e6b903be8237,200,1
bwapp,login,CG-Adaptive,5,4,316,2dbd44664d177bee,200,1
bwapp,login,CG-Adaptive,5,4,318,00174e40fe95121e,200,1
bwapp,login,CG-Adaptive,5,4,319,aeab66a83c0fcccf,200,1
bwapp,login,CG-Adaptive,5,4,320,a28019f94c555f00,200,1
bwapp,login,CG-Adaptive,5,4,321,65c8e4e082e28284,200,1
bwapp,login,CG-Adaptive,5,4,322,2ae742285daf2cca,200,1
bwapp,login,CG-Adaptive,5,4,323,ceae6218278fee02,200,1
bwapp,login,CG-Adaptive,5,4,325,df71d56b5908a80f,200,1
bwapp,login,CG-Adaptive,5,4,326,4e568888aa903074,200,1
bwapp,login,CG-Adaptive,5,4,327,af7ed6c8179b8a67,200,1
bwapp,login,CG-Adaptive,5,4,328,64bd99b098717078,200,1
bwapp,login,CG-Adaptive,5,4,329,eb6b033747f4e6e5,200,1
bwapp,login,CG-Adaptive,5,4,330,3554634cfbd3e2ec,200,1
bwapp,login,CG-Adaptive,5,4,331,ca3e21c3af8ff805,200,1
bwapp,login,CG-Adaptive,5,4,332,e1e77e99b518d668,200,1
bwapp,login,CG-Adaptive,5,4,334,9264065749b6938d,200,1
bwapp,login,CG-Adaptive,5,4,335,0f0daebc48b5b9f7,200,1
bwapp,login,CG-Adaptive,5,4,336,9186553ade40351b,200,1
bwapp,login,CG-Adaptive,5,4,337,264770ae64358cdb,200,1
bwapp,login,CG-Adaptive,5,4,338,23a72e6048437a9f,200,1
bwapp,login,CG-Adaptive,5,4,339,af5d48da0213950c,200,1
bwapp,login,CG-Adaptive,5,4,340,5f338605bd4f265c,200,1
bwapp,login,CG-Adaptive,5,4,341,c68fcb8d7e32fe12,200,1
bwapp,login,CG-Adaptive,5,4,343,96d7cbae535a778c,200,1
bwapp,login,CG-Adaptive,5,4,345,599ab31f216074e3,200,1
bwapp,login,CG-Adaptive,5,4,346,bdd69f14090e8272,200,1
bwapp,login,CG-Adaptive,5,4,347,85a31657cb9f1a97,200,1
bwapp,login,CG-Adaptive,5,4,349,58784b57c5bca695,200,1
bwapp,login,CG-Adaptive,5,4,350,8815382b2f3ee9d4,200,1
bwapp,login,CG-Adaptive,5,4,351,564b213481d33317,200,1
bwapp,login,CG-Adaptive,5,4,352,79123334345c15ef,200,1
bwapp,login,CG-Adaptive,5,4,353,ae998c828c377ee5,200,1
bwapp,login,CG-Adaptive,5,4,354,c30ec60dcadb2da9,200,1
bwapp,login,CG-Adaptive,5,4,355,0b538775351413db,200,1
bwapp,login,CG-Adaptive,5,4,356,e4f5c1dcf501df28,200,1
bwapp,login,CG-Adaptive,5,4,357,28e71a937608b39c,200,1
bwapp,login,CG-Adaptive,5,4,359,26c465ebebf5796f,200,1
bwapp,login,CG-Adaptive,5,4,360,4f9de2020dd858b1,200,1
bwapp,login,CG-Adaptive,5,4,361,72754a64f5364f7c,200,1
bwapp,login,CG-Adaptive,5,4,362,8a1ee24dec92efff,200,1
bwapp,login,CG-Adaptive,5,4,363,b3b21217c2c42838,200,1
bwapp,login,CG-Adaptive,5,4,364,014b21105540753d,200,1
bwapp,login,CG-Adaptive,5,4,365,249aa221a4e2db3a,200,1
bwapp,login,CG-Adaptive,5,4,366,5d60ef12d3791733,200,1
bwapp,login,CG-Adaptive,5,4,367,378d524a095a09b2,200,1
bwapp,login,CG-Adaptive,5,4,368,99674d79e741fba2,200,1
bwapp,login,CG-Adaptive,5,4,369,f7d947b8121d5c3b,200,1
bwapp,login,CG-Adaptive,5,4,370,4d4d20859ad2099f,200,1
bwapp,login,CG-Adaptive,5,4,372,ad2d8d3933358a07,200,1
bwapp,login,CG-Adaptive,5,4,373,fca4de6a46e089e3,200,1
bwapp,login,CG-Adaptive,5,4,374,1d0c114bdc70e06e,200,1
bwapp,login,CG-Adaptive,5,4,375,aef395d49ea008c7,200,1
bwapp,login,CG-Adaptive,5,4,376,d7039992db9bbf80,200,1
bwapp,login,CG-Adaptive,5,4,377,5bfcafff83206a51,200,1
bwapp,login,CG-Adaptive,5,4,378,8effc2bea5653376,200,1
bwapp,login,CG-Adaptive,5,4,379,94a53913901b5a60,200,1
bwapp,login,CG-Adaptive,5,4,380,28a7ee3f4224c295,200,1
bwapp,login,CG-Adaptive,5,4,381,02b79be51f956271,200,1
bwapp,login,CG-Adaptive,5,4,382,37a04a6a7a5b39bf,200,1
bwapp,login,CG-Adaptive,5,4,383,3fba675837002ec8,200,1
bwapp,login,CG-Adaptive,5,4,384,60a413a2fbe33a99,200,1
bwapp,login,CG-Adaptive,5,4,385,57b76aec720d055b,200,1
bwapp,login,CG-Adaptive,5,4,386,ad2c9c0edfb358de,200,1
bwapp,login,CG-Adaptive,5,4,387,230e60983d5d5ea7,200,1
bwapp,login,CG-Adaptive,5,4,388,b6bda07ef856f648,200,1
bwapp,login,CG-Adaptive,5,4,389,fc42233aa304b446,200,1
bwapp,login,CG-Adaptive,5,5,2,2dbe74ea4e3e98a7,200,1
bwapp,login,CG-Adaptive,5,5,10,736e02e9ddb128ed,200,1
bwapp,login,CG-Adaptive,5,5,14,e59d4d75b39d68a7,200,1
bwapp,login,CG-Adaptive,5,5,19,255206005715029c,200,1
bwapp,login,CG-Adaptive,5,5,22,5b8cc883a8165456,200,1
bwapp,login,CG-Adaptive,5,5,45,8acff7cb0ce57195,200,1
bwapp,login,CG-Adaptive,5,5,51,d2b51b00f2c7bb83,200,1
bwapp,login,CG-Adaptive,5,5,56,76a1c43f318abdcf,200,1
bwapp,login,CG-Adaptive,5,5,63,4b223a614746635c,200,1
bwapp,login,CG-Adaptive,5,5,76,3f8845b8e34c9fde,200,1
bwapp,login,CG-Adaptive,5,5,89,52d5062899c791c2,200,1
bwapp,login,CG-Adaptive,5,5,92,9de952670debdf5c,200,1
bwapp,login,CG-Adaptive,5,5,94,92288daa2e2d3000,200,1
bwapp,login,CG-Adaptive,5,5,100,5458dfb6a4c6fbe0,200,1
bwapp,login,CG-Adaptive,5,5,112,89809af066989205,200,1
bwapp,login,CG-Adaptive,5,5,115,91199e99e85be923,200,1
bwapp,login,CG-Adaptive,5,5,119,9f6e40763d4c89d9,200,1
bwapp,login,CG-Adaptive,5,5,121,190c99c39926a186,200,1
bwapp,login,CG-Adaptive,5,5,122,6711eae9919f2fce,200,1
bwapp,login,CG-Adaptive,5,5,124,2992fa065fc46d39,200,1
bwapp,login,CG-Adaptive,5,5,128,0bf07f17df467f5f,200,1
bwapp,login,CG-Adaptive,5,5,130,f084c0ee1f4e222c,200,1
bwapp,login,CG-Adaptive,5,5,134,5dd6f997e6bebfdb,200,1
bwapp,login,CG-Adaptive,5,5,136,56f65c754b3155c0,200,1
bwapp,login,CG-Adaptive,5,5,138,9a6014aa6126c641,200,1
bwapp,login,CG-Adaptive,5,5,140,85a840d3bef281fc,200,1
bwapp,login,CG-Adaptive,5,5,144,a690e79fa5265502,200,1
bwapp,login,CG-Adaptive,5,5,146,7b1d780d3c1d36bb,200,1
bwapp,login,CG-Adaptive,5,5,147,d335ebe10f45ef9f,200,1
bwapp,login,CG-Adaptive,5,5,148,d8e57ae070191ea3,200,1
bwapp,login,CG-Adaptive,5,5,149,530256a0ad3f6b45,200,1
bwapp,login,CG-Adaptive,5,5,150,6d572a2c3cc2cbb7,200,1
bwapp,login,CG-Adaptive,5,5,151,4b5710a95537ac2a,200,1
bwapp,login,CG-Adaptive,5,5,152,55b231583c14f854,200,1
bwapp,login,CG-Adaptive,5,5,153,f38bab250ab30e07,200,1
bwapp,login,CG-Adaptive,5,5,155,63c3fe36777f89d4,200,1
bwapp,login,CG-Adaptive,5,5,156,5e320d7fbcbf1cdc,200,1
bwapp,login,CG-Adaptive,5,5,157,fda4903ccbb9753b,200,1
bwapp,login,CG-Adaptive,5,5,161,c25dc990c0aa93a2,200,1
bwapp,login,CG-Adaptive,5,5,165,439b1c5bf46c1819,200,1
bwapp,login,CG-Adaptive,5,5,169,72f0a52502f32f65,200,1
bwapp,login,CG-Adaptive,5,5,173,c90980a92f599f68,200,1
bwapp,login,CG-Adaptive,5,5,177,49a2a225d377cd04,200,1
bwapp,login,CG-Adaptive,5,5,178,6165af1a63c85c91,200,1
bwapp,login,CG-Adaptive,5,5,179,dafbaa84443930a4,200,1
bwapp,login,CG-Adaptive,5,5,180,0550b324b332366b,200,1
bwapp,login,CG-Adaptive,5,5,181,72bf8befe76158fe,200,1
bwapp,login,CG-Adaptive,5,5,182,375d885f31811f16,200,1
bwapp,login,CG-Adaptive,5,5,184,686294395c35e118,200,1
bwapp,login,CG-Adaptive,5,5,185,05d6884b2ea86f9d,200,1
bwapp,login,CG-Adaptive,5,5,186,cd99abe31832515f,200,1
bwapp,login,CG-Adaptive,5,5,187,11f455645306c54b,200,1
bwapp,login,CG-Adaptive,5,5,189,7f2e566ffab2969e,200,1
bwapp,login,CG-Adaptive,5,5,190,b93add446807fd23,200,1
bwapp,login,CG-Adaptive,5,5,191,0d2a9b2762ccbe24,200,1
bwapp,login,CG-Adaptive,5,5,192,4fa850b8df99b871,200,1
bwapp,login,CG-Adaptive,5,5,193,6eb17e0153f4aed0,200,1
bwapp,login,CG-Adaptive,5,5,195,78e9c11ba72e7d30,200,1
bwapp,login,CG-Adaptive,5,5,196,2e71d4f655e37ab0,200,1
bwapp,login,CG-Adaptive,5,5,197,9216441383443faf,200,1
bwapp,login,CG-Adaptive,5,5,198,70fb68e4143dc172,200,1
bwapp,login,CG-Adaptive,5,5,200,c2163ca30c201db0,200,1
bwapp,login,CG-Adaptive,5,5,201,f8acec3fc858fcde,200,1
bwapp,login,CG-Adaptive,5,5,202,a0210acdfb288aab,200,1
bwapp,login,CG-Adaptive,5,5,205,945cde9515a6dcb5,200,1
bwapp,login,CG-Adaptive,5,5,206,8bffd86053e8c027,200,1
bwapp,login,CG-Adaptive,5,5,208,930bdb563129eb8a,200,1
bwapp,login,CG-Adaptive,5,5,209,c74d37aa316e17c0,200,1
bwapp,login,CG-Adaptive,5,5,211,a37cfce43ba3b625,200,1
bwapp,login,CG-Adaptive,5,5,212,da839e0f7a3f1a8e,200,1
bwapp,login,CG-Adaptive,5,5,213,4025a6bbbfd71b07,200,1
bwapp,login,CG-Adaptive,5,5,215,0a9c94a03bc51c4c,200,1
bwapp,login,CG-Adaptive,5,5,217,499ed1a5477db6dd,200,1
bwapp,login,CG-Adaptive,5,5,218,f5bb21a48953f24f,200,1
bwapp,login,CG-Adaptive,5,5,220,6289ec4e4332e201,200,1
bwapp,login,CG-Adaptive,5,5,221,2e7bfec61c83909e,200,1
bwapp,login,CG-Adaptive,5,5,222,d620cc8c912a6570,200,1
bwapp,login,CG-Adaptive,5,5,223,b8363dfae646abee,200,1
bwapp,login,CG-Adaptive,5,5,224,69b9ca43d3b302f8,200,1
bwapp,login,CG-Adaptive,5,5,225,62faddaf5aca76b7,200,1
bwapp,login,CG-Adaptive,5,5,226,6f02357fec5dbcf1,200,1
bwapp,login,CG-Adaptive,5,5,227,3799f403fb263e68,200,1
bwapp,login,CG-Adaptive,5,5,228,35a6f6445b41dc4a,200,1
bwapp,login,CG-Adaptive,5,5,229,7e4aa0935d23d489,200,1
bwapp,login,CG-Adaptive,5,5,230,ade2d596dd6eed75,200,1
bwapp,login,CG-Adaptive,5,5,231,db241d35304c8470,200,1
bwapp,login,CG-Adaptive,5,5,232,6d90f06dc81b0716,200,1
bwapp,login,CG-Adaptive,5,5,233,68fc206ea70fc987,200,1
bwapp,login,CG-Adaptive,5,5,235,6b8879b498958d78,200,1
bwapp,login,CG-Adaptive,5,5,236,75c97d0719835cca,200,1
bwapp,login,CG-Adaptive,5,5,237,11c3bcda676586bf,200,1
bwapp,login,CG-Adaptive,5,5,238,0bc2b635edde3172,200,1
bwapp,login,CG-Adaptive,5,5,239,9fcd13dd04d7db38,200,1
bwapp,login,CG-Adaptive,5,5,240,2b0b81dd00631d4a,200,1
bwapp,login,CG-Adaptive,5,5,241,69ed09995794bc55,200,1
bwapp,login,CG-Adaptive,5,5,242,85f4a2e1ab4c1246,200,1
bwapp,login,CG-Adaptive,5,5,243,af9a044ae9625ddb,200,1
bwapp,login,CG-Adaptive,5,5,245,cf9aff5f51c02581,200,1
bwapp,login,CG-Adaptive,5,5,246,e47bc3e6058abc25,200,1
bwapp,login,CG-Adaptive,5,5,247,4b4d58a052a2202f,200,1
bwapp,login,CG-Adaptive,5,5,248,12a6e6fce3ca8229,200,1
bwapp,login,CG-Adaptive,5,5,249,f0b1819ce36f77a2,200,1
bwapp,login,CG-Adaptive,5,5,250,b1c0ca1e56359957,200,1
bwapp,login,CG-Adaptive,5,5,251,41809dbb7c0e4810,200,1
bwapp,login,CG-Adaptive,5,5,252,b95b1f32ec6be8bf,200,1
bwapp,login,CG-Adaptive,5,5,253,0e3ae65f58186db0,200,1
bwapp,login,CG-Adaptive,5,5,254,390f68a996f74565,200,1
bwapp,login,CG-Adaptive,5,5,255,775234ba88002850,200,1
bwapp,login,CG-Adaptive,5,5,256,f059f7d3d716f182,200,1
bwapp,login,CG-Adaptive,5,5,257,3d3b858a0125d9e8,200,1
bwapp,login,CG-Adaptive,5,5,258,0f3884fcaf7d63a8,200,1
bwapp,login,CG-Adaptive,5,5,259,13658e04f6ced67e,200,1
bwapp,login,CG-Adaptive,5,5,260,697f840c63a414d2,200,1
bwapp,login,CG-Adaptive,5,5,261,a5908b77e9e19f6e,200,1
bwapp,login,CG-Adaptive,5,5,262,7defdf11169d6603,200,1
bwapp,login,CG-Adaptive,5,5,263,b5e978eaac25dc53,200,1
bwapp,login,CG-Adaptive,5,5,264,f9845b395949f8d9,200,1
bwapp,login,CG-Adaptive,5,5,265,b30eafe503c1ca73,200,1
bwapp,login,CG-Adaptive,5,5,266,583aeea0354e0c89,200,1
bwapp,login,CG-Adaptive,5,5,267,89ece626cdd93d93,200,1
bwapp,login,CG-Adaptive,5,5,268,73d63b756a1a9b0e,200,1
bwapp,login,CG-Adaptive,5,5,269,542a2371bf57bafe,200,1
bwapp,login,CG-Adaptive,5,5,270,3972e40ecacd4ee2,200,1
bwapp,login,CG-Adaptive,5,5,271,16821ff54bb119c0,200,1
bwapp,login,CG-Adaptive,5,5,272,4d6086d9de119205,200,1
bwapp,login,CG-Adaptive,5,5,273,515a223d9b539bce,200,1
bwapp,login,CG-Adaptive,5,5,274,e42b3f185db80587,200,1
bwapp,login,CG-Adaptive,5,5,275,7cf6a95ed41ee67f,200,1
bwapp,login,CG-Adaptive,5,5,276,234dafd8d0894240,200,1
bwapp,login,CG-Adaptive,5,5,277,ebdaadf0b30ac8bd,200,1
bwapp,login,CG-Adaptive,5,5,278,c84bf9ccbe6cbb2e,200,1
bwapp,login,CG-Adaptive,5,5,279,2b3014c0c8460096,200,1
bwapp,login,CG-Adaptive,5,5,280,c630c9b4e8ea9acf,200,1
bwapp,login,CG-Adaptive,5,5,281,728e333c6a039208,200,1
bwapp,login,CG-Adaptive,5,5,282,fa0335aa9791a19f,200,1
bwapp,login,CG-Adaptive,5,5,283,cac48e40c8a22d4a,200,1
bwapp,login,CG-Adaptive,5,5,284,ce19ac513074fd78,200,1
bwapp,login,CG-Adaptive,5,5,285,a3e95098ce1365e2,200,1
bwapp,login,CG-Adaptive,5,5,286,907bb157825697a6,200,1
bwapp,login,CG-Adaptive,5,5,288,043474e1cd566f65,200,1
bwapp,login,CG-Adaptive,5,5,289,e10755caf5f2429d,200,1
bwapp,login,CG-Adaptive,5,5,290,8f1f6e565ede7be6,200,1
bwapp,login,CG-Adaptive,5,5,291,a97c95e6e8b244a2,200,1
bwapp,login,CG-Adaptive,5,5,292,44c9913924cb5084,200,1
bwapp,login,CG-Adaptive,5,5,293,bf7aee33a485c899,200,1
bwapp,login,CG-Adaptive,5,5,295,efc99bb19e0306b6,200,1
bwapp,login,CG-Adaptive,5,5,296,900535f5e767a023,200,1
bwapp,login,CG-Adaptive,5,5,297,8ad3448238f1c4c6,200,1
bwapp,login,CG-Adaptive,5,5,298,4cb6216bb81ad937,200,1
bwapp,login,CG-Adaptive,5,5,299,085eaff54a862af6,200,1
bwapp,login,CG-Adaptive,5,5,300,36b0f15eb7a81dc1,200,1
bwapp,login,CG-Adaptive,5,5,301,e751973a4ec44922,200,1
bwapp,login,CG-Adaptive,5,5,302,10aa981348371ad0,200,1
bwapp,login,CG-Adaptive,5,5,303,aa085e891439b2bd,200,1
bwapp,login,CG-Adaptive,5,5,304,7445fbac6529ef88,200,1
bwapp,login,CG-Adaptive,5,5,305,1e6c58af7ca24ca3,200,1
bwapp,login,CG-Adaptive,5,5,306,45656ea551d8fe42,200,1
bwapp,login,CG-Adaptive,5,5,307,dbd8bf282775a88e,200,1
bwapp,login,CG-Adaptive,5,5,308,ae11ade464582e22,200,1
bwapp,login,CG-Adaptive,5,5,309,23e0c9409ab1c917,200,1
bwapp,login,CG-Adaptive,5,5,310,c241787d1cf87a90,200,1
bwapp,login,CG-Adaptive,5,5,311,e2f2e26542924434,200,1
bwapp,login,CG-Adaptive,5,5,312,5fd5c676ae90312f,200,1
bwapp,login,CG-Adaptive,5,5,313,dfb42c88dc26bf63,200,1
bwapp,login,CG-Adaptive,5,5,314,68510857c2a6fccb,200,1
bwapp,login,CG-Adaptive,5,5,315,7e7f0b069656c51f,200,1
bwapp,login,CG-Adaptive,5,5,316,ab7a796f92141af3,200,1
bwapp,login,CG-Adaptive,5,5,317,2b32986d463e81d2,200,1
bwapp,login,CG-Adaptive,5,5,318,aafa307f732bc000,200,1
bwapp,login,CG-Adaptive,5,5,319,3d31adfd888aa821,200,1
bwapp,login,CG-Adaptive,5,5,320,ff732e88a5aee707,200,1
bwapp,login,CG-Adaptive,5,5,321,3a161dd9a5c981b1,200,1
bwapp,login,CG-Adaptive,5,5,322,362af0980b239ae5,200,1
bwapp,login,CG-Adaptive,5,5,323,73935792bf16f2a3,200,1
bwapp,login,CG-Adaptive,5,5,324,37151c0daf1eb325,200,1
bwapp,login,CG-Adaptive,5,5,325,943661d81891e7b4,200,1
bwapp,login,CG-Adaptive,5,5,326,fb53593259afefc2,200,1
bwapp,login,CG-Adaptive,5,5,327,30c81e2b97489b02,200,1
bwapp,login,CG-Adaptive,5,5,328,a28db98ef5958c1d,200,1
bwapp,login,CG-Adaptive,5,5,329,315b08aae071ecb5,200,1
bwapp,login,CG-Adaptive,5,5,330,982fcc6c57386a1f,200,1
bwapp,login,CG-Adaptive,5,5,331,1afc836dd4153681,200,1
bwapp,login,CG-Adaptive,5,5,332,0d38553c7efdb0e6,200,1
bwapp,login,CG-Adaptive,5,5,333,68c942075cf13acd,200,1
bwapp,login,CG-Adaptive,5,5,334,8d862e25797a5211,200,1
bwapp,login,CG-Adaptive,5,5,335,dd91246e64bcda41,200,1
bwapp,login,CG-Adaptive,5,5,336,1c54208ccc09f7e0,200,1
bwapp,login,CG-Adaptive,5,5,337,e5730e36c59eb05e,200,1
bwapp,login,CG-Adaptive,5,5,338,a6ace26df4a3e96b,200,1
bwapp,login,CG-Adaptive,5,5,339,0f2c98779e20398f,200,1
bwapp,login,CG-Adaptive,5,5,340,f5b2474bd6dffcd7,200,1
bwapp,login,CG-Adaptive,5,5,341,4b9bfd36f1b404ae,200,1
bwapp,login,CG-Adaptive,5,5,342,d6d9aed366a04fcc,200,1
bwapp,login,CG-Adaptive,5,5,343,b3b72d311ebf755d,200,1
bwapp,login,CG-Adaptive,5,5,344,e0c495087b0e59f4,200,1
bwapp,login,CG-Adaptive,5,5,345,fc3382881d9886b8,200,1
bwapp,login,CG-Adaptive,5,5,346,e028fc67c3791a40,200,1
bwapp,login,CG-Adaptive,5,5,347,7f0e16efb5bd493d,200,1
bwapp,login,CG-Adaptive,5,5,348,3fed09fc78ba6219,200,1
bwapp,login,CG-Adaptive,5,5,349,31af75210b7fc992,200,1
bwapp,login,CG-Adaptive,5,5,350,add3b41d3e1a21c8,200,1
bwapp,login,CG-Adaptive,5,5,351,61fd07090f5ae3f9,200,1
bwapp,login,CG-Adaptive,5,5,352,fa41e5cad5730203,200,1
bwapp,login,CG-Adaptive,5,5,353,c7f7711b6899eb12,200,1
bwapp,login,CG-Adaptive,5,5,354,f35d070d7334d12a,200,1
bwapp,login,CG-Adaptive,5,5,355,d9d4fa1173ae2e02,200,1
bwapp,login,CG-Adaptive,5,5,356,079a00fb5129c436,200,1
bwapp,login,CG-Adaptive,5,5,357,bbb8ca12ee5aa2ff,200,1
bwapp,login,CG-Adaptive,5,5,358,493099fa2ccf99a3,200,1
bwapp,login,CG-Adaptive,5,5,359,55581daa043748ab,200,1
bwapp,login,CG-Adaptive,5,5,360,2c1e2b9c45b4f2cb,200,1
bwapp,login,CG-Adaptive,5,5,361,5bdeab9750ecacd0,200,1
bwapp,login,CG-Adaptive,5,5,362,55a0a2e9ace41d51,200,1
bwapp,login,CG-Adaptive,5,5,363,f9a4c868bae3640a,200,1
bwapp,login,CG-Adaptive,5,5,364,76b626423f06f171,200,1
bwapp,login,CG-Adaptive,5,5,365,666092e00e9db19e,200,1
bwapp,login,CG-Adaptive,5,5,366,8f1483a824951c58,200,1
bwapp,login,CG-Adaptive,5,5,367,e1fc441486f98e10,200,1
bwapp,login,CG-Adaptive,5,5,368,002d8cac7afe6563,200,1
bwapp,login,CG-Adaptive,5,5,369,f8ec39d84cf01000,200,1
bwapp,login,CG-Adaptive,5,5,370,ec966be906a44b13,200,1
bwapp,login,CG-Adaptive,5,5,371,b307dbcaeb3cc407,200,1
bwapp,login,CG-Adaptive,5,5,372,27037c449ed26496,200,1
bwapp,login,CG-Adaptive,5,5,373,057cdc491b8540e0,200,1
bwapp,login,CG-Adaptive,5,5,374,81f751e827f4b288,200,1
bwapp,login,CG-Adaptive,5,5,375,f9f0c72a9b4a4e9b,200,1
bwapp,login,CG-Adaptive,5,5,376,49df804996222059,200,1
bwapp,login,CG-Adaptive,5,5,377,05024fd96480ac13,200,1
bwapp,login,CG-Adaptive,5,5,378,6a7ea184390a5cf2,200,1
bwapp,login,CG-Adaptive,5,5,379,f4fb24f0e3e8a937,200,1
bwapp,login,CG-Adaptive,5,5,380,c1f3fc933d8db8c0,200,1
bwapp,login,CG-Adaptive,5,5,381,7991956287bc4c95,200,1
bwapp,login,CG-Adaptive,5,5,382,9e746dcd6382bccd,200,1
bwapp,login,CG-Adaptive,5,5,383,31b22efe81306cb5,200,1
bwapp,login,CG-Adaptive,5,5,384,b93a0b9083ce2b49,200,1
bwapp,login,CG-Adaptive,5,5,385,2824b2360259c33e,200,1
bwapp,login,CG-Adaptive,5,5,386,af48d910a176dc0d,200,1
bwapp,login,CG-Adaptive,5,5,387,eb79afb365e2b9fe,200,1
bwapp,login,CG-Adaptive,5,5,388,8208eed451d1b173,200,1
bwapp,login,CG-Adaptive,5,5,389,9c46f108b17018a1,200,1
bwapp,login,CG-Adaptive,5,5,390,28514df0b3a0a0a6,200,1
bwapp,login,CG-Adaptive,5,5,391,0fc5c663480caa5d,200,1
bwapp,login,CG-Adaptive,5,5,392,431cace566885b33,200,1
bwapp,login,CG-Adaptive,5,5,393,affd269ec01ff264,200,1
bwapp,login,CG-Adaptive,5,5,394,545b5406a49e0623,200,1
bwapp,login,CG-Adaptive,5,5,395,df23e26ab36df582,200,1
bwapp,login,CG-Adaptive,5,5,396,427710850962ce19,200,1
bwapp,login,CG-Adaptive,5,5,397,450300338c84ce91,200,1
bwapp,login,CG-Adaptive,5,5,398,1de940a564242a85,200,1
bwapp,login,CG-Adaptive,5,5,399,53f4e8b8911bc80e,200,1
bwapp,login,CG-Adaptive,5,5,400,75682045b094d774,200,1
bwapp,login,CG-Adaptive,5,5,401,5f2bfa6e0c49ae5d,200,1
bwapp,login,CG-Adaptive,5,5,402,60aaf805c2d4dc90,200,1
bwapp,login,CG-Adaptive,5,5,403,a3f3cd7d95065b74,200,1
bwapp,login,CG-Adaptive,5,5,404,0f76df0abe394eac,200,1
bwapp,login,CG-Adaptive,5,5,405,1d7597ce63603bab,200,1
bwapp,login,CG-Adaptive,5,5,406,df2d3244ba8c02fe,200,1
bwapp,login,CG-Adaptive,5,5,407,83043367f317ed5b,200,1
bwapp,login,CG-Adaptive,5,5,408,82991be71c6429ab,200,1
bwapp,login,CG-Adaptive,5,5,409,86b31abe10686a74,200,1
bwapp,login,CG-Adaptive,5,5,410,7549b964a703a3f6,200,1
bwapp,login,CG-Adaptive,5,5,411,d13a17a7419ebff7,200,1
bwapp,login,CG-Adaptive,6,3,2,1f2dcef571bfc262,200,1
bwapp,login,CG-Adaptive,6,3,6,f3609e2a064d5f54,200,1
bwapp,login,CG-Adaptive,6,3,9,71f9ac7ff80c4896,200,1
bwapp,login,CG-Adaptive,6,3,14,58217d48aea804e0,200,1
bwapp,login,CG-Adaptive,6,3,15,3511f24547244135,200,1
bwapp,login,CG-Adaptive,6,3,20,c688049553fbf1eb,200,1
bwapp,login,CG-Adaptive,6,3,24,70736600558825ed,200,1
bwapp,login,CG-Adaptive,6,3,27,547e12f20d1bfaaa,200,1
bwapp,login,CG-Adaptive,6,3,28,c415160bbe95af2a,200,1
bwapp,login,CG-Adaptive,6,3,31,255206005715029c,200,1
bwapp,login,CG-Adaptive,6,3,36,485cc21ec3f3e6c0,200,1
bwapp,login,CG-Adaptive,6,3,39,a6acc9075201b106,200,1
bwapp,login,CG-Adaptive,6,3,40,6e30bf742e43093c,200,1
bwapp,login,CG-Adaptive,6,3,43,02fe9e9e0eed7cf4,200,1
bwapp,login,CG-Adaptive,6,3,46,4e283eacbb21b84d,200,1
bwapp,login,CG-Adaptive,6,3,47,ab4c8052635aa91d,200,1
bwapp,login,CG-Adaptive,6,3,49,bbe8f4f76e2275f9,200,1
bwapp,login,CG-Adaptive,6,3,51,e7244289c8cff5ce,200,1
bwapp,login,CG-Adaptive,6,3,52,27f2f25bf3fe7bbe,200,1
bwapp,login,CG-Adaptive,6,3,53,6386ecb4e6f1a42d,200,1
bwapp,login,CG-Adaptive,6,3,55,63a381b0d272ab48,200,1
bwapp,login,CG-Adaptive,6,3,58,f70b0b39a02e3eb9,200,1
bwapp,login,CG-Adaptive,6,3,60,53204b6b42e729b1,200,1
bwapp,login,CG-Adaptive,6,3,63,e6e2e402fe6e3e26,200,1
bwapp,login,CG-Adaptive,6,3,65,43d5e2ac0c435a1c,200,1
bwapp,login,CG-Adaptive,6,3,69,cefa4fad3078dad7,200,1
bwapp,login,CG-Adaptive,6,3,70,66438ceebe06766a,200,1
bwapp,login,CG-Adaptive,6,3,72,29b967a0c37ed14d,200,1
bwapp,login,CG-Adaptive,6,3,75,095611010f66aa3a,200,1
bwapp,login,CG-Adaptive,6,3,77,278a594b1c801c42,200,1
bwapp,login,CG-Adaptive,6,3,80,383de5b065ea6810,200,1
bwapp,login,CG-Adaptive,6,3,81,ecc55fd3db839cb3,200,1
bwapp,login,CG-Adaptive,6,3,85,8289df014b164693,200,1
bwapp,login,CG-Adaptive,6,3,86,c615464679708127,200,1
bwapp,login,CG-Adaptive,6,3,89,1ebb5b16a145cbbf,200,1
bwapp,login,CG-Adaptive,6,3,93,f7926af3f89afd22,200,1
bwapp,login,CG-Adaptive,6,3,96,7c20c3465c9d8e84,200,1
bwapp,login,CG-Adaptive,6,3,97,0b82615b4b729b0b,200,1
bwapp,login,CG-Adaptive,6,3,99,1c3ceedd97662329,200,1
bwapp,login,CG-Adaptive,6,3,101,568c223971214b78,200,1
bwapp,login,CG-Adaptive,6,3,103,b46b29e8bf02818f,200,1
bwapp,login,CG-Adaptive,6,3,107,d41f73dc8569add7,200,1
bwapp,login,CG-Adaptive,6,3,110,1ad534e083277be0,200,1
bwapp,login,CG-Adaptive,6,3,112,2fad1f76679e2b66,200,1
bwapp,login,CG-Adaptive,6,3,114,d3003f88a61c22f9,200,1
bwapp,login,CG-Adaptive,6,3,117,d38f2dc0f0151d50,200,1
bwapp,login,CG-Adaptive,6,3,121,9b7803443415d70c,200,1
bwapp,login,CG-Adaptive,6,3,123,7374ae9dede1d970,200,1
bwapp,login,CG-Adaptive,6,3,126,3fa97e5b8e0c4d40,200,1
bwapp,login,CG-Adaptive,6,3,128,fc21d2b4b5a15bc0,200,1
bwapp,login,CG-Adaptive,6,3,129,3def49e1d85223d6,200,1
bwapp,login,CG-Adaptive,6,3,130,76a69a0d5cafaac9,200,1
bwapp,login,CG-Adaptive,6,3,132,7905f6358ab2e8b0,200,1
bwapp,login,CG-Adaptive,6,3,133,6829395f34acc880,200,1
bwapp,login,CG-Adaptive,6,3,135,e8d6f782fb631628,200,1
bwapp,login,CG-Adaptive,6,3,138,88a9d61bca68001c,200,1
bwapp,login,CG-Adaptive,6,3,139,168c33de00985440,200,1
bwapp,login,CG-Adaptive,6,3,141,0a84566995c9a7b1,200,1
bwapp,login,CG-Adaptive,6,3,142,36d95dec92cc94e7,200,1
bwapp,login,CG-Adaptive,6,3,143,f5a14a1de70e545c,200,1
bwapp,login,CG-Adaptive,6,3,144,0d5fb30893459ee3,200,1
bwapp,login,CG-Adaptive,6,3,147,6b1af0a7209a1902,200,1
bwapp,login,CG-Adaptive,6,3,149,b7b2f7c329d07966,200,1
bwapp,login,CG-Adaptive,6,3,151,3cc7d6f18c91f298,200,1
bwapp,login,CG-Adaptive,6,3,152,75d6da2c1a344a79,200,1
bwapp,login,CG-Adaptive,6,3,153,d8c680078713e1e7,200,1
bwapp,login,CG-Adaptive,6,3,154,f457efecac14f900,200,1
bwapp,login,CG-Adaptive,6,3,155,e2f6ad1e81bb04b8,200,1
bwapp,login,CG-Adaptive,6,3,157,e7875ca298959f12,200,1
bwapp,login,CG-Adaptive,6,3,159,791fd5976e70e2fe,200,1
bwapp,login,CG-Adaptive,6,3,160,c9f636362be52df6,200,1
bwapp,login,CG-Adaptive,6,3,161,1c39b41f6757687a,200,1
bwapp,login,CG-Adaptive,6,3,162,d3facf7cb7013428,200,1
bwapp,login,CG-Adaptive,6,3,164,d703ae8e8508c8a7,200,1
bwapp,login,CG-Adaptive,6,3,166,51d0c6a511bbb616,200,1
bwapp,login,CG-Adaptive,6,3,167,72e5a1336e3a4b92,200,1
bwapp,login,CG-Adaptive,6,3,168,30e5849d0ffcdea3,200,1
bwapp,login,CG-Adaptive,6,3,169,2728053ff1f0d102,200,1
bwapp,login,CG-Adaptive,6,3,170,da312731bc6c64d0,200,1
bwapp,login,CG-Adaptive,6,3,171,ca4ac1847871690a,200,1
bwapp,login,CG-Adaptive,6,3,172,e1afda8426c36741,200,1
bwapp,login,CG-Adaptive,6,3,174,57078aaeefb27d6c,200,1
bwapp,login,CG-Adaptive,6,3,175,b2800e45ae2b8a67,200,1
bwapp,login,CG-Adaptive,6,3,176,1651d99f343b7f77,200,1
bwapp,login,CG-Adaptive,6,3,177,0035af3d45d3cb5c,200,1
bwapp,login,CG-Adaptive,6,3,178,f46ed88b3eecbbaf,200,1
bwapp,login,CG-Adaptive,6,3,179,c266e67d20cdfe98,200,1
bwapp,login,CG-Adaptive,6,3,181,df3dd44883185676,200,1
bwapp,login,CG-Adaptive,6,3,182,0b1380040e3c1e5f,200,1
bwapp,login,CG-Adaptive,6,3,183,c1edcde122a148fd,200,1
bwapp,login,CG-Adaptive,6,3,184,2b183c21f1c1e644,200,1
bwapp,login,CG-Adaptive,6,3,186,186cff9b038088c0,200,1
bwapp,login,CG-Adaptive,6,3,188,3ad2db3492f7ecba,200,1
bwapp,login,CG-Adaptive,6,3,189,58107c4413b7da12,200,1
bwapp,login,CG-Adaptive,6,3,190,5e8304e174709b49,200,1
bwapp,login,CG-Adaptive,6,3,191,02c513afbdb25d3d,200,1
bwapp,login,CG-Adaptive,6,3,192,3bbcb4c3dc8d0299,200,1
bwapp,login,CG-Adaptive,6,3,193,3c982c83a33b7036,200,1
bwapp,login,CG-Adaptive,6,3,195,f6427f65c6c88321,200,1
bwapp,login,CG-Adaptive,6,3,197,dcde6fb77bfa1146,200,1
bwapp,login,CG-Adaptive,6,3,198,baeb3e45dd8f4f70,200,1
bwapp,login,CG-Adaptive,6,3,200,a95cab7e7dba21e0,200,1
bwapp,login,CG-Adaptive,6,3,201,35421dec556b4d85,200,1
bwapp,login,CG-Adaptive,6,3,202,1fb2032ff300087c,200,1
bwapp,login,CG-Adaptive,6,3,203,0af6125673b0399c,200,1
bwapp,login,CG-Adaptive,6,3,204,3fb96f7b0780742a,200,1
bwapp,login,CG-Adaptive,6,3,205,cfc7cc9f96b69906,200,1
bwapp,login,CG-Adaptive,6,3,206,5eec459a59eb591d,200,1
bwapp,login,CG-Adaptive,6,3,208,2dd8695235237b84,200,1
bwapp,login,CG-Adaptive,6,3,209,8de4992211cc6087,200,1
bwapp,login,CG-Adaptive,6,3,210,b2a2ee68a01aefe9,200,1
bwapp,login,CG-Adaptive,6,3,211,9e7997aadac73949,200,1
bwapp,login,CG-Adaptive,6,3,212,3c7f0a4b9a44759e,200,1
bwapp,login,CG-Adaptive,6,3,213,09f8f1afc747328b,200,1
bwapp,login,CG-Adaptive,6,3,214,73fa6ca6691248bc,200,1
bwapp,login,CG-Adaptive,6,3,215,2ee1b285c678448f,200,1
bwapp,login,CG-Adaptive,6,3,216,68302b18168b0cc0,200,1
bwapp,login,CG-Adaptive,6,3,217,ee2bd12135dc5c66,200,1
bwapp,login,CG-Adaptive,6,3,218,6a90f4951b51a0e6,200,1
bwapp,login,CG-Adaptive,6,3,219,ea9405ec84a8f2e9,200,1
bwapp,login,CG-Adaptive,6,3,220,1201812d2b8da404,200,1
bwapp,login,CG-Adaptive,6,3,221,4b4d58a052a2202f,200,1
bwapp,login,CG-Adaptive,6,3,223,951255d2a6488bff,200,1
bwapp,login,CG-Adaptive,6,3,224,0cfa3cf5dcdb9fbd,200,1
bwapp,login,CG-Adaptive,6,3,225,1c04995a49a4f7bd,200,1
bwapp,login,CG-Adaptive,6,3,226,0b4845c32ba0fba6,200,1
bwapp,login,CG-Adaptive,6,3,227,56a6a6b1c5acc223,200,1
bwapp,login,CG-Adaptive,6,3,229,8e12718122ea0bbd,200,1
bwapp,login,CG-Adaptive,6,3,230,f1ae4443639d6525,200,1
bwapp,login,CG-Adaptive,6,3,231,2b0cd50354338987,200,1
bwapp,login,CG-Adaptive,6,3,232,7070a28c1c2461c1,200,1
bwapp,login,CG-Adaptive,6,3,233,a443a735397c79cb,200,1
bwapp,login,CG-Adaptive,6,3,234,e237a5339114e7e0,200,1
bwapp,login,CG-Adaptive,6,3,235,9b41314af55baad8,200,1
bwapp,login,CG-Adaptive,6,3,236,7f4b03574a898141,200,1
bwapp,login,CG-Adaptive,6,3,238,d4004fc0f42c025a,200,1
bwapp,login,CG-Adaptive,6,3,239,6b6e2764040265fe,200,1
bwapp,login,CG-Adaptive,6,3,240,11be9684b636d30c,200,1
bwapp,login,CG-Adaptive,6,3,241,a6c3e091481a1ef0,200,1
bwapp,login,CG-Adaptive,6,3,243,e95860c180eeea82,200,1
bwapp,login,CG-Adaptive,6,3,244,5a53f1c66f4b2877,200,1
bwapp,login,CG-Adaptive,6,3,245,c479da83b24cecb0,200,1
bwapp,login,CG-Adaptive,6,3,246,e98d9ec58825801d,200,1
bwapp,login,CG-Adaptive,6,3,247,a9cbcb45146eca47,200,1
bwapp,login,CG-Adaptive,6,3,248,6ecf0e2972262de7,200,1
bwapp,login,CG-Adaptive,6,3,249,ac97862c23cf49df,200,1
bwapp,login,CG-Adaptive,6,3,250,c59cd5d2f0bbd17e,200,1
bwapp,login,CG-Adaptive,6,3,251,a808ad0e5bf5b8ab,200,1
bwapp,login,CG-Adaptive,6,3,253,5e66672c70270283,200,1
bwapp,login,CG-Adaptive,6,3,254,f8fffea37155371b,200,1
bwapp,login,CG-Adaptive,6,3,255,d913c195b4f508cc,200,1
bwapp,login,CG-Adaptive,6,3,257,f0c58ee9b0c93dee,200,1
bwapp,login,CG-Adaptive,6,3,258,8a22a361450156eb,200,1
bwapp,login,CG-Adaptive,6,3,259,6859c6522168e432,200,1
bwapp,login,CG-Adaptive,6,3,260,be1b5c7f1ca92cf7,200,1
bwapp,login,CG-Adaptive,6,3,261,95336f56f77b1806,200,1
bwapp,login,CG-Adaptive,6,3,262,dd73d6b32098d88f,200,1
bwapp,login,CG-Adaptive,6,3,263,63893f40aa0ff3e2,200,1
bwapp,login,CG-Adaptive,6,3,264,67aab8721adb5c82,200,1
bwapp,login,CG-Adaptive,6,3,265,9d41b507246ec3df,200,1
bwapp,login,CG-Adaptive,6,3,266,036e0c3b2f483b59,200,1
bwapp,login,CG-Adaptive,6,3,267,1c01efdabbba9cb9,200,1
bwapp,login,CG-Adaptive,6,3,268,dcb1e3a8041a17ec,200,1
bwapp,login,CG-Adaptive,6,3,269,26bcc52504b08c61,200,1
bwapp,login,CG-Adaptive,6,3,270,4a94a83b41aad195,200,1
bwapp,login,CG-Adaptive,6,3,271,629acf90d0d874e6,200,1
bwapp,login,CG-Adaptive,6,3,272,843ded6d4f6c5803,200,1
bwapp,login,CG-Adaptive,6,3,273,1ff0a476d6c99f20,200,1
bwapp,login,CG-Adaptive,6,3,274,02b60d4f69b4d638,200,1
bwapp,login,CG-Adaptive,6,3,275,8cd1904cd85e615f,200,1
bwapp,login,CG-Adaptive,6,3,276,ea73207d72ec46d7,200,1
bwapp,login,CG-Adaptive,6,3,277,8a87be8e8cd90826,200,1
bwapp,login,CG-Adaptive,6,3,278,2b6880a097bfeb19,200,1
bwapp,login,CG-Adaptive,6,3,279,ca34f32f8a04596f,200,1
bwapp,login,CG-Adaptive,6,3,280,f9cbd47f09550a46,200,1
bwapp,login,CG-Adaptive,6,3,281,642fa3fbf032abed,200,1
bwapp,login,CG-Adaptive,6,3,282,0fefb3cbc14cff1b,200,1
bwapp,login,CG-Adaptive,6,3,283,0fc8532d09255585,200,1
bwapp,login,CG-Adaptive,6,3,284,40188dbc1cc084e0,200,1
bwapp,login,CG-Adaptive,6,3,285,48146912f8200906,200,1
bwapp,login,CG-Adaptive,6,3,286,aba0c2d888f337ac,200,1
bwapp,login,CG-Adaptive,6,3,287,53543f3ab16f0b4c,200,1
bwapp,login,CG-Adaptive,6,3,288,cf37a732195a4415,200,1
bwapp,login,CG-Adaptive,6,3,289,80afd13bd09080b4,200,1
bwapp,login,CG-Adaptive,6,3,290,4b4f9f507e108a56,200,1
bwapp,login,CG-Adaptive,6,3,291,723b9056c09e2b3a,200,1
bwapp,login,CG-Adaptive,6,3,292,95d53a5891d8d5bf,200,1
bwapp,login,CG-Adaptive,6,3,293,d5dc2290feb792e7,200,1
bwapp,login,CG-Adaptive,6,3,294,dbbdbaef6ed6da14,200,1
bwapp,login,CG-Adaptive,6,3,295,0f23304b545afe0a,200,1
bwapp,login,CG-Adaptive,6,3,296,5befa4b2d538efbf,200,1
bwapp,login,CG-Adaptive,6,3,297,c29e0edea10656c3,200,1
bwapp,login,CG-Adaptive,6,3,298,a54317bf12f255e3,200,1
bwapp,login,CG-Adaptive,6,3,299,c75a4807aaa057a1,200,1
bwapp,login,CG-Adaptive,6,3,300,d5b0eda0354b1551,200,1
bwapp,login,CG-Adaptive,6,3,301,bb9b6c1dc03fec6c,200,1
bwapp,login,CG-Adaptive,6,3,302,a1e20884bbe8440a,200,1
bwapp,login,CG-Adaptive,6,3,303,be114cbbc162166f,200,1
bwapp,login,CG-Adaptive,6,3,304,4538a3739c5d4d8b,200,1
bwapp,login,CG-Adaptive,6,3,305,9b38945840581478,200,1
bwapp,login,CG-Adaptive,6,3,306,99b38f52c945af86,200,1
bwapp,login,CG-Adaptive,6,3,307,a541b828d535fb2f,200,1
bwapp,login,CG-Adaptive,6,3,308,2e0000b286041cc1,200,1
bwapp,login,CG-Adaptive,6,3,309,a5719c59b5bcb3d8,200,1
bwapp,login,CG-Adaptive,6,3,310,85f4a2e1ab4c1246,200,1
bwapp,login,CG-Adaptive,6,3,311,52832bfb5d7443c7,200,1
bwapp,login,CG-Adaptive,6,3,312,b1e68bf5e2d116cd,200,1
bwapp,login,CG-Adaptive,6,3,313,964134a86658b077,200,1
bwapp,login,CG-Adaptive,6,3,314,70abd4514c1ccfcd,200,1
bwapp,login,CG-Adaptive,6,3,315,5714c5839b92ceaa,200,1
bwapp,login,CG-Adaptive,6,3,316,0aefa7c5f2b79bce,200,1
bwapp,login,CG-Adaptive,6,3,317,23aafb7d2e062333,200,1
bwapp,login,CG-Adaptive,6,3,318,b57661a46cfe9b54,200,1
bwapp,login,CG-Adaptive,6,3,319,843e6cb17ed332e1,200,1
bwapp,login,CG-Adaptive,6,3,320,c7665b0adb49fe06,200,1
bwapp,login,CG-Adaptive,6,3,321,fd017d2ccd1620f5,200,1
bwapp,login,CG-Adaptive,6,3,322,2a2e4a5e4e354753,200,1
bwapp,login,CG-Adaptive,6,3,323,7d8e6497f7514e51,200,1
bwapp,login,CG-Adaptive,6,3,324,553120b3e564e60a,200,1
bwapp,login,CG-Adaptive,6,3,325,a395acb7300a88a8,200,1
bwapp,login,CG-Adaptive,6,3,326,9cf757b830d250cb,200,1
bwapp,login,CG-Adaptive,6,3,327,ac59fba25c2d8d53,200,1
bwapp,login,CG-Adaptive,6,3,328,292f166bc0c17e56,200,1
bwapp,login,CG-Adaptive,6,3,329,dabdd839fcf30bf3,200,1
bwapp,login,CG-Adaptive,6,3,330,14a795bc341d9f18,200,1
bwapp,login,CG-Adaptive,6,3,331,1af55dfa15ce4e9c,200,1
bwapp,login,CG-Adaptive,6,3,332,c27fa68fe543b877,200,1
bwapp,login,CG-Adaptive,6,3,333,973c036e725cd509,200,1
bwapp,login,CG-Adaptive,6,3,334,d78215fb757b304e,200,1
bwapp,login,CG-Adaptive,6,3,335,e1704aab5aafd969,200,1
bwapp,login,CG-Adaptive,6,3,336,052a8ecbf2446620,200,1
bwapp,login,CG-Adaptive,6,3,337,28597953c8fc08cc,200,1
bwapp,login,CG-Adaptive,6,3,338,371b2d92e7d46651,200,1
bwapp,login,CG-Adaptive,6,3,339,af5e209ab670f8a0,200,1
bwapp,login,CG-Adaptive,6,3,340,ff6ad94e7dd331c3,200,1
bwapp,login,CG-Adaptive,6,3,341,c4b164a143a63bb7,200,1
bwapp,login,CG-Adaptive,6,3,342,e844762021766469,200,1
bwapp,login,CG-Adaptive,6,3,343,2d0776999ec42df0,200,1
bwapp,login,CG-Adaptive,6,3,344,5e1a7736dd04a43e,200,1
bwapp,login,CG-Adaptive,6,3,345,553aba71b2e81bf0,200,1
bwapp,login,CG-Adaptive,6,3,346,867b3fe255c57ae6,200,1
bwapp,login,CG-Adaptive,6,3,347,5604550bde8f6da9,200,1
bwapp,login,CG-Adaptive,6,3,348,0fa7762f9e868705,200,1
bwapp,login,CG-Adaptive,6,3,349,10c5629f87eb7d47,200,1
bwapp,login,CG-Adaptive,6,3,350,e88087149739ee11,200,1
bwapp,login,CG-Adaptive,6,3,351,f48926846db9330a,200,1
bwapp,login,CG-Adaptive,6,3,352,e3c9f0494d083d98,200,1
bwapp,login,CG-Adaptive,6,3,353,da0ce2f406dcc4f5,200,1
bwapp,login,CG-Adaptive,6,3,354,f4c3ed4ec6dd5f19,200,1
bwapp,login,CG-Adaptive,6,3,355,bc413a1933d35c37,200,1
bwapp,login,CG-Adaptive,6,3,356,d36ad89f5004d475,200,1
bwapp,login,CG-Adaptive,6,3,357,38f713688e37f4da,200,1
bwapp,login,CG-Adaptive,6,3,358,244f8e0474002fdd,200,1
bwapp,login,CG-Adaptive,6,3,359,f91ba95f5acd5095,200,1
bwapp,login,CG-Adaptive,6,3,360,698fa34e976e440a,200,1
bwapp,login,CG-Adaptive,6,3,361,eb1d492d122f2e26,200,1
bwapp,login,CG-Adaptive,6,3,362,0ee31c454ef29d95,200,1
bwapp,login,CG-Adaptive,6,3,363,89e8ee21ca15c6ce,200,1
bwapp,login,CG-Adaptive,6,3,364,54e26b2996187a49,200,1
bwapp,login,CG-Adaptive,6,3,365,3ab38948a27dbc5b,200,1
bwapp,login,CG-Adaptive,6,3,366,8f26ad71106c2796,200,1
bwapp,login,CG-Adaptive,6,3,367,de4aa66d50db95b3,200,1
bwapp,login,CG-Adaptive,6,3,368,47f9f52f81a5eebc,200,1
bwapp,login,CG-Adaptive,6,3,369,bfac4aef61822d35,200,1
bwapp,login,CG-Adaptive,6,3,370,89271fc82cbb6a2c,200,1
bwapp,login,CG-Adaptive,6,3,371,0c1524b454c249fa,200,1
bwapp,login,CG-Adaptive,6,3,372,82577471e33dd870,200,1
bwapp,login,CG-Adaptive,6,3,373,551ded890083de59,200,1
bwapp,login,CG-Adaptive,6,3,374,8c823e135def5d01,200,1
bwapp,login,CG-Adaptive,6,3,375,ade1d676b1342237,200,1
bwapp,login,CG-Adaptive,6,3,376,1a2348ad882df917,200,1
bwapp,login,CG-Adaptive,6,3,377,67ca34ad043017e4,200,1
bwapp,login,CG-Adaptive,6,3,378,297d78cceb5f2bfd,200,1
bwapp,login,CG-Adaptive,6,3,379,8118c7ae2560bd65,200,1
bwapp,login,CG-Adaptive,6,3,380,83d2acdfa6dcb61b,200,1
bwapp,login,CG-Adaptive,6,3,381,4f49509b21db63f5,200,1
bwapp,login,CG-Adaptive,6,3,382,79cf89ef7efc8c14,200,1
bwapp,login,CG-Adaptive,6,3,383,629a47fe41de8425,200,1
bwapp,login,CG-Adaptive,6,3,384,aedc767aa2635bd8,200,1
bwapp,login,CG-Adaptive,6,3,385,f3e52e8c708096b0,200,1
bwapp,login,CG-Adaptive,6,3,386,0107a54b6c4c68b4,200,1
bwapp,login,CG-Adaptive,6,3,387,dd857e2d7174f847,200,1
bwapp,login,CG-Adaptive,6,3,388,370c662e3844c737,200,1
bwapp,login,CG-Adaptive,6,3,389,5232bfe6b0be1785,200,1
bwapp,login,CG-Adaptive,6,3,390,fff3ab38d56fcecd,200,1
bwapp,login,CG-Adaptive,6,3,391,9fdd68066658d641,200,1
bwapp,login,CG-Adaptive,6,3,392,f2320b666997e40b,200,1
bwapp,login,CG-Adaptive,6,3,393,30384642488fa616,200,1
bwapp,login,CG-Adaptive,6,1,3,255206005715029c,200,1
bwapp,login,CG-Adaptive,6,1,9,45549fd64df11d22,200,1
bwapp,login,CG-Adaptive,6,1,13,dd7ee40afca7eed7,200,1
bwapp,login,CG-Adaptive,6,1,22,2dbe74ea4e3e98a7,200,1
bwapp,login,CG-Adaptive,6,1,25,9a109e43afc24e90,200,1
bwapp,login,CG-Adaptive,6,1,27,c9c2e147fc79e6a2,200,1
bwapp,login,CG-Adaptive,6,1,44,2992bd39b77afe2a,200,1
bwapp,login,CG-Adaptive,6,1,61,987fbe62baeddca5,200,1
bwapp,login,CG-Adaptive,6,1,64,2342878c51a8473b,200,1
bwapp,login,CG-Adaptive,6,1,79,8a3dfe3688675b1d,200,1
bwapp,login,CG-Adaptive,6,1,89,d6d1a4297195d716,200,1
bwapp,login,CG-Adaptive,6,1,111,95582b453ea89178,200,1
bwapp,login,CG-Adaptive,6,1,118,cbfc9a27734986ba,200,1
bwapp,login,CG-Adaptive,6,1,138,f5609491482fcbb2,200,1
bwapp,login,CG-Adaptive,6,1,170,87b0e932cdc4ab44,200,1
bwapp,login,CG-Adaptive,6,1,177,4fdccb4cc93accd6,200,1
bwapp,login,CG-Adaptive,6,2,2,1f2dcef571bfc262,200,1
bwapp,login,CG-Adaptive,6,2,13,e59d4d75b39d68a7,200,1
bwapp,login,CG-Adaptive,6,2,19,792c6ccdb1dcc8c0,200,1
bwapp,login,CG-Adaptive,6,2,25,9669b5f7dede6953,200,1
bwapp,login,CG-Adaptive,6,2,31,2dbe74ea4e3e98a7,200,1
bwapp,login,CG-Adaptive,6,2,35,67f1d72252604c0f,200,1
bwapp,login,CG-Adaptive,6,2,42,55f436c696963218,200,1
bwapp,login,CG-Adaptive,6,2,49,095611010f66aa3a,200,1
bwapp,login,CG-Adaptive,6,2,56,ba0403fd4e4afb08,200,1
bwapp,login,CG-Adaptive,6,2,69,1bd00bbf05258f87,200,1
bwapp,login,CG-Adaptive,6,2,76,07a4bbbc1cd06e3e,200,1
bwapp,login,CG-Adaptive,6,2,91,1d97d81b4382a6d8,200,1
bwapp,login,CG-Adaptive,6,2,96,3abd81c77d46f151,200,1
bwapp,login,CG-Adaptive,6,2,103,13228273647b18cb,200,1
bwapp,login,CG-Adaptive,6,2,106,6b97e70b86575e31,200,1
bwapp,login,CG-Adaptive,6,2,120,439c1991264cbcf9,200,1
bwapp,login,CG-Adaptive,6,2,124,f798220ef73585f7,200,1
bwapp,login,CG-Adaptive,6,2,125,aec78e7d0dadee61,200,1
bwapp,login,CG-Adaptive,6,2,129,ac2940077b4d5eeb,200,1
bwapp,login,CG-Adaptive,6,2,135,39edeb941f2ba968,200,1
bwapp,login,CG-Adaptive,6,2,139,e778590400f35f57,200,1
bwapp,login,CG-Adaptive,6,2,152,8dd9dcee35a64592,200,1
bwapp,login,CG-Adaptive,6,2,155,56fcfde248fd9791,200,1
bwapp,login,CG-Adaptive,6,2,158,d673e37b9fd9c10a,200,1
bwapp,login,CG-Adaptive,6,2,160,670fd1eb31b1aac9,200,1
bwapp,login,CG-Adaptive,6,2,190,613740efba4223d7,200,1
bwapp,login,CG-Adaptive,6,2,195,d71e0ad8e93c7bba,200,1
bwapp,login,CG-Adaptive,6,2,197,599693203ecc2fd5,200,1
bwapp,login,CG-Adaptive,6,2,201,c91bed530bdbae38,200,1
bwapp,login,CG-Adaptive,6,2,204,b4f7c4a19178f52b,200,1
bwapp,login,CG-Adaptive,6,2,207,14088862c51f4367,200,1
bwapp,login,CG-Adaptive,6,2,217,6e81ffcba4903f2f,200,1
bwapp,login,CG-Adaptive,6,2,220,deffcc49120559df,200,1
bwapp,login,CG-Adaptive,6,2,224,9c26b84475752225,200,1
bwapp,login,CG-Adaptive,6,2,226,1eff0633d93765a2,200,1
bwapp,login,CG-Adaptive,6,2,229,e4edb2833734c317,200,1
bwapp,login,CG-Adaptive,6,2,232,6dcbde035d683838,200,1
bwapp,login,CG-Adaptive,6,2,236,67c2eb4bd5ea1a01,200,1
bwapp,login,CG-Adaptive,6,2,241,05465e1c1b858582,200,1
bwapp,login,CG-Adaptive,6,2,244,062c0f3bae58f3ca,200,1
bwapp,login,CG-Adaptive,6,2,249,582d0bb2f626e712,200,1
bwapp,login,CG-Adaptive,6,2,251,e99a0890c57a1322,200,1
bwapp,login,CG-Adaptive,6,2,254,8e7573f116a0bd3f,200,1
bwapp,login,CG-Adaptive,6,2,255,1b9285b441c82b94,200,1
bwapp,login,CG-Adaptive,6,2,257,ebc9577993c642ba,200,1
bwapp,login,CG-Adaptive,6,2,258,c68ee6a65490e612,200,1
bwapp,login,CG-Adaptive,6,2,260,ae003d4b1a9f891f,200,1
bwapp,login,CG-Adaptive,6,2,261,c978165e8199f79b,200,1
bwapp,login,CG-Adaptive,6,2,262,db5ba2ff499b2c10,200,1
bwapp,login,CG-Adaptive,6,2,263,e2b69b0b329b654f,200,1
bwapp,login,CG-Adaptive,6,2,265,22a4f68e6215d6db,200,1
bwapp,login,CG-Adaptive,6,2,267,d11736b3448d18b7,200,1
bwapp,login,CG-Adaptive,6,2,269,6970b5a5362bbd63,200,1
bwapp,login,CG-Adaptive,6,2,271,06899696ce865b12,200,1
bwapp,login,CG-Adaptive,6,2,273,6b4294c5df6b542a,200,1
bwapp,login,CG-Adaptive,6,2,274,37d371bf1c0843a2,200,1
bwapp,login,CG-Adaptive,6,2,276,8ba3303275d2582b,200,1
bwapp,login,CG-Adaptive,6,2,277,eafe0bdc376247a8,200,1
bwapp,login,CG-Adaptive,6,2,278,3b833a1235a21957,200,1
bwapp,login,CG-Adaptive,6,2,280,5d32c6d15b3313e7,200,1
bwapp,login,CG-Adaptive,6,2,281,70f1de27c5729b12,200,1
bwapp,login,CG-Adaptive,6,2,283,06794271c6df2259,200,1
bwapp,login,CG-Adaptive,6,2,284,43ba608160c80804,200,1
bwapp,login,CG-Adaptive,6,2,285,46e0c03de5e98da5,200,1
bwapp,login,CG-Adaptive,6,2,286,049982686e908da8,200,1
bwapp,login,CG-Adaptive,6,2,288,3df1ac2b75110718,200,1
bwapp,login,CG-Adaptive,6,2,293,1547461e39d3d6dc,200,1
bwapp,login,CG-Adaptive,6,2,295,3cca637365236605,200,1
bwapp,login,CG-Adaptive,6,2,297,80976aede71ef2d6,200,1
bwapp,login,CG-Adaptive,6,2,301,9d8895f796383f5a,200,1
bwapp,login,CG-Adaptive,6,2,303,2e5685cf7c94d40b,200,1
bwapp,login,CG-Adaptive,6,2,304,93ef852920fa484e,200,1
bwapp,login,CG-Adaptive,6,2,306,8acb8bc36bd939cd,200,1
bwapp,login,CG-Adaptive,6,2,307,271b9ba74cde57bf,200,1
bwapp,login,CG-Adaptive,6,2,309,fa89639440835784,200,1
bwapp,login,CG-Adaptive,6,2,310,c7affa2e26cf0e4a,200,1
bwapp,login,CG-Adaptive,6,2,311,9cd44486674cee1b,200,1
bwapp,login,CG-Adaptive,6,2,313,8925e405f974b560,200,1
bwapp,login,CG-Adaptive,6,2,315,c52316ac7957f007,200,1
bwapp,login,CG-Adaptive,6,2,316,a2620364b8e17d8a,200,1
bwapp,login,CG-Adaptive,6,2,317,f108906ecba3cb39,200,1
bwapp,login,CG-Adaptive,6,2,318,2d45cb4e682af761,200,1
bwapp,login,CG-Adaptive,6,2,320,bd1f5384c62a3e8d,200,1
bwapp,login,CG-Adaptive,6,2,321,3c8add82eb4404bc,200,1
bwapp,login,CG-Adaptive,6,2,323,35a456ddbb81f8f5,200,1
bwapp,login,CG-Adaptive,6,2,324,e3396b535780bd60,200,1
bwapp,login,CG-Adaptive,6,2,327,b97642dc7246a503,200,1
bwapp,login,CG-Adaptive,6,2,329,673cc8eddf2a0790,200,1
bwapp,login,CG-Adaptive,6,2,333,8dc0e70058bb0b96,200,1
bwapp,login,CG-Adaptive,6,2,334,b8153ec81f7febad,200,1
bwapp,login,CG-Adaptive,6,2,335,c11a8e77acb9e72d,200,1
bwapp,login,CG-Adaptive,6,2,338,36484afff911928f,200,1
bwapp,login,CG-Adaptive,6,2,339,915c2be37996924b,200,1
bwapp,login,CG-Adaptive,6,2,340,2dc7eb65ea5094fc,200,1
bwapp,login,CG-Adaptive,6,2,342,ea44db2c91c45063,200,1
bwapp,login,CG-Adaptive,6,2,344,30dca0c311fbd941,200,1
bwapp,login,CG-Adaptive,6,2,345,f1287353f3a3e5b2,200,1
bwapp,login,CG-Adaptive,6,2,346,042855d00d3cd320,200,1
bwapp,login,CG-Adaptive,6,2,348,43965ac6bddb0e97,200,1
bwapp,login,CG-Adaptive,6,2,349,20a23aca442c84e3,200,1
bwapp,login,CG-Adaptive,6,2,350,bc01af2fc316c89f,200,1
bwapp,login,CG-Adaptive,6,2,351,7057dbe627be2a71,200,1
bwapp,login,CG-Adaptive,6,2,353,feb94dff82b3cb67,200,1
bwapp,login,CG-Adaptive,6,2,354,7cdb76b80f09120a,200,1
bwapp,login,CG-Adaptive,6,2,356,2ca33e6c7041d7ab,200,1
bwapp,login,CG-Adaptive,6,2,358,ce0cfa958d5002c6,200,1
bwapp,login,CG-Adaptive,6,2,359,a87ee61f42d32793,200,1
bwapp,login,CG-Adaptive,6,2,361,e09c11f5ba7814b8,200,1
bwapp,login,CG-Adaptive,6,2,362,994ab33b0e527ed6,200,1
bwapp,login,CG-Adaptive,6,2,363,8e0511249b5d27f3,200,1
bwapp,login,CG-Adaptive,6,2,364,82cdbe0944ad6ecf,200,1
bwapp,login,CG-Adaptive,6,2,366,bc36baa9fcb1a182,200,1
bwapp,login,CG-Adaptive,6,2,367,8e7ed542e091ae36,200,1
bwapp,login,CG-Adaptive,6,2,368,7347c59ac42e652e,200,1
bwapp,login,CG-Adaptive,6,2,369,a532cf5ea1e79bf3,200,1
bwapp,login,CG-Adaptive,6,2,370,b562121c5983b99a,200,1
bwapp,login,CG-Adaptive,6,2,371,12b203765e13cf28,200,1
bwapp,login,CG-Adaptive,6,2,373,e1a9490e85b90468,200,1
bwapp,login,CG-Adaptive,6,2,375,73a8658fe139fee5,200,1
bwapp,login,CG-Adaptive,6,2,376,e6aebeb57be60f79,200,1
bwapp,login,CG-Adaptive,6,2,377,44ac446b453d44eb,200,1
bwapp,login,CG-Adaptive,6,2,379,b9b1cf1ac75fede2,200,1
bwapp,login,CG-Adaptive,6,4,15,6014ea54718eda80,200,1
bwapp,login,CG-Adaptive,6,4,16,25c5c07f8215fa8a,200,1
bwapp,login,CG-Adaptive,6,4,22,255206005715029c,200,1
bwapp,login,CG-Adaptive,6,4,31,d0d539d52f03e096,200,1
bwapp,login,CG-Adaptive,6,4,36,08e0f225d4dde6a9,200,1
bwapp,login,CG-Adaptive,6,4,41,5db89db2664d9830,200,1
bwapp,login,CG-Adaptive,6,4,43,116215ae9926d5b8,200,1
bwapp,login,CG-Adaptive,6,4,47,8714d20812618b72,200,1
bwapp,login,CG-Adaptive,6,4,55,3a535ec3fc9a3921,200,1
bwapp,login,CG-Adaptive,6,4,70,25e33d5746c5bfd7,200,1
bwapp,login,CG-Adaptive,6,4,81,92b3ec17c995ea42,200,1
bwapp,login,CG-Adaptive,6,4,87,670fd1eb31b1aac9,200,1
bwapp,login,CG-Adaptive,6,4,96,57784b4ffa634e01,200,1
bwapp,login,CG-Adaptive,6,4,104,8043fe0df6176621,200,1
bwapp,login,CG-Adaptive,6,4,111,ca98c50df447399c,200,1
bwapp,login,CG-Adaptive,6,4,123,6386ecb4e6f1a42d,200,1
bwapp,login,CG-Adaptive,6,4,130,eeb0eeec58cf1492,200,1
bwapp,login,CG-Adaptive,6,4,131,90a8037508f1f2c2,200,1
bwapp,login,CG-Adaptive,6,4,134,2366741bc9676a0c,200,1
bwapp,login,CG-Adaptive,6,4,139,26cd9cd17fa60c06,200,1
bwapp,login,CG-Adaptive,6,4,141,531dc2790d71b4a7,200,1
bwapp,login,CG-Adaptive,6,4,147,9dccb557bc53fb66,200,1
bwapp,login,CG-Adaptive,6,4,154,77e2f998f2dec5da,200,1
bwapp,login,CG-Adaptive,6,4,167,4b0d062ba309f2b9,200,1
bwapp,login,CG-Adaptive,6,4,169,fc6dac4b2cce6e4c,200,1
bwapp,login,CG-Adaptive,6,4,172,20f0834d51035aa4,200,1
bwapp,login,CG-Adaptive,6,4,175,16bd1601b7e3d9c0,200,1
bwapp,login,CG-Adaptive,6,4,178,d04f07b7489187f6,200,1
bwapp,login,CG-Adaptive,6,4,179,382b6b0165dd1198,200,1
bwapp,login,CG-Adaptive,6,4,180,99cc16f328006a48,200,1
bwapp,login,CG-Adaptive,6,4,181,af57076502e57375,200,1
bwapp,login,CG-Adaptive,6,4,183,972cd4b9013d28e2,200,1
bwapp,login,CG-Adaptive,6,4,189,698ec9d95b0caccf,200,1
bwapp,login,CG-Adaptive,6,4,195,251f2c15aa8e0118,200,1
bwapp,login,CG-Adaptive,6,4,202,0d90c48cf2305c9d,200,1
bwapp,login,CG-Adaptive,6,4,205,7c315497a64db4bb,200,1
bwapp,login,CG-Adaptive,6,4,207,ca467d36099627e2,200,1
bwapp,login,CG-Adaptive,6,4,209,2d56accd032ecfea,200,1
bwapp,login,CG-Adaptive,6,4,214,ffaa69b3e3b0e3ca,200,1
bwapp,login,CG-Adaptive,6,4,217,c3450a2b6bef7772,200,1
bwapp,login,CG-Adaptive,6,4,219,11a0a36f607ff1fb,200,1
bwapp,login,CG-Adaptive,6,4,222,5765403d75d4079f,200,1
bwapp,login,CG-Adaptive,6,4,223,f9f351eef7479cc0,200,1
bwapp,login,CG-Adaptive,6,4,225,881587de2eb58618,200,1
bwapp,login,CG-Adaptive,6,4,226,41bcaeac4b37a2cb,200,1
bwapp,login,CG-Adaptive,6,4,228,6eb5785034096639,200,1
bwapp,login,CG-Adaptive,6,4,231,34018d5177c01e4c,200,1
bwapp,login,CG-Adaptive,6,4,234,0e0368b115493907,200,1
bwapp,login,CG-Adaptive,6,4,237,3fd16b9ebb2bdfe1,200,1
bwapp,login,CG-Adaptive,6,4,241,6043affbdf6bfd51,200,1
bwapp,login,CG-Adaptive,6,4,243,b2300969c2b36f52,200,1
bwapp,login,CG-Adaptive,6,4,246,ee8d4dd0dda9238d,200,1
bwapp,login,CG-Adaptive,6,4,247,ecddacd5288e863d,200,1
bwapp,login,CG-Adaptive,6,4,252,82b1637201b7ebd3,200,1
bwapp,login,CG-Adaptive,6,4,253,000f4d8a182ffb63,200,1
bwapp,login,CG-Adaptive,6,4,254,bf555d0c1d7ccc55,200,1
bwapp,login,CG-Adaptive,6,4,256,d701ec36c951bac9,200,1
bwapp,login,CG-Adaptive,6,4,259,8968bfb0aec2f120,200,1
bwapp,login,CG-Adaptive,6,4,260,2597d5b484b57b0e,200,1
bwapp,login,CG-Adaptive,6,4,263,7b02c6f2b8b1ce6e,200,1
bwapp,login,CG-Adaptive,6,4,264,640686314beca4bd,200,1
bwapp,login,CG-Adaptive,6,4,265,b80904baac1f1402,200,1
bwapp,login,CG-Adaptive,6,4,266,bc80f5cea24ea99a,200,1
bwapp,login,CG-Adaptive,6,4,267,49c16a2bedbf711d,200,1
bwapp,login,CG-Adaptive,6,4,268,254abb9b9d86996b,200,1
bwapp,login,CG-Adaptive,6,4,269,5c482208392a02fc,200,1
bwapp,login,CG-Adaptive,6,4,271,625fccaa22b4c113,200,1
bwapp,login,CG-Adaptive,6,4,275,100ac9f7f82e7111,200,1
bwapp,login,CG-Adaptive,6,4,276,a4c66e3db03e9944,200,1
bwapp,login,CG-Adaptive,6,4,277,f1762d19b9768957,200,1
bwapp,login,CG-Adaptive,6,4,280,9a86551a6ce5a0eb,200,1
bwapp,login,CG-Adaptive,6,4,281,64d7328a2156e5cc,200,1
bwapp,login,CG-Adaptive,6,4,282,e027e6ab8eeb10f8,200,1
bwapp,login,CG-Adaptive,6,4,283,469ce417185650e9,200,1
bwapp,login,CG-Adaptive,6,4,284,87faf263c7e70e53,200,1
bwapp,login,CG-Adaptive,6,4,285,783b1945ba0d039b,200,1
bwapp,login,CG-Adaptive,6,4,286,e8e9fa07124de619,200,1
bwapp,login,CG-Adaptive,6,4,287,c9bdc9f00f840f4c,200,1
bwapp,login,CG-Adaptive,6,4,288,03c180bc3ec71ede,200,1
bwapp,login,CG-Adaptive,6,4,290,3d212423e7796698,200,1
bwapp,login,CG-Adaptive,6,4,291,89350a4e7e70bf3a,200,1
bwapp,login,CG-Adaptive,6,4,293,e9b4ff6dd97945a7,200,1
bwapp,login,CG-Adaptive,6,4,294,9c443bef785e0346,200,1
bwapp,login,CG-Adaptive,6,4,296,40775de899d23ab1,200,1
bwapp,login,CG-Adaptive,6,4,298,2a9e191a127cd060,200,1
bwapp,login,CG-Adaptive,6,4,299,cd602ba99ced85f3,200,1
bwapp,login,CG-Adaptive,6,4,300,03e53c300baeff8d,200,1
bwapp,login,CG-Adaptive,6,4,301,ba9b8d2ba7dc2e5a,200,1
bwapp,login,CG-Adaptive,6,4,303,b94b27c51f2b3ba7,200,1
bwapp,login,CG-Adaptive,6,4,304,b92e1668b5337484,200,1
bwapp,login,CG-Adaptive,6,4,305,76c64e403278c897,200,1
bwapp,login,CG-Adaptive,6,4,306,f441f51e5470384e,200,1
bwapp,login,CG-Adaptive,6,4,307,dad89ad00ed9cdb7,200,1
bwapp,login,CG-Adaptive,6,4,308,ad50a6e3315c4e4d,200,1
bwapp,login,CG-Adaptive,6,4,310,cacd17f75b5017e7,200,1
bwapp,login,CG-Adaptive,6,4,311,eb0d627eaf54ecf9,200,1
bwapp,login,CG-Adaptive,6,4,312,957449d8921aaa6d,200,1
bwapp,login,CG-Adaptive,6,4,313,e4e9d5808a218471,200,1
bwapp,login,CG-Adaptive,6,4,314,42a48f53c967120d,200,1
bwapp,login,CG-Adaptive,6,4,315,9f04e6b903be8237,200,1
bwapp,login,CG-Adaptive,6,4,316,2dbd44664d177bee,200,1
bwapp,login,CG-Adaptive,6,4,318,00174e40fe95121e,200,1
bwapp,login,CG-Adaptive,6,4,319,aeab66a83c0fcccf,200,1
bwapp,login,CG-Adaptive,6,4,320,a28019f94c555f00,200,1
bwapp,login,CG-Adaptive,6,4,321,65c8e4e082e28284,200,1
bwapp,login,CG-Adaptive,6,4,322,2ae742285daf2cca,200,1
bwapp,login,CG-Adaptive,6,4,323,ceae6218278fee02,200,1
bwapp,login,CG-Adaptive,6,4,325,df71d56b5908a80f,200,1
bwapp,login,CG-Adaptive,6,4,326,4e568888aa903074,200,1
bwapp,login,CG-Adaptive,6,4,327,af7ed6c8179b8a67,200,1
bwapp,login,CG-Adaptive,6,4,328,64bd99b098717078,200,1
bwapp,login,CG-Adaptive,6,4,329,eb6b033747f4e6e5,200,1
bwapp,login,CG-Adaptive,6,4,330,3554634cfbd3e2ec,200,1
bwapp,login,CG-Adaptive,6,4,331,ca3e21c3af8ff805,200,1
bwapp,login,CG-Adaptive,6,4,332,e1e77e99b518d668,200,1
bwapp,login,CG-Adaptive,6,4,334,9264065749b6938d,200,1
bwapp,login,CG-Adaptive,6,4,335,0f0daebc48b5b9f7,200,1
bwapp,login,CG-Adaptive,6,4,336,9186553ade40351b,200,1
bwapp,login,CG-Adaptive,6,4,337,264770ae64358cdb,200,1
bwapp,login,CG-Adaptive,6,4,338,23a72e6048437a9f,200,1
bwapp,login,CG-Adaptive,6,4,339,af5d48da0213950c,200,1
bwapp,login,CG-Adaptive,6,4,340,5f338605bd4f265c,200,1
bwapp,login,CG-Adaptive,6,4,341,c68fcb8d7e32fe12,200,1
bwapp,login,CG-Adaptive,6,4,343,96d7cbae535a778c,200,1
bwapp,login,CG-Adaptive,6,4,345,599ab31f216074e3,200,1
bwapp,login,CG-Adaptive,6,4,346,bdd69f14090e8272,200,1
bwapp,login,CG-Adaptive,6,4,347,85a31657cb9f1a97,200,1
bwapp,login,CG-Adaptive,6,4,349,58784b57c5bca695,200,1
bwapp,login,CG-Adaptive,6,4,350,8815382b2f3ee9d4,200,1
bwapp,login,CG-Adaptive,6,4,351,564b213481d33317,200,1
bwapp,login,CG-Adaptive,6,4,352,79123334345c15ef,200,1
bwapp,login,CG-Adaptive,6,4,353,ae998c828c377ee5,200,1
bwapp,login,CG-Adaptive,6,4,354,c30ec60dcadb2da9,200,1
bwapp,login,CG-Adaptive,6,4,355,0b538775351413db,200,1
bwapp,login,CG-Adaptive,6,4,356,e4f5c1dcf501df28,200,1
bwapp,login,CG-Adaptive,6,4,357,28e71a937608b39c,200,1
bwapp,login,CG-Adaptive,6,4,359,26c465ebebf5796f,200,1
bwapp,login,CG-Adaptive,6,4,360,4f9de2020dd858b1,200,1
bwapp,login,CG-Adaptive,6,4,361,72754a64f5364f7c,200,1
bwapp,login,CG-Adaptive,6,4,362,8a1ee24dec92efff,200,1
bwapp,login,CG-Adaptive,6,4,363,b3b21217c2c42838,200,1
bwapp,login,CG-Adaptive,6,4,364,014b21105540753d,200,1
bwapp,login,CG-Adaptive,6,4,365,249aa221a4e2db3a,200,1
bwapp,login,CG-Adaptive,6,4,366,5d60ef12d3791733,200,1
bwapp,login,CG-Adaptive,6,4,367,378d524a095a09b2,200,1
bwapp,login,CG-Adaptive,6,4,368,99674d79e741fba2,200,1
bwapp,login,CG-Adaptive,6,4,369,f7d947b8121d5c3b,200,1
bwapp,login,CG-Adaptive,6,4,370,4d4d20859ad2099f,200,1
bwapp,login,CG-Adaptive,6,4,372,ad2d8d3933358a07,200,1
bwapp,login,CG-Adaptive,6,4,373,fca4de6a46e089e3,200,1
bwapp,login,CG-Adaptive,6,4,374,1d0c114bdc70e06e,200,1
bwapp,login,CG-Adaptive,6,4,375,aef395d49ea008c7,200,1
bwapp,login,CG-Adaptive,6,4,376,d7039992db9bbf80,200,1
bwapp,login,CG-Adaptive,6,4,377,5bfcafff83206a51,200,1
bwapp,login,CG-Adaptive,6,4,378,8effc2bea5653376,200,1
bwapp,login,CG-Adaptive,6,4,379,94a53913901b5a60,200,1
bwapp,login,CG-Adaptive,6,4,380,28a7ee3f4224c295,200,1
bwapp,login,CG-Adaptive,6,4,381,02b79be51f956271,200,1
bwapp,login,CG-Adaptive,6,4,382,37a04a6a7a5b39bf,200,1
bwapp,login,CG-Adaptive,6,4,383,3fba675837002ec8,200,1
bwapp,login,CG-Adaptive,6,4,384,60a413a2fbe33a99,200,1
bwapp,login,CG-Adaptive,6,4,385,57b76aec720d055b,200,1
bwapp,login,CG-Adaptive,6,4,386,ad2c9c0edfb358de,200,1
bwapp,login,CG-Adaptive,6,4,387,230e60983d5d5ea7,200,1
bwapp,login,CG-Adaptive,6,4,388,b6bda07ef856f648,200,1
bwapp,login,CG-Adaptive,6,4,389,fc42233aa304b446,200,1
bwapp,login,CG-Adaptive,6,5,2,2dbe74ea4e3e98a7,200,1
bwapp,login,CG-Adaptive,6,5,10,736e02e9ddb128ed,200,1
bwapp,login,CG-Adaptive,6,5,14,e59d4d75b39d68a7,200,1
bwapp,login,CG-Adaptive,6,5,19,255206005715029c,200,1
bwapp,login,CG-Adaptive,6,5,22,5b8cc883a8165456,200,1
bwapp,login,CG-Adaptive,6,5,45,8acff7cb0ce57195,200,1
bwapp,login,CG-Adaptive,6,5,51,d2b51b00f2c7bb83,200,1
bwapp,login,CG-Adaptive,6,5,56,76a1c43f318abdcf,200,1
bwapp,login,CG-Adaptive,6,5,63,4b223a614746635c,200,1
bwapp,login,CG-Adaptive,6,5,76,3f8845b8e34c9fde,200,1
bwapp,login,CG-Adaptive,6,5,89,52d5062899c791c2,200,1
bwapp,login,CG-Adaptive,6,5,92,9de952670debdf5c,200,1
bwapp,login,CG-Adaptive,6,5,94,92288daa2e2d3000,200,1
bwapp,login,CG-Adaptive,6,5,100,5458dfb6a4c6fbe0,200,1
bwapp,login,CG-Adaptive,6,5,112,89809af066989205,200,1
bwapp,login,CG-Adaptive,6,5,115,91199e99e85be923,200,1
bwapp,login,CG-Adaptive,6,5,119,9f6e40763d4c89d9,200,1
bwapp,login,CG-Adaptive,6,5,121,190c99c39926a186,200,1
bwapp,login,CG-Adaptive,6,5,122,6711eae9919f2fce,200,1
bwapp,login,CG-Adaptive,6,5,124,2992fa065fc46d39,200,1
bwapp,login,CG-Adaptive,6,5,128,0bf07f17df467f5f,200,1
bwapp,login,CG-Adaptive,6,5,130,f084c0ee1f4e222c,200,1
bwapp,login,CG-Adaptive,6,5,134,5dd6f997e6bebfdb,200,1
bwapp,login,CG-Adaptive,6,5,136,56f65c754b3155c0,200,1
bwapp,login,CG-Adaptive,6,5,138,9a6014aa6126c641,200,1
bwapp,login,CG-Adaptive,6,5,140,85a840d3bef281fc,200,1
bwapp,login,CG-Adaptive,6,5,144,a690e79fa5265502,200,1
bwapp,login,CG-Adaptive,6,5,146,7b1d780d3c1d36bb,200,1
bwapp,login,CG-Adaptive,6,5,147,d335ebe10f45ef9f,200,1
bwapp,login,CG-Adaptive,6,5,148,d8e57ae070191ea3,200,1
bwapp,login,CG-Adaptive,6,5,149,530256a0ad3f6b45,200,1
bwapp,login,CG-Adaptive,6,5,150,6d572a2c3cc2cbb7,200,1
bwapp,login,CG-Adaptive,6,5,151,4b5710a95537ac2a,200,1
bwapp,login,CG-Adaptive,6,5,152,55b231583c14f854,200,1
bwapp,login,CG-Adaptive,6,5,153,f38bab250ab30e07,200,1
bwapp,login,CG-Adaptive,6,5,155,63c3fe36777f89d4,200,1
bwapp,login,CG-Adaptive,6,5,156,5e320d7fbcbf1cdc,200,1
bwapp,login,CG-Adaptive,6,5,157,fda4903ccbb9753b,200,1
bwapp,login,CG-Adaptive,6,5,161,c25dc990c0aa93a2,200,1
bwapp,login,CG-Adaptive,6,5,165,439b1c5bf46c1819,200,1
bwapp,login,CG-Adaptive,6,5,169,72f0a52502f32f65,200,1
bwapp,login,CG-Adaptive,6,5,173,c90980a92f599f68,200,1
bwapp,login,CG-Adaptive,6,5,177,49a2a225d377cd04,200,1
bwapp,login,CG-Adaptive,6,5,178,6165af1a63c85c91,200,1
bwapp,login,CG-Adaptive,6,5,179,dafbaa84443930a4,200,1
bwapp,login,CG-Adaptive,6,5,180,0550b324b332366b,200,1
bwapp,login,CG-Adaptive,6,5,181,72bf8befe76158fe,200,1
bwapp,login,CG-Adaptive,6,5,182,375d885f31811f16,200,1
bwapp,login,CG-Adaptive,6,5,184,686294395c35e118,200,1
bwapp,login,CG-Adaptive,6,5,185,05d6884b2ea86f9d,200,1
bwapp,login,CG-Adaptive,6,5,186,cd99abe31832515f,200,1
bwapp,login,CG-Adaptive,6,5,187,11f455645306c54b,200,1
bwapp,login,CG-Adaptive,6,5,189,7f2e566ffab2969e,200,1
bwapp,login,CG-Adaptive,6,5,190,b93add446807fd23,200,1
bwapp,login,CG-Adaptive,6,5,191,0d2a9b2762ccbe24,200,1
bwapp,login,CG-Adaptive,6,5,192,4fa850b8df99b871,200,1
bwapp,login,CG-Adaptive,6,5,193,6eb17e0153f4aed0,200,1
bwapp,login,CG-Adaptive,6,5,195,78e9c11ba72e7d30,200,1
bwapp,login,CG-Adaptive,6,5,196,2e71d4f655e37ab0,200,1
bwapp,login,CG-Adaptive,6,5,197,9216441383443faf,200,1
bwapp,login,CG-Adaptive,6,5,198,70fb68e4143dc172,200,1
bwapp,login,CG-Adaptive,6,5,200,c2163ca30c201db0,200,1
bwapp,login,CG-Adaptive,6,5,201,f8acec3fc858fcde,200,1
bwapp,login,CG-Adaptive,6,5,202,a0210acdfb288aab,200,1
bwapp,login,CG-Adaptive,6,5,205,945cde9515a6dcb5,200,1
bwapp,login,CG-Adaptive,6,5,206,8bffd86053e8c027,200,1
bwapp,login,CG-Adaptive,6,5,208,930bdb563129eb8a,200,1
bwapp,login,CG-Adaptive,6,5,209,c74d37aa316e17c0,200,1
bwapp,login,CG-Adaptive,6,5,211,a37cfce43ba3b625,200,1
bwapp,login,CG-Adaptive,6,5,212,da839e0f7a3f1a8e,200,1
bwapp,login,CG-Adaptive,6,5,213,4025a6bbbfd71b07,200,1
bwapp,login,CG-Adaptive,6,5,215,0a9c94a03bc51c4c,200,1
bwapp,login,CG-Adaptive,6,5,217,499ed1a5477db6dd,200,1
bwapp,login,CG-Adaptive,6,5,218,f5bb21a48953f24f,200,1
bwapp,login,CG-Adaptive,6,5,220,6289ec4e4332e201,200,1
bwapp,login,CG-Adaptive,6,5,221,2e7bfec61c83909e,200,1
bwapp,login,CG-Adaptive,6,5,222,d620cc8c912a6570,200,1
bwapp,login,CG-Adaptive,6,5,223,b8363dfae646abee,200,1
bwapp,login,CG-Adaptive,6,5,224,69b9ca43d3b302f8,200,1
bwapp,login,CG-Adaptive,6,5,225,62faddaf5aca76b7,200,1
bwapp,login,CG-Adaptive,6,5,226,6f02357fec5dbcf1,200,1
bwapp,login,CG-Adaptive,6,5,227,3799f403fb263e68,200,1
bwapp,login,CG-Adaptive,6,5,228,35a6f6445b41dc4a,200,1
bwapp,login,CG-Adaptive,6,5,229,7e4aa0935d23d489,200,1
bwapp,login,CG-Adaptive,6,5,230,ade2d596dd6eed75,200,1
bwapp,login,CG-Adaptive,6,5,231,db241d35304c8470,200,1
bwapp,login,CG-Adaptive,6,5,232,6d90f06dc81b0716,200,1
bwapp,login,CG-Adaptive,6,5,233,68fc206ea70fc987,200,1
bwapp,login,CG-Adaptive,6,5,235,6b8879b498958d78,200,1
bwapp,login,CG-Adaptive,6,5,236,75c97d0719835cca,200,1
bwapp,login,CG-Adaptive,6,5,237,11c3bcda676586bf,200,1
bwapp,login,CG-Adaptive,6,5,238,0bc2b635edde3172,200,1
bwapp,login,CG-Adaptive,6,5,239,9fcd13dd04d7db38,200,1
bwapp,login,CG-Adaptive,6,5,240,2b0b81dd00631d4a,200,1
bwapp,login,CG-Adaptive,6,5,241,69ed09995794bc55,200,1
bwapp,login,CG-Adaptive,6,5,242,85f4a2e1ab4c1246,200,1
bwapp,login,CG-Adaptive,6,5,243,af9a044ae9625ddb,200,1
bwapp,login,CG-Adaptive,6,5,245,cf9aff5f51c02581,200,1
bwapp,login,CG-Adaptive,6,5,246,e47bc3e6058abc25,200,1
bwapp,login,CG-Adaptive,6,5,247,4b4d58a052a2202f,200,1
bwapp,login,CG-Adaptive,6,5,248,12a6e6fce3ca8229,200,1
bwapp,login,CG-Adaptive,6,5,249,f0b1819ce36f77a2,200,1
bwapp,login,CG-Adaptive,6,5,250,b1c0ca1e56359957,200,1
bwapp,login,CG-Adaptive,6,5,251,41809dbb7c0e4810,200,1
bwapp,login,CG-Adaptive,6,5,252,b95b1f32ec6be8bf,200,1
bwapp,login,CG-Adaptive,6,5,253,0e3ae65f58186db0,200,1
bwapp,login,CG-Adaptive,6,5,254,390f68a996f74565,200,1
bwapp,login,CG-Adaptive,6,5,255,775234ba88002850,200,1
bwapp,login,CG-Adaptive,6,5,256,f059f7d3d716f182,200,1
bwapp,login,CG-Adaptive,6,5,257,3d3b858a0125d9e8,200,1
bwapp,login,CG-Adaptive,6,5,258,0f3884fcaf7d63a8,200,1
bwapp,login,CG-Adaptive,6,5,259,13658e04f6ced67e,200,1
bwapp,login,CG-Adaptive,6,5,260,697f840c63a414d2,200,1
bwapp,login,CG-Adaptive,6,5,261,a5908b77e9e19f6e,200,1
bwapp,login,CG-Adaptive,6,5,262,7defdf11169d6603,200,1
bwapp,login,CG-Adaptive,6,5,263,b5e978eaac25dc53,200,1
bwapp,login,CG-Adaptive,6,5,264,f9845b395949f8d9,200,1
bwapp,login,CG-Adaptive,6,5,265,b30eafe503c1ca73,200,1
bwapp,login,CG-Adaptive,6,5,266,583aeea0354e0c89,200,1
bwapp,login,CG-Adaptive,6,5,267,89ece626cdd93d93,200,1
bwapp,login,CG-Adaptive,6,5,268,73d63b756a1a9b0e,200,1
bwapp,login,CG-Adaptive,6,5,269,542a2371bf57bafe,200,1
bwapp,login,CG-Adaptive,6,5,270,3972e40ecacd4ee2,200,1
bwapp,login,CG-Adaptive,6,5,271,16821ff54bb119c0,200,1
bwapp,login,CG-Adaptive,6,5,272,4d6086d9de119205,200,1
bwapp,login,CG-Adaptive,6,5,273,515a223d9b539bce,200,1
bwapp,login,CG-Adaptive,6,5,274,e42b3f185db80587,200,1
bwapp,login,CG-Adaptive,6,5,275,7cf6a95ed41ee67f,200,1
bwapp,login,CG-Adaptive,6,5,276,234dafd8d0894240,200,1
bwapp,login,CG-Adaptive,6,5,277,ebdaadf0b30ac8bd,200,1
bwapp,login,CG-Adaptive,6,5,278,c84bf9ccbe6cbb2e,200,1
bwapp,login,CG-Adaptive,6,5,279,2b3014c0c8460096,200,1
bwapp,login,CG-Adaptive,6,5,280,c630c9b4e8ea9acf,200,1
bwapp,login,CG-Adaptive,6,5,281,728e333c6a039208,200,1
bwapp,login,CG-Adaptive,6,5,282,fa0335aa9791a19f,200,1
bwapp,login,CG-Adaptive,6,5,283,cac48e40c8a22d4a,200,1
bwapp,login,CG-Adaptive,6,5,284,ce19ac513074fd78,200,1
bwapp,login,CG-Adaptive,6,5,285,a3e95098ce1365e2,200,1
bwapp,login,CG-Adaptive,6,5,286,907bb157825697a6,200,1
bwapp,login,CG-Adaptive,6,5,288,043474e1cd566f65,200,1
bwapp,login,CG-Adaptive,6,5,289,e10755caf5f2429d,200,1
bwapp,login,CG-Adaptive,6,5,290,8f1f6e565ede7be6,200,1
bwapp,login,CG-Adaptive,6,5,291,a97c95e6e8b244a2,200,1
bwapp,login,CG-Adaptive,6,5,292,44c9913924cb5084,200,1
bwapp,login,CG-Adaptive,6,5,293,bf7aee33a485c899,200,1
bwapp,login,CG-Adaptive,6,5,295,efc99bb19e0306b6,200,1
bwapp,login,CG-Adaptive,6,5,296,900535f5e767a023,200,1
bwapp,login,CG-Adaptive,6,5,297,8ad3448238f1c4c6,200,1
bwapp,login,CG-Adaptive,6,5,298,4cb6216bb81ad937,200,1
bwapp,login,CG-Adaptive,6,5,299,085eaff54a862af6,200,1
bwapp,login,CG-Adaptive,6,5,300,36b0f15eb7a81dc1,200,1
bwapp,login,CG-Adaptive,6,5,301,e751973a4ec44922,200,1
bwapp,login,CG-Adaptive,6,5,302,10aa981348371ad0,200,1
bwapp,login,CG-Adaptive,6,5,303,aa085e891439b2bd,200,1
bwapp,login,CG-Adaptive,6,5,304,7445fbac6529ef88,200,1
bwapp,login,CG-Adaptive,6,5,305,1e6c58af7ca24ca3,200,1
bwapp,login,CG-Adaptive,6,5,306,45656ea551d8fe42,200,1
bwapp,login,CG-Adaptive,6,5,307,dbd8bf282775a88e,200,1
bwapp,login,CG-Adaptive,6,5,308,ae11ade464582e22,200,1
bwapp,login,CG-Adaptive,6,5,309,23e0c9409ab1c917,200,1
bwapp,login,CG-Adaptive,6,5,310,c241787d1cf87a90,200,1
bwapp,login,CG-Adaptive,6,5,311,e2f2e26542924434,200,1
bwapp,login,CG-Adaptive,6,5,312,5fd5c676ae90312f,200,1
bwapp,login,CG-Adaptive,6,5,313,dfb42c88dc26bf63,200,1
bwapp,login,CG-Adaptive,6,5,314,68510857c2a6fccb,200,1
bwapp,login,CG-Adaptive,6,5,315,7e7f0b069656c51f,200,1
bwapp,login,CG-Adaptive,6,5,316,ab7a796f92141af3,200,1
bwapp,login,CG-Adaptive,6,5,317,2b32986d463e81d2,200,1
bwapp,login,CG-Adaptive,6,5,318,aafa307f732bc000,200,1
bwapp,login,CG-Adaptive,6,5,319,3d31adfd888aa821,200,1
bwapp,login,CG-Adaptive,6,5,320,ff732e88a5aee707,200,1
bwapp,login,CG-Adaptive,6,5,321,3a161dd9a5c981b1,200,1
bwapp,login,CG-Adaptive,6,5,322,362af0980b239ae5,200,1
bwapp,login,CG-Adaptive,6,5,323,73935792bf16f2a3,200,1
bwapp,login,CG-Adaptive,6,5,324,37151c0daf1eb325,200,1
bwapp,login,CG-Adaptive,6,5,325,943661d81891e7b4,200,1
bwapp,login,CG-Adaptive,6,5,326,fb53593259afefc2,200,1
bwapp,login,CG-Adaptive,6,5,327,30c81e2b97489b02,200,1
bwapp,login,CG-Adaptive,6,5,328,a28db98ef5958c1d,200,1
bwapp,login,CG-Adaptive,6,5,329,315b08aae071ecb5,200,1
bwapp,login,CG-Adaptive,6,5,330,982fcc6c57386a1f,200,1
bwapp,login,CG-Adaptive,6,5,331,1afc836dd4153681,200,1
bwapp,login,CG-Adaptive,6,5,332,0d38553c7efdb0e6,200,1
bwapp,login,CG-Adaptive,6,5,333,68c942075cf13acd,200,1
bwapp,login,CG-Adaptive,6,5,334,8d862e25797a5211,200,1
bwapp,login,CG-Adaptive,6,5,335,dd91246e64bcda41,200,1
bwapp,login,CG-Adaptive,6,5,336,1c54208ccc09f7e0,200,1
bwapp,login,CG-Adaptive,6,5,337,e5730e36c59eb05e,200,1
bwapp,login,CG-Adaptive,6,5,338,a6ace26df4a3e96b,200,1
bwapp,login,CG-Adaptive,6,5,339,0f2c98779e20398f,200,1
bwapp,login,CG-Adaptive,6,5,340,f5b2474bd6dffcd7,200,1
bwapp,login,CG-Adaptive,6,5,341,4b9bfd36f1b404ae,200,1
bwapp,login,CG-Adaptive,6,5,342,d6d9aed366a04fcc,200,1
bwapp,login,CG-Adaptive,6,5,343,b3b72d311ebf755d,200,1
bwapp,login,CG-Adaptive,6,5,344,e0c495087b0e59f4,200,1
bwapp,login,CG-Adaptive,6,5,345,fc3382881d9886b8,200,1
bwapp,login,CG-Adaptive,6,5,346,e028fc67c3791a40,200,1
bwapp,login,CG-Adaptive,6,5,347,7f0e16efb5bd493d,200,1
bwapp,login,CG-Adaptive,6,5,348,3fed09fc78ba6219,200,1
bwapp,login,CG-Adaptive,6,5,349,31af75210b7fc992,200,1
bwapp,login,CG-Adaptive,6,5,350,add3b41d3e1a21c8,200,1
bwapp,login,CG-Adaptive,6,5,351,61fd07090f5ae3f9,200,1
bwapp,login,CG-Adaptive,6,5,352,fa41e5cad5730203,200,1
bwapp,login,CG-Adaptive,6,5,353,c7f7711b6899eb12,200,1
bwapp,login,CG-Adaptive,6,5,354,f35d070d7334d12a,200,1
bwapp,login,CG-Adaptive,6,5,355,d9d4fa1173ae2e02,200,1
bwapp,login,CG-Adaptive,6,5,356,079a00fb5129c436,200,1
bwapp,login,CG-Adaptive,6,5,357,bbb8ca12ee5aa2ff,200,1
bwapp,login,CG-Adaptive,6,5,358,493099fa2ccf99a3,200,1
bwapp,login,CG-Adaptive,6,5,359,55581daa043748ab,200,1
bwapp,login,CG-Adaptive,6,5,360,2c1e2b9c45b4f2cb,200,1
bwapp,login,CG-Adaptive,6,5,361,5bdeab9750ecacd0,200,1
bwapp,login,CG-Adaptive,6,5,362,55a0a2e9ace41d51,200,1
bwapp,login,CG-Adaptive,6,5,363,f9a4c868bae3640a,200,1
bwapp,login,CG-Adaptive,6,5,364,76b626423f06f171,200,1
bwapp,login,CG-Adaptive,6,5,365,666092e00e9db19e,200,1
bwapp,login,CG-Adaptive,6,5,366,8f1483a824951c58,200,1
bwapp,login,CG-Adaptive,6,5,367,e1fc441486f98e10,200,1
bwapp,login,CG-Adaptive,6,5,368,002d8cac7afe6563,200,1
bwapp,login,CG-Adaptive,6,5,369,f8ec39d84cf01000,200,1
bwapp,login,CG-Adaptive,6,5,370,ec966be906a44b13,200,1
bwapp,login,CG-Adaptive,6,5,371,b307dbcaeb3cc407,200,1
bwapp,login,CG-Adaptive,6,5,372,27037c449ed26496,200,1
bwapp,login,CG-Adaptive,6,5,373,057cdc491b8540e0,200,1
bwapp,login,CG-Adaptive,6,5,374,81f751e827f4b288,200,1
bwapp,login,CG-Adaptive,6,5,375,f9f0c72a9b4a4e9b,200,1
bwapp,login,CG-Adaptive,6,5,376,49df804996222059,200,1
bwapp,login,CG-Adaptive,6,5,377,05024fd96480ac13,200,1
bwapp,login,CG-Adaptive,6,5,378,6a7ea184390a5cf2,200,1
bwapp,login,CG-Adaptive,6,5,379,f4fb24f0e3e8a937,200,1
bwapp,login,CG-Adaptive,6,5,380,c1f3fc933d8db8c0,200,1
bwapp,login,CG-Adaptive,6,5,381,7991956287bc4c95,200,1
bwapp,login,CG-Adaptive,6,5,382,9e746dcd6382bccd,200,1
bwapp,login,CG-Adaptive,6,5,383,31b22efe81306cb5,200,1
bwapp,login,CG-Adaptive,6,5,384,b93a0b9083ce2b49,200,1
bwapp,login,CG-Adaptive,6,5,385,2824b2360259c33e,200,1
bwapp,login,CG-Adaptive,6,5,386,af48d910a176dc0d,200,1
bwapp,login,CG-Adaptive,6,5,387,eb79afb365e2b9fe,200,1
bwapp,login,CG-Adaptive,6,5,388,8208eed451d1b173,200,1
bwapp,login,CG-Adaptive,6,5,389,9c46f108b17018a1,200,1
bwapp,login,CG-Adaptive,6,5,390,28514df0b3a0a0a6,200,1
bwapp,login,CG-Adaptive,6,5,391,0fc5c663480caa5d,200,1
bwapp,login,CG-Adaptive,6,5,392,431cace566885b33,200,1
bwapp,login,CG-Adaptive,6,5,393,affd269ec01ff264,200,1
bwapp,login,CG-Adaptive,6,5,394,545b5406a49e0623,200,1
bwapp,login,CG-Adaptive,6,5,395,df23e26ab36df582,200,1
bwapp,login,CG-Adaptive,6,5,396,427710850962ce19,200,1
bwapp,login,CG-Adaptive,6,5,397,450300338c84ce91,200,1
bwapp,login,CG-Adaptive,6,5,398,1de940a564242a85,200,1
bwapp,login,CG-Adaptive,6,5,399,53f4e8b8911bc80e,200,1
bwapp,login,CG-Adaptive,6,5,400,75682045b094d774,200,1
bwapp,login,CG-Adaptive,6,5,401,5f2bfa6e0c49ae5d,200,1
bwapp,login,CG-Adaptive,6,5,402,60aaf805c2d4dc90,200,1
bwapp,login,CG-Adaptive,6,5,403,a3f3cd7d95065b74,200,1
bwapp,login,CG-Adaptive,6,5,404,0f76df0abe394eac,200,1
bwapp,login,CG-Adaptive,6,5,405,1d7597ce63603bab,200,1
bwapp,login,CG-Adaptive,6,5,406,df2d3244ba8c02fe,200,1
bwapp,login,CG-Adaptive,6,5,407,83043367f317ed5b,200,1
bwapp,login,CG-Adaptive,6,5,408,82991be71c6429ab,200,1
bwapp,login,CG-Adaptive,6,5,409,86b31abe10686a74,200,1
bwapp,login,CG-Adaptive,6,5,410,7549b964a703a3f6,200,1
bwapp,login,CG-Adaptive,6,5,411,d13a17a7419ebff7,200,1
bwapp,login,CG-Adaptive,7,3,2,1f2dcef571bfc262,200,1
bwapp,login,CG-Adaptive,7,3,6,f3609e2a064d5f54,200,1
bwapp,login,CG-Adaptive,7,3,9,71f9ac7ff80c4896,200,1
bwapp,login,CG-Adaptive,7,3,14,58217d48aea804e0,200,1
bwapp,login,CG-Adaptive,7,3,15,3511f24547244135,200,1
bwapp,login,CG-Adaptive,7,3,20,c688049553fbf1eb,200,1
bwapp,login,CG-Adaptive,7,3,24,70736600558825ed,200,1
bwapp,login,CG-Adaptive,7,3,27,547e12f20d1bfaaa,200,1
bwapp,login,CG-Adaptive,7,3,28,c415160bbe95af2a,200,1
bwapp,login,CG-Adaptive,7,3,31,255206005715029c,200,1
bwapp,login,CG-Adaptive,7,3,36,485cc21ec3f3e6c0,200,1
bwapp,login,CG-Adaptive,7,3,39,a6acc9075201b106,200,1
bwapp,login,CG-Adaptive,7,3,40,6e30bf742e43093c,200,1
bwapp,login,CG-Adaptive,7,3,43,02fe9e9e0eed7cf4,200,1
bwapp,login,CG-Adaptive,7,3,46,4e283eacbb21b84d,200,1
bwapp,login,CG-Adaptive,7,3,47,ab4c8052635aa91d,200,1
bwapp,login,CG-Adaptive,7,3,49,bbe8f4f76e2275f9,200,1
bwapp,login,CG-Adaptive,7,3,51,e7244289c8cff5ce,200,1
bwapp,login,CG-Adaptive,7,3,52,27f2f25bf3fe7bbe,200,1
bwapp,login,CG-Adaptive,7,3,53,6386ecb4e6f1a42d,200,1
bwapp,login,CG-Adaptive,7,3,55,63a381b0d272ab48,200,1
bwapp,login,CG-Adaptive,7,3,58,f70b0b39a02e3eb9,200,1
bwapp,login,CG-Adaptive,7,3,60,53204b6b42e729b1,200,1
bwapp,login,CG-Adaptive,7,3,63,e6e2e402fe6e3e26,200,1
bwapp,login,CG-Adaptive,7,3,65,43d5e2ac0c435a1c,200,1
bwapp,login,CG-Adaptive,7,3,69,cefa4fad3078dad7,200,1
bwapp,login,CG-Adaptive,7,3,70,66438ceebe06766a,200,1
bwapp,login,CG-Adaptive,7,3,72,29b967a0c37ed14d,200,1
bwapp,login,CG-Adaptive,7,3,75,095611010f66aa3a,200,1
bwapp,login,CG-Adaptive,7,3,77,278a594b1c801c42,200,1
bwapp,login,CG-Adaptive,7,3,80,383de5b065ea6810,200,1
bwapp,login,CG-Adaptive,7,3,81,ecc55fd3db839cb3,200,1
bwapp,login,CG-Adaptive,7,3,85,8289df014b164693,200,1
bwapp,login,CG-Adaptive,7,3,86,c615464679708127,200,1
bwapp,login,CG-Adaptive,7,3,89,1ebb5b16a145cbbf,200,1
bwapp,login,CG-Adaptive,7,3,93,f7926af3f89afd22,200,1
bwapp,login,CG-Adaptive,7,3,96,7c20c3465c9d8e84,200,1
bwapp,login,CG-Adaptive,7,3,97,0b82615b4b729b0b,200,1
bwapp,login,CG-Adaptive,7,3,99,1c3ceedd97662329,200,1
bwapp,login,CG-Adaptive,7,3,101,568c223971214b78,200,1
bwapp,login,CG-Adaptive,7,3,103,b46b29e8bf02818f,200,1
bwapp,login,CG-Adaptive,7,3,107,d41f73dc8569add7,200,1
bwapp,login,CG-Adaptive,7,3,110,1ad534e083277be0,200,1
bwapp,login,CG-Adaptive,7,3,112,2fad1f76679e2b66,200,1
bwapp,login,CG-Adaptive,7,3,114,d3003f88a61c22f9,200,1
bwapp,login,CG-Adaptive,7,3,117,d38f2dc0f0151d50,200,1
bwapp,login,CG-Adaptive,7,3,121,9b7803443415d70c,200,1
bwapp,login,CG-Adaptive,7,3,123,7374ae9dede1d970,200,1
bwapp,login,CG-Adaptive,7,3,126,3fa97e5b8e0c4d40,200,1
bwapp,login,CG-Adaptive,7,3,128,fc21d2b4b5a15bc0,200,1
bwapp,login,CG-Adaptive,7,3,129,3def49e1d85223d6,200,1
bwapp,login,CG-Adaptive,7,3,130,76a69a0d5cafaac9,200,1
bwapp,login,CG-Adaptive,7,3,132,7905f6358ab2e8b0,200,1
bwapp,login,CG-Adaptive,7,3,133,6829395f34acc880,200,1
bwapp,login,CG-Adaptive,7,3,135,e8d6f782fb631628,200,1
bwapp,login,CG-Adaptive,7,3,138,88a9d61bca68001c,200,1
bwapp,login,CG-Adaptive,7,3,139,168c33de00985440,200,1
bwapp,login,CG-Adaptive,7,3,141,0a84566995c9a7b1,200,1
bwapp,login,CG-Adaptive,7,3,142,36d95dec92cc94e7,200,1
bwapp,login,CG-Adaptive,7,3,143,f5a14a1de70e545c,200,1
bwapp,login,CG-Adaptive,7,3,144,0d5fb30893459ee3,200,1
bwapp,login,CG-Adaptive,7,3,147,6b1af0a7209a1902,200,1
bwapp,login,CG-Adaptive,7,3,149,b7b2f7c329d07966,200,1
bwapp,login,CG-Adaptive,7,3,151,3cc7d6f18c91f298,200,1
bwapp,login,CG-Adaptive,7,3,152,75d6da2c1a344a79,200,1
bwapp,login,CG-Adaptive,7,3,153,d8c680078713e1e7,200,1
bwapp,login,CG-Adaptive,7,3,154,f457efecac14f900,200,1
bwapp,login,CG-Adaptive,7,3,155,e2f6ad1e81bb04b8,200,1
bwapp,login,CG-Adaptive,7,3,157,e7875ca298959f12,200,1
bwapp,login,CG-Adaptive,7,3,159,791fd5976e70e2fe,200,1
bwapp,login,CG-Adaptive,7,3,160,c9f636362be52df6,200,1
bwapp,login,CG-Adaptive,7,3,161,1c39b41f6757687a,200,1
bwapp,login,CG-Adaptive,7,3,162,d3facf7cb7013428,200,1
bwapp,login,CG-Adaptive,7,3,164,d703ae8e8508c8a7,200,1
bwapp,login,CG-Adaptive,7,3,166,51d0c6a511bbb616,200,1
bwapp,login,CG-Adaptive,7,3,167,72e5a1336e3a4b92,200,1
bwapp,login,CG-Adaptive,7,3,168,30e5849d0ffcdea3,200,1
bwapp,login,CG-Adaptive,7,3,169,2728053ff1f0d102,200,1
bwapp,login,CG-Adaptive,7,3,170,da312731bc6c64d0,200,1
bwapp,login,CG-Adaptive,7,3,171,ca4ac1847871690a,200,1
bwapp,login,CG-Adaptive,7,3,172,e1afda8426c36741,200,1
bwapp,login,CG-Adaptive,7,3,174,57078aaeefb27d6c,200,1
bwapp,login,CG-Adaptive,7,3,175,b2800e45ae2b8a67,200,1
bwapp,login,CG-Adaptive,7,3,176,1651d99f343b7f77,200,1
bwapp,login,CG-Adaptive,7,3,177,0035af3d45d3cb5c,200,1
bwapp,login,CG-Adaptive,7,3,178,f46ed88b3eecbbaf,200,1
bwapp,login,CG-Adaptive,7,3,179,c266e67d20cdfe98,200,1
bwapp,login,CG-Adaptive,7,3,181,df3dd44883185676,200,1
bwapp,login,CG-Adaptive,7,3,182,0b1380040e3c1e5f,200,1
bwapp,login,CG-Adaptive,7,3,183,c1edcde122a148fd,200,1
bwapp,login,CG-Adaptive,7,3,184,2b183c21f1c1e644,200,1
bwapp,login,CG-Adaptive,7,3,186,186cff9b038088c0,200,1
bwapp,login,CG-Adaptive,7,3,188,3ad2db3492f7ecba,200,1
bwapp,login,CG-Adaptive,7,3,189,58107c4413b7da12,200,1
bwapp,login,CG-Adaptive,7,3,190,5e8304e174709b49,200,1
bwapp,login,CG-Adaptive,7,3,191,02c513afbdb25d3d,200,1
bwapp,login,CG-Adaptive,7,3,192,3bbcb4c3dc8d0299,200,1
bwapp,login,CG-Adaptive,7,3,193,3c982c83a33b7036,200,1
bwapp,login,CG-Adaptive,7,3,195,f6427f65c6c88321,200,1
bwapp,login,CG-Adaptive,7,3,197,dcde6fb77bfa1146,200,1
bwapp,login,CG-Adaptive,7,3,198,baeb3e45dd8f4f70,200,1
bwapp,login,CG-Adaptive,7,3,200,a95cab7e7dba21e0,200,1
bwapp,login,CG-Adaptive,7,3,201,35421dec556b4d85,200,1
bwapp,login,CG-Adaptive,7,3,202,1fb2032ff300087c,200,1
bwapp,login,CG-Adaptive,7,3,203,0af6125673b0399c,200,1
bwapp,login,CG-Adaptive,7,3,204,3fb96f7b0780742a,200,1
bwapp,login,CG-Adaptive,7,3,205,cfc7cc9f96b69906,200,1
bwapp,login,CG-Adaptive,7,3,206,5eec459a59eb591d,200,1
bwapp,login,CG-Adaptive,7,3,208,2dd8695235237b84,200,1
bwapp,login,CG-Adaptive,7,3,209,8de4992211cc6087,200,1
bwapp,login,CG-Adaptive,7,3,210,b2a2ee68a01aefe9,200,1
bwapp,login,CG-Adaptive,7,3,211,9e7997aadac73949,200,1
bwapp,login,CG-Adaptive,7,3,212,3c7f0a4b9a44759e,200,1
bwapp,login,CG-Adaptive,7,3,213,09f8f1afc747328b,200,1
bwapp,login,CG-Adaptive,7,3,214,73fa6ca6691248bc,200,1
bwapp,login,CG-Adaptive,7,3,215,2ee1b285c678448f,200,1
bwapp,login,CG-Adaptive,7,3,216,68302b18168b0cc0,200,1
bwapp,login,CG-Adaptive,7,3,217,ee2bd12135dc5c66,200,1
bwapp,login,CG-Adaptive,7,3,218,6a90f4951b51a0e6,200,1
bwapp,login,CG-Adaptive,7,3,219,ea9405ec84a8f2e9,200,1
bwapp,login,CG-Adaptive,7,3,220,1201812d2b8da404,200,1
bwapp,login,CG-Adaptive,7,3,221,4b4d58a052a2202f,200,1
bwapp,login,CG-Adaptive,7,3,223,951255d2a6488bff,200,1
bwapp,login,CG-Adaptive,7,3,224,0cfa3cf5dcdb9fbd,200,1
bwapp,login,CG-Adaptive,7,3,225,1c04995a49a4f7bd,200,1
bwapp,login,CG-Adaptive,7,3,226,0b4845c32ba0fba6,200,1
bwapp,login,CG-Adaptive,7,3,227,56a6a6b1c5acc223,200,1
bwapp,login,CG-Adaptive,7,3,229,8e12718122ea0bbd,200,1
bwapp,login,CG-Adaptive,7,3,230,f1ae4443639d6525,200,1
bwapp,login,CG-Adaptive,7,3,231,2b0cd50354338987,200,1
bwapp,login,CG-Adaptive,7,3,232,7070a28c1c2461c1,200,1
bwapp,login,CG-Adaptive,7,3,233,a443a735397c79cb,200,1
bwapp,login,CG-Adaptive,7,3,234,e237a5339114e7e0,200,1
bwapp,login,CG-Adaptive,7,3,235,9b41314af55baad8,200,1
bwapp,login,CG-Adaptive,7,3,236,7f4b03574a898141,200,1
bwapp,login,CG-Adaptive,7,3,238,d4004fc0f42c025a,200,1
bwapp,login,CG-Adaptive,7,3,239,6b6e2764040265fe,200,1
bwapp,login,CG-Adaptive,7,3,240,11be9684b636d30c,200,1
bwapp,login,CG-Adaptive,7,3,241,a6c3e091481a1ef0,200,1
bwapp,login,CG-Adaptive,7,3,243,e95860c180eeea82,200,1
bwapp,login,CG-Adaptive,7,3,244,5a53f1c66f4b2877,200,1
bwapp,login,CG-Adaptive,7,3,245,c479da83b24cecb0,200,1
bwapp,login,CG-Adaptive,7,3,246,e98d9ec58825801d,200,1
bwapp,login,CG-Adaptive,7,3,247,a9cbcb45146eca47,200,1
bwapp,login,CG-Adaptive,7,3,248,6ecf0e2972262de7,200,1
bwapp,login,CG-Adaptive,7,3,249,ac97862c23cf49df,200,1
bwapp,login,CG-Adaptive,7,3,250,c59cd5d2f0bbd17e,200,1
bwapp,login,CG-Adaptive,7,3,251,a808ad0e5bf5b8ab,200,1
bwapp,login,CG-Adaptive,7,3,253,5e66672c70270283,200,1
bwapp,login,CG-Adaptive,7,3,254,f8fffea37155371b,200,1
bwapp,login,CG-Adaptive,7,3,255,d913c195b4f508cc,200,1
bwapp,login,CG-Adaptive,7,3,257,f0c58ee9b0c93dee,200,1
bwapp,login,CG-Adaptive,7,3,258,8a22a361450156eb,200,1
bwapp,login,CG-Adaptive,7,3,259,6859c6522168e432,200,1
bwapp,login,CG-Adaptive,7,3,260,be1b5c7f1ca92cf7,200,1
bwapp,login,CG-Adaptive,7,3,261,95336f56f77b1806,200,1
bwapp,login,CG-Adaptive,7,3,262,dd73d6b32098d88f,200,1
bwapp,login,CG-Adaptive,7,3,263,63893f40aa0ff3e2,200,1
bwapp,login,CG-Adaptive,7,3,264,67aab8721adb5c82,200,1
bwapp,login,CG-Adaptive,7,3,265,9d41b507246ec3df,200,1
bwapp,login,CG-Adaptive,7,3,266,036e0c3b2f483b59,200,1
bwapp,login,CG-Adaptive,7,3,267,1c01efdabbba9cb9,200,1
bwapp,login,CG-Adaptive,7,3,268,dcb1e3a8041a17ec,200,1
bwapp,login,CG-Adaptive,7,3,269,26bcc52504b08c61,200,1
bwapp,login,CG-Adaptive,7,3,270,4a94a83b41aad195,200,1
bwapp,login,CG-Adaptive,7,3,271,629acf90d0d874e6,200,1
bwapp,login,CG-Adaptive,7,3,272,843ded6d4f6c5803,200,1
bwapp,login,CG-Adaptive,7,3,273,1ff0a476d6c99f20,200,1
bwapp,login,CG-Adaptive,7,3,274,02b60d4f69b4d638,200,1
bwapp,login,CG-Adaptive,7,3,275,8cd1904cd85e615f,200,1
bwapp,login,CG-Adaptive,7,3,276,ea73207d72ec46d7,200,1
bwapp,login,CG-Adaptive,7,3,277,8a87be8e8cd90826,200,1
bwapp,login,CG-Adaptive,7,3,278,2b6880a097bfeb19,200,1
bwapp,login,CG-Adaptive,7,3,279,ca34f32f8a04596f,200,1
bwapp,login,CG-Adaptive,7,3,280,f9cbd47f09550a46,200,1
bwapp,login,CG-Adaptive,7,3,281,642fa3fbf032abed,200,1
bwapp,login,CG-Adaptive,7,3,282,0fefb3cbc14cff1b,200,1
bwapp,login,CG-Adaptive,7,3,283,0fc8532d09255585,200,1
bwapp,login,CG-Adaptive,7,3,284,40188dbc1cc084e0,200,1
bwapp,login,CG-Adaptive,7,3,285,48146912f8200906,200,1
bwapp,login,CG-Adaptive,7,3,286,aba0c2d888f337ac,200,1
bwapp,login,CG-Adaptive,7,3,287,53543f3ab16f0b4c,200,1
bwapp,login,CG-Adaptive,7,3,288,cf37a732195a4415,200,1
bwapp,login,CG-Adaptive,7,3,289,80afd13bd09080b4,200,1
bwapp,login,CG-Adaptive,7,3,290,4b4f9f507e108a56,200,1
bwapp,login,CG-Adaptive,7,3,291,723b9056c09e2b3a,200,1
bwapp,login,CG-Adaptive,7,3,292,95d53a5891d8d5bf,200,1
bwapp,login,CG-Adaptive,7,3,293,d5dc2290feb792e7,200,1
bwapp,login,CG-Adaptive,7,3,294,dbbdbaef6ed6da14,200,1
bwapp,login,CG-Adaptive,7,3,295,0f23304b545afe0a,200,1
bwapp,login,CG-Adaptive,7,3,296,5befa4b2d538efbf,200,1
bwapp,login,CG-Adaptive,7,3,297,c29e0edea10656c3,200,1
bwapp,login,CG-Adaptive,7,3,298,a54317bf12f255e3,200,1
bwapp,login,CG-Adaptive,7,3,299,c75a4807aaa057a1,200,1
bwapp,login,CG-Adaptive,7,3,300,d5b0eda0354b1551,200,1
bwapp,login,CG-Adaptive,7,3,301,bb9b6c1dc03fec6c,200,1
bwapp,login,CG-Adaptive,7,3,302,a1e20884bbe8440a,200,1
bwapp,login,CG-Adaptive,7,3,303,be114cbbc162166f,200,1
bwapp,login,CG-Adaptive,7,3,304,4538a3739c5d4d8b,200,1
bwapp,login,CG-Adaptive,7,3,305,9b38945840581478,200,1
bwapp,login,CG-Adaptive,7,3,306,99b38f52c945af86,200,1
bwapp,login,CG-Adaptive,7,3,307,a541b828d535fb2f,200,1
bwapp,login,CG-Adaptive,7,3,308,2e0000b286041cc1,200,1
bwapp,login,CG-Adaptive,7,3,309,a5719c59b5bcb3d8,200,1
bwapp,login,CG-Adaptive,7,3,310,85f4a2e1ab4c1246,200,1
bwapp,login,CG-Adaptive,7,3,311,52832bfb5d7443c7,200,1
bwapp,login,CG-Adaptive,7,3,312,b1e68bf5e2d116cd,200,1
bwapp,login,CG-Adaptive,7,3,313,964134a86658b077,200,1
bwapp,login,CG-Adaptive,7,3,314,70abd4514c1ccfcd,200,1
bwapp,login,CG-Adaptive,7,3,315,5714c5839b92ceaa,200,1
bwapp,login,CG-Adaptive,7,3,316,0aefa7c5f2b79bce,200,1
bwapp,login,CG-Adaptive,7,3,317,23aafb7d2e062333,200,1
bwapp,login,CG-Adaptive,7,3,318,b57661a46cfe9b54,200,1
bwapp,login,CG-Adaptive,7,3,319,843e6cb17ed332e1,200,1
bwapp,login,CG-Adaptive,7,3,320,c7665b0adb49fe06,200,1
bwapp,login,CG-Adaptive,7,3,321,fd017d2ccd1620f5,200,1
bwapp,login,CG-Adaptive,7,3,322,2a2e4a5e4e354753,200,1
bwapp,login,CG-Adaptive,7,3,323,7d8e6497f7514e51,200,1
bwapp,login,CG-Adaptive,7,3,324,553120b3e564e60a,200,1
bwapp,login,CG-Adaptive,7,3,325,a395acb7300a88a8,200,1
bwapp,login,CG-Adaptive,7,3,326,9cf757b830d250cb,200,1
bwapp,login,CG-Adaptive,7,3,327,ac59fba25c2d8d53,200,1
bwapp,login,CG-Adaptive,7,3,328,292f166bc0c17e56,200,1
bwapp,login,CG-Adaptive,7,3,329,dabdd839fcf30bf3,200,1
bwapp,login,CG-Adaptive,7,3,330,14a795bc341d9f18,200,1
bwapp,login,CG-Adaptive,7,3,331,1af55dfa15ce4e9c,200,1
bwapp,login,CG-Adaptive,7,3,332,c27fa68fe543b877,200,1
bwapp,login,CG-Adaptive,7,3,333,973c036e725cd509,200,1
bwapp,login,CG-Adaptive,7,3,334,d78215fb757b304e,200,1
bwapp,login,CG-Adaptive,7,3,335,e1704aab5aafd969,200,1
bwapp,login,CG-Adaptive,7,3,336,052a8ecbf2446620,200,1
bwapp,login,CG-Adaptive,7,3,337,28597953c8fc08cc,200,1
bwapp,login,CG-Adaptive,7,3,338,371b2d92e7d46651,200,1
bwapp,login,CG-Adaptive,7,3,339,af5e209ab670f8a0,200,1
bwapp,login,CG-Adaptive,7,3,340,ff6ad94e7dd331c3,200,1
bwapp,login,CG-Adaptive,7,3,341,c4b164a143a63bb7,200,1
bwapp,login,CG-Adaptive,7,3,342,e844762021766469,200,1
bwapp,login,CG-Adaptive,7,3,343,2d0776999ec42df0,200,1
bwapp,login,CG-Adaptive,7,3,344,5e1a7736dd04a43e,200,1
bwapp,login,CG-Adaptive,7,3,345,553aba71b2e81bf0,200,1
bwapp,login,CG-Adaptive,7,3,346,867b3fe255c57ae6,200,1
bwapp,login,CG-Adaptive,7,3,347,5604550bde8f6da9,200,1
bwapp,login,CG-Adaptive,7,3,348,0fa7762f9e868705,200,1
bwapp,login,CG-Adaptive,7,3,349,10c5629f87eb7d47,200,1
bwapp,login,CG-Adaptive,7,3,350,e88087149739ee11,200,1
bwapp,login,CG-Adaptive,7,3,351,f48926846db9330a,200,1
bwapp,login,CG-Adaptive,7,3,352,e3c9f0494d083d98,200,1
bwapp,login,CG-Adaptive,7,3,353,da0ce2f406dcc4f5,200,1
bwapp,login,CG-Adaptive,7,3,354,f4c3ed4ec6dd5f19,200,1
bwapp,login,CG-Adaptive,7,3,355,bc413a1933d35c37,200,1
bwapp,login,CG-Adaptive,7,3,356,d36ad89f5004d475,200,1
bwapp,login,CG-Adaptive,7,3,357,38f713688e37f4da,200,1
bwapp,login,CG-Adaptive,7,3,358,244f8e0474002fdd,200,1
bwapp,login,CG-Adaptive,7,3,359,f91ba95f5acd5095,200,1
bwapp,login,CG-Adaptive,7,3,360,698fa34e976e440a,200,1
bwapp,login,CG-Adaptive,7,3,361,eb1d492d122f2e26,200,1
bwapp,login,CG-Adaptive,7,3,362,0ee31c454ef29d95,200,1
bwapp,login,CG-Adaptive,7,3,363,89e8ee21ca15c6ce,200,1
bwapp,login,CG-Adaptive,7,3,364,54e26b2996187a49,200,1
bwapp,login,CG-Adaptive,7,3,365,3ab38948a27dbc5b,200,1
bwapp,login,CG-Adaptive,7,3,366,8f26ad71106c2796,200,1
bwapp,login,CG-Adaptive,7,3,367,de4aa66d50db95b3,200,1
bwapp,login,CG-Adaptive,7,3,368,47f9f52f81a5eebc,200,1
bwapp,login,CG-Adaptive,7,3,369,bfac4aef61822d35,200,1
bwapp,login,CG-Adaptive,7,3,370,89271fc82cbb6a2c,200,1
bwapp,login,CG-Adaptive,7,3,371,0c1524b454c249fa,200,1
bwapp,login,CG-Adaptive,7,3,372,82577471e33dd870,200,1
bwapp,login,CG-Adaptive,7,3,373,551ded890083de59,200,1
bwapp,login,CG-Adaptive,7,3,374,8c823e135def5d01,200,1
bwapp,login,CG-Adaptive,7,3,375,ade1d676b1342237,200,1
bwapp,login,CG-Adaptive,7,3,376,1a2348ad882df917,200,1
bwapp,login,CG-Adaptive,7,3,377,67ca34ad043017e4,200,1
bwapp,login,CG-Adaptive,7,3,378,297d78cceb5f2bfd,200,1
bwapp,login,CG-Adaptive,7,3,379,8118c7ae2560bd65,200,1
bwapp,login,CG-Adaptive,7,3,380,83d2acdfa6dcb61b,200,1
bwapp,login,CG-Adaptive,7,3,381,4f49509b21db63f5,200,1
bwapp,login,CG-Adaptive,7,3,382,79cf89ef7efc8c14,200,1
bwapp,login,CG-Adaptive,7,3,383,629a47fe41de8425,200,1
bwapp,login,CG-Adaptive,7,3,384,aedc767aa2635bd8,200,1
bwapp,login,CG-Adaptive,7,3,385,f3e52e8c708096b0,200,1
bwapp,login,CG-Adaptive,7,3,386,0107a54b6c4c68b4,200,1
bwapp,login,CG-Adaptive,7,3,387,dd857e2d7174f847,200,1
bwapp,login,CG-Adaptive,7,3,388,370c662e3844c737,200,1
bwapp,login,CG-Adaptive,7,3,389,5232bfe6b0be1785,200,1
bwapp,login,CG-Adaptive,7,3,390,fff3ab38d56fcecd,200,1
bwapp,login,CG-Adaptive,7,3,391,9fdd68066658d641,200,1
bwapp,login,CG-Adaptive,7,3,392,f2320b666997e40b,200,1
bwapp,login,CG-Adaptive,7,3,393,30384642488fa616,200,1
bwapp,login,CG-Adaptive,7,1,3,255206005715029c,200,1
bwapp,login,CG-Adaptive,7,1,9,45549fd64df11d22,200,1
bwapp,login,CG-Adaptive,7,1,13,dd7ee40afca7eed7,200,1
bwapp,login,CG-Adaptive,7,1,22,2dbe74ea4e3e98a7,200,1
bwapp,login,CG-Adaptive,7,1,25,9a109e43afc24e90,200,1
bwapp,login,CG-Adaptive,7,1,27,c9c2e147fc79e6a2,200,1
bwapp,login,CG-Adaptive,7,1,44,2992bd39b77afe2a,200,1
bwapp,login,CG-Adaptive,7,1,61,987fbe62baeddca5,200,1
bwapp,login,CG-Adaptive,7,1,64,2342878c51a8473b,200,1
bwapp,login,CG-Adaptive,7,1,79,8a3dfe3688675b1d,200,1
bwapp,login,CG-Adaptive,7,1,89,d6d1a4297195d716,200,1
bwapp,login,CG-Adaptive,7,1,111,95582b453ea89178,200,1
bwapp,login,CG-Adaptive,7,1,118,cbfc9a27734986ba,200,1
bwapp,login,CG-Adaptive,7,1,138,f5609491482fcbb2,200,1
bwapp,login,CG-Adaptive,7,1,170,87b0e932cdc4ab44,200,1
bwapp,login,CG-Adaptive,7,1,177,4fdccb4cc93accd6,200,1
bwapp,login,CG-Adaptive,7,2,2,1f2dcef571bfc262,200,1
bwapp,login,CG-Adaptive,7,2,13,e59d4d75b39d68a7,200,1
bwapp,login,CG-Adaptive,7,2,19,792c6ccdb1dcc8c0,200,1
bwapp,login,CG-Adaptive,7,2,25,9669b5f7dede6953,200,1
bwapp,login,CG-Adaptive,7,2,31,2dbe74ea4e3e98a7,200,1
bwapp,login,CG-Adaptive,7,2,35,67f1d72252604c0f,200,1
bwapp,login,CG-Adaptive,7,2,42,55f436c696963218,200,1
bwapp,login,CG-Adaptive,7,2,49,095611010f66aa3a,200,1
bwapp,login,CG-Adaptive,7,2,56,ba0403fd4e4afb08,200,1
bwapp,login,CG-Adaptive,7,2,69,1bd00bbf05258f87,200,1
bwapp,login,CG-Adaptive,7,2,76,07a4bbbc1cd06e3e,200,1
bwapp,login,CG-Adaptive,7,2,91,1d97d81b4382a6d8,200,1
bwapp,login,CG-Adaptive,7,2,96,3abd81c77d46f151,200,1
bwapp,login,CG-Adaptive,7,2,103,13228273647b18cb,200,1
bwapp,login,CG-Adaptive,7,2,106,6b97e70b86575e31,200,1
bwapp,login,CG-Adaptive,7,2,120,439c1991264cbcf9,200,1
bwapp,login,CG-Adaptive,7,2,124,f798220ef73585f7,200,1
bwapp,login,CG-Adaptive,7,2,125,aec78e7d0dadee61,200,1
bwapp,login,CG-Adaptive,7,2,129,ac2940077b4d5eeb,200,1
bwapp,login,CG-Adaptive,7,2,135,39edeb941f2ba968,200,1
bwapp,login,CG-Adaptive,7,2,139,e778590400f35f57,200,1
bwapp,login,CG-Adaptive,7,2,152,8dd9dcee35a64592,200,1
bwapp,login,CG-Adaptive,7,2,155,56fcfde248fd9791,200,1
bwapp,login,CG-Adaptive,7,2,158,d673e37b9fd9c10a,200,1
bwapp,login,CG-Adaptive,7,2,160,670fd1eb31b1aac9,200,1
bwapp,login,CG-Adaptive,7,2,190,613740efba4223d7,200,1
bwapp,login,CG-Adaptive,7,2,195,d71e0ad8e93c7bba,200,1
bwapp,login,CG-Adaptive,7,2,197,599693203ecc2fd5,200,1
bwapp,login,CG-Adaptive,7,2,201,c91bed530bdbae38,200,1
bwapp,login,CG-Adaptive,7,2,204,b4f7c4a19178f52b,200,1
bwapp,login,CG-Adaptive,7,2,207,14088862c51f4367,200,1
bwapp,login,CG-Adaptive,7,2,217,6e81ffcba4903f2f,200,1
bwapp,login,CG-Adaptive,7,2,220,deffcc49120559df,200,1
bwapp,login,CG-Adaptive,7,2,224,9c26b84475752225,200,1
bwapp,login,CG-Adaptive,7,2,226,1eff0633d93765a2,200,1
bwapp,login,CG-Adaptive,7,2,229,e4edb2833734c317,200,1
bwapp,login,CG-Adaptive,7,2,232,6dcbde035d683838,200,1
bwapp,login,CG-Adaptive,7,2,236,67c2eb4bd5ea1a01,200,1
bwapp,login,CG-Adaptive,7,2,241,05465e1c1b858582,200,1
bwapp,login,CG-Adaptive,7,2,244,062c0f3bae58f3ca,200,1
bwapp,login,CG-Adaptive,7,2,249,582d0bb2f626e712,200,1
bwapp,login,CG-Adaptive,7,2,251,e99a0890c57a1322,200,1
bwapp,login,CG-Adaptive,7,2,254,8e7573f116a0bd3f,200,1
bwapp,login,CG-Adaptive,7,2,255,1b9285b441c82b94,200,1
bwapp,login,CG-Adaptive,7,2,257,ebc9577993c642ba,200,1
bwapp,login,CG-Adaptive,7,2,258,c68ee6a65490e612,200,1
bwapp,login,CG-Adaptive,7,2,260,ae003d4b1a9f891f,200,1
bwapp,login,CG-Adaptive,7,2,261,c978165e8199f79b,200,1
bwapp,login,CG-Adaptive,7,2,262,db5ba2ff499b2c10,200,1
bwapp,login,CG-Adaptive,7,2,263,e2b69b0b329b654f,200,1
bwapp,login,CG-Adaptive,7,2,265,22a4f68e6215d6db,200,1
bwapp,login,CG-Adaptive,7,2,267,d11736b3448d18b7,200,1
bwapp,login,CG-Adaptive,7,2,269,6970b5a5362bbd63,200,1
bwapp,login,CG-Adaptive,7,2,271,06899696ce865b12,200,1
bwapp,login,CG-Adaptive,7,2,273,6b4294c5df6b542a,200,1
bwapp,login,CG-Adaptive,7,2,274,37d371bf1c0843a2,200,1
bwapp,login,CG-Adaptive,7,2,276,8ba3303275d2582b,200,1
bwapp,login,CG-Adaptive,7,2,277,eafe0bdc376247a8,200,1
bwapp,login,CG-Adaptive,7,2,278,3b833a1235a21957,200,1
bwapp,login,CG-Adaptive,7,2,280,5d32c6d15b3313e7,200,1
bwapp,login,CG-Adaptive,7,2,281,70f1de27c5729b12,200,1
bwapp,login,CG-Adaptive,7,2,283,06794271c6df2259,200,1
bwapp,login,CG-Adaptive,7,2,284,43ba608160c80804,200,1
bwapp,login,CG-Adaptive,7,2,285,46e0c03de5e98da5,200,1
bwapp,login,CG-Adaptive,7,2,286,049982686e908da8,200,1
bwapp,login,CG-Adaptive,7,2,288,3df1ac2b75110718,200,1
bwapp,login,CG-Adaptive,7,2,293,1547461e39d3d6dc,200,1
bwapp,login,CG-Adaptive,7,2,295,3cca637365236605,200,1
bwapp,login,CG-Adaptive,7,2,297,80976aede71ef2d6,200,1
bwapp,login,CG-Adaptive,7,2,301,9d8895f796383f5a,200,1
bwapp,login,CG-Adaptive,7,2,303,2e5685cf7c94d40b,200,1
bwapp,login,CG-Adaptive,7,2,304,93ef852920fa484e,200,1
bwapp,login,CG-Adaptive,7,2,306,8acb8bc36bd939cd,200,1
bwapp,login,CG-Adaptive,7,2,307,271b9ba74cde57bf,200,1
bwapp,login,CG-Adaptive,7,2,309,fa89639440835784,200,1
bwapp,login,CG-Adaptive,7,2,310,c7affa2e26cf0e4a,200,1
bwapp,login,CG-Adaptive,7,2,311,9cd44486674cee1b,200,1
bwapp,login,CG-Adaptive,7,2,313,8925e405f974b560,200,1
bwapp,login,CG-Adaptive,7,2,315,c52316ac7957f007,200,1
bwapp,login,CG-Adaptive,7,2,316,a2620364b8e17d8a,200,1
bwapp,login,CG-Adaptive,7,2,317,f108906ecba3cb39,200,1
bwapp,login,CG-Adaptive,7,2,318,2d45cb4e682af761,200,1
bwapp,login,CG-Adaptive,7,2,320,bd1f5384c62a3e8d,200,1
bwapp,login,CG-Adaptive,7,2,321,3c8add82eb4404bc,200,1
bwapp,login,CG-Adaptive,7,2,323,35a456ddbb81f8f5,200,1
bwapp,login,CG-Adaptive,7,2,324,e3396b535780bd60,200,1
bwapp,login,CG-Adaptive,7,2,327,b97642dc7246a503,200,1
bwapp,login,CG-Adaptive,7,2,329,673cc8eddf2a0790,200,1
bwapp,login,CG-Adaptive,7,2,333,8dc0e70058bb0b96,200,1
bwapp,login,CG-Adaptive,7,2,334,b8153ec81f7febad,200,1
bwapp,login,CG-Adaptive,7,2,335,c11a8e77acb9e72d,200,1
bwapp,login,CG-Adaptive,7,2,338,36484afff911928f,200,1
bwapp,login,CG-Adaptive,7,2,339,915c2be37996924b,200,1
bwapp,login,CG-Adaptive,7,2,340,2dc7eb65ea5094fc,200,1
bwapp,login,CG-Adaptive,7,2,342,ea44db2c91c45063,200,1
bwapp,login,CG-Adaptive,7,2,344,30dca0c311fbd941,200,1
bwapp,login,CG-Adaptive,7,2,345,f1287353f3a3e5b2,200,1
bwapp,login,CG-Adaptive,7,2,346,042855d00d3cd320,200,1
bwapp,login,CG-Adaptive,7,2,348,43965ac6bddb0e97,200,1
bwapp,login,CG-Adaptive,7,2,349,20a23aca442c84e3,200,1
bwapp,login,CG-Adaptive,7,2,350,bc01af2fc316c89f,200,1
bwapp,login,CG-Adaptive,7,2,351,7057dbe627be2a71,200,1
bwapp,login,CG-Adaptive,7,2,353,feb94dff82b3cb67,200,1
bwapp,login,CG-Adaptive,7,2,354,7cdb76b80f09120a,200,1
bwapp,login,CG-Adaptive,7,2,356,2ca33e6c7041d7ab,200,1
bwapp,login,CG-Adaptive,7,2,358,ce0cfa958d5002c6,200,1
bwapp,login,CG-Adaptive,7,2,359,a87ee61f42d32793,200,1
bwapp,login,CG-Adaptive,7,2,361,e09c11f5ba7814b8,200,1
bwapp,login,CG-Adaptive,7,2,362,994ab33b0e527ed6,200,1
bwapp,login,CG-Adaptive,7,2,363,8e0511249b5d27f3,200,1
bwapp,login,CG-Adaptive,7,2,364,82cdbe0944ad6ecf,200,1
bwapp,login,CG-Adaptive,7,2,366,bc36baa9fcb1a182,200,1
bwapp,login,CG-Adaptive,7,2,367,8e7ed542e091ae36,200,1
bwapp,login,CG-Adaptive,7,2,368,7347c59ac42e652e,200,1
bwapp,login,CG-Adaptive,7,2,369,a532cf5ea1e79bf3,200,1
bwapp,login,CG-Adaptive,7,2,370,b562121c5983b99a,200,1
bwapp,login,CG-Adaptive,7,2,371,12b203765e13cf28,200,1
bwapp,login,CG-Adaptive,7,2,373,e1a9490e85b90468,200,1
bwapp,login,CG-Adaptive,7,2,375,73a8658fe139fee5,200,1
bwapp,login,CG-Adaptive,7,2,376,e6aebeb57be60f79,200,1
bwapp,login,CG-Adaptive,7,2,377,44ac446b453d44eb,200,1
bwapp,login,CG-Adaptive,7,2,379,b9b1cf1ac75fede2,200,1
bwapp,login,CG-Adaptive,7,4,15,6014ea54718eda80,200,1
bwapp,login,CG-Adaptive,7,4,16,25c5c07f8215fa8a,200,1
bwapp,login,CG-Adaptive,7,4,22,255206005715029c,200,1
bwapp,login,CG-Adaptive,7,4,31,d0d539d52f03e096,200,1
bwapp,login,CG-Adaptive,7,4,36,08e0f225d4dde6a9,200,1
bwapp,login,CG-Adaptive,7,4,41,5db89db2664d9830,200,1
bwapp,login,CG-Adaptive,7,4,43,116215ae9926d5b8,200,1
bwapp,login,CG-Adaptive,7,4,47,8714d20812618b72,200,1
bwapp,login,CG-Adaptive,7,4,55,3a535ec3fc9a3921,200,1
bwapp,login,CG-Adaptive,7,4,70,25e33d5746c5bfd7,200,1
bwapp,login,CG-Adaptive,7,4,81,92b3ec17c995ea42,200,1
bwapp,login,CG-Adaptive,7,4,87,670fd1eb31b1aac9,200,1
bwapp,login,CG-Adaptive,7,4,96,57784b4ffa634e01,200,1
bwapp,login,CG-Adaptive,7,4,104,8043fe0df6176621,200,1
bwapp,login,CG-Adaptive,7,4,111,ca98c50df447399c,200,1
bwapp,login,CG-Adaptive,7,4,123,6386ecb4e6f1a42d,200,1
bwapp,login,CG-Adaptive,7,4,130,eeb0eeec58cf1492,200,1
bwapp,login,CG-Adaptive,7,4,131,90a8037508f1f2c2,200,1
bwapp,login,CG-Adaptive,7,4,134,2366741bc9676a0c,200,1
bwapp,login,CG-Adaptive,7,4,139,26cd9cd17fa60c06,200,1
bwapp,login,CG-Adaptive,7,4,141,531dc2790d71b4a7,200,1
bwapp,login,CG-Adaptive,7,4,147,9dccb557bc53fb66,200,1
bwapp,login,CG-Adaptive,7,4,154,77e2f998f2dec5da,200,1
bwapp,login,CG-Adaptive,7,4,167,4b0d062ba309f2b9,200,1
bwapp,login,CG-Adaptive,7,4,169,fc6dac4b2cce6e4c,200,1
bwapp,login,CG-Adaptive,7,4,172,20f0834d51035aa4,200,1
bwapp,login,CG-Adaptive,7,4,175,16bd1601b7e3d9c0,200,1
bwapp,login,CG-Adaptive,7,4,178,d04f07b7489187f6,200,1
bwapp,login,CG-Adaptive,7,4,179,382b6b0165dd1198,200,1
bwapp,login,CG-Adaptive,7,4,180,99cc16f328006a48,200,1
bwapp,login,CG-Adaptive,7,4,181,af57076502e57375,200,1
bwapp,login,CG-Adaptive,7,4,183,972cd4b9013d28e2,200,1
bwapp,login,CG-Adaptive,7,4,189,698ec9d95b0caccf,200,1
bwapp,login,CG-Adaptive,7,4,195,251f2c15aa8e0118,200,1
bwapp,login,CG-Adaptive,7,4,202,0d90c48cf2305c9d,200,1
bwapp,login,CG-Adaptive,7,4,205,7c315497a64db4bb,200,1
bwapp,login,CG-Adaptive,7,4,207,ca467d36099627e2,200,1
bwapp,login,CG-Adaptive,7,4,209,2d56accd032ecfea,200,1
bwapp,login,CG-Adaptive,7,4,214,ffaa69b3e3b0e3ca,200,1
bwapp,login,CG-Adaptive,7,4,217,c3450a2b6bef7772,200,1
bwapp,login,CG-Adaptive,7,4,219,11a0a36f607ff1fb,200,1
bwapp,login,CG-Adaptive,7,4,222,5765403d75d4079f,200,1
bwapp,login,CG-Adaptive,7,4,223,f9f351eef7479cc0,200,1
bwapp,login,CG-Adaptive,7,4,225,881587de2eb58618,200,1
bwapp,login,CG-Adaptive,7,4,226,41bcaeac4b37a2cb,200,1
bwapp,login,CG-Adaptive,7,4,228,6eb5785034096639,200,1
bwapp,login,CG-Adaptive,7,4,231,34018d5177c01e4c,200,1
bwapp,login,CG-Adaptive,7,4,234,0e0368b115493907,200,1
bwapp,login,CG-Adaptive,7,4,237,3fd16b9ebb2bdfe1,200,1
bwapp,login,CG-Adaptive,7,4,241,6043affbdf6bfd51,200,1
bwapp,login,CG-Adaptive,7,4,243,b2300969c2b36f52,200,1
bwapp,login,CG-Adaptive,7,4,246,ee8d4dd0dda9238d,200,1
bwapp,login,CG-Adaptive,7,4,247,ecddacd5288e863d,200,1
bwapp,login,CG-Adaptive,7,4,252,82b1637201b7ebd3,200,1
bwapp,login,CG-Adaptive,7,4,253,000f4d8a182ffb63,200,1
bwapp,login,CG-Adaptive,7,4,254,bf555d0c1d7ccc55,200,1
bwapp,login,CG-Adaptive,7,4,256,d701ec36c951bac9,200,1
bwapp,login,CG-Adaptive,7,4,259,8968bfb0aec2f120,200,1
bwapp,login,CG-Adaptive,7,4,260,2597d5b484b57b0e,200,1
bwapp,login,CG-Adaptive,7,4,263,7b02c6f2b8b1ce6e,200,1
bwapp,login,CG-Adaptive,7,4,264,640686314beca4bd,200,1
bwapp,login,CG-Adaptive,7,4,265,b80904baac1f1402,200,1
bwapp,login,CG-Adaptive,7,4,266,bc80f5cea24ea99a,200,1
bwapp,login,CG-Adaptive,7,4,267,49c16a2bedbf711d,200,1
bwapp,login,CG-Adaptive,7,4,268,254abb9b9d86996b,200,1
bwapp,login,CG-Adaptive,7,4,269,5c482208392a02fc,200,1
bwapp,login,CG-Adaptive,7,4,271,625fccaa22b4c113,200,1
bwapp,login,CG-Adaptive,7,4,275,100ac9f7f82e7111,200,1
bwapp,login,CG-Adaptive,7,4,276,a4c66e3db03e9944,200,1
bwapp,login,CG-Adaptive,7,4,277,f1762d19b9768957,200,1
bwapp,login,CG-Adaptive,7,4,280,9a86551a6ce5a0eb,200,1
bwapp,login,CG-Adaptive,7,4,281,64d7328a2156e5cc,200,1
bwapp,login,CG-Adaptive,7,4,282,e027e6ab8eeb10f8,200,1
bwapp,login,CG-Adaptive,7,4,283,469ce417185650e9,200,1
bwapp,login,CG-Adaptive,7,4,284,87faf263c7e70e53,200,1
bwapp,login,CG-Adaptive,7,4,285,783b1945ba0d039b,200,1
bwapp,login,CG-Adaptive,7,4,286,e8e9fa07124de619,200,1
bwapp,login,CG-Adaptive,7,4,287,c9bdc9f00f840f4c,200,1
bwapp,login,CG-Adaptive,7,4,288,03c180bc3ec71ede,200,1
bwapp,login,CG-Adaptive,7,4,290,3d212423e7796698,200,1
bwapp,login,CG-Adaptive,7,4,291,89350a4e7e70bf3a,200,1
bwapp,login,CG-Adaptive,7,4,293,e9b4ff6dd97945a7,200,1
bwapp,login,CG-Adaptive,7,4,294,9c443bef785e0346,200,1
bwapp,login,CG-Adaptive,7,4,296,40775de899d23ab1,200,1
bwapp,login,CG-Adaptive,7,4,298,2a9e191a127cd060,200,1
bwapp,login,CG-Adaptive,7,4,299,cd602ba99ced85f3,200,1
bwapp,login,CG-Adaptive,7,4,300,03e53c300baeff8d,200,1
bwapp,login,CG-Adaptive,7,4,301,ba9b8d2ba7dc2e5a,200,1
bwapp,login,CG-Adaptive,7,4,303,b94b27c51f2b3ba7,200,1
bwapp,login,CG-Adaptive,7,4,304,b92e1668b5337484,200,1
bwapp,login,CG-Adaptive,7,4,305,76c64e403278c897,200,1
bwapp,login,CG-Adaptive,7,4,306,f441f51e5470384e,200,1
bwapp,login,CG-Adaptive,7,4,307,dad89ad00ed9cdb7,200,1
bwapp,login,CG-Adaptive,7,4,308,ad50a6e3315c4e4d,200,1
bwapp,login,CG-Adaptive,7,4,310,cacd17f75b5017e7,200,1
bwapp,login,CG-Adaptive,7,4,311,eb0d627eaf54ecf9,200,1
bwapp,login,CG-Adaptive,7,4,312,957449d8921aaa6d,200,1
bwapp,login,CG-Adaptive,7,4,313,e4e9d5808a218471,200,1
bwapp,login,CG-Adaptive,7,4,314,42a48f53c967120d,200,1
bwapp,login,CG-Adaptive,7,4,315,9f04e6b903be8237,200,1
bwapp,login,CG-Adaptive,7,4,316,2dbd44664d177bee,200,1
bwapp,login,CG-Adaptive,7,4,318,00174e40fe95121e,200,1
bwapp,login,CG-Adaptive,7,4,319,aeab66a83c0fcccf,200,1
bwapp,login,CG-Adaptive,7,4,320,a28019f94c555f00,200,1
bwapp,login,CG-Adaptive,7,4,321,65c8e4e082e28284,200,1
bwapp,login,CG-Adaptive,7,4,322,2ae742285daf2cca,200,1
bwapp,login,CG-Adaptive,7,4,323,ceae6218278fee02,200,1
bwapp,login,CG-Adaptive,7,4,325,df71d56b5908a80f,200,1
bwapp,login,CG-Adaptive,7,4,326,4e568888aa903074,200,1
bwapp,login,CG-Adaptive,7,4,327,af7ed6c8179b8a67,200,1
bwapp,login,CG-Adaptive,7,4,328,64bd99b098717078,200,1
bwapp,login,CG-Adaptive,7,4,329,eb6b033747f4e6e5,200,1
bwapp,login,CG-Adaptive,7,4,330,3554634cfbd3e2ec,200,1
bwapp,login,CG-Adaptive,7,4,331,ca3e21c3af8ff805,200,1
bwapp,login,CG-Adaptive,7,4,332,e1e77e99b518d668,200,1
bwapp,login,CG-Adaptive,7,4,334,9264065749b6938d,200,1
bwapp,login,CG-Adaptive,7,4,335,0f0daebc48b5b9f7,200,1
bwapp,login,CG-Adaptive,7,4,336,9186553ade40351b,200,1
bwapp,login,CG-Adaptive,7,4,337,264770ae64358cdb,200,1
bwapp,login,CG-Adaptive,7,4,338,23a72e6048437a9f,200,1
bwapp,login,CG-Adaptive,7,4,339,af5d48da0213950c,200,1
bwapp,login,CG-Adaptive,7,4,340,5f338605bd4f265c,200,1
bwapp,login,CG-Adaptive,7,4,341,c68fcb8d7e32fe12,200,1
bwapp,login,CG-Adaptive,7,4,343,96d7cbae535a778c,200,1
bwapp,login,CG-Adaptive,7,4,345,599ab31f216074e3,200,1
bwapp,login,CG-Adaptive,7,4,346,bdd69f14090e8272,200,1
bwapp,login,CG-Adaptive,7,4,347,85a31657cb9f1a97,200,1
bwapp,login,CG-Adaptive,7,4,349,58784b57c5bca695,200,1
bwapp,login,CG-Adaptive,7,4,350,8815382b2f3ee9d4,200,1
bwapp,login,CG-Adaptive,7,4,351,564b213481d33317,200,1
bwapp,login,CG-Adaptive,7,4,352,79123334345c15ef,200,1
bwapp,login,CG-Adaptive,7,4,353,ae998c828c377ee5,200,1
bwapp,login,CG-Adaptive,7,4,354,c30ec60dcadb2da9,200,1
bwapp,login,CG-Adaptive,7,4,355,0b538775351413db,200,1
bwapp,login,CG-Adaptive,7,4,356,e4f5c1dcf501df28,200,1
bwapp,login,CG-Adaptive,7,4,357,28e71a937608b39c,200,1
bwapp,login,CG-Adaptive,7,4,359,26c465ebebf5796f,200,1
bwapp,login,CG-Adaptive,7,4,360,4f9de2020dd858b1,200,1
bwapp,login,CG-Adaptive,7,4,361,72754a64f5364f7c,200,1
bwapp,login,CG-Adaptive,7,4,362,8a1ee24dec92efff,200,1
bwapp,login,CG-Adaptive,7,4,363,b3b21217c2c42838,200,1
bwapp,login,CG-Adaptive,7,4,364,014b21105540753d,200,1
bwapp,login,CG-Adaptive,7,4,365,249aa221a4e2db3a,200,1
bwapp,login,CG-Adaptive,7,4,366,5d60ef12d3791733,200,1
bwapp,login,CG-Adaptive,7,4,367,378d524a095a09b2,200,1
bwapp,login,CG-Adaptive,7,4,368,99674d79e741fba2,200,1
bwapp,login,CG-Adaptive,7,4,369,f7d947b8121d5c3b,200,1
bwapp,login,CG-Adaptive,7,4,370,4d4d20859ad2099f,200,1
bwapp,login,CG-Adaptive,7,4,372,ad2d8d3933358a07,200,1
bwapp,login,CG-Adaptive,7,4,373,fca4de6a46e089e3,200,1
bwapp,login,CG-Adaptive,7,4,374,1d0c114bdc70e06e,200,1
bwapp,login,CG-Adaptive,7,4,375,aef395d49ea008c7,200,1
bwapp,login,CG-Adaptive,7,4,376,d7039992db9bbf80,200,1
bwapp,login,CG-Adaptive,7,4,377,5bfcafff83206a51,200,1
bwapp,login,CG-Adaptive,7,4,378,8effc2bea5653376,200,1
bwapp,login,CG-Adaptive,7,4,379,94a53913901b5a60,200,1
bwapp,login,CG-Adaptive,7,4,380,28a7ee3f4224c295,200,1
bwapp,login,CG-Adaptive,7,4,381,02b79be51f956271,200,1
bwapp,login,CG-Adaptive,7,4,382,37a04a6a7a5b39bf,200,1
bwapp,login,CG-Adaptive,7,4,383,3fba675837002ec8,200,1
bwapp,login,CG-Adaptive,7,4,384,60a413a2fbe33a99,200,1
bwapp,login,CG-Adaptive,7,4,385,57b76aec720d055b,200,1
bwapp,login,CG-Adaptive,7,4,386,ad2c9c0edfb358de,200,1
bwapp,login,CG-Adaptive,7,4,387,230e60983d5d5ea7,200,1
bwapp,login,CG-Adaptive,7,4,388,b6bda07ef856f648,200,1
bwapp,login,CG-Adaptive,7,4,389,fc42233aa304b446,200,1
bwapp,login,CG-Adaptive,7,5,2,2dbe74ea4e3e98a7,200,1
bwapp,login,CG-Adaptive,7,5,10,736e02e9ddb128ed,200,1
bwapp,login,CG-Adaptive,7,5,14,e59d4d75b39d68a7,200,1
bwapp,login,CG-Adaptive,7,5,19,255206005715029c,200,1
bwapp,login,CG-Adaptive,7,5,22,5b8cc883a8165456,200,1
bwapp,login,CG-Adaptive,7,5,45,8acff7cb0ce57195,200,1
bwapp,login,CG-Adaptive,7,5,51,d2b51b00f2c7bb83,200,1
bwapp,login,CG-Adaptive,7,5,56,76a1c43f318abdcf,200,1
bwapp,login,CG-Adaptive,7,5,63,4b223a614746635c,200,1
bwapp,login,CG-Adaptive,7,5,76,3f8845b8e34c9fde,200,1
bwapp,login,CG-Adaptive,7,5,89,52d5062899c791c2,200,1
bwapp,login,CG-Adaptive,7,5,92,9de952670debdf5c,200,1
bwapp,login,CG-Adaptive,7,5,94,92288daa2e2d3000,200,1
bwapp,login,CG-Adaptive,7,5,100,5458dfb6a4c6fbe0,200,1
bwapp,login,CG-Adaptive,7,5,112,89809af066989205,200,1
bwapp,login,CG-Adaptive,7,5,115,91199e99e85be923,200,1
bwapp,login,CG-Adaptive,7,5,119,9f6e40763d4c89d9,200,1
bwapp,login,CG-Adaptive,7,5,121,190c99c39926a186,200,1
bwapp,login,CG-Adaptive,7,5,122,6711eae9919f2fce,200,1
bwapp,login,CG-Adaptive,7,5,124,2992fa065fc46d39,200,1
bwapp,login,CG-Adaptive,7,5,128,0bf07f17df467f5f,200,1
bwapp,login,CG-Adaptive,7,5,130,f084c0ee1f4e222c,200,1
bwapp,login,CG-Adaptive,7,5,134,5dd6f997e6bebfdb,200,1
bwapp,login,CG-Adaptive,7,5,136,56f65c754b3155c0,200,1
bwapp,login,CG-Adaptive,7,5,138,9a6014aa6126c641,200,1
bwapp,login,CG-Adaptive,7,5,140,85a840d3bef281fc,200,1
bwapp,login,CG-Adaptive,7,5,144,a690e79fa5265502,200,1
bwapp,login,CG-Adaptive,7,5,146,7b1d780d3c1d36bb,200,1
bwapp,login,CG-Adaptive,7,5,147,d335ebe10f45ef9f,200,1
bwapp,login,CG-Adaptive,7,5,148,d8e57ae070191ea3,200,1
bwapp,login,CG-Adaptive,7,5,149,530256a0ad3f6b45,200,1
bwapp,login,CG-Adaptive,7,5,150,6d572a2c3cc2cbb7,200,1
bwapp,login,CG-Adaptive,7,5,151,4b5710a95537ac2a,200,1
bwapp,login,CG-Adaptive,7,5,152,55b231583c14f854,200,1
bwapp,login,CG-Adaptive,7,5,153,f38bab250ab30e07,200,1
bwapp,login,CG-Adaptive,7,5,155,63c3fe36777f89d4,200,1
bwapp,login,CG-Adaptive,7,5,156,5e320d7fbcbf1cdc,200,1
bwapp,login,CG-Adaptive,7,5,157,fda4903ccbb9753b,200,1
bwapp,login,CG-Adaptive,7,5,161,c25dc990c0aa93a2,200,1
bwapp,login,CG-Adaptive,7,5,165,439b1c5bf46c1819,200,1
bwapp,login,CG-Adaptive,7,5,169,72f0a52502f32f65,200,1
bwapp,login,CG-Adaptive,7,5,173,c90980a92f599f68,200,1
bwapp,login,CG-Adaptive,7,5,177,49a2a225d377cd04,200,1
bwapp,login,CG-Adaptive,7,5,178,6165af1a63c85c91,200,1
bwapp,login,CG-Adaptive,7,5,179,dafbaa84443930a4,200,1
bwapp,login,CG-Adaptive,7,5,180,0550b324b332366b,200,1
bwapp,login,CG-Adaptive,7,5,181,72bf8befe76158fe,200,1
bwapp,login,CG-Adaptive,7,5,182,375d885f31811f16,200,1
bwapp,login,CG-Adaptive,7,5,184,686294395c35e118,200,1
bwapp,login,CG-Adaptive,7,5,185,05d6884b2ea86f9d,200,1
bwapp,login,CG-Adaptive,7,5,186,cd99abe31832515f,200,1
bwapp,login,CG-Adaptive,7,5,187,11f455645306c54b,200,1
bwapp,login,CG-Adaptive,7,5,189,7f2e566ffab2969e,200,1
bwapp,login,CG-Adaptive,7,5,190,b93add446807fd23,200,1
bwapp,login,CG-Adaptive,7,5,191,0d2a9b2762ccbe24,200,1
bwapp,login,CG-Adaptive,7,5,192,4fa850b8df99b871,200,1
bwapp,login,CG-Adaptive,7,5,193,6eb17e0153f4aed0,200,1
bwapp,login,CG-Adaptive,7,5,195,78e9c11ba72e7d30,200,1
bwapp,login,CG-Adaptive,7,5,196,2e71d4f655e37ab0,200,1
bwapp,login,CG-Adaptive,7,5,197,9216441383443faf,200,1
bwapp,login,CG-Adaptive,7,5,198,70fb68e4143dc172,200,1
bwapp,login,CG-Adaptive,7,5,200,c2163ca30c201db0,200,1
bwapp,login,CG-Adaptive,7,5,201,f8acec3fc858fcde,200,1
bwapp,login,CG-Adaptive,7,5,202,a0210acdfb288aab,200,1
bwapp,login,CG-Adaptive,7,5,205,945cde9515a6dcb5,200,1
bwapp,login,CG-Adaptive,7,5,206,8bffd86053e8c027,200,1
bwapp,login,CG-Adaptive,7,5,208,930bdb563129eb8a,200,1
bwapp,login,CG-Adaptive,7,5,209,c74d37aa316e17c0,200,1
bwapp,login,CG-Adaptive,7,5,211,a37cfce43ba3b625,200,1
bwapp,login,CG-Adaptive,7,5,212,da839e0f7a3f1a8e,200,1
bwapp,login,CG-Adaptive,7,5,213,4025a6bbbfd71b07,200,1
bwapp,login,CG-Adaptive,7,5,215,0a9c94a03bc51c4c,200,1
bwapp,login,CG-Adaptive,7,5,217,499ed1a5477db6dd,200,1
bwapp,login,CG-Adaptive,7,5,218,f5bb21a48953f24f,200,1
bwapp,login,CG-Adaptive,7,5,220,6289ec4e4332e201,200,1
bwapp,login,CG-Adaptive,7,5,221,2e7bfec61c83909e,200,1
bwapp,login,CG-Adaptive,7,5,222,d620cc8c912a6570,200,1
bwapp,login,CG-Adaptive,7,5,223,b8363dfae646abee,200,1
bwapp,login,CG-Adaptive,7,5,224,69b9ca43d3b302f8,200,1
bwapp,login,CG-Adaptive,7,5,225,62faddaf5aca76b7,200,1
bwapp,login,CG-Adaptive,7,5,226,6f02357fec5dbcf1,200,1
bwapp,login,CG-Adaptive,7,5,227,3799f403fb263e68,200,1
bwapp,login,CG-Adaptive,7,5,228,35a6f6445b41dc4a,200,1
bwapp,login,CG-Adaptive,7,5,229,7e4aa0935d23d489,200,1
bwapp,login,CG-Adaptive,7,5,230,ade2d596dd6eed75,200,1
bwapp,login,CG-Adaptive,7,5,231,db241d35304c8470,200,1
bwapp,login,CG-Adaptive,7,5,232,6d90f06dc81b0716,200,1
bwapp,login,CG-Adaptive,7,5,233,68fc206ea70fc987,200,1
bwapp,login,CG-Adaptive,7,5,235,6b8879b498958d78,200,1
bwapp,login,CG-Adaptive,7,5,236,75c97d0719835cca,200,1
bwapp,login,CG-Adaptive,7,5,237,11c3bcda676586bf,200,1
bwapp,login,CG-Adaptive,7,5,238,0bc2b635edde3172,200,1
bwapp,login,CG-Adaptive,7,5,239,9fcd13dd04d7db38,200,1
bwapp,login,CG-Adaptive,7,5,240,2b0b81dd00631d4a,200,1
bwapp,login,CG-Adaptive,7,5,241,69ed09995794bc55,200,1
bwapp,login,CG-Adaptive,7,5,242,85f4a2e1ab4c1246,200,1
bwapp,login,CG-Adaptive,7,5,243,af9a044ae9625ddb,200,1
bwapp,login,CG-Adaptive,7,5,245,cf9aff5f51c02581,200,1
bwapp,login,CG-Adaptive,7,5,246,e47bc3e6058abc25,200,1
bwapp,login,CG-Adaptive,7,5,247,4b4d58a052a2202f,200,1
bwapp,login,CG-Adaptive,7,5,248,12a6e6fce3ca8229,200,1
bwapp,login,CG-Adaptive,7,5,249,f0b1819ce36f77a2,200,1
bwapp,login,CG-Adaptive,7,5,250,b1c0ca1e56359957,200,1
bwapp,login,CG-Adaptive,7,5,251,41809dbb7c0e4810,200,1
bwapp,login,CG-Adaptive,7,5,252,b95b1f32ec6be8bf,200,1
bwapp,login,CG-Adaptive,7,5,253,0e3ae65f58186db0,200,1
bwapp,login,CG-Adaptive,7,5,254,390f68a996f74565,200,1
bwapp,login,CG-Adaptive,7,5,255,775234ba88002850,200,1
bwapp,login,CG-Adaptive,7,5,256,f059f7d3d716f182,200,1
bwapp,login,CG-Adaptive,7,5,257,3d3b858a0125d9e8,200,1
bwapp,login,CG-Adaptive,7,5,258,0f3884fcaf7d63a8,200,1
bwapp,login,CG-Adaptive,7,5,259,13658e04f6ced67e,200,1
bwapp,login,CG-Adaptive,7,5,260,697f840c63a414d2,200,1
bwapp,login,CG-Adaptive,7,5,261,a5908b77e9e19f6e,200,1
bwapp,login,CG-Adaptive,7,5,262,7defdf11169d6603,200,1
bwapp,login,CG-Adaptive,7,5,263,b5e978eaac25dc53,200,1
bwapp,login,CG-Adaptive,7,5,264,f9845b395949f8d9,200,1
bwapp,login,CG-Adaptive,7,5,265,b30eafe503c1ca73,200,1
bwapp,login,CG-Adaptive,7,5,266,583aeea0354e0c89,200,1
bwapp,login,CG-Adaptive,7,5,267,89ece626cdd93d93,200,1
bwapp,login,CG-Adaptive,7,5,268,73d63b756a1a9b0e,200,1
bwapp,login,CG-Adaptive,7,5,269,542a2371bf57bafe,200,1
bwapp,login,CG-Adaptive,7,5,270,3972e40ecacd4ee2,200,1
bwapp,login,CG-Adaptive,7,5,271,16821ff54bb119c0,200,1
bwapp,login,CG-Adaptive,7,5,272,4d6086d9de119205,200,1
bwapp,login,CG-Adaptive,7,5,273,515a223d9b539bce,200,1
bwapp,login,CG-Adaptive,7,5,274,e42b3f185db80587,200,1
bwapp,login,CG-Adaptive,7,5,275,7cf6a95ed41ee67f,200,1
bwapp,login,CG-Adaptive,7,5,276,234dafd8d0894240,200,1
bwapp,login,CG-Adaptive,7,5,277,ebdaadf0b30ac8bd,200,1
bwapp,login,CG-Adaptive,7,5,278,c84bf9ccbe6cbb2e,200,1
bwapp,login,CG-Adaptive,7,5,279,2b3014c0c8460096,200,1
bwapp,login,CG-Adaptive,7,5,280,c630c9b4e8ea9acf,200,1
bwapp,login,CG-Adaptive,7,5,281,728e333c6a039208,200,1
bwapp,login,CG-Adaptive,7,5,282,fa0335aa9791a19f,200,1
bwapp,login,CG-Adaptive,7,5,283,cac48e40c8a22d4a,200,1
bwapp,login,CG-Adaptive,7,5,284,ce19ac513074fd78,200,1
bwapp,login,CG-Adaptive,7,5,285,a3e95098ce1365e2,200,1
bwapp,login,CG-Adaptive,7,5,286,907bb157825697a6,200,1
bwapp,login,CG-Adaptive,7,5,288,043474e1cd566f65,200,1
bwapp,login,CG-Adaptive,7,5,289,e10755caf5f2429d,200,1
bwapp,login,CG-Adaptive,7,5,290,8f1f6e565ede7be6,200,1
bwapp,login,CG-Adaptive,7,5,291,a97c95e6e8b244a2,200,1
bwapp,login,CG-Adaptive,7,5,292,44c9913924cb5084,200,1
bwapp,login,CG-Adaptive,7,5,293,bf7aee33a485c899,200,1
bwapp,login,CG-Adaptive,7,5,295,efc99bb19e0306b6,200,1
bwapp,login,CG-Adaptive,7,5,296,900535f5e767a023,200,1
bwapp,login,CG-Adaptive,7,5,297,8ad3448238f1c4c6,200,1
bwapp,login,CG-Adaptive,7,5,298,4cb6216bb81ad937,200,1
bwapp,login,CG-Adaptive,7,5,299,085eaff54a862af6,200,1
bwapp,login,CG-Adaptive,7,5,300,36b0f15eb7a81dc1,200,1
bwapp,login,CG-Adaptive,7,5,301,e751973a4ec44922,200,1
bwapp,login,CG-Adaptive,7,5,302,10aa981348371ad0,200,1
bwapp,login,CG-Adaptive,7,5,303,aa085e891439b2bd,200,1
bwapp,login,CG-Adaptive,7,5,304,7445fbac6529ef88,200,1
bwapp,login,CG-Adaptive,7,5,305,1e6c58af7ca24ca3,200,1
bwapp,login,CG-Adaptive,7,5,306,45656ea551d8fe42,200,1
bwapp,login,CG-Adaptive,7,5,307,dbd8bf282775a88e,200,1
bwapp,login,CG-Adaptive,7,5,308,ae11ade464582e22,200,1
bwapp,login,CG-Adaptive,7,5,309,23e0c9409ab1c917,200,1
bwapp,login,CG-Adaptive,7,5,310,c241787d1cf87a90,200,1
bwapp,login,CG-Adaptive,7,5,311,e2f2e26542924434,200,1
bwapp,login,CG-Adaptive,7,5,312,5fd5c676ae90312f,200,1
bwapp,login,CG-Adaptive,7,5,313,dfb42c88dc26bf63,200,1
bwapp,login,CG-Adaptive,7,5,314,68510857c2a6fccb,200,1
bwapp,login,CG-Adaptive,7,5,315,7e7f0b069656c51f,200,1
bwapp,login,CG-Adaptive,7,5,316,ab7a796f92141af3,200,1
bwapp,login,CG-Adaptive,7,5,317,2b32986d463e81d2,200,1
bwapp,login,CG-Adaptive,7,5,318,aafa307f732bc000,200,1
bwapp,login,CG-Adaptive,7,5,319,3d31adfd888aa821,200,1
bwapp,login,CG-Adaptive,7,5,320,ff732e88a5aee707,200,1
bwapp,login,CG-Adaptive,7,5,321,3a161dd9a5c981b1,200,1
bwapp,login,CG-Adaptive,7,5,322,362af0980b239ae5,200,1
bwapp,login,CG-Adaptive,7,5,323,73935792bf16f2a3,200,1
bwapp,login,CG-Adaptive,7,5,324,37151c0daf1eb325,200,1
bwapp,login,CG-Adaptive,7,5,325,943661d81891e7b4,200,1
bwapp,login,CG-Adaptive,7,5,326,fb53593259afefc2,200,1
bwapp,login,CG-Adaptive,7,5,327,30c81e2b97489b02,200,1
bwapp,login,CG-Adaptive,7,5,328,a28db98ef5958c1d,200,1
bwapp,login,CG-Adaptive,7,5,329,315b08aae071ecb5,200,1
bwapp,login,CG-Adaptive,7,5,330,982fcc6c57386a1f,200,1
bwapp,login,CG-Adaptive,7,5,331,1afc836dd4153681,200,1
bwapp,login,CG-Adaptive,7,5,332,0d38553c7efdb0e6,200,1
bwapp,login,CG-Adaptive,7,5,333,68c942075cf13acd,200,1
bwapp,login,CG-Adaptive,7,5,334,8d862e25797a5211,200,1
bwapp,login,CG-Adaptive,7,5,335,dd91246e64bcda41,200,1
bwapp,login,CG-Adaptive,7,5,336,1c54208ccc09f7e0,200,1
bwapp,login,CG-Adaptive,7,5,337,e5730e36c59eb05e,200,1
bwapp,login,CG-Adaptive,7,5,338,a6ace26df4a3e96b,200,1
bwapp,login,CG-Adaptive,7,5,339,0f2c98779e20398f,200,1
bwapp,login,CG-Adaptive,7,5,340,f5b2474bd6dffcd7,200,1
bwapp,login,CG-Adaptive,7,5,341,4b9bfd36f1b404ae,200,1
bwapp,login,CG-Adaptive,7,5,342,d6d9aed366a04fcc,200,1
bwapp,login,CG-Adaptive,7,5,343,b3b72d311ebf755d,200,1
bwapp,login,CG-Adaptive,7,5,344,e0c495087b0e59f4,200,1
bwapp,login,CG-Adaptive,7,5,345,fc3382881d9886b8,200,1
bwapp,login,CG-Adaptive,7,5,346,e028fc67c3791a40,200,1
bwapp,login,CG-Adaptive,7,5,347,7f0e16efb5bd493d,200,1
bwapp,login,CG-Adaptive,7,5,348,3fed09fc78ba6219,200,1
bwapp,login,CG-Adaptive,7,5,349,31af75210b7fc992,200,1
bwapp,login,CG-Adaptive,7,5,350,add3b41d3e1a21c8,200,1
bwapp,login,CG-Adaptive,7,5,351,61fd07090f5ae3f9,200,1
bwapp,login,CG-Adaptive,7,5,352,fa41e5cad5730203,200,1
bwapp,login,CG-Adaptive,7,5,353,c7f7711b6899eb12,200,1
bwapp,login,CG-Adaptive,7,5,354,f35d070d7334d12a,200,1
bwapp,login,CG-Adaptive,7,5,355,d9d4fa1173ae2e02,200,1
bwapp,login,CG-Adaptive,7,5,356,079a00fb5129c436,200,1
bwapp,login,CG-Adaptive,7,5,357,bbb8ca12ee5aa2ff,200,1
bwapp,login,CG-Adaptive,7,5,358,493099fa2ccf99a3,200,1
bwapp,login,CG-Adaptive,7,5,359,55581daa043748ab,200,1
bwapp,login,CG-Adaptive,7,5,360,2c1e2b9c45b4f2cb,200,1
bwapp,login,CG-Adaptive,7,5,361,5bdeab9750ecacd0,200,1
bwapp,login,CG-Adaptive,7,5,362,55a0a2e9ace41d51,200,1
bwapp,login,CG-Adaptive,7,5,363,f9a4c868bae3640a,200,1
bwapp,login,CG-Adaptive,7,5,364,76b626423f06f171,200,1
bwapp,login,CG-Adaptive,7,5,365,666092e00e9db19e,200,1
bwapp,login,CG-Adaptive,7,5,366,8f1483a824951c58,200,1
bwapp,login,CG-Adaptive,7,5,367,e1fc441486f98e10,200,1
bwapp,login,CG-Adaptive,7,5,368,002d8cac7afe6563,200,1
bwapp,login,CG-Adaptive,7,5,369,f8ec39d84cf01000,200,1
bwapp,login,CG-Adaptive,7,5,370,ec966be906a44b13,200,1
bwapp,login,CG-Adaptive,7,5,371,b307dbcaeb3cc407,200,1
bwapp,login,CG-Adaptive,7,5,372,27037c449ed26496,200,1
bwapp,login,CG-Adaptive,7,5,373,057cdc491b8540e0,200,1
bwapp,login,CG-Adaptive,7,5,374,81f751e827f4b288,200,1
bwapp,login,CG-Adaptive,7,5,375,f9f0c72a9b4a4e9b,200,1
bwapp,login,CG-Adaptive,7,5,376,49df804996222059,200,1
bwapp,login,CG-Adaptive,7,5,377,05024fd96480ac13,200,1
bwapp,login,CG-Adaptive,7,5,378,6a7ea184390a5cf2,200,1
bwapp,login,CG-Adaptive,7,5,379,f4fb24f0e3e8a937,200,1
bwapp,login,CG-Adaptive,7,5,380,c1f3fc933d8db8c0,200,1
bwapp,login,CG-Adaptive,7,5,381,7991956287bc4c95,200,1
bwapp,login,CG-Adaptive,7,5,382,9e746dcd6382bccd,200,1
bwapp,login,CG-Adaptive,7,5,383,31b22efe81306cb5,200,1
bwapp,login,CG-Adaptive,7,5,384,b93a0b9083ce2b49,200,1
bwapp,login,CG-Adaptive,7,5,385,2824b2360259c33e,200,1
bwapp,login,CG-Adaptive,7,5,386,af48d910a176dc0d,200,1
bwapp,login,CG-Adaptive,7,5,387,eb79afb365e2b9fe,200,1
bwapp,login,CG-Adaptive,7,5,388,8208eed451d1b173,200,1
bwapp,login,CG-Adaptive,7,5,389,9c46f108b17018a1,200,1
bwapp,login,CG-Adaptive,7,5,390,28514df0b3a0a0a6,200,1
bwapp,login,CG-Adaptive,7,5,391,0fc5c663480caa5d,200,1
bwapp,login,CG-Adaptive,7,5,392,431cace566885b33,200,1
bwapp,login,CG-Adaptive,7,5,393,affd269ec01ff264,200,1
bwapp,login,CG-Adaptive,7,5,394,545b5406a49e0623,200,1
bwapp,login,CG-Adaptive,7,5,395,df23e26ab36df582,200,1
bwapp,login,CG-Adaptive,7,5,396,427710850962ce19,200,1
bwapp,login,CG-Adaptive,7,5,397,450300338c84ce91,200,1
bwapp,login,CG-Adaptive,7,5,398,1de940a564242a85,200,1
bwapp,login,CG-Adaptive,7,5,399,53f4e8b8911bc80e,200,1
bwapp,login,CG-Adaptive,7,5,400,75682045b094d774,200,1
bwapp,login,CG-Adaptive,7,5,401,5f2bfa6e0c49ae5d,200,1
bwapp,login,CG-Adaptive,7,5,402,60aaf805c2d4dc90,200,1
bwapp,login,CG-Adaptive,7,5,403,a3f3cd7d95065b74,200,1
bwapp,login,CG-Adaptive,7,5,404,0f76df0abe394eac,200,1
bwapp,login,CG-Adaptive,7,5,405,1d7597ce63603bab,200,1
bwapp,login,CG-Adaptive,7,5,406,df2d3244ba8c02fe,200,1
bwapp,login,CG-Adaptive,7,5,407,83043367f317ed5b,200,1
bwapp,login,CG-Adaptive,7,5,408,82991be71c6429ab,200,1
bwapp,login,CG-Adaptive,7,5,409,86b31abe10686a74,200,1
bwapp,login,CG-Adaptive,7,5,410,7549b964a703a3f6,200,1
bwapp,login,CG-Adaptive,7,5,411,d13a17a7419ebff7,200,1
bwapp,login,CG-Static,1,3,2,1f2dcef571bfc262,200,1
bwapp,login,CG-Static,1,3,6,f3609e2a064d5f54,200,1
bwapp,login,CG-Static,1,3,9,71f9ac7ff80c4896,200,1
bwapp,login,CG-Static,1,3,14,58217d48aea804e0,200,1
bwapp,login,CG-Static,1,3,15,3511f24547244135,200,1
bwapp,login,CG-Static,1,3,20,c688049553fbf1eb,200,1
bwapp,login,CG-Static,1,3,24,70736600558825ed,200,1
bwapp,login,CG-Static,1,3,27,547e12f20d1bfaaa,200,1
bwapp,login,CG-Static,1,3,28,c415160bbe95af2a,200,1
bwapp,login,CG-Static,1,3,31,255206005715029c,200,1
bwapp,login,CG-Static,1,3,36,485cc21ec3f3e6c0,200,1
bwapp,login,CG-Static,1,3,39,a6acc9075201b106,200,1
bwapp,login,CG-Static,1,3,40,6e30bf742e43093c,200,1
bwapp,login,CG-Static,1,3,43,02fe9e9e0eed7cf4,200,1
bwapp,login,CG-Static,1,3,46,4e283eacbb21b84d,200,1
bwapp,login,CG-Static,1,3,47,ab4c8052635aa91d,200,1
bwapp,login,CG-Static,1,3,49,bbe8f4f76e2275f9,200,1
bwapp,login,CG-Static,1,3,51,e7244289c8cff5ce,200,1
bwapp,login,CG-Static,1,3,52,27f2f25bf3fe7bbe,200,1
bwapp,login,CG-Static,1,3,53,6386ecb4e6f1a42d,200,1
bwapp,login,CG-Static,1,3,55,63a381b0d272ab48,200,1
bwapp,login,CG-Static,1,3,58,f70b0b39a02e3eb9,200,1
bwapp,login,CG-Static,1,3,60,53204b6b42e729b1,200,1
bwapp,login,CG-Static,1,3,63,e6e2e402fe6e3e26,200,1
bwapp,login,CG-Static,1,3,65,43d5e2ac0c435a1c,200,1
bwapp,login,CG-Static,1,3,69,cefa4fad3078dad7,200,1
bwapp,login,CG-Static,1,3,70,66438ceebe06766a,200,1
bwapp,login,CG-Static,1,3,72,29b967a0c37ed14d,200,1
bwapp,login,CG-Static,1,3,75,095611010f66aa3a,200,1
bwapp,login,CG-Static,1,3,77,278a594b1c801c42,200,1
bwapp,login,CG-Static,1,3,80,383de5b065ea6810,200,1
bwapp,login,CG-Static,1,3,81,ecc55fd3db839cb3,200,1
bwapp,login,CG-Static,1,3,85,8289df014b164693,200,1
bwapp,login,CG-Static,1,3,86,c615464679708127,200,1
bwapp,login,CG-Static,1,3,89,1ebb5b16a145cbbf,200,1
bwapp,login,CG-Static,1,3,93,f7926af3f89afd22,200,1
bwapp,login,CG-Static,1,3,96,7c20c3465c9d8e84,200,1
bwapp,login,CG-Static,1,3,97,0b82615b4b729b0b,200,1
bwapp,login,CG-Static,1,3,99,1c3ceedd97662329,200,1
bwapp,login,CG-Static,1,3,101,568c223971214b78,200,1
bwapp,login,CG-Static,1,3,103,b46b29e8bf02818f,200,1
bwapp,login,CG-Static,1,3,107,d41f73dc8569add7,200,1
bwapp,login,CG-Static,1,3,110,1ad534e083277be0,200,1
bwapp,login,CG-Static,1,3,112,2fad1f76679e2b66,200,1
bwapp,login,CG-Static,1,3,114,d3003f88a61c22f9,200,1
bwapp,login,CG-Static,1,3,117,d38f2dc0f0151d50,200,1
bwapp,login,CG-Static,1,3,121,9b7803443415d70c,200,1
bwapp,login,CG-Static,1,3,123,7374ae9dede1d970,200,1
bwapp,login,CG-Static,1,3,126,3fa97e5b8e0c4d40,200,1
bwapp,login,CG-Static,1,3,128,fc21d2b4b5a15bc0,200,1
bwapp,login,CG-Static,1,3,129,3def49e1d85223d6,200,1
bwapp,login,CG-Static,1,3,130,76a69a0d5cafaac9,200,1
bwapp,login,CG-Static,1,3,132,7905f6358ab2e8b0,200,1
bwapp,login,CG-Static,1,3,133,6829395f34acc880,200,1
bwapp,login,CG-Static,1,3,135,e8d6f782fb631628,200,1
bwapp,login,CG-Static,1,3,138,88a9d61bca68001c,200,1
bwapp,login,CG-Static,1,3,139,168c33de00985440,200,1
bwapp,login,CG-Static,1,3,141,0a84566995c9a7b1,200,1
bwapp,login,CG-Static,1,3,142,36d95dec92cc94e7,200,1
bwapp,login,CG-Static,1,3,143,f5a14a1de70e545c,200,1
bwapp,login,CG-Static,1,3,144,0d5fb30893459ee3,200,1
bwapp,login,CG-Static,1,3,147,6b1af0a7209a1902,200,1
bwapp,login,CG-Static,1,3,149,b7b2f7c329d07966,200,1
bwapp,login,CG-Static,1,3,151,3cc7d6f18c91f298,200,1
bwapp,login,CG-Static,1,3,152,75d6da2c1a344a79,200,1
bwapp,login,CG-Static,1,3,153,d8c680078713e1e7,200,1
bwapp,login,CG-Static,1,3,154,f457efecac14f900,200,1
bwapp,login,CG-Static,1,3,155,e2f6ad1e81bb04b8,200,1
bwapp,login,CG-Static,1,3,157,e7875ca298959f12,200,1
bwapp,login,CG-Static,1,3,159,791fd5976e70e2fe,200,1
bwapp,login,CG-Static,1,3,160,c9f636362be52df6,200,1
bwapp,login,CG-Static,1,3,161,1c39b41f6757687a,200,1
bwapp,login,CG-Static,1,3,162,d3facf7cb7013428,200,1
bwapp,login,CG-Static,1,3,164,d703ae8e8508c8a7,200,1
bwapp,login,CG-Static,1,3,166,51d0c6a511bbb616,200,1
bwapp,login,CG-Static,1,3,167,72e5a1336e3a4b92,200,1
bwapp,login,CG-Static,1,3,168,30e5849d0ffcdea3,200,1
bwapp,login,CG-Static,1,3,169,2728053ff1f0d102,200,1
bwapp,login,CG-Static,1,3,170,da312731bc6c64d0,200,1
bwapp,login,CG-Static,1,3,171,ca4ac1847871690a,200,1
bwapp,login,CG-Static,1,3,172,e1afda8426c36741,200,1
bwapp,login,CG-Static,1,3,174,57078aaeefb27d6c,200,1
bwapp,login,CG-Static,1,3,175,b2800e45ae2b8a67,200,1
bwapp,login,CG-Static,1,3,176,1651d99f343b7f77,200,1
bwapp,login,CG-Static,1,3,177,0035af3d45d3cb5c,200,1
bwapp,login,CG-Static,1,3,178,f46ed88b3eecbbaf,200,1
bwapp,login,CG-Static,1,3,179,c266e67d20cdfe98,200,1
bwapp,login,CG-Static,1,3,181,df3dd44883185676,200,1
bwapp,login,CG-Static,1,3,182,0b1380040e3c1e5f,200,1
bwapp,login,CG-Static,1,3,183,c1edcde122a148fd,200,1
bwapp,login,CG-Static,1,3,184,2b183c21f1c1e644,200,1
bwapp,login,CG-Static,1,3,186,186cff9b038088c0,200,1
bwapp,login,CG-Static,1,3,188,3ad2db3492f7ecba,200,1
bwapp,login,CG-Static,1,3,189,58107c4413b7da12,200,1
bwapp,login,CG-Static,1,3,190,5e8304e174709b49,200,1
bwapp,login,CG-Static,1,3,191,02c513afbdb25d3d,200,1
bwapp,login,CG-Static,1,3,192,3bbcb4c3dc8d0299,200,1
bwapp,login,CG-Static,1,3,193,3c982c83a33b7036,200,1
bwapp,login,CG-Static,1,3,195,f6427f65c6c88321,200,1
bwapp,login,CG-Static,1,3,197,dcde6fb77bfa1146,200,1
bwapp,login,CG-Static,1,3,198,baeb3e45dd8f4f70,200,1
bwapp,login,CG-Static,1,3,200,a95cab7e7dba21e0,200,1
bwapp,login,CG-Static,1,3,201,35421dec556b4d85,200,1
bwapp,login,CG-Static,1,3,202,1fb2032ff300087c,200,1
bwapp,login,CG-Static,1,3,203,0af6125673b0399c,200,1
bwapp,login,CG-Static,1,3,204,3fb96f7b0780742a,200,1
bwapp,login,CG-Static,1,3,205,cfc7cc9f96b69906,200,1
bwapp,login,CG-Static,1,3,206,5eec459a59eb591d,200,1
bwapp,login,CG-Static,1,3,208,2dd8695235237b84,200,1
bwapp,login,CG-Static,1,3,209,8de4992211cc6087,200,1
bwapp,login,CG-Static,1,3,210,b2a2ee68a01aefe9,200,1
bwapp,login,CG-Static,1,3,211,9e7997aadac73949,200,1
bwapp,login,CG-Static,1,3,212,3c7f0a4b9a44759e,200,1
bwapp,login,CG-Static,1,3,213,09f8f1afc747328b,200,1
bwapp,login,CG-Static,1,3,214,73fa6ca6691248bc,200,1
bwapp,login,CG-Static,1,3,215,2ee1b285c678448f,200,1
bwapp,login,CG-Static,1,3,216,68302b18168b0cc0,200,1
bwapp,login,CG-Static,1,3,217,ee2bd12135dc5c66,200,1
bwapp,login,CG-Static,1,3,218,6a90f4951b51a0e6,200,1
bwapp,login,CG-Static,1,3,219,ea9405ec84a8f2e9,200,1
bwapp,login,CG-Static,1,3,220,1201812d2b8da404,200,1
bwapp,login,CG-Static,1,3,221,4b4d58a052a2202f,200,1
bwapp,login,CG-Static,1,3,223,951255d2a6488bff,200,1
bwapp,login,CG-Static,1,3,224,0cfa3cf5dcdb9fbd,200,1
bwapp,login,CG-Static,1,3,225,1c04995a49a4f7bd,200,1
bwapp,login,CG-Static,1,3,226,0b4845c32ba0fba6,200,1
bwapp,login,CG-Static,1,3,227,56a6a6b1c5acc223,200,1
bwapp,login,CG-Static,1,3,229,8e12718122ea0bbd,200,1
bwapp,login,CG-Static,1,3,230,f1ae4443639d6525,200,1
bwapp,login,CG-Static,1,3,231,2b0cd50354338987,200,1
bwapp,login,CG-Static,1,3,232,7070a28c1c2461c1,200,1
bwapp,login,CG-Static,1,3,233,a443a735397c79cb,200,1
bwapp,login,CG-Static,1,3,234,e237a5339114e7e0,200,1
bwapp,login,CG-Static,1,3,235,9b41314af55baad8,200,1
bwapp,login,CG-Static,1,3,236,7f4b03574a898141,200,1
bwapp,login,CG-Static,1,3,238,d4004fc0f42c025a,200,1
bwapp,login,CG-Static,1,3,239,6b6e2764040265fe,200,1
bwapp,login,CG-Static,1,3,240,11be9684b636d30c,200,1
bwapp,login,CG-Static,1,3,241,a6c3e091481a1ef0,200,1
bwapp,login,CG-Static,1,3,243,e95860c180eeea82,200,1
bwapp,login,CG-Static,1,3,244,5a53f1c66f4b2877,200,1
bwapp,login,CG-Static,1,3,245,c479da83b24cecb0,200,1
bwapp,login,CG-Static,1,3,246,e98d9ec58825801d,200,1
bwapp,login,CG-Static,1,3,247,a9cbcb45146eca47,200,1
bwapp,login,CG-Static,1,3,248,6ecf0e2972262de7,200,1
bwapp,login,CG-Static,1,3,249,ac97862c23cf49df,200,1
bwapp,login,CG-Static,1,3,250,c59cd5d2f0bbd17e,200,1
bwapp,login,CG-Static,1,3,251,a808ad0e5bf5b8ab,200,1
bwapp,login,CG-Static,1,3,253,5e66672c70270283,200,1
bwapp,login,CG-Static,1,3,254,f8fffea37155371b,200,1
bwapp,login,CG-Static,1,3,255,d913c195b4f508cc,200,1
bwapp,login,CG-Static,1,3,257,f0c58ee9b0c93dee,200,1
bwapp,login,CG-Static,1,3,258,8a22a361450156eb,200,1
bwapp,login,CG-Static,1,3,259,6859c6522168e432,200,1
bwapp,login,CG-Static,1,3,260,be1b5c7f1ca92cf7,200,1
bwapp,login,CG-Static,1,3,261,95336f56f77b1806,200,1
bwapp,login,CG-Static,1,3,262,dd73d6b32098d88f,200,1
bwapp,login,CG-Static,1,3,263,63893f40aa0ff3e2,200,1
bwapp,login,CG-Static,1,3,264,67aab8721adb5c82,200,1
bwapp,login,CG-Static,1,3,265,9d41b507246ec3df,200,1
bwapp,login,CG-Static,1,3,266,036e0c3b2f483b59,200,1
bwapp,login,CG-Static,1,3,267,1c01efdabbba9cb9,200,1
bwapp,login,CG-Static,1,3,268,dcb1e3a8041a17ec,200,1
bwapp,login,CG-Static,1,3,269,26bcc52504b08c61,200,1
bwapp,login,CG-Static,1,3,270,4a94a83b41aad195,200,1
bwapp,login,CG-Static,1,3,271,629acf90d0d874e6,200,1
bwapp,login,CG-Static,1,3,272,843ded6d4f6c5803,200,1
bwapp,login,CG-Static,1,3,273,1ff0a476d6c99f20,200,1
bwapp,login,CG-Static,1,3,274,02b60d4f69b4d638,200,1
bwapp,login,CG-Static,1,3,275,8cd1904cd85e615f,200,1
bwapp,login,CG-Static,1,3,276,ea73207d72ec46d7,200,1
bwapp,login,CG-Static,1,3,277,8a87be8e8cd90826,200,1
bwapp,login,CG-Static,1,3,278,2b6880a097bfeb19,200,1
bwapp,login,CG-Static,1,3,279,ca34f32f8a04596f,200,1
bwapp,login,CG-Static,1,3,280,f9cbd47f09550a46,200,1
bwapp,login,CG-Static,1,3,281,642fa3fbf032abed,200,1
bwapp,login,CG-Static,1,3,282,0fefb3cbc14cff1b,200,1
bwapp,login,CG-Static,1,3,283,0fc8532d09255585,200,1
bwapp,login,CG-Static,1,3,284,40188dbc1cc084e0,200,1
bwapp,login,CG-Static,1,3,285,48146912f8200906,200,1
bwapp,login,CG-Static,1,3,286,aba0c2d888f337ac,200,1
bwapp,login,CG-Static,1,3,287,53543f3ab16f0b4c,200,1
bwapp,login,CG-Static,1,3,288,cf37a732195a4415,200,1
bwapp,login,CG-Static,1,3,289,80afd13bd09080b4,200,1
bwapp,login,CG-Static,1,3,290,4b4f9f507e108a56,200,1
bwapp,login,CG-Static,1,3,291,723b9056c09e2b3a,200,1
bwapp,login,CG-Static,1,3,292,95d53a5891d8d5bf,200,1
bwapp,login,CG-Static,1,3,293,d5dc2290feb792e7,200,1
bwapp,login,CG-Static,1,3,294,dbbdbaef6ed6da14,200,1
bwapp,login,CG-Static,1,3,295,0f23304b545afe0a,200,1
bwapp,login,CG-Static,1,3,296,5befa4b2d538efbf,200,1
bwapp,login,CG-Static,1,3,297,c29e0edea10656c3,200,1
bwapp,login,CG-Static,1,3,298,a54317bf12f255e3,200,1
bwapp,login,CG-Static,1,3,299,c75a4807aaa057a1,200,1
bwapp,login,CG-Static,1,3,300,d5b0eda0354b1551,200,1
bwapp,login,CG-Static,1,3,301,bb9b6c1dc03fec6c,200,1
bwapp,login,CG-Static,1,3,302,a1e20884bbe8440a,200,1
bwapp,login,CG-Static,1,3,303,be114cbbc162166f,200,1
bwapp,login,CG-Static,1,3,304,4538a3739c5d4d8b,200,1
bwapp,login,CG-Static,1,3,305,9b38945840581478,200,1
bwapp,login,CG-Static,1,3,306,99b38f52c945af86,200,1
bwapp,login,CG-Static,1,3,307,a541b828d535fb2f,200,1
bwapp,login,CG-Static,1,3,308,2e0000b286041cc1,200,1
bwapp,login,CG-Static,1,3,309,a5719c59b5bcb3d8,200,1
bwapp,login,CG-Static,1,3,310,85f4a2e1ab4c1246,200,1
bwapp,login,CG-Static,1,3,311,52832bfb5d7443c7,200,1
bwapp,login,CG-Static,1,3,312,b1e68bf5e2d116cd,200,1
bwapp,login,CG-Static,1,3,313,964134a86658b077,200,1
bwapp,login,CG-Static,1,3,314,70abd4514c1ccfcd,200,1
bwapp,login,CG-Static,1,3,315,5714c5839b92ceaa,200,1
bwapp,login,CG-Static,1,3,316,0aefa7c5f2b79bce,200,1
bwapp,login,CG-Static,1,3,317,23aafb7d2e062333,200,1
bwapp,login,CG-Static,1,3,318,b57661a46cfe9b54,200,1
bwapp,login,CG-Static,1,3,319,843e6cb17ed332e1,200,1
bwapp,login,CG-Static,1,3,320,c7665b0adb49fe06,200,1
bwapp,login,CG-Static,1,3,321,fd017d2ccd1620f5,200,1
bwapp,login,CG-Static,1,3,322,2a2e4a5e4e354753,200,1
bwapp,login,CG-Static,1,3,323,7d8e6497f7514e51,200,1
bwapp,login,CG-Static,1,3,324,553120b3e564e60a,200,1
bwapp,login,CG-Static,1,3,325,a395acb7300a88a8,200,1
bwapp,login,CG-Static,1,3,326,9cf757b830d250cb,200,1
bwapp,login,CG-Static,1,3,327,ac59fba25c2d8d53,200,1
bwapp,login,CG-Static,1,3,328,292f166bc0c17e56,200,1
bwapp,login,CG-Static,1,3,329,dabdd839fcf30bf3,200,1
bwapp,login,CG-Static,1,3,330,14a795bc341d9f18,200,1
bwapp,login,CG-Static,1,3,331,1af55dfa15ce4e9c,200,1
bwapp,login,CG-Static,1,3,332,c27fa68fe543b877,200,1
bwapp,login,CG-Static,1,3,333,973c036e725cd509,200,1
bwapp,login,CG-Static,1,3,334,d78215fb757b304e,200,1
bwapp,login,CG-Static,1,3,335,e1704aab5aafd969,200,1
bwapp,login,CG-Static,1,3,336,052a8ecbf2446620,200,1
bwapp,login,CG-Static,1,3,337,28597953c8fc08cc,200,1
bwapp,login,CG-Static,1,3,338,371b2d92e7d46651,200,1
bwapp,login,CG-Static,1,3,339,af5e209ab670f8a0,200,1
bwapp,login,CG-Static,1,3,340,ff6ad94e7dd331c3,200,1
bwapp,login,CG-Static,1,3,341,c4b164a143a63bb7,200,1
bwapp,login,CG-Static,1,3,342,e844762021766469,200,1
bwapp,login,CG-Static,1,3,343,2d0776999ec42df0,200,1
bwapp,login,CG-Static,1,3,344,5e1a7736dd04a43e,200,1
bwapp,login,CG-Static,1,3,345,553aba71b2e81bf0,200,1
bwapp,login,CG-Static,1,3,346,867b3fe255c57ae6,200,1
bwapp,login,CG-Static,1,3,347,5604550bde8f6da9,200,1
bwapp,login,CG-Static,1,3,348,0fa7762f9e868705,200,1
bwapp,login,CG-Static,1,3,349,10c5629f87eb7d47,200,1
bwapp,login,CG-Static,1,3,350,e88087149739ee11,200,1
bwapp,login,CG-Static,1,3,351,f48926846db9330a,200,1
bwapp,login,CG-Static,1,3,352,e3c9f0494d083d98,200,1
bwapp,login,CG-Static,1,3,353,da0ce2f406dcc4f5,200,1
bwapp,login,CG-Static,1,3,354,f4c3ed4ec6dd5f19,200,1
bwapp,login,CG-Static,1,3,355,bc413a1933d35c37,200,1
bwapp,login,CG-Static,1,3,356,d36ad89f5004d475,200,1
bwapp,login,CG-Static,1,3,357,38f713688e37f4da,200,1
bwapp,login,CG-Static,1,3,358,244f8e0474002fdd,200,1
bwapp,login,CG-Static,1,3,359,f91ba95f5acd5095,200,1
bwapp,login,CG-Static,1,3,360,698fa34e976e440a,200,1
bwapp,login,CG-Static,1,3,361,eb1d492d122f2e26,200,1
bwapp,login,CG-Static,1,3,362,0ee31c454ef29d95,200,1
bwapp,login,CG-Static,1,3,363,89e8ee21ca15c6ce,200,1
bwapp,login,CG-Static,1,3,364,54e26b2996187a49,200,1
bwapp,login,CG-Static,1,3,365,3ab38948a27dbc5b,200,1
bwapp,login,CG-Static,1,3,366,8f26ad71106c2796,200,1
bwapp,login,CG-Static,1,3,367,de4aa66d50db95b3,200,1
bwapp,login,CG-Static,1,3,368,47f9f52f81a5eebc,200,1
bwapp,login,CG-Static,1,3,369,bfac4aef61822d35,200,1
bwapp,login,CG-Static,1,3,370,89271fc82cbb6a2c,200,1
bwapp,login,CG-Static,1,3,371,0c1524b454c249fa,200,1
bwapp,login,CG-Static,1,3,372,82577471e33dd870,200,1
bwapp,login,CG-Static,1,3,373,551ded890083de59,200,1
bwapp,login,CG-Static,1,3,374,8c823e135def5d01,200,1
bwapp,login,CG-Static,1,3,375,ade1d676b1342237,200,1
bwapp,login,CG-Static,1,3,376,1a2348ad882df917,200,1
bwapp,login,CG-Static,1,3,377,67ca34ad043017e4,200,1
bwapp,login,CG-Static,1,3,378,297d78cceb5f2bfd,200,1
bwapp,login,CG-Static,1,3,379,8118c7ae2560bd65,200,1
bwapp,login,CG-Static,1,3,380,83d2acdfa6dcb61b,200,1
bwapp,login,CG-Static,1,3,381,4f49509b21db63f5,200,1
bwapp,login,CG-Static,1,3,382,79cf89ef7efc8c14,200,1
bwapp,login,CG-Static,1,3,383,629a47fe41de8425,200,1
bwapp,login,CG-Static,1,3,384,aedc767aa2635bd8,200,1
bwapp,login,CG-Static,1,3,385,f3e52e8c708096b0,200,1
bwapp,login,CG-Static,1,3,386,0107a54b6c4c68b4,200,1
bwapp,login,CG-Static,1,3,387,dd857e2d7174f847,200,1
bwapp,login,CG-Static,1,3,388,370c662e3844c737,200,1
bwapp,login,CG-Static,1,3,389,5232bfe6b0be1785,200,1
bwapp,login,CG-Static,1,3,390,fff3ab38d56fcecd,200,1
bwapp,login,CG-Static,1,3,391,9fdd68066658d641,200,1
bwapp,login,CG-Static,1,3,392,f2320b666997e40b,200,1
bwapp,login,CG-Static,1,3,393,30384642488fa616,200,1
bwapp,login,CG-Static,1,1,3,255206005715029c,200,1
bwapp,login,CG-Static,1,1,9,45549fd64df11d22,200,1
bwapp,login,CG-Static,1,1,13,dd7ee40afca7eed7,200,1
bwapp,login,CG-Static,1,1,22,2dbe74ea4e3e98a7,200,1
bwapp,login,CG-Static,1,1,25,9a109e43afc24e90,200,1
bwapp,login,CG-Static,1,1,27,c9c2e147fc79e6a2,200,1
bwapp,login,CG-Static,1,1,44,2992bd39b77afe2a,200,1
bwapp,login,CG-Static,1,1,61,987fbe62baeddca5,200,1
bwapp,login,CG-Static,1,1,64,2342878c51a8473b,200,1
bwapp,login,CG-Static,1,1,79,8a3dfe3688675b1d,200,1
bwapp,login,CG-Static,1,1,89,d6d1a4297195d716,200,1
bwapp,login,CG-Static,1,1,111,95582b453ea89178,200,1
bwapp,login,CG-Static,1,1,118,cbfc9a27734986ba,200,1
bwapp,login,CG-Static,1,1,138,f5609491482fcbb2,200,1
bwapp,login,CG-Static,1,1,170,87b0e932cdc4ab44,200,1
bwapp,login,CG-Static,1,1,177,4fdccb4cc93accd6,200,1
bwapp,login,CG-Static,1,2,2,1f2dcef571bfc262,200,1
bwapp,login,CG-Static,1,2,13,e59d4d75b39d68a7,200,1
bwapp,login,CG-Static,1,2,19,792c6ccdb1dcc8c0,200,1
bwapp,login,CG-Static,1,2,25,9669b5f7dede6953,200,1
bwapp,login,CG-Static,1,2,31,2dbe74ea4e3e98a7,200,1
bwapp,login,CG-Static,1,2,35,67f1d72252604c0f,200,1
bwapp,login,CG-Static,1,2,42,55f436c696963218,200,1
bwapp,login,CG-Static,1,2,49,095611010f66aa3a,200,1
bwapp,login,CG-Static,1,2,56,ba0403fd4e4afb08,200,1
bwapp,login,CG-Static,1,2,69,1bd00bbf05258f87,200,1
bwapp,login,CG-Static,1,2,76,07a4bbbc1cd06e3e,200,1
bwapp,login,CG-Static,1,2,91,1d97d81b4382a6d8,200,1
bwapp,login,CG-Static,1,2,96,3abd81c77d46f151,200,1
bwapp,login,CG-Static,1,2,103,13228273647b18cb,200,1
bwapp,login,CG-Static,1,2,106,6b97e70b86575e31,200,1
bwapp,login,CG-Static,1,2,120,439c1991264cbcf9,200,1
bwapp,login,CG-Static,1,2,124,f798220ef73585f7,200,1
bwapp,login,CG-Static,1,2,125,aec78e7d0dadee61,200,1
bwapp,login,CG-Static,1,2,129,ac2940077b4d5eeb,200,1
bwapp,login,CG-Static,1,2,135,39edeb941f2ba968,200,1
bwapp,login,CG-Static,1,2,139,e778590400f35f57,200,1
bwapp,login,CG-Static,1,2,152,8dd9dcee35a64592,200,1
bwapp,login,CG-Static,1,2,155,56fcfde248fd9791,200,1
bwapp,login,CG-Static,1,2,158,d673e37b9fd9c10a,200,1
bwapp,login,CG-Static,1,2,160,670fd1eb31b1aac9,200,1
bwapp,login,CG-Static,1,2,190,613740efba4223d7,200,1
bwapp,login,CG-Static,1,2,195,d71e0ad8e93c7bba,200,1
bwapp,login,CG-Static,1,2,197,599693203ecc2fd5,200,1
bwapp,login,CG-Static,1,2,201,c91bed530bdbae38,200,1
bwapp,login,CG-Static,1,2,204,b4f7c4a19178f52b,200,1
bwapp,login,CG-Static,1,2,207,14088862c51f4367,200,1
bwapp,login,CG-Static,1,2,217,6e81ffcba4903f2f,200,1
bwapp,login,CG-Static,1,2,220,deffcc49120559df,200,1
bwapp,login,CG-Static,1,2,224,9c26b84475752225,200,1
bwapp,login,CG-Static,1,2,226,1eff0633d93765a2,200,1
bwapp,login,CG-Static,1,2,229,e4edb2833734c317,200,1
bwapp,login,CG-Static,1,2,232,6dcbde035d683838,200,1
bwapp,login,CG-Static,1,2,236,67c2eb4bd5ea1a01,200,1
bwapp,login,CG-Static,1,2,241,05465e1c1b858582,200,1
bwapp,login,CG-Static,1,2,244,062c0f3bae58f3ca,200,1
bwapp,login,CG-Static,1,2,249,582d0bb2f626e712,200,1
bwapp,login,CG-Static,1,2,251,e99a0890c57a1322,200,1
bwapp,login,CG-Static,1,2,254,8e7573f116a0bd3f,200,1
bwapp,login,CG-Static,1,2,255,1b9285b441c82b94,200,1
bwapp,login,CG-Static,1,2,257,ebc9577993c642ba,200,1
bwapp,login,CG-Static,1,2,258,c68ee6a65490e612,200,1
bwapp,login,CG-Static,1,2,260,ae003d4b1a9f891f,200,1
bwapp,login,CG-Static,1,2,261,c978165e8199f79b,200,1
bwapp,login,CG-Static,1,2,262,db5ba2ff499b2c10,200,1
bwapp,login,CG-Static,1,2,263,e2b69b0b329b654f,200,1
bwapp,login,CG-Static,1,2,265,22a4f68e6215d6db,200,1
bwapp,login,CG-Static,1,2,267,d11736b3448d18b7,200,1
bwapp,login,CG-Static,1,2,269,6970b5a5362bbd63,200,1
bwapp,login,CG-Static,1,2,271,06899696ce865b12,200,1
bwapp,login,CG-Static,1,2,273,6b4294c5df6b542a,200,1
bwapp,login,CG-Static,1,2,274,37d371bf1c0843a2,200,1
bwapp,login,CG-Static,1,2,276,8ba3303275d2582b,200,1
bwapp,login,CG-Static,1,2,277,eafe0bdc376247a8,200,1
bwapp,login,CG-Static,1,2,278,3b833a1235a21957,200,1
bwapp,login,CG-Static,1,2,280,5d32c6d15b3313e7,200,1
bwapp,login,CG-Static,1,2,281,70f1de27c5729b12,200,1
bwapp,login,CG-Static,1,2,283,06794271c6df2259,200,1
bwapp,login,CG-Static,1,2,284,43ba608160c80804,200,1
bwapp,login,CG-Static,1,2,285,46e0c03de5e98da5,200,1
bwapp,login,CG-Static,1,2,286,049982686e908da8,200,1
bwapp,login,CG-Static,1,2,288,3df1ac2b75110718,200,1
bwapp,login,CG-Static,1,2,293,1547461e39d3d6dc,200,1
bwapp,login,CG-Static,1,2,295,3cca637365236605,200,1
bwapp,login,CG-Static,1,2,297,80976aede71ef2d6,200,1
bwapp,login,CG-Static,1,2,301,9d8895f796383f5a,200,1
bwapp,login,CG-Static,1,2,303,2e5685cf7c94d40b,200,1
bwapp,login,CG-Static,1,2,304,93ef852920fa484e,200,1
bwapp,login,CG-Static,1,2,306,8acb8bc36bd939cd,200,1
bwapp,login,CG-Static,1,2,307,271b9ba74cde57bf,200,1
bwapp,login,CG-Static,1,2,309,fa89639440835784,200,1
bwapp,login,CG-Static,1,2,310,c7affa2e26cf0e4a,200,1
bwapp,login,CG-Static,1,2,311,9cd44486674cee1b,200,1
bwapp,login,CG-Static,1,2,313,8925e405f974b560,200,1
bwapp,login,CG-Static,1,2,315,c52316ac7957f007,200,1
bwapp,login,CG-Static,1,2,316,a2620364b8e17d8a,200,1
bwapp,login,CG-Static,1,2,317,f108906ecba3cb39,200,1
bwapp,login,CG-Static,1,2,318,2d45cb4e682af761,200,1
bwapp,login,CG-Static,1,2,320,bd1f5384c62a3e8d,200,1
bwapp,login,CG-Static,1,2,321,3c8add82eb4404bc,200,1
bwapp,login,CG-Static,1,2,323,35a456ddbb81f8f5,200,1
bwapp,login,CG-Static,1,2,324,e3396b535780bd60,200,1
bwapp,login,CG-Static,1,2,327,b97642dc7246a503,200,1
bwapp,login,CG-Static,1,2,329,673cc8eddf2a0790,200,1
bwapp,login,CG-Static,1,2,333,8dc0e70058bb0b96,200,1
bwapp,login,CG-Static,1,2,334,b8153ec81f7febad,200,1
bwapp,login,CG-Static,1,2,335,c11a8e77acb9e72d,200,1
bwapp,login,CG-Static,1,2,338,36484afff911928f,200,1
bwapp,login,CG-Static,1,2,339,915c2be37996924b,200,1
bwapp,login,CG-Static,1,2,340,2dc7eb65ea5094fc,200,1
bwapp,login,CG-Static,1,2,342,ea44db2c91c45063,200,1
bwapp,login,CG-Static,1,2,344,30dca0c311fbd941,200,1
bwapp,login,CG-Static,1,2,345,f1287353f3a3e5b2,200,1
bwapp,login,CG-Static,1,2,346,042855d00d3cd320,200,1
bwapp,login,CG-Static,1,2,348,43965ac6bddb0e97,200,1
bwapp,login,CG-Static,1,2,349,20a23aca442c84e3,200,1
bwapp,login,CG-Static,1,2,350,bc01af2fc316c89f,200,1
bwapp,login,CG-Static,1,2,351,7057dbe627be2a71,200,1
bwapp,login,CG-Static,1,2,353,feb94dff82b3cb67,200,1
bwapp,login,CG-Static,1,2,354,7cdb76b80f09120a,200,1
bwapp,login,CG-Static,1,2,356,2ca33e6c7041d7ab,200,1
bwapp,login,CG-Static,1,2,358,ce0cfa958d5002c6,200,1
bwapp,login,CG-Static,1,2,359,a87ee61f42d32793,200,1
bwapp,login,CG-Static,1,2,361,e09c11f5ba7814b8,200,1
bwapp,login,CG-Static,1,2,362,994ab33b0e527ed6,200,1
bwapp,login,CG-Static,1,2,363,8e0511249b5d27f3,200,1
bwapp,login,CG-Static,1,2,364,82cdbe0944ad6ecf,200,1
bwapp,login,CG-Static,1,2,366,bc36baa9fcb1a182,200,1
bwapp,login,CG-Static,1,2,367,8e7ed542e091ae36,200,1
bwapp,login,CG-Static,1,2,368,7347c59ac42e652e,200,1
bwapp,login,CG-Static,1,2,369,a532cf5ea1e79bf3,200,1
bwapp,login,CG-Static,1,2,370,b562121c5983b99a,200,1
bwapp,login,CG-Static,1,2,371,12b203765e13cf28,200,1
bwapp,login,CG-Static,1,2,373,e1a9490e85b90468,200,1
bwapp,login,CG-Static,1,2,375,73a8658fe139fee5,200,1
bwapp,login,CG-Static,1,2,376,e6aebeb57be60f79,200,1
bwapp,login,CG-Static,1,2,377,44ac446b453d44eb,200,1
bwapp,login,CG-Static,1,2,379,b9b1cf1ac75fede2,200,1
bwapp,login,CG-Static,1,4,15,6014ea54718eda80,200,1
bwapp,login,CG-Static,1,4,16,25c5c07f8215fa8a,200,1
bwapp,login,CG-Static,1,4,22,255206005715029c,200,1
bwapp,login,CG-Static,1,4,31,d0d539d52f03e096,200,1
bwapp,login,CG-Static,1,4,36,08e0f225d4dde6a9,200,1
bwapp,login,CG-Static,1,4,41,5db89db2664d9830,200,1
bwapp,login,CG-Static,1,4,43,116215ae9926d5b8,200,1
bwapp,login,CG-Static,1,4,47,8714d20812618b72,200,1
bwapp,login,CG-Static,1,4,55,3a535ec3fc9a3921,200,1
bwapp,login,CG-Static,1,4,70,25e33d5746c5bfd7,200,1
bwapp,login,CG-Static,1,4,81,92b3ec17c995ea42,200,1
bwapp,login,CG-Static,1,4,87,670fd1eb31b1aac9,200,1
bwapp,login,CG-Static,1,4,96,57784b4ffa634e01,200,1
bwapp,login,CG-Static,1,4,104,8043fe0df6176621,200,1
bwapp,login,CG-Static,1,4,111,ca98c50df447399c,200,1
bwapp,login,CG-Static,1,4,123,6386ecb4e6f1a42d,200,1
bwapp,login,CG-Static,1,4,130,eeb0eeec58cf1492,200,1
bwapp,login,CG-Static,1,4,131,90a8037508f1f2c2,200,1
bwapp,login,CG-Static,1,4,134,2366741bc9676a0c,200,1
bwapp,login,CG-Static,1,4,139,26cd9cd17fa60c06,200,1
bwapp,login,CG-Static,1,4,141,531dc2790d71b4a7,200,1
bwapp,login,CG-Static,1,4,147,9dccb557bc53fb66,200,1
bwapp,login,CG-Static,1,4,154,77e2f998f2dec5da,200,1
bwapp,login,CG-Static,1,4,167,4b0d062ba309f2b9,200,1
bwapp,login,CG-Static,1,4,169,fc6dac4b2cce6e4c,200,1
bwapp,login,CG-Static,1,4,172,20f0834d51035aa4,200,1
bwapp,login,CG-Static,1,4,175,16bd1601b7e3d9c0,200,1
bwapp,login,CG-Static,1,4,178,d04f07b7489187f6,200,1
bwapp,login,CG-Static,1,4,179,382b6b0165dd1198,200,1
bwapp,login,CG-Static,1,4,180,99cc16f328006a48,200,1
bwapp,login,CG-Static,1,4,181,af57076502e57375,200,1
bwapp,login,CG-Static,1,4,183,972cd4b9013d28e2,200,1
bwapp,login,CG-Static,1,4,189,698ec9d95b0caccf,200,1
bwapp,login,CG-Static,1,4,195,251f2c15aa8e0118,200,1
bwapp,login,CG-Static,1,4,202,0d90c48cf2305c9d,200,1
bwapp,login,CG-Static,1,4,205,7c315497a64db4bb,200,1
bwapp,login,CG-Static,1,4,207,ca467d36099627e2,200,1
bwapp,login,CG-Static,1,4,209,2d56accd032ecfea,200,1
bwapp,login,CG-Static,1,4,214,ffaa69b3e3b0e3ca,200,1
bwapp,login,CG-Static,1,4,217,c3450a2b6bef7772,200,1
bwapp,login,CG-Static,1,4,219,11a0a36f607ff1fb,200,1
bwapp,login,CG-Static,1,4,222,5765403d75d4079f,200,1
bwapp,login,CG-Static,1,4,223,f9f351eef7479cc0,200,1
bwapp,login,CG-Static,1,4,225,881587de2eb58618,200,1
bwapp,login,CG-Static,1,4,226,41bcaeac4b37a2cb,200,1
bwapp,login,CG-Static,1,4,228,6eb5785034096639,200,1
bwapp,login,CG-Static,1,4,231,34018d5177c01e4c,200,1
bwapp,login,CG-Static,1,4,234,0e0368b115493907,200,1
bwapp,login,CG-Static,1,4,237,3fd16b9ebb2bdfe1,200,1
bwapp,login,CG-Static,1,4,241,6043affbdf6bfd51,200,1
bwapp,login,CG-Static,1,4,243,b2300969c2b36f52,200,1
bwapp,login,CG-Static,1,4,246,ee8d4dd0dda9238d,200,1
bwapp,login,CG-Static,1,4,247,ecddacd5288e863d,200,1
bwapp,login,CG-Static,1,4,252,82b1637201b7ebd3,200,1
bwapp,login,CG-Static,1,4,253,000f4d8a182ffb63,200,1
bwapp,login,CG-Static,1,4,254,bf555d0c1d7ccc55,200,1
bwapp,login,CG-Static,1,4,256,d701ec36c951bac9,200,1
bwapp,login,CG-Static,1,4,259,8968bfb0aec2f120,200,1
bwapp,login,CG-Static,1,4,260,2597d5b484b57b0e,200,1
bwapp,login,CG-Static,1,4,263,7b02c6f2b8b1ce6e,200,1
bwapp,login,CG-Static,1,4,264,640686314beca4bd,200,1
bwapp,login,CG-Static,1,4,265,b80904baac1f1402,200,1
bwapp,login,CG-Static,1,4,266,bc80f5cea24ea99a,200,1
bwapp,login,CG-Static,1,4,267,49c16a2bedbf711d,200,1
bwapp,login,CG-Static,1,4,268,254abb9b9d86996b,200,1
bwapp,login,CG-Static,1,4,269,5c482208392a02fc,200,1
bwapp,login,CG-Static,1,4,271,625fccaa22b4c113,200,1
bwapp,login,CG-Static,1,4,275,100ac9f7f82e7111,200,1
bwapp,login,CG-Static,1,4,276,a4c66e3db03e9944,200,1
bwapp,login,CG-Static,1,4,277,f1762d19b9768957,200,1
bwapp,login,CG-Static,1,4,280,9a86551a6ce5a0eb,200,1
bwapp,login,CG-Static,1,4,281,64d7328a2156e5cc,200,1
bwapp,login,CG-Static,1,4,282,e027e6ab8eeb10f8,200,1
bwapp,login,CG-Static,1,4,283,469ce417185650e9,200,1
bwapp,login,CG-Static,1,4,284,87faf263c7e70e53,200,1
bwapp,login,CG-Static,1,4,285,783b1945ba0d039b,200,1
bwapp,login,CG-Static,1,4,286,e8e9fa07124de619,200,1
bwapp,login,CG-Static,1,4,287,c9bdc9f00f840f4c,200,1
bwapp,login,CG-Static,1,4,288,03c180bc3ec71ede,200,1
bwapp,login,CG-Static,1,4,290,3d212423e7796698,200,1
bwapp,login,CG-Static,1,4,291,89350a4e7e70bf3a,200,1
bwapp,login,CG-Static,1,4,293,e9b4ff6dd97945a7,200,1
bwapp,login,CG-Static,1,4,294,9c443bef785e0346,200,1
bwapp,login,CG-Static,1,4,296,40775de899d23ab1,200,1
bwapp,login,CG-Static,1,4,298,2a9e191a127cd060,200,1
bwapp,login,CG-Static,1,4,299,cd602ba99ced85f3,200,1
bwapp,login,CG-Static,1,4,300,03e53c300baeff8d,200,1
bwapp,login,CG-Static,1,4,301,ba9b8d2ba7dc2e5a,200,1
bwapp,login,CG-Static,1,4,303,b94b27c51f2b3ba7,200,1
bwapp,login,CG-Static,1,4,304,b92e1668b5337484,200,1
bwapp,login,CG-Static,1,4,305,76c64e403278c897,200,1
bwapp,login,CG-Static,1,4,306,f441f51e5470384e,200,1
bwapp,login,CG-Static,1,4,307,dad89ad00ed9cdb7,200,1
bwapp,login,CG-Static,1,4,308,ad50a6e3315c4e4d,200,1
bwapp,login,CG-Static,1,4,310,cacd17f75b5017e7,200,1
bwapp,login,CG-Static,1,4,311,eb0d627eaf54ecf9,200,1
bwapp,login,CG-Static,1,4,312,957449d8921aaa6d,200,1
bwapp,login,CG-Static,1,4,313,e4e9d5808a218471,200,1
bwapp,login,CG-Static,1,4,314,42a48f53c967120d,200,1
bwapp,login,CG-Static,1,4,315,9f04e6b903be8237,200,1
bwapp,login,CG-Static,1,4,316,2dbd44664d177bee,200,1
bwapp,login,CG-Static,1,4,318,00174e40fe95121e,200,1
bwapp,login,CG-Static,1,4,319,aeab66a83c0fcccf,200,1
bwapp,login,CG-Static,1,4,320,a28019f94c555f00,200,1
bwapp,login,CG-Static,1,4,321,65c8e4e082e28284,200,1
bwapp,login,CG-Static,1,4,322,2ae742285daf2cca,200,1
bwapp,login,CG-Static,1,4,323,ceae6218278fee02,200,1
bwapp,login,CG-Static,1,4,325,df71d56b5908a80f,200,1
bwapp,login,CG-Static,1,4,326,4e568888aa903074,200,1
bwapp,login,CG-Static,1,4,327,af7ed6c8179b8a67,200,1
bwapp,login,CG-Static,1,4,328,64bd99b098717078,200,1
bwapp,login,CG-Static,1,4,329,eb6b033747f4e6e5,200,1
bwapp,login,CG-Static,1,4,330,3554634cfbd3e2ec,200,1
bwapp,login,CG-Static,1,4,331,ca3e21c3af8ff805,200,1
bwapp,login,CG-Static,1,4,332,e1e77e99b518d668,200,1
bwapp,login,CG-Static,1,4,334,9264065749b6938d,200,1
bwapp,login,CG-Static,1,4,335,0f0daebc48b5b9f7,200,1
bwapp,login,CG-Static,1,4,336,9186553ade40351b,200,1
bwapp,login,CG-Static,1,4,337,264770ae64358cdb,200,1
bwapp,login,CG-Static,1,4,338,23a72e6048437a9f,200,1
bwapp,login,CG-Static,1,4,339,af5d48da0213950c,200,1
bwapp,login,CG-Static,1,4,340,5f338605bd4f265c,200,1
bwapp,login,CG-Static,1,4,341,c68fcb8d7e32fe12,200,1
bwapp,login,CG-Static,1,4,343,96d7cbae535a778c,200,1
bwapp,login,CG-Static,1,4,345,599ab31f216074e3,200,1
bwapp,login,CG-Static,1,4,346,bdd69f14090e8272,200,1
bwapp,login,CG-Static,1,4,347,85a31657cb9f1a97,200,1
bwapp,login,CG-Static,1,4,349,58784b57c5bca695,200,1
bwapp,login,CG-Static,1,4,350,8815382b2f3ee9d4,200,1
bwapp,login,CG-Static,1,4,351,564b213481d33317,200,1
bwapp,login,CG-Static,1,4,352,79123334345c15ef,200,1
bwapp,login,CG-Static,1,4,353,ae998c828c377ee5,200,1
bwapp,login,CG-Static,1,4,354,c30ec60dcadb2da9,200,1
bwapp,login,CG-Static,1,4,355,0b538775351413db,200,1
bwapp,login,CG-Static,1,4,356,e4f5c1dcf501df28,200,1
bwapp,login,CG-Static,1,4,357,28e71a937608b39c,200,1
bwapp,login,CG-Static,1,4,359,26c465ebebf5796f,200,1
bwapp,login,CG-Static,1,4,360,4f9de2020dd858b1,200,1
bwapp,login,CG-Static,1,4,361,72754a64f5364f7c,200,1
bwapp,login,CG-Static,1,4,362,8a1ee24dec92efff,200,1
bwapp,login,CG-Static,1,4,363,b3b21217c2c42838,200,1
bwapp,login,CG-Static,1,4,364,014b21105540753d,200,1
bwapp,login,CG-Static,1,4,365,249aa221a4e2db3a,200,1
bwapp,login,CG-Static,1,4,366,5d60ef12d3791733,200,1
bwapp,login,CG-Static,1,4,367,378d524a095a09b2,200,1
bwapp,login,CG-Static,1,4,368,99674d79e741fba2,200,1
bwapp,login,CG-Static,1,4,369,f7d947b8121d5c3b,200,1
bwapp,login,CG-Static,1,4,370,4d4d20859ad2099f,200,1
bwapp,login,CG-Static,1,4,372,ad2d8d3933358a07,200,1
bwapp,login,CG-Static,1,4,373,fca4de6a46e089e3,200,1
bwapp,login,CG-Static,1,4,374,1d0c114bdc70e06e,200,1
bwapp,login,CG-Static,1,4,375,aef395d49ea008c7,200,1
bwapp,login,CG-Static,1,4,376,d7039992db9bbf80,200,1
bwapp,login,CG-Static,1,4,377,5bfcafff83206a51,200,1
bwapp,login,CG-Static,1,4,378,8effc2bea5653376,200,1
bwapp,login,CG-Static,1,4,379,94a53913901b5a60,200,1
bwapp,login,CG-Static,1,4,380,28a7ee3f4224c295,200,1
bwapp,login,CG-Static,1,4,381,02b79be51f956271,200,1
bwapp,login,CG-Static,1,4,382,37a04a6a7a5b39bf,200,1
bwapp,login,CG-Static,1,4,383,3fba675837002ec8,200,1
bwapp,login,CG-Static,1,4,384,60a413a2fbe33a99,200,1
bwapp,login,CG-Static,1,4,385,57b76aec720d055b,200,1
bwapp,login,CG-Static,1,4,386,ad2c9c0edfb358de,200,1
bwapp,login,CG-Static,1,4,387,230e60983d5d5ea7,200,1
bwapp,login,CG-Static,1,4,388,b6bda07ef856f648,200,1
bwapp,login,CG-Static,1,4,389,fc42233aa304b446,200,1
bwapp,login,CG-Static,1,5,2,2dbe74ea4e3e98a7,200,1
bwapp,login,CG-Static,1,5,10,736e02e9ddb128ed,200,1
bwapp,login,CG-Static,1,5,14,e59d4d75b39d68a7,200,1
bwapp,login,CG-Static,1,5,19,255206005715029c,200,1
bwapp,login,CG-Static,1,5,22,5b8cc883a8165456,200,1
bwapp,login,CG-Static,1,5,45,8acff7cb0ce57195,200,1
bwapp,login,CG-Static,1,5,51,d2b51b00f2c7bb83,200,1
bwapp,login,CG-Static,1,5,56,76a1c43f318abdcf,200,1
bwapp,login,CG-Static,1,5,63,4b223a614746635c,200,1
bwapp,login,CG-Static,1,5,76,3f8845b8e34c9fde,200,1
bwapp,login,CG-Static,1,5,89,52d5062899c791c2,200,1
bwapp,login,CG-Static,1,5,92,9de952670debdf5c,200,1
bwapp,login,CG-Static,1,5,94,92288daa2e2d3000,200,1
bwapp,login,CG-Static,1,5,100,5458dfb6a4c6fbe0,200,1
bwapp,login,CG-Static,1,5,112,89809af066989205,200,1
bwapp,login,CG-Static,1,5,115,91199e99e85be923,200,1
bwapp,login,CG-Static,1,5,119,9f6e40763d4c89d9,200,1
bwapp,login,CG-Static,1,5,121,190c99c39926a186,200,1
bwapp,login,CG-Static,1,5,122,6711eae9919f2fce,200,1
bwapp,login,CG-Static,1,5,124,2992fa065fc46d39,200,1
bwapp,login,CG-Static,1,5,128,0bf07f17df467f5f,200,1
bwapp,login,CG-Static,1,5,130,f084c0ee1f4e222c,200,1
bwapp,login,CG-Static,1,5,134,5dd6f997e6bebfdb,200,1
bwapp,login,CG-Static,1,5,136,56f65c754b3155c0,200,1
bwapp,login,CG-Static,1,5,138,9a6014aa6126c641,200,1
bwapp,login,CG-Static,1,5,140,85a840d3bef281fc,200,1
bwapp,login,CG-Static,1,5,144,a690e79fa5265502,200,1
bwapp,login,CG-Static,1,5,146,7b1d780d3c1d36bb,200,1
bwapp,login,CG-Static,1,5,147,d335ebe10f45ef9f,200,1
bwapp,login,CG-Static,1,5,148,d8e57ae070191ea3,200,1
bwapp,login,CG-Static,1,5,149,530256a0ad3f6b45,200,1
bwapp,login,CG-Static,1,5,150,6d572a2c3cc2cbb7,200,1
bwapp,login,CG-Static,1,5,151,4b5710a95537ac2a,200,1
bwapp,login,CG-Static,1,5,152,55b231583c14f854,200,1
bwapp,login,CG-Static,1,5,153,f38bab250ab30e07,200,1
bwapp,login,CG-Static,1,5,155,63c3fe36777f89d4,200,1
bwapp,login,CG-Static,1,5,156,5e320d7fbcbf1cdc,200,1
bwapp,login,CG-Static,1,5,157,fda4903ccbb9753b,200,1
bwapp,login,CG-Static,1,5,161,c25dc990c0aa93a2,200,1
bwapp,login,CG-Static,1,5,165,439b1c5bf46c1819,200,1
bwapp,login,CG-Static,1,5,169,72f0a52502f32f65,200,1
bwapp,login,CG-Static,1,5,173,c90980a92f599f68,200,1
bwapp,login,CG-Static,1,5,177,49a2a225d377cd04,200,1
bwapp,login,CG-Static,1,5,178,6165af1a63c85c91,200,1
bwapp,login,CG-Static,1,5,179,dafbaa84443930a4,200,1
bwapp,login,CG-Static,1,5,180,0550b324b332366b,200,1
bwapp,login,CG-Static,1,5,181,72bf8befe76158fe,200,1
bwapp,login,CG-Static,1,5,182,375d885f31811f16,200,1
bwapp,login,CG-Static,1,5,184,686294395c35e118,200,1
bwapp,login,CG-Static,1,5,185,05d6884b2ea86f9d,200,1
bwapp,login,CG-Static,1,5,186,cd99abe31832515f,200,1
bwapp,login,CG-Static,1,5,187,11f455645306c54b,200,1
bwapp,login,CG-Static,1,5,189,7f2e566ffab2969e,200,1
bwapp,login,CG-Static,1,5,190,b93add446807fd23,200,1
bwapp,login,CG-Static,1,5,191,0d2a9b2762ccbe24,200,1
bwapp,login,CG-Static,1,5,192,4fa850b8df99b871,200,1
bwapp,login,CG-Static,1,5,193,6eb17e0153f4aed0,200,1
bwapp,login,CG-Static,1,5,195,78e9c11ba72e7d30,200,1
bwapp,login,CG-Static,1,5,196,2e71d4f655e37ab0,200,1
bwapp,login,CG-Static,1,5,197,9216441383443faf,200,1
bwapp,login,CG-Static,1,5,198,70fb68e4143dc172,200,1
bwapp,login,CG-Static,1,5,200,c2163ca30c201db0,200,1
bwapp,login,CG-Static,1,5,201,f8acec3fc858fcde,200,1
bwapp,login,CG-Static,1,5,202,a0210acdfb288aab,200,1
bwapp,login,CG-Static,1,5,205,945cde9515a6dcb5,200,1
bwapp,login,CG-Static,1,5,206,8bffd86053e8c027,200,1
bwapp,login,CG-Static,1,5,208,930bdb563129eb8a,200,1
bwapp,login,CG-Static,1,5,209,c74d37aa316e17c0,200,1
bwapp,login,CG-Static,1,5,211,a37cfce43ba3b625,200,1
bwapp,login,CG-Static,1,5,212,da839e0f7a3f1a8e,200,1
bwapp,login,CG-Static,1,5,213,4025a6bbbfd71b07,200,1
bwapp,login,CG-Static,1,5,215,0a9c94a03bc51c4c,200,1
bwapp,login,CG-Static,1,5,217,499ed1a5477db6dd,200,1
bwapp,login,CG-Static,1,5,218,f5bb21a48953f24f,200,1
bwapp,login,CG-Static,1,5,220,6289ec4e4332e201,200,1
bwapp,login,CG-Static,1,5,221,2e7bfec61c83909e,200,1
bwapp,login,CG-Static,1,5,222,d620cc8c912a6570,200,1
bwapp,login,CG-Static,1,5,223,b8363dfae646abee,200,1
bwapp,login,CG-Static,1,5,224,69b9ca43d3b302f8,200,1
bwapp,login,CG-Static,1,5,225,62faddaf5aca76b7,200,1
bwapp,login,CG-Static,1,5,226,6f02357fec5dbcf1,200,1
bwapp,login,CG-Static,1,5,227,3799f403fb263e68,200,1
bwapp,login,CG-Static,1,5,228,35a6f6445b41dc4a,200,1
bwapp,login,CG-Static,1,5,229,7e4aa0935d23d489,200,1
bwapp,login,CG-Static,1,5,230,ade2d596dd6eed75,200,1
bwapp,login,CG-Static,1,5,231,db241d35304c8470,200,1
bwapp,login,CG-Static,1,5,232,6d90f06dc81b0716,200,1
bwapp,login,CG-Static,1,5,233,68fc206ea70fc987,200,1
bwapp,login,CG-Static,1,5,235,6b8879b498958d78,200,1
bwapp,login,CG-Static,1,5,236,75c97d0719835cca,200,1
bwapp,login,CG-Static,1,5,237,11c3bcda676586bf,200,1
bwapp,login,CG-Static,1,5,238,0bc2b635edde3172,200,1
bwapp,login,CG-Static,1,5,239,9fcd13dd04d7db38,200,1
bwapp,login,CG-Static,1,5,240,2b0b81dd00631d4a,200,1
bwapp,login,CG-Static,1,5,241,69ed09995794bc55,200,1
bwapp,login,CG-Static,1,5,242,85f4a2e1ab4c1246,200,1
bwapp,login,CG-Static,1,5,243,af9a044ae9625ddb,200,1
bwapp,login,CG-Static,1,5,245,cf9aff5f51c02581,200,1
bwapp,login,CG-Static,1,5,246,e47bc3e6058abc25,200,1
bwapp,login,CG-Static,1,5,247,4b4d58a052a2202f,200,1
bwapp,login,CG-Static,1,5,248,12a6e6fce3ca8229,200,1
bwapp,login,CG-Static,1,5,249,f0b1819ce36f77a2,200,1
bwapp,login,CG-Static,1,5,250,b1c0ca1e56359957,200,1
bwapp,login,CG-Static,1,5,251,41809dbb7c0e4810,200,1
bwapp,login,CG-Static,1,5,252,b95b1f32ec6be8bf,200,1
bwapp,login,CG-Static,1,5,253,0e3ae65f58186db0,200,1
bwapp,login,CG-Static,1,5,254,390f68a996f74565,200,1
bwapp,login,CG-Static,1,5,255,775234ba88002850,200,1
bwapp,login,CG-Static,1,5,256,f059f7d3d716f182,200,1
bwapp,login,CG-Static,1,5,257,3d3b858a0125d9e8,200,1
bwapp,login,CG-Static,1,5,258,0f3884fcaf7d63a8,200,1
bwapp,login,CG-Static,1,5,259,13658e04f6ced67e,200,1
bwapp,login,CG-Static,1,5,260,697f840c63a414d2,200,1
bwapp,login,CG-Static,1,5,261,a5908b77e9e19f6e,200,1
bwapp,login,CG-Static,1,5,262,7defdf11169d6603,200,1
bwapp,login,CG-Static,1,5,263,b5e978eaac25dc53,200,1
bwapp,login,CG-Static,1,5,264,f9845b395949f8d9,200,1
bwapp,login,CG-Static,1,5,265,b30eafe503c1ca73,200,1
bwapp,login,CG-Static,1,5,266,583aeea0354e0c89,200,1
bwapp,login,CG-Static,1,5,267,89ece626cdd93d93,200,1
bwapp,login,CG-Static,1,5,268,73d63b756a1a9b0e,200,1
bwapp,login,CG-Static,1,5,269,542a2371bf57bafe,200,1
bwapp,login,CG-Static,1,5,270,3972e40ecacd4ee2,200,1
bwapp,login,CG-Static,1,5,271,16821ff54bb119c0,200,1
bwapp,login,CG-Static,1,5,272,4d6086d9de119205,200,1
bwapp,login,CG-Static,1,5,273,515a223d9b539bce,200,1
bwapp,login,CG-Static,1,5,274,e42b3f185db80587,200,1
bwapp,login,CG-Static,1,5,275,7cf6a95ed41ee67f,200,1
bwapp,login,CG-Static,1,5,276,234dafd8d0894240,200,1
bwapp,login,CG-Static,1,5,277,ebdaadf0b30ac8bd,200,1
bwapp,login,CG-Static,1,5,278,c84bf9ccbe6cbb2e,200,1
bwapp,login,CG-Static,1,5,279,2b3014c0c8460096,200,1
bwapp,login,CG-Static,1,5,280,c630c9b4e8ea9acf,200,1
bwapp,login,CG-Static,1,5,281,728e333c6a039208,200,1
bwapp,login,CG-Static,1,5,282,fa0335aa9791a19f,200,1
bwapp,login,CG-Static,1,5,283,cac48e40c8a22d4a,200,1
bwapp,login,CG-Static,1,5,284,ce19ac513074fd78,200,1
bwapp,login,CG-Static,1,5,285,a3e95098ce1365e2,200,1
bwapp,login,CG-Static,1,5,286,907bb157825697a6,200,1
bwapp,login,CG-Static,1,5,288,043474e1cd566f65,200,1
bwapp,login,CG-Static,1,5,289,e10755caf5f2429d,200,1
bwapp,login,CG-Static,1,5,290,8f1f6e565ede7be6,200,1
bwapp,login,CG-Static,1,5,291,a97c95e6e8b244a2,200,1
bwapp,login,CG-Static,1,5,292,44c9913924cb5084,200,1
bwapp,login,CG-Static,1,5,293,bf7aee33a485c899,200,1
bwapp,login,CG-Static,1,5,295,efc99bb19e0306b6,200,1
bwapp,login,CG-Static,1,5,296,900535f5e767a023,200,1
bwapp,login,CG-Static,1,5,297,8ad3448238f1c4c6,200,1
bwapp,login,CG-Static,1,5,298,4cb6216bb81ad937,200,1
bwapp,login,CG-Static,1,5,299,085eaff54a862af6,200,1
bwapp,login,CG-Static,1,5,300,36b0f15eb7a81dc1,200,1
bwapp,login,CG-Static,1,5,301,e751973a4ec44922,200,1
bwapp,login,CG-Static,1,5,302,10aa981348371ad0,200,1
bwapp,login,CG-Static,1,5,303,aa085e891439b2bd,200,1
bwapp,login,CG-Static,1,5,304,7445fbac6529ef88,200,1
bwapp,login,CG-Static,1,5,305,1e6c58af7ca24ca3,200,1
bwapp,login,CG-Static,1,5,306,45656ea551d8fe42,200,1
bwapp,login,CG-Static,1,5,307,dbd8bf282775a88e,200,1
bwapp,login,CG-Static,1,5,308,ae11ade464582e22,200,1
bwapp,login,CG-Static,1,5,309,23e0c9409ab1c917,200,1
bwapp,login,CG-Static,1,5,310,c241787d1cf87a90,200,1
bwapp,login,CG-Static,1,5,311,e2f2e26542924434,200,1
bwapp,login,CG-Static,1,5,312,5fd5c676ae90312f,200,1
bwapp,login,CG-Static,1,5,313,dfb42c88dc26bf63,200,1
bwapp,login,CG-Static,1,5,314,68510857c2a6fccb,200,1
bwapp,login,CG-Static,1,5,315,7e7f0b069656c51f,200,1
bwapp,login,CG-Static,1,5,316,ab7a796f92141af3,200,1
bwapp,login,CG-Static,1,5,317,2b32986d463e81d2,200,1
bwapp,login,CG-Static,1,5,318,aafa307f732bc000,200,1
bwapp,login,CG-Static,1,5,319,3d31adfd888aa821,200,1
bwapp,login,CG-Static,1,5,320,ff732e88a5aee707,200,1
bwapp,login,CG-Static,1,5,321,3a161dd9a5c981b1,200,1
bwapp,login,CG-Static,1,5,322,362af0980b239ae5,200,1
bwapp,login,CG-Static,1,5,323,73935792bf16f2a3,200,1
bwapp,login,CG-Static,1,5,324,37151c0daf1eb325,200,1
bwapp,login,CG-Static,1,5,325,943661d81891e7b4,200,1
bwapp,login,CG-Static,1,5,326,fb53593259afefc2,200,1
bwapp,login,CG-Static,1,5,327,30c81e2b97489b02,200,1
bwapp,login,CG-Static,1,5,328,a28db98ef5958c1d,200,1
bwapp,login,CG-Static,1,5,329,315b08aae071ecb5,200,1
bwapp,login,CG-Static,1,5,330,982fcc6c57386a1f,200,1
bwapp,login,CG-Static,1,5,331,1afc836dd4153681,200,1
bwapp,login,CG-Static,1,5,332,0d38553c7efdb0e6,200,1
bwapp,login,CG-Static,1,5,333,68c942075cf13acd,200,1
bwapp,login,CG-Static,1,5,334,8d862e25797a5211,200,1
bwapp,login,CG-Static,1,5,335,dd91246e64bcda41,200,1
bwapp,login,CG-Static,1,5,336,1c54208ccc09f7e0,200,1
bwapp,login,CG-Static,1,5,337,e5730e36c59eb05e,200,1
bwapp,login,CG-Static,1,5,338,a6ace26df4a3e96b,200,1
bwapp,login,CG-Static,1,5,339,0f2c98779e20398f,200,1
bwapp,login,CG-Static,1,5,340,f5b2474bd6dffcd7,200,1
bwapp,login,CG-Static,1,5,341,4b9bfd36f1b404ae,200,1
bwapp,login,CG-Static,1,5,342,d6d9aed366a04fcc,200,1
bwapp,login,CG-Static,1,5,343,b3b72d311ebf755d,200,1
bwapp,login,CG-Static,1,5,344,e0c495087b0e59f4,200,1
bwapp,login,CG-Static,1,5,345,fc3382881d9886b8,200,1
bwapp,login,CG-Static,1,5,346,e028fc67c3791a40,200,1
bwapp,login,CG-Static,1,5,347,7f0e16efb5bd493d,200,1
bwapp,login,CG-Static,1,5,348,3fed09fc78ba6219,200,1
bwapp,login,CG-Static,1,5,349,31af75210b7fc992,200,1
bwapp,login,CG-Static,1,5,350,add3b41d3e1a21c8,200,1
bwapp,login,CG-Static,1,5,351,61fd07090f5ae3f9,200,1
bwapp,login,CG-Static,1,5,352,fa41e5cad5730203,200,1
bwapp,login,CG-Static,1,5,353,c7f7711b6899eb12,200,1
bwapp,login,CG-Static,1,5,354,f35d070d7334d12a,200,1
bwapp,login,CG-Static,1,5,355,d9d4fa1173ae2e02,200,1
bwapp,login,CG-Static,1,5,356,079a00fb5129c436,200,1
bwapp,login,CG-Static,1,5,357,bbb8ca12ee5aa2ff,200,1
bwapp,login,CG-Static,1,5,358,493099fa2ccf99a3,200,1
bwapp,login,CG-Static,1,5,359,55581daa043748ab,200,1
bwapp,login,CG-Static,1,5,360,2c1e2b9c45b4f2cb,200,1
bwapp,login,CG-Static,1,5,361,5bdeab9750ecacd0,200,1
bwapp,login,CG-Static,1,5,362,55a0a2e9ace41d51,200,1
bwapp,login,CG-Static,1,5,363,f9a4c868bae3640a,200,1
bwapp,login,CG-Static,1,5,364,76b626423f06f171,200,1
bwapp,login,CG-Static,1,5,365,666092e00e9db19e,200,1
bwapp,login,CG-Static,1,5,366,8f1483a824951c58,200,1
bwapp,login,CG-Static,1,5,367,e1fc441486f98e10,200,1
bwapp,login,CG-Static,1,5,368,002d8cac7afe6563,200,1
bwapp,login,CG-Static,1,5,369,f8ec39d84cf01000,200,1
bwapp,login,CG-Static,1,5,370,ec966be906a44b13,200,1
bwapp,login,CG-Static,1,5,371,b307dbcaeb3cc407,200,1
bwapp,login,CG-Static,1,5,372,27037c449ed26496,200,1
bwapp,login,CG-Static,1,5,373,057cdc491b8540e0,200,1
bwapp,login,CG-Static,1,5,374,81f751e827f4b288,200,1
bwapp,login,CG-Static,1,5,375,f9f0c72a9b4a4e9b,200,1
bwapp,login,CG-Static,1,5,376,49df804996222059,200,1
bwapp,login,CG-Static,1,5,377,05024fd96480ac13,200,1
bwapp,login,CG-Static,1,5,378,6a7ea184390a5cf2,200,1
bwapp,login,CG-Static,1,5,379,f4fb24f0e3e8a937,200,1
bwapp,login,CG-Static,1,5,380,c1f3fc933d8db8c0,200,1
bwapp,login,CG-Static,1,5,381,7991956287bc4c95,200,1
bwapp,login,CG-Static,1,5,382,9e746dcd6382bccd,200,1
bwapp,login,CG-Static,1,5,383,31b22efe81306cb5,200,1
bwapp,login,CG-Static,1,5,384,b93a0b9083ce2b49,200,1
bwapp,login,CG-Static,1,5,385,2824b2360259c33e,200,1
bwapp,login,CG-Static,1,5,386,af48d910a176dc0d,200,1
bwapp,login,CG-Static,1,5,387,eb79afb365e2b9fe,200,1
bwapp,login,CG-Static,1,5,388,8208eed451d1b173,200,1
bwapp,login,CG-Static,1,5,389,9c46f108b17018a1,200,1
bwapp,login,CG-Static,1,5,390,28514df0b3a0a0a6,200,1
bwapp,login,CG-Static,1,5,391,0fc5c663480caa5d,200,1
bwapp,login,CG-Static,1,5,392,431cace566885b33,200,1
bwapp,login,CG-Static,1,5,393,affd269ec01ff264,200,1
bwapp,login,CG-Static,1,5,394,545b5406a49e0623,200,1
bwapp,login,CG-Static,1,5,395,df23e26ab36df582,200,1
bwapp,login,CG-Static,1,5,396,427710850962ce19,200,1
bwapp,login,CG-Static,1,5,397,450300338c84ce91,200,1
bwapp,login,CG-Static,1,5,398,1de940a564242a85,200,1
bwapp,login,CG-Static,1,5,399,53f4e8b8911bc80e,200,1
bwapp,login,CG-Static,1,5,400,75682045b094d774,200,1
bwapp,login,CG-Static,1,5,401,5f2bfa6e0c49ae5d,200,1
bwapp,login,CG-Static,1,5,402,60aaf805c2d4dc90,200,1
bwapp,login,CG-Static,1,5,403,a3f3cd7d95065b74,200,1
bwapp,login,CG-Static,1,5,404,0f76df0abe394eac,200,1
bwapp,login,CG-Static,1,5,405,1d7597ce63603bab,200,1
bwapp,login,CG-Static,1,5,406,df2d3244ba8c02fe,200,1
bwapp,login,CG-Static,1,5,407,83043367f317ed5b,200,1
bwapp,login,CG-Static,1,5,408,82991be71c6429ab,200,1
bwapp,login,CG-Static,1,5,409,86b31abe10686a74,200,1
bwapp,login,CG-Static,1,5,410,7549b964a703a3f6,200,1
bwapp,login,CG-Static,1,5,411,d13a17a7419ebff7,200,1
bwapp,login,CG-Static,10,3,2,1f2dcef571bfc262,200,1
bwapp,login,CG-Static,10,3,6,f3609e2a064d5f54,200,1
bwapp,login,CG-Static,10,3,9,71f9ac7ff80c4896,200,1
bwapp,login,CG-Static,10,3,14,58217d48aea804e0,200,1
bwapp,login,CG-Static,10,3,15,3511f24547244135,200,1
bwapp,login,CG-Static,10,3,20,c688049553fbf1eb,200,1
bwapp,login,CG-Static,10,3,24,70736600558825ed,200,1
bwapp,login,CG-Static,10,3,27,547e12f20d1bfaaa,200,1
bwapp,login,CG-Static,10,3,28,c415160bbe95af2a,200,1
bwapp,login,CG-Static,10,3,31,255206005715029c,200,1
bwapp,login,CG-Static,10,3,36,485cc21ec3f3e6c0,200,1
bwapp,login,CG-Static,10,3,39,a6acc9075201b106,200,1
bwapp,login,CG-Static,10,3,40,6e30bf742e43093c,200,1
bwapp,login,CG-Static,10,3,43,02fe9e9e0eed7cf4,200,1
bwapp,login,CG-Static,10,3,46,4e283eacbb21b84d,200,1
bwapp,login,CG-Static,10,3,47,ab4c8052635aa91d,200,1
bwapp,login,CG-Static,10,3,49,bbe8f4f76e2275f9,200,1
bwapp,login,CG-Static,10,3,51,e7244289c8cff5ce,200,1
bwapp,login,CG-Static,10,3,52,27f2f25bf3fe7bbe,200,1
bwapp,login,CG-Static,10,3,53,6386ecb4e6f1a42d,200,1
bwapp,login,CG-Static,10,3,55,63a381b0d272ab48,200,1
bwapp,login,CG-Static,10,3,58,f70b0b39a02e3eb9,200,1
bwapp,login,CG-Static,10,3,60,53204b6b42e729b1,200,1
bwapp,login,CG-Static,10,3,63,e6e2e402fe6e3e26,200,1
bwapp,login,CG-Static,10,3,65,43d5e2ac0c435a1c,200,1
bwapp,login,CG-Static,10,3,69,cefa4fad3078dad7,200,1
bwapp,login,CG-Static,10,3,70,66438ceebe06766a,200,1
bwapp,login,CG-Static,10,3,72,29b967a0c37ed14d,200,1
bwapp,login,CG-Static,10,3,75,095611010f66aa3a,200,1
bwapp,login,CG-Static,10,3,77,278a594b1c801c42,200,1
bwapp,login,CG-Static,10,3,80,383de5b065ea6810,200,1
bwapp,login,CG-Static,10,3,81,ecc55fd3db839cb3,200,1
bwapp,login,CG-Static,10,3,85,8289df014b164693,200,1
bwapp,login,CG-Static,10,3,86,c615464679708127,200,1
bwapp,login,CG-Static,10,3,89,1ebb5b16a145cbbf,200,1
bwapp,login,CG-Static,10,3,93,f7926af3f89afd22,200,1
bwapp,login,CG-Static,10,3,96,7c20c3465c9d8e84,200,1
bwapp,login,CG-Static,10,3,97,0b82615b4b729b0b,200,1
bwapp,login,CG-Static,10,3,99,1c3ceedd97662329,200,1
bwapp,login,CG-Static,10,3,101,568c223971214b78,200,1
bwapp,login,CG-Static,10,3,103,b46b29e8bf02818f,200,1
bwapp,login,CG-Static,10,3,107,d41f73dc8569add7,200,1
bwapp,login,CG-Static,10,3,110,1ad534e083277be0,200,1
bwapp,login,CG-Static,10,3,112,2fad1f76679e2b66,200,1
bwapp,login,CG-Static,10,3,114,d3003f88a61c22f9,200,1
bwapp,login,CG-Static,10,3,117,d38f2dc0f0151d50,200,1
bwapp,login,CG-Static,10,3,121,9b7803443415d70c,200,1
bwapp,login,CG-Static,10,3,123,7374ae9dede1d970,200,1
bwapp,login,CG-Static,10,3,126,3fa97e5b8e0c4d40,200,1
bwapp,login,CG-Static,10,3,128,fc21d2b4b5a15bc0,200,1
bwapp,login,CG-Static,10,3,129,3def49e1d85223d6,200,1
bwapp,login,CG-Static,10,3,130,76a69a0d5cafaac9,200,1
bwapp,login,CG-Static,10,3,132,7905f6358ab2e8b0,200,1
bwapp,login,CG-Static,10,3,133,6829395f34acc880,200,1
bwapp,login,CG-Static,10,3,135,e8d6f782fb631628,200,1
bwapp,login,CG-Static,10,3,138,88a9d61bca68001c,200,1
bwapp,login,CG-Static,10,3,139,168c33de00985440,200,1
bwapp,login,CG-Static,10,3,141,0a84566995c9a7b1,200,1
bwapp,login,CG-Static,10,3,142,36d95dec92cc94e7,200,1
bwapp,login,CG-Static,10,3,143,f5a14a1de70e545c,200,1
bwapp,login,CG-Static,10,3,144,0d5fb30893459ee3,200,1
bwapp,login,CG-Static,10,3,147,6b1af0a7209a1902,200,1
bwapp,login,CG-Static,10,3,149,b7b2f7c329d07966,200,1
bwapp,login,CG-Static,10,3,151,3cc7d6f18c91f298,200,1
bwapp,login,CG-Static,10,3,152,75d6da2c1a344a79,200,1
bwapp,login,CG-Static,10,3,153,d8c680078713e1e7,200,1
bwapp,login,CG-Static,10,3,154,f457efecac14f900,200,1
bwapp,login,CG-Static,10,3,155,e2f6ad1e81bb04b8,200,1
bwapp,login,CG-Static,10,3,157,e7875ca298959f12,200,1
bwapp,login,CG-Static,10,3,159,791fd5976e70e2fe,200,1
bwapp,login,CG-Static,10,3,160,c9f636362be52df6,200,1
bwapp,login,CG-Static,10,3,161,1c39b41f6757687a,200,1
bwapp,login,CG-Static,10,3,162,d3facf7cb7013428,200,1
bwapp,login,CG-Static,10,3,164,d703ae8e8508c8a7,200,1
bwapp,login,CG-Static,10,3,166,51d0c6a511bbb616,200,1
bwapp,login,CG-Static,10,3,167,72e5a1336e3a4b92,200,1
bwapp,login,CG-Static,10,3,168,30e5849d0ffcdea3,200,1
bwapp,login,CG-Static,10,3,169,2728053ff1f0d102,200,1
bwapp,login,CG-Static,10,3,170,da312731bc6c64d0,200,1
bwapp,login,CG-Static,10,3,171,ca4ac1847871690a,200,1
bwapp,login,CG-Static,10,3,172,e1afda8426c36741,200,1
bwapp,login,CG-Static,10,3,174,57078aaeefb27d6c,200,1
bwapp,login,CG-Static,10,3,175,b2800e45ae2b8a67,200,1
bwapp,login,CG-Static,10,3,176,1651d99f343b7f77,200,1
bwapp,login,CG-Static,10,3,177,0035af3d45d3cb5c,200,1
bwapp,login,CG-Static,10,3,178,f46ed88b3eecbbaf,200,1
bwapp,login,CG-Static,10,3,179,c266e67d20cdfe98,200,1
bwapp,login,CG-Static,10,3,181,df3dd44883185676,200,1
bwapp,login,CG-Static,10,3,182,0b1380040e3c1e5f,200,1
bwapp,login,CG-Static,10,3,183,c1edcde122a148fd,200,1
bwapp,login,CG-Static,10,3,184,2b183c21f1c1e644,200,1
bwapp,login,CG-Static,10,3,186,186cff9b038088c0,200,1
bwapp,login,CG-Static,10,3,188,3ad2db3492f7ecba,200,1
bwapp,login,CG-Static,10,3,189,58107c4413b7da12,200,1
bwapp,login,CG-Static,10,3,190,5e8304e174709b49,200,1
bwapp,login,CG-Static,10,3,191,02c513afbdb25d3d,200,1
bwapp,login,CG-Static,10,3,192,3bbcb4c3dc8d0299,200,1
bwapp,login,CG-Static,10,3,193,3c982c83a33b7036,200,1
bwapp,login,CG-Static,10,3,195,f6427f65c6c88321,200,1
bwapp,login,CG-Static,10,3,197,dcde6fb77bfa1146,200,1
bwapp,login,CG-Static,10,3,198,baeb3e45dd8f4f70,200,1
bwapp,login,CG-Static,10,3,200,a95cab7e7dba21e0,200,1
bwapp,login,CG-Static,10,3,201,35421dec556b4d85,200,1
bwapp,login,CG-Static,10,3,202,1fb2032ff300087c,200,1
bwapp,login,CG-Static,10,3,203,0af6125673b0399c,200,1
bwapp,login,CG-Static,10,3,204,3fb96f7b0780742a,200,1
bwapp,login,CG-Static,10,3,205,cfc7cc9f96b69906,200,1
bwapp,login,CG-Static,10,3,206,5eec459a59eb591d,200,1
bwapp,login,CG-Static,10,3,208,2dd8695235237b84,200,1
bwapp,login,CG-Static,10,3,209,8de4992211cc6087,200,1
bwapp,login,CG-Static,10,3,210,b2a2ee68a01aefe9,200,1
bwapp,login,CG-Static,10,3,211,9e7997aadac73949,200,1
bwapp,login,CG-Static,10,3,212,3c7f0a4b9a44759e,200,1
bwapp,login,CG-Static,10,3,213,09f8f1afc747328b,200,1
bwapp,login,CG-Static,10,3,214,73fa6ca6691248bc,200,1
bwapp,login,CG-Static,10,3,215,2ee1b285c678448f,200,1
bwapp,login,CG-Static,10,3,216,68302b18168b0cc0,200,1
bwapp,login,CG-Static,10,3,217,ee2bd12135dc5c66,200,1
bwapp,login,CG-Static,10,3,218,6a90f4951b51a0e6,200,1
bwapp,login,CG-Static,10,3,219,ea9405ec84a8f2e9,200,1
bwapp,login,CG-Static,10,3,220,1201812d2b8da404,200,1
bwapp,login,CG-Static,10,3,221,4b4d58a052a2202f,200,1
bwapp,login,CG-Static,10,3,223,951255d2a6488bff,200,1
bwapp,login,CG-Static,10,3,224,0cfa3cf5dcdb9fbd,200,1
bwapp,login,CG-Static,10,3,225,1c04995a49a4f7bd,200,1
bwapp,login,CG-Static,10,3,226,0b4845c32ba0fba6,200,1
bwapp,login,CG-Static,10,3,227,56a6a6b1c5acc223,200,1
bwapp,login,CG-Static,10,3,229,8e12718122ea0bbd,200,1
bwapp,login,CG-Static,10,3,230,f1ae4443639d6525,200,1
bwapp,login,CG-Static,10,3,231,2b0cd50354338987,200,1
bwapp,login,CG-Static,10,3,232,7070a28c1c2461c1,200,1
bwapp,login,CG-Static,10,3,233,a443a735397c79cb,200,1
bwapp,login,CG-Static,10,3,234,e237a5339114e7e0,200,1
bwapp,login,CG-Static,10,3,235,9b41314af55baad8,200,1
bwapp,login,CG-Static,10,3,236,7f4b03574a898141,200,1
bwapp,login,CG-Static,10,3,238,d4004fc0f42c025a,200,1
bwapp,login,CG-Static,10,3,239,6b6e2764040265fe,200,1
bwapp,login,CG-Static,10,3,240,11be9684b636d30c,200,1
bwapp,login,CG-Static,10,3,241,a6c3e091481a1ef0,200,1
bwapp,login,CG-Static,10,3,243,e95860c180eeea82,200,1
bwapp,login,CG-Static,10,3,244,5a53f1c66f4b2877,200,1
bwapp,login,CG-Static,10,3,245,c479da83b24cecb0,200,1
bwapp,login,CG-Static,10,3,246,e98d9ec58825801d,200,1
bwapp,login,CG-Static,10,3,247,a9cbcb45146eca47,200,1
bwapp,login,CG-Static,10,3,248,6ecf0e2972262de7,200,1
bwapp,login,CG-Static,10,3,249,ac97862c23cf49df,200,1
bwapp,login,CG-Static,10,3,250,c59cd5d2f0bbd17e,200,1
bwapp,login,CG-Static,10,3,251,a808ad0e5bf5b8ab,200,1
bwapp,login,CG-Static,10,3,253,5e66672c70270283,200,1
bwapp,login,CG-Static,10,3,254,f8fffea37155371b,200,1
bwapp,login,CG-Static,10,3,255,d913c195b4f508cc,200,1
bwapp,login,CG-Static,10,3,257,f0c58ee9b0c93dee,200,1
bwapp,login,CG-Static,10,3,258,8a22a361450156eb,200,1
bwapp,login,CG-Static,10,3,259,6859c6522168e432,200,1
bwapp,login,CG-Static,10,3,260,be1b5c7f1ca92cf7,200,1
bwapp,login,CG-Static,10,3,261,95336f56f77b1806,200,1
bwapp,login,CG-Static,10,3,262,dd73d6b32098d88f,200,1
bwapp,login,CG-Static,10,3,263,63893f40aa0ff3e2,200,1
bwapp,login,CG-Static,10,3,264,67aab8721adb5c82,200,1
bwapp,login,CG-Static,10,3,265,9d41b507246ec3df,200,1
bwapp,login,CG-Static,10,3,266,036e0c3b2f483b59,200,1
bwapp,login,CG-Static,10,3,267,1c01efdabbba9cb9,200,1
bwapp,login,CG-Static,10,3,268,dcb1e3a8041a17ec,200,1
bwapp,login,CG-Static,10,3,269,26bcc52504b08c61,200,1
bwapp,login,CG-Static,10,3,270,4a94a83b41aad195,200,1
bwapp,login,CG-Static,10,3,271,629acf90d0d874e6,200,1
bwapp,login,CG-Static,10,3,272,843ded6d4f6c5803,200,1
bwapp,login,CG-Static,10,3,273,1ff0a476d6c99f20,200,1
bwapp,login,CG-Static,10,3,274,02b60d4f69b4d638,200,1
bwapp,login,CG-Static,10,3,275,8cd1904cd85e615f,200,1
bwapp,login,CG-Static,10,3,276,ea73207d72ec46d7,200,1
bwapp,login,CG-Static,10,3,277,8a87be8e8cd90826,200,1
bwapp,login,CG-Static,10,3,278,2b6880a097bfeb19,200,1
bwapp,login,CG-Static,10,3,279,ca34f32f8a04596f,200,1
bwapp,login,CG-Static,10,3,280,f9cbd47f09550a46,200,1
bwapp,login,CG-Static,10,3,281,642fa3fbf032abed,200,1
bwapp,login,CG-Static,10,3,282,0fefb3cbc14cff1b,200,1
bwapp,login,CG-Static,10,3,283,0fc8532d09255585,200,1
bwapp,login,CG-Static,10,3,284,40188dbc1cc084e0,200,1
bwapp,login,CG-Static,10,3,285,48146912f8200906,200,1
bwapp,login,CG-Static,10,3,286,aba0c2d888f337ac,200,1
bwapp,login,CG-Static,10,3,287,53543f3ab16f0b4c,200,1
bwapp,login,CG-Static,10,3,288,cf37a732195a4415,200,1
bwapp,login,CG-Static,10,3,289,80afd13bd09080b4,200,1
bwapp,login,CG-Static,10,3,290,4b4f9f507e108a56,200,1
bwapp,login,CG-Static,10,3,291,723b9056c09e2b3a,200,1
bwapp,login,CG-Static,10,3,292,95d53a5891d8d5bf,200,1
bwapp,login,CG-Static,10,3,293,d5dc2290feb792e7,200,1
bwapp,login,CG-Static,10,3,294,dbbdbaef6ed6da14,200,1
bwapp,login,CG-Static,10,3,295,0f23304b545afe0a,200,1
bwapp,login,CG-Static,10,3,296,5befa4b2d538efbf,200,1
bwapp,login,CG-Static,10,3,297,c29e0edea10656c3,200,1
bwapp,login,CG-Static,10,3,298,a54317bf12f255e3,200,1
bwapp,login,CG-Static,10,3,299,c75a4807aaa057a1,200,1
bwapp,login,CG-Static,10,3,300,d5b0eda0354b1551,200,1
bwapp,login,CG-Static,10,3,301,bb9b6c1dc03fec6c,200,1
bwapp,login,CG-Static,10,3,302,a1e20884bbe8440a,200,1
bwapp,login,CG-Static,10,3,303,be114cbbc162166f,200,1
bwapp,login,CG-Static,10,3,304,4538a3739c5d4d8b,200,1
bwapp,login,CG-Static,10,3,305,9b38945840581478,200,1
bwapp,login,CG-Static,10,3,306,99b38f52c945af86,200,1
bwapp,login,CG-Static,10,3,307,a541b828d535fb2f,200,1
bwapp,login,CG-Static,10,3,308,2e0000b286041cc1,200,1
bwapp,login,CG-Static,10,3,309,a5719c59b5bcb3d8,200,1
bwapp,login,CG-Static,10,3,310,85f4a2e1ab4c1246,200,1
bwapp,login,CG-Static,10,3,311,52832bfb5d7443c7,200,1
bwapp,login,CG-Static,10,3,312,b1e68bf5e2d116cd,200,1
bwapp,login,CG-Static,10,3,313,964134a86658b077,200,1
bwapp,login,CG-Static,10,3,314,70abd4514c1ccfcd,200,1
bwapp,login,CG-Static,10,3,315,5714c5839b92ceaa,200,1
bwapp,login,CG-Static,10,3,316,0aefa7c5f2b79bce,200,1
bwapp,login,CG-Static,10,3,317,23aafb7d2e062333,200,1
bwapp,login,CG-Static,10,3,318,b57661a46cfe9b54,200,1
bwapp,login,CG-Static,10,3,319,843e6cb17ed332e1,200,1
bwapp,login,CG-Static,10,3,320,c7665b0adb49fe06,200,1
bwapp,login,CG-Static,10,3,321,fd017d2ccd1620f5,200,1
bwapp,login,CG-Static,10,3,322,2a2e4a5e4e354753,200,1
bwapp,login,CG-Static,10,3,323,7d8e6497f7514e51,200,1
bwapp,login,CG-Static,10,3,324,553120b3e564e60a,200,1
bwapp,login,CG-Static,10,3,325,a395acb7300a88a8,200,1
bwapp,login,CG-Static,10,3,326,9cf757b830d250cb,200,1
bwapp,login,CG-Static,10,3,327,ac59fba25c2d8d53,200,1
bwapp,login,CG-Static,10,3,328,292f166bc0c17e56,200,1
bwapp,login,CG-Static,10,3,329,dabdd839fcf30bf3,200,1
bwapp,login,CG-Static,10,3,330,14a795bc341d9f18,200,1
bwapp,login,CG-Static,10,3,331,1af55dfa15ce4e9c,200,1
bwapp,login,CG-Static,10,3,332,c27fa68fe543b877,200,1
bwapp,login,CG-Static,10,3,333,973c036e725cd509,200,1
bwapp,login,CG-Static,10,3,334,d78215fb757b304e,200,1
bwapp,login,CG-Static,10,3,335,e1704aab5aafd969,200,1
bwapp,login,CG-Static,10,3,336,052a8ecbf2446620,200,1
bwapp,login,CG-Static,10,3,337,28597953c8fc08cc,200,1
bwapp,login,CG-Static,10,3,338,371b2d92e7d46651,200,1
bwapp,login,CG-Static,10,3,339,af5e209ab670f8a0,200,1
bwapp,login,CG-Static,10,3,340,ff6ad94e7dd331c3,200,1
bwapp,login,CG-Static,10,3,341,c4b164a143a63bb7,200,1
bwapp,login,CG-Static,10,3,342,e844762021766469,200,1
bwapp,login,CG-Static,10,3,343,2d0776999ec42df0,200,1
bwapp,login,CG-Static,10,3,344,5e1a7736dd04a43e,200,1
bwapp,login,CG-Static,10,3,345,553aba71b2e81bf0,200,1
bwapp,login,CG-Static,10,3,346,867b3fe255c57ae6,200,1
bwapp,login,CG-Static,10,3,347,5604550bde8f6da9,200,1
bwapp,login,CG-Static,10,3,348,0fa7762f9e868705,200,1
bwapp,login,CG-Static,10,3,349,10c5629f87eb7d47,200,1
bwapp,login,CG-Static,10,3,350,e88087149739ee11,200,1
bwapp,login,CG-Static,10,3,351,f48926846db9330a,200,1
bwapp,login,CG-Static,10,3,352,e3c9f0494d083d98,200,1
bwapp,login,CG-Static,10,3,353,da0ce2f406dcc4f5,200,1
bwapp,login,CG-Static,10,3,354,f4c3ed4ec6dd5f19,200,1
bwapp,login,CG-Static,10,3,355,bc413a1933d35c37,200,1
bwapp,login,CG-Static,10,3,356,d36ad89f5004d475,200,1
bwapp,login,CG-Static,10,3,357,38f713688e37f4da,200,1
bwapp,login,CG-Static,10,3,358,244f8e0474002fdd,200,1
bwapp,login,CG-Static,10,3,359,f91ba95f5acd5095,200,1
bwapp,login,CG-Static,10,3,360,698fa34e976e440a,200,1
bwapp,login,CG-Static,10,3,361,eb1d492d122f2e26,200,1
bwapp,login,CG-Static,10,3,362,0ee31c454ef29d95,200,1
bwapp,login,CG-Static,10,3,363,89e8ee21ca15c6ce,200,1
bwapp,login,CG-Static,10,3,364,54e26b2996187a49,200,1
bwapp,login,CG-Static,10,3,365,3ab38948a27dbc5b,200,1
bwapp,login,CG-Static,10,3,366,8f26ad71106c2796,200,1
bwapp,login,CG-Static,10,3,367,de4aa66d50db95b3,200,1
bwapp,login,CG-Static,10,3,368,47f9f52f81a5eebc,200,1
bwapp,login,CG-Static,10,3,369,bfac4aef61822d35,200,1
bwapp,login,CG-Static,10,3,370,89271fc82cbb6a2c,200,1
bwapp,login,CG-Static,10,3,371,0c1524b454c249fa,200,1
bwapp,login,CG-Static,10,3,372,82577471e33dd870,200,1
bwapp,login,CG-Static,10,3,373,551ded890083de59,200,1
bwapp,login,CG-Static,10,3,374,8c823e135def5d01,200,1
bwapp,login,CG-Static,10,3,375,ade1d676b1342237,200,1
bwapp,login,CG-Static,10,3,376,1a2348ad882df917,200,1
bwapp,login,CG-Static,10,3,377,67ca34ad043017e4,200,1
bwapp,login,CG-Static,10,3,378,297d78cceb5f2bfd,200,1
bwapp,login,CG-Static,10,3,379,8118c7ae2560bd65,200,1
bwapp,login,CG-Static,10,3,380,83d2acdfa6dcb61b,200,1
bwapp,login,CG-Static,10,3,381,4f49509b21db63f5,200,1
bwapp,login,CG-Static,10,3,382,79cf89ef7efc8c14,200,1
bwapp,login,CG-Static,10,3,383,629a47fe41de8425,200,1
bwapp,login,CG-Static,10,3,384,aedc767aa2635bd8,200,1
bwapp,login,CG-Static,10,3,385,f3e52e8c708096b0,200,1
bwapp,login,CG-Static,10,3,386,0107a54b6c4c68b4,200,1
bwapp,login,CG-Static,10,3,387,dd857e2d7174f847,200,1
bwapp,login,CG-Static,10,3,388,370c662e3844c737,200,1
bwapp,login,CG-Static,10,3,389,5232bfe6b0be1785,200,1
bwapp,login,CG-Static,10,3,390,fff3ab38d56fcecd,200,1
bwapp,login,CG-Static,10,3,391,9fdd68066658d641,200,1
bwapp,login,CG-Static,10,3,392,f2320b666997e40b,200,1
bwapp,login,CG-Static,10,3,393,30384642488fa616,200,1
bwapp,login,CG-Static,10,1,3,255206005715029c,200,1
bwapp,login,CG-Static,10,1,9,45549fd64df11d22,200,1
bwapp,login,CG-Static,10,1,13,dd7ee40afca7eed7,200,1
bwapp,login,CG-Static,10,1,22,2dbe74ea4e3e98a7,200,1
bwapp,login,CG-Static,10,1,25,9a109e43afc24e90,200,1
bwapp,login,CG-Static,10,1,27,c9c2e147fc79e6a2,200,1
bwapp,login,CG-Static,10,1,44,2992bd39b77afe2a,200,1
bwapp,login,CG-Static,10,1,61,987fbe62baeddca5,200,1
bwapp,login,CG-Static,10,1,64,2342878c51a8473b,200,1
bwapp,login,CG-Static,10,1,79,8a3dfe3688675b1d,200,1
bwapp,login,CG-Static,10,1,89,d6d1a4297195d716,200,1
bwapp,login,CG-Static,10,1,111,95582b453ea89178,200,1
bwapp,login,CG-Static,10,1,118,cbfc9a27734986ba,200,1
bwapp,login,CG-Static,10,1,138,f5609491482fcbb2,200,1
bwapp,login,CG-Static,10,1,170,87b0e932cdc4ab44,200,1
bwapp,login,CG-Static,10,1,177,4fdccb4cc93accd6,200,1
bwapp,login,CG-Static,10,2,2,1f2dcef571bfc262,200,1
bwapp,login,CG-Static,10,2,13,e59d4d75b39d68a7,200,1
bwapp,login,CG-Static,10,2,19,792c6ccdb1dcc8c0,200,1
bwapp,login,CG-Static,10,2,25,9669b5f7dede6953,200,1
bwapp,login,CG-Static,10,2,31,2dbe74ea4e3e98a7,200,1
bwapp,login,CG-Static,10,2,35,67f1d72252604c0f,200,1
bwapp,login,CG-Static,10,2,42,55f436c696963218,200,1
bwapp,login,CG-Static,10,2,49,095611010f66aa3a,200,1
bwapp,login,CG-Static,10,2,56,ba0403fd4e4afb08,200,1
bwapp,login,CG-Static,10,2,69,1bd00bbf05258f87,200,1
bwapp,login,CG-Static,10,2,76,07a4bbbc1cd06e3e,200,1
bwapp,login,CG-Static,10,2,91,1d97d81b4382a6d8,200,1
bwapp,login,CG-Static,10,2,96,3abd81c77d46f151,200,1
bwapp,login,CG-Static,10,2,103,13228273647b18cb,200,1
bwapp,login,CG-Static,10,2,106,6b97e70b86575e31,200,1
bwapp,login,CG-Static,10,2,120,439c1991264cbcf9,200,1
bwapp,login,CG-Static,10,2,124,f798220ef73585f7,200,1
bwapp,login,CG-Static,10,2,125,aec78e7d0dadee61,200,1
bwapp,login,CG-Static,10,2,129,ac2940077b4d5eeb,200,1
bwapp,login,CG-Static,10,2,135,39edeb941f2ba968,200,1
bwapp,login,CG-Static,10,2,139,e778590400f35f57,200,1
bwapp,login,CG-Static,10,2,152,8dd9dcee35a64592,200,1
bwapp,login,CG-Static,10,2,155,56fcfde248fd9791,200,1
bwapp,login,CG-Static,10,2,158,d673e37b9fd9c10a,200,1
bwapp,login,CG-Static,10,2,160,670fd1eb31b1aac9,200,1
bwapp,login,CG-Static,10,2,190,613740efba4223d7,200,1
bwapp,login,CG-Static,10,2,195,d71e0ad8e93c7bba,200,1
bwapp,login,CG-Static,10,2,197,599693203ecc2fd5,200,1
bwapp,login,CG-Static,10,2,201,c91bed530bdbae38,200,1
bwapp,login,CG-Static,10,2,204,b4f7c4a19178f52b,200,1
bwapp,login,CG-Static,10,2,207,14088862c51f4367,200,1
bwapp,login,CG-Static,10,2,217,6e81ffcba4903f2f,200,1
bwapp,login,CG-Static,10,2,220,deffcc49120559df,200,1
bwapp,login,CG-Static,10,2,224,9c26b84475752225,200,1
bwapp,login,CG-Static,10,2,226,1eff0633d93765a2,200,1
bwapp,login,CG-Static,10,2,229,e4edb2833734c317,200,1
bwapp,login,CG-Static,10,2,232,6dcbde035d683838,200,1
bwapp,login,CG-Static,10,2,236,67c2eb4bd5ea1a01,200,1
bwapp,login,CG-Static,10,2,241,05465e1c1b858582,200,1
bwapp,login,CG-Static,10,2,244,062c0f3bae58f3ca,200,1
bwapp,login,CG-Static,10,2,249,582d0bb2f626e712,200,1
bwapp,login,CG-Static,10,2,251,e99a0890c57a1322,200,1
bwapp,login,CG-Static,10,2,254,8e7573f116a0bd3f,200,1
bwapp,login,CG-Static,10,2,255,1b9285b441c82b94,200,1
bwapp,login,CG-Static,10,2,257,ebc9577993c642ba,200,1
bwapp,login,CG-Static,10,2,258,c68ee6a65490e612,200,1
bwapp,login,CG-Static,10,2,260,ae003d4b1a9f891f,200,1
bwapp,login,CG-Static,10,2,261,c978165e8199f79b,200,1
bwapp,login,CG-Static,10,2,262,db5ba2ff499b2c10,200,1
bwapp,login,CG-Static,10,2,263,e2b69b0b329b654f,200,1
bwapp,login,CG-Static,10,2,265,22a4f68e6215d6db,200,1
bwapp,login,CG-Static,10,2,267,d11736b3448d18b7,200,1
bwapp,login,CG-Static,10,2,269,6970b5a5362bbd63,200,1
bwapp,login,CG-Static,10,2,271,06899696ce865b12,200,1
bwapp,login,CG-Static,10,2,273,6b4294c5df6b542a,200,1
bwapp,login,CG-Static,10,2,274,37d371bf1c0843a2,200,1
bwapp,login,CG-Static,10,2,276,8ba3303275d2582b,200,1
bwapp,login,CG-Static,10,2,277,eafe0bdc376247a8,200,1
bwapp,login,CG-Static,10,2,278,3b833a1235a21957,200,1
bwapp,login,CG-Static,10,2,280,5d32c6d15b3313e7,200,1
bwapp,login,CG-Static,10,2,281,70f1de27c5729b12,200,1
bwapp,login,CG-Static,10,2,283,06794271c6df2259,200,1
bwapp,login,CG-Static,10,2,284,43ba608160c80804,200,1
bwapp,login,CG-Static,10,2,285,46e0c03de5e98da5,200,1
bwapp,login,CG-Static,10,2,286,049982686e908da8,200,1
bwapp,login,CG-Static,10,2,288,3df1ac2b75110718,200,1
bwapp,login,CG-Static,10,2,293,1547461e39d3d6dc,200,1
bwapp,login,CG-Static,10,2,295,3cca637365236605,200,1
bwapp,login,CG-Static,10,2,297,80976aede71ef2d6,200,1
bwapp,login,CG-Static,10,2,301,9d8895f796383f5a,200,1
bwapp,login,CG-Static,10,2,303,2e5685cf7c94d40b,200,1
bwapp,login,CG-Static,10,2,304,93ef852920fa484e,200,1
bwapp,login,CG-Static,10,2,306,8acb8bc36bd939cd,200,1
bwapp,login,CG-Static,10,2,307,271b9ba74cde57bf,200,1
bwapp,login,CG-Static,10,2,309,fa89639440835784,200,1
bwapp,login,CG-Static,10,2,310,c7affa2e26cf0e4a,200,1
bwapp,login,CG-Static,10,2,311,9cd44486674cee1b,200,1
bwapp,login,CG-Static,10,2,313,8925e405f974b560,200,1
bwapp,login,CG-Static,10,2,315,c52316ac7957f007,200,1
bwapp,login,CG-Static,10,2,316,a2620364b8e17d8a,200,1
bwapp,login,CG-Static,10,2,317,f108906ecba3cb39,200,1
bwapp,login,CG-Static,10,2,318,2d45cb4e682af761,200,1
bwapp,login,CG-Static,10,2,320,bd1f5384c62a3e8d,200,1
bwapp,login,CG-Static,10,2,321,3c8add82eb4404bc,200,1
bwapp,login,CG-Static,10,2,323,35a456ddbb81f8f5,200,1
bwapp,login,CG-Static,10,2,324,e3396b535780bd60,200,1
bwapp,login,CG-Static,10,2,327,b97642dc7246a503,200,1
bwapp,login,CG-Static,10,2,329,673cc8eddf2a0790,200,1
bwapp,login,CG-Static,10,2,333,8dc0e70058bb0b96,200,1
bwapp,login,CG-Static,10,2,334,b8153ec81f7febad,200,1
bwapp,login,CG-Static,10,2,335,c11a8e77acb9e72d,200,1
bwapp,login,CG-Static,10,2,338,36484afff911928f,200,1
bwapp,login,CG-Static,10,2,339,915c2be37996924b,200,1
bwapp,login,CG-Static,10,2,340,2dc7eb65ea5094fc,200,1
bwapp,login,CG-Static,10,2,342,ea44db2c91c45063,200,1
bwapp,login,CG-Static,10,2,344,30dca0c311fbd941,200,1
bwapp,login,CG-Static,10,2,345,f1287353f3a3e5b2,200,1
bwapp,login,CG-Static,10,2,346,042855d00d3cd320,200,1
bwapp,login,CG-Static,10,2,348,43965ac6bddb0e97,200,1
bwapp,login,CG-Static,10,2,349,20a23aca442c84e3,200,1
bwapp,login,CG-Static,10,2,350,bc01af2fc316c89f,200,1
bwapp,login,CG-Static,10,2,351,7057dbe627be2a71,200,1
bwapp,login,CG-Static,10,2,353,feb94dff82b3cb67,200,1
bwapp,login,CG-Static,10,2,354,7cdb76b80f09120a,200,1
bwapp,login,CG-Static,10,2,356,2ca33e6c7041d7ab,200,1
bwapp,login,CG-Static,10,2,358,ce0cfa958d5002c6,200,1
bwapp,login,CG-Static,10,2,359,a87ee61f42d32793,200,1
bwapp,login,CG-Static,10,2,361,e09c11f5ba7814b8,200,1
bwapp,login,CG-Static,10,2,362,994ab33b0e527ed6,200,1
bwapp,login,CG-Static,10,2,363,8e0511249b5d27f3,200,1
bwapp,login,CG-Static,10,2,364,82cdbe0944ad6ecf,200,1
bwapp,login,CG-Static,10,2,366,bc36baa9fcb1a182,200,1
bwapp,login,CG-Static,10,2,367,8e7ed542e091ae36,200,1
bwapp,login,CG-Static,10,2,368,7347c59ac42e652e,200,1
bwapp,login,CG-Static,10,2,369,a532cf5ea1e79bf3,200,1
bwapp,login,CG-Static,10,2,370,b562121c5983b99a,200,1
bwapp,login,CG-Static,10,2,371,12b203765e13cf28,200,1
bwapp,login,CG-Static,10,2,373,e1a9490e85b90468,200,1
bwapp,login,CG-Static,10,2,375,73a8658fe139fee5,200,1
bwapp,login,CG-Static,10,2,376,e6aebeb57be60f79,200,1
bwapp,login,CG-Static,10,2,377,44ac446b453d44eb,200,1
bwapp,login,CG-Static,10,2,379,b9b1cf1ac75fede2,200,1
bwapp,login,CG-Static,10,4,15,6014ea54718eda80,200,1
bwapp,login,CG-Static,10,4,16,25c5c07f8215fa8a,200,1
bwapp,login,CG-Static,10,4,22,255206005715029c,200,1
bwapp,login,CG-Static,10,4,31,d0d539d52f03e096,200,1
bwapp,login,CG-Static,10,4,36,08e0f225d4dde6a9,200,1
bwapp,login,CG-Static,10,4,41,5db89db2664d9830,200,1
bwapp,login,CG-Static,10,4,43,116215ae9926d5b8,200,1
bwapp,login,CG-Static,10,4,47,8714d20812618b72,200,1
bwapp,login,CG-Static,10,4,55,3a535ec3fc9a3921,200,1
bwapp,login,CG-Static,10,4,70,25e33d5746c5bfd7,200,1
bwapp,login,CG-Static,10,4,81,92b3ec17c995ea42,200,1
bwapp,login,CG-Static,10,4,87,670fd1eb31b1aac9,200,1
bwapp,login,CG-Static,10,4,96,57784b4ffa634e01,200,1
bwapp,login,CG-Static,10,4,104,8043fe0df6176621,200,1
bwapp,login,CG-Static,10,4,111,ca98c50df447399c,200,1
bwapp,login,CG-Static,10,4,123,6386ecb4e6f1a42d,200,1
bwapp,login,CG-Static,10,4,130,eeb0eeec58cf1492,200,1
bwapp,login,CG-Static,10,4,131,90a8037508f1f2c2,200,1
bwapp,login,CG-Static,10,4,134,2366741bc9676a0c,200,1
bwapp,login,CG-Static,10,4,139,26cd9cd17fa60c06,200,1
bwapp,login,CG-Static,10,4,141,531dc2790d71b4a7,200,1
bwapp,login,CG-Static,10,4,147,9dccb557bc53fb66,200,1
bwapp,login,CG-Static,10,4,154,77e2f998f2dec5da,200,1
bwapp,login,CG-Static,10,4,167,4b0d062ba309f2b9,200,1
bwapp,login,CG-Static,10,4,169,fc6dac4b2cce6e4c,200,1
bwapp,login,CG-Static,10,4,172,20f0834d51035aa4,200,1
bwapp,login,CG-Static,10,4,175,16bd1601b7e3d9c0,200,1
bwapp,login,CG-Static,10,4,178,d04f07b7489187f6,200,1
bwapp,login,CG-Static,10,4,179,382b6b0165dd1198,200,1
bwapp,login,CG-Static,10,4,180,99cc16f328006a48,200,1
bwapp,login,CG-Static,10,4,181,af57076502e57375,200,1
bwapp,login,CG-Static,10,4,183,972cd4b9013d28e2,200,1
bwapp,login,CG-Static,10,4,189,698ec9d95b0caccf,200,1
bwapp,login,CG-Static,10,4,195,251f2c15aa8e0118,200,1
bwapp,login,CG-Static,10,4,202,0d90c48cf2305c9d,200,1
bwapp,login,CG-Static,10,4,205,7c315497a64db4bb,200,1
bwapp,login,CG-Static,10,4,207,ca467d36099627e2,200,1
bwapp,login,CG-Static,10,4,209,2d56accd032ecfea,200,1
bwapp,login,CG-Static,10,4,214,ffaa69b3e3b0e3ca,200,1
bwapp,login,CG-Static,10,4,217,c3450a2b6bef7772,200,1
bwapp,login,CG-Static,10,4,219,11a0a36f607ff1fb,200,1
bwapp,login,CG-Static,10,4,222,5765403d75d4079f,200,1
bwapp,login,CG-Static,10,4,223,f9f351eef7479cc0,200,1
bwapp,login,CG-Static,10,4,225,881587de2eb58618,200,1
bwapp,login,CG-Static,10,4,226,41bcaeac4b37a2cb,200,1
bwapp,login,CG-Static,10,4,228,6eb5785034096639,200,1
bwapp,login,CG-Static,10,4,231,34018d5177c01e4c,200,1
bwapp,login,CG-Static,10,4,234,0e0368b115493907,200,1
bwapp,login,CG-Static,10,4,237,3fd16b9ebb2bdfe1,200,1
bwapp,login,CG-Static,10,4,241,6043affbdf6bfd51,200,1
bwapp,login,CG-Static,10,4,243,b2300969c2b36f52,200,1
bwapp,login,CG-Static,10,4,246,ee8d4dd0dda9238d,200,1
bwapp,login,CG-Static,10,4,247,ecddacd5288e863d,200,1
bwapp,login,CG-Static,10,4,252,82b1637201b7ebd3,200,1
bwapp,login,CG-Static,10,4,253,000f4d8a182ffb63,200,1
bwapp,login,CG-Static,10,4,254,bf555d0c1d7ccc55,200,1
bwapp,login,CG-Static,10,4,256,d701ec36c951bac9,200,1
bwapp,login,CG-Static,10,4,259,8968bfb0aec2f120,200,1
bwapp,login,CG-Static,10,4,260,2597d5b484b57b0e,200,1
bwapp,login,CG-Static,10,4,263,7b02c6f2b8b1ce6e,200,1
bwapp,login,CG-Static,10,4,264,640686314beca4bd,200,1
bwapp,login,CG-Static,10,4,265,b80904baac1f1402,200,1
bwapp,login,CG-Static,10,4,266,bc80f5cea24ea99a,200,1
bwapp,login,CG-Static,10,4,267,49c16a2bedbf711d,200,1
bwapp,login,CG-Static,10,4,268,254abb9b9d86996b,200,1
bwapp,login,CG-Static,10,4,269,5c482208392a02fc,200,1
bwapp,login,CG-Static,10,4,271,625fccaa22b4c113,200,1
bwapp,login,CG-Static,10,4,275,100ac9f7f82e7111,200,1
bwapp,login,CG-Static,10,4,276,a4c66e3db03e9944,200,1
bwapp,login,CG-Static,10,4,277,f1762d19b9768957,200,1
bwapp,login,CG-Static,10,4,280,9a86551a6ce5a0eb,200,1
bwapp,login,CG-Static,10,4,281,64d7328a2156e5cc,200,1
bwapp,login,CG-Static,10,4,282,e027e6ab8eeb10f8,200,1
bwapp,login,CG-Static,10,4,283,469ce417185650e9,200,1
bwapp,login,CG-Static,10,4,284,87faf263c7e70e53,200,1
bwapp,login,CG-Static,10,4,285,783b1945ba0d039b,200,1
bwapp,login,CG-Static,10,4,286,e8e9fa07124de619,200,1
bwapp,login,CG-Static,10,4,287,c9bdc9f00f840f4c,200,1
bwapp,login,CG-Static,10,4,288,03c180bc3ec71ede,200,1
bwapp,login,CG-Static,10,4,290,3d212423e7796698,200,1
bwapp,login,CG-Static,10,4,291,89350a4e7e70bf3a,200,1
bwapp,login,CG-Static,10,4,293,e9b4ff6dd97945a7,200,1
bwapp,login,CG-Static,10,4,294,9c443bef785e0346,200,1
bwapp,login,CG-Static,10,4,296,40775de899d23ab1,200,1
bwapp,login,CG-Static,10,4,298,2a9e191a127cd060,200,1
bwapp,login,CG-Static,10,4,299,cd602ba99ced85f3,200,1
bwapp,login,CG-Static,10,4,300,03e53c300baeff8d,200,1
bwapp,login,CG-Static,10,4,301,ba9b8d2ba7dc2e5a,200,1
bwapp,login,CG-Static,10,4,303,b94b27c51f2b3ba7,200,1
bwapp,login,CG-Static,10,4,304,b92e1668b5337484,200,1
bwapp,login,CG-Static,10,4,305,76c64e403278c897,200,1
bwapp,login,CG-Static,10,4,306,f441f51e5470384e,200,1
bwapp,login,CG-Static,10,4,307,dad89ad00ed9cdb7,200,1
bwapp,login,CG-Static,10,4,308,ad50a6e3315c4e4d,200,1
bwapp,login,CG-Static,10,4,310,cacd17f75b5017e7,200,1
bwapp,login,CG-Static,10,4,311,eb0d627eaf54ecf9,200,1
bwapp,login,CG-Static,10,4,312,957449d8921aaa6d,200,1
bwapp,login,CG-Static,10,4,313,e4e9d5808a218471,200,1
bwapp,login,CG-Static,10,4,314,42a48f53c967120d,200,1
bwapp,login,CG-Static,10,4,315,9f04e6b903be8237,200,1
bwapp,login,CG-Static,10,4,316,2dbd44664d177bee,200,1
bwapp,login,CG-Static,10,4,318,00174e40fe95121e,200,1
bwapp,login,CG-Static,10,4,319,aeab66a83c0fcccf,200,1
bwapp,login,CG-Static,10,4,320,a28019f94c555f00,200,1
bwapp,login,CG-Static,10,4,321,65c8e4e082e28284,200,1
bwapp,login,CG-Static,10,4,322,2ae742285daf2cca,200,1
bwapp,login,CG-Static,10,4,323,ceae6218278fee02,200,1
bwapp,login,CG-Static,10,4,325,df71d56b5908a80f,200,1
bwapp,login,CG-Static,10,4,326,4e568888aa903074,200,1
bwapp,login,CG-Static,10,4,327,af7ed6c8179b8a67,200,1
bwapp,login,CG-Static,10,4,328,64bd99b098717078,200,1
bwapp,login,CG-Static,10,4,329,eb6b033747f4e6e5,200,1
bwapp,login,CG-Static,10,4,330,3554634cfbd3e2ec,200,1
bwapp,login,CG-Static,10,4,331,ca3e21c3af8ff805,200,1
bwapp,login,CG-Static,10,4,332,e1e77e99b518d668,200,1
bwapp,login,CG-Static,10,4,334,9264065749b6938d,200,1
bwapp,login,CG-Static,10,4,335,0f0daebc48b5b9f7,200,1
bwapp,login,CG-Static,10,4,336,9186553ade40351b,200,1
bwapp,login,CG-Static,10,4,337,264770ae64358cdb,200,1
bwapp,login,CG-Static,10,4,338,23a72e6048437a9f,200,1
bwapp,login,CG-Static,10,4,339,af5d48da0213950c,200,1
bwapp,login,CG-Static,10,4,340,5f338605bd4f265c,200,1
bwapp,login,CG-Static,10,4,341,c68fcb8d7e32fe12,200,1
bwapp,login,CG-Static,10,4,343,96d7cbae535a778c,200,1
bwapp,login,CG-Static,10,4,345,599ab31f216074e3,200,1
bwapp,login,CG-Static,10,4,346,bdd69f14090e8272,200,1
bwapp,login,CG-Static,10,4,347,85a31657cb9f1a97,200,1
bwapp,login,CG-Static,10,4,349,58784b57c5bca695,200,1
bwapp,login,CG-Static,10,4,350,8815382b2f3ee9d4,200,1
bwapp,login,CG-Static,10,4,351,564b213481d33317,200,1
bwapp,login,CG-Static,10,4,352,79123334345c15ef,200,1
bwapp,login,CG-Static,10,4,353,ae998c828c377ee5,200,1
bwapp,login,CG-Static,10,4,354,c30ec60dcadb2da9,200,1
bwapp,login,CG-Static,10,4,355,0b538775351413db,200,1
bwapp,login,CG-Static,10,4,356,e4f5c1dcf501df28,200,1
bwapp,login,CG-Static,10,4,357,28e71a937608b39c,200,1
bwapp,login,CG-Static,10,4,359,26c465ebebf5796f,200,1
bwapp,login,CG-Static,10,4,360,4f9de2020dd858b1,200,1
bwapp,login,CG-Static,10,4,361,72754a64f5364f7c,200,1
bwapp,login,CG-Static,10,4,362,8a1ee24dec92efff,200,1
bwapp,login,CG-Static,10,4,363,b3b21217c2c42838,200,1
bwapp,login,CG-Static,10,4,364,014b21105540753d,200,1
bwapp,login,CG-Static,10,4,365,249aa221a4e2db3a,200,1
bwapp,login,CG-Static,10,4,366,5d60ef12d3791733,200,1
bwapp,login,CG-Static,10,4,367,378d524a095a09b2,200,1
bwapp,login,CG-Static,10,4,368,99674d79e741fba2,200,1
bwapp,login,CG-Static,10,4,369,f7d947b8121d5c3b,200,1
bwapp,login,CG-Static,10,4,370,4d4d20859ad2099f,200,1
bwapp,login,CG-Static,10,4,372,ad2d8d3933358a07,200,1
bwapp,login,CG-Static,10,4,373,fca4de6a46e089e3,200,1
bwapp,login,CG-Static,10,4,374,1d0c114bdc70e06e,200,1
bwapp,login,CG-Static,10,4,375,aef395d49ea008c7,200,1
bwapp,login,CG-Static,10,4,376,d7039992db9bbf80,200,1
bwapp,login,CG-Static,10,4,377,5bfcafff83206a51,200,1
bwapp,login,CG-Static,10,4,378,8effc2bea5653376,200,1
bwapp,login,CG-Static,10,4,379,94a53913901b5a60,200,1
bwapp,login,CG-Static,10,4,380,28a7ee3f4224c295,200,1
bwapp,login,CG-Static,10,4,381,02b79be51f956271,200,1
bwapp,login,CG-Static,10,4,382,37a04a6a7a5b39bf,200,1
bwapp,login,CG-Static,10,4,383,3fba675837002ec8,200,1
bwapp,login,CG-Static,10,4,384,60a413a2fbe33a99,200,1
bwapp,login,CG-Static,10,4,385,57b76aec720d055b,200,1
bwapp,login,CG-Static,10,4,386,ad2c9c0edfb358de,200,1
bwapp,login,CG-Static,10,4,387,230e60983d5d5ea7,200,1
bwapp,login,CG-Static,10,4,388,b6bda07ef856f648,200,1
bwapp,login,CG-Static,10,4,389,fc42233aa304b446,200,1
bwapp,login,CG-Static,10,5,2,2dbe74ea4e3e98a7,200,1
bwapp,login,CG-Static,10,5,10,736e02e9ddb128ed,200,1
bwapp,login,CG-Static,10,5,14,e59d4d75b39d68a7,200,1
bwapp,login,CG-Static,10,5,19,255206005715029c,200,1
bwapp,login,CG-Static,10,5,22,5b8cc883a8165456,200,1
bwapp,login,CG-Static,10,5,45,8acff7cb0ce57195,200,1
bwapp,login,CG-Static,10,5,51,d2b51b00f2c7bb83,200,1
bwapp,login,CG-Static,10,5,56,76a1c43f318abdcf,200,1
bwapp,login,CG-Static,10,5,63,4b223a614746635c,200,1
bwapp,login,CG-Static,10,5,76,3f8845b8e34c9fde,200,1
bwapp,login,CG-Static,10,5,89,52d5062899c791c2,200,1
bwapp,login,CG-Static,10,5,92,9de952670debdf5c,200,1
bwapp,login,CG-Static,10,5,94,92288daa2e2d3000,200,1
bwapp,login,CG-Static,10,5,100,5458dfb6a4c6fbe0,200,1
bwapp,login,CG-Static,10,5,112,89809af066989205,200,1
bwapp,login,CG-Static,10,5,115,91199e99e85be923,200,1
bwapp,login,CG-Static,10,5,119,9f6e40763d4c89d9,200,1
bwapp,login,CG-Static,10,5,121,190c99c39926a186,200,1
bwapp,login,CG-Static,10,5,122,6711eae9919f2fce,200,1
bwapp,login,CG-Static,10,5,124,2992fa065fc46d39,200,1
bwapp,login,CG-Static,10,5,128,0bf07f17df467f5f,200,1
bwapp,login,CG-Static,10,5,130,f084c0ee1f4e222c,200,1
bwapp,login,CG-Static,10,5,134,5dd6f997e6bebfdb,200,1
bwapp,login,CG-Static,10,5,136,56f65c754b3155c0,200,1
bwapp,login,CG-Static,10,5,138,9a6014aa6126c641,200,1
bwapp,login,CG-Static,10,5,140,85a840d3bef281fc,200,1
bwapp,login,CG-Static,10,5,144,a690e79fa5265502,200,1
bwapp,login,CG-Static,10,5,146,7b1d780d3c1d36bb,200,1
bwapp,login,CG-Static,10,5,147,d335ebe10f45ef9f,200,1
bwapp,login,CG-Static,10,5,148,d8e57ae070191ea3,200,1
bwapp,login,CG-Static,10,5,149,530256a0ad3f6b45,200,1
bwapp,login,CG-Static,10,5,150,6d572a2c3cc2cbb7,200,1
bwapp,login,CG-Static,10,5,151,4b5710a95537ac2a,200,1
bwapp,login,CG-Static,10,5,152,55b231583c14f854,200,1
bwapp,login,CG-Static,10,5,153,f38bab250ab30e07,200,1
bwapp,login,CG-Static,10,5,155,63c3fe36777f89d4,200,1
bwapp,login,CG-Static,10,5,156,5e320d7fbcbf1cdc,200,1
bwapp,login,CG-Static,10,5,157,fda4903ccbb9753b,200,1
bwapp,login,CG-Static,10,5,161,c25dc990c0aa93a2,200,1
bwapp,login,CG-Static,10,5,165,439b1c5bf46c1819,200,1
bwapp,login,CG-Static,10,5,169,72f0a52502f32f65,200,1
bwapp,login,CG-Static,10,5,173,c90980a92f599f68,200,1
bwapp,login,CG-Static,10,5,177,49a2a225d377cd04,200,1
bwapp,login,CG-Static,10,5,178,6165af1a63c85c91,200,1
bwapp,login,CG-Static,10,5,179,dafbaa84443930a4,200,1
bwapp,login,CG-Static,10,5,180,0550b324b332366b,200,1
bwapp,login,CG-Static,10,5,181,72bf8befe76158fe,200,1
bwapp,login,CG-Static,10,5,182,375d885f31811f16,200,1
bwapp,login,CG-Static,10,5,184,686294395c35e118,200,1
bwapp,login,CG-Static,10,5,185,05d6884b2ea86f9d,200,1
bwapp,login,CG-Static,10,5,186,cd99abe31832515f,200,1
bwapp,login,CG-Static,10,5,187,11f455645306c54b,200,1
bwapp,login,CG-Static,10,5,189,7f2e566ffab2969e,200,1
bwapp,login,CG-Static,10,5,190,b93add446807fd23,200,1
bwapp,login,CG-Static,10,5,191,0d2a9b2762ccbe24,200,1
bwapp,login,CG-Static,10,5,192,4fa850b8df99b871,200,1
bwapp,login,CG-Static,10,5,193,6eb17e0153f4aed0,200,1
bwapp,login,CG-Static,10,5,195,78e9c11ba72e7d30,200,1
bwapp,login,CG-Static,10,5,196,2e71d4f655e37ab0,200,1
bwapp,login,CG-Static,10,5,197,9216441383443faf,200,1
bwapp,login,CG-Static,10,5,198,70fb68e4143dc172,200,1
bwapp,login,CG-Static,10,5,200,c2163ca30c201db0,200,1
bwapp,login,CG-Static,10,5,201,f8acec3fc858fcde,200,1
bwapp,login,CG-Static,10,5,202,a0210acdfb288aab,200,1
bwapp,login,CG-Static,10,5,205,945cde9515a6dcb5,200,1
bwapp,login,CG-Static,10,5,206,8bffd86053e8c027,200,1
bwapp,login,CG-Static,10,5,208,930bdb563129eb8a,200,1
bwapp,login,CG-Static,10,5,209,c74d37aa316e17c0,200,1
bwapp,login,CG-Static,10,5,211,a37cfce43ba3b625,200,1
bwapp,login,CG-Static,10,5,212,da839e0f7a3f1a8e,200,1
bwapp,login,CG-Static,10,5,213,4025a6bbbfd71b07,200,1
bwapp,login,CG-Static,10,5,215,0a9c94a03bc51c4c,200,1
bwapp,login,CG-Static,10,5,217,499ed1a5477db6dd,200,1
bwapp,login,CG-Static,10,5,218,f5bb21a48953f24f,200,1
bwapp,login,CG-Static,10,5,220,6289ec4e4332e201,200,1
bwapp,login,CG-Static,10,5,221,2e7bfec61c83909e,200,1
bwapp,login,CG-Static,10,5,222,d620cc8c912a6570,200,1
bwapp,login,CG-Static,10,5,223,b8363dfae646abee,200,1
bwapp,login,CG-Static,10,5,224,69b9ca43d3b302f8,200,1
bwapp,login,CG-Static,10,5,225,62faddaf5aca76b7,200,1
bwapp,login,CG-Static,10,5,226,6f02357fec5dbcf1,200,1
bwapp,login,CG-Static,10,5,227,3799f403fb263e68,200,1
bwapp,login,CG-Static,10,5,228,35a6f6445b41dc4a,200,1
bwapp,login,CG-Static,10,5,229,7e4aa0935d23d489,200,1
bwapp,login,CG-Static,10,5,230,ade2d596dd6eed75,200,1
bwapp,login,CG-Static,10,5,231,db241d35304c8470,200,1
bwapp,login,CG-Static,10,5,232,6d90f06dc81b0716,200,1
bwapp,login,CG-Static,10,5,233,68fc206ea70fc987,200,1
bwapp,login,CG-Static,10,5,235,6b8879b498958d78,200,1
bwapp,login,CG-Static,10,5,236,75c97d0719835cca,200,1
bwapp,login,CG-Static,10,5,237,11c3bcda676586bf,200,1
bwapp,login,CG-Static,10,5,238,0bc2b635edde3172,200,1
bwapp,login,CG-Static,10,5,239,9fcd13dd04d7db38,200,1
bwapp,login,CG-Static,10,5,240,2b0b81dd00631d4a,200,1
bwapp,login,CG-Static,10,5,241,69ed09995794bc55,200,1
bwapp,login,CG-Static,10,5,242,85f4a2e1ab4c1246,200,1
bwapp,login,CG-Static,10,5,243,af9a044ae9625ddb,200,1
bwapp,login,CG-Static,10,5,245,cf9aff5f51c02581,200,1
bwapp,login,CG-Static,10,5,246,e47bc3e6058abc25,200,1
bwapp,login,CG-Static,10,5,247,4b4d58a052a2202f,200,1
bwapp,login,CG-Static,10,5,248,12a6e6fce3ca8229,200,1
bwapp,login,CG-Static,10,5,249,f0b1819ce36f77a2,200,1
bwapp,login,CG-Static,10,5,250,b1c0ca1e56359957,200,1
bwapp,login,CG-Static,10,5,251,41809dbb7c0e4810,200,1
bwapp,login,CG-Static,10,5,252,b95b1f32ec6be8bf,200,1
bwapp,login,CG-Static,10,5,253,0e3ae65f58186db0,200,1
bwapp,login,CG-Static,10,5,254,390f68a996f74565,200,1
bwapp,login,CG-Static,10,5,255,775234ba88002850,200,1
bwapp,login,CG-Static,10,5,256,f059f7d3d716f182,200,1
bwapp,login,CG-Static,10,5,257,3d3b858a0125d9e8,200,1
bwapp,login,CG-Static,10,5,258,0f3884fcaf7d63a8,200,1
bwapp,login,CG-Static,10,5,259,13658e04f6ced67e,200,1
bwapp,login,CG-Static,10,5,260,697f840c63a414d2,200,1
bwapp,login,CG-Static,10,5,261,a5908b77e9e19f6e,200,1
bwapp,login,CG-Static,10,5,262,7defdf11169d6603,200,1
bwapp,login,CG-Static,10,5,263,b5e978eaac25dc53,200,1
bwapp,login,CG-Static,10,5,264,f9845b395949f8d9,200,1
bwapp,login,CG-Static,10,5,265,b30eafe503c1ca73,200,1
bwapp,login,CG-Static,10,5,266,583aeea0354e0c89,200,1
bwapp,login,CG-Static,10,5,267,89ece626cdd93d93,200,1
bwapp,login,CG-Static,10,5,268,73d63b756a1a9b0e,200,1
bwapp,login,CG-Static,10,5,269,542a2371bf57bafe,200,1
bwapp,login,CG-Static,10,5,270,3972e40ecacd4ee2,200,1
bwapp,login,CG-Static,10,5,271,16821ff54bb119c0,200,1
bwapp,login,CG-Static,10,5,272,4d6086d9de119205,200,1
bwapp,login,CG-Static,10,5,273,515a223d9b539bce,200,1
bwapp,login,CG-Static,10,5,274,e42b3f185db80587,200,1
bwapp,login,CG-Static,10,5,275,7cf6a95ed41ee67f,200,1
bwapp,login,CG-Static,10,5,276,234dafd8d0894240,200,1
bwapp,login,CG-Static,10,5,277,ebdaadf0b30ac8bd,200,1
bwapp,login,CG-Static,10,5,278,c84bf9ccbe6cbb2e,200,1
bwapp,login,CG-Static,10,5,279,2b3014c0c8460096,200,1
bwapp,login,CG-Static,10,5,280,c630c9b4e8ea9acf,200,1
bwapp,login,CG-Static,10,5,281,728e333c6a039208,200,1
bwapp,login,CG-Static,10,5,282,fa0335aa9791a19f,200,1
bwapp,login,CG-Static,10,5,283,cac48e40c8a22d4a,200,1
bwapp,login,CG-Static,10,5,284,ce19ac513074fd78,200,1
bwapp,login,CG-Static,10,5,285,a3e95098ce1365e2,200,1
bwapp,login,CG-Static,10,5,286,907bb157825697a6,200,1
bwapp,login,CG-Static,10,5,288,043474e1cd566f65,200,1
bwapp,login,CG-Static,10,5,289,e10755caf5f2429d,200,1
bwapp,login,CG-Static,10,5,290,8f1f6e565ede7be6,200,1
bwapp,login,CG-Static,10,5,291,a97c95e6e8b244a2,200,1
bwapp,login,CG-Static,10,5,292,44c9913924cb5084,200,1
bwapp,login,CG-Static,10,5,293,bf7aee33a485c899,200,1
bwapp,login,CG-Static,10,5,295,efc99bb19e0306b6,200,1
bwapp,login,CG-Static,10,5,296,900535f5e767a023,200,1
bwapp,login,CG-Static,10,5,297,8ad3448238f1c4c6,200,1
bwapp,login,CG-Static,10,5,298,4cb6216bb81ad937,200,1
bwapp,login,CG-Static,10,5,299,085eaff54a862af6,200,1
bwapp,login,CG-Static,10,5,300,36b0f15eb7a81dc1,200,1
bwapp,login,CG-Static,10,5,301,e751973a4ec44922,200,1
bwapp,login,CG-Static,10,5,302,10aa981348371ad0,200,1
bwapp,login,CG-Static,10,5,303,aa085e891439b2bd,200,1
bwapp,login,CG-Static,10,5,304,7445fbac6529ef88,200,1
bwapp,login,CG-Static,10,5,305,1e6c58af7ca24ca3,200,1
bwapp,login,CG-Static,10,5,306,45656ea551d8fe42,200,1
bwapp,login,CG-Static,10,5,307,dbd8bf282775a88e,200,1
bwapp,login,CG-Static,10,5,308,ae11ade464582e22,200,1
bwapp,login,CG-Static,10,5,309,23e0c9409ab1c917,200,1
bwapp,login,CG-Static,10,5,310,c241787d1cf87a90,200,1
bwapp,login,CG-Static,10,5,311,e2f2e26542924434,200,1
bwapp,login,CG-Static,10,5,312,5fd5c676ae90312f,200,1
bwapp,login,CG-Static,10,5,313,dfb42c88dc26bf63,200,1
bwapp,login,CG-Static,10,5,314,68510857c2a6fccb,200,1
bwapp,login,CG-Static,10,5,315,7e7f0b069656c51f,200,1
bwapp,login,CG-Static,10,5,316,ab7a796f92141af3,200,1
bwapp,login,CG-Static,10,5,317,2b32986d463e81d2,200,1
bwapp,login,CG-Static,10,5,318,aafa307f732bc000,200,1
bwapp,login,CG-Static,10,5,319,3d31adfd888aa821,200,1
bwapp,login,CG-Static,10,5,320,ff732e88a5aee707,200,1
bwapp,login,CG-Static,10,5,321,3a161dd9a5c981b1,200,1
bwapp,login,CG-Static,10,5,322,362af0980b239ae5,200,1
bwapp,login,CG-Static,10,5,323,73935792bf16f2a3,200,1
bwapp,login,CG-Static,10,5,324,37151c0daf1eb325,200,1
bwapp,login,CG-Static,10,5,325,943661d81891e7b4,200,1
bwapp,login,CG-Static,10,5,326,fb53593259afefc2,200,1
bwapp,login,CG-Static,10,5,327,30c81e2b97489b02,200,1
bwapp,login,CG-Static,10,5,328,a28db98ef5958c1d,200,1
bwapp,login,CG-Static,10,5,329,315b08aae071ecb5,200,1
bwapp,login,CG-Static,10,5,330,982fcc6c57386a1f,200,1
bwapp,login,CG-Static,10,5,331,1afc836dd4153681,200,1
bwapp,login,CG-Static,10,5,332,0d38553c7efdb0e6,200,1
bwapp,login,CG-Static,10,5,333,68c942075cf13acd,200,1
bwapp,login,CG-Static,10,5,334,8d862e25797a5211,200,1
bwapp,login,CG-Static,10,5,335,dd91246e64bcda41,200,1
bwapp,login,CG-Static,10,5,336,1c54208ccc09f7e0,200,1
bwapp,login,CG-Static,10,5,337,e5730e36c59eb05e,200,1
bwapp,login,CG-Static,10,5,338,a6ace26df4a3e96b,200,1
bwapp,login,CG-Static,10,5,339,0f2c98779e20398f,200,1
bwapp,login,CG-Static,10,5,340,f5b2474bd6dffcd7,200,1
bwapp,login,CG-Static,10,5,341,4b9bfd36f1b404ae,200,1
bwapp,login,CG-Static,10,5,342,d6d9aed366a04fcc,200,1
bwapp,login,CG-Static,10,5,343,b3b72d311ebf755d,200,1
bwapp,login,CG-Static,10,5,344,e0c495087b0e59f4,200,1
bwapp,login,CG-Static,10,5,345,fc3382881d9886b8,200,1
bwapp,login,CG-Static,10,5,346,e028fc67c3791a40,200,1
bwapp,login,CG-Static,10,5,347,7f0e16efb5bd493d,200,1
bwapp,login,CG-Static,10,5,348,3fed09fc78ba6219,200,1
bwapp,login,CG-Static,10,5,349,31af75210b7fc992,200,1
bwapp,login,CG-Static,10,5,350,add3b41d3e1a21c8,200,1
bwapp,login,CG-Static,10,5,351,61fd07090f5ae3f9,200,1
bwapp,login,CG-Static,10,5,352,fa41e5cad5730203,200,1
bwapp,login,CG-Static,10,5,353,c7f7711b6899eb12,200,1
bwapp,login,CG-Static,10,5,354,f35d070d7334d12a,200,1
bwapp,login,CG-Static,10,5,355,d9d4fa1173ae2e02,200,1
bwapp,login,CG-Static,10,5,356,079a00fb5129c436,200,1
bwapp,login,CG-Static,10,5,357,bbb8ca12ee5aa2ff,200,1
bwapp,login,CG-Static,10,5,358,493099fa2ccf99a3,200,1
bwapp,login,CG-Static,10,5,359,55581daa043748ab,200,1
bwapp,login,CG-Static,10,5,360,2c1e2b9c45b4f2cb,200,1
bwapp,login,CG-Static,10,5,361,5bdeab9750ecacd0,200,1
bwapp,login,CG-Static,10,5,362,55a0a2e9ace41d51,200,1
bwapp,login,CG-Static,10,5,363,f9a4c868bae3640a,200,1
bwapp,login,CG-Static,10,5,364,76b626423f06f171,200,1
bwapp,login,CG-Static,10,5,365,666092e00e9db19e,200,1
bwapp,login,CG-Static,10,5,366,8f1483a824951c58,200,1
bwapp,login,CG-Static,10,5,367,e1fc441486f98e10,200,1
bwapp,login,CG-Static,10,5,368,002d8cac7afe6563,200,1
bwapp,login,CG-Static,10,5,369,f8ec39d84cf01000,200,1
bwapp,login,CG-Static,10,5,370,ec966be906a44b13,200,1
bwapp,login,CG-Static,10,5,371,b307dbcaeb3cc407,200,1
bwapp,login,CG-Static,10,5,372,27037c449ed26496,200,1
bwapp,login,CG-Static,10,5,373,057cdc491b8540e0,200,1
bwapp,login,CG-Static,10,5,374,81f751e827f4b288,200,1
bwapp,login,CG-Static,10,5,375,f9f0c72a9b4a4e9b,200,1
bwapp,login,CG-Static,10,5,376,49df804996222059,200,1
bwapp,login,CG-Static,10,5,377,05024fd96480ac13,200,1
bwapp,login,CG-Static,10,5,378,6a7ea184390a5cf2,200,1
bwapp,login,CG-Static,10,5,379,f4fb24f0e3e8a937,200,1
bwapp,login,CG-Static,10,5,380,c1f3fc933d8db8c0,200,1
bwapp,login,CG-Static,10,5,381,7991956287bc4c95,200,1
bwapp,login,CG-Static,10,5,382,9e746dcd6382bccd,200,1
bwapp,login,CG-Static,10,5,383,31b22efe81306cb5,200,1
bwapp,login,CG-Static,10,5,384,b93a0b9083ce2b49,200,1
bwapp,login,CG-Static,10,5,385,2824b2360259c33e,200,1
bwapp,login,CG-Static,10,5,386,af48d910a176dc0d,200,1
bwapp,login,CG-Static,10,5,387,eb79afb365e2b9fe,200,1
bwapp,login,CG-Static,10,5,388,8208eed451d1b173,200,1
bwapp,login,CG-Static,10,5,389,9c46f108b17018a1,200,1
bwapp,login,CG-Static,10,5,390,28514df0b3a0a0a6,200,1
bwapp,login,CG-Static,10,5,391,0fc5c663480caa5d,200,1
bwapp,login,CG-Static,10,5,392,431cace566885b33,200,1
bwapp,login,CG-Static,10,5,393,affd269ec01ff264,200,1
bwapp,login,CG-Static,10,5,394,545b5406a49e0623,200,1
bwapp,login,CG-Static,10,5,395,df23e26ab36df582,200,1
bwapp,login,CG-Static,10,5,396,427710850962ce19,200,1
bwapp,login,CG-Static,10,5,397,450300338c84ce91,200,1
bwapp,login,CG-Static,10,5,398,1de940a564242a85,200,1
bwapp,login,CG-Static,10,5,399,53f4e8b8911bc80e,200,1
bwapp,login,CG-Static,10,5,400,75682045b094d774,200,1
bwapp,login,CG-Static,10,5,401,5f2bfa6e0c49ae5d,200,1
bwapp,login,CG-Static,10,5,402,60aaf805c2d4dc90,200,1
bwapp,login,CG-Static,10,5,403,a3f3cd7d95065b74,200,1
bwapp,login,CG-Static,10,5,404,0f76df0abe394eac,200,1
bwapp,login,CG-Static,10,5,405,1d7597ce63603bab,200,1
bwapp,login,CG-Static,10,5,406,df2d3244ba8c02fe,200,1
bwapp,login,CG-Static,10,5,407,83043367f317ed5b,200,1
bwapp,login,CG-Static,10,5,408,82991be71c6429ab,200,1
bwapp,login,CG-Static,10,5,409,86b31abe10686a74,200,1
bwapp,login,CG-Static,10,5,410,7549b964a703a3f6,200,1
bwapp,login,CG-Static,10,5,411,d13a17a7419ebff7,200,1
bwapp,login,CG-Static,3,3,2,1f2dcef571bfc262,200,1
bwapp,login,CG-Static,3,3,6,f3609e2a064d5f54,200,1
bwapp,login,CG-Static,3,3,9,71f9ac7ff80c4896,200,1
bwapp,login,CG-Static,3,3,14,58217d48aea804e0,200,1
bwapp,login,CG-Static,3,3,15,3511f24547244135,200,1
bwapp,login,CG-Static,3,3,20,c688049553fbf1eb,200,1
bwapp,login,CG-Static,3,3,24,70736600558825ed,200,1
bwapp,login,CG-Static,3,3,27,547e12f20d1bfaaa,200,1
bwapp,login,CG-Static,3,3,28,c415160bbe95af2a,200,1
bwapp,login,CG-Static,3,3,31,255206005715029c,200,1
bwapp,login,CG-Static,3,3,36,485cc21ec3f3e6c0,200,1
bwapp,login,CG-Static,3,3,39,a6acc9075201b106,200,1
bwapp,login,CG-Static,3,3,40,6e30bf742e43093c,200,1
bwapp,login,CG-Static,3,3,43,02fe9e9e0eed7cf4,200,1
bwapp,login,CG-Static,3,3,46,4e283eacbb21b84d,200,1
bwapp,login,CG-Static,3,3,47,ab4c8052635aa91d,200,1
bwapp,login,CG-Static,3,3,49,bbe8f4f76e2275f9,200,1
bwapp,login,CG-Static,3,3,51,e7244289c8cff5ce,200,1
bwapp,login,CG-Static,3,3,52,27f2f25bf3fe7bbe,200,1
bwapp,login,CG-Static,3,3,53,6386ecb4e6f1a42d,200,1
bwapp,login,CG-Static,3,3,55,63a381b0d272ab48,200,1
bwapp,login,CG-Static,3,3,58,f70b0b39a02e3eb9,200,1
bwapp,login,CG-Static,3,3,60,53204b6b42e729b1,200,1
bwapp,login,CG-Static,3,3,63,e6e2e402fe6e3e26,200,1
bwapp,login,CG-Static,3,3,65,43d5e2ac0c435a1c,200,1
bwapp,login,CG-Static,3,3,69,cefa4fad3078dad7,200,1
bwapp,login,CG-Static,3,3,70,66438ceebe06766a,200,1
bwapp,login,CG-Static,3,3,72,29b967a0c37ed14d,200,1
bwapp,login,CG-Static,3,3,75,095611010f66aa3a,200,1
bwapp,login,CG-Static,3,3,77,278a594b1c801c42,200,1
bwapp,login,CG-Static,3,3,80,383de5b065ea6810,200,1
bwapp,login,CG-Static,3,3,81,ecc55fd3db839cb3,200,1
bwapp,login,CG-Static,3,3,85,8289df014b164693,200,1
bwapp,login,CG-Static,3,3,86,c615464679708127,200,1
bwapp,login,CG-Static,3,3,89,1ebb5b16a145cbbf,200,1
bwapp,login,CG-Static,3,3,93,f7926af3f89afd22,200,1
bwapp,login,CG-Static,3,3,96,7c20c3465c9d8e84,200,1
bwapp,login,CG-Static,3,3,97,0b82615b4b729b0b,200,1
bwapp,login,CG-Static,3,3,99,1c3ceedd97662329,200,1
bwapp,login,CG-Static,3,3,101,568c223971214b78,200,1
bwapp,login,CG-Static,3,3,103,b46b29e8bf02818f,200,1
bwapp,login,CG-Static,3,3,107,d41f73dc8569add7,200,1
bwapp,login,CG-Static,3,3,110,1ad534e083277be0,200,1
bwapp,login,CG-Static,3,3,112,2fad1f76679e2b66,200,1
bwapp,login,CG-Static,3,3,114,d3003f88a61c22f9,200,1
bwapp,login,CG-Static,3,3,117,d38f2dc0f0151d50,200,1
bwapp,login,CG-Static,3,3,121,9b7803443415d70c,200,1
bwapp,login,CG-Static,3,3,123,7374ae9dede1d970,200,1
bwapp,login,CG-Static,3,3,126,3fa97e5b8e0c4d40,200,1
bwapp,login,CG-Static,3,3,128,fc21d2b4b5a15bc0,200,1
bwapp,login,CG-Static,3,3,129,3def49e1d85223d6,200,1
bwapp,login,CG-Static,3,3,130,76a69a0d5cafaac9,200,1
bwapp,login,CG-Static,3,3,132,7905f6358ab2e8b0,200,1
bwapp,login,CG-Static,3,3,133,6829395f34acc880,200,1
bwapp,login,CG-Static,3,3,135,e8d6f782fb631628,200,1
bwapp,login,CG-Static,3,3,138,88a9d61bca68001c,200,1
bwapp,login,CG-Static,3,3,139,168c33de00985440,200,1
bwapp,login,CG-Static,3,3,141,0a84566995c9a7b1,200,1
bwapp,login,CG-Static,3,3,142,36d95dec92cc94e7,200,1
bwapp,login,CG-Static,3,3,143,f5a14a1de70e545c,200,1
bwapp,login,CG-Static,3,3,144,0d5fb30893459ee3,200,1
bwapp,login,CG-Static,3,3,147,6b1af0a7209a1902,200,1
bwapp,login,CG-Static,3,3,149,b7b2f7c329d07966,200,1
bwapp,login,CG-Static,3,3,151,3cc7d6f18c91f298,200,1
bwapp,login,CG-Static,3,3,152,75d6da2c1a344a79,200,1
bwapp,login,CG-Static,3,3,153,d8c680078713e1e7,200,1
bwapp,login,CG-Static,3,3,154,f457efecac14f900,200,1
bwapp,login,CG-Static,3,3,155,e2f6ad1e81bb04b8,200,1
bwapp,login,CG-Static,3,3,157,e7875ca298959f12,200,1
bwapp,login,CG-Static,3,3,159,791fd5976e70e2fe,200,1
bwapp,login,CG-Static,3,3,160,c9f636362be52df6,200,1
bwapp,login,CG-Static,3,3,161,1c39b41f6757687a,200,1
bwapp,login,CG-Static,3,3,162,d3facf7cb7013428,200,1
bwapp,login,CG-Static,3,3,164,d703ae8e8508c8a7,200,1
bwapp,login,CG-Static,3,3,166,51d0c6a511bbb616,200,1
bwapp,login,CG-Static,3,3,167,72e5a1336e3a4b92,200,1
bwapp,login,CG-Static,3,3,168,30e5849d0ffcdea3,200,1
bwapp,login,CG-Static,3,3,169,2728053ff1f0d102,200,1
bwapp,login,CG-Static,3,3,170,da312731bc6c64d0,200,1
bwapp,login,CG-Static,3,3,171,ca4ac1847871690a,200,1
bwapp,login,CG-Static,3,3,172,e1afda8426c36741,200,1
bwapp,login,CG-Static,3,3,174,57078aaeefb27d6c,200,1
bwapp,login,CG-Static,3,3,175,b2800e45ae2b8a67,200,1
bwapp,login,CG-Static,3,3,176,1651d99f343b7f77,200,1
bwapp,login,CG-Static,3,3,177,0035af3d45d3cb5c,200,1
bwapp,login,CG-Static,3,3,178,f46ed88b3eecbbaf,200,1
bwapp,login,CG-Static,3,3,179,c266e67d20cdfe98,200,1
bwapp,login,CG-Static,3,3,181,df3dd44883185676,200,1
bwapp,login,CG-Static,3,3,182,0b1380040e3c1e5f,200,1
bwapp,login,CG-Static,3,3,183,c1edcde122a148fd,200,1
bwapp,login,CG-Static,3,3,184,2b183c21f1c1e644,200,1
bwapp,login,CG-Static,3,3,186,186cff9b038088c0,200,1
bwapp,login,CG-Static,3,3,188,3ad2db3492f7ecba,200,1
bwapp,login,CG-Static,3,3,189,58107c4413b7da12,200,1
bwapp,login,CG-Static,3,3,190,5e8304e174709b49,200,1
bwapp,login,CG-Static,3,3,191,02c513afbdb25d3d,200,1
bwapp,login,CG-Static,3,3,192,3bbcb4c3dc8d0299,200,1
bwapp,login,CG-Static,3,3,193,3c982c83a33b7036,200,1
bwapp,login,CG-Static,3,3,195,f6427f65c6c88321,200,1
bwapp,login,CG-Static,3,3,197,dcde6fb77bfa1146,200,1
bwapp,login,CG-Static,3,3,198,baeb3e45dd8f4f70,200,1
bwapp,login,CG-Static,3,3,200,a95cab7e7dba21e0,200,1
bwapp,login,CG-Static,3,3,201,35421dec556b4d85,200,1
bwapp,login,CG-Static,3,3,202,1fb2032ff300087c,200,1
bwapp,login,CG-Static,3,3,203,0af6125673b0399c,200,1
bwapp,login,CG-Static,3,3,204,3fb96f7b0780742a,200,1
bwapp,login,CG-Static,3,3,205,cfc7cc9f96b69906,200,1
bwapp,login,CG-Static,3,3,206,5eec459a59eb591d,200,1
bwapp,login,CG-Static,3,3,208,2dd8695235237b84,200,1
bwapp,login,CG-Static,3,3,209,8de4992211cc6087,200,1
bwapp,login,CG-Static,3,3,210,b2a2ee68a01aefe9,200,1
bwapp,login,CG-Static,3,3,211,9e7997aadac73949,200,1
bwapp,login,CG-Static,3,3,212,3c7f0a4b9a44759e,200,1
bwapp,login,CG-Static,3,3,213,09f8f1afc747328b,200,1
bwapp,login,CG-Static,3,3,214,73fa6ca6691248bc,200,1
bwapp,login,CG-Static,3,3,215,2ee1b285c678448f,200,1
bwapp,login,CG-Static,3,3,216,68302b18168b0cc0,200,1
bwapp,login,CG-Static,3,3,217,ee2bd12135dc5c66,200,1
bwapp,login,CG-Static,3,3,218,6a90f4951b51a0e6,200,1
bwapp,login,CG-Static,3,3,219,ea9405ec84a8f2e9,200,1
bwapp,login,CG-Static,3,3,220,1201812d2b8da404,200,1
bwapp,login,CG-Static,3,3,221,4b4d58a052a2202f,200,1
bwapp,login,CG-Static,3,3,223,951255d2a6488bff,200,1
bwapp,login,CG-Static,3,3,224,0cfa3cf5dcdb9fbd,200,1
bwapp,login,CG-Static,3,3,225,1c04995a49a4f7bd,200,1
bwapp,login,CG-Static,3,3,226,0b4845c32ba0fba6,200,1
bwapp,login,CG-Static,3,3,227,56a6a6b1c5acc223,200,1
bwapp,login,CG-Static,3,3,229,8e12718122ea0bbd,200,1
bwapp,login,CG-Static,3,3,230,f1ae4443639d6525,200,1
bwapp,login,CG-Static,3,3,231,2b0cd50354338987,200,1
bwapp,login,CG-Static,3,3,232,7070a28c1c2461c1,200,1
bwapp,login,CG-Static,3,3,233,a443a735397c79cb,200,1
bwapp,login,CG-Static,3,3,234,e237a5339114e7e0,200,1
bwapp,login,CG-Static,3,3,235,9b41314af55baad8,200,1
bwapp,login,CG-Static,3,3,236,7f4b03574a898141,200,1
bwapp,login,CG-Static,3,3,238,d4004fc0f42c025a,200,1
bwapp,login,CG-Static,3,3,239,6b6e2764040265fe,200,1
bwapp,login,CG-Static,3,3,240,11be9684b636d30c,200,1
bwapp,login,CG-Static,3,3,241,a6c3e091481a1ef0,200,1
bwapp,login,CG-Static,3,3,243,e95860c180eeea82,200,1
bwapp,login,CG-Static,3,3,244,5a53f1c66f4b2877,200,1
bwapp,login,CG-Static,3,3,245,c479da83b24cecb0,200,1
bwapp,login,CG-Static,3,3,246,e98d9ec58825801d,200,1
bwapp,login,CG-Static,3,3,247,a9cbcb45146eca47,200,1
bwapp,login,CG-Static,3,3,248,6ecf0e2972262de7,200,1
bwapp,login,CG-Static,3,3,249,ac97862c23cf49df,200,1
bwapp,login,CG-Static,3,3,250,c59cd5d2f0bbd17e,200,1
bwapp,login,CG-Static,3,3,251,a808ad0e5bf5b8ab,200,1
bwapp,login,CG-Static,3,3,253,5e66672c70270283,200,1
bwapp,login,CG-Static,3,3,254,f8fffea37155371b,200,1
bwapp,login,CG-Static,3,3,255,d913c195b4f508cc,200,1
bwapp,login,CG-Static,3,3,257,f0c58ee9b0c93dee,200,1
bwapp,login,CG-Static,3,3,258,8a22a361450156eb,200,1
bwapp,login,CG-Static,3,3,259,6859c6522168e432,200,1
bwapp,login,CG-Static,3,3,260,be1b5c7f1ca92cf7,200,1
bwapp,login,CG-Static,3,3,261,95336f56f77b1806,200,1
bwapp,login,CG-Static,3,3,262,dd73d6b32098d88f,200,1
bwapp,login,CG-Static,3,3,263,63893f40aa0ff3e2,200,1
bwapp,login,CG-Static,3,3,264,67aab8721adb5c82,200,1
bwapp,login,CG-Static,3,3,265,9d41b507246ec3df,200,1
bwapp,login,CG-Static,3,3,266,036e0c3b2f483b59,200,1
bwapp,login,CG-Static,3,3,267,1c01efdabbba9cb9,200,1
bwapp,login,CG-Static,3,3,268,dcb1e3a8041a17ec,200,1
bwapp,login,CG-Static,3,3,269,26bcc52504b08c61,200,1
bwapp,login,CG-Static,3,3,270,4a94a83b41aad195,200,1
bwapp,login,CG-Static,3,3,271,629acf90d0d874e6,200,1
bwapp,login,CG-Static,3,3,272,843ded6d4f6c5803,200,1
bwapp,login,CG-Static,3,3,273,1ff0a476d6c99f20,200,1
bwapp,login,CG-Static,3,3,274,02b60d4f69b4d638,200,1
bwapp,login,CG-Static,3,3,275,8cd1904cd85e615f,200,1
bwapp,login,CG-Static,3,3,276,ea73207d72ec46d7,200,1
bwapp,login,CG-Static,3,3,277,8a87be8e8cd90826,200,1
bwapp,login,CG-Static,3,3,278,2b6880a097bfeb19,200,1
bwapp,login,CG-Static,3,3,279,ca34f32f8a04596f,200,1
bwapp,login,CG-Static,3,3,280,f9cbd47f09550a46,200,1
bwapp,login,CG-Static,3,3,281,642fa3fbf032abed,200,1
bwapp,login,CG-Static,3,3,282,0fefb3cbc14cff1b,200,1
bwapp,login,CG-Static,3,3,283,0fc8532d09255585,200,1
bwapp,login,CG-Static,3,3,284,40188dbc1cc084e0,200,1
bwapp,login,CG-Static,3,3,285,48146912f8200906,200,1
bwapp,login,CG-Static,3,3,286,aba0c2d888f337ac,200,1
bwapp,login,CG-Static,3,3,287,53543f3ab16f0b4c,200,1
bwapp,login,CG-Static,3,3,288,cf37a732195a4415,200,1
bwapp,login,CG-Static,3,3,289,80afd13bd09080b4,200,1
bwapp,login,CG-Static,3,3,290,4b4f9f507e108a56,200,1
bwapp,login,CG-Static,3,3,291,723b9056c09e2b3a,200,1
bwapp,login,CG-Static,3,3,292,95d53a5891d8d5bf,200,1
bwapp,login,CG-Static,3,3,293,d5dc2290feb792e7,200,1
bwapp,login,CG-Static,3,3,294,dbbdbaef6ed6da14,200,1
bwapp,login,CG-Static,3,3,295,0f23304b545afe0a,200,1
bwapp,login,CG-Static,3,3,296,5befa4b2d538efbf,200,1
bwapp,login,CG-Static,3,3,297,c29e0edea10656c3,200,1
bwapp,login,CG-Static,3,3,298,a54317bf12f255e3,200,1
bwapp,login,CG-Static,3,3,299,c75a4807aaa057a1,200,1
bwapp,login,CG-Static,3,3,300,d5b0eda0354b1551,200,1
bwapp,login,CG-Static,3,3,301,bb9b6c1dc03fec6c,200,1
bwapp,login,CG-Static,3,3,302,a1e20884bbe8440a,200,1
bwapp,login,CG-Static,3,3,303,be114cbbc162166f,200,1
bwapp,login,CG-Static,3,3,304,4538a3739c5d4d8b,200,1
bwapp,login,CG-Static,3,3,305,9b38945840581478,200,1
bwapp,login,CG-Static,3,3,306,99b38f52c945af86,200,1
bwapp,login,CG-Static,3,3,307,a541b828d535fb2f,200,1
bwapp,login,CG-Static,3,3,308,2e0000b286041cc1,200,1
bwapp,login,CG-Static,3,3,309,a5719c59b5bcb3d8,200,1
bwapp,login,CG-Static,3,3,310,85f4a2e1ab4c1246,200,1
bwapp,login,CG-Static,3,3,311,52832bfb5d7443c7,200,1
bwapp,login,CG-Static,3,3,312,b1e68bf5e2d116cd,200,1
bwapp,login,CG-Static,3,3,313,964134a86658b077,200,1
bwapp,login,CG-Static,3,3,314,70abd4514c1ccfcd,200,1
bwapp,login,CG-Static,3,3,315,5714c5839b92ceaa,200,1
bwapp,login,CG-Static,3,3,316,0aefa7c5f2b79bce,200,1
bwapp,login,CG-Static,3,3,317,23aafb7d2e062333,200,1
bwapp,login,CG-Static,3,3,318,b57661a46cfe9b54,200,1
bwapp,login,CG-Static,3,3,319,843e6cb17ed332e1,200,1
bwapp,login,CG-Static,3,3,320,c7665b0adb49fe06,200,1
bwapp,login,CG-Static,3,3,321,fd017d2ccd1620f5,200,1
bwapp,login,CG-Static,3,3,322,2a2e4a5e4e354753,200,1
bwapp,login,CG-Static,3,3,323,7d8e6497f7514e51,200,1
bwapp,login,CG-Static,3,3,324,553120b3e564e60a,200,1
bwapp,login,CG-Static,3,3,325,a395acb7300a88a8,200,1
bwapp,login,CG-Static,3,3,326,9cf757b830d250cb,200,1
bwapp,login,CG-Static,3,3,327,ac59fba25c2d8d53,200,1
bwapp,login,CG-Static,3,3,328,292f166bc0c17e56,200,1
bwapp,login,CG-Static,3,3,329,dabdd839fcf30bf3,200,1
bwapp,login,CG-Static,3,3,330,14a795bc341d9f18,200,1
bwapp,login,CG-Static,3,3,331,1af55dfa15ce4e9c,200,1
bwapp,login,CG-Static,3,3,332,c27fa68fe543b877,200,1
bwapp,login,CG-Static,3,3,333,973c036e725cd509,200,1
bwapp,login,CG-Static,3,3,334,d78215fb757b304e,200,1
bwapp,login,CG-Static,3,3,335,e1704aab5aafd969,200,1
bwapp,login,CG-Static,3,3,336,052a8ecbf2446620,200,1
bwapp,login,CG-Static,3,3,337,28597953c8fc08cc,200,1
bwapp,login,CG-Static,3,3,338,371b2d92e7d46651,200,1
bwapp,login,CG-Static,3,3,339,af5e209ab670f8a0,200,1
bwapp,login,CG-Static,3,3,340,ff6ad94e7dd331c3,200,1
bwapp,login,CG-Static,3,3,341,c4b164a143a63bb7,200,1
bwapp,login,CG-Static,3,3,342,e844762021766469,200,1
bwapp,login,CG-Static,3,3,343,2d0776999ec42df0,200,1
bwapp,login,CG-Static,3,3,344,5e1a7736dd04a43e,200,1
bwapp,login,CG-Static,3,3,345,553aba71b2e81bf0,200,1
bwapp,login,CG-Static,3,3,346,867b3fe255c57ae6,200,1
bwapp,login,CG-Static,3,3,347,5604550bde8f6da9,200,1
bwapp,login,CG-Static,3,3,348,0fa7762f9e868705,200,1
bwapp,login,CG-Static,3,3,349,10c5629f87eb7d47,200,1
bwapp,login,CG-Static,3,3,350,e88087149739ee11,200,1
bwapp,login,CG-Static,3,3,351,f48926846db9330a,200,1
bwapp,login,CG-Static,3,3,352,e3c9f0494d083d98,200,1
bwapp,login,CG-Static,3,3,353,da0ce2f406dcc4f5,200,1
bwapp,login,CG-Static,3,3,354,f4c3ed4ec6dd5f19,200,1
bwapp,login,CG-Static,3,3,355,bc413a1933d35c37,200,1
bwapp,login,CG-Static,3,3,356,d36ad89f5004d475,200,1
bwapp,login,CG-Static,3,3,357,38f713688e37f4da,200,1
bwapp,login,CG-Static,3,3,358,244f8e0474002fdd,200,1
bwapp,login,CG-Static,3,3,359,f91ba95f5acd5095,200,1
bwapp,login,CG-Static,3,3,360,698fa34e976e440a,200,1
bwapp,login,CG-Static,3,3,361,eb1d492d122f2e26,200,1
bwapp,login,CG-Static,3,3,362,0ee31c454ef29d95,200,1
bwapp,login,CG-Static,3,3,363,89e8ee21ca15c6ce,200,1
bwapp,login,CG-Static,3,3,364,54e26b2996187a49,200,1
bwapp,login,CG-Static,3,3,365,3ab38948a27dbc5b,200,1
bwapp,login,CG-Static,3,3,366,8f26ad71106c2796,200,1
bwapp,login,CG-Static,3,3,367,de4aa66d50db95b3,200,1
bwapp,login,CG-Static,3,3,368,47f9f52f81a5eebc,200,1
bwapp,login,CG-Static,3,3,369,bfac4aef61822d35,200,1
bwapp,login,CG-Static,3,3,370,89271fc82cbb6a2c,200,1
bwapp,login,CG-Static,3,3,371,0c1524b454c249fa,200,1
bwapp,login,CG-Static,3,3,372,82577471e33dd870,200,1
bwapp,login,CG-Static,3,3,373,551ded890083de59,200,1
bwapp,login,CG-Static,3,3,374,8c823e135def5d01,200,1
bwapp,login,CG-Static,3,3,375,ade1d676b1342237,200,1
bwapp,login,CG-Static,3,3,376,1a2348ad882df917,200,1
bwapp,login,CG-Static,3,3,377,67ca34ad043017e4,200,1
bwapp,login,CG-Static,3,3,378,297d78cceb5f2bfd,200,1
bwapp,login,CG-Static,3,3,379,8118c7ae2560bd65,200,1
bwapp,login,CG-Static,3,3,380,83d2acdfa6dcb61b,200,1
bwapp,login,CG-Static,3,3,381,4f49509b21db63f5,200,1
bwapp,login,CG-Static,3,3,382,79cf89ef7efc8c14,200,1
bwapp,login,CG-Static,3,3,383,629a47fe41de8425,200,1
bwapp,login,CG-Static,3,3,384,aedc767aa2635bd8,200,1
bwapp,login,CG-Static,3,3,385,f3e52e8c708096b0,200,1
bwapp,login,CG-Static,3,3,386,0107a54b6c4c68b4,200,1
bwapp,login,CG-Static,3,3,387,dd857e2d7174f847,200,1
bwapp,login,CG-Static,3,3,388,370c662e3844c737,200,1
bwapp,login,CG-Static,3,3,389,5232bfe6b0be1785,200,1
bwapp,login,CG-Static,3,3,390,fff3ab38d56fcecd,200,1
bwapp,login,CG-Static,3,3,391,9fdd68066658d641,200,1
bwapp,login,CG-Static,3,3,392,f2320b666997e40b,200,1
bwapp,login,CG-Static,3,3,393,30384642488fa616,200,1
bwapp,login,CG-Static,3,1,3,255206005715029c,200,1
bwapp,login,CG-Static,3,1,9,45549fd64df11d22,200,1
bwapp,login,CG-Static,3,1,13,dd7ee40afca7eed7,200,1
bwapp,login,CG-Static,3,1,22,2dbe74ea4e3e98a7,200,1
bwapp,login,CG-Static,3,1,25,9a109e43afc24e90,200,1
bwapp,login,CG-Static,3,1,27,c9c2e147fc79e6a2,200,1
bwapp,login,CG-Static,3,1,44,2992bd39b77afe2a,200,1
bwapp,login,CG-Static,3,1,61,987fbe62baeddca5,200,1
bwapp,login,CG-Static,3,1,64,2342878c51a8473b,200,1
bwapp,login,CG-Static,3,1,79,8a3dfe3688675b1d,200,1
bwapp,login,CG-Static,3,1,89,d6d1a4297195d716,200,1
bwapp,login,CG-Static,3,1,111,95582b453ea89178,200,1
bwapp,login,CG-Static,3,1,118,cbfc9a27734986ba,200,1
bwapp,login,CG-Static,3,1,138,f5609491482fcbb2,200,1
bwapp,login,CG-Static,3,1,170,87b0e932cdc4ab44,200,1
bwapp,login,CG-Static,3,1,177,4fdccb4cc93accd6,200,1
bwapp,login,CG-Static,3,2,2,1f2dcef571bfc262,200,1
bwapp,login,CG-Static,3,2,13,e59d4d75b39d68a7,200,1
bwapp,login,CG-Static,3,2,19,792c6ccdb1dcc8c0,200,1
bwapp,login,CG-Static,3,2,25,9669b5f7dede6953,200,1
bwapp,login,CG-Static,3,2,31,2dbe74ea4e3e98a7,200,1
bwapp,login,CG-Static,3,2,35,67f1d72252604c0f,200,1
bwapp,login,CG-Static,3,2,42,55f436c696963218,200,1
bwapp,login,CG-Static,3,2,49,095611010f66aa3a,200,1
bwapp,login,CG-Static,3,2,56,ba0403fd4e4afb08,200,1
bwapp,login,CG-Static,3,2,69,1bd00bbf05258f87,200,1
bwapp,login,CG-Static,3,2,76,07a4bbbc1cd06e3e,200,1
bwapp,login,CG-Static,3,2,91,1d97d81b4382a6d8,200,1
bwapp,login,CG-Static,3,2,96,3abd81c77d46f151,200,1
bwapp,login,CG-Static,3,2,103,13228273647b18cb,200,1
bwapp,login,CG-Static,3,2,106,6b97e70b86575e31,200,1
bwapp,login,CG-Static,3,2,120,439c1991264cbcf9,200,1
bwapp,login,CG-Static,3,2,124,f798220ef73585f7,200,1
bwapp,login,CG-Static,3,2,125,aec78e7d0dadee61,200,1
bwapp,login,CG-Static,3,2,129,ac2940077b4d5eeb,200,1
bwapp,login,CG-Static,3,2,135,39edeb941f2ba968,200,1
bwapp,login,CG-Static,3,2,139,e778590400f35f57,200,1
bwapp,login,CG-Static,3,2,152,8dd9dcee35a64592,200,1
bwapp,login,CG-Static,3,2,155,56fcfde248fd9791,200,1
bwapp,login,CG-Static,3,2,158,d673e37b9fd9c10a,200,1
bwapp,login,CG-Static,3,2,160,670fd1eb31b1aac9,200,1
bwapp,login,CG-Static,3,2,190,613740efba4223d7,200,1
bwapp,login,CG-Static,3,2,195,d71e0ad8e93c7bba,200,1
bwapp,login,CG-Static,3,2,197,599693203ecc2fd5,200,1
bwapp,login,CG-Static,3,2,201,c91bed530bdbae38,200,1
bwapp,login,CG-Static,3,2,204,b4f7c4a19178f52b,200,1
bwapp,login,CG-Static,3,2,207,14088862c51f4367,200,1
bwapp,login,CG-Static,3,2,217,6e81ffcba4903f2f,200,1
bwapp,login,CG-Static,3,2,220,deffcc49120559df,200,1
bwapp,login,CG-Static,3,2,224,9c26b84475752225,200,1
bwapp,login,CG-Static,3,2,226,1eff0633d93765a2,200,1
bwapp,login,CG-Static,3,2,229,e4edb2833734c317,200,1
bwapp,login,CG-Static,3,2,232,6dcbde035d683838,200,1
bwapp,login,CG-Static,3,2,236,67c2eb4bd5ea1a01,200,1
bwapp,login,CG-Static,3,2,241,05465e1c1b858582,200,1
bwapp,login,CG-Static,3,2,244,062c0f3bae58f3ca,200,1
bwapp,login,CG-Static,3,2,249,582d0bb2f626e712,200,1
bwapp,login,CG-Static,3,2,251,e99a0890c57a1322,200,1
bwapp,login,CG-Static,3,2,254,8e7573f116a0bd3f,200,1
bwapp,login,CG-Static,3,2,255,1b9285b441c82b94,200,1
bwapp,login,CG-Static,3,2,257,ebc9577993c642ba,200,1
bwapp,login,CG-Static,3,2,258,c68ee6a65490e612,200,1
bwapp,login,CG-Static,3,2,260,ae003d4b1a9f891f,200,1
bwapp,login,CG-Static,3,2,261,c978165e8199f79b,200,1
bwapp,login,CG-Static,3,2,262,db5ba2ff499b2c10,200,1
bwapp,login,CG-Static,3,2,263,e2b69b0b329b654f,200,1
bwapp,login,CG-Static,3,2,265,22a4f68e6215d6db,200,1
bwapp,login,CG-Static,3,2,267,d11736b3448d18b7,200,1
bwapp,login,CG-Static,3,2,269,6970b5a5362bbd63,200,1
bwapp,login,CG-Static,3,2,271,06899696ce865b12,200,1
bwapp,login,CG-Static,3,2,273,6b4294c5df6b542a,200,1
bwapp,login,CG-Static,3,2,274,37d371bf1c0843a2,200,1
bwapp,login,CG-Static,3,2,276,8ba3303275d2582b,200,1
bwapp,login,CG-Static,3,2,277,eafe0bdc376247a8,200,1
bwapp,login,CG-Static,3,2,278,3b833a1235a21957,200,1
bwapp,login,CG-Static,3,2,280,5d32c6d15b3313e7,200,1
bwapp,login,CG-Static,3,2,281,70f1de27c5729b12,200,1
bwapp,login,CG-Static,3,2,283,06794271c6df2259,200,1
bwapp,login,CG-Static,3,2,284,43ba608160c80804,200,1
bwapp,login,CG-Static,3,2,285,46e0c03de5e98da5,200,1
bwapp,login,CG-Static,3,2,286,049982686e908da8,200,1
bwapp,login,CG-Static,3,2,288,3df1ac2b75110718,200,1
bwapp,login,CG-Static,3,2,293,1547461e39d3d6dc,200,1
bwapp,login,CG-Static,3,2,295,3cca637365236605,200,1
bwapp,login,CG-Static,3,2,297,80976aede71ef2d6,200,1
bwapp,login,CG-Static,3,2,301,9d8895f796383f5a,200,1
bwapp,login,CG-Static,3,2,303,2e5685cf7c94d40b,200,1
bwapp,login,CG-Static,3,2,304,93ef852920fa484e,200,1
bwapp,login,CG-Static,3,2,306,8acb8bc36bd939cd,200,1
bwapp,login,CG-Static,3,2,307,271b9ba74cde57bf,200,1
bwapp,login,CG-Static,3,2,309,fa89639440835784,200,1
bwapp,login,CG-Static,3,2,310,c7affa2e26cf0e4a,200,1
bwapp,login,CG-Static,3,2,311,9cd44486674cee1b,200,1
bwapp,login,CG-Static,3,2,313,8925e405f974b560,200,1
bwapp,login,CG-Static,3,2,315,c52316ac7957f007,200,1
bwapp,login,CG-Static,3,2,316,a2620364b8e17d8a,200,1
bwapp,login,CG-Static,3,2,317,f108906ecba3cb39,200,1
bwapp,login,CG-Static,3,2,318,2d45cb4e682af761,200,1
bwapp,login,CG-Static,3,2,320,bd1f5384c62a3e8d,200,1
bwapp,login,CG-Static,3,2,321,3c8add82eb4404bc,200,1
bwapp,login,CG-Static,3,2,323,35a456ddbb81f8f5,200,1
bwapp,login,CG-Static,3,2,324,e3396b535780bd60,200,1
bwapp,login,CG-Static,3,2,327,b97642dc7246a503,200,1
bwapp,login,CG-Static,3,2,329,673cc8eddf2a0790,200,1
bwapp,login,CG-Static,3,2,333,8dc0e70058bb0b96,200,1
bwapp,login,CG-Static,3,2,334,b8153ec81f7febad,200,1
bwapp,login,CG-Static,3,2,335,c11a8e77acb9e72d,200,1
bwapp,login,CG-Static,3,2,338,36484afff911928f,200,1
bwapp,login,CG-Static,3,2,339,915c2be37996924b,200,1
bwapp,login,CG-Static,3,2,340,2dc7eb65ea5094fc,200,1
bwapp,login,CG-Static,3,2,342,ea44db2c91c45063,200,1
bwapp,login,CG-Static,3,2,344,30dca0c311fbd941,200,1
bwapp,login,CG-Static,3,2,345,f1287353f3a3e5b2,200,1
bwapp,login,CG-Static,3,2,346,042855d00d3cd320,200,1
bwapp,login,CG-Static,3,2,348,43965ac6bddb0e97,200,1
bwapp,login,CG-Static,3,2,349,20a23aca442c84e3,200,1
bwapp,login,CG-Static,3,2,350,bc01af2fc316c89f,200,1
bwapp,login,CG-Static,3,2,351,7057dbe627be2a71,200,1
bwapp,login,CG-Static,3,2,353,feb94dff82b3cb67,200,1
bwapp,login,CG-Static,3,2,354,7cdb76b80f09120a,200,1
bwapp,login,CG-Static,3,2,356,2ca33e6c7041d7ab,200,1
bwapp,login,CG-Static,3,2,358,ce0cfa958d5002c6,200,1
bwapp,login,CG-Static,3,2,359,a87ee61f42d32793,200,1
bwapp,login,CG-Static,3,2,361,e09c11f5ba7814b8,200,1
bwapp,login,CG-Static,3,2,362,994ab33b0e527ed6,200,1
bwapp,login,CG-Static,3,2,363,8e0511249b5d27f3,200,1
bwapp,login,CG-Static,3,2,364,82cdbe0944ad6ecf,200,1
bwapp,login,CG-Static,3,2,366,bc36baa9fcb1a182,200,1
bwapp,login,CG-Static,3,2,367,8e7ed542e091ae36,200,1
bwapp,login,CG-Static,3,2,368,7347c59ac42e652e,200,1
bwapp,login,CG-Static,3,2,369,a532cf5ea1e79bf3,200,1
bwapp,login,CG-Static,3,2,370,b562121c5983b99a,200,1
bwapp,login,CG-Static,3,2,371,12b203765e13cf28,200,1
bwapp,login,CG-Static,3,2,373,e1a9490e85b90468,200,1
bwapp,login,CG-Static,3,2,375,73a8658fe139fee5,200,1
bwapp,login,CG-Static,3,2,376,e6aebeb57be60f79,200,1
bwapp,login,CG-Static,3,2,377,44ac446b453d44eb,200,1
bwapp,login,CG-Static,3,2,379,b9b1cf1ac75fede2,200,1
bwapp,login,CG-Static,3,4,15,6014ea54718eda80,200,1
bwapp,login,CG-Static,3,4,16,25c5c07f8215fa8a,200,1
bwapp,login,CG-Static,3,4,22,255206005715029c,200,1
bwapp,login,CG-Static,3,4,31,d0d539d52f03e096,200,1
bwapp,login,CG-Static,3,4,36,08e0f225d4dde6a9,200,1
bwapp,login,CG-Static,3,4,41,5db89db2664d9830,200,1
bwapp,login,CG-Static,3,4,43,116215ae9926d5b8,200,1
bwapp,login,CG-Static,3,4,47,8714d20812618b72,200,1
bwapp,login,CG-Static,3,4,55,3a535ec3fc9a3921,200,1
bwapp,login,CG-Static,3,4,70,25e33d5746c5bfd7,200,1
bwapp,login,CG-Static,3,4,81,92b3ec17c995ea42,200,1
bwapp,login,CG-Static,3,4,87,670fd1eb31b1aac9,200,1
bwapp,login,CG-Static,3,4,96,57784b4ffa634e01,200,1
bwapp,login,CG-Static,3,4,104,8043fe0df6176621,200,1
bwapp,login,CG-Static,3,4,111,ca98c50df447399c,200,1
bwapp,login,CG-Static,3,4,123,6386ecb4e6f1a42d,200,1
bwapp,login,CG-Static,3,4,130,eeb0eeec58cf1492,200,1
bwapp,login,CG-Static,3,4,131,90a8037508f1f2c2,200,1
bwapp,login,CG-Static,3,4,134,2366741bc9676a0c,200,1
bwapp,login,CG-Static,3,4,139,26cd9cd17fa60c06,200,1
bwapp,login,CG-Static,3,4,141,531dc2790d71b4a7,200,1
bwapp,login,CG-Static,3,4,147,9dccb557bc53fb66,200,1
bwapp,login,CG-Static,3,4,154,77e2f998f2dec5da,200,1
bwapp,login,CG-Static,3,4,167,4b0d062ba309f2b9,200,1
bwapp,login,CG-Static,3,4,169,fc6dac4b2cce6e4c,200,1
bwapp,login,CG-Static,3,4,172,20f0834d51035aa4,200,1
bwapp,login,CG-Static,3,4,175,16bd1601b7e3d9c0,200,1
bwapp,login,CG-Static,3,4,178,d04f07b7489187f6,200,1
bwapp,login,CG-Static,3,4,179,382b6b0165dd1198,200,1
bwapp,login,CG-Static,3,4,180,99cc16f328006a48,200,1
bwapp,login,CG-Static,3,4,181,af57076502e57375,200,1
bwapp,login,CG-Static,3,4,183,972cd4b9013d28e2,200,1
bwapp,login,CG-Static,3,4,189,698ec9d95b0caccf,200,1
bwapp,login,CG-Static,3,4,195,251f2c15aa8e0118,200,1
bwapp,login,CG-Static,3,4,202,0d90c48cf2305c9d,200,1
bwapp,login,CG-Static,3,4,205,7c315497a64db4bb,200,1
bwapp,login,CG-Static,3,4,207,ca467d36099627e2,200,1
bwapp,login,CG-Static,3,4,209,2d56accd032ecfea,200,1
bwapp,login,CG-Static,3,4,214,ffaa69b3e3b0e3ca,200,1
bwapp,login,CG-Static,3,4,217,c3450a2b6bef7772,200,1
bwapp,login,CG-Static,3,4,219,11a0a36f607ff1fb,200,1
bwapp,login,CG-Static,3,4,222,5765403d75d4079f,200,1
bwapp,login,CG-Static,3,4,223,f9f351eef7479cc0,200,1
bwapp,login,CG-Static,3,4,225,881587de2eb58618,200,1
bwapp,login,CG-Static,3,4,226,41bcaeac4b37a2cb,200,1
bwapp,login,CG-Static,3,4,228,6eb5785034096639,200,1
bwapp,login,CG-Static,3,4,231,34018d5177c01e4c,200,1
bwapp,login,CG-Static,3,4,234,0e0368b115493907,200,1
bwapp,login,CG-Static,3,4,237,3fd16b9ebb2bdfe1,200,1
bwapp,login,CG-Static,3,4,241,6043affbdf6bfd51,200,1
bwapp,login,CG-Static,3,4,243,b2300969c2b36f52,200,1
bwapp,login,CG-Static,3,4,246,ee8d4dd0dda9238d,200,1
bwapp,login,CG-Static,3,4,247,ecddacd5288e863d,200,1
bwapp,login,CG-Static,3,4,252,82b1637201b7ebd3,200,1
bwapp,login,CG-Static,3,4,253,000f4d8a182ffb63,200,1
bwapp,login,CG-Static,3,4,254,bf555d0c1d7ccc55,200,1
bwapp,login,CG-Static,3,4,256,d701ec36c951bac9,200,1
bwapp,login,CG-Static,3,4,259,8968bfb0aec2f120,200,1
bwapp,login,CG-Static,3,4,260,2597d5b484b57b0e,200,1
bwapp,login,CG-Static,3,4,263,7b02c6f2b8b1ce6e,200,1
bwapp,login,CG-Static,3,4,264,640686314beca4bd,200,1
bwapp,login,CG-Static,3,4,265,b80904baac1f1402,200,1
bwapp,login,CG-Static,3,4,266,bc80f5cea24ea99a,200,1
bwapp,login,CG-Static,3,4,267,49c16a2bedbf711d,200,1
bwapp,login,CG-Static,3,4,268,254abb9b9d86996b,200,1
bwapp,login,CG-Static,3,4,269,5c482208392a02fc,200,1
bwapp,login,CG-Static,3,4,271,625fccaa22b4c113,200,1
bwapp,login,CG-Static,3,4,275,100ac9f7f82e7111,200,1
bwapp,login,CG-Static,3,4,276,a4c66e3db03e9944,200,1
bwapp,login,CG-Static,3,4,277,f1762d19b9768957,200,1
bwapp,login,CG-Static,3,4,280,9a86551a6ce5a0eb,200,1
bwapp,login,CG-Static,3,4,281,64d7328a2156e5cc,200,1
bwapp,login,CG-Static,3,4,282,e027e6ab8eeb10f8,200,1
bwapp,login,CG-Static,3,4,283,469ce417185650e9,200,1
bwapp,login,CG-Static,3,4,284,87faf263c7e70e53,200,1
bwapp,login,CG-Static,3,4,285,783b1945ba0d039b,200,1
bwapp,login,CG-Static,3,4,286,e8e9fa07124de619,200,1
bwapp,login,CG-Static,3,4,287,c9bdc9f00f840f4c,200,1
bwapp,login,CG-Static,3,4,288,03c180bc3ec71ede,200,1
bwapp,login,CG-Static,3,4,290,3d212423e7796698,200,1
bwapp,login,CG-Static,3,4,291,89350a4e7e70bf3a,200,1
bwapp,login,CG-Static,3,4,293,e9b4ff6dd97945a7,200,1
bwapp,login,CG-Static,3,4,294,9c443bef785e0346,200,1
bwapp,login,CG-Static,3,4,296,40775de899d23ab1,200,1
bwapp,login,CG-Static,3,4,298,2a9e191a127cd060,200,1
bwapp,login,CG-Static,3,4,299,cd602ba99ced85f3,200,1
bwapp,login,CG-Static,3,4,300,03e53c300baeff8d,200,1
bwapp,login,CG-Static,3,4,301,ba9b8d2ba7dc2e5a,200,1
bwapp,login,CG-Static,3,4,303,b94b27c51f2b3ba7,200,1
bwapp,login,CG-Static,3,4,304,b92e1668b5337484,200,1
bwapp,login,CG-Static,3,4,305,76c64e403278c897,200,1
bwapp,login,CG-Static,3,4,306,f441f51e5470384e,200,1
bwapp,login,CG-Static,3,4,307,dad89ad00ed9cdb7,200,1
bwapp,login,CG-Static,3,4,308,ad50a6e3315c4e4d,200,1
bwapp,login,CG-Static,3,4,310,cacd17f75b5017e7,200,1
bwapp,login,CG-Static,3,4,311,eb0d627eaf54ecf9,200,1
bwapp,login,CG-Static,3,4,312,957449d8921aaa6d,200,1
bwapp,login,CG-Static,3,4,313,e4e9d5808a218471,200,1
bwapp,login,CG-Static,3,4,314,42a48f53c967120d,200,1
bwapp,login,CG-Static,3,4,315,9f04e6b903be8237,200,1
bwapp,login,CG-Static,3,4,316,2dbd44664d177bee,200,1
bwapp,login,CG-Static,3,4,318,00174e40fe95121e,200,1
bwapp,login,CG-Static,3,4,319,aeab66a83c0fcccf,200,1
bwapp,login,CG-Static,3,4,320,a28019f94c555f00,200,1
bwapp,login,CG-Static,3,4,321,65c8e4e082e28284,200,1
bwapp,login,CG-Static,3,4,322,2ae742285daf2cca,200,1
bwapp,login,CG-Static,3,4,323,ceae6218278fee02,200,1
bwapp,login,CG-Static,3,4,325,df71d56b5908a80f,200,1
bwapp,login,CG-Static,3,4,326,4e568888aa903074,200,1
bwapp,login,CG-Static,3,4,327,af7ed6c8179b8a67,200,1
bwapp,login,CG-Static,3,4,328,64bd99b098717078,200,1
bwapp,login,CG-Static,3,4,329,eb6b033747f4e6e5,200,1
bwapp,login,CG-Static,3,4,330,3554634cfbd3e2ec,200,1
bwapp,login,CG-Static,3,4,331,ca3e21c3af8ff805,200,1
bwapp,login,CG-Static,3,4,332,e1e77e99b518d668,200,1
bwapp,login,CG-Static,3,4,334,9264065749b6938d,200,1
bwapp,login,CG-Static,3,4,335,0f0daebc48b5b9f7,200,1
bwapp,login,CG-Static,3,4,336,9186553ade40351b,200,1
bwapp,login,CG-Static,3,4,337,264770ae64358cdb,200,1
bwapp,login,CG-Static,3,4,338,23a72e6048437a9f,200,1
bwapp,login,CG-Static,3,4,339,af5d48da0213950c,200,1
bwapp,login,CG-Static,3,4,340,5f338605bd4f265c,200,1
bwapp,login,CG-Static,3,4,341,c68fcb8d7e32fe12,200,1
bwapp,login,CG-Static,3,4,343,96d7cbae535a778c,200,1
bwapp,login,CG-Static,3,4,345,599ab31f216074e3,200,1
bwapp,login,CG-Static,3,4,346,bdd69f14090e8272,200,1
bwapp,login,CG-Static,3,4,347,85a31657cb9f1a97,200,1
bwapp,login,CG-Static,3,4,349,58784b57c5bca695,200,1
bwapp,login,CG-Static,3,4,350,8815382b2f3ee9d4,200,1
bwapp,login,CG-Static,3,4,351,564b213481d33317,200,1
bwapp,login,CG-Static,3,4,352,79123334345c15ef,200,1
bwapp,login,CG-Static,3,4,353,ae998c828c377ee5,200,1
bwapp,login,CG-Static,3,4,354,c30ec60dcadb2da9,200,1
bwapp,login,CG-Static,3,4,355,0b538775351413db,200,1
bwapp,login,CG-Static,3,4,356,e4f5c1dcf501df28,200,1
bwapp,login,CG-Static,3,4,357,28e71a937608b39c,200,1
bwapp,login,CG-Static,3,4,359,26c465ebebf5796f,200,1
bwapp,login,CG-Static,3,4,360,4f9de2020dd858b1,200,1
bwapp,login,CG-Static,3,4,361,72754a64f5364f7c,200,1
bwapp,login,CG-Static,3,4,362,8a1ee24dec92efff,200,1
bwapp,login,CG-Static,3,4,363,b3b21217c2c42838,200,1
bwapp,login,CG-Static,3,4,364,014b21105540753d,200,1
bwapp,login,CG-Static,3,4,365,249aa221a4e2db3a,200,1
bwapp,login,CG-Static,3,4,366,5d60ef12d3791733,200,1
bwapp,login,CG-Static,3,4,367,378d524a095a09b2,200,1
bwapp,login,CG-Static,3,4,368,99674d79e741fba2,200,1
bwapp,login,CG-Static,3,4,369,f7d947b8121d5c3b,200,1
bwapp,login,CG-Static,3,4,370,4d4d20859ad2099f,200,1
bwapp,login,CG-Static,3,4,372,ad2d8d3933358a07,200,1
bwapp,login,CG-Static,3,4,373,fca4de6a46e089e3,200,1
bwapp,login,CG-Static,3,4,374,1d0c114bdc70e06e,200,1
bwapp,login,CG-Static,3,4,375,aef395d49ea008c7,200,1
bwapp,login,CG-Static,3,4,376,d7039992db9bbf80,200,1
bwapp,login,CG-Static,3,4,377,5bfcafff83206a51,200,1
bwapp,login,CG-Static,3,4,378,8effc2bea5653376,200,1
bwapp,login,CG-Static,3,4,379,94a53913901b5a60,200,1
bwapp,login,CG-Static,3,4,380,28a7ee3f4224c295,200,1
bwapp,login,CG-Static,3,4,381,02b79be51f956271,200,1
bwapp,login,CG-Static,3,4,382,37a04a6a7a5b39bf,200,1
bwapp,login,CG-Static,3,4,383,3fba675837002ec8,200,1
bwapp,login,CG-Static,3,4,384,60a413a2fbe33a99,200,1
bwapp,login,CG-Static,3,4,385,57b76aec720d055b,200,1
bwapp,login,CG-Static,3,4,386,ad2c9c0edfb358de,200,1
bwapp,login,CG-Static,3,4,387,230e60983d5d5ea7,200,1
bwapp,login,CG-Static,3,4,388,b6bda07ef856f648,200,1
bwapp,login,CG-Static,3,4,389,fc42233aa304b446,200,1
bwapp,login,CG-Static,3,5,2,2dbe74ea4e3e98a7,200,1
bwapp,login,CG-Static,3,5,10,736e02e9ddb128ed,200,1
bwapp,login,CG-Static,3,5,14,e59d4d75b39d68a7,200,1
bwapp,login,CG-Static,3,5,19,255206005715029c,200,1
bwapp,login,CG-Static,3,5,22,5b8cc883a8165456,200,1
bwapp,login,CG-Static,3,5,45,8acff7cb0ce57195,200,1
bwapp,login,CG-Static,3,5,51,d2b51b00f2c7bb83,200,1
bwapp,login,CG-Static,3,5,56,76a1c43f318abdcf,200,1
bwapp,login,CG-Static,3,5,63,4b223a614746635c,200,1
bwapp,login,CG-Static,3,5,76,3f8845b8e34c9fde,200,1
bwapp,login,CG-Static,3,5,89,52d5062899c791c2,200,1
bwapp,login,CG-Static,3,5,92,9de952670debdf5c,200,1
bwapp,login,CG-Static,3,5,94,92288daa2e2d3000,200,1
bwapp,login,CG-Static,3,5,100,5458dfb6a4c6fbe0,200,1
bwapp,login,CG-Static,3,5,112,89809af066989205,200,1
bwapp,login,CG-Static,3,5,115,91199e99e85be923,200,1
bwapp,login,CG-Static,3,5,119,9f6e40763d4c89d9,200,1
bwapp,login,CG-Static,3,5,121,190c99c39926a186,200,1
bwapp,login,CG-Static,3,5,122,6711eae9919f2fce,200,1
bwapp,login,CG-Static,3,5,124,2992fa065fc46d39,200,1
bwapp,login,CG-Static,3,5,128,0bf07f17df467f5f,200,1
bwapp,login,CG-Static,3,5,130,f084c0ee1f4e222c,200,1
bwapp,login,CG-Static,3,5,134,5dd6f997e6bebfdb,200,1
bwapp,login,CG-Static,3,5,136,56f65c754b3155c0,200,1
bwapp,login,CG-Static,3,5,138,9a6014aa6126c641,200,1
bwapp,login,CG-Static,3,5,140,85a840d3bef281fc,200,1
bwapp,login,CG-Static,3,5,144,a690e79fa5265502,200,1
bwapp,login,CG-Static,3,5,146,7b1d780d3c1d36bb,200,1
bwapp,login,CG-Static,3,5,147,d335ebe10f45ef9f,200,1
bwapp,login,CG-Static,3,5,148,d8e57ae070191ea3,200,1
bwapp,login,CG-Static,3,5,149,530256a0ad3f6b45,200,1
bwapp,login,CG-Static,3,5,150,6d572a2c3cc2cbb7,200,1
bwapp,login,CG-Static,3,5,151,4b5710a95537ac2a,200,1
bwapp,login,CG-Static,3,5,152,55b231583c14f854,200,1
bwapp,login,CG-Static,3,5,153,f38bab250ab30e07,200,1
bwapp,login,CG-Static,3,5,155,63c3fe36777f89d4,200,1
bwapp,login,CG-Static,3,5,156,5e320d7fbcbf1cdc,200,1
bwapp,login,CG-Static,3,5,157,fda4903ccbb9753b,200,1
bwapp,login,CG-Static,3,5,161,c25dc990c0aa93a2,200,1
bwapp,login,CG-Static,3,5,165,439b1c5bf46c1819,200,1
bwapp,login,CG-Static,3,5,169,72f0a52502f32f65,200,1
bwapp,login,CG-Static,3,5,173,c90980a92f599f68,200,1
bwapp,login,CG-Static,3,5,177,49a2a225d377cd04,200,1
bwapp,login,CG-Static,3,5,178,6165af1a63c85c91,200,1
bwapp,login,CG-Static,3,5,179,dafbaa84443930a4,200,1
bwapp,login,CG-Static,3,5,180,0550b324b332366b,200,1
bwapp,login,CG-Static,3,5,181,72bf8befe76158fe,200,1
bwapp,login,CG-Static,3,5,182,375d885f31811f16,200,1
bwapp,login,CG-Static,3,5,184,686294395c35e118,200,1
bwapp,login,CG-Static,3,5,185,05d6884b2ea86f9d,200,1
bwapp,login,CG-Static,3,5,186,cd99abe31832515f,200,1
bwapp,login,CG-Static,3,5,187,11f455645306c54b,200,1
bwapp,login,CG-Static,3,5,189,7f2e566ffab2969e,200,1
bwapp,login,CG-Static,3,5,190,b93add446807fd23,200,1
bwapp,login,CG-Static,3,5,191,0d2a9b2762ccbe24,200,1
bwapp,login,CG-Static,3,5,192,4fa850b8df99b871,200,1
bwapp,login,CG-Static,3,5,193,6eb17e0153f4aed0,200,1
bwapp,login,CG-Static,3,5,195,78e9c11ba72e7d30,200,1
bwapp,login,CG-Static,3,5,196,2e71d4f655e37ab0,200,1
bwapp,login,CG-Static,3,5,197,9216441383443faf,200,1
bwapp,login,CG-Static,3,5,198,70fb68e4143dc172,200,1
bwapp,login,CG-Static,3,5,200,c2163ca30c201db0,200,1
bwapp,login,CG-Static,3,5,201,f8acec3fc858fcde,200,1
bwapp,login,CG-Static,3,5,202,a0210acdfb288aab,200,1
bwapp,login,CG-Static,3,5,205,945cde9515a6dcb5,200,1
bwapp,login,CG-Static,3,5,206,8bffd86053e8c027,200,1
bwapp,login,CG-Static,3,5,208,930bdb563129eb8a,200,1
bwapp,login,CG-Static,3,5,209,c74d37aa316e17c0,200,1
bwapp,login,CG-Static,3,5,211,a37cfce43ba3b625,200,1
bwapp,login,CG-Static,3,5,212,da839e0f7a3f1a8e,200,1
bwapp,login,CG-Static,3,5,213,4025a6bbbfd71b07,200,1
bwapp,login,CG-Static,3,5,215,0a9c94a03bc51c4c,200,1
bwapp,login,CG-Static,3,5,217,499ed1a5477db6dd,200,1
bwapp,login,CG-Static,3,5,218,f5bb21a48953f24f,200,1
bwapp,login,CG-Static,3,5,220,6289ec4e4332e201,200,1
bwapp,login,CG-Static,3,5,221,2e7bfec61c83909e,200,1
bwapp,login,CG-Static,3,5,222,d620cc8c912a6570,200,1
bwapp,login,CG-Static,3,5,223,b8363dfae646abee,200,1
bwapp,login,CG-Static,3,5,224,69b9ca43d3b302f8,200,1
bwapp,login,CG-Static,3,5,225,62faddaf5aca76b7,200,1
bwapp,login,CG-Static,3,5,226,6f02357fec5dbcf1,200,1
bwapp,login,CG-Static,3,5,227,3799f403fb263e68,200,1
bwapp,login,CG-Static,3,5,228,35a6f6445b41dc4a,200,1
bwapp,login,CG-Static,3,5,229,7e4aa0935d23d489,200,1
bwapp,login,CG-Static,3,5,230,ade2d596dd6eed75,200,1
bwapp,login,CG-Static,3,5,231,db241d35304c8470,200,1
bwapp,login,CG-Static,3,5,232,6d90f06dc81b0716,200,1
bwapp,login,CG-Static,3,5,233,68fc206ea70fc987,200,1
bwapp,login,CG-Static,3,5,235,6b8879b498958d78,200,1
bwapp,login,CG-Static,3,5,236,75c97d0719835cca,200,1
bwapp,login,CG-Static,3,5,237,11c3bcda676586bf,200,1
bwapp,login,CG-Static,3,5,238,0bc2b635edde3172,200,1
bwapp,login,CG-Static,3,5,239,9fcd13dd04d7db38,200,1
bwapp,login,CG-Static,3,5,240,2b0b81dd00631d4a,200,1
bwapp,login,CG-Static,3,5,241,69ed09995794bc55,200,1
bwapp,login,CG-Static,3,5,242,85f4a2e1ab4c1246,200,1
bwapp,login,CG-Static,3,5,243,af9a044ae9625ddb,200,1
bwapp,login,CG-Static,3,5,245,cf9aff5f51c02581,200,1
bwapp,login,CG-Static,3,5,246,e47bc3e6058abc25,200,1
bwapp,login,CG-Static,3,5,247,4b4d58a052a2202f,200,1
bwapp,login,CG-Static,3,5,248,12a6e6fce3ca8229,200,1
bwapp,login,CG-Static,3,5,249,f0b1819ce36f77a2,200,1
bwapp,login,CG-Static,3,5,250,b1c0ca1e56359957,200,1
bwapp,login,CG-Static,3,5,251,41809dbb7c0e4810,200,1
bwapp,login,CG-Static,3,5,252,b95b1f32ec6be8bf,200,1
bwapp,login,CG-Static,3,5,253,0e3ae65f58186db0,200,1
bwapp,login,CG-Static,3,5,254,390f68a996f74565,200,1
bwapp,login,CG-Static,3,5,255,775234ba88002850,200,1
bwapp,login,CG-Static,3,5,256,f059f7d3d716f182,200,1
bwapp,login,CG-Static,3,5,257,3d3b858a0125d9e8,200,1
bwapp,login,CG-Static,3,5,258,0f3884fcaf7d63a8,200,1
bwapp,login,CG-Static,3,5,259,13658e04f6ced67e,200,1
bwapp,login,CG-Static,3,5,260,697f840c63a414d2,200,1
bwapp,login,CG-Static,3,5,261,a5908b77e9e19f6e,200,1
bwapp,login,CG-Static,3,5,262,7defdf11169d6603,200,1
bwapp,login,CG-Static,3,5,263,b5e978eaac25dc53,200,1
bwapp,login,CG-Static,3,5,264,f9845b395949f8d9,200,1
bwapp,login,CG-Static,3,5,265,b30eafe503c1ca73,200,1
bwapp,login,CG-Static,3,5,266,583aeea0354e0c89,200,1
bwapp,login,CG-Static,3,5,267,89ece626cdd93d93,200,1
bwapp,login,CG-Static,3,5,268,73d63b756a1a9b0e,200,1
bwapp,login,CG-Static,3,5,269,542a2371bf57bafe,200,1
bwapp,login,CG-Static,3,5,270,3972e40ecacd4ee2,200,1
bwapp,login,CG-Static,3,5,271,16821ff54bb119c0,200,1
bwapp,login,CG-Static,3,5,272,4d6086d9de119205,200,1
bwapp,login,CG-Static,3,5,273,515a223d9b539bce,200,1
bwapp,login,CG-Static,3,5,274,e42b3f185db80587,200,1
bwapp,login,CG-Static,3,5,275,7cf6a95ed41ee67f,200,1
bwapp,login,CG-Static,3,5,276,234dafd8d0894240,200,1
bwapp,login,CG-Static,3,5,277,ebdaadf0b30ac8bd,200,1
bwapp,login,CG-Static,3,5,278,c84bf9ccbe6cbb2e,200,1
bwapp,login,CG-Static,3,5,279,2b3014c0c8460096,200,1
bwapp,login,CG-Static,3,5,280,c630c9b4e8ea9acf,200,1
bwapp,login,CG-Static,3,5,281,728e333c6a039208,200,1
bwapp,login,CG-Static,3,5,282,fa0335aa9791a19f,200,1
bwapp,login,CG-Static,3,5,283,cac48e40c8a22d4a,200,1
bwapp,login,CG-Static,3,5,284,ce19ac513074fd78,200,1
bwapp,login,CG-Static,3,5,285,a3e95098ce1365e2,200,1
bwapp,login,CG-Static,3,5,286,907bb157825697a6,200,1
bwapp,login,CG-Static,3,5,288,043474e1cd566f65,200,1
bwapp,login,CG-Static,3,5,289,e10755caf5f2429d,200,1
bwapp,login,CG-Static,3,5,290,8f1f6e565ede7be6,200,1
bwapp,login,CG-Static,3,5,291,a97c95e6e8b244a2,200,1
bwapp,login,CG-Static,3,5,292,44c9913924cb5084,200,1
bwapp,login,CG-Static,3,5,293,bf7aee33a485c899,200,1
bwapp,login,CG-Static,3,5,295,efc99bb19e0306b6,200,1
bwapp,login,CG-Static,3,5,296,900535f5e767a023,200,1
bwapp,login,CG-Static,3,5,297,8ad3448238f1c4c6,200,1
bwapp,login,CG-Static,3,5,298,4cb6216bb81ad937,200,1
bwapp,login,CG-Static,3,5,299,085eaff54a862af6,200,1
bwapp,login,CG-Static,3,5,300,36b0f15eb7a81dc1,200,1
bwapp,login,CG-Static,3,5,301,e751973a4ec44922,200,1
bwapp,login,CG-Static,3,5,302,10aa981348371ad0,200,1
bwapp,login,CG-Static,3,5,303,aa085e891439b2bd,200,1
bwapp,login,CG-Static,3,5,304,7445fbac6529ef88,200,1
bwapp,login,CG-Static,3,5,305,1e6c58af7ca24ca3,200,1
bwapp,login,CG-Static,3,5,306,45656ea551d8fe42,200,1
bwapp,login,CG-Static,3,5,307,dbd8bf282775a88e,200,1
bwapp,login,CG-Static,3,5,308,ae11ade464582e22,200,1
bwapp,login,CG-Static,3,5,309,23e0c9409ab1c917,200,1
bwapp,login,CG-Static,3,5,310,c241787d1cf87a90,200,1
bwapp,login,CG-Static,3,5,311,e2f2e26542924434,200,1
bwapp,login,CG-Static,3,5,312,5fd5c676ae90312f,200,1
bwapp,login,CG-Static,3,5,313,dfb42c88dc26bf63,200,1
bwapp,login,CG-Static,3,5,314,68510857c2a6fccb,200,1
bwapp,login,CG-Static,3,5,315,7e7f0b069656c51f,200,1
bwapp,login,CG-Static,3,5,316,ab7a796f92141af3,200,1
bwapp,login,CG-Static,3,5,317,2b32986d463e81d2,200,1
bwapp,login,CG-Static,3,5,318,aafa307f732bc000,200,1
bwapp,login,CG-Static,3,5,319,3d31adfd888aa821,200,1
bwapp,login,CG-Static,3,5,320,ff732e88a5aee707,200,1
bwapp,login,CG-Static,3,5,321,3a161dd9a5c981b1,200,1
bwapp,login,CG-Static,3,5,322,362af0980b239ae5,200,1
bwapp,login,CG-Static,3,5,323,73935792bf16f2a3,200,1
bwapp,login,CG-Static,3,5,324,37151c0daf1eb325,200,1
bwapp,login,CG-Static,3,5,325,943661d81891e7b4,200,1
bwapp,login,CG-Static,3,5,326,fb53593259afefc2,200,1
bwapp,login,CG-Static,3,5,327,30c81e2b97489b02,200,1
bwapp,login,CG-Static,3,5,328,a28db98ef5958c1d,200,1
bwapp,login,CG-Static,3,5,329,315b08aae071ecb5,200,1
bwapp,login,CG-Static,3,5,330,982fcc6c57386a1f,200,1
bwapp,login,CG-Static,3,5,331,1afc836dd4153681,200,1
bwapp,login,CG-Static,3,5,332,0d38553c7efdb0e6,200,1
bwapp,login,CG-Static,3,5,333,68c942075cf13acd,200,1
bwapp,login,CG-Static,3,5,334,8d862e25797a5211,200,1
bwapp,login,CG-Static,3,5,335,dd91246e64bcda41,200,1
bwapp,login,CG-Static,3,5,336,1c54208ccc09f7e0,200,1
bwapp,login,CG-Static,3,5,337,e5730e36c59eb05e,200,1
bwapp,login,CG-Static,3,5,338,a6ace26df4a3e96b,200,1
bwapp,login,CG-Static,3,5,339,0f2c98779e20398f,200,1
bwapp,login,CG-Static,3,5,340,f5b2474bd6dffcd7,200,1
bwapp,login,CG-Static,3,5,341,4b9bfd36f1b404ae,200,1
bwapp,login,CG-Static,3,5,342,d6d9aed366a04fcc,200,1
bwapp,login,CG-Static,3,5,343,b3b72d311ebf755d,200,1
bwapp,login,CG-Static,3,5,344,e0c495087b0e59f4,200,1
bwapp,login,CG-Static,3,5,345,fc3382881d9886b8,200,1
bwapp,login,CG-Static,3,5,346,e028fc67c3791a40,200,1
bwapp,login,CG-Static,3,5,347,7f0e16efb5bd493d,200,1
bwapp,login,CG-Static,3,5,348,3fed09fc78ba6219,200,1
bwapp,login,CG-Static,3,5,349,31af75210b7fc992,200,1
bwapp,login,CG-Static,3,5,350,add3b41d3e1a21c8,200,1
bwapp,login,CG-Static,3,5,351,61fd07090f5ae3f9,200,1
bwapp,login,CG-Static,3,5,352,fa41e5cad5730203,200,1
bwapp,login,CG-Static,3,5,353,c7f7711b6899eb12,200,1
bwapp,login,CG-Static,3,5,354,f35d070d7334d12a,200,1
bwapp,login,CG-Static,3,5,355,d9d4fa1173ae2e02,200,1
bwapp,login,CG-Static,3,5,356,079a00fb5129c436,200,1
bwapp,login,CG-Static,3,5,357,bbb8ca12ee5aa2ff,200,1
bwapp,login,CG-Static,3,5,358,493099fa2ccf99a3,200,1
bwapp,login,CG-Static,3,5,359,55581daa043748ab,200,1
bwapp,login,CG-Static,3,5,360,2c1e2b9c45b4f2cb,200,1
bwapp,login,CG-Static,3,5,361,5bdeab9750ecacd0,200,1
bwapp,login,CG-Static,3,5,362,55a0a2e9ace41d51,200,1
bwapp,login,CG-Static,3,5,363,f9a4c868bae3640a,200,1
bwapp,login,CG-Static,3,5,364,76b626423f06f171,200,1
bwapp,login,CG-Static,3,5,365,666092e00e9db19e,200,1
bwapp,login,CG-Static,3,5,366,8f1483a824951c58,200,1
bwapp,login,CG-Static,3,5,367,e1fc441486f98e10,200,1
bwapp,login,CG-Static,3,5,368,002d8cac7afe6563,200,1
bwapp,login,CG-Static,3,5,369,f8ec39d84cf01000,200,1
bwapp,login,CG-Static,3,5,370,ec966be906a44b13,200,1
bwapp,login,CG-Static,3,5,371,b307dbcaeb3cc407,200,1
bwapp,login,CG-Static,3,5,372,27037c449ed26496,200,1
bwapp,login,CG-Static,3,5,373,057cdc491b8540e0,200,1
bwapp,login,CG-Static,3,5,374,81f751e827f4b288,200,1
bwapp,login,CG-Static,3,5,375,f9f0c72a9b4a4e9b,200,1
bwapp,login,CG-Static,3,5,376,49df804996222059,200,1
bwapp,login,CG-Static,3,5,377,05024fd96480ac13,200,1
bwapp,login,CG-Static,3,5,378,6a7ea184390a5cf2,200,1
bwapp,login,CG-Static,3,5,379,f4fb24f0e3e8a937,200,1
bwapp,login,CG-Static,3,5,380,c1f3fc933d8db8c0,200,1
bwapp,login,CG-Static,3,5,381,7991956287bc4c95,200,1
bwapp,login,CG-Static,3,5,382,9e746dcd6382bccd,200,1
bwapp,login,CG-Static,3,5,383,31b22efe81306cb5,200,1
bwapp,login,CG-Static,3,5,384,b93a0b9083ce2b49,200,1
bwapp,login,CG-Static,3,5,385,2824b2360259c33e,200,1
bwapp,login,CG-Static,3,5,386,af48d910a176dc0d,200,1
bwapp,login,CG-Static,3,5,387,eb79afb365e2b9fe,200,1
bwapp,login,CG-Static,3,5,388,8208eed451d1b173,200,1
bwapp,login,CG-Static,3,5,389,9c46f108b17018a1,200,1
bwapp,login,CG-Static,3,5,390,28514df0b3a0a0a6,200,1
bwapp,login,CG-Static,3,5,391,0fc5c663480caa5d,200,1
bwapp,login,CG-Static,3,5,392,431cace566885b33,200,1
bwapp,login,CG-Static,3,5,393,affd269ec01ff264,200,1
bwapp,login,CG-Static,3,5,394,545b5406a49e0623,200,1
bwapp,login,CG-Static,3,5,395,df23e26ab36df582,200,1
bwapp,login,CG-Static,3,5,396,427710850962ce19,200,1
bwapp,login,CG-Static,3,5,397,450300338c84ce91,200,1
bwapp,login,CG-Static,3,5,398,1de940a564242a85,200,1
bwapp,login,CG-Static,3,5,399,53f4e8b8911bc80e,200,1
bwapp,login,CG-Static,3,5,400,75682045b094d774,200,1
bwapp,login,CG-Static,3,5,401,5f2bfa6e0c49ae5d,200,1
bwapp,login,CG-Static,3,5,402,60aaf805c2d4dc90,200,1
bwapp,login,CG-Static,3,5,403,a3f3cd7d95065b74,200,1
bwapp,login,CG-Static,3,5,404,0f76df0abe394eac,200,1
bwapp,login,CG-Static,3,5,405,1d7597ce63603bab,200,1
bwapp,login,CG-Static,3,5,406,df2d3244ba8c02fe,200,1
bwapp,login,CG-Static,3,5,407,83043367f317ed5b,200,1
bwapp,login,CG-Static,3,5,408,82991be71c6429ab,200,1
bwapp,login,CG-Static,3,5,409,86b31abe10686a74,200,1
bwapp,login,CG-Static,3,5,410,7549b964a703a3f6,200,1
bwapp,login,CG-Static,3,5,411,d13a17a7419ebff7,200,1
bwapp,login,CG-Static,5,3,2,1f2dcef571bfc262,200,1
bwapp,login,CG-Static,5,3,6,f3609e2a064d5f54,200,1
bwapp,login,CG-Static,5,3,9,71f9ac7ff80c4896,200,1
bwapp,login,CG-Static,5,3,14,58217d48aea804e0,200,1
bwapp,login,CG-Static,5,3,15,3511f24547244135,200,1
bwapp,login,CG-Static,5,3,20,c688049553fbf1eb,200,1
bwapp,login,CG-Static,5,3,24,70736600558825ed,200,1
bwapp,login,CG-Static,5,3,27,547e12f20d1bfaaa,200,1
bwapp,login,CG-Static,5,3,28,c415160bbe95af2a,200,1
bwapp,login,CG-Static,5,3,31,255206005715029c,200,1
bwapp,login,CG-Static,5,3,36,485cc21ec3f3e6c0,200,1
bwapp,login,CG-Static,5,3,39,a6acc9075201b106,200,1
bwapp,login,CG-Static,5,3,40,6e30bf742e43093c,200,1
bwapp,login,CG-Static,5,3,43,02fe9e9e0eed7cf4,200,1
bwapp,login,CG-Static,5,3,46,4e283eacbb21b84d,200,1
bwapp,login,CG-Static,5,3,47,ab4c8052635aa91d,200,1
bwapp,login,CG-Static,5,3,49,bbe8f4f76e2275f9,200,1
bwapp,login,CG-Static,5,3,51,e7244289c8cff5ce,200,1
bwapp,login,CG-Static,5,3,52,27f2f25bf3fe7bbe,200,1
bwapp,login,CG-Static,5,3,53,6386ecb4e6f1a42d,200,1
bwapp,login,CG-Static,5,3,55,63a381b0d272ab48,200,1
bwapp,login,CG-Static,5,3,58,f70b0b39a02e3eb9,200,1
bwapp,login,CG-Static,5,3,60,53204b6b42e729b1,200,1
bwapp,login,CG-Static,5,3,63,e6e2e402fe6e3e26,200,1
bwapp,login,CG-Static,5,3,65,43d5e2ac0c435a1c,200,1
bwapp,login,CG-Static,5,3,69,cefa4fad3078dad7,200,1
bwapp,login,CG-Static,5,3,70,66438ceebe06766a,200,1
bwapp,login,CG-Static,5,3,72,29b967a0c37ed14d,200,1
bwapp,login,CG-Static,5,3,75,095611010f66aa3a,200,1
bwapp,login,CG-Static,5,3,77,278a594b1c801c42,200,1
bwapp,login,CG-Static,5,3,80,383de5b065ea6810,200,1
bwapp,login,CG-Static,5,3,81,ecc55fd3db839cb3,200,1
bwapp,login,CG-Static,5,3,85,8289df014b164693,200,1
bwapp,login,CG-Static,5,3,86,c615464679708127,200,1
bwapp,login,CG-Static,5,3,89,1ebb5b16a145cbbf,200,1
bwapp,login,CG-Static,5,3,93,f7926af3f89afd22,200,1
bwapp,login,CG-Static,5,3,96,7c20c3465c9d8e84,200,1
bwapp,login,CG-Static,5,3,97,0b82615b4b729b0b,200,1
bwapp,login,CG-Static,5,3,99,1c3ceedd97662329,200,1
bwapp,login,CG-Static,5,3,101,568c223971214b78,200,1
bwapp,login,CG-Static,5,3,103,b46b29e8bf02818f,200,1
bwapp,login,CG-Static,5,3,107,d41f73dc8569add7,200,1
bwapp,login,CG-Static,5,3,110,1ad534e083277be0,200,1
bwapp,login,CG-Static,5,3,112,2fad1f76679e2b66,200,1
bwapp,login,CG-Static,5,3,114,d3003f88a61c22f9,200,1
bwapp,login,CG-Static,5,3,117,d38f2dc0f0151d50,200,1
bwapp,login,CG-Static,5,3,121,9b7803443415d70c,200,1
bwapp,login,CG-Static,5,3,123,7374ae9dede1d970,200,1
bwapp,login,CG-Static,5,3,126,3fa97e5b8e0c4d40,200,1
bwapp,login,CG-Static,5,3,128,fc21d2b4b5a15bc0,200,1
bwapp,login,CG-Static,5,3,129,3def49e1d85223d6,200,1
bwapp,login,CG-Static,5,3,130,76a69a0d5cafaac9,200,1
bwapp,login,CG-Static,5,3,132,7905f6358ab2e8b0,200,1
bwapp,login,CG-Static,5,3,133,6829395f34acc880,200,1
bwapp,login,CG-Static,5,3,135,e8d6f782fb631628,200,1
bwapp,login,CG-Static,5,3,138,88a9d61bca68001c,200,1
bwapp,login,CG-Static,5,3,139,168c33de00985440,200,1
bwapp,login,CG-Static,5,3,141,0a84566995c9a7b1,200,1
bwapp,login,CG-Static,5,3,142,36d95dec92cc94e7,200,1
bwapp,login,CG-Static,5,3,143,f5a14a1de70e545c,200,1
bwapp,login,CG-Static,5,3,144,0d5fb30893459ee3,200,1
bwapp,login,CG-Static,5,3,147,6b1af0a7209a1902,200,1
bwapp,login,CG-Static,5,3,149,b7b2f7c329d07966,200,1
bwapp,login,CG-Static,5,3,151,3cc7d6f18c91f298,200,1
bwapp,login,CG-Static,5,3,152,75d6da2c1a344a79,200,1
bwapp,login,CG-Static,5,3,153,d8c680078713e1e7,200,1
bwapp,login,CG-Static,5,3,154,f457efecac14f900,200,1
bwapp,login,CG-Static,5,3,155,e2f6ad1e81bb04b8,200,1
bwapp,login,CG-Static,5,3,157,e7875ca298959f12,200,1
bwapp,login,CG-Static,5,3,159,791fd5976e70e2fe,200,1
bwapp,login,CG-Static,5,3,160,c9f636362be52df6,200,1
bwapp,login,CG-Static,5,3,161,1c39b41f6757687a,200,1
bwapp,login,CG-Static,5,3,162,d3facf7cb7013428,200,1
bwapp,login,CG-Static,5,3,164,d703ae8e8508c8a7,200,1
bwapp,login,CG-Static,5,3,166,51d0c6a511bbb616,200,1
bwapp,login,CG-Static,5,3,167,72e5a1336e3a4b92,200,1
bwapp,login,CG-Static,5,3,168,30e5849d0ffcdea3,200,1
bwapp,login,CG-Static,5,3,169,2728053ff1f0d102,200,1
bwapp,login,CG-Static,5,3,170,da312731bc6c64d0,200,1
bwapp,login,CG-Static,5,3,171,ca4ac1847871690a,200,1
bwapp,login,CG-Static,5,3,172,e1afda8426c36741,200,1
bwapp,login,CG-Static,5,3,174,57078aaeefb27d6c,200,1
bwapp,login,CG-Static,5,3,175,b2800e45ae2b8a67,200,1
bwapp,login,CG-Static,5,3,176,1651d99f343b7f77,200,1
bwapp,login,CG-Static,5,3,177,0035af3d45d3cb5c,200,1
bwapp,login,CG-Static,5,3,178,f46ed88b3eecbbaf,200,1
bwapp,login,CG-Static,5,3,179,c266e67d20cdfe98,200,1
bwapp,login,CG-Static,5,3,181,df3dd44883185676,200,1
bwapp,login,CG-Static,5,3,182,0b1380040e3c1e5f,200,1
bwapp,login,CG-Static,5,3,183,c1edcde122a148fd,200,1
bwapp,login,CG-Static,5,3,184,2b183c21f1c1e644,200,1
bwapp,login,CG-Static,5,3,186,186cff9b038088c0,200,1
bwapp,login,CG-Static,5,3,188,3ad2db3492f7ecba,200,1
bwapp,login,CG-Static,5,3,189,58107c4413b7da12,200,1
bwapp,login,CG-Static,5,3,190,5e8304e174709b49,200,1
bwapp,login,CG-Static,5,3,191,02c513afbdb25d3d,200,1
bwapp,login,CG-Static,5,3,192,3bbcb4c3dc8d0299,200,1
bwapp,login,CG-Static,5,3,193,3c982c83a33b7036,200,1
bwapp,login,CG-Static,5,3,195,f6427f65c6c88321,200,1
bwapp,login,CG-Static,5,3,197,dcde6fb77bfa1146,200,1
bwapp,login,CG-Static,5,3,198,baeb3e45dd8f4f70,200,1
bwapp,login,CG-Static,5,3,200,a95cab7e7dba21e0,200,1
bwapp,login,CG-Static,5,3,201,35421dec556b4d85,200,1
bwapp,login,CG-Static,5,3,202,1fb2032ff300087c,200,1
bwapp,login,CG-Static,5,3,203,0af6125673b0399c,200,1
bwapp,login,CG-Static,5,3,204,3fb96f7b0780742a,200,1
bwapp,login,CG-Static,5,3,205,cfc7cc9f96b69906,200,1
bwapp,login,CG-Static,5,3,206,5eec459a59eb591d,200,1
bwapp,login,CG-Static,5,3,208,2dd8695235237b84,200,1
bwapp,login,CG-Static,5,3,209,8de4992211cc6087,200,1
bwapp,login,CG-Static,5,3,210,b2a2ee68a01aefe9,200,1
bwapp,login,CG-Static,5,3,211,9e7997aadac73949,200,1
bwapp,login,CG-Static,5,3,212,3c7f0a4b9a44759e,200,1
bwapp,login,CG-Static,5,3,213,09f8f1afc747328b,200,1
bwapp,login,CG-Static,5,3,214,73fa6ca6691248bc,200,1
bwapp,login,CG-Static,5,3,215,2ee1b285c678448f,200,1
bwapp,login,CG-Static,5,3,216,68302b18168b0cc0,200,1
bwapp,login,CG-Static,5,3,217,ee2bd12135dc5c66,200,1
bwapp,login,CG-Static,5,3,218,6a90f4951b51a0e6,200,1
bwapp,login,CG-Static,5,3,219,ea9405ec84a8f2e9,200,1
bwapp,login,CG-Static,5,3,220,1201812d2b8da404,200,1
bwapp,login,CG-Static,5,3,221,4b4d58a052a2202f,200,1
bwapp,login,CG-Static,5,3,223,951255d2a6488bff,200,1
bwapp,login,CG-Static,5,3,224,0cfa3cf5dcdb9fbd,200,1
bwapp,login,CG-Static,5,3,225,1c04995a49a4f7bd,200,1
bwapp,login,CG-Static,5,3,226,0b4845c32ba0fba6,200,1
bwapp,login,CG-Static,5,3,227,56a6a6b1c5acc223,200,1
bwapp,login,CG-Static,5,3,229,8e12718122ea0bbd,200,1
bwapp,login,CG-Static,5,3,230,f1ae4443639d6525,200,1
bwapp,login,CG-Static,5,3,231,2b0cd50354338987,200,1
bwapp,login,CG-Static,5,3,232,7070a28c1c2461c1,200,1
bwapp,login,CG-Static,5,3,233,a443a735397c79cb,200,1
bwapp,login,CG-Static,5,3,234,e237a5339114e7e0,200,1
bwapp,login,CG-Static,5,3,235,9b41314af55baad8,200,1
bwapp,login,CG-Static,5,3,236,7f4b03574a898141,200,1
bwapp,login,CG-Static,5,3,238,d4004fc0f42c025a,200,1
bwapp,login,CG-Static,5,3,239,6b6e2764040265fe,200,1
bwapp,login,CG-Static,5,3,240,11be9684b636d30c,200,1
bwapp,login,CG-Static,5,3,241,a6c3e091481a1ef0,200,1
bwapp,login,CG-Static,5,3,243,e95860c180eeea82,200,1
bwapp,login,CG-Static,5,3,244,5a53f1c66f4b2877,200,1
bwapp,login,CG-Static,5,3,245,c479da83b24cecb0,200,1
bwapp,login,CG-Static,5,3,246,e98d9ec58825801d,200,1
bwapp,login,CG-Static,5,3,247,a9cbcb45146eca47,200,1
bwapp,login,CG-Static,5,3,248,6ecf0e2972262de7,200,1
bwapp,login,CG-Static,5,3,249,ac97862c23cf49df,200,1
bwapp,login,CG-Static,5,3,250,c59cd5d2f0bbd17e,200,1
bwapp,login,CG-Static,5,3,251,a808ad0e5bf5b8ab,200,1
bwapp,login,CG-Static,5,3,253,5e66672c70270283,200,1
bwapp,login,CG-Static,5,3,254,f8fffea37155371b,200,1
bwapp,login,CG-Static,5,3,255,d913c195b4f508cc,200,1
bwapp,login,CG-Static,5,3,257,f0c58ee9b0c93dee,200,1
bwapp,login,CG-Static,5,3,258,8a22a361450156eb,200,1
bwapp,login,CG-Static,5,3,259,6859c6522168e432,200,1
bwapp,login,CG-Static,5,3,260,be1b5c7f1ca92cf7,200,1
bwapp,login,CG-Static,5,3,261,95336f56f77b1806,200,1
bwapp,login,CG-Static,5,3,262,dd73d6b32098d88f,200,1
bwapp,login,CG-Static,5,3,263,63893f40aa0ff3e2,200,1
bwapp,login,CG-Static,5,3,264,67aab8721adb5c82,200,1
bwapp,login,CG-Static,5,3,265,9d41b507246ec3df,200,1
bwapp,login,CG-Static,5,3,266,036e0c3b2f483b59,200,1
bwapp,login,CG-Static,5,3,267,1c01efdabbba9cb9,200,1
bwapp,login,CG-Static,5,3,268,dcb1e3a8041a17ec,200,1
bwapp,login,CG-Static,5,3,269,26bcc52504b08c61,200,1
bwapp,login,CG-Static,5,3,270,4a94a83b41aad195,200,1
bwapp,login,CG-Static,5,3,271,629acf90d0d874e6,200,1
bwapp,login,CG-Static,5,3,272,843ded6d4f6c5803,200,1
bwapp,login,CG-Static,5,3,273,1ff0a476d6c99f20,200,1
bwapp,login,CG-Static,5,3,274,02b60d4f69b4d638,200,1
bwapp,login,CG-Static,5,3,275,8cd1904cd85e615f,200,1
bwapp,login,CG-Static,5,3,276,ea73207d72ec46d7,200,1
bwapp,login,CG-Static,5,3,277,8a87be8e8cd90826,200,1
bwapp,login,CG-Static,5,3,278,2b6880a097bfeb19,200,1
bwapp,login,CG-Static,5,3,279,ca34f32f8a04596f,200,1
bwapp,login,CG-Static,5,3,280,f9cbd47f09550a46,200,1
bwapp,login,CG-Static,5,3,281,642fa3fbf032abed,200,1
bwapp,login,CG-Static,5,3,282,0fefb3cbc14cff1b,200,1
bwapp,login,CG-Static,5,3,283,0fc8532d09255585,200,1
bwapp,login,CG-Static,5,3,284,40188dbc1cc084e0,200,1
bwapp,login,CG-Static,5,3,285,48146912f8200906,200,1
bwapp,login,CG-Static,5,3,286,aba0c2d888f337ac,200,1
bwapp,login,CG-Static,5,3,287,53543f3ab16f0b4c,200,1
bwapp,login,CG-Static,5,3,288,cf37a732195a4415,200,1
bwapp,login,CG-Static,5,3,289,80afd13bd09080b4,200,1
bwapp,login,CG-Static,5,3,290,4b4f9f507e108a56,200,1
bwapp,login,CG-Static,5,3,291,723b9056c09e2b3a,200,1
bwapp,login,CG-Static,5,3,292,95d53a5891d8d5bf,200,1
bwapp,login,CG-Static,5,3,293,d5dc2290feb792e7,200,1
bwapp,login,CG-Static,5,3,294,dbbdbaef6ed6da14,200,1
bwapp,login,CG-Static,5,3,295,0f23304b545afe0a,200,1
bwapp,login,CG-Static,5,3,296,5befa4b2d538efbf,200,1
bwapp,login,CG-Static,5,3,297,c29e0edea10656c3,200,1
bwapp,login,CG-Static,5,3,298,a54317bf12f255e3,200,1
bwapp,login,CG-Static,5,3,299,c75a4807aaa057a1,200,1
bwapp,login,CG-Static,5,3,300,d5b0eda0354b1551,200,1
bwapp,login,CG-Static,5,3,301,bb9b6c1dc03fec6c,200,1
bwapp,login,CG-Static,5,3,302,a1e20884bbe8440a,200,1
bwapp,login,CG-Static,5,3,303,be114cbbc162166f,200,1
bwapp,login,CG-Static,5,3,304,4538a3739c5d4d8b,200,1
bwapp,login,CG-Static,5,3,305,9b38945840581478,200,1
bwapp,login,CG-Static,5,3,306,99b38f52c945af86,200,1
bwapp,login,CG-Static,5,3,307,a541b828d535fb2f,200,1
bwapp,login,CG-Static,5,3,308,2e0000b286041cc1,200,1
bwapp,login,CG-Static,5,3,309,a5719c59b5bcb3d8,200,1
bwapp,login,CG-Static,5,3,310,85f4a2e1ab4c1246,200,1
bwapp,login,CG-Static,5,3,311,52832bfb5d7443c7,200,1
bwapp,login,CG-Static,5,3,312,b1e68bf5e2d116cd,200,1
bwapp,login,CG-Static,5,3,313,964134a86658b077,200,1
bwapp,login,CG-Static,5,3,314,70abd4514c1ccfcd,200,1
bwapp,login,CG-Static,5,3,315,5714c5839b92ceaa,200,1
bwapp,login,CG-Static,5,3,316,0aefa7c5f2b79bce,200,1
bwapp,login,CG-Static,5,3,317,23aafb7d2e062333,200,1
bwapp,login,CG-Static,5,3,318,b57661a46cfe9b54,200,1
bwapp,login,CG-Static,5,3,319,843e6cb17ed332e1,200,1
bwapp,login,CG-Static,5,3,320,c7665b0adb49fe06,200,1
bwapp,login,CG-Static,5,3,321,fd017d2ccd1620f5,200,1
bwapp,login,CG-Static,5,3,322,2a2e4a5e4e354753,200,1
bwapp,login,CG-Static,5,3,323,7d8e6497f7514e51,200,1
bwapp,login,CG-Static,5,3,324,553120b3e564e60a,200,1
bwapp,login,CG-Static,5,3,325,a395acb7300a88a8,200,1
bwapp,login,CG-Static,5,3,326,9cf757b830d250cb,200,1
bwapp,login,CG-Static,5,3,327,ac59fba25c2d8d53,200,1
bwapp,login,CG-Static,5,3,328,292f166bc0c17e56,200,1
bwapp,login,CG-Static,5,3,329,dabdd839fcf30bf3,200,1
bwapp,login,CG-Static,5,3,330,14a795bc341d9f18,200,1
bwapp,login,CG-Static,5,3,331,1af55dfa15ce4e9c,200,1
bwapp,login,CG-Static,5,3,332,c27fa68fe543b877,200,1
bwapp,login,CG-Static,5,3,333,973c036e725cd509,200,1
bwapp,login,CG-Static,5,3,334,d78215fb757b304e,200,1
bwapp,login,CG-Static,5,3,335,e1704aab5aafd969,200,1
bwapp,login,CG-Static,5,3,336,052a8ecbf2446620,200,1
bwapp,login,CG-Static,5,3,337,28597953c8fc08cc,200,1
bwapp,login,CG-Static,5,3,338,371b2d92e7d46651,200,1
bwapp,login,CG-Static,5,3,339,af5e209ab670f8a0,200,1
bwapp,login,CG-Static,5,3,340,ff6ad94e7dd331c3,200,1
bwapp,login,CG-Static,5,3,341,c4b164a143a63bb7,200,1
bwapp,login,CG-Static,5,3,342,e844762021766469,200,1
bwapp,login,CG-Static,5,3,343,2d0776999ec42df0,200,1
bwapp,login,CG-Static,5,3,344,5e1a7736dd04a43e,200,1
bwapp,login,CG-Static,5,3,345,553aba71b2e81bf0,200,1
bwapp,login,CG-Static,5,3,346,867b3fe255c57ae6,200,1
bwapp,login,CG-Static,5,3,347,5604550bde8f6da9,200,1
bwapp,login,CG-Static,5,3,348,0fa7762f9e868705,200,1
bwapp,login,CG-Static,5,3,349,10c5629f87eb7d47,200,1
bwapp,login,CG-Static,5,3,350,e88087149739ee11,200,1
bwapp,login,CG-Static,5,3,351,f48926846db9330a,200,1
bwapp,login,CG-Static,5,3,352,e3c9f0494d083d98,200,1
bwapp,login,CG-Static,5,3,353,da0ce2f406dcc4f5,200,1
bwapp,login,CG-Static,5,3,354,f4c3ed4ec6dd5f19,200,1
bwapp,login,CG-Static,5,3,355,bc413a1933d35c37,200,1
bwapp,login,CG-Static,5,3,356,d36ad89f5004d475,200,1
bwapp,login,CG-Static,5,3,357,38f713688e37f4da,200,1
bwapp,login,CG-Static,5,3,358,244f8e0474002fdd,200,1
bwapp,login,CG-Static,5,3,359,f91ba95f5acd5095,200,1
bwapp,login,CG-Static,5,3,360,698fa34e976e440a,200,1
bwapp,login,CG-Static,5,3,361,eb1d492d122f2e26,200,1
bwapp,login,CG-Static,5,3,362,0ee31c454ef29d95,200,1
bwapp,login,CG-Static,5,3,363,89e8ee21ca15c6ce,200,1
bwapp,login,CG-Static,5,3,364,54e26b2996187a49,200,1
bwapp,login,CG-Static,5,3,365,3ab38948a27dbc5b,200,1
bwapp,login,CG-Static,5,3,366,8f26ad71106c2796,200,1
bwapp,login,CG-Static,5,3,367,de4aa66d50db95b3,200,1
bwapp,login,CG-Static,5,3,368,47f9f52f81a5eebc,200,1
bwapp,login,CG-Static,5,3,369,bfac4aef61822d35,200,1
bwapp,login,CG-Static,5,3,370,89271fc82cbb6a2c,200,1
bwapp,login,CG-Static,5,3,371,0c1524b454c249fa,200,1
bwapp,login,CG-Static,5,3,372,82577471e33dd870,200,1
bwapp,login,CG-Static,5,3,373,551ded890083de59,200,1
bwapp,login,CG-Static,5,3,374,8c823e135def5d01,200,1
bwapp,login,CG-Static,5,3,375,ade1d676b1342237,200,1
bwapp,login,CG-Static,5,3,376,1a2348ad882df917,200,1
bwapp,login,CG-Static,5,3,377,67ca34ad043017e4,200,1
bwapp,login,CG-Static,5,3,378,297d78cceb5f2bfd,200,1
bwapp,login,CG-Static,5,3,379,8118c7ae2560bd65,200,1
bwapp,login,CG-Static,5,3,380,83d2acdfa6dcb61b,200,1
bwapp,login,CG-Static,5,3,381,4f49509b21db63f5,200,1
bwapp,login,CG-Static,5,3,382,79cf89ef7efc8c14,200,1
bwapp,login,CG-Static,5,3,383,629a47fe41de8425,200,1
bwapp,login,CG-Static,5,3,384,aedc767aa2635bd8,200,1
bwapp,login,CG-Static,5,3,385,f3e52e8c708096b0,200,1
bwapp,login,CG-Static,5,3,386,0107a54b6c4c68b4,200,1
bwapp,login,CG-Static,5,3,387,dd857e2d7174f847,200,1
bwapp,login,CG-Static,5,3,388,370c662e3844c737,200,1
bwapp,login,CG-Static,5,3,389,5232bfe6b0be1785,200,1
bwapp,login,CG-Static,5,3,390,fff3ab38d56fcecd,200,1
bwapp,login,CG-Static,5,3,391,9fdd68066658d641,200,1
bwapp,login,CG-Static,5,3,392,f2320b666997e40b,200,1
bwapp,login,CG-Static,5,3,393,30384642488fa616,200,1
bwapp,login,CG-Static,5,1,3,255206005715029c,200,1
bwapp,login,CG-Static,5,1,9,45549fd64df11d22,200,1
bwapp,login,CG-Static,5,1,13,dd7ee40afca7eed7,200,1
bwapp,login,CG-Static,5,1,22,2dbe74ea4e3e98a7,200,1
bwapp,login,CG-Static,5,1,25,9a109e43afc24e90,200,1
bwapp,login,CG-Static,5,1,27,c9c2e147fc79e6a2,200,1
bwapp,login,CG-Static,5,1,44,2992bd39b77afe2a,200,1
bwapp,login,CG-Static,5,1,61,987fbe62baeddca5,200,1
bwapp,login,CG-Static,5,1,64,2342878c51a8473b,200,1
bwapp,login,CG-Static,5,1,79,8a3dfe3688675b1d,200,1
bwapp,login,CG-Static,5,1,89,d6d1a4297195d716,200,1
bwapp,login,CG-Static,5,1,111,95582b453ea89178,200,1
bwapp,login,CG-Static,5,1,118,cbfc9a27734986ba,200,1
bwapp,login,CG-Static,5,1,138,f5609491482fcbb2,200,1
bwapp,login,CG-Static,5,1,170,87b0e932cdc4ab44,200,1
bwapp,login,CG-Static,5,1,177,4fdccb4cc93accd6,200,1
bwapp,login,CG-Static,5,2,2,1f2dcef571bfc262,200,1
bwapp,login,CG-Static,5,2,13,e59d4d75b39d68a7,200,1
bwapp,login,CG-Static,5,2,19,792c6ccdb1dcc8c0,200,1
bwapp,login,CG-Static,5,2,25,9669b5f7dede6953,200,1
bwapp,login,CG-Static,5,2,31,2dbe74ea4e3e98a7,200,1
bwapp,login,CG-Static,5,2,35,67f1d72252604c0f,200,1
bwapp,login,CG-Static,5,2,42,55f436c696963218,200,1
bwapp,login,CG-Static,5,2,49,095611010f66aa3a,200,1
bwapp,login,CG-Static,5,2,56,ba0403fd4e4afb08,200,1
bwapp,login,CG-Static,5,2,69,1bd00bbf05258f87,200,1
bwapp,login,CG-Static,5,2,76,07a4bbbc1cd06e3e,200,1
bwapp,login,CG-Static,5,2,91,1d97d81b4382a6d8,200,1
bwapp,login,CG-Static,5,2,96,3abd81c77d46f151,200,1
bwapp,login,CG-Static,5,2,103,13228273647b18cb,200,1
bwapp,login,CG-Static,5,2,106,6b97e70b86575e31,200,1
bwapp,login,CG-Static,5,2,120,439c1991264cbcf9,200,1
bwapp,login,CG-Static,5,2,124,f798220ef73585f7,200,1
bwapp,login,CG-Static,5,2,125,aec78e7d0dadee61,200,1
bwapp,login,CG-Static,5,2,129,ac2940077b4d5eeb,200,1
bwapp,login,CG-Static,5,2,135,39edeb941f2ba968,200,1
bwapp,login,CG-Static,5,2,139,e778590400f35f57,200,1
bwapp,login,CG-Static,5,2,152,8dd9dcee35a64592,200,1
bwapp,login,CG-Static,5,2,155,56fcfde248fd9791,200,1
bwapp,login,CG-Static,5,2,158,d673e37b9fd9c10a,200,1
bwapp,login,CG-Static,5,2,160,670fd1eb31b1aac9,200,1
bwapp,login,CG-Static,5,2,190,613740efba4223d7,200,1
bwapp,login,CG-Static,5,2,195,d71e0ad8e93c7bba,200,1
bwapp,login,CG-Static,5,2,197,599693203ecc2fd5,200,1
bwapp,login,CG-Static,5,2,201,c91bed530bdbae38,200,1
bwapp,login,CG-Static,5,2,204,b4f7c4a19178f52b,200,1
bwapp,login,CG-Static,5,2,207,14088862c51f4367,200,1
bwapp,login,CG-Static,5,2,217,6e81ffcba4903f2f,200,1
bwapp,login,CG-Static,5,2,220,deffcc49120559df,200,1
bwapp,login,CG-Static,5,2,224,9c26b84475752225,200,1
bwapp,login,CG-Static,5,2,226,1eff0633d93765a2,200,1
bwapp,login,CG-Static,5,2,229,e4edb2833734c317,200,1
bwapp,login,CG-Static,5,2,232,6dcbde035d683838,200,1
bwapp,login,CG-Static,5,2,236,67c2eb4bd5ea1a01,200,1
bwapp,login,CG-Static,5,2,241,05465e1c1b858582,200,1
bwapp,login,CG-Static,5,2,244,062c0f3bae58f3ca,200,1
bwapp,login,CG-Static,5,2,249,582d0bb2f626e712,200,1
bwapp,login,CG-Static,5,2,251,e99a0890c57a1322,200,1
bwapp,login,CG-Static,5,2,254,8e7573f116a0bd3f,200,1
bwapp,login,CG-Static,5,2,255,1b9285b441c82b94,200,1
bwapp,login,CG-Static,5,2,257,ebc9577993c642ba,200,1
bwapp,login,CG-Static,5,2,258,c68ee6a65490e612,200,1
bwapp,login,CG-Static,5,2,260,ae003d4b1a9f891f,200,1
bwapp,login,CG-Static,5,2,261,c978165e8199f79b,200,1
bwapp,login,CG-Static,5,2,262,db5ba2ff499b2c10,200,1
bwapp,login,CG-Static,5,2,263,e2b69b0b329b654f,200,1
bwapp,login,CG-Static,5,2,265,22a4f68e6215d6db,200,1
bwapp,login,CG-Static,5,2,267,d11736b3448d18b7,200,1
bwapp,login,CG-Static,5,2,269,6970b5a5362bbd63,200,1
bwapp,login,CG-Static,5,2,271,06899696ce865b12,200,1
bwapp,login,CG-Static,5,2,273,6b4294c5df6b542a,200,1
bwapp,login,CG-Static,5,2,274,37d371bf1c0843a2,200,1
bwapp,login,CG-Static,5,2,276,8ba3303275d2582b,200,1
bwapp,login,CG-Static,5,2,277,eafe0bdc376247a8,200,1
bwapp,login,CG-Static,5,2,278,3b833a1235a21957,200,1
bwapp,login,CG-Static,5,2,280,5d32c6d15b3313e7,200,1
bwapp,login,CG-Static,5,2,281,70f1de27c5729b12,200,1
bwapp,login,CG-Static,5,2,283,06794271c6df2259,200,1
bwapp,login,CG-Static,5,2,284,43ba608160c80804,200,1
bwapp,login,CG-Static,5,2,285,46e0c03de5e98da5,200,1
bwapp,login,CG-Static,5,2,286,049982686e908da8,200,1
bwapp,login,CG-Static,5,2,288,3df1ac2b75110718,200,1
bwapp,login,CG-Static,5,2,293,1547461e39d3d6dc,200,1
bwapp,login,CG-Static,5,2,295,3cca637365236605,200,1
bwapp,login,CG-Static,5,2,297,80976aede71ef2d6,200,1
bwapp,login,CG-Static,5,2,301,9d8895f796383f5a,200,1
bwapp,login,CG-Static,5,2,303,2e5685cf7c94d40b,200,1
bwapp,login,CG-Static,5,2,304,93ef852920fa484e,200,1
bwapp,login,CG-Static,5,2,306,8acb8bc36bd939cd,200,1
bwapp,login,CG-Static,5,2,307,271b9ba74cde57bf,200,1
bwapp,login,CG-Static,5,2,309,fa89639440835784,200,1
bwapp,login,CG-Static,5,2,310,c7affa2e26cf0e4a,200,1
bwapp,login,CG-Static,5,2,311,9cd44486674cee1b,200,1
bwapp,login,CG-Static,5,2,313,8925e405f974b560,200,1
bwapp,login,CG-Static,5,2,315,c52316ac7957f007,200,1
bwapp,login,CG-Static,5,2,316,a2620364b8e17d8a,200,1
bwapp,login,CG-Static,5,2,317,f108906ecba3cb39,200,1
bwapp,login,CG-Static,5,2,318,2d45cb4e682af761,200,1
bwapp,login,CG-Static,5,2,320,bd1f5384c62a3e8d,200,1
bwapp,login,CG-Static,5,2,321,3c8add82eb4404bc,200,1
bwapp,login,CG-Static,5,2,323,35a456ddbb81f8f5,200,1
bwapp,login,CG-Static,5,2,324,e3396b535780bd60,200,1
bwapp,login,CG-Static,5,2,327,b97642dc7246a503,200,1
bwapp,login,CG-Static,5,2,329,673cc8eddf2a0790,200,1
bwapp,login,CG-Static,5,2,333,8dc0e70058bb0b96,200,1
bwapp,login,CG-Static,5,2,334,b8153ec81f7febad,200,1
bwapp,login,CG-Static,5,2,335,c11a8e77acb9e72d,200,1
bwapp,login,CG-Static,5,2,338,36484afff911928f,200,1
bwapp,login,CG-Static,5,2,339,915c2be37996924b,200,1
bwapp,login,CG-Static,5,2,340,2dc7eb65ea5094fc,200,1
bwapp,login,CG-Static,5,2,342,ea44db2c91c45063,200,1
bwapp,login,CG-Static,5,2,344,30dca0c311fbd941,200,1
bwapp,login,CG-Static,5,2,345,f1287353f3a3e5b2,200,1
bwapp,login,CG-Static,5,2,346,042855d00d3cd320,200,1
bwapp,login,CG-Static,5,2,348,43965ac6bddb0e97,200,1
bwapp,login,CG-Static,5,2,349,20a23aca442c84e3,200,1
bwapp,login,CG-Static,5,2,350,bc01af2fc316c89f,200,1
bwapp,login,CG-Static,5,2,351,7057dbe627be2a71,200,1
bwapp,login,CG-Static,5,2,353,feb94dff82b3cb67,200,1
bwapp,login,CG-Static,5,2,354,7cdb76b80f09120a,200,1
bwapp,login,CG-Static,5,2,356,2ca33e6c7041d7ab,200,1
bwapp,login,CG-Static,5,2,358,ce0cfa958d5002c6,200,1
bwapp,login,CG-Static,5,2,359,a87ee61f42d32793,200,1
bwapp,login,CG-Static,5,2,361,e09c11f5ba7814b8,200,1
bwapp,login,CG-Static,5,2,362,994ab33b0e527ed6,200,1
bwapp,login,CG-Static,5,2,363,8e0511249b5d27f3,200,1
bwapp,login,CG-Static,5,2,364,82cdbe0944ad6ecf,200,1
bwapp,login,CG-Static,5,2,366,bc36baa9fcb1a182,200,1
bwapp,login,CG-Static,5,2,367,8e7ed542e091ae36,200,1
bwapp,login,CG-Static,5,2,368,7347c59ac42e652e,200,1
bwapp,login,CG-Static,5,2,369,a532cf5ea1e79bf3,200,1
bwapp,login,CG-Static,5,2,370,b562121c5983b99a,200,1
bwapp,login,CG-Static,5,2,371,12b203765e13cf28,200,1
bwapp,login,CG-Static,5,2,373,e1a9490e85b90468,200,1
bwapp,login,CG-Static,5,2,375,73a8658fe139fee5,200,1
bwapp,login,CG-Static,5,2,376,e6aebeb57be60f79,200,1
bwapp,login,CG-Static,5,2,377,44ac446b453d44eb,200,1
bwapp,login,CG-Static,5,2,379,b9b1cf1ac75fede2,200,1
bwapp,login,CG-Static,5,4,15,6014ea54718eda80,200,1
bwapp,login,CG-Static,5,4,16,25c5c07f8215fa8a,200,1
bwapp,login,CG-Static,5,4,22,255206005715029c,200,1
bwapp,login,CG-Static,5,4,31,d0d539d52f03e096,200,1
bwapp,login,CG-Static,5,4,36,08e0f225d4dde6a9,200,1
bwapp,login,CG-Static,5,4,41,5db89db2664d9830,200,1
bwapp,login,CG-Static,5,4,43,116215ae9926d5b8,200,1
bwapp,login,CG-Static,5,4,47,8714d20812618b72,200,1
bwapp,login,CG-Static,5,4,55,3a535ec3fc9a3921,200,1
bwapp,login,CG-Static,5,4,70,25e33d5746c5bfd7,200,1
bwapp,login,CG-Static,5,4,81,92b3ec17c995ea42,200,1
bwapp,login,CG-Static,5,4,87,670fd1eb31b1aac9,200,1
bwapp,login,CG-Static,5,4,96,57784b4ffa634e01,200,1
bwapp,login,CG-Static,5,4,104,8043fe0df6176621,200,1
bwapp,login,CG-Static,5,4,111,ca98c50df447399c,200,1
bwapp,login,CG-Static,5,4,123,6386ecb4e6f1a42d,200,1
bwapp,login,CG-Static,5,4,130,eeb0eeec58cf1492,200,1
bwapp,login,CG-Static,5,4,131,90a8037508f1f2c2,200,1
bwapp,login,CG-Static,5,4,134,2366741bc9676a0c,200,1
bwapp,login,CG-Static,5,4,139,26cd9cd17fa60c06,200,1
bwapp,login,CG-Static,5,4,141,531dc2790d71b4a7,200,1
bwapp,login,CG-Static,5,4,147,9dccb557bc53fb66,200,1
bwapp,login,CG-Static,5,4,154,77e2f998f2dec5da,200,1
bwapp,login,CG-Static,5,4,167,4b0d062ba309f2b9,200,1
bwapp,login,CG-Static,5,4,169,fc6dac4b2cce6e4c,200,1
bwapp,login,CG-Static,5,4,172,20f0834d51035aa4,200,1
bwapp,login,CG-Static,5,4,175,16bd1601b7e3d9c0,200,1
bwapp,login,CG-Static,5,4,178,d04f07b7489187f6,200,1
bwapp,login,CG-Static,5,4,179,382b6b0165dd1198,200,1
bwapp,login,CG-Static,5,4,180,99cc16f328006a48,200,1
bwapp,login,CG-Static,5,4,181,af57076502e57375,200,1
bwapp,login,CG-Static,5,4,183,972cd4b9013d28e2,200,1
bwapp,login,CG-Static,5,4,189,698ec9d95b0caccf,200,1
bwapp,login,CG-Static,5,4,195,251f2c15aa8e0118,200,1
bwapp,login,CG-Static,5,4,202,0d90c48cf2305c9d,200,1
bwapp,login,CG-Static,5,4,205,7c315497a64db4bb,200,1
bwapp,login,CG-Static,5,4,207,ca467d36099627e2,200,1
bwapp,login,CG-Static,5,4,209,2d56accd032ecfea,200,1
bwapp,login,CG-Static,5,4,214,ffaa69b3e3b0e3ca,200,1
bwapp,login,CG-Static,5,4,217,c3450a2b6bef7772,200,1
bwapp,login,CG-Static,5,4,219,11a0a36f607ff1fb,200,1
bwapp,login,CG-Static,5,4,222,5765403d75d4079f,200,1
bwapp,login,CG-Static,5,4,223,f9f351eef7479cc0,200,1
bwapp,login,CG-Static,5,4,225,881587de2eb58618,200,1
bwapp,login,CG-Static,5,4,226,41bcaeac4b37a2cb,200,1
bwapp,login,CG-Static,5,4,228,6eb5785034096639,200,1
bwapp,login,CG-Static,5,4,231,34018d5177c01e4c,200,1
bwapp,login,CG-Static,5,4,234,0e0368b115493907,200,1
bwapp,login,CG-Static,5,4,237,3fd16b9ebb2bdfe1,200,1
bwapp,login,CG-Static,5,4,241,6043affbdf6bfd51,200,1
bwapp,login,CG-Static,5,4,243,b2300969c2b36f52,200,1
bwapp,login,CG-Static,5,4,246,ee8d4dd0dda9238d,200,1
bwapp,login,CG-Static,5,4,247,ecddacd5288e863d,200,1
bwapp,login,CG-Static,5,4,252,82b1637201b7ebd3,200,1
bwapp,login,CG-Static,5,4,253,000f4d8a182ffb63,200,1
bwapp,login,CG-Static,5,4,254,bf555d0c1d7ccc55,200,1
bwapp,login,CG-Static,5,4,256,d701ec36c951bac9,200,1
bwapp,login,CG-Static,5,4,259,8968bfb0aec2f120,200,1
bwapp,login,CG-Static,5,4,260,2597d5b484b57b0e,200,1
bwapp,login,CG-Static,5,4,263,7b02c6f2b8b1ce6e,200,1
bwapp,login,CG-Static,5,4,264,640686314beca4bd,200,1
bwapp,login,CG-Static,5,4,265,b80904baac1f1402,200,1
bwapp,login,CG-Static,5,4,266,bc80f5cea24ea99a,200,1
bwapp,login,CG-Static,5,4,267,49c16a2bedbf711d,200,1
bwapp,login,CG-Static,5,4,268,254abb9b9d86996b,200,1
bwapp,login,CG-Static,5,4,269,5c482208392a02fc,200,1
bwapp,login,CG-Static,5,4,271,625fccaa22b4c113,200,1
bwapp,login,CG-Static,5,4,275,100ac9f7f82e7111,200,1
bwapp,login,CG-Static,5,4,276,a4c66e3db03e9944,200,1
bwapp,login,CG-Static,5,4,277,f1762d19b9768957,200,1
bwapp,login,CG-Static,5,4,280,9a86551a6ce5a0eb,200,1
bwapp,login,CG-Static,5,4,281,64d7328a2156e5cc,200,1
bwapp,login,CG-Static,5,4,282,e027e6ab8eeb10f8,200,1
bwapp,login,CG-Static,5,4,283,469ce417185650e9,200,1
bwapp,login,CG-Static,5,4,284,87faf263c7e70e53,200,1
bwapp,login,CG-Static,5,4,285,783b1945ba0d039b,200,1
bwapp,login,CG-Static,5,4,286,e8e9fa07124de619,200,1
bwapp,login,CG-Static,5,4,287,c9bdc9f00f840f4c,200,1
bwapp,login,CG-Static,5,4,288,03c180bc3ec71ede,200,1
bwapp,login,CG-Static,5,4,290,3d212423e7796698,200,1
bwapp,login,CG-Static,5,4,291,89350a4e7e70bf3a,200,1
bwapp,login,CG-Static,5,4,293,e9b4ff6dd97945a7,200,1
bwapp,login,CG-Static,5,4,294,9c443bef785e0346,200,1
bwapp,login,CG-Static,5,4,296,40775de899d23ab1,200,1
bwapp,login,CG-Static,5,4,298,2a9e191a127cd060,200,1
bwapp,login,CG-Static,5,4,299,cd602ba99ced85f3,200,1
bwapp,login,CG-Static,5,4,300,03e53c300baeff8d,200,1
bwapp,login,CG-Static,5,4,301,ba9b8d2ba7dc2e5a,200,1
bwapp,login,CG-Static,5,4,303,b94b27c51f2b3ba7,200,1
bwapp,login,CG-Static,5,4,304,b92e1668b5337484,200,1
bwapp,login,CG-Static,5,4,305,76c64e403278c897,200,1
bwapp,login,CG-Static,5,4,306,f441f51e5470384e,200,1
bwapp,login,CG-Static,5,4,307,dad89ad00ed9cdb7,200,1
bwapp,login,CG-Static,5,4,308,ad50a6e3315c4e4d,200,1
bwapp,login,CG-Static,5,4,310,cacd17f75b5017e7,200,1
bwapp,login,CG-Static,5,4,311,eb0d627eaf54ecf9,200,1
bwapp,login,CG-Static,5,4,312,957449d8921aaa6d,200,1
bwapp,login,CG-Static,5,4,313,e4e9d5808a218471,200,1
bwapp,login,CG-Static,5,4,314,42a48f53c967120d,200,1
bwapp,login,CG-Static,5,4,315,9f04e6b903be8237,200,1
bwapp,login,CG-Static,5,4,316,2dbd44664d177bee,200,1
bwapp,login,CG-Static,5,4,318,00174e40fe95121e,200,1
bwapp,login,CG-Static,5,4,319,aeab66a83c0fcccf,200,1
bwapp,login,CG-Static,5,4,320,a28019f94c555f00,200,1
bwapp,login,CG-Static,5,4,321,65c8e4e082e28284,200,1
bwapp,login,CG-Static,5,4,322,2ae742285daf2cca,200,1
bwapp,login,CG-Static,5,4,323,ceae6218278fee02,200,1
bwapp,login,CG-Static,5,4,325,df71d56b5908a80f,200,1
bwapp,login,CG-Static,5,4,326,4e568888aa903074,200,1
bwapp,login,CG-Static,5,4,327,af7ed6c8179b8a67,200,1
bwapp,login,CG-Static,5,4,328,64bd99b098717078,200,1
bwapp,login,CG-Static,5,4,329,eb6b033747f4e6e5,200,1
bwapp,login,CG-Static,5,4,330,3554634cfbd3e2ec,200,1
bwapp,login,CG-Static,5,4,331,ca3e21c3af8ff805,200,1
bwapp,login,CG-Static,5,4,332,e1e77e99b518d668,200,1
bwapp,login,CG-Static,5,4,334,9264065749b6938d,200,1
bwapp,login,CG-Static,5,4,335,0f0daebc48b5b9f7,200,1
bwapp,login,CG-Static,5,4,336,9186553ade40351b,200,1
bwapp,login,CG-Static,5,4,337,264770ae64358cdb,200,1
bwapp,login,CG-Static,5,4,338,23a72e6048437a9f,200,1
bwapp,login,CG-Static,5,4,339,af5d48da0213950c,200,1
bwapp,login,CG-Static,5,4,340,5f338605bd4f265c,200,1
bwapp,login,CG-Static,5,4,341,c68fcb8d7e32fe12,200,1
bwapp,login,CG-Static,5,4,343,96d7cbae535a778c,200,1
bwapp,login,CG-Static,5,4,345,599ab31f216074e3,200,1
bwapp,login,CG-Static,5,4,346,bdd69f14090e8272,200,1
bwapp,login,CG-Static,5,4,347,85a31657cb9f1a97,200,1
bwapp,login,CG-Static,5,4,349,58784b57c5bca695,200,1
bwapp,login,CG-Static,5,4,350,8815382b2f3ee9d4,200,1
bwapp,login,CG-Static,5,4,351,564b213481d33317,200,1
bwapp,login,CG-Static,5,4,352,79123334345c15ef,200,1
bwapp,login,CG-Static,5,4,353,ae998c828c377ee5,200,1
bwapp,login,CG-Static,5,4,354,c30ec60dcadb2da9,200,1
bwapp,login,CG-Static,5,4,355,0b538775351413db,200,1
bwapp,login,CG-Static,5,4,356,e4f5c1dcf501df28,200,1
bwapp,login,CG-Static,5,4,357,28e71a937608b39c,200,1
bwapp,login,CG-Static,5,4,359,26c465ebebf5796f,200,1
bwapp,login,CG-Static,5,4,360,4f9de2020dd858b1,200,1
bwapp,login,CG-Static,5,4,361,72754a64f5364f7c,200,1
bwapp,login,CG-Static,5,4,362,8a1ee24dec92efff,200,1
bwapp,login,CG-Static,5,4,363,b3b21217c2c42838,200,1
bwapp,login,CG-Static,5,4,364,014b21105540753d,200,1
bwapp,login,CG-Static,5,4,365,249aa221a4e2db3a,200,1
bwapp,login,CG-Static,5,4,366,5d60ef12d3791733,200,1
bwapp,login,CG-Static,5,4,367,378d524a095a09b2,200,1
bwapp,login,CG-Static,5,4,368,99674d79e741fba2,200,1
bwapp,login,CG-Static,5,4,369,f7d947b8121d5c3b,200,1
bwapp,login,CG-Static,5,4,370,4d4d20859ad2099f,200,1
bwapp,login,CG-Static,5,4,372,ad2d8d3933358a07,200,1
bwapp,login,CG-Static,5,4,373,fca4de6a46e089e3,200,1
bwapp,login,CG-Static,5,4,374,1d0c114bdc70e06e,200,1
bwapp,login,CG-Static,5,4,375,aef395d49ea008c7,200,1
bwapp,login,CG-Static,5,4,376,d7039992db9bbf80,200,1
bwapp,login,CG-Static,5,4,377,5bfcafff83206a51,200,1
bwapp,login,CG-Static,5,4,378,8effc2bea5653376,200,1
bwapp,login,CG-Static,5,4,379,94a53913901b5a60,200,1
bwapp,login,CG-Static,5,4,380,28a7ee3f4224c295,200,1
bwapp,login,CG-Static,5,4,381,02b79be51f956271,200,1
bwapp,login,CG-Static,5,4,382,37a04a6a7a5b39bf,200,1
bwapp,login,CG-Static,5,4,383,3fba675837002ec8,200,1
bwapp,login,CG-Static,5,4,384,60a413a2fbe33a99,200,1
bwapp,login,CG-Static,5,4,385,57b76aec720d055b,200,1
bwapp,login,CG-Static,5,4,386,ad2c9c0edfb358de,200,1
bwapp,login,CG-Static,5,4,387,230e60983d5d5ea7,200,1
bwapp,login,CG-Static,5,4,388,b6bda07ef856f648,200,1
bwapp,login,CG-Static,5,4,389,fc42233aa304b446,200,1
bwapp,login,CG-Static,5,5,2,2dbe74ea4e3e98a7,200,1
bwapp,login,CG-Static,5,5,10,736e02e9ddb128ed,200,1
bwapp,login,CG-Static,5,5,14,e59d4d75b39d68a7,200,1
bwapp,login,CG-Static,5,5,19,255206005715029c,200,1
bwapp,login,CG-Static,5,5,22,5b8cc883a8165456,200,1
bwapp,login,CG-Static,5,5,45,8acff7cb0ce57195,200,1
bwapp,login,CG-Static,5,5,51,d2b51b00f2c7bb83,200,1
bwapp,login,CG-Static,5,5,56,76a1c43f318abdcf,200,1
bwapp,login,CG-Static,5,5,63,4b223a614746635c,200,1
bwapp,login,CG-Static,5,5,76,3f8845b8e34c9fde,200,1
bwapp,login,CG-Static,5,5,89,52d5062899c791c2,200,1
bwapp,login,CG-Static,5,5,92,9de952670debdf5c,200,1
bwapp,login,CG-Static,5,5,94,92288daa2e2d3000,200,1
bwapp,login,CG-Static,5,5,100,5458dfb6a4c6fbe0,200,1
bwapp,login,CG-Static,5,5,112,89809af066989205,200,1
bwapp,login,CG-Static,5,5,115,91199e99e85be923,200,1
bwapp,login,CG-Static,5,5,119,9f6e40763d4c89d9,200,1
bwapp,login,CG-Static,5,5,121,190c99c39926a186,200,1
bwapp,login,CG-Static,5,5,122,6711eae9919f2fce,200,1
bwapp,login,CG-Static,5,5,124,2992fa065fc46d39,200,1
bwapp,login,CG-Static,5,5,128,0bf07f17df467f5f,200,1
bwapp,login,CG-Static,5,5,130,f084c0ee1f4e222c,200,1
bwapp,login,CG-Static,5,5,134,5dd6f997e6bebfdb,200,1
bwapp,login,CG-Static,5,5,136,56f65c754b3155c0,200,1
bwapp,login,CG-Static,5,5,138,9a6014aa6126c641,200,1
bwapp,login,CG-Static,5,5,140,85a840d3bef281fc,200,1
bwapp,login,CG-Static,5,5,144,a690e79fa5265502,200,1
bwapp,login,CG-Static,5,5,146,7b1d780d3c1d36bb,200,1
bwapp,login,CG-Static,5,5,147,d335ebe10f45ef9f,200,1
bwapp,login,CG-Static,5,5,148,d8e57ae070191ea3,200,1
bwapp,login,CG-Static,5,5,149,530256a0ad3f6b45,200,1
bwapp,login,CG-Static,5,5,150,6d572a2c3cc2cbb7,200,1
bwapp,login,CG-Static,5,5,151,4b5710a95537ac2a,200,1
bwapp,login,CG-Static,5,5,152,55b231583c14f854,200,1
bwapp,login,CG-Static,5,5,153,f38bab250ab30e07,200,1
bwapp,login,CG-Static,5,5,155,63c3fe36777f89d4,200,1
bwapp,login,CG-Static,5,5,156,5e320d7fbcbf1cdc,200,1
bwapp,login,CG-Static,5,5,157,fda4903ccbb9753b,200,1
bwapp,login,CG-Static,5,5,161,c25dc990c0aa93a2,200,1
bwapp,login,CG-Static,5,5,165,439b1c5bf46c1819,200,1
bwapp,login,CG-Static,5,5,169,72f0a52502f32f65,200,1
bwapp,login,CG-Static,5,5,173,c90980a92f599f68,200,1
bwapp,login,CG-Static,5,5,177,49a2a225d377cd04,200,1
bwapp,login,CG-Static,5,5,178,6165af1a63c85c91,200,1
bwapp,login,CG-Static,5,5,179,dafbaa84443930a4,200,1
bwapp,login,CG-Static,5,5,180,0550b324b332366b,200,1
bwapp,login,CG-Static,5,5,181,72bf8befe76158fe,200,1
bwapp,login,CG-Static,5,5,182,375d885f31811f16,200,1
bwapp,login,CG-Static,5,5,184,686294395c35e118,200,1
bwapp,login,CG-Static,5,5,185,05d6884b2ea86f9d,200,1
bwapp,login,CG-Static,5,5,186,cd99abe31832515f,200,1
bwapp,login,CG-Static,5,5,187,11f455645306c54b,200,1
bwapp,login,CG-Static,5,5,189,7f2e566ffab2969e,200,1
bwapp,login,CG-Static,5,5,190,b93add446807fd23,200,1
bwapp,login,CG-Static,5,5,191,0d2a9b2762ccbe24,200,1
bwapp,login,CG-Static,5,5,192,4fa850b8df99b871,200,1
bwapp,login,CG-Static,5,5,193,6eb17e0153f4aed0,200,1
bwapp,login,CG-Static,5,5,195,78e9c11ba72e7d30,200,1
bwapp,login,CG-Static,5,5,196,2e71d4f655e37ab0,200,1
bwapp,login,CG-Static,5,5,197,9216441383443faf,200,1
bwapp,login,CG-Static,5,5,198,70fb68e4143dc172,200,1
bwapp,login,CG-Static,5,5,200,c2163ca30c201db0,200,1
bwapp,login,CG-Static,5,5,201,f8acec3fc858fcde,200,1
bwapp,login,CG-Static,5,5,202,a0210acdfb288aab,200,1
bwapp,login,CG-Static,5,5,205,945cde9515a6dcb5,200,1
bwapp,login,CG-Static,5,5,206,8bffd86053e8c027,200,1
bwapp,login,CG-Static,5,5,208,930bdb563129eb8a,200,1
bwapp,login,CG-Static,5,5,209,c74d37aa316e17c0,200,1
bwapp,login,CG-Static,5,5,211,a37cfce43ba3b625,200,1
bwapp,login,CG-Static,5,5,212,da839e0f7a3f1a8e,200,1
bwapp,login,CG-Static,5,5,213,4025a6bbbfd71b07,200,1
bwapp,login,CG-Static,5,5,215,0a9c94a03bc51c4c,200,1
bwapp,login,CG-Static,5,5,217,499ed1a5477db6dd,200,1
bwapp,login,CG-Static,5,5,218,f5bb21a48953f24f,200,1
bwapp,login,CG-Static,5,5,220,6289ec4e4332e201,200,1
bwapp,login,CG-Static,5,5,221,2e7bfec61c83909e,200,1
bwapp,login,CG-Static,5,5,222,d620cc8c912a6570,200,1
bwapp,login,CG-Static,5,5,223,b8363dfae646abee,200,1
bwapp,login,CG-Static,5,5,224,69b9ca43d3b302f8,200,1
bwapp,login,CG-Static,5,5,225,62faddaf5aca76b7,200,1
bwapp,login,CG-Static,5,5,226,6f02357fec5dbcf1,200,1
bwapp,login,CG-Static,5,5,227,3799f403fb263e68,200,1
bwapp,login,CG-Static,5,5,228,35a6f6445b41dc4a,200,1
bwapp,login,CG-Static,5,5,229,7e4aa0935d23d489,200,1
bwapp,login,CG-Static,5,5,230,ade2d596dd6eed75,200,1
bwapp,login,CG-Static,5,5,231,db241d35304c8470,200,1
bwapp,login,CG-Static,5,5,232,6d90f06dc81b0716,200,1
bwapp,login,CG-Static,5,5,233,68fc206ea70fc987,200,1
bwapp,login,CG-Static,5,5,235,6b8879b498958d78,200,1
bwapp,login,CG-Static,5,5,236,75c97d0719835cca,200,1
bwapp,login,CG-Static,5,5,237,11c3bcda676586bf,200,1
bwapp,login,CG-Static,5,5,238,0bc2b635edde3172,200,1
bwapp,login,CG-Static,5,5,239,9fcd13dd04d7db38,200,1
bwapp,login,CG-Static,5,5,240,2b0b81dd00631d4a,200,1
bwapp,login,CG-Static,5,5,241,69ed09995794bc55,200,1
bwapp,login,CG-Static,5,5,242,85f4a2e1ab4c1246,200,1
bwapp,login,CG-Static,5,5,243,af9a044ae9625ddb,200,1
bwapp,login,CG-Static,5,5,245,cf9aff5f51c02581,200,1
bwapp,login,CG-Static,5,5,246,e47bc3e6058abc25,200,1
bwapp,login,CG-Static,5,5,247,4b4d58a052a2202f,200,1
bwapp,login,CG-Static,5,5,248,12a6e6fce3ca8229,200,1
bwapp,login,CG-Static,5,5,249,f0b1819ce36f77a2,200,1
bwapp,login,CG-Static,5,5,250,b1c0ca1e56359957,200,1
bwapp,login,CG-Static,5,5,251,41809dbb7c0e4810,200,1
bwapp,login,CG-Static,5,5,252,b95b1f32ec6be8bf,200,1
bwapp,login,CG-Static,5,5,253,0e3ae65f58186db0,200,1
bwapp,login,CG-Static,5,5,254,390f68a996f74565,200,1
bwapp,login,CG-Static,5,5,255,775234ba88002850,200,1
bwapp,login,CG-Static,5,5,256,f059f7d3d716f182,200,1
bwapp,login,CG-Static,5,5,257,3d3b858a0125d9e8,200,1
bwapp,login,CG-Static,5,5,258,0f3884fcaf7d63a8,200,1
bwapp,login,CG-Static,5,5,259,13658e04f6ced67e,200,1
bwapp,login,CG-Static,5,5,260,697f840c63a414d2,200,1
bwapp,login,CG-Static,5,5,261,a5908b77e9e19f6e,200,1
bwapp,login,CG-Static,5,5,262,7defdf11169d6603,200,1
bwapp,login,CG-Static,5,5,263,b5e978eaac25dc53,200,1
bwapp,login,CG-Static,5,5,264,f9845b395949f8d9,200,1
bwapp,login,CG-Static,5,5,265,b30eafe503c1ca73,200,1
bwapp,login,CG-Static,5,5,266,583aeea0354e0c89,200,1
bwapp,login,CG-Static,5,5,267,89ece626cdd93d93,200,1
bwapp,login,CG-Static,5,5,268,73d63b756a1a9b0e,200,1
bwapp,login,CG-Static,5,5,269,542a2371bf57bafe,200,1
bwapp,login,CG-Static,5,5,270,3972e40ecacd4ee2,200,1
bwapp,login,CG-Static,5,5,271,16821ff54bb119c0,200,1
bwapp,login,CG-Static,5,5,272,4d6086d9de119205,200,1
bwapp,login,CG-Static,5,5,273,515a223d9b539bce,200,1
bwapp,login,CG-Static,5,5,274,e42b3f185db80587,200,1
bwapp,login,CG-Static,5,5,275,7cf6a95ed41ee67f,200,1
bwapp,login,CG-Static,5,5,276,234dafd8d0894240,200,1
bwapp,login,CG-Static,5,5,277,ebdaadf0b30ac8bd,200,1
bwapp,login,CG-Static,5,5,278,c84bf9ccbe6cbb2e,200,1
bwapp,login,CG-Static,5,5,279,2b3014c0c8460096,200,1
bwapp,login,CG-Static,5,5,280,c630c9b4e8ea9acf,200,1
bwapp,login,CG-Static,5,5,281,728e333c6a039208,200,1
bwapp,login,CG-Static,5,5,282,fa0335aa9791a19f,200,1
bwapp,login,CG-Static,5,5,283,cac48e40c8a22d4a,200,1
bwapp,login,CG-Static,5,5,284,ce19ac513074fd78,200,1
bwapp,login,CG-Static,5,5,285,a3e95098ce1365e2,200,1
bwapp,login,CG-Static,5,5,286,907bb157825697a6,200,1
bwapp,login,CG-Static,5,5,288,043474e1cd566f65,200,1
bwapp,login,CG-Static,5,5,289,e10755caf5f2429d,200,1
bwapp,login,CG-Static,5,5,290,8f1f6e565ede7be6,200,1
bwapp,login,CG-Static,5,5,291,a97c95e6e8b244a2,200,1
bwapp,login,CG-Static,5,5,292,44c9913924cb5084,200,1
bwapp,login,CG-Static,5,5,293,bf7aee33a485c899,200,1
bwapp,login,CG-Static,5,5,295,efc99bb19e0306b6,200,1
bwapp,login,CG-Static,5,5,296,900535f5e767a023,200,1
bwapp,login,CG-Static,5,5,297,8ad3448238f1c4c6,200,1
bwapp,login,CG-Static,5,5,298,4cb6216bb81ad937,200,1
bwapp,login,CG-Static,5,5,299,085eaff54a862af6,200,1
bwapp,login,CG-Static,5,5,300,36b0f15eb7a81dc1,200,1
bwapp,login,CG-Static,5,5,301,e751973a4ec44922,200,1
bwapp,login,CG-Static,5,5,302,10aa981348371ad0,200,1
bwapp,login,CG-Static,5,5,303,aa085e891439b2bd,200,1
bwapp,login,CG-Static,5,5,304,7445fbac6529ef88,200,1
bwapp,login,CG-Static,5,5,305,1e6c58af7ca24ca3,200,1
bwapp,login,CG-Static,5,5,306,45656ea551d8fe42,200,1
bwapp,login,CG-Static,5,5,307,dbd8bf282775a88e,200,1
bwapp,login,CG-Static,5,5,308,ae11ade464582e22,200,1
bwapp,login,CG-Static,5,5,309,23e0c9409ab1c917,200,1
bwapp,login,CG-Static,5,5,310,c241787d1cf87a90,200,1
bwapp,login,CG-Static,5,5,311,e2f2e26542924434,200,1
bwapp,login,CG-Static,5,5,312,5fd5c676ae90312f,200,1
bwapp,login,CG-Static,5,5,313,dfb42c88dc26bf63,200,1
bwapp,login,CG-Static,5,5,314,68510857c2a6fccb,200,1
bwapp,login,CG-Static,5,5,315,7e7f0b069656c51f,200,1
bwapp,login,CG-Static,5,5,316,ab7a796f92141af3,200,1
bwapp,login,CG-Static,5,5,317,2b32986d463e81d2,200,1
bwapp,login,CG-Static,5,5,318,aafa307f732bc000,200,1
bwapp,login,CG-Static,5,5,319,3d31adfd888aa821,200,1
bwapp,login,CG-Static,5,5,320,ff732e88a5aee707,200,1
bwapp,login,CG-Static,5,5,321,3a161dd9a5c981b1,200,1
bwapp,login,CG-Static,5,5,322,362af0980b239ae5,200,1
bwapp,login,CG-Static,5,5,323,73935792bf16f2a3,200,1
bwapp,login,CG-Static,5,5,324,37151c0daf1eb325,200,1
bwapp,login,CG-Static,5,5,325,943661d81891e7b4,200,1
bwapp,login,CG-Static,5,5,326,fb53593259afefc2,200,1
bwapp,login,CG-Static,5,5,327,30c81e2b97489b02,200,1
bwapp,login,CG-Static,5,5,328,a28db98ef5958c1d,200,1
bwapp,login,CG-Static,5,5,329,315b08aae071ecb5,200,1
bwapp,login,CG-Static,5,5,330,982fcc6c57386a1f,200,1
bwapp,login,CG-Static,5,5,331,1afc836dd4153681,200,1
bwapp,login,CG-Static,5,5,332,0d38553c7efdb0e6,200,1
bwapp,login,CG-Static,5,5,333,68c942075cf13acd,200,1
bwapp,login,CG-Static,5,5,334,8d862e25797a5211,200,1
bwapp,login,CG-Static,5,5,335,dd91246e64bcda41,200,1
bwapp,login,CG-Static,5,5,336,1c54208ccc09f7e0,200,1
bwapp,login,CG-Static,5,5,337,e5730e36c59eb05e,200,1
bwapp,login,CG-Static,5,5,338,a6ace26df4a3e96b,200,1
bwapp,login,CG-Static,5,5,339,0f2c98779e20398f,200,1
bwapp,login,CG-Static,5,5,340,f5b2474bd6dffcd7,200,1
bwapp,login,CG-Static,5,5,341,4b9bfd36f1b404ae,200,1
bwapp,login,CG-Static,5,5,342,d6d9aed366a04fcc,200,1
bwapp,login,CG-Static,5,5,343,b3b72d311ebf755d,200,1
bwapp,login,CG-Static,5,5,344,e0c495087b0e59f4,200,1
bwapp,login,CG-Static,5,5,345,fc3382881d9886b8,200,1
bwapp,login,CG-Static,5,5,346,e028fc67c3791a40,200,1
bwapp,login,CG-Static,5,5,347,7f0e16efb5bd493d,200,1
bwapp,login,CG-Static,5,5,348,3fed09fc78ba6219,200,1
bwapp,login,CG-Static,5,5,349,31af75210b7fc992,200,1
bwapp,login,CG-Static,5,5,350,add3b41d3e1a21c8,200,1
bwapp,login,CG-Static,5,5,351,61fd07090f5ae3f9,200,1
bwapp,login,CG-Static,5,5,352,fa41e5cad5730203,200,1
bwapp,login,CG-Static,5,5,353,c7f7711b6899eb12,200,1
bwapp,login,CG-Static,5,5,354,f35d070d7334d12a,200,1
bwapp,login,CG-Static,5,5,355,d9d4fa1173ae2e02,200,1
bwapp,login,CG-Static,5,5,356,079a00fb5129c436,200,1
bwapp,login,CG-Static,5,5,357,bbb8ca12ee5aa2ff,200,1
bwapp,login,CG-Static,5,5,358,493099fa2ccf99a3,200,1
bwapp,login,CG-Static,5,5,359,55581daa043748ab,200,1
bwapp,login,CG-Static,5,5,360,2c1e2b9c45b4f2cb,200,1
bwapp,login,CG-Static,5,5,361,5bdeab9750ecacd0,200,1
bwapp,login,CG-Static,5,5,362,55a0a2e9ace41d51,200,1
bwapp,login,CG-Static,5,5,363,f9a4c868bae3640a,200,1
bwapp,login,CG-Static,5,5,364,76b626423f06f171,200,1
bwapp,login,CG-Static,5,5,365,666092e00e9db19e,200,1
bwapp,login,CG-Static,5,5,366,8f1483a824951c58,200,1
bwapp,login,CG-Static,5,5,367,e1fc441486f98e10,200,1
bwapp,login,CG-Static,5,5,368,002d8cac7afe6563,200,1
bwapp,login,CG-Static,5,5,369,f8ec39d84cf01000,200,1
bwapp,login,CG-Static,5,5,370,ec966be906a44b13,200,1
bwapp,login,CG-Static,5,5,371,b307dbcaeb3cc407,200,1
bwapp,login,CG-Static,5,5,372,27037c449ed26496,200,1
bwapp,login,CG-Static,5,5,373,057cdc491b8540e0,200,1
bwapp,login,CG-Static,5,5,374,81f751e827f4b288,200,1
bwapp,login,CG-Static,5,5,375,f9f0c72a9b4a4e9b,200,1
bwapp,login,CG-Static,5,5,376,49df804996222059,200,1
bwapp,login,CG-Static,5,5,377,05024fd96480ac13,200,1
bwapp,login,CG-Static,5,5,378,6a7ea184390a5cf2,200,1
bwapp,login,CG-Static,5,5,379,f4fb24f0e3e8a937,200,1
bwapp,login,CG-Static,5,5,380,c1f3fc933d8db8c0,200,1
bwapp,login,CG-Static,5,5,381,7991956287bc4c95,200,1
bwapp,login,CG-Static,5,5,382,9e746dcd6382bccd,200,1
bwapp,login,CG-Static,5,5,383,31b22efe81306cb5,200,1
bwapp,login,CG-Static,5,5,384,b93a0b9083ce2b49,200,1
bwapp,login,CG-Static,5,5,385,2824b2360259c33e,200,1
bwapp,login,CG-Static,5,5,386,af48d910a176dc0d,200,1
bwapp,login,CG-Static,5,5,387,eb79afb365e2b9fe,200,1
bwapp,login,CG-Static,5,5,388,8208eed451d1b173,200,1
bwapp,login,CG-Static,5,5,389,9c46f108b17018a1,200,1
bwapp,login,CG-Static,5,5,390,28514df0b3a0a0a6,200,1
bwapp,login,CG-Static,5,5,391,0fc5c663480caa5d,200,1
bwapp,login,CG-Static,5,5,392,431cace566885b33,200,1
bwapp,login,CG-Static,5,5,393,affd269ec01ff264,200,1
bwapp,login,CG-Static,5,5,394,545b5406a49e0623,200,1
bwapp,login,CG-Static,5,5,395,df23e26ab36df582,200,1
bwapp,login,CG-Static,5,5,396,427710850962ce19,200,1
bwapp,login,CG-Static,5,5,397,450300338c84ce91,200,1
bwapp,login,CG-Static,5,5,398,1de940a564242a85,200,1
bwapp,login,CG-Static,5,5,399,53f4e8b8911bc80e,200,1
bwapp,login,CG-Static,5,5,400,75682045b094d774,200,1
bwapp,login,CG-Static,5,5,401,5f2bfa6e0c49ae5d,200,1
bwapp,login,CG-Static,5,5,402,60aaf805c2d4dc90,200,1
bwapp,login,CG-Static,5,5,403,a3f3cd7d95065b74,200,1
bwapp,login,CG-Static,5,5,404,0f76df0abe394eac,200,1
bwapp,login,CG-Static,5,5,405,1d7597ce63603bab,200,1
bwapp,login,CG-Static,5,5,406,df2d3244ba8c02fe,200,1
bwapp,login,CG-Static,5,5,407,83043367f317ed5b,200,1
bwapp,login,CG-Static,5,5,408,82991be71c6429ab,200,1
bwapp,login,CG-Static,5,5,409,86b31abe10686a74,200,1
bwapp,login,CG-Static,5,5,410,7549b964a703a3f6,200,1
bwapp,login,CG-Static,5,5,411,d13a17a7419ebff7,200,1
bwapp,login,CG-Static,6,3,2,1f2dcef571bfc262,200,1
bwapp,login,CG-Static,6,3,6,f3609e2a064d5f54,200,1
bwapp,login,CG-Static,6,3,9,71f9ac7ff80c4896,200,1
bwapp,login,CG-Static,6,3,14,58217d48aea804e0,200,1
bwapp,login,CG-Static,6,3,15,3511f24547244135,200,1
bwapp,login,CG-Static,6,3,20,c688049553fbf1eb,200,1
bwapp,login,CG-Static,6,3,24,70736600558825ed,200,1
bwapp,login,CG-Static,6,3,27,547e12f20d1bfaaa,200,1
bwapp,login,CG-Static,6,3,28,c415160bbe95af2a,200,1
bwapp,login,CG-Static,6,3,31,255206005715029c,200,1
bwapp,login,CG-Static,6,3,36,485cc21ec3f3e6c0,200,1
bwapp,login,CG-Static,6,3,39,a6acc9075201b106,200,1
bwapp,login,CG-Static,6,3,40,6e30bf742e43093c,200,1
bwapp,login,CG-Static,6,3,43,02fe9e9e0eed7cf4,200,1
bwapp,login,CG-Static,6,3,46,4e283eacbb21b84d,200,1
bwapp,login,CG-Static,6,3,47,ab4c8052635aa91d,200,1
bwapp,login,CG-Static,6,3,49,bbe8f4f76e2275f9,200,1
bwapp,login,CG-Static,6,3,51,e7244289c8cff5ce,200,1
bwapp,login,CG-Static,6,3,52,27f2f25bf3fe7bbe,200,1
bwapp,login,CG-Static,6,3,53,6386ecb4e6f1a42d,200,1
bwapp,login,CG-Static,6,3,55,63a381b0d272ab48,200,1
bwapp,login,CG-Static,6,3,58,f70b0b39a02e3eb9,200,1
bwapp,login,CG-Static,6,3,60,53204b6b42e729b1,200,1
bwapp,login,CG-Static,6,3,63,e6e2e402fe6e3e26,200,1
bwapp,login,CG-Static,6,3,65,43d5e2ac0c435a1c,200,1
bwapp,login,CG-Static,6,3,69,cefa4fad3078dad7,200,1
bwapp,login,CG-Static,6,3,70,66438ceebe06766a,200,1
bwapp,login,CG-Static,6,3,72,29b967a0c37ed14d,200,1
bwapp,login,CG-Static,6,3,75,095611010f66aa3a,200,1
bwapp,login,CG-Static,6,3,77,278a594b1c801c42,200,1
bwapp,login,CG-Static,6,3,80,383de5b065ea6810,200,1
bwapp,login,CG-Static,6,3,81,ecc55fd3db839cb3,200,1
bwapp,login,CG-Static,6,3,85,8289df014b164693,200,1
bwapp,login,CG-Static,6,3,86,c615464679708127,200,1
bwapp,login,CG-Static,6,3,89,1ebb5b16a145cbbf,200,1
bwapp,login,CG-Static,6,3,93,f7926af3f89afd22,200,1
bwapp,login,CG-Static,6,3,96,7c20c3465c9d8e84,200,1
bwapp,login,CG-Static,6,3,97,0b82615b4b729b0b,200,1
bwapp,login,CG-Static,6,3,99,1c3ceedd97662329,200,1
bwapp,login,CG-Static,6,3,101,568c223971214b78,200,1
bwapp,login,CG-Static,6,3,103,b46b29e8bf02818f,200,1
bwapp,login,CG-Static,6,3,107,d41f73dc8569add7,200,1
bwapp,login,CG-Static,6,3,110,1ad534e083277be0,200,1
bwapp,login,CG-Static,6,3,112,2fad1f76679e2b66,200,1
bwapp,login,CG-Static,6,3,114,d3003f88a61c22f9,200,1
bwapp,login,CG-Static,6,3,117,d38f2dc0f0151d50,200,1
bwapp,login,CG-Static,6,3,121,9b7803443415d70c,200,1
bwapp,login,CG-Static,6,3,123,7374ae9dede1d970,200,1
bwapp,login,CG-Static,6,3,126,3fa97e5b8e0c4d40,200,1
bwapp,login,CG-Static,6,3,128,fc21d2b4b5a15bc0,200,1
bwapp,login,CG-Static,6,3,129,3def49e1d85223d6,200,1
bwapp,login,CG-Static,6,3,130,76a69a0d5cafaac9,200,1
bwapp,login,CG-Static,6,3,132,7905f6358ab2e8b0,200,1
bwapp,login,CG-Static,6,3,133,6829395f34acc880,200,1
bwapp,login,CG-Static,6,3,135,e8d6f782fb631628,200,1
bwapp,login,CG-Static,6,3,138,88a9d61bca68001c,200,1
bwapp,login,CG-Static,6,3,139,168c33de00985440,200,1
bwapp,login,CG-Static,6,3,141,0a84566995c9a7b1,200,1
bwapp,login,CG-Static,6,3,142,36d95dec92cc94e7,200,1
bwapp,login,CG-Static,6,3,143,f5a14a1de70e545c,200,1
bwapp,login,CG-Static,6,3,144,0d5fb30893459ee3,200,1
bwapp,login,CG-Static,6,3,147,6b1af0a7209a1902,200,1
bwapp,login,CG-Static,6,3,149,b7b2f7c329d07966,200,1
bwapp,login,CG-Static,6,3,151,3cc7d6f18c91f298,200,1
bwapp,login,CG-Static,6,3,152,75d6da2c1a344a79,200,1
bwapp,login,CG-Static,6,3,153,d8c680078713e1e7,200,1
bwapp,login,CG-Static,6,3,154,f457efecac14f900,200,1
bwapp,login,CG-Static,6,3,155,e2f6ad1e81bb04b8,200,1
bwapp,login,CG-Static,6,3,157,e7875ca298959f12,200,1
bwapp,login,CG-Static,6,3,159,791fd5976e70e2fe,200,1
bwapp,login,CG-Static,6,3,160,c9f636362be52df6,200,1
bwapp,login,CG-Static,6,3,161,1c39b41f6757687a,200,1
bwapp,login,CG-Static,6,3,162,d3facf7cb7013428,200,1
bwapp,login,CG-Static,6,3,164,d703ae8e8508c8a7,200,1
bwapp,login,CG-Static,6,3,166,51d0c6a511bbb616,200,1
bwapp,login,CG-Static,6,3,167,72e5a1336e3a4b92,200,1
bwapp,login,CG-Static,6,3,168,30e5849d0ffcdea3,200,1
bwapp,login,CG-Static,6,3,169,2728053ff1f0d102,200,1
bwapp,login,CG-Static,6,3,170,da312731bc6c64d0,200,1
bwapp,login,CG-Static,6,3,171,ca4ac1847871690a,200,1
bwapp,login,CG-Static,6,3,172,e1afda8426c36741,200,1
bwapp,login,CG-Static,6,3,174,57078aaeefb27d6c,200,1
bwapp,login,CG-Static,6,3,175,b2800e45ae2b8a67,200,1
bwapp,login,CG-Static,6,3,176,1651d99f343b7f77,200,1
bwapp,login,CG-Static,6,3,177,0035af3d45d3cb5c,200,1
bwapp,login,CG-Static,6,3,178,f46ed88b3eecbbaf,200,1
bwapp,login,CG-Static,6,3,179,c266e67d20cdfe98,200,1
bwapp,login,CG-Static,6,3,181,df3dd44883185676,200,1
bwapp,login,CG-Static,6,3,182,0b1380040e3c1e5f,200,1
bwapp,login,CG-Static,6,3,183,c1edcde122a148fd,200,1
bwapp,login,CG-Static,6,3,184,2b183c21f1c1e644,200,1
bwapp,login,CG-Static,6,3,186,186cff9b038088c0,200,1
bwapp,login,CG-Static,6,3,188,3ad2db3492f7ecba,200,1
bwapp,login,CG-Static,6,3,189,58107c4413b7da12,200,1
bwapp,login,CG-Static,6,3,190,5e8304e174709b49,200,1
bwapp,login,CG-Static,6,3,191,02c513afbdb25d3d,200,1
bwapp,login,CG-Static,6,3,192,3bbcb4c3dc8d0299,200,1
bwapp,login,CG-Static,6,3,193,3c982c83a33b7036,200,1
bwapp,login,CG-Static,6,3,195,f6427f65c6c88321,200,1
bwapp,login,CG-Static,6,3,197,dcde6fb77bfa1146,200,1
bwapp,login,CG-Static,6,3,198,baeb3e45dd8f4f70,200,1
bwapp,login,CG-Static,6,3,200,a95cab7e7dba21e0,200,1
bwapp,login,CG-Static,6,3,201,35421dec556b4d85,200,1
bwapp,login,CG-Static,6,3,202,1fb2032ff300087c,200,1
bwapp,login,CG-Static,6,3,203,0af6125673b0399c,200,1
bwapp,login,CG-Static,6,3,204,3fb96f7b0780742a,200,1
bwapp,login,CG-Static,6,3,205,cfc7cc9f96b69906,200,1
bwapp,login,CG-Static,6,3,206,5eec459a59eb591d,200,1
bwapp,login,CG-Static,6,3,208,2dd8695235237b84,200,1
bwapp,login,CG-Static,6,3,209,8de4992211cc6087,200,1
bwapp,login,CG-Static,6,3,210,b2a2ee68a01aefe9,200,1
bwapp,login,CG-Static,6,3,211,9e7997aadac73949,200,1
bwapp,login,CG-Static,6,3,212,3c7f0a4b9a44759e,200,1
bwapp,login,CG-Static,6,3,213,09f8f1afc747328b,200,1
bwapp,login,CG-Static,6,3,214,73fa6ca6691248bc,200,1
bwapp,login,CG-Static,6,3,215,2ee1b285c678448f,200,1
bwapp,login,CG-Static,6,3,216,68302b18168b0cc0,200,1
bwapp,login,CG-Static,6,3,217,ee2bd12135dc5c66,200,1
bwapp,login,CG-Static,6,3,218,6a90f4951b51a0e6,200,1
bwapp,login,CG-Static,6,3,219,ea9405ec84a8f2e9,200,1
bwapp,login,CG-Static,6,3,220,1201812d2b8da404,200,1
bwapp,login,CG-Static,6,3,221,4b4d58a052a2202f,200,1
bwapp,login,CG-Static,6,3,223,951255d2a6488bff,200,1
bwapp,login,CG-Static,6,3,224,0cfa3cf5dcdb9fbd,200,1
bwapp,login,CG-Static,6,3,225,1c04995a49a4f7bd,200,1
bwapp,login,CG-Static,6,3,226,0b4845c32ba0fba6,200,1
bwapp,login,CG-Static,6,3,227,56a6a6b1c5acc223,200,1
bwapp,login,CG-Static,6,3,229,8e12718122ea0bbd,200,1
bwapp,login,CG-Static,6,3,230,f1ae4443639d6525,200,1
bwapp,login,CG-Static,6,3,231,2b0cd50354338987,200,1
bwapp,login,CG-Static,6,3,232,7070a28c1c2461c1,200,1
bwapp,login,CG-Static,6,3,233,a443a735397c79cb,200,1
bwapp,login,CG-Static,6,3,234,e237a5339114e7e0,200,1
bwapp,login,CG-Static,6,3,235,9b41314af55baad8,200,1
bwapp,login,CG-Static,6,3,236,7f4b03574a898141,200,1
bwapp,login,CG-Static,6,3,238,d4004fc0f42c025a,200,1
bwapp,login,CG-Static,6,3,239,6b6e2764040265fe,200,1
bwapp,login,CG-Static,6,3,240,11be9684b636d30c,200,1
bwapp,login,CG-Static,6,3,241,a6c3e091481a1ef0,200,1
bwapp,login,CG-Static,6,3,243,e95860c180eeea82,200,1
bwapp,login,CG-Static,6,3,244,5a53f1c66f4b2877,200,1
bwapp,login,CG-Static,6,3,245,c479da83b24cecb0,200,1
bwapp,login,CG-Static,6,3,246,e98d9ec58825801d,200,1
bwapp,login,CG-Static,6,3,247,a9cbcb45146eca47,200,1
bwapp,login,CG-Static,6,3,248,6ecf0e2972262de7,200,1
bwapp,login,CG-Static,6,3,249,ac97862c23cf49df,200,1
bwapp,login,CG-Static,6,3,250,c59cd5d2f0bbd17e,200,1
bwapp,login,CG-Static,6,3,251,a808ad0e5bf5b8ab,200,1
bwapp,login,CG-Static,6,3,253,5e66672c70270283,200,1
bwapp,login,CG-Static,6,3,254,f8fffea37155371b,200,1
bwapp,login,CG-Static,6,3,255,d913c195b4f508cc,200,1
bwapp,login,CG-Static,6,3,257,f0c58ee9b0c93dee,200,1
bwapp,login,CG-Static,6,3,258,8a22a361450156eb,200,1
bwapp,login,CG-Static,6,3,259,6859c6522168e432,200,1
bwapp,login,CG-Static,6,3,260,be1b5c7f1ca92cf7,200,1
bwapp,login,CG-Static,6,3,261,95336f56f77b1806,200,1
bwapp,login,CG-Static,6,3,262,dd73d6b32098d88f,200,1
bwapp,login,CG-Static,6,3,263,63893f40aa0ff3e2,200,1
bwapp,login,CG-Static,6,3,264,67aab8721adb5c82,200,1
bwapp,login,CG-Static,6,3,265,9d41b507246ec3df,200,1
bwapp,login,CG-Static,6,3,266,036e0c3b2f483b59,200,1
bwapp,login,CG-Static,6,3,267,1c01efdabbba9cb9,200,1
bwapp,login,CG-Static,6,3,268,dcb1e3a8041a17ec,200,1
bwapp,login,CG-Static,6,3,269,26bcc52504b08c61,200,1
bwapp,login,CG-Static,6,3,270,4a94a83b41aad195,200,1
bwapp,login,CG-Static,6,3,271,629acf90d0d874e6,200,1
bwapp,login,CG-Static,6,3,272,843ded6d4f6c5803,200,1
bwapp,login,CG-Static,6,3,273,1ff0a476d6c99f20,200,1
bwapp,login,CG-Static,6,3,274,02b60d4f69b4d638,200,1
bwapp,login,CG-Static,6,3,275,8cd1904cd85e615f,200,1
bwapp,login,CG-Static,6,3,276,ea73207d72ec46d7,200,1
bwapp,login,CG-Static,6,3,277,8a87be8e8cd90826,200,1
bwapp,login,CG-Static,6,3,278,2b6880a097bfeb19,200,1
bwapp,login,CG-Static,6,3,279,ca34f32f8a04596f,200,1
bwapp,login,CG-Static,6,3,280,f9cbd47f09550a46,200,1
bwapp,login,CG-Static,6,3,281,642fa3fbf032abed,200,1
bwapp,login,CG-Static,6,3,282,0fefb3cbc14cff1b,200,1
bwapp,login,CG-Static,6,3,283,0fc8532d09255585,200,1
bwapp,login,CG-Static,6,3,284,40188dbc1cc084e0,200,1
bwapp,login,CG-Static,6,3,285,48146912f8200906,200,1
bwapp,login,CG-Static,6,3,286,aba0c2d888f337ac,200,1
bwapp,login,CG-Static,6,3,287,53543f3ab16f0b4c,200,1
bwapp,login,CG-Static,6,3,288,cf37a732195a4415,200,1
bwapp,login,CG-Static,6,3,289,80afd13bd09080b4,200,1
bwapp,login,CG-Static,6,3,290,4b4f9f507e108a56,200,1
bwapp,login,CG-Static,6,3,291,723b9056c09e2b3a,200,1
bwapp,login,CG-Static,6,3,292,95d53a5891d8d5bf,200,1
bwapp,login,CG-Static,6,3,293,d5dc2290feb792e7,200,1
bwapp,login,CG-Static,6,3,294,dbbdbaef6ed6da14,200,1
bwapp,login,CG-Static,6,3,295,0f23304b545afe0a,200,1
bwapp,login,CG-Static,6,3,296,5befa4b2d538efbf,200,1
bwapp,login,CG-Static,6,3,297,c29e0edea10656c3,200,1
bwapp,login,CG-Static,6,3,298,a54317bf12f255e3,200,1
bwapp,login,CG-Static,6,3,299,c75a4807aaa057a1,200,1
bwapp,login,CG-Static,6,3,300,d5b0eda0354b1551,200,1
bwapp,login,CG-Static,6,3,301,bb9b6c1dc03fec6c,200,1
bwapp,login,CG-Static,6,3,302,a1e20884bbe8440a,200,1
bwapp,login,CG-Static,6,3,303,be114cbbc162166f,200,1
bwapp,login,CG-Static,6,3,304,4538a3739c5d4d8b,200,1
bwapp,login,CG-Static,6,3,305,9b38945840581478,200,1
bwapp,login,CG-Static,6,3,306,99b38f52c945af86,200,1
bwapp,login,CG-Static,6,3,307,a541b828d535fb2f,200,1
bwapp,login,CG-Static,6,3,308,2e0000b286041cc1,200,1
bwapp,login,CG-Static,6,3,309,a5719c59b5bcb3d8,200,1
bwapp,login,CG-Static,6,3,310,85f4a2e1ab4c1246,200,1
bwapp,login,CG-Static,6,3,311,52832bfb5d7443c7,200,1
bwapp,login,CG-Static,6,3,312,b1e68bf5e2d116cd,200,1
bwapp,login,CG-Static,6,3,313,964134a86658b077,200,1
bwapp,login,CG-Static,6,3,314,70abd4514c1ccfcd,200,1
bwapp,login,CG-Static,6,3,315,5714c5839b92ceaa,200,1
bwapp,login,CG-Static,6,3,316,0aefa7c5f2b79bce,200,1
bwapp,login,CG-Static,6,3,317,23aafb7d2e062333,200,1
bwapp,login,CG-Static,6,3,318,b57661a46cfe9b54,200,1
bwapp,login,CG-Static,6,3,319,843e6cb17ed332e1,200,1
bwapp,login,CG-Static,6,3,320,c7665b0adb49fe06,200,1
bwapp,login,CG-Static,6,3,321,fd017d2ccd1620f5,200,1
bwapp,login,CG-Static,6,3,322,2a2e4a5e4e354753,200,1
bwapp,login,CG-Static,6,3,323,7d8e6497f7514e51,200,1
bwapp,login,CG-Static,6,3,324,553120b3e564e60a,200,1
bwapp,login,CG-Static,6,3,325,a395acb7300a88a8,200,1
bwapp,login,CG-Static,6,3,326,9cf757b830d250cb,200,1
bwapp,login,CG-Static,6,3,327,ac59fba25c2d8d53,200,1
bwapp,login,CG-Static,6,3,328,292f166bc0c17e56,200,1
bwapp,login,CG-Static,6,3,329,dabdd839fcf30bf3,200,1
bwapp,login,CG-Static,6,3,330,14a795bc341d9f18,200,1
bwapp,login,CG-Static,6,3,331,1af55dfa15ce4e9c,200,1
bwapp,login,CG-Static,6,3,332,c27fa68fe543b877,200,1
bwapp,login,CG-Static,6,3,333,973c036e725cd509,200,1
bwapp,login,CG-Static,6,3,334,d78215fb757b304e,200,1
bwapp,login,CG-Static,6,3,335,e1704aab5aafd969,200,1
bwapp,login,CG-Static,6,3,336,052a8ecbf2446620,200,1
bwapp,login,CG-Static,6,3,337,28597953c8fc08cc,200,1
bwapp,login,CG-Static,6,3,338,371b2d92e7d46651,200,1
bwapp,login,CG-Static,6,3,339,af5e209ab670f8a0,200,1
bwapp,login,CG-Static,6,3,340,ff6ad94e7dd331c3,200,1
bwapp,login,CG-Static,6,3,341,c4b164a143a63bb7,200,1
bwapp,login,CG-Static,6,3,342,e844762021766469,200,1
bwapp,login,CG-Static,6,3,343,2d0776999ec42df0,200,1
bwapp,login,CG-Static,6,3,344,5e1a7736dd04a43e,200,1
bwapp,login,CG-Static,6,3,345,553aba71b2e81bf0,200,1
bwapp,login,CG-Static,6,3,346,867b3fe255c57ae6,200,1
bwapp,login,CG-Static,6,3,347,5604550bde8f6da9,200,1
bwapp,login,CG-Static,6,3,348,0fa7762f9e868705,200,1
bwapp,login,CG-Static,6,3,349,10c5629f87eb7d47,200,1
bwapp,login,CG-Static,6,3,350,e88087149739ee11,200,1
bwapp,login,CG-Static,6,3,351,f48926846db9330a,200,1
bwapp,login,CG-Static,6,3,352,e3c9f0494d083d98,200,1
bwapp,login,CG-Static,6,3,353,da0ce2f406dcc4f5,200,1
bwapp,login,CG-Static,6,3,354,f4c3ed4ec6dd5f19,200,1
bwapp,login,CG-Static,6,3,355,bc413a1933d35c37,200,1
bwapp,login,CG-Static,6,3,356,d36ad89f5004d475,200,1
bwapp,login,CG-Static,6,3,357,38f713688e37f4da,200,1
bwapp,login,CG-Static,6,3,358,244f8e0474002fdd,200,1
bwapp,login,CG-Static,6,3,359,f91ba95f5acd5095,200,1
bwapp,login,CG-Static,6,3,360,698fa34e976e440a,200,1
bwapp,login,CG-Static,6,3,361,eb1d492d122f2e26,200,1
bwapp,login,CG-Static,6,3,362,0ee31c454ef29d95,200,1
bwapp,login,CG-Static,6,3,363,89e8ee21ca15c6ce,200,1
bwapp,login,CG-Static,6,3,364,54e26b2996187a49,200,1
bwapp,login,CG-Static,6,3,365,3ab38948a27dbc5b,200,1
bwapp,login,CG-Static,6,3,366,8f26ad71106c2796,200,1
bwapp,login,CG-Static,6,3,367,de4aa66d50db95b3,200,1
bwapp,login,CG-Static,6,3,368,47f9f52f81a5eebc,200,1
bwapp,login,CG-Static,6,3,369,bfac4aef61822d35,200,1
bwapp,login,CG-Static,6,3,370,89271fc82cbb6a2c,200,1
bwapp,login,CG-Static,6,3,371,0c1524b454c249fa,200,1
bwapp,login,CG-Static,6,3,372,82577471e33dd870,200,1
bwapp,login,CG-Static,6,3,373,551ded890083de59,200,1
bwapp,login,CG-Static,6,3,374,8c823e135def5d01,200,1
bwapp,login,CG-Static,6,3,375,ade1d676b1342237,200,1
bwapp,login,CG-Static,6,3,376,1a2348ad882df917,200,1
bwapp,login,CG-Static,6,3,377,67ca34ad043017e4,200,1
bwapp,login,CG-Static,6,3,378,297d78cceb5f2bfd,200,1
bwapp,login,CG-Static,6,3,379,8118c7ae2560bd65,200,1
bwapp,login,CG-Static,6,3,380,83d2acdfa6dcb61b,200,1
bwapp,login,CG-Static,6,3,381,4f49509b21db63f5,200,1
bwapp,login,CG-Static,6,3,382,79cf89ef7efc8c14,200,1
bwapp,login,CG-Static,6,3,383,629a47fe41de8425,200,1
bwapp,login,CG-Static,6,3,384,aedc767aa2635bd8,200,1
bwapp,login,CG-Static,6,3,385,f3e52e8c708096b0,200,1
bwapp,login,CG-Static,6,3,386,0107a54b6c4c68b4,200,1
bwapp,login,CG-Static,6,3,387,dd857e2d7174f847,200,1
bwapp,login,CG-Static,6,3,388,370c662e3844c737,200,1
bwapp,login,CG-Static,6,3,389,5232bfe6b0be1785,200,1
bwapp,login,CG-Static,6,3,390,fff3ab38d56fcecd,200,1
bwapp,login,CG-Static,6,3,391,9fdd68066658d641,200,1
bwapp,login,CG-Static,6,3,392,f2320b666997e40b,200,1
bwapp,login,CG-Static,6,3,393,30384642488fa616,200,1
bwapp,login,CG-Static,6,1,3,255206005715029c,200,1
bwapp,login,CG-Static,6,1,9,45549fd64df11d22,200,1
bwapp,login,CG-Static,6,1,13,dd7ee40afca7eed7,200,1
bwapp,login,CG-Static,6,1,22,2dbe74ea4e3e98a7,200,1
bwapp,login,CG-Static,6,1,25,9a109e43afc24e90,200,1
bwapp,login,CG-Static,6,1,27,c9c2e147fc79e6a2,200,1
bwapp,login,CG-Static,6,1,44,2992bd39b77afe2a,200,1
bwapp,login,CG-Static,6,1,61,987fbe62baeddca5,200,1
bwapp,login,CG-Static,6,1,64,2342878c51a8473b,200,1
bwapp,login,CG-Static,6,1,79,8a3dfe3688675b1d,200,1
bwapp,login,CG-Static,6,1,89,d6d1a4297195d716,200,1
bwapp,login,CG-Static,6,1,111,95582b453ea89178,200,1
bwapp,login,CG-Static,6,1,118,cbfc9a27734986ba,200,1
bwapp,login,CG-Static,6,1,138,f5609491482fcbb2,200,1
bwapp,login,CG-Static,6,1,170,87b0e932cdc4ab44,200,1
bwapp,login,CG-Static,6,1,177,4fdccb4cc93accd6,200,1
bwapp,login,CG-Static,6,2,2,1f2dcef571bfc262,200,1
bwapp,login,CG-Static,6,2,13,e59d4d75b39d68a7,200,1
bwapp,login,CG-Static,6,2,19,792c6ccdb1dcc8c0,200,1
bwapp,login,CG-Static,6,2,25,9669b5f7dede6953,200,1
bwapp,login,CG-Static,6,2,31,2dbe74ea4e3e98a7,200,1
bwapp,login,CG-Static,6,2,35,67f1d72252604c0f,200,1
bwapp,login,CG-Static,6,2,42,55f436c696963218,200,1
bwapp,login,CG-Static,6,2,49,095611010f66aa3a,200,1
bwapp,login,CG-Static,6,2,56,ba0403fd4e4afb08,200,1
bwapp,login,CG-Static,6,2,69,1bd00bbf05258f87,200,1
bwapp,login,CG-Static,6,2,76,07a4bbbc1cd06e3e,200,1
bwapp,login,CG-Static,6,2,91,1d97d81b4382a6d8,200,1
bwapp,login,CG-Static,6,2,96,3abd81c77d46f151,200,1
bwapp,login,CG-Static,6,2,103,13228273647b18cb,200,1
bwapp,login,CG-Static,6,2,106,6b97e70b86575e31,200,1
bwapp,login,CG-Static,6,2,120,439c1991264cbcf9,200,1
bwapp,login,CG-Static,6,2,124,f798220ef73585f7,200,1
bwapp,login,CG-Static,6,2,125,aec78e7d0dadee61,200,1
bwapp,login,CG-Static,6,2,129,ac2940077b4d5eeb,200,1
bwapp,login,CG-Static,6,2,135,39edeb941f2ba968,200,1
bwapp,login,CG-Static,6,2,139,e778590400f35f57,200,1
bwapp,login,CG-Static,6,2,152,8dd9dcee35a64592,200,1
bwapp,login,CG-Static,6,2,155,56fcfde248fd9791,200,1
bwapp,login,CG-Static,6,2,158,d673e37b9fd9c10a,200,1
bwapp,login,CG-Static,6,2,160,670fd1eb31b1aac9,200,1
bwapp,login,CG-Static,6,2,190,613740efba4223d7,200,1
bwapp,login,CG-Static,6,2,195,d71e0ad8e93c7bba,200,1
bwapp,login,CG-Static,6,2,197,599693203ecc2fd5,200,1
bwapp,login,CG-Static,6,2,201,c91bed530bdbae38,200,1
bwapp,login,CG-Static,6,2,204,b4f7c4a19178f52b,200,1
bwapp,login,CG-Static,6,2,207,14088862c51f4367,200,1
bwapp,login,CG-Static,6,2,217,6e81ffcba4903f2f,200,1
bwapp,login,CG-Static,6,2,220,deffcc49120559df,200,1
bwapp,login,CG-Static,6,2,224,9c26b84475752225,200,1
bwapp,login,CG-Static,6,2,226,1eff0633d93765a2,200,1
bwapp,login,CG-Static,6,2,229,e4edb2833734c317,200,1
bwapp,login,CG-Static,6,2,232,6dcbde035d683838,200,1
bwapp,login,CG-Static,6,2,236,67c2eb4bd5ea1a01,200,1
bwapp,login,CG-Static,6,2,241,05465e1c1b858582,200,1
bwapp,login,CG-Static,6,2,244,062c0f3bae58f3ca,200,1
bwapp,login,CG-Static,6,2,249,582d0bb2f626e712,200,1
bwapp,login,CG-Static,6,2,251,e99a0890c57a1322,200,1
bwapp,login,CG-Static,6,2,254,8e7573f116a0bd3f,200,1
bwapp,login,CG-Static,6,2,255,1b9285b441c82b94,200,1
bwapp,login,CG-Static,6,2,257,ebc9577993c642ba,200,1
bwapp,login,CG-Static,6,2,258,c68ee6a65490e612,200,1
bwapp,login,CG-Static,6,2,260,ae003d4b1a9f891f,200,1
bwapp,login,CG-Static,6,2,261,c978165e8199f79b,200,1
bwapp,login,CG-Static,6,2,262,db5ba2ff499b2c10,200,1
bwapp,login,CG-Static,6,2,263,e2b69b0b329b654f,200,1
bwapp,login,CG-Static,6,2,265,22a4f68e6215d6db,200,1
bwapp,login,CG-Static,6,2,267,d11736b3448d18b7,200,1
bwapp,login,CG-Static,6,2,269,6970b5a5362bbd63,200,1
bwapp,login,CG-Static,6,2,271,06899696ce865b12,200,1
bwapp,login,CG-Static,6,2,273,6b4294c5df6b542a,200,1
bwapp,login,CG-Static,6,2,274,37d371bf1c0843a2,200,1
bwapp,login,CG-Static,6,2,276,8ba3303275d2582b,200,1
bwapp,login,CG-Static,6,2,277,eafe0bdc376247a8,200,1
bwapp,login,CG-Static,6,2,278,3b833a1235a21957,200,1
bwapp,login,CG-Static,6,2,280,5d32c6d15b3313e7,200,1
bwapp,login,CG-Static,6,2,281,70f1de27c5729b12,200,1
bwapp,login,CG-Static,6,2,283,06794271c6df2259,200,1
bwapp,login,CG-Static,6,2,284,43ba608160c80804,200,1
bwapp,login,CG-Static,6,2,285,46e0c03de5e98da5,200,1
bwapp,login,CG-Static,6,2,286,049982686e908da8,200,1
bwapp,login,CG-Static,6,2,288,3df1ac2b75110718,200,1
bwapp,login,CG-Static,6,2,293,1547461e39d3d6dc,200,1
bwapp,login,CG-Static,6,2,295,3cca637365236605,200,1
bwapp,login,CG-Static,6,2,297,80976aede71ef2d6,200,1
bwapp,login,CG-Static,6,2,301,9d8895f796383f5a,200,1
bwapp,login,CG-Static,6,2,303,2e5685cf7c94d40b,200,1
bwapp,login,CG-Static,6,2,304,93ef852920fa484e,200,1
bwapp,login,CG-Static,6,2,306,8acb8bc36bd939cd,200,1
bwapp,login,CG-Static,6,2,307,271b9ba74cde57bf,200,1
bwapp,login,CG-Static,6,2,309,fa89639440835784,200,1
bwapp,login,CG-Static,6,2,310,c7affa2e26cf0e4a,200,1
bwapp,login,CG-Static,6,2,311,9cd44486674cee1b,200,1
bwapp,login,CG-Static,6,2,313,8925e405f974b560,200,1
bwapp,login,CG-Static,6,2,315,c52316ac7957f007,200,1
bwapp,login,CG-Static,6,2,316,a2620364b8e17d8a,200,1
bwapp,login,CG-Static,6,2,317,f108906ecba3cb39,200,1
bwapp,login,CG-Static,6,2,318,2d45cb4e682af761,200,1
bwapp,login,CG-Static,6,2,320,bd1f5384c62a3e8d,200,1
bwapp,login,CG-Static,6,2,321,3c8add82eb4404bc,200,1
bwapp,login,CG-Static,6,2,323,35a456ddbb81f8f5,200,1
bwapp,login,CG-Static,6,2,324,e3396b535780bd60,200,1
bwapp,login,CG-Static,6,2,327,b97642dc7246a503,200,1
bwapp,login,CG-Static,6,2,329,673cc8eddf2a0790,200,1
bwapp,login,CG-Static,6,2,333,8dc0e70058bb0b96,200,1
bwapp,login,CG-Static,6,2,334,b8153ec81f7febad,200,1
bwapp,login,CG-Static,6,2,335,c11a8e77acb9e72d,200,1
bwapp,login,CG-Static,6,2,338,36484afff911928f,200,1
bwapp,login,CG-Static,6,2,339,915c2be37996924b,200,1
bwapp,login,CG-Static,6,2,340,2dc7eb65ea5094fc,200,1
bwapp,login,CG-Static,6,2,342,ea44db2c91c45063,200,1
bwapp,login,CG-Static,6,2,344,30dca0c311fbd941,200,1
bwapp,login,CG-Static,6,2,345,f1287353f3a3e5b2,200,1
bwapp,login,CG-Static,6,2,346,042855d00d3cd320,200,1
bwapp,login,CG-Static,6,2,348,43965ac6bddb0e97,200,1
bwapp,login,CG-Static,6,2,349,20a23aca442c84e3,200,1
bwapp,login,CG-Static,6,2,350,bc01af2fc316c89f,200,1
bwapp,login,CG-Static,6,2,351,7057dbe627be2a71,200,1
bwapp,login,CG-Static,6,2,353,feb94dff82b3cb67,200,1
bwapp,login,CG-Static,6,2,354,7cdb76b80f09120a,200,1
bwapp,login,CG-Static,6,2,356,2ca33e6c7041d7ab,200,1
bwapp,login,CG-Static,6,2,358,ce0cfa958d5002c6,200,1
bwapp,login,CG-Static,6,2,359,a87ee61f42d32793,200,1
bwapp,login,CG-Static,6,2,361,e09c11f5ba7814b8,200,1
bwapp,login,CG-Static,6,2,362,994ab33b0e527ed6,200,1
bwapp,login,CG-Static,6,2,363,8e0511249b5d27f3,200,1
bwapp,login,CG-Static,6,2,364,82cdbe0944ad6ecf,200,1
bwapp,login,CG-Static,6,2,366,bc36baa9fcb1a182,200,1
bwapp,login,CG-Static,6,2,367,8e7ed542e091ae36,200,1
bwapp,login,CG-Static,6,2,368,7347c59ac42e652e,200,1
bwapp,login,CG-Static,6,2,369,a532cf5ea1e79bf3,200,1
bwapp,login,CG-Static,6,2,370,b562121c5983b99a,200,1
bwapp,login,CG-Static,6,2,371,12b203765e13cf28,200,1
bwapp,login,CG-Static,6,2,373,e1a9490e85b90468,200,1
bwapp,login,CG-Static,6,2,375,73a8658fe139fee5,200,1
bwapp,login,CG-Static,6,2,376,e6aebeb57be60f79,200,1
bwapp,login,CG-Static,6,2,377,44ac446b453d44eb,200,1
bwapp,login,CG-Static,6,2,379,b9b1cf1ac75fede2,200,1
bwapp,login,CG-Static,6,4,15,6014ea54718eda80,200,1
bwapp,login,CG-Static,6,4,16,25c5c07f8215fa8a,200,1
bwapp,login,CG-Static,6,4,22,255206005715029c,200,1
bwapp,login,CG-Static,6,4,31,d0d539d52f03e096,200,1
bwapp,login,CG-Static,6,4,36,08e0f225d4dde6a9,200,1
bwapp,login,CG-Static,6,4,41,5db89db2664d9830,200,1
bwapp,login,CG-Static,6,4,43,116215ae9926d5b8,200,1
bwapp,login,CG-Static,6,4,47,8714d20812618b72,200,1
bwapp,login,CG-Static,6,4,55,3a535ec3fc9a3921,200,1
bwapp,login,CG-Static,6,4,70,25e33d5746c5bfd7,200,1
bwapp,login,CG-Static,6,4,81,92b3ec17c995ea42,200,1
bwapp,login,CG-Static,6,4,87,670fd1eb31b1aac9,200,1
bwapp,login,CG-Static,6,4,96,57784b4ffa634e01,200,1
bwapp,login,CG-Static,6,4,104,8043fe0df6176621,200,1
bwapp,login,CG-Static,6,4,111,ca98c50df447399c,200,1
bwapp,login,CG-Static,6,4,123,6386ecb4e6f1a42d,200,1
bwapp,login,CG-Static,6,4,130,eeb0eeec58cf1492,200,1
bwapp,login,CG-Static,6,4,131,90a8037508f1f2c2,200,1
bwapp,login,CG-Static,6,4,134,2366741bc9676a0c,200,1
bwapp,login,CG-Static,6,4,139,26cd9cd17fa60c06,200,1
bwapp,login,CG-Static,6,4,141,531dc2790d71b4a7,200,1
bwapp,login,CG-Static,6,4,147,9dccb557bc53fb66,200,1
bwapp,login,CG-Static,6,4,154,77e2f998f2dec5da,200,1
bwapp,login,CG-Static,6,4,167,4b0d062ba309f2b9,200,1
bwapp,login,CG-Static,6,4,169,fc6dac4b2cce6e4c,200,1
bwapp,login,CG-Static,6,4,172,20f0834d51035aa4,200,1
bwapp,login,CG-Static,6,4,175,16bd1601b7e3d9c0,200,1
bwapp,login,CG-Static,6,4,178,d04f07b7489187f6,200,1
bwapp,login,CG-Static,6,4,179,382b6b0165dd1198,200,1
bwapp,login,CG-Static,6,4,180,99cc16f328006a48,200,1
bwapp,login,CG-Static,6,4,181,af57076502e57375,200,1
bwapp,login,CG-Static,6,4,183,972cd4b9013d28e2,200,1
bwapp,login,CG-Static,6,4,189,698ec9d95b0caccf,200,1
bwapp,login,CG-Static,6,4,195,251f2c15aa8e0118,200,1
bwapp,login,CG-Static,6,4,202,0d90c48cf2305c9d,200,1
bwapp,login,CG-Static,6,4,205,7c315497a64db4bb,200,1
bwapp,login,CG-Static,6,4,207,ca467d36099627e2,200,1
bwapp,login,CG-Static,6,4,209,2d56accd032ecfea,200,1
bwapp,login,CG-Static,6,4,214,ffaa69b3e3b0e3ca,200,1
bwapp,login,CG-Static,6,4,217,c3450a2b6bef7772,200,1
bwapp,login,CG-Static,6,4,219,11a0a36f607ff1fb,200,1
bwapp,login,CG-Static,6,4,222,5765403d75d4079f,200,1
bwapp,login,CG-Static,6,4,223,f9f351eef7479cc0,200,1
bwapp,login,CG-Static,6,4,225,881587de2eb58618,200,1
bwapp,login,CG-Static,6,4,226,41bcaeac4b37a2cb,200,1
bwapp,login,CG-Static,6,4,228,6eb5785034096639,200,1
bwapp,login,CG-Static,6,4,231,34018d5177c01e4c,200,1
bwapp,login,CG-Static,6,4,234,0e0368b115493907,200,1
bwapp,login,CG-Static,6,4,237,3fd16b9ebb2bdfe1,200,1
bwapp,login,CG-Static,6,4,241,6043affbdf6bfd51,200,1
bwapp,login,CG-Static,6,4,243,b2300969c2b36f52,200,1
bwapp,login,CG-Static,6,4,246,ee8d4dd0dda9238d,200,1
bwapp,login,CG-Static,6,4,247,ecddacd5288e863d,200,1
bwapp,login,CG-Static,6,4,252,82b1637201b7ebd3,200,1
bwapp,login,CG-Static,6,4,253,000f4d8a182ffb63,200,1
bwapp,login,CG-Static,6,4,254,bf555d0c1d7ccc55,200,1
bwapp,login,CG-Static,6,4,256,d701ec36c951bac9,200,1
bwapp,login,CG-Static,6,4,259,8968bfb0aec2f120,200,1
bwapp,login,CG-Static,6,4,260,2597d5b484b57b0e,200,1
bwapp,login,CG-Static,6,4,263,7b02c6f2b8b1ce6e,200,1
bwapp,login,CG-Static,6,4,264,640686314beca4bd,200,1
bwapp,login,CG-Static,6,4,265,b80904baac1f1402,200,1
bwapp,login,CG-Static,6,4,266,bc80f5cea24ea99a,200,1
bwapp,login,CG-Static,6,4,267,49c16a2bedbf711d,200,1
bwapp,login,CG-Static,6,4,268,254abb9b9d86996b,200,1
bwapp,login,CG-Static,6,4,269,5c482208392a02fc,200,1
bwapp,login,CG-Static,6,4,271,625fccaa22b4c113,200,1
bwapp,login,CG-Static,6,4,275,100ac9f7f82e7111,200,1
bwapp,login,CG-Static,6,4,276,a4c66e3db03e9944,200,1
bwapp,login,CG-Static,6,4,277,f1762d19b9768957,200,1
bwapp,login,CG-Static,6,4,280,9a86551a6ce5a0eb,200,1
bwapp,login,CG-Static,6,4,281,64d7328a2156e5cc,200,1
bwapp,login,CG-Static,6,4,282,e027e6ab8eeb10f8,200,1
bwapp,login,CG-Static,6,4,283,469ce417185650e9,200,1
bwapp,login,CG-Static,6,4,284,87faf263c7e70e53,200,1
bwapp,login,CG-Static,6,4,285,783b1945ba0d039b,200,1
bwapp,login,CG-Static,6,4,286,e8e9fa07124de619,200,1
bwapp,login,CG-Static,6,4,287,c9bdc9f00f840f4c,200,1
bwapp,login,CG-Static,6,4,288,03c180bc3ec71ede,200,1
bwapp,login,CG-Static,6,4,290,3d212423e7796698,200,1
bwapp,login,CG-Static,6,4,291,89350a4e7e70bf3a,200,1
bwapp,login,CG-Static,6,4,293,e9b4ff6dd97945a7,200,1
bwapp,login,CG-Static,6,4,294,9c443bef785e0346,200,1
bwapp,login,CG-Static,6,4,296,40775de899d23ab1,200,1
bwapp,login,CG-Static,6,4,298,2a9e191a127cd060,200,1
bwapp,login,CG-Static,6,4,299,cd602ba99ced85f3,200,1
bwapp,login,CG-Static,6,4,300,03e53c300baeff8d,200,1
bwapp,login,CG-Static,6,4,301,ba9b8d2ba7dc2e5a,200,1
bwapp,login,CG-Static,6,4,303,b94b27c51f2b3ba7,200,1
bwapp,login,CG-Static,6,4,304,b92e1668b5337484,200,1
bwapp,login,CG-Static,6,4,305,76c64e403278c897,200,1
bwapp,login,CG-Static,6,4,306,f441f51e5470384e,200,1
bwapp,login,CG-Static,6,4,307,dad89ad00ed9cdb7,200,1
bwapp,login,CG-Static,6,4,308,ad50a6e3315c4e4d,200,1
bwapp,login,CG-Static,6,4,310,cacd17f75b5017e7,200,1
bwapp,login,CG-Static,6,4,311,eb0d627eaf54ecf9,200,1
bwapp,login,CG-Static,6,4,312,957449d8921aaa6d,200,1
bwapp,login,CG-Static,6,4,313,e4e9d5808a218471,200,1
bwapp,login,CG-Static,6,4,314,42a48f53c967120d,200,1
bwapp,login,CG-Static,6,4,315,9f04e6b903be8237,200,1
bwapp,login,CG-Static,6,4,316,2dbd44664d177bee,200,1
bwapp,login,CG-Static,6,4,318,00174e40fe95121e,200,1
bwapp,login,CG-Static,6,4,319,aeab66a83c0fcccf,200,1
bwapp,login,CG-Static,6,4,320,a28019f94c555f00,200,1
bwapp,login,CG-Static,6,4,321,65c8e4e082e28284,200,1
bwapp,login,CG-Static,6,4,322,2ae742285daf2cca,200,1
bwapp,login,CG-Static,6,4,323,ceae6218278fee02,200,1
bwapp,login,CG-Static,6,4,325,df71d56b5908a80f,200,1
bwapp,login,CG-Static,6,4,326,4e568888aa903074,200,1
bwapp,login,CG-Static,6,4,327,af7ed6c8179b8a67,200,1
bwapp,login,CG-Static,6,4,328,64bd99b098717078,200,1
bwapp,login,CG-Static,6,4,329,eb6b033747f4e6e5,200,1
bwapp,login,CG-Static,6,4,330,3554634cfbd3e2ec,200,1
bwapp,login,CG-Static,6,4,331,ca3e21c3af8ff805,200,1
bwapp,login,CG-Static,6,4,332,e1e77e99b518d668,200,1
bwapp,login,CG-Static,6,4,334,9264065749b6938d,200,1
bwapp,login,CG-Static,6,4,335,0f0daebc48b5b9f7,200,1
bwapp,login,CG-Static,6,4,336,9186553ade40351b,200,1
bwapp,login,CG-Static,6,4,337,264770ae64358cdb,200,1
bwapp,login,CG-Static,6,4,338,23a72e6048437a9f,200,1
bwapp,login,CG-Static,6,4,339,af5d48da0213950c,200,1
bwapp,login,CG-Static,6,4,340,5f338605bd4f265c,200,1
bwapp,login,CG-Static,6,4,341,c68fcb8d7e32fe12,200,1
bwapp,login,CG-Static,6,4,343,96d7cbae535a778c,200,1
bwapp,login,CG-Static,6,4,345,599ab31f216074e3,200,1
bwapp,login,CG-Static,6,4,346,bdd69f14090e8272,200,1
bwapp,login,CG-Static,6,4,347,85a31657cb9f1a97,200,1
bwapp,login,CG-Static,6,4,349,58784b57c5bca695,200,1
bwapp,login,CG-Static,6,4,350,8815382b2f3ee9d4,200,1
bwapp,login,CG-Static,6,4,351,564b213481d33317,200,1
bwapp,login,CG-Static,6,4,352,79123334345c15ef,200,1
bwapp,login,CG-Static,6,4,353,ae998c828c377ee5,200,1
bwapp,login,CG-Static,6,4,354,c30ec60dcadb2da9,200,1
bwapp,login,CG-Static,6,4,355,0b538775351413db,200,1
bwapp,login,CG-Static,6,4,356,e4f5c1dcf501df28,200,1
bwapp,login,CG-Static,6,4,357,28e71a937608b39c,200,1
bwapp,login,CG-Static,6,4,359,26c465ebebf5796f,200,1
bwapp,login,CG-Static,6,4,360,4f9de2020dd858b1,200,1
bwapp,login,CG-Static,6,4,361,72754a64f5364f7c,200,1
bwapp,login,CG-Static,6,4,362,8a1ee24dec92efff,200,1
bwapp,login,CG-Static,6,4,363,b3b21217c2c42838,200,1
bwapp,login,CG-Static,6,4,364,014b21105540753d,200,1
bwapp,login,CG-Static,6,4,365,249aa221a4e2db3a,200,1
bwapp,login,CG-Static,6,4,366,5d60ef12d3791733,200,1
bwapp,login,CG-Static,6,4,367,378d524a095a09b2,200,1
bwapp,login,CG-Static,6,4,368,99674d79e741fba2,200,1
bwapp,login,CG-Static,6,4,369,f7d947b8121d5c3b,200,1
bwapp,login,CG-Static,6,4,370,4d4d20859ad2099f,200,1
bwapp,login,CG-Static,6,4,372,ad2d8d3933358a07,200,1
bwapp,login,CG-Static,6,4,373,fca4de6a46e089e3,200,1
bwapp,login,CG-Static,6,4,374,1d0c114bdc70e06e,200,1
bwapp,login,CG-Static,6,4,375,aef395d49ea008c7,200,1
bwapp,login,CG-Static,6,4,376,d7039992db9bbf80,200,1
bwapp,login,CG-Static,6,4,377,5bfcafff83206a51,200,1
bwapp,login,CG-Static,6,4,378,8effc2bea5653376,200,1
bwapp,login,CG-Static,6,4,379,94a53913901b5a60,200,1
bwapp,login,CG-Static,6,4,380,28a7ee3f4224c295,200,1
bwapp,login,CG-Static,6,4,381,02b79be51f956271,200,1
bwapp,login,CG-Static,6,4,382,37a04a6a7a5b39bf,200,1
bwapp,login,CG-Static,6,4,383,3fba675837002ec8,200,1
bwapp,login,CG-Static,6,4,384,60a413a2fbe33a99,200,1
bwapp,login,CG-Static,6,4,385,57b76aec720d055b,200,1
bwapp,login,CG-Static,6,4,386,ad2c9c0edfb358de,200,1
bwapp,login,CG-Static,6,4,387,230e60983d5d5ea7,200,1
bwapp,login,CG-Static,6,4,388,b6bda07ef856f648,200,1
bwapp,login,CG-Static,6,4,389,fc42233aa304b446,200,1
bwapp,login,CG-Static,6,5,2,2dbe74ea4e3e98a7,200,1
bwapp,login,CG-Static,6,5,10,736e02e9ddb128ed,200,1
bwapp,login,CG-Static,6,5,14,e59d4d75b39d68a7,200,1
bwapp,login,CG-Static,6,5,19,255206005715029c,200,1
bwapp,login,CG-Static,6,5,22,5b8cc883a8165456,200,1
bwapp,login,CG-Static,6,5,45,8acff7cb0ce57195,200,1
bwapp,login,CG-Static,6,5,51,d2b51b00f2c7bb83,200,1
bwapp,login,CG-Static,6,5,56,76a1c43f318abdcf,200,1
bwapp,login,CG-Static,6,5,63,4b223a614746635c,200,1
bwapp,login,CG-Static,6,5,76,3f8845b8e34c9fde,200,1
bwapp,login,CG-Static,6,5,89,52d5062899c791c2,200,1
bwapp,login,CG-Static,6,5,92,9de952670debdf5c,200,1
bwapp,login,CG-Static,6,5,94,92288daa2e2d3000,200,1
bwapp,login,CG-Static,6,5,100,5458dfb6a4c6fbe0,200,1
bwapp,login,CG-Static,6,5,112,89809af066989205,200,1
bwapp,login,CG-Static,6,5,115,91199e99e85be923,200,1
bwapp,login,CG-Static,6,5,119,9f6e40763d4c89d9,200,1
bwapp,login,CG-Static,6,5,121,190c99c39926a186,200,1
bwapp,login,CG-Static,6,5,122,6711eae9919f2fce,200,1
bwapp,login,CG-Static,6,5,124,2992fa065fc46d39,200,1
bwapp,login,CG-Static,6,5,128,0bf07f17df467f5f,200,1
bwapp,login,CG-Static,6,5,130,f084c0ee1f4e222c,200,1
bwapp,login,CG-Static,6,5,134,5dd6f997e6bebfdb,200,1
bwapp,login,CG-Static,6,5,136,56f65c754b3155c0,200,1
bwapp,login,CG-Static,6,5,138,9a6014aa6126c641,200,1
bwapp,login,CG-Static,6,5,140,85a840d3bef281fc,200,1
bwapp,login,CG-Static,6,5,144,a690e79fa5265502,200,1
bwapp,login,CG-Static,6,5,146,7b1d780d3c1d36bb,200,1
bwapp,login,CG-Static,6,5,147,d335ebe10f45ef9f,200,1
bwapp,login,CG-Static,6,5,148,d8e57ae070191ea3,200,1
bwapp,login,CG-Static,6,5,149,530256a0ad3f6b45,200,1
bwapp,login,CG-Static,6,5,150,6d572a2c3cc2cbb7,200,1
bwapp,login,CG-Static,6,5,151,4b5710a95537ac2a,200,1
bwapp,login,CG-Static,6,5,152,55b231583c14f854,200,1
bwapp,login,CG-Static,6,5,153,f38bab250ab30e07,200,1
bwapp,login,CG-Static,6,5,155,63c3fe36777f89d4,200,1
bwapp,login,CG-Static,6,5,156,5e320d7fbcbf1cdc,200,1
bwapp,login,CG-Static,6,5,157,fda4903ccbb9753b,200,1
bwapp,login,CG-Static,6,5,161,c25dc990c0aa93a2,200,1
bwapp,login,CG-Static,6,5,165,439b1c5bf46c1819,200,1
bwapp,login,CG-Static,6,5,169,72f0a52502f32f65,200,1
bwapp,login,CG-Static,6,5,173,c90980a92f599f68,200,1
bwapp,login,CG-Static,6,5,177,49a2a225d377cd04,200,1
bwapp,login,CG-Static,6,5,178,6165af1a63c85c91,200,1
bwapp,login,CG-Static,6,5,179,dafbaa84443930a4,200,1
bwapp,login,CG-Static,6,5,180,0550b324b332366b,200,1
bwapp,login,CG-Static,6,5,181,72bf8befe76158fe,200,1
bwapp,login,CG-Static,6,5,182,375d885f31811f16,200,1
bwapp,login,CG-Static,6,5,184,686294395c35e118,200,1
bwapp,login,CG-Static,6,5,185,05d6884b2ea86f9d,200,1
bwapp,login,CG-Static,6,5,186,cd99abe31832515f,200,1
bwapp,login,CG-Static,6,5,187,11f455645306c54b,200,1
bwapp,login,CG-Static,6,5,189,7f2e566ffab2969e,200,1
bwapp,login,CG-Static,6,5,190,b93add446807fd23,200,1
bwapp,login,CG-Static,6,5,191,0d2a9b2762ccbe24,200,1
bwapp,login,CG-Static,6,5,192,4fa850b8df99b871,200,1
bwapp,login,CG-Static,6,5,193,6eb17e0153f4aed0,200,1
bwapp,login,CG-Static,6,5,195,78e9c11ba72e7d30,200,1
bwapp,login,CG-Static,6,5,196,2e71d4f655e37ab0,200,1
bwapp,login,CG-Static,6,5,197,9216441383443faf,200,1
bwapp,login,CG-Static,6,5,198,70fb68e4143dc172,200,1
bwapp,login,CG-Static,6,5,200,c2163ca30c201db0,200,1
bwapp,login,CG-Static,6,5,201,f8acec3fc858fcde,200,1
bwapp,login,CG-Static,6,5,202,a0210acdfb288aab,200,1
bwapp,login,CG-Static,6,5,205,945cde9515a6dcb5,200,1
bwapp,login,CG-Static,6,5,206,8bffd86053e8c027,200,1
bwapp,login,CG-Static,6,5,208,930bdb563129eb8a,200,1
bwapp,login,CG-Static,6,5,209,c74d37aa316e17c0,200,1
bwapp,login,CG-Static,6,5,211,a37cfce43ba3b625,200,1
bwapp,login,CG-Static,6,5,212,da839e0f7a3f1a8e,200,1
bwapp,login,CG-Static,6,5,213,4025a6bbbfd71b07,200,1
bwapp,login,CG-Static,6,5,215,0a9c94a03bc51c4c,200,1
bwapp,login,CG-Static,6,5,217,499ed1a5477db6dd,200,1
bwapp,login,CG-Static,6,5,218,f5bb21a48953f24f,200,1
bwapp,login,CG-Static,6,5,220,6289ec4e4332e201,200,1
bwapp,login,CG-Static,6,5,221,2e7bfec61c83909e,200,1
bwapp,login,CG-Static,6,5,222,d620cc8c912a6570,200,1
bwapp,login,CG-Static,6,5,223,b8363dfae646abee,200,1
bwapp,login,CG-Static,6,5,224,69b9ca43d3b302f8,200,1
bwapp,login,CG-Static,6,5,225,62faddaf5aca76b7,200,1
bwapp,login,CG-Static,6,5,226,6f02357fec5dbcf1,200,1
bwapp,login,CG-Static,6,5,227,3799f403fb263e68,200,1
bwapp,login,CG-Static,6,5,228,35a6f6445b41dc4a,200,1
bwapp,login,CG-Static,6,5,229,7e4aa0935d23d489,200,1
bwapp,login,CG-Static,6,5,230,ade2d596dd6eed75,200,1
bwapp,login,CG-Static,6,5,231,db241d35304c8470,200,1
bwapp,login,CG-Static,6,5,232,6d90f06dc81b0716,200,1
bwapp,login,CG-Static,6,5,233,68fc206ea70fc987,200,1
bwapp,login,CG-Static,6,5,235,6b8879b498958d78,200,1
bwapp,login,CG-Static,6,5,236,75c97d0719835cca,200,1
bwapp,login,CG-Static,6,5,237,11c3bcda676586bf,200,1
bwapp,login,CG-Static,6,5,238,0bc2b635edde3172,200,1
bwapp,login,CG-Static,6,5,239,9fcd13dd04d7db38,200,1
bwapp,login,CG-Static,6,5,240,2b0b81dd00631d4a,200,1
bwapp,login,CG-Static,6,5,241,69ed09995794bc55,200,1
bwapp,login,CG-Static,6,5,242,85f4a2e1ab4c1246,200,1
bwapp,login,CG-Static,6,5,243,af9a044ae9625ddb,200,1
bwapp,login,CG-Static,6,5,245,cf9aff5f51c02581,200,1
bwapp,login,CG-Static,6,5,246,e47bc3e6058abc25,200,1
bwapp,login,CG-Static,6,5,247,4b4d58a052a2202f,200,1
bwapp,login,CG-Static,6,5,248,12a6e6fce3ca8229,200,1
bwapp,login,CG-Static,6,5,249,f0b1819ce36f77a2,200,1
bwapp,login,CG-Static,6,5,250,b1c0ca1e56359957,200,1
bwapp,login,CG-Static,6,5,251,41809dbb7c0e4810,200,1
bwapp,login,CG-Static,6,5,252,b95b1f32ec6be8bf,200,1
bwapp,login,CG-Static,6,5,253,0e3ae65f58186db0,200,1
bwapp,login,CG-Static,6,5,254,390f68a996f74565,200,1
bwapp,login,CG-Static,6,5,255,775234ba88002850,200,1
bwapp,login,CG-Static,6,5,256,f059f7d3d716f182,200,1
bwapp,login,CG-Static,6,5,257,3d3b858a0125d9e8,200,1
bwapp,login,CG-Static,6,5,258,0f3884fcaf7d63a8,200,1
bwapp,login,CG-Static,6,5,259,13658e04f6ced67e,200,1
bwapp,login,CG-Static,6,5,260,697f840c63a414d2,200,1
bwapp,login,CG-Static,6,5,261,a5908b77e9e19f6e,200,1
bwapp,login,CG-Static,6,5,262,7defdf11169d6603,200,1
bwapp,login,CG-Static,6,5,263,b5e978eaac25dc53,200,1
bwapp,login,CG-Static,6,5,264,f9845b395949f8d9,200,1
bwapp,login,CG-Static,6,5,265,b30eafe503c1ca73,200,1
bwapp,login,CG-Static,6,5,266,583aeea0354e0c89,200,1
bwapp,login,CG-Static,6,5,267,89ece626cdd93d93,200,1
bwapp,login,CG-Static,6,5,268,73d63b756a1a9b0e,200,1
bwapp,login,CG-Static,6,5,269,542a2371bf57bafe,200,1
bwapp,login,CG-Static,6,5,270,3972e40ecacd4ee2,200,1
bwapp,login,CG-Static,6,5,271,16821ff54bb119c0,200,1
bwapp,login,CG-Static,6,5,272,4d6086d9de119205,200,1
bwapp,login,CG-Static,6,5,273,515a223d9b539bce,200,1
bwapp,login,CG-Static,6,5,274,e42b3f185db80587,200,1
bwapp,login,CG-Static,6,5,275,7cf6a95ed41ee67f,200,1
bwapp,login,CG-Static,6,5,276,234dafd8d0894240,200,1
bwapp,login,CG-Static,6,5,277,ebdaadf0b30ac8bd,200,1
bwapp,login,CG-Static,6,5,278,c84bf9ccbe6cbb2e,200,1
bwapp,login,CG-Static,6,5,279,2b3014c0c8460096,200,1
bwapp,login,CG-Static,6,5,280,c630c9b4e8ea9acf,200,1
bwapp,login,CG-Static,6,5,281,728e333c6a039208,200,1
bwapp,login,CG-Static,6,5,282,fa0335aa9791a19f,200,1
bwapp,login,CG-Static,6,5,283,cac48e40c8a22d4a,200,1
bwapp,login,CG-Static,6,5,284,ce19ac513074fd78,200,1
bwapp,login,CG-Static,6,5,285,a3e95098ce1365e2,200,1
bwapp,login,CG-Static,6,5,286,907bb157825697a6,200,1
bwapp,login,CG-Static,6,5,288,043474e1cd566f65,200,1
bwapp,login,CG-Static,6,5,289,e10755caf5f2429d,200,1
bwapp,login,CG-Static,6,5,290,8f1f6e565ede7be6,200,1
bwapp,login,CG-Static,6,5,291,a97c95e6e8b244a2,200,1
bwapp,login,CG-Static,6,5,292,44c9913924cb5084,200,1
bwapp,login,CG-Static,6,5,293,bf7aee33a485c899,200,1
bwapp,login,CG-Static,6,5,295,efc99bb19e0306b6,200,1
bwapp,login,CG-Static,6,5,296,900535f5e767a023,200,1
bwapp,login,CG-Static,6,5,297,8ad3448238f1c4c6,200,1
bwapp,login,CG-Static,6,5,298,4cb6216bb81ad937,200,1
bwapp,login,CG-Static,6,5,299,085eaff54a862af6,200,1
bwapp,login,CG-Static,6,5,300,36b0f15eb7a81dc1,200,1
bwapp,login,CG-Static,6,5,301,e751973a4ec44922,200,1
bwapp,login,CG-Static,6,5,302,10aa981348371ad0,200,1
bwapp,login,CG-Static,6,5,303,aa085e891439b2bd,200,1
bwapp,login,CG-Static,6,5,304,7445fbac6529ef88,200,1
bwapp,login,CG-Static,6,5,305,1e6c58af7ca24ca3,200,1
bwapp,login,CG-Static,6,5,306,45656ea551d8fe42,200,1
bwapp,login,CG-Static,6,5,307,dbd8bf282775a88e,200,1
bwapp,login,CG-Static,6,5,308,ae11ade464582e22,200,1
bwapp,login,CG-Static,6,5,309,23e0c9409ab1c917,200,1
bwapp,login,CG-Static,6,5,310,c241787d1cf87a90,200,1
bwapp,login,CG-Static,6,5,311,e2f2e26542924434,200,1
bwapp,login,CG-Static,6,5,312,5fd5c676ae90312f,200,1
bwapp,login,CG-Static,6,5,313,dfb42c88dc26bf63,200,1
bwapp,login,CG-Static,6,5,314,68510857c2a6fccb,200,1
bwapp,login,CG-Static,6,5,315,7e7f0b069656c51f,200,1
bwapp,login,CG-Static,6,5,316,ab7a796f92141af3,200,1
bwapp,login,CG-Static,6,5,317,2b32986d463e81d2,200,1
bwapp,login,CG-Static,6,5,318,aafa307f732bc000,200,1
bwapp,login,CG-Static,6,5,319,3d31adfd888aa821,200,1
bwapp,login,CG-Static,6,5,320,ff732e88a5aee707,200,1
bwapp,login,CG-Static,6,5,321,3a161dd9a5c981b1,200,1
bwapp,login,CG-Static,6,5,322,362af0980b239ae5,200,1
bwapp,login,CG-Static,6,5,323,73935792bf16f2a3,200,1
bwapp,login,CG-Static,6,5,324,37151c0daf1eb325,200,1
bwapp,login,CG-Static,6,5,325,943661d81891e7b4,200,1
bwapp,login,CG-Static,6,5,326,fb53593259afefc2,200,1
bwapp,login,CG-Static,6,5,327,30c81e2b97489b02,200,1
bwapp,login,CG-Static,6,5,328,a28db98ef5958c1d,200,1
bwapp,login,CG-Static,6,5,329,315b08aae071ecb5,200,1
bwapp,login,CG-Static,6,5,330,982fcc6c57386a1f,200,1
bwapp,login,CG-Static,6,5,331,1afc836dd4153681,200,1
bwapp,login,CG-Static,6,5,332,0d38553c7efdb0e6,200,1
bwapp,login,CG-Static,6,5,333,68c942075cf13acd,200,1
bwapp,login,CG-Static,6,5,334,8d862e25797a5211,200,1
bwapp,login,CG-Static,6,5,335,dd91246e64bcda41,200,1
bwapp,login,CG-Static,6,5,336,1c54208ccc09f7e0,200,1
bwapp,login,CG-Static,6,5,337,e5730e36c59eb05e,200,1
bwapp,login,CG-Static,6,5,338,a6ace26df4a3e96b,200,1
bwapp,login,CG-Static,6,5,339,0f2c98779e20398f,200,1
bwapp,login,CG-Static,6,5,340,f5b2474bd6dffcd7,200,1
bwapp,login,CG-Static,6,5,341,4b9bfd36f1b404ae,200,1
bwapp,login,CG-Static,6,5,342,d6d9aed366a04fcc,200,1
bwapp,login,CG-Static,6,5,343,b3b72d311ebf755d,200,1
bwapp,login,CG-Static,6,5,344,e0c495087b0e59f4,200,1
bwapp,login,CG-Static,6,5,345,fc3382881d9886b8,200,1
bwapp,login,CG-Static,6,5,346,e028fc67c3791a40,200,1
bwapp,login,CG-Static,6,5,347,7f0e16efb5bd493d,200,1
bwapp,login,CG-Static,6,5,348,3fed09fc78ba6219,200,1
bwapp,login,CG-Static,6,5,349,31af75210b7fc992,200,1
bwapp,login,CG-Static,6,5,350,add3b41d3e1a21c8,200,1
bwapp,login,CG-Static,6,5,351,61fd07090f5ae3f9,200,1
bwapp,login,CG-Static,6,5,352,fa41e5cad5730203,200,1
bwapp,login,CG-Static,6,5,353,c7f7711b6899eb12,200,1
bwapp,login,CG-Static,6,5,354,f35d070d7334d12a,200,1
bwapp,login,CG-Static,6,5,355,d9d4fa1173ae2e02,200,1
bwapp,login,CG-Static,6,5,356,079a00fb5129c436,200,1
bwapp,login,CG-Static,6,5,357,bbb8ca12ee5aa2ff,200,1
bwapp,login,CG-Static,6,5,358,493099fa2ccf99a3,200,1
bwapp,login,CG-Static,6,5,359,55581daa043748ab,200,1
bwapp,login,CG-Static,6,5,360,2c1e2b9c45b4f2cb,200,1
bwapp,login,CG-Static,6,5,361,5bdeab9750ecacd0,200,1
bwapp,login,CG-Static,6,5,362,55a0a2e9ace41d51,200,1
bwapp,login,CG-Static,6,5,363,f9a4c868bae3640a,200,1
bwapp,login,CG-Static,6,5,364,76b626423f06f171,200,1
bwapp,login,CG-Static,6,5,365,666092e00e9db19e,200,1
bwapp,login,CG-Static,6,5,366,8f1483a824951c58,200,1
bwapp,login,CG-Static,6,5,367,e1fc441486f98e10,200,1
bwapp,login,CG-Static,6,5,368,002d8cac7afe6563,200,1
bwapp,login,CG-Static,6,5,369,f8ec39d84cf01000,200,1
bwapp,login,CG-Static,6,5,370,ec966be906a44b13,200,1
bwapp,login,CG-Static,6,5,371,b307dbcaeb3cc407,200,1
bwapp,login,CG-Static,6,5,372,27037c449ed26496,200,1
bwapp,login,CG-Static,6,5,373,057cdc491b8540e0,200,1
bwapp,login,CG-Static,6,5,374,81f751e827f4b288,200,1
bwapp,login,CG-Static,6,5,375,f9f0c72a9b4a4e9b,200,1
bwapp,login,CG-Static,6,5,376,49df804996222059,200,1
bwapp,login,CG-Static,6,5,377,05024fd96480ac13,200,1
bwapp,login,CG-Static,6,5,378,6a7ea184390a5cf2,200,1
bwapp,login,CG-Static,6,5,379,f4fb24f0e3e8a937,200,1
bwapp,login,CG-Static,6,5,380,c1f3fc933d8db8c0,200,1
bwapp,login,CG-Static,6,5,381,7991956287bc4c95,200,1
bwapp,login,CG-Static,6,5,382,9e746dcd6382bccd,200,1
bwapp,login,CG-Static,6,5,383,31b22efe81306cb5,200,1
bwapp,login,CG-Static,6,5,384,b93a0b9083ce2b49,200,1
bwapp,login,CG-Static,6,5,385,2824b2360259c33e,200,1
bwapp,login,CG-Static,6,5,386,af48d910a176dc0d,200,1
bwapp,login,CG-Static,6,5,387,eb79afb365e2b9fe,200,1
bwapp,login,CG-Static,6,5,388,8208eed451d1b173,200,1
bwapp,login,CG-Static,6,5,389,9c46f108b17018a1,200,1
bwapp,login,CG-Static,6,5,390,28514df0b3a0a0a6,200,1
bwapp,login,CG-Static,6,5,391,0fc5c663480caa5d,200,1
bwapp,login,CG-Static,6,5,392,431cace566885b33,200,1
bwapp,login,CG-Static,6,5,393,affd269ec01ff264,200,1
bwapp,login,CG-Static,6,5,394,545b5406a49e0623,200,1
bwapp,login,CG-Static,6,5,395,df23e26ab36df582,200,1
bwapp,login,CG-Static,6,5,396,427710850962ce19,200,1
bwapp,login,CG-Static,6,5,397,450300338c84ce91,200,1
bwapp,login,CG-Static,6,5,398,1de940a564242a85,200,1
bwapp,login,CG-Static,6,5,399,53f4e8b8911bc80e,200,1
bwapp,login,CG-Static,6,5,400,75682045b094d774,200,1
bwapp,login,CG-Static,6,5,401,5f2bfa6e0c49ae5d,200,1
bwapp,login,CG-Static,6,5,402,60aaf805c2d4dc90,200,1
bwapp,login,CG-Static,6,5,403,a3f3cd7d95065b74,200,1
bwapp,login,CG-Static,6,5,404,0f76df0abe394eac,200,1
bwapp,login,CG-Static,6,5,405,1d7597ce63603bab,200,1
bwapp,login,CG-Static,6,5,406,df2d3244ba8c02fe,200,1
bwapp,login,CG-Static,6,5,407,83043367f317ed5b,200,1
bwapp,login,CG-Static,6,5,408,82991be71c6429ab,200,1
bwapp,login,CG-Static,6,5,409,86b31abe10686a74,200,1
bwapp,login,CG-Static,6,5,410,7549b964a703a3f6,200,1
bwapp,login,CG-Static,6,5,411,d13a17a7419ebff7,200,1
bwapp,login,CG-Static,7,3,2,1f2dcef571bfc262,200,1
bwapp,login,CG-Static,7,3,6,f3609e2a064d5f54,200,1
bwapp,login,CG-Static,7,3,9,71f9ac7ff80c4896,200,1
bwapp,login,CG-Static,7,3,14,58217d48aea804e0,200,1
bwapp,login,CG-Static,7,3,15,3511f24547244135,200,1
bwapp,login,CG-Static,7,3,20,c688049553fbf1eb,200,1
bwapp,login,CG-Static,7,3,24,70736600558825ed,200,1
bwapp,login,CG-Static,7,3,27,547e12f20d1bfaaa,200,1
bwapp,login,CG-Static,7,3,28,c415160bbe95af2a,200,1
bwapp,login,CG-Static,7,3,31,255206005715029c,200,1
bwapp,login,CG-Static,7,3,36,485cc21ec3f3e6c0,200,1
bwapp,login,CG-Static,7,3,39,a6acc9075201b106,200,1
bwapp,login,CG-Static,7,3,40,6e30bf742e43093c,200,1
bwapp,login,CG-Static,7,3,43,02fe9e9e0eed7cf4,200,1
bwapp,login,CG-Static,7,3,46,4e283eacbb21b84d,200,1
bwapp,login,CG-Static,7,3,47,ab4c8052635aa91d,200,1
bwapp,login,CG-Static,7,3,49,bbe8f4f76e2275f9,200,1
bwapp,login,CG-Static,7,3,51,e7244289c8cff5ce,200,1
bwapp,login,CG-Static,7,3,52,27f2f25bf3fe7bbe,200,1
bwapp,login,CG-Static,7,3,53,6386ecb4e6f1a42d,200,1
bwapp,login,CG-Static,7,3,55,63a381b0d272ab48,200,1
bwapp,login,CG-Static,7,3,58,f70b0b39a02e3eb9,200,1
bwapp,login,CG-Static,7,3,60,53204b6b42e729b1,200,1
bwapp,login,CG-Static,7,3,63,e6e2e402fe6e3e26,200,1
bwapp,login,CG-Static,7,3,65,43d5e2ac0c435a1c,200,1
bwapp,login,CG-Static,7,3,69,cefa4fad3078dad7,200,1
bwapp,login,CG-Static,7,3,70,66438ceebe06766a,200,1
bwapp,login,CG-Static,7,3,72,29b967a0c37ed14d,200,1
bwapp,login,CG-Static,7,3,75,095611010f66aa3a,200,1
bwapp,login,CG-Static,7,3,77,278a594b1c801c42,200,1
bwapp,login,CG-Static,7,3,80,383de5b065ea6810,200,1
bwapp,login,CG-Static,7,3,81,ecc55fd3db839cb3,200,1
bwapp,login,CG-Static,7,3,85,8289df014b164693,200,1
bwapp,login,CG-Static,7,3,86,c615464679708127,200,1
bwapp,login,CG-Static,7,3,89,1ebb5b16a145cbbf,200,1
bwapp,login,CG-Static,7,3,93,f7926af3f89afd22,200,1
bwapp,login,CG-Static,7,3,96,7c20c3465c9d8e84,200,1
bwapp,login,CG-Static,7,3,97,0b82615b4b729b0b,200,1
bwapp,login,CG-Static,7,3,99,1c3ceedd97662329,200,1
bwapp,login,CG-Static,7,3,101,568c223971214b78,200,1
bwapp,login,CG-Static,7,3,103,b46b29e8bf02818f,200,1
bwapp,login,CG-Static,7,3,107,d41f73dc8569add7,200,1
bwapp,login,CG-Static,7,3,110,1ad534e083277be0,200,1
bwapp,login,CG-Static,7,3,112,2fad1f76679e2b66,200,1
bwapp,login,CG-Static,7,3,114,d3003f88a61c22f9,200,1
bwapp,login,CG-Static,7,3,117,d38f2dc0f0151d50,200,1
bwapp,login,CG-Static,7,3,121,9b7803443415d70c,200,1
bwapp,login,CG-Static,7,3,123,7374ae9dede1d970,200,1
bwapp,login,CG-Static,7,3,126,3fa97e5b8e0c4d40,200,1
bwapp,login,CG-Static,7,3,128,fc21d2b4b5a15bc0,200,1
bwapp,login,CG-Static,7,3,129,3def49e1d85223d6,200,1
bwapp,login,CG-Static,7,3,130,76a69a0d5cafaac9,200,1
bwapp,login,CG-Static,7,3,132,7905f6358ab2e8b0,200,1
bwapp,login,CG-Static,7,3,133,6829395f34acc880,200,1
bwapp,login,CG-Static,7,3,135,e8d6f782fb631628,200,1
bwapp,login,CG-Static,7,3,138,88a9d61bca68001c,200,1
bwapp,login,CG-Static,7,3,139,168c33de00985440,200,1
bwapp,login,CG-Static,7,3,141,0a84566995c9a7b1,200,1
bwapp,login,CG-Static,7,3,142,36d95dec92cc94e7,200,1
bwapp,login,CG-Static,7,3,143,f5a14a1de70e545c,200,1
bwapp,login,CG-Static,7,3,144,0d5fb30893459ee3,200,1
bwapp,login,CG-Static,7,3,147,6b1af0a7209a1902,200,1
bwapp,login,CG-Static,7,3,149,b7b2f7c329d07966,200,1
bwapp,login,CG-Static,7,3,151,3cc7d6f18c91f298,200,1
bwapp,login,CG-Static,7,3,152,75d6da2c1a344a79,200,1
bwapp,login,CG-Static,7,3,153,d8c680078713e1e7,200,1
bwapp,login,CG-Static,7,3,154,f457efecac14f900,200,1
bwapp,login,CG-Static,7,3,155,e2f6ad1e81bb04b8,200,1
bwapp,login,CG-Static,7,3,157,e7875ca298959f12,200,1
bwapp,login,CG-Static,7,3,159,791fd5976e70e2fe,200,1
bwapp,login,CG-Static,7,3,160,c9f636362be52df6,200,1
bwapp,login,CG-Static,7,3,161,1c39b41f6757687a,200,1
bwapp,login,CG-Static,7,3,162,d3facf7cb7013428,200,1
bwapp,login,CG-Static,7,3,164,d703ae8e8508c8a7,200,1
bwapp,login,CG-Static,7,3,166,51d0c6a511bbb616,200,1
bwapp,login,CG-Static,7,3,167,72e5a1336e3a4b92,200,1
bwapp,login,CG-Static,7,3,168,30e5849d0ffcdea3,200,1
bwapp,login,CG-Static,7,3,169,2728053ff1f0d102,200,1
bwapp,login,CG-Static,7,3,170,da312731bc6c64d0,200,1
bwapp,login,CG-Static,7,3,171,ca4ac1847871690a,200,1
bwapp,login,CG-Static,7,3,172,e1afda8426c36741,200,1
bwapp,login,CG-Static,7,3,174,57078aaeefb27d6c,200,1
bwapp,login,CG-Static,7,3,175,b2800e45ae2b8a67,200,1
bwapp,login,CG-Static,7,3,176,1651d99f343b7f77,200,1
bwapp,login,CG-Static,7,3,177,0035af3d45d3cb5c,200,1
bwapp,login,CG-Static,7,3,178,f46ed88b3eecbbaf,200,1
bwapp,login,CG-Static,7,3,179,c266e67d20cdfe98,200,1
bwapp,login,CG-Static,7,3,181,df3dd44883185676,200,1
bwapp,login,CG-Static,7,3,182,0b1380040e3c1e5f,200,1
bwapp,login,CG-Static,7,3,183,c1edcde122a148fd,200,1
bwapp,login,CG-Static,7,3,184,2b183c21f1c1e644,200,1
bwapp,login,CG-Static,7,3,186,186cff9b038088c0,200,1
bwapp,login,CG-Static,7,3,188,3ad2db3492f7ecba,200,1
bwapp,login,CG-Static,7,3,189,58107c4413b7da12,200,1
bwapp,login,CG-Static,7,3,190,5e8304e174709b49,200,1
bwapp,login,CG-Static,7,3,191,02c513afbdb25d3d,200,1
bwapp,login,CG-Static,7,3,192,3bbcb4c3dc8d0299,200,1
bwapp,login,CG-Static,7,3,193,3c982c83a33b7036,200,1
bwapp,login,CG-Static,7,3,195,f6427f65c6c88321,200,1
bwapp,login,CG-Static,7,3,197,dcde6fb77bfa1146,200,1
bwapp,login,CG-Static,7,3,198,baeb3e45dd8f4f70,200,1
bwapp,login,CG-Static,7,3,200,a95cab7e7dba21e0,200,1
bwapp,login,CG-Static,7,3,201,35421dec556b4d85,200,1
bwapp,login,CG-Static,7,3,202,1fb2032ff300087c,200,1
bwapp,login,CG-Static,7,3,203,0af6125673b0399c,200,1
bwapp,login,CG-Static,7,3,204,3fb96f7b0780742a,200,1
bwapp,login,CG-Static,7,3,205,cfc7cc9f96b69906,200,1
bwapp,login,CG-Static,7,3,206,5eec459a59eb591d,200,1
bwapp,login,CG-Static,7,3,208,2dd8695235237b84,200,1
bwapp,login,CG-Static,7,3,209,8de4992211cc6087,200,1
bwapp,login,CG-Static,7,3,210,b2a2ee68a01aefe9,200,1
bwapp,login,CG-Static,7,3,211,9e7997aadac73949,200,1
bwapp,login,CG-Static,7,3,212,3c7f0a4b9a44759e,200,1
bwapp,login,CG-Static,7,3,213,09f8f1afc747328b,200,1
bwapp,login,CG-Static,7,3,214,73fa6ca6691248bc,200,1
bwapp,login,CG-Static,7,3,215,2ee1b285c678448f,200,1
bwapp,login,CG-Static,7,3,216,68302b18168b0cc0,200,1
bwapp,login,CG-Static,7,3,217,ee2bd12135dc5c66,200,1
bwapp,login,CG-Static,7,3,218,6a90f4951b51a0e6,200,1
bwapp,login,CG-Static,7,3,219,ea9405ec84a8f2e9,200,1
bwapp,login,CG-Static,7,3,220,1201812d2b8da404,200,1
bwapp,login,CG-Static,7,3,221,4b4d58a052a2202f,200,1
bwapp,login,CG-Static,7,3,223,951255d2a6488bff,200,1
bwapp,login,CG-Static,7,3,224,0cfa3cf5dcdb9fbd,200,1
bwapp,login,CG-Static,7,3,225,1c04995a49a4f7bd,200,1
bwapp,login,CG-Static,7,3,226,0b4845c32ba0fba6,200,1
bwapp,login,CG-Static,7,3,227,56a6a6b1c5acc223,200,1
bwapp,login,CG-Static,7,3,229,8e12718122ea0bbd,200,1
bwapp,login,CG-Static,7,3,230,f1ae4443639d6525,200,1
bwapp,login,CG-Static,7,3,231,2b0cd50354338987,200,1
bwapp,login,CG-Static,7,3,232,7070a28c1c2461c1,200,1
bwapp,login,CG-Static,7,3,233,a443a735397c79cb,200,1
bwapp,login,CG-Static,7,3,234,e237a5339114e7e0,200,1
bwapp,login,CG-Static,7,3,235,9b41314af55baad8,200,1
bwapp,login,CG-Static,7,3,236,7f4b03574a898141,200,1
bwapp,login,CG-Static,7,3,238,d4004fc0f42c025a,200,1
bwapp,login,CG-Static,7,3,239,6b6e2764040265fe,200,1
bwapp,login,CG-Static,7,3,240,11be9684b636d30c,200,1
bwapp,login,CG-Static,7,3,241,a6c3e091481a1ef0,200,1
bwapp,login,CG-Static,7,3,243,e95860c180eeea82,200,1
bwapp,login,CG-Static,7,3,244,5a53f1c66f4b2877,200,1
bwapp,login,CG-Static,7,3,245,c479da83b24cecb0,200,1
bwapp,login,CG-Static,7,3,246,e98d9ec58825801d,200,1
bwapp,login,CG-Static,7,3,247,a9cbcb45146eca47,200,1
bwapp,login,CG-Static,7,3,248,6ecf0e2972262de7,200,1
bwapp,login,CG-Static,7,3,249,ac97862c23cf49df,200,1
bwapp,login,CG-Static,7,3,250,c59cd5d2f0bbd17e,200,1
bwapp,login,CG-Static,7,3,251,a808ad0e5bf5b8ab,200,1
bwapp,login,CG-Static,7,3,253,5e66672c70270283,200,1
bwapp,login,CG-Static,7,3,254,f8fffea37155371b,200,1
bwapp,login,CG-Static,7,3,255,d913c195b4f508cc,200,1
bwapp,login,CG-Static,7,3,257,f0c58ee9b0c93dee,200,1
bwapp,login,CG-Static,7,3,258,8a22a361450156eb,200,1
bwapp,login,CG-Static,7,3,259,6859c6522168e432,200,1
bwapp,login,CG-Static,7,3,260,be1b5c7f1ca92cf7,200,1
bwapp,login,CG-Static,7,3,261,95336f56f77b1806,200,1
bwapp,login,CG-Static,7,3,262,dd73d6b32098d88f,200,1
bwapp,login,CG-Static,7,3,263,63893f40aa0ff3e2,200,1
bwapp,login,CG-Static,7,3,264,67aab8721adb5c82,200,1
bwapp,login,CG-Static,7,3,265,9d41b507246ec3df,200,1
bwapp,login,CG-Static,7,3,266,036e0c3b2f483b59,200,1
bwapp,login,CG-Static,7,3,267,1c01efdabbba9cb9,200,1
bwapp,login,CG-Static,7,3,268,dcb1e3a8041a17ec,200,1
bwapp,login,CG-Static,7,3,269,26bcc52504b08c61,200,1
bwapp,login,CG-Static,7,3,270,4a94a83b41aad195,200,1
bwapp,login,CG-Static,7,3,271,629acf90d0d874e6,200,1
bwapp,login,CG-Static,7,3,272,843ded6d4f6c5803,200,1
bwapp,login,CG-Static,7,3,273,1ff0a476d6c99f20,200,1
bwapp,login,CG-Static,7,3,274,02b60d4f69b4d638,200,1
bwapp,login,CG-Static,7,3,275,8cd1904cd85e615f,200,1
bwapp,login,CG-Static,7,3,276,ea73207d72ec46d7,200,1
bwapp,login,CG-Static,7,3,277,8a87be8e8cd90826,200,1
bwapp,login,CG-Static,7,3,278,2b6880a097bfeb19,200,1
bwapp,login,CG-Static,7,3,279,ca34f32f8a04596f,200,1
bwapp,login,CG-Static,7,3,280,f9cbd47f09550a46,200,1
bwapp,login,CG-Static,7,3,281,642fa3fbf032abed,200,1
bwapp,login,CG-Static,7,3,282,0fefb3cbc14cff1b,200,1
bwapp,login,CG-Static,7,3,283,0fc8532d09255585,200,1
bwapp,login,CG-Static,7,3,284,40188dbc1cc084e0,200,1
bwapp,login,CG-Static,7,3,285,48146912f8200906,200,1
bwapp,login,CG-Static,7,3,286,aba0c2d888f337ac,200,1
bwapp,login,CG-Static,7,3,287,53543f3ab16f0b4c,200,1
bwapp,login,CG-Static,7,3,288,cf37a732195a4415,200,1
bwapp,login,CG-Static,7,3,289,80afd13bd09080b4,200,1
bwapp,login,CG-Static,7,3,290,4b4f9f507e108a56,200,1
bwapp,login,CG-Static,7,3,291,723b9056c09e2b3a,200,1
bwapp,login,CG-Static,7,3,292,95d53a5891d8d5bf,200,1
bwapp,login,CG-Static,7,3,293,d5dc2290feb792e7,200,1
bwapp,login,CG-Static,7,3,294,dbbdbaef6ed6da14,200,1
bwapp,login,CG-Static,7,3,295,0f23304b545afe0a,200,1
bwapp,login,CG-Static,7,3,296,5befa4b2d538efbf,200,1
bwapp,login,CG-Static,7,3,297,c29e0edea10656c3,200,1
bwapp,login,CG-Static,7,3,298,a54317bf12f255e3,200,1
bwapp,login,CG-Static,7,3,299,c75a4807aaa057a1,200,1
bwapp,login,CG-Static,7,3,300,d5b0eda0354b1551,200,1
bwapp,login,CG-Static,7,3,301,bb9b6c1dc03fec6c,200,1
bwapp,login,CG-Static,7,3,302,a1e20884bbe8440a,200,1
bwapp,login,CG-Static,7,3,303,be114cbbc162166f,200,1
bwapp,login,CG-Static,7,3,304,4538a3739c5d4d8b,200,1
bwapp,login,CG-Static,7,3,305,9b38945840581478,200,1
bwapp,login,CG-Static,7,3,306,99b38f52c945af86,200,1
bwapp,login,CG-Static,7,3,307,a541b828d535fb2f,200,1
bwapp,login,CG-Static,7,3,308,2e0000b286041cc1,200,1
bwapp,login,CG-Static,7,3,309,a5719c59b5bcb3d8,200,1
bwapp,login,CG-Static,7,3,310,85f4a2e1ab4c1246,200,1
bwapp,login,CG-Static,7,3,311,52832bfb5d7443c7,200,1
bwapp,login,CG-Static,7,3,312,b1e68bf5e2d116cd,200,1
bwapp,login,CG-Static,7,3,313,964134a86658b077,200,1
bwapp,login,CG-Static,7,3,314,70abd4514c1ccfcd,200,1
bwapp,login,CG-Static,7,3,315,5714c5839b92ceaa,200,1
bwapp,login,CG-Static,7,3,316,0aefa7c5f2b79bce,200,1
bwapp,login,CG-Static,7,3,317,23aafb7d2e062333,200,1
bwapp,login,CG-Static,7,3,318,b57661a46cfe9b54,200,1
bwapp,login,CG-Static,7,3,319,843e6cb17ed332e1,200,1
bwapp,login,CG-Static,7,3,320,c7665b0adb49fe06,200,1
bwapp,login,CG-Static,7,3,321,fd017d2ccd1620f5,200,1
bwapp,login,CG-Static,7,3,322,2a2e4a5e4e354753,200,1
bwapp,login,CG-Static,7,3,323,7d8e6497f7514e51,200,1
bwapp,login,CG-Static,7,3,324,553120b3e564e60a,200,1
bwapp,login,CG-Static,7,3,325,a395acb7300a88a8,200,1
bwapp,login,CG-Static,7,3,326,9cf757b830d250cb,200,1
bwapp,login,CG-Static,7,3,327,ac59fba25c2d8d53,200,1
bwapp,login,CG-Static,7,3,328,292f166bc0c17e56,200,1
bwapp,login,CG-Static,7,3,329,dabdd839fcf30bf3,200,1
bwapp,login,CG-Static,7,3,330,14a795bc341d9f18,200,1
bwapp,login,CG-Static,7,3,331,1af55dfa15ce4e9c,200,1
bwapp,login,CG-Static,7,3,332,c27fa68fe543b877,200,1
bwapp,login,CG-Static,7,3,333,973c036e725cd509,200,1
bwapp,login,CG-Static,7,3,334,d78215fb757b304e,200,1
bwapp,login,CG-Static,7,3,335,e1704aab5aafd969,200,1
bwapp,login,CG-Static,7,3,336,052a8ecbf2446620,200,1
bwapp,login,CG-Static,7,3,337,28597953c8fc08cc,200,1
bwapp,login,CG-Static,7,3,338,371b2d92e7d46651,200,1
bwapp,login,CG-Static,7,3,339,af5e209ab670f8a0,200,1
bwapp,login,CG-Static,7,3,340,ff6ad94e7dd331c3,200,1
bwapp,login,CG-Static,7,3,341,c4b164a143a63bb7,200,1
bwapp,login,CG-Static,7,3,342,e844762021766469,200,1
bwapp,login,CG-Static,7,3,343,2d0776999ec42df0,200,1
bwapp,login,CG-Static,7,3,344,5e1a7736dd04a43e,200,1
bwapp,login,CG-Static,7,3,345,553aba71b2e81bf0,200,1
bwapp,login,CG-Static,7,3,346,867b3fe255c57ae6,200,1
bwapp,login,CG-Static,7,3,347,5604550bde8f6da9,200,1
bwapp,login,CG-Static,7,3,348,0fa7762f9e868705,200,1
bwapp,login,CG-Static,7,3,349,10c5629f87eb7d47,200,1
bwapp,login,CG-Static,7,3,350,e88087149739ee11,200,1
bwapp,login,CG-Static,7,3,351,f48926846db9330a,200,1
bwapp,login,CG-Static,7,3,352,e3c9f0494d083d98,200,1
bwapp,login,CG-Static,7,3,353,da0ce2f406dcc4f5,200,1
bwapp,login,CG-Static,7,3,354,f4c3ed4ec6dd5f19,200,1
bwapp,login,CG-Static,7,3,355,bc413a1933d35c37,200,1
bwapp,login,CG-Static,7,3,356,d36ad89f5004d475,200,1
bwapp,login,CG-Static,7,3,357,38f713688e37f4da,200,1
bwapp,login,CG-Static,7,3,358,244f8e0474002fdd,200,1
bwapp,login,CG-Static,7,3,359,f91ba95f5acd5095,200,1
bwapp,login,CG-Static,7,3,360,698fa34e976e440a,200,1
bwapp,login,CG-Static,7,3,361,eb1d492d122f2e26,200,1
bwapp,login,CG-Static,7,3,362,0ee31c454ef29d95,200,1
bwapp,login,CG-Static,7,3,363,89e8ee21ca15c6ce,200,1
bwapp,login,CG-Static,7,3,364,54e26b2996187a49,200,1
bwapp,login,CG-Static,7,3,365,3ab38948a27dbc5b,200,1
bwapp,login,CG-Static,7,3,366,8f26ad71106c2796,200,1
bwapp,login,CG-Static,7,3,367,de4aa66d50db95b3,200,1
bwapp,login,CG-Static,7,3,368,47f9f52f81a5eebc,200,1
bwapp,login,CG-Static,7,3,369,bfac4aef61822d35,200,1
bwapp,login,CG-Static,7,3,370,89271fc82cbb6a2c,200,1
bwapp,login,CG-Static,7,3,371,0c1524b454c249fa,200,1
bwapp,login,CG-Static,7,3,372,82577471e33dd870,200,1
bwapp,login,CG-Static,7,3,373,551ded890083de59,200,1
bwapp,login,CG-Static,7,3,374,8c823e135def5d01,200,1
bwapp,login,CG-Static,7,3,375,ade1d676b1342237,200,1
bwapp,login,CG-Static,7,3,376,1a2348ad882df917,200,1
bwapp,login,CG-Static,7,3,377,67ca34ad043017e4,200,1
bwapp,login,CG-Static,7,3,378,297d78cceb5f2bfd,200,1
bwapp,login,CG-Static,7,3,379,8118c7ae2560bd65,200,1
bwapp,login,CG-Static,7,3,380,83d2acdfa6dcb61b,200,1
bwapp,login,CG-Static,7,3,381,4f49509b21db63f5,200,1
bwapp,login,CG-Static,7,3,382,79cf89ef7efc8c14,200,1
bwapp,login,CG-Static,7,3,383,629a47fe41de8425,200,1
bwapp,login,CG-Static,7,3,384,aedc767aa2635bd8,200,1
bwapp,login,CG-Static,7,3,385,f3e52e8c708096b0,200,1
bwapp,login,CG-Static,7,3,386,0107a54b6c4c68b4,200,1
bwapp,login,CG-Static,7,3,387,dd857e2d7174f847,200,1
bwapp,login,CG-Static,7,3,388,370c662e3844c737,200,1
bwapp,login,CG-Static,7,3,389,5232bfe6b0be1785,200,1
bwapp,login,CG-Static,7,3,390,fff3ab38d56fcecd,200,1
bwapp,login,CG-Static,7,3,391,9fdd68066658d641,200,1
bwapp,login,CG-Static,7,3,392,f2320b666997e40b,200,1
bwapp,login,CG-Static,7,3,393,30384642488fa616,200,1
bwapp,login,CG-Static,7,1,3,255206005715029c,200,1
bwapp,login,CG-Static,7,1,9,45549fd64df11d22,200,1
bwapp,login,CG-Static,7,1,13,dd7ee40afca7eed7,200,1
bwapp,login,CG-Static,7,1,22,2dbe74ea4e3e98a7,200,1
bwapp,login,CG-Static,7,1,25,9a109e43afc24e90,200,1
bwapp,login,CG-Static,7,1,27,c9c2e147fc79e6a2,200,1
bwapp,login,CG-Static,7,1,44,2992bd39b77afe2a,200,1
bwapp,login,CG-Static,7,1,61,987fbe62baeddca5,200,1
bwapp,login,CG-Static,7,1,64,2342878c51a8473b,200,1
bwapp,login,CG-Static,7,1,79,8a3dfe3688675b1d,200,1
bwapp,login,CG-Static,7,1,89,d6d1a4297195d716,200,1
bwapp,login,CG-Static,7,1,111,95582b453ea89178,200,1
bwapp,login,CG-Static,7,1,118,cbfc9a27734986ba,200,1
bwapp,login,CG-Static,7,1,138,f5609491482fcbb2,200,1
bwapp,login,CG-Static,7,1,170,87b0e932cdc4ab44,200,1
bwapp,login,CG-Static,7,1,177,4fdccb4cc93accd6,200,1
bwapp,login,CG-Static,7,2,2,1f2dcef571bfc262,200,1
bwapp,login,CG-Static,7,2,13,e59d4d75b39d68a7,200,1
bwapp,login,CG-Static,7,2,19,792c6ccdb1dcc8c0,200,1
bwapp,login,CG-Static,7,2,25,9669b5f7dede6953,200,1
bwapp,login,CG-Static,7,2,31,2dbe74ea4e3e98a7,200,1
bwapp,login,CG-Static,7,2,35,67f1d72252604c0f,200,1
bwapp,login,CG-Static,7,2,42,55f436c696963218,200,1
bwapp,login,CG-Static,7,2,49,095611010f66aa3a,200,1
bwapp,login,CG-Static,7,2,56,ba0403fd4e4afb08,200,1
bwapp,login,CG-Static,7,2,69,1bd00bbf05258f87,200,1
bwapp,login,CG-Static,7,2,76,07a4bbbc1cd06e3e,200,1
bwapp,login,CG-Static,7,2,91,1d97d81b4382a6d8,200,1
bwapp,login,CG-Static,7,2,96,3abd81c77d46f151,200,1
bwapp,login,CG-Static,7,2,103,13228273647b18cb,200,1
bwapp,login,CG-Static,7,2,106,6b97e70b86575e31,200,1
bwapp,login,CG-Static,7,2,120,439c1991264cbcf9,200,1
bwapp,login,CG-Static,7,2,124,f798220ef73585f7,200,1
bwapp,login,CG-Static,7,2,125,aec78e7d0dadee61,200,1
bwapp,login,CG-Static,7,2,129,ac2940077b4d5eeb,200,1
bwapp,login,CG-Static,7,2,135,39edeb941f2ba968,200,1
bwapp,login,CG-Static,7,2,139,e778590400f35f57,200,1
bwapp,login,CG-Static,7,2,152,8dd9dcee35a64592,200,1
bwapp,login,CG-Static,7,2,155,56fcfde248fd9791,200,1
bwapp,login,CG-Static,7,2,158,d673e37b9fd9c10a,200,1
bwapp,login,CG-Static,7,2,160,670fd1eb31b1aac9,200,1
bwapp,login,CG-Static,7,2,190,613740efba4223d7,200,1
bwapp,login,CG-Static,7,2,195,d71e0ad8e93c7bba,200,1
bwapp,login,CG-Static,7,2,197,599693203ecc2fd5,200,1
bwapp,login,CG-Static,7,2,201,c91bed530bdbae38,200,1
bwapp,login,CG-Static,7,2,204,b4f7c4a19178f52b,200,1
bwapp,login,CG-Static,7,2,207,14088862c51f4367,200,1
bwapp,login,CG-Static,7,2,217,6e81ffcba4903f2f,200,1
bwapp,login,CG-Static,7,2,220,deffcc49120559df,200,1
bwapp,login,CG-Static,7,2,224,9c26b84475752225,200,1
bwapp,login,CG-Static,7,2,226,1eff0633d93765a2,200,1
bwapp,login,CG-Static,7,2,229,e4edb2833734c317,200,1
bwapp,login,CG-Static,7,2,232,6dcbde035d683838,200,1
bwapp,login,CG-Static,7,2,236,67c2eb4bd5ea1a01,200,1
bwapp,login,CG-Static,7,2,241,05465e1c1b858582,200,1
bwapp,login,CG-Static,7,2,244,062c0f3bae58f3ca,200,1
bwapp,login,CG-Static,7,2,249,582d0bb2f626e712,200,1
bwapp,login,CG-Static,7,2,251,e99a0890c57a1322,200,1
bwapp,login,CG-Static,7,2,254,8e7573f116a0bd3f,200,1
bwapp,login,CG-Static,7,2,255,1b9285b441c82b94,200,1
bwapp,login,CG-Static,7,2,257,ebc9577993c642ba,200,1
bwapp,login,CG-Static,7,2,258,c68ee6a65490e612,200,1
bwapp,login,CG-Static,7,2,260,ae003d4b1a9f891f,200,1
bwapp,login,CG-Static,7,2,261,c978165e8199f79b,200,1
bwapp,login,CG-Static,7,2,262,db5ba2ff499b2c10,200,1
bwapp,login,CG-Static,7,2,263,e2b69b0b329b654f,200,1
bwapp,login,CG-Static,7,2,265,22a4f68e6215d6db,200,1
bwapp,login,CG-Static,7,2,267,d11736b3448d18b7,200,1
bwapp,login,CG-Static,7,2,269,6970b5a5362bbd63,200,1
bwapp,login,CG-Static,7,2,271,06899696ce865b12,200,1
bwapp,login,CG-Static,7,2,273,6b4294c5df6b542a,200,1
bwapp,login,CG-Static,7,2,274,37d371bf1c0843a2,200,1
bwapp,login,CG-Static,7,2,276,8ba3303275d2582b,200,1
bwapp,login,CG-Static,7,2,277,eafe0bdc376247a8,200,1
bwapp,login,CG-Static,7,2,278,3b833a1235a21957,200,1
bwapp,login,CG-Static,7,2,280,5d32c6d15b3313e7,200,1
bwapp,login,CG-Static,7,2,281,70f1de27c5729b12,200,1
bwapp,login,CG-Static,7,2,283,06794271c6df2259,200,1
bwapp,login,CG-Static,7,2,284,43ba608160c80804,200,1
bwapp,login,CG-Static,7,2,285,46e0c03de5e98da5,200,1
bwapp,login,CG-Static,7,2,286,049982686e908da8,200,1
bwapp,login,CG-Static,7,2,288,3df1ac2b75110718,200,1
bwapp,login,CG-Static,7,2,293,1547461e39d3d6dc,200,1
bwapp,login,CG-Static,7,2,295,3cca637365236605,200,1
bwapp,login,CG-Static,7,2,297,80976aede71ef2d6,200,1
bwapp,login,CG-Static,7,2,301,9d8895f796383f5a,200,1
bwapp,login,CG-Static,7,2,303,2e5685cf7c94d40b,200,1
bwapp,login,CG-Static,7,2,304,93ef852920fa484e,200,1
bwapp,login,CG-Static,7,2,306,8acb8bc36bd939cd,200,1
bwapp,login,CG-Static,7,2,307,271b9ba74cde57bf,200,1
bwapp,login,CG-Static,7,2,309,fa89639440835784,200,1
bwapp,login,CG-Static,7,2,310,c7affa2e26cf0e4a,200,1
bwapp,login,CG-Static,7,2,311,9cd44486674cee1b,200,1
bwapp,login,CG-Static,7,2,313,8925e405f974b560,200,1
bwapp,login,CG-Static,7,2,315,c52316ac7957f007,200,1
bwapp,login,CG-Static,7,2,316,a2620364b8e17d8a,200,1
bwapp,login,CG-Static,7,2,317,f108906ecba3cb39,200,1
bwapp,login,CG-Static,7,2,318,2d45cb4e682af761,200,1
bwapp,login,CG-Static,7,2,320,bd1f5384c62a3e8d,200,1
bwapp,login,CG-Static,7,2,321,3c8add82eb4404bc,200,1
bwapp,login,CG-Static,7,2,323,35a456ddbb81f8f5,200,1
bwapp,login,CG-Static,7,2,324,e3396b535780bd60,200,1
bwapp,login,CG-Static,7,2,327,b97642dc7246a503,200,1
bwapp,login,CG-Static,7,2,329,673cc8eddf2a0790,200,1
bwapp,login,CG-Static,7,2,333,8dc0e70058bb0b96,200,1
bwapp,login,CG-Static,7,2,334,b8153ec81f7febad,200,1
bwapp,login,CG-Static,7,2,335,c11a8e77acb9e72d,200,1
bwapp,login,CG-Static,7,2,338,36484afff911928f,200,1
bwapp,login,CG-Static,7,2,339,915c2be37996924b,200,1
bwapp,login,CG-Static,7,2,340,2dc7eb65ea5094fc,200,1
bwapp,login,CG-Static,7,2,342,ea44db2c91c45063,200,1
bwapp,login,CG-Static,7,2,344,30dca0c311fbd941,200,1
bwapp,login,CG-Static,7,2,345,f1287353f3a3e5b2,200,1
bwapp,login,CG-Static,7,2,346,042855d00d3cd320,200,1
bwapp,login,CG-Static,7,2,348,43965ac6bddb0e97,200,1
bwapp,login,CG-Static,7,2,349,20a23aca442c84e3,200,1
bwapp,login,CG-Static,7,2,350,bc01af2fc316c89f,200,1
bwapp,login,CG-Static,7,2,351,7057dbe627be2a71,200,1
bwapp,login,CG-Static,7,2,353,feb94dff82b3cb67,200,1
bwapp,login,CG-Static,7,2,354,7cdb76b80f09120a,200,1
bwapp,login,CG-Static,7,2,356,2ca33e6c7041d7ab,200,1
bwapp,login,CG-Static,7,2,358,ce0cfa958d5002c6,200,1
bwapp,login,CG-Static,7,2,359,a87ee61f42d32793,200,1
bwapp,login,CG-Static,7,2,361,e09c11f5ba7814b8,200,1
bwapp,login,CG-Static,7,2,362,994ab33b0e527ed6,200,1
bwapp,login,CG-Static,7,2,363,8e0511249b5d27f3,200,1
bwapp,login,CG-Static,7,2,364,82cdbe0944ad6ecf,200,1
bwapp,login,CG-Static,7,2,366,bc36baa9fcb1a182,200,1
bwapp,login,CG-Static,7,2,367,8e7ed542e091ae36,200,1
bwapp,login,CG-Static,7,2,368,7347c59ac42e652e,200,1
bwapp,login,CG-Static,7,2,369,a532cf5ea1e79bf3,200,1
bwapp,login,CG-Static,7,2,370,b562121c5983b99a,200,1
bwapp,login,CG-Static,7,2,371,12b203765e13cf28,200,1
bwapp,login,CG-Static,7,2,373,e1a9490e85b90468,200,1
bwapp,login,CG-Static,7,2,375,73a8658fe139fee5,200,1
bwapp,login,CG-Static,7,2,376,e6aebeb57be60f79,200,1
bwapp,login,CG-Static,7,2,377,44ac446b453d44eb,200,1
bwapp,login,CG-Static,7,2,379,b9b1cf1ac75fede2,200,1
bwapp,login,CG-Static,7,4,15,6014ea54718eda80,200,1
bwapp,login,CG-Static,7,4,16,25c5c07f8215fa8a,200,1
bwapp,login,CG-Static,7,4,22,255206005715029c,200,1
bwapp,login,CG-Static,7,4,31,d0d539d52f03e096,200,1
bwapp,login,CG-Static,7,4,36,08e0f225d4dde6a9,200,1
bwapp,login,CG-Static,7,4,41,5db89db2664d9830,200,1
bwapp,login,CG-Static,7,4,43,116215ae9926d5b8,200,1
bwapp,login,CG-Static,7,4,47,8714d20812618b72,200,1
bwapp,login,CG-Static,7,4,55,3a535ec3fc9a3921,200,1
bwapp,login,CG-Static,7,4,70,25e33d5746c5bfd7,200,1
bwapp,login,CG-Static,7,4,81,92b3ec17c995ea42,200,1
bwapp,login,CG-Static,7,4,87,670fd1eb31b1aac9,200,1
bwapp,login,CG-Static,7,4,96,57784b4ffa634e01,200,1
bwapp,login,CG-Static,7,4,104,8043fe0df6176621,200,1
bwapp,login,CG-Static,7,4,111,ca98c50df447399c,200,1
bwapp,login,CG-Static,7,4,123,6386ecb4e6f1a42d,200,1
bwapp,login,CG-Static,7,4,130,eeb0eeec58cf1492,200,1
bwapp,login,CG-Static,7,4,131,90a8037508f1f2c2,200,1
bwapp,login,CG-Static,7,4,134,2366741bc9676a0c,200,1
bwapp,login,CG-Static,7,4,139,26cd9cd17fa60c06,200,1
bwapp,login,CG-Static,7,4,141,531dc2790d71b4a7,200,1
bwapp,login,CG-Static,7,4,147,9dccb557bc53fb66,200,1
bwapp,login,CG-Static,7,4,154,77e2f998f2dec5da,200,1
bwapp,login,CG-Static,7,4,167,4b0d062ba309f2b9,200,1
bwapp,login,CG-Static,7,4,169,fc6dac4b2cce6e4c,200,1
bwapp,login,CG-Static,7,4,172,20f0834d51035aa4,200,1
bwapp,login,CG-Static,7,4,175,16bd1601b7e3d9c0,200,1
bwapp,login,CG-Static,7,4,178,d04f07b7489187f6,200,1
bwapp,login,CG-Static,7,4,179,382b6b0165dd1198,200,1
bwapp,login,CG-Static,7,4,180,99cc16f328006a48,200,1
bwapp,login,CG-Static,7,4,181,af57076502e57375,200,1
bwapp,login,CG-Static,7,4,183,972cd4b9013d28e2,200,1
bwapp,login,CG-Static,7,4,189,698ec9d95b0caccf,200,1
bwapp,login,CG-Static,7,4,195,251f2c15aa8e0118,200,1
bwapp,login,CG-Static,7,4,202,0d90c48cf2305c9d,200,1
bwapp,login,CG-Static,7,4,205,7c315497a64db4bb,200,1
bwapp,login,CG-Static,7,4,207,ca467d36099627e2,200,1
bwapp,login,CG-Static,7,4,209,2d56accd032ecfea,200,1
bwapp,login,CG-Static,7,4,214,ffaa69b3e3b0e3ca,200,1
bwapp,login,CG-Static,7,4,217,c3450a2b6bef7772,200,1
bwapp,login,CG-Static,7,4,219,11a0a36f607ff1fb,200,1
bwapp,login,CG-Static,7,4,222,5765403d75d4079f,200,1
bwapp,login,CG-Static,7,4,223,f9f351eef7479cc0,200,1
bwapp,login,CG-Static,7,4,225,881587de2eb58618,200,1
bwapp,login,CG-Static,7,4,226,41bcaeac4b37a2cb,200,1
bwapp,login,CG-Static,7,4,228,6eb5785034096639,200,1
bwapp,login,CG-Static,7,4,231,34018d5177c01e4c,200,1
bwapp,login,CG-Static,7,4,234,0e0368b115493907,200,1
bwapp,login,CG-Static,7,4,237,3fd16b9ebb2bdfe1,200,1
bwapp,login,CG-Static,7,4,241,6043affbdf6bfd51,200,1
bwapp,login,CG-Static,7,4,243,b2300969c2b36f52,200,1
bwapp,login,CG-Static,7,4,246,ee8d4dd0dda9238d,200,1
bwapp,login,CG-Static,7,4,247,ecddacd5288e863d,200,1
bwapp,login,CG-Static,7,4,252,82b1637201b7ebd3,200,1
bwapp,login,CG-Static,7,4,253,000f4d8a182ffb63,200,1
bwapp,login,CG-Static,7,4,254,bf555d0c1d7ccc55,200,1
bwapp,login,CG-Static,7,4,256,d701ec36c951bac9,200,1
bwapp,login,CG-Static,7,4,259,8968bfb0aec2f120,200,1
bwapp,login,CG-Static,7,4,260,2597d5b484b57b0e,200,1
bwapp,login,CG-Static,7,4,263,7b02c6f2b8b1ce6e,200,1
bwapp,login,CG-Static,7,4,264,640686314beca4bd,200,1
bwapp,login,CG-Static,7,4,265,b80904baac1f1402,200,1
bwapp,login,CG-Static,7,4,266,bc80f5cea24ea99a,200,1
bwapp,login,CG-Static,7,4,267,49c16a2bedbf711d,200,1
bwapp,login,CG-Static,7,4,268,254abb9b9d86996b,200,1
bwapp,login,CG-Static,7,4,269,5c482208392a02fc,200,1
bwapp,login,CG-Static,7,4,271,625fccaa22b4c113,200,1
bwapp,login,CG-Static,7,4,275,100ac9f7f82e7111,200,1
bwapp,login,CG-Static,7,4,276,a4c66e3db03e9944,200,1
bwapp,login,CG-Static,7,4,277,f1762d19b9768957,200,1
bwapp,login,CG-Static,7,4,280,9a86551a6ce5a0eb,200,1
bwapp,login,CG-Static,7,4,281,64d7328a2156e5cc,200,1
bwapp,login,CG-Static,7,4,282,e027e6ab8eeb10f8,200,1
bwapp,login,CG-Static,7,4,283,469ce417185650e9,200,1
bwapp,login,CG-Static,7,4,284,87faf263c7e70e53,200,1
bwapp,login,CG-Static,7,4,285,783b1945ba0d039b,200,1
bwapp,login,CG-Static,7,4,286,e8e9fa07124de619,200,1
bwapp,login,CG-Static,7,4,287,c9bdc9f00f840f4c,200,1
bwapp,login,CG-Static,7,4,288,03c180bc3ec71ede,200,1
bwapp,login,CG-Static,7,4,290,3d212423e7796698,200,1
bwapp,login,CG-Static,7,4,291,89350a4e7e70bf3a,200,1
bwapp,login,CG-Static,7,4,293,e9b4ff6dd97945a7,200,1
bwapp,login,CG-Static,7,4,294,9c443bef785e0346,200,1
bwapp,login,CG-Static,7,4,296,40775de899d23ab1,200,1
bwapp,login,CG-Static,7,4,298,2a9e191a127cd060,200,1
bwapp,login,CG-Static,7,4,299,cd602ba99ced85f3,200,1
bwapp,login,CG-Static,7,4,300,03e53c300baeff8d,200,1
bwapp,login,CG-Static,7,4,301,ba9b8d2ba7dc2e5a,200,1
bwapp,login,CG-Static,7,4,303,b94b27c51f2b3ba7,200,1
bwapp,login,CG-Static,7,4,304,b92e1668b5337484,200,1
bwapp,login,CG-Static,7,4,305,76c64e403278c897,200,1
bwapp,login,CG-Static,7,4,306,f441f51e5470384e,200,1
bwapp,login,CG-Static,7,4,307,dad89ad00ed9cdb7,200,1
bwapp,login,CG-Static,7,4,308,ad50a6e3315c4e4d,200,1
bwapp,login,CG-Static,7,4,310,cacd17f75b5017e7,200,1
bwapp,login,CG-Static,7,4,311,eb0d627eaf54ecf9,200,1
bwapp,login,CG-Static,7,4,312,957449d8921aaa6d,200,1
bwapp,login,CG-Static,7,4,313,e4e9d5808a218471,200,1
bwapp,login,CG-Static,7,4,314,42a48f53c967120d,200,1
bwapp,login,CG-Static,7,4,315,9f04e6b903be8237,200,1
bwapp,login,CG-Static,7,4,316,2dbd44664d177bee,200,1
bwapp,login,CG-Static,7,4,318,00174e40fe95121e,200,1
bwapp,login,CG-Static,7,4,319,aeab66a83c0fcccf,200,1
bwapp,login,CG-Static,7,4,320,a28019f94c555f00,200,1
bwapp,login,CG-Static,7,4,321,65c8e4e082e28284,200,1
bwapp,login,CG-Static,7,4,322,2ae742285daf2cca,200,1
bwapp,login,CG-Static,7,4,323,ceae6218278fee02,200,1
bwapp,login,CG-Static,7,4,325,df71d56b5908a80f,200,1
bwapp,login,CG-Static,7,4,326,4e568888aa903074,200,1
bwapp,login,CG-Static,7,4,327,af7ed6c8179b8a67,200,1
bwapp,login,CG-Static,7,4,328,64bd99b098717078,200,1
bwapp,login,CG-Static,7,4,329,eb6b033747f4e6e5,200,1
bwapp,login,CG-Static,7,4,330,3554634cfbd3e2ec,200,1
bwapp,login,CG-Static,7,4,331,ca3e21c3af8ff805,200,1
bwapp,login,CG-Static,7,4,332,e1e77e99b518d668,200,1
bwapp,login,CG-Static,7,4,334,9264065749b6938d,200,1
bwapp,login,CG-Static,7,4,335,0f0daebc48b5b9f7,200,1
bwapp,login,CG-Static,7,4,336,9186553ade40351b,200,1
bwapp,login,CG-Static,7,4,337,264770ae64358cdb,200,1
bwapp,login,CG-Static,7,4,338,23a72e6048437a9f,200,1
bwapp,login,CG-Static,7,4,339,af5d48da0213950c,200,1
bwapp,login,CG-Static,7,4,340,5f338605bd4f265c,200,1
bwapp,login,CG-Static,7,4,341,c68fcb8d7e32fe12,200,1
bwapp,login,CG-Static,7,4,343,96d7cbae535a778c,200,1
bwapp,login,CG-Static,7,4,345,599ab31f216074e3,200,1
bwapp,login,CG-Static,7,4,346,bdd69f14090e8272,200,1
bwapp,login,CG-Static,7,4,347,85a31657cb9f1a97,200,1
bwapp,login,CG-Static,7,4,349,58784b57c5bca695,200,1
bwapp,login,CG-Static,7,4,350,8815382b2f3ee9d4,200,1
bwapp,login,CG-Static,7,4,351,564b213481d33317,200,1
bwapp,login,CG-Static,7,4,352,79123334345c15ef,200,1
bwapp,login,CG-Static,7,4,353,ae998c828c377ee5,200,1
bwapp,login,CG-Static,7,4,354,c30ec60dcadb2da9,200,1
bwapp,login,CG-Static,7,4,355,0b538775351413db,200,1
bwapp,login,CG-Static,7,4,356,e4f5c1dcf501df28,200,1
bwapp,login,CG-Static,7,4,357,28e71a937608b39c,200,1
bwapp,login,CG-Static,7,4,359,26c465ebebf5796f,200,1
bwapp,login,CG-Static,7,4,360,4f9de2020dd858b1,200,1
bwapp,login,CG-Static,7,4,361,72754a64f5364f7c,200,1
bwapp,login,CG-Static,7,4,362,8a1ee24dec92efff,200,1
bwapp,login,CG-Static,7,4,363,b3b21217c2c42838,200,1
bwapp,login,CG-Static,7,4,364,014b21105540753d,200,1
bwapp,login,CG-Static,7,4,365,249aa221a4e2db3a,200,1
bwapp,login,CG-Static,7,4,366,5d60ef12d3791733,200,1
bwapp,login,CG-Static,7,4,367,378d524a095a09b2,200,1
bwapp,login,CG-Static,7,4,368,99674d79e741fba2,200,1
bwapp,login,CG-Static,7,4,369,f7d947b8121d5c3b,200,1
bwapp,login,CG-Static,7,4,370,4d4d20859ad2099f,200,1
bwapp,login,CG-Static,7,4,372,ad2d8d3933358a07,200,1
bwapp,login,CG-Static,7,4,373,fca4de6a46e089e3,200,1
bwapp,login,CG-Static,7,4,374,1d0c114bdc70e06e,200,1
bwapp,login,CG-Static,7,4,375,aef395d49ea008c7,200,1
bwapp,login,CG-Static,7,4,376,d7039992db9bbf80,200,1
bwapp,login,CG-Static,7,4,377,5bfcafff83206a51,200,1
bwapp,login,CG-Static,7,4,378,8effc2bea5653376,200,1
bwapp,login,CG-Static,7,4,379,94a53913901b5a60,200,1
bwapp,login,CG-Static,7,4,380,28a7ee3f4224c295,200,1
bwapp,login,CG-Static,7,4,381,02b79be51f956271,200,1
bwapp,login,CG-Static,7,4,382,37a04a6a7a5b39bf,200,1
bwapp,login,CG-Static,7,4,383,3fba675837002ec8,200,1
bwapp,login,CG-Static,7,4,384,60a413a2fbe33a99,200,1
bwapp,login,CG-Static,7,4,385,57b76aec720d055b,200,1
bwapp,login,CG-Static,7,4,386,ad2c9c0edfb358de,200,1
bwapp,login,CG-Static,7,4,387,230e60983d5d5ea7,200,1
bwapp,login,CG-Static,7,4,388,b6bda07ef856f648,200,1
bwapp,login,CG-Static,7,4,389,fc42233aa304b446,200,1
bwapp,login,CG-Static,7,5,2,2dbe74ea4e3e98a7,200,1
bwapp,login,CG-Static,7,5,10,736e02e9ddb128ed,200,1
bwapp,login,CG-Static,7,5,14,e59d4d75b39d68a7,200,1
bwapp,login,CG-Static,7,5,19,255206005715029c,200,1
bwapp,login,CG-Static,7,5,22,5b8cc883a8165456,200,1
bwapp,login,CG-Static,7,5,45,8acff7cb0ce57195,200,1
bwapp,login,CG-Static,7,5,51,d2b51b00f2c7bb83,200,1
bwapp,login,CG-Static,7,5,56,76a1c43f318abdcf,200,1
bwapp,login,CG-Static,7,5,63,4b223a614746635c,200,1
bwapp,login,CG-Static,7,5,76,3f8845b8e34c9fde,200,1
bwapp,login,CG-Static,7,5,89,52d5062899c791c2,200,1
bwapp,login,CG-Static,7,5,92,9de952670debdf5c,200,1
bwapp,login,CG-Static,7,5,94,92288daa2e2d3000,200,1
bwapp,login,CG-Static,7,5,100,5458dfb6a4c6fbe0,200,1
bwapp,login,CG-Static,7,5,112,89809af066989205,200,1
bwapp,login,CG-Static,7,5,115,91199e99e85be923,200,1
bwapp,login,CG-Static,7,5,119,9f6e40763d4c89d9,200,1
bwapp,login,CG-Static,7,5,121,190c99c39926a186,200,1
bwapp,login,CG-Static,7,5,122,6711eae9919f2fce,200,1
bwapp,login,CG-Static,7,5,124,2992fa065fc46d39,200,1
bwapp,login,CG-Static,7,5,128,0bf07f17df467f5f,200,1
bwapp,login,CG-Static,7,5,130,f084c0ee1f4e222c,200,1
bwapp,login,CG-Static,7,5,134,5dd6f997e6bebfdb,200,1
bwapp,login,CG-Static,7,5,136,56f65c754b3155c0,200,1
bwapp,login,CG-Static,7,5,138,9a6014aa6126c641,200,1
bwapp,login,CG-Static,7,5,140,85a840d3bef281fc,200,1
bwapp,login,CG-Static,7,5,144,a690e79fa5265502,200,1
bwapp,login,CG-Static,7,5,146,7b1d780d3c1d36bb,200,1
bwapp,login,CG-Static,7,5,147,d335ebe10f45ef9f,200,1
bwapp,login,CG-Static,7,5,148,d8e57ae070191ea3,200,1
bwapp,login,CG-Static,7,5,149,530256a0ad3f6b45,200,1
bwapp,login,CG-Static,7,5,150,6d572a2c3cc2cbb7,200,1
bwapp,login,CG-Static,7,5,151,4b5710a95537ac2a,200,1
bwapp,login,CG-Static,7,5,152,55b231583c14f854,200,1
bwapp,login,CG-Static,7,5,153,f38bab250ab30e07,200,1
bwapp,login,CG-Static,7,5,155,63c3fe36777f89d4,200,1
bwapp,login,CG-Static,7,5,156,5e320d7fbcbf1cdc,200,1
bwapp,login,CG-Static,7,5,157,fda4903ccbb9753b,200,1
bwapp,login,CG-Static,7,5,161,c25dc990c0aa93a2,200,1
bwapp,login,CG-Static,7,5,165,439b1c5bf46c1819,200,1
bwapp,login,CG-Static,7,5,169,72f0a52502f32f65,200,1
bwapp,login,CG-Static,7,5,173,c90980a92f599f68,200,1
bwapp,login,CG-Static,7,5,177,49a2a225d377cd04,200,1
bwapp,login,CG-Static,7,5,178,6165af1a63c85c91,200,1
bwapp,login,CG-Static,7,5,179,dafbaa84443930a4,200,1
bwapp,login,CG-Static,7,5,180,0550b324b332366b,200,1
bwapp,login,CG-Static,7,5,181,72bf8befe76158fe,200,1
bwapp,login,CG-Static,7,5,182,375d885f31811f16,200,1
bwapp,login,CG-Static,7,5,184,686294395c35e118,200,1
bwapp,login,CG-Static,7,5,185,05d6884b2ea86f9d,200,1
bwapp,login,CG-Static,7,5,186,cd99abe31832515f,200,1
bwapp,login,CG-Static,7,5,187,11f455645306c54b,200,1
bwapp,login,CG-Static,7,5,189,7f2e566ffab2969e,200,1
bwapp,login,CG-Static,7,5,190,b93add446807fd23,200,1
bwapp,login,CG-Static,7,5,191,0d2a9b2762ccbe24,200,1
bwapp,login,CG-Static,7,5,192,4fa850b8df99b871,200,1
bwapp,login,CG-Static,7,5,193,6eb17e0153f4aed0,200,1
bwapp,login,CG-Static,7,5,195,78e9c11ba72e7d30,200,1
bwapp,login,CG-Static,7,5,196,2e71d4f655e37ab0,200,1
bwapp,login,CG-Static,7,5,197,9216441383443faf,200,1
bwapp,login,CG-Static,7,5,198,70fb68e4143dc172,200,1
bwapp,login,CG-Static,7,5,200,c2163ca30c201db0,200,1
bwapp,login,CG-Static,7,5,201,f8acec3fc858fcde,200,1
bwapp,login,CG-Static,7,5,202,a0210acdfb288aab,200,1
bwapp,login,CG-Static,7,5,205,945cde9515a6dcb5,200,1
bwapp,login,CG-Static,7,5,206,8bffd86053e8c027,200,1
bwapp,login,CG-Static,7,5,208,930bdb563129eb8a,200,1
bwapp,login,CG-Static,7,5,209,c74d37aa316e17c0,200,1
bwapp,login,CG-Static,7,5,211,a37cfce43ba3b625,200,1
bwapp,login,CG-Static,7,5,212,da839e0f7a3f1a8e,200,1
bwapp,login,CG-Static,7,5,213,4025a6bbbfd71b07,200,1
bwapp,login,CG-Static,7,5,215,0a9c94a03bc51c4c,200,1
bwapp,login,CG-Static,7,5,217,499ed1a5477db6dd,200,1
bwapp,login,CG-Static,7,5,218,f5bb21a48953f24f,200,1
bwapp,login,CG-Static,7,5,220,6289ec4e4332e201,200,1
bwapp,login,CG-Static,7,5,221,2e7bfec61c83909e,200,1
bwapp,login,CG-Static,7,5,222,d620cc8c912a6570,200,1
bwapp,login,CG-Static,7,5,223,b8363dfae646abee,200,1
bwapp,login,CG-Static,7,5,224,69b9ca43d3b302f8,200,1
bwapp,login,CG-Static,7,5,225,62faddaf5aca76b7,200,1
bwapp,login,CG-Static,7,5,226,6f02357fec5dbcf1,200,1
bwapp,login,CG-Static,7,5,227,3799f403fb263e68,200,1
bwapp,login,CG-Static,7,5,228,35a6f6445b41dc4a,200,1
bwapp,login,CG-Static,7,5,229,7e4aa0935d23d489,200,1
bwapp,login,CG-Static,7,5,230,ade2d596dd6eed75,200,1
bwapp,login,CG-Static,7,5,231,db241d35304c8470,200,1
bwapp,login,CG-Static,7,5,232,6d90f06dc81b0716,200,1
bwapp,login,CG-Static,7,5,233,68fc206ea70fc987,200,1
bwapp,login,CG-Static,7,5,235,6b8879b498958d78,200,1
bwapp,login,CG-Static,7,5,236,75c97d0719835cca,200,1
bwapp,login,CG-Static,7,5,237,11c3bcda676586bf,200,1
bwapp,login,CG-Static,7,5,238,0bc2b635edde3172,200,1
bwapp,login,CG-Static,7,5,239,9fcd13dd04d7db38,200,1
bwapp,login,CG-Static,7,5,240,2b0b81dd00631d4a,200,1
bwapp,login,CG-Static,7,5,241,69ed09995794bc55,200,1
bwapp,login,CG-Static,7,5,242,85f4a2e1ab4c1246,200,1
bwapp,login,CG-Static,7,5,243,af9a044ae9625ddb,200,1
bwapp,login,CG-Static,7,5,245,cf9aff5f51c02581,200,1
bwapp,login,CG-Static,7,5,246,e47bc3e6058abc25,200,1
bwapp,login,CG-Static,7,5,247,4b4d58a052a2202f,200,1
bwapp,login,CG-Static,7,5,248,12a6e6fce3ca8229,200,1
bwapp,login,CG-Static,7,5,249,f0b1819ce36f77a2,200,1
bwapp,login,CG-Static,7,5,250,b1c0ca1e56359957,200,1
bwapp,login,CG-Static,7,5,251,41809dbb7c0e4810,200,1
bwapp,login,CG-Static,7,5,252,b95b1f32ec6be8bf,200,1
bwapp,login,CG-Static,7,5,253,0e3ae65f58186db0,200,1
bwapp,login,CG-Static,7,5,254,390f68a996f74565,200,1
bwapp,login,CG-Static,7,5,255,775234ba88002850,200,1
bwapp,login,CG-Static,7,5,256,f059f7d3d716f182,200,1
bwapp,login,CG-Static,7,5,257,3d3b858a0125d9e8,200,1
bwapp,login,CG-Static,7,5,258,0f3884fcaf7d63a8,200,1
bwapp,login,CG-Static,7,5,259,13658e04f6ced67e,200,1
bwapp,login,CG-Static,7,5,260,697f840c63a414d2,200,1
bwapp,login,CG-Static,7,5,261,a5908b77e9e19f6e,200,1
bwapp,login,CG-Static,7,5,262,7defdf11169d6603,200,1
bwapp,login,CG-Static,7,5,263,b5e978eaac25dc53,200,1
bwapp,login,CG-Static,7,5,264,f9845b395949f8d9,200,1
bwapp,login,CG-Static,7,5,265,b30eafe503c1ca73,200,1
bwapp,login,CG-Static,7,5,266,583aeea0354e0c89,200,1
bwapp,login,CG-Static,7,5,267,89ece626cdd93d93,200,1
bwapp,login,CG-Static,7,5,268,73d63b756a1a9b0e,200,1
bwapp,login,CG-Static,7,5,269,542a2371bf57bafe,200,1
bwapp,login,CG-Static,7,5,270,3972e40ecacd4ee2,200,1
bwapp,login,CG-Static,7,5,271,16821ff54bb119c0,200,1
bwapp,login,CG-Static,7,5,272,4d6086d9de119205,200,1
bwapp,login,CG-Static,7,5,273,515a223d9b539bce,200,1
bwapp,login,CG-Static,7,5,274,e42b3f185db80587,200,1
bwapp,login,CG-Static,7,5,275,7cf6a95ed41ee67f,200,1
bwapp,login,CG-Static,7,5,276,234dafd8d0894240,200,1
bwapp,login,CG-Static,7,5,277,ebdaadf0b30ac8bd,200,1
bwapp,login,CG-Static,7,5,278,c84bf9ccbe6cbb2e,200,1
bwapp,login,CG-Static,7,5,279,2b3014c0c8460096,200,1
bwapp,login,CG-Static,7,5,280,c630c9b4e8ea9acf,200,1
bwapp,login,CG-Static,7,5,281,728e333c6a039208,200,1
bwapp,login,CG-Static,7,5,282,fa0335aa9791a19f,200,1
bwapp,login,CG-Static,7,5,283,cac48e40c8a22d4a,200,1
bwapp,login,CG-Static,7,5,284,ce19ac513074fd78,200,1
bwapp,login,CG-Static,7,5,285,a3e95098ce1365e2,200,1
bwapp,login,CG-Static,7,5,286,907bb157825697a6,200,1
bwapp,login,CG-Static,7,5,288,043474e1cd566f65,200,1
bwapp,login,CG-Static,7,5,289,e10755caf5f2429d,200,1
bwapp,login,CG-Static,7,5,290,8f1f6e565ede7be6,200,1
bwapp,login,CG-Static,7,5,291,a97c95e6e8b244a2,200,1
bwapp,login,CG-Static,7,5,292,44c9913924cb5084,200,1
bwapp,login,CG-Static,7,5,293,bf7aee33a485c899,200,1
bwapp,login,CG-Static,7,5,295,efc99bb19e0306b6,200,1
bwapp,login,CG-Static,7,5,296,900535f5e767a023,200,1
bwapp,login,CG-Static,7,5,297,8ad3448238f1c4c6,200,1
bwapp,login,CG-Static,7,5,298,4cb6216bb81ad937,200,1
bwapp,login,CG-Static,7,5,299,085eaff54a862af6,200,1
bwapp,login,CG-Static,7,5,300,36b0f15eb7a81dc1,200,1
bwapp,login,CG-Static,7,5,301,e751973a4ec44922,200,1
bwapp,login,CG-Static,7,5,302,10aa981348371ad0,200,1
bwapp,login,CG-Static,7,5,303,aa085e891439b2bd,200,1
bwapp,login,CG-Static,7,5,304,7445fbac6529ef88,200,1
bwapp,login,CG-Static,7,5,305,1e6c58af7ca24ca3,200,1
bwapp,login,CG-Static,7,5,306,45656ea551d8fe42,200,1
bwapp,login,CG-Static,7,5,307,dbd8bf282775a88e,200,1
bwapp,login,CG-Static,7,5,308,ae11ade464582e22,200,1
bwapp,login,CG-Static,7,5,309,23e0c9409ab1c917,200,1
bwapp,login,CG-Static,7,5,310,c241787d1cf87a90,200,1
bwapp,login,CG-Static,7,5,311,e2f2e26542924434,200,1
bwapp,login,CG-Static,7,5,312,5fd5c676ae90312f,200,1
bwapp,login,CG-Static,7,5,313,dfb42c88dc26bf63,200,1
bwapp,login,CG-Static,7,5,314,68510857c2a6fccb,200,1
bwapp,login,CG-Static,7,5,315,7e7f0b069656c51f,200,1
bwapp,login,CG-Static,7,5,316,ab7a796f92141af3,200,1
bwapp,login,CG-Static,7,5,317,2b32986d463e81d2,200,1
bwapp,login,CG-Static,7,5,318,aafa307f732bc000,200,1
bwapp,login,CG-Static,7,5,319,3d31adfd888aa821,200,1
bwapp,login,CG-Static,7,5,320,ff732e88a5aee707,200,1
bwapp,login,CG-Static,7,5,321,3a161dd9a5c981b1,200,1
bwapp,login,CG-Static,7,5,322,362af0980b239ae5,200,1
bwapp,login,CG-Static,7,5,323,73935792bf16f2a3,200,1
bwapp,login,CG-Static,7,5,324,37151c0daf1eb325,200,1
bwapp,login,CG-Static,7,5,325,943661d81891e7b4,200,1
bwapp,login,CG-Static,7,5,326,fb53593259afefc2,200,1
bwapp,login,CG-Static,7,5,327,30c81e2b97489b02,200,1
bwapp,login,CG-Static,7,5,328,a28db98ef5958c1d,200,1
bwapp,login,CG-Static,7,5,329,315b08aae071ecb5,200,1
bwapp,login,CG-Static,7,5,330,982fcc6c57386a1f,200,1
bwapp,login,CG-Static,7,5,331,1afc836dd4153681,200,1
bwapp,login,CG-Static,7,5,332,0d38553c7efdb0e6,200,1
bwapp,login,CG-Static,7,5,333,68c942075cf13acd,200,1
bwapp,login,CG-Static,7,5,334,8d862e25797a5211,200,1
bwapp,login,CG-Static,7,5,335,dd91246e64bcda41,200,1
bwapp,login,CG-Static,7,5,336,1c54208ccc09f7e0,200,1
bwapp,login,CG-Static,7,5,337,e5730e36c59eb05e,200,1
bwapp,login,CG-Static,7,5,338,a6ace26df4a3e96b,200,1
bwapp,login,CG-Static,7,5,339,0f2c98779e20398f,200,1
bwapp,login,CG-Static,7,5,340,f5b2474bd6dffcd7,200,1
bwapp,login,CG-Static,7,5,341,4b9bfd36f1b404ae,200,1
bwapp,login,CG-Static,7,5,342,d6d9aed366a04fcc,200,1
bwapp,login,CG-Static,7,5,343,b3b72d311ebf755d,200,1
bwapp,login,CG-Static,7,5,344,e0c495087b0e59f4,200,1
bwapp,login,CG-Static,7,5,345,fc3382881d9886b8,200,1
bwapp,login,CG-Static,7,5,346,e028fc67c3791a40,200,1
bwapp,login,CG-Static,7,5,347,7f0e16efb5bd493d,200,1
bwapp,login,CG-Static,7,5,348,3fed09fc78ba6219,200,1
bwapp,login,CG-Static,7,5,349,31af75210b7fc992,200,1
bwapp,login,CG-Static,7,5,350,add3b41d3e1a21c8,200,1
bwapp,login,CG-Static,7,5,351,61fd07090f5ae3f9,200,1
bwapp,login,CG-Static,7,5,352,fa41e5cad5730203,200,1
bwapp,login,CG-Static,7,5,353,c7f7711b6899eb12,200,1
bwapp,login,CG-Static,7,5,354,f35d070d7334d12a,200,1
bwapp,login,CG-Static,7,5,355,d9d4fa1173ae2e02,200,1
bwapp,login,CG-Static,7,5,356,079a00fb5129c436,200,1
bwapp,login,CG-Static,7,5,357,bbb8ca12ee5aa2ff,200,1
bwapp,login,CG-Static,7,5,358,493099fa2ccf99a3,200,1
bwapp,login,CG-Static,7,5,359,55581daa043748ab,200,1
bwapp,login,CG-Static,7,5,360,2c1e2b9c45b4f2cb,200,1
bwapp,login,CG-Static,7,5,361,5bdeab9750ecacd0,200,1
bwapp,login,CG-Static,7,5,362,55a0a2e9ace41d51,200,1
bwapp,login,CG-Static,7,5,363,f9a4c868bae3640a,200,1
bwapp,login,CG-Static,7,5,364,76b626423f06f171,200,1
bwapp,login,CG-Static,7,5,365,666092e00e9db19e,200,1
bwapp,login,CG-Static,7,5,366,8f1483a824951c58,200,1
bwapp,login,CG-Static,7,5,367,e1fc441486f98e10,200,1
bwapp,login,CG-Static,7,5,368,002d8cac7afe6563,200,1
bwapp,login,CG-Static,7,5,369,f8ec39d84cf01000,200,1
bwapp,login,CG-Static,7,5,370,ec966be906a44b13,200,1
bwapp,login,CG-Static,7,5,371,b307dbcaeb3cc407,200,1
bwapp,login,CG-Static,7,5,372,27037c449ed26496,200,1
bwapp,login,CG-Static,7,5,373,057cdc491b8540e0,200,1
bwapp,login,CG-Static,7,5,374,81f751e827f4b288,200,1
bwapp,login,CG-Static,7,5,375,f9f0c72a9b4a4e9b,200,1
bwapp,login,CG-Static,7,5,376,49df804996222059,200,1
bwapp,login,CG-Static,7,5,377,05024fd96480ac13,200,1
bwapp,login,CG-Static,7,5,378,6a7ea184390a5cf2,200,1
bwapp,login,CG-Static,7,5,379,f4fb24f0e3e8a937,200,1
bwapp,login,CG-Static,7,5,380,c1f3fc933d8db8c0,200,1
bwapp,login,CG-Static,7,5,381,7991956287bc4c95,200,1
bwapp,login,CG-Static,7,5,382,9e746dcd6382bccd,200,1
bwapp,login,CG-Static,7,5,383,31b22efe81306cb5,200,1
bwapp,login,CG-Static,7,5,384,b93a0b9083ce2b49,200,1
bwapp,login,CG-Static,7,5,385,2824b2360259c33e,200,1
bwapp,login,CG-Static,7,5,386,af48d910a176dc0d,200,1
bwapp,login,CG-Static,7,5,387,eb79afb365e2b9fe,200,1
bwapp,login,CG-Static,7,5,388,8208eed451d1b173,200,1
bwapp,login,CG-Static,7,5,389,9c46f108b17018a1,200,1
bwapp,login,CG-Static,7,5,390,28514df0b3a0a0a6,200,1
bwapp,login,CG-Static,7,5,391,0fc5c663480caa5d,200,1
bwapp,login,CG-Static,7,5,392,431cace566885b33,200,1
bwapp,login,CG-Static,7,5,393,affd269ec01ff264,200,1
bwapp,login,CG-Static,7,5,394,545b5406a49e0623,200,1
bwapp,login,CG-Static,7,5,395,df23e26ab36df582,200,1
bwapp,login,CG-Static,7,5,396,427710850962ce19,200,1
bwapp,login,CG-Static,7,5,397,450300338c84ce91,200,1
bwapp,login,CG-Static,7,5,398,1de940a564242a85,200,1
bwapp,login,CG-Static,7,5,399,53f4e8b8911bc80e,200,1
bwapp,login,CG-Static,7,5,400,75682045b094d774,200,1
bwapp,login,CG-Static,7,5,401,5f2bfa6e0c49ae5d,200,1
bwapp,login,CG-Static,7,5,402,60aaf805c2d4dc90,200,1
bwapp,login,CG-Static,7,5,403,a3f3cd7d95065b74,200,1
bwapp,login,CG-Static,7,5,404,0f76df0abe394eac,200,1
bwapp,login,CG-Static,7,5,405,1d7597ce63603bab,200,1
bwapp,login,CG-Static,7,5,406,df2d3244ba8c02fe,200,1
bwapp,login,CG-Static,7,5,407,83043367f317ed5b,200,1
bwapp,login,CG-Static,7,5,408,82991be71c6429ab,200,1
bwapp,login,CG-Static,7,5,409,86b31abe10686a74,200,1
bwapp,login,CG-Static,7,5,410,7549b964a703a3f6,200,1
bwapp,login,CG-Static,7,5,411,d13a17a7419ebff7,200,1
bwapp,login,CG-Static,9,3,2,1f2dcef571bfc262,200,1
bwapp,login,CG-Static,9,3,6,f3609e2a064d5f54,200,1
bwapp,login,CG-Static,9,3,9,71f9ac7ff80c4896,200,1
bwapp,login,CG-Static,9,3,14,58217d48aea804e0,200,1
bwapp,login,CG-Static,9,3,15,3511f24547244135,200,1
bwapp,login,CG-Static,9,3,20,c688049553fbf1eb,200,1
bwapp,login,CG-Static,9,3,24,70736600558825ed,200,1
bwapp,login,CG-Static,9,3,27,547e12f20d1bfaaa,200,1
bwapp,login,CG-Static,9,3,28,c415160bbe95af2a,200,1
bwapp,login,CG-Static,9,3,31,255206005715029c,200,1
bwapp,login,CG-Static,9,3,36,485cc21ec3f3e6c0,200,1
bwapp,login,CG-Static,9,3,39,a6acc9075201b106,200,1
bwapp,login,CG-Static,9,3,40,6e30bf742e43093c,200,1
bwapp,login,CG-Static,9,3,43,02fe9e9e0eed7cf4,200,1
bwapp,login,CG-Static,9,3,46,4e283eacbb21b84d,200,1
bwapp,login,CG-Static,9,3,47,ab4c8052635aa91d,200,1
bwapp,login,CG-Static,9,3,49,bbe8f4f76e2275f9,200,1
bwapp,login,CG-Static,9,3,51,e7244289c8cff5ce,200,1
bwapp,login,CG-Static,9,3,52,27f2f25bf3fe7bbe,200,1
bwapp,login,CG-Static,9,3,53,6386ecb4e6f1a42d,200,1
bwapp,login,CG-Static,9,3,55,63a381b0d272ab48,200,1
bwapp,login,CG-Static,9,3,58,f70b0b39a02e3eb9,200,1
bwapp,login,CG-Static,9,3,60,53204b6b42e729b1,200,1
bwapp,login,CG-Static,9,3,63,e6e2e402fe6e3e26,200,1
bwapp,login,CG-Static,9,3,65,43d5e2ac0c435a1c,200,1
bwapp,login,CG-Static,9,3,69,cefa4fad3078dad7,200,1
bwapp,login,CG-Static,9,3,70,66438ceebe06766a,200,1
bwapp,login,CG-Static,9,3,72,29b967a0c37ed14d,200,1
bwapp,login,CG-Static,9,3,75,095611010f66aa3a,200,1
bwapp,login,CG-Static,9,3,77,278a594b1c801c42,200,1
bwapp,login,CG-Static,9,3,80,383de5b065ea6810,200,1
bwapp,login,CG-Static,9,3,81,ecc55fd3db839cb3,200,1
bwapp,login,CG-Static,9,3,85,8289df014b164693,200,1
bwapp,login,CG-Static,9,3,86,c615464679708127,200,1
bwapp,login,CG-Static,9,3,89,1ebb5b16a145cbbf,200,1
bwapp,login,CG-Static,9,3,93,f7926af3f89afd22,200,1
bwapp,login,CG-Static,9,3,96,7c20c3465c9d8e84,200,1
bwapp,login,CG-Static,9,3,97,0b82615b4b729b0b,200,1
bwapp,login,CG-Static,9,3,99,1c3ceedd97662329,200,1
bwapp,login,CG-Static,9,3,101,568c223971214b78,200,1
bwapp,login,CG-Static,9,3,103,b46b29e8bf02818f,200,1
bwapp,login,CG-Static,9,3,107,d41f73dc8569add7,200,1
bwapp,login,CG-Static,9,3,110,1ad534e083277be0,200,1
bwapp,login,CG-Static,9,3,112,2fad1f76679e2b66,200,1
bwapp,login,CG-Static,9,3,114,d3003f88a61c22f9,200,1
bwapp,login,CG-Static,9,3,117,d38f2dc0f0151d50,200,1
bwapp,login,CG-Static,9,3,121,9b7803443415d70c,200,1
bwapp,login,CG-Static,9,3,123,7374ae9dede1d970,200,1
bwapp,login,CG-Static,9,3,126,3fa97e5b8e0c4d40,200,1
bwapp,login,CG-Static,9,3,128,fc21d2b4b5a15bc0,200,1
bwapp,login,CG-Static,9,3,129,3def49e1d85223d6,200,1
bwapp,login,CG-Static,9,3,130,76a69a0d5cafaac9,200,1
bwapp,login,CG-Static,9,3,132,7905f6358ab2e8b0,200,1
bwapp,login,CG-Static,9,3,133,6829395f34acc880,200,1
bwapp,login,CG-Static,9,3,135,e8d6f782fb631628,200,1
bwapp,login,CG-Static,9,3,138,88a9d61bca68001c,200,1
bwapp,login,CG-Static,9,3,139,168c33de00985440,200,1
bwapp,login,CG-Static,9,3,141,0a84566995c9a7b1,200,1
bwapp,login,CG-Static,9,3,142,36d95dec92cc94e7,200,1
bwapp,login,CG-Static,9,3,143,f5a14a1de70e545c,200,1
bwapp,login,CG-Static,9,3,144,0d5fb30893459ee3,200,1
bwapp,login,CG-Static,9,3,147,6b1af0a7209a1902,200,1
bwapp,login,CG-Static,9,3,149,b7b2f7c329d07966,200,1
bwapp,login,CG-Static,9,3,151,3cc7d6f18c91f298,200,1
bwapp,login,CG-Static,9,3,152,75d6da2c1a344a79,200,1
bwapp,login,CG-Static,9,3,153,d8c680078713e1e7,200,1
bwapp,login,CG-Static,9,3,154,f457efecac14f900,200,1
bwapp,login,CG-Static,9,3,155,e2f6ad1e81bb04b8,200,1
bwapp,login,CG-Static,9,3,157,e7875ca298959f12,200,1
bwapp,login,CG-Static,9,3,159,791fd5976e70e2fe,200,1
bwapp,login,CG-Static,9,3,160,c9f636362be52df6,200,1
bwapp,login,CG-Static,9,3,161,1c39b41f6757687a,200,1
bwapp,login,CG-Static,9,3,162,d3facf7cb7013428,200,1
bwapp,login,CG-Static,9,3,164,d703ae8e8508c8a7,200,1
bwapp,login,CG-Static,9,3,166,51d0c6a511bbb616,200,1
bwapp,login,CG-Static,9,3,167,72e5a1336e3a4b92,200,1
bwapp,login,CG-Static,9,3,168,30e5849d0ffcdea3,200,1
bwapp,login,CG-Static,9,3,169,2728053ff1f0d102,200,1
bwapp,login,CG-Static,9,3,170,da312731bc6c64d0,200,1
bwapp,login,CG-Static,9,3,171,ca4ac1847871690a,200,1
bwapp,login,CG-Static,9,3,172,e1afda8426c36741,200,1
bwapp,login,CG-Static,9,3,174,57078aaeefb27d6c,200,1
bwapp,login,CG-Static,9,3,175,b2800e45ae2b8a67,200,1
bwapp,login,CG-Static,9,3,176,1651d99f343b7f77,200,1
bwapp,login,CG-Static,9,3,177,0035af3d45d3cb5c,200,1
bwapp,login,CG-Static,9,3,178,f46ed88b3eecbbaf,200,1
bwapp,login,CG-Static,9,3,179,c266e67d20cdfe98,200,1
bwapp,login,CG-Static,9,3,181,df3dd44883185676,200,1
bwapp,login,CG-Static,9,3,182,0b1380040e3c1e5f,200,1
bwapp,login,CG-Static,9,3,183,c1edcde122a148fd,200,1
bwapp,login,CG-Static,9,3,184,2b183c21f1c1e644,200,1
bwapp,login,CG-Static,9,3,186,186cff9b038088c0,200,1
bwapp,login,CG-Static,9,3,188,3ad2db3492f7ecba,200,1
bwapp,login,CG-Static,9,3,189,58107c4413b7da12,200,1
bwapp,login,CG-Static,9,3,190,5e8304e174709b49,200,1
bwapp,login,CG-Static,9,3,191,02c513afbdb25d3d,200,1
bwapp,login,CG-Static,9,3,192,3bbcb4c3dc8d0299,200,1
bwapp,login,CG-Static,9,3,193,3c982c83a33b7036,200,1
bwapp,login,CG-Static,9,3,195,f6427f65c6c88321,200,1
bwapp,login,CG-Static,9,3,197,dcde6fb77bfa1146,200,1
bwapp,login,CG-Static,9,3,198,baeb3e45dd8f4f70,200,1
bwapp,login,CG-Static,9,3,200,a95cab7e7dba21e0,200,1
bwapp,login,CG-Static,9,3,201,35421dec556b4d85,200,1
bwapp,login,CG-Static,9,3,202,1fb2032ff300087c,200,1
bwapp,login,CG-Static,9,3,203,0af6125673b0399c,200,1
bwapp,login,CG-Static,9,3,204,3fb96f7b0780742a,200,1
bwapp,login,CG-Static,9,3,205,cfc7cc9f96b69906,200,1
bwapp,login,CG-Static,9,3,206,5eec459a59eb591d,200,1
bwapp,login,CG-Static,9,3,208,2dd8695235237b84,200,1
bwapp,login,CG-Static,9,3,209,8de4992211cc6087,200,1
bwapp,login,CG-Static,9,3,210,b2a2ee68a01aefe9,200,1
bwapp,login,CG-Static,9,3,211,9e7997aadac73949,200,1
bwapp,login,CG-Static,9,3,212,3c7f0a4b9a44759e,200,1
bwapp,login,CG-Static,9,3,213,09f8f1afc747328b,200,1
bwapp,login,CG-Static,9,3,214,73fa6ca6691248bc,200,1
bwapp,login,CG-Static,9,3,215,2ee1b285c678448f,200,1
bwapp,login,CG-Static,9,3,216,68302b18168b0cc0,200,1
bwapp,login,CG-Static,9,3,217,ee2bd12135dc5c66,200,1
bwapp,login,CG-Static,9,3,218,6a90f4951b51a0e6,200,1
bwapp,login,CG-Static,9,3,219,ea9405ec84a8f2e9,200,1
bwapp,login,CG-Static,9,3,220,1201812d2b8da404,200,1
bwapp,login,CG-Static,9,3,221,4b4d58a052a2202f,200,1
bwapp,login,CG-Static,9,3,223,951255d2a6488bff,200,1
bwapp,login,CG-Static,9,3,224,0cfa3cf5dcdb9fbd,200,1
bwapp,login,CG-Static,9,3,225,1c04995a49a4f7bd,200,1
bwapp,login,CG-Static,9,3,226,0b4845c32ba0fba6,200,1
bwapp,login,CG-Static,9,3,227,56a6a6b1c5acc223,200,1
bwapp,login,CG-Static,9,3,229,8e12718122ea0bbd,200,1
bwapp,login,CG-Static,9,3,230,f1ae4443639d6525,200,1
bwapp,login,CG-Static,9,3,231,2b0cd50354338987,200,1
bwapp,login,CG-Static,9,3,232,7070a28c1c2461c1,200,1
bwapp,login,CG-Static,9,3,233,a443a735397c79cb,200,1
bwapp,login,CG-Static,9,3,234,e237a5339114e7e0,200,1
bwapp,login,CG-Static,9,3,235,9b41314af55baad8,200,1
bwapp,login,CG-Static,9,3,236,7f4b03574a898141,200,1
bwapp,login,CG-Static,9,3,238,d4004fc0f42c025a,200,1
bwapp,login,CG-Static,9,3,239,6b6e2764040265fe,200,1
bwapp,login,CG-Static,9,3,240,11be9684b636d30c,200,1
bwapp,login,CG-Static,9,3,241,a6c3e091481a1ef0,200,1
bwapp,login,CG-Static,9,3,243,e95860c180eeea82,200,1
bwapp,login,CG-Static,9,3,244,5a53f1c66f4b2877,200,1
bwapp,login,CG-Static,9,3,245,c479da83b24cecb0,200,1
bwapp,login,CG-Static,9,3,246,e98d9ec58825801d,200,1
bwapp,login,CG-Static,9,3,247,a9cbcb45146eca47,200,1
bwapp,login,CG-Static,9,3,248,6ecf0e2972262de7,200,1
bwapp,login,CG-Static,9,3,249,ac97862c23cf49df,200,1
bwapp,login,CG-Static,9,3,250,c59cd5d2f0bbd17e,200,1
bwapp,login,CG-Static,9,3,251,a808ad0e5bf5b8ab,200,1
bwapp,login,CG-Static,9,3,253,5e66672c70270283,200,1
bwapp,login,CG-Static,9,3,254,f8fffea37155371b,200,1
bwapp,login,CG-Static,9,3,255,d913c195b4f508cc,200,1
bwapp,login,CG-Static,9,3,257,f0c58ee9b0c93dee,200,1
bwapp,login,CG-Static,9,3,258,8a22a361450156eb,200,1
bwapp,login,CG-Static,9,3,259,6859c6522168e432,200,1
bwapp,login,CG-Static,9,3,260,be1b5c7f1ca92cf7,200,1
bwapp,login,CG-Static,9,3,261,95336f56f77b1806,200,1
bwapp,login,CG-Static,9,3,262,dd73d6b32098d88f,200,1
bwapp,login,CG-Static,9,3,263,63893f40aa0ff3e2,200,1
bwapp,login,CG-Static,9,3,264,67aab8721adb5c82,200,1
bwapp,login,CG-Static,9,3,265,9d41b507246ec3df,200,1
bwapp,login,CG-Static,9,3,266,036e0c3b2f483b59,200,1
bwapp,login,CG-Static,9,3,267,1c01efdabbba9cb9,200,1
bwapp,login,CG-Static,9,3,268,dcb1e3a8041a17ec,200,1
bwapp,login,CG-Static,9,3,269,26bcc52504b08c61,200,1
bwapp,login,CG-Static,9,3,270,4a94a83b41aad195,200,1
bwapp,login,CG-Static,9,3,271,629acf90d0d874e6,200,1
bwapp,login,CG-Static,9,3,272,843ded6d4f6c5803,200,1
bwapp,login,CG-Static,9,3,273,1ff0a476d6c99f20,200,1
bwapp,login,CG-Static,9,3,274,02b60d4f69b4d638,200,1
bwapp,login,CG-Static,9,3,275,8cd1904cd85e615f,200,1
bwapp,login,CG-Static,9,3,276,ea73207d72ec46d7,200,1
bwapp,login,CG-Static,9,3,277,8a87be8e8cd90826,200,1
bwapp,login,CG-Static,9,3,278,2b6880a097bfeb19,200,1
bwapp,login,CG-Static,9,3,279,ca34f32f8a04596f,200,1
bwapp,login,CG-Static,9,3,280,f9cbd47f09550a46,200,1
bwapp,login,CG-Static,9,3,281,642fa3fbf032abed,200,1
bwapp,login,CG-Static,9,3,282,0fefb3cbc14cff1b,200,1
bwapp,login,CG-Static,9,3,283,0fc8532d09255585,200,1
bwapp,login,CG-Static,9,3,284,40188dbc1cc084e0,200,1
bwapp,login,CG-Static,9,3,285,48146912f8200906,200,1
bwapp,login,CG-Static,9,3,286,aba0c2d888f337ac,200,1
bwapp,login,CG-Static,9,3,287,53543f3ab16f0b4c,200,1
bwapp,login,CG-Static,9,3,288,cf37a732195a4415,200,1
bwapp,login,CG-Static,9,3,289,80afd13bd09080b4,200,1
bwapp,login,CG-Static,9,3,290,4b4f9f507e108a56,200,1
bwapp,login,CG-Static,9,3,291,723b9056c09e2b3a,200,1
bwapp,login,CG-Static,9,3,292,95d53a5891d8d5bf,200,1
bwapp,login,CG-Static,9,3,293,d5dc2290feb792e7,200,1
bwapp,login,CG-Static,9,3,294,dbbdbaef6ed6da14,200,1
bwapp,login,CG-Static,9,3,295,0f23304b545afe0a,200,1
bwapp,login,CG-Static,9,3,296,5befa4b2d538efbf,200,1
bwapp,login,CG-Static,9,3,297,c29e0edea10656c3,200,1
bwapp,login,CG-Static,9,3,298,a54317bf12f255e3,200,1
bwapp,login,CG-Static,9,3,299,c75a4807aaa057a1,200,1
bwapp,login,CG-Static,9,3,300,d5b0eda0354b1551,200,1
bwapp,login,CG-Static,9,3,301,bb9b6c1dc03fec6c,200,1
bwapp,login,CG-Static,9,3,302,a1e20884bbe8440a,200,1
bwapp,login,CG-Static,9,3,303,be114cbbc162166f,200,1
bwapp,login,CG-Static,9,3,304,4538a3739c5d4d8b,200,1
bwapp,login,CG-Static,9,3,305,9b38945840581478,200,1
bwapp,login,CG-Static,9,3,306,99b38f52c945af86,200,1
bwapp,login,CG-Static,9,3,307,a541b828d535fb2f,200,1
bwapp,login,CG-Static,9,3,308,2e0000b286041cc1,200,1
bwapp,login,CG-Static,9,3,309,a5719c59b5bcb3d8,200,1
bwapp,login,CG-Static,9,3,310,85f4a2e1ab4c1246,200,1
bwapp,login,CG-Static,9,3,311,52832bfb5d7443c7,200,1
bwapp,login,CG-Static,9,3,312,b1e68bf5e2d116cd,200,1
bwapp,login,CG-Static,9,3,313,964134a86658b077,200,1
bwapp,login,CG-Static,9,3,314,70abd4514c1ccfcd,200,1
bwapp,login,CG-Static,9,3,315,5714c5839b92ceaa,200,1
bwapp,login,CG-Static,9,3,316,0aefa7c5f2b79bce,200,1
bwapp,login,CG-Static,9,3,317,23aafb7d2e062333,200,1
bwapp,login,CG-Static,9,3,318,b57661a46cfe9b54,200,1
bwapp,login,CG-Static,9,3,319,843e6cb17ed332e1,200,1
bwapp,login,CG-Static,9,3,320,c7665b0adb49fe06,200,1
bwapp,login,CG-Static,9,3,321,fd017d2ccd1620f5,200,1
bwapp,login,CG-Static,9,3,322,2a2e4a5e4e354753,200,1
bwapp,login,CG-Static,9,3,323,7d8e6497f7514e51,200,1
bwapp,login,CG-Static,9,3,324,553120b3e564e60a,200,1
bwapp,login,CG-Static,9,3,325,a395acb7300a88a8,200,1
bwapp,login,CG-Static,9,3,326,9cf757b830d250cb,200,1
bwapp,login,CG-Static,9,3,327,ac59fba25c2d8d53,200,1
bwapp,login,CG-Static,9,3,328,292f166bc0c17e56,200,1
bwapp,login,CG-Static,9,3,329,dabdd839fcf30bf3,200,1
bwapp,login,CG-Static,9,3,330,14a795bc341d9f18,200,1
bwapp,login,CG-Static,9,3,331,1af55dfa15ce4e9c,200,1
bwapp,login,CG-Static,9,3,332,c27fa68fe543b877,200,1
bwapp,login,CG-Static,9,3,333,973c036e725cd509,200,1
bwapp,login,CG-Static,9,3,334,d78215fb757b304e,200,1
bwapp,login,CG-Static,9,3,335,e1704aab5aafd969,200,1
bwapp,login,CG-Static,9,3,336,052a8ecbf2446620,200,1
bwapp,login,CG-Static,9,3,337,28597953c8fc08cc,200,1
bwapp,login,CG-Static,9,3,338,371b2d92e7d46651,200,1
bwapp,login,CG-Static,9,3,339,af5e209ab670f8a0,200,1
bwapp,login,CG-Static,9,3,340,ff6ad94e7dd331c3,200,1
bwapp,login,CG-Static,9,3,341,c4b164a143a63bb7,200,1
bwapp,login,CG-Static,9,3,342,e844762021766469,200,1
bwapp,login,CG-Static,9,3,343,2d0776999ec42df0,200,1
bwapp,login,CG-Static,9,3,344,5e1a7736dd04a43e,200,1
bwapp,login,CG-Static,9,3,345,553aba71b2e81bf0,200,1
bwapp,login,CG-Static,9,3,346,867b3fe255c57ae6,200,1
bwapp,login,CG-Static,9,3,347,5604550bde8f6da9,200,1
bwapp,login,CG-Static,9,3,348,0fa7762f9e868705,200,1
bwapp,login,CG-Static,9,3,349,10c5629f87eb7d47,200,1
bwapp,login,CG-Static,9,3,350,e88087149739ee11,200,1
bwapp,login,CG-Static,9,3,351,f48926846db9330a,200,1
bwapp,login,CG-Static,9,3,352,e3c9f0494d083d98,200,1
bwapp,login,CG-Static,9,3,353,da0ce2f406dcc4f5,200,1
bwapp,login,CG-Static,9,3,354,f4c3ed4ec6dd5f19,200,1
bwapp,login,CG-Static,9,3,355,bc413a1933d35c37,200,1
bwapp,login,CG-Static,9,3,356,d36ad89f5004d475,200,1
bwapp,login,CG-Static,9,3,357,38f713688e37f4da,200,1
bwapp,login,CG-Static,9,3,358,244f8e0474002fdd,200,1
bwapp,login,CG-Static,9,3,359,f91ba95f5acd5095,200,1
bwapp,login,CG-Static,9,3,360,698fa34e976e440a,200,1
bwapp,login,CG-Static,9,3,361,eb1d492d122f2e26,200,1
bwapp,login,CG-Static,9,3,362,0ee31c454ef29d95,200,1
bwapp,login,CG-Static,9,3,363,89e8ee21ca15c6ce,200,1
bwapp,login,CG-Static,9,3,364,54e26b2996187a49,200,1
bwapp,login,CG-Static,9,3,365,3ab38948a27dbc5b,200,1
bwapp,login,CG-Static,9,3,366,8f26ad71106c2796,200,1
bwapp,login,CG-Static,9,3,367,de4aa66d50db95b3,200,1
bwapp,login,CG-Static,9,3,368,47f9f52f81a5eebc,200,1
bwapp,login,CG-Static,9,3,369,bfac4aef61822d35,200,1
bwapp,login,CG-Static,9,3,370,89271fc82cbb6a2c,200,1
bwapp,login,CG-Static,9,3,371,0c1524b454c249fa,200,1
bwapp,login,CG-Static,9,3,372,82577471e33dd870,200,1
bwapp,login,CG-Static,9,3,373,551ded890083de59,200,1
bwapp,login,CG-Static,9,3,374,8c823e135def5d01,200,1
bwapp,login,CG-Static,9,3,375,ade1d676b1342237,200,1
bwapp,login,CG-Static,9,3,376,1a2348ad882df917,200,1
bwapp,login,CG-Static,9,3,377,67ca34ad043017e4,200,1
bwapp,login,CG-Static,9,3,378,297d78cceb5f2bfd,200,1
bwapp,login,CG-Static,9,3,379,8118c7ae2560bd65,200,1
bwapp,login,CG-Static,9,3,380,83d2acdfa6dcb61b,200,1
bwapp,login,CG-Static,9,3,381,4f49509b21db63f5,200,1
bwapp,login,CG-Static,9,3,382,79cf89ef7efc8c14,200,1
bwapp,login,CG-Static,9,3,383,629a47fe41de8425,200,1
bwapp,login,CG-Static,9,3,384,aedc767aa2635bd8,200,1
bwapp,login,CG-Static,9,3,385,f3e52e8c708096b0,200,1
bwapp,login,CG-Static,9,3,386,0107a54b6c4c68b4,200,1
bwapp,login,CG-Static,9,3,387,dd857e2d7174f847,200,1
bwapp,login,CG-Static,9,3,388,370c662e3844c737,200,1
bwapp,login,CG-Static,9,3,389,5232bfe6b0be1785,200,1
bwapp,login,CG-Static,9,3,390,fff3ab38d56fcecd,200,1
bwapp,login,CG-Static,9,3,391,9fdd68066658d641,200,1
bwapp,login,CG-Static,9,3,392,f2320b666997e40b,200,1
bwapp,login,CG-Static,9,3,393,30384642488fa616,200,1
bwapp,login,CG-Static,9,1,3,255206005715029c,200,1
bwapp,login,CG-Static,9,1,9,45549fd64df11d22,200,1
bwapp,login,CG-Static,9,1,13,dd7ee40afca7eed7,200,1
bwapp,login,CG-Static,9,1,22,2dbe74ea4e3e98a7,200,1
bwapp,login,CG-Static,9,1,25,9a109e43afc24e90,200,1
bwapp,login,CG-Static,9,1,27,c9c2e147fc79e6a2,200,1
bwapp,login,CG-Static,9,1,44,2992bd39b77afe2a,200,1
bwapp,login,CG-Static,9,1,61,987fbe62baeddca5,200,1
bwapp,login,CG-Static,9,1,64,2342878c51a8473b,200,1
bwapp,login,CG-Static,9,1,79,8a3dfe3688675b1d,200,1
bwapp,login,CG-Static,9,1,89,d6d1a4297195d716,200,1
bwapp,login,CG-Static,9,1,111,95582b453ea89178,200,1
bwapp,login,CG-Static,9,1,118,cbfc9a27734986ba,200,1
bwapp,login,CG-Static,9,1,138,f5609491482fcbb2,200,1
bwapp,login,CG-Static,9,1,170,87b0e932cdc4ab44,200,1
bwapp,login,CG-Static,9,1,177,4fdccb4cc93accd6,200,1
bwapp,login,CG-Static,9,2,2,1f2dcef571bfc262,200,1
bwapp,login,CG-Static,9,2,13,e59d4d75b39d68a7,200,1
bwapp,login,CG-Static,9,2,19,792c6ccdb1dcc8c0,200,1
bwapp,login,CG-Static,9,2,25,9669b5f7dede6953,200,1
bwapp,login,CG-Static,9,2,31,2dbe74ea4e3e98a7,200,1
bwapp,login,CG-Static,9,2,35,67f1d72252604c0f,200,1
bwapp,login,CG-Static,9,2,42,55f436c696963218,200,1
bwapp,login,CG-Static,9,2,49,095611010f66aa3a,200,1
bwapp,login,CG-Static,9,2,56,ba0403fd4e4afb08,200,1
bwapp,login,CG-Static,9,2,69,1bd00bbf05258f87,200,1
bwapp,login,CG-Static,9,2,76,07a4bbbc1cd06e3e,200,1
bwapp,login,CG-Static,9,2,91,1d97d81b4382a6d8,200,1
bwapp,login,CG-Static,9,2,96,3abd81c77d46f151,200,1
bwapp,login,CG-Static,9,2,103,13228273647b18cb,200,1
bwapp,login,CG-Static,9,2,106,6b97e70b86575e31,200,1
bwapp,login,CG-Static,9,2,120,439c1991264cbcf9,200,1
bwapp,login,CG-Static,9,2,124,f798220ef73585f7,200,1
bwapp,login,CG-Static,9,2,125,aec78e7d0dadee61,200,1
bwapp,login,CG-Static,9,2,129,ac2940077b4d5eeb,200,1
bwapp,login,CG-Static,9,2,135,39edeb941f2ba968,200,1
bwapp,login,CG-Static,9,2,139,e778590400f35f57,200,1
bwapp,login,CG-Static,9,2,152,8dd9dcee35a64592,200,1
bwapp,login,CG-Static,9,2,155,56fcfde248fd9791,200,1
bwapp,login,CG-Static,9,2,158,d673e37b9fd9c10a,200,1
bwapp,login,CG-Static,9,2,160,670fd1eb31b1aac9,200,1
bwapp,login,CG-Static,9,2,190,613740efba4223d7,200,1
bwapp,login,CG-Static,9,2,195,d71e0ad8e93c7bba,200,1
bwapp,login,CG-Static,9,2,197,599693203ecc2fd5,200,1
bwapp,login,CG-Static,9,2,201,c91bed530bdbae38,200,1
bwapp,login,CG-Static,9,2,204,b4f7c4a19178f52b,200,1
bwapp,login,CG-Static,9,2,207,14088862c51f4367,200,1
bwapp,login,CG-Static,9,2,217,6e81ffcba4903f2f,200,1
bwapp,login,CG-Static,9,2,220,deffcc49120559df,200,1
bwapp,login,CG-Static,9,2,224,9c26b84475752225,200,1
bwapp,login,CG-Static,9,2,226,1eff0633d93765a2,200,1
bwapp,login,CG-Static,9,2,229,e4edb2833734c317,200,1
bwapp,login,CG-Static,9,2,232,6dcbde035d683838,200,1
bwapp,login,CG-Static,9,2,236,67c2eb4bd5ea1a01,200,1
bwapp,login,CG-Static,9,2,241,05465e1c1b858582,200,1
bwapp,login,CG-Static,9,2,244,062c0f3bae58f3ca,200,1
bwapp,login,CG-Static,9,2,249,582d0bb2f626e712,200,1
bwapp,login,CG-Static,9,2,251,e99a0890c57a1322,200,1
bwapp,login,CG-Static,9,2,254,8e7573f116a0bd3f,200,1
bwapp,login,CG-Static,9,2,255,1b9285b441c82b94,200,1
bwapp,login,CG-Static,9,2,257,ebc9577993c642ba,200,1
bwapp,login,CG-Static,9,2,258,c68ee6a65490e612,200,1
bwapp,login,CG-Static,9,2,260,ae003d4b1a9f891f,200,1
bwapp,login,CG-Static,9,2,261,c978165e8199f79b,200,1
bwapp,login,CG-Static,9,2,262,db5ba2ff499b2c10,200,1
bwapp,login,CG-Static,9,2,263,e2b69b0b329b654f,200,1
bwapp,login,CG-Static,9,2,265,22a4f68e6215d6db,200,1
bwapp,login,CG-Static,9,2,267,d11736b3448d18b7,200,1
bwapp,login,CG-Static,9,2,269,6970b5a5362bbd63,200,1
bwapp,login,CG-Static,9,2,271,06899696ce865b12,200,1
bwapp,login,CG-Static,9,2,273,6b4294c5df6b542a,200,1
bwapp,login,CG-Static,9,2,274,37d371bf1c0843a2,200,1
bwapp,login,CG-Static,9,2,276,8ba3303275d2582b,200,1
bwapp,login,CG-Static,9,2,277,eafe0bdc376247a8,200,1
bwapp,login,CG-Static,9,2,278,3b833a1235a21957,200,1
bwapp,login,CG-Static,9,2,280,5d32c6d15b3313e7,200,1
bwapp,login,CG-Static,9,2,281,70f1de27c5729b12,200,1
bwapp,login,CG-Static,9,2,283,06794271c6df2259,200,1
bwapp,login,CG-Static,9,2,284,43ba608160c80804,200,1
bwapp,login,CG-Static,9,2,285,46e0c03de5e98da5,200,1
bwapp,login,CG-Static,9,2,286,049982686e908da8,200,1
bwapp,login,CG-Static,9,2,288,3df1ac2b75110718,200,1
bwapp,login,CG-Static,9,2,293,1547461e39d3d6dc,200,1
bwapp,login,CG-Static,9,2,295,3cca637365236605,200,1
bwapp,login,CG-Static,9,2,297,80976aede71ef2d6,200,1
bwapp,login,CG-Static,9,2,301,9d8895f796383f5a,200,1
bwapp,login,CG-Static,9,2,303,2e5685cf7c94d40b,200,1
bwapp,login,CG-Static,9,2,304,93ef852920fa484e,200,1
bwapp,login,CG-Static,9,2,306,8acb8bc36bd939cd,200,1
bwapp,login,CG-Static,9,2,307,271b9ba74cde57bf,200,1
bwapp,login,CG-Static,9,2,309,fa89639440835784,200,1
bwapp,login,CG-Static,9,2,310,c7affa2e26cf0e4a,200,1
bwapp,login,CG-Static,9,2,311,9cd44486674cee1b,200,1
bwapp,login,CG-Static,9,2,313,8925e405f974b560,200,1
bwapp,login,CG-Static,9,2,315,c52316ac7957f007,200,1
bwapp,login,CG-Static,9,2,316,a2620364b8e17d8a,200,1
bwapp,login,CG-Static,9,2,317,f108906ecba3cb39,200,1
bwapp,login,CG-Static,9,2,318,2d45cb4e682af761,200,1
bwapp,login,CG-Static,9,2,320,bd1f5384c62a3e8d,200,1
bwapp,login,CG-Static,9,2,321,3c8add82eb4404bc,200,1
bwapp,login,CG-Static,9,2,323,35a456ddbb81f8f5,200,1
bwapp,login,CG-Static,9,2,324,e3396b535780bd60,200,1
bwapp,login,CG-Static,9,2,327,b97642dc7246a503,200,1
bwapp,login,CG-Static,9,2,329,673cc8eddf2a0790,200,1
bwapp,login,CG-Static,9,2,333,8dc0e70058bb0b96,200,1
bwapp,login,CG-Static,9,2,334,b8153ec81f7febad,200,1
bwapp,login,CG-Static,9,2,335,c11a8e77acb9e72d,200,1
bwapp,login,CG-Static,9,2,338,36484afff911928f,200,1
bwapp,login,CG-Static,9,2,339,915c2be37996924b,200,1
bwapp,login,CG-Static,9,2,340,2dc7eb65ea5094fc,200,1
bwapp,login,CG-Static,9,2,342,ea44db2c91c45063,200,1
bwapp,login,CG-Static,9,2,344,30dca0c311fbd941,200,1
bwapp,login,CG-Static,9,2,345,f1287353f3a3e5b2,200,1
bwapp,login,CG-Static,9,2,346,042855d00d3cd320,200,1
bwapp,login,CG-Static,9,2,348,43965ac6bddb0e97,200,1
bwapp,login,CG-Static,9,2,349,20a23aca442c84e3,200,1
bwapp,login,CG-Static,9,2,350,bc01af2fc316c89f,200,1
bwapp,login,CG-Static,9,2,351,7057dbe627be2a71,200,1
bwapp,login,CG-Static,9,2,353,feb94dff82b3cb67,200,1
bwapp,login,CG-Static,9,2,354,7cdb76b80f09120a,200,1
bwapp,login,CG-Static,9,2,356,2ca33e6c7041d7ab,200,1
bwapp,login,CG-Static,9,2,358,ce0cfa958d5002c6,200,1
bwapp,login,CG-Static,9,2,359,a87ee61f42d32793,200,1
bwapp,login,CG-Static,9,2,361,e09c11f5ba7814b8,200,1
bwapp,login,CG-Static,9,2,362,994ab33b0e527ed6,200,1
bwapp,login,CG-Static,9,2,363,8e0511249b5d27f3,200,1
bwapp,login,CG-Static,9,2,364,82cdbe0944ad6ecf,200,1
bwapp,login,CG-Static,9,2,366,bc36baa9fcb1a182,200,1
bwapp,login,CG-Static,9,2,367,8e7ed542e091ae36,200,1
bwapp,login,CG-Static,9,2,368,7347c59ac42e652e,200,1
bwapp,login,CG-Static,9,2,369,a532cf5ea1e79bf3,200,1
bwapp,login,CG-Static,9,2,370,b562121c5983b99a,200,1
bwapp,login,CG-Static,9,2,371,12b203765e13cf28,200,1
bwapp,login,CG-Static,9,2,373,e1a9490e85b90468,200,1
bwapp,login,CG-Static,9,2,375,73a8658fe139fee5,200,1
bwapp,login,CG-Static,9,2,376,e6aebeb57be60f79,200,1
bwapp,login,CG-Static,9,2,377,44ac446b453d44eb,200,1
bwapp,login,CG-Static,9,2,379,b9b1cf1ac75fede2,200,1
bwapp,login,CG-Static,9,4,15,6014ea54718eda80,200,1
bwapp,login,CG-Static,9,4,16,25c5c07f8215fa8a,200,1
bwapp,login,CG-Static,9,4,22,255206005715029c,200,1
bwapp,login,CG-Static,9,4,31,d0d539d52f03e096,200,1
bwapp,login,CG-Static,9,4,36,08e0f225d4dde6a9,200,1
bwapp,login,CG-Static,9,4,41,5db89db2664d9830,200,1
bwapp,login,CG-Static,9,4,43,116215ae9926d5b8,200,1
bwapp,login,CG-Static,9,4,47,8714d20812618b72,200,1
bwapp,login,CG-Static,9,4,55,3a535ec3fc9a3921,200,1
bwapp,login,CG-Static,9,4,70,25e33d5746c5bfd7,200,1
bwapp,login,CG-Static,9,4,81,92b3ec17c995ea42,200,1
bwapp,login,CG-Static,9,4,87,670fd1eb31b1aac9,200,1
bwapp,login,CG-Static,9,4,96,57784b4ffa634e01,200,1
bwapp,login,CG-Static,9,4,104,8043fe0df6176621,200,1
bwapp,login,CG-Static,9,4,111,ca98c50df447399c,200,1
bwapp,login,CG-Static,9,4,123,6386ecb4e6f1a42d,200,1
bwapp,login,CG-Static,9,4,130,eeb0eeec58cf1492,200,1
bwapp,login,CG-Static,9,4,131,90a8037508f1f2c2,200,1
bwapp,login,CG-Static,9,4,134,2366741bc9676a0c,200,1
bwapp,login,CG-Static,9,4,139,26cd9cd17fa60c06,200,1
bwapp,login,CG-Static,9,4,141,531dc2790d71b4a7,200,1
bwapp,login,CG-Static,9,4,147,9dccb557bc53fb66,200,1
bwapp,login,CG-Static,9,4,154,77e2f998f2dec5da,200,1
bwapp,login,CG-Static,9,4,167,4b0d062ba309f2b9,200,1
bwapp,login,CG-Static,9,4,169,fc6dac4b2cce6e4c,200,1
bwapp,login,CG-Static,9,4,172,20f0834d51035aa4,200,1
bwapp,login,CG-Static,9,4,175,16bd1601b7e3d9c0,200,1
bwapp,login,CG-Static,9,4,178,d04f07b7489187f6,200,1
bwapp,login,CG-Static,9,4,179,382b6b0165dd1198,200,1
bwapp,login,CG-Static,9,4,180,99cc16f328006a48,200,1
bwapp,login,CG-Static,9,4,181,af57076502e57375,200,1
bwapp,login,CG-Static,9,4,183,972cd4b9013d28e2,200,1
bwapp,login,CG-Static,9,4,189,698ec9d95b0caccf,200,1
bwapp,login,CG-Static,9,4,195,251f2c15aa8e0118,200,1
bwapp,login,CG-Static,9,4,202,0d90c48cf2305c9d,200,1
bwapp,login,CG-Static,9,4,205,7c315497a64db4bb,200,1
bwapp,login,CG-Static,9,4,207,ca467d36099627e2,200,1
bwapp,login,CG-Static,9,4,209,2d56accd032ecfea,200,1
bwapp,login,CG-Static,9,4,214,ffaa69b3e3b0e3ca,200,1
bwapp,login,CG-Static,9,4,217,c3450a2b6bef7772,200,1
bwapp,login,CG-Static,9,4,219,11a0a36f607ff1fb,200,1
bwapp,login,CG-Static,9,4,222,5765403d75d4079f,200,1
bwapp,login,CG-Static,9,4,223,f9f351eef7479cc0,200,1
bwapp,login,CG-Static,9,4,225,881587de2eb58618,200,1
bwapp,login,CG-Static,9,4,226,41bcaeac4b37a2cb,200,1
bwapp,login,CG-Static,9,4,228,6eb5785034096639,200,1
bwapp,login,CG-Static,9,4,231,34018d5177c01e4c,200,1
bwapp,login,CG-Static,9,4,234,0e0368b115493907,200,1
bwapp,login,CG-Static,9,4,237,3fd16b9ebb2bdfe1,200,1
bwapp,login,CG-Static,9,4,241,6043affbdf6bfd51,200,1
bwapp,login,CG-Static,9,4,243,b2300969c2b36f52,200,1
bwapp,login,CG-Static,9,4,246,ee8d4dd0dda9238d,200,1
bwapp,login,CG-Static,9,4,247,ecddacd5288e863d,200,1
bwapp,login,CG-Static,9,4,252,82b1637201b7ebd3,200,1
bwapp,login,CG-Static,9,4,253,000f4d8a182ffb63,200,1
bwapp,login,CG-Static,9,4,254,bf555d0c1d7ccc55,200,1
bwapp,login,CG-Static,9,4,256,d701ec36c951bac9,200,1
bwapp,login,CG-Static,9,4,259,8968bfb0aec2f120,200,1
bwapp,login,CG-Static,9,4,260,2597d5b484b57b0e,200,1
bwapp,login,CG-Static,9,4,263,7b02c6f2b8b1ce6e,200,1
bwapp,login,CG-Static,9,4,264,640686314beca4bd,200,1
bwapp,login,CG-Static,9,4,265,b80904baac1f1402,200,1
bwapp,login,CG-Static,9,4,266,bc80f5cea24ea99a,200,1
bwapp,login,CG-Static,9,4,267,49c16a2bedbf711d,200,1
bwapp,login,CG-Static,9,4,268,254abb9b9d86996b,200,1
bwapp,login,CG-Static,9,4,269,5c482208392a02fc,200,1
bwapp,login,CG-Static,9,4,271,625fccaa22b4c113,200,1
bwapp,login,CG-Static,9,4,275,100ac9f7f82e7111,200,1
bwapp,login,CG-Static,9,4,276,a4c66e3db03e9944,200,1
bwapp,login,CG-Static,9,4,277,f1762d19b9768957,200,1
bwapp,login,CG-Static,9,4,280,9a86551a6ce5a0eb,200,1
bwapp,login,CG-Static,9,4,281,64d7328a2156e5cc,200,1
bwapp,login,CG-Static,9,4,282,e027e6ab8eeb10f8,200,1
bwapp,login,CG-Static,9,4,283,469ce417185650e9,200,1
bwapp,login,CG-Static,9,4,284,87faf263c7e70e53,200,1
bwapp,login,CG-Static,9,4,285,783b1945ba0d039b,200,1
bwapp,login,CG-Static,9,4,286,e8e9fa07124de619,200,1
bwapp,login,CG-Static,9,4,287,c9bdc9f00f840f4c,200,1
bwapp,login,CG-Static,9,4,288,03c180bc3ec71ede,200,1
bwapp,login,CG-Static,9,4,290,3d212423e7796698,200,1
bwapp,login,CG-Static,9,4,291,89350a4e7e70bf3a,200,1
bwapp,login,CG-Static,9,4,293,e9b4ff6dd97945a7,200,1
bwapp,login,CG-Static,9,4,294,9c443bef785e0346,200,1
bwapp,login,CG-Static,9,4,296,40775de899d23ab1,200,1
bwapp,login,CG-Static,9,4,298,2a9e191a127cd060,200,1
bwapp,login,CG-Static,9,4,299,cd602ba99ced85f3,200,1
bwapp,login,CG-Static,9,4,300,03e53c300baeff8d,200,1
bwapp,login,CG-Static,9,4,301,ba9b8d2ba7dc2e5a,200,1
bwapp,login,CG-Static,9,4,303,b94b27c51f2b3ba7,200,1
bwapp,login,CG-Static,9,4,304,b92e1668b5337484,200,1
bwapp,login,CG-Static,9,4,305,76c64e403278c897,200,1
bwapp,login,CG-Static,9,4,306,f441f51e5470384e,200,1
bwapp,login,CG-Static,9,4,307,dad89ad00ed9cdb7,200,1
bwapp,login,CG-Static,9,4,308,ad50a6e3315c4e4d,200,1
bwapp,login,CG-Static,9,4,310,cacd17f75b5017e7,200,1
bwapp,login,CG-Static,9,4,311,eb0d627eaf54ecf9,200,1
bwapp,login,CG-Static,9,4,312,957449d8921aaa6d,200,1
bwapp,login,CG-Static,9,4,313,e4e9d5808a218471,200,1
bwapp,login,CG-Static,9,4,314,42a48f53c967120d,200,1
bwapp,login,CG-Static,9,4,315,9f04e6b903be8237,200,1
bwapp,login,CG-Static,9,4,316,2dbd44664d177bee,200,1
bwapp,login,CG-Static,9,4,318,00174e40fe95121e,200,1
bwapp,login,CG-Static,9,4,319,aeab66a83c0fcccf,200,1
bwapp,login,CG-Static,9,4,320,a28019f94c555f00,200,1
bwapp,login,CG-Static,9,4,321,65c8e4e082e28284,200,1
bwapp,login,CG-Static,9,4,322,2ae742285daf2cca,200,1
bwapp,login,CG-Static,9,4,323,ceae6218278fee02,200,1
bwapp,login,CG-Static,9,4,325,df71d56b5908a80f,200,1
bwapp,login,CG-Static,9,4,326,4e568888aa903074,200,1
bwapp,login,CG-Static,9,4,327,af7ed6c8179b8a67,200,1
bwapp,login,CG-Static,9,4,328,64bd99b098717078,200,1
bwapp,login,CG-Static,9,4,329,eb6b033747f4e6e5,200,1
bwapp,login,CG-Static,9,4,330,3554634cfbd3e2ec,200,1
bwapp,login,CG-Static,9,4,331,ca3e21c3af8ff805,200,1
bwapp,login,CG-Static,9,4,332,e1e77e99b518d668,200,1
bwapp,login,CG-Static,9,4,334,9264065749b6938d,200,1
bwapp,login,CG-Static,9,4,335,0f0daebc48b5b9f7,200,1
bwapp,login,CG-Static,9,4,336,9186553ade40351b,200,1
bwapp,login,CG-Static,9,4,337,264770ae64358cdb,200,1
bwapp,login,CG-Static,9,4,338,23a72e6048437a9f,200,1
bwapp,login,CG-Static,9,4,339,af5d48da0213950c,200,1
bwapp,login,CG-Static,9,4,340,5f338605bd4f265c,200,1
bwapp,login,CG-Static,9,4,341,c68fcb8d7e32fe12,200,1
bwapp,login,CG-Static,9,4,343,96d7cbae535a778c,200,1
bwapp,login,CG-Static,9,4,345,599ab31f216074e3,200,1
bwapp,login,CG-Static,9,4,346,bdd69f14090e8272,200,1
bwapp,login,CG-Static,9,4,347,85a31657cb9f1a97,200,1
bwapp,login,CG-Static,9,4,349,58784b57c5bca695,200,1
bwapp,login,CG-Static,9,4,350,8815382b2f3ee9d4,200,1
bwapp,login,CG-Static,9,4,351,564b213481d33317,200,1
bwapp,login,CG-Static,9,4,352,79123334345c15ef,200,1
bwapp,login,CG-Static,9,4,353,ae998c828c377ee5,200,1
bwapp,login,CG-Static,9,4,354,c30ec60dcadb2da9,200,1
bwapp,login,CG-Static,9,4,355,0b538775351413db,200,1
bwapp,login,CG-Static,9,4,356,e4f5c1dcf501df28,200,1
bwapp,login,CG-Static,9,4,357,28e71a937608b39c,200,1
bwapp,login,CG-Static,9,4,359,26c465ebebf5796f,200,1
bwapp,login,CG-Static,9,4,360,4f9de2020dd858b1,200,1
bwapp,login,CG-Static,9,4,361,72754a64f5364f7c,200,1
bwapp,login,CG-Static,9,4,362,8a1ee24dec92efff,200,1
bwapp,login,CG-Static,9,4,363,b3b21217c2c42838,200,1
bwapp,login,CG-Static,9,4,364,014b21105540753d,200,1
bwapp,login,CG-Static,9,4,365,249aa221a4e2db3a,200,1
bwapp,login,CG-Static,9,4,366,5d60ef12d3791733,200,1
bwapp,login,CG-Static,9,4,367,378d524a095a09b2,200,1
bwapp,login,CG-Static,9,4,368,99674d79e741fba2,200,1
bwapp,login,CG-Static,9,4,369,f7d947b8121d5c3b,200,1
bwapp,login,CG-Static,9,4,370,4d4d20859ad2099f,200,1
bwapp,login,CG-Static,9,4,372,ad2d8d3933358a07,200,1
bwapp,login,CG-Static,9,4,373,fca4de6a46e089e3,200,1
bwapp,login,CG-Static,9,4,374,1d0c114bdc70e06e,200,1
bwapp,login,CG-Static,9,4,375,aef395d49ea008c7,200,1
bwapp,login,CG-Static,9,4,376,d7039992db9bbf80,200,1
bwapp,login,CG-Static,9,4,377,5bfcafff83206a51,200,1
bwapp,login,CG-Static,9,4,378,8effc2bea5653376,200,1
bwapp,login,CG-Static,9,4,379,94a53913901b5a60,200,1
bwapp,login,CG-Static,9,4,380,28a7ee3f4224c295,200,1
bwapp,login,CG-Static,9,4,381,02b79be51f956271,200,1
bwapp,login,CG-Static,9,4,382,37a04a6a7a5b39bf,200,1
bwapp,login,CG-Static,9,4,383,3fba675837002ec8,200,1
bwapp,login,CG-Static,9,4,384,60a413a2fbe33a99,200,1
bwapp,login,CG-Static,9,4,385,57b76aec720d055b,200,1
bwapp,login,CG-Static,9,4,386,ad2c9c0edfb358de,200,1
bwapp,login,CG-Static,9,4,387,230e60983d5d5ea7,200,1
bwapp,login,CG-Static,9,4,388,b6bda07ef856f648,200,1
bwapp,login,CG-Static,9,4,389,fc42233aa304b446,200,1
bwapp,login,CG-Static,9,5,2,2dbe74ea4e3e98a7,200,1
bwapp,login,CG-Static,9,5,10,736e02e9ddb128ed,200,1
bwapp,login,CG-Static,9,5,14,e59d4d75b39d68a7,200,1
bwapp,login,CG-Static,9,5,19,255206005715029c,200,1
bwapp,login,CG-Static,9,5,22,5b8cc883a8165456,200,1
bwapp,login,CG-Static,9,5,45,8acff7cb0ce57195,200,1
bwapp,login,CG-Static,9,5,51,d2b51b00f2c7bb83,200,1
bwapp,login,CG-Static,9,5,56,76a1c43f318abdcf,200,1
bwapp,login,CG-Static,9,5,63,4b223a614746635c,200,1
bwapp,login,CG-Static,9,5,76,3f8845b8e34c9fde,200,1
bwapp,login,CG-Static,9,5,89,52d5062899c791c2,200,1
bwapp,login,CG-Static,9,5,92,9de952670debdf5c,200,1
bwapp,login,CG-Static,9,5,94,92288daa2e2d3000,200,1
bwapp,login,CG-Static,9,5,100,5458dfb6a4c6fbe0,200,1
bwapp,login,CG-Static,9,5,112,89809af066989205,200,1
bwapp,login,CG-Static,9,5,115,91199e99e85be923,200,1
bwapp,login,CG-Static,9,5,119,9f6e40763d4c89d9,200,1
bwapp,login,CG-Static,9,5,121,190c99c39926a186,200,1
bwapp,login,CG-Static,9,5,122,6711eae9919f2fce,200,1
bwapp,login,CG-Static,9,5,124,2992fa065fc46d39,200,1
bwapp,login,CG-Static,9,5,128,0bf07f17df467f5f,200,1
bwapp,login,CG-Static,9,5,130,f084c0ee1f4e222c,200,1
bwapp,login,CG-Static,9,5,134,5dd6f997e6bebfdb,200,1
bwapp,login,CG-Static,9,5,136,56f65c754b3155c0,200,1
bwapp,login,CG-Static,9,5,138,9a6014aa6126c641,200,1
bwapp,login,CG-Static,9,5,140,85a840d3bef281fc,200,1
bwapp,login,CG-Static,9,5,144,a690e79fa5265502,200,1
bwapp,login,CG-Static,9,5,146,7b1d780d3c1d36bb,200,1
bwapp,login,CG-Static,9,5,147,d335ebe10f45ef9f,200,1
bwapp,login,CG-Static,9,5,148,d8e57ae070191ea3,200,1
bwapp,login,CG-Static,9,5,149,530256a0ad3f6b45,200,1
bwapp,login,CG-Static,9,5,150,6d572a2c3cc2cbb7,200,1
bwapp,login,CG-Static,9,5,151,4b5710a95537ac2a,200,1
bwapp,login,CG-Static,9,5,152,55b231583c14f854,200,1
bwapp,login,CG-Static,9,5,153,f38bab250ab30e07,200,1
bwapp,login,CG-Static,9,5,155,63c3fe36777f89d4,200,1
bwapp,login,CG-Static,9,5,156,5e320d7fbcbf1cdc,200,1
bwapp,login,CG-Static,9,5,157,fda4903ccbb9753b,200,1
bwapp,login,CG-Static,9,5,161,c25dc990c0aa93a2,200,1
bwapp,login,CG-Static,9,5,165,439b1c5bf46c1819,200,1
bwapp,login,CG-Static,9,5,169,72f0a52502f32f65,200,1
bwapp,login,CG-Static,9,5,173,c90980a92f599f68,200,1
bwapp,login,CG-Static,9,5,177,49a2a225d377cd04,200,1
bwapp,login,CG-Static,9,5,178,6165af1a63c85c91,200,1
bwapp,login,CG-Static,9,5,179,dafbaa84443930a4,200,1
bwapp,login,CG-Static,9,5,180,0550b324b332366b,200,1
bwapp,login,CG-Static,9,5,181,72bf8befe76158fe,200,1
bwapp,login,CG-Static,9,5,182,375d885f31811f16,200,1
bwapp,login,CG-Static,9,5,184,686294395c35e118,200,1
bwapp,login,CG-Static,9,5,185,05d6884b2ea86f9d,200,1
bwapp,login,CG-Static,9,5,186,cd99abe31832515f,200,1
bwapp,login,CG-Static,9,5,187,11f455645306c54b,200,1
bwapp,login,CG-Static,9,5,189,7f2e566ffab2969e,200,1
bwapp,login,CG-Static,9,5,190,b93add446807fd23,200,1
bwapp,login,CG-Static,9,5,191,0d2a9b2762ccbe24,200,1
bwapp,login,CG-Static,9,5,192,4fa850b8df99b871,200,1
bwapp,login,CG-Static,9,5,193,6eb17e0153f4aed0,200,1
bwapp,login,CG-Static,9,5,195,78e9c11ba72e7d30,200,1
bwapp,login,CG-Static,9,5,196,2e71d4f655e37ab0,200,1
bwapp,login,CG-Static,9,5,197,9216441383443faf,200,1
bwapp,login,CG-Static,9,5,198,70fb68e4143dc172,200,1
bwapp,login,CG-Static,9,5,200,c2163ca30c201db0,200,1
bwapp,login,CG-Static,9,5,201,f8acec3fc858fcde,200,1
bwapp,login,CG-Static,9,5,202,a0210acdfb288aab,200,1
bwapp,login,CG-Static,9,5,205,945cde9515a6dcb5,200,1
bwapp,login,CG-Static,9,5,206,8bffd86053e8c027,200,1
bwapp,login,CG-Static,9,5,208,930bdb563129eb8a,200,1
bwapp,login,CG-Static,9,5,209,c74d37aa316e17c0,200,1
bwapp,login,CG-Static,9,5,211,a37cfce43ba3b625,200,1
bwapp,login,CG-Static,9,5,212,da839e0f7a3f1a8e,200,1
bwapp,login,CG-Static,9,5,213,4025a6bbbfd71b07,200,1
bwapp,login,CG-Static,9,5,215,0a9c94a03bc51c4c,200,1
bwapp,login,CG-Static,9,5,217,499ed1a5477db6dd,200,1
bwapp,login,CG-Static,9,5,218,f5bb21a48953f24f,200,1
bwapp,login,CG-Static,9,5,220,6289ec4e4332e201,200,1
bwapp,login,CG-Static,9,5,221,2e7bfec61c83909e,200,1
bwapp,login,CG-Static,9,5,222,d620cc8c912a6570,200,1
bwapp,login,CG-Static,9,5,223,b8363dfae646abee,200,1
bwapp,login,CG-Static,9,5,224,69b9ca43d3b302f8,200,1
bwapp,login,CG-Static,9,5,225,62faddaf5aca76b7,200,1
bwapp,login,CG-Static,9,5,226,6f02357fec5dbcf1,200,1
bwapp,login,CG-Static,9,5,227,3799f403fb263e68,200,1
bwapp,login,CG-Static,9,5,228,35a6f6445b41dc4a,200,1
bwapp,login,CG-Static,9,5,229,7e4aa0935d23d489,200,1
bwapp,login,CG-Static,9,5,230,ade2d596dd6eed75,200,1
bwapp,login,CG-Static,9,5,231,db241d35304c8470,200,1
bwapp,login,CG-Static,9,5,232,6d90f06dc81b0716,200,1
bwapp,login,CG-Static,9,5,233,68fc206ea70fc987,200,1
bwapp,login,CG-Static,9,5,235,6b8879b498958d78,200,1
bwapp,login,CG-Static,9,5,236,75c97d0719835cca,200,1
bwapp,login,CG-Static,9,5,237,11c3bcda676586bf,200,1
bwapp,login,CG-Static,9,5,238,0bc2b635edde3172,200,1
bwapp,login,CG-Static,9,5,239,9fcd13dd04d7db38,200,1
bwapp,login,CG-Static,9,5,240,2b0b81dd00631d4a,200,1
bwapp,login,CG-Static,9,5,241,69ed09995794bc55,200,1
bwapp,login,CG-Static,9,5,242,85f4a2e1ab4c1246,200,1
bwapp,login,CG-Static,9,5,243,af9a044ae9625ddb,200,1
bwapp,login,CG-Static,9,5,245,cf9aff5f51c02581,200,1
bwapp,login,CG-Static,9,5,246,e47bc3e6058abc25,200,1
bwapp,login,CG-Static,9,5,247,4b4d58a052a2202f,200,1
bwapp,login,CG-Static,9,5,248,12a6e6fce3ca8229,200,1
bwapp,login,CG-Static,9,5,249,f0b1819ce36f77a2,200,1
bwapp,login,CG-Static,9,5,250,b1c0ca1e56359957,200,1
bwapp,login,CG-Static,9,5,251,41809dbb7c0e4810,200,1
bwapp,login,CG-Static,9,5,252,b95b1f32ec6be8bf,200,1
bwapp,login,CG-Static,9,5,253,0e3ae65f58186db0,200,1
bwapp,login,CG-Static,9,5,254,390f68a996f74565,200,1
bwapp,login,CG-Static,9,5,255,775234ba88002850,200,1
bwapp,login,CG-Static,9,5,256,f059f7d3d716f182,200,1
bwapp,login,CG-Static,9,5,257,3d3b858a0125d9e8,200,1
bwapp,login,CG-Static,9,5,258,0f3884fcaf7d63a8,200,1
bwapp,login,CG-Static,9,5,259,13658e04f6ced67e,200,1
bwapp,login,CG-Static,9,5,260,697f840c63a414d2,200,1
bwapp,login,CG-Static,9,5,261,a5908b77e9e19f6e,200,1
bwapp,login,CG-Static,9,5,262,7defdf11169d6603,200,1
bwapp,login,CG-Static,9,5,263,b5e978eaac25dc53,200,1
bwapp,login,CG-Static,9,5,264,f9845b395949f8d9,200,1
bwapp,login,CG-Static,9,5,265,b30eafe503c1ca73,200,1
bwapp,login,CG-Static,9,5,266,583aeea0354e0c89,200,1
bwapp,login,CG-Static,9,5,267,89ece626cdd93d93,200,1
bwapp,login,CG-Static,9,5,268,73d63b756a1a9b0e,200,1
bwapp,login,CG-Static,9,5,269,542a2371bf57bafe,200,1
bwapp,login,CG-Static,9,5,270,3972e40ecacd4ee2,200,1
bwapp,login,CG-Static,9,5,271,16821ff54bb119c0,200,1
bwapp,login,CG-Static,9,5,272,4d6086d9de119205,200,1
bwapp,login,CG-Static,9,5,273,515a223d9b539bce,200,1
bwapp,login,CG-Static,9,5,274,e42b3f185db80587,200,1
bwapp,login,CG-Static,9,5,275,7cf6a95ed41ee67f,200,1
bwapp,login,CG-Static,9,5,276,234dafd8d0894240,200,1
bwapp,login,CG-Static,9,5,277,ebdaadf0b30ac8bd,200,1
bwapp,login,CG-Static,9,5,278,c84bf9ccbe6cbb2e,200,1
bwapp,login,CG-Static,9,5,279,2b3014c0c8460096,200,1
bwapp,login,CG-Static,9,5,280,c630c9b4e8ea9acf,200,1
bwapp,login,CG-Static,9,5,281,728e333c6a039208,200,1
bwapp,login,CG-Static,9,5,282,fa0335aa9791a19f,200,1
bwapp,login,CG-Static,9,5,283,cac48e40c8a22d4a,200,1
bwapp,login,CG-Static,9,5,284,ce19ac513074fd78,200,1
bwapp,login,CG-Static,9,5,285,a3e95098ce1365e2,200,1
bwapp,login,CG-Static,9,5,286,907bb157825697a6,200,1
bwapp,login,CG-Static,9,5,288,043474e1cd566f65,200,1
bwapp,login,CG-Static,9,5,289,e10755caf5f2429d,200,1
bwapp,login,CG-Static,9,5,290,8f1f6e565ede7be6,200,1
bwapp,login,CG-Static,9,5,291,a97c95e6e8b244a2,200,1
bwapp,login,CG-Static,9,5,292,44c9913924cb5084,200,1
bwapp,login,CG-Static,9,5,293,bf7aee33a485c899,200,1
bwapp,login,CG-Static,9,5,295,efc99bb19e0306b6,200,1
bwapp,login,CG-Static,9,5,296,900535f5e767a023,200,1
bwapp,login,CG-Static,9,5,297,8ad3448238f1c4c6,200,1
bwapp,login,CG-Static,9,5,298,4cb6216bb81ad937,200,1
bwapp,login,CG-Static,9,5,299,085eaff54a862af6,200,1
bwapp,login,CG-Static,9,5,300,36b0f15eb7a81dc1,200,1
bwapp,login,CG-Static,9,5,301,e751973a4ec44922,200,1
bwapp,login,CG-Static,9,5,302,10aa981348371ad0,200,1
bwapp,login,CG-Static,9,5,303,aa085e891439b2bd,200,1
bwapp,login,CG-Static,9,5,304,7445fbac6529ef88,200,1
bwapp,login,CG-Static,9,5,305,1e6c58af7ca24ca3,200,1
bwapp,login,CG-Static,9,5,306,45656ea551d8fe42,200,1
bwapp,login,CG-Static,9,5,307,dbd8bf282775a88e,200,1
bwapp,login,CG-Static,9,5,308,ae11ade464582e22,200,1
bwapp,login,CG-Static,9,5,309,23e0c9409ab1c917,200,1
bwapp,login,CG-Static,9,5,310,c241787d1cf87a90,200,1
bwapp,login,CG-Static,9,5,311,e2f2e26542924434,200,1
bwapp,login,CG-Static,9,5,312,5fd5c676ae90312f,200,1
bwapp,login,CG-Static,9,5,313,dfb42c88dc26bf63,200,1
bwapp,login,CG-Static,9,5,314,68510857c2a6fccb,200,1
bwapp,login,CG-Static,9,5,315,7e7f0b069656c51f,200,1
bwapp,login,CG-Static,9,5,316,ab7a796f92141af3,200,1
bwapp,login,CG-Static,9,5,317,2b32986d463e81d2,200,1
bwapp,login,CG-Static,9,5,318,aafa307f732bc000,200,1
bwapp,login,CG-Static,9,5,319,3d31adfd888aa821,200,1
bwapp,login,CG-Static,9,5,320,ff732e88a5aee707,200,1
bwapp,login,CG-Static,9,5,321,3a161dd9a5c981b1,200,1
bwapp,login,CG-Static,9,5,322,362af0980b239ae5,200,1
bwapp,login,CG-Static,9,5,323,73935792bf16f2a3,200,1
bwapp,login,CG-Static,9,5,324,37151c0daf1eb325,200,1
bwapp,login,CG-Static,9,5,325,943661d81891e7b4,200,1
bwapp,login,CG-Static,9,5,326,fb53593259afefc2,200,1
bwapp,login,CG-Static,9,5,327,30c81e2b97489b02,200,1
bwapp,login,CG-Static,9,5,328,a28db98ef5958c1d,200,1
bwapp,login,CG-Static,9,5,329,315b08aae071ecb5,200,1
bwapp,login,CG-Static,9,5,330,982fcc6c57386a1f,200,1
bwapp,login,CG-Static,9,5,331,1afc836dd4153681,200,1
bwapp,login,CG-Static,9,5,332,0d38553c7efdb0e6,200,1
bwapp,login,CG-Static,9,5,333,68c942075cf13acd,200,1
bwapp,login,CG-Static,9,5,334,8d862e25797a5211,200,1
bwapp,login,CG-Static,9,5,335,dd91246e64bcda41,200,1
bwapp,login,CG-Static,9,5,336,1c54208ccc09f7e0,200,1
bwapp,login,CG-Static,9,5,337,e5730e36c59eb05e,200,1
bwapp,login,CG-Static,9,5,338,a6ace26df4a3e96b,200,1
bwapp,login,CG-Static,9,5,339,0f2c98779e20398f,200,1
bwapp,login,CG-Static,9,5,340,f5b2474bd6dffcd7,200,1
bwapp,login,CG-Static,9,5,341,4b9bfd36f1b404ae,200,1
bwapp,login,CG-Static,9,5,342,d6d9aed366a04fcc,200,1
bwapp,login,CG-Static,9,5,343,b3b72d311ebf755d,200,1
bwapp,login,CG-Static,9,5,344,e0c495087b0e59f4,200,1
bwapp,login,CG-Static,9,5,345,fc3382881d9886b8,200,1
bwapp,login,CG-Static,9,5,346,e028fc67c3791a40,200,1
bwapp,login,CG-Static,9,5,347,7f0e16efb5bd493d,200,1
bwapp,login,CG-Static,9,5,348,3fed09fc78ba6219,200,1
bwapp,login,CG-Static,9,5,349,31af75210b7fc992,200,1
bwapp,login,CG-Static,9,5,350,add3b41d3e1a21c8,200,1
bwapp,login,CG-Static,9,5,351,61fd07090f5ae3f9,200,1
bwapp,login,CG-Static,9,5,352,fa41e5cad5730203,200,1
bwapp,login,CG-Static,9,5,353,c7f7711b6899eb12,200,1
bwapp,login,CG-Static,9,5,354,f35d070d7334d12a,200,1
bwapp,login,CG-Static,9,5,355,d9d4fa1173ae2e02,200,1
bwapp,login,CG-Static,9,5,356,079a00fb5129c436,200,1
bwapp,login,CG-Static,9,5,357,bbb8ca12ee5aa2ff,200,1
bwapp,login,CG-Static,9,5,358,493099fa2ccf99a3,200,1
bwapp,login,CG-Static,9,5,359,55581daa043748ab,200,1
bwapp,login,CG-Static,9,5,360,2c1e2b9c45b4f2cb,200,1
bwapp,login,CG-Static,9,5,361,5bdeab9750ecacd0,200,1
bwapp,login,CG-Static,9,5,362,55a0a2e9ace41d51,200,1
bwapp,login,CG-Static,9,5,363,f9a4c868bae3640a,200,1
bwapp,login,CG-Static,9,5,364,76b626423f06f171,200,1
bwapp,login,CG-Static,9,5,365,666092e00e9db19e,200,1
bwapp,login,CG-Static,9,5,366,8f1483a824951c58,200,1
bwapp,login,CG-Static,9,5,367,e1fc441486f98e10,200,1
bwapp,login,CG-Static,9,5,368,002d8cac7afe6563,200,1
bwapp,login,CG-Static,9,5,369,f8ec39d84cf01000,200,1
bwapp,login,CG-Static,9,5,370,ec966be906a44b13,200,1
bwapp,login,CG-Static,9,5,371,b307dbcaeb3cc407,200,1
bwapp,login,CG-Static,9,5,372,27037c449ed26496,200,1
bwapp,login,CG-Static,9,5,373,057cdc491b8540e0,200,1
bwapp,login,CG-Static,9,5,374,81f751e827f4b288,200,1
bwapp,login,CG-Static,9,5,375,f9f0c72a9b4a4e9b,200,1
bwapp,login,CG-Static,9,5,376,49df804996222059,200,1
bwapp,login,CG-Static,9,5,377,05024fd96480ac13,200,1
bwapp,login,CG-Static,9,5,378,6a7ea184390a5cf2,200,1
bwapp,login,CG-Static,9,5,379,f4fb24f0e3e8a937,200,1
bwapp,login,CG-Static,9,5,380,c1f3fc933d8db8c0,200,1
bwapp,login,CG-Static,9,5,381,7991956287bc4c95,200,1
bwapp,login,CG-Static,9,5,382,9e746dcd6382bccd,200,1
bwapp,login,CG-Static,9,5,383,31b22efe81306cb5,200,1
bwapp,login,CG-Static,9,5,384,b93a0b9083ce2b49,200,1
bwapp,login,CG-Static,9,5,385,2824b2360259c33e,200,1
bwapp,login,CG-Static,9,5,386,af48d910a176dc0d,200,1
bwapp,login,CG-Static,9,5,387,eb79afb365e2b9fe,200,1
bwapp,login,CG-Static,9,5,388,8208eed451d1b173,200,1
bwapp,login,CG-Static,9,5,389,9c46f108b17018a1,200,1
bwapp,login,CG-Static,9,5,390,28514df0b3a0a0a6,200,1
bwapp,login,CG-Static,9,5,391,0fc5c663480caa5d,200,1
bwapp,login,CG-Static,9,5,392,431cace566885b33,200,1
bwapp,login,CG-Static,9,5,393,affd269ec01ff264,200,1
bwapp,login,CG-Static,9,5,394,545b5406a49e0623,200,1
bwapp,login,CG-Static,9,5,395,df23e26ab36df582,200,1
bwapp,login,CG-Static,9,5,396,427710850962ce19,200,1
bwapp,login,CG-Static,9,5,397,450300338c84ce91,200,1
bwapp,login,CG-Static,9,5,398,1de940a564242a85,200,1
bwapp,login,CG-Static,9,5,399,53f4e8b8911bc80e,200,1
bwapp,login,CG-Static,9,5,400,75682045b094d774,200,1
bwapp,login,CG-Static,9,5,401,5f2bfa6e0c49ae5d,200,1
bwapp,login,CG-Static,9,5,402,60aaf805c2d4dc90,200,1
bwapp,login,CG-Static,9,5,403,a3f3cd7d95065b74,200,1
bwapp,login,CG-Static,9,5,404,0f76df0abe394eac,200,1
bwapp,login,CG-Static,9,5,405,1d7597ce63603bab,200,1
bwapp,login,CG-Static,9,5,406,df2d3244ba8c02fe,200,1
bwapp,login,CG-Static,9,5,407,83043367f317ed5b,200,1
bwapp,login,CG-Static,9,5,408,82991be71c6429ab,200,1
bwapp,login,CG-Static,9,5,409,86b31abe10686a74,200,1
bwapp,login,CG-Static,9,5,410,7549b964a703a3f6,200,1
bwapp,login,CG-Static,9,5,411,d13a17a7419ebff7,200,1
bwapp,search,CG-Static,10,3,5,e3823b0d37dee470,200,1
bwapp,search,CG-Static,10,3,17,f53ddd684122deca,200,1
bwapp,search,CG-Static,10,3,23,0831a45fe39e6955,200,1
bwapp,search,CG-Static,10,3,31,cb5b1b941adb4d5d,200,1
bwapp,search,CG-Static,10,3,37,fd445e4c524df70f,200,1
bwapp,search,CG-Static,10,3,41,2d62f1331d50c3a4,200,1
bwapp,search,CG-Static,10,3,49,870525181fa983b8,200,1
bwapp,search,CG-Static,10,3,62,0bf249928da9cfcd,200,1
bwapp,search,CG-Static,10,3,68,9ea2a1955228798c,200,1
bwapp,search,CG-Static,10,3,72,e77faa1d674a231b,200,1
bwapp,search,CG-Static,10,3,78,714bfa69922c93ae,200,1
bwapp,search,CG-Static,10,3,210,38789374c4868e05,200,1
bwapp,search,CG-Static,10,3,255,53f3d7ab9754c4e5,200,1
bwapp,search,CG-Static,10,1,9,f53ddd684122deca,200,1
bwapp,search,CG-Static,10,1,16,e3823b0d37dee470,200,1
bwapp,search,CG-Static,10,1,27,c87277085e31f90d,200,1
bwapp,search,CG-Static,10,1,35,b4646170c80dea2a,200,1
bwapp,search,CG-Static,10,1,38,ce1e07c169cc3560,200,1
bwapp,search,CG-Static,10,1,41,49475c6e349fa5db,200,1
bwapp,search,CG-Static,10,1,55,a126fae2a2969d4e,200,1
bwapp,search,CG-Static,10,1,59,5f848c892a10d098,200,1
bwapp,search,CG-Static,10,1,63,c0c3b9776770f885,200,1
bwapp,search,CG-Static,10,1,69,a802298b4f3646e5,200,1
bwapp,search,CG-Static,10,1,79,bbdfa30dd298e3ae,200,1
bwapp,search,CG-Static,10,1,83,59db520bec02e70c,200,1
bwapp,search,CG-Static,10,1,87,33a95c46ad378cad,200,1
bwapp,search,CG-Static,10,1,90,104e0d07480749f1,200,1
bwapp,search,CG-Static,10,1,96,5a2cbc0d5f9efdfc,200,1
bwapp,search,CG-Static,10,1,100,45a2ab25f1f36a9d,200,1
bwapp,search,CG-Static,10,1,116,3a35724444bf054a,200,1
bwapp,search,CG-Static,10,1,124,36a6c169ad1ed330,200,1
bwapp,search,CG-Static,10,1,141,0312d2da0108c0cd,200,1
bwapp,search,CG-Static,10,1,144,5e0bf411eaa77d78,200,1
bwapp,search,CG-Static,10,1,149,325f5c18a5fc9875,200,1
bwapp,search,CG-Static,10,1,164,1ca405492e4aff73,200,1
bwapp,search,CG-Static,10,1,168,16da06ada77f9012,200,1
bwapp,search,CG-Static,10,1,175,2da1f91faafdf414,200,1
bwapp,search,CG-Static,10,1,189,2d9e64a25ed88c90,200,1
bwapp,search,CG-Static,10,1,198,a46172715111b3a3,200,1
bwapp,search,CG-Static,10,1,205,42d494203fc7e2d6,200,1
bwapp,search,CG-Static,10,1,210,16eab1386aa05f62,200,1
bwapp,search,CG-Static,10,1,221,851949f8b5c14e3c,200,1
bwapp,search,CG-Static,10,1,227,ccfa2535fcd51383,200,1
bwapp,search,CG-Static,10,1,234,6e6a200b6a375e8f,200,1
bwapp,search,CG-Static,10,1,243,f0d6742ab20b8bfc,200,1
bwapp,search,CG-Static,10,1,249,2d839f7ecf26f63a,200,1
bwapp,search,CG-Static,10,1,263,0c578e28444bbf2c,200,1
bwapp,search,CG-Static,10,1,265,77df63f5fffdb057,200,1
bwapp,search,CG-Static,10,1,272,58882ca343669af3,200,1
bwapp,search,CG-Static,10,1,280,fa7eeb22ddf86058,200,1
bwapp,search,CG-Static,10,1,301,d8a9e541a7665732,200,1
bwapp,search,CG-Static,10,1,305,27e115f90d01df27,200,1
bwapp,search,CG-Static,10,1,306,3ccfcd1a134cbeb2,200,1
bwapp,search,CG-Static,10,1,320,ab76b91e077dcb71,200,1
bwapp,search,CG-Static,10,1,321,aa7a57e87f4d584f,200,1
bwapp,search,CG-Static,10,1,330,3b6c8ce253c8506b,200,1
bwapp,search,CG-Static,10,1,335,1d85797bace2b6cd,200,1
bwapp,search,CG-Static,10,1,345,50be57625477a16a,200,1
bwapp,search,CG-Static,10,1,354,daad5d2b6d44c18a,200,1
bwapp,search,CG-Static,10,2,15,97eaa211657ba6f7,200,1
bwapp,search,CG-Static,10,2,32,40db90df35847b28,200,1
bwapp,search,CG-Static,10,2,34,ac773716f92770b9,200,1
bwapp,search,CG-Static,10,2,41,debaa2b308ae6f9f,200,1
bwapp,search,CG-Static,10,2,61,fd146e8b68353a5c,200,1
bwapp,search,CG-Static,10,2,70,fa69c0556f2c3f7f,200,1
bwapp,search,CG-Static,10,2,87,4d7e8b4514d8b011,200,1
bwapp,search,CG-Static,10,2,98,b4646170c80dea2a,200,1
bwapp,search,CG-Static,10,2,104,e30c55e62a1d2418,200,1
bwapp,search,CG-Static,10,2,120,5c1b21afd809197b,200,1
bwapp,search,CG-Static,10,2,130,aa45f85f52285178,200,1
bwapp,search,CG-Static,10,2,136,993c0bdcfae0c974,200,1
bwapp,search,CG-Static,10,2,145,59db520bec02e70c,200,1
bwapp,search,CG-Static,10,2,152,d1462662126bb81b,200,1
bwapp,search,CG-Static,10,2,164,0444e81cb7b951d0,200,1
bwapp,search,CG-Static,10,2,179,d526de28e1aff29f,200,1
bwapp,search,CG-Static,10,2,202,365810541577c063,200,1
bwapp,search,CG-Static,10,4,3,d34ef4883d3180b6,200,1
bwapp,search,CG-Static,10,4,5,4c4004c4240c48ea,200,1
bwapp,search,CG-Static,10,4,10,c387f480dc894397,200,1
bwapp,search,CG-Static,10,4,13,f53ddd684122deca,200,1
bwapp,search,CG-Static,10,4,14,0bc57b8df3c3e2d2,200,1
bwapp,search,CG-Static,10,4,19,c294b370119d242d,200,1
bwapp,search,CG-Static,10,4,21,92da047848e7ea92,200,1
bwapp,search,CG-Static,10,4,28,9c49be0edc819f9b,200,1
bwapp,search,CG-Static,10,4,30,e3823b0d37dee470,200,1
bwapp,search,CG-Static,10,4,31,fe0b3ddfe94d0fcd,200,1
bwapp,search,CG-Static,10,4,35,596f24c91a53920f,200,1
bwapp,search,CG-Static,10,4,37,274cc48be64e5715,200,1
bwapp,search,CG-Static,10,4,45,dfbaf17db8c70e0d,200,1
bwapp,search,CG-Static,10,4,47,5ecb390ced8094fc,200,1
bwapp,search,CG-Static,10,4,48,7ca7f257d88fa422,200,1
bwapp,search,CG-Static,10,4,55,3e4dea2959b4622e,200,1
bwapp,search,CG-Static,10,4,56,64afd4245ce6c3dd,200,1
bwapp,search,CG-Static,10,4,58,5fec337e4f2352b3,200,1
bwapp,search,CG-Static,10,4,59,81a59a7af714a95d,200,1
bwapp,search,CG-Static,10,4,60,f02196d1238cde7c,200,1
bwapp,search,CG-Static,10,4,63,8862ee09207168e8,200,1
bwapp,search,CG-Static,10,4,64,e6c8be7f27b8c875,200,1
bwapp,search,CG-Static,10,4,65,608cb00cd8380fec,200,1
bwapp,search,CG-Static,10,4,66,c1856c060e2bf08c,200,1
bwapp,search,CG-Static,10,4,70,4a3211c99a8890dc,200,1
bwapp,search,CG-Static,10,4,74,aaf92f70345db9f9,200,1
bwapp,search,CG-Static,10,4,77,7b1e75855e3563e6,200,1
bwapp,search,CG-Static,10,4,78,5177b596a8fccb31,200,1
bwapp,search,CG-Static,10,4,79,a70e054a6fe3bbae,200,1
bwapp,search,CG-Static,10,4,87,17d6bc3db0a4304e,200,1
bwapp,search,CG-Static,10,4,88,f54285dbba661775,200,1
bwapp,search,CG-Static,10,4,89,d33c0daf0b862307,200,1
bwapp,search,CG-Static,10,4,92,bc5933c0fe83233b,200,1
bwapp,search,CG-Static,10,4,93,c050687ffd96dcf5,200,1
bwapp,search,CG-Static,10,4,96,87284f1a54553aab,200,1
bwapp,search,CG-Static,10,4,97,008f0756ab7774f5,200,1
bwapp,search,CG-Static,10,4,99,e5e4a373dc750964,200,1
bwapp,search,CG-Static,10,4,104,ff4bec197afc0100,200,1
bwapp,search,CG-Static,10,4,105,bee3afaf8acf1c64,200,1
bwapp,search,CG-Static,10,4,108,1b1e930e0ac356aa,200,1
bwapp,search,CG-Static,10,4,110,1f2eab5a80fa7f98,200,1
bwapp,search,CG-Static,10,4,111,eed83c4fb13a0677,200,1
bwapp,search,CG-Static,10,4,115,3bdf4c19294d25e6,200,1
bwapp,search,CG-Static,10,4,116,919b9a96f4033f1c,200,1
bwapp,search,CG-Static,10,4,118,cf9d3c2bff70e59c,200,1
bwapp,search,CG-Static,10,4,120,8f32556102c8c754,200,1
bwapp,search,CG-Static,10,4,124,c9abe1a7aa873188,200,1
bwapp,search,CG-Static,10,4,127,f5170fd4a29bdad0,200,1
bwapp,search,CG-Static,10,4,129,61aa114023d5975c,200,1
bwapp,search,CG-Static,10,4,132,55e6e63b29fb7a9f,200,1
bwapp,search,CG-Static,10,4,135,fbbe0c7710340450,200,1
bwapp,search,CG-Static,10,4,139,d5ac5e281bff20b1,200,1
bwapp,search,CG-Static,10,4,142,85c044e16e2fd3c0,200,1
bwapp,search,CG-Static,10,4,145,412ba618f4c4b2e7,200,1
bwapp,search,CG-Static,10,4,146,f3e2fb4a7f62ed98,200,1
bwapp,search,CG-Static,10,4,151,8952351bca48cbd0,200,1
bwapp,search,CG-Static,10,4,152,11a67b2f5ff2c39c,200,1
bwapp,search,CG-Static,10,4,155,5d6458d6ea3eeaca,200,1
bwapp,search,CG-Static,10,4,156,3672de1bd1e66e53,200,1
bwapp,search,CG-Static,10,4,160,e25b21b1f031efc6,200,1
bwapp,search,CG-Static,10,4,161,ce40767b72e531eb,200,1
bwapp,search,CG-Static,10,4,166,d209aed7ec7c8a26,200,1
bwapp,search,CG-Static,10,4,169,586c90db6d010abb,200,1
bwapp,search,CG-Static,10,4,171,8f6ea91b642a20b3,200,1
bwapp,search,CG-Static,10,4,176,c8430a2135586df5,200,1
bwapp,search,CG-Static,10,4,177,f9f30e423958f08c,200,1
bwapp,search,CG-Static,10,4,181,d101adb88ae8c410,200,1
bwapp,search,CG-Static,10,4,184,b5779de7bc0c64a3,200,1
bwapp,search,CG-Static,10,4,187,c770fdff4163e076,200,1
bwapp,search,CG-Static,10,4,189,e680bba5ce7d89c2,200,1
bwapp,search,CG-Static,10,4,192,9c7fb7137465ae46,200,1
bwapp,search,CG-Static,10,4,195,369e6affceaef458,200,1
bwapp,search,CG-Static,10,4,198,f68c1ebf671c44e2,200,1
bwapp,search,CG-Static,10,4,203,503903fe8734733f,200,1
bwapp,search,CG-Static,10,4,207,4a35d2dea91c5d6e,200,1
bwapp,search,CG-Static,10,4,210,e335a17ac86eab65,200,1
bwapp,search,CG-Static,10,4,212,96791a41cd5896ce,200,1
bwapp,search,CG-Static,10,4,215,3e5786535fcd5044,200,1
bwapp,search,CG-Static,10,4,218,8965a537b84e6ba8,200,1
bwapp,search,CG-Static,10,4,220,5289a6b000c6750d,200,1
bwapp,search,CG-Static,10,4,223,c6db96b3b9c4fdad,200,1
bwapp,search,CG-Static,10,4,226,740f539f58395f5d,200,1
bwapp,search,CG-Static,10,4,229,c039cd156927b338,200,1
bwapp,search,CG-Static,10,4,232,04dde7ea9eec490b,200,1
bwapp,search,CG-Static,10,4,236,14f1f272541d6fc3,200,1
bwapp,search,CG-Static,10,4,237,b8aea10e60cd3aa5,200,1
bwapp,search,CG-Static,10,4,240,bcbfaec68d7da153,200,1
bwapp,search,CG-Static,10,4,243,111c283e5c6ec434,200,1
bwapp,search,CG-Static,10,4,245,80c9941c8233652d,200,1
bwapp,search,CG-Static,10,4,247,4a47e0285747720c,200,1
bwapp,search,CG-Static,10,4,250,b50a9eac88ad5cad,200,1
bwapp,search,CG-Static,10,4,253,8ef8266b1d9d92a3,200,1
bwapp,search,CG-Static,10,4,256,03a8a3ed49151878,200,1
bwapp,search,CG-Static,10,4,260,04e5c842d1498e22,200,1
bwapp,search,CG-Static,10,4,262,4bc9c2643f9014e4,200,1
bwapp,search,CG-Static,10,4,264,d221b8920fc8bdb9,200,1
bwapp,search,CG-Static,10,4,268,c1d797796f205c6e,200,1
bwapp,search,CG-Static,10,4,270,532a50df9986ebb6,200,1
bwapp,search,CG-Static,10,4,274,cea7cc3dbd7fc599,200,1
bwapp,search,CG-Static,10,4,277,f57bb206351d4da6,200,1
bwapp,search,CG-Static,10,4,280,5af65f45a405f360,200,1
bwapp,search,CG-Static,10,4,281,5917edee4c3c881d,200,1
bwapp,search,CG-Static,10,4,287,c917629765bff139,200,1
bwapp,search,CG-Static,10,4,290,0e58fa09d3175c63,200,1
bwapp,search,CG-Static,10,4,291,99ad06df398e2855,200,1
bwapp,search,CG-Static,10,4,293,ee93cf6ae097658f,200,1
bwapp,search,CG-Static,10,4,295,db7ae9919873060c,200,1
bwapp,search,CG-Static,10,4,301,856bd63540de3190,200,1
bwapp,search,CG-Static,10,4,302,966635182c5777a2,200,1
bwapp,search,CG-Static,10,4,305,05e40ee26fc5081f,200,1
bwapp,search,CG-Static,10,4,308,5334477b83043e04,200,1
bwapp,search,CG-Static,10,4,312,31ffd98c2020a85a,200,1
bwapp,search,CG-Static,10,4,315,76312c8081e3d03a,200,1
bwapp,search,CG-Static,10,4,322,ce2a3fb3219c6e81,200,1
bwapp,search,CG-Static,10,4,325,55daae944020c048,200,1
bwapp,search,CG-Static,10,4,329,8dc3824226923e05,200,1
bwapp,search,CG-Static,10,4,332,29ed3f3318282cca,200,1
bwapp,search,CG-Static,10,4,337,310025da6ee1de73,200,1
bwapp,search,CG-Static,10,4,342,f80228922d3c0aff,200,1
bwapp,search,CG-Static,10,4,346,e09629a010de7f3f,200,1
bwapp,search,CG-Static,10,5,10,b540c03f6841dbfe,200,1
bwapp,search,CG-Static,10,5,30,e3823b0d37dee470,200,1
bwapp,search,CG-Static,10,5,53,7eaadc7b02a22a1c,200,1
bwapp,search,CG-Static,10,5,71,95349ccbc02f3f8e,200,1
bwapp,search,CG-Static,10,5,78,d513ec6772644207,200,1
bwapp,search,CG-Static,10,5,93,0605335cd19edfb7,200,1
bwapp,search,CG-Static,10,5,112,131da2e506a18eba,200,1
bwapp,search,CG-Static,10,5,126,5b3ae11fe85fdb0f,200,1
bwapp,search,CG-Static,10,5,139,79e3b4d31fe1aceb,200,1
