family,page,status,is_false_positive,query
sqli,filter,200,0,category=gardens
sqli,filter,200,0,category=green+fresh
sqli,filter,200,0,category=beautys
sqli,filter,200,0,category=decor45
sqli,filter,200,0,category=bold+sale
sqli,filter,200,0,category=green+indoor
sqli,filter,200,0,category=stationery
sqli,filter,200,0,category=indoors
sqli,filter,200,0,category=gadgetss
sqli,filter,200,0,category=men
sqli,filter,200,0,category=light+gifts
sqli,filter,200,0,category=premium+kitchen
sqli,filter,200,0,category=women+organic
sqli,filter,200,0,category=clothing
sqli,filter,200,0,category=blue+gifts
sqli,filter,200,0,category=apparels
sqli,filter,200,0,category=beverages32
sqli,filter,200,0,category=electronicss
sqli,filter,200,0,category=sports
sqli,filter,200,0,category=stationery4
sqli,filter,200,0,category=gadgets
sqli,filter,200,0,category=travels
sqli,filter,200,0,category=womens
sqli,filter,200,0,category=women+stationery
sqli,filter,200,0,category=women
sqli,filter,200,0,category=beauty10
sqli,filter,200,0,category=mens
sqli,filter,200,0,category=green+accessories
sqli,filter,200,0,category=toys
sqli,filter,200,0,category=sale11
sqli,filter,200,0,category=health27
sqli,filter,200,0,category=stationery32
sqli,filter,200,0,category=kids+fresh
sqli,filter,200,0,category=home
sqli,filter,200,0,category=classic+kids
sqli,filter,200,0,category=accessories17
sqli,filter,200,0,category=food
sqli,filter,200,0,category=toyss
sqli,filter,200,0,category=foods
sqli,filter,200,0,category=bold+accessories
sqli,filter,200,0,category=books39
sqli,filter,200,0,category=garden
sqli,filter,200,0,category=classic+indoor
sqli,filter,200,0,category=slim+apparel
sqli,filter,200,0,category=kids+men
sqli,filter,200,0,category=bold+kids
sqli,filter,200,0,category=dark+apparel
sqli,filter,200,0,category=outdoor
sqli,filter,200,0,category=women+outdoor
sqli,filter,200,0,category=men+kids
sqli,filter,200,0,category=travel48
sqli,filter,200,0,category=stationery20
sqli,filter,200,0,category=gifts30
sqli,filter,200,0,category=slim+men
sqli,filter,200,0,category=electronics9
sqli,filter,200,0,category=women+indoor
sqli,filter,200,0,category=decors
sqli,filter,200,0,category=organic7
sqli,filter,200,0,category=indoor2
sqli,filter,200,0,category=indoor
sqli,filter,200,0,category=clothing4
sqli,filter,200,0,category=deluxe+office
sqli,filter,200,0,category=seasonals
sqli,filter,200,0,category=cool+outdoor
sqli,filter,200,0,category=kidss
sqli,filter,200,0,category=office
sqli,filter,200,0,category=deluxe+home
sqli,filter,200,0,category=kids+gifts
sqli,filter,200,0,category=women21
sqli,filter,200,0,category=warm+outdoor
sqli,filter,200,0,category=men+women
sqli,filter,200,0,category=sale
sqli,filter,200,0,category=women+home
sqli,filter,200,0,category=beverages41
sqli,filter,200,0,category=men+gadgets
sqli,filter,200,0,category=office29
sqli,filter,200,0,category=blue+outdoor
sqli,filter,200,0,category=beveragess
sqli,filter,200,0,category=clothings
sqli,filter,200,0,category=beauty
sqli,filter,200,0,category=women+fresh
sqli,filter,200,0,category=sales
sqli,filter,200,0,category=pure+fresh
sqli,filter,200,0,category=premium+kids
sqli,filter,200,0,category=classic+apparel
sqli,filter,200,0,category=kids+women
sqli,filter,200,0,category=pure+gifts
sqli,filter,200,0,category=warm+accessories
sqli,filter,200,0,category=food2
sqli,filter,200,0,category=outdoor39
sqli,filter,200,0,category=kids+outdoor
sqli,filter,200,0,category=men+sports
sqli,filter,200,0,category=kitchen
sqli,filter,200,0,category=stationerys
sqli,filter,200,0,category=round+gadgets
sqli,filter,200,0,category=deluxe+beauty
sqli,filter,200,0,category=accessories
sqli,filter,200,0,category=kids+stationery
sqli,filter,200,0,category=men+kitchen
sqli,filter,200,0,category=gifts
sqli,filter,200,0,category=men+drinks
sqli,filter,200,0,category=home45
sqli,filter,200,0,category=drinkss
sqli,filter,200,0,category=decor
sqli,filter,200,0,category=apparel41
sqli,filter,200,0,category=women+gadgets
sqli,filter,200,0,category=books
sqli,filter,200,0,category=large+food
sqli,filter,200,0,category=blue+home
sqli,filter,200,0,category=kids+health
sqli,filter,200,0,category=soft+beauty
sqli,filter,200,0,category=accessories6
sqli,filter,200,0,category=new+gadgets
sqli,filter,200,0,category=women+clothing
sqli,filter,200,0,category=fresh
sqli,filter,200,0,category=soft+food
sqli,filter,200,0,category=outdoors
sqli,filter,200,0,category=mini+indoor
sqli,filter,200,0,category=men+decor
sqli,filter,200,0,category=pure+decor
sqli,filter,200,0,category=deluxe+gifts
sqli,filter,200,0,category=seasonal15
sqli,filter,200,0,category=kitchen35
sqli,filter,200,0,category=men+accessories
sqli,filter,200,0,category=kids27
sqli,filter,200,0,category=healths
sqli,filter,200,0,category=pure+kids
sqli,filter,200,0,category=men33
sqli,filter,200,0,category=kitchen25
sqli,filter,200,0,category=organics
sqli,filter,200,0,category=sale22
sqli,filter,200,0,category=sale43
sqli,filter,200,0,category=dark+drinks
sqli,filter,200,0,category=women+beauty
sqli,filter,200,0,category=apparel20
sqli,filter,200,0,category=women+toys
sqli,filter,200,0,category=women+kids
sqli,filter,200,0,category=offices
sqli,filter,200,0,category=giftss
sqli,filter,200,0,category=bold+office
sqli,filter,200,0,category=food33
sqli,filter,200,0,category=office1
sqli,filter,200,0,category=fresh20
sqli,filter,200,0,category=women+health
sqli,filter,200,0,category=new+women
sqli,filter,200,0,category=sports48
sqli,filter,200,0,category=women+apparel
sqli,filter,200,0,category=kids+travel
sqli,filter,200,0,category=men+fresh
sqli,filter,200,0,category=premium+men
sqli,filter,200,0,category=seasonal16
sqli,filter,200,0,category=sale12
sqli,filter,200,0,category=kids+seasonal
sqli,filter,200,0,category=kids
sqli,filter,200,0,category=beverages49
sqli,filter,200,0,category=cool+home
sqli,filter,200,0,category=men+beverages
sqli,filter,200,0,category=dark+seasonal
sqli,filter,200,0,category=outdoor13
sqli,filter,200,0,category=home39
sqli,filter,200,0,category=new+home
sqli,filter,200,0,category=health2
sqli,filter,200,0,category=cool+electronics
sqli,filter,200,0,category=kids+sports
sqli,filter,200,0,category=large+stationery
sqli,filter,200,0,category=deluxe+toys
sqli,filter,200,0,category=men+seasonal
sqli,filter,200,0,category=health
sqli,filter,200,0,category=premium+stationery
sqli,filter,200,0,category=large+electronics
sqli,filter,200,0,category=classic+garden
sqli,filter,200,0,category=gifts11
sqli,filter,200,0,category=premium+outdoor
sqli,filter,200,0,category=kids+beverages
sqli,filter,200,0,category=seasonal24
sqli,filter,200,0,category=accessories27
sqli,filter,200,0,category=kitchen3
sqli,filter,200,0,category=women+food
sqli,filter,200,0,category=women+sale
sqli,filter,200,0,category=homes
sqli,filter,200,0,category=green+sports
sqli,filter,200,0,category=kitchen16
sqli,filter,200,0,category=travel
sqli,filter,200,0,category=sale35
sqli,filter,200,0,category=round+sports
sqli,filter,200,0,category=drinks
sqli,filter,200,0,category=light+beauty
sqli,filter,200,0,category=seasonal
sqli,filter,200,0,category=women+decor
sqli,filter,200,0,category=round+decor
sqli,filter,200,0,category=sports40
sqli,filter,200,0,category=outdoor47
sqli,filter,200,0,category=bold+fresh
sqli,filter,200,0,category=kids+kitchen
sqli,filter,200,0,category=organic35
sqli,filter,200,0,category=organic
sqli,filter,200,0,category=indoor42
sqli,filter,200,0,category=men+books
sqli,filter,200,0,category=clothing30
sqli,filter,200,0,category=small+organic
sqli,filter,200,0,category=large+books
sqli,filter,200,0,category=accessories3
sqli,filter,200,0,category=women+sports
sqli,filter,200,0,category=women+kitchen
sqli,filter,200,0,category=cool+sale
sqli,filter,200,0,category=women7
sqli,filter,200,0,category=drinks22
sqli,filter,200,0,category=sale10
sqli,filter,200,0,category=bookss
sqli,filter,200,0,category=organic12
sqli,filter,200,0,category=beauty24
sqli,filter,200,0,category=freshs
sqli,filter,200,0,category=organic40
sqli,filter,200,0,category=kids17
sqli,filter,200,0,category=eco+kitchen
sqli,filter,200,0,category=apparel
sqli,filter,200,0,category=deluxe+indoor
sqli,filter,200,0,category=kids+garden
sqli,filter,200,0,category=small+men
sqli,filter,200,0,category=soft+gifts
sqli,filter,200,0,category=stationery33
sqli,filter,200,0,category=blue+seasonal
sqli,filter,200,0,category=women+accessories
sqli,filter,200,0,category=kids+indoor
sqli,filter,200,0,category=bold+gadgets
sqli,filter,200,0,category=women+garden
sqli,filter,200,0,category=travel3
sqli,filter,200,0,category=women+drinks
sqli,filter,200,0,category=decor26
sqli,filter,200,0,category=women+women
sqli,filter,200,0,category=classic+fresh
sqli,filter,200,0,category=dark+electronics
sqli,filter,200,0,category=kitchens
sqli,filter,200,0,category=cool+drinks
sqli,filter,200,0,category=eco+seasonal
sqli,filter,200,0,category=mini+fresh
sqli,filter,200,0,category=kids+office
sqli,filter,200,0,category=office34
sqli,filter,200,0,category=men48
sqli,filter,200,0,category=gifts40
sqli,filter,200,0,category=light+men
sqli,filter,200,0,category=men+health
sqli,filter,200,0,category=gifts19
sqli,filter,200,0,category=kids+drinks
sqli,filter,200,0,category=toys50
sqli,filter,200,0,category=accessories13
sqli,filter,200,0,category=warm+kids
sqli,filter,200,0,category=men+garden
sqli,filter,200,0,category=pure+garden
sqli,filter,200,0,category=kids+accessories
sqli,filter,200,0,category=small+drinks
sqli,filter,200,0,category=kids+food
sqli,filter,200,0,category=blue+accessories
sqli,filter,200,0,category=eco+food
sqli,filter,200,0,category=sports37
sqli,filter,200,0,category=green+beverages
sqli,filter,200,0,category=kids+books
sqli,filter,200,0,category=deluxe+organic
sqli,filter,200,0,category=green+sale
sqli,filter,200,0,category=kids+home
sqli,filter,200,0,category=clothing31
sqli,filter,200,0,category=travel25
sqli,filter,200,0,category=men29
sqli,filter,200,0,category=beverages
sqli,filter,200,0,category=round+gifts
sqli,filter,200,0,category=dark+beverages
sqli,filter,200,0,category=toys46
sqli,filter,200,0,category=books5
sqli,filter,200,0,category=men+office
sqli,filter,200,0,category=health28
sqli,filter,200,0,category=accessoriess
sqli,filter,200,0,category=apparel24
sqli,filter,200,0,category=warm+men
sqli,filter,200,0,category=beverages34
sqli,filter,200,0,category=stationery26
sqli,filter,200,0,category=indoor46
sqli,filter,200,0,category=sports12
sqli,filter,200,0,category=women+books
sqli,filter,200,0,category=deluxe+kitchen
sqli,filter,200,0,category=apparel26
sqli,filter,200,0,category=round+apparel
sqli,filter,200,0,category=round+organic
sqli,filter,200,0,category=eco+kids
sqli,filter,200,0,category=red+gifts
sqli,filter,200,0,category=garden22
sqli,filter,200,0,category=light+drinks
sqli,filter,200,0,category=toys3
sqli,filter,200,0,category=health3
sqli,filter,200,0,category=light+kitchen
sqli,filter,200,0,category=women41
sqli,filter,200,0,category=beverages24
sqli,filter,200,0,category=light+organic
sqli,filter,200,0,category=soft+fresh
sqli,filter,200,0,category=light+sports
sqli,filter,200,0,category=pure+organic
sqli,filter,200,0,category=deluxe+clothing
sqli,filter,200,0,category=sports19
sqli,filter,200,0,category=cool+decor
sqli,filter,200,0,category=warm+travel
sqli,filter,200,0,category=kids+kids
sqli,filter,200,0,category=men+sale
sqli,filter,200,0,category=drinks50
sqli,filter,200,0,category=men+electronics
sqli,filter,200,0,category=gadgets24
sqli,filter,200,0,category=stationery50
sqli,filter,200,0,category=apparel43
sqli,filter,200,0,category=electronics15
sqli,filter,200,0,category=green+home
sqli,filter,200,0,category=accessories46
sqli,filter,200,0,category=home29
sqli,filter,200,0,category=seasonal39
sqli,filter,200,0,category=premium+drinks
sqli,filter,200,0,category=green+kids
sqli,filter,200,0,category=men+home
sqli,filter,200,0,category=electronics46
sqli,filter,200,0,category=books18
sqli,filter,200,0,category=kids31
sqli,filter,200,0,category=stationery30
sqli,filter,200,0,category=eco+sports
sqli,filter,200,0,category=mini+books
sqli,filter,200,0,category=office41
sqli,filter,200,0,category=pure+office
sqli,filter,200,0,category=indoor1
sqli,filter,200,0,category=electronics
sqli,filter,200,0,category=organic38
sqli,filter,200,0,category=stationery19
sqli,filter,200,0,category=small+indoor
sqli,filter,200,0,category=gadgets22
sqli,filter,200,0,category=seasonal30
sqli,filter,200,0,category=pure+beverages
sqli,filter,200,0,category=kids45
sqli,filter,200,0,category=sportss
sqli,filter,200,0,category=dark+health
sqli,filter,200,0,category=beverages5
sqli,filter,200,0,category=men+beauty
sqli,filter,200,0,category=light+outdoor
sqli,filter,200,0,category=slim+kitchen
sqli,filter,200,0,category=women46
sqli,filter,200,0,category=premium+women
sqli,filter,200,0,category=seasonal11
sqli,filter,200,0,category=organic25
sqli,filter,200,0,category=kitchen46
sqli,filter,200,0,category=premium+gifts
sqli,filter,200,0,category=slim+health
sqli,filter,200,0,category=deluxe+men
sqli,filter,200,0,category=large+men
sqli,filter,200,0,category=kids+sale
sqli,filter,200,0,category=clothing41
sqli,filter,200,0,category=new+electronics
sqli,filter,200,0,category=fresh19
sqli,filter,200,0,category=small+garden
sqli,filter,200,0,category=soft+women
sqli,filter,200,0,category=pure+sports
sqli,filter,200,0,category=garden37
sqli,filter,200,0,category=premium+food
sqli,filter,200,0,category=beauty29
sqli,filter,200,0,category=women+seasonal
sqli,filter,200,0,category=gadgets40
sqli,filter,200,0,category=large+decor
sqli,filter,200,0,category=men+outdoor
sqli,filter,200,0,category=books48
sqli,filter,200,0,category=red+office
sqli,filter,200,0,category=kids+decor
sqli,filter,200,0,category=small+clothing
sqli,filter,200,0,category=fresh16
sqli,filter,200,0,category=beverages39
sqli,filter,200,0,category=garden9
sqli,filter,200,0,category=light+seasonal
sqli,filter,200,0,category=clothing13
sqli,filter,200,0,category=mini+sports
sqli,filter,200,0,category=beauty18
sqli,filter,200,0,category=food37
sqli,filter,200,0,category=seasonal18
sqli,filter,200,0,category=men+clothing
sqli,filter,200,0,category=classic+health
sqli,filter,200,0,category=new+gifts
sqli,filter,200,0,category=men+stationery
sqli,filter,200,0,category=food46
sqli,filter,200,0,category=gifts25
sqli,filter,200,0,category=sports33
sqli,filter,200,0,category=books43
sqli,filter,200,0,category=green+clothing
sqli,filter,200,0,category=organic17
sqli,filter,200,0,category=clothing26
sqli,filter,200,0,category=toys43
sqli,filter,200,0,category=red+apparel
sqli,filter,200,0,category=kitchen42
sqli,filter,200,0,category=dark+toys
sqli,filter,200,0,category=classic+beauty
sqli,filter,200,0,category=fresh8
sqli,filter,200,0,category=outdoor21
sqli,filter,200,0,category=new+beauty
sqli,filter,200,0,category=warm+books
sqli,filter,200,0,category=outdoor4
sqli,filter,200,0,category=sports36
sqli,filter,200,0,category=men43
sqli,filter,200,0,category=soft+sale
sqli,filter,200,0,category=men+gifts
sqli,filter,200,0,category=women+beverages
sqli,filter,200,0,category=health1
sqli,filter,200,0,category=mini+toys
sqli,filter,200,0,category=women+men
sqli,filter,200,0,category=new+kitchen
sqli,filter,200,0,category=beverages2
sqli,filter,200,0,category=dark+sale
sqli,filter,200,0,category=health46
sqli,filter,200,0,category=clothing8
sqli,filter,200,0,category=home2
sqli,filter,200,0,category=men+toys
sqli,filter,200,0,category=large+office
sqli,filter,200,0,category=small+food
sqli,filter,200,0,category=kids+organic
sqli,filter,200,0,category=pure+home
sqli,filter,200,0,category=accessories19
sqli,filter,200,0,category=red+indoor
sqli,filter,200,0,category=home47
sqli,filter,200,0,category=sports2
sqli,filter,200,0,category=red+garden
sqli,filter,200,0,category=red+clothing
sqli,filter,200,0,category=accessories8
sqli,filter,200,0,category=new+clothing
sqli,filter,200,0,category=slim+organic
sqli,filter,200,0,category=slim+gadgets
sqli,filter,200,0,category=new+seasonal
sqli,filter,200,0,category=slim+kids
sqli,filter,200,0,category=round+office
sqli,filter,200,0,category=home7
sqli,filter,200,0,category=home33
sqli,filter,200,0,category=women+gifts
sqli,filter,200,0,category=health37
sqli,filter,200,0,category=accessories7
sqli,filter,200,0,category=new+apparel
sqli,filter,200,0,category=deluxe+food
sqli,filter,200,0,category=premium+gadgets
sqli,filter,200,0,category=travel44
sqli,filter,200,0,category=mini+office
sqli,filter,200,0,category=food8
sqli,filter,200,0,category=beauty40
sqli,filter,200,0,category=men17
sqli,filter,200,0,category=red+toys
sqli,filter,200,0,category=men+travel
sqli,filter,200,0,category=fresh46
sqli,filter,200,0,category=kids+beauty
sqli,filter,200,0,category=food26
sqli,filter,200,0,category=organic39
sqli,filter,200,0,category=accessories12
sqli,filter,200,0,category=clothing38
sqli,filter,200,0,category=kitchen47
sqli,filter,200,0,category=gadgets27
sqli,filter,200,0,category=kids14
sqli,filter,200,0,category=cool+beauty
sqli,filter,200,0,category=garden6
sqli,filter,200,0,category=classic+organic
sqli,filter,200,0,category=travel5
sqli,filter,200,0,category=stationery44
sqli,filter,200,0,category=food30
sqli,filter,200,0,category=sports45
sqli,filter,200,0,category=mini+travel
sqli,filter,200,0,category=home34
sqli,filter,200,0,category=garden27
sqli,filter,200,0,category=bold+seasonal
sqli,filter,200,0,category=deluxe+garden
sqli,filter,200,0,category=men27
sqli,filter,200,0,category=travel13
sqli,filter,200,0,category=classic+outdoor
sqli,filter,200,0,category=bold+drinks
sqli,filter,200,0,category=garden43
sqli,filter,200,0,category=pure+gadgets
sqli,filter,200,0,category=books38
sqli,filter,200,0,category=mini+organic
sqli,filter,200,0,category=books16
sqli,filter,200,0,category=indoor50
sqli,filter,200,0,category=deluxe+kids
sqli,filter,200,0,category=apparel45
sqli,filter,200,0,category=toys11
sqli,filter,200,0,category=books2
sqli,filter,200,0,category=warm+toys
sqli,filter,200,0,category=beauty6
sqli,filter,200,0,category=organic31
sqli,filter,200,0,category=accessories44
sqli,filter,200,0,category=small+gifts
sqli,filter,200,0,category=indoor41
sqli,filter,200,0,category=outdoor22
sqli,filter,200,0,category=men+food
sqli,filter,200,0,category=deluxe+gadgets
sqli,filter,200,0,category=sports8
sqli,filter,200,0,category=large+seasonal
sqli,filter,200,0,category=health25
sqli,filter,200,0,category=kitchen48
sqli,filter,200,0,category=women6
sqli,filter,200,0,category=beverages14
sqli,filter,200,0,category=red+health
sqli,filter,200,0,category=eco+home
sqli,filter,200,0,category=women+office
sqli,filter,200,0,category=sports41
sqli,filter,200,0,category=accessories14
sqli,filter,200,0,category=women18
sqli,filter,200,0,category=large+women
sqli,filter,200,0,category=kids+electronics
sqli,filter,200,0,category=health29
sqli,login,200,0,username=umar%40corp.net&password=hK%40D9wt4W7fbr6
sqli,login,200,0,username=alicelewis&password=ObY_3%21.1V_exk%21
sqli,login,200,0,username=zoe&password=55M2du.P._
sqli,login,200,0,username=oscar%40example.com&password=nflsqcL39H8
sqli,login,200,0,username=isla5630&password=VCRlI%23FAPHYf%23
sqli,login,200,0,username=olivia_wilson&password=6XRcylUb
sqli,login,200,0,username=carol.roberts&password=eQ1Sdu1isVE
sqli,login,200,0,username=david.brown&password=LXVqR.pvX
sqli,login,200,0,username=bob&password=eWQRgurRQFua3l
sqli,login,200,0,username=kate.johnson&password=1ani_Tlk3bW
sqli,login,200,0,username=yusuf_walker&password=yxWh1W%23HwW
sqli,login,200,0,username=vera4849&password=PhWgXMn7PF5I4S
sqli,login,200,0,username=david&password=IDkOkRrr9
sqli,login,200,0,username=scotta92&password=%21RYC%23qa%40RpgU6U
sqli,login,200,0,username=umarlopez&password=eFAjZdb0P
sqli,login,200,0,username=sophia1692&password=Jy.iY05oh33.
sqli,login,200,0,username=ethanroberts&password=e7%23KbPXDiGKv
sqli,login,200,0,username=yusuf&password=vzfIvyM%407CK
sqli,login,200,0,username=noah.nelson&password=xpc2%40q9f
sqli,login,200,0,username=johnsoni94&password=LxMoKPB_dUt
sqli,login,200,0,username=nora%40mail.com&password=YyXj%40fKr8nq
sqli,login,200,0,username=frank&password=.TKUBXgn_mP
sqli,login,200,0,username=davidthomas&password=raulQemsC63
sqli,login,200,0,username=kate&password=lrfT4AEE3Rs
sqli,login,200,0,username=oscar.roberts&password=q1eLSOaS%23a
sqli,login,200,0,username=quinn.garcia&password=nzZjyAT29Ku
sqli,login,200,0,username=vera4130&password=.ppQKN4Eal
sqli,login,200,0,username=will%40example.com&password=uyUxmrmIpjUhG
sqli,login,200,0,username=davidanderson&password=XNidpYIgyNNRcs
sqli,login,200,0,username=rose_clark&password=2itvgCi5
sqli,login,200,0,username=yusufhill&password=Z2nlfBtrMU_1H
sqli,login,200,0,username=evansf50&password=xqXa1AEa1q
sqli,login,200,0,username=greenq68&password=las.m6F9dVL7V
sqli,login,200,0,username=robertsq84&password=zvfVgm%21V1w
sqli,login,200,0,username=ava.mitchell&password=%234Ci28YOg2
sqli,login,200,0,username=andersona26&password=82bSqITNjSAgp
sqli,login,200,0,username=yusuf&password=eTUPE8RD
sqli,login,200,0,username=taylorr92&password=3UjBl4fNdAetmg
sqli,login,200,0,username=emma_evans&password=%23m%21D%40QO1I
sqli,login,200,0,username=liam&password=M%23YWQVSi
sqli,login,200,0,username=xena&password=GlpVwyki2
sqli,login,200,0,username=isla_martinez&password=1Z%40iyxSDQ1%21o
sqli,login,200,0,username=robertsm61&password=AQE8CNuz7
sqli,login,200,0,username=tina_parker&password=%23PeAKOKtO8U
sqli,login,200,0,username=halle60&password=3LkY7mPWqD
sqli,login,200,0,username=bob%40corp.net&password=IELw.E1kXiV7
sqli,login,200,0,username=gracewilson&password=M1tu6IDzLygNy5
sqli,login,200,0,username=avadavis&password=c%40ZDD3jIGMIEt
sqli,login,200,0,username=mary%40shop.lab&password=uPfmFfSBkw73wm
sqli,login,200,0,username=islaperez&password=n1tENv5qVZc%21N
sqli,login,200,0,username=zoebaker&password=DM4%23szuvD
sqli,login,200,0,username=lily%40example.com&password=0_M%21jx7P
sqli,login,200,0,username=lucas&password=5dsHQq47Mo%409SV
sqli,login,200,0,username=frank5873&password=lnbSV55XtwEw
sqli,login,200,0,username=tina7424&password=2VWuHUY3a
sqli,login,200,0,username=andersonp86&password=uEqwJZ8hW1HPr
sqli,login,200,0,username=miahill&password=S4Pa7R6gEcHr
sqli,login,200,0,username=carol.moore&password=1J69fhEs7
sqli,login,200,0,username=zoe&password=VqyCcij_%239%40LyP
sqli,login,200,0,username=taylorx28&password=e.yMJ8KrY
sqli,login,200,0,username=sam.martinez&password=DUn4hcVfYRnvz
sqli,login,200,0,username=noracarter&password=3gUY%40BAQd
sqli,login,200,0,username=leo.moore&password=3r_WWyaiD
sqli,login,200,0,username=rose%40test.org&password=zQK9G%21V_Uu
sqli,login,200,0,username=ivy.jackson&password=YYiNWx2wP
sqli,login,200,0,username=lily%40example.com&password=qQyGEyF4
sqli,login,200,0,username=mary_williams&password=rv%409Eo2n7i
sqli,login,200,0,username=umar2338&password=rFCFvkINm
sqli,login,200,0,username=mia%40corp.net&password=x3R6oc%40c
sqli,login,200,0,username=sophia_scott&password=A3%21ejhnm8Yz.bA
sqli,login,200,0,username=noah.jackson&password=E_NbiJk.
sqli,login,200,0,username=noah_adams&password=PJcn4qr92r
sqli,login,200,0,username=grace2259&password=NP%40KvzC6Ojl8
sqli,login,200,0,username=nora&password=KRrO3LkF
sqli,login,200,0,username=logan_brown&password=eHCL7B6jABv_Mq
sqli,login,200,0,username=umar2118&password=MHi5clJ%23jH07Rp
sqli,login,200,0,username=sam.anderson&password=E15uaL%23aC43vLN
sqli,login,200,0,username=yusufwilliams&password=WpWSnyzfC
sqli,login,200,0,username=isla&password=F79_Tx1%21
sqli,login,200,0,username=sophia_perez&password=xnaNH3kbPY
sqli,login,200,0,username=mia.lewis&password=uNv.9fMKKXdi
sqli,login,200,0,username=yusuf_phillips&password=%40Xtxl3lUAga0wm
sqli,login,200,0,username=mason&password=Bf_6.fqKHQ1I
sqli,login,200,0,username=lily9148&password=0FcvI1%40gRK.
sqli,login,200,0,username=ethanclark&password=P%40S2T%40%21hmWrL%40i
sqli,login,200,0,username=alice.taylor&password=TVPUfowPGy_QF
sqli,login,200,0,username=peter_clark&password=sUiBTj3o3g
sqli,login,200,0,username=umar_anderson&password=.pIiiclSt
sqli,login,200,0,username=liamanderson&password=uwfaupFReE9W
sqli,login,200,0,username=liam&password=ivcXyA.kL
sqli,login,200,0,username=will&password=hWk7.IVO%21jRdx
sqli,login,200,0,username=oscar_brown&password=Nlq1%21Eo2S%23z
sqli,login,200,0,username=yusuf.green&password=V_9C8RWkJO
sqli,login,200,0,username=lilyevans&password=kLHrWIgmpC7g
sqli,login,200,0,username=noah1246&password=2e9x5Qha5f
sqli,login,200,0,username=martinezm9&password=2pLgbywRIV
sqli,login,200,0,username=rose.garcia&password=JrntjUQ.y
sqli,login,200,0,username=verajohnson&password=diqAC6umD%23fb.
sqli,login,200,0,username=umar_campbell&password=.ic2LgzG1u
sqli,login,200,0,username=tinahall&password=RNy05G.TGUEg
sqli,login,200,0,username=grace1826&password=z%40xej8VEl
sqli,login,200,0,username=liam7808&password=1YU8UQVLP
sqli,login,200,0,username=logan6825&password=hc%23J9Ie9
sqli,login,200,0,username=oscar&password=UE5HVqd0cw
sqli,login,200,0,username=millerl21&password=JTa8HiTs0hf1
sqli,login,200,0,username=mason%40shop.lab&password=zudxOm9JkMP
sqli,login,200,0,username=davidperez&password=AG8kTca8P%21o5
sqli,login,200,0,username=oscar&password=L30DHwmV%23IJKC
sqli,login,200,0,username=sam&password=shZk%21mF8Wj
sqli,login,200,0,username=zoe.hill&password=q4%237.%40Ma6
sqli,login,200,0,username=carol_taylor&password=zW6%21%40C2U
sqli,login,200,0,username=parkers63&password=oQWjHegdoNFz
sqli,login,200,0,username=halla35&password=oyOjL%40lnBQY73z
sqli,login,200,0,username=mason&password=A7l6PopV4wjjD
sqli,login,200,0,username=davidclark&password=jrf2W2t3KV
sqli,login,200,0,username=mitchellx15&password=frFv9RD9RH%40
sqli,login,200,0,username=moorep61&password=nIpCEgxDD1j9
sqli,login,200,0,username=parkerx27&password=x6HXOQhYVIH
sqli,login,200,0,username=john%40corp.net&password=PrGgQTFPa0GJV
sqli,login,200,0,username=carterl36&password=ssGpo29OvFD8
sqli,login,200,0,username=oscar%40example.com&password=26Sdt4jMq
sqli,login,200,0,username=turneri92&password=1sFInbPih
sqli,login,200,0,username=frank_carter&password=CmJ4JxGPJuHDc
sqli,login,200,0,username=mary_lopez&password=9Bmd9VXnfG_
sqli,login,200,0,username=ethan&password=lwYuZIxUhPKb
sqli,login,200,0,username=kingg29&password=LqiXTBrA.XeRf2
sqli,login,200,0,username=nora&password=NQ3yxfrC%21uc_q
sqli,login,200,0,username=leomoore&password=j_LgeB9oL
sqli,login,200,0,username=leo5239&password=K5A3cl4q
sqli,login,200,0,username=lucassmith&password=tp%23t0LSjpR6m
sqli,login,200,0,username=henry_roberts&password=5hCpZhHi
sqli,login,200,0,username=kate.turner&password=Vbm.%23%23EWMNsYRh
sqli,login,200,0,username=lewisl42&password=9aeegnWVkr.js
sqli,login,200,0,username=lily%40corp.net&password=hgdjVT%40ruxXgO
sqli,login,200,0,username=david_williams&password=O6OZv.Dzdhh
sqli,login,200,0,username=tina_young&password=CL4b69%40BisZmt
sqli,login,200,0,username=peter_young&password=1pI%23Zxt82_
sqli,login,200,0,username=sam.taylor&password=UIZNaEtvq5a
sqli,login,200,0,username=maryanderson&password=jg5v%23m0B
sqli,login,200,0,username=noah2796&password=8q.0ArCPE0_Mr
sqli,login,200,0,username=alice%40corp.net&password=lbE%23V5p01I
sqli,login,200,0,username=lucas.perez&password=z%40g_VdJi0rl2R
sqli,login,200,0,username=emma.johnson&password=CBYmp4Po2z4
sqli,login,200,0,username=kate8293&password=WcDkHeoq
sqli,login,200,0,username=quinn.thomas&password=Lau_UCAJ1e7N
sqli,login,200,0,username=emma_martinez&password=M6N%40ja.v
sqli,login,200,0,username=noah_walker&password=Qrfjc0DbmZd0vX
sqli,login,200,0,username=frank&password=84ZWb2yl2Kt_OP
sqli,login,200,0,username=isla.jones&password=XcipK3kxWxdcg%40
sqli,login,200,0,username=bob%40mail.com&password=oWbDEHZH
sqli,login,200,0,username=tina_nelson&password=10W75auXwdI6m
sqli,login,200,0,username=whiter75&password=fApCnPSy
sqli,login,200,0,username=cartern64&password=F1n%21vFweFy007l
sqli,login,200,0,username=quinn%40example.com&password=NUsgQ0M7J%40mwJ
sqli,login,200,0,username=quinn_nelson&password=eDizIwU0
sqli,login,200,0,username=vera2385&password=rwXl%21v5l
sqli,login,200,0,username=grace.martinez&password=wxfX0OlBzz
sqli,login,200,0,username=ruby4715&password=5f%40yLGGz8Nju7A
sqli,login,200,0,username=carol_anderson&password=EO.otCxipWA0v
sqli,login,200,0,username=williamsf77&password=RpW7mYi1L
sqli,login,200,0,username=oscar_adams&password=VwN1j7LnKQ
sqli,login,200,0,username=oscar_nelson&password=8TafoNccw
sqli,login,200,0,username=mia.clark&password=6eI%402a%235KA4j
sqli,login,200,0,username=isla&password=jy%21beROV6
sqli,login,200,0,username=kate.parker&password=hU%40vK7Otqb9
sqli,login,200,0,username=isla.harris&password=BW7lys_RXjXRIE
sqli,login,200,0,username=zoe&password=0egkAOjg9
sqli,login,200,0,username=jack_lewis&password=U86b2gb%40
sqli,login,200,0,username=liam_hall&password=%40IioznQL
sqli,login,200,0,username=rubytaylor&password=nmDz83nf%23y
sqli,login,200,0,username=logan3361&password=oEV%23acx4Bxv
sqli,login,200,0,username=lily.jones&password=atLd%40GhAc
sqli,login,200,0,username=grace&password=RHmp%21%40p8bk
sqli,login,200,0,username=mason2710&password=WE4in%404w
sqli,login,200,0,username=tina_harris&password=AxOv4mvLEuE5B1
sqli,login,200,0,username=rose.davis&password=uh5uN%23QJ1sr
sqli,login,200,0,username=bob5592&password=s8tpU6%40Olf
sqli,login,200,0,username=nora2764&password=dW%21kHeLx5s
sqli,login,200,0,username=john_king&password=6dmWF%40P3%23d2%21
sqli,login,200,0,username=alice_taylor&password=Wd_qnsuX795%2108
sqli,login,200,0,username=lily%40shop.lab&password=0iOM4xsmLIT
sqli,login,200,0,username=oscar6683&password=c%21wM4Xm4jT
sqli,login,200,0,username=millerm72&password=EEBP4XGK6bV5
sqli,login,200,0,username=williamsd65&password=W2fDPhWQ1HCKu
sqli,login,200,0,username=quinn.phillips&password=twexTlom
sqli,login,200,0,username=david.lopez&password=kb1I0jhtlnE%21
sqli,login,200,0,username=ivy&password=zqdZJqJEntX3F
sqli,login,200,0,username=vera&password=AysfX3E2WFX6Z
sqli,login,200,0,username=zoe.jackson&password=bnTid3UxD71A%23_
sqli,login,200,0,username=oscar%40test.org&password=bSHHCscN
sqli,login,200,0,username=martinezs69&password=vTcXQ0rBoC5s2
sqli,login,200,0,username=veralewis&password=2QPk40ReBn
sqli,login,200,0,username=lucas&password=NW2cKHVn
sqli,login,200,0,username=sophiawalker&password=qcrB9DVGq2m
sqli,login,200,0,username=kate_scott&password=95_R%238Y5UZ2L
sqli,login,200,0,username=sam_miller&password=3eL%40AqHyRO
sqli,login,200,0,username=ethan&password=BenygnL8
sqli,login,200,0,username=bob.jones&password=4qYifja5R
sqli,login,200,0,username=quinn%40shop.lab&password=Q%40vK9ldGN8
sqli,login,200,0,username=bob92&password=pXBCqL7nw3e
sqli,login,200,0,username=quinn&password=QhwgbqE6PII
sqli,login,200,0,username=xena.roberts&password=55bKrdiC_2FG
sqli,login,200,0,username=zoe_moore&password=GY7J7XfB.SIZwB
sqli,login,200,0,username=andersonx23&password=t5wa20RL
sqli,login,200,0,username=henry.turner&password=Q1A%236j3Nj
sqli,login,200,0,username=zoewilson&password=W%23YjiC55
sqli,login,200,0,username=lewisj90&password=UR4xyXHE6q
sqli,login,200,0,username=millerf66&password=A%40I4GawkvjR
sqli,login,200,0,username=umar%40shop.lab&password=wIMnSRwYmuET
sqli,login,200,0,username=bob.mitchell&password=JmWODhgN
sqli,login,200,0,username=ava&password=DH1czaHBqpu
sqli,login,200,0,username=mary4166&password=BR%40naZaSVsEMyT
sqli,login,200,0,username=mason&password=I%21p%40YCzj5om
sqli,login,200,0,username=david5195&password=e%21lutkhRY5Ok1V
sqli,login,200,0,username=umarharris&password=8LHHYE0jfUdDN%40
sqli,login,200,0,username=davidevans&password=ndtbiKcZBZDwp
sqli,login,200,0,username=peter&password=%40cF.teiiYKKy6R
sqli,login,200,0,username=henry%40shop.lab&password=x%23ECq7rTiQcH%21
sqli,login,200,0,username=mary&password=TAVqVtOMwFM
sqli,login,200,0,username=hilll57&password=OWpYy1mTjt
sqli,login,200,0,username=kingx19&password=RYveiKJwI7a
sqli,login,200,0,username=lucas_jackson&password=KBQKTPRS6sW7G4
sqli,login,200,0,username=mason8051&password=vT4v6Gy6X
sqli,login,200,0,username=liam.baker&password=T%21tsRU5FX
sqli,login,200,0,username=david&password=8k3yw462D%21.
sqli,login,200,0,username=rose.turner&password=9AD.aNeLjevez
sqli,login,200,0,username=ava&password=NpfehZMT9C7
sqli,login,200,0,username=vera%40shop.lab&password=Of7yeQ%40l
sqli,login,200,0,username=ivy.brown&password=kb4I2Ype
sqli,login,200,0,username=frank&password=NyI6%21VtmWUX5ot
sqli,login,200,0,username=sophia_brown&password=AI7K_.BqEPS
sqli,login,200,0,username=jack_davis&password=fMW8TJH.YC
sqli,login,200,0,username=tina%40test.org&password=87Qt3Mk7BLBrv
sqli,login,200,0,username=ethan6670&password=%21Ng5VydJB5OIq
sqli,login,200,0,username=parkere89&password=daIr_cqegn
sqli,login,200,0,username=peter.scott&password=lhBRF3jSu8ZWy
sqli,login,200,0,username=lucas&password=4b75avZmVuL5Jp
sqli,login,200,0,username=vera_carter&password=sptlmqEdWeMDpn
sqli,login,200,0,username=jack_taylor&password=osxbT%23rn.htzJ
sqli,login,200,0,username=david%40test.org&password=GaM6WnwT
sqli,login,200,0,username=hilli26&password=2uuWgN%21qd
sqli,login,200,0,username=ivy_jones&password=JqOOoPbNVo
sqli,login,200,0,username=samturner&password=8zB5YCkSmudSx
sqli,login,200,0,username=lewish30&password=0ei7M9tCA
sqli,login,200,0,username=loganwalker&password=JbNj18g0wXnxZz
sqli,login,200,0,username=bob9786&password=9RPaRuuLv6
sqli,login,200,0,username=frank&password=%21%21.%40O2x_JUB
sqli,login,200,0,username=isla.brown&password=YP03ju38
sqli,login,200,0,username=andersonu38&password=fz_l7OsiyFA
sqli,login,200,0,username=wrightg51&password=AP69i%21iAxdN6uZ
sqli,login,200,0,username=ruby%40corp.net&password=xqriVw5%40s
sqli,login,200,0,username=frank%40corp.net&password=oWhW1Qkc8V
sqli,login,200,0,username=avahill&password=IcaRC%40%23Y%21bHfMX
sqli,login,200,0,username=olivia5987&password=%21dBEAKvE
sqli,login,200,0,username=rose1801&password=YLM8U9N3h%23%408
sqli,login,200,0,username=tina589&password=nc_Lmgd.zpSIC
sqli,login,200,0,username=carol.harris&password=wqtXwUe.fa3oZT
sqli,login,200,0,username=youngb1&password=Kh1Y9AR%21zVanx
sqli,login,200,0,username=xena&password=FuYxHgogI
sqli,login,200,0,username=isla%40mail.com&password=efp%21RMdc
sqli,login,200,0,username=grace7696&password=Ge7_BrWT.GLr.T
sqli,login,200,0,username=lucas_thomas&password=Mc8UJ7LO%23s7b
sqli,login,200,0,username=lily%40test.org&password=J_.Mi9qx_fDS
sqli,login,200,0,username=smiths24&password=Tp%21F%40%21lHuS
sqli,login,200,0,username=martinezr83&password=MH4p%23%23.sZZ9
sqli,login,200,0,username=frank%40corp.net&password=rKdgVmtv3Gx
sqli,login,200,0,username=mia&password=r_H%40mKjM
sqli,login,200,0,username=maryhill&password=GU%40uP_8w
sqli,login,200,0,username=davidadams&password=n2Uv7HP8
sqli,login,200,0,username=millerm15&password=k48NbBcC2l
sqli,login,200,0,username=oscar9764&password=Cb8c2eYUs
sqli,login,200,0,username=ethan.thomas&password=I2cnQikW4uwrJ
sqli,login,200,0,username=campbellk48&password=vxswU3%23W
sqli,login,200,0,username=rubyhill&password=HBfrfqus11B26
sqli,login,200,0,username=oliviawright&password=FP4qExvdFBsck8
sqli,login,200,0,username=davisf74&password=zXrc%21sKAQUURx
sqli,login,200,0,username=emma%40example.com&password=u%21bdck%21pjRYY
sqli,login,200,0,username=rubyevans&password=hYmucR%40ci9
sqli,login,200,0,username=lilywalker&password=CLYlsRm%23IHkQc
sqli,login,200,0,username=ava&password=TTEnULRX9%23Oa
sqli,login,200,0,username=tina950&password=oIAGRY29U
sqli,login,200,0,username=tinanelson&password=bE2E.Ai2LpbtA
sqli,login,200,0,username=bob.harris&password=b8JX0XAhhnUe
sqli,login,200,0,username=ethanjackson&password=aVZdU8B%23VJ7
sqli,login,200,0,username=kate4698&password=.MF5zE9BvlM2
sqli,login,200,0,username=smithn43&password=ts.QTlm%40XXY
sqli,login,200,0,username=jacksona44&password=z5eq%21G%21M
sqli,login,200,0,username=nora_young&password=_t1koAtJQ
sqli,login,200,0,username=carol_hill&password=wjE4ee%40%23%40h
sqli,login,200,0,username=ethan7153&password=bDLtpCFA1goC
sqli,login,200,0,username=lucas%40mail.com&password=vNK4CYJ_EN
sqli,login,200,0,username=ava.scott&password=AjdYWiGv
sqli,login,200,0,username=carteri76&password=%21uf0pfKg
sqli,login,200,0,username=henry5151&password=j0Dinn8D0psPW
sqli,login,200,0,username=sam.martinez&password=VD79WjhCOy
sqli,login,200,0,username=frank.williams&password=pqMaArxwP
sqli,login,200,0,username=scottm51&password=KDDmi%40OrSB_g3
sqli,login,200,0,username=umar&password=GFaURLC%232_.A
sqli,login,200,0,username=ethan&password=kFHA%23Tqasr65pj
sqli,login,200,0,username=olivia_wilson&password=57AD6IhuF
sqli,login,200,0,username=ivy8973&password=Ns6LV3acLW7AL
sqli,login,200,0,username=vera.campbell&password=a4Apmm.tvwdxjU
sqli,login,200,0,username=mia_moore&password=pwa%21PhLCvV_7Qu
sqli,login,200,0,username=henry_lewis&password=j%216niyN_rm9
sqli,login,200,0,username=sophia&password=aNF_xic1M
sqli,login,200,0,username=umar1412&password=3J8QjPHDL1
sqli,login,200,0,username=caroladams&password=e8UaY2YNOta
sqli,login,200,0,username=parkerj88&password=96NPT%21j%216J%23PF
sqli,login,200,0,username=sam_thomas&password=xPk_f8KdKOTG
sqli,login,200,0,username=lucas8038&password=MuzrDGA1_FlA
sqli,login,200,0,username=tina_smith&password=DtzJA5QvT777
sqli,login,200,0,username=tina.walker&password=p2DQ4CGcA_u
sqli,login,200,0,username=henry_smith&password=irOaa.rbD%23V8mQ
sqli,login,200,0,username=alice&password=HA%21L11fKglHT
sqli,login,200,0,username=john.white&password=zWAXRutsye7P9
sqli,login,200,0,username=vera_hill&password=nGLvJROZX%21Ij9x
sqli,login,200,0,username=alice_parker&password=6qiU0o8OOxrSKo
sqli,login,200,0,username=smithj93&password=yYNogZ9Qkk5PAR
sqli,login,200,0,username=david.williams&password=%21jAOBl%23jqhca
sqli,login,200,0,username=mia%40example.com&password=VPyKObel5
sqli,login,200,0,username=carol_turner&password=WylnF_0%23
sqli,login,200,0,username=ethan%40example.com&password=CoWKcX3UDwXk
sqli,login,200,0,username=liamroberts&password=kiN7Po%23fYR
sqli,login,200,0,username=walkerm75&password=5jxMcuWfkRZQ
sqli,login,200,0,username=phillipsb52&password=xYKwiwF02gDT
sqli,login,200,0,username=ava_brown&password=7qYf%23rhsjrxXs
sqli,login,200,0,username=emmagarcia&password=H0%217Zg8SZf
sqli,login,200,0,username=liam&password=U4anDltGNr
sqli,login,200,0,username=rose&password=HzfOLxGQnw
sqli,login,200,0,username=noah%40mail.com&password=zH8LWyyC3c75U
sqli,login,200,0,username=wilsona56&password=jxNM7n7QZ6Gmaa
sqli,login,200,0,username=umar%40test.org&password=YNsZrR4OXaK
sqli,login,200,0,username=andersona52&password=%23uicp2dZlsY
sqli,login,200,0,username=will3567&password=lit.lS7T
sqli,login,200,0,username=millerk88&password=Y.I5OQbVPEdJ
sqli,login,200,0,username=lucas&password=tQQWoGmHdL6
sqli,login,200,0,username=david5768&password=Ckr6gItEAQSQ
sqli,login,200,0,username=bob&password=F_ChG7jpnK
sqli,login,200,0,username=nora%40example.com&password=jQbG%40zgnHrM
sqli,login,200,0,username=rose%40example.com&password=mIIqB3SyUbp
sqli,login,200,0,username=ethanperez&password=uTMH0y%40O
sqli,login,200,0,username=frank&password=mU9Y%23GGO
sqli,login,200,0,username=xena&password=95PqbpNrN
sqli,login,200,0,username=lily_phillips&password=Z9JU3q%406LMvB1%23
sqli,login,200,0,username=lucas%40test.org&password=lVo_OWcygaTK
sqli,login,200,0,username=olivianelson&password=rcaFiBxyIAabU
sqli,login,200,0,username=emma%40example.com&password=%23KG58iO1J.h0Hh
sqli,login,200,0,username=rose&password=J94g4d4I%23riO7O
sqli,login,200,0,username=noah%40mail.com&password=5HPS58YKq
sqli,login,200,0,username=xena&password=ttg.mGaP.I
sqli,login,200,0,username=oscar.young&password=a63MaJ%21L%23V%40ami
sqli,login,200,0,username=ava&password=rQvuD07cQd
sqli,login,200,0,username=john_martinez&password=em0%40%406whhKN0W
sqli,login,200,0,username=peter%40test.org&password=FnSbAbnb2
sqli,login,200,0,username=bob.thomas&password=DlyMUaos
sqli,login,200,0,username=lily4706&password=f1lv%23AXA2jui
sqli,login,200,0,username=vera%40shop.lab&password=%40S5XpzZ.lvqL
sqli,login,200,0,username=alice4918&password=24DFUGjWRk.TJ
sqli,login,200,0,username=mary%40test.org&password=I3GUFveJgaxb
sqli,login,200,0,username=olivia.lopez&password=mJFCvKH6fA
sqli,login,200,0,username=sam%40corp.net&password=hqPgm.u.%23L
sqli,login,200,0,username=umar&password=GvpCbuPZoN
sqli,login,200,0,username=mason%40shop.lab&password=Qj2%21LeN2LYm%21ef
sqli,login,200,0,username=henry&password=JCt%21lkPC1
sqli,login,200,0,username=frank%40mail.com&password=FSrw29P.YVz
sqli,login,200,0,username=lewisj17&password=.6%23e5YjGM
sqli,login,200,0,username=olivia9376&password=mpPcvxtQHjZ
sqli,login,200,0,username=rubywright&password=m1vV%4010.n%40
sqli,login,200,0,username=umar%40test.org&password=XyDGXW98NEE1
sqli,login,200,0,username=ethan_turner&password=53%21g%40RQCTD5KLr
sqli,login,200,0,username=isla.hill&password=rRzDvVa5kz06v
sqli,login,200,0,username=noramoore&password=X04_RdBy
sqli,login,200,0,username=ava3187&password=LbQf%239moys
sqli,login,200,0,username=olivia.lopez&password=MiZLy3.OWkD
sqli,login,200,0,username=frank&password=tI%40RT.N97L1c5u
sqli,login,200,0,username=mason&password=4fbyR%23pbvgs.o
sqli,login,200,0,username=ruby&password=3cEYiulOCAYdU
sqli,login,200,0,username=oscar%40corp.net&password=FJ8GoAj%21aR
sqli,login,200,0,username=oscar%40example.com&password=fepTyIi%23L1
sqli,login,200,0,username=emma&password=QCv7ianC
sqli,login,200,0,username=alicewilliams&password=0HR2iQYRYlnUxT
sqli,login,200,0,username=xena3489&password=PljAF8RTsCV
sqli,login,200,0,username=mary800&password=majG.Dmp0k2vsX
sqli,login,200,0,username=jack_phillips&password=WwQXVIwPy_
sqli,login,200,0,username=hilli98&password=Csc2DeizS179P
sqli,login,200,0,username=john.clark&password=eD3YqeOaFbZ
sqli,login,200,0,username=emma&password=DpU5hFb%40D_f
sqli,login,200,0,username=parkerg91&password=BiAt9eKU6%21MCR
sqli,login,200,0,username=ethantaylor&password=gjytOlyPL%40Q7d
sqli,login,200,0,username=liam%40corp.net&password=oMm%21tHI0q24jm
sqli,login,200,0,username=alice%40corp.net&password=guJNN0zP.NiBn9
sqli,login,200,0,username=noahturner&password=e3L5%40G97W
sqli,login,200,0,username=alicephillips&password=N85P%21MSdAkBK
sqli,login,200,0,username=norawhite&password=PaLKwgC9ATwi9K
sqli,login,200,0,username=leo_anderson&password=uopWCo_yzbD
sqli,login,200,0,username=wrightm32&password=YZUG85vZf4
sqli,login,200,0,username=yusuf.williams&password=XFfdAcmXA
sqli,login,200,0,username=peter.wright&password=f6LCAMy6hjH
sqli,login,200,0,username=jack&password=RhfJK6lt
sqli,login,200,0,username=ivy.green&password=mx30GnKsXeNdwX
sqli,login,200,0,username=jacksonl58&password=o9eI%40uQ.AT
sqli,login,200,0,username=liam&password=KL0oIzsl
sqli,login,200,0,username=oliviaking&password=HxGjP.Cm.L
sqli,login,200,0,username=tina_hall&password=mZ%40ad6M_9.Zu0
sqli,login,200,0,username=olivia_taylor&password=NZMInIEOx4Up
sqli,login,200,0,username=rose4033&password=NhADJkf%408
sqli,login,200,0,username=carol9708&password=mN1aG2K%40Ry
sqli,login,200,0,username=willwilliams&password=ZMu%23RYBjDTZ7B
sqli,login,200,0,username=isla_mitchell&password=WeKxjGiyzv.l
sqli,login,200,0,username=johnsonw96&password=dMMSSHKmpy1a
sqli,login,200,0,username=sophia%40corp.net&password=_A4_6hhol
sqli,login,200,0,username=lucas_mitchell&password=3PBJyxNA
sqli,login,200,0,username=alice%40example.com&password=5u8%23J9865J
sqli,login,200,0,username=turnerl69&password=vtY.8G5fYmq
sqli,login,200,0,username=peter_garcia&password=HE.ei%21Be
sqli,login,200,0,username=maryjohnson&password=2Fvk6A%21nspm
sqli,login,200,0,username=oscar1538&password=84GNizQ35YocL
sqli,login,200,0,username=tina%40corp.net&password=oMLoxc_2A.Qu
sqli,login,200,0,username=jack_moore&password=2B8h5dWg6PPbg
sqli,login,200,0,username=sophia&password=ebr5e2B36ELKT
sqli,login,200,0,username=umarjohnson&password=_k1WXsh77rn
sqli,login,200,0,username=leo&password=UXYNi3l6754mr
sqli,login,200,0,username=sophia%40example.com&password=jNe48Wa0
sqli,login,200,0,username=umar%40shop.lab&password=nvVuHNh9S9
sqli,login,200,0,username=carterc68&password=SMuzfErd
sqli,login,200,0,username=leo&password=ebfOrDx.
sqli,login,200,0,username=davidlewis&password=ZYRNo45Hk
sqli,login,200,0,username=ethanthomas&password=gL8KiUmcDMPn
sqli,login,200,0,username=garciap18&password=RP%23MHGCYQ
sqli,login,200,0,username=ivymoore&password=esraJyUwg
sqli,login,200,0,username=ava_evans&password=c%23p4Eut5LS0G
sqli,login,200,0,username=ivy&password=7HUyxocyDdT%21b
sqli,login,200,0,username=oscar_moore&password=ewixXJkJ
sqli,login,200,0,username=quinn&password=0GSCxXDU
sqli,login,200,0,username=mary&password=Dj8es8x9OWEgR
sqli,login,200,0,username=john%40corp.net&password=3%40GEIXc0haWb5A
sqli,login,200,0,username=bob.scott&password=TsfpxkXi0%21EUfM
sqli,login,200,0,username=alice&password=2K_wA4_Mm
sqli,login,200,0,username=alice%40mail.com&password=__u7Pqig1
sqli,login,200,0,username=ava.evans&password=YQ%40WTIfq_or
sqli,login,200,0,username=david&password=Wp%21nvW6OjQl
sqli,login,200,0,username=mia&password=0GW2gKB%23c9%21s
sqli,login,200,0,username=peterking&password=%21X2bx6OW
sqli,login,200,0,username=liam&password=F_7RfRY7UzonG
sqli,login,200,0,username=xena7439&password=axP7Uemxm2V5
sqli,login,200,0,username=lucasmoore&password=mZ1CpWXpIG
sqli,login,200,0,username=isla1449&password=U0WrKcJDlLGcb
sqli,login,200,0,username=bob4933&password=PDGM3%23p28V
sqli,login,200,0,username=carol1430&password=%40f%21.e_WpF
sqli,login,200,0,username=liam322&password=SDv3g8Zm
sqli,login,200,0,username=peter2493&password=2hAZWjot
sqli,login,200,0,username=sam_hill&password=lf5VXd3Rkc5
sqli,login,200,0,username=oscar4822&password=.Ix5_9yoeAY
sqli,login,200,0,username=kateanderson&password=JTR3nJi7IS
sqli,login,200,0,username=wilsonb75&password=QUGfhNcU
sqli,login,200,0,username=ethanwright&password=10ycocS4sxj
sqli,login,200,0,username=xenawhite&password=32mkW2a8Uq2
sqli,login,200,0,username=adamsq15&password=_Ifnhy6E8JOqWP
sqli,login,200,0,username=john%40mail.com&password=VJZmjYjS
sqli,login,200,0,username=lucas.brown&password=TOHL%21sq_%21O
sqli,login,200,0,username=williamse16&password=O3IPWtufOMo8Q%23
sqli,login,200,0,username=veracarter&password=W2pLIi0r
sqli,login,200,0,username=jack9978&password=CGfzhTBN
sqli,login,200,0,username=nora1035&password=XB8X26xK
sqli,login,200,0,username=will9056&password=GE6EiX%21gEGmr
sqli,login,200,0,username=will3925&password=pMEjgIjU
sqli,login,200,0,username=henry_perez&password=xHwvDtwneWUymL
sqli,login,200,0,username=isla&password=W7t05wh3d1I9X
sqli,login,200,0,username=noah&password=t%23Cew4g0TioSc
sqli,login,200,0,username=lopezo35&password=JwU%40GWFS5Kkk3
sqli,login,200,0,username=rose.williams&password=lA8mRn%232QTRDFr
sqli,login,200,0,username=david&password=cGnr7Ru5d%21majP
sqli,login,200,0,username=leomoore&password=bVZJnR%234w7iYmF
sqli,login,200,0,username=ethan%40example.com&password=gM%23ICLT9To23
sqli,login,200,0,username=grace_garcia&password=AX4K5rj%21yW
sqli,login,200,0,username=bob_phillips&password=0k%23eAx_Mj%23
sqli,login,200,0,username=john&password=9TkECk7%40nHtHSb
sqli,login,200,0,username=umar&password=VS%40VKj9.
sqli,login,200,0,username=ava_taylor&password=Q6onaYoY
sqli,login,200,0,username=vera%40shop.lab&password=dWpy%21GZS
sqli,login,200,0,username=bob&password=e_85QzaWXkmDoZ
sqli,login,200,0,username=emma&password=iKrod53UzRP%21
sqli,login,200,0,username=caroladams&password=%23qUWoSl_JGWx
sqli,login,200,0,username=ethan%40mail.com&password=VJq1tu%40Sb7YN6
sqli,login,200,0,username=ava_martinez&password=t_qO%4088y5ZA%21Cx
sqli,login,200,0,username=grace_wright&password=1uqf.c6JBUWIGY
sqli,login,200,0,username=noah_miller&password=Pjm0WZA7.tMaF
sqli,login,200,0,username=islamiller&password=JZ0EQk0FfD
sqli,login,200,0,username=bob&password=oA6jWWpsCA9Few
sqli,login,200,0,username=tina.scott&password=yEk4ddFW
sqli,login,200,0,username=noahtaylor&password=4Sc%21%23Oqb_q7VSQ
sqli,login,200,0,username=liam%40mail.com&password=ZjqYt8mSqj%40Qi
sqli,login,200,0,username=quinn&password=DlwjlGzf7M
sqli,login,200,0,username=noah.evans&password=hNSsoCew9e%21
sqli,login,200,0,username=ivy%40mail.com&password=snbIdNeS%21WPqs
sqli,login,200,0,username=david_smith&password=DhhioFKEqa
sqli,login,200,0,username=emma%40shop.lab&password=R%23cxwzLw%40cZ
sqli,login,200,0,username=tina%40mail.com&password=g.sVfrsvZwF_x
sqli,login,200,0,username=rose&password=fULs2iy6vcspsw
sqli,login,200,0,username=grace_walker&password=KsoC8PjAVcAM%40
sqli,product,200,0,id=34
sqli,product,200,0,id=55166
sqli,product,200,0,id=93003
sqli,product,200,0,id=97953
sqli,product,200,0,id=49
sqli,product,200,0,id=76066
sqli,product,200,0,id=50275
sqli,product,200,0,id=36932
sqli,product,200,0,id=21040
sqli,product,200,0,id=57955
sqli,product,200,0,id=37
sqli,product,200,0,id=35
sqli,product,200,0,id=13371
sqli,product,200,0,id=27580
sqli,product,200,0,id=27
sqli,product,200,0,id=71390
sqli,product,200,0,id=41088
sqli,product,200,0,id=30605
sqli,product,200,0,id=74178
sqli,product,200,0,id=24942
sqli,product,200,0,id=23
sqli,product,200,0,id=40
sqli,product,200,0,id=45
sqli,product,200,0,id=25506
sqli,product,200,0,id=61004
sqli,product,200,0,id=30
sqli,product,200,0,id=77597
sqli,product,200,0,id=20
sqli,product,200,0,id=39
sqli,product,200,0,id=25
sqli,product,200,0,id=14
sqli,product,200,0,id=73335
sqli,product,200,0,id=38
sqli,product,200,0,id=43969
sqli,product,200,0,id=43
sqli,product,200,0,id=50
sqli,product,200,0,id=24
sqli,product,200,0,id=47
sqli,product,200,0,id=43461
sqli,product,200,0,id=38047
sqli,product,200,0,id=80465
sqli,product,200,0,id=5
sqli,product,200,0,id=30253
sqli,product,200,0,id=44
sqli,product,200,0,id=22567
sqli,product,200,0,id=28922
sqli,product,200,0,id=1463
sqli,product,200,0,id=47133
sqli,product,200,0,id=97847
sqli,product,200,0,id=8
sqli,product,200,0,id=26
sqli,product,200,0,id=70116
sqli,product,200,0,id=62859
sqli,product,200,0,id=71165
sqli,product,200,0,id=84481
sqli,product,200,0,id=56555
sqli,product,200,0,id=51197
sqli,product,200,0,id=96471
sqli,product,200,0,id=19728
sqli,product,200,0,id=42
sqli,product,200,0,id=22
sqli,product,200,0,id=87911
sqli,product,200,0,id=62347
sqli,product,200,0,id=69431
sqli,product,200,0,id=3
sqli,product,200,0,id=93427
sqli,product,200,0,id=15622
sqli,product,200,0,id=93934
sqli,product,200,0,id=94289
sqli,product,200,0,id=83303
sqli,product,200,0,id=10911
sqli,product,200,0,id=15
sqli,product,200,0,id=87956
sqli,product,200,0,id=69205
sqli,product,200,0,id=12322
sqli,product,200,0,id=23556
sqli,product,200,0,id=43716
sqli,product,200,0,id=94151
sqli,product,200,0,id=25589
sqli,product,200,0,id=16
sqli,product,200,0,id=67758
sqli,product,200,0,id=89002
sqli,product,200,0,id=61915
sqli,product,200,0,id=943
sqli,product,200,0,id=28960
sqli,product,200,0,id=7084
sqli,product,200,0,id=7
sqli,product,200,0,id=39336
sqli,product,200,0,id=13
sqli,product,200,0,id=17
sqli,product,200,0,id=73764
sqli,product,200,0,id=5829
sqli,product,200,0,id=7959
sqli,product,200,0,id=1678
sqli,product,200,0,id=42399
sqli,product,200,0,id=94892
sqli,product,200,0,id=18321
sqli,product,200,0,id=32633
sqli,product,200,0,id=23459
sqli,product,200,0,id=12
sqli,product,200,0,id=50431
sqli,product,200,0,id=95764
sqli,product,200,0,id=19
sqli,product,200,0,id=76476
sqli,product,200,0,id=42565
sqli,product,200,0,id=87407
sqli,product,200,0,id=17721
sqli,product,200,0,id=91605
sqli,product,200,0,id=65878
sqli,product,200,0,id=52241
sqli,product,200,0,id=8093
sqli,product,200,0,id=4534
sqli,product,200,0,id=90977
sqli,product,200,0,id=33
sqli,product,200,0,id=45038
sqli,product,200,0,id=868
sqli,product,200,0,id=27129
sqli,product,200,0,id=58964
sqli,product,200,0,id=6627
sqli,product,200,0,id=40795
sqli,product,200,0,id=1306
sqli,product,200,0,id=98464
sqli,product,200,0,id=28
sqli,product,200,0,id=51688
sqli,product,200,0,id=68009
sqli,product,200,0,id=62275
sqli,product,200,0,id=758
sqli,product,200,0,id=46
sqli,product,200,0,id=2
sqli,product,200,0,id=61747
sqli,product,200,0,id=63025
sqli,product,200,0,id=73775
sqli,product,200,0,id=86633
sqli,product,200,0,id=37182
sqli,product,200,0,id=34953
sqli,product,200,0,id=1309
sqli,product,200,0,id=86517
sqli,product,200,0,id=74586
sqli,product,200,0,id=86298
sqli,product,200,0,id=29
sqli,product,200,0,id=94842
sqli,product,200,0,id=97936
sqli,product,200,0,id=45485
sqli,product,200,0,id=50836
sqli,product,200,0,id=40746
sqli,product,200,0,id=11
sqli,product,200,0,id=47161
sqli,product,200,0,id=68782
sqli,product,200,0,id=90559
sqli,product,200,0,id=96068
sqli,product,200,0,id=6490
sqli,product,200,0,id=41
sqli,product,200,0,id=18
sqli,product,200,0,id=85492
sqli,product,200,0,id=64268
sqli,product,200,0,id=9
sqli,product,200,0,id=27211
sqli,product,200,0,id=82112
sqli,product,200,0,id=89133
sqli,product,200,0,id=54350
sqli,product,200,0,id=31
sqli,product,200,0,id=43172
sqli,product,200,0,id=73450
sqli,product,200,0,id=61653
sqli,product,200,0,id=39076
sqli,product,200,0,id=4644
sqli,product,200,0,id=64748
sqli,product,200,0,id=49604
sqli,product,200,0,id=32
sqli,product,200,0,id=62868
sqli,product,200,0,id=71380
sqli,product,200,0,id=59981
sqli,product,200,0,id=17417
sqli,product,200,0,id=22468
sqli,product,200,0,id=79543
sqli,product,200,0,id=36
sqli,product,200,0,id=1
sqli,product,200,0,id=67459
sqli,product,200,0,id=4
sqli,product,200,0,id=10026
sqli,product,200,0,id=67302
sqli,product,200,0,id=47018
sqli,product,200,0,id=42023
sqli,product,200,0,id=28239
sqli,product,200,0,id=2284
sqli,product,200,0,id=9974
sqli,product,200,0,id=64836
sqli,product,200,0,id=99043
sqli,product,200,0,id=60381
sqli,product,200,0,id=20395
sqli,product,200,0,id=46143
sqli,product,200,0,id=23685
sqli,product,200,0,id=91475
sqli,product,200,0,id=2164
sqli,product,200,0,id=8968
sqli,product,200,0,id=48
sqli,product,200,0,id=52401
sqli,product,200,0,id=2353
sqli,product,200,0,id=78450
sqli,product,200,0,id=56441
sqli,product,200,0,id=25879
sqli,product,200,0,id=19601
sqli,product,200,0,id=68776
sqli,product,200,0,id=34348
sqli,product,200,0,id=95476
sqli,product,200,0,id=13184
sqli,product,200,0,id=30799
sqli,product,200,0,id=61490
sqli,product,200,0,id=87734
sqli,product,200,0,id=81149
sqli,product,200,0,id=87305
sqli,product,200,0,id=30216
sqli,product,200,0,id=57990
sqli,product,200,0,id=57841
sqli,product,200,0,id=2184
sqli,product,200,0,id=22554
sqli,product,200,0,id=56782
sqli,product,200,0,id=86987
sqli,product,200,0,id=53408
sqli,product,200,0,id=85712
sqli,product,200,0,id=90209
sqli,product,200,0,id=75420
sqli,product,200,0,id=8493
sqli,product,200,0,id=556
sqli,product,200,0,id=21
sqli,product,200,0,id=53167
sqli,product,200,0,id=9384
sqli,product,200,0,id=11974
sqli,product,200,0,id=72862
sqli,product,200,0,id=67061
sqli,product,200,0,id=77166
sqli,product,200,0,id=1354
sqli,product,200,0,id=89604
sqli,product,200,0,id=28346
sqli,product,200,0,id=1872
sqli,product,200,0,id=73510
sqli,product,200,0,id=55324
sqli,product,200,0,id=59020
sqli,product,200,0,id=2844
sqli,product,200,0,id=92449
sqli,product,200,0,id=17792
sqli,product,200,0,id=19045
sqli,product,200,0,id=55428
sqli,product,200,0,id=10488
sqli,product,200,0,id=30959
sqli,product,200,0,id=1437
sqli,product,200,0,id=10065
sqli,product,200,0,id=19391
sqli,product,200,0,id=91432
sqli,product,200,0,id=10
sqli,product,200,0,id=32815
sqli,product,200,0,id=4310
sqli,product,200,0,id=98188
sqli,product,200,0,id=47714
sqli,product,200,0,id=51630
sqli,product,200,0,id=558
sqli,product,200,0,id=93541
sqli,product,200,0,id=92083
sqli,product,200,0,id=47387
sqli,product,200,0,id=74122
sqli,product,200,0,id=14683
sqli,product,200,0,id=26665
sqli,product,200,0,id=36931
sqli,product,200,0,id=18415
sqli,product,200,0,id=10622
sqli,product,200,0,id=64936
sqli,product,200,0,id=64156
sqli,product,200,0,id=24682
sqli,product,200,0,id=16724
sqli,product,200,0,id=70343
sqli,product,200,0,id=41070
sqli,product,200,0,id=90279
sqli,product,200,0,id=26854
sqli,product,200,0,id=47740
sqli,product,200,0,id=19702
sqli,product,200,0,id=97762
sqli,product,200,0,id=33222
sqli,product,200,0,id=73434
sqli,product,200,0,id=74100
sqli,product,200,0,id=49288
sqli,product,200,0,id=23049
sqli,product,200,0,id=64046
sqli,product,200,0,id=5419
sqli,product,200,0,id=88068
sqli,product,200,0,id=30142
sqli,product,200,0,id=14152
sqli,product,200,0,id=62195
sqli,product,200,0,id=96646
sqli,product,200,0,id=62372
sqli,product,200,0,id=80184
sqli,product,200,0,id=42194
sqli,product,200,0,id=96400
sqli,product,200,0,id=67836
sqli,product,200,0,id=41829
sqli,product,200,0,id=58180
sqli,product,200,0,id=40980
sqli,product,200,0,id=74626
sqli,product,200,0,id=41237
sqli,product,200,0,id=34491
sqli,product,200,0,id=57438
sqli,product,200,0,id=76731
sqli,product,200,0,id=83067
sqli,product,200,0,id=936
sqli,product,200,0,id=11679
sqli,product,200,0,id=47986
sqli,product,200,0,id=1227
sqli,product,200,0,id=62221
sqli,product,200,0,id=86327
sqli,product,200,0,id=80672
sqli,product,200,0,id=43763
sqli,product,200,0,id=33423
sqli,product,200,0,id=94427
sqli,product,200,0,id=40905
sqli,product,200,0,id=13525
sqli,product,200,0,id=67741
sqli,product,200,0,id=29907
sqli,product,200,0,id=15136
sqli,product,200,0,id=89073
sqli,product,200,0,id=61905
sqli,product,200,0,id=98384
sqli,product,200,0,id=32154
sqli,product,200,0,id=93000
sqli,product,200,0,id=78923
sqli,product,200,0,id=85745
sqli,product,200,0,id=30468
sqli,product,200,0,id=25376
sqli,product,200,0,id=44438
sqli,product,200,0,id=12218
sqli,product,200,0,id=22116
sqli,product,200,0,id=26930
sqli,product,200,0,id=21759
sqli,product,200,0,id=31804
sqli,product,200,0,id=16346
sqli,product,200,0,id=40278
sqli,product,200,0,id=31250
sqli,product,200,0,id=88368
sqli,product,200,0,id=7234
sqli,product,200,0,id=30608
sqli,product,200,0,id=17798
sqli,product,200,0,id=58404
sqli,product,200,0,id=93329
sqli,product,200,0,id=89644
sqli,product,200,0,id=78556
sqli,product,200,0,id=51079
sqli,product,200,0,id=52390
sqli,product,200,0,id=63654
sqli,product,200,0,id=1575
sqli,product,200,0,id=90420
sqli,product,200,0,id=9819
sqli,product,200,0,id=23524
sqli,product,200,0,id=87811
sqli,product,200,0,id=37837
sqli,product,200,0,id=84490
sqli,product,200,0,id=50855
sqli,product,200,0,id=43104
sqli,product,200,0,id=82167
sqli,product,200,0,id=87362
sqli,product,200,0,id=24637
sqli,product,200,0,id=51739
sqli,product,200,0,id=52506
sqli,product,200,0,id=40865
sqli,product,200,0,id=6859
sqli,product,200,0,id=12176
sqli,product,200,0,id=91704
sqli,product,200,0,id=17704
sqli,product,200,0,id=34679
sqli,product,200,0,id=39969
sqli,product,200,0,id=54596
sqli,product,200,0,id=91179
sqli,product,200,0,id=15525
sqli,product,200,0,id=9468
sqli,product,200,0,id=80952
sqli,product,200,0,id=52220
sqli,product,200,0,id=81550
sqli,product,200,0,id=27493
sqli,product,200,0,id=71383
sqli,product,200,0,id=59722
sqli,product,200,0,id=67287
sqli,product,200,0,id=6
sqli,product,200,0,id=92221
sqli,product,200,0,id=94443
sqli,product,200,0,id=87841
sqli,product,200,0,id=33158
sqli,product,200,0,id=82287
sqli,product,200,0,id=3697
sqli,product,200,0,id=62622
sqli,product,200,0,id=14645
sqli,product,200,0,id=80433
sqli,product,200,0,id=25172
sqli,product,200,0,id=39016
sqli,product,200,0,id=42851
sqli,product,200,0,id=6717
sqli,product,200,0,id=17444
sqli,product,200,0,id=51926
sqli,product,200,0,id=76362
sqli,product,200,0,id=18786
sqli,product,200,0,id=35875
sqli,product,200,0,id=7711
sqli,product,200,0,id=86723
sqli,product,200,0,id=68433
sqli,product,200,0,id=56471
sqli,product,200,0,id=30778
sqli,product,200,0,id=57247
sqli,product,200,0,id=58124
sqli,product,200,0,id=63823
sqli,product,200,0,id=48037
sqli,product,200,0,id=27879
sqli,product,200,0,id=97896
sqli,product,200,0,id=99251
sqli,product,200,0,id=5742
sqli,product,200,0,id=94230
sqli,product,200,0,id=88207
sqli,product,200,0,id=12658
sqli,product,200,0,id=61989
sqli,product,200,0,id=48981
sqli,product,200,0,id=55760
sqli,product,200,0,id=53301
sqli,product,200,0,id=8616
sqli,product,200,0,id=19542
sqli,product,200,0,id=51595
sqli,product,200,0,id=11764
sqli,product,200,0,id=19208
sqli,product,200,0,id=23942
sqli,product,200,0,id=13215
sqli,product,200,0,id=29568
sqli,product,200,0,id=78475
sqli,product,200,0,id=97270
sqli,product,200,0,id=44094
sqli,product,200,0,id=52915
sqli,product,200,0,id=34801
sqli,product,200,0,id=41672
sqli,product,200,0,id=54414
sqli,product,200,0,id=45142
sqli,product,200,0,id=90568
sqli,product,200,0,id=45453
sqli,product,200,0,id=84212
sqli,product,200,0,id=2522
sqli,product,200,0,id=20130
sqli,product,200,0,id=92063
sqli,product,200,0,id=75477
sqli,product,200,0,id=4736
sqli,product,200,0,id=72601
sqli,product,200,0,id=50305
sqli,product,200,0,id=31069
sqli,product,200,0,id=15895
sqli,product,200,0,id=77640
sqli,product,200,0,id=30944
sqli,product,200,0,id=37550
sqli,product,200,0,id=71036
sqli,product,200,0,id=97527
sqli,product,200,0,id=56332
sqli,product,200,0,id=48889
sqli,product,200,0,id=52972
sqli,product,200,0,id=23098
sqli,product,200,0,id=38306
sqli,product,200,0,id=12889
sqli,product,200,0,id=98546
sqli,product,200,0,id=94395
sqli,product,200,0,id=18406
sqli,product,200,0,id=61896
sqli,product,200,0,id=68480
sqli,product,200,0,id=65244
sqli,product,200,0,id=84973
sqli,product,200,0,id=54939
sqli,product,200,0,id=48996
sqli,product,200,0,id=78886
sqli,product,200,0,id=35750
sqli,product,200,0,id=88218
sqli,product,200,0,id=99032
sqli,product,200,0,id=66992
sqli,product,200,0,id=70235
sqli,product,200,0,id=51993
sqli,product,200,0,id=51078
sqli,product,200,0,id=66127
sqli,product,200,0,id=37922
sqli,product,200,0,id=24143
sqli,product,200,0,id=71971
sqli,product,200,0,id=28033
sqli,product,200,0,id=86045
sqli,product,200,0,id=12742
sqli,product,200,0,id=68180
sqli,product,200,0,id=39658
sqli,product,200,0,id=59522
sqli,product,200,0,id=9688
sqli,product,200,0,id=69604
sqli,product,200,0,id=99973
sqli,product,200,0,id=81206
sqli,product,200,0,id=26920
sqli,product,200,0,id=89269
sqli,product,200,0,id=76535
sqli,product,200,0,id=70681
sqli,product,200,0,id=46809
sqli,product,200,0,id=92397
sqli,product,200,0,id=11891
sqli,product,200,0,id=79974
sqli,product,200,0,id=36757
sqli,product,200,0,id=76157
sqli,product,200,0,id=52881
sqli,product,200,0,id=89674
sqli,product,200,0,id=68788
sqli,search,200,0,q=tote
sqli,search,200,0,q=tote+tote
sqli,search,200,0,q=soy+glass
sqli,search,200,0,q=shirt
sqli,search,200,0,q=juice
sqli,search,200,0,q=blue
sqli,search,200,0,q=tea
sqli,search,200,0,q=mini
sqli,search,200,0,q=mug244
sqli,search,200,0,q=leather
sqli,search,200,0,q=honey286
sqli,search,200,0,q=deluxe+tote
sqli,search,200,0,q=mint+mango
sqli,search,200,0,q=bold+green
sqli,search,200,0,q=blue+insulated
sqli,search,200,0,q=notebook
sqli,search,200,0,q=mini+orange
sqli,search,200,0,q=deluxe+berry
sqli,search,200,0,q=soy
sqli,search,200,0,q=lemon
sqli,search,200,0,q=soft
sqli,search,200,0,q=water242
sqli,search,200,0,q=round
sqli,search,200,0,q=juice+bottle
sqli,search,200,0,q=green+orange
sqli,search,200,0,q=lemon305
sqli,search,200,0,q=cotton193
sqli,search,200,0,q=wooden167
sqli,search,200,0,q=deluxe+bag
sqli,search,200,0,q=green+fresh
sqli,search,200,0,q=cool
sqli,search,200,0,q=blue+shirt
sqli,search,200,0,q=warm
sqli,search,200,0,q=insulated319
sqli,search,200,0,q=vinyl
sqli,search,200,0,q=sticker+insulated
sqli,search,200,0,q=pack195
sqli,search,200,0,q=soy494
sqli,search,200,0,q=berry
sqli,search,200,0,q=green+cotton
sqli,search,200,0,q=cocoa+mint
sqli,search,200,0,q=notebook+mango
sqli,search,200,0,q=slim+ceramic
sqli,search,200,0,q=small
sqli,search,200,0,q=soft+oat
sqli,search,200,0,q=sticker+shirt
sqli,search,200,0,q=sticker411
sqli,search,200,0,q=cotton241
sqli,search,200,0,q=juice+pack
sqli,search,200,0,q=bottle
sqli,search,200,0,q=ginger375
sqli,search,200,0,q=soft+cocoa
sqli,search,200,0,q=deluxe+shirt
sqli,search,200,0,q=green272
sqli,search,200,0,q=eco
sqli,search,200,0,q=almond+glass
sqli,search,200,0,q=classic+cotton
sqli,search,200,0,q=bag
sqli,search,200,0,q=dark
sqli,search,200,0,q=red+fresh
sqli,search,200,0,q=mug
sqli,search,200,0,q=green+organic
sqli,search,200,0,q=wooden+mint
sqli,search,200,0,q=mint130
sqli,search,200,0,q=cotton
sqli,search,200,0,q=premium+tea
sqli,search,200,0,q=pure+mango
sqli,search,200,0,q=green+notebook
sqli,search,200,0,q=honey41
sqli,search,200,0,q=glass436
sqli,search,200,0,q=coffee325
sqli,search,200,0,q=dotted
sqli,search,200,0,q=cocoa
sqli,search,200,0,q=mug+bottle
sqli,search,200,0,q=smoothie+smoothie
sqli,search,200,0,q=premium
sqli,search,200,0,q=light
sqli,search,200,0,q=new+coffee
sqli,search,200,0,q=tote+wooden
sqli,search,200,0,q=deluxe+steel
sqli,search,200,0,q=mint28
sqli,search,200,0,q=organic+insulated
sqli,search,200,0,q=light+cotton
sqli,search,200,0,q=ceramic140
sqli,search,200,0,q=bag+fresh
sqli,search,200,0,q=round+berry
sqli,search,200,0,q=ginger396
sqli,search,200,0,q=mug+smoothie
sqli,search,200,0,q=ceramic394
sqli,search,200,0,q=ceramic1
sqli,search,200,0,q=ceramic+tea
sqli,search,200,0,q=blue+tote
sqli,search,200,0,q=sticker
sqli,search,200,0,q=tshirt
sqli,search,200,0,q=premium+ceramic
sqli,search,200,0,q=deluxe+orange
sqli,search,200,0,q=tshirt226
sqli,search,200,0,q=juice74
sqli,search,200,0,q=bold
sqli,search,200,0,q=oat+tshirt
sqli,search,200,0,q=shirt148
sqli,search,200,0,q=apple+steel
sqli,search,200,0,q=cotton+carrot
sqli,search,200,0,q=juice87
sqli,search,200,0,q=soy+coffee
sqli,search,200,0,q=carrot+notebook
sqli,search,200,0,q=cotton117
sqli,search,200,0,q=notebook+soy
sqli,search,200,0,q=apple
sqli,search,200,0,q=mint+lemon
sqli,search,200,0,q=dark+tote
sqli,search,200,0,q=juice+mango
sqli,search,200,0,q=green239
sqli,search,200,0,q=tshirt+cocoa
sqli,search,200,0,q=lemon232
sqli,search,200,0,q=mug495
sqli,search,200,0,q=tshirt50
sqli,search,200,0,q=glass
sqli,search,200,0,q=mint
sqli,search,200,0,q=classic+smoothie
sqli,search,200,0,q=ceramic
sqli,search,200,0,q=green
sqli,search,200,0,q=mug29
sqli,search,200,0,q=mug464
sqli,search,200,0,q=steel
sqli,search,200,0,q=blue+leather
sqli,search,200,0,q=large+organic
sqli,search,200,0,q=green+oat
sqli,search,200,0,q=dark+steel
sqli,search,200,0,q=eco+tote
sqli,search,200,0,q=slim+oat
sqli,search,200,0,q=eco+smoothie
sqli,search,200,0,q=bottle270
sqli,search,200,0,q=canvas
sqli,search,200,0,q=tea+bag
sqli,search,200,0,q=mini+apple
sqli,search,200,0,q=coffee+notebook
sqli,search,200,0,q=notebook205
sqli,search,200,0,q=soft+tea
sqli,search,200,0,q=ginger478
sqli,search,200,0,q=notebook+ceramic
sqli,search,200,0,q=dotted+bag
sqli,search,200,0,q=soft+orange
sqli,search,200,0,q=tote28
sqli,search,200,0,q=bottle489
sqli,search,200,0,q=green+soy
sqli,search,200,0,q=mini+organic
sqli,search,200,0,q=water+tote
sqli,search,200,0,q=large
sqli,search,200,0,q=almond365
sqli,search,200,0,q=large+shirt
sqli,search,200,0,q=new+insulated
sqli,search,200,0,q=soft+organic
sqli,search,200,0,q=honey
sqli,search,200,0,q=vinyl383
sqli,search,200,0,q=water+tshirt
sqli,search,200,0,q=small+sticker
sqli,search,200,0,q=red
sqli,search,200,0,q=apple+honey
sqli,search,200,0,q=bottle+notebook
sqli,search,200,0,q=dotted+berry
sqli,search,200,0,q=mini+tshirt
sqli,search,200,0,q=dark+honey
sqli,search,200,0,q=deluxe
sqli,search,200,0,q=deluxe+green
sqli,search,200,0,q=slim+canvas
sqli,search,200,0,q=classic+sticker
sqli,search,200,0,q=vinyl164
sqli,search,200,0,q=dark+oat
sqli,search,200,0,q=insulated+orange
sqli,search,200,0,q=vinyl461
sqli,search,200,0,q=carrot
sqli,search,200,0,q=insulated
sqli,search,200,0,q=ceramic+tote
sqli,search,200,0,q=coffee+bag
sqli,search,200,0,q=glass66
sqli,search,200,0,q=mug9
sqli,search,200,0,q=berry+honey
sqli,search,200,0,q=berry368
sqli,search,200,0,q=juice271
sqli,search,200,0,q=glass149
sqli,search,200,0,q=new+pack
sqli,search,200,0,q=glass+mint
sqli,search,200,0,q=small+honey
sqli,search,200,0,q=ginger468
sqli,search,200,0,q=green343
sqli,search,200,0,q=slim+vinyl
sqli,search,200,0,q=orange+coffee
sqli,search,200,0,q=bold+tote
sqli,search,200,0,q=water+cocoa
sqli,search,200,0,q=deluxe+almond
sqli,search,200,0,q=fresh452
sqli,search,200,0,q=mango
sqli,search,200,0,q=leather+juice
sqli,search,200,0,q=insulated+soy
sqli,search,200,0,q=new
sqli,search,200,0,q=bold+tshirt
sqli,search,200,0,q=pack+carrot
sqli,search,200,0,q=canvas490
sqli,search,200,0,q=soft+canvas
sqli,search,200,0,q=ceramic+canvas
sqli,search,200,0,q=classic+carrot
sqli,search,200,0,q=mint+ginger
sqli,search,200,0,q=apple456
sqli,search,200,0,q=tote83
sqli,search,200,0,q=lemon+lemon
sqli,search,200,0,q=mini+honey
sqli,search,200,0,q=tea81
sqli,search,200,0,q=wooden8
sqli,search,200,0,q=canvas101
sqli,search,200,0,q=premium+lemon
sqli,search,200,0,q=vinyl+lemon
sqli,search,200,0,q=dark+mango
sqli,search,200,0,q=ginger271
sqli,search,200,0,q=mango24
sqli,search,200,0,q=eco+ginger
sqli,search,200,0,q=pack
sqli,search,200,0,q=notebook163
sqli,search,200,0,q=sticker58
sqli,search,200,0,q=mango+insulated
sqli,search,200,0,q=soy+vinyl
sqli,search,200,0,q=notebook+canvas
sqli,search,200,0,q=new+carrot
sqli,search,200,0,q=cool+dotted
sqli,search,200,0,q=pack13
sqli,search,200,0,q=insulated+mug
sqli,search,200,0,q=slim
sqli,search,200,0,q=blue+ginger
sqli,search,200,0,q=dark+almond
sqli,search,200,0,q=warm+pack
sqli,search,200,0,q=tea286
sqli,search,200,0,q=organic+green
sqli,search,200,0,q=notebook74
sqli,search,200,0,q=pure+cotton
sqli,search,200,0,q=oat108
sqli,search,200,0,q=round+steel
sqli,search,200,0,q=pure+honey
sqli,search,200,0,q=juice32
sqli,search,200,0,q=mini+insulated
sqli,search,200,0,q=oat+insulated
sqli,search,200,0,q=vinyl193
sqli,search,200,0,q=orange+notebook
sqli,search,200,0,q=light+water
sqli,search,200,0,q=fresh
sqli,search,200,0,q=notebook104
sqli,search,200,0,q=premium+coffee
sqli,search,200,0,q=slim+sticker
sqli,search,200,0,q=carrot+insulated
sqli,search,200,0,q=juice268
sqli,search,200,0,q=soft+water
sqli,search,200,0,q=juice21
sqli,search,200,0,q=blue+steel
sqli,search,200,0,q=coffee+honey
sqli,search,200,0,q=cotton+almond
sqli,search,200,0,q=berry74
sqli,search,200,0,q=premium+juice
sqli,search,200,0,q=wooden126
sqli,search,200,0,q=smoothie423
sqli,search,200,0,q=bottle+glass
sqli,search,200,0,q=mango+smoothie
sqli,search,200,0,q=glass+canvas
sqli,search,200,0,q=tshirt253
sqli,search,200,0,q=slim+dotted
sqli,search,200,0,q=sticker306
sqli,search,200,0,q=round+mint
sqli,search,200,0,q=orange+cotton
sqli,search,200,0,q=cotton62
sqli,search,200,0,q=fresh286
sqli,search,200,0,q=berry476
sqli,search,200,0,q=mango410
sqli,search,200,0,q=apple+juice
sqli,search,200,0,q=warm+bag
sqli,search,200,0,q=mango+vinyl
sqli,search,200,0,q=cotton+wooden
sqli,search,200,0,q=smoothie+mug
sqli,search,200,0,q=juice205
sqli,search,200,0,q=light+soy
sqli,search,200,0,q=steel84
sqli,search,200,0,q=insulated+mint
sqli,search,200,0,q=notebook+fresh
sqli,search,200,0,q=smoothie
sqli,search,200,0,q=notebook466
sqli,search,200,0,q=cool+bag
sqli,search,200,0,q=slim+ginger
sqli,search,200,0,q=large+coffee
sqli,search,200,0,q=steel192
sqli,search,200,0,q=cool+vinyl
sqli,search,200,0,q=pure
sqli,search,200,0,q=eco+honey
sqli,search,200,0,q=bottle+tote
sqli,search,200,0,q=organic363
sqli,search,200,0,q=premium+orange
sqli,search,200,0,q=soft+mango
sqli,search,200,0,q=shirt+almond
sqli,search,200,0,q=fresh+tea
sqli,search,200,0,q=insulated+organic
sqli,search,200,0,q=small+smoothie
sqli,search,200,0,q=shirt245
sqli,search,200,0,q=cool+smoothie
sqli,search,200,0,q=glass344
sqli,search,200,0,q=cocoa+insulated
sqli,search,200,0,q=tshirt+juice
sqli,search,200,0,q=juice+mug
sqli,search,200,0,q=dotted+tshirt
sqli,search,200,0,q=cotton136
sqli,search,200,0,q=dotted152
sqli,search,200,0,q=soft+ceramic
sqli,search,200,0,q=pack+bottle
sqli,search,200,0,q=dotted184
sqli,search,200,0,q=oat+coffee
sqli,search,200,0,q=mug73
sqli,search,200,0,q=dotted+mango
sqli,search,200,0,q=cocoa+apple
sqli,search,200,0,q=ceramic441
sqli,search,200,0,q=juice451
sqli,search,200,0,q=cool+almond
sqli,search,200,0,q=steel473
sqli,search,200,0,q=cotton148
sqli,search,200,0,q=bottle466
sqli,search,200,0,q=cool+honey
sqli,search,200,0,q=bottle+steel
sqli,search,200,0,q=pack+dotted
sqli,search,200,0,q=soft+mug
sqli,search,200,0,q=almond457
sqli,search,200,0,q=mango+green
sqli,search,200,0,q=canvas+oat
sqli,search,200,0,q=insulated+oat
sqli,search,200,0,q=tote27
sqli,search,200,0,q=cotton+cocoa
sqli,search,200,0,q=almond439
sqli,search,200,0,q=almond+honey
sqli,search,200,0,q=notebook275
sqli,search,200,0,q=green132
sqli,search,200,0,q=pack+orange
sqli,search,200,0,q=coffee467
sqli,search,200,0,q=pure+canvas
sqli,search,200,0,q=light+dotted
sqli,search,200,0,q=large+orange
sqli,search,200,0,q=ginger+glass
sqli,search,200,0,q=orange+berry
sqli,search,200,0,q=orange+juice
sqli,search,200,0,q=almond
sqli,search,200,0,q=new+berry
sqli,search,200,0,q=orange
sqli,search,200,0,q=classic+coffee
sqli,search,200,0,q=soy+soy
sqli,search,200,0,q=deluxe+pack
sqli,search,200,0,q=smoothie90
sqli,search,200,0,q=ginger234
sqli,search,200,0,q=cocoa425
sqli,search,200,0,q=soy128
sqli,search,200,0,q=shirt306
sqli,search,200,0,q=carrot96
sqli,search,200,0,q=small+almond
sqli,search,200,0,q=vinyl484
sqli,search,200,0,q=cotton253
sqli,search,200,0,q=mug+wooden
sqli,search,200,0,q=organic+tote
sqli,search,200,0,q=light+lemon
sqli,search,200,0,q=warm+soy
sqli,search,200,0,q=cool+soy
sqli,search,200,0,q=green+tote
sqli,search,200,0,q=bag390
sqli,search,200,0,q=new+fresh
sqli,search,200,0,q=mug+carrot
sqli,search,200,0,q=juice483
sqli,search,200,0,q=new+orange
sqli,search,200,0,q=slim+wooden
sqli,search,200,0,q=dotted+leather
sqli,search,200,0,q=mug278
sqli,search,200,0,q=classic
sqli,search,200,0,q=glass+water
sqli,search,200,0,q=smoothie393
sqli,search,200,0,q=tshirt426
sqli,search,200,0,q=tea363
sqli,search,200,0,q=fresh27
sqli,search,200,0,q=green365
sqli,search,200,0,q=mini+wooden
sqli,search,200,0,q=new+tea
sqli,search,200,0,q=notebook+water
sqli,search,200,0,q=lemon222
sqli,search,200,0,q=green+apple
sqli,search,200,0,q=oat
sqli,search,200,0,q=red+almond
sqli,search,200,0,q=water
sqli,search,200,0,q=mint63
sqli,search,200,0,q=bottle267
sqli,search,200,0,q=berry+tshirt
sqli,search,200,0,q=light+apple
sqli,search,200,0,q=notebook+mug
sqli,search,200,0,q=soy212
sqli,search,200,0,q=fresh488
sqli,search,200,0,q=tshirt+almond
sqli,search,200,0,q=cotton250
sqli,search,200,0,q=cotton+tea
sqli,search,200,0,q=tote+lemon
sqli,search,200,0,q=light+steel
sqli,search,200,0,q=shirt173
sqli,search,200,0,q=ginger+oat
sqli,search,200,0,q=ginger
sqli,search,200,0,q=light+juice
sqli,search,200,0,q=honey+sticker
sqli,search,200,0,q=vinyl+insulated
sqli,search,200,0,q=cotton+mint
sqli,search,200,0,q=glass282
sqli,search,200,0,q=notebook+coffee
sqli,search,200,0,q=tea+pack
sqli,search,200,0,q=glass+sticker
sqli,search,200,0,q=tshirt365
sqli,search,200,0,q=leather118
sqli,search,200,0,q=bottle189
sqli,search,200,0,q=insulated398
sqli,search,200,0,q=slim+tea
sqli,search,200,0,q=tote303
sqli,search,200,0,q=tshirt+vinyl
sqli,search,200,0,q=apple+oat
sqli,search,200,0,q=bag+vinyl
sqli,search,200,0,q=slim+carrot
sqli,search,200,0,q=oat231
sqli,search,200,0,q=almond81
sqli,search,200,0,q=bag+carrot
sqli,search,200,0,q=bold+glass
sqli,search,200,0,q=classic+water
sqli,search,200,0,q=blue+dotted
sqli,search,200,0,q=juice+cotton
sqli,search,200,0,q=bottle+mug
sqli,search,200,0,q=pure+shirt
sqli,search,200,0,q=tea+bottle
sqli,search,200,0,q=deluxe+mug
sqli,search,200,0,q=dotted15
sqli,search,200,0,q=organic+juice
sqli,search,200,0,q=apple154
sqli,search,200,0,q=vinyl+juice
sqli,search,200,0,q=vinyl4
sqli,search,200,0,q=classic+honey
sqli,search,200,0,q=soy451
sqli,search,200,0,q=cool+ginger
sqli,search,200,0,q=warm+cotton
sqli,search,200,0,q=almond+notebook
sqli,search,200,0,q=wooden+insulated
sqli,search,200,0,q=coffee
sqli,search,200,0,q=water496
sqli,search,200,0,q=wooden+notebook
sqli,search,200,0,q=glass+leather
sqli,search,200,0,q=light+ceramic
sqli,search,200,0,q=canvas+ginger
sqli,search,200,0,q=dotted+tea
sqli,search,200,0,q=premium+wooden
sqli,search,200,0,q=mint413
sqli,search,200,0,q=deluxe+tshirt
sqli,search,200,0,q=honey215
sqli,search,200,0,q=blue+mango
sqli,search,200,0,q=mango+carrot
sqli,search,200,0,q=smoothie332
sqli,search,200,0,q=dark+bottle
sqli,search,200,0,q=water333
sqli,search,200,0,q=almond220
sqli,search,200,0,q=cool+notebook
sqli,search,200,0,q=pack+mug
sqli,search,200,0,q=leather+mango
sqli,search,200,0,q=dark+shirt
sqli,search,200,0,q=tshirt349
sqli,search,200,0,q=smoothie+bag
sqli,search,200,0,q=ginger265
sqli,search,200,0,q=almond164
sqli,search,200,0,q=organic
sqli,search,200,0,q=canvas154
sqli,search,200,0,q=warm+bottle
sqli,search,200,0,q=deluxe+bottle
sqli,search,200,0,q=glass313
sqli,search,200,0,q=wooden147
sqli,search,200,0,q=lemon+leather
sqli,search,200,0,q=blue+bottle
sqli,search,200,0,q=cocoa300
sqli,search,200,0,q=pack+tote
sqli,search,200,0,q=insulated+green
sqli,search,200,0,q=steel+tshirt
sqli,search,200,0,q=juice+green
sqli,search,200,0,q=red+soy
sqli,search,200,0,q=mango+leather
sqli,search,200,0,q=slim+tshirt
sqli,search,200,0,q=bottle+water
sqli,search,200,0,q=ceramic+mint
sqli,search,200,0,q=carrot+apple
sqli,search,200,0,q=ginger+carrot
sqli,search,200,0,q=light+wooden
sqli,search,200,0,q=oat360
sqli,search,200,0,q=glass+lemon
sqli,search,200,0,q=soft+smoothie
sqli,search,200,0,q=coffee+ginger
sqli,search,200,0,q=mini+soy
sqli,search,200,0,q=steel+bag
sqli,search,200,0,q=vinyl+fresh
sqli,search,200,0,q=soft+steel
sqli,search,200,0,q=insulated307
sqli,search,200,0,q=round+fresh
sqli,search,200,0,q=tshirt+cotton
sqli,search,200,0,q=pack+glass
sqli,search,200,0,q=oat274
sqli,search,200,0,q=bottle277
xss,calc,200,0,expr=668.10%2A660
xss,calc,200,0,expr=77-182
xss,calc,200,0,expr=519%2F656
xss,calc,200,0,expr=866%2F417
xss,calc,200,0,expr=743%2B996
xss,calc,200,0,expr=777%2F985
xss,calc,200,0,expr=115%2A195-65
xss,calc,200,0,expr=201%2F416
xss,calc,200,0,expr=416-555
xss,calc,200,0,expr=596.14%2F441
xss,calc,200,0,expr=63%2F213
xss,calc,200,0,expr=447%2B567.64
xss,calc,200,0,expr=873%2A162%2F21
xss,calc,200,0,expr=284%2B983
xss,calc,200,0,expr=628%2A683
xss,calc,200,0,expr=129%2B67
xss,calc,200,0,expr=12%2A104
xss,calc,200,0,expr=792%2A697
xss,calc,200,0,expr=702%2B67
xss,calc,200,0,expr=826.26%2B990
xss,calc,200,0,expr=247.39%2A602
xss,calc,200,0,expr=92%2A911%2F19
xss,calc,200,0,expr=197-785
xss,calc,200,0,expr=193%2A814
xss,calc,200,0,expr=946%2F850
xss,calc,200,0,expr=447%2F586
xss,calc,200,0,expr=590-5
xss,calc,200,0,expr=292-55
xss,calc,200,0,expr=587.94-671
xss,calc,200,0,expr=410%2A296
xss,calc,200,0,expr=407%2B137.94
xss,calc,200,0,expr=106-579.52
xss,calc,200,0,expr=867%2B754%2B71
xss,calc,200,0,expr=336.61-365
xss,calc,200,0,expr=303%2F472
xss,calc,200,0,expr=770%2F997
xss,calc,200,0,expr=355%2F843
xss,calc,200,0,expr=685%2A927%2B51
xss,calc,200,0,expr=725%2A351
xss,calc,200,0,expr=61.18%2B602
xss,calc,200,0,expr=907.97%2F144
xss,calc,200,0,expr=706%2F602%2B45
xss,calc,200,0,expr=561-582
xss,calc,200,0,expr=902%2F768
xss,calc,200,0,expr=11%2A115
xss,calc,200,0,expr=934-267-22
xss,calc,200,0,expr=729%2B147
xss,calc,200,0,expr=581%2A186
xss,calc,200,0,expr=788-615%2A64
xss,calc,200,0,expr=42%2A170.12
xss,calc,200,0,expr=526-792
xss,calc,200,0,expr=781.30%2F711
xss,calc,200,0,expr=524-25
xss,calc,200,0,expr=855%2A250
xss,calc,200,0,expr=326%2F782.98
xss,calc,200,0,expr=400%2F923%2F54
xss,calc,200,0,expr=207-77
xss,calc,200,0,expr=320.11%2A941
xss,calc,200,0,expr=692%2F556
xss,calc,200,0,expr=530-675%2F61
xss,calc,200,0,expr=352-519.76
xss,calc,200,0,expr=55-531
xss,calc,200,0,expr=388-887.67
xss,calc,200,0,expr=913%2A489
xss,calc,200,0,expr=690%2A705
xss,calc,200,0,expr=585%2F143
xss,calc,200,0,expr=80%2B632
xss,calc,200,0,expr=782%2A238
xss,calc,200,0,expr=625%2F635%2B11
xss,calc,200,0,expr=44%2B617
xss,calc,200,0,expr=460%2A163
xss,calc,200,0,expr=98%2F473.99
xss,calc,200,0,expr=815%2B422.11
xss,calc,200,0,expr=47%2A17.19
xss,calc,200,0,expr=829-498
xss,calc,200,0,expr=387%2A354%2A12
xss,calc,200,0,expr=818.7%2A50
xss,calc,200,0,expr=543.93-424
xss,calc,200,0,expr=488%2A953%2A44
xss,calc,200,0,expr=536-168.11
xss,calc,200,0,expr=739.10%2F669
xss,calc,200,0,expr=850-376%2F44
xss,calc,200,0,expr=490%2F717
xss,calc,200,0,expr=6%2F417
xss,calc,200,0,expr=775%2B969
xss,calc,200,0,expr=182%2F303
xss,calc,200,0,expr=575.48%2F622
xss,calc,200,0,expr=489%2A634.82
xss,calc,200,0,expr=849.5%2A843
xss,calc,200,0,expr=353-361.35
xss,calc,200,0,expr=979%2A980
xss,calc,200,0,expr=233%2B246
xss,calc,200,0,expr=349%2F874
xss,calc,200,0,expr=634%2A619-35
xss,calc,200,0,expr=51-458
xss,calc,200,0,expr=658-453
xss,calc,200,0,expr=694%2F773
xss,calc,200,0,expr=791.47-232
xss,calc,200,0,expr=620-905%2B83
xss,calc,200,0,expr=392%2B385
xss,calc,200,0,expr=251.23-263
xss,calc,200,0,expr=657.68%2B322
xss,calc,200,0,expr=546%2B342%2B56
xss,calc,200,0,expr=401%2F167
xss,calc,200,0,expr=459%2F782
xss,calc,200,0,expr=102%2B300.93
xss,calc,200,0,expr=872.77-339
xss,calc,200,0,expr=100-55
xss,calc,200,0,expr=776%2A560-37
xss,calc,200,0,expr=433%2A411
xss,calc,200,0,expr=804%2B591
xss,calc,200,0,expr=881%2B812
xss,calc,200,0,expr=275%2A739
xss,calc,200,0,expr=620%2A724
xss,calc,200,0,expr=412.45-129
xss,calc,200,0,expr=333%2A421
xss,calc,200,0,expr=539.72%2B616
xss,calc,200,0,expr=322%2F389%2F65
xss,calc,200,0,expr=737%2A268%2A63
xss,calc,200,0,expr=834%2B627
xss,calc,200,0,expr=408%2B906%2F98
xss,calc,200,0,expr=849%2B314
xss,calc,200,0,expr=613-503
xss,calc,200,0,expr=150%2A734
xss,calc,200,0,expr=356.36-662
xss,calc,200,0,expr=602%2B323.50
xss,calc,200,0,expr=794%2B681%2B93
xss,calc,200,0,expr=792%2B77
xss,calc,200,0,expr=981%2B267.91
xss,calc,200,0,expr=39%2B854
xss,calc,200,0,expr=699.50%2F257
xss,calc,200,0,expr=625%2A399
xss,calc,200,0,expr=701%2B240
xss,calc,200,0,expr=365.65-54
xss,calc,200,0,expr=61-774
xss,calc,200,0,expr=330.38%2B140
xss,calc,200,0,expr=466.91-180
xss,calc,200,0,expr=950%2B70
xss,calc,200,0,expr=100%2A894-20
xss,calc,200,0,expr=488-706
xss,calc,200,0,expr=96%2F632
xss,calc,200,0,expr=259%2F128.0
xss,calc,200,0,expr=782%2B476%2F88
xss,calc,200,0,expr=583%2B40
xss,calc,200,0,expr=786%2A839
xss,calc,200,0,expr=951.32%2B126
xss,calc,200,0,expr=855%2F673.71
xss,calc,200,0,expr=588%2F485
xss,calc,200,0,expr=534%2F319-99
xss,calc,200,0,expr=301.35-146
xss,calc,200,0,expr=679%2A862%2A93
xss,calc,200,0,expr=204%2F922
xss,calc,200,0,expr=391-714%2B44
xss,calc,200,0,expr=627%2A125%2A68
xss,calc,200,0,expr=46%2B217
xss,calc,200,0,expr=53-205
xss,calc,200,0,expr=179-15
xss,calc,200,0,expr=491%2F630.82
xss,calc,200,0,expr=524%2A234.84
xss,calc,200,0,expr=559%2F64-83
xss,calc,200,0,expr=574%2A728
xss,calc,200,0,expr=451.18%2B664
xss,calc,200,0,expr=303-752
xss,calc,200,0,expr=819%2A520
xss,calc,200,0,expr=791%2F364
xss,calc,200,0,expr=551%2B350
xss,calc,200,0,expr=563.5%2F140
xss,calc,200,0,expr=282%2B344
xss,calc,200,0,expr=264%2B904
xss,calc,200,0,expr=974-89-64
xss,calc,200,0,expr=186%2B104
xss,calc,200,0,expr=222%2B629
xss,calc,200,0,expr=588-802
xss,calc,200,0,expr=927%2B482
xss,calc,200,0,expr=27%2A46-1
xss,calc,200,0,expr=589.19%2F801
xss,calc,200,0,expr=31%2F510
xss,calc,200,0,expr=671.42%2A629
xss,calc,200,0,expr=901%2A369
xss,calc,200,0,expr=20.26%2A839
xss,calc,200,0,expr=532-711
xss,calc,200,0,expr=160%2A597%2B59
xss,calc,200,0,expr=92%2F97.52
xss,calc,200,0,expr=130%2F895
xss,calc,200,0,expr=936%2F367
xss,calc,200,0,expr=435.86%2B545
xss,calc,200,0,expr=531%2B37-14
xss,calc,200,0,expr=748%2B663.18
xss,calc,200,0,expr=40%2B597
xss,calc,200,0,expr=486%2B253
xss,calc,200,0,expr=77%2F999%2A10
xss,calc,200,0,expr=585-689
xss,calc,200,0,expr=239.65%2F584
xss,calc,200,0,expr=127%2B855.56
xss,calc,200,0,expr=735-82
xss,calc,200,0,expr=701.59%2F442
xss,calc,200,0,expr=515.91%2A382
xss,calc,200,0,expr=830%2B2.72
xss,calc,200,0,expr=491.44%2B947
xss,calc,200,0,expr=901-948
xss,calc,200,0,expr=329.42%2B30
xss,calc,200,0,expr=781%2B954%2B79
xss,calc,200,0,expr=750%2F693-8
xss,calc,200,0,expr=827%2A953
xss,calc,200,0,expr=826.31-609
xss,calc,200,0,expr=570-384%2A21
xss,calc,200,0,expr=22%2A102
xss,calc,200,0,expr=296-562-55
xss,calc,200,0,expr=888%2F45
xss,calc,200,0,expr=410%2F734.54
xss,calc,200,0,expr=608-625
xss,calc,200,0,expr=144-579
xss,calc,200,0,expr=356%2F786
xss,calc,200,0,expr=641%2A383.79
xss,calc,200,0,expr=33%2B512
xss,calc,200,0,expr=370%2F595%2F78
xss,calc,200,0,expr=756.87-981
xss,calc,200,0,expr=770-258%2F53
xss,calc,200,0,expr=472.31%2A84
xss,calc,200,0,expr=259%2A436
xss,calc,200,0,expr=448.43%2A809
xss,calc,200,0,expr=938.36%2A643
xss,calc,200,0,expr=757%2B308
xss,calc,200,0,expr=579%2F994%2A3
xss,calc,200,0,expr=799%2A131%2A9
xss,calc,200,0,expr=595%2F669
xss,calc,200,0,expr=282%2A765%2B24
xss,calc,200,0,expr=406-251
xss,calc,200,0,expr=420%2F707
xss,calc,200,0,expr=520%2B69
xss,calc,200,0,expr=697.80%2A585
xss,calc,200,0,expr=598%2B311
xss,calc,200,0,expr=991%2B688
xss,calc,200,0,expr=257-845
xss,calc,200,0,expr=472%2F752%2A50
xss,calc,200,0,expr=350-554-96
xss,calc,200,0,expr=718.38%2A839
xss,calc,200,0,expr=430-177
xss,calc,200,0,expr=27%2A227.91
xss,calc,200,0,expr=676%2B83
xss,calc,200,0,expr=248%2F816
xss,calc,200,0,expr=264-653
xss,calc,200,0,expr=516%2A597
xss,calc,200,0,expr=799.49%2A119
xss,calc,200,0,expr=110%2A4
xss,calc,200,0,expr=459-400%2B70
xss,calc,200,0,expr=146.53%2B756
xss,calc,200,0,expr=355.83%2F703
xss,calc,200,0,expr=628.82%2A857
xss,calc,200,0,expr=110-844
xss,calc,200,0,expr=618%2F991-66
xss,calc,200,0,expr=776-981%2F72
xss,calc,200,0,expr=637%2F685
xss,calc,200,0,expr=760%2F650
xss,calc,200,0,expr=305%2F163
xss,calc,200,0,expr=55%2F359%2B50
xss,calc,200,0,expr=725.12%2B773
xss,calc,200,0,expr=338%2F658-59
xss,calc,200,0,expr=410-375
xss,calc,200,0,expr=755%2B827
xss,calc,200,0,expr=544%2F235
xss,calc,200,0,expr=157%2B970
xss,calc,200,0,expr=387.24%2F285
xss,calc,200,0,expr=396-582%2F35
xss,calc,200,0,expr=858-684-9
xss,calc,200,0,expr=762%2A825%2F19
xss,calc,200,0,expr=555-654
xss,calc,200,0,expr=574-491
xss,calc,200,0,expr=477-795.57
xss,calc,200,0,expr=756-779
xss,calc,200,0,expr=900-504.13
xss,calc,200,0,expr=493%2A685%2B11
xss,calc,200,0,expr=195%2F499%2F64
xss,calc,200,0,expr=319%2F364
xss,calc,200,0,expr=597%2B820
xss,calc,200,0,expr=40%2A790
xss,calc,200,0,expr=17%2A401-35
xss,calc,200,0,expr=49-990
xss,calc,200,0,expr=695%2F575%2B81
xss,calc,200,0,expr=707%2A102
xss,calc,200,0,expr=918-356%2B91
xss,calc,200,0,expr=134%2B893.94
xss,calc,200,0,expr=91%2A750-77
xss,calc,200,0,expr=335%2F920
xss,calc,200,0,expr=304%2F250.56
xss,calc,200,0,expr=119-574
xss,calc,200,0,expr=624-273%2B12
xss,calc,200,0,expr=994%2A504.43
xss,calc,200,0,expr=807%2A128
xss,calc,200,0,expr=294%2A373
xss,calc,200,0,expr=509%2A622
xss,calc,200,0,expr=90.85%2A270
xss,calc,200,0,expr=117%2F680.12
xss,calc,200,0,expr=82%2A686%2F44
xss,calc,200,0,expr=43%2B868
xss,calc,200,0,expr=162-849.57
xss,calc,200,0,expr=428-68%2B91
xss,calc,200,0,expr=312%2F918-68
xss,calc,200,0,expr=469-973
xss,calc,200,0,expr=231%2A331
xss,calc,200,0,expr=273%2A731%2F72
xss,calc,200,0,expr=6%2B781.52
xss,calc,200,0,expr=44%2F892
xss,calc,200,0,expr=775%2F735
xss,calc,200,0,expr=436%2A177%2A57
xss,calc,200,0,expr=203.93%2F528
xss,calc,200,0,expr=287%2B428%2B39
xss,calc,200,0,expr=889%2A545
xss,calc,200,0,expr=810-512%2B22
xss,calc,200,0,expr=994-818
xss,calc,200,0,expr=759%2A620
xss,calc,200,0,expr=642%2B921
xss,calc,200,0,expr=971.79%2A895
xss,calc,200,0,expr=386-554
xss,calc,200,0,expr=627%2A664
xss,calc,200,0,expr=518.19-510
xss,calc,200,0,expr=69.32%2F194
xss,calc,200,0,expr=612%2F404%2B45
xss,calc,200,0,expr=6%2B489
xss,calc,200,0,expr=777%2B299
xss,calc,200,0,expr=883%2F395
xss,calc,200,0,expr=537%2F819%2F32
xss,calc,200,0,expr=922%2A135
xss,calc,200,0,expr=582%2B431
xss,calc,200,0,expr=736%2F763
xss,calc,200,0,expr=262%2A357
xss,calc,200,0,expr=768-418%2F14
xss,calc,200,0,expr=927-792
xss,calc,200,0,expr=681%2A202
xss,calc,200,0,expr=888%2F758-48
xss,calc,200,0,expr=924%2A712%2B56
xss,calc,200,0,expr=394-225.14
xss,calc,200,0,expr=485.8%2F805
xss,calc,200,0,expr=435-278
xss,calc,200,0,expr=414%2F446
xss,calc,200,0,expr=132%2F532
xss,calc,200,0,expr=213.87%2B191
xss,calc,200,0,expr=148.15%2A151
xss,calc,200,0,expr=221.96-446
xss,calc,200,0,expr=339%2A75
xss,calc,200,0,expr=450%2A803.7
xss,calc,200,0,expr=341%2F947
xss,calc,200,0,expr=505.73-767
xss,calc,200,0,expr=815%2B495
xss,calc,200,0,expr=155-608.12
xss,calc,200,0,expr=140%2F1
xss,calc,200,0,expr=146-861%2A3
xss,calc,200,0,expr=429%2A923%2B41
xss,calc,200,0,expr=668.89%2B216
xss,calc,200,0,expr=428%2A253
xss,calc,200,0,expr=337%2A728.97
xss,calc,200,0,expr=951%2F675%2B50
xss,calc,200,0,expr=886.94%2F163
xss,calc,200,0,expr=139-172
xss,calc,200,0,expr=461-886%2A98
xss,calc,200,0,expr=915.73-902
xss,calc,200,0,expr=924%2A811-24
xss,calc,200,0,expr=918%2A508
xss,calc,200,0,expr=868%2B255
xss,calc,200,0,expr=182%2F559%2B2
xss,calc,200,0,expr=168%2A371
xss,calc,200,0,expr=614%2A810.12
xss,calc,200,0,expr=924%2F660
xss,calc,200,0,expr=375%2F145
xss,calc,200,0,expr=742%2A251
xss,calc,200,0,expr=630%2B742
xss,calc,200,0,expr=202%2B490
xss,calc,200,0,expr=723-489%2F19
xss,calc,200,0,expr=89-617
xss,calc,200,0,expr=148%2A938
xss,calc,200,0,expr=829-437
xss,calc,200,0,expr=823%2B222
xss,calc,200,0,expr=105.64%2B229
xss,calc,200,0,expr=750-740-19
xss,calc,200,0,expr=911%2A538%2F83
xss,calc,200,0,expr=613%2F302
xss,calc,200,0,expr=631-380
xss,calc,200,0,expr=796-274
xss,calc,200,0,expr=855%2B704
xss,calc,200,0,expr=426-983
xss,calc,200,0,expr=415%2B584
xss,calc,200,0,expr=779-235
xss,calc,200,0,expr=478.11%2F582
xss,calc,200,0,expr=227%2A231
xss,calc,200,0,expr=197%2B526
xss,calc,200,0,expr=783-162
xss,calc,200,0,expr=44-44
xss,calc,200,0,expr=620%2A409.34
xss,calc,200,0,expr=913%2A684%2B40
xss,calc,200,0,expr=301.51%2F670
xss,calc,200,0,expr=472%2A376
xss,calc,200,0,expr=777-846%2A15
xss,calc,200,0,expr=124%2B942%2F88
xss,calc,200,0,expr=53-3%2A5
xss,calc,200,0,expr=613-435%2A25
xss,calc,200,0,expr=833%2B825-56
xss,calc,200,0,expr=533%2B549
xss,calc,200,0,expr=770%2A143
xss,calc,200,0,expr=476%2A101%2B7
xss,calc,200,0,expr=559%2F833
xss,calc,200,0,expr=77%2F249
xss,calc,200,0,expr=85%2B705
xss,calc,200,0,expr=965%2F416
xss,calc,200,0,expr=69-994
xss,calc,200,0,expr=36%2F331
xss,calc,200,0,expr=193%2A4%2A3
xss,calc,200,0,expr=157%2F288
xss,calc,200,0,expr=658%2F421
xss,calc,200,0,expr=400.42%2F391
xss,calc,200,0,expr=362%2A985
xss,calc,200,0,expr=613%2B335%2B11
xss,calc,200,0,expr=969%2A647
xss,calc,200,0,expr=995%2A625
xss,calc,200,0,expr=95%2B430.60
xss,calc,200,0,expr=136%2A479%2F74
xss,calc,200,0,expr=616%2A346%2B52
xss,calc,200,0,expr=675-323.0
xss,calc,200,0,expr=890%2A712
xss,calc,200,0,expr=357-311%2A58
xss,calc,200,0,expr=773%2A369.10
xss,calc,200,0,expr=760%2B208
xss,calc,200,0,expr=714%2A886%2B14
xss,calc,200,0,expr=775.79%2F613
xss,calc,200,0,expr=394%2A769
xss,calc,200,0,expr=857%2F549%2F40
xss,calc,200,0,expr=287%2B182
xss,calc,200,0,expr=382.76%2F148
xss,calc,200,0,expr=426%2B196
xss,calc,200,0,expr=252-806
xss,calc,200,0,expr=920%2A727
xss,calc,200,0,expr=698-537
xss,calc,200,0,expr=601%2F331
xss,calc,200,0,expr=682%2F273
xss,calc,200,0,expr=125%2B195
xss,calc,200,0,expr=210.94%2A963
xss,calc,200,0,expr=562%2B549
xss,calc,200,0,expr=960%2A730.16
xss,calc,200,0,expr=95%2A631%2B7
xss,calc,200,0,expr=757%2F910
xss,calc,200,0,expr=673%2A65.90
xss,calc,200,0,expr=622.12%2F972
xss,calc,200,0,expr=877%2A229%2F99
xss,calc,200,0,expr=616-340
xss,calc,200,0,expr=699%2F694
xss,calc,200,0,expr=105%2F81%2B1
xss,calc,200,0,expr=852%2B628
xss,calc,200,0,expr=617-542
xss,calc,200,0,expr=751.54%2A314
xss,calc,200,0,expr=860%2A489.20
xss,calc,200,0,expr=892%2A805%2A95
xss,calc,200,0,expr=622-617%2F10
xss,calc,200,0,expr=766%2A543
xss,calc,200,0,expr=12%2B381
xss,calc,200,0,expr=298%2B768.30
xss,calc,200,0,expr=632.29%2A552
xss,calc,200,0,expr=154%2A8
xss,calc,200,0,expr=704%2A655
xss,calc,200,0,expr=224%2A380
xss,calc,200,0,expr=14.62-104
xss,calc,200,0,expr=291%2F356%2B70
xss,calc,200,0,expr=262%2B718%2F50
xss,calc,200,0,expr=542%2B4
xss,calc,200,0,expr=914%2F191
xss,calc,200,0,expr=928%2A925
xss,calc,200,0,expr=89%2B191
xss,calc,200,0,expr=915-215
xss,calc,200,0,expr=475%2A56-30
xss,calc,200,0,expr=276%2B759
xss,calc,200,0,expr=413%2B698.58
xss,calc,200,0,expr=780%2A144
xss,calc,200,0,expr=603-220
xss,calc,200,0,expr=138%2A908
xss,calc,200,0,expr=311-456
xss,calc,200,0,expr=208-110
xss,calc,200,0,expr=453.84-612
xss,calc,200,0,expr=640%2A831
xss,calc,200,0,expr=352%2A398
xss,calc,200,0,expr=1%2B68
xss,calc,200,0,expr=160.40%2A602
xss,calc,200,0,expr=317.44%2F812
xss,calc,200,0,expr=684-282
xss,calc,200,0,expr=437.5-800
xss,calc,200,0,expr=437%2F600
xss,calc,200,0,expr=167%2B639%2A85
xss,calc,200,0,expr=740%2B986
xss,calc,200,0,expr=129-225%2B19
xss,calc,200,0,expr=715%2F67%2A3
xss,calc,200,0,expr=995.47%2B434
xss,calc,200,0,expr=438-810
xss,calc,200,0,expr=361-340
xss,calc,200,0,expr=328%2A785-14
xss,calc,200,0,expr=791.67-640
xss,calc,200,0,expr=18%2B828.8
xss,calc,200,0,expr=789.5%2F973
xss,calc,200,0,expr=644%2A412%2B78
xss,calc,200,0,expr=390%2B823
xss,calc,200,0,expr=458%2B333
xss,calc,200,0,expr=469%2F401%2F22
xss,calc,200,0,expr=191%2F869%2A52
xss,calc,200,0,expr=457%2F803
xss,calc,200,0,expr=705%2A240.81
xss,calc,200,0,expr=17.93%2A514
xss,calc,200,0,expr=148%2A785%2B88
xss,calc,200,0,expr=88.76%2B138
xss,calc,200,0,expr=151%2F308
xss,calc,200,0,expr=796%2B344%2A58
xss,calc,200,0,expr=712.45%2A485
xss,calc,200,0,expr=579%2B442
xss,calc,200,0,expr=56-465
xss,calc,200,0,expr=581-340
xss,calc,200,0,expr=371%2F349%2B1
xss,calc,200,0,expr=765-260%2B74
xss,calc,200,0,expr=423.63%2F352
xss,calc,200,0,expr=508%2B212%2B79
xss,calc,200,0,expr=965%2F739%2F6
xss,calc,200,0,expr=645%2A275.76
xss,calc,200,0,expr=169%2A253-53
xss,calc,200,0,expr=158-702%2B42
xss,calc,200,0,expr=430.7%2F855
xss,calc,200,0,expr=737%2F643%2F60
xss,calc,200,0,expr=899%2B692.14
xss,calc,200,0,expr=220%2A107
xss,calc,200,0,expr=160%2B895
xss,calc,200,0,expr=922%2F475%2A98
xss,calc,200,0,expr=814%2B203.18
xss,calc,200,0,expr=419-730
xss,calc,200,0,expr=660-315
xss,calc,200,0,expr=474.20%2B621
xss,calc,200,0,expr=183%2F936.21
xss,calc,200,0,expr=919%2B353.18
xss,calc,200,0,expr=664%2F620-15
xss,calc,200,0,expr=1.76%2A258
xss,calc,200,0,expr=242%2A423
xss,calc,200,0,expr=348-394%2A55
xss,calc,200,0,expr=190.55%2B242
xss,calc,200,0,expr=54.28%2F659
xss,calc,200,0,expr=613%2B499
xss,calc,200,0,expr=806%2B67
xss,calc,200,0,expr=446.49%2F594
xss,calc,200,0,expr=322-362
xss,calc,200,0,expr=97%2F729%2B68
xss,calc,200,0,expr=856-193
xss,calc,200,0,expr=138%2B878%2A82
xss,calc,200,0,expr=584-995
xss,calc,200,0,expr=773%2A164.2
xss,calc,200,0,expr=989.73%2A120
xss,calc,200,0,expr=498-256
xss,calc,200,0,expr=605-782
xss,calc,200,0,expr=479%2B268
xss,calc,200,0,expr=468%2A841%2A21
xss,calc,200,0,expr=543%2B154
xss,calc,200,0,expr=930%2B907
xss,calc,200,0,expr=616.49-905
xss,calc,200,0,expr=94%2B736.55
xss,calc,200,0,expr=2%2F7%2F66
xss,calc,200,0,expr=163%2B432-44
xss,calc,200,0,expr=506%2B353.79
xss,calc,200,0,expr=138%2B415%2F29
xss,calc,200,0,expr=701%2B94.95
xss,calc,200,0,expr=737%2A154.48
xss,calc,200,0,expr=889.26%2F762
xss,calc,200,0,expr=380%2B40
xss,calc,200,0,expr=973-157.64
xss,calc,200,0,expr=159%2F408%2B59
xss,calc,200,0,expr=290-703%2F58
xss,calc,200,0,expr=294%2A250-22
xss,calc,200,0,expr=211%2B790
xss,calc,200,0,expr=715%2F556%2F53
xss,calc,200,0,expr=877%2F725%2A44
xss,calc,200,0,expr=970%2A738
xss,calc,200,0,expr=701-405
xss,calc,200,0,expr=853-983
xss,calc,200,0,expr=625%2B666.98
xss,calc,200,0,expr=812.65%2B287
xss,calc,200,0,expr=293%2B588
xss,calc,200,0,expr=655.25%2A191
xss,calc,200,0,expr=776%2F267
xss,calc,200,0,expr=548%2F111.94
xss,calc,200,0,expr=969%2A769
xss,calc,200,0,expr=547.70%2A128
xss,calc,200,0,expr=681%2A988.48
xss,calc,200,0,expr=408%2B634%2B26
xss,calc,200,0,expr=992-590
xss,calc,200,0,expr=212-399
xss,calc,200,0,expr=25%2F504
xss,calc,200,0,expr=675%2A603.89
xss,calc,200,0,expr=558-50%2B26
xss,calc,200,0,expr=238%2B893
xss,calc,200,0,expr=327%2F915.63
xss,calc,200,0,expr=479%2F558.1
xss,calc,200,0,expr=449%2F509
xss,calc,200,0,expr=578%2B574.52
xss,calc,200,0,expr=835%2A898.78
xss,calc,200,0,expr=28%2B757
xss,calc,200,0,expr=792-386
xss,calc,200,0,expr=112-553
xss,calc,200,0,expr=471.69-421
xss,calc,200,0,expr=570%2A715%2A23
xss,calc,200,0,expr=981-285.53
xss,calc,200,0,expr=587.33%2A560
xss,calc,200,0,expr=796%2B622%2F69
xss,calc,200,0,expr=174%2A674
xss,calc,200,0,expr=255.22-616
xss,calc,200,0,expr=494%2B180%2B49
xss,calc,200,0,expr=936%2F418
xss,calc,200,0,expr=741-184
xss,calc,200,0,expr=854%2F923
xss,calc,200,0,expr=746%2B867.30
xss,calc,200,0,expr=977-137
xss,calc,200,0,expr=188%2A909-64
xss,calc,200,0,expr=85.49%2A474
xss,calc,200,0,expr=744%2A985
xss,calc,200,0,expr=485%2B389%2A99
xss,calc,200,0,expr=410%2B275
xss,calc,200,0,expr=701%2B132%2F87
xss,calc,200,0,expr=331%2B980
xss,calc,200,0,expr=491%2F942.68
xss,calc,200,0,expr=260%2F615
xss,calc,200,0,expr=331%2B673%2F79
xss,calc,200,0,expr=488-203
xss,calc,200,0,expr=980%2A316%2F44
xss,calc,200,0,expr=470%2F537
xss,calc,200,0,expr=835%2A23
xss,calc,200,0,expr=195%2B636-76
xss,calc,200,0,expr=602%2A175
xss,calc,200,0,expr=811%2B703
xss,calc,200,0,expr=336%2F787%2A71
xss,calc,200,0,expr=858-698%2A25
xss,calc,200,0,expr=176%2F587%2F95
xss,calc,200,0,expr=781.21-613
xss,calc,200,0,expr=231%2F189%2B43
xss,calc,200,0,expr=51-375
xss,calc,200,0,expr=647-681
xss,calc,200,0,expr=179%2F595
xss,calc,200,0,expr=200.20-175
xss,calc,200,0,expr=673%2F133
xss,calc,200,0,expr=774%2F41
xss,calc,200,0,expr=527%2A291.33
xss,calc,200,0,expr=561-244
xss,calc,200,0,expr=647-696
xss,calc,200,0,expr=945%2B391
xss,calc,200,0,expr=403.46%2B696
xss,calc,200,0,expr=88-908
xss,calc,200,0,expr=179%2B924%2A21
xss,calc,200,0,expr=69%2F260%2A16
xss,calc,200,0,expr=608%2A140%2B71
xss,calc,200,0,expr=902-831
xss,calc,200,0,expr=426.40%2F768
xss,calc,200,0,expr=147%2B561.14
xss,calc,200,0,expr=944-180
xss,calc,200,0,expr=758%2F233%2B43
xss,calc,200,0,expr=521-879%2B10
xss,calc,200,0,expr=899-481.82
xss,calc,200,0,expr=448-397
xss,calc,200,0,expr=348%2A538%2A34
xss,calc,200,0,expr=334.47%2F750
xss,calc,200,0,expr=587%2B388
xss,calc,200,0,expr=419%2F30
xss,calc,200,0,expr=467%2A891.34
xss,calc,200,0,expr=498%2F670.54
xss,calc,200,0,expr=744%2A175%2F83
xss,calc,200,0,expr=666%2A827.38
xss,calc,200,0,expr=126%2A953-86
xss,calc,200,0,expr=31%2B665.42
xss,calc,200,0,expr=2%2B493
xss,calc,200,0,expr=194-652%2A24
xss,calc,200,0,expr=191-654
xss,calc,200,0,expr=302.39-22
xss,calc,200,0,expr=811.95%2B238
xss,calc,200,0,expr=204%2A694.32
xss,calc,200,0,expr=611%2B115
xss,calc,200,0,expr=486.59-850
xss,calc,200,0,expr=292-441
xss,calc,200,0,expr=743.16%2A383
xss,calc,200,0,expr=933-593
xss,calc,200,0,expr=891%2A803
xss,calc,200,0,expr=949%2F911
xss,calc,200,0,expr=865%2B548.22
xss,calc,200,0,expr=50%2B969
xss,calc,200,0,expr=396.88-776
xss,calc,200,0,expr=729%2F613.33
xss,calc,200,0,expr=228-907%2A99
xss,calc,200,0,expr=367.47%2F761
xss,calc,200,0,expr=435-782%2A19
xss,calc,200,0,expr=946.28%2F323
xss,calc,200,0,expr=256%2F287.7
xss,calc,200,0,expr=260%2F600
xss,calc,200,0,expr=186%2B126
xss,calc,200,0,expr=634%2A738
xss,calc,200,0,expr=192.92%2F546
xss,calc,200,0,expr=954%2F452%2B24
xss,calc,200,0,expr=697%2A219
xss,calc,200,0,expr=536.22%2B667
xss,calc,200,0,expr=735-719%2F71
xss,calc,200,0,expr=364%2F618.2
xss,calc,200,0,expr=873%2B472%2F67
xss,calc,200,0,expr=219%2B238
xss,calc,200,0,expr=478%2F730-27
xss,calc,200,0,expr=267%2B621
xss,calc,200,0,expr=364%2B370.55
xss,calc,200,0,expr=173%2B190%2B73
xss,calc,200,0,expr=211%2A455
xss,calc,200,0,expr=863.32%2A742
xss,calc,200,0,expr=820-546
xss,calc,200,0,expr=21.60%2F665
xss,calc,200,0,expr=566%2F732
xss,calc,200,0,expr=605%2B531
xss,calc,200,0,expr=493.37%2F848
xss,calc,200,0,expr=229.74%2F349
xss,calc,200,0,expr=622%2A226
xss,calc,200,0,expr=444%2B782-86
xss,calc,200,0,expr=915-412
xss,calc,200,0,expr=893-452
xss,calc,200,0,expr=455-680
xss,calc,200,0,expr=571%2B719
xss,calc,200,0,expr=640%2B453
xss,calc,200,0,expr=674%2F776-1
xss,calc,200,0,expr=187.65-408
xss,calc,200,0,expr=856%2F878
xss,calc,200,0,expr=195%2A704-92
xss,calc,200,0,expr=761.25%2A956
xss,calc,200,0,expr=337%2F963%2B64
xss,calc,200,0,expr=424%2F110
xss,calc,200,0,expr=975%2A606
xss,calc,200,0,expr=281%2A575
xss,calc,200,0,expr=299-315.72
xss,calc,200,0,expr=707%2B23
xss,calc,200,0,expr=850.35-979
xss,calc,200,0,expr=215.70%2A572
xss,calc,200,0,expr=924-131.90
xss,calc,200,0,expr=223-730
xss,calc,200,0,expr=363.58%2A662
xss,calc,200,0,expr=753%2B78-72
xss,calc,200,0,expr=891%2B141.46
xss,calc,200,0,expr=987%2F893
xss,calc,200,0,expr=205-604
xss,calc,200,0,expr=317%2B556%2B82
xss,calc,200,0,expr=25-166
xss,calc,200,0,expr=529%2F15.53
xss,calc,200,0,expr=684%2B380%2B89
xss,calc,200,0,expr=256%2A232
xss,calc,200,0,expr=911-902.83
xss,calc,200,0,expr=513%2A657
xss,calc,200,0,expr=375%2F635.60
xss,calc,200,0,expr=130%2B825
xss,calc,200,0,expr=230%2B8
xss,calc,200,0,expr=854-712.28
xss,calc,200,0,expr=234.22%2B707
xss,calc,200,0,expr=988-557
xss,calc,200,0,expr=575-612
xss,calc,200,0,expr=938%2A924.71
xss,calc,200,0,expr=443%2B825
xss,calc,200,0,expr=577.98%2B60
xss,calc,200,0,expr=950.14-94
xss,calc,200,0,expr=733%2F298.76
xss,calc,200,0,expr=496%2F879
xss,calc,200,0,expr=988%2F737%2B38
xss,calc,200,0,expr=548%2F757
xss,calc,200,0,expr=759.99-411
xss,calc,200,0,expr=555%2B761%2A20
xss,calc,200,0,expr=87-548
xss,calc,200,0,expr=403%2B123%2F58
xss,calc,200,0,expr=465-238
xss,calc,200,0,expr=317-576.66
xss,calc,200,0,expr=969%2B869%2F30
xss,calc,200,0,expr=241-385.48
xss,calc,200,0,expr=807.77%2B646
xss,calc,200,0,expr=348.67%2A463
xss,calc,200,0,expr=882.24%2F492
xss,calc,200,0,expr=644%2F199
xss,calc,200,0,expr=210%2B148
xss,calc,200,0,expr=328%2F331
xss,calc,200,0,expr=864%2A376%2B90
xss,calc,200,0,expr=430.45%2B683
xss,calc,200,0,expr=701%2B864.10
xss,calc,200,0,expr=445%2F677
xss,calc,200,0,expr=521-380%2B6
xss,calc,200,0,expr=619-766.15
xss,calc,200,0,expr=946%2B49.98
xss,calc,200,0,expr=560%2B984.43
xss,calc,200,0,expr=911-542.55
xss,calc,200,0,expr=276%2A813
xss,calc,200,0,expr=226%2B43
xss,calc,200,0,expr=12%2A941%2F16
xss,calc,200,0,expr=85.19%2F816
xss,calc,200,0,expr=91-120.93
xss,calc,200,0,expr=488%2F838
xss,calc,200,0,expr=896%2A57%2F27
xss,calc,200,0,expr=67%2B408%2F4
xss,calc,200,0,expr=49.37%2B145
xss,calc,200,0,expr=510%2A198%2F79
xss,calc,200,0,expr=781-40
xss,calc,200,0,expr=742%2B457.55
xss,calc,200,0,expr=87%2F482
xss,calc,200,0,expr=167%2A405%2F76
xss,calc,200,0,expr=311%2B631%2A32
xss,calc,200,0,expr=7.2%2B639
xss,calc,200,0,expr=389%2F768
xss,calc,200,0,expr=596-903
xss,calc,200,0,expr=426-96%2B43
xss,calc,200,0,expr=791%2A563%2A13
xss,calc,200,0,expr=525%2A743
xss,calc,200,0,expr=744.46%2A935
xss,calc,200,0,expr=120%2F854.64
xss,calc,200,0,expr=55.22%2A389
xss,calc,200,0,expr=742.12%2F851
xss,calc,200,0,expr=554-366
xss,calc,200,0,expr=787.5%2B216
xss,calc,200,0,expr=369%2F391
xss,calc,200,0,expr=874%2A32%2B2
xss,calc,200,0,expr=426-166.93
xss,calc,200,0,expr=654%2A253
xss,calc,200,0,expr=225%2A769
xss,calc,200,0,expr=993.5%2A468
xss,calc,200,0,expr=432.73%2F437
xss,calc,200,0,expr=462-772%2B88
xss,calc,200,0,expr=521%2B115.0
xss,calc,200,0,expr=475%2F890.19
xss,calc,200,0,expr=791-658%2B81
xss,calc,200,0,expr=860.28%2A800
xss,calc,200,0,expr=461.98%2A399
xss,calc,200,0,expr=436%2F577
xss,calc,200,0,expr=29%2F198%2F48
xss,calc,200,0,expr=538-955
xss,calc,200,0,expr=779%2B336
xss,calc,200,0,expr=571-270%2F85
xss,calc,200,0,expr=977%2B180.23
xss,calc,200,0,expr=152%2A341%2F95
xss,calc,200,0,expr=984%2B743.79
xss,calc,200,0,expr=286%2F51.37
xss,calc,200,0,expr=653%2A975%2B19
xss,calc,200,0,expr=811-613%2B81
xss,calc,200,0,expr=402.72%2F496
xss,calc,200,0,expr=259-557
xss,calc,200,0,expr=245%2F718
xss,calc,200,0,expr=185-230%2B42
xss,calc,200,0,expr=926%2F450
xss,calc,200,0,expr=893%2A774%2F31
xss,calc,200,0,expr=18%2F800
xss,calc,200,0,expr=259-4
xss,calc,200,0,expr=641%2F392%2A77
xss,calc,200,0,expr=664%2A134
xss,calc,200,0,expr=690%2F312
xss,calc,200,0,expr=853%2A707%2A76
xss,calc,200,0,expr=206%2B233
xss,calc,200,0,expr=818%2A437
xss,calc,200,0,expr=235%2A956
xss,calc,200,0,expr=871%2A936
xss,calc,200,0,expr=33.85-403
xss,calc,200,0,expr=321-954.95
xss,calc,200,0,expr=832%2A730%2A74
xss,calc,200,0,expr=698%2A283.3
xss,calc,200,0,expr=684.18%2B131
xss,calc,200,0,expr=681%2A906%2F82
xss,calc,200,0,expr=407%2B218
xss,calc,200,0,expr=879-345
xss,calc,200,0,expr=325-480
xss,calc,200,0,expr=586%2B821
xss,calc,200,0,expr=237.93%2B256
xss,calc,200,0,expr=729.47%2A352
xss,calc,200,0,expr=224%2A217.22
xss,calc,200,0,expr=557-700
xss,calc,200,0,expr=956%2F845
xss,calc,200,0,expr=503.17-871
xss,calc,200,0,expr=46-160
xss,calc,200,0,expr=951%2A236-26
xss,calc,200,0,expr=271%2A95%2A75
xss,calc,200,0,expr=929%2A246-45
xss,calc,200,0,expr=332.5%2B580
xss,calc,200,0,expr=226%2B653
xss,calc,200,0,expr=560.56%2F191
xss,calc,200,0,expr=865-803
xss,calc,200,0,expr=859%2F913
xss,calc,200,0,expr=689.64%2A118
xss,calc,200,0,expr=132%2F589%2B88
xss,calc,200,0,expr=292%2B336
xss,calc,200,0,expr=769%2B323-60
xss,calc,200,0,expr=112-780
xss,calc,200,0,expr=398%2B567-70
xss,calc,200,0,expr=562-843
xss,calc,200,0,expr=774%2F838
xss,calc,200,0,expr=488%2A481.16
xss,calc,200,0,expr=154%2B285-94
xss,calc,200,0,expr=7-279
xss,calc,200,0,expr=394%2F555
xss,calc,200,0,expr=166%2B656%2F6
xss,calc,200,0,expr=231%2F880
xss,calc,200,0,expr=8-176
xss,calc,200,0,expr=466%2A958.65
xss,calc,200,0,expr=460%2B130
xss,calc,200,0,expr=380-374.40
xss,calc,200,0,expr=566.1%2B738
xss,calc,200,0,expr=977%2A246
xss,calc,200,0,expr=240-777
xss,calc,200,0,expr=104%2A58%2F36
xss,calc,200,0,expr=17%2B580
xss,calc,200,0,expr=245-210.97
xss,calc,200,0,expr=520-7
xss,calc,200,0,expr=848%2F269
xss,calc,200,0,expr=999.15%2A469
xss,calc,200,0,expr=786.27%2A174
xss,calc,200,0,expr=446%2B50%2F6
xss,calc,200,0,expr=43.16-713
xss,calc,200,0,expr=483-564%2F90
xss,calc,200,0,expr=655%2F416
xss,calc,200,0,expr=42%2F957.8
xss,calc,200,0,expr=713%2A276.96
xss,calc,200,0,expr=155%2B981
xss,calc,200,0,expr=933%2B936%2B99
xss,calc,200,0,expr=420.41%2F477
xss,calc,200,0,expr=643%2A148
xss,calc,200,0,expr=84%2A542%2B78
xss,calc,200,0,expr=630.24-1
xss,calc,200,0,expr=290%2A789
xss,calc,200,0,expr=867%2A136
xss,calc,200,0,expr=901%2A259%2F24
xss,calc,200,0,expr=714%2B579
xss,calc,200,0,expr=473%2F471
xss,calc,200,0,expr=502%2B327.83
xss,calc,200,0,expr=764%2F894%2F81
xss,calc,200,0,expr=934%2B190
xss,calc,200,0,expr=911%2A22
xss,calc,200,0,expr=638%2B40.39
xss,calc,200,0,expr=23%2A510
xss,calc,200,0,expr=790%2A56
xss,calc,200,0,expr=46%2F283-89
xss,calc,200,0,expr=160-855%2B97
xss,calc,200,0,expr=167-150
xss,calc,200,0,expr=151%2B624.48
xss,calc,200,0,expr=153%2B721
xss,calc,200,0,expr=1%2F438-46
xss,calc,200,0,expr=915%2B813.63
xss,calc,200,0,expr=487-411%2B32
xss,calc,200,0,expr=173-807
xss,calc,200,0,expr=911-482
xss,calc,200,0,expr=846%2A344%2A53
xss,calc,200,0,expr=895.48-143
xss,calc,200,0,expr=744%2A565%2F42
xss,calc,200,0,expr=808%2B983
xss,calc,200,0,expr=716-652
xss,calc,200,0,expr=717.9-127
xss,calc,200,0,expr=976.32%2A180
xss,calc,200,0,expr=289%2B737%2A35
xss,calc,200,0,expr=554%2F965.25
xss,calc,200,0,expr=189%2A329%2A59
xss,calc,200,0,expr=61%2F939.84
xss,calc,200,0,expr=999%2B351%2A79
xss,calc,200,0,expr=510-606
xss,calc,200,0,expr=337%2F663
xss,calc,200,0,expr=421-194-80
xss,calc,200,0,expr=594.55%2F245
xss,calc,200,0,expr=241%2A441%2B70
xss,calc,200,0,expr=763%2A287%2A66
xss,calc,200,0,expr=111%2A960
xss,calc,200,0,expr=272-745%2F9
xss,calc,200,0,expr=741.63%2B735
xss,calc,200,0,expr=678%2F149%2B5
xss,calc,200,0,expr=912%2B570.33
xss,calc,200,0,expr=919.36%2B575
xss,calc,200,0,expr=190%2B116
xss,calc,200,0,expr=844%2A364
xss,calc,200,0,expr=205.10-941
xss,calc,200,0,expr=875-761%2F69
xss,calc,200,0,expr=444%2F346
xss,calc,200,0,expr=967%2F758
xss,calc,200,0,expr=37%2F795
xss,calc,200,0,expr=786%2A640%2F49
xss,calc,200,0,expr=163-103-82
xss,calc,200,0,expr=644-445%2A51
xss,calc,200,0,expr=216%2A404
xss,calc,200,0,expr=588-205%2A57
xss,calc,200,0,expr=351%2A717.11
xss,calc,200,0,expr=976%2B163
xss,calc,200,0,expr=760.23%2A829
xss,calc,200,0,expr=906%2F144
xss,calc,200,0,expr=108.29%2A827
xss,calc,200,0,expr=492-226
xss,calc,200,0,expr=880%2A110
xss,calc,200,0,expr=468%2A870.87
xss,calc,200,0,expr=356%2A637
xss,calc,200,0,expr=232%2B634
xss,calc,200,0,expr=590-98
xss,calc,200,0,expr=114%2A903
xss,calc,200,0,expr=53%2F821%2F16
xss,calc,200,0,expr=401%2A606
xss,calc,200,0,expr=583.40%2F269
xss,calc,200,0,expr=563.18%2F824
xss,calc,200,0,expr=561-972%2F32
xss,calc,200,0,expr=208%2F354.13
xss,calc,200,0,expr=22%2A726%2B89
xss,calc,200,0,expr=815%2F552%2A13
xss,calc,200,0,expr=520%2B378.37
xss,calc,200,0,expr=242.62%2F499
xss,calc,200,0,expr=797%2F659
xss,calc,200,0,expr=544%2A8%2A88
xss,calc,200,0,expr=180.64%2B845
xss,calc,200,0,expr=476.68%2F426
xss,calc,200,0,expr=662-236
xss,calc,200,0,expr=913.98-452
xss,calc,200,0,expr=797%2A270
xss,search,200,0,q=glass+green+desk
xss,search,200,0,q=orange+cap
xss,search,200,0,q=premium+gold+pillow
xss,search,200,0,q=teal+bowl+for+kids
xss,search,200,0,q=leather+sweater
xss,search,200,0,q=purple+sandals
xss,search,200,0,q=modern+navy+monitor
xss,search,200,0,q=beige+earrings
xss,search,200,0,q=lightweight+router
xss,search,200,0,q=wooden+keyboard
xss,search,200,0,q=cotton+gray+rug
xss,search,200,0,q=denim+orange+laptop
xss,search,200,0,q=small+pink+charger
xss,search,200,0,q=glass+jacket
xss,search,200,0,q=linen+blanket
xss,search,200,0,q=foldable+white+tablet
xss,search,200,0,q=maroon+towel
xss,search,200,0,q=teal+hoodie
xss,search,200,0,q=modern+headphones
xss,search,200,0,q=silver+printer+for+women
xss,search,200,0,q=purple+plate
xss,search,200,0,q=black+boots+for+men
xss,search,200,0,q=modern+bottle
xss,search,200,0,q=size+8+black+sneakers
xss,search,200,0,q=plastic+brown+shoes
xss,search,200,0,q=silver+phone
xss,search,200,0,q=blue+chair
xss,search,200,0,q=denim+gray+pillow
xss,search,200,0,q=white+chair
xss,search,200,0,q=suede+jacket
xss,search,200,0,q=premium+bracelet
xss,search,200,0,q=suede+green+monitor
xss,search,200,0,q=navy+backpack
xss,search,200,0,q=modern+rug
xss,search,200,0,q=wireless+gray+speaker
xss,search,200,0,q=lightweight+tent
xss,search,200,0,q=large+olive+bag
xss,search,200,0,q=green+shoes
xss,search,200,0,q=wool+green+sweater
xss,search,200,0,q=pink+ring+for+him
xss,search,200,0,q=premium+orange+chair
xss,search,200,0,q=premium+maroon+basket
xss,search,200,0,q=green+perfume
xss,search,200,0,q=navy+sandals+for+men
xss,search,200,0,q=organic+red+laptop
xss,search,200,0,q=cotton+teal+boots
xss,search,200,0,q=leather+shoes
xss,search,200,0,q=xl+gray+notebook
xss,search,200,0,q=modern+vase
xss,search,200,0,q=wooden+gold+shoes
xss,search,200,0,q=ceramic+maroon+charger
xss,search,200,0,q=organic+sneakers
xss,search,200,0,q=white+bottle
xss,search,200,0,q=navy+boots
xss,search,200,0,q=large+silver+jacket
xss,search,200,0,q=leather+plate
xss,search,200,0,q=foldable+desk
xss,search,200,0,q=yellow+cap
xss,search,200,0,q=gold+mug
xss,search,200,0,q=orange+shoes
xss,search,200,0,q=vintage+teal+sweater
xss,search,200,0,q=maroon+skirt
xss,search,200,0,q=purple+sneakers
xss,search,200,0,q=foldable+bowl
xss,search,200,0,q=organic+scarf
xss,search,200,0,q=denim+keyboard
xss,search,200,0,q=wool+gloves
xss,search,200,0,q=pink+earrings
xss,search,200,0,q=blue+phone
xss,search,200,0,q=purple+earrings
xss,search,200,0,q=orange+towel
xss,search,200,0,q=white+cable
xss,search,200,0,q=modern+ring
xss,search,200,0,q=portable+earrings
xss,search,200,0,q=plastic+plate
xss,search,200,0,q=leather+silver+scarf
xss,search,200,0,q=phone
xss,search,200,0,q=denim+sunglasses
xss,search,200,0,q=leather+purple+clock
xss,search,200,0,q=wooden+navy+gloves
xss,search,200,0,q=cable
xss,search,200,0,q=bamboo+perfume
xss,search,200,0,q=bamboo+kettle
xss,search,200,0,q=yellow+tent+for+men
xss,search,200,0,q=premium+soap
xss,search,200,0,q=large+olive+necklace
xss,search,200,0,q=red+ring
xss,search,200,0,q=bag
xss,search,200,0,q=pink+printer+for+women
xss,search,200,0,q=olive+cable
xss,search,200,0,q=white+gloves
xss,search,200,0,q=green+chair
xss,search,200,0,q=brown+skirt
xss,search,200,0,q=purple+vase
xss,search,200,0,q=teal+boots
xss,search,200,0,q=size+12+silver+pillow
xss,search,200,0,q=wool+red+hoodie
xss,search,200,0,q=suede+backpack
xss,search,200,0,q=size+8+blue+hat
xss,search,200,0,q=lightweight+printer
xss,search,200,0,q=silver+tent
xss,search,200,0,q=gray+phone
xss,search,200,0,q=organic+pink+blanket
xss,search,200,0,q=black+plate+for+men
xss,search,200,0,q=eco+green+printer
xss,search,200,0,q=leather+olive+router
xss,search,200,0,q=maroon+speaker
xss,search,200,0,q=pink+mug
xss,search,200,0,q=waterproof+orange+monitor
xss,search,200,0,q=large+brown+router
xss,search,200,0,q=lightweight+teal+cable
xss,search,200,0,q=wireless+black+sunglasses
xss,search,200,0,q=organic+gray+desk
xss,search,200,0,q=olive+wallet+for+women
xss,search,200,0,q=orange+kettle
xss,search,200,0,q=wooden+vase
xss,search,200,0,q=organic+boots
xss,search,200,0,q=silver+monitor+for+her
xss,search,200,0,q=glass+white+tablet
xss,search,200,0,q=brown+phone+for+men
xss,search,200,0,q=waterproof+vase
xss,search,200,0,q=wireless+purple+kettle
xss,search,200,0,q=large+yellow+hoodie
xss,search,200,0,q=teal+laptop
xss,search,200,0,q=green+watch
xss,search,200,0,q=olive+jacket
xss,search,200,0,q=modern+silver+bag
xss,search,200,0,q=medium+silver+mirror
xss,search,200,0,q=eco+socks
xss,search,200,0,q=denim+red+gloves
xss,search,200,0,q=pink+wallet
xss,search,200,0,q=bamboo+yellow+boots
xss,search,200,0,q=bamboo+rug
xss,search,200,0,q=organic+pink+shirt
xss,search,200,0,q=lightweight+gold+mouse
xss,search,200,0,q=denim+router
xss,search,200,0,q=portable+beige+headphones
xss,search,200,0,q=xl+olive+mouse
xss,search,200,0,q=maroon+hoodie
xss,search,200,0,q=size+10+yellow+printer
xss,search,200,0,q=white+cap
xss,search,200,0,q=waterproof+notebook
xss,search,200,0,q=foldable+plate
xss,search,200,0,q=vintage+basket
xss,search,200,0,q=foldable+sandals
xss,search,200,0,q=waterproof+bracelet
xss,search,200,0,q=large+olive+charger
xss,search,200,0,q=maroon+kettle
xss,search,200,0,q=linen+gold+sunglasses
xss,search,200,0,q=size+10+olive+sweater
xss,search,200,0,q=purple+cap
xss,search,200,0,q=pink+jacket+for+men
xss,search,200,0,q=suede+maroon+hoodie
xss,search,200,0,q=eco+mouse
xss,search,200,0,q=suede+charger
xss,search,200,0,q=teal+belt
xss,search,200,0,q=beige+kettle
xss,search,200,0,q=beige+skirt
xss,search,200,0,q=wool+plate
xss,search,200,0,q=green+desk+for+women
xss,search,200,0,q=beige+pillow
xss,search,200,0,q=gold+laptop
xss,search,200,0,q=glass+silver+sneakers
xss,search,200,0,q=wireless+silver+watch
xss,search,200,0,q=yellow+skirt
xss,search,200,0,q=foldable+green+plate
xss,search,200,0,q=purple+chair
xss,search,200,0,q=maroon+desk
xss,search,200,0,q=denim+orange+soap
xss,search,200,0,q=leather+cap
xss,search,200,0,q=beige+sandals
xss,search,200,0,q=linen+laptop
xss,search,200,0,q=vintage+white+backpack
xss,search,200,0,q=gold+socks
xss,search,200,0,q=olive+hoodie
xss,search,200,0,q=glass+navy+camera
xss,search,200,0,q=denim+hoodie
xss,search,200,0,q=wool+olive+jacket
xss,search,200,0,q=plastic+pink+scarf
xss,search,200,0,q=gold+basket
xss,search,200,0,q=plastic+purple+notebook
xss,search,200,0,q=linen+router
xss,search,200,0,q=silver+wallet
xss,search,200,0,q=blue+lamp+for+kids
xss,search,200,0,q=cotton+gray+speaker
xss,search,200,0,q=beige+watch+for+men
xss,search,200,0,q=red+pillow
xss,search,200,0,q=brown+bottle
xss,search,200,0,q=green+backpack
xss,search,200,0,q=organic+brown+dress
xss,search,200,0,q=portable+scarf
xss,search,200,0,q=maroon+shoes
xss,search,200,0,q=red+vase
xss,search,200,0,q=foldable+green+phone
xss,search,200,0,q=brown+perfume+for+her
xss,search,200,0,q=ceramic+cable
xss,search,200,0,q=denim+soap
xss,search,200,0,q=ceramic+silver+boots
xss,search,200,0,q=modern+laptop
xss,search,200,0,q=large+purple+socks
xss,search,200,0,q=steel+white+earrings
xss,search,200,0,q=steel+orange+necklace
xss,search,200,0,q=silver+laptop
xss,search,200,0,q=ceramic+navy+bracelet
xss,search,200,0,q=purple+mouse+for+her
xss,search,200,0,q=portable+olive+keyboard
xss,search,200,0,q=size+10+beige+bracelet
xss,search,200,0,q=modern+teal+candle
xss,search,200,0,q=cotton+shirt
xss,search,200,0,q=bamboo+black+sneakers
xss,search,200,0,q=glass+yellow+watch
xss,search,200,0,q=yellow+bag
xss,search,200,0,q=ceramic+gray+tent
xss,search,200,0,q=orange+bracelet
xss,search,200,0,q=large+olive+notebook
xss,search,200,0,q=pink+shoes+for+kids
xss,search,200,0,q=foldable+teal+boots
xss,search,200,0,q=organic+beige+hoodie
xss,search,200,0,q=beige+sneakers
xss,search,200,0,q=size+10+red+mug
xss,search,200,0,q=waterproof+belt
xss,search,200,0,q=steel+phone
xss,search,200,0,q=glass+teal+lamp
xss,search,200,0,q=gold+socks+for+her
xss,search,200,0,q=navy+hoodie
xss,search,200,0,q=laptop
xss,search,200,0,q=glass+mouse
xss,search,200,0,q=orange+necklace+for+kids
xss,search,200,0,q=white+tent
xss,search,200,0,q=green+rug
xss,search,200,0,q=modern+yellow+boots
xss,search,200,0,q=green+necklace+for+kids
xss,search,200,0,q=ceramic+ring
xss,search,200,0,q=size+10+purple+bottle
xss,search,200,0,q=gray+mirror
xss,search,200,0,q=green+towel
xss,search,200,0,q=silver+lamp
xss,search,200,0,q=navy+gloves+for+women
xss,search,200,0,q=gray+bowl
xss,search,200,0,q=brown+mouse
xss,search,200,0,q=size+8+green+bracelet
xss,search,200,0,q=yellow+backpack+for+kids
xss,search,200,0,q=cotton+orange+wallet
xss,search,200,0,q=blue+watch
xss,search,200,0,q=teal+blanket
xss,search,200,0,q=gray+clock+for+men
xss,search,200,0,q=white+sneakers+for+her
xss,search,200,0,q=premium+bag
xss,search,200,0,q=vintage+speaker
xss,search,200,0,q=yellow+mouse
xss,search,200,0,q=purple+keyboard+for+her
xss,search,200,0,q=maroon+dress
xss,search,200,0,q=plastic+blue+desk
xss,search,200,0,q=denim+red+soap
xss,search,200,0,q=beige+wallet+for+men
xss,search,200,0,q=vintage+candle
xss,search,200,0,q=pink+bag+for+her
xss,search,200,0,q=teal+scarf
xss,search,200,0,q=clock
xss,search,200,0,q=green+monitor
xss,search,200,0,q=lightweight+gold+ring
xss,search,200,0,q=gray+sweater+for+women
xss,search,200,0,q=pink+perfume+for+kids
xss,search,200,0,q=brown+router
xss,search,200,0,q=maroon+headphones
xss,search,200,0,q=modern+pillow
xss,search,200,0,q=denim+silver+hat
xss,search,200,0,q=orange+mirror
xss,search,200,0,q=mug
xss,search,200,0,q=orange+hoodie+for+him
xss,search,200,0,q=foldable+cable
xss,search,200,0,q=premium+silver+desk
xss,search,200,0,q=eco+bracelet
xss,search,200,0,q=brown+clock
xss,search,200,0,q=wooden+gloves
xss,search,200,0,q=portable+boots
xss,search,200,0,q=large+pink+sunglasses
xss,search,200,0,q=maroon+skirt+for+kids
xss,search,200,0,q=small+gold+monitor
xss,search,200,0,q=size+12+red+socks
xss,search,200,0,q=gold+ring
xss,search,200,0,q=green+boots+for+women
xss,search,200,0,q=plastic+orange+bracelet
xss,search,200,0,q=beige+wallet
xss,search,200,0,q=denim+silver+phone
xss,search,200,0,q=medium+white+boots
xss,search,200,0,q=blue+headphones+for+him
xss,search,200,0,q=wireless+pillow
xss,search,200,0,q=wooden+green+shoes
xss,search,200,0,q=maroon+belt+for+women
xss,search,200,0,q=silver+headphones
xss,search,200,0,q=size+10+white+chair
xss,search,200,0,q=premium+beige+hoodie
xss,search,200,0,q=navy+sweater
xss,search,200,0,q=small+black+candle
xss,search,200,0,q=large+yellow+headphones
xss,search,200,0,q=wireless+beige+bottle
xss,search,200,0,q=ceramic+earrings
xss,search,200,0,q=beige+soap+for+men
xss,search,200,0,q=wooden+shoes
xss,search,200,0,q=denim+cap
xss,search,200,0,q=black+gloves
xss,search,200,0,q=premium+perfume
xss,search,200,0,q=beige+tent
xss,search,200,0,q=gray+headphones
xss,search,200,0,q=brown+keyboard
xss,search,200,0,q=lightweight+green+sandals
xss,search,200,0,q=medium+olive+bracelet
xss,search,200,0,q=gold+bracelet
xss,search,200,0,q=plastic+phone
xss,search,200,0,q=leather+wallet
xss,search,200,0,q=olive+headphones+for+men
xss,search,200,0,q=olive+bag
xss,search,200,0,q=small+orange+camera
xss,search,200,0,q=vintage+orange+shoes
xss,search,200,0,q=lightweight+gray+cap
xss,search,200,0,q=eco+maroon+router
xss,search,200,0,q=wireless+purple+dress
xss,search,200,0,q=olive+sweater+for+kids
xss,search,200,0,q=bamboo+white+shoes
xss,search,200,0,q=premium+green+pillow
xss,search,200,0,q=green+sneakers+for+him
xss,search,200,0,q=leather+hoodie
xss,search,200,0,q=navy+desk
xss,search,200,0,q=gray+bracelet
xss,search,200,0,q=plastic+brown+boots
xss,search,200,0,q=organic+pink+ring
xss,search,200,0,q=small+gold+backpack
xss,search,200,0,q=vintage+yellow+cap
xss,search,200,0,q=wooden+kettle
xss,search,200,0,q=vintage+gloves
xss,search,200,0,q=belt
xss,search,200,0,q=waterproof+skirt
xss,search,200,0,q=linen+green+scarf
xss,search,200,0,q=gold+bag
xss,search,200,0,q=waterproof+beige+camera
xss,search,200,0,q=steel+sweater
xss,search,200,0,q=pink+cap+for+men
xss,search,200,0,q=brown+router+for+him
xss,search,200,0,q=navy+cable
xss,search,200,0,q=black+clock+for+kids
xss,search,200,0,q=brown+monitor
xss,search,200,0,q=wool+pink+notebook
xss,search,200,0,q=wooden+blue+headphones
xss,search,200,0,q=wireless+bag
xss,search,200,0,q=organic+router
xss,search,200,0,q=size+10+white+tent
xss,search,200,0,q=size+8+purple+bottle
xss,search,200,0,q=yellow+bag+for+kids
xss,search,200,0,q=blue+charger
xss,search,200,0,q=white+gloves+for+him
xss,search,200,0,q=portable+navy+plate
xss,search,200,0,q=wool+camera
xss,search,200,0,q=lightweight+ring
xss,search,200,0,q=linen+bottle
xss,search,200,0,q=modern+orange+socks
xss,search,200,0,q=linen+black+soap
xss,search,200,0,q=green+tablet
xss,search,200,0,q=blue+mouse
xss,search,200,0,q=teal+charger
xss,search,200,0,q=eco+silver+dress
xss,search,200,0,q=vintage+ring
xss,search,200,0,q=cotton+bracelet
xss,search,200,0,q=black+sunglasses+for+men
xss,search,200,0,q=bamboo+purple+vase
xss,search,200,0,q=foldable+keyboard
xss,search,200,0,q=maroon+charger
xss,search,200,0,q=vintage+hat
xss,search,200,0,q=premium+green+ring
xss,search,200,0,q=size+12+brown+phone
xss,search,200,0,q=wireless+gray+bracelet
xss,search,200,0,q=pink+notebook
xss,search,200,0,q=pink+cable
xss,search,200,0,q=black+chair
xss,search,200,0,q=plastic+notebook
xss,search,200,0,q=modern+monitor
xss,search,200,0,q=beige+mug
xss,search,200,0,q=beige+dress
xss,search,200,0,q=cotton+ring
xss,search,200,0,q=lightweight+clock
xss,search,200,0,q=vase
xss,search,200,0,q=maroon+pillow+for+kids
xss,search,200,0,q=linen+brown+sweater
xss,search,200,0,q=purple+wallet
xss,search,200,0,q=orange+sandals
xss,search,200,0,q=gray+shoes
xss,search,200,0,q=glass+pink+socks
xss,search,200,0,q=leather+sunglasses
xss,search,200,0,q=gold+cable+for+her
xss,search,200,0,q=eco+earrings
xss,search,200,0,q=portable+blanket
xss,search,200,0,q=brown+hoodie
xss,search,200,0,q=xl+gold+shoes
xss,search,200,0,q=gray+printer
xss,search,200,0,q=denim+backpack
xss,search,200,0,q=yellow+shirt
xss,search,200,0,q=size+8+red+pillow
xss,search,200,0,q=white+backpack
xss,search,200,0,q=denim+green+scarf
xss,search,200,0,q=wool+soap
xss,search,200,0,q=wool+skirt
xss,search,200,0,q=beige+bottle
xss,search,200,0,q=yellow+chair
xss,search,200,0,q=bamboo+socks
xss,search,200,0,q=gold+desk
xss,search,200,0,q=red+socks+for+her
xss,search,200,0,q=wool+belt
xss,search,200,0,q=brown+belt
xss,search,200,0,q=waterproof+white+shoes
xss,search,200,0,q=orange+candle
xss,search,200,0,q=purple+tent
xss,search,200,0,q=beige+rug
xss,search,200,0,q=wireless+maroon+sandals
xss,search,200,0,q=bamboo+watch
xss,search,200,0,q=scarf
xss,search,200,0,q=teal+cable+for+women
xss,search,200,0,q=eco+navy+earrings
xss,search,200,0,q=orange+lamp
xss,search,200,0,q=glass+bag
xss,search,200,0,q=waterproof+blue+bowl
xss,search,200,0,q=linen+watch
xss,search,200,0,q=waterproof+gray+towel
xss,search,200,0,q=mouse
xss,search,200,0,q=yellow+ring+for+men
xss,search,200,0,q=maroon+laptop
xss,search,200,0,q=navy+necklace
xss,search,200,0,q=cotton+brown+towel
xss,search,200,0,q=silver+monitor
xss,search,200,0,q=teal+dress+for+women
xss,search,200,0,q=waterproof+black+charger
xss,search,200,0,q=blue+bracelet+for+kids
xss,search,200,0,q=white+skirt
xss,search,200,0,q=navy+charger
xss,search,200,0,q=red+towel
xss,search,200,0,q=black+printer
xss,search,200,0,q=gold+kettle+for+her
xss,search,200,0,q=wireless+brown+basket
xss,search,200,0,q=olive+watch
xss,search,200,0,q=red+notebook
xss,search,200,0,q=navy+cap
xss,search,200,0,q=black+mug
xss,search,200,0,q=wool+beige+lamp
xss,search,200,0,q=beige+mouse
xss,search,200,0,q=orange+monitor
xss,search,200,0,q=medium+yellow+speaker
xss,search,200,0,q=glass+charger
xss,search,200,0,q=foldable+mirror
xss,search,200,0,q=wooden+beige+plate
xss,search,200,0,q=red+sneakers
xss,search,200,0,q=tablet
xss,search,200,0,q=small+brown+belt
xss,search,200,0,q=xl+teal+mouse
xss,search,200,0,q=plastic+blue+wallet
xss,search,200,0,q=black+watch+for+him
xss,search,200,0,q=purple+tablet
xss,search,200,0,q=wireless+plate
xss,search,200,0,q=bamboo+wallet
xss,search,200,0,q=gray+soap
xss,search,200,0,q=gold+tablet
xss,search,200,0,q=size+10+red+camera
xss,search,200,0,q=olive+clock
xss,search,200,0,q=portable+orange+bottle
xss,search,200,0,q=wireless+towel
xss,search,200,0,q=eco+sweater
xss,search,200,0,q=organic+purple+hoodie
xss,search,200,0,q=gold+boots
xss,search,200,0,q=leather+backpack
xss,search,200,0,q=olive+kettle+for+her
xss,search,200,0,q=waterproof+shoes
xss,search,200,0,q=maroon+scarf+for+women
xss,search,200,0,q=blue+skirt
xss,search,200,0,q=black+ring
xss,search,200,0,q=waterproof+gray+sandals
xss,search,200,0,q=ceramic+lamp
xss,search,200,0,q=teal+notebook
xss,search,200,0,q=silver+bracelet
xss,search,200,0,q=white+kettle
xss,search,200,0,q=gray+rug
xss,search,200,0,q=modern+navy+notebook
xss,search,200,0,q=red+hat
xss,search,200,0,q=wireless+desk
xss,search,200,0,q=bamboo+earrings
xss,search,200,0,q=bamboo+maroon+socks
xss,search,200,0,q=beige+bowl
xss,search,200,0,q=suede+purple+sunglasses
xss,search,200,0,q=xl+black+jacket
xss,search,200,0,q=maroon+mirror
xss,search,200,0,q=gold+dress
xss,search,200,0,q=plastic+olive+socks
xss,search,200,0,q=steel+brown+sandals
xss,search,200,0,q=gray+hoodie+for+kids
xss,search,200,0,q=pink+sunglasses
xss,search,200,0,q=size+8+olive+mirror
xss,search,200,0,q=white+laptop
xss,search,200,0,q=modern+hoodie
xss,search,200,0,q=suede+tent
xss,search,200,0,q=foldable+white+watch
xss,search,200,0,q=linen+pink+jacket
xss,search,200,0,q=lightweight+mug
xss,search,200,0,q=large+beige+basket
xss,search,200,0,q=black+skirt
xss,search,200,0,q=bamboo+navy+hat
xss,search,200,0,q=silver+sunglasses
xss,search,200,0,q=portable+printer
xss,search,200,0,q=plastic+bottle
xss,search,200,0,q=teal+necklace
xss,search,200,0,q=premium+teal+bracelet
xss,search,200,0,q=linen+charger
xss,search,200,0,q=yellow+candle
xss,search,200,0,q=plastic+router
xss,search,200,0,q=portable+charger
xss,search,200,0,q=eco+white+kettle
xss,search,200,0,q=foldable+dress
xss,search,200,0,q=wool+mouse
xss,search,200,0,q=yellow+printer
xss,search,200,0,q=vintage+green+router
xss,search,200,0,q=size+10+maroon+speaker
xss,search,200,0,q=linen+sandals
xss,search,200,0,q=red+watch
xss,search,200,0,q=gold+kettle+for+kids
xss,search,200,0,q=plastic+purple+shoes
xss,search,200,0,q=steel+orange+cap
xss,search,200,0,q=wireless+gray+mirror
xss,search,200,0,q=steel+desk
xss,search,200,0,q=gold+earrings
xss,search,200,0,q=large+gray+kettle
xss,search,200,0,q=organic+olive+earrings
xss,search,200,0,q=blue+headphones
xss,search,200,0,q=size+8+teal+shoes
xss,search,200,0,q=size+12+yellow+mouse
xss,search,200,0,q=steel+tablet
xss,search,200,0,q=portable+shoes
xss,search,200,0,q=beige+monitor
xss,search,200,0,q=small+orange+mug
xss,search,200,0,q=teal+perfume
xss,search,200,0,q=blue+lamp+for+men
xss,search,200,0,q=green+mouse
xss,search,200,0,q=suede+maroon+tablet
xss,search,200,0,q=waterproof+pink+mirror
xss,search,200,0,q=orange+basket+for+him
xss,search,200,0,q=waterproof+kettle
xss,search,200,0,q=white+hoodie
xss,search,200,0,q=cotton+tent
xss,search,200,0,q=red+boots
xss,search,200,0,q=olive+belt+for+him
xss,search,200,0,q=foldable+yellow+plate
xss,search,200,0,q=purple+printer
xss,search,200,0,q=necklace
xss,search,200,0,q=wooden+dress
xss,search,200,0,q=waterproof+brown+skirt
xss,search,200,0,q=premium+brown+hoodie
xss,search,200,0,q=sweater
xss,search,200,0,q=black+boots+for+her
xss,search,200,0,q=navy+towel
xss,search,200,0,q=suede+vase
xss,search,200,0,q=size+8+black+candle
xss,search,200,0,q=suede+hoodie
xss,search,200,0,q=modern+necklace
xss,search,200,0,q=navy+belt
xss,search,200,0,q=wooden+navy+scarf
xss,search,200,0,q=premium+vase
xss,search,200,0,q=waterproof+necklace
xss,search,200,0,q=maroon+ring+for+women
xss,search,200,0,q=olive+blanket
xss,search,200,0,q=silver+basket
xss,search,200,0,q=red+mirror+for+men
xss,search,200,0,q=maroon+socks
xss,search,200,0,q=olive+phone+for+him
xss,search,200,0,q=steel+printer
xss,search,200,0,q=white+watch
xss,search,200,0,q=small+purple+dress
xss,search,200,0,q=blue+perfume+for+kids
xss,search,200,0,q=denim+socks
xss,search,200,0,q=maroon+earrings
xss,search,200,0,q=teal+jacket+for+him
xss,search,200,0,q=gold+watch
xss,search,200,0,q=denim+pink+chair
xss,search,200,0,q=red+speaker
xss,search,200,0,q=ceramic+sweater
xss,search,200,0,q=green+mirror+for+her
xss,search,200,0,q=silver+soap
xss,search,200,0,q=pink+sneakers+for+kids
xss,search,200,0,q=organic+gold+scarf
xss,search,200,0,q=green+sandals
xss,search,200,0,q=purple+dress
xss,search,200,0,q=wool+blue+sunglasses
xss,search,200,0,q=size+8+orange+mouse
xss,search,200,0,q=silver+printer
xss,search,200,0,q=glass+shoes
xss,search,200,0,q=brown+mirror
xss,search,200,0,q=portable+olive+bowl
xss,search,200,0,q=portable+keyboard
xss,search,200,0,q=bamboo+olive+sandals
xss,search,200,0,q=pink+hoodie
xss,search,200,0,q=navy+speaker+for+him
xss,search,200,0,q=navy+sneakers
xss,search,200,0,q=linen+soap
xss,search,200,0,q=steel+vase
xss,search,200,0,q=size+10+white+bracelet
xss,search,200,0,q=black+jacket
xss,search,200,0,q=wooden+yellow+hoodie
xss,search,200,0,q=pink+ring
xss,search,200,0,q=beige+ring+for+him
xss,search,200,0,q=wooden+pink+candle
xss,search,200,0,q=bamboo+gold+kettle
xss,search,200,0,q=plastic+black+skirt
xss,search,200,0,q=silver+bowl
xss,search,200,0,q=blue+dress+for+kids
xss,search,200,0,q=glass+tent
xss,search,200,0,q=eco+maroon+basket
xss,search,200,0,q=brown+necklace
xss,search,200,0,q=waterproof+maroon+bottle
xss,search,200,0,q=red+sweater+for+her
xss,search,200,0,q=pink+notebook+for+him
xss,search,200,0,q=size+10+teal+blanket
xss,search,200,0,q=xl+navy+gloves
xss,search,200,0,q=orange+gloves
xss,search,200,0,q=navy+earrings
xss,search,200,0,q=green+earrings+for+kids
xss,search,200,0,q=bamboo+bowl
xss,search,200,0,q=modern+printer
xss,search,200,0,q=premium+socks
xss,search,200,0,q=blue+earrings
xss,search,200,0,q=bamboo+gray+bowl
xss,search,200,0,q=cotton+printer
xss,search,200,0,q=maroon+wallet
xss,search,200,0,q=blue+towel
xss,search,200,0,q=bamboo+white+kettle
xss,search,200,0,q=purple+sweater+for+kids
xss,search,200,0,q=vintage+red+shoes
xss,search,200,0,q=wireless+mouse
xss,search,200,0,q=denim+basket
xss,search,200,0,q=olive+candle
xss,search,200,0,q=premium+olive+vase
xss,search,200,0,q=denim+notebook
xss,search,200,0,q=plastic+mirror
xss,search,200,0,q=eco+black+sweater
xss,search,200,0,q=suede+gold+tablet
xss,search,200,0,q=medium+blue+camera
xss,search,200,0,q=denim+red+hoodie
xss,search,200,0,q=beige+shoes+for+kids
xss,search,200,0,q=purple+lamp+for+women
xss,search,200,0,q=large+red+perfume
xss,search,200,0,q=foldable+green+camera
xss,search,200,0,q=purple+gloves+for+her
xss,search,200,0,q=maroon+chair
xss,search,200,0,q=white+belt
xss,search,200,0,q=olive+boots
xss,search,200,0,q=teal+earrings+for+him
xss,search,200,0,q=eco+gold+pillow
xss,search,200,0,q=waterproof+phone
xss,search,200,0,q=vintage+green+sunglasses
xss,search,200,0,q=large+silver+vase
xss,search,200,0,q=brown+kettle
xss,search,200,0,q=orange+mug
xss,search,200,0,q=black+router
xss,search,200,0,q=modern+shoes
xss,search,200,0,q=brown+bracelet
xss,search,200,0,q=foldable+towel
xss,search,200,0,q=premium+silver+rug
xss,search,200,0,q=plastic+pillow
xss,search,200,0,q=beige+tent+for+him
xss,search,200,0,q=silver+speaker+for+him
xss,search,200,0,q=gray+perfume
xss,search,200,0,q=premium+beige+laptop
xss,search,200,0,q=gray+lamp
xss,search,200,0,q=modern+sweater
xss,search,200,0,q=beige+clock+for+him
xss,search,200,0,q=olive+charger+for+him
xss,search,200,0,q=chair
xss,search,200,0,q=wireless+skirt
xss,search,200,0,q=beige+clock
xss,search,200,0,q=beige+plate
xss,search,200,0,q=ceramic+pink+gloves
xss,search,200,0,q=pink+skirt
xss,search,200,0,q=portable+white+backpack
xss,search,200,0,q=size+10+teal+mirror
xss,search,200,0,q=glass+watch
xss,search,200,0,q=denim+white+printer
xss,search,200,0,q=size+12+silver+perfume
xss,search,200,0,q=green+printer
xss,search,200,0,q=glass+sweater
xss,search,200,0,q=premium+teal+gloves
xss,search,200,0,q=cotton+silver+earrings
xss,search,200,0,q=jacket
xss,search,200,0,q=purple+camera
xss,search,200,0,q=beige+sweater
xss,search,200,0,q=orange+sweater+for+men
xss,search,200,0,q=pillow
xss,search,200,0,q=bamboo+printer
xss,search,200,0,q=size+12+beige+sandals
xss,search,200,0,q=glass+towel
xss,search,200,0,q=brown+clock+for+kids
xss,search,200,0,q=waterproof+blue+necklace
xss,search,200,0,q=steel+shirt
xss,search,200,0,q=bamboo+green+jacket
xss,search,200,0,q=medium+gold+rug
xss,search,200,0,q=bowl
xss,search,200,0,q=ceramic+basket
xss,search,200,0,q=leather+green+headphones
xss,search,200,0,q=organic+bracelet
xss,search,200,0,q=steel+pink+clock
xss,search,200,0,q=gray+dress
xss,search,200,0,q=size+12+beige+bottle
xss,search,200,0,q=portable+purple+clock
xss,search,200,0,q=charger
xss,search,200,0,q=waterproof+olive+blanket
xss,search,200,0,q=gold+backpack
xss,search,200,0,q=cotton+lamp
xss,search,200,0,q=foldable+olive+chair
xss,search,200,0,q=maroon+bowl
xss,search,200,0,q=waterproof+hat
xss,search,200,0,q=premium+pink+wallet
xss,search,200,0,q=leather+blue+chair
xss,search,200,0,q=waterproof+red+sandals
xss,search,200,0,q=ring
xss,search,200,0,q=eco+white+camera
xss,search,200,0,q=lightweight+skirt
xss,search,200,0,q=purple+mouse
xss,search,200,0,q=purple+scarf
xss,search,200,0,q=glass+black+lamp
xss,search,200,0,q=maroon+speaker+for+kids
xss,search,200,0,q=beige+camera
xss,search,200,0,q=cotton+brown+skirt
xss,search,200,0,q=gold+watch+for+her
xss,search,200,0,q=size+12+gray+tent
xss,search,200,0,q=green+cable
xss,search,200,0,q=olive+cap
xss,search,200,0,q=brown+bowl
xss,search,200,0,q=portable+skirt
xss,search,200,0,q=premium+maroon+towel
xss,search,200,0,q=blue+keyboard
xss,search,200,0,q=denim+necklace
xss,search,200,0,q=steel+headphones
xss,search,200,0,q=denim+teal+chair
xss,search,200,0,q=eco+backpack
xss,search,200,0,q=portable+olive+rug
xss,search,200,0,q=bamboo+navy+vase
xss,search,200,0,q=portable+mouse
xss,search,200,0,q=gray+cable
xss,search,200,0,q=yellow+bottle+for+her
xss,search,200,0,q=wooden+maroon+mirror
xss,search,200,0,q=steel+socks
xss,search,200,0,q=bracelet
xss,search,200,0,q=navy+candle
xss,search,200,0,q=eco+hoodie
xss,search,200,0,q=silver+bottle
xss,search,200,0,q=gold+tent
xss,search,200,0,q=beige+shirt
xss,search,200,0,q=silver+boots
xss,search,200,0,q=suede+notebook
xss,search,200,0,q=beige+charger+for+her
xss,search,200,0,q=orange+watch
xss,search,200,0,q=yellow+gloves
xss,search,200,0,q=blue+speaker
xss,search,200,0,q=large+maroon+blanket
xss,search,200,0,q=waterproof+ring
xss,search,200,0,q=black+notebook+for+women
xss,search,200,0,q=size+12+black+keyboard
xss,search,200,0,q=bamboo+brown+charger
xss,search,200,0,q=brown+cable
xss,search,200,0,q=xl+green+blanket
xss,search,200,0,q=steel+backpack
xss,search,200,0,q=cotton+soap
xss,search,200,0,q=linen+yellow+sweater
xss,search,200,0,q=medium+gold+socks
xss,search,200,0,q=white+charger
xss,search,200,0,q=lamp
xss,search,200,0,q=green+tent
xss,search,200,0,q=foldable+red+mug
xss,search,200,0,q=blue+bag
xss,search,200,0,q=orange+speaker
xss,search,200,0,q=vintage+maroon+tent
xss,search,200,0,q=navy+tablet+for+men
xss,search,200,0,q=waterproof+silver+bag
xss,search,200,0,q=gold+vase
xss,search,200,0,q=steel+maroon+boots
xss,search,200,0,q=foldable+blue+lamp
xss,search,200,0,q=linen+phone
xss,search,200,0,q=organic+blue+camera
xss,search,200,0,q=steel+tent
xss,search,200,0,q=purple+rug
xss,search,200,0,q=cotton+orange+ring
xss,search,200,0,q=modern+black+rug
xss,search,200,0,q=wireless+beige+keyboard
xss,search,200,0,q=modern+watch
xss,search,200,0,q=plastic+gray+sneakers
xss,search,200,0,q=pink+rug
xss,search,200,0,q=vintage+pink+scarf
xss,search,200,0,q=white+clock
xss,search,200,0,q=pink+monitor
xss,search,200,0,q=olive+mug+for+kids
xss,search,200,0,q=white+ring+for+kids
xss,search,200,0,q=suede+black+headphones
xss,search,200,0,q=bamboo+pink+dress
xss,search,200,0,q=leather+pink+towel
xss,search,200,0,q=modern+blue+sweater
xss,search,200,0,q=eco+silver+chair
xss,search,200,0,q=brown+desk
xss,search,200,0,q=maroon+clock
xss,search,200,0,q=gold+sandals
xss,search,200,0,q=black+bag+for+men
xss,search,200,0,q=ceramic+silver+chair
xss,search,200,0,q=bamboo+purple+towel
xss,search,200,0,q=wireless+gray+laptop
xss,search,200,0,q=denim+towel
xss,search,200,0,q=black+monitor
xss,search,200,0,q=desk
xss,search,200,0,q=white+router+for+him
xss,search,200,0,q=small+brown+boots
xss,search,200,0,q=small+white+belt
xss,search,200,0,q=small+white+mouse
xss,search,200,0,q=white+tent+for+men
xss,search,200,0,q=organic+gray+speaker
xss,search,200,0,q=brown+gloves
xss,search,200,0,q=teal+mouse
xss,search,200,0,q=blue+earrings+for+men
xss,search,200,0,q=foldable+phone
xss,search,200,0,q=suede+phone
xss,search,200,0,q=blue+camera
xss,search,200,0,q=black+hoodie
xss,search,200,0,q=gray+sneakers
xss,search,200,0,q=red+mouse
xss,search,200,0,q=steel+basket
xss,search,200,0,q=glass+black+rug
xss,search,200,0,q=xl+silver+ring
xss,search,200,0,q=large+orange+blanket
xss,search,200,0,q=wool+yellow+basket
xss,search,200,0,q=suede+navy+camera
xss,search,200,0,q=premium+green+camera
xss,search,200,0,q=purple+blanket
xss,search,200,0,q=wireless+brown+cap
xss,search,200,0,q=denim+beige+soap
xss,search,200,0,q=suede+silver+printer
xss,search,200,0,q=blue+sneakers
xss,search,200,0,q=olive+mouse+for+kids
xss,search,200,0,q=modern+gold+cable
xss,search,200,0,q=modern+keyboard
xss,search,200,0,q=gold+bottle
xss,search,200,0,q=small+purple+cap
xss,search,200,0,q=cotton+orange+cap
xss,search,200,0,q=olive+clock+for+men
xss,search,200,0,q=steel+cable
xss,search,200,0,q=linen+black+jacket
xss,search,200,0,q=headphones
xss,search,200,0,q=gloves
xss,search,200,0,q=suede+olive+sandals
xss,search,200,0,q=purple+bracelet
xss,search,200,0,q=eco+pink+notebook
xss,search,200,0,q=black+perfume+for+women
xss,search,200,0,q=red+tablet
xss,search,200,0,q=wooden+gold+hat
xss,search,200,0,q=organic+mug
xss,search,200,0,q=suede+candle
xss,search,200,0,q=orange+router+for+kids
xss,search,200,0,q=waterproof+navy+mouse
xss,search,200,0,q=wireless+orange+dress
xss,search,200,0,q=wooden+backpack
xss,search,200,0,q=lightweight+pink+backpack
xss,search,200,0,q=portable+navy+clock
xss,search,200,0,q=black+sneakers
xss,search,200,0,q=green+hoodie
xss,search,200,0,q=maroon+router
xss,search,200,0,q=white+earrings
xss,search,200,0,q=gray+desk+for+women
xss,search,200,0,q=beige+watch
xss,search,200,0,q=small+white+pillow
xss,search,200,0,q=purple+cable+for+men
xss,search,200,0,q=wooden+bowl
xss,search,200,0,q=purple+boots+for+kids
xss,search,200,0,q=lightweight+hoodie
xss,search,200,0,q=wool+chair
xss,search,200,0,q=white+jacket
xss,search,200,0,q=linen+mouse
xss,search,200,0,q=pink+headphones
xss,search,200,0,q=blue+basket
xss,search,200,0,q=eco+red+soap
xss,search,200,0,q=gold+shoes+for+women
xss,search,200,0,q=orange+scarf
xss,search,200,0,q=organic+desk
xss,search,200,0,q=linen+belt
xss,search,200,0,q=pink+sneakers
xss,search,200,0,q=white+camera
xss,search,200,0,q=maroon+notebook+for+women
xss,search,200,0,q=waterproof+charger
xss,search,200,0,q=large+brown+belt
xss,search,200,0,q=bamboo+backpack
xss,search,200,0,q=wool+clock
xss,search,200,0,q=size+8+red+speaker
xss,search,200,0,q=steel+white+headphones
xss,search,200,0,q=leather+pink+plate
xss,search,200,0,q=printer
xss,search,200,0,q=green+tent+for+women
xss,search,200,0,q=small+green+pillow
xss,search,200,0,q=modern+beige+charger
xss,search,200,0,q=cotton+navy+shirt
xss,search,200,0,q=plastic+red+plate
xss,search,200,0,q=wool+white+sunglasses
xss,search,200,0,q=eco+belt
xss,search,200,0,q=wooden+silver+dress
xss,search,200,0,q=medium+silver+phone
xss,search,200,0,q=olive+charger
xss,search,200,0,q=purple+tent+for+him
xss,search,200,0,q=large+navy+router
xss,search,200,0,q=orange+belt
xss,search,200,0,q=leather+black+hat
xss,search,200,0,q=pink+blanket
xss,search,200,0,q=brown+blanket+for+him
xss,search,200,0,q=plastic+necklace
xss,search,200,0,q=wireless+gold+skirt
xss,search,200,0,q=olive+sweater
xss,search,200,0,q=white+soap
xss,search,200,0,q=blue+monitor
xss,search,200,0,q=plastic+sunglasses
xss,search,200,0,q=small+silver+rug
xss,search,200,0,q=glass+gold+mirror
xss,search,200,0,q=premium+olive+plate
xss,search,200,0,q=beige+socks
xss,search,200,0,q=large+black+bag
xss,search,200,0,q=bamboo+silver+bracelet
xss,search,200,0,q=navy+gloves
xss,search,200,0,q=yellow+shoes
xss,search,200,0,q=silver+cap
xss,search,200,0,q=plastic+blue+bowl
xss,search,200,0,q=purple+desk
xss,search,200,0,q=blue+ring+for+men
xss,search,200,0,q=size+12+teal+hoodie
xss,search,200,0,q=organic+gold+jacket
xss,search,200,0,q=waterproof+pink+lamp
xss,search,200,0,q=eco+lamp
xss,search,200,0,q=olive+gloves
xss,search,200,0,q=denim+orange+tablet
xss,search,200,0,q=green+charger
xss,search,200,0,q=olive+basket
xss,search,200,0,q=teal+speaker
xss,search,200,0,q=olive+sneakers+for+women
xss,search,200,0,q=brown+socks+for+kids
xss,search,200,0,q=red+bottle
xss,search,200,0,q=red+sunglasses+for+her
xss,search,200,0,q=portable+shirt
xss,search,200,0,q=size+10+green+perfume
xss,search,200,0,q=olive+soap
xss,search,200,0,q=linen+gold+charger
xss,search,200,0,q=organic+tent
xss,search,200,0,q=maroon+ring+for+kids
xss,search,200,0,q=premium+teal+tablet
xss,search,200,0,q=steel+teal+hat
xss,search,200,0,q=teal+keyboard+for+him
xss,search,200,0,q=tent
xss,search,200,0,q=wireless+gray+watch
xss,search,200,0,q=foldable+pink+perfume
xss,search,200,0,q=foldable+black+watch
xss,search,200,0,q=teal+desk
xss,search,200,0,q=size+8+gold+skirt
xss,search,200,0,q=bamboo+blue+towel
xss,search,200,0,q=yellow+router
xss,search,200,0,q=blue+cap+for+him
xss,search,200,0,q=waterproof+silver+bracelet
xss,search,200,0,q=orange+chair+for+women
xss,search,200,0,q=organic+shirt
xss,search,200,0,q=plastic+green+boots
xss,search,200,0,q=portable+sneakers
xss,search,200,0,q=waterproof+soap
xss,search,200,0,q=foldable+gold+headphones
xss,search,200,0,q=white+towel
xss,search,200,0,q=towel
xss,search,200,0,q=yellow+sunglasses+for+him
xss,search,200,0,q=maroon+watch
xss,search,200,0,q=silver+mug
xss,search,200,0,q=black+charger
xss,search,200,0,q=vintage+olive+monitor
xss,search,200,0,q=brown+speaker+for+kids
xss,search,200,0,q=portable+towel
xss,search,200,0,q=teal+phone
xss,search,200,0,q=large+beige+desk
xss,search,200,0,q=small+gray+belt
xss,search,200,0,q=plastic+scarf
xss,search,200,0,q=green+pillow
xss,search,200,0,q=vintage+notebook
xss,search,200,0,q=white+mirror
xss,search,200,0,q=lightweight+monitor
xss,search,200,0,q=organic+green+skirt
xss,search,200,0,q=foldable+orange+rug
xss,search,200,0,q=leather+gray+shoes
xss,search,200,0,q=linen+black+rug
xss,search,200,0,q=gray+monitor+for+women
xss,search,200,0,q=glass+plate
xss,search,200,0,q=foldable+pillow
xss,search,200,0,q=pink+shirt
xss,search,200,0,q=eco+speaker
xss,search,200,0,q=xl+yellow+earrings
xss,search,200,0,q=organic+cable
xss,search,200,0,q=eco+wallet
xss,search,200,0,q=xl+teal+hoodie
xss,search,200,0,q=waterproof+printer
xss,search,200,0,q=red+clock
xss,search,200,0,q=size+8+orange+printer
xss,search,200,0,q=gold+notebook
xss,search,200,0,q=glass+gold+wallet
xss,search,200,0,q=brown+rug+for+women
