family,source_application,target,page,backend,attack_source_model,shift_type,eps,technique,attack_seed,defense_seed,n_rules,crs_bypass_count,blocked,bypassed,block_rate_pct
SQLi,customapp,bwapp,login,PHP/MySQL,meta-llama/llama-4-maverick,cross_backend,0.1,CG-Adaptive,1,1,4,409,393,16,96.0880
SQLi,customapp,bwapp,login,PHP/MySQL,meta-llama/llama-4-maverick,cross_backend,0.1,CG-Adaptive,1,2,5,409,393,16,96.0880
SQLi,customapp,bwapp,login,PHP/MySQL,meta-llama/llama-4-maverick,cross_backend,0.1,CG-Adaptive,1,3,5,409,409,0,100.0000
SQLi,customapp,bwapp,login,PHP/MySQL,meta-llama/llama-4-maverick,cross_backend,0.1,CG-Adaptive,1,4,7,409,409,0,100.0000
SQLi,customapp,bwapp,login,PHP/MySQL,meta-llama/llama-4-maverick,cross_backend,0.1,CG-Adaptive,1,5,5,409,393,16,96.0880
SQLi,customapp,bwapp,login,PHP/MySQL,meta-llama/llama-4-maverick,cross_backend,0.1,CG-Adaptive,1,6,7,409,409,0,100.0000
SQLi,customapp,bwapp,login,PHP/MySQL,meta-llama/llama-4-maverick,cross_backend,0.1,CG-Adaptive,1,7,5,409,409,0,100.0000
SQLi,customapp,bwapp,login,PHP/MySQL,meta-llama/llama-4-maverick,cross_backend,0.1,CG-Adaptive,1,8,5,409,409,0,100.0000
SQLi,customapp,bwapp,login,PHP/MySQL,meta-llama/llama-4-maverick,cross_backend,0.1,CG-Adaptive,1,9,7,409,409,0,100.0000
SQLi,customapp,bwapp,login,PHP/MySQL,meta-llama/llama-4-maverick,cross_backend,0.1,CG-Adaptive,1,10,10,409,409,0,100.0000
SQLi,customapp,bwapp,login,PHP/MySQL,meta-llama/llama-4-maverick,cross_backend,0.1,CG-Adaptive,2,1,4,380,258,122,67.8947
SQLi,customapp,bwapp,login,PHP/MySQL,meta-llama/llama-4-maverick,cross_backend,0.1,CG-Adaptive,2,2,5,380,258,122,67.8947
SQLi,customapp,bwapp,login,PHP/MySQL,meta-llama/llama-4-maverick,cross_backend,0.1,CG-Adaptive,2,3,5,380,380,0,100.0000
SQLi,customapp,bwapp,login,PHP/MySQL,meta-llama/llama-4-maverick,cross_backend,0.1,CG-Adaptive,2,4,7,380,380,0,100.0000
SQLi,customapp,bwapp,login,PHP/MySQL,meta-llama/llama-4-maverick,cross_backend,0.1,CG-Adaptive,2,5,5,380,258,122,67.8947
SQLi,customapp,bwapp,login,PHP/MySQL,meta-llama/llama-4-maverick,cross_backend,0.1,CG-Adaptive,2,6,7,380,380,0,100.0000
SQLi,customapp,bwapp,login,PHP/MySQL,meta-llama/llama-4-maverick,cross_backend,0.1,CG-Adaptive,2,7,5,380,380,0,100.0000
SQLi,customapp,bwapp,login,PHP/MySQL,meta-llama/llama-4-maverick,cross_backend,0.1,CG-Adaptive,2,8,5,380,380,0,100.0000
SQLi,customapp,bwapp,login,PHP/MySQL,meta-llama/llama-4-maverick,cross_backend,0.1,CG-Adaptive,2,9,7,380,380,0,100.0000
SQLi,customapp,bwapp,login,PHP/MySQL,meta-llama/llama-4-maverick,cross_backend,0.1,CG-Adaptive,2,10,10,380,380,0,100.0000
SQLi,customapp,bwapp,login,PHP/MySQL,meta-llama/llama-4-maverick,cross_backend,0.1,CG-Adaptive,3,1,4,394,106,288,26.9036
SQLi,customapp,bwapp,login,PHP/MySQL,meta-llama/llama-4-maverick,cross_backend,0.1,CG-Adaptive,3,2,5,394,106,288,26.9036
SQLi,customapp,bwapp,login,PHP/MySQL,meta-llama/llama-4-maverick,cross_backend,0.1,CG-Adaptive,3,3,5,394,394,0,100.0000
SQLi,customapp,bwapp,login,PHP/MySQL,meta-llama/llama-4-maverick,cross_backend,0.1,CG-Adaptive,3,4,7,394,394,0,100.0000
SQLi,customapp,bwapp,login,PHP/MySQL,meta-llama/llama-4-maverick,cross_backend,0.1,CG-Adaptive,3,5,5,394,106,288,26.9036
SQLi,customapp,bwapp,login,PHP/MySQL,meta-llama/llama-4-maverick,cross_backend,0.1,CG-Adaptive,3,6,7,394,394,0,100.0000
SQLi,customapp,bwapp,login,PHP/MySQL,meta-llama/llama-4-maverick,cross_backend,0.1,CG-Adaptive,3,7,5,394,394,0,100.0000
SQLi,customapp,bwapp,login,PHP/MySQL,meta-llama/llama-4-maverick,cross_backend,0.1,CG-Adaptive,3,8,5,394,394,0,100.0000
SQLi,customapp,bwapp,login,PHP/MySQL,meta-llama/llama-4-maverick,cross_backend,0.1,CG-Adaptive,3,9,7,394,394,0,100.0000
SQLi,customapp,bwapp,login,PHP/MySQL,meta-llama/llama-4-maverick,cross_backend,0.1,CG-Adaptive,3,10,10,394,394,0,100.0000
SQLi,customapp,bwapp,login,PHP/MySQL,meta-llama/llama-4-maverick,cross_backend,0.1,CG-Adaptive,4,1,4,391,225,166,57.5448
SQLi,customapp,bwapp,login,PHP/MySQL,meta-llama/llama-4-maverick,cross_backend,0.1,CG-Adaptive,4,2,5,391,225,166,57.5448
SQLi,customapp,bwapp,login,PHP/MySQL,meta-llama/llama-4-maverick,cross_backend,0.1,CG-Adaptive,4,3,5,391,391,0,100.0000
SQLi,customapp,bwapp,login,PHP/MySQL,meta-llama/llama-4-maverick,cross_backend,0.1,CG-Adaptive,4,4,7,391,391,0,100.0000
SQLi,customapp,bwapp,login,PHP/MySQL,meta-llama/llama-4-maverick,cross_backend,0.1,CG-Adaptive,4,5,5,391,225,166,57.5448
SQLi,customapp,bwapp,login,PHP/MySQL,meta-llama/llama-4-maverick,cross_backend,0.1,CG-Adaptive,4,6,7,391,391,0,100.0000
SQLi,customapp,bwapp,login,PHP/MySQL,meta-llama/llama-4-maverick,cross_backend,0.1,CG-Adaptive,4,7,5,391,391,0,100.0000
SQLi,customapp,bwapp,login,PHP/MySQL,meta-llama/llama-4-maverick,cross_backend,0.1,CG-Adaptive,4,8,5,391,391,0,100.0000
SQLi,customapp,bwapp,login,PHP/MySQL,meta-llama/llama-4-maverick,cross_backend,0.1,CG-Adaptive,4,9,7,391,391,0,100.0000
SQLi,customapp,bwapp,login,PHP/MySQL,meta-llama/llama-4-maverick,cross_backend,0.1,CG-Adaptive,4,10,10,391,391,0,100.0000
SQLi,customapp,bwapp,login,PHP/MySQL,meta-llama/llama-4-maverick,cross_backend,0.1,CG-Adaptive,5,1,4,412,150,262,36.4078
SQLi,customapp,bwapp,login,PHP/MySQL,meta-llama/llama-4-maverick,cross_backend,0.1,CG-Adaptive,5,2,5,412,150,262,36.4078
SQLi,customapp,bwapp,login,PHP/MySQL,meta-llama/llama-4-maverick,cross_backend,0.1,CG-Adaptive,5,3,5,412,412,0,100.0000
SQLi,customapp,bwapp,login,PHP/MySQL,meta-llama/llama-4-maverick,cross_backend,0.1,CG-Adaptive,5,4,7,412,412,0,100.0000
SQLi,customapp,bwapp,login,PHP/MySQL,meta-llama/llama-4-maverick,cross_backend,0.1,CG-Adaptive,5,5,5,412,150,262,36.4078
SQLi,customapp,bwapp,login,PHP/MySQL,meta-llama/llama-4-maverick,cross_backend,0.1,CG-Adaptive,5,6,7,412,412,0,100.0000
SQLi,customapp,bwapp,login,PHP/MySQL,meta-llama/llama-4-maverick,cross_backend,0.1,CG-Adaptive,5,7,5,412,412,0,100.0000
SQLi,customapp,bwapp,login,PHP/MySQL,meta-llama/llama-4-maverick,cross_backend,0.1,CG-Adaptive,5,8,5,412,412,0,100.0000
SQLi,customapp,bwapp,login,PHP/MySQL,meta-llama/llama-4-maverick,cross_backend,0.1,CG-Adaptive,5,9,7,412,412,0,100.0000
SQLi,customapp,bwapp,login,PHP/MySQL,meta-llama/llama-4-maverick,cross_backend,0.1,CG-Adaptive,5,10,10,412,412,0,100.0000
SQLi,customapp,bwapp,login,PHP/MySQL,meta-llama/llama-4-maverick,cross_backend,0.1,CG-Static,1,1,5,409,409,0,100.0000
SQLi,customapp,bwapp,login,PHP/MySQL,meta-llama/llama-4-maverick,cross_backend,0.1,CG-Static,1,2,4,409,409,0,100.0000
SQLi,customapp,bwapp,login,PHP/MySQL,meta-llama/llama-4-maverick,cross_backend,0.1,CG-Static,1,3,4,409,409,0,100.0000
SQLi,customapp,bwapp,login,PHP/MySQL,meta-llama/llama-4-maverick,cross_backend,0.1,CG-Static,1,4,5,409,409,0,100.0000
SQLi,customapp,bwapp,login,PHP/MySQL,meta-llama/llama-4-maverick,cross_backend,0.1,CG-Static,1,5,4,409,393,16,96.0880
SQLi,customapp,bwapp,login,PHP/MySQL,meta-llama/llama-4-maverick,cross_backend,0.1,CG-Static,1,6,6,409,409,0,100.0000
SQLi,customapp,bwapp,login,PHP/MySQL,meta-llama/llama-4-maverick,cross_backend,0.1,CG-Static,1,7,4,409,409,0,100.0000
SQLi,customapp,bwapp,login,PHP/MySQL,meta-llama/llama-4-maverick,cross_backend,0.1,CG-Static,1,8,4,409,409,0,100.0000
SQLi,customapp,bwapp,login,PHP/MySQL,meta-llama/llama-4-maverick,cross_backend,0.1,CG-Static,1,9,4,409,409,0,100.0000
SQLi,customapp,bwapp,login,PHP/MySQL,meta-llama/llama-4-maverick,cross_backend,0.1,CG-Static,1,10,5,409,409,0,100.0000
SQLi,customapp,bwapp,login,PHP/MySQL,meta-llama/llama-4-maverick,cross_backend,0.1,CG-Static,2,1,5,380,380,0,100.0000
SQLi,customapp,bwapp,login,PHP/MySQL,meta-llama/llama-4-maverick,cross_backend,0.1,CG-Static,2,2,4,380,380,0,100.0000
SQLi,customapp,bwapp,login,PHP/MySQL,meta-llama/llama-4-maverick,cross_backend,0.1,CG-Static,2,3,4,380,380,0,100.0000
SQLi,customapp,bwapp,login,PHP/MySQL,meta-llama/llama-4-maverick,cross_backend,0.1,CG-Static,2,4,5,380,380,0,100.0000
SQLi,customapp,bwapp,login,PHP/MySQL,meta-llama/llama-4-maverick,cross_backend,0.1,CG-Static,2,5,4,380,258,122,67.8947
SQLi,customapp,bwapp,login,PHP/MySQL,meta-llama/llama-4-maverick,cross_backend,0.1,CG-Static,2,6,6,380,380,0,100.0000
SQLi,customapp,bwapp,login,PHP/MySQL,meta-llama/llama-4-maverick,cross_backend,0.1,CG-Static,2,7,4,380,380,0,100.0000
SQLi,customapp,bwapp,login,PHP/MySQL,meta-llama/llama-4-maverick,cross_backend,0.1,CG-Static,2,8,4,380,380,0,100.0000
SQLi,customapp,bwapp,login,PHP/MySQL,meta-llama/llama-4-maverick,cross_backend,0.1,CG-Static,2,9,4,380,380,0,100.0000
SQLi,customapp,bwapp,login,PHP/MySQL,meta-llama/llama-4-maverick,cross_backend,0.1,CG-Static,2,10,5,380,380,0,100.0000
SQLi,customapp,bwapp,login,PHP/MySQL,meta-llama/llama-4-maverick,cross_backend,0.1,CG-Static,3,1,5,394,394,0,100.0000
SQLi,customapp,bwapp,login,PHP/MySQL,meta-llama/llama-4-maverick,cross_backend,0.1,CG-Static,3,2,4,394,394,0,100.0000
SQLi,customapp,bwapp,login,PHP/MySQL,meta-llama/llama-4-maverick,cross_backend,0.1,CG-Static,3,3,4,394,394,0,100.0000
SQLi,customapp,bwapp,login,PHP/MySQL,meta-llama/llama-4-maverick,cross_backend,0.1,CG-Static,3,4,5,394,394,0,100.0000
SQLi,customapp,bwapp,login,PHP/MySQL,meta-llama/llama-4-maverick,cross_backend,0.1,CG-Static,3,5,4,394,106,288,26.9036
SQLi,customapp,bwapp,login,PHP/MySQL,meta-llama/llama-4-maverick,cross_backend,0.1,CG-Static,3,6,6,394,394,0,100.0000
SQLi,customapp,bwapp,login,PHP/MySQL,meta-llama/llama-4-maverick,cross_backend,0.1,CG-Static,3,7,4,394,394,0,100.0000
SQLi,customapp,bwapp,login,PHP/MySQL,meta-llama/llama-4-maverick,cross_backend,0.1,CG-Static,3,8,4,394,394,0,100.0000
SQLi,customapp,bwapp,login,PHP/MySQL,meta-llama/llama-4-maverick,cross_backend,0.1,CG-Static,3,9,4,394,394,0,100.0000
SQLi,customapp,bwapp,login,PHP/MySQL,meta-llama/llama-4-maverick,cross_backend,0.1,CG-Static,3,10,5,394,394,0,100.0000
SQLi,customapp,bwapp,login,PHP/MySQL,meta-llama/llama-4-maverick,cross_backend,0.1,CG-Static,4,1,5,391,391,0,100.0000
SQLi,customapp,bwapp,login,PHP/MySQL,meta-llama/llama-4-maverick,cross_backend,0.1,CG-Static,4,2,4,391,391,0,100.0000
SQLi,customapp,bwapp,login,PHP/MySQL,meta-llama/llama-4-maverick,cross_backend,0.1,CG-Static,4,3,4,391,391,0,100.0000
SQLi,customapp,bwapp,login,PHP/MySQL,meta-llama/llama-4-maverick,cross_backend,0.1,CG-Static,4,4,5,391,391,0,100.0000
SQLi,customapp,bwapp,login,PHP/MySQL,meta-llama/llama-4-maverick,cross_backend,0.1,CG-Static,4,5,4,391,225,166,57.5448
SQLi,customapp,bwapp,login,PHP/MySQL,meta-llama/llama-4-maverick,cross_backend,0.1,CG-Static,4,6,6,391,391,0,100.0000
SQLi,customapp,bwapp,login,PHP/MySQL,meta-llama/llama-4-maverick,cross_backend,0.1,CG-Static,4,7,4,391,391,0,100.0000
SQLi,customapp,bwapp,login,PHP/MySQL,meta-llama/llama-4-maverick,cross_backend,0.1,CG-Static,4,8,4,391,391,0,100.0000
SQLi,customapp,bwapp,login,PHP/MySQL,meta-llama/llama-4-maverick,cross_backend,0.1,CG-Static,4,9,4,391,391,0,100.0000
SQLi,customapp,bwapp,login,PHP/MySQL,meta-llama/llama-4-maverick,cross_backend,0.1,CG-Static,4,10,5,391,391,0,100.0000
SQLi,customapp,bwapp,login,PHP/MySQL,meta-llama/llama-4-maverick,cross_backend,0.1,CG-Static,5,1,5,412,412,0,100.0000
SQLi,customapp,bwapp,login,PHP/MySQL,meta-llama/llama-4-maverick,cross_backend,0.1,CG-Static,5,2,4,412,412,0,100.0000
SQLi,customapp,bwapp,login,PHP/MySQL,meta-llama/llama-4-maverick,cross_backend,0.1,CG-Static,5,3,4,412,412,0,100.0000
SQLi,customapp,bwapp,login,PHP/MySQL,meta-llama/llama-4-maverick,cross_backend,0.1,CG-Static,5,4,5,412,412,0,100.0000
SQLi,customapp,bwapp,login,PHP/MySQL,meta-llama/llama-4-maverick,cross_backend,0.1,CG-Static,5,5,4,412,150,262,36.4078
SQLi,customapp,bwapp,login,PHP/MySQL,meta-llama/llama-4-maverick,cross_backend,0.1,CG-Static,5,6,6,412,412,0,100.0000
SQLi,customapp,bwapp,login,PHP/MySQL,meta-llama/llama-4-maverick,cross_backend,0.1,CG-Static,5,7,4,412,412,0,100.0000
SQLi,customapp,bwapp,login,PHP/MySQL,meta-llama/llama-4-maverick,cross_backend,0.1,CG-Static,5,8,4,412,412,0,100.0000
SQLi,customapp,bwapp,login,PHP/MySQL,meta-llama/llama-4-maverick,cross_backend,0.1,CG-Static,5,9,4,412,412,0,100.0000
SQLi,customapp,bwapp,login,PHP/MySQL,meta-llama/llama-4-maverick,cross_backend,0.1,CG-Static,5,10,5,412,412,0,100.0000
SQLi,customapp,bwapp,login,PHP/MySQL,meta-llama/llama-4-maverick,cross_backend,0.1,CRS-only,1,0,0,409,0,409,0.0000
SQLi,customapp,bwapp,login,PHP/MySQL,meta-llama/llama-4-maverick,cross_backend,0.1,CRS-only,2,0,0,380,0,380,0.0000
SQLi,customapp,bwapp,login,PHP/MySQL,meta-llama/llama-4-maverick,cross_backend,0.1,CRS-only,3,0,0,394,0,394,0.0000
SQLi,customapp,bwapp,login,PHP/MySQL,meta-llama/llama-4-maverick,cross_backend,0.1,CRS-only,4,0,0,391,0,391,0.0000
SQLi,customapp,bwapp,login,PHP/MySQL,meta-llama/llama-4-maverick,cross_backend,0.1,CRS-only,5,0,0,412,0,412,0.0000
SQLi,customapp,bwapp,login,PHP/MySQL,meta-llama/llama-4-maverick,cross_backend,0.2,CG-Adaptive,1,1,5,409,393,16,96.0880
SQLi,customapp,bwapp,login,PHP/MySQL,meta-llama/llama-4-maverick,cross_backend,0.2,CG-Adaptive,1,2,5,409,409,0,100.0000
SQLi,customapp,bwapp,login,PHP/MySQL,meta-llama/llama-4-maverick,cross_backend,0.2,CG-Adaptive,1,3,5,409,393,16,96.0880
SQLi,customapp,bwapp,login,PHP/MySQL,meta-llama/llama-4-maverick,cross_backend,0.2,CG-Adaptive,1,4,5,409,409,0,100.0000
SQLi,customapp,bwapp,login,PHP/MySQL,meta-llama/llama-4-maverick,cross_backend,0.2,CG-Adaptive,1,5,4,409,409,0,100.0000
SQLi,customapp,bwapp,login,PHP/MySQL,meta-llama/llama-4-maverick,cross_backend,0.2,CG-Adaptive,1,6,5,409,409,0,100.0000
SQLi,customapp,bwapp,login,PHP/MySQL,meta-llama/llama-4-maverick,cross_backend,0.2,CG-Adaptive,1,7,6,409,409,0,100.0000
SQLi,customapp,bwapp,login,PHP/MySQL,meta-llama/llama-4-maverick,cross_backend,0.2,CG-Adaptive,1,8,5,409,409,0,100.0000
SQLi,customapp,bwapp,login,PHP/MySQL,meta-llama/llama-4-maverick,cross_backend,0.2,CG-Adaptive,1,9,5,409,393,16,96.0880
SQLi,customapp,bwapp,login,PHP/MySQL,meta-llama/llama-4-maverick,cross_backend,0.2,CG-Adaptive,1,10,4,409,393,16,96.0880
SQLi,customapp,bwapp,login,PHP/MySQL,meta-llama/llama-4-maverick,cross_backend,0.2,CG-Adaptive,2,1,5,380,258,122,67.8947
SQLi,customapp,bwapp,login,PHP/MySQL,meta-llama/llama-4-maverick,cross_backend,0.2,CG-Adaptive,2,2,5,380,380,0,100.0000
SQLi,customapp,bwapp,login,PHP/MySQL,meta-llama/llama-4-maverick,cross_backend,0.2,CG-Adaptive,2,3,5,380,258,122,67.8947
SQLi,customapp,bwapp,login,PHP/MySQL,meta-llama/llama-4-maverick,cross_backend,0.2,CG-Adaptive,2,4,5,380,380,0,100.0000
SQLi,customapp,bwapp,login,PHP/MySQL,meta-llama/llama-4-maverick,cross_backend,0.2,CG-Adaptive,2,5,4,380,380,0,100.0000
SQLi,customapp,bwapp,login,PHP/MySQL,meta-llama/llama-4-maverick,cross_backend,0.2,CG-Adaptive,2,6,5,380,380,0,100.0000
SQLi,customapp,bwapp,login,PHP/MySQL,meta-llama/llama-4-maverick,cross_backend,0.2,CG-Adaptive,2,7,6,380,380,0,100.0000
SQLi,customapp,bwapp,login,PHP/MySQL,meta-llama/llama-4-maverick,cross_backend,0.2,CG-Adaptive,2,8,5,380,380,0,100.0000
SQLi,customapp,bwapp,login,PHP/MySQL,meta-llama/llama-4-maverick,cross_backend,0.2,CG-Adaptive,2,9,5,380,258,122,67.8947
SQLi,customapp,bwapp,login,PHP/MySQL,meta-llama/llama-4-maverick,cross_backend,0.2,CG-Adaptive,2,10,4,380,258,122,67.8947
SQLi,customapp,bwapp,login,PHP/MySQL,meta-llama/llama-4-maverick,cross_backend,0.2,CG-Adaptive,3,1,5,394,106,288,26.9036
SQLi,customapp,bwapp,login,PHP/MySQL,meta-llama/llama-4-maverick,cross_backend,0.2,CG-Adaptive,3,2,5,394,394,0,100.0000
SQLi,customapp,bwapp,login,PHP/MySQL,meta-llama/llama-4-maverick,cross_backend,0.2,CG-Adaptive,3,3,5,394,106,288,26.9036
SQLi,customapp,bwapp,login,PHP/MySQL,meta-llama/llama-4-maverick,cross_backend,0.2,CG-Adaptive,3,4,5,394,394,0,100.0000
SQLi,customapp,bwapp,login,PHP/MySQL,meta-llama/llama-4-maverick,cross_backend,0.2,CG-Adaptive,3,5,4,394,394,0,100.0000
SQLi,customapp,bwapp,login,PHP/MySQL,meta-llama/llama-4-maverick,cross_backend,0.2,CG-Adaptive,3,6,5,394,394,0,100.0000
SQLi,customapp,bwapp,login,PHP/MySQL,meta-llama/llama-4-maverick,cross_backend,0.2,CG-Adaptive,3,7,6,394,394,0,100.0000
SQLi,customapp,bwapp,login,PHP/MySQL,meta-llama/llama-4-maverick,cross_backend,0.2,CG-Adaptive,3,8,5,394,394,0,100.0000
SQLi,customapp,bwapp,login,PHP/MySQL,meta-llama/llama-4-maverick,cross_backend,0.2,CG-Adaptive,3,9,5,394,106,288,26.9036
SQLi,customapp,bwapp,login,PHP/MySQL,meta-llama/llama-4-maverick,cross_backend,0.2,CG-Adaptive,3,10,4,394,106,288,26.9036
SQLi,customapp,bwapp,login,PHP/MySQL,meta-llama/llama-4-maverick,cross_backend,0.2,CG-Adaptive,4,1,5,391,225,166,57.5448
SQLi,customapp,bwapp,login,PHP/MySQL,meta-llama/llama-4-maverick,cross_backend,0.2,CG-Adaptive,4,2,5,391,391,0,100.0000
SQLi,customapp,bwapp,login,PHP/MySQL,meta-llama/llama-4-maverick,cross_backend,0.2,CG-Adaptive,4,3,5,391,225,166,57.5448
SQLi,customapp,bwapp,login,PHP/MySQL,meta-llama/llama-4-maverick,cross_backend,0.2,CG-Adaptive,4,4,5,391,391,0,100.0000
SQLi,customapp,bwapp,login,PHP/MySQL,meta-llama/llama-4-maverick,cross_backend,0.2,CG-Adaptive,4,5,4,391,391,0,100.0000
SQLi,customapp,bwapp,login,PHP/MySQL,meta-llama/llama-4-maverick,cross_backend,0.2,CG-Adaptive,4,6,5,391,391,0,100.0000
SQLi,customapp,bwapp,login,PHP/MySQL,meta-llama/llama-4-maverick,cross_backend,0.2,CG-Adaptive,4,7,6,391,391,0,100.0000
SQLi,customapp,bwapp,login,PHP/MySQL,meta-llama/llama-4-maverick,cross_backend,0.2,CG-Adaptive,4,8,5,391,391,0,100.0000
SQLi,customapp,bwapp,login,PHP/MySQL,meta-llama/llama-4-maverick,cross_backend,0.2,CG-Adaptive,4,9,5,391,225,166,57.5448
SQLi,customapp,bwapp,login,PHP/MySQL,meta-llama/llama-4-maverick,cross_backend,0.2,CG-Adaptive,4,10,4,391,225,166,57.5448
SQLi,customapp,bwapp,login,PHP/MySQL,meta-llama/llama-4-maverick,cross_backend,0.2,CG-Adaptive,5,1,5,412,150,262,36.4078
SQLi,customapp,bwapp,login,PHP/MySQL,meta-llama/llama-4-maverick,cross_backend,0.2,CG-Adaptive,5,2,5,412,412,0,100.0000
SQLi,customapp,bwapp,login,PHP/MySQL,meta-llama/llama-4-maverick,cross_backend,0.2,CG-Adaptive,5,3,5,412,150,262,36.4078
SQLi,customapp,bwapp,login,PHP/MySQL,meta-llama/llama-4-maverick,cross_backend,0.2,CG-Adaptive,5,4,5,412,412,0,100.0000
SQLi,customapp,bwapp,login,PHP/MySQL,meta-llama/llama-4-maverick,cross_backend,0.2,CG-Adaptive,5,5,4,412,412,0,100.0000
SQLi,customapp,bwapp,login,PHP/MySQL,meta-llama/llama-4-maverick,cross_backend,0.2,CG-Adaptive,5,6,5,412,412,0,100.0000
SQLi,customapp,bwapp,login,PHP/MySQL,meta-llama/llama-4-maverick,cross_backend,0.2,CG-Adaptive,5,7,6,412,412,0,100.0000
SQLi,customapp,bwapp,login,PHP/MySQL,meta-llama/llama-4-maverick,cross_backend,0.2,CG-Adaptive,5,8,5,412,412,0,100.0000
SQLi,customapp,bwapp,login,PHP/MySQL,meta-llama/llama-4-maverick,cross_backend,0.2,CG-Adaptive,5,9,5,412,150,262,36.4078
SQLi,customapp,bwapp,login,PHP/MySQL,meta-llama/llama-4-maverick,cross_backend,0.2,CG-Adaptive,5,10,4,412,150,262,36.4078
SQLi,customapp,bwapp,login,PHP/MySQL,meta-llama/llama-4-maverick,cross_backend,0.2,CG-Static,1,1,5,409,393,16,96.0880
SQLi,customapp,bwapp,login,PHP/MySQL,meta-llama/llama-4-maverick,cross_backend,0.2,CG-Static,1,2,4,409,393,16,96.0880
SQLi,customapp,bwapp,login,PHP/MySQL,meta-llama/llama-4-maverick,cross_backend,0.2,CG-Static,1,3,4,409,393,16,96.0880
SQLi,customapp,bwapp,login,PHP/MySQL,meta-llama/llama-4-maverick,cross_backend,0.2,CG-Static,1,4,5,409,393,16,96.0880
SQLi,customapp,bwapp,login,PHP/MySQL,meta-llama/llama-4-maverick,cross_backend,0.2,CG-Static,1,5,5,409,409,0,100.0000
SQLi,customapp,bwapp,login,PHP/MySQL,meta-llama/llama-4-maverick,cross_backend,0.2,CG-Static,1,6,4,409,393,16,96.0880
SQLi,customapp,bwapp,login,PHP/MySQL,meta-llama/llama-4-maverick,cross_backend,0.2,CG-Static,1,7,4,409,393,16,96.0880
SQLi,customapp,bwapp,login,PHP/MySQL,meta-llama/llama-4-maverick,cross_backend,0.2,CG-Static,1,8,4,409,393,16,96.0880
SQLi,customapp,bwapp,login,PHP/MySQL,meta-llama/llama-4-maverick,cross_backend,0.2,CG-Static,1,9,4,409,393,16,96.0880
SQLi,customapp,bwapp,login,PHP/MySQL,meta-llama/llama-4-maverick,cross_backend,0.2,CG-Static,1,10,5,409,409,0,100.0000
SQLi,customapp,bwapp,login,PHP/MySQL,meta-llama/llama-4-maverick,cross_backend,0.2,CG-Static,2,1,5,380,258,122,67.8947
SQLi,customapp,bwapp,login,PHP/MySQL,meta-llama/llama-4-maverick,cross_backend,0.2,CG-Static,2,2,4,380,258,122,67.8947
SQLi,customapp,bwapp,login,PHP/MySQL,meta-llama/llama-4-maverick,cross_backend,0.2,CG-Static,2,3,4,380,258,122,67.8947
SQLi,customapp,bwapp,login,PHP/MySQL,meta-llama/llama-4-maverick,cross_backend,0.2,CG-Static,2,4,5,380,258,122,67.8947
SQLi,customapp,bwapp,login,PHP/MySQL,meta-llama/llama-4-maverick,cross_backend,0.2,CG-Static,2,5,5,380,380,0,100.0000
SQLi,customapp,bwapp,login,PHP/MySQL,meta-llama/llama-4-maverick,cross_backend,0.2,CG-Static,2,6,4,380,258,122,67.8947
SQLi,customapp,bwapp,login,PHP/MySQL,meta-llama/llama-4-maverick,cross_backend,0.2,CG-Static,2,7,4,380,258,122,67.8947
SQLi,customapp,bwapp,login,PHP/MySQL,meta-llama/llama-4-maverick,cross_backend,0.2,CG-Static,2,8,4,380,258,122,67.8947
SQLi,customapp,bwapp,login,PHP/MySQL,meta-llama/llama-4-maverick,cross_backend,0.2,CG-Static,2,9,4,380,258,122,67.8947
SQLi,customapp,bwapp,login,PHP/MySQL,meta-llama/llama-4-maverick,cross_backend,0.2,CG-Static,2,10,5,380,380,0,100.0000
SQLi,customapp,bwapp,login,PHP/MySQL,meta-llama/llama-4-maverick,cross_backend,0.2,CG-Static,3,1,5,394,106,288,26.9036
SQLi,customapp,bwapp,login,PHP/MySQL,meta-llama/llama-4-maverick,cross_backend,0.2,CG-Static,3,2,4,394,106,288,26.9036
SQLi,customapp,bwapp,login,PHP/MySQL,meta-llama/llama-4-maverick,cross_backend,0.2,CG-Static,3,3,4,394,106,288,26.9036
SQLi,customapp,bwapp,login,PHP/MySQL,meta-llama/llama-4-maverick,cross_backend,0.2,CG-Static,3,4,5,394,106,288,26.9036
SQLi,customapp,bwapp,login,PHP/MySQL,meta-llama/llama-4-maverick,cross_backend,0.2,CG-Static,3,5,5,394,394,0,100.0000
SQLi,customapp,bwapp,login,PHP/MySQL,meta-llama/llama-4-maverick,cross_backend,0.2,CG-Static,3,6,4,394,106,288,26.9036
SQLi,customapp,bwapp,login,PHP/MySQL,meta-llama/llama-4-maverick,cross_backend,0.2,CG-Static,3,7,4,394,106,288,26.9036
SQLi,customapp,bwapp,login,PHP/MySQL,meta-llama/llama-4-maverick,cross_backend,0.2,CG-Static,3,8,4,394,106,288,26.9036
SQLi,customapp,bwapp,login,PHP/MySQL,meta-llama/llama-4-maverick,cross_backend,0.2,CG-Static,3,9,4,394,106,288,26.9036
SQLi,customapp,bwapp,login,PHP/MySQL,meta-llama/llama-4-maverick,cross_backend,0.2,CG-Static,3,10,5,394,394,0,100.0000
SQLi,customapp,bwapp,login,PHP/MySQL,meta-llama/llama-4-maverick,cross_backend,0.2,CG-Static,4,1,5,391,225,166,57.5448
SQLi,customapp,bwapp,login,PHP/MySQL,meta-llama/llama-4-maverick,cross_backend,0.2,CG-Static,4,2,4,391,225,166,57.5448
SQLi,customapp,bwapp,login,PHP/MySQL,meta-llama/llama-4-maverick,cross_backend,0.2,CG-Static,4,3,4,391,225,166,57.5448
SQLi,customapp,bwapp,login,PHP/MySQL,meta-llama/llama-4-maverick,cross_backend,0.2,CG-Static,4,4,5,391,225,166,57.5448
SQLi,customapp,bwapp,login,PHP/MySQL,meta-llama/llama-4-maverick,cross_backend,0.2,CG-Static,4,5,5,391,391,0,100.0000
SQLi,customapp,bwapp,login,PHP/MySQL,meta-llama/llama-4-maverick,cross_backend,0.2,CG-Static,4,6,4,391,225,166,57.5448
SQLi,customapp,bwapp,login,PHP/MySQL,meta-llama/llama-4-maverick,cross_backend,0.2,CG-Static,4,7,4,391,225,166,57.5448
SQLi,customapp,bwapp,login,PHP/MySQL,meta-llama/llama-4-maverick,cross_backend,0.2,CG-Static,4,8,4,391,225,166,57.5448
SQLi,customapp,bwapp,login,PHP/MySQL,meta-llama/llama-4-maverick,cross_backend,0.2,CG-Static,4,9,4,391,225,166,57.5448
SQLi,customapp,bwapp,login,PHP/MySQL,meta-llama/llama-4-maverick,cross_backend,0.2,CG-Static,4,10,5,391,391,0,100.0000
SQLi,customapp,bwapp,login,PHP/MySQL,meta-llama/llama-4-maverick,cross_backend,0.2,CG-Static,5,1,5,412,150,262,36.4078
SQLi,customapp,bwapp,login,PHP/MySQL,meta-llama/llama-4-maverick,cross_backend,0.2,CG-Static,5,2,4,412,150,262,36.4078
SQLi,customapp,bwapp,login,PHP/MySQL,meta-llama/llama-4-maverick,cross_backend,0.2,CG-Static,5,3,4,412,150,262,36.4078
SQLi,customapp,bwapp,login,PHP/MySQL,meta-llama/llama-4-maverick,cross_backend,0.2,CG-Static,5,4,5,412,150,262,36.4078
SQLi,customapp,bwapp,login,PHP/MySQL,meta-llama/llama-4-maverick,cross_backend,0.2,CG-Static,5,5,5,412,412,0,100.0000
SQLi,customapp,bwapp,login,PHP/MySQL,meta-llama/llama-4-maverick,cross_backend,0.2,CG-Static,5,6,4,412,150,262,36.4078
SQLi,customapp,bwapp,login,PHP/MySQL,meta-llama/llama-4-maverick,cross_backend,0.2,CG-Static,5,7,4,412,150,262,36.4078
SQLi,customapp,bwapp,login,PHP/MySQL,meta-llama/llama-4-maverick,cross_backend,0.2,CG-Static,5,8,4,412,150,262,36.4078
SQLi,customapp,bwapp,login,PHP/MySQL,meta-llama/llama-4-maverick,cross_backend,0.2,CG-Static,5,9,4,412,150,262,36.4078
SQLi,customapp,bwapp,login,PHP/MySQL,meta-llama/llama-4-maverick,cross_backend,0.2,CG-Static,5,10,5,412,412,0,100.0000
SQLi,customapp,bwapp,login,PHP/MySQL,meta-llama/llama-4-maverick,cross_backend,0.2,CRS-only,1,0,0,409,0,409,0.0000
SQLi,customapp,bwapp,login,PHP/MySQL,meta-llama/llama-4-maverick,cross_backend,0.2,CRS-only,2,0,0,380,0,380,0.0000
SQLi,customapp,bwapp,login,PHP/MySQL,meta-llama/llama-4-maverick,cross_backend,0.2,CRS-only,3,0,0,394,0,394,0.0000
SQLi,customapp,bwapp,login,PHP/MySQL,meta-llama/llama-4-maverick,cross_backend,0.2,CRS-only,4,0,0,391,0,391,0.0000
SQLi,customapp,bwapp,login,PHP/MySQL,meta-llama/llama-4-maverick,cross_backend,0.2,CRS-only,5,0,0,412,0,412,0.0000
SQLi,customapp,bwapp,login,PHP/MySQL,meta-llama/llama-4-maverick,cross_backend,0.3,CG-Adaptive,1,1,7,409,393,16,96.0880
SQLi,customapp,bwapp,login,PHP/MySQL,meta-llama/llama-4-maverick,cross_backend,0.3,CG-Adaptive,1,2,5,409,409,0,100.0000
SQLi,customapp,bwapp,login,PHP/MySQL,meta-llama/llama-4-maverick,cross_backend,0.3,CG-Adaptive,1,3,5,409,409,0,100.0000
SQLi,customapp,bwapp,login,PHP/MySQL,meta-llama/llama-4-maverick,cross_backend,0.3,CG-Adaptive,1,4,6,409,393,16,96.0880
SQLi,customapp,bwapp,login,PHP/MySQL,meta-llama/llama-4-maverick,cross_backend,0.3,CG-Adaptive,1,5,5,409,393,16,96.0880
SQLi,customapp,bwapp,login,PHP/MySQL,meta-llama/llama-4-maverick,cross_backend,0.3,CG-Adaptive,1,6,7,409,393,16,96.0880
SQLi,customapp,bwapp,login,PHP/MySQL,meta-llama/llama-4-maverick,cross_backend,0.3,CG-Adaptive,1,7,5,409,393,16,96.0880
SQLi,customapp,bwapp,login,PHP/MySQL,meta-llama/llama-4-maverick,cross_backend,0.3,CG-Adaptive,1,8,6,409,409,0,100.0000
SQLi,customapp,bwapp,login,PHP/MySQL,meta-llama/llama-4-maverick,cross_backend,0.3,CG-Adaptive,1,9,5,409,409,0,100.0000
SQLi,customapp,bwapp,login,PHP/MySQL,meta-llama/llama-4-maverick,cross_backend,0.3,CG-Adaptive,1,10,6,409,409,0,100.0000
SQLi,customapp,bwapp,login,PHP/MySQL,meta-llama/llama-4-maverick,cross_backend,0.3,CG-Adaptive,2,1,7,380,258,122,67.8947
SQLi,customapp,bwapp,login,PHP/MySQL,meta-llama/llama-4-maverick,cross_backend,0.3,CG-Adaptive,2,2,5,380,380,0,100.0000
SQLi,customapp,bwapp,login,PHP/MySQL,meta-llama/llama-4-maverick,cross_backend,0.3,CG-Adaptive,2,3,5,380,380,0,100.0000
SQLi,customapp,bwapp,login,PHP/MySQL,meta-llama/llama-4-maverick,cross_backend,0.3,CG-Adaptive,2,4,6,380,258,122,67.8947
SQLi,customapp,bwapp,login,PHP/MySQL,meta-llama/llama-4-maverick,cross_backend,0.3,CG-Adaptive,2,5,5,380,258,122,67.8947
SQLi,customapp,bwapp,login,PHP/MySQL,meta-llama/llama-4-maverick,cross_backend,0.3,CG-Adaptive,2,6,7,380,258,122,67.8947
SQLi,customapp,bwapp,login,PHP/MySQL,meta-llama/llama-4-maverick,cross_backend,0.3,CG-Adaptive,2,7,5,380,258,122,67.8947
SQLi,customapp,bwapp,login,PHP/MySQL,meta-llama/llama-4-maverick,cross_backend,0.3,CG-Adaptive,2,8,6,380,380,0,100.0000
SQLi,customapp,bwapp,login,PHP/MySQL,meta-llama/llama-4-maverick,cross_backend,0.3,CG-Adaptive,2,9,5,380,380,0,100.0000
SQLi,customapp,bwapp,login,PHP/MySQL,meta-llama/llama-4-maverick,cross_backend,0.3,CG-Adaptive,2,10,6,380,380,0,100.0000
SQLi,customapp,bwapp,login,PHP/MySQL,meta-llama/llama-4-maverick,cross_backend,0.3,CG-Adaptive,3,1,7,394,106,288,26.9036
SQLi,customapp,bwapp,login,PHP/MySQL,meta-llama/llama-4-maverick,cross_backend,0.3,CG-Adaptive,3,2,5,394,394,0,100.0000
SQLi,customapp,bwapp,login,PHP/MySQL,meta-llama/llama-4-maverick,cross_backend,0.3,CG-Adaptive,3,3,5,394,394,0,100.0000
SQLi,customapp,bwapp,login,PHP/MySQL,meta-llama/llama-4-maverick,cross_backend,0.3,CG-Adaptive,3,4,6,394,106,288,26.9036
SQLi,customapp,bwapp,login,PHP/MySQL,meta-llama/llama-4-maverick,cross_backend,0.3,CG-Adaptive,3,5,5,394,106,288,26.9036
SQLi,customapp,bwapp,login,PHP/MySQL,meta-llama/llama-4-maverick,cross_backend,0.3,CG-Adaptive,3,6,7,394,106,288,26.9036
SQLi,customapp,bwapp,login,PHP/MySQL,meta-llama/llama-4-maverick,cross_backend,0.3,CG-Adaptive,3,7,5,394,106,288,26.9036
SQLi,customapp,bwapp,login,PHP/MySQL,meta-llama/llama-4-maverick,cross_backend,0.3,CG-Adaptive,3,8,6,394,394,0,100.0000
SQLi,customapp,bwapp,login,PHP/MySQL,meta-llama/llama-4-maverick,cross_backend,0.3,CG-Adaptive,3,9,5,394,394,0,100.0000
SQLi,customapp,bwapp,login,PHP/MySQL,meta-llama/llama-4-maverick,cross_backend,0.3,CG-Adaptive,3,10,6,394,394,0,100.0000
SQLi,customapp,bwapp,login,PHP/MySQL,meta-llama/llama-4-maverick,cross_backend,0.3,CG-Adaptive,4,1,7,391,225,166,57.5448
SQLi,customapp,bwapp,login,PHP/MySQL,meta-llama/llama-4-maverick,cross_backend,0.3,CG-Adaptive,4,2,5,391,391,0,100.0000
SQLi,customapp,bwapp,login,PHP/MySQL,meta-llama/llama-4-maverick,cross_backend,0.3,CG-Adaptive,4,3,5,391,391,0,100.0000
SQLi,customapp,bwapp,login,PHP/MySQL,meta-llama/llama-4-maverick,cross_backend,0.3,CG-Adaptive,4,4,6,391,225,166,57.5448
SQLi,customapp,bwapp,login,PHP/MySQL,meta-llama/llama-4-maverick,cross_backend,0.3,CG-Adaptive,4,5,5,391,225,166,57.5448
SQLi,customapp,bwapp,login,PHP/MySQL,meta-llama/llama-4-maverick,cross_backend,0.3,CG-Adaptive,4,6,7,391,225,166,57.5448
SQLi,customapp,bwapp,login,PHP/MySQL,meta-llama/llama-4-maverick,cross_backend,0.3,CG-Adaptive,4,7,5,391,225,166,57.5448
SQLi,customapp,bwapp,login,PHP/MySQL,meta-llama/llama-4-maverick,cross_backend,0.3,CG-Adaptive,4,8,6,391,391,0,100.0000
SQLi,customapp,bwapp,login,PHP/MySQL,meta-llama/llama-4-maverick,cross_backend,0.3,CG-Adaptive,4,9,5,391,391,0,100.0000
SQLi,customapp,bwapp,login,PHP/MySQL,meta-llama/llama-4-maverick,cross_backend,0.3,CG-Adaptive,4,10,6,391,391,0,100.0000
SQLi,customapp,bwapp,login,PHP/MySQL,meta-llama/llama-4-maverick,cross_backend,0.3,CG-Adaptive,5,1,7,412,150,262,36.4078
SQLi,customapp,bwapp,login,PHP/MySQL,meta-llama/llama-4-maverick,cross_backend,0.3,CG-Adaptive,5,2,5,412,412,0,100.0000
SQLi,customapp,bwapp,login,PHP/MySQL,meta-llama/llama-4-maverick,cross_backend,0.3,CG-Adaptive,5,3,5,412,412,0,100.0000
SQLi,customapp,bwapp,login,PHP/MySQL,meta-llama/llama-4-maverick,cross_backend,0.3,CG-Adaptive,5,4,6,412,150,262,36.4078
SQLi,customapp,bwapp,login,PHP/MySQL,meta-llama/llama-4-maverick,cross_backend,0.3,CG-Adaptive,5,5,5,412,150,262,36.4078
SQLi,customapp,bwapp,login,PHP/MySQL,meta-llama/llama-4-maverick,cross_backend,0.3,CG-Adaptive,5,6,7,412,150,262,36.4078
SQLi,customapp,bwapp,login,PHP/MySQL,meta-llama/llama-4-maverick,cross_backend,0.3,CG-Adaptive,5,7,5,412,150,262,36.4078
SQLi,customapp,bwapp,login,PHP/MySQL,meta-llama/llama-4-maverick,cross_backend,0.3,CG-Adaptive,5,8,6,412,412,0,100.0000
SQLi,customapp,bwapp,login,PHP/MySQL,meta-llama/llama-4-maverick,cross_backend,0.3,CG-Adaptive,5,9,5,412,412,0,100.0000
SQLi,customapp,bwapp,login,PHP/MySQL,meta-llama/llama-4-maverick,cross_backend,0.3,CG-Adaptive,5,10,6,412,412,0,100.0000
SQLi,customapp,bwapp,login,PHP/MySQL,meta-llama/llama-4-maverick,cross_backend,0.3,CG-Static,1,1,5,409,393,16,96.0880
SQLi,customapp,bwapp,login,PHP/MySQL,meta-llama/llama-4-maverick,cross_backend,0.3,CG-Static,1,2,6,409,409,0,100.0000
SQLi,customapp,bwapp,login,PHP/MySQL,meta-llama/llama-4-maverick,cross_backend,0.3,CG-Static,1,3,4,409,393,16,96.0880
SQLi,customapp,bwapp,login,PHP/MySQL,meta-llama/llama-4-maverick,cross_backend,0.3,CG-Static,1,4,5,409,409,0,100.0000
SQLi,customapp,bwapp,login,PHP/MySQL,meta-llama/llama-4-maverick,cross_backend,0.3,CG-Static,1,5,5,409,393,16,96.0880
SQLi,customapp,bwapp,login,PHP/MySQL,meta-llama/llama-4-maverick,cross_backend,0.3,CG-Static,1,6,5,409,393,16,96.0880
SQLi,customapp,bwapp,login,PHP/MySQL,meta-llama/llama-4-maverick,cross_backend,0.3,CG-Static,1,7,6,409,393,16,96.0880
SQLi,customapp,bwapp,login,PHP/MySQL,meta-llama/llama-4-maverick,cross_backend,0.3,CG-Static,1,8,4,409,409,0,100.0000
SQLi,customapp,bwapp,login,PHP/MySQL,meta-llama/llama-4-maverick,cross_backend,0.3,CG-Static,1,9,5,409,393,16,96.0880
SQLi,customapp,bwapp,login,PHP/MySQL,meta-llama/llama-4-maverick,cross_backend,0.3,CG-Static,1,10,5,409,393,16,96.0880
SQLi,customapp,bwapp,login,PHP/MySQL,meta-llama/llama-4-maverick,cross_backend,0.3,CG-Static,2,1,5,380,258,122,67.8947
SQLi,customapp,bwapp,login,PHP/MySQL,meta-llama/llama-4-maverick,cross_backend,0.3,CG-Static,2,2,6,380,380,0,100.0000
SQLi,customapp,bwapp,login,PHP/MySQL,meta-llama/llama-4-maverick,cross_backend,0.3,CG-Static,2,3,4,380,258,122,67.8947
SQLi,customapp,bwapp,login,PHP/MySQL,meta-llama/llama-4-maverick,cross_backend,0.3,CG-Static,2,4,5,380,380,0,100.0000
SQLi,customapp,bwapp,login,PHP/MySQL,meta-llama/llama-4-maverick,cross_backend,0.3,CG-Static,2,5,5,380,258,122,67.8947
SQLi,customapp,bwapp,login,PHP/MySQL,meta-llama/llama-4-maverick,cross_backend,0.3,CG-Static,2,6,5,380,258,122,67.8947
SQLi,customapp,bwapp,login,PHP/MySQL,meta-llama/llama-4-maverick,cross_backend,0.3,CG-Static,2,7,6,380,258,122,67.8947
SQLi,customapp,bwapp,login,PHP/MySQL,meta-llama/llama-4-maverick,cross_backend,0.3,CG-Static,2,8,4,380,380,0,100.0000
SQLi,customapp,bwapp,login,PHP/MySQL,meta-llama/llama-4-maverick,cross_backend,0.3,CG-Static,2,9,5,380,258,122,67.8947
SQLi,customapp,bwapp,login,PHP/MySQL,meta-llama/llama-4-maverick,cross_backend,0.3,CG-Static,2,10,5,380,258,122,67.8947
SQLi,customapp,bwapp,login,PHP/MySQL,meta-llama/llama-4-maverick,cross_backend,0.3,CG-Static,3,1,5,394,106,288,26.9036
SQLi,customapp,bwapp,login,PHP/MySQL,meta-llama/llama-4-maverick,cross_backend,0.3,CG-Static,3,2,6,394,394,0,100.0000
SQLi,customapp,bwapp,login,PHP/MySQL,meta-llama/llama-4-maverick,cross_backend,0.3,CG-Static,3,3,4,394,106,288,26.9036
SQLi,customapp,bwapp,login,PHP/MySQL,meta-llama/llama-4-maverick,cross_backend,0.3,CG-Static,3,4,5,394,394,0,100.0000
SQLi,customapp,bwapp,login,PHP/MySQL,meta-llama/llama-4-maverick,cross_backend,0.3,CG-Static,3,5,5,394,106,288,26.9036
SQLi,customapp,bwapp,login,PHP/MySQL,meta-llama/llama-4-maverick,cross_backend,0.3,CG-Static,3,6,5,394,106,288,26.9036
SQLi,customapp,bwapp,login,PHP/MySQL,meta-llama/llama-4-maverick,cross_backend,0.3,CG-Static,3,7,6,394,106,288,26.9036
SQLi,customapp,bwapp,login,PHP/MySQL,meta-llama/llama-4-maverick,cross_backend,0.3,CG-Static,3,8,4,394,394,0,100.0000
SQLi,customapp,bwapp,login,PHP/MySQL,meta-llama/llama-4-maverick,cross_backend,0.3,CG-Static,3,9,5,394,106,288,26.9036
SQLi,customapp,bwapp,login,PHP/MySQL,meta-llama/llama-4-maverick,cross_backend,0.3,CG-Static,3,10,5,394,106,288,26.9036
SQLi,customapp,bwapp,login,PHP/MySQL,meta-llama/llama-4-maverick,cross_backend,0.3,CG-Static,4,1,5,391,225,166,57.5448
SQLi,customapp,bwapp,login,PHP/MySQL,meta-llama/llama-4-maverick,cross_backend,0.3,CG-Static,4,2,6,391,391,0,100.0000
SQLi,customapp,bwapp,login,PHP/MySQL,meta-llama/llama-4-maverick,cross_backend,0.3,CG-Static,4,3,4,391,225,166,57.5448
SQLi,customapp,bwapp,login,PHP/MySQL,meta-llama/llama-4-maverick,cross_backend,0.3,CG-Static,4,4,5,391,391,0,100.0000
SQLi,customapp,bwapp,login,PHP/MySQL,meta-llama/llama-4-maverick,cross_backend,0.3,CG-Static,4,5,5,391,225,166,57.5448
SQLi,customapp,bwapp,login,PHP/MySQL,meta-llama/llama-4-maverick,cross_backend,0.3,CG-Static,4,6,5,391,225,166,57.5448
SQLi,customapp,bwapp,login,PHP/MySQL,meta-llama/llama-4-maverick,cross_backend,0.3,CG-Static,4,7,6,391,225,166,57.5448
SQLi,customapp,bwapp,login,PHP/MySQL,meta-llama/llama-4-maverick,cross_backend,0.3,CG-Static,4,8,4,391,391,0,100.0000
SQLi,customapp,bwapp,login,PHP/MySQL,meta-llama/llama-4-maverick,cross_backend,0.3,CG-Static,4,9,5,391,225,166,57.5448
SQLi,customapp,bwapp,login,PHP/MySQL,meta-llama/llama-4-maverick,cross_backend,0.3,CG-Static,4,10,5,391,225,166,57.5448
SQLi,customapp,bwapp,login,PHP/MySQL,meta-llama/llama-4-maverick,cross_backend,0.3,CG-Static,5,1,5,412,150,262,36.4078
SQLi,customapp,bwapp,login,PHP/MySQL,meta-llama/llama-4-maverick,cross_backend,0.3,CG-Static,5,2,6,412,412,0,100.0000
SQLi,customapp,bwapp,login,PHP/MySQL,meta-llama/llama-4-maverick,cross_backend,0.3,CG-Static,5,3,4,412,150,262,36.4078
SQLi,customapp,bwapp,login,PHP/MySQL,meta-llama/llama-4-maverick,cross_backend,0.3,CG-Static,5,4,5,412,412,0,100.0000
SQLi,customapp,bwapp,login,PHP/MySQL,meta-llama/llama-4-maverick,cross_backend,0.3,CG-Static,5,5,5,412,150,262,36.4078
SQLi,customapp,bwapp,login,PHP/MySQL,meta-llama/llama-4-maverick,cross_backend,0.3,CG-Static,5,6,5,412,150,262,36.4078
SQLi,customapp,bwapp,login,PHP/MySQL,meta-llama/llama-4-maverick,cross_backend,0.3,CG-Static,5,7,6,412,150,262,36.4078
SQLi,customapp,bwapp,login,PHP/MySQL,meta-llama/llama-4-maverick,cross_backend,0.3,CG-Static,5,8,4,412,412,0,100.0000
SQLi,customapp,bwapp,login,PHP/MySQL,meta-llama/llama-4-maverick,cross_backend,0.3,CG-Static,5,9,5,412,150,262,36.4078
SQLi,customapp,bwapp,login,PHP/MySQL,meta-llama/llama-4-maverick,cross_backend,0.3,CG-Static,5,10,5,412,150,262,36.4078
SQLi,customapp,bwapp,login,PHP/MySQL,meta-llama/llama-4-maverick,cross_backend,0.3,CRS-only,1,0,0,409,0,409,0.0000
SQLi,customapp,bwapp,login,PHP/MySQL,meta-llama/llama-4-maverick,cross_backend,0.3,CRS-only,2,0,0,380,0,380,0.0000
SQLi,customapp,bwapp,login,PHP/MySQL,meta-llama/llama-4-maverick,cross_backend,0.3,CRS-only,3,0,0,394,0,394,0.0000
SQLi,customapp,bwapp,login,PHP/MySQL,meta-llama/llama-4-maverick,cross_backend,0.3,CRS-only,4,0,0,391,0,391,0.0000
SQLi,customapp,bwapp,login,PHP/MySQL,meta-llama/llama-4-maverick,cross_backend,0.3,CRS-only,5,0,0,412,0,412,0.0000
SQLi,customapp,bwapp,login,PHP/MySQL,meta-llama/llama-4-maverick,cross_backend,0.4,CG-Adaptive,1,1,5,409,393,16,96.0880
SQLi,customapp,bwapp,login,PHP/MySQL,meta-llama/llama-4-maverick,cross_backend,0.4,CG-Adaptive,1,2,4,409,409,0,100.0000
SQLi,customapp,bwapp,login,PHP/MySQL,meta-llama/llama-4-maverick,cross_backend,0.4,CG-Adaptive,1,3,6,409,393,16,96.0880
SQLi,customapp,bwapp,login,PHP/MySQL,meta-llama/llama-4-maverick,cross_backend,0.4,CG-Adaptive,1,4,5,409,393,16,96.0880
SQLi,customapp,bwapp,login,PHP/MySQL,meta-llama/llama-4-maverick,cross_backend,0.4,CG-Adaptive,1,5,6,409,409,0,100.0000
SQLi,customapp,bwapp,login,PHP/MySQL,meta-llama/llama-4-maverick,cross_backend,0.4,CG-Adaptive,1,6,5,409,409,0,100.0000
SQLi,customapp,bwapp,login,PHP/MySQL,meta-llama/llama-4-maverick,cross_backend,0.4,CG-Adaptive,1,7,5,409,409,0,100.0000
SQLi,customapp,bwapp,login,PHP/MySQL,meta-llama/llama-4-maverick,cross_backend,0.4,CG-Adaptive,1,8,5,409,409,0,100.0000
SQLi,customapp,bwapp,login,PHP/MySQL,meta-llama/llama-4-maverick,cross_backend,0.4,CG-Adaptive,1,9,4,409,409,0,100.0000
SQLi,customapp,bwapp,login,PHP/MySQL,meta-llama/llama-4-maverick,cross_backend,0.4,CG-Adaptive,1,10,5,409,409,0,100.0000
SQLi,customapp,bwapp,login,PHP/MySQL,meta-llama/llama-4-maverick,cross_backend,0.4,CG-Adaptive,2,1,5,380,258,122,67.8947
SQLi,customapp,bwapp,login,PHP/MySQL,meta-llama/llama-4-maverick,cross_backend,0.4,CG-Adaptive,2,2,4,380,380,0,100.0000
SQLi,customapp,bwapp,login,PHP/MySQL,meta-llama/llama-4-maverick,cross_backend,0.4,CG-Adaptive,2,3,6,380,258,122,67.8947
SQLi,customapp,bwapp,login,PHP/MySQL,meta-llama/llama-4-maverick,cross_backend,0.4,CG-Adaptive,2,4,5,380,258,122,67.8947
SQLi,customapp,bwapp,login,PHP/MySQL,meta-llama/llama-4-maverick,cross_backend,0.4,CG-Adaptive,2,5,6,380,380,0,100.0000
SQLi,customapp,bwapp,login,PHP/MySQL,meta-llama/llama-4-maverick,cross_backend,0.4,CG-Adaptive,2,6,5,380,380,0,100.0000
SQLi,customapp,bwapp,login,PHP/MySQL,meta-llama/llama-4-maverick,cross_backend,0.4,CG-Adaptive,2,7,5,380,380,0,100.0000
SQLi,customapp,bwapp,login,PHP/MySQL,meta-llama/llama-4-maverick,cross_backend,0.4,CG-Adaptive,2,8,5,380,380,0,100.0000
SQLi,customapp,bwapp,login,PHP/MySQL,meta-llama/llama-4-maverick,cross_backend,0.4,CG-Adaptive,2,9,4,380,380,0,100.0000
SQLi,customapp,bwapp,login,PHP/MySQL,meta-llama/llama-4-maverick,cross_backend,0.4,CG-Adaptive,2,10,5,380,380,0,100.0000
SQLi,customapp,bwapp,login,PHP/MySQL,meta-llama/llama-4-maverick,cross_backend,0.4,CG-Adaptive,3,1,5,394,106,288,26.9036
SQLi,customapp,bwapp,login,PHP/MySQL,meta-llama/llama-4-maverick,cross_backend,0.4,CG-Adaptive,3,2,4,394,394,0,100.0000
SQLi,customapp,bwapp,login,PHP/MySQL,meta-llama/llama-4-maverick,cross_backend,0.4,CG-Adaptive,3,3,6,394,106,288,26.9036
SQLi,customapp,bwapp,login,PHP/MySQL,meta-llama/llama-4-maverick,cross_backend,0.4,CG-Adaptive,3,4,5,394,106,288,26.9036
SQLi,customapp,bwapp,login,PHP/MySQL,meta-llama/llama-4-maverick,cross_backend,0.4,CG-Adaptive,3,5,6,394,394,0,100.0000
SQLi,customapp,bwapp,login,PHP/MySQL,meta-llama/llama-4-maverick,cross_backend,0.4,CG-Adaptive,3,6,5,394,394,0,100.0000
SQLi,customapp,bwapp,login,PHP/MySQL,meta-llama/llama-4-maverick,cross_backend,0.4,CG-Adaptive,3,7,5,394,394,0,100.0000
SQLi,customapp,bwapp,login,PHP/MySQL,meta-llama/llama-4-maverick,cross_backend,0.4,CG-Adaptive,3,8,5,394,394,0,100.0000
SQLi,customapp,bwapp,login,PHP/MySQL,meta-llama/llama-4-maverick,cross_backend,0.4,CG-Adaptive,3,9,4,394,394,0,100.0000
SQLi,customapp,bwapp,login,PHP/MySQL,meta-llama/llama-4-maverick,cross_backend,0.4,CG-Adaptive,3,10,5,394,394,0,100.0000
SQLi,customapp,bwapp,login,PHP/MySQL,meta-llama/llama-4-maverick,cross_backend,0.4,CG-Adaptive,4,1,5,391,225,166,57.5448
SQLi,customapp,bwapp,login,PHP/MySQL,meta-llama/llama-4-maverick,cross_backend,0.4,CG-Adaptive,4,2,4,391,391,0,100.0000
SQLi,customapp,bwapp,login,PHP/MySQL,meta-llama/llama-4-maverick,cross_backend,0.4,CG-Adaptive,4,3,6,391,225,166,57.5448
SQLi,customapp,bwapp,login,PHP/MySQL,meta-llama/llama-4-maverick,cross_backend,0.4,CG-Adaptive,4,4,5,391,225,166,57.5448
SQLi,customapp,bwapp,login,PHP/MySQL,meta-llama/llama-4-maverick,cross_backend,0.4,CG-Adaptive,4,5,6,391,391,0,100.0000
SQLi,customapp,bwapp,login,PHP/MySQL,meta-llama/llama-4-maverick,cross_backend,0.4,CG-Adaptive,4,6,5,391,391,0,100.0000
SQLi,customapp,bwapp,login,PHP/MySQL,meta-llama/llama-4-maverick,cross_backend,0.4,CG-Adaptive,4,7,5,391,391,0,100.0000
SQLi,customapp,bwapp,login,PHP/MySQL,meta-llama/llama-4-maverick,cross_backend,0.4,CG-Adaptive,4,8,5,391,391,0,100.0000
SQLi,customapp,bwapp,login,PHP/MySQL,meta-llama/llama-4-maverick,cross_backend,0.4,CG-Adaptive,4,9,4,391,391,0,100.0000
SQLi,customapp,bwapp,login,PHP/MySQL,meta-llama/llama-4-maverick,cross_backend,0.4,CG-Adaptive,4,10,5,391,391,0,100.0000
SQLi,customapp,bwapp,login,PHP/MySQL,meta-llama/llama-4-maverick,cross_backend,0.4,CG-Adaptive,5,1,5,412,150,262,36.4078
SQLi,customapp,bwapp,login,PHP/MySQL,meta-llama/llama-4-maverick,cross_backend,0.4,CG-Adaptive,5,2,4,412,412,0,100.0000
SQLi,customapp,bwapp,login,PHP/MySQL,meta-llama/llama-4-maverick,cross_backend,0.4,CG-Adaptive,5,3,6,412,150,262,36.4078
SQLi,customapp,bwapp,login,PHP/MySQL,meta-llama/llama-4-maverick,cross_backend,0.4,CG-Adaptive,5,4,5,412,150,262,36.4078
SQLi,customapp,bwapp,login,PHP/MySQL,meta-llama/llama-4-maverick,cross_backend,0.4,CG-Adaptive,5,5,6,412,412,0,100.0000
SQLi,customapp,bwapp,login,PHP/MySQL,meta-llama/llama-4-maverick,cross_backend,0.4,CG-Adaptive,5,6,5,412,412,0,100.0000
SQLi,customapp,bwapp,login,PHP/MySQL,meta-llama/llama-4-maverick,cross_backend,0.4,CG-Adaptive,5,7,5,412,412,0,100.0000
SQLi,customapp,bwapp,login,PHP/MySQL,meta-llama/llama-4-maverick,cross_backend,0.4,CG-Adaptive,5,8,5,412,412,0,100.0000
SQLi,customapp,bwapp,login,PHP/MySQL,meta-llama/llama-4-maverick,cross_backend,0.4,CG-Adaptive,5,9,4,412,412,0,100.0000
SQLi,customapp,bwapp,login,PHP/MySQL,meta-llama/llama-4-maverick,cross_backend,0.4,CG-Adaptive,5,10,5,412,412,0,100.0000
SQLi,customapp,bwapp,login,PHP/MySQL,meta-llama/llama-4-maverick,cross_backend,0.4,CG-Static,1,1,4,409,393,16,96.0880
SQLi,customapp,bwapp,login,PHP/MySQL,meta-llama/llama-4-maverick,cross_backend,0.4,CG-Static,1,2,7,409,409,0,100.0000
SQLi,customapp,bwapp,login,PHP/MySQL,meta-llama/llama-4-maverick,cross_backend,0.4,CG-Static,1,3,4,409,393,16,96.0880
SQLi,customapp,bwapp,login,PHP/MySQL,meta-llama/llama-4-maverick,cross_backend,0.4,CG-Static,1,4,5,409,393,16,96.0880
SQLi,customapp,bwapp,login,PHP/MySQL,meta-llama/llama-4-maverick,cross_backend,0.4,CG-Static,1,5,6,409,393,16,96.0880
SQLi,customapp,bwapp,login,PHP/MySQL,meta-llama/llama-4-maverick,cross_backend,0.4,CG-Static,1,6,4,409,409,0,100.0000
SQLi,customapp,bwapp,login,PHP/MySQL,meta-llama/llama-4-maverick,cross_backend,0.4,CG-Static,1,7,4,409,393,16,96.0880
SQLi,customapp,bwapp,login,PHP/MySQL,meta-llama/llama-4-maverick,cross_backend,0.4,CG-Static,1,8,5,409,409,0,100.0000
SQLi,customapp,bwapp,login,PHP/MySQL,meta-llama/llama-4-maverick,cross_backend,0.4,CG-Static,1,9,5,409,393,16,96.0880
SQLi,customapp,bwapp,login,PHP/MySQL,meta-llama/llama-4-maverick,cross_backend,0.4,CG-Static,1,10,7,409,393,16,96.0880
SQLi,customapp,bwapp,login,PHP/MySQL,meta-llama/llama-4-maverick,cross_backend,0.4,CG-Static,2,1,4,380,258,122,67.8947
SQLi,customapp,bwapp,login,PHP/MySQL,meta-llama/llama-4-maverick,cross_backend,0.4,CG-Static,2,2,7,380,380,0,100.0000
SQLi,customapp,bwapp,login,PHP/MySQL,meta-llama/llama-4-maverick,cross_backend,0.4,CG-Static,2,3,4,380,258,122,67.8947
SQLi,customapp,bwapp,login,PHP/MySQL,meta-llama/llama-4-maverick,cross_backend,0.4,CG-Static,2,4,5,380,258,122,67.8947
SQLi,customapp,bwapp,login,PHP/MySQL,meta-llama/llama-4-maverick,cross_backend,0.4,CG-Static,2,5,6,380,258,122,67.8947
SQLi,customapp,bwapp,login,PHP/MySQL,meta-llama/llama-4-maverick,cross_backend,0.4,CG-Static,2,6,4,380,380,0,100.0000
SQLi,customapp,bwapp,login,PHP/MySQL,meta-llama/llama-4-maverick,cross_backend,0.4,CG-Static,2,7,4,380,258,122,67.8947
SQLi,customapp,bwapp,login,PHP/MySQL,meta-llama/llama-4-maverick,cross_backend,0.4,CG-Static,2,8,5,380,380,0,100.0000
SQLi,customapp,bwapp,login,PHP/MySQL,meta-llama/llama-4-maverick,cross_backend,0.4,CG-Static,2,9,5,380,258,122,67.8947
SQLi,customapp,bwapp,login,PHP/MySQL,meta-llama/llama-4-maverick,cross_backend,0.4,CG-Static,2,10,7,380,258,122,67.8947
SQLi,customapp,bwapp,login,PHP/MySQL,meta-llama/llama-4-maverick,cross_backend,0.4,CG-Static,3,1,4,394,106,288,26.9036
SQLi,customapp,bwapp,login,PHP/MySQL,meta-llama/llama-4-maverick,cross_backend,0.4,CG-Static,3,2,7,394,394,0,100.0000
SQLi,customapp,bwapp,login,PHP/MySQL,meta-llama/llama-4-maverick,cross_backend,0.4,CG-Static,3,3,4,394,106,288,26.9036
SQLi,customapp,bwapp,login,PHP/MySQL,meta-llama/llama-4-maverick,cross_backend,0.4,CG-Static,3,4,5,394,106,288,26.9036
SQLi,customapp,bwapp,login,PHP/MySQL,meta-llama/llama-4-maverick,cross_backend,0.4,CG-Static,3,5,6,394,106,288,26.9036
SQLi,customapp,bwapp,login,PHP/MySQL,meta-llama/llama-4-maverick,cross_backend,0.4,CG-Static,3,6,4,394,394,0,100.0000
SQLi,customapp,bwapp,login,PHP/MySQL,meta-llama/llama-4-maverick,cross_backend,0.4,CG-Static,3,7,4,394,106,288,26.9036
SQLi,customapp,bwapp,login,PHP/MySQL,meta-llama/llama-4-maverick,cross_backend,0.4,CG-Static,3,8,5,394,394,0,100.0000
SQLi,customapp,bwapp,login,PHP/MySQL,meta-llama/llama-4-maverick,cross_backend,0.4,CG-Static,3,9,5,394,106,288,26.9036
SQLi,customapp,bwapp,login,PHP/MySQL,meta-llama/llama-4-maverick,cross_backend,0.4,CG-Static,3,10,7,394,106,288,26.9036
SQLi,customapp,bwapp,login,PHP/MySQL,meta-llama/llama-4-maverick,cross_backend,0.4,CG-Static,4,1,4,391,225,166,57.5448
SQLi,customapp,bwapp,login,PHP/MySQL,meta-llama/llama-4-maverick,cross_backend,0.4,CG-Static,4,2,7,391,391,0,100.0000
SQLi,customapp,bwapp,login,PHP/MySQL,meta-llama/llama-4-maverick,cross_backend,0.4,CG-Static,4,3,4,391,225,166,57.5448
SQLi,customapp,bwapp,login,PHP/MySQL,meta-llama/llama-4-maverick,cross_backend,0.4,CG-Static,4,4,5,391,225,166,57.5448
SQLi,customapp,bwapp,login,PHP/MySQL,meta-llama/llama-4-maverick,cross_backend,0.4,CG-Static,4,5,6,391,225,166,57.5448
SQLi,customapp,bwapp,login,PHP/MySQL,meta-llama/llama-4-maverick,cross_backend,0.4,CG-Static,4,6,4,391,391,0,100.0000
SQLi,customapp,bwapp,login,PHP/MySQL,meta-llama/llama-4-maverick,cross_backend,0.4,CG-Static,4,7,4,391,225,166,57.5448
SQLi,customapp,bwapp,login,PHP/MySQL,meta-llama/llama-4-maverick,cross_backend,0.4,CG-Static,4,8,5,391,391,0,100.0000
SQLi,customapp,bwapp,login,PHP/MySQL,meta-llama/llama-4-maverick,cross_backend,0.4,CG-Static,4,9,5,391,225,166,57.5448
SQLi,customapp,bwapp,login,PHP/MySQL,meta-llama/llama-4-maverick,cross_backend,0.4,CG-Static,4,10,7,391,225,166,57.5448
SQLi,customapp,bwapp,login,PHP/MySQL,meta-llama/llama-4-maverick,cross_backend,0.4,CG-Static,5,1,4,412,150,262,36.4078
SQLi,customapp,bwapp,login,PHP/MySQL,meta-llama/llama-4-maverick,cross_backend,0.4,CG-Static,5,2,7,412,412,0,100.0000
SQLi,customapp,bwapp,login,PHP/MySQL,meta-llama/llama-4-maverick,cross_backend,0.4,CG-Static,5,3,4,412,150,262,36.4078
SQLi,customapp,bwapp,login,PHP/MySQL,meta-llama/llama-4-maverick,cross_backend,0.4,CG-Static,5,4,5,412,150,262,36.4078
SQLi,customapp,bwapp,login,PHP/MySQL,meta-llama/llama-4-maverick,cross_backend,0.4,CG-Static,5,5,6,412,150,262,36.4078
SQLi,customapp,bwapp,login,PHP/MySQL,meta-llama/llama-4-maverick,cross_backend,0.4,CG-Static,5,6,4,412,412,0,100.0000
SQLi,customapp,bwapp,login,PHP/MySQL,meta-llama/llama-4-maverick,cross_backend,0.4,CG-Static,5,7,4,412,150,262,36.4078
SQLi,customapp,bwapp,login,PHP/MySQL,meta-llama/llama-4-maverick,cross_backend,0.4,CG-Static,5,8,5,412,412,0,100.0000
SQLi,customapp,bwapp,login,PHP/MySQL,meta-llama/llama-4-maverick,cross_backend,0.4,CG-Static,5,9,5,412,150,262,36.4078
SQLi,customapp,bwapp,login,PHP/MySQL,meta-llama/llama-4-maverick,cross_backend,0.4,CG-Static,5,10,7,412,150,262,36.4078
SQLi,customapp,bwapp,login,PHP/MySQL,meta-llama/llama-4-maverick,cross_backend,0.4,CRS-only,1,0,0,409,0,409,0.0000
SQLi,customapp,bwapp,login,PHP/MySQL,meta-llama/llama-4-maverick,cross_backend,0.4,CRS-only,2,0,0,380,0,380,0.0000
SQLi,customapp,bwapp,login,PHP/MySQL,meta-llama/llama-4-maverick,cross_backend,0.4,CRS-only,3,0,0,394,0,394,0.0000
SQLi,customapp,bwapp,login,PHP/MySQL,meta-llama/llama-4-maverick,cross_backend,0.4,CRS-only,4,0,0,391,0,391,0.0000
SQLi,customapp,bwapp,login,PHP/MySQL,meta-llama/llama-4-maverick,cross_backend,0.4,CRS-only,5,0,0,412,0,412,0.0000
SQLi,customapp,bwapp,login,PHP/MySQL,meta-llama/llama-4-maverick,cross_backend,0.5,CG-Adaptive,1,1,7,409,409,0,100.0000
SQLi,customapp,bwapp,login,PHP/MySQL,meta-llama/llama-4-maverick,cross_backend,0.5,CG-Adaptive,1,2,5,409,393,16,96.0880
SQLi,customapp,bwapp,login,PHP/MySQL,meta-llama/llama-4-maverick,cross_backend,0.5,CG-Adaptive,1,3,4,409,409,0,100.0000
SQLi,customapp,bwapp,login,PHP/MySQL,meta-llama/llama-4-maverick,cross_backend,0.5,CG-Adaptive,1,4,5,409,409,0,100.0000
SQLi,customapp,bwapp,login,PHP/MySQL,meta-llama/llama-4-maverick,cross_backend,0.5,CG-Adaptive,1,5,5,409,409,0,100.0000
SQLi,customapp,bwapp,login,PHP/MySQL,meta-llama/llama-4-maverick,cross_backend,0.5,CG-Adaptive,1,6,5,409,409,0,100.0000
SQLi,customapp,bwapp,login,PHP/MySQL,meta-llama/llama-4-maverick,cross_backend,0.5,CG-Adaptive,1,7,9,409,393,16,96.0880
SQLi,customapp,bwapp,login,PHP/MySQL,meta-llama/llama-4-maverick,cross_backend,0.5,CG-Adaptive,1,8,6,409,409,0,100.0000
SQLi,customapp,bwapp,login,PHP/MySQL,meta-llama/llama-4-maverick,cross_backend,0.5,CG-Adaptive,1,9,4,409,393,16,96.0880
SQLi,customapp,bwapp,login,PHP/MySQL,meta-llama/llama-4-maverick,cross_backend,0.5,CG-Adaptive,1,10,9,409,409,0,100.0000
SQLi,customapp,bwapp,login,PHP/MySQL,meta-llama/llama-4-maverick,cross_backend,0.5,CG-Adaptive,2,1,7,380,380,0,100.0000
SQLi,customapp,bwapp,login,PHP/MySQL,meta-llama/llama-4-maverick,cross_backend,0.5,CG-Adaptive,2,2,5,380,258,122,67.8947
SQLi,customapp,bwapp,login,PHP/MySQL,meta-llama/llama-4-maverick,cross_backend,0.5,CG-Adaptive,2,3,4,380,380,0,100.0000
SQLi,customapp,bwapp,login,PHP/MySQL,meta-llama/llama-4-maverick,cross_backend,0.5,CG-Adaptive,2,4,5,380,380,0,100.0000
SQLi,customapp,bwapp,login,PHP/MySQL,meta-llama/llama-4-maverick,cross_backend,0.5,CG-Adaptive,2,5,5,380,380,0,100.0000
SQLi,customapp,bwapp,login,PHP/MySQL,meta-llama/llama-4-maverick,cross_backend,0.5,CG-Adaptive,2,6,5,380,380,0,100.0000
SQLi,customapp,bwapp,login,PHP/MySQL,meta-llama/llama-4-maverick,cross_backend,0.5,CG-Adaptive,2,7,9,380,258,122,67.8947
SQLi,customapp,bwapp,login,PHP/MySQL,meta-llama/llama-4-maverick,cross_backend,0.5,CG-Adaptive,2,8,6,380,380,0,100.0000
SQLi,customapp,bwapp,login,PHP/MySQL,meta-llama/llama-4-maverick,cross_backend,0.5,CG-Adaptive,2,9,4,380,258,122,67.8947
SQLi,customapp,bwapp,login,PHP/MySQL,meta-llama/llama-4-maverick,cross_backend,0.5,CG-Adaptive,2,10,9,380,380,0,100.0000
SQLi,customapp,bwapp,login,PHP/MySQL,meta-llama/llama-4-maverick,cross_backend,0.5,CG-Adaptive,3,1,7,394,394,0,100.0000
SQLi,customapp,bwapp,login,PHP/MySQL,meta-llama/llama-4-maverick,cross_backend,0.5,CG-Adaptive,3,2,5,394,106,288,26.9036
SQLi,customapp,bwapp,login,PHP/MySQL,meta-llama/llama-4-maverick,cross_backend,0.5,CG-Adaptive,3,3,4,394,394,0,100.0000
SQLi,customapp,bwapp,login,PHP/MySQL,meta-llama/llama-4-maverick,cross_backend,0.5,CG-Adaptive,3,4,5,394,394,0,100.0000
SQLi,customapp,bwapp,login,PHP/MySQL,meta-llama/llama-4-maverick,cross_backend,0.5,CG-Adaptive,3,5,5,394,394,0,100.0000
SQLi,customapp,bwapp,login,PHP/MySQL,meta-llama/llama-4-maverick,cross_backend,0.5,CG-Adaptive,3,6,5,394,394,0,100.0000
SQLi,customapp,bwapp,login,PHP/MySQL,meta-llama/llama-4-maverick,cross_backend,0.5,CG-Adaptive,3,7,9,394,106,288,26.9036
SQLi,customapp,bwapp,login,PHP/MySQL,meta-llama/llama-4-maverick,cross_backend,0.5,CG-Adaptive,3,8,6,394,394,0,100.0000
SQLi,customapp,bwapp,login,PHP/MySQL,meta-llama/llama-4-maverick,cross_backend,0.5,CG-Adaptive,3,9,4,394,106,288,26.9036
SQLi,customapp,bwapp,login,PHP/MySQL,meta-llama/llama-4-maverick,cross_backend,0.5,CG-Adaptive,3,10,9,394,394,0,100.0000
SQLi,customapp,bwapp,login,PHP/MySQL,meta-llama/llama-4-maverick,cross_backend,0.5,CG-Adaptive,4,1,7,391,391,0,100.0000
SQLi,customapp,bwapp,login,PHP/MySQL,meta-llama/llama-4-maverick,cross_backend,0.5,CG-Adaptive,4,2,5,391,225,166,57.5448
SQLi,customapp,bwapp,login,PHP/MySQL,meta-llama/llama-4-maverick,cross_backend,0.5,CG-Adaptive,4,3,4,391,391,0,100.0000
SQLi,customapp,bwapp,login,PHP/MySQL,meta-llama/llama-4-maverick,cross_backend,0.5,CG-Adaptive,4,4,5,391,391,0,100.0000
SQLi,customapp,bwapp,login,PHP/MySQL,meta-llama/llama-4-maverick,cross_backend,0.5,CG-Adaptive,4,5,5,391,391,0,100.0000
SQLi,customapp,bwapp,login,PHP/MySQL,meta-llama/llama-4-maverick,cross_backend,0.5,CG-Adaptive,4,6,5,391,391,0,100.0000
SQLi,customapp,bwapp,login,PHP/MySQL,meta-llama/llama-4-maverick,cross_backend,0.5,CG-Adaptive,4,7,9,391,225,166,57.5448
SQLi,customapp,bwapp,login,PHP/MySQL,meta-llama/llama-4-maverick,cross_backend,0.5,CG-Adaptive,4,8,6,391,391,0,100.0000
SQLi,customapp,bwapp,login,PHP/MySQL,meta-llama/llama-4-maverick,cross_backend,0.5,CG-Adaptive,4,9,4,391,225,166,57.5448
SQLi,customapp,bwapp,login,PHP/MySQL,meta-llama/llama-4-maverick,cross_backend,0.5,CG-Adaptive,4,10,9,391,391,0,100.0000
SQLi,customapp,bwapp,login,PHP/MySQL,meta-llama/llama-4-maverick,cross_backend,0.5,CG-Adaptive,5,1,7,412,412,0,100.0000
SQLi,customapp,bwapp,login,PHP/MySQL,meta-llama/llama-4-maverick,cross_backend,0.5,CG-Adaptive,5,2,5,412,150,262,36.4078
SQLi,customapp,bwapp,login,PHP/MySQL,meta-llama/llama-4-maverick,cross_backend,0.5,CG-Adaptive,5,3,4,412,412,0,100.0000
SQLi,customapp,bwapp,login,PHP/MySQL,meta-llama/llama-4-maverick,cross_backend,0.5,CG-Adaptive,5,4,5,412,412,0,100.0000
SQLi,customapp,bwapp,login,PHP/MySQL,meta-llama/llama-4-maverick,cross_backend,0.5,CG-Adaptive,5,5,5,412,412,0,100.0000
SQLi,customapp,bwapp,login,PHP/MySQL,meta-llama/llama-4-maverick,cross_backend,0.5,CG-Adaptive,5,6,5,412,412,0,100.0000
SQLi,customapp,bwapp,login,PHP/MySQL,meta-llama/llama-4-maverick,cross_backend,0.5,CG-Adaptive,5,7,9,412,150,262,36.4078
SQLi,customapp,bwapp,login,PHP/MySQL,meta-llama/llama-4-maverick,cross_backend,0.5,CG-Adaptive,5,8,6,412,412,0,100.0000
SQLi,customapp,bwapp,login,PHP/MySQL,meta-llama/llama-4-maverick,cross_backend,0.5,CG-Adaptive,5,9,4,412,150,262,36.4078
SQLi,customapp,bwapp,login,PHP/MySQL,meta-llama/llama-4-maverick,cross_backend,0.5,CG-Adaptive,5,10,9,412,412,0,100.0000
SQLi,customapp,bwapp,login,PHP/MySQL,meta-llama/llama-4-maverick,cross_backend,0.5,CG-Static,1,1,5,409,393,16,96.0880
SQLi,customapp,bwapp,login,PHP/MySQL,meta-llama/llama-4-maverick,cross_backend,0.5,CG-Static,1,2,4,409,409,0,100.0000
SQLi,customapp,bwapp,login,PHP/MySQL,meta-llama/llama-4-maverick,cross_backend,0.5,CG-Static,1,3,4,409,393,16,96.0880
SQLi,customapp,bwapp,login,PHP/MySQL,meta-llama/llama-4-maverick,cross_backend,0.5,CG-Static,1,4,5,409,409,0,100.0000
SQLi,customapp,bwapp,login,PHP/MySQL,meta-llama/llama-4-maverick,cross_backend,0.5,CG-Static,1,5,6,409,393,16,96.0880
SQLi,customapp,bwapp,login,PHP/MySQL,meta-llama/llama-4-maverick,cross_backend,0.5,CG-Static,1,6,4,409,393,16,96.0880
SQLi,customapp,bwapp,login,PHP/MySQL,meta-llama/llama-4-maverick,cross_backend,0.5,CG-Static,1,7,6,409,393,16,96.0880
SQLi,customapp,bwapp,login,PHP/MySQL,meta-llama/llama-4-maverick,cross_backend,0.5,CG-Static,1,8,7,409,409,0,100.0000
SQLi,customapp,bwapp,login,PHP/MySQL,meta-llama/llama-4-maverick,cross_backend,0.5,CG-Static,1,9,5,409,393,16,96.0880
SQLi,customapp,bwapp,login,PHP/MySQL,meta-llama/llama-4-maverick,cross_backend,0.5,CG-Static,1,10,4,409,393,16,96.0880
SQLi,customapp,bwapp,login,PHP/MySQL,meta-llama/llama-4-maverick,cross_backend,0.5,CG-Static,2,1,5,380,258,122,67.8947
SQLi,customapp,bwapp,login,PHP/MySQL,meta-llama/llama-4-maverick,cross_backend,0.5,CG-Static,2,2,4,380,380,0,100.0000
SQLi,customapp,bwapp,login,PHP/MySQL,meta-llama/llama-4-maverick,cross_backend,0.5,CG-Static,2,3,4,380,258,122,67.8947
SQLi,customapp,bwapp,login,PHP/MySQL,meta-llama/llama-4-maverick,cross_backend,0.5,CG-Static,2,4,5,380,380,0,100.0000
SQLi,customapp,bwapp,login,PHP/MySQL,meta-llama/llama-4-maverick,cross_backend,0.5,CG-Static,2,5,6,380,258,122,67.8947
SQLi,customapp,bwapp,login,PHP/MySQL,meta-llama/llama-4-maverick,cross_backend,0.5,CG-Static,2,6,4,380,258,122,67.8947
SQLi,customapp,bwapp,login,PHP/MySQL,meta-llama/llama-4-maverick,cross_backend,0.5,CG-Static,2,7,6,380,258,122,67.8947
SQLi,customapp,bwapp,login,PHP/MySQL,meta-llama/llama-4-maverick,cross_backend,0.5,CG-Static,2,8,7,380,380,0,100.0000
SQLi,customapp,bwapp,login,PHP/MySQL,meta-llama/llama-4-maverick,cross_backend,0.5,CG-Static,2,9,5,380,258,122,67.8947
SQLi,customapp,bwapp,login,PHP/MySQL,meta-llama/llama-4-maverick,cross_backend,0.5,CG-Static,2,10,4,380,258,122,67.8947
SQLi,customapp,bwapp,login,PHP/MySQL,meta-llama/llama-4-maverick,cross_backend,0.5,CG-Static,3,1,5,394,106,288,26.9036
SQLi,customapp,bwapp,login,PHP/MySQL,meta-llama/llama-4-maverick,cross_backend,0.5,CG-Static,3,2,4,394,394,0,100.0000
SQLi,customapp,bwapp,login,PHP/MySQL,meta-llama/llama-4-maverick,cross_backend,0.5,CG-Static,3,3,4,394,106,288,26.9036
SQLi,customapp,bwapp,login,PHP/MySQL,meta-llama/llama-4-maverick,cross_backend,0.5,CG-Static,3,4,5,394,394,0,100.0000
SQLi,customapp,bwapp,login,PHP/MySQL,meta-llama/llama-4-maverick,cross_backend,0.5,CG-Static,3,5,6,394,106,288,26.9036
SQLi,customapp,bwapp,login,PHP/MySQL,meta-llama/llama-4-maverick,cross_backend,0.5,CG-Static,3,6,4,394,106,288,26.9036
SQLi,customapp,bwapp,login,PHP/MySQL,meta-llama/llama-4-maverick,cross_backend,0.5,CG-Static,3,7,6,394,106,288,26.9036
SQLi,customapp,bwapp,login,PHP/MySQL,meta-llama/llama-4-maverick,cross_backend,0.5,CG-Static,3,8,7,394,394,0,100.0000
SQLi,customapp,bwapp,login,PHP/MySQL,meta-llama/llama-4-maverick,cross_backend,0.5,CG-Static,3,9,5,394,106,288,26.9036
SQLi,customapp,bwapp,login,PHP/MySQL,meta-llama/llama-4-maverick,cross_backend,0.5,CG-Static,3,10,4,394,106,288,26.9036
SQLi,customapp,bwapp,login,PHP/MySQL,meta-llama/llama-4-maverick,cross_backend,0.5,CG-Static,4,1,5,391,225,166,57.5448
SQLi,customapp,bwapp,login,PHP/MySQL,meta-llama/llama-4-maverick,cross_backend,0.5,CG-Static,4,2,4,391,391,0,100.0000
SQLi,customapp,bwapp,login,PHP/MySQL,meta-llama/llama-4-maverick,cross_backend,0.5,CG-Static,4,3,4,391,225,166,57.5448
SQLi,customapp,bwapp,login,PHP/MySQL,meta-llama/llama-4-maverick,cross_backend,0.5,CG-Static,4,4,5,391,391,0,100.0000
SQLi,customapp,bwapp,login,PHP/MySQL,meta-llama/llama-4-maverick,cross_backend,0.5,CG-Static,4,5,6,391,225,166,57.5448
SQLi,customapp,bwapp,login,PHP/MySQL,meta-llama/llama-4-maverick,cross_backend,0.5,CG-Static,4,6,4,391,225,166,57.5448
SQLi,customapp,bwapp,login,PHP/MySQL,meta-llama/llama-4-maverick,cross_backend,0.5,CG-Static,4,7,6,391,225,166,57.5448
SQLi,customapp,bwapp,login,PHP/MySQL,meta-llama/llama-4-maverick,cross_backend,0.5,CG-Static,4,8,7,391,391,0,100.0000
SQLi,customapp,bwapp,login,PHP/MySQL,meta-llama/llama-4-maverick,cross_backend,0.5,CG-Static,4,9,5,391,225,166,57.5448
SQLi,customapp,bwapp,login,PHP/MySQL,meta-llama/llama-4-maverick,cross_backend,0.5,CG-Static,4,10,4,391,225,166,57.5448
SQLi,customapp,bwapp,login,PHP/MySQL,meta-llama/llama-4-maverick,cross_backend,0.5,CG-Static,5,1,5,412,150,262,36.4078
SQLi,customapp,bwapp,login,PHP/MySQL,meta-llama/llama-4-maverick,cross_backend,0.5,CG-Static,5,2,4,412,412,0,100.0000
SQLi,customapp,bwapp,login,PHP/MySQL,meta-llama/llama-4-maverick,cross_backend,0.5,CG-Static,5,3,4,412,150,262,36.4078
SQLi,customapp,bwapp,login,PHP/MySQL,meta-llama/llama-4-maverick,cross_backend,0.5,CG-Static,5,4,5,412,412,0,100.0000
SQLi,customapp,bwapp,login,PHP/MySQL,meta-llama/llama-4-maverick,cross_backend,0.5,CG-Static,5,5,6,412,150,262,36.4078
SQLi,customapp,bwapp,login,PHP/MySQL,meta-llama/llama-4-maverick,cross_backend,0.5,CG-Static,5,6,4,412,150,262,36.4078
SQLi,customapp,bwapp,login,PHP/MySQL,meta-llama/llama-4-maverick,cross_backend,0.5,CG-Static,5,7,6,412,150,262,36.4078
SQLi,customapp,bwapp,login,PHP/MySQL,meta-llama/llama-4-maverick,cross_backend,0.5,CG-Static,5,8,7,412,412,0,100.0000
SQLi,customapp,bwapp,login,PHP/MySQL,meta-llama/llama-4-maverick,cross_backend,0.5,CG-Static,5,9,5,412,150,262,36.4078
SQLi,customapp,bwapp,login,PHP/MySQL,meta-llama/llama-4-maverick,cross_backend,0.5,CG-Static,5,10,4,412,150,262,36.4078
SQLi,customapp,bwapp,login,PHP/MySQL,meta-llama/llama-4-maverick,cross_backend,0.5,CRS-only,1,0,0,409,0,409,0.0000
SQLi,customapp,bwapp,login,PHP/MySQL,meta-llama/llama-4-maverick,cross_backend,0.5,CRS-only,2,0,0,380,0,380,0.0000
SQLi,customapp,bwapp,login,PHP/MySQL,meta-llama/llama-4-maverick,cross_backend,0.5,CRS-only,3,0,0,394,0,394,0.0000
SQLi,customapp,bwapp,login,PHP/MySQL,meta-llama/llama-4-maverick,cross_backend,0.5,CRS-only,4,0,0,391,0,391,0.0000
SQLi,customapp,bwapp,login,PHP/MySQL,meta-llama/llama-4-maverick,cross_backend,0.5,CRS-only,5,0,0,412,0,412,0.0000
SQLi,customapp,bwapp,search,PHP/MySQL,meta-llama/llama-4-maverick,cross_backend,0.1,CG-Adaptive,1,1,4,364,364,0,100.0000
SQLi,customapp,bwapp,search,PHP/MySQL,meta-llama/llama-4-maverick,cross_backend,0.1,CG-Adaptive,1,2,5,364,364,0,100.0000
SQLi,customapp,bwapp,search,PHP/MySQL,meta-llama/llama-4-maverick,cross_backend,0.1,CG-Adaptive,1,3,5,364,364,0,100.0000
SQLi,customapp,bwapp,search,PHP/MySQL,meta-llama/llama-4-maverick,cross_backend,0.1,CG-Adaptive,1,4,7,364,364,0,100.0000
SQLi,customapp,bwapp,search,PHP/MySQL,meta-llama/llama-4-maverick,cross_backend,0.1,CG-Adaptive,1,5,5,364,364,0,100.0000
SQLi,customapp,bwapp,search,PHP/MySQL,meta-llama/llama-4-maverick,cross_backend,0.1,CG-Adaptive,1,6,7,364,364,0,100.0000
SQLi,customapp,bwapp,search,PHP/MySQL,meta-llama/llama-4-maverick,cross_backend,0.1,CG-Adaptive,1,7,5,364,364,0,100.0000
SQLi,customapp,bwapp,search,PHP/MySQL,meta-llama/llama-4-maverick,cross_backend,0.1,CG-Adaptive,1,8,5,364,364,0,100.0000
SQLi,customapp,bwapp,search,PHP/MySQL,meta-llama/llama-4-maverick,cross_backend,0.1,CG-Adaptive,1,9,7,364,364,0,100.0000
SQLi,customapp,bwapp,search,PHP/MySQL,meta-llama/llama-4-maverick,cross_backend,0.1,CG-Adaptive,1,10,10,364,364,0,100.0000
SQLi,customapp,bwapp,search,PHP/MySQL,meta-llama/llama-4-maverick,cross_backend,0.1,CG-Adaptive,2,1,4,395,395,0,100.0000
SQLi,customapp,bwapp,search,PHP/MySQL,meta-llama/llama-4-maverick,cross_backend,0.1,CG-Adaptive,2,2,5,395,395,0,100.0000
SQLi,customapp,bwapp,search,PHP/MySQL,meta-llama/llama-4-maverick,cross_backend,0.1,CG-Adaptive,2,3,5,395,395,0,100.0000
SQLi,customapp,bwapp,search,PHP/MySQL,meta-llama/llama-4-maverick,cross_backend,0.1,CG-Adaptive,2,4,7,395,395,0,100.0000
SQLi,customapp,bwapp,search,PHP/MySQL,meta-llama/llama-4-maverick,cross_backend,0.1,CG-Adaptive,2,5,5,395,395,0,100.0000
SQLi,customapp,bwapp,search,PHP/MySQL,meta-llama/llama-4-maverick,cross_backend,0.1,CG-Adaptive,2,6,7,395,395,0,100.0000
SQLi,customapp,bwapp,search,PHP/MySQL,meta-llama/llama-4-maverick,cross_backend,0.1,CG-Adaptive,2,7,5,395,395,0,100.0000
SQLi,customapp,bwapp,search,PHP/MySQL,meta-llama/llama-4-maverick,cross_backend,0.1,CG-Adaptive,2,8,5,395,395,0,100.0000
SQLi,customapp,bwapp,search,PHP/MySQL,meta-llama/llama-4-maverick,cross_backend,0.1,CG-Adaptive,2,9,7,395,395,0,100.0000
SQLi,customapp,bwapp,search,PHP/MySQL,meta-llama/llama-4-maverick,cross_backend,0.1,CG-Adaptive,2,10,10,395,395,0,100.0000
SQLi,customapp,bwapp,search,PHP/MySQL,meta-llama/llama-4-maverick,cross_backend,0.1,CG-Adaptive,3,1,4,344,344,0,100.0000
SQLi,customapp,bwapp,search,PHP/MySQL,meta-llama/llama-4-maverick,cross_backend,0.1,CG-Adaptive,3,2,5,344,344,0,100.0000
SQLi,customapp,bwapp,search,PHP/MySQL,meta-llama/llama-4-maverick,cross_backend,0.1,CG-Adaptive,3,3,5,344,344,0,100.0000
SQLi,customapp,bwapp,search,PHP/MySQL,meta-llama/llama-4-maverick,cross_backend,0.1,CG-Adaptive,3,4,7,344,344,0,100.0000
SQLi,customapp,bwapp,search,PHP/MySQL,meta-llama/llama-4-maverick,cross_backend,0.1,CG-Adaptive,3,5,5,344,344,0,100.0000
SQLi,customapp,bwapp,search,PHP/MySQL,meta-llama/llama-4-maverick,cross_backend,0.1,CG-Adaptive,3,6,7,344,344,0,100.0000
SQLi,customapp,bwapp,search,PHP/MySQL,meta-llama/llama-4-maverick,cross_backend,0.1,CG-Adaptive,3,7,5,344,344,0,100.0000
SQLi,customapp,bwapp,search,PHP/MySQL,meta-llama/llama-4-maverick,cross_backend,0.1,CG-Adaptive,3,8,5,344,344,0,100.0000
SQLi,customapp,bwapp,search,PHP/MySQL,meta-llama/llama-4-maverick,cross_backend,0.1,CG-Adaptive,3,9,7,344,344,0,100.0000
SQLi,customapp,bwapp,search,PHP/MySQL,meta-llama/llama-4-maverick,cross_backend,0.1,CG-Adaptive,3,10,10,344,344,0,100.0000
SQLi,customapp,bwapp,search,PHP/MySQL,meta-llama/llama-4-maverick,cross_backend,0.1,CG-Adaptive,4,1,4,349,349,0,100.0000
SQLi,customapp,bwapp,search,PHP/MySQL,meta-llama/llama-4-maverick,cross_backend,0.1,CG-Adaptive,4,2,5,349,349,0,100.0000
SQLi,customapp,bwapp,search,PHP/MySQL,meta-llama/llama-4-maverick,cross_backend,0.1,CG-Adaptive,4,3,5,349,349,0,100.0000
SQLi,customapp,bwapp,search,PHP/MySQL,meta-llama/llama-4-maverick,cross_backend,0.1,CG-Adaptive,4,4,7,349,349,0,100.0000
SQLi,customapp,bwapp,search,PHP/MySQL,meta-llama/llama-4-maverick,cross_backend,0.1,CG-Adaptive,4,5,5,349,349,0,100.0000
SQLi,customapp,bwapp,search,PHP/MySQL,meta-llama/llama-4-maverick,cross_backend,0.1,CG-Adaptive,4,6,7,349,349,0,100.0000
SQLi,customapp,bwapp,search,PHP/MySQL,meta-llama/llama-4-maverick,cross_backend,0.1,CG-Adaptive,4,7,5,349,349,0,100.0000
SQLi,customapp,bwapp,search,PHP/MySQL,meta-llama/llama-4-maverick,cross_backend,0.1,CG-Adaptive,4,8,5,349,349,0,100.0000
SQLi,customapp,bwapp,search,PHP/MySQL,meta-llama/llama-4-maverick,cross_backend,0.1,CG-Adaptive,4,9,7,349,349,0,100.0000
SQLi,customapp,bwapp,search,PHP/MySQL,meta-llama/llama-4-maverick,cross_backend,0.1,CG-Adaptive,4,10,10,349,349,0,100.0000
SQLi,customapp,bwapp,search,PHP/MySQL,meta-llama/llama-4-maverick,cross_backend,0.1,CG-Adaptive,5,1,4,429,429,0,100.0000
SQLi,customapp,bwapp,search,PHP/MySQL,meta-llama/llama-4-maverick,cross_backend,0.1,CG-Adaptive,5,2,5,429,429,0,100.0000
SQLi,customapp,bwapp,search,PHP/MySQL,meta-llama/llama-4-maverick,cross_backend,0.1,CG-Adaptive,5,3,5,429,429,0,100.0000
SQLi,customapp,bwapp,search,PHP/MySQL,meta-llama/llama-4-maverick,cross_backend,0.1,CG-Adaptive,5,4,7,429,429,0,100.0000
SQLi,customapp,bwapp,search,PHP/MySQL,meta-llama/llama-4-maverick,cross_backend,0.1,CG-Adaptive,5,5,5,429,429,0,100.0000
SQLi,customapp,bwapp,search,PHP/MySQL,meta-llama/llama-4-maverick,cross_backend,0.1,CG-Adaptive,5,6,7,429,429,0,100.0000
SQLi,customapp,bwapp,search,PHP/MySQL,meta-llama/llama-4-maverick,cross_backend,0.1,CG-Adaptive,5,7,5,429,429,0,100.0000
SQLi,customapp,bwapp,search,PHP/MySQL,meta-llama/llama-4-maverick,cross_backend,0.1,CG-Adaptive,5,8,5,429,429,0,100.0000
SQLi,customapp,bwapp,search,PHP/MySQL,meta-llama/llama-4-maverick,cross_backend,0.1,CG-Adaptive,5,9,7,429,429,0,100.0000
SQLi,customapp,bwapp,search,PHP/MySQL,meta-llama/llama-4-maverick,cross_backend,0.1,CG-Adaptive,5,10,10,429,429,0,100.0000
SQLi,customapp,bwapp,search,PHP/MySQL,meta-llama/llama-4-maverick,cross_backend,0.1,CG-Static,1,1,5,364,364,0,100.0000
SQLi,customapp,bwapp,search,PHP/MySQL,meta-llama/llama-4-maverick,cross_backend,0.1,CG-Static,1,2,4,364,364,0,100.0000
SQLi,customapp,bwapp,search,PHP/MySQL,meta-llama/llama-4-maverick,cross_backend,0.1,CG-Static,1,3,4,364,364,0,100.0000
SQLi,customapp,bwapp,search,PHP/MySQL,meta-llama/llama-4-maverick,cross_backend,0.1,CG-Static,1,4,5,364,364,0,100.0000
SQLi,customapp,bwapp,search,PHP/MySQL,meta-llama/llama-4-maverick,cross_backend,0.1,CG-Static,1,5,4,364,364,0,100.0000
SQLi,customapp,bwapp,search,PHP/MySQL,meta-llama/llama-4-maverick,cross_backend,0.1,CG-Static,1,6,6,364,364,0,100.0000
SQLi,customapp,bwapp,search,PHP/MySQL,meta-llama/llama-4-maverick,cross_backend,0.1,CG-Static,1,7,4,364,364,0,100.0000
SQLi,customapp,bwapp,search,PHP/MySQL,meta-llama/llama-4-maverick,cross_backend,0.1,CG-Static,1,8,4,364,364,0,100.0000
SQLi,customapp,bwapp,search,PHP/MySQL,meta-llama/llama-4-maverick,cross_backend,0.1,CG-Static,1,9,4,364,364,0,100.0000
SQLi,customapp,bwapp,search,PHP/MySQL,meta-llama/llama-4-maverick,cross_backend,0.1,CG-Static,1,10,5,364,364,0,100.0000
SQLi,customapp,bwapp,search,PHP/MySQL,meta-llama/llama-4-maverick,cross_backend,0.1,CG-Static,2,1,5,395,395,0,100.0000
SQLi,customapp,bwapp,search,PHP/MySQL,meta-llama/llama-4-maverick,cross_backend,0.1,CG-Static,2,2,4,395,395,0,100.0000
SQLi,customapp,bwapp,search,PHP/MySQL,meta-llama/llama-4-maverick,cross_backend,0.1,CG-Static,2,3,4,395,395,0,100.0000
SQLi,customapp,bwapp,search,PHP/MySQL,meta-llama/llama-4-maverick,cross_backend,0.1,CG-Static,2,4,5,395,395,0,100.0000
SQLi,customapp,bwapp,search,PHP/MySQL,meta-llama/llama-4-maverick,cross_backend,0.1,CG-Static,2,5,4,395,395,0,100.0000
SQLi,customapp,bwapp,search,PHP/MySQL,meta-llama/llama-4-maverick,cross_backend,0.1,CG-Static,2,6,6,395,395,0,100.0000
SQLi,customapp,bwapp,search,PHP/MySQL,meta-llama/llama-4-maverick,cross_backend,0.1,CG-Static,2,7,4,395,395,0,100.0000
SQLi,customapp,bwapp,search,PHP/MySQL,meta-llama/llama-4-maverick,cross_backend,0.1,CG-Static,2,8,4,395,395,0,100.0000
SQLi,customapp,bwapp,search,PHP/MySQL,meta-llama/llama-4-maverick,cross_backend,0.1,CG-Static,2,9,4,395,395,0,100.0000
SQLi,customapp,bwapp,search,PHP/MySQL,meta-llama/llama-4-maverick,cross_backend,0.1,CG-Static,2,10,5,395,395,0,100.0000
SQLi,customapp,bwapp,search,PHP/MySQL,meta-llama/llama-4-maverick,cross_backend,0.1,CG-Static,3,1,5,344,344,0,100.0000
SQLi,customapp,bwapp,search,PHP/MySQL,meta-llama/llama-4-maverick,cross_backend,0.1,CG-Static,3,2,4,344,344,0,100.0000
SQLi,customapp,bwapp,search,PHP/MySQL,meta-llama/llama-4-maverick,cross_backend,0.1,CG-Static,3,3,4,344,344,0,100.0000
SQLi,customapp,bwapp,search,PHP/MySQL,meta-llama/llama-4-maverick,cross_backend,0.1,CG-Static,3,4,5,344,344,0,100.0000
SQLi,customapp,bwapp,search,PHP/MySQL,meta-llama/llama-4-maverick,cross_backend,0.1,CG-Static,3,5,4,344,344,0,100.0000
SQLi,customapp,bwapp,search,PHP/MySQL,meta-llama/llama-4-maverick,cross_backend,0.1,CG-Static,3,6,6,344,344,0,100.0000
SQLi,customapp,bwapp,search,PHP/MySQL,meta-llama/llama-4-maverick,cross_backend,0.1,CG-Static,3,7,4,344,344,0,100.0000
SQLi,customapp,bwapp,search,PHP/MySQL,meta-llama/llama-4-maverick,cross_backend,0.1,CG-Static,3,8,4,344,344,0,100.0000
SQLi,customapp,bwapp,search,PHP/MySQL,meta-llama/llama-4-maverick,cross_backend,0.1,CG-Static,3,9,4,344,344,0,100.0000
SQLi,customapp,bwapp,search,PHP/MySQL,meta-llama/llama-4-maverick,cross_backend,0.1,CG-Static,3,10,5,344,344,0,100.0000
SQLi,customapp,bwapp,search,PHP/MySQL,meta-llama/llama-4-maverick,cross_backend,0.1,CG-Static,4,1,5,349,349,0,100.0000
SQLi,customapp,bwapp,search,PHP/MySQL,meta-llama/llama-4-maverick,cross_backend,0.1,CG-Static,4,2,4,349,349,0,100.0000
SQLi,customapp,bwapp,search,PHP/MySQL,meta-llama/llama-4-maverick,cross_backend,0.1,CG-Static,4,3,4,349,349,0,100.0000
SQLi,customapp,bwapp,search,PHP/MySQL,meta-llama/llama-4-maverick,cross_backend,0.1,CG-Static,4,4,5,349,349,0,100.0000
SQLi,customapp,bwapp,search,PHP/MySQL,meta-llama/llama-4-maverick,cross_backend,0.1,CG-Static,4,5,4,349,349,0,100.0000
SQLi,customapp,bwapp,search,PHP/MySQL,meta-llama/llama-4-maverick,cross_backend,0.1,CG-Static,4,6,6,349,349,0,100.0000
SQLi,customapp,bwapp,search,PHP/MySQL,meta-llama/llama-4-maverick,cross_backend,0.1,CG-Static,4,7,4,349,349,0,100.0000
SQLi,customapp,bwapp,search,PHP/MySQL,meta-llama/llama-4-maverick,cross_backend,0.1,CG-Static,4,8,4,349,298,51,85.3868
SQLi,customapp,bwapp,search,PHP/MySQL,meta-llama/llama-4-maverick,cross_backend,0.1,CG-Static,4,9,4,349,349,0,100.0000
SQLi,customapp,bwapp,search,PHP/MySQL,meta-llama/llama-4-maverick,cross_backend,0.1,CG-Static,4,10,5,349,349,0,100.0000
SQLi,customapp,bwapp,search,PHP/MySQL,meta-llama/llama-4-maverick,cross_backend,0.1,CG-Static,5,1,5,429,429,0,100.0000
SQLi,customapp,bwapp,search,PHP/MySQL,meta-llama/llama-4-maverick,cross_backend,0.1,CG-Static,5,2,4,429,429,0,100.0000
SQLi,customapp,bwapp,search,PHP/MySQL,meta-llama/llama-4-maverick,cross_backend,0.1,CG-Static,5,3,4,429,429,0,100.0000
SQLi,customapp,bwapp,search,PHP/MySQL,meta-llama/llama-4-maverick,cross_backend,0.1,CG-Static,5,4,5,429,429,0,100.0000
SQLi,customapp,bwapp,search,PHP/MySQL,meta-llama/llama-4-maverick,cross_backend,0.1,CG-Static,5,5,4,429,429,0,100.0000
SQLi,customapp,bwapp,search,PHP/MySQL,meta-llama/llama-4-maverick,cross_backend,0.1,CG-Static,5,6,6,429,429,0,100.0000
SQLi,customapp,bwapp,search,PHP/MySQL,meta-llama/llama-4-maverick,cross_backend,0.1,CG-Static,5,7,4,429,429,0,100.0000
SQLi,customapp,bwapp,search,PHP/MySQL,meta-llama/llama-4-maverick,cross_backend,0.1,CG-Static,5,8,4,429,427,2,99.5338
SQLi,customapp,bwapp,search,PHP/MySQL,meta-llama/llama-4-maverick,cross_backend,0.1,CG-Static,5,9,4,429,429,0,100.0000
SQLi,customapp,bwapp,search,PHP/MySQL,meta-llama/llama-4-maverick,cross_backend,0.1,CG-Static,5,10,5,429,429,0,100.0000
SQLi,customapp,bwapp,search,PHP/MySQL,meta-llama/llama-4-maverick,cross_backend,0.1,CRS-only,1,0,0,364,0,364,0.0000
SQLi,customapp,bwapp,search,PHP/MySQL,meta-llama/llama-4-maverick,cross_backend,0.1,CRS-only,2,0,0,395,0,395,0.0000
SQLi,customapp,bwapp,search,PHP/MySQL,meta-llama/llama-4-maverick,cross_backend,0.1,CRS-only,3,0,0,344,0,344,0.0000
SQLi,customapp,bwapp,search,PHP/MySQL,meta-llama/llama-4-maverick,cross_backend,0.1,CRS-only,4,0,0,349,0,349,0.0000
SQLi,customapp,bwapp,search,PHP/MySQL,meta-llama/llama-4-maverick,cross_backend,0.1,CRS-only,5,0,0,429,0,429,0.0000
SQLi,customapp,bwapp,search,PHP/MySQL,meta-llama/llama-4-maverick,cross_backend,0.2,CG-Adaptive,1,1,5,364,364,0,100.0000
SQLi,customapp,bwapp,search,PHP/MySQL,meta-llama/llama-4-maverick,cross_backend,0.2,CG-Adaptive,1,2,5,364,364,0,100.0000
SQLi,customapp,bwapp,search,PHP/MySQL,meta-llama/llama-4-maverick,cross_backend,0.2,CG-Adaptive,1,3,5,364,364,0,100.0000
SQLi,customapp,bwapp,search,PHP/MySQL,meta-llama/llama-4-maverick,cross_backend,0.2,CG-Adaptive,1,4,5,364,364,0,100.0000
SQLi,customapp,bwapp,search,PHP/MySQL,meta-llama/llama-4-maverick,cross_backend,0.2,CG-Adaptive,1,5,4,364,364,0,100.0000
SQLi,customapp,bwapp,search,PHP/MySQL,meta-llama/llama-4-maverick,cross_backend,0.2,CG-Adaptive,1,6,5,364,364,0,100.0000
SQLi,customapp,bwapp,search,PHP/MySQL,meta-llama/llama-4-maverick,cross_backend,0.2,CG-Adaptive,1,7,6,364,364,0,100.0000
SQLi,customapp,bwapp,search,PHP/MySQL,meta-llama/llama-4-maverick,cross_backend,0.2,CG-Adaptive,1,8,5,364,364,0,100.0000
SQLi,customapp,bwapp,search,PHP/MySQL,meta-llama/llama-4-maverick,cross_backend,0.2,CG-Adaptive,1,9,5,364,364,0,100.0000
SQLi,customapp,bwapp,search,PHP/MySQL,meta-llama/llama-4-maverick,cross_backend,0.2,CG-Adaptive,1,10,4,364,364,0,100.0000
SQLi,customapp,bwapp,search,PHP/MySQL,meta-llama/llama-4-maverick,cross_backend,0.2,CG-Adaptive,2,1,5,395,395,0,100.0000
SQLi,customapp,bwapp,search,PHP/MySQL,meta-llama/llama-4-maverick,cross_backend,0.2,CG-Adaptive,2,2,5,395,395,0,100.0000
SQLi,customapp,bwapp,search,PHP/MySQL,meta-llama/llama-4-maverick,cross_backend,0.2,CG-Adaptive,2,3,5,395,395,0,100.0000
SQLi,customapp,bwapp,search,PHP/MySQL,meta-llama/llama-4-maverick,cross_backend,0.2,CG-Adaptive,2,4,5,395,395,0,100.0000
SQLi,customapp,bwapp,search,PHP/MySQL,meta-llama/llama-4-maverick,cross_backend,0.2,CG-Adaptive,2,5,4,395,395,0,100.0000
SQLi,customapp,bwapp,search,PHP/MySQL,meta-llama/llama-4-maverick,cross_backend,0.2,CG-Adaptive,2,6,5,395,395,0,100.0000
SQLi,customapp,bwapp,search,PHP/MySQL,meta-llama/llama-4-maverick,cross_backend,0.2,CG-Adaptive,2,7,6,395,395,0,100.0000
SQLi,customapp,bwapp,search,PHP/MySQL,meta-llama/llama-4-maverick,cross_backend,0.2,CG-Adaptive,2,8,5,395,395,0,100.0000
SQLi,customapp,bwapp,search,PHP/MySQL,meta-llama/llama-4-maverick,cross_backend,0.2,CG-Adaptive,2,9,5,395,395,0,100.0000
SQLi,customapp,bwapp,search,PHP/MySQL,meta-llama/llama-4-maverick,cross_backend,0.2,CG-Adaptive,2,10,4,395,395,0,100.0000
SQLi,customapp,bwapp,search,PHP/MySQL,meta-llama/llama-4-maverick,cross_backend,0.2,CG-Adaptive,3,1,5,344,344,0,100.0000
SQLi,customapp,bwapp,search,PHP/MySQL,meta-llama/llama-4-maverick,cross_backend,0.2,CG-Adaptive,3,2,5,344,344,0,100.0000
SQLi,customapp,bwapp,search,PHP/MySQL,meta-llama/llama-4-maverick,cross_backend,0.2,CG-Adaptive,3,3,5,344,344,0,100.0000
SQLi,customapp,bwapp,search,PHP/MySQL,meta-llama/llama-4-maverick,cross_backend,0.2,CG-Adaptive,3,4,5,344,344,0,100.0000
SQLi,customapp,bwapp,search,PHP/MySQL,meta-llama/llama-4-maverick,cross_backend,0.2,CG-Adaptive,3,5,4,344,344,0,100.0000
SQLi,customapp,bwapp,search,PHP/MySQL,meta-llama/llama-4-maverick,cross_backend,0.2,CG-Adaptive,3,6,5,344,344,0,100.0000
SQLi,customapp,bwapp,search,PHP/MySQL,meta-llama/llama-4-maverick,cross_backend,0.2,CG-Adaptive,3,7,6,344,344,0,100.0000
SQLi,customapp,bwapp,search,PHP/MySQL,meta-llama/llama-4-maverick,cross_backend,0.2,CG-Adaptive,3,8,5,344,344,0,100.0000
SQLi,customapp,bwapp,search,PHP/MySQL,meta-llama/llama-4-maverick,cross_backend,0.2,CG-Adaptive,3,9,5,344,344,0,100.0000
SQLi,customapp,bwapp,search,PHP/MySQL,meta-llama/llama-4-maverick,cross_backend,0.2,CG-Adaptive,3,10,4,344,344,0,100.0000
SQLi,customapp,bwapp,search,PHP/MySQL,meta-llama/llama-4-maverick,cross_backend,0.2,CG-Adaptive,4,1,5,349,349,0,100.0000
SQLi,customapp,bwapp,search,PHP/MySQL,meta-llama/llama-4-maverick,cross_backend,0.2,CG-Adaptive,4,2,5,349,349,0,100.0000
SQLi,customapp,bwapp,search,PHP/MySQL,meta-llama/llama-4-maverick,cross_backend,0.2,CG-Adaptive,4,3,5,349,349,0,100.0000
SQLi,customapp,bwapp,search,PHP/MySQL,meta-llama/llama-4-maverick,cross_backend,0.2,CG-Adaptive,4,4,5,349,349,0,100.0000
SQLi,customapp,bwapp,search,PHP/MySQL,meta-llama/llama-4-maverick,cross_backend,0.2,CG-Adaptive,4,5,4,349,349,0,100.0000
SQLi,customapp,bwapp,search,PHP/MySQL,meta-llama/llama-4-maverick,cross_backend,0.2,CG-Adaptive,4,6,5,349,349,0,100.0000
SQLi,customapp,bwapp,search,PHP/MySQL,meta-llama/llama-4-maverick,cross_backend,0.2,CG-Adaptive,4,7,6,349,349,0,100.0000
SQLi,customapp,bwapp,search,PHP/MySQL,meta-llama/llama-4-maverick,cross_backend,0.2,CG-Adaptive,4,8,5,349,349,0,100.0000
SQLi,customapp,bwapp,search,PHP/MySQL,meta-llama/llama-4-maverick,cross_backend,0.2,CG-Adaptive,4,9,5,349,349,0,100.0000
SQLi,customapp,bwapp,search,PHP/MySQL,meta-llama/llama-4-maverick,cross_backend,0.2,CG-Adaptive,4,10,4,349,349,0,100.0000
SQLi,customapp,bwapp,search,PHP/MySQL,meta-llama/llama-4-maverick,cross_backend,0.2,CG-Adaptive,5,1,5,429,429,0,100.0000
SQLi,customapp,bwapp,search,PHP/MySQL,meta-llama/llama-4-maverick,cross_backend,0.2,CG-Adaptive,5,2,5,429,429,0,100.0000
SQLi,customapp,bwapp,search,PHP/MySQL,meta-llama/llama-4-maverick,cross_backend,0.2,CG-Adaptive,5,3,5,429,429,0,100.0000
SQLi,customapp,bwapp,search,PHP/MySQL,meta-llama/llama-4-maverick,cross_backend,0.2,CG-Adaptive,5,4,5,429,429,0,100.0000
SQLi,customapp,bwapp,search,PHP/MySQL,meta-llama/llama-4-maverick,cross_backend,0.2,CG-Adaptive,5,5,4,429,429,0,100.0000
SQLi,customapp,bwapp,search,PHP/MySQL,meta-llama/llama-4-maverick,cross_backend,0.2,CG-Adaptive,5,6,5,429,429,0,100.0000
SQLi,customapp,bwapp,search,PHP/MySQL,meta-llama/llama-4-maverick,cross_backend,0.2,CG-Adaptive,5,7,6,429,429,0,100.0000
SQLi,customapp,bwapp,search,PHP/MySQL,meta-llama/llama-4-maverick,cross_backend,0.2,CG-Adaptive,5,8,5,429,429,0,100.0000
SQLi,customapp,bwapp,search,PHP/MySQL,meta-llama/llama-4-maverick,cross_backend,0.2,CG-Adaptive,5,9,5,429,429,0,100.0000
SQLi,customapp,bwapp,search,PHP/MySQL,meta-llama/llama-4-maverick,cross_backend,0.2,CG-Adaptive,5,10,4,429,429,0,100.0000
SQLi,customapp,bwapp,search,PHP/MySQL,meta-llama/llama-4-maverick,cross_backend,0.2,CG-Static,1,1,5,364,364,0,100.0000
SQLi,customapp,bwapp,search,PHP/MySQL,meta-llama/llama-4-maverick,cross_backend,0.2,CG-Static,1,2,4,364,364,0,100.0000
SQLi,customapp,bwapp,search,PHP/MySQL,meta-llama/llama-4-maverick,cross_backend,0.2,CG-Static,1,3,4,364,364,0,100.0000
SQLi,customapp,bwapp,search,PHP/MySQL,meta-llama/llama-4-maverick,cross_backend,0.2,CG-Static,1,4,5,364,364,0,100.0000
SQLi,customapp,bwapp,search,PHP/MySQL,meta-llama/llama-4-maverick,cross_backend,0.2,CG-Static,1,5,5,364,364,0,100.0000
SQLi,customapp,bwapp,search,PHP/MySQL,meta-llama/llama-4-maverick,cross_backend,0.2,CG-Static,1,6,4,364,364,0,100.0000
SQLi,customapp,bwapp,search,PHP/MySQL,meta-llama/llama-4-maverick,cross_backend,0.2,CG-Static,1,7,4,364,364,0,100.0000
SQLi,customapp,bwapp,search,PHP/MySQL,meta-llama/llama-4-maverick,cross_backend,0.2,CG-Static,1,8,4,364,364,0,100.0000
SQLi,customapp,bwapp,search,PHP/MySQL,meta-llama/llama-4-maverick,cross_backend,0.2,CG-Static,1,9,4,364,364,0,100.0000
SQLi,customapp,bwapp,search,PHP/MySQL,meta-llama/llama-4-maverick,cross_backend,0.2,CG-Static,1,10,5,364,364,0,100.0000
SQLi,customapp,bwapp,search,PHP/MySQL,meta-llama/llama-4-maverick,cross_backend,0.2,CG-Static,2,1,5,395,395,0,100.0000
SQLi,customapp,bwapp,search,PHP/MySQL,meta-llama/llama-4-maverick,cross_backend,0.2,CG-Static,2,2,4,395,395,0,100.0000
SQLi,customapp,bwapp,search,PHP/MySQL,meta-llama/llama-4-maverick,cross_backend,0.2,CG-Static,2,3,4,395,395,0,100.0000
SQLi,customapp,bwapp,search,PHP/MySQL,meta-llama/llama-4-maverick,cross_backend,0.2,CG-Static,2,4,5,395,395,0,100.0000
SQLi,customapp,bwapp,search,PHP/MySQL,meta-llama/llama-4-maverick,cross_backend,0.2,CG-Static,2,5,5,395,395,0,100.0000
SQLi,customapp,bwapp,search,PHP/MySQL,meta-llama/llama-4-maverick,cross_backend,0.2,CG-Static,2,6,4,395,395,0,100.0000
SQLi,customapp,bwapp,search,PHP/MySQL,meta-llama/llama-4-maverick,cross_backend,0.2,CG-Static,2,7,4,395,395,0,100.0000
SQLi,customapp,bwapp,search,PHP/MySQL,meta-llama/llama-4-maverick,cross_backend,0.2,CG-Static,2,8,4,395,395,0,100.0000
SQLi,customapp,bwapp,search,PHP/MySQL,meta-llama/llama-4-maverick,cross_backend,0.2,CG-Static,2,9,4,395,395,0,100.0000
SQLi,customapp,bwapp,search,PHP/MySQL,meta-llama/llama-4-maverick,cross_backend,0.2,CG-Static,2,10,5,395,395,0,100.0000
SQLi,customapp,bwapp,search,PHP/MySQL,meta-llama/llama-4-maverick,cross_backend,0.2,CG-Static,3,1,5,344,344,0,100.0000
SQLi,customapp,bwapp,search,PHP/MySQL,meta-llama/llama-4-maverick,cross_backend,0.2,CG-Static,3,2,4,344,344,0,100.0000
SQLi,customapp,bwapp,search,PHP/MySQL,meta-llama/llama-4-maverick,cross_backend,0.2,CG-Static,3,3,4,344,344,0,100.0000
SQLi,customapp,bwapp,search,PHP/MySQL,meta-llama/llama-4-maverick,cross_backend,0.2,CG-Static,3,4,5,344,344,0,100.0000
SQLi,customapp,bwapp,search,PHP/MySQL,meta-llama/llama-4-maverick,cross_backend,0.2,CG-Static,3,5,5,344,344,0,100.0000
SQLi,customapp,bwapp,search,PHP/MySQL,meta-llama/llama-4-maverick,cross_backend,0.2,CG-Static,3,6,4,344,344,0,100.0000
SQLi,customapp,bwapp,search,PHP/MySQL,meta-llama/llama-4-maverick,cross_backend,0.2,CG-Static,3,7,4,344,344,0,100.0000
SQLi,customapp,bwapp,search,PHP/MySQL,meta-llama/llama-4-maverick,cross_backend,0.2,CG-Static,3,8,4,344,344,0,100.0000
SQLi,customapp,bwapp,search,PHP/MySQL,meta-llama/llama-4-maverick,cross_backend,0.2,CG-Static,3,9,4,344,344,0,100.0000
SQLi,customapp,bwapp,search,PHP/MySQL,meta-llama/llama-4-maverick,cross_backend,0.2,CG-Static,3,10,5,344,344,0,100.0000
SQLi,customapp,bwapp,search,PHP/MySQL,meta-llama/llama-4-maverick,cross_backend,0.2,CG-Static,4,1,5,349,349,0,100.0000
SQLi,customapp,bwapp,search,PHP/MySQL,meta-llama/llama-4-maverick,cross_backend,0.2,CG-Static,4,2,4,349,349,0,100.0000
SQLi,customapp,bwapp,search,PHP/MySQL,meta-llama/llama-4-maverick,cross_backend,0.2,CG-Static,4,3,4,349,349,0,100.0000
SQLi,customapp,bwapp,search,PHP/MySQL,meta-llama/llama-4-maverick,cross_backend,0.2,CG-Static,4,4,5,349,349,0,100.0000
SQLi,customapp,bwapp,search,PHP/MySQL,meta-llama/llama-4-maverick,cross_backend,0.2,CG-Static,4,5,5,349,349,0,100.0000
SQLi,customapp,bwapp,search,PHP/MySQL,meta-llama/llama-4-maverick,cross_backend,0.2,CG-Static,4,6,4,349,349,0,100.0000
SQLi,customapp,bwapp,search,PHP/MySQL,meta-llama/llama-4-maverick,cross_backend,0.2,CG-Static,4,7,4,349,349,0,100.0000
SQLi,customapp,bwapp,search,PHP/MySQL,meta-llama/llama-4-maverick,cross_backend,0.2,CG-Static,4,8,4,349,349,0,100.0000
SQLi,customapp,bwapp,search,PHP/MySQL,meta-llama/llama-4-maverick,cross_backend,0.2,CG-Static,4,9,4,349,349,0,100.0000
SQLi,customapp,bwapp,search,PHP/MySQL,meta-llama/llama-4-maverick,cross_backend,0.2,CG-Static,4,10,5,349,349,0,100.0000
SQLi,customapp,bwapp,search,PHP/MySQL,meta-llama/llama-4-maverick,cross_backend,0.2,CG-Static,5,1,5,429,429,0,100.0000
SQLi,customapp,bwapp,search,PHP/MySQL,meta-llama/llama-4-maverick,cross_backend,0.2,CG-Static,5,2,4,429,429,0,100.0000
SQLi,customapp,bwapp,search,PHP/MySQL,meta-llama/llama-4-maverick,cross_backend,0.2,CG-Static,5,3,4,429,429,0,100.0000
SQLi,customapp,bwapp,search,PHP/MySQL,meta-llama/llama-4-maverick,cross_backend,0.2,CG-Static,5,4,5,429,429,0,100.0000
SQLi,customapp,bwapp,search,PHP/MySQL,meta-llama/llama-4-maverick,cross_backend,0.2,CG-Static,5,5,5,429,429,0,100.0000
SQLi,customapp,bwapp,search,PHP/MySQL,meta-llama/llama-4-maverick,cross_backend,0.2,CG-Static,5,6,4,429,429,0,100.0000
SQLi,customapp,bwapp,search,PHP/MySQL,meta-llama/llama-4-maverick,cross_backend,0.2,CG-Static,5,7,4,429,429,0,100.0000
SQLi,customapp,bwapp,search,PHP/MySQL,meta-llama/llama-4-maverick,cross_backend,0.2,CG-Static,5,8,4,429,429,0,100.0000
SQLi,customapp,bwapp,search,PHP/MySQL,meta-llama/llama-4-maverick,cross_backend,0.2,CG-Static,5,9,4,429,429,0,100.0000
SQLi,customapp,bwapp,search,PHP/MySQL,meta-llama/llama-4-maverick,cross_backend,0.2,CG-Static,5,10,5,429,429,0,100.0000
SQLi,customapp,bwapp,search,PHP/MySQL,meta-llama/llama-4-maverick,cross_backend,0.2,CRS-only,1,0,0,364,0,364,0.0000
SQLi,customapp,bwapp,search,PHP/MySQL,meta-llama/llama-4-maverick,cross_backend,0.2,CRS-only,2,0,0,395,0,395,0.0000
SQLi,customapp,bwapp,search,PHP/MySQL,meta-llama/llama-4-maverick,cross_backend,0.2,CRS-only,3,0,0,344,0,344,0.0000
SQLi,customapp,bwapp,search,PHP/MySQL,meta-llama/llama-4-maverick,cross_backend,0.2,CRS-only,4,0,0,349,0,349,0.0000
SQLi,customapp,bwapp,search,PHP/MySQL,meta-llama/llama-4-maverick,cross_backend,0.2,CRS-only,5,0,0,429,0,429,0.0000
SQLi,customapp,bwapp,search,PHP/MySQL,meta-llama/llama-4-maverick,cross_backend,0.3,CG-Adaptive,1,1,7,364,364,0,100.0000
SQLi,customapp,bwapp,search,PHP/MySQL,meta-llama/llama-4-maverick,cross_backend,0.3,CG-Adaptive,1,2,5,364,364,0,100.0000
SQLi,customapp,bwapp,search,PHP/MySQL,meta-llama/llama-4-maverick,cross_backend,0.3,CG-Adaptive,1,3,5,364,364,0,100.0000
SQLi,customapp,bwapp,search,PHP/MySQL,meta-llama/llama-4-maverick,cross_backend,0.3,CG-Adaptive,1,4,6,364,364,0,100.0000
SQLi,customapp,bwapp,search,PHP/MySQL,meta-llama/llama-4-maverick,cross_backend,0.3,CG-Adaptive,1,5,5,364,364,0,100.0000
SQLi,customapp,bwapp,search,PHP/MySQL,meta-llama/llama-4-maverick,cross_backend,0.3,CG-Adaptive,1,6,7,364,364,0,100.0000
SQLi,customapp,bwapp,search,PHP/MySQL,meta-llama/llama-4-maverick,cross_backend,0.3,CG-Adaptive,1,7,5,364,364,0,100.0000
SQLi,customapp,bwapp,search,PHP/MySQL,meta-llama/llama-4-maverick,cross_backend,0.3,CG-Adaptive,1,8,6,364,364,0,100.0000
SQLi,customapp,bwapp,search,PHP/MySQL,meta-llama/llama-4-maverick,cross_backend,0.3,CG-Adaptive,1,9,5,364,364,0,100.0000
SQLi,customapp,bwapp,search,PHP/MySQL,meta-llama/llama-4-maverick,cross_backend,0.3,CG-Adaptive,1,10,6,364,364,0,100.0000
SQLi,customapp,bwapp,search,PHP/MySQL,meta-llama/llama-4-maverick,cross_backend,0.3,CG-Adaptive,2,1,7,395,395,0,100.0000
SQLi,customapp,bwapp,search,PHP/MySQL,meta-llama/llama-4-maverick,cross_backend,0.3,CG-Adaptive,2,2,5,395,395,0,100.0000
SQLi,customapp,bwapp,search,PHP/MySQL,meta-llama/llama-4-maverick,cross_backend,0.3,CG-Adaptive,2,3,5,395,395,0,100.0000
SQLi,customapp,bwapp,search,PHP/MySQL,meta-llama/llama-4-maverick,cross_backend,0.3,CG-Adaptive,2,4,6,395,395,0,100.0000
SQLi,customapp,bwapp,search,PHP/MySQL,meta-llama/llama-4-maverick,cross_backend,0.3,CG-Adaptive,2,5,5,395,395,0,100.0000
SQLi,customapp,bwapp,search,PHP/MySQL,meta-llama/llama-4-maverick,cross_backend,0.3,CG-Adaptive,2,6,7,395,395,0,100.0000
SQLi,customapp,bwapp,search,PHP/MySQL,meta-llama/llama-4-maverick,cross_backend,0.3,CG-Adaptive,2,7,5,395,395,0,100.0000
SQLi,customapp,bwapp,search,PHP/MySQL,meta-llama/llama-4-maverick,cross_backend,0.3,CG-Adaptive,2,8,6,395,395,0,100.0000
SQLi,customapp,bwapp,search,PHP/MySQL,meta-llama/llama-4-maverick,cross_backend,0.3,CG-Adaptive,2,9,5,395,395,0,100.0000
SQLi,customapp,bwapp,search,PHP/MySQL,meta-llama/llama-4-maverick,cross_backend,0.3,CG-Adaptive,2,10,6,395,395,0,100.0000
SQLi,customapp,bwapp,search,PHP/MySQL,meta-llama/llama-4-maverick,cross_backend,0.3,CG-Adaptive,3,1,7,344,344,0,100.0000
SQLi,customapp,bwapp,search,PHP/MySQL,meta-llama/llama-4-maverick,cross_backend,0.3,CG-Adaptive,3,2,5,344,344,0,100.0000
SQLi,customapp,bwapp,search,PHP/MySQL,meta-llama/llama-4-maverick,cross_backend,0.3,CG-Adaptive,3,3,5,344,344,0,100.0000
SQLi,customapp,bwapp,search,PHP/MySQL,meta-llama/llama-4-maverick,cross_backend,0.3,CG-Adaptive,3,4,6,344,344,0,100.0000
SQLi,customapp,bwapp,search,PHP/MySQL,meta-llama/llama-4-maverick,cross_backend,0.3,CG-Adaptive,3,5,5,344,344,0,100.0000
SQLi,customapp,bwapp,search,PHP/MySQL,meta-llama/llama-4-maverick,cross_backend,0.3,CG-Adaptive,3,6,7,344,344,0,100.0000
SQLi,customapp,bwapp,search,PHP/MySQL,meta-llama/llama-4-maverick,cross_backend,0.3,CG-Adaptive,3,7,5,344,344,0,100.0000
SQLi,customapp,bwapp,search,PHP/MySQL,meta-llama/llama-4-maverick,cross_backend,0.3,CG-Adaptive,3,8,6,344,344,0,100.0000
SQLi,customapp,bwapp,search,PHP/MySQL,meta-llama/llama-4-maverick,cross_backend,0.3,CG-Adaptive,3,9,5,344,344,0,100.0000
SQLi,customapp,bwapp,search,PHP/MySQL,meta-llama/llama-4-maverick,cross_backend,0.3,CG-Adaptive,3,10,6,344,344,0,100.0000
SQLi,customapp,bwapp,search,PHP/MySQL,meta-llama/llama-4-maverick,cross_backend,0.3,CG-Adaptive,4,1,7,349,349,0,100.0000
SQLi,customapp,bwapp,search,PHP/MySQL,meta-llama/llama-4-maverick,cross_backend,0.3,CG-Adaptive,4,2,5,349,349,0,100.0000
SQLi,customapp,bwapp,search,PHP/MySQL,meta-llama/llama-4-maverick,cross_backend,0.3,CG-Adaptive,4,3,5,349,349,0,100.0000
SQLi,customapp,bwapp,search,PHP/MySQL,meta-llama/llama-4-maverick,cross_backend,0.3,CG-Adaptive,4,4,6,349,349,0,100.0000
SQLi,customapp,bwapp,search,PHP/MySQL,meta-llama/llama-4-maverick,cross_backend,0.3,CG-Adaptive,4,5,5,349,349,0,100.0000
SQLi,customapp,bwapp,search,PHP/MySQL,meta-llama/llama-4-maverick,cross_backend,0.3,CG-Adaptive,4,6,7,349,349,0,100.0000
SQLi,customapp,bwapp,search,PHP/MySQL,meta-llama/llama-4-maverick,cross_backend,0.3,CG-Adaptive,4,7,5,349,349,0,100.0000
SQLi,customapp,bwapp,search,PHP/MySQL,meta-llama/llama-4-maverick,cross_backend,0.3,CG-Adaptive,4,8,6,349,349,0,100.0000
SQLi,customapp,bwapp,search,PHP/MySQL,meta-llama/llama-4-maverick,cross_backend,0.3,CG-Adaptive,4,9,5,349,349,0,100.0000
SQLi,customapp,bwapp,search,PHP/MySQL,meta-llama/llama-4-maverick,cross_backend,0.3,CG-Adaptive,4,10,6,349,349,0,100.0000
SQLi,customapp,bwapp,search,PHP/MySQL,meta-llama/llama-4-maverick,cross_backend,0.3,CG-Adaptive,5,1,7,429,429,0,100.0000
SQLi,customapp,bwapp,search,PHP/MySQL,meta-llama/llama-4-maverick,cross_backend,0.3,CG-Adaptive,5,2,5,429,429,0,100.0000
SQLi,customapp,bwapp,search,PHP/MySQL,meta-llama/llama-4-maverick,cross_backend,0.3,CG-Adaptive,5,3,5,429,429,0,100.0000
SQLi,customapp,bwapp,search,PHP/MySQL,meta-llama/llama-4-maverick,cross_backend,0.3,CG-Adaptive,5,4,6,429,429,0,100.0000
SQLi,customapp,bwapp,search,PHP/MySQL,meta-llama/llama-4-maverick,cross_backend,0.3,CG-Adaptive,5,5,5,429,429,0,100.0000
SQLi,customapp,bwapp,search,PHP/MySQL,meta-llama/llama-4-maverick,cross_backend,0.3,CG-Adaptive,5,6,7,429,429,0,100.0000
SQLi,customapp,bwapp,search,PHP/MySQL,meta-llama/llama-4-maverick,cross_backend,0.3,CG-Adaptive,5,7,5,429,429,0,100.0000
SQLi,customapp,bwapp,search,PHP/MySQL,meta-llama/llama-4-maverick,cross_backend,0.3,CG-Adaptive,5,8,6,429,429,0,100.0000
SQLi,customapp,bwapp,search,PHP/MySQL,meta-llama/llama-4-maverick,cross_backend,0.3,CG-Adaptive,5,9,5,429,429,0,100.0000
SQLi,customapp,bwapp,search,PHP/MySQL,meta-llama/llama-4-maverick,cross_backend,0.3,CG-Adaptive,5,10,6,429,429,0,100.0000
SQLi,customapp,bwapp,search,PHP/MySQL,meta-llama/llama-4-maverick,cross_backend,0.3,CG-Static,1,1,5,364,364,0,100.0000
SQLi,customapp,bwapp,search,PHP/MySQL,meta-llama/llama-4-maverick,cross_backend,0.3,CG-Static,1,2,6,364,364,0,100.0000
SQLi,customapp,bwapp,search,PHP/MySQL,meta-llama/llama-4-maverick,cross_backend,0.3,CG-Static,1,3,4,364,364,0,100.0000
SQLi,customapp,bwapp,search,PHP/MySQL,meta-llama/llama-4-maverick,cross_backend,0.3,CG-Static,1,4,5,364,364,0,100.0000
SQLi,customapp,bwapp,search,PHP/MySQL,meta-llama/llama-4-maverick,cross_backend,0.3,CG-Static,1,5,5,364,364,0,100.0000
SQLi,customapp,bwapp,search,PHP/MySQL,meta-llama/llama-4-maverick,cross_backend,0.3,CG-Static,1,6,5,364,364,0,100.0000
SQLi,customapp,bwapp,search,PHP/MySQL,meta-llama/llama-4-maverick,cross_backend,0.3,CG-Static,1,7,6,364,364,0,100.0000
SQLi,customapp,bwapp,search,PHP/MySQL,meta-llama/llama-4-maverick,cross_backend,0.3,CG-Static,1,8,4,364,364,0,100.0000
SQLi,customapp,bwapp,search,PHP/MySQL,meta-llama/llama-4-maverick,cross_backend,0.3,CG-Static,1,9,5,364,364,0,100.0000
SQLi,customapp,bwapp,search,PHP/MySQL,meta-llama/llama-4-maverick,cross_backend,0.3,CG-Static,1,10,5,364,318,46,87.3626
SQLi,customapp,bwapp,search,PHP/MySQL,meta-llama/llama-4-maverick,cross_backend,0.3,CG-Static,2,1,5,395,395,0,100.0000
SQLi,customapp,bwapp,search,PHP/MySQL,meta-llama/llama-4-maverick,cross_backend,0.3,CG-Static,2,2,6,395,395,0,100.0000
SQLi,customapp,bwapp,search,PHP/MySQL,meta-llama/llama-4-maverick,cross_backend,0.3,CG-Static,2,3,4,395,395,0,100.0000
SQLi,customapp,bwapp,search,PHP/MySQL,meta-llama/llama-4-maverick,cross_backend,0.3,CG-Static,2,4,5,395,395,0,100.0000
SQLi,customapp,bwapp,search,PHP/MySQL,meta-llama/llama-4-maverick,cross_backend,0.3,CG-Static,2,5,5,395,395,0,100.0000
SQLi,customapp,bwapp,search,PHP/MySQL,meta-llama/llama-4-maverick,cross_backend,0.3,CG-Static,2,6,5,395,395,0,100.0000
SQLi,customapp,bwapp,search,PHP/MySQL,meta-llama/llama-4-maverick,cross_backend,0.3,CG-Static,2,7,6,395,395,0,100.0000
SQLi,customapp,bwapp,search,PHP/MySQL,meta-llama/llama-4-maverick,cross_backend,0.3,CG-Static,2,8,4,395,395,0,100.0000
SQLi,customapp,bwapp,search,PHP/MySQL,meta-llama/llama-4-maverick,cross_backend,0.3,CG-Static,2,9,5,395,395,0,100.0000
SQLi,customapp,bwapp,search,PHP/MySQL,meta-llama/llama-4-maverick,cross_backend,0.3,CG-Static,2,10,5,395,378,17,95.6962
SQLi,customapp,bwapp,search,PHP/MySQL,meta-llama/llama-4-maverick,cross_backend,0.3,CG-Static,3,1,5,344,344,0,100.0000
SQLi,customapp,bwapp,search,PHP/MySQL,meta-llama/llama-4-maverick,cross_backend,0.3,CG-Static,3,2,6,344,344,0,100.0000
SQLi,customapp,bwapp,search,PHP/MySQL,meta-llama/llama-4-maverick,cross_backend,0.3,CG-Static,3,3,4,344,344,0,100.0000
SQLi,customapp,bwapp,search,PHP/MySQL,meta-llama/llama-4-maverick,cross_backend,0.3,CG-Static,3,4,5,344,344,0,100.0000
SQLi,customapp,bwapp,search,PHP/MySQL,meta-llama/llama-4-maverick,cross_backend,0.3,CG-Static,3,5,5,344,344,0,100.0000
SQLi,customapp,bwapp,search,PHP/MySQL,meta-llama/llama-4-maverick,cross_backend,0.3,CG-Static,3,6,5,344,344,0,100.0000
SQLi,customapp,bwapp,search,PHP/MySQL,meta-llama/llama-4-maverick,cross_backend,0.3,CG-Static,3,7,6,344,344,0,100.0000
SQLi,customapp,bwapp,search,PHP/MySQL,meta-llama/llama-4-maverick,cross_backend,0.3,CG-Static,3,8,4,344,344,0,100.0000
SQLi,customapp,bwapp,search,PHP/MySQL,meta-llama/llama-4-maverick,cross_backend,0.3,CG-Static,3,9,5,344,344,0,100.0000
SQLi,customapp,bwapp,search,PHP/MySQL,meta-llama/llama-4-maverick,cross_backend,0.3,CG-Static,3,10,5,344,331,13,96.2209
SQLi,customapp,bwapp,search,PHP/MySQL,meta-llama/llama-4-maverick,cross_backend,0.3,CG-Static,4,1,5,349,349,0,100.0000
SQLi,customapp,bwapp,search,PHP/MySQL,meta-llama/llama-4-maverick,cross_backend,0.3,CG-Static,4,2,6,349,349,0,100.0000
SQLi,customapp,bwapp,search,PHP/MySQL,meta-llama/llama-4-maverick,cross_backend,0.3,CG-Static,4,3,4,349,349,0,100.0000
SQLi,customapp,bwapp,search,PHP/MySQL,meta-llama/llama-4-maverick,cross_backend,0.3,CG-Static,4,4,5,349,349,0,100.0000
SQLi,customapp,bwapp,search,PHP/MySQL,meta-llama/llama-4-maverick,cross_backend,0.3,CG-Static,4,5,5,349,349,0,100.0000
SQLi,customapp,bwapp,search,PHP/MySQL,meta-llama/llama-4-maverick,cross_backend,0.3,CG-Static,4,6,5,349,349,0,100.0000
SQLi,customapp,bwapp,search,PHP/MySQL,meta-llama/llama-4-maverick,cross_backend,0.3,CG-Static,4,7,6,349,349,0,100.0000
SQLi,customapp,bwapp,search,PHP/MySQL,meta-llama/llama-4-maverick,cross_backend,0.3,CG-Static,4,8,4,349,349,0,100.0000
SQLi,customapp,bwapp,search,PHP/MySQL,meta-llama/llama-4-maverick,cross_backend,0.3,CG-Static,4,9,5,349,349,0,100.0000
SQLi,customapp,bwapp,search,PHP/MySQL,meta-llama/llama-4-maverick,cross_backend,0.3,CG-Static,4,10,5,349,229,120,65.6160
SQLi,customapp,bwapp,search,PHP/MySQL,meta-llama/llama-4-maverick,cross_backend,0.3,CG-Static,5,1,5,429,429,0,100.0000
SQLi,customapp,bwapp,search,PHP/MySQL,meta-llama/llama-4-maverick,cross_backend,0.3,CG-Static,5,2,6,429,429,0,100.0000
SQLi,customapp,bwapp,search,PHP/MySQL,meta-llama/llama-4-maverick,cross_backend,0.3,CG-Static,5,3,4,429,429,0,100.0000
SQLi,customapp,bwapp,search,PHP/MySQL,meta-llama/llama-4-maverick,cross_backend,0.3,CG-Static,5,4,5,429,429,0,100.0000
SQLi,customapp,bwapp,search,PHP/MySQL,meta-llama/llama-4-maverick,cross_backend,0.3,CG-Static,5,5,5,429,429,0,100.0000
SQLi,customapp,bwapp,search,PHP/MySQL,meta-llama/llama-4-maverick,cross_backend,0.3,CG-Static,5,6,5,429,429,0,100.0000
SQLi,customapp,bwapp,search,PHP/MySQL,meta-llama/llama-4-maverick,cross_backend,0.3,CG-Static,5,7,6,429,429,0,100.0000
SQLi,customapp,bwapp,search,PHP/MySQL,meta-llama/llama-4-maverick,cross_backend,0.3,CG-Static,5,8,4,429,429,0,100.0000
SQLi,customapp,bwapp,search,PHP/MySQL,meta-llama/llama-4-maverick,cross_backend,0.3,CG-Static,5,9,5,429,429,0,100.0000
SQLi,customapp,bwapp,search,PHP/MySQL,meta-llama/llama-4-maverick,cross_backend,0.3,CG-Static,5,10,5,429,420,9,97.9021
SQLi,customapp,bwapp,search,PHP/MySQL,meta-llama/llama-4-maverick,cross_backend,0.3,CRS-only,1,0,0,364,0,364,0.0000
SQLi,customapp,bwapp,search,PHP/MySQL,meta-llama/llama-4-maverick,cross_backend,0.3,CRS-only,2,0,0,395,0,395,0.0000
SQLi,customapp,bwapp,search,PHP/MySQL,meta-llama/llama-4-maverick,cross_backend,0.3,CRS-only,3,0,0,344,0,344,0.0000
SQLi,customapp,bwapp,search,PHP/MySQL,meta-llama/llama-4-maverick,cross_backend,0.3,CRS-only,4,0,0,349,0,349,0.0000
SQLi,customapp,bwapp,search,PHP/MySQL,meta-llama/llama-4-maverick,cross_backend,0.3,CRS-only,5,0,0,429,0,429,0.0000
SQLi,customapp,bwapp,search,PHP/MySQL,meta-llama/llama-4-maverick,cross_backend,0.4,CG-Adaptive,1,1,5,364,364,0,100.0000
SQLi,customapp,bwapp,search,PHP/MySQL,meta-llama/llama-4-maverick,cross_backend,0.4,CG-Adaptive,1,2,4,364,164,200,45.0549
SQLi,customapp,bwapp,search,PHP/MySQL,meta-llama/llama-4-maverick,cross_backend,0.4,CG-Adaptive,1,3,6,364,364,0,100.0000
SQLi,customapp,bwapp,search,PHP/MySQL,meta-llama/llama-4-maverick,cross_backend,0.4,CG-Adaptive,1,4,5,364,364,0,100.0000
SQLi,customapp,bwapp,search,PHP/MySQL,meta-llama/llama-4-maverick,cross_backend,0.4,CG-Adaptive,1,5,6,364,364,0,100.0000
SQLi,customapp,bwapp,search,PHP/MySQL,meta-llama/llama-4-maverick,cross_backend,0.4,CG-Adaptive,1,6,5,364,364,0,100.0000
SQLi,customapp,bwapp,search,PHP/MySQL,meta-llama/llama-4-maverick,cross_backend,0.4,CG-Adaptive,1,7,5,364,364,0,100.0000
SQLi,customapp,bwapp,search,PHP/MySQL,meta-llama/llama-4-maverick,cross_backend,0.4,CG-Adaptive,1,8,5,364,364,0,100.0000
SQLi,customapp,bwapp,search,PHP/MySQL,meta-llama/llama-4-maverick,cross_backend,0.4,CG-Adaptive,1,9,4,364,364,0,100.0000
SQLi,customapp,bwapp,search,PHP/MySQL,meta-llama/llama-4-maverick,cross_backend,0.4,CG-Adaptive,1,10,5,364,164,200,45.0549
SQLi,customapp,bwapp,search,PHP/MySQL,meta-llama/llama-4-maverick,cross_backend,0.4,CG-Adaptive,2,1,5,395,395,0,100.0000
SQLi,customapp,bwapp,search,PHP/MySQL,meta-llama/llama-4-maverick,cross_backend,0.4,CG-Adaptive,2,2,4,395,169,226,42.7848
SQLi,customapp,bwapp,search,PHP/MySQL,meta-llama/llama-4-maverick,cross_backend,0.4,CG-Adaptive,2,3,6,395,395,0,100.0000
SQLi,customapp,bwapp,search,PHP/MySQL,meta-llama/llama-4-maverick,cross_backend,0.4,CG-Adaptive,2,4,5,395,395,0,100.0000
SQLi,customapp,bwapp,search,PHP/MySQL,meta-llama/llama-4-maverick,cross_backend,0.4,CG-Adaptive,2,5,6,395,395,0,100.0000
SQLi,customapp,bwapp,search,PHP/MySQL,meta-llama/llama-4-maverick,cross_backend,0.4,CG-Adaptive,2,6,5,395,395,0,100.0000
SQLi,customapp,bwapp,search,PHP/MySQL,meta-llama/llama-4-maverick,cross_backend,0.4,CG-Adaptive,2,7,5,395,395,0,100.0000
SQLi,customapp,bwapp,search,PHP/MySQL,meta-llama/llama-4-maverick,cross_backend,0.4,CG-Adaptive,2,8,5,395,395,0,100.0000
SQLi,customapp,bwapp,search,PHP/MySQL,meta-llama/llama-4-maverick,cross_backend,0.4,CG-Adaptive,2,9,4,395,395,0,100.0000
SQLi,customapp,bwapp,search,PHP/MySQL,meta-llama/llama-4-maverick,cross_backend,0.4,CG-Adaptive,2,10,5,395,169,226,42.7848
SQLi,customapp,bwapp,search,PHP/MySQL,meta-llama/llama-4-maverick,cross_backend,0.4,CG-Adaptive,3,1,5,344,344,0,100.0000
SQLi,customapp,bwapp,search,PHP/MySQL,meta-llama/llama-4-maverick,cross_backend,0.4,CG-Adaptive,3,2,4,344,278,66,80.8140
SQLi,customapp,bwapp,search,PHP/MySQL,meta-llama/llama-4-maverick,cross_backend,0.4,CG-Adaptive,3,3,6,344,344,0,100.0000
SQLi,customapp,bwapp,search,PHP/MySQL,meta-llama/llama-4-maverick,cross_backend,0.4,CG-Adaptive,3,4,5,344,344,0,100.0000
SQLi,customapp,bwapp,search,PHP/MySQL,meta-llama/llama-4-maverick,cross_backend,0.4,CG-Adaptive,3,5,6,344,344,0,100.0000
SQLi,customapp,bwapp,search,PHP/MySQL,meta-llama/llama-4-maverick,cross_backend,0.4,CG-Adaptive,3,6,5,344,344,0,100.0000
SQLi,customapp,bwapp,search,PHP/MySQL,meta-llama/llama-4-maverick,cross_backend,0.4,CG-Adaptive,3,7,5,344,344,0,100.0000
SQLi,customapp,bwapp,search,PHP/MySQL,meta-llama/llama-4-maverick,cross_backend,0.4,CG-Adaptive,3,8,5,344,344,0,100.0000
SQLi,customapp,bwapp,search,PHP/MySQL,meta-llama/llama-4-maverick,cross_backend,0.4,CG-Adaptive,3,9,4,344,344,0,100.0000
SQLi,customapp,bwapp,search,PHP/MySQL,meta-llama/llama-4-maverick,cross_backend,0.4,CG-Adaptive,3,10,5,344,278,66,80.8140
SQLi,customapp,bwapp,search,PHP/MySQL,meta-llama/llama-4-maverick,cross_backend,0.4,CG-Adaptive,4,1,5,349,349,0,100.0000
SQLi,customapp,bwapp,search,PHP/MySQL,meta-llama/llama-4-maverick,cross_backend,0.4,CG-Adaptive,4,2,4,349,112,237,32.0917
SQLi,customapp,bwapp,search,PHP/MySQL,meta-llama/llama-4-maverick,cross_backend,0.4,CG-Adaptive,4,3,6,349,349,0,100.0000
SQLi,customapp,bwapp,search,PHP/MySQL,meta-llama/llama-4-maverick,cross_backend,0.4,CG-Adaptive,4,4,5,349,349,0,100.0000
SQLi,customapp,bwapp,search,PHP/MySQL,meta-llama/llama-4-maverick,cross_backend,0.4,CG-Adaptive,4,5,6,349,349,0,100.0000
SQLi,customapp,bwapp,search,PHP/MySQL,meta-llama/llama-4-maverick,cross_backend,0.4,CG-Adaptive,4,6,5,349,349,0,100.0000
SQLi,customapp,bwapp,search,PHP/MySQL,meta-llama/llama-4-maverick,cross_backend,0.4,CG-Adaptive,4,7,5,349,349,0,100.0000
SQLi,customapp,bwapp,search,PHP/MySQL,meta-llama/llama-4-maverick,cross_backend,0.4,CG-Adaptive,4,8,5,349,349,0,100.0000
SQLi,customapp,bwapp,search,PHP/MySQL,meta-llama/llama-4-maverick,cross_backend,0.4,CG-Adaptive,4,9,4,349,349,0,100.0000
SQLi,customapp,bwapp,search,PHP/MySQL,meta-llama/llama-4-maverick,cross_backend,0.4,CG-Adaptive,4,10,5,349,112,237,32.0917
SQLi,customapp,bwapp,search,PHP/MySQL,meta-llama/llama-4-maverick,cross_backend,0.4,CG-Adaptive,5,1,5,429,429,0,100.0000
SQLi,customapp,bwapp,search,PHP/MySQL,meta-llama/llama-4-maverick,cross_backend,0.4,CG-Adaptive,5,2,4,429,208,221,48.4848
SQLi,customapp,bwapp,search,PHP/MySQL,meta-llama/llama-4-maverick,cross_backend,0.4,CG-Adaptive,5,3,6,429,429,0,100.0000
SQLi,customapp,bwapp,search,PHP/MySQL,meta-llama/llama-4-maverick,cross_backend,0.4,CG-Adaptive,5,4,5,429,429,0,100.0000
SQLi,customapp,bwapp,search,PHP/MySQL,meta-llama/llama-4-maverick,cross_backend,0.4,CG-Adaptive,5,5,6,429,429,0,100.0000
SQLi,customapp,bwapp,search,PHP/MySQL,meta-llama/llama-4-maverick,cross_backend,0.4,CG-Adaptive,5,6,5,429,429,0,100.0000
SQLi,customapp,bwapp,search,PHP/MySQL,meta-llama/llama-4-maverick,cross_backend,0.4,CG-Adaptive,5,7,5,429,429,0,100.0000
SQLi,customapp,bwapp,search,PHP/MySQL,meta-llama/llama-4-maverick,cross_backend,0.4,CG-Adaptive,5,8,5,429,429,0,100.0000
SQLi,customapp,bwapp,search,PHP/MySQL,meta-llama/llama-4-maverick,cross_backend,0.4,CG-Adaptive,5,9,4,429,429,0,100.0000
SQLi,customapp,bwapp,search,PHP/MySQL,meta-llama/llama-4-maverick,cross_backend,0.4,CG-Adaptive,5,10,5,429,208,221,48.4848
SQLi,customapp,bwapp,search,PHP/MySQL,meta-llama/llama-4-maverick,cross_backend,0.4,CG-Static,1,1,4,364,364,0,100.0000
SQLi,customapp,bwapp,search,PHP/MySQL,meta-llama/llama-4-maverick,cross_backend,0.4,CG-Static,1,2,7,364,364,0,100.0000
SQLi,customapp,bwapp,search,PHP/MySQL,meta-llama/llama-4-maverick,cross_backend,0.4,CG-Static,1,3,4,364,318,46,87.3626
SQLi,customapp,bwapp,search,PHP/MySQL,meta-llama/llama-4-maverick,cross_backend,0.4,CG-Static,1,4,5,364,364,0,100.0000
SQLi,customapp,bwapp,search,PHP/MySQL,meta-llama/llama-4-maverick,cross_backend,0.4,CG-Static,1,5,6,364,364,0,100.0000
SQLi,customapp,bwapp,search,PHP/MySQL,meta-llama/llama-4-maverick,cross_backend,0.4,CG-Static,1,6,4,364,364,0,100.0000
SQLi,customapp,bwapp,search,PHP/MySQL,meta-llama/llama-4-maverick,cross_backend,0.4,CG-Static,1,7,4,364,364,0,100.0000
SQLi,customapp,bwapp,search,PHP/MySQL,meta-llama/llama-4-maverick,cross_backend,0.4,CG-Static,1,8,5,364,364,0,100.0000
SQLi,customapp,bwapp,search,PHP/MySQL,meta-llama/llama-4-maverick,cross_backend,0.4,CG-Static,1,9,5,364,364,0,100.0000
SQLi,customapp,bwapp,search,PHP/MySQL,meta-llama/llama-4-maverick,cross_backend,0.4,CG-Static,1,10,7,364,318,46,87.3626
SQLi,customapp,bwapp,search,PHP/MySQL,meta-llama/llama-4-maverick,cross_backend,0.4,CG-Static,2,1,4,395,395,0,100.0000
SQLi,customapp,bwapp,search,PHP/MySQL,meta-llama/llama-4-maverick,cross_backend,0.4,CG-Static,2,2,7,395,395,0,100.0000
SQLi,customapp,bwapp,search,PHP/MySQL,meta-llama/llama-4-maverick,cross_backend,0.4,CG-Static,2,3,4,395,378,17,95.6962
SQLi,customapp,bwapp,search,PHP/MySQL,meta-llama/llama-4-maverick,cross_backend,0.4,CG-Static,2,4,5,395,395,0,100.0000
SQLi,customapp,bwapp,search,PHP/MySQL,meta-llama/llama-4-maverick,cross_backend,0.4,CG-Static,2,5,6,395,395,0,100.0000
SQLi,customapp,bwapp,search,PHP/MySQL,meta-llama/llama-4-maverick,cross_backend,0.4,CG-Static,2,6,4,395,395,0,100.0000
SQLi,customapp,bwapp,search,PHP/MySQL,meta-llama/llama-4-maverick,cross_backend,0.4,CG-Static,2,7,4,395,395,0,100.0000
SQLi,customapp,bwapp,search,PHP/MySQL,meta-llama/llama-4-maverick,cross_backend,0.4,CG-Static,2,8,5,395,395,0,100.0000
SQLi,customapp,bwapp,search,PHP/MySQL,meta-llama/llama-4-maverick,cross_backend,0.4,CG-Static,2,9,5,395,395,0,100.0000
SQLi,customapp,bwapp,search,PHP/MySQL,meta-llama/llama-4-maverick,cross_backend,0.4,CG-Static,2,10,7,395,378,17,95.6962
SQLi,customapp,bwapp,search,PHP/MySQL,meta-llama/llama-4-maverick,cross_backend,0.4,CG-Static,3,1,4,344,344,0,100.0000
SQLi,customapp,bwapp,search,PHP/MySQL,meta-llama/llama-4-maverick,cross_backend,0.4,CG-Static,3,2,7,344,344,0,100.0000
SQLi,customapp,bwapp,search,PHP/MySQL,meta-llama/llama-4-maverick,cross_backend,0.4,CG-Static,3,3,4,344,331,13,96.2209
SQLi,customapp,bwapp,search,PHP/MySQL,meta-llama/llama-4-maverick,cross_backend,0.4,CG-Static,3,4,5,344,344,0,100.0000
SQLi,customapp,bwapp,search,PHP/MySQL,meta-llama/llama-4-maverick,cross_backend,0.4,CG-Static,3,5,6,344,344,0,100.0000
SQLi,customapp,bwapp,search,PHP/MySQL,meta-llama/llama-4-maverick,cross_backend,0.4,CG-Static,3,6,4,344,344,0,100.0000
SQLi,customapp,bwapp,search,PHP/MySQL,meta-llama/llama-4-maverick,cross_backend,0.4,CG-Static,3,7,4,344,344,0,100.0000
SQLi,customapp,bwapp,search,PHP/MySQL,meta-llama/llama-4-maverick,cross_backend,0.4,CG-Static,3,8,5,344,344,0,100.0000
SQLi,customapp,bwapp,search,PHP/MySQL,meta-llama/llama-4-maverick,cross_backend,0.4,CG-Static,3,9,5,344,344,0,100.0000
SQLi,customapp,bwapp,search,PHP/MySQL,meta-llama/llama-4-maverick,cross_backend,0.4,CG-Static,3,10,7,344,331,13,96.2209
SQLi,customapp,bwapp,search,PHP/MySQL,meta-llama/llama-4-maverick,cross_backend,0.4,CG-Static,4,1,4,349,349,0,100.0000
SQLi,customapp,bwapp,search,PHP/MySQL,meta-llama/llama-4-maverick,cross_backend,0.4,CG-Static,4,2,7,349,349,0,100.0000
SQLi,customapp,bwapp,search,PHP/MySQL,meta-llama/llama-4-maverick,cross_backend,0.4,CG-Static,4,3,4,349,229,120,65.6160
SQLi,customapp,bwapp,search,PHP/MySQL,meta-llama/llama-4-maverick,cross_backend,0.4,CG-Static,4,4,5,349,349,0,100.0000
SQLi,customapp,bwapp,search,PHP/MySQL,meta-llama/llama-4-maverick,cross_backend,0.4,CG-Static,4,5,6,349,349,0,100.0000
SQLi,customapp,bwapp,search,PHP/MySQL,meta-llama/llama-4-maverick,cross_backend,0.4,CG-Static,4,6,4,349,349,0,100.0000
SQLi,customapp,bwapp,search,PHP/MySQL,meta-llama/llama-4-maverick,cross_backend,0.4,CG-Static,4,7,4,349,349,0,100.0000
SQLi,customapp,bwapp,search,PHP/MySQL,meta-llama/llama-4-maverick,cross_backend,0.4,CG-Static,4,8,5,349,349,0,100.0000
SQLi,customapp,bwapp,search,PHP/MySQL,meta-llama/llama-4-maverick,cross_backend,0.4,CG-Static,4,9,5,349,349,0,100.0000
SQLi,customapp,bwapp,search,PHP/MySQL,meta-llama/llama-4-maverick,cross_backend,0.4,CG-Static,4,10,7,349,229,120,65.6160
SQLi,customapp,bwapp,search,PHP/MySQL,meta-llama/llama-4-maverick,cross_backend,0.4,CG-Static,5,1,4,429,429,0,100.0000
SQLi,customapp,bwapp,search,PHP/MySQL,meta-llama/llama-4-maverick,cross_backend,0.4,CG-Static,5,2,7,429,429,0,100.0000
SQLi,customapp,bwapp,search,PHP/MySQL,meta-llama/llama-4-maverick,cross_backend,0.4,CG-Static,5,3,4,429,420,9,97.9021
SQLi,customapp,bwapp,search,PHP/MySQL,meta-llama/llama-4-maverick,cross_backend,0.4,CG-Static,5,4,5,429,429,0,100.0000
SQLi,customapp,bwapp,search,PHP/MySQL,meta-llama/llama-4-maverick,cross_backend,0.4,CG-Static,5,5,6,429,429,0,100.0000
SQLi,customapp,bwapp,search,PHP/MySQL,meta-llama/llama-4-maverick,cross_backend,0.4,CG-Static,5,6,4,429,429,0,100.0000
SQLi,customapp,bwapp,search,PHP/MySQL,meta-llama/llama-4-maverick,cross_backend,0.4,CG-Static,5,7,4,429,429,0,100.0000
SQLi,customapp,bwapp,search,PHP/MySQL,meta-llama/llama-4-maverick,cross_backend,0.4,CG-Static,5,8,5,429,429,0,100.0000
SQLi,customapp,bwapp,search,PHP/MySQL,meta-llama/llama-4-maverick,cross_backend,0.4,CG-Static,5,9,5,429,429,0,100.0000
SQLi,customapp,bwapp,search,PHP/MySQL,meta-llama/llama-4-maverick,cross_backend,0.4,CG-Static,5,10,7,429,420,9,97.9021
SQLi,customapp,bwapp,search,PHP/MySQL,meta-llama/llama-4-maverick,cross_backend,0.4,CRS-only,1,0,0,364,0,364,0.0000
SQLi,customapp,bwapp,search,PHP/MySQL,meta-llama/llama-4-maverick,cross_backend,0.4,CRS-only,2,0,0,395,0,395,0.0000
SQLi,customapp,bwapp,search,PHP/MySQL,meta-llama/llama-4-maverick,cross_backend,0.4,CRS-only,3,0,0,344,0,344,0.0000
SQLi,customapp,bwapp,search,PHP/MySQL,meta-llama/llama-4-maverick,cross_backend,0.4,CRS-only,4,0,0,349,0,349,0.0000
SQLi,customapp,bwapp,search,PHP/MySQL,meta-llama/llama-4-maverick,cross_backend,0.4,CRS-only,5,0,0,429,0,429,0.0000
SQLi,customapp,bwapp,search,PHP/MySQL,meta-llama/llama-4-maverick,cross_backend,0.5,CG-Adaptive,1,1,7,364,364,0,100.0000
SQLi,customapp,bwapp,search,PHP/MySQL,meta-llama/llama-4-maverick,cross_backend,0.5,CG-Adaptive,1,2,5,364,364,0,100.0000
SQLi,customapp,bwapp,search,PHP/MySQL,meta-llama/llama-4-maverick,cross_backend,0.5,CG-Adaptive,1,3,4,364,364,0,100.0000
SQLi,customapp,bwapp,search,PHP/MySQL,meta-llama/llama-4-maverick,cross_backend,0.5,CG-Adaptive,1,4,5,364,364,0,100.0000
SQLi,customapp,bwapp,search,PHP/MySQL,meta-llama/llama-4-maverick,cross_backend,0.5,CG-Adaptive,1,5,5,364,364,0,100.0000
SQLi,customapp,bwapp,search,PHP/MySQL,meta-llama/llama-4-maverick,cross_backend,0.5,CG-Adaptive,1,6,5,364,364,0,100.0000
SQLi,customapp,bwapp,search,PHP/MySQL,meta-llama/llama-4-maverick,cross_backend,0.5,CG-Adaptive,1,7,9,364,364,0,100.0000
SQLi,customapp,bwapp,search,PHP/MySQL,meta-llama/llama-4-maverick,cross_backend,0.5,CG-Adaptive,1,8,6,364,364,0,100.0000
SQLi,customapp,bwapp,search,PHP/MySQL,meta-llama/llama-4-maverick,cross_backend,0.5,CG-Adaptive,1,9,4,364,364,0,100.0000
SQLi,customapp,bwapp,search,PHP/MySQL,meta-llama/llama-4-maverick,cross_backend,0.5,CG-Adaptive,1,10,9,364,364,0,100.0000
SQLi,customapp,bwapp,search,PHP/MySQL,meta-llama/llama-4-maverick,cross_backend,0.5,CG-Adaptive,2,1,7,395,395,0,100.0000
SQLi,customapp,bwapp,search,PHP/MySQL,meta-llama/llama-4-maverick,cross_backend,0.5,CG-Adaptive,2,2,5,395,395,0,100.0000
SQLi,customapp,bwapp,search,PHP/MySQL,meta-llama/llama-4-maverick,cross_backend,0.5,CG-Adaptive,2,3,4,395,395,0,100.0000
SQLi,customapp,bwapp,search,PHP/MySQL,meta-llama/llama-4-maverick,cross_backend,0.5,CG-Adaptive,2,4,5,395,395,0,100.0000
SQLi,customapp,bwapp,search,PHP/MySQL,meta-llama/llama-4-maverick,cross_backend,0.5,CG-Adaptive,2,5,5,395,395,0,100.0000
SQLi,customapp,bwapp,search,PHP/MySQL,meta-llama/llama-4-maverick,cross_backend,0.5,CG-Adaptive,2,6,5,395,395,0,100.0000
SQLi,customapp,bwapp,search,PHP/MySQL,meta-llama/llama-4-maverick,cross_backend,0.5,CG-Adaptive,2,7,9,395,395,0,100.0000
SQLi,customapp,bwapp,search,PHP/MySQL,meta-llama/llama-4-maverick,cross_backend,0.5,CG-Adaptive,2,8,6,395,395,0,100.0000
SQLi,customapp,bwapp,search,PHP/MySQL,meta-llama/llama-4-maverick,cross_backend,0.5,CG-Adaptive,2,9,4,395,395,0,100.0000
SQLi,customapp,bwapp,search,PHP/MySQL,meta-llama/llama-4-maverick,cross_backend,0.5,CG-Adaptive,2,10,9,395,395,0,100.0000
SQLi,customapp,bwapp,search,PHP/MySQL,meta-llama/llama-4-maverick,cross_backend,0.5,CG-Adaptive,3,1,7,344,344,0,100.0000
SQLi,customapp,bwapp,search,PHP/MySQL,meta-llama/llama-4-maverick,cross_backend,0.5,CG-Adaptive,3,2,5,344,344,0,100.0000
SQLi,customapp,bwapp,search,PHP/MySQL,meta-llama/llama-4-maverick,cross_backend,0.5,CG-Adaptive,3,3,4,344,344,0,100.0000
SQLi,customapp,bwapp,search,PHP/MySQL,meta-llama/llama-4-maverick,cross_backend,0.5,CG-Adaptive,3,4,5,344,344,0,100.0000
SQLi,customapp,bwapp,search,PHP/MySQL,meta-llama/llama-4-maverick,cross_backend,0.5,CG-Adaptive,3,5,5,344,344,0,100.0000
SQLi,customapp,bwapp,search,PHP/MySQL,meta-llama/llama-4-maverick,cross_backend,0.5,CG-Adaptive,3,6,5,344,344,0,100.0000
SQLi,customapp,bwapp,search,PHP/MySQL,meta-llama/llama-4-maverick,cross_backend,0.5,CG-Adaptive,3,7,9,344,344,0,100.0000
SQLi,customapp,bwapp,search,PHP/MySQL,meta-llama/llama-4-maverick,cross_backend,0.5,CG-Adaptive,3,8,6,344,344,0,100.0000
SQLi,customapp,bwapp,search,PHP/MySQL,meta-llama/llama-4-maverick,cross_backend,0.5,CG-Adaptive,3,9,4,344,344,0,100.0000
SQLi,customapp,bwapp,search,PHP/MySQL,meta-llama/llama-4-maverick,cross_backend,0.5,CG-Adaptive,3,10,9,344,344,0,100.0000
SQLi,customapp,bwapp,search,PHP/MySQL,meta-llama/llama-4-maverick,cross_backend,0.5,CG-Adaptive,4,1,7,349,349,0,100.0000
SQLi,customapp,bwapp,search,PHP/MySQL,meta-llama/llama-4-maverick,cross_backend,0.5,CG-Adaptive,4,2,5,349,349,0,100.0000
SQLi,customapp,bwapp,search,PHP/MySQL,meta-llama/llama-4-maverick,cross_backend,0.5,CG-Adaptive,4,3,4,349,349,0,100.0000
SQLi,customapp,bwapp,search,PHP/MySQL,meta-llama/llama-4-maverick,cross_backend,0.5,CG-Adaptive,4,4,5,349,349,0,100.0000
SQLi,customapp,bwapp,search,PHP/MySQL,meta-llama/llama-4-maverick,cross_backend,0.5,CG-Adaptive,4,5,5,349,349,0,100.0000
SQLi,customapp,bwapp,search,PHP/MySQL,meta-llama/llama-4-maverick,cross_backend,0.5,CG-Adaptive,4,6,5,349,349,0,100.0000
SQLi,customapp,bwapp,search,PHP/MySQL,meta-llama/llama-4-maverick,cross_backend,0.5,CG-Adaptive,4,7,9,349,349,0,100.0000
SQLi,customapp,bwapp,search,PHP/MySQL,meta-llama/llama-4-maverick,cross_backend,0.5,CG-Adaptive,4,8,6,349,349,0,100.0000
SQLi,customapp,bwapp,search,PHP/MySQL,meta-llama/llama-4-maverick,cross_backend,0.5,CG-Adaptive,4,9,4,349,349,0,100.0000
SQLi,customapp,bwapp,search,PHP/MySQL,meta-llama/llama-4-maverick,cross_backend,0.5,CG-Adaptive,4,10,9,349,349,0,100.0000
SQLi,customapp,bwapp,search,PHP/MySQL,meta-llama/llama-4-maverick,cross_backend,0.5,CG-Adaptive,5,1,7,429,429,0,100.0000
SQLi,customapp,bwapp,search,PHP/MySQL,meta-llama/llama-4-maverick,cross_backend,0.5,CG-Adaptive,5,2,5,429,429,0,100.0000
SQLi,customapp,bwapp,search,PHP/MySQL,meta-llama/llama-4-maverick,cross_backend,0.5,CG-Adaptive,5,3,4,429,429,0,100.0000
SQLi,customapp,bwapp,search,PHP/MySQL,meta-llama/llama-4-maverick,cross_backend,0.5,CG-Adaptive,5,4,5,429,429,0,100.0000
SQLi,customapp,bwapp,search,PHP/MySQL,meta-llama/llama-4-maverick,cross_backend,0.5,CG-Adaptive,5,5,5,429,429,0,100.0000
SQLi,customapp,bwapp,search,PHP/MySQL,meta-llama/llama-4-maverick,cross_backend,0.5,CG-Adaptive,5,6,5,429,429,0,100.0000
SQLi,customapp,bwapp,search,PHP/MySQL,meta-llama/llama-4-maverick,cross_backend,0.5,CG-Adaptive,5,7,9,429,429,0,100.0000
SQLi,customapp,bwapp,search,PHP/MySQL,meta-llama/llama-4-maverick,cross_backend,0.5,CG-Adaptive,5,8,6,429,429,0,100.0000
SQLi,customapp,bwapp,search,PHP/MySQL,meta-llama/llama-4-maverick,cross_backend,0.5,CG-Adaptive,5,9,4,429,429,0,100.0000
SQLi,customapp,bwapp,search,PHP/MySQL,meta-llama/llama-4-maverick,cross_backend,0.5,CG-Adaptive,5,10,9,429,429,0,100.0000
SQLi,customapp,bwapp,search,PHP/MySQL,meta-llama/llama-4-maverick,cross_backend,0.5,CG-Static,1,1,5,364,364,0,100.0000
SQLi,customapp,bwapp,search,PHP/MySQL,meta-llama/llama-4-maverick,cross_backend,0.5,CG-Static,1,2,4,364,318,46,87.3626
SQLi,customapp,bwapp,search,PHP/MySQL,meta-llama/llama-4-maverick,cross_backend,0.5,CG-Static,1,3,4,364,364,0,100.0000
SQLi,customapp,bwapp,search,PHP/MySQL,meta-llama/llama-4-maverick,cross_backend,0.5,CG-Static,1,4,5,364,364,0,100.0000
SQLi,customapp,bwapp,search,PHP/MySQL,meta-llama/llama-4-maverick,cross_backend,0.5,CG-Static,1,5,6,364,364,0,100.0000
SQLi,customapp,bwapp,search,PHP/MySQL,meta-llama/llama-4-maverick,cross_backend,0.5,CG-Static,1,6,4,364,364,0,100.0000
SQLi,customapp,bwapp,search,PHP/MySQL,meta-llama/llama-4-maverick,cross_backend,0.5,CG-Static,1,7,6,364,364,0,100.0000
SQLi,customapp,bwapp,search,PHP/MySQL,meta-llama/llama-4-maverick,cross_backend,0.5,CG-Static,1,8,7,364,364,0,100.0000
SQLi,customapp,bwapp,search,PHP/MySQL,meta-llama/llama-4-maverick,cross_backend,0.5,CG-Static,1,9,5,364,364,0,100.0000
SQLi,customapp,bwapp,search,PHP/MySQL,meta-llama/llama-4-maverick,cross_backend,0.5,CG-Static,1,10,4,364,364,0,100.0000
SQLi,customapp,bwapp,search,PHP/MySQL,meta-llama/llama-4-maverick,cross_backend,0.5,CG-Static,2,1,5,395,395,0,100.0000
SQLi,customapp,bwapp,search,PHP/MySQL,meta-llama/llama-4-maverick,cross_backend,0.5,CG-Static,2,2,4,395,378,17,95.6962
SQLi,customapp,bwapp,search,PHP/MySQL,meta-llama/llama-4-maverick,cross_backend,0.5,CG-Static,2,3,4,395,395,0,100.0000
SQLi,customapp,bwapp,search,PHP/MySQL,meta-llama/llama-4-maverick,cross_backend,0.5,CG-Static,2,4,5,395,395,0,100.0000
SQLi,customapp,bwapp,search,PHP/MySQL,meta-llama/llama-4-maverick,cross_backend,0.5,CG-Static,2,5,6,395,395,0,100.0000
SQLi,customapp,bwapp,search,PHP/MySQL,meta-llama/llama-4-maverick,cross_backend,0.5,CG-Static,2,6,4,395,395,0,100.0000
SQLi,customapp,bwapp,search,PHP/MySQL,meta-llama/llama-4-maverick,cross_backend,0.5,CG-Static,2,7,6,395,395,0,100.0000
SQLi,customapp,bwapp,search,PHP/MySQL,meta-llama/llama-4-maverick,cross_backend,0.5,CG-Static,2,8,7,395,395,0,100.0000
SQLi,customapp,bwapp,search,PHP/MySQL,meta-llama/llama-4-maverick,cross_backend,0.5,CG-Static,2,9,5,395,395,0,100.0000
SQLi,customapp,bwapp,search,PHP/MySQL,meta-llama/llama-4-maverick,cross_backend,0.5,CG-Static,2,10,4,395,395,0,100.0000
SQLi,customapp,bwapp,search,PHP/MySQL,meta-llama/llama-4-maverick,cross_backend,0.5,CG-Static,3,1,5,344,344,0,100.0000
SQLi,customapp,bwapp,search,PHP/MySQL,meta-llama/llama-4-maverick,cross_backend,0.5,CG-Static,3,2,4,344,331,13,96.2209
SQLi,customapp,bwapp,search,PHP/MySQL,meta-llama/llama-4-maverick,cross_backend,0.5,CG-Static,3,3,4,344,344,0,100.0000
SQLi,customapp,bwapp,search,PHP/MySQL,meta-llama/llama-4-maverick,cross_backend,0.5,CG-Static,3,4,5,344,344,0,100.0000
SQLi,customapp,bwapp,search,PHP/MySQL,meta-llama/llama-4-maverick,cross_backend,0.5,CG-Static,3,5,6,344,344,0,100.0000
SQLi,customapp,bwapp,search,PHP/MySQL,meta-llama/llama-4-maverick,cross_backend,0.5,CG-Static,3,6,4,344,344,0,100.0000
SQLi,customapp,bwapp,search,PHP/MySQL,meta-llama/llama-4-maverick,cross_backend,0.5,CG-Static,3,7,6,344,344,0,100.0000
SQLi,customapp,bwapp,search,PHP/MySQL,meta-llama/llama-4-maverick,cross_backend,0.5,CG-Static,3,8,7,344,344,0,100.0000
SQLi,customapp,bwapp,search,PHP/MySQL,meta-llama/llama-4-maverick,cross_backend,0.5,CG-Static,3,9,5,344,344,0,100.0000
SQLi,customapp,bwapp,search,PHP/MySQL,meta-llama/llama-4-maverick,cross_backend,0.5,CG-Static,3,10,4,344,344,0,100.0000
SQLi,customapp,bwapp,search,PHP/MySQL,meta-llama/llama-4-maverick,cross_backend,0.5,CG-Static,4,1,5,349,349,0,100.0000
SQLi,customapp,bwapp,search,PHP/MySQL,meta-llama/llama-4-maverick,cross_backend,0.5,CG-Static,4,2,4,349,229,120,65.6160
SQLi,customapp,bwapp,search,PHP/MySQL,meta-llama/llama-4-maverick,cross_backend,0.5,CG-Static,4,3,4,349,349,0,100.0000
SQLi,customapp,bwapp,search,PHP/MySQL,meta-llama/llama-4-maverick,cross_backend,0.5,CG-Static,4,4,5,349,349,0,100.0000
SQLi,customapp,bwapp,search,PHP/MySQL,meta-llama/llama-4-maverick,cross_backend,0.5,CG-Static,4,5,6,349,349,0,100.0000
SQLi,customapp,bwapp,search,PHP/MySQL,meta-llama/llama-4-maverick,cross_backend,0.5,CG-Static,4,6,4,349,349,0,100.0000
SQLi,customapp,bwapp,search,PHP/MySQL,meta-llama/llama-4-maverick,cross_backend,0.5,CG-Static,4,7,6,349,349,0,100.0000
SQLi,customapp,bwapp,search,PHP/MySQL,meta-llama/llama-4-maverick,cross_backend,0.5,CG-Static,4,8,7,349,349,0,100.0000
SQLi,customapp,bwapp,search,PHP/MySQL,meta-llama/llama-4-maverick,cross_backend,0.5,CG-Static,4,9,5,349,298,51,85.3868
SQLi,customapp,bwapp,search,PHP/MySQL,meta-llama/llama-4-maverick,cross_backend,0.5,CG-Static,4,10,4,349,349,0,100.0000
SQLi,customapp,bwapp,search,PHP/MySQL,meta-llama/llama-4-maverick,cross_backend,0.5,CG-Static,5,1,5,429,429,0,100.0000
SQLi,customapp,bwapp,search,PHP/MySQL,meta-llama/llama-4-maverick,cross_backend,0.5,CG-Static,5,2,4,429,420,9,97.9021
SQLi,customapp,bwapp,search,PHP/MySQL,meta-llama/llama-4-maverick,cross_backend,0.5,CG-Static,5,3,4,429,429,0,100.0000
SQLi,customapp,bwapp,search,PHP/MySQL,meta-llama/llama-4-maverick,cross_backend,0.5,CG-Static,5,4,5,429,429,0,100.0000
SQLi,customapp,bwapp,search,PHP/MySQL,meta-llama/llama-4-maverick,cross_backend,0.5,CG-Static,5,5,6,429,429,0,100.0000
SQLi,customapp,bwapp,search,PHP/MySQL,meta-llama/llama-4-maverick,cross_backend,0.5,CG-Static,5,6,4,429,429,0,100.0000
SQLi,customapp,bwapp,search,PHP/MySQL,meta-llama/llama-4-maverick,cross_backend,0.5,CG-Static,5,7,6,429,429,0,100.0000
SQLi,customapp,bwapp,search,PHP/MySQL,meta-llama/llama-4-maverick,cross_backend,0.5,CG-Static,5,8,7,429,429,0,100.0000
SQLi,customapp,bwapp,search,PHP/MySQL,meta-llama/llama-4-maverick,cross_backend,0.5,CG-Static,5,9,5,429,428,1,99.7669
SQLi,customapp,bwapp,search,PHP/MySQL,meta-llama/llama-4-maverick,cross_backend,0.5,CG-Static,5,10,4,429,429,0,100.0000
SQLi,customapp,bwapp,search,PHP/MySQL,meta-llama/llama-4-maverick,cross_backend,0.5,CRS-only,1,0,0,364,0,364,0.0000
SQLi,customapp,bwapp,search,PHP/MySQL,meta-llama/llama-4-maverick,cross_backend,0.5,CRS-only,2,0,0,395,0,395,0.0000
SQLi,customapp,bwapp,search,PHP/MySQL,meta-llama/llama-4-maverick,cross_backend,0.5,CRS-only,3,0,0,344,0,344,0.0000
SQLi,customapp,bwapp,search,PHP/MySQL,meta-llama/llama-4-maverick,cross_backend,0.5,CRS-only,4,0,0,349,0,349,0.0000
SQLi,customapp,bwapp,search,PHP/MySQL,meta-llama/llama-4-maverick,cross_backend,0.5,CRS-only,5,0,0,429,0,429,0.0000
SQLi,customapp,customapp,filter,Python/SQLite,anthropic/claude-opus-4.7,model_shift,0.1,CG-Adaptive,1,1,4,402,402,0,100.0000
SQLi,customapp,customapp,filter,Python/SQLite,anthropic/claude-opus-4.7,model_shift,0.1,CG-Adaptive,1,2,5,402,402,0,100.0000
SQLi,customapp,customapp,filter,Python/SQLite,anthropic/claude-opus-4.7,model_shift,0.1,CG-Adaptive,1,3,5,402,402,0,100.0000
SQLi,customapp,customapp,filter,Python/SQLite,anthropic/claude-opus-4.7,model_shift,0.1,CG-Adaptive,1,4,7,402,402,0,100.0000
SQLi,customapp,customapp,filter,Python/SQLite,anthropic/claude-opus-4.7,model_shift,0.1,CG-Adaptive,1,5,5,402,402,0,100.0000
SQLi,customapp,customapp,filter,Python/SQLite,anthropic/claude-opus-4.7,model_shift,0.1,CG-Adaptive,1,6,7,402,402,0,100.0000
SQLi,customapp,customapp,filter,Python/SQLite,anthropic/claude-opus-4.7,model_shift,0.1,CG-Adaptive,1,7,5,402,402,0,100.0000
SQLi,customapp,customapp,filter,Python/SQLite,anthropic/claude-opus-4.7,model_shift,0.1,CG-Adaptive,1,8,5,402,402,0,100.0000
SQLi,customapp,customapp,filter,Python/SQLite,anthropic/claude-opus-4.7,model_shift,0.1,CG-Adaptive,1,9,7,402,402,0,100.0000
SQLi,customapp,customapp,filter,Python/SQLite,anthropic/claude-opus-4.7,model_shift,0.1,CG-Adaptive,1,10,10,402,402,0,100.0000
SQLi,customapp,customapp,filter,Python/SQLite,anthropic/claude-opus-4.7,model_shift,0.1,CG-Adaptive,2,1,4,410,410,0,100.0000
SQLi,customapp,customapp,filter,Python/SQLite,anthropic/claude-opus-4.7,model_shift,0.1,CG-Adaptive,2,2,5,410,410,0,100.0000
SQLi,customapp,customapp,filter,Python/SQLite,anthropic/claude-opus-4.7,model_shift,0.1,CG-Adaptive,2,3,5,410,410,0,100.0000
SQLi,customapp,customapp,filter,Python/SQLite,anthropic/claude-opus-4.7,model_shift,0.1,CG-Adaptive,2,4,7,410,410,0,100.0000
SQLi,customapp,customapp,filter,Python/SQLite,anthropic/claude-opus-4.7,model_shift,0.1,CG-Adaptive,2,5,5,410,410,0,100.0000
SQLi,customapp,customapp,filter,Python/SQLite,anthropic/claude-opus-4.7,model_shift,0.1,CG-Adaptive,2,6,7,410,410,0,100.0000
SQLi,customapp,customapp,filter,Python/SQLite,anthropic/claude-opus-4.7,model_shift,0.1,CG-Adaptive,2,7,5,410,410,0,100.0000
SQLi,customapp,customapp,filter,Python/SQLite,anthropic/claude-opus-4.7,model_shift,0.1,CG-Adaptive,2,8,5,410,410,0,100.0000
SQLi,customapp,customapp,filter,Python/SQLite,anthropic/claude-opus-4.7,model_shift,0.1,CG-Adaptive,2,9,7,410,410,0,100.0000
SQLi,customapp,customapp,filter,Python/SQLite,anthropic/claude-opus-4.7,model_shift,0.1,CG-Adaptive,2,10,10,410,410,0,100.0000
SQLi,customapp,customapp,filter,Python/SQLite,anthropic/claude-opus-4.7,model_shift,0.1,CG-Adaptive,3,1,4,368,368,0,100.0000
SQLi,customapp,customapp,filter,Python/SQLite,anthropic/claude-opus-4.7,model_shift,0.1,CG-Adaptive,3,2,5,368,368,0,100.0000
SQLi,customapp,customapp,filter,Python/SQLite,anthropic/claude-opus-4.7,model_shift,0.1,CG-Adaptive,3,3,5,368,368,0,100.0000
SQLi,customapp,customapp,filter,Python/SQLite,anthropic/claude-opus-4.7,model_shift,0.1,CG-Adaptive,3,4,7,368,368,0,100.0000
SQLi,customapp,customapp,filter,Python/SQLite,anthropic/claude-opus-4.7,model_shift,0.1,CG-Adaptive,3,5,5,368,368,0,100.0000
SQLi,customapp,customapp,filter,Python/SQLite,anthropic/claude-opus-4.7,model_shift,0.1,CG-Adaptive,3,6,7,368,368,0,100.0000
SQLi,customapp,customapp,filter,Python/SQLite,anthropic/claude-opus-4.7,model_shift,0.1,CG-Adaptive,3,7,5,368,368,0,100.0000
SQLi,customapp,customapp,filter,Python/SQLite,anthropic/claude-opus-4.7,model_shift,0.1,CG-Adaptive,3,8,5,368,368,0,100.0000
SQLi,customapp,customapp,filter,Python/SQLite,anthropic/claude-opus-4.7,model_shift,0.1,CG-Adaptive,3,9,7,368,368,0,100.0000
SQLi,customapp,customapp,filter,Python/SQLite,anthropic/claude-opus-4.7,model_shift,0.1,CG-Adaptive,3,10,10,368,368,0,100.0000
SQLi,customapp,customapp,filter,Python/SQLite,anthropic/claude-opus-4.7,model_shift,0.1,CG-Adaptive,4,1,4,364,364,0,100.0000
SQLi,customapp,customapp,filter,Python/SQLite,anthropic/claude-opus-4.7,model_shift,0.1,CG-Adaptive,4,2,5,364,364,0,100.0000
SQLi,customapp,customapp,filter,Python/SQLite,anthropic/claude-opus-4.7,model_shift,0.1,CG-Adaptive,4,3,5,364,364,0,100.0000
SQLi,customapp,customapp,filter,Python/SQLite,anthropic/claude-opus-4.7,model_shift,0.1,CG-Adaptive,4,4,7,364,364,0,100.0000
SQLi,customapp,customapp,filter,Python/SQLite,anthropic/claude-opus-4.7,model_shift,0.1,CG-Adaptive,4,5,5,364,364,0,100.0000
SQLi,customapp,customapp,filter,Python/SQLite,anthropic/claude-opus-4.7,model_shift,0.1,CG-Adaptive,4,6,7,364,364,0,100.0000
SQLi,customapp,customapp,filter,Python/SQLite,anthropic/claude-opus-4.7,model_shift,0.1,CG-Adaptive,4,7,5,364,364,0,100.0000
SQLi,customapp,customapp,filter,Python/SQLite,anthropic/claude-opus-4.7,model_shift,0.1,CG-Adaptive,4,8,5,364,364,0,100.0000
SQLi,customapp,customapp,filter,Python/SQLite,anthropic/claude-opus-4.7,model_shift,0.1,CG-Adaptive,4,9,7,364,364,0,100.0000
SQLi,customapp,customapp,filter,Python/SQLite,anthropic/claude-opus-4.7,model_shift,0.1,CG-Adaptive,4,10,10,364,364,0,100.0000
SQLi,customapp,customapp,filter,Python/SQLite,anthropic/claude-opus-4.7,model_shift,0.1,CG-Adaptive,5,1,4,388,388,0,100.0000
SQLi,customapp,customapp,filter,Python/SQLite,anthropic/claude-opus-4.7,model_shift,0.1,CG-Adaptive,5,2,5,388,388,0,100.0000
SQLi,customapp,customapp,filter,Python/SQLite,anthropic/claude-opus-4.7,model_shift,0.1,CG-Adaptive,5,3,5,388,388,0,100.0000
SQLi,customapp,customapp,filter,Python/SQLite,anthropic/claude-opus-4.7,model_shift,0.1,CG-Adaptive,5,4,7,388,388,0,100.0000
SQLi,customapp,customapp,filter,Python/SQLite,anthropic/claude-opus-4.7,model_shift,0.1,CG-Adaptive,5,5,5,388,388,0,100.0000
SQLi,customapp,customapp,filter,Python/SQLite,anthropic/claude-opus-4.7,model_shift,0.1,CG-Adaptive,5,6,7,388,388,0,100.0000
SQLi,customapp,customapp,filter,Python/SQLite,anthropic/claude-opus-4.7,model_shift,0.1,CG-Adaptive,5,7,5,388,388,0,100.0000
SQLi,customapp,customapp,filter,Python/SQLite,anthropic/claude-opus-4.7,model_shift,0.1,CG-Adaptive,5,8,5,388,388,0,100.0000
SQLi,customapp,customapp,filter,Python/SQLite,anthropic/claude-opus-4.7,model_shift,0.1,CG-Adaptive,5,9,7,388,388,0,100.0000
SQLi,customapp,customapp,filter,Python/SQLite,anthropic/claude-opus-4.7,model_shift,0.1,CG-Adaptive,5,10,10,388,388,0,100.0000
SQLi,customapp,customapp,filter,Python/SQLite,anthropic/claude-opus-4.7,model_shift,0.1,CG-Static,1,1,5,402,402,0,100.0000
SQLi,customapp,customapp,filter,Python/SQLite,anthropic/claude-opus-4.7,model_shift,0.1,CG-Static,1,2,4,402,402,0,100.0000
SQLi,customapp,customapp,filter,Python/SQLite,anthropic/claude-opus-4.7,model_shift,0.1,CG-Static,1,3,4,402,402,0,100.0000
SQLi,customapp,customapp,filter,Python/SQLite,anthropic/claude-opus-4.7,model_shift,0.1,CG-Static,1,4,5,402,402,0,100.0000
SQLi,customapp,customapp,filter,Python/SQLite,anthropic/claude-opus-4.7,model_shift,0.1,CG-Static,1,5,4,402,402,0,100.0000
SQLi,customapp,customapp,filter,Python/SQLite,anthropic/claude-opus-4.7,model_shift,0.1,CG-Static,1,6,6,402,402,0,100.0000
SQLi,customapp,customapp,filter,Python/SQLite,anthropic/claude-opus-4.7,model_shift,0.1,CG-Static,1,7,4,402,402,0,100.0000
SQLi,customapp,customapp,filter,Python/SQLite,anthropic/claude-opus-4.7,model_shift,0.1,CG-Static,1,8,4,402,402,0,100.0000
SQLi,customapp,customapp,filter,Python/SQLite,anthropic/claude-opus-4.7,model_shift,0.1,CG-Static,1,9,4,402,402,0,100.0000
SQLi,customapp,customapp,filter,Python/SQLite,anthropic/claude-opus-4.7,model_shift,0.1,CG-Static,1,10,5,402,402,0,100.0000
SQLi,customapp,customapp,filter,Python/SQLite,anthropic/claude-opus-4.7,model_shift,0.1,CG-Static,2,1,5,410,410,0,100.0000
SQLi,customapp,customapp,filter,Python/SQLite,anthropic/claude-opus-4.7,model_shift,0.1,CG-Static,2,2,4,410,410,0,100.0000
SQLi,customapp,customapp,filter,Python/SQLite,anthropic/claude-opus-4.7,model_shift,0.1,CG-Static,2,3,4,410,410,0,100.0000
SQLi,customapp,customapp,filter,Python/SQLite,anthropic/claude-opus-4.7,model_shift,0.1,CG-Static,2,4,5,410,410,0,100.0000
SQLi,customapp,customapp,filter,Python/SQLite,anthropic/claude-opus-4.7,model_shift,0.1,CG-Static,2,5,4,410,410,0,100.0000
SQLi,customapp,customapp,filter,Python/SQLite,anthropic/claude-opus-4.7,model_shift,0.1,CG-Static,2,6,6,410,410,0,100.0000
SQLi,customapp,customapp,filter,Python/SQLite,anthropic/claude-opus-4.7,model_shift,0.1,CG-Static,2,7,4,410,410,0,100.0000
SQLi,customapp,customapp,filter,Python/SQLite,anthropic/claude-opus-4.7,model_shift,0.1,CG-Static,2,8,4,410,410,0,100.0000
SQLi,customapp,customapp,filter,Python/SQLite,anthropic/claude-opus-4.7,model_shift,0.1,CG-Static,2,9,4,410,410,0,100.0000
SQLi,customapp,customapp,filter,Python/SQLite,anthropic/claude-opus-4.7,model_shift,0.1,CG-Static,2,10,5,410,410,0,100.0000
SQLi,customapp,customapp,filter,Python/SQLite,anthropic/claude-opus-4.7,model_shift,0.1,CG-Static,3,1,5,368,368,0,100.0000
SQLi,customapp,customapp,filter,Python/SQLite,anthropic/claude-opus-4.7,model_shift,0.1,CG-Static,3,2,4,368,368,0,100.0000
SQLi,customapp,customapp,filter,Python/SQLite,anthropic/claude-opus-4.7,model_shift,0.1,CG-Static,3,3,4,368,368,0,100.0000
SQLi,customapp,customapp,filter,Python/SQLite,anthropic/claude-opus-4.7,model_shift,0.1,CG-Static,3,4,5,368,368,0,100.0000
SQLi,customapp,customapp,filter,Python/SQLite,anthropic/claude-opus-4.7,model_shift,0.1,CG-Static,3,5,4,368,368,0,100.0000
SQLi,customapp,customapp,filter,Python/SQLite,anthropic/claude-opus-4.7,model_shift,0.1,CG-Static,3,6,6,368,368,0,100.0000
SQLi,customapp,customapp,filter,Python/SQLite,anthropic/claude-opus-4.7,model_shift,0.1,CG-Static,3,7,4,368,368,0,100.0000
SQLi,customapp,customapp,filter,Python/SQLite,anthropic/claude-opus-4.7,model_shift,0.1,CG-Static,3,8,4,368,368,0,100.0000
SQLi,customapp,customapp,filter,Python/SQLite,anthropic/claude-opus-4.7,model_shift,0.1,CG-Static,3,9,4,368,368,0,100.0000
SQLi,customapp,customapp,filter,Python/SQLite,anthropic/claude-opus-4.7,model_shift,0.1,CG-Static,3,10,5,368,368,0,100.0000
SQLi,customapp,customapp,filter,Python/SQLite,anthropic/claude-opus-4.7,model_shift,0.1,CG-Static,4,1,5,364,364,0,100.0000
SQLi,customapp,customapp,filter,Python/SQLite,anthropic/claude-opus-4.7,model_shift,0.1,CG-Static,4,2,4,364,364,0,100.0000
SQLi,customapp,customapp,filter,Python/SQLite,anthropic/claude-opus-4.7,model_shift,0.1,CG-Static,4,3,4,364,364,0,100.0000
SQLi,customapp,customapp,filter,Python/SQLite,anthropic/claude-opus-4.7,model_shift,0.1,CG-Static,4,4,5,364,364,0,100.0000
SQLi,customapp,customapp,filter,Python/SQLite,anthropic/claude-opus-4.7,model_shift,0.1,CG-Static,4,5,4,364,364,0,100.0000
SQLi,customapp,customapp,filter,Python/SQLite,anthropic/claude-opus-4.7,model_shift,0.1,CG-Static,4,6,6,364,364,0,100.0000
SQLi,customapp,customapp,filter,Python/SQLite,anthropic/claude-opus-4.7,model_shift,0.1,CG-Static,4,7,4,364,364,0,100.0000
SQLi,customapp,customapp,filter,Python/SQLite,anthropic/claude-opus-4.7,model_shift,0.1,CG-Static,4,8,4,364,364,0,100.0000
SQLi,customapp,customapp,filter,Python/SQLite,anthropic/claude-opus-4.7,model_shift,0.1,CG-Static,4,9,4,364,364,0,100.0000
SQLi,customapp,customapp,filter,Python/SQLite,anthropic/claude-opus-4.7,model_shift,0.1,CG-Static,4,10,5,364,364,0,100.0000
SQLi,customapp,customapp,filter,Python/SQLite,anthropic/claude-opus-4.7,model_shift,0.1,CG-Static,5,1,5,388,388,0,100.0000
SQLi,customapp,customapp,filter,Python/SQLite,anthropic/claude-opus-4.7,model_shift,0.1,CG-Static,5,2,4,388,388,0,100.0000
SQLi,customapp,customapp,filter,Python/SQLite,anthropic/claude-opus-4.7,model_shift,0.1,CG-Static,5,3,4,388,388,0,100.0000
SQLi,customapp,customapp,filter,Python/SQLite,anthropic/claude-opus-4.7,model_shift,0.1,CG-Static,5,4,5,388,388,0,100.0000
SQLi,customapp,customapp,filter,Python/SQLite,anthropic/claude-opus-4.7,model_shift,0.1,CG-Static,5,5,4,388,388,0,100.0000
SQLi,customapp,customapp,filter,Python/SQLite,anthropic/claude-opus-4.7,model_shift,0.1,CG-Static,5,6,6,388,388,0,100.0000
SQLi,customapp,customapp,filter,Python/SQLite,anthropic/claude-opus-4.7,model_shift,0.1,CG-Static,5,7,4,388,388,0,100.0000
SQLi,customapp,customapp,filter,Python/SQLite,anthropic/claude-opus-4.7,model_shift,0.1,CG-Static,5,8,4,388,388,0,100.0000
SQLi,customapp,customapp,filter,Python/SQLite,anthropic/claude-opus-4.7,model_shift,0.1,CG-Static,5,9,4,388,388,0,100.0000
SQLi,customapp,customapp,filter,Python/SQLite,anthropic/claude-opus-4.7,model_shift,0.1,CG-Static,5,10,5,388,388,0,100.0000
SQLi,customapp,customapp,filter,Python/SQLite,anthropic/claude-opus-4.7,model_shift,0.1,CRS-only,1,0,0,402,0,402,0.0000
SQLi,customapp,customapp,filter,Python/SQLite,anthropic/claude-opus-4.7,model_shift,0.1,CRS-only,2,0,0,410,0,410,0.0000
SQLi,customapp,customapp,filter,Python/SQLite,anthropic/claude-opus-4.7,model_shift,0.1,CRS-only,3,0,0,368,0,368,0.0000
SQLi,customapp,customapp,filter,Python/SQLite,anthropic/claude-opus-4.7,model_shift,0.1,CRS-only,4,0,0,364,0,364,0.0000
SQLi,customapp,customapp,filter,Python/SQLite,anthropic/claude-opus-4.7,model_shift,0.1,CRS-only,5,0,0,388,0,388,0.0000
SQLi,customapp,customapp,filter,Python/SQLite,anthropic/claude-opus-4.7,model_shift,0.2,CG-Adaptive,1,1,5,402,402,0,100.0000
SQLi,customapp,customapp,filter,Python/SQLite,anthropic/claude-opus-4.7,model_shift,0.2,CG-Adaptive,1,2,5,402,402,0,100.0000
SQLi,customapp,customapp,filter,Python/SQLite,anthropic/claude-opus-4.7,model_shift,0.2,CG-Adaptive,1,3,5,402,402,0,100.0000
SQLi,customapp,customapp,filter,Python/SQLite,anthropic/claude-opus-4.7,model_shift,0.2,CG-Adaptive,1,4,5,402,402,0,100.0000
SQLi,customapp,customapp,filter,Python/SQLite,anthropic/claude-opus-4.7,model_shift,0.2,CG-Adaptive,1,5,4,402,402,0,100.0000
SQLi,customapp,customapp,filter,Python/SQLite,anthropic/claude-opus-4.7,model_shift,0.2,CG-Adaptive,1,6,5,402,402,0,100.0000
SQLi,customapp,customapp,filter,Python/SQLite,anthropic/claude-opus-4.7,model_shift,0.2,CG-Adaptive,1,7,6,402,402,0,100.0000
SQLi,customapp,customapp,filter,Python/SQLite,anthropic/claude-opus-4.7,model_shift,0.2,CG-Adaptive,1,8,5,402,402,0,100.0000
SQLi,customapp,customapp,filter,Python/SQLite,anthropic/claude-opus-4.7,model_shift,0.2,CG-Adaptive,1,9,5,402,402,0,100.0000
SQLi,customapp,customapp,filter,Python/SQLite,anthropic/claude-opus-4.7,model_shift,0.2,CG-Adaptive,1,10,4,402,402,0,100.0000
SQLi,customapp,customapp,filter,Python/SQLite,anthropic/claude-opus-4.7,model_shift,0.2,CG-Adaptive,2,1,5,410,410,0,100.0000
SQLi,customapp,customapp,filter,Python/SQLite,anthropic/claude-opus-4.7,model_shift,0.2,CG-Adaptive,2,2,5,410,410,0,100.0000
SQLi,customapp,customapp,filter,Python/SQLite,anthropic/claude-opus-4.7,model_shift,0.2,CG-Adaptive,2,3,5,410,410,0,100.0000
SQLi,customapp,customapp,filter,Python/SQLite,anthropic/claude-opus-4.7,model_shift,0.2,CG-Adaptive,2,4,5,410,410,0,100.0000
SQLi,customapp,customapp,filter,Python/SQLite,anthropic/claude-opus-4.7,model_shift,0.2,CG-Adaptive,2,5,4,410,410,0,100.0000
SQLi,customapp,customapp,filter,Python/SQLite,anthropic/claude-opus-4.7,model_shift,0.2,CG-Adaptive,2,6,5,410,410,0,100.0000
SQLi,customapp,customapp,filter,Python/SQLite,anthropic/claude-opus-4.7,model_shift,0.2,CG-Adaptive,2,7,6,410,410,0,100.0000
SQLi,customapp,customapp,filter,Python/SQLite,anthropic/claude-opus-4.7,model_shift,0.2,CG-Adaptive,2,8,5,410,410,0,100.0000
SQLi,customapp,customapp,filter,Python/SQLite,anthropic/claude-opus-4.7,model_shift,0.2,CG-Adaptive,2,9,5,410,410,0,100.0000
SQLi,customapp,customapp,filter,Python/SQLite,anthropic/claude-opus-4.7,model_shift,0.2,CG-Adaptive,2,10,4,410,410,0,100.0000
SQLi,customapp,customapp,filter,Python/SQLite,anthropic/claude-opus-4.7,model_shift,0.2,CG-Adaptive,3,1,5,368,368,0,100.0000
SQLi,customapp,customapp,filter,Python/SQLite,anthropic/claude-opus-4.7,model_shift,0.2,CG-Adaptive,3,2,5,368,368,0,100.0000
SQLi,customapp,customapp,filter,Python/SQLite,anthropic/claude-opus-4.7,model_shift,0.2,CG-Adaptive,3,3,5,368,368,0,100.0000
SQLi,customapp,customapp,filter,Python/SQLite,anthropic/claude-opus-4.7,model_shift,0.2,CG-Adaptive,3,4,5,368,368,0,100.0000
SQLi,customapp,customapp,filter,Python/SQLite,anthropic/claude-opus-4.7,model_shift,0.2,CG-Adaptive,3,5,4,368,368,0,100.0000
SQLi,customapp,customapp,filter,Python/SQLite,anthropic/claude-opus-4.7,model_shift,0.2,CG-Adaptive,3,6,5,368,368,0,100.0000
SQLi,customapp,customapp,filter,Python/SQLite,anthropic/claude-opus-4.7,model_shift,0.2,CG-Adaptive,3,7,6,368,368,0,100.0000
SQLi,customapp,customapp,filter,Python/SQLite,anthropic/claude-opus-4.7,model_shift,0.2,CG-Adaptive,3,8,5,368,368,0,100.0000
SQLi,customapp,customapp,filter,Python/SQLite,anthropic/claude-opus-4.7,model_shift,0.2,CG-Adaptive,3,9,5,368,368,0,100.0000
SQLi,customapp,customapp,filter,Python/SQLite,anthropic/claude-opus-4.7,model_shift,0.2,CG-Adaptive,3,10,4,368,368,0,100.0000
SQLi,customapp,customapp,filter,Python/SQLite,anthropic/claude-opus-4.7,model_shift,0.2,CG-Adaptive,4,1,5,364,364,0,100.0000
SQLi,customapp,customapp,filter,Python/SQLite,anthropic/claude-opus-4.7,model_shift,0.2,CG-Adaptive,4,2,5,364,364,0,100.0000
SQLi,customapp,customapp,filter,Python/SQLite,anthropic/claude-opus-4.7,model_shift,0.2,CG-Adaptive,4,3,5,364,364,0,100.0000
SQLi,customapp,customapp,filter,Python/SQLite,anthropic/claude-opus-4.7,model_shift,0.2,CG-Adaptive,4,4,5,364,364,0,100.0000
SQLi,customapp,customapp,filter,Python/SQLite,anthropic/claude-opus-4.7,model_shift,0.2,CG-Adaptive,4,5,4,364,364,0,100.0000
SQLi,customapp,customapp,filter,Python/SQLite,anthropic/claude-opus-4.7,model_shift,0.2,CG-Adaptive,4,6,5,364,364,0,100.0000
SQLi,customapp,customapp,filter,Python/SQLite,anthropic/claude-opus-4.7,model_shift,0.2,CG-Adaptive,4,7,6,364,364,0,100.0000
SQLi,customapp,customapp,filter,Python/SQLite,anthropic/claude-opus-4.7,model_shift,0.2,CG-Adaptive,4,8,5,364,364,0,100.0000
SQLi,customapp,customapp,filter,Python/SQLite,anthropic/claude-opus-4.7,model_shift,0.2,CG-Adaptive,4,9,5,364,364,0,100.0000
SQLi,customapp,customapp,filter,Python/SQLite,anthropic/claude-opus-4.7,model_shift,0.2,CG-Adaptive,4,10,4,364,364,0,100.0000
SQLi,customapp,customapp,filter,Python/SQLite,anthropic/claude-opus-4.7,model_shift,0.2,CG-Adaptive,5,1,5,388,388,0,100.0000
SQLi,customapp,customapp,filter,Python/SQLite,anthropic/claude-opus-4.7,model_shift,0.2,CG-Adaptive,5,2,5,388,388,0,100.0000
SQLi,customapp,customapp,filter,Python/SQLite,anthropic/claude-opus-4.7,model_shift,0.2,CG-Adaptive,5,3,5,388,388,0,100.0000
SQLi,customapp,customapp,filter,Python/SQLite,anthropic/claude-opus-4.7,model_shift,0.2,CG-Adaptive,5,4,5,388,388,0,100.0000
SQLi,customapp,customapp,filter,Python/SQLite,anthropic/claude-opus-4.7,model_shift,0.2,CG-Adaptive,5,5,4,388,388,0,100.0000
SQLi,customapp,customapp,filter,Python/SQLite,anthropic/claude-opus-4.7,model_shift,0.2,CG-Adaptive,5,6,5,388,388,0,100.0000
SQLi,customapp,customapp,filter,Python/SQLite,anthropic/claude-opus-4.7,model_shift,0.2,CG-Adaptive,5,7,6,388,388,0,100.0000
SQLi,customapp,customapp,filter,Python/SQLite,anthropic/claude-opus-4.7,model_shift,0.2,CG-Adaptive,5,8,5,388,388,0,100.0000
SQLi,customapp,customapp,filter,Python/SQLite,anthropic/claude-opus-4.7,model_shift,0.2,CG-Adaptive,5,9,5,388,388,0,100.0000
SQLi,customapp,customapp,filter,Python/SQLite,anthropic/claude-opus-4.7,model_shift,0.2,CG-Adaptive,5,10,4,388,388,0,100.0000
SQLi,customapp,customapp,filter,Python/SQLite,anthropic/claude-opus-4.7,model_shift,0.2,CG-Static,1,1,5,402,402,0,100.0000
SQLi,customapp,customapp,filter,Python/SQLite,anthropic/claude-opus-4.7,model_shift,0.2,CG-Static,1,2,4,402,402,0,100.0000
SQLi,customapp,customapp,filter,Python/SQLite,anthropic/claude-opus-4.7,model_shift,0.2,CG-Static,1,3,4,402,402,0,100.0000
SQLi,customapp,customapp,filter,Python/SQLite,anthropic/claude-opus-4.7,model_shift,0.2,CG-Static,1,4,5,402,402,0,100.0000
SQLi,customapp,customapp,filter,Python/SQLite,anthropic/claude-opus-4.7,model_shift,0.2,CG-Static,1,5,5,402,402,0,100.0000
SQLi,customapp,customapp,filter,Python/SQLite,anthropic/claude-opus-4.7,model_shift,0.2,CG-Static,1,6,4,402,402,0,100.0000
SQLi,customapp,customapp,filter,Python/SQLite,anthropic/claude-opus-4.7,model_shift,0.2,CG-Static,1,7,4,402,402,0,100.0000
SQLi,customapp,customapp,filter,Python/SQLite,anthropic/claude-opus-4.7,model_shift,0.2,CG-Static,1,8,4,402,402,0,100.0000
SQLi,customapp,customapp,filter,Python/SQLite,anthropic/claude-opus-4.7,model_shift,0.2,CG-Static,1,9,4,402,402,0,100.0000
SQLi,customapp,customapp,filter,Python/SQLite,anthropic/claude-opus-4.7,model_shift,0.2,CG-Static,1,10,5,402,402,0,100.0000
SQLi,customapp,customapp,filter,Python/SQLite,anthropic/claude-opus-4.7,model_shift,0.2,CG-Static,2,1,5,410,410,0,100.0000
SQLi,customapp,customapp,filter,Python/SQLite,anthropic/claude-opus-4.7,model_shift,0.2,CG-Static,2,2,4,410,410,0,100.0000
SQLi,customapp,customapp,filter,Python/SQLite,anthropic/claude-opus-4.7,model_shift,0.2,CG-Static,2,3,4,410,410,0,100.0000
SQLi,customapp,customapp,filter,Python/SQLite,anthropic/claude-opus-4.7,model_shift,0.2,CG-Static,2,4,5,410,410,0,100.0000
SQLi,customapp,customapp,filter,Python/SQLite,anthropic/claude-opus-4.7,model_shift,0.2,CG-Static,2,5,5,410,410,0,100.0000
SQLi,customapp,customapp,filter,Python/SQLite,anthropic/claude-opus-4.7,model_shift,0.2,CG-Static,2,6,4,410,410,0,100.0000
SQLi,customapp,customapp,filter,Python/SQLite,anthropic/claude-opus-4.7,model_shift,0.2,CG-Static,2,7,4,410,410,0,100.0000
SQLi,customapp,customapp,filter,Python/SQLite,anthropic/claude-opus-4.7,model_shift,0.2,CG-Static,2,8,4,410,410,0,100.0000
SQLi,customapp,customapp,filter,Python/SQLite,anthropic/claude-opus-4.7,model_shift,0.2,CG-Static,2,9,4,410,410,0,100.0000
SQLi,customapp,customapp,filter,Python/SQLite,anthropic/claude-opus-4.7,model_shift,0.2,CG-Static,2,10,5,410,410,0,100.0000
SQLi,customapp,customapp,filter,Python/SQLite,anthropic/claude-opus-4.7,model_shift,0.2,CG-Static,3,1,5,368,368,0,100.0000
SQLi,customapp,customapp,filter,Python/SQLite,anthropic/claude-opus-4.7,model_shift,0.2,CG-Static,3,2,4,368,368,0,100.0000
SQLi,customapp,customapp,filter,Python/SQLite,anthropic/claude-opus-4.7,model_shift,0.2,CG-Static,3,3,4,368,368,0,100.0000
SQLi,customapp,customapp,filter,Python/SQLite,anthropic/claude-opus-4.7,model_shift,0.2,CG-Static,3,4,5,368,368,0,100.0000
SQLi,customapp,customapp,filter,Python/SQLite,anthropic/claude-opus-4.7,model_shift,0.2,CG-Static,3,5,5,368,368,0,100.0000
SQLi,customapp,customapp,filter,Python/SQLite,anthropic/claude-opus-4.7,model_shift,0.2,CG-Static,3,6,4,368,368,0,100.0000
SQLi,customapp,customapp,filter,Python/SQLite,anthropic/claude-opus-4.7,model_shift,0.2,CG-Static,3,7,4,368,368,0,100.0000
SQLi,customapp,customapp,filter,Python/SQLite,anthropic/claude-opus-4.7,model_shift,0.2,CG-Static,3,8,4,368,368,0,100.0000
SQLi,customapp,customapp,filter,Python/SQLite,anthropic/claude-opus-4.7,model_shift,0.2,CG-Static,3,9,4,368,368,0,100.0000
SQLi,customapp,customapp,filter,Python/SQLite,anthropic/claude-opus-4.7,model_shift,0.2,CG-Static,3,10,5,368,368,0,100.0000
SQLi,customapp,customapp,filter,Python/SQLite,anthropic/claude-opus-4.7,model_shift,0.2,CG-Static,4,1,5,364,364,0,100.0000
SQLi,customapp,customapp,filter,Python/SQLite,anthropic/claude-opus-4.7,model_shift,0.2,CG-Static,4,2,4,364,364,0,100.0000
SQLi,customapp,customapp,filter,Python/SQLite,anthropic/claude-opus-4.7,model_shift,0.2,CG-Static,4,3,4,364,364,0,100.0000
SQLi,customapp,customapp,filter,Python/SQLite,anthropic/claude-opus-4.7,model_shift,0.2,CG-Static,4,4,5,364,364,0,100.0000
SQLi,customapp,customapp,filter,Python/SQLite,anthropic/claude-opus-4.7,model_shift,0.2,CG-Static,4,5,5,364,364,0,100.0000
SQLi,customapp,customapp,filter,Python/SQLite,anthropic/claude-opus-4.7,model_shift,0.2,CG-Static,4,6,4,364,364,0,100.0000
SQLi,customapp,customapp,filter,Python/SQLite,anthropic/claude-opus-4.7,model_shift,0.2,CG-Static,4,7,4,364,364,0,100.0000
SQLi,customapp,customapp,filter,Python/SQLite,anthropic/claude-opus-4.7,model_shift,0.2,CG-Static,4,8,4,364,364,0,100.0000
SQLi,customapp,customapp,filter,Python/SQLite,anthropic/claude-opus-4.7,model_shift,0.2,CG-Static,4,9,4,364,364,0,100.0000
SQLi,customapp,customapp,filter,Python/SQLite,anthropic/claude-opus-4.7,model_shift,0.2,CG-Static,4,10,5,364,364,0,100.0000
SQLi,customapp,customapp,filter,Python/SQLite,anthropic/claude-opus-4.7,model_shift,0.2,CG-Static,5,1,5,388,388,0,100.0000
SQLi,customapp,customapp,filter,Python/SQLite,anthropic/claude-opus-4.7,model_shift,0.2,CG-Static,5,2,4,388,388,0,100.0000
SQLi,customapp,customapp,filter,Python/SQLite,anthropic/claude-opus-4.7,model_shift,0.2,CG-Static,5,3,4,388,388,0,100.0000
SQLi,customapp,customapp,filter,Python/SQLite,anthropic/claude-opus-4.7,model_shift,0.2,CG-Static,5,4,5,388,388,0,100.0000
SQLi,customapp,customapp,filter,Python/SQLite,anthropic/claude-opus-4.7,model_shift,0.2,CG-Static,5,5,5,388,388,0,100.0000
SQLi,customapp,customapp,filter,Python/SQLite,anthropic/claude-opus-4.7,model_shift,0.2,CG-Static,5,6,4,388,388,0,100.0000
SQLi,customapp,customapp,filter,Python/SQLite,anthropic/claude-opus-4.7,model_shift,0.2,CG-Static,5,7,4,388,388,0,100.0000
SQLi,customapp,customapp,filter,Python/SQLite,anthropic/claude-opus-4.7,model_shift,0.2,CG-Static,5,8,4,388,388,0,100.0000
SQLi,customapp,customapp,filter,Python/SQLite,anthropic/claude-opus-4.7,model_shift,0.2,CG-Static,5,9,4,388,388,0,100.0000
SQLi,customapp,customapp,filter,Python/SQLite,anthropic/claude-opus-4.7,model_shift,0.2,CG-Static,5,10,5,388,388,0,100.0000
SQLi,customapp,customapp,filter,Python/SQLite,anthropic/claude-opus-4.7,model_shift,0.2,CRS-only,1,0,0,402,0,402,0.0000
SQLi,customapp,customapp,filter,Python/SQLite,anthropic/claude-opus-4.7,model_shift,0.2,CRS-only,2,0,0,410,0,410,0.0000
SQLi,customapp,customapp,filter,Python/SQLite,anthropic/claude-opus-4.7,model_shift,0.2,CRS-only,3,0,0,368,0,368,0.0000
SQLi,customapp,customapp,filter,Python/SQLite,anthropic/claude-opus-4.7,model_shift,0.2,CRS-only,4,0,0,364,0,364,0.0000
SQLi,customapp,customapp,filter,Python/SQLite,anthropic/claude-opus-4.7,model_shift,0.2,CRS-only,5,0,0,388,0,388,0.0000
SQLi,customapp,customapp,filter,Python/SQLite,anthropic/claude-opus-4.7,model_shift,0.3,CG-Adaptive,1,1,7,402,402,0,100.0000
SQLi,customapp,customapp,filter,Python/SQLite,anthropic/claude-opus-4.7,model_shift,0.3,CG-Adaptive,1,2,5,402,402,0,100.0000
SQLi,customapp,customapp,filter,Python/SQLite,anthropic/claude-opus-4.7,model_shift,0.3,CG-Adaptive,1,3,5,402,402,0,100.0000
SQLi,customapp,customapp,filter,Python/SQLite,anthropic/claude-opus-4.7,model_shift,0.3,CG-Adaptive,1,4,6,402,402,0,100.0000
SQLi,customapp,customapp,filter,Python/SQLite,anthropic/claude-opus-4.7,model_shift,0.3,CG-Adaptive,1,5,5,402,402,0,100.0000
SQLi,customapp,customapp,filter,Python/SQLite,anthropic/claude-opus-4.7,model_shift,0.3,CG-Adaptive,1,6,7,402,402,0,100.0000
SQLi,customapp,customapp,filter,Python/SQLite,anthropic/claude-opus-4.7,model_shift,0.3,CG-Adaptive,1,7,5,402,402,0,100.0000
SQLi,customapp,customapp,filter,Python/SQLite,anthropic/claude-opus-4.7,model_shift,0.3,CG-Adaptive,1,8,6,402,402,0,100.0000
SQLi,customapp,customapp,filter,Python/SQLite,anthropic/claude-opus-4.7,model_shift,0.3,CG-Adaptive,1,9,5,402,402,0,100.0000
SQLi,customapp,customapp,filter,Python/SQLite,anthropic/claude-opus-4.7,model_shift,0.3,CG-Adaptive,1,10,6,402,402,0,100.0000
SQLi,customapp,customapp,filter,Python/SQLite,anthropic/claude-opus-4.7,model_shift,0.3,CG-Adaptive,2,1,7,410,410,0,100.0000
SQLi,customapp,customapp,filter,Python/SQLite,anthropic/claude-opus-4.7,model_shift,0.3,CG-Adaptive,2,2,5,410,410,0,100.0000
SQLi,customapp,customapp,filter,Python/SQLite,anthropic/claude-opus-4.7,model_shift,0.3,CG-Adaptive,2,3,5,410,410,0,100.0000
SQLi,customapp,customapp,filter,Python/SQLite,anthropic/claude-opus-4.7,model_shift,0.3,CG-Adaptive,2,4,6,410,410,0,100.0000
SQLi,customapp,customapp,filter,Python/SQLite,anthropic/claude-opus-4.7,model_shift,0.3,CG-Adaptive,2,5,5,410,410,0,100.0000
SQLi,customapp,customapp,filter,Python/SQLite,anthropic/claude-opus-4.7,model_shift,0.3,CG-Adaptive,2,6,7,410,410,0,100.0000
SQLi,customapp,customapp,filter,Python/SQLite,anthropic/claude-opus-4.7,model_shift,0.3,CG-Adaptive,2,7,5,410,410,0,100.0000
SQLi,customapp,customapp,filter,Python/SQLite,anthropic/claude-opus-4.7,model_shift,0.3,CG-Adaptive,2,8,6,410,410,0,100.0000
SQLi,customapp,customapp,filter,Python/SQLite,anthropic/claude-opus-4.7,model_shift,0.3,CG-Adaptive,2,9,5,410,410,0,100.0000
SQLi,customapp,customapp,filter,Python/SQLite,anthropic/claude-opus-4.7,model_shift,0.3,CG-Adaptive,2,10,6,410,410,0,100.0000
SQLi,customapp,customapp,filter,Python/SQLite,anthropic/claude-opus-4.7,model_shift,0.3,CG-Adaptive,3,1,7,368,368,0,100.0000
SQLi,customapp,customapp,filter,Python/SQLite,anthropic/claude-opus-4.7,model_shift,0.3,CG-Adaptive,3,2,5,368,368,0,100.0000
SQLi,customapp,customapp,filter,Python/SQLite,anthropic/claude-opus-4.7,model_shift,0.3,CG-Adaptive,3,3,5,368,368,0,100.0000
SQLi,customapp,customapp,filter,Python/SQLite,anthropic/claude-opus-4.7,model_shift,0.3,CG-Adaptive,3,4,6,368,368,0,100.0000
SQLi,customapp,customapp,filter,Python/SQLite,anthropic/claude-opus-4.7,model_shift,0.3,CG-Adaptive,3,5,5,368,368,0,100.0000
SQLi,customapp,customapp,filter,Python/SQLite,anthropic/claude-opus-4.7,model_shift,0.3,CG-Adaptive,3,6,7,368,368,0,100.0000
SQLi,customapp,customapp,filter,Python/SQLite,anthropic/claude-opus-4.7,model_shift,0.3,CG-Adaptive,3,7,5,368,368,0,100.0000
SQLi,customapp,customapp,filter,Python/SQLite,anthropic/claude-opus-4.7,model_shift,0.3,CG-Adaptive,3,8,6,368,368,0,100.0000
SQLi,customapp,customapp,filter,Python/SQLite,anthropic/claude-opus-4.7,model_shift,0.3,CG-Adaptive,3,9,5,368,368,0,100.0000
SQLi,customapp,customapp,filter,Python/SQLite,anthropic/claude-opus-4.7,model_shift,0.3,CG-Adaptive,3,10,6,368,368,0,100.0000
SQLi,customapp,customapp,filter,Python/SQLite,anthropic/claude-opus-4.7,model_shift,0.3,CG-Adaptive,4,1,7,364,364,0,100.0000
SQLi,customapp,customapp,filter,Python/SQLite,anthropic/claude-opus-4.7,model_shift,0.3,CG-Adaptive,4,2,5,364,364,0,100.0000
SQLi,customapp,customapp,filter,Python/SQLite,anthropic/claude-opus-4.7,model_shift,0.3,CG-Adaptive,4,3,5,364,364,0,100.0000
SQLi,customapp,customapp,filter,Python/SQLite,anthropic/claude-opus-4.7,model_shift,0.3,CG-Adaptive,4,4,6,364,364,0,100.0000
SQLi,customapp,customapp,filter,Python/SQLite,anthropic/claude-opus-4.7,model_shift,0.3,CG-Adaptive,4,5,5,364,364,0,100.0000
SQLi,customapp,customapp,filter,Python/SQLite,anthropic/claude-opus-4.7,model_shift,0.3,CG-Adaptive,4,6,7,364,364,0,100.0000
SQLi,customapp,customapp,filter,Python/SQLite,anthropic/claude-opus-4.7,model_shift,0.3,CG-Adaptive,4,7,5,364,364,0,100.0000
SQLi,customapp,customapp,filter,Python/SQLite,anthropic/claude-opus-4.7,model_shift,0.3,CG-Adaptive,4,8,6,364,364,0,100.0000
SQLi,customapp,customapp,filter,Python/SQLite,anthropic/claude-opus-4.7,model_shift,0.3,CG-Adaptive,4,9,5,364,364,0,100.0000
SQLi,customapp,customapp,filter,Python/SQLite,anthropic/claude-opus-4.7,model_shift,0.3,CG-Adaptive,4,10,6,364,364,0,100.0000
SQLi,customapp,customapp,filter,Python/SQLite,anthropic/claude-opus-4.7,model_shift,0.3,CG-Adaptive,5,1,7,388,388,0,100.0000
SQLi,customapp,customapp,filter,Python/SQLite,anthropic/claude-opus-4.7,model_shift,0.3,CG-Adaptive,5,2,5,388,388,0,100.0000
SQLi,customapp,customapp,filter,Python/SQLite,anthropic/claude-opus-4.7,model_shift,0.3,CG-Adaptive,5,3,5,388,388,0,100.0000
SQLi,customapp,customapp,filter,Python/SQLite,anthropic/claude-opus-4.7,model_shift,0.3,CG-Adaptive,5,4,6,388,388,0,100.0000
SQLi,customapp,customapp,filter,Python/SQLite,anthropic/claude-opus-4.7,model_shift,0.3,CG-Adaptive,5,5,5,388,388,0,100.0000
SQLi,customapp,customapp,filter,Python/SQLite,anthropic/claude-opus-4.7,model_shift,0.3,CG-Adaptive,5,6,7,388,388,0,100.0000
SQLi,customapp,customapp,filter,Python/SQLite,anthropic/claude-opus-4.7,model_shift,0.3,CG-Adaptive,5,7,5,388,388,0,100.0000
SQLi,customapp,customapp,filter,Python/SQLite,anthropic/claude-opus-4.7,model_shift,0.3,CG-Adaptive,5,8,6,388,388,0,100.0000
SQLi,customapp,customapp,filter,Python/SQLite,anthropic/claude-opus-4.7,model_shift,0.3,CG-Adaptive,5,9,5,388,388,0,100.0000
SQLi,customapp,customapp,filter,Python/SQLite,anthropic/claude-opus-4.7,model_shift,0.3,CG-Adaptive,5,10,6,388,388,0,100.0000
SQLi,customapp,customapp,filter,Python/SQLite,anthropic/claude-opus-4.7,model_shift,0.3,CG-Static,1,1,5,402,402,0,100.0000
SQLi,customapp,customapp,filter,Python/SQLite,anthropic/claude-opus-4.7,model_shift,0.3,CG-Static,1,2,6,402,402,0,100.0000
SQLi,customapp,customapp,filter,Python/SQLite,anthropic/claude-opus-4.7,model_shift,0.3,CG-Static,1,3,4,402,402,0,100.0000
SQLi,customapp,customapp,filter,Python/SQLite,anthropic/claude-opus-4.7,model_shift,0.3,CG-Static,1,4,5,402,402,0,100.0000
SQLi,customapp,customapp,filter,Python/SQLite,anthropic/claude-opus-4.7,model_shift,0.3,CG-Static,1,5,5,402,402,0,100.0000
SQLi,customapp,customapp,filter,Python/SQLite,anthropic/claude-opus-4.7,model_shift,0.3,CG-Static,1,6,5,402,402,0,100.0000
SQLi,customapp,customapp,filter,Python/SQLite,anthropic/claude-opus-4.7,model_shift,0.3,CG-Static,1,7,6,402,402,0,100.0000
SQLi,customapp,customapp,filter,Python/SQLite,anthropic/claude-opus-4.7,model_shift,0.3,CG-Static,1,8,4,402,402,0,100.0000
SQLi,customapp,customapp,filter,Python/SQLite,anthropic/claude-opus-4.7,model_shift,0.3,CG-Static,1,9,5,402,402,0,100.0000
SQLi,customapp,customapp,filter,Python/SQLite,anthropic/claude-opus-4.7,model_shift,0.3,CG-Static,1,10,5,402,402,0,100.0000
SQLi,customapp,customapp,filter,Python/SQLite,anthropic/claude-opus-4.7,model_shift,0.3,CG-Static,2,1,5,410,410,0,100.0000
SQLi,customapp,customapp,filter,Python/SQLite,anthropic/claude-opus-4.7,model_shift,0.3,CG-Static,2,2,6,410,410,0,100.0000
SQLi,customapp,customapp,filter,Python/SQLite,anthropic/claude-opus-4.7,model_shift,0.3,CG-Static,2,3,4,410,410,0,100.0000
SQLi,customapp,customapp,filter,Python/SQLite,anthropic/claude-opus-4.7,model_shift,0.3,CG-Static,2,4,5,410,410,0,100.0000
SQLi,customapp,customapp,filter,Python/SQLite,anthropic/claude-opus-4.7,model_shift,0.3,CG-Static,2,5,5,410,410,0,100.0000
SQLi,customapp,customapp,filter,Python/SQLite,anthropic/claude-opus-4.7,model_shift,0.3,CG-Static,2,6,5,410,410,0,100.0000
SQLi,customapp,customapp,filter,Python/SQLite,anthropic/claude-opus-4.7,model_shift,0.3,CG-Static,2,7,6,410,410,0,100.0000
SQLi,customapp,customapp,filter,Python/SQLite,anthropic/claude-opus-4.7,model_shift,0.3,CG-Static,2,8,4,410,410,0,100.0000
SQLi,customapp,customapp,filter,Python/SQLite,anthropic/claude-opus-4.7,model_shift,0.3,CG-Static,2,9,5,410,410,0,100.0000
SQLi,customapp,customapp,filter,Python/SQLite,anthropic/claude-opus-4.7,model_shift,0.3,CG-Static,2,10,5,410,410,0,100.0000
SQLi,customapp,customapp,filter,Python/SQLite,anthropic/claude-opus-4.7,model_shift,0.3,CG-Static,3,1,5,368,368,0,100.0000
SQLi,customapp,customapp,filter,Python/SQLite,anthropic/claude-opus-4.7,model_shift,0.3,CG-Static,3,2,6,368,368,0,100.0000
SQLi,customapp,customapp,filter,Python/SQLite,anthropic/claude-opus-4.7,model_shift,0.3,CG-Static,3,3,4,368,368,0,100.0000
SQLi,customapp,customapp,filter,Python/SQLite,anthropic/claude-opus-4.7,model_shift,0.3,CG-Static,3,4,5,368,368,0,100.0000
SQLi,customapp,customapp,filter,Python/SQLite,anthropic/claude-opus-4.7,model_shift,0.3,CG-Static,3,5,5,368,368,0,100.0000
SQLi,customapp,customapp,filter,Python/SQLite,anthropic/claude-opus-4.7,model_shift,0.3,CG-Static,3,6,5,368,368,0,100.0000
SQLi,customapp,customapp,filter,Python/SQLite,anthropic/claude-opus-4.7,model_shift,0.3,CG-Static,3,7,6,368,368,0,100.0000
SQLi,customapp,customapp,filter,Python/SQLite,anthropic/claude-opus-4.7,model_shift,0.3,CG-Static,3,8,4,368,368,0,100.0000
SQLi,customapp,customapp,filter,Python/SQLite,anthropic/claude-opus-4.7,model_shift,0.3,CG-Static,3,9,5,368,368,0,100.0000
SQLi,customapp,customapp,filter,Python/SQLite,anthropic/claude-opus-4.7,model_shift,0.3,CG-Static,3,10,5,368,368,0,100.0000
SQLi,customapp,customapp,filter,Python/SQLite,anthropic/claude-opus-4.7,model_shift,0.3,CG-Static,4,1,5,364,364,0,100.0000
SQLi,customapp,customapp,filter,Python/SQLite,anthropic/claude-opus-4.7,model_shift,0.3,CG-Static,4,2,6,364,364,0,100.0000
SQLi,customapp,customapp,filter,Python/SQLite,anthropic/claude-opus-4.7,model_shift,0.3,CG-Static,4,3,4,364,364,0,100.0000
SQLi,customapp,customapp,filter,Python/SQLite,anthropic/claude-opus-4.7,model_shift,0.3,CG-Static,4,4,5,364,364,0,100.0000
SQLi,customapp,customapp,filter,Python/SQLite,anthropic/claude-opus-4.7,model_shift,0.3,CG-Static,4,5,5,364,364,0,100.0000
SQLi,customapp,customapp,filter,Python/SQLite,anthropic/claude-opus-4.7,model_shift,0.3,CG-Static,4,6,5,364,364,0,100.0000
SQLi,customapp,customapp,filter,Python/SQLite,anthropic/claude-opus-4.7,model_shift,0.3,CG-Static,4,7,6,364,364,0,100.0000
SQLi,customapp,customapp,filter,Python/SQLite,anthropic/claude-opus-4.7,model_shift,0.3,CG-Static,4,8,4,364,364,0,100.0000
SQLi,customapp,customapp,filter,Python/SQLite,anthropic/claude-opus-4.7,model_shift,0.3,CG-Static,4,9,5,364,364,0,100.0000
SQLi,customapp,customapp,filter,Python/SQLite,anthropic/claude-opus-4.7,model_shift,0.3,CG-Static,4,10,5,364,364,0,100.0000
SQLi,customapp,customapp,filter,Python/SQLite,anthropic/claude-opus-4.7,model_shift,0.3,CG-Static,5,1,5,388,388,0,100.0000
SQLi,customapp,customapp,filter,Python/SQLite,anthropic/claude-opus-4.7,model_shift,0.3,CG-Static,5,2,6,388,388,0,100.0000
SQLi,customapp,customapp,filter,Python/SQLite,anthropic/claude-opus-4.7,model_shift,0.3,CG-Static,5,3,4,388,388,0,100.0000
SQLi,customapp,customapp,filter,Python/SQLite,anthropic/claude-opus-4.7,model_shift,0.3,CG-Static,5,4,5,388,388,0,100.0000
SQLi,customapp,customapp,filter,Python/SQLite,anthropic/claude-opus-4.7,model_shift,0.3,CG-Static,5,5,5,388,388,0,100.0000
SQLi,customapp,customapp,filter,Python/SQLite,anthropic/claude-opus-4.7,model_shift,0.3,CG-Static,5,6,5,388,388,0,100.0000
SQLi,customapp,customapp,filter,Python/SQLite,anthropic/claude-opus-4.7,model_shift,0.3,CG-Static,5,7,6,388,388,0,100.0000
SQLi,customapp,customapp,filter,Python/SQLite,anthropic/claude-opus-4.7,model_shift,0.3,CG-Static,5,8,4,388,388,0,100.0000
SQLi,customapp,customapp,filter,Python/SQLite,anthropic/claude-opus-4.7,model_shift,0.3,CG-Static,5,9,5,388,388,0,100.0000
SQLi,customapp,customapp,filter,Python/SQLite,anthropic/claude-opus-4.7,model_shift,0.3,CG-Static,5,10,5,388,388,0,100.0000
SQLi,customapp,customapp,filter,Python/SQLite,anthropic/claude-opus-4.7,model_shift,0.3,CRS-only,1,0,0,402,0,402,0.0000
SQLi,customapp,customapp,filter,Python/SQLite,anthropic/claude-opus-4.7,model_shift,0.3,CRS-only,2,0,0,410,0,410,0.0000
SQLi,customapp,customapp,filter,Python/SQLite,anthropic/claude-opus-4.7,model_shift,0.3,CRS-only,3,0,0,368,0,368,0.0000
SQLi,customapp,customapp,filter,Python/SQLite,anthropic/claude-opus-4.7,model_shift,0.3,CRS-only,4,0,0,364,0,364,0.0000
SQLi,customapp,customapp,filter,Python/SQLite,anthropic/claude-opus-4.7,model_shift,0.3,CRS-only,5,0,0,388,0,388,0.0000
SQLi,customapp,customapp,filter,Python/SQLite,anthropic/claude-opus-4.7,model_shift,0.4,CG-Adaptive,1,1,5,402,402,0,100.0000
SQLi,customapp,customapp,filter,Python/SQLite,anthropic/claude-opus-4.7,model_shift,0.4,CG-Adaptive,1,2,4,402,402,0,100.0000
SQLi,customapp,customapp,filter,Python/SQLite,anthropic/claude-opus-4.7,model_shift,0.4,CG-Adaptive,1,3,6,402,402,0,100.0000
SQLi,customapp,customapp,filter,Python/SQLite,anthropic/claude-opus-4.7,model_shift,0.4,CG-Adaptive,1,4,5,402,402,0,100.0000
SQLi,customapp,customapp,filter,Python/SQLite,anthropic/claude-opus-4.7,model_shift,0.4,CG-Adaptive,1,5,6,402,402,0,100.0000
SQLi,customapp,customapp,filter,Python/SQLite,anthropic/claude-opus-4.7,model_shift,0.4,CG-Adaptive,1,6,5,402,402,0,100.0000
SQLi,customapp,customapp,filter,Python/SQLite,anthropic/claude-opus-4.7,model_shift,0.4,CG-Adaptive,1,7,5,402,402,0,100.0000
SQLi,customapp,customapp,filter,Python/SQLite,anthropic/claude-opus-4.7,model_shift,0.4,CG-Adaptive,1,8,5,402,402,0,100.0000
SQLi,customapp,customapp,filter,Python/SQLite,anthropic/claude-opus-4.7,model_shift,0.4,CG-Adaptive,1,9,4,402,402,0,100.0000
SQLi,customapp,customapp,filter,Python/SQLite,anthropic/claude-opus-4.7,model_shift,0.4,CG-Adaptive,1,10,5,402,402,0,100.0000
SQLi,customapp,customapp,filter,Python/SQLite,anthropic/claude-opus-4.7,model_shift,0.4,CG-Adaptive,2,1,5,410,410,0,100.0000
SQLi,customapp,customapp,filter,Python/SQLite,anthropic/claude-opus-4.7,model_shift,0.4,CG-Adaptive,2,2,4,410,410,0,100.0000
SQLi,customapp,customapp,filter,Python/SQLite,anthropic/claude-opus-4.7,model_shift,0.4,CG-Adaptive,2,3,6,410,410,0,100.0000
SQLi,customapp,customapp,filter,Python/SQLite,anthropic/claude-opus-4.7,model_shift,0.4,CG-Adaptive,2,4,5,410,410,0,100.0000
SQLi,customapp,customapp,filter,Python/SQLite,anthropic/claude-opus-4.7,model_shift,0.4,CG-Adaptive,2,5,6,410,410,0,100.0000
SQLi,customapp,customapp,filter,Python/SQLite,anthropic/claude-opus-4.7,model_shift,0.4,CG-Adaptive,2,6,5,410,410,0,100.0000
SQLi,customapp,customapp,filter,Python/SQLite,anthropic/claude-opus-4.7,model_shift,0.4,CG-Adaptive,2,7,5,410,410,0,100.0000
SQLi,customapp,customapp,filter,Python/SQLite,anthropic/claude-opus-4.7,model_shift,0.4,CG-Adaptive,2,8,5,410,410,0,100.0000
SQLi,customapp,customapp,filter,Python/SQLite,anthropic/claude-opus-4.7,model_shift,0.4,CG-Adaptive,2,9,4,410,410,0,100.0000
SQLi,customapp,customapp,filter,Python/SQLite,anthropic/claude-opus-4.7,model_shift,0.4,CG-Adaptive,2,10,5,410,410,0,100.0000
SQLi,customapp,customapp,filter,Python/SQLite,anthropic/claude-opus-4.7,model_shift,0.4,CG-Adaptive,3,1,5,368,368,0,100.0000
SQLi,customapp,customapp,filter,Python/SQLite,anthropic/claude-opus-4.7,model_shift,0.4,CG-Adaptive,3,2,4,368,368,0,100.0000
SQLi,customapp,customapp,filter,Python/SQLite,anthropic/claude-opus-4.7,model_shift,0.4,CG-Adaptive,3,3,6,368,368,0,100.0000
SQLi,customapp,customapp,filter,Python/SQLite,anthropic/claude-opus-4.7,model_shift,0.4,CG-Adaptive,3,4,5,368,368,0,100.0000
SQLi,customapp,customapp,filter,Python/SQLite,anthropic/claude-opus-4.7,model_shift,0.4,CG-Adaptive,3,5,6,368,368,0,100.0000
SQLi,customapp,customapp,filter,Python/SQLite,anthropic/claude-opus-4.7,model_shift,0.4,CG-Adaptive,3,6,5,368,368,0,100.0000
SQLi,customapp,customapp,filter,Python/SQLite,anthropic/claude-opus-4.7,model_shift,0.4,CG-Adaptive,3,7,5,368,368,0,100.0000
SQLi,customapp,customapp,filter,Python/SQLite,anthropic/claude-opus-4.7,model_shift,0.4,CG-Adaptive,3,8,5,368,368,0,100.0000
SQLi,customapp,customapp,filter,Python/SQLite,anthropic/claude-opus-4.7,model_shift,0.4,CG-Adaptive,3,9,4,368,368,0,100.0000
SQLi,customapp,customapp,filter,Python/SQLite,anthropic/claude-opus-4.7,model_shift,0.4,CG-Adaptive,3,10,5,368,368,0,100.0000
SQLi,customapp,customapp,filter,Python/SQLite,anthropic/claude-opus-4.7,model_shift,0.4,CG-Adaptive,4,1,5,364,364,0,100.0000
SQLi,customapp,customapp,filter,Python/SQLite,anthropic/claude-opus-4.7,model_shift,0.4,CG-Adaptive,4,2,4,364,364,0,100.0000
SQLi,customapp,customapp,filter,Python/SQLite,anthropic/claude-opus-4.7,model_shift,0.4,CG-Adaptive,4,3,6,364,364,0,100.0000
SQLi,customapp,customapp,filter,Python/SQLite,anthropic/claude-opus-4.7,model_shift,0.4,CG-Adaptive,4,4,5,364,364,0,100.0000
SQLi,customapp,customapp,filter,Python/SQLite,anthropic/claude-opus-4.7,model_shift,0.4,CG-Adaptive,4,5,6,364,364,0,100.0000
SQLi,customapp,customapp,filter,Python/SQLite,anthropic/claude-opus-4.7,model_shift,0.4,CG-Adaptive,4,6,5,364,364,0,100.0000
SQLi,customapp,customapp,filter,Python/SQLite,anthropic/claude-opus-4.7,model_shift,0.4,CG-Adaptive,4,7,5,364,364,0,100.0000
SQLi,customapp,customapp,filter,Python/SQLite,anthropic/claude-opus-4.7,model_shift,0.4,CG-Adaptive,4,8,5,364,364,0,100.0000
SQLi,customapp,customapp,filter,Python/SQLite,anthropic/claude-opus-4.7,model_shift,0.4,CG-Adaptive,4,9,4,364,364,0,100.0000
SQLi,customapp,customapp,filter,Python/SQLite,anthropic/claude-opus-4.7,model_shift,0.4,CG-Adaptive,4,10,5,364,364,0,100.0000
SQLi,customapp,customapp,filter,Python/SQLite,anthropic/claude-opus-4.7,model_shift,0.4,CG-Adaptive,5,1,5,388,388,0,100.0000
SQLi,customapp,customapp,filter,Python/SQLite,anthropic/claude-opus-4.7,model_shift,0.4,CG-Adaptive,5,2,4,388,388,0,100.0000
SQLi,customapp,customapp,filter,Python/SQLite,anthropic/claude-opus-4.7,model_shift,0.4,CG-Adaptive,5,3,6,388,388,0,100.0000
SQLi,customapp,customapp,filter,Python/SQLite,anthropic/claude-opus-4.7,model_shift,0.4,CG-Adaptive,5,4,5,388,388,0,100.0000
SQLi,customapp,customapp,filter,Python/SQLite,anthropic/claude-opus-4.7,model_shift,0.4,CG-Adaptive,5,5,6,388,388,0,100.0000
SQLi,customapp,customapp,filter,Python/SQLite,anthropic/claude-opus-4.7,model_shift,0.4,CG-Adaptive,5,6,5,388,388,0,100.0000
SQLi,customapp,customapp,filter,Python/SQLite,anthropic/claude-opus-4.7,model_shift,0.4,CG-Adaptive,5,7,5,388,388,0,100.0000
SQLi,customapp,customapp,filter,Python/SQLite,anthropic/claude-opus-4.7,model_shift,0.4,CG-Adaptive,5,8,5,388,388,0,100.0000
SQLi,customapp,customapp,filter,Python/SQLite,anthropic/claude-opus-4.7,model_shift,0.4,CG-Adaptive,5,9,4,388,388,0,100.0000
SQLi,customapp,customapp,filter,Python/SQLite,anthropic/claude-opus-4.7,model_shift,0.4,CG-Adaptive,5,10,5,388,388,0,100.0000
SQLi,customapp,customapp,filter,Python/SQLite,anthropic/claude-opus-4.7,model_shift,0.4,CG-Static,1,1,4,402,402,0,100.0000
SQLi,customapp,customapp,filter,Python/SQLite,anthropic/claude-opus-4.7,model_shift,0.4,CG-Static,1,2,7,402,402,0,100.0000
SQLi,customapp,customapp,filter,Python/SQLite,anthropic/claude-opus-4.7,model_shift,0.4,CG-Static,1,3,4,402,402,0,100.0000
SQLi,customapp,customapp,filter,Python/SQLite,anthropic/claude-opus-4.7,model_shift,0.4,CG-Static,1,4,5,402,402,0,100.0000
SQLi,customapp,customapp,filter,Python/SQLite,anthropic/claude-opus-4.7,model_shift,0.4,CG-Static,1,5,6,402,402,0,100.0000
SQLi,customapp,customapp,filter,Python/SQLite,anthropic/claude-opus-4.7,model_shift,0.4,CG-Static,1,6,4,402,402,0,100.0000
SQLi,customapp,customapp,filter,Python/SQLite,anthropic/claude-opus-4.7,model_shift,0.4,CG-Static,1,7,4,402,402,0,100.0000
SQLi,customapp,customapp,filter,Python/SQLite,anthropic/claude-opus-4.7,model_shift,0.4,CG-Static,1,8,5,402,402,0,100.0000
SQLi,customapp,customapp,filter,Python/SQLite,anthropic/claude-opus-4.7,model_shift,0.4,CG-Static,1,9,5,402,402,0,100.0000
SQLi,customapp,customapp,filter,Python/SQLite,anthropic/claude-opus-4.7,model_shift,0.4,CG-Static,1,10,7,402,402,0,100.0000
SQLi,customapp,customapp,filter,Python/SQLite,anthropic/claude-opus-4.7,model_shift,0.4,CG-Static,2,1,4,410,410,0,100.0000
SQLi,customapp,customapp,filter,Python/SQLite,anthropic/claude-opus-4.7,model_shift,0.4,CG-Static,2,2,7,410,410,0,100.0000
SQLi,customapp,customapp,filter,Python/SQLite,anthropic/claude-opus-4.7,model_shift,0.4,CG-Static,2,3,4,410,410,0,100.0000
SQLi,customapp,customapp,filter,Python/SQLite,anthropic/claude-opus-4.7,model_shift,0.4,CG-Static,2,4,5,410,410,0,100.0000
SQLi,customapp,customapp,filter,Python/SQLite,anthropic/claude-opus-4.7,model_shift,0.4,CG-Static,2,5,6,410,410,0,100.0000
SQLi,customapp,customapp,filter,Python/SQLite,anthropic/claude-opus-4.7,model_shift,0.4,CG-Static,2,6,4,410,410,0,100.0000
SQLi,customapp,customapp,filter,Python/SQLite,anthropic/claude-opus-4.7,model_shift,0.4,CG-Static,2,7,4,410,410,0,100.0000
SQLi,customapp,customapp,filter,Python/SQLite,anthropic/claude-opus-4.7,model_shift,0.4,CG-Static,2,8,5,410,410,0,100.0000
SQLi,customapp,customapp,filter,Python/SQLite,anthropic/claude-opus-4.7,model_shift,0.4,CG-Static,2,9,5,410,410,0,100.0000
SQLi,customapp,customapp,filter,Python/SQLite,anthropic/claude-opus-4.7,model_shift,0.4,CG-Static,2,10,7,410,410,0,100.0000
SQLi,customapp,customapp,filter,Python/SQLite,anthropic/claude-opus-4.7,model_shift,0.4,CG-Static,3,1,4,368,368,0,100.0000
SQLi,customapp,customapp,filter,Python/SQLite,anthropic/claude-opus-4.7,model_shift,0.4,CG-Static,3,2,7,368,368,0,100.0000
SQLi,customapp,customapp,filter,Python/SQLite,anthropic/claude-opus-4.7,model_shift,0.4,CG-Static,3,3,4,368,368,0,100.0000
SQLi,customapp,customapp,filter,Python/SQLite,anthropic/claude-opus-4.7,model_shift,0.4,CG-Static,3,4,5,368,368,0,100.0000
SQLi,customapp,customapp,filter,Python/SQLite,anthropic/claude-opus-4.7,model_shift,0.4,CG-Static,3,5,6,368,368,0,100.0000
SQLi,customapp,customapp,filter,Python/SQLite,anthropic/claude-opus-4.7,model_shift,0.4,CG-Static,3,6,4,368,368,0,100.0000
SQLi,customapp,customapp,filter,Python/SQLite,anthropic/claude-opus-4.7,model_shift,0.4,CG-Static,3,7,4,368,368,0,100.0000
SQLi,customapp,customapp,filter,Python/SQLite,anthropic/claude-opus-4.7,model_shift,0.4,CG-Static,3,8,5,368,368,0,100.0000
SQLi,customapp,customapp,filter,Python/SQLite,anthropic/claude-opus-4.7,model_shift,0.4,CG-Static,3,9,5,368,368,0,100.0000
SQLi,customapp,customapp,filter,Python/SQLite,anthropic/claude-opus-4.7,model_shift,0.4,CG-Static,3,10,7,368,368,0,100.0000
SQLi,customapp,customapp,filter,Python/SQLite,anthropic/claude-opus-4.7,model_shift,0.4,CG-Static,4,1,4,364,364,0,100.0000
SQLi,customapp,customapp,filter,Python/SQLite,anthropic/claude-opus-4.7,model_shift,0.4,CG-Static,4,2,7,364,364,0,100.0000
SQLi,customapp,customapp,filter,Python/SQLite,anthropic/claude-opus-4.7,model_shift,0.4,CG-Static,4,3,4,364,364,0,100.0000
SQLi,customapp,customapp,filter,Python/SQLite,anthropic/claude-opus-4.7,model_shift,0.4,CG-Static,4,4,5,364,364,0,100.0000
SQLi,customapp,customapp,filter,Python/SQLite,anthropic/claude-opus-4.7,model_shift,0.4,CG-Static,4,5,6,364,364,0,100.0000
SQLi,customapp,customapp,filter,Python/SQLite,anthropic/claude-opus-4.7,model_shift,0.4,CG-Static,4,6,4,364,364,0,100.0000
SQLi,customapp,customapp,filter,Python/SQLite,anthropic/claude-opus-4.7,model_shift,0.4,CG-Static,4,7,4,364,364,0,100.0000
SQLi,customapp,customapp,filter,Python/SQLite,anthropic/claude-opus-4.7,model_shift,0.4,CG-Static,4,8,5,364,364,0,100.0000
SQLi,customapp,customapp,filter,Python/SQLite,anthropic/claude-opus-4.7,model_shift,0.4,CG-Static,4,9,5,364,364,0,100.0000
SQLi,customapp,customapp,filter,Python/SQLite,anthropic/claude-opus-4.7,model_shift,0.4,CG-Static,4,10,7,364,364,0,100.0000
SQLi,customapp,customapp,filter,Python/SQLite,anthropic/claude-opus-4.7,model_shift,0.4,CG-Static,5,1,4,388,388,0,100.0000
SQLi,customapp,customapp,filter,Python/SQLite,anthropic/claude-opus-4.7,model_shift,0.4,CG-Static,5,2,7,388,388,0,100.0000
SQLi,customapp,customapp,filter,Python/SQLite,anthropic/claude-opus-4.7,model_shift,0.4,CG-Static,5,3,4,388,388,0,100.0000
SQLi,customapp,customapp,filter,Python/SQLite,anthropic/claude-opus-4.7,model_shift,0.4,CG-Static,5,4,5,388,388,0,100.0000
SQLi,customapp,customapp,filter,Python/SQLite,anthropic/claude-opus-4.7,model_shift,0.4,CG-Static,5,5,6,388,388,0,100.0000
SQLi,customapp,customapp,filter,Python/SQLite,anthropic/claude-opus-4.7,model_shift,0.4,CG-Static,5,6,4,388,388,0,100.0000
SQLi,customapp,customapp,filter,Python/SQLite,anthropic/claude-opus-4.7,model_shift,0.4,CG-Static,5,7,4,388,388,0,100.0000
SQLi,customapp,customapp,filter,Python/SQLite,anthropic/claude-opus-4.7,model_shift,0.4,CG-Static,5,8,5,388,388,0,100.0000
SQLi,customapp,customapp,filter,Python/SQLite,anthropic/claude-opus-4.7,model_shift,0.4,CG-Static,5,9,5,388,388,0,100.0000
SQLi,customapp,customapp,filter,Python/SQLite,anthropic/claude-opus-4.7,model_shift,0.4,CG-Static,5,10,7,388,388,0,100.0000
SQLi,customapp,customapp,filter,Python/SQLite,anthropic/claude-opus-4.7,model_shift,0.4,CRS-only,1,0,0,402,0,402,0.0000
SQLi,customapp,customapp,filter,Python/SQLite,anthropic/claude-opus-4.7,model_shift,0.4,CRS-only,2,0,0,410,0,410,0.0000
SQLi,customapp,customapp,filter,Python/SQLite,anthropic/claude-opus-4.7,model_shift,0.4,CRS-only,3,0,0,368,0,368,0.0000
SQLi,customapp,customapp,filter,Python/SQLite,anthropic/claude-opus-4.7,model_shift,0.4,CRS-only,4,0,0,364,0,364,0.0000
SQLi,customapp,customapp,filter,Python/SQLite,anthropic/claude-opus-4.7,model_shift,0.4,CRS-only,5,0,0,388,0,388,0.0000
SQLi,customapp,customapp,filter,Python/SQLite,anthropic/claude-opus-4.7,model_shift,0.5,CG-Adaptive,1,1,7,402,402,0,100.0000
SQLi,customapp,customapp,filter,Python/SQLite,anthropic/claude-opus-4.7,model_shift,0.5,CG-Adaptive,1,2,5,402,402,0,100.0000
SQLi,customapp,customapp,filter,Python/SQLite,anthropic/claude-opus-4.7,model_shift,0.5,CG-Adaptive,1,3,4,402,402,0,100.0000
SQLi,customapp,customapp,filter,Python/SQLite,anthropic/claude-opus-4.7,model_shift,0.5,CG-Adaptive,1,4,5,402,402,0,100.0000
SQLi,customapp,customapp,filter,Python/SQLite,anthropic/claude-opus-4.7,model_shift,0.5,CG-Adaptive,1,5,5,402,402,0,100.0000
SQLi,customapp,customapp,filter,Python/SQLite,anthropic/claude-opus-4.7,model_shift,0.5,CG-Adaptive,1,6,5,402,402,0,100.0000
SQLi,customapp,customapp,filter,Python/SQLite,anthropic/claude-opus-4.7,model_shift,0.5,CG-Adaptive,1,7,9,402,402,0,100.0000
SQLi,customapp,customapp,filter,Python/SQLite,anthropic/claude-opus-4.7,model_shift,0.5,CG-Adaptive,1,8,6,402,402,0,100.0000
SQLi,customapp,customapp,filter,Python/SQLite,anthropic/claude-opus-4.7,model_shift,0.5,CG-Adaptive,1,9,4,402,402,0,100.0000
SQLi,customapp,customapp,filter,Python/SQLite,anthropic/claude-opus-4.7,model_shift,0.5,CG-Adaptive,1,10,9,402,402,0,100.0000
SQLi,customapp,customapp,filter,Python/SQLite,anthropic/claude-opus-4.7,model_shift,0.5,CG-Adaptive,2,1,7,410,410,0,100.0000
SQLi,customapp,customapp,filter,Python/SQLite,anthropic/claude-opus-4.7,model_shift,0.5,CG-Adaptive,2,2,5,410,410,0,100.0000
SQLi,customapp,customapp,filter,Python/SQLite,anthropic/claude-opus-4.7,model_shift,0.5,CG-Adaptive,2,3,4,410,410,0,100.0000
SQLi,customapp,customapp,filter,Python/SQLite,anthropic/claude-opus-4.7,model_shift,0.5,CG-Adaptive,2,4,5,410,410,0,100.0000
SQLi,customapp,customapp,filter,Python/SQLite,anthropic/claude-opus-4.7,model_shift,0.5,CG-Adaptive,2,5,5,410,410,0,100.0000
SQLi,customapp,customapp,filter,Python/SQLite,anthropic/claude-opus-4.7,model_shift,0.5,CG-Adaptive,2,6,5,410,410,0,100.0000
SQLi,customapp,customapp,filter,Python/SQLite,anthropic/claude-opus-4.7,model_shift,0.5,CG-Adaptive,2,7,9,410,410,0,100.0000
SQLi,customapp,customapp,filter,Python/SQLite,anthropic/claude-opus-4.7,model_shift,0.5,CG-Adaptive,2,8,6,410,410,0,100.0000
SQLi,customapp,customapp,filter,Python/SQLite,anthropic/claude-opus-4.7,model_shift,0.5,CG-Adaptive,2,9,4,410,410,0,100.0000
SQLi,customapp,customapp,filter,Python/SQLite,anthropic/claude-opus-4.7,model_shift,0.5,CG-Adaptive,2,10,9,410,410,0,100.0000
SQLi,customapp,customapp,filter,Python/SQLite,anthropic/claude-opus-4.7,model_shift,0.5,CG-Adaptive,3,1,7,368,368,0,100.0000
SQLi,customapp,customapp,filter,Python/SQLite,anthropic/claude-opus-4.7,model_shift,0.5,CG-Adaptive,3,2,5,368,368,0,100.0000
SQLi,customapp,customapp,filter,Python/SQLite,anthropic/claude-opus-4.7,model_shift,0.5,CG-Adaptive,3,3,4,368,368,0,100.0000
SQLi,customapp,customapp,filter,Python/SQLite,anthropic/claude-opus-4.7,model_shift,0.5,CG-Adaptive,3,4,5,368,368,0,100.0000
SQLi,customapp,customapp,filter,Python/SQLite,anthropic/claude-opus-4.7,model_shift,0.5,CG-Adaptive,3,5,5,368,368,0,100.0000
SQLi,customapp,customapp,filter,Python/SQLite,anthropic/claude-opus-4.7,model_shift,0.5,CG-Adaptive,3,6,5,368,368,0,100.0000
SQLi,customapp,customapp,filter,Python/SQLite,anthropic/claude-opus-4.7,model_shift,0.5,CG-Adaptive,3,7,9,368,368,0,100.0000
SQLi,customapp,customapp,filter,Python/SQLite,anthropic/claude-opus-4.7,model_shift,0.5,CG-Adaptive,3,8,6,368,368,0,100.0000
SQLi,customapp,customapp,filter,Python/SQLite,anthropic/claude-opus-4.7,model_shift,0.5,CG-Adaptive,3,9,4,368,368,0,100.0000
SQLi,customapp,customapp,filter,Python/SQLite,anthropic/claude-opus-4.7,model_shift,0.5,CG-Adaptive,3,10,9,368,368,0,100.0000
SQLi,customapp,customapp,filter,Python/SQLite,anthropic/claude-opus-4.7,model_shift,0.5,CG-Adaptive,4,1,7,364,364,0,100.0000
SQLi,customapp,customapp,filter,Python/SQLite,anthropic/claude-opus-4.7,model_shift,0.5,CG-Adaptive,4,2,5,364,364,0,100.0000
SQLi,customapp,customapp,filter,Python/SQLite,anthropic/claude-opus-4.7,model_shift,0.5,CG-Adaptive,4,3,4,364,364,0,100.0000
SQLi,customapp,customapp,filter,Python/SQLite,anthropic/claude-opus-4.7,model_shift,0.5,CG-Adaptive,4,4,5,364,364,0,100.0000
SQLi,customapp,customapp,filter,Python/SQLite,anthropic/claude-opus-4.7,model_shift,0.5,CG-Adaptive,4,5,5,364,364,0,100.0000
SQLi,customapp,customapp,filter,Python/SQLite,anthropic/claude-opus-4.7,model_shift,0.5,CG-Adaptive,4,6,5,364,364,0,100.0000
SQLi,customapp,customapp,filter,Python/SQLite,anthropic/claude-opus-4.7,model_shift,0.5,CG-Adaptive,4,7,9,364,364,0,100.0000
SQLi,customapp,customapp,filter,Python/SQLite,anthropic/claude-opus-4.7,model_shift,0.5,CG-Adaptive,4,8,6,364,364,0,100.0000
SQLi,customapp,customapp,filter,Python/SQLite,anthropic/claude-opus-4.7,model_shift,0.5,CG-Adaptive,4,9,4,364,364,0,100.0000
SQLi,customapp,customapp,filter,Python/SQLite,anthropic/claude-opus-4.7,model_shift,0.5,CG-Adaptive,4,10,9,364,364,0,100.0000
SQLi,customapp,customapp,filter,Python/SQLite,anthropic/claude-opus-4.7,model_shift,0.5,CG-Adaptive,5,1,7,388,388,0,100.0000
SQLi,customapp,customapp,filter,Python/SQLite,anthropic/claude-opus-4.7,model_shift,0.5,CG-Adaptive,5,2,5,388,388,0,100.0000
SQLi,customapp,customapp,filter,Python/SQLite,anthropic/claude-opus-4.7,model_shift,0.5,CG-Adaptive,5,3,4,388,388,0,100.0000
SQLi,customapp,customapp,filter,Python/SQLite,anthropic/claude-opus-4.7,model_shift,0.5,CG-Adaptive,5,4,5,388,388,0,100.0000
SQLi,customapp,customapp,filter,Python/SQLite,anthropic/claude-opus-4.7,model_shift,0.5,CG-Adaptive,5,5,5,388,388,0,100.0000
SQLi,customapp,customapp,filter,Python/SQLite,anthropic/claude-opus-4.7,model_shift,0.5,CG-Adaptive,5,6,5,388,388,0,100.0000
SQLi,customapp,customapp,filter,Python/SQLite,anthropic/claude-opus-4.7,model_shift,0.5,CG-Adaptive,5,7,9,388,388,0,100.0000
SQLi,customapp,customapp,filter,Python/SQLite,anthropic/claude-opus-4.7,model_shift,0.5,CG-Adaptive,5,8,6,388,388,0,100.0000
SQLi,customapp,customapp,filter,Python/SQLite,anthropic/claude-opus-4.7,model_shift,0.5,CG-Adaptive,5,9,4,388,388,0,100.0000
SQLi,customapp,customapp,filter,Python/SQLite,anthropic/claude-opus-4.7,model_shift,0.5,CG-Adaptive,5,10,9,388,388,0,100.0000
SQLi,customapp,customapp,filter,Python/SQLite,anthropic/claude-opus-4.7,model_shift,0.5,CG-Static,1,1,5,402,402,0,100.0000
SQLi,customapp,customapp,filter,Python/SQLite,anthropic/claude-opus-4.7,model_shift,0.5,CG-Static,1,2,4,402,402,0,100.0000
SQLi,customapp,customapp,filter,Python/SQLite,anthropic/claude-opus-4.7,model_shift,0.5,CG-Static,1,3,4,402,402,0,100.0000
SQLi,customapp,customapp,filter,Python/SQLite,anthropic/claude-opus-4.7,model_shift,0.5,CG-Static,1,4,5,402,402,0,100.0000
SQLi,customapp,customapp,filter,Python/SQLite,anthropic/claude-opus-4.7,model_shift,0.5,CG-Static,1,5,6,402,402,0,100.0000
SQLi,customapp,customapp,filter,Python/SQLite,anthropic/claude-opus-4.7,model_shift,0.5,CG-Static,1,6,4,402,402,0,100.0000
SQLi,customapp,customapp,filter,Python/SQLite,anthropic/claude-opus-4.7,model_shift,0.5,CG-Static,1,7,6,402,402,0,100.0000
SQLi,customapp,customapp,filter,Python/SQLite,anthropic/claude-opus-4.7,model_shift,0.5,CG-Static,1,8,7,402,402,0,100.0000
SQLi,customapp,customapp,filter,Python/SQLite,anthropic/claude-opus-4.7,model_shift,0.5,CG-Static,1,9,5,402,402,0,100.0000
SQLi,customapp,customapp,filter,Python/SQLite,anthropic/claude-opus-4.7,model_shift,0.5,CG-Static,1,10,4,402,402,0,100.0000
SQLi,customapp,customapp,filter,Python/SQLite,anthropic/claude-opus-4.7,model_shift,0.5,CG-Static,2,1,5,410,410,0,100.0000
SQLi,customapp,customapp,filter,Python/SQLite,anthropic/claude-opus-4.7,model_shift,0.5,CG-Static,2,2,4,410,410,0,100.0000
SQLi,customapp,customapp,filter,Python/SQLite,anthropic/claude-opus-4.7,model_shift,0.5,CG-Static,2,3,4,410,410,0,100.0000
SQLi,customapp,customapp,filter,Python/SQLite,anthropic/claude-opus-4.7,model_shift,0.5,CG-Static,2,4,5,410,410,0,100.0000
SQLi,customapp,customapp,filter,Python/SQLite,anthropic/claude-opus-4.7,model_shift,0.5,CG-Static,2,5,6,410,410,0,100.0000
SQLi,customapp,customapp,filter,Python/SQLite,anthropic/claude-opus-4.7,model_shift,0.5,CG-Static,2,6,4,410,410,0,100.0000
SQLi,customapp,customapp,filter,Python/SQLite,anthropic/claude-opus-4.7,model_shift,0.5,CG-Static,2,7,6,410,410,0,100.0000
SQLi,customapp,customapp,filter,Python/SQLite,anthropic/claude-opus-4.7,model_shift,0.5,CG-Static,2,8,7,410,410,0,100.0000
SQLi,customapp,customapp,filter,Python/SQLite,anthropic/claude-opus-4.7,model_shift,0.5,CG-Static,2,9,5,410,410,0,100.0000
SQLi,customapp,customapp,filter,Python/SQLite,anthropic/claude-opus-4.7,model_shift,0.5,CG-Static,2,10,4,410,410,0,100.0000
SQLi,customapp,customapp,filter,Python/SQLite,anthropic/claude-opus-4.7,model_shift,0.5,CG-Static,3,1,5,368,368,0,100.0000
SQLi,customapp,customapp,filter,Python/SQLite,anthropic/claude-opus-4.7,model_shift,0.5,CG-Static,3,2,4,368,368,0,100.0000
SQLi,customapp,customapp,filter,Python/SQLite,anthropic/claude-opus-4.7,model_shift,0.5,CG-Static,3,3,4,368,368,0,100.0000
SQLi,customapp,customapp,filter,Python/SQLite,anthropic/claude-opus-4.7,model_shift,0.5,CG-Static,3,4,5,368,368,0,100.0000
SQLi,customapp,customapp,filter,Python/SQLite,anthropic/claude-opus-4.7,model_shift,0.5,CG-Static,3,5,6,368,368,0,100.0000
SQLi,customapp,customapp,filter,Python/SQLite,anthropic/claude-opus-4.7,model_shift,0.5,CG-Static,3,6,4,368,368,0,100.0000
SQLi,customapp,customapp,filter,Python/SQLite,anthropic/claude-opus-4.7,model_shift,0.5,CG-Static,3,7,6,368,368,0,100.0000
SQLi,customapp,customapp,filter,Python/SQLite,anthropic/claude-opus-4.7,model_shift,0.5,CG-Static,3,8,7,368,368,0,100.0000
SQLi,customapp,customapp,filter,Python/SQLite,anthropic/claude-opus-4.7,model_shift,0.5,CG-Static,3,9,5,368,368,0,100.0000
SQLi,customapp,customapp,filter,Python/SQLite,anthropic/claude-opus-4.7,model_shift,0.5,CG-Static,3,10,4,368,368,0,100.0000
SQLi,customapp,customapp,filter,Python/SQLite,anthropic/claude-opus-4.7,model_shift,0.5,CG-Static,4,1,5,364,364,0,100.0000
SQLi,customapp,customapp,filter,Python/SQLite,anthropic/claude-opus-4.7,model_shift,0.5,CG-Static,4,2,4,364,364,0,100.0000
SQLi,customapp,customapp,filter,Python/SQLite,anthropic/claude-opus-4.7,model_shift,0.5,CG-Static,4,3,4,364,364,0,100.0000
SQLi,customapp,customapp,filter,Python/SQLite,anthropic/claude-opus-4.7,model_shift,0.5,CG-Static,4,4,5,364,364,0,100.0000
SQLi,customapp,customapp,filter,Python/SQLite,anthropic/claude-opus-4.7,model_shift,0.5,CG-Static,4,5,6,364,364,0,100.0000
SQLi,customapp,customapp,filter,Python/SQLite,anthropic/claude-opus-4.7,model_shift,0.5,CG-Static,4,6,4,364,364,0,100.0000
SQLi,customapp,customapp,filter,Python/SQLite,anthropic/claude-opus-4.7,model_shift,0.5,CG-Static,4,7,6,364,364,0,100.0000
SQLi,customapp,customapp,filter,Python/SQLite,anthropic/claude-opus-4.7,model_shift,0.5,CG-Static,4,8,7,364,364,0,100.0000
SQLi,customapp,customapp,filter,Python/SQLite,anthropic/claude-opus-4.7,model_shift,0.5,CG-Static,4,9,5,364,364,0,100.0000
SQLi,customapp,customapp,filter,Python/SQLite,anthropic/claude-opus-4.7,model_shift,0.5,CG-Static,4,10,4,364,364,0,100.0000
SQLi,customapp,customapp,filter,Python/SQLite,anthropic/claude-opus-4.7,model_shift,0.5,CG-Static,5,1,5,388,388,0,100.0000
SQLi,customapp,customapp,filter,Python/SQLite,anthropic/claude-opus-4.7,model_shift,0.5,CG-Static,5,2,4,388,388,0,100.0000
SQLi,customapp,customapp,filter,Python/SQLite,anthropic/claude-opus-4.7,model_shift,0.5,CG-Static,5,3,4,388,388,0,100.0000
SQLi,customapp,customapp,filter,Python/SQLite,anthropic/claude-opus-4.7,model_shift,0.5,CG-Static,5,4,5,388,388,0,100.0000
SQLi,customapp,customapp,filter,Python/SQLite,anthropic/claude-opus-4.7,model_shift,0.5,CG-Static,5,5,6,388,388,0,100.0000
SQLi,customapp,customapp,filter,Python/SQLite,anthropic/claude-opus-4.7,model_shift,0.5,CG-Static,5,6,4,388,388,0,100.0000
SQLi,customapp,customapp,filter,Python/SQLite,anthropic/claude-opus-4.7,model_shift,0.5,CG-Static,5,7,6,388,388,0,100.0000
SQLi,customapp,customapp,filter,Python/SQLite,anthropic/claude-opus-4.7,model_shift,0.5,CG-Static,5,8,7,388,388,0,100.0000
SQLi,customapp,customapp,filter,Python/SQLite,anthropic/claude-opus-4.7,model_shift,0.5,CG-Static,5,9,5,388,388,0,100.0000
SQLi,customapp,customapp,filter,Python/SQLite,anthropic/claude-opus-4.7,model_shift,0.5,CG-Static,5,10,4,388,388,0,100.0000
SQLi,customapp,customapp,filter,Python/SQLite,anthropic/claude-opus-4.7,model_shift,0.5,CRS-only,1,0,0,402,0,402,0.0000
SQLi,customapp,customapp,filter,Python/SQLite,anthropic/claude-opus-4.7,model_shift,0.5,CRS-only,2,0,0,410,0,410,0.0000
SQLi,customapp,customapp,filter,Python/SQLite,anthropic/claude-opus-4.7,model_shift,0.5,CRS-only,3,0,0,368,0,368,0.0000
SQLi,customapp,customapp,filter,Python/SQLite,anthropic/claude-opus-4.7,model_shift,0.5,CRS-only,4,0,0,364,0,364,0.0000
SQLi,customapp,customapp,filter,Python/SQLite,anthropic/claude-opus-4.7,model_shift,0.5,CRS-only,5,0,0,388,0,388,0.0000
SQLi,customapp,customapp,login,Python/SQLite,anthropic/claude-opus-4.7,model_shift,0.1,CG-Adaptive,1,1,4,338,338,0,100.0000
SQLi,customapp,customapp,login,Python/SQLite,anthropic/claude-opus-4.7,model_shift,0.1,CG-Adaptive,1,2,5,338,338,0,100.0000
SQLi,customapp,customapp,login,Python/SQLite,anthropic/claude-opus-4.7,model_shift,0.1,CG-Adaptive,1,3,5,338,338,0,100.0000
SQLi,customapp,customapp,login,Python/SQLite,anthropic/claude-opus-4.7,model_shift,0.1,CG-Adaptive,1,4,7,338,338,0,100.0000
SQLi,customapp,customapp,login,Python/SQLite,anthropic/claude-opus-4.7,model_shift,0.1,CG-Adaptive,1,5,5,338,338,0,100.0000
SQLi,customapp,customapp,login,Python/SQLite,anthropic/claude-opus-4.7,model_shift,0.1,CG-Adaptive,1,6,7,338,338,0,100.0000
SQLi,customapp,customapp,login,Python/SQLite,anthropic/claude-opus-4.7,model_shift,0.1,CG-Adaptive,1,7,5,338,338,0,100.0000
SQLi,customapp,customapp,login,Python/SQLite,anthropic/claude-opus-4.7,model_shift,0.1,CG-Adaptive,1,8,5,338,338,0,100.0000
SQLi,customapp,customapp,login,Python/SQLite,anthropic/claude-opus-4.7,model_shift,0.1,CG-Adaptive,1,9,7,338,338,0,100.0000
SQLi,customapp,customapp,login,Python/SQLite,anthropic/claude-opus-4.7,model_shift,0.1,CG-Adaptive,1,10,10,338,338,0,100.0000
SQLi,customapp,customapp,login,Python/SQLite,anthropic/claude-opus-4.7,model_shift,0.1,CG-Adaptive,2,1,4,444,444,0,100.0000
SQLi,customapp,customapp,login,Python/SQLite,anthropic/claude-opus-4.7,model_shift,0.1,CG-Adaptive,2,2,5,444,444,0,100.0000
SQLi,customapp,customapp,login,Python/SQLite,anthropic/claude-opus-4.7,model_shift,0.1,CG-Adaptive,2,3,5,444,444,0,100.0000
SQLi,customapp,customapp,login,Python/SQLite,anthropic/claude-opus-4.7,model_shift,0.1,CG-Adaptive,2,4,7,444,444,0,100.0000
SQLi,customapp,customapp,login,Python/SQLite,anthropic/claude-opus-4.7,model_shift,0.1,CG-Adaptive,2,5,5,444,444,0,100.0000
SQLi,customapp,customapp,login,Python/SQLite,anthropic/claude-opus-4.7,model_shift,0.1,CG-Adaptive,2,6,7,444,444,0,100.0000
SQLi,customapp,customapp,login,Python/SQLite,anthropic/claude-opus-4.7,model_shift,0.1,CG-Adaptive,2,7,5,444,444,0,100.0000
SQLi,customapp,customapp,login,Python/SQLite,anthropic/claude-opus-4.7,model_shift,0.1,CG-Adaptive,2,8,5,444,444,0,100.0000
SQLi,customapp,customapp,login,Python/SQLite,anthropic/claude-opus-4.7,model_shift,0.1,CG-Adaptive,2,9,7,444,444,0,100.0000
SQLi,customapp,customapp,login,Python/SQLite,anthropic/claude-opus-4.7,model_shift,0.1,CG-Adaptive,2,10,10,444,444,0,100.0000
SQLi,customapp,customapp,login,Python/SQLite,anthropic/claude-opus-4.7,model_shift,0.1,CG-Adaptive,3,1,4,451,451,0,100.0000
SQLi,customapp,customapp,login,Python/SQLite,anthropic/claude-opus-4.7,model_shift,0.1,CG-Adaptive,3,2,5,451,451,0,100.0000
SQLi,customapp,customapp,login,Python/SQLite,anthropic/claude-opus-4.7,model_shift,0.1,CG-Adaptive,3,3,5,451,451,0,100.0000
SQLi,customapp,customapp,login,Python/SQLite,anthropic/claude-opus-4.7,model_shift,0.1,CG-Adaptive,3,4,7,451,451,0,100.0000
SQLi,customapp,customapp,login,Python/SQLite,anthropic/claude-opus-4.7,model_shift,0.1,CG-Adaptive,3,5,5,451,451,0,100.0000
SQLi,customapp,customapp,login,Python/SQLite,anthropic/claude-opus-4.7,model_shift,0.1,CG-Adaptive,3,6,7,451,451,0,100.0000
SQLi,customapp,customapp,login,Python/SQLite,anthropic/claude-opus-4.7,model_shift,0.1,CG-Adaptive,3,7,5,451,451,0,100.0000
SQLi,customapp,customapp,login,Python/SQLite,anthropic/claude-opus-4.7,model_shift,0.1,CG-Adaptive,3,8,5,451,451,0,100.0000
SQLi,customapp,customapp,login,Python/SQLite,anthropic/claude-opus-4.7,model_shift,0.1,CG-Adaptive,3,9,7,451,451,0,100.0000
SQLi,customapp,customapp,login,Python/SQLite,anthropic/claude-opus-4.7,model_shift,0.1,CG-Adaptive,3,10,10,451,451,0,100.0000
SQLi,customapp,customapp,login,Python/SQLite,anthropic/claude-opus-4.7,model_shift,0.1,CG-Adaptive,4,1,4,417,417,0,100.0000
SQLi,customapp,customapp,login,Python/SQLite,anthropic/claude-opus-4.7,model_shift,0.1,CG-Adaptive,4,2,5,417,417,0,100.0000
SQLi,customapp,customapp,login,Python/SQLite,anthropic/claude-opus-4.7,model_shift,0.1,CG-Adaptive,4,3,5,417,417,0,100.0000
SQLi,customapp,customapp,login,Python/SQLite,anthropic/claude-opus-4.7,model_shift,0.1,CG-Adaptive,4,4,7,417,417,0,100.0000
SQLi,customapp,customapp,login,Python/SQLite,anthropic/claude-opus-4.7,model_shift,0.1,CG-Adaptive,4,5,5,417,417,0,100.0000
SQLi,customapp,customapp,login,Python/SQLite,anthropic/claude-opus-4.7,model_shift,0.1,CG-Adaptive,4,6,7,417,417,0,100.0000
SQLi,customapp,customapp,login,Python/SQLite,anthropic/claude-opus-4.7,model_shift,0.1,CG-Adaptive,4,7,5,417,417,0,100.0000
SQLi,customapp,customapp,login,Python/SQLite,anthropic/claude-opus-4.7,model_shift,0.1,CG-Adaptive,4,8,5,417,417,0,100.0000
SQLi,customapp,customapp,login,Python/SQLite,anthropic/claude-opus-4.7,model_shift,0.1,CG-Adaptive,4,9,7,417,417,0,100.0000
SQLi,customapp,customapp,login,Python/SQLite,anthropic/claude-opus-4.7,model_shift,0.1,CG-Adaptive,4,10,10,417,417,0,100.0000
SQLi,customapp,customapp,login,Python/SQLite,anthropic/claude-opus-4.7,model_shift,0.1,CG-Adaptive,5,1,4,449,449,0,100.0000
SQLi,customapp,customapp,login,Python/SQLite,anthropic/claude-opus-4.7,model_shift,0.1,CG-Adaptive,5,2,5,449,449,0,100.0000
SQLi,customapp,customapp,login,Python/SQLite,anthropic/claude-opus-4.7,model_shift,0.1,CG-Adaptive,5,3,5,449,449,0,100.0000
SQLi,customapp,customapp,login,Python/SQLite,anthropic/claude-opus-4.7,model_shift,0.1,CG-Adaptive,5,4,7,449,449,0,100.0000
SQLi,customapp,customapp,login,Python/SQLite,anthropic/claude-opus-4.7,model_shift,0.1,CG-Adaptive,5,5,5,449,449,0,100.0000
SQLi,customapp,customapp,login,Python/SQLite,anthropic/claude-opus-4.7,model_shift,0.1,CG-Adaptive,5,6,7,449,449,0,100.0000
SQLi,customapp,customapp,login,Python/SQLite,anthropic/claude-opus-4.7,model_shift,0.1,CG-Adaptive,5,7,5,449,449,0,100.0000
SQLi,customapp,customapp,login,Python/SQLite,anthropic/claude-opus-4.7,model_shift,0.1,CG-Adaptive,5,8,5,449,449,0,100.0000
SQLi,customapp,customapp,login,Python/SQLite,anthropic/claude-opus-4.7,model_shift,0.1,CG-Adaptive,5,9,7,449,449,0,100.0000
SQLi,customapp,customapp,login,Python/SQLite,anthropic/claude-opus-4.7,model_shift,0.1,CG-Adaptive,5,10,10,449,449,0,100.0000
SQLi,customapp,customapp,login,Python/SQLite,anthropic/claude-opus-4.7,model_shift,0.1,CG-Static,1,1,5,338,338,0,100.0000
SQLi,customapp,customapp,login,Python/SQLite,anthropic/claude-opus-4.7,model_shift,0.1,CG-Static,1,2,4,338,338,0,100.0000
SQLi,customapp,customapp,login,Python/SQLite,anthropic/claude-opus-4.7,model_shift,0.1,CG-Static,1,3,4,338,338,0,100.0000
SQLi,customapp,customapp,login,Python/SQLite,anthropic/claude-opus-4.7,model_shift,0.1,CG-Static,1,4,5,338,338,0,100.0000
SQLi,customapp,customapp,login,Python/SQLite,anthropic/claude-opus-4.7,model_shift,0.1,CG-Static,1,5,4,338,338,0,100.0000
SQLi,customapp,customapp,login,Python/SQLite,anthropic/claude-opus-4.7,model_shift,0.1,CG-Static,1,6,6,338,338,0,100.0000
SQLi,customapp,customapp,login,Python/SQLite,anthropic/claude-opus-4.7,model_shift,0.1,CG-Static,1,7,4,338,338,0,100.0000
SQLi,customapp,customapp,login,Python/SQLite,anthropic/claude-opus-4.7,model_shift,0.1,CG-Static,1,8,4,338,338,0,100.0000
SQLi,customapp,customapp,login,Python/SQLite,anthropic/claude-opus-4.7,model_shift,0.1,CG-Static,1,9,4,338,338,0,100.0000
SQLi,customapp,customapp,login,Python/SQLite,anthropic/claude-opus-4.7,model_shift,0.1,CG-Static,1,10,5,338,338,0,100.0000
SQLi,customapp,customapp,login,Python/SQLite,anthropic/claude-opus-4.7,model_shift,0.1,CG-Static,2,1,5,444,444,0,100.0000
SQLi,customapp,customapp,login,Python/SQLite,anthropic/claude-opus-4.7,model_shift,0.1,CG-Static,2,2,4,444,444,0,100.0000
SQLi,customapp,customapp,login,Python/SQLite,anthropic/claude-opus-4.7,model_shift,0.1,CG-Static,2,3,4,444,444,0,100.0000
SQLi,customapp,customapp,login,Python/SQLite,anthropic/claude-opus-4.7,model_shift,0.1,CG-Static,2,4,5,444,444,0,100.0000
SQLi,customapp,customapp,login,Python/SQLite,anthropic/claude-opus-4.7,model_shift,0.1,CG-Static,2,5,4,444,444,0,100.0000
SQLi,customapp,customapp,login,Python/SQLite,anthropic/claude-opus-4.7,model_shift,0.1,CG-Static,2,6,6,444,444,0,100.0000
SQLi,customapp,customapp,login,Python/SQLite,anthropic/claude-opus-4.7,model_shift,0.1,CG-Static,2,7,4,444,444,0,100.0000
SQLi,customapp,customapp,login,Python/SQLite,anthropic/claude-opus-4.7,model_shift,0.1,CG-Static,2,8,4,444,444,0,100.0000
SQLi,customapp,customapp,login,Python/SQLite,anthropic/claude-opus-4.7,model_shift,0.1,CG-Static,2,9,4,444,444,0,100.0000
SQLi,customapp,customapp,login,Python/SQLite,anthropic/claude-opus-4.7,model_shift,0.1,CG-Static,2,10,5,444,444,0,100.0000
SQLi,customapp,customapp,login,Python/SQLite,anthropic/claude-opus-4.7,model_shift,0.1,CG-Static,3,1,5,451,451,0,100.0000
SQLi,customapp,customapp,login,Python/SQLite,anthropic/claude-opus-4.7,model_shift,0.1,CG-Static,3,2,4,451,451,0,100.0000
SQLi,customapp,customapp,login,Python/SQLite,anthropic/claude-opus-4.7,model_shift,0.1,CG-Static,3,3,4,451,451,0,100.0000
SQLi,customapp,customapp,login,Python/SQLite,anthropic/claude-opus-4.7,model_shift,0.1,CG-Static,3,4,5,451,451,0,100.0000
SQLi,customapp,customapp,login,Python/SQLite,anthropic/claude-opus-4.7,model_shift,0.1,CG-Static,3,5,4,451,451,0,100.0000
SQLi,customapp,customapp,login,Python/SQLite,anthropic/claude-opus-4.7,model_shift,0.1,CG-Static,3,6,6,451,451,0,100.0000
SQLi,customapp,customapp,login,Python/SQLite,anthropic/claude-opus-4.7,model_shift,0.1,CG-Static,3,7,4,451,451,0,100.0000
SQLi,customapp,customapp,login,Python/SQLite,anthropic/claude-opus-4.7,model_shift,0.1,CG-Static,3,8,4,451,451,0,100.0000
SQLi,customapp,customapp,login,Python/SQLite,anthropic/claude-opus-4.7,model_shift,0.1,CG-Static,3,9,4,451,451,0,100.0000
SQLi,customapp,customapp,login,Python/SQLite,anthropic/claude-opus-4.7,model_shift,0.1,CG-Static,3,10,5,451,451,0,100.0000
SQLi,customapp,customapp,login,Python/SQLite,anthropic/claude-opus-4.7,model_shift,0.1,CG-Static,4,1,5,417,417,0,100.0000
SQLi,customapp,customapp,login,Python/SQLite,anthropic/claude-opus-4.7,model_shift,0.1,CG-Static,4,2,4,417,417,0,100.0000
SQLi,customapp,customapp,login,Python/SQLite,anthropic/claude-opus-4.7,model_shift,0.1,CG-Static,4,3,4,417,417,0,100.0000
SQLi,customapp,customapp,login,Python/SQLite,anthropic/claude-opus-4.7,model_shift,0.1,CG-Static,4,4,5,417,417,0,100.0000
SQLi,customapp,customapp,login,Python/SQLite,anthropic/claude-opus-4.7,model_shift,0.1,CG-Static,4,5,4,417,417,0,100.0000
SQLi,customapp,customapp,login,Python/SQLite,anthropic/claude-opus-4.7,model_shift,0.1,CG-Static,4,6,6,417,417,0,100.0000
SQLi,customapp,customapp,login,Python/SQLite,anthropic/claude-opus-4.7,model_shift,0.1,CG-Static,4,7,4,417,417,0,100.0000
SQLi,customapp,customapp,login,Python/SQLite,anthropic/claude-opus-4.7,model_shift,0.1,CG-Static,4,8,4,417,417,0,100.0000
SQLi,customapp,customapp,login,Python/SQLite,anthropic/claude-opus-4.7,model_shift,0.1,CG-Static,4,9,4,417,417,0,100.0000
SQLi,customapp,customapp,login,Python/SQLite,anthropic/claude-opus-4.7,model_shift,0.1,CG-Static,4,10,5,417,417,0,100.0000
SQLi,customapp,customapp,login,Python/SQLite,anthropic/claude-opus-4.7,model_shift,0.1,CG-Static,5,1,5,449,449,0,100.0000
SQLi,customapp,customapp,login,Python/SQLite,anthropic/claude-opus-4.7,model_shift,0.1,CG-Static,5,2,4,449,449,0,100.0000
SQLi,customapp,customapp,login,Python/SQLite,anthropic/claude-opus-4.7,model_shift,0.1,CG-Static,5,3,4,449,449,0,100.0000
SQLi,customapp,customapp,login,Python/SQLite,anthropic/claude-opus-4.7,model_shift,0.1,CG-Static,5,4,5,449,449,0,100.0000
SQLi,customapp,customapp,login,Python/SQLite,anthropic/claude-opus-4.7,model_shift,0.1,CG-Static,5,5,4,449,449,0,100.0000
SQLi,customapp,customapp,login,Python/SQLite,anthropic/claude-opus-4.7,model_shift,0.1,CG-Static,5,6,6,449,449,0,100.0000
SQLi,customapp,customapp,login,Python/SQLite,anthropic/claude-opus-4.7,model_shift,0.1,CG-Static,5,7,4,449,449,0,100.0000
SQLi,customapp,customapp,login,Python/SQLite,anthropic/claude-opus-4.7,model_shift,0.1,CG-Static,5,8,4,449,449,0,100.0000
SQLi,customapp,customapp,login,Python/SQLite,anthropic/claude-opus-4.7,model_shift,0.1,CG-Static,5,9,4,449,449,0,100.0000
SQLi,customapp,customapp,login,Python/SQLite,anthropic/claude-opus-4.7,model_shift,0.1,CG-Static,5,10,5,449,449,0,100.0000
SQLi,customapp,customapp,login,Python/SQLite,anthropic/claude-opus-4.7,model_shift,0.1,CRS-only,1,0,0,338,0,338,0.0000
SQLi,customapp,customapp,login,Python/SQLite,anthropic/claude-opus-4.7,model_shift,0.1,CRS-only,2,0,0,444,0,444,0.0000
SQLi,customapp,customapp,login,Python/SQLite,anthropic/claude-opus-4.7,model_shift,0.1,CRS-only,3,0,0,451,0,451,0.0000
SQLi,customapp,customapp,login,Python/SQLite,anthropic/claude-opus-4.7,model_shift,0.1,CRS-only,4,0,0,417,0,417,0.0000
SQLi,customapp,customapp,login,Python/SQLite,anthropic/claude-opus-4.7,model_shift,0.1,CRS-only,5,0,0,449,0,449,0.0000
SQLi,customapp,customapp,login,Python/SQLite,anthropic/claude-opus-4.7,model_shift,0.2,CG-Adaptive,1,1,5,338,338,0,100.0000
SQLi,customapp,customapp,login,Python/SQLite,anthropic/claude-opus-4.7,model_shift,0.2,CG-Adaptive,1,2,5,338,338,0,100.0000
SQLi,customapp,customapp,login,Python/SQLite,anthropic/claude-opus-4.7,model_shift,0.2,CG-Adaptive,1,3,5,338,338,0,100.0000
SQLi,customapp,customapp,login,Python/SQLite,anthropic/claude-opus-4.7,model_shift,0.2,CG-Adaptive,1,4,5,338,338,0,100.0000
SQLi,customapp,customapp,login,Python/SQLite,anthropic/claude-opus-4.7,model_shift,0.2,CG-Adaptive,1,5,4,338,338,0,100.0000
SQLi,customapp,customapp,login,Python/SQLite,anthropic/claude-opus-4.7,model_shift,0.2,CG-Adaptive,1,6,5,338,338,0,100.0000
SQLi,customapp,customapp,login,Python/SQLite,anthropic/claude-opus-4.7,model_shift,0.2,CG-Adaptive,1,7,6,338,338,0,100.0000
SQLi,customapp,customapp,login,Python/SQLite,anthropic/claude-opus-4.7,model_shift,0.2,CG-Adaptive,1,8,5,338,338,0,100.0000
SQLi,customapp,customapp,login,Python/SQLite,anthropic/claude-opus-4.7,model_shift,0.2,CG-Adaptive,1,9,5,338,338,0,100.0000
SQLi,customapp,customapp,login,Python/SQLite,anthropic/claude-opus-4.7,model_shift,0.2,CG-Adaptive,1,10,4,338,338,0,100.0000
SQLi,customapp,customapp,login,Python/SQLite,anthropic/claude-opus-4.7,model_shift,0.2,CG-Adaptive,2,1,5,444,444,0,100.0000
SQLi,customapp,customapp,login,Python/SQLite,anthropic/claude-opus-4.7,model_shift,0.2,CG-Adaptive,2,2,5,444,444,0,100.0000
SQLi,customapp,customapp,login,Python/SQLite,anthropic/claude-opus-4.7,model_shift,0.2,CG-Adaptive,2,3,5,444,444,0,100.0000
SQLi,customapp,customapp,login,Python/SQLite,anthropic/claude-opus-4.7,model_shift,0.2,CG-Adaptive,2,4,5,444,444,0,100.0000
SQLi,customapp,customapp,login,Python/SQLite,anthropic/claude-opus-4.7,model_shift,0.2,CG-Adaptive,2,5,4,444,444,0,100.0000
SQLi,customapp,customapp,login,Python/SQLite,anthropic/claude-opus-4.7,model_shift,0.2,CG-Adaptive,2,6,5,444,444,0,100.0000
SQLi,customapp,customapp,login,Python/SQLite,anthropic/claude-opus-4.7,model_shift,0.2,CG-Adaptive,2,7,6,444,444,0,100.0000
SQLi,customapp,customapp,login,Python/SQLite,anthropic/claude-opus-4.7,model_shift,0.2,CG-Adaptive,2,8,5,444,444,0,100.0000
SQLi,customapp,customapp,login,Python/SQLite,anthropic/claude-opus-4.7,model_shift,0.2,CG-Adaptive,2,9,5,444,444,0,100.0000
SQLi,customapp,customapp,login,Python/SQLite,anthropic/claude-opus-4.7,model_shift,0.2,CG-Adaptive,2,10,4,444,444,0,100.0000
SQLi,customapp,customapp,login,Python/SQLite,anthropic/claude-opus-4.7,model_shift,0.2,CG-Adaptive,3,1,5,451,451,0,100.0000
SQLi,customapp,customapp,login,Python/SQLite,anthropic/claude-opus-4.7,model_shift,0.2,CG-Adaptive,3,2,5,451,451,0,100.0000
SQLi,customapp,customapp,login,Python/SQLite,anthropic/claude-opus-4.7,model_shift,0.2,CG-Adaptive,3,3,5,451,451,0,100.0000
SQLi,customapp,customapp,login,Python/SQLite,anthropic/claude-opus-4.7,model_shift,0.2,CG-Adaptive,3,4,5,451,451,0,100.0000
SQLi,customapp,customapp,login,Python/SQLite,anthropic/claude-opus-4.7,model_shift,0.2,CG-Adaptive,3,5,4,451,451,0,100.0000
SQLi,customapp,customapp,login,Python/SQLite,anthropic/claude-opus-4.7,model_shift,0.2,CG-Adaptive,3,6,5,451,451,0,100.0000
SQLi,customapp,customapp,login,Python/SQLite,anthropic/claude-opus-4.7,model_shift,0.2,CG-Adaptive,3,7,6,451,451,0,100.0000
SQLi,customapp,customapp,login,Python/SQLite,anthropic/claude-opus-4.7,model_shift,0.2,CG-Adaptive,3,8,5,451,451,0,100.0000
SQLi,customapp,customapp,login,Python/SQLite,anthropic/claude-opus-4.7,model_shift,0.2,CG-Adaptive,3,9,5,451,451,0,100.0000
SQLi,customapp,customapp,login,Python/SQLite,anthropic/claude-opus-4.7,model_shift,0.2,CG-Adaptive,3,10,4,451,451,0,100.0000
SQLi,customapp,customapp,login,Python/SQLite,anthropic/claude-opus-4.7,model_shift,0.2,CG-Adaptive,4,1,5,417,417,0,100.0000
SQLi,customapp,customapp,login,Python/SQLite,anthropic/claude-opus-4.7,model_shift,0.2,CG-Adaptive,4,2,5,417,417,0,100.0000
SQLi,customapp,customapp,login,Python/SQLite,anthropic/claude-opus-4.7,model_shift,0.2,CG-Adaptive,4,3,5,417,417,0,100.0000
SQLi,customapp,customapp,login,Python/SQLite,anthropic/claude-opus-4.7,model_shift,0.2,CG-Adaptive,4,4,5,417,417,0,100.0000
SQLi,customapp,customapp,login,Python/SQLite,anthropic/claude-opus-4.7,model_shift,0.2,CG-Adaptive,4,5,4,417,417,0,100.0000
SQLi,customapp,customapp,login,Python/SQLite,anthropic/claude-opus-4.7,model_shift,0.2,CG-Adaptive,4,6,5,417,417,0,100.0000
SQLi,customapp,customapp,login,Python/SQLite,anthropic/claude-opus-4.7,model_shift,0.2,CG-Adaptive,4,7,6,417,417,0,100.0000
SQLi,customapp,customapp,login,Python/SQLite,anthropic/claude-opus-4.7,model_shift,0.2,CG-Adaptive,4,8,5,417,417,0,100.0000
SQLi,customapp,customapp,login,Python/SQLite,anthropic/claude-opus-4.7,model_shift,0.2,CG-Adaptive,4,9,5,417,417,0,100.0000
SQLi,customapp,customapp,login,Python/SQLite,anthropic/claude-opus-4.7,model_shift,0.2,CG-Adaptive,4,10,4,417,417,0,100.0000
SQLi,customapp,customapp,login,Python/SQLite,anthropic/claude-opus-4.7,model_shift,0.2,CG-Adaptive,5,1,5,449,449,0,100.0000
SQLi,customapp,customapp,login,Python/SQLite,anthropic/claude-opus-4.7,model_shift,0.2,CG-Adaptive,5,2,5,449,449,0,100.0000
SQLi,customapp,customapp,login,Python/SQLite,anthropic/claude-opus-4.7,model_shift,0.2,CG-Adaptive,5,3,5,449,449,0,100.0000
SQLi,customapp,customapp,login,Python/SQLite,anthropic/claude-opus-4.7,model_shift,0.2,CG-Adaptive,5,4,5,449,449,0,100.0000
SQLi,customapp,customapp,login,Python/SQLite,anthropic/claude-opus-4.7,model_shift,0.2,CG-Adaptive,5,5,4,449,449,0,100.0000
SQLi,customapp,customapp,login,Python/SQLite,anthropic/claude-opus-4.7,model_shift,0.2,CG-Adaptive,5,6,5,449,449,0,100.0000
SQLi,customapp,customapp,login,Python/SQLite,anthropic/claude-opus-4.7,model_shift,0.2,CG-Adaptive,5,7,6,449,449,0,100.0000
SQLi,customapp,customapp,login,Python/SQLite,anthropic/claude-opus-4.7,model_shift,0.2,CG-Adaptive,5,8,5,449,449,0,100.0000
SQLi,customapp,customapp,login,Python/SQLite,anthropic/claude-opus-4.7,model_shift,0.2,CG-Adaptive,5,9,5,449,449,0,100.0000
SQLi,customapp,customapp,login,Python/SQLite,anthropic/claude-opus-4.7,model_shift,0.2,CG-Adaptive,5,10,4,449,449,0,100.0000
SQLi,customapp,customapp,login,Python/SQLite,anthropic/claude-opus-4.7,model_shift,0.2,CG-Static,1,1,5,338,338,0,100.0000
SQLi,customapp,customapp,login,Python/SQLite,anthropic/claude-opus-4.7,model_shift,0.2,CG-Static,1,2,4,338,338,0,100.0000
SQLi,customapp,customapp,login,Python/SQLite,anthropic/claude-opus-4.7,model_shift,0.2,CG-Static,1,3,4,338,338,0,100.0000
SQLi,customapp,customapp,login,Python/SQLite,anthropic/claude-opus-4.7,model_shift,0.2,CG-Static,1,4,5,338,338,0,100.0000
SQLi,customapp,customapp,login,Python/SQLite,anthropic/claude-opus-4.7,model_shift,0.2,CG-Static,1,5,5,338,338,0,100.0000
SQLi,customapp,customapp,login,Python/SQLite,anthropic/claude-opus-4.7,model_shift,0.2,CG-Static,1,6,4,338,338,0,100.0000
SQLi,customapp,customapp,login,Python/SQLite,anthropic/claude-opus-4.7,model_shift,0.2,CG-Static,1,7,4,338,338,0,100.0000
SQLi,customapp,customapp,login,Python/SQLite,anthropic/claude-opus-4.7,model_shift,0.2,CG-Static,1,8,4,338,338,0,100.0000
SQLi,customapp,customapp,login,Python/SQLite,anthropic/claude-opus-4.7,model_shift,0.2,CG-Static,1,9,4,338,338,0,100.0000
SQLi,customapp,customapp,login,Python/SQLite,anthropic/claude-opus-4.7,model_shift,0.2,CG-Static,1,10,5,338,338,0,100.0000
SQLi,customapp,customapp,login,Python/SQLite,anthropic/claude-opus-4.7,model_shift,0.2,CG-Static,2,1,5,444,444,0,100.0000
SQLi,customapp,customapp,login,Python/SQLite,anthropic/claude-opus-4.7,model_shift,0.2,CG-Static,2,2,4,444,444,0,100.0000
SQLi,customapp,customapp,login,Python/SQLite,anthropic/claude-opus-4.7,model_shift,0.2,CG-Static,2,3,4,444,444,0,100.0000
SQLi,customapp,customapp,login,Python/SQLite,anthropic/claude-opus-4.7,model_shift,0.2,CG-Static,2,4,5,444,444,0,100.0000
SQLi,customapp,customapp,login,Python/SQLite,anthropic/claude-opus-4.7,model_shift,0.2,CG-Static,2,5,5,444,444,0,100.0000
SQLi,customapp,customapp,login,Python/SQLite,anthropic/claude-opus-4.7,model_shift,0.2,CG-Static,2,6,4,444,444,0,100.0000
SQLi,customapp,customapp,login,Python/SQLite,anthropic/claude-opus-4.7,model_shift,0.2,CG-Static,2,7,4,444,444,0,100.0000
SQLi,customapp,customapp,login,Python/SQLite,anthropic/claude-opus-4.7,model_shift,0.2,CG-Static,2,8,4,444,444,0,100.0000
SQLi,customapp,customapp,login,Python/SQLite,anthropic/claude-opus-4.7,model_shift,0.2,CG-Static,2,9,4,444,444,0,100.0000
SQLi,customapp,customapp,login,Python/SQLite,anthropic/claude-opus-4.7,model_shift,0.2,CG-Static,2,10,5,444,444,0,100.0000
SQLi,customapp,customapp,login,Python/SQLite,anthropic/claude-opus-4.7,model_shift,0.2,CG-Static,3,1,5,451,451,0,100.0000
SQLi,customapp,customapp,login,Python/SQLite,anthropic/claude-opus-4.7,model_shift,0.2,CG-Static,3,2,4,451,451,0,100.0000
SQLi,customapp,customapp,login,Python/SQLite,anthropic/claude-opus-4.7,model_shift,0.2,CG-Static,3,3,4,451,451,0,100.0000
SQLi,customapp,customapp,login,Python/SQLite,anthropic/claude-opus-4.7,model_shift,0.2,CG-Static,3,4,5,451,451,0,100.0000
SQLi,customapp,customapp,login,Python/SQLite,anthropic/claude-opus-4.7,model_shift,0.2,CG-Static,3,5,5,451,451,0,100.0000
SQLi,customapp,customapp,login,Python/SQLite,anthropic/claude-opus-4.7,model_shift,0.2,CG-Static,3,6,4,451,451,0,100.0000
SQLi,customapp,customapp,login,Python/SQLite,anthropic/claude-opus-4.7,model_shift,0.2,CG-Static,3,7,4,451,451,0,100.0000
SQLi,customapp,customapp,login,Python/SQLite,anthropic/claude-opus-4.7,model_shift,0.2,CG-Static,3,8,4,451,451,0,100.0000
SQLi,customapp,customapp,login,Python/SQLite,anthropic/claude-opus-4.7,model_shift,0.2,CG-Static,3,9,4,451,451,0,100.0000
SQLi,customapp,customapp,login,Python/SQLite,anthropic/claude-opus-4.7,model_shift,0.2,CG-Static,3,10,5,451,451,0,100.0000
SQLi,customapp,customapp,login,Python/SQLite,anthropic/claude-opus-4.7,model_shift,0.2,CG-Static,4,1,5,417,417,0,100.0000
SQLi,customapp,customapp,login,Python/SQLite,anthropic/claude-opus-4.7,model_shift,0.2,CG-Static,4,2,4,417,417,0,100.0000
SQLi,customapp,customapp,login,Python/SQLite,anthropic/claude-opus-4.7,model_shift,0.2,CG-Static,4,3,4,417,417,0,100.0000
SQLi,customapp,customapp,login,Python/SQLite,anthropic/claude-opus-4.7,model_shift,0.2,CG-Static,4,4,5,417,417,0,100.0000
SQLi,customapp,customapp,login,Python/SQLite,anthropic/claude-opus-4.7,model_shift,0.2,CG-Static,4,5,5,417,417,0,100.0000
SQLi,customapp,customapp,login,Python/SQLite,anthropic/claude-opus-4.7,model_shift,0.2,CG-Static,4,6,4,417,417,0,100.0000
SQLi,customapp,customapp,login,Python/SQLite,anthropic/claude-opus-4.7,model_shift,0.2,CG-Static,4,7,4,417,417,0,100.0000
SQLi,customapp,customapp,login,Python/SQLite,anthropic/claude-opus-4.7,model_shift,0.2,CG-Static,4,8,4,417,417,0,100.0000
SQLi,customapp,customapp,login,Python/SQLite,anthropic/claude-opus-4.7,model_shift,0.2,CG-Static,4,9,4,417,417,0,100.0000
SQLi,customapp,customapp,login,Python/SQLite,anthropic/claude-opus-4.7,model_shift,0.2,CG-Static,4,10,5,417,417,0,100.0000
SQLi,customapp,customapp,login,Python/SQLite,anthropic/claude-opus-4.7,model_shift,0.2,CG-Static,5,1,5,449,449,0,100.0000
SQLi,customapp,customapp,login,Python/SQLite,anthropic/claude-opus-4.7,model_shift,0.2,CG-Static,5,2,4,449,449,0,100.0000
SQLi,customapp,customapp,login,Python/SQLite,anthropic/claude-opus-4.7,model_shift,0.2,CG-Static,5,3,4,449,449,0,100.0000
SQLi,customapp,customapp,login,Python/SQLite,anthropic/claude-opus-4.7,model_shift,0.2,CG-Static,5,4,5,449,449,0,100.0000
SQLi,customapp,customapp,login,Python/SQLite,anthropic/claude-opus-4.7,model_shift,0.2,CG-Static,5,5,5,449,449,0,100.0000
SQLi,customapp,customapp,login,Python/SQLite,anthropic/claude-opus-4.7,model_shift,0.2,CG-Static,5,6,4,449,449,0,100.0000
SQLi,customapp,customapp,login,Python/SQLite,anthropic/claude-opus-4.7,model_shift,0.2,CG-Static,5,7,4,449,449,0,100.0000
SQLi,customapp,customapp,login,Python/SQLite,anthropic/claude-opus-4.7,model_shift,0.2,CG-Static,5,8,4,449,449,0,100.0000
SQLi,customapp,customapp,login,Python/SQLite,anthropic/claude-opus-4.7,model_shift,0.2,CG-Static,5,9,4,449,449,0,100.0000
SQLi,customapp,customapp,login,Python/SQLite,anthropic/claude-opus-4.7,model_shift,0.2,CG-Static,5,10,5,449,449,0,100.0000
SQLi,customapp,customapp,login,Python/SQLite,anthropic/claude-opus-4.7,model_shift,0.2,CRS-only,1,0,0,338,0,338,0.0000
SQLi,customapp,customapp,login,Python/SQLite,anthropic/claude-opus-4.7,model_shift,0.2,CRS-only,2,0,0,444,0,444,0.0000
SQLi,customapp,customapp,login,Python/SQLite,anthropic/claude-opus-4.7,model_shift,0.2,CRS-only,3,0,0,451,0,451,0.0000
SQLi,customapp,customapp,login,Python/SQLite,anthropic/claude-opus-4.7,model_shift,0.2,CRS-only,4,0,0,417,0,417,0.0000
SQLi,customapp,customapp,login,Python/SQLite,anthropic/claude-opus-4.7,model_shift,0.2,CRS-only,5,0,0,449,0,449,0.0000
SQLi,customapp,customapp,login,Python/SQLite,anthropic/claude-opus-4.7,model_shift,0.3,CG-Adaptive,1,1,7,338,338,0,100.0000
SQLi,customapp,customapp,login,Python/SQLite,anthropic/claude-opus-4.7,model_shift,0.3,CG-Adaptive,1,2,5,338,338,0,100.0000
SQLi,customapp,customapp,login,Python/SQLite,anthropic/claude-opus-4.7,model_shift,0.3,CG-Adaptive,1,3,5,338,338,0,100.0000
SQLi,customapp,customapp,login,Python/SQLite,anthropic/claude-opus-4.7,model_shift,0.3,CG-Adaptive,1,4,6,338,338,0,100.0000
SQLi,customapp,customapp,login,Python/SQLite,anthropic/claude-opus-4.7,model_shift,0.3,CG-Adaptive,1,5,5,338,338,0,100.0000
SQLi,customapp,customapp,login,Python/SQLite,anthropic/claude-opus-4.7,model_shift,0.3,CG-Adaptive,1,6,7,338,338,0,100.0000
SQLi,customapp,customapp,login,Python/SQLite,anthropic/claude-opus-4.7,model_shift,0.3,CG-Adaptive,1,7,5,338,338,0,100.0000
SQLi,customapp,customapp,login,Python/SQLite,anthropic/claude-opus-4.7,model_shift,0.3,CG-Adaptive,1,8,6,338,338,0,100.0000
SQLi,customapp,customapp,login,Python/SQLite,anthropic/claude-opus-4.7,model_shift,0.3,CG-Adaptive,1,9,5,338,338,0,100.0000
SQLi,customapp,customapp,login,Python/SQLite,anthropic/claude-opus-4.7,model_shift,0.3,CG-Adaptive,1,10,6,338,338,0,100.0000
SQLi,customapp,customapp,login,Python/SQLite,anthropic/claude-opus-4.7,model_shift,0.3,CG-Adaptive,2,1,7,444,444,0,100.0000
SQLi,customapp,customapp,login,Python/SQLite,anthropic/claude-opus-4.7,model_shift,0.3,CG-Adaptive,2,2,5,444,444,0,100.0000
SQLi,customapp,customapp,login,Python/SQLite,anthropic/claude-opus-4.7,model_shift,0.3,CG-Adaptive,2,3,5,444,444,0,100.0000
SQLi,customapp,customapp,login,Python/SQLite,anthropic/claude-opus-4.7,model_shift,0.3,CG-Adaptive,2,4,6,444,444,0,100.0000
SQLi,customapp,customapp,login,Python/SQLite,anthropic/claude-opus-4.7,model_shift,0.3,CG-Adaptive,2,5,5,444,444,0,100.0000
SQLi,customapp,customapp,login,Python/SQLite,anthropic/claude-opus-4.7,model_shift,0.3,CG-Adaptive,2,6,7,444,444,0,100.0000
SQLi,customapp,customapp,login,Python/SQLite,anthropic/claude-opus-4.7,model_shift,0.3,CG-Adaptive,2,7,5,444,444,0,100.0000
SQLi,customapp,customapp,login,Python/SQLite,anthropic/claude-opus-4.7,model_shift,0.3,CG-Adaptive,2,8,6,444,444,0,100.0000
SQLi,customapp,customapp,login,Python/SQLite,anthropic/claude-opus-4.7,model_shift,0.3,CG-Adaptive,2,9,5,444,444,0,100.0000
SQLi,customapp,customapp,login,Python/SQLite,anthropic/claude-opus-4.7,model_shift,0.3,CG-Adaptive,2,10,6,444,444,0,100.0000
SQLi,customapp,customapp,login,Python/SQLite,anthropic/claude-opus-4.7,model_shift,0.3,CG-Adaptive,3,1,7,451,451,0,100.0000
SQLi,customapp,customapp,login,Python/SQLite,anthropic/claude-opus-4.7,model_shift,0.3,CG-Adaptive,3,2,5,451,451,0,100.0000
SQLi,customapp,customapp,login,Python/SQLite,anthropic/claude-opus-4.7,model_shift,0.3,CG-Adaptive,3,3,5,451,451,0,100.0000
SQLi,customapp,customapp,login,Python/SQLite,anthropic/claude-opus-4.7,model_shift,0.3,CG-Adaptive,3,4,6,451,451,0,100.0000
SQLi,customapp,customapp,login,Python/SQLite,anthropic/claude-opus-4.7,model_shift,0.3,CG-Adaptive,3,5,5,451,451,0,100.0000
SQLi,customapp,customapp,login,Python/SQLite,anthropic/claude-opus-4.7,model_shift,0.3,CG-Adaptive,3,6,7,451,451,0,100.0000
SQLi,customapp,customapp,login,Python/SQLite,anthropic/claude-opus-4.7,model_shift,0.3,CG-Adaptive,3,7,5,451,451,0,100.0000
SQLi,customapp,customapp,login,Python/SQLite,anthropic/claude-opus-4.7,model_shift,0.3,CG-Adaptive,3,8,6,451,451,0,100.0000
SQLi,customapp,customapp,login,Python/SQLite,anthropic/claude-opus-4.7,model_shift,0.3,CG-Adaptive,3,9,5,451,451,0,100.0000
SQLi,customapp,customapp,login,Python/SQLite,anthropic/claude-opus-4.7,model_shift,0.3,CG-Adaptive,3,10,6,451,451,0,100.0000
SQLi,customapp,customapp,login,Python/SQLite,anthropic/claude-opus-4.7,model_shift,0.3,CG-Adaptive,4,1,7,417,417,0,100.0000
SQLi,customapp,customapp,login,Python/SQLite,anthropic/claude-opus-4.7,model_shift,0.3,CG-Adaptive,4,2,5,417,417,0,100.0000
SQLi,customapp,customapp,login,Python/SQLite,anthropic/claude-opus-4.7,model_shift,0.3,CG-Adaptive,4,3,5,417,417,0,100.0000
SQLi,customapp,customapp,login,Python/SQLite,anthropic/claude-opus-4.7,model_shift,0.3,CG-Adaptive,4,4,6,417,417,0,100.0000
SQLi,customapp,customapp,login,Python/SQLite,anthropic/claude-opus-4.7,model_shift,0.3,CG-Adaptive,4,5,5,417,417,0,100.0000
SQLi,customapp,customapp,login,Python/SQLite,anthropic/claude-opus-4.7,model_shift,0.3,CG-Adaptive,4,6,7,417,417,0,100.0000
SQLi,customapp,customapp,login,Python/SQLite,anthropic/claude-opus-4.7,model_shift,0.3,CG-Adaptive,4,7,5,417,417,0,100.0000
SQLi,customapp,customapp,login,Python/SQLite,anthropic/claude-opus-4.7,model_shift,0.3,CG-Adaptive,4,8,6,417,417,0,100.0000
SQLi,customapp,customapp,login,Python/SQLite,anthropic/claude-opus-4.7,model_shift,0.3,CG-Adaptive,4,9,5,417,417,0,100.0000
SQLi,customapp,customapp,login,Python/SQLite,anthropic/claude-opus-4.7,model_shift,0.3,CG-Adaptive,4,10,6,417,417,0,100.0000
SQLi,customapp,customapp,login,Python/SQLite,anthropic/claude-opus-4.7,model_shift,0.3,CG-Adaptive,5,1,7,449,449,0,100.0000
SQLi,customapp,customapp,login,Python/SQLite,anthropic/claude-opus-4.7,model_shift,0.3,CG-Adaptive,5,2,5,449,449,0,100.0000
SQLi,customapp,customapp,login,Python/SQLite,anthropic/claude-opus-4.7,model_shift,0.3,CG-Adaptive,5,3,5,449,449,0,100.0000
SQLi,customapp,customapp,login,Python/SQLite,anthropic/claude-opus-4.7,model_shift,0.3,CG-Adaptive,5,4,6,449,449,0,100.0000
SQLi,customapp,customapp,login,Python/SQLite,anthropic/claude-opus-4.7,model_shift,0.3,CG-Adaptive,5,5,5,449,449,0,100.0000
SQLi,customapp,customapp,login,Python/SQLite,anthropic/claude-opus-4.7,model_shift,0.3,CG-Adaptive,5,6,7,449,449,0,100.0000
SQLi,customapp,customapp,login,Python/SQLite,anthropic/claude-opus-4.7,model_shift,0.3,CG-Adaptive,5,7,5,449,449,0,100.0000
SQLi,customapp,customapp,login,Python/SQLite,anthropic/claude-opus-4.7,model_shift,0.3,CG-Adaptive,5,8,6,449,449,0,100.0000
SQLi,customapp,customapp,login,Python/SQLite,anthropic/claude-opus-4.7,model_shift,0.3,CG-Adaptive,5,9,5,449,449,0,100.0000
SQLi,customapp,customapp,login,Python/SQLite,anthropic/claude-opus-4.7,model_shift,0.3,CG-Adaptive,5,10,6,449,449,0,100.0000
SQLi,customapp,customapp,login,Python/SQLite,anthropic/claude-opus-4.7,model_shift,0.3,CG-Static,1,1,5,338,338,0,100.0000
SQLi,customapp,customapp,login,Python/SQLite,anthropic/claude-opus-4.7,model_shift,0.3,CG-Static,1,2,6,338,338,0,100.0000
SQLi,customapp,customapp,login,Python/SQLite,anthropic/claude-opus-4.7,model_shift,0.3,CG-Static,1,3,4,338,338,0,100.0000
SQLi,customapp,customapp,login,Python/SQLite,anthropic/claude-opus-4.7,model_shift,0.3,CG-Static,1,4,5,338,338,0,100.0000
SQLi,customapp,customapp,login,Python/SQLite,anthropic/claude-opus-4.7,model_shift,0.3,CG-Static,1,5,5,338,338,0,100.0000
SQLi,customapp,customapp,login,Python/SQLite,anthropic/claude-opus-4.7,model_shift,0.3,CG-Static,1,6,5,338,338,0,100.0000
SQLi,customapp,customapp,login,Python/SQLite,anthropic/claude-opus-4.7,model_shift,0.3,CG-Static,1,7,6,338,338,0,100.0000
SQLi,customapp,customapp,login,Python/SQLite,anthropic/claude-opus-4.7,model_shift,0.3,CG-Static,1,8,4,338,338,0,100.0000
SQLi,customapp,customapp,login,Python/SQLite,anthropic/claude-opus-4.7,model_shift,0.3,CG-Static,1,9,5,338,338,0,100.0000
SQLi,customapp,customapp,login,Python/SQLite,anthropic/claude-opus-4.7,model_shift,0.3,CG-Static,1,10,5,338,334,4,98.8166
SQLi,customapp,customapp,login,Python/SQLite,anthropic/claude-opus-4.7,model_shift,0.3,CG-Static,2,1,5,444,444,0,100.0000
SQLi,customapp,customapp,login,Python/SQLite,anthropic/claude-opus-4.7,model_shift,0.3,CG-Static,2,2,6,444,444,0,100.0000
SQLi,customapp,customapp,login,Python/SQLite,anthropic/claude-opus-4.7,model_shift,0.3,CG-Static,2,3,4,444,444,0,100.0000
SQLi,customapp,customapp,login,Python/SQLite,anthropic/claude-opus-4.7,model_shift,0.3,CG-Static,2,4,5,444,444,0,100.0000
SQLi,customapp,customapp,login,Python/SQLite,anthropic/claude-opus-4.7,model_shift,0.3,CG-Static,2,5,5,444,444,0,100.0000
SQLi,customapp,customapp,login,Python/SQLite,anthropic/claude-opus-4.7,model_shift,0.3,CG-Static,2,6,5,444,444,0,100.0000
SQLi,customapp,customapp,login,Python/SQLite,anthropic/claude-opus-4.7,model_shift,0.3,CG-Static,2,7,6,444,444,0,100.0000
SQLi,customapp,customapp,login,Python/SQLite,anthropic/claude-opus-4.7,model_shift,0.3,CG-Static,2,8,4,444,444,0,100.0000
SQLi,customapp,customapp,login,Python/SQLite,anthropic/claude-opus-4.7,model_shift,0.3,CG-Static,2,9,5,444,444,0,100.0000
SQLi,customapp,customapp,login,Python/SQLite,anthropic/claude-opus-4.7,model_shift,0.3,CG-Static,2,10,5,444,430,14,96.8468
SQLi,customapp,customapp,login,Python/SQLite,anthropic/claude-opus-4.7,model_shift,0.3,CG-Static,3,1,5,451,451,0,100.0000
SQLi,customapp,customapp,login,Python/SQLite,anthropic/claude-opus-4.7,model_shift,0.3,CG-Static,3,2,6,451,451,0,100.0000
SQLi,customapp,customapp,login,Python/SQLite,anthropic/claude-opus-4.7,model_shift,0.3,CG-Static,3,3,4,451,451,0,100.0000
SQLi,customapp,customapp,login,Python/SQLite,anthropic/claude-opus-4.7,model_shift,0.3,CG-Static,3,4,5,451,451,0,100.0000
SQLi,customapp,customapp,login,Python/SQLite,anthropic/claude-opus-4.7,model_shift,0.3,CG-Static,3,5,5,451,451,0,100.0000
SQLi,customapp,customapp,login,Python/SQLite,anthropic/claude-opus-4.7,model_shift,0.3,CG-Static,3,6,5,451,451,0,100.0000
SQLi,customapp,customapp,login,Python/SQLite,anthropic/claude-opus-4.7,model_shift,0.3,CG-Static,3,7,6,451,451,0,100.0000
SQLi,customapp,customapp,login,Python/SQLite,anthropic/claude-opus-4.7,model_shift,0.3,CG-Static,3,8,4,451,451,0,100.0000
SQLi,customapp,customapp,login,Python/SQLite,anthropic/claude-opus-4.7,model_shift,0.3,CG-Static,3,9,5,451,451,0,100.0000
SQLi,customapp,customapp,login,Python/SQLite,anthropic/claude-opus-4.7,model_shift,0.3,CG-Static,3,10,5,451,442,9,98.0044
SQLi,customapp,customapp,login,Python/SQLite,anthropic/claude-opus-4.7,model_shift,0.3,CG-Static,4,1,5,417,417,0,100.0000
SQLi,customapp,customapp,login,Python/SQLite,anthropic/claude-opus-4.7,model_shift,0.3,CG-Static,4,2,6,417,417,0,100.0000
SQLi,customapp,customapp,login,Python/SQLite,anthropic/claude-opus-4.7,model_shift,0.3,CG-Static,4,3,4,417,417,0,100.0000
SQLi,customapp,customapp,login,Python/SQLite,anthropic/claude-opus-4.7,model_shift,0.3,CG-Static,4,4,5,417,417,0,100.0000
SQLi,customapp,customapp,login,Python/SQLite,anthropic/claude-opus-4.7,model_shift,0.3,CG-Static,4,5,5,417,417,0,100.0000
SQLi,customapp,customapp,login,Python/SQLite,anthropic/claude-opus-4.7,model_shift,0.3,CG-Static,4,6,5,417,417,0,100.0000
SQLi,customapp,customapp,login,Python/SQLite,anthropic/claude-opus-4.7,model_shift,0.3,CG-Static,4,7,6,417,417,0,100.0000
SQLi,customapp,customapp,login,Python/SQLite,anthropic/claude-opus-4.7,model_shift,0.3,CG-Static,4,8,4,417,417,0,100.0000
SQLi,customapp,customapp,login,Python/SQLite,anthropic/claude-opus-4.7,model_shift,0.3,CG-Static,4,9,5,417,417,0,100.0000
SQLi,customapp,customapp,login,Python/SQLite,anthropic/claude-opus-4.7,model_shift,0.3,CG-Static,4,10,5,417,413,4,99.0408
SQLi,customapp,customapp,login,Python/SQLite,anthropic/claude-opus-4.7,model_shift,0.3,CG-Static,5,1,5,449,449,0,100.0000
SQLi,customapp,customapp,login,Python/SQLite,anthropic/claude-opus-4.7,model_shift,0.3,CG-Static,5,2,6,449,449,0,100.0000
SQLi,customapp,customapp,login,Python/SQLite,anthropic/claude-opus-4.7,model_shift,0.3,CG-Static,5,3,4,449,449,0,100.0000
SQLi,customapp,customapp,login,Python/SQLite,anthropic/claude-opus-4.7,model_shift,0.3,CG-Static,5,4,5,449,449,0,100.0000
SQLi,customapp,customapp,login,Python/SQLite,anthropic/claude-opus-4.7,model_shift,0.3,CG-Static,5,5,5,449,449,0,100.0000
SQLi,customapp,customapp,login,Python/SQLite,anthropic/claude-opus-4.7,model_shift,0.3,CG-Static,5,6,5,449,449,0,100.0000
SQLi,customapp,customapp,login,Python/SQLite,anthropic/claude-opus-4.7,model_shift,0.3,CG-Static,5,7,6,449,449,0,100.0000
SQLi,customapp,customapp,login,Python/SQLite,anthropic/claude-opus-4.7,model_shift,0.3,CG-Static,5,8,4,449,449,0,100.0000
SQLi,customapp,customapp,login,Python/SQLite,anthropic/claude-opus-4.7,model_shift,0.3,CG-Static,5,9,5,449,449,0,100.0000
SQLi,customapp,customapp,login,Python/SQLite,anthropic/claude-opus-4.7,model_shift,0.3,CG-Static,5,10,5,449,438,11,97.5501
SQLi,customapp,customapp,login,Python/SQLite,anthropic/claude-opus-4.7,model_shift,0.3,CRS-only,1,0,0,338,0,338,0.0000
SQLi,customapp,customapp,login,Python/SQLite,anthropic/claude-opus-4.7,model_shift,0.3,CRS-only,2,0,0,444,0,444,0.0000
SQLi,customapp,customapp,login,Python/SQLite,anthropic/claude-opus-4.7,model_shift,0.3,CRS-only,3,0,0,451,0,451,0.0000
SQLi,customapp,customapp,login,Python/SQLite,anthropic/claude-opus-4.7,model_shift,0.3,CRS-only,4,0,0,417,0,417,0.0000
SQLi,customapp,customapp,login,Python/SQLite,anthropic/claude-opus-4.7,model_shift,0.3,CRS-only,5,0,0,449,0,449,0.0000
SQLi,customapp,customapp,login,Python/SQLite,anthropic/claude-opus-4.7,model_shift,0.4,CG-Adaptive,1,1,5,338,338,0,100.0000
SQLi,customapp,customapp,login,Python/SQLite,anthropic/claude-opus-4.7,model_shift,0.4,CG-Adaptive,1,2,4,338,75,263,22.1893
SQLi,customapp,customapp,login,Python/SQLite,anthropic/claude-opus-4.7,model_shift,0.4,CG-Adaptive,1,3,6,338,338,0,100.0000
SQLi,customapp,customapp,login,Python/SQLite,anthropic/claude-opus-4.7,model_shift,0.4,CG-Adaptive,1,4,5,338,338,0,100.0000
SQLi,customapp,customapp,login,Python/SQLite,anthropic/claude-opus-4.7,model_shift,0.4,CG-Adaptive,1,5,6,338,338,0,100.0000
SQLi,customapp,customapp,login,Python/SQLite,anthropic/claude-opus-4.7,model_shift,0.4,CG-Adaptive,1,6,5,338,338,0,100.0000
SQLi,customapp,customapp,login,Python/SQLite,anthropic/claude-opus-4.7,model_shift,0.4,CG-Adaptive,1,7,5,338,338,0,100.0000
SQLi,customapp,customapp,login,Python/SQLite,anthropic/claude-opus-4.7,model_shift,0.4,CG-Adaptive,1,8,5,338,338,0,100.0000
SQLi,customapp,customapp,login,Python/SQLite,anthropic/claude-opus-4.7,model_shift,0.4,CG-Adaptive,1,9,4,338,338,0,100.0000
SQLi,customapp,customapp,login,Python/SQLite,anthropic/claude-opus-4.7,model_shift,0.4,CG-Adaptive,1,10,5,338,75,263,22.1893
SQLi,customapp,customapp,login,Python/SQLite,anthropic/claude-opus-4.7,model_shift,0.4,CG-Adaptive,2,1,5,444,444,0,100.0000
SQLi,customapp,customapp,login,Python/SQLite,anthropic/claude-opus-4.7,model_shift,0.4,CG-Adaptive,2,2,4,444,79,365,17.7928
SQLi,customapp,customapp,login,Python/SQLite,anthropic/claude-opus-4.7,model_shift,0.4,CG-Adaptive,2,3,6,444,444,0,100.0000
SQLi,customapp,customapp,login,Python/SQLite,anthropic/claude-opus-4.7,model_shift,0.4,CG-Adaptive,2,4,5,444,444,0,100.0000
SQLi,customapp,customapp,login,Python/SQLite,anthropic/claude-opus-4.7,model_shift,0.4,CG-Adaptive,2,5,6,444,444,0,100.0000
SQLi,customapp,customapp,login,Python/SQLite,anthropic/claude-opus-4.7,model_shift,0.4,CG-Adaptive,2,6,5,444,444,0,100.0000
SQLi,customapp,customapp,login,Python/SQLite,anthropic/claude-opus-4.7,model_shift,0.4,CG-Adaptive,2,7,5,444,444,0,100.0000
SQLi,customapp,customapp,login,Python/SQLite,anthropic/claude-opus-4.7,model_shift,0.4,CG-Adaptive,2,8,5,444,444,0,100.0000
SQLi,customapp,customapp,login,Python/SQLite,anthropic/claude-opus-4.7,model_shift,0.4,CG-Adaptive,2,9,4,444,444,0,100.0000
SQLi,customapp,customapp,login,Python/SQLite,anthropic/claude-opus-4.7,model_shift,0.4,CG-Adaptive,2,10,5,444,79,365,17.7928
SQLi,customapp,customapp,login,Python/SQLite,anthropic/claude-opus-4.7,model_shift,0.4,CG-Adaptive,3,1,5,451,451,0,100.0000
SQLi,customapp,customapp,login,Python/SQLite,anthropic/claude-opus-4.7,model_shift,0.4,CG-Adaptive,3,2,4,451,31,420,6.8736
SQLi,customapp,customapp,login,Python/SQLite,anthropic/claude-opus-4.7,model_shift,0.4,CG-Adaptive,3,3,6,451,451,0,100.0000
SQLi,customapp,customapp,login,Python/SQLite,anthropic/claude-opus-4.7,model_shift,0.4,CG-Adaptive,3,4,5,451,451,0,100.0000
SQLi,customapp,customapp,login,Python/SQLite,anthropic/claude-opus-4.7,model_shift,0.4,CG-Adaptive,3,5,6,451,451,0,100.0000
SQLi,customapp,customapp,login,Python/SQLite,anthropic/claude-opus-4.7,model_shift,0.4,CG-Adaptive,3,6,5,451,451,0,100.0000
SQLi,customapp,customapp,login,Python/SQLite,anthropic/claude-opus-4.7,model_shift,0.4,CG-Adaptive,3,7,5,451,451,0,100.0000
SQLi,customapp,customapp,login,Python/SQLite,anthropic/claude-opus-4.7,model_shift,0.4,CG-Adaptive,3,8,5,451,451,0,100.0000
SQLi,customapp,customapp,login,Python/SQLite,anthropic/claude-opus-4.7,model_shift,0.4,CG-Adaptive,3,9,4,451,451,0,100.0000
SQLi,customapp,customapp,login,Python/SQLite,anthropic/claude-opus-4.7,model_shift,0.4,CG-Adaptive,3,10,5,451,31,420,6.8736
SQLi,customapp,customapp,login,Python/SQLite,anthropic/claude-opus-4.7,model_shift,0.4,CG-Adaptive,4,1,5,417,417,0,100.0000
SQLi,customapp,customapp,login,Python/SQLite,anthropic/claude-opus-4.7,model_shift,0.4,CG-Adaptive,4,2,4,417,29,388,6.9544
SQLi,customapp,customapp,login,Python/SQLite,anthropic/claude-opus-4.7,model_shift,0.4,CG-Adaptive,4,3,6,417,417,0,100.0000
SQLi,customapp,customapp,login,Python/SQLite,anthropic/claude-opus-4.7,model_shift,0.4,CG-Adaptive,4,4,5,417,417,0,100.0000
SQLi,customapp,customapp,login,Python/SQLite,anthropic/claude-opus-4.7,model_shift,0.4,CG-Adaptive,4,5,6,417,417,0,100.0000
SQLi,customapp,customapp,login,Python/SQLite,anthropic/claude-opus-4.7,model_shift,0.4,CG-Adaptive,4,6,5,417,417,0,100.0000
SQLi,customapp,customapp,login,Python/SQLite,anthropic/claude-opus-4.7,model_shift,0.4,CG-Adaptive,4,7,5,417,417,0,100.0000
SQLi,customapp,customapp,login,Python/SQLite,anthropic/claude-opus-4.7,model_shift,0.4,CG-Adaptive,4,8,5,417,417,0,100.0000
SQLi,customapp,customapp,login,Python/SQLite,anthropic/claude-opus-4.7,model_shift,0.4,CG-Adaptive,4,9,4,417,417,0,100.0000
SQLi,customapp,customapp,login,Python/SQLite,anthropic/claude-opus-4.7,model_shift,0.4,CG-Adaptive,4,10,5,417,29,388,6.9544
SQLi,customapp,customapp,login,Python/SQLite,anthropic/claude-opus-4.7,model_shift,0.4,CG-Adaptive,5,1,5,449,449,0,100.0000
SQLi,customapp,customapp,login,Python/SQLite,anthropic/claude-opus-4.7,model_shift,0.4,CG-Adaptive,5,2,4,449,80,369,17.8174
SQLi,customapp,customapp,login,Python/SQLite,anthropic/claude-opus-4.7,model_shift,0.4,CG-Adaptive,5,3,6,449,449,0,100.0000
SQLi,customapp,customapp,login,Python/SQLite,anthropic/claude-opus-4.7,model_shift,0.4,CG-Adaptive,5,4,5,449,449,0,100.0000
SQLi,customapp,customapp,login,Python/SQLite,anthropic/claude-opus-4.7,model_shift,0.4,CG-Adaptive,5,5,6,449,449,0,100.0000
SQLi,customapp,customapp,login,Python/SQLite,anthropic/claude-opus-4.7,model_shift,0.4,CG-Adaptive,5,6,5,449,449,0,100.0000
SQLi,customapp,customapp,login,Python/SQLite,anthropic/claude-opus-4.7,model_shift,0.4,CG-Adaptive,5,7,5,449,449,0,100.0000
SQLi,customapp,customapp,login,Python/SQLite,anthropic/claude-opus-4.7,model_shift,0.4,CG-Adaptive,5,8,5,449,449,0,100.0000
SQLi,customapp,customapp,login,Python/SQLite,anthropic/claude-opus-4.7,model_shift,0.4,CG-Adaptive,5,9,4,449,449,0,100.0000
SQLi,customapp,customapp,login,Python/SQLite,anthropic/claude-opus-4.7,model_shift,0.4,CG-Adaptive,5,10,5,449,80,369,17.8174
SQLi,customapp,customapp,login,Python/SQLite,anthropic/claude-opus-4.7,model_shift,0.4,CG-Static,1,1,4,338,338,0,100.0000
SQLi,customapp,customapp,login,Python/SQLite,anthropic/claude-opus-4.7,model_shift,0.4,CG-Static,1,2,7,338,338,0,100.0000
SQLi,customapp,customapp,login,Python/SQLite,anthropic/claude-opus-4.7,model_shift,0.4,CG-Static,1,3,4,338,334,4,98.8166
SQLi,customapp,customapp,login,Python/SQLite,anthropic/claude-opus-4.7,model_shift,0.4,CG-Static,1,4,5,338,338,0,100.0000
SQLi,customapp,customapp,login,Python/SQLite,anthropic/claude-opus-4.7,model_shift,0.4,CG-Static,1,5,6,338,338,0,100.0000
SQLi,customapp,customapp,login,Python/SQLite,anthropic/claude-opus-4.7,model_shift,0.4,CG-Static,1,6,4,338,338,0,100.0000
SQLi,customapp,customapp,login,Python/SQLite,anthropic/claude-opus-4.7,model_shift,0.4,CG-Static,1,7,4,338,338,0,100.0000
SQLi,customapp,customapp,login,Python/SQLite,anthropic/claude-opus-4.7,model_shift,0.4,CG-Static,1,8,5,338,338,0,100.0000
SQLi,customapp,customapp,login,Python/SQLite,anthropic/claude-opus-4.7,model_shift,0.4,CG-Static,1,9,5,338,338,0,100.0000
SQLi,customapp,customapp,login,Python/SQLite,anthropic/claude-opus-4.7,model_shift,0.4,CG-Static,1,10,7,338,334,4,98.8166
SQLi,customapp,customapp,login,Python/SQLite,anthropic/claude-opus-4.7,model_shift,0.4,CG-Static,2,1,4,444,444,0,100.0000
SQLi,customapp,customapp,login,Python/SQLite,anthropic/claude-opus-4.7,model_shift,0.4,CG-Static,2,2,7,444,444,0,100.0000
SQLi,customapp,customapp,login,Python/SQLite,anthropic/claude-opus-4.7,model_shift,0.4,CG-Static,2,3,4,444,430,14,96.8468
SQLi,customapp,customapp,login,Python/SQLite,anthropic/claude-opus-4.7,model_shift,0.4,CG-Static,2,4,5,444,444,0,100.0000
SQLi,customapp,customapp,login,Python/SQLite,anthropic/claude-opus-4.7,model_shift,0.4,CG-Static,2,5,6,444,444,0,100.0000
SQLi,customapp,customapp,login,Python/SQLite,anthropic/claude-opus-4.7,model_shift,0.4,CG-Static,2,6,4,444,444,0,100.0000
SQLi,customapp,customapp,login,Python/SQLite,anthropic/claude-opus-4.7,model_shift,0.4,CG-Static,2,7,4,444,444,0,100.0000
SQLi,customapp,customapp,login,Python/SQLite,anthropic/claude-opus-4.7,model_shift,0.4,CG-Static,2,8,5,444,444,0,100.0000
SQLi,customapp,customapp,login,Python/SQLite,anthropic/claude-opus-4.7,model_shift,0.4,CG-Static,2,9,5,444,444,0,100.0000
SQLi,customapp,customapp,login,Python/SQLite,anthropic/claude-opus-4.7,model_shift,0.4,CG-Static,2,10,7,444,430,14,96.8468
SQLi,customapp,customapp,login,Python/SQLite,anthropic/claude-opus-4.7,model_shift,0.4,CG-Static,3,1,4,451,451,0,100.0000
SQLi,customapp,customapp,login,Python/SQLite,anthropic/claude-opus-4.7,model_shift,0.4,CG-Static,3,2,7,451,451,0,100.0000
SQLi,customapp,customapp,login,Python/SQLite,anthropic/claude-opus-4.7,model_shift,0.4,CG-Static,3,3,4,451,442,9,98.0044
SQLi,customapp,customapp,login,Python/SQLite,anthropic/claude-opus-4.7,model_shift,0.4,CG-Static,3,4,5,451,451,0,100.0000
SQLi,customapp,customapp,login,Python/SQLite,anthropic/claude-opus-4.7,model_shift,0.4,CG-Static,3,5,6,451,451,0,100.0000
SQLi,customapp,customapp,login,Python/SQLite,anthropic/claude-opus-4.7,model_shift,0.4,CG-Static,3,6,4,451,451,0,100.0000
SQLi,customapp,customapp,login,Python/SQLite,anthropic/claude-opus-4.7,model_shift,0.4,CG-Static,3,7,4,451,451,0,100.0000
SQLi,customapp,customapp,login,Python/SQLite,anthropic/claude-opus-4.7,model_shift,0.4,CG-Static,3,8,5,451,451,0,100.0000
SQLi,customapp,customapp,login,Python/SQLite,anthropic/claude-opus-4.7,model_shift,0.4,CG-Static,3,9,5,451,451,0,100.0000
SQLi,customapp,customapp,login,Python/SQLite,anthropic/claude-opus-4.7,model_shift,0.4,CG-Static,3,10,7,451,442,9,98.0044
SQLi,customapp,customapp,login,Python/SQLite,anthropic/claude-opus-4.7,model_shift,0.4,CG-Static,4,1,4,417,417,0,100.0000
SQLi,customapp,customapp,login,Python/SQLite,anthropic/claude-opus-4.7,model_shift,0.4,CG-Static,4,2,7,417,417,0,100.0000
SQLi,customapp,customapp,login,Python/SQLite,anthropic/claude-opus-4.7,model_shift,0.4,CG-Static,4,3,4,417,413,4,99.0408
SQLi,customapp,customapp,login,Python/SQLite,anthropic/claude-opus-4.7,model_shift,0.4,CG-Static,4,4,5,417,417,0,100.0000
SQLi,customapp,customapp,login,Python/SQLite,anthropic/claude-opus-4.7,model_shift,0.4,CG-Static,4,5,6,417,417,0,100.0000
SQLi,customapp,customapp,login,Python/SQLite,anthropic/claude-opus-4.7,model_shift,0.4,CG-Static,4,6,4,417,417,0,100.0000
SQLi,customapp,customapp,login,Python/SQLite,anthropic/claude-opus-4.7,model_shift,0.4,CG-Static,4,7,4,417,417,0,100.0000
SQLi,customapp,customapp,login,Python/SQLite,anthropic/claude-opus-4.7,model_shift,0.4,CG-Static,4,8,5,417,417,0,100.0000
SQLi,customapp,customapp,login,Python/SQLite,anthropic/claude-opus-4.7,model_shift,0.4,CG-Static,4,9,5,417,417,0,100.0000
SQLi,customapp,customapp,login,Python/SQLite,anthropic/claude-opus-4.7,model_shift,0.4,CG-Static,4,10,7,417,413,4,99.0408
SQLi,customapp,customapp,login,Python/SQLite,anthropic/claude-opus-4.7,model_shift,0.4,CG-Static,5,1,4,449,449,0,100.0000
SQLi,customapp,customapp,login,Python/SQLite,anthropic/claude-opus-4.7,model_shift,0.4,CG-Static,5,2,7,449,449,0,100.0000
SQLi,customapp,customapp,login,Python/SQLite,anthropic/claude-opus-4.7,model_shift,0.4,CG-Static,5,3,4,449,438,11,97.5501
SQLi,customapp,customapp,login,Python/SQLite,anthropic/claude-opus-4.7,model_shift,0.4,CG-Static,5,4,5,449,449,0,100.0000
SQLi,customapp,customapp,login,Python/SQLite,anthropic/claude-opus-4.7,model_shift,0.4,CG-Static,5,5,6,449,449,0,100.0000
SQLi,customapp,customapp,login,Python/SQLite,anthropic/claude-opus-4.7,model_shift,0.4,CG-Static,5,6,4,449,449,0,100.0000
SQLi,customapp,customapp,login,Python/SQLite,anthropic/claude-opus-4.7,model_shift,0.4,CG-Static,5,7,4,449,449,0,100.0000
SQLi,customapp,customapp,login,Python/SQLite,anthropic/claude-opus-4.7,model_shift,0.4,CG-Static,5,8,5,449,449,0,100.0000
SQLi,customapp,customapp,login,Python/SQLite,anthropic/claude-opus-4.7,model_shift,0.4,CG-Static,5,9,5,449,449,0,100.0000
SQLi,customapp,customapp,login,Python/SQLite,anthropic/claude-opus-4.7,model_shift,0.4,CG-Static,5,10,7,449,438,11,97.5501
SQLi,customapp,customapp,login,Python/SQLite,anthropic/claude-opus-4.7,model_shift,0.4,CRS-only,1,0,0,338,0,338,0.0000
SQLi,customapp,customapp,login,Python/SQLite,anthropic/claude-opus-4.7,model_shift,0.4,CRS-only,2,0,0,444,0,444,0.0000
SQLi,customapp,customapp,login,Python/SQLite,anthropic/claude-opus-4.7,model_shift,0.4,CRS-only,3,0,0,451,0,451,0.0000
SQLi,customapp,customapp,login,Python/SQLite,anthropic/claude-opus-4.7,model_shift,0.4,CRS-only,4,0,0,417,0,417,0.0000
SQLi,customapp,customapp,login,Python/SQLite,anthropic/claude-opus-4.7,model_shift,0.4,CRS-only,5,0,0,449,0,449,0.0000
SQLi,customapp,customapp,login,Python/SQLite,anthropic/claude-opus-4.7,model_shift,0.5,CG-Adaptive,1,1,7,338,338,0,100.0000
SQLi,customapp,customapp,login,Python/SQLite,anthropic/claude-opus-4.7,model_shift,0.5,CG-Adaptive,1,2,5,338,338,0,100.0000
SQLi,customapp,customapp,login,Python/SQLite,anthropic/claude-opus-4.7,model_shift,0.5,CG-Adaptive,1,3,4,338,338,0,100.0000
SQLi,customapp,customapp,login,Python/SQLite,anthropic/claude-opus-4.7,model_shift,0.5,CG-Adaptive,1,4,5,338,338,0,100.0000
SQLi,customapp,customapp,login,Python/SQLite,anthropic/claude-opus-4.7,model_shift,0.5,CG-Adaptive,1,5,5,338,338,0,100.0000
SQLi,customapp,customapp,login,Python/SQLite,anthropic/claude-opus-4.7,model_shift,0.5,CG-Adaptive,1,6,5,338,338,0,100.0000
SQLi,customapp,customapp,login,Python/SQLite,anthropic/claude-opus-4.7,model_shift,0.5,CG-Adaptive,1,7,9,338,338,0,100.0000
SQLi,customapp,customapp,login,Python/SQLite,anthropic/claude-opus-4.7,model_shift,0.5,CG-Adaptive,1,8,6,338,338,0,100.0000
SQLi,customapp,customapp,login,Python/SQLite,anthropic/claude-opus-4.7,model_shift,0.5,CG-Adaptive,1,9,4,338,338,0,100.0000
SQLi,customapp,customapp,login,Python/SQLite,anthropic/claude-opus-4.7,model_shift,0.5,CG-Adaptive,1,10,9,338,338,0,100.0000
SQLi,customapp,customapp,login,Python/SQLite,anthropic/claude-opus-4.7,model_shift,0.5,CG-Adaptive,2,1,7,444,444,0,100.0000
SQLi,customapp,customapp,login,Python/SQLite,anthropic/claude-opus-4.7,model_shift,0.5,CG-Adaptive,2,2,5,444,444,0,100.0000
SQLi,customapp,customapp,login,Python/SQLite,anthropic/claude-opus-4.7,model_shift,0.5,CG-Adaptive,2,3,4,444,444,0,100.0000
SQLi,customapp,customapp,login,Python/SQLite,anthropic/claude-opus-4.7,model_shift,0.5,CG-Adaptive,2,4,5,444,444,0,100.0000
SQLi,customapp,customapp,login,Python/SQLite,anthropic/claude-opus-4.7,model_shift,0.5,CG-Adaptive,2,5,5,444,444,0,100.0000
SQLi,customapp,customapp,login,Python/SQLite,anthropic/claude-opus-4.7,model_shift,0.5,CG-Adaptive,2,6,5,444,444,0,100.0000
SQLi,customapp,customapp,login,Python/SQLite,anthropic/claude-opus-4.7,model_shift,0.5,CG-Adaptive,2,7,9,444,444,0,100.0000
SQLi,customapp,customapp,login,Python/SQLite,anthropic/claude-opus-4.7,model_shift,0.5,CG-Adaptive,2,8,6,444,444,0,100.0000
SQLi,customapp,customapp,login,Python/SQLite,anthropic/claude-opus-4.7,model_shift,0.5,CG-Adaptive,2,9,4,444,444,0,100.0000
SQLi,customapp,customapp,login,Python/SQLite,anthropic/claude-opus-4.7,model_shift,0.5,CG-Adaptive,2,10,9,444,444,0,100.0000
SQLi,customapp,customapp,login,Python/SQLite,anthropic/claude-opus-4.7,model_shift,0.5,CG-Adaptive,3,1,7,451,451,0,100.0000
SQLi,customapp,customapp,login,Python/SQLite,anthropic/claude-opus-4.7,model_shift,0.5,CG-Adaptive,3,2,5,451,451,0,100.0000
SQLi,customapp,customapp,login,Python/SQLite,anthropic/claude-opus-4.7,model_shift,0.5,CG-Adaptive,3,3,4,451,451,0,100.0000
SQLi,customapp,customapp,login,Python/SQLite,anthropic/claude-opus-4.7,model_shift,0.5,CG-Adaptive,3,4,5,451,451,0,100.0000
SQLi,customapp,customapp,login,Python/SQLite,anthropic/claude-opus-4.7,model_shift,0.5,CG-Adaptive,3,5,5,451,451,0,100.0000
SQLi,customapp,customapp,login,Python/SQLite,anthropic/claude-opus-4.7,model_shift,0.5,CG-Adaptive,3,6,5,451,451,0,100.0000
SQLi,customapp,customapp,login,Python/SQLite,anthropic/claude-opus-4.7,model_shift,0.5,CG-Adaptive,3,7,9,451,451,0,100.0000
SQLi,customapp,customapp,login,Python/SQLite,anthropic/claude-opus-4.7,model_shift,0.5,CG-Adaptive,3,8,6,451,451,0,100.0000
SQLi,customapp,customapp,login,Python/SQLite,anthropic/claude-opus-4.7,model_shift,0.5,CG-Adaptive,3,9,4,451,451,0,100.0000
SQLi,customapp,customapp,login,Python/SQLite,anthropic/claude-opus-4.7,model_shift,0.5,CG-Adaptive,3,10,9,451,451,0,100.0000
SQLi,customapp,customapp,login,Python/SQLite,anthropic/claude-opus-4.7,model_shift,0.5,CG-Adaptive,4,1,7,417,417,0,100.0000
SQLi,customapp,customapp,login,Python/SQLite,anthropic/claude-opus-4.7,model_shift,0.5,CG-Adaptive,4,2,5,417,417,0,100.0000
SQLi,customapp,customapp,login,Python/SQLite,anthropic/claude-opus-4.7,model_shift,0.5,CG-Adaptive,4,3,4,417,417,0,100.0000
SQLi,customapp,customapp,login,Python/SQLite,anthropic/claude-opus-4.7,model_shift,0.5,CG-Adaptive,4,4,5,417,417,0,100.0000
SQLi,customapp,customapp,login,Python/SQLite,anthropic/claude-opus-4.7,model_shift,0.5,CG-Adaptive,4,5,5,417,417,0,100.0000
SQLi,customapp,customapp,login,Python/SQLite,anthropic/claude-opus-4.7,model_shift,0.5,CG-Adaptive,4,6,5,417,417,0,100.0000
SQLi,customapp,customapp,login,Python/SQLite,anthropic/claude-opus-4.7,model_shift,0.5,CG-Adaptive,4,7,9,417,417,0,100.0000
SQLi,customapp,customapp,login,Python/SQLite,anthropic/claude-opus-4.7,model_shift,0.5,CG-Adaptive,4,8,6,417,417,0,100.0000
SQLi,customapp,customapp,login,Python/SQLite,anthropic/claude-opus-4.7,model_shift,0.5,CG-Adaptive,4,9,4,417,417,0,100.0000
SQLi,customapp,customapp,login,Python/SQLite,anthropic/claude-opus-4.7,model_shift,0.5,CG-Adaptive,4,10,9,417,417,0,100.0000
SQLi,customapp,customapp,login,Python/SQLite,anthropic/claude-opus-4.7,model_shift,0.5,CG-Adaptive,5,1,7,449,449,0,100.0000
SQLi,customapp,customapp,login,Python/SQLite,anthropic/claude-opus-4.7,model_shift,0.5,CG-Adaptive,5,2,5,449,449,0,100.0000
SQLi,customapp,customapp,login,Python/SQLite,anthropic/claude-opus-4.7,model_shift,0.5,CG-Adaptive,5,3,4,449,449,0,100.0000
SQLi,customapp,customapp,login,Python/SQLite,anthropic/claude-opus-4.7,model_shift,0.5,CG-Adaptive,5,4,5,449,449,0,100.0000
SQLi,customapp,customapp,login,Python/SQLite,anthropic/claude-opus-4.7,model_shift,0.5,CG-Adaptive,5,5,5,449,449,0,100.0000
SQLi,customapp,customapp,login,Python/SQLite,anthropic/claude-opus-4.7,model_shift,0.5,CG-Adaptive,5,6,5,449,449,0,100.0000
SQLi,customapp,customapp,login,Python/SQLite,anthropic/claude-opus-4.7,model_shift,0.5,CG-Adaptive,5,7,9,449,449,0,100.0000
SQLi,customapp,customapp,login,Python/SQLite,anthropic/claude-opus-4.7,model_shift,0.5,CG-Adaptive,5,8,6,449,449,0,100.0000
SQLi,customapp,customapp,login,Python/SQLite,anthropic/claude-opus-4.7,model_shift,0.5,CG-Adaptive,5,9,4,449,449,0,100.0000
SQLi,customapp,customapp,login,Python/SQLite,anthropic/claude-opus-4.7,model_shift,0.5,CG-Adaptive,5,10,9,449,449,0,100.0000
SQLi,customapp,customapp,login,Python/SQLite,anthropic/claude-opus-4.7,model_shift,0.5,CG-Static,1,1,5,338,338,0,100.0000
SQLi,customapp,customapp,login,Python/SQLite,anthropic/claude-opus-4.7,model_shift,0.5,CG-Static,1,2,4,338,334,4,98.8166
SQLi,customapp,customapp,login,Python/SQLite,anthropic/claude-opus-4.7,model_shift,0.5,CG-Static,1,3,4,338,338,0,100.0000
SQLi,customapp,customapp,login,Python/SQLite,anthropic/claude-opus-4.7,model_shift,0.5,CG-Static,1,4,5,338,338,0,100.0000
SQLi,customapp,customapp,login,Python/SQLite,anthropic/claude-opus-4.7,model_shift,0.5,CG-Static,1,5,6,338,338,0,100.0000
SQLi,customapp,customapp,login,Python/SQLite,anthropic/claude-opus-4.7,model_shift,0.5,CG-Static,1,6,4,338,338,0,100.0000
SQLi,customapp,customapp,login,Python/SQLite,anthropic/claude-opus-4.7,model_shift,0.5,CG-Static,1,7,6,338,338,0,100.0000
SQLi,customapp,customapp,login,Python/SQLite,anthropic/claude-opus-4.7,model_shift,0.5,CG-Static,1,8,7,338,338,0,100.0000
SQLi,customapp,customapp,login,Python/SQLite,anthropic/claude-opus-4.7,model_shift,0.5,CG-Static,1,9,5,338,338,0,100.0000
SQLi,customapp,customapp,login,Python/SQLite,anthropic/claude-opus-4.7,model_shift,0.5,CG-Static,1,10,4,338,338,0,100.0000
SQLi,customapp,customapp,login,Python/SQLite,anthropic/claude-opus-4.7,model_shift,0.5,CG-Static,2,1,5,444,444,0,100.0000
SQLi,customapp,customapp,login,Python/SQLite,anthropic/claude-opus-4.7,model_shift,0.5,CG-Static,2,2,4,444,430,14,96.8468
SQLi,customapp,customapp,login,Python/SQLite,anthropic/claude-opus-4.7,model_shift,0.5,CG-Static,2,3,4,444,444,0,100.0000
SQLi,customapp,customapp,login,Python/SQLite,anthropic/claude-opus-4.7,model_shift,0.5,CG-Static,2,4,5,444,444,0,100.0000
SQLi,customapp,customapp,login,Python/SQLite,anthropic/claude-opus-4.7,model_shift,0.5,CG-Static,2,5,6,444,444,0,100.0000
SQLi,customapp,customapp,login,Python/SQLite,anthropic/claude-opus-4.7,model_shift,0.5,CG-Static,2,6,4,444,444,0,100.0000
SQLi,customapp,customapp,login,Python/SQLite,anthropic/claude-opus-4.7,model_shift,0.5,CG-Static,2,7,6,444,444,0,100.0000
SQLi,customapp,customapp,login,Python/SQLite,anthropic/claude-opus-4.7,model_shift,0.5,CG-Static,2,8,7,444,444,0,100.0000
SQLi,customapp,customapp,login,Python/SQLite,anthropic/claude-opus-4.7,model_shift,0.5,CG-Static,2,9,5,444,444,0,100.0000
SQLi,customapp,customapp,login,Python/SQLite,anthropic/claude-opus-4.7,model_shift,0.5,CG-Static,2,10,4,444,444,0,100.0000
SQLi,customapp,customapp,login,Python/SQLite,anthropic/claude-opus-4.7,model_shift,0.5,CG-Static,3,1,5,451,451,0,100.0000
SQLi,customapp,customapp,login,Python/SQLite,anthropic/claude-opus-4.7,model_shift,0.5,CG-Static,3,2,4,451,442,9,98.0044
SQLi,customapp,customapp,login,Python/SQLite,anthropic/claude-opus-4.7,model_shift,0.5,CG-Static,3,3,4,451,451,0,100.0000
SQLi,customapp,customapp,login,Python/SQLite,anthropic/claude-opus-4.7,model_shift,0.5,CG-Static,3,4,5,451,451,0,100.0000
SQLi,customapp,customapp,login,Python/SQLite,anthropic/claude-opus-4.7,model_shift,0.5,CG-Static,3,5,6,451,451,0,100.0000
SQLi,customapp,customapp,login,Python/SQLite,anthropic/claude-opus-4.7,model_shift,0.5,CG-Static,3,6,4,451,451,0,100.0000
SQLi,customapp,customapp,login,Python/SQLite,anthropic/claude-opus-4.7,model_shift,0.5,CG-Static,3,7,6,451,451,0,100.0000
SQLi,customapp,customapp,login,Python/SQLite,anthropic/claude-opus-4.7,model_shift,0.5,CG-Static,3,8,7,451,451,0,100.0000
SQLi,customapp,customapp,login,Python/SQLite,anthropic/claude-opus-4.7,model_shift,0.5,CG-Static,3,9,5,451,451,0,100.0000
SQLi,customapp,customapp,login,Python/SQLite,anthropic/claude-opus-4.7,model_shift,0.5,CG-Static,3,10,4,451,451,0,100.0000
SQLi,customapp,customapp,login,Python/SQLite,anthropic/claude-opus-4.7,model_shift,0.5,CG-Static,4,1,5,417,417,0,100.0000
SQLi,customapp,customapp,login,Python/SQLite,anthropic/claude-opus-4.7,model_shift,0.5,CG-Static,4,2,4,417,413,4,99.0408
SQLi,customapp,customapp,login,Python/SQLite,anthropic/claude-opus-4.7,model_shift,0.5,CG-Static,4,3,4,417,417,0,100.0000
SQLi,customapp,customapp,login,Python/SQLite,anthropic/claude-opus-4.7,model_shift,0.5,CG-Static,4,4,5,417,417,0,100.0000
SQLi,customapp,customapp,login,Python/SQLite,anthropic/claude-opus-4.7,model_shift,0.5,CG-Static,4,5,6,417,417,0,100.0000
SQLi,customapp,customapp,login,Python/SQLite,anthropic/claude-opus-4.7,model_shift,0.5,CG-Static,4,6,4,417,417,0,100.0000
SQLi,customapp,customapp,login,Python/SQLite,anthropic/claude-opus-4.7,model_shift,0.5,CG-Static,4,7,6,417,417,0,100.0000
SQLi,customapp,customapp,login,Python/SQLite,anthropic/claude-opus-4.7,model_shift,0.5,CG-Static,4,8,7,417,417,0,100.0000
SQLi,customapp,customapp,login,Python/SQLite,anthropic/claude-opus-4.7,model_shift,0.5,CG-Static,4,9,5,417,417,0,100.0000
SQLi,customapp,customapp,login,Python/SQLite,anthropic/claude-opus-4.7,model_shift,0.5,CG-Static,4,10,4,417,417,0,100.0000
SQLi,customapp,customapp,login,Python/SQLite,anthropic/claude-opus-4.7,model_shift,0.5,CG-Static,5,1,5,449,449,0,100.0000
SQLi,customapp,customapp,login,Python/SQLite,anthropic/claude-opus-4.7,model_shift,0.5,CG-Static,5,2,4,449,438,11,97.5501
SQLi,customapp,customapp,login,Python/SQLite,anthropic/claude-opus-4.7,model_shift,0.5,CG-Static,5,3,4,449,449,0,100.0000
SQLi,customapp,customapp,login,Python/SQLite,anthropic/claude-opus-4.7,model_shift,0.5,CG-Static,5,4,5,449,449,0,100.0000
SQLi,customapp,customapp,login,Python/SQLite,anthropic/claude-opus-4.7,model_shift,0.5,CG-Static,5,5,6,449,449,0,100.0000
SQLi,customapp,customapp,login,Python/SQLite,anthropic/claude-opus-4.7,model_shift,0.5,CG-Static,5,6,4,449,449,0,100.0000
SQLi,customapp,customapp,login,Python/SQLite,anthropic/claude-opus-4.7,model_shift,0.5,CG-Static,5,7,6,449,449,0,100.0000
SQLi,customapp,customapp,login,Python/SQLite,anthropic/claude-opus-4.7,model_shift,0.5,CG-Static,5,8,7,449,449,0,100.0000
SQLi,customapp,customapp,login,Python/SQLite,anthropic/claude-opus-4.7,model_shift,0.5,CG-Static,5,9,5,449,449,0,100.0000
SQLi,customapp,customapp,login,Python/SQLite,anthropic/claude-opus-4.7,model_shift,0.5,CG-Static,5,10,4,449,449,0,100.0000
SQLi,customapp,customapp,login,Python/SQLite,anthropic/claude-opus-4.7,model_shift,0.5,CRS-only,1,0,0,338,0,338,0.0000
SQLi,customapp,customapp,login,Python/SQLite,anthropic/claude-opus-4.7,model_shift,0.5,CRS-only,2,0,0,444,0,444,0.0000
SQLi,customapp,customapp,login,Python/SQLite,anthropic/claude-opus-4.7,model_shift,0.5,CRS-only,3,0,0,451,0,451,0.0000
SQLi,customapp,customapp,login,Python/SQLite,anthropic/claude-opus-4.7,model_shift,0.5,CRS-only,4,0,0,417,0,417,0.0000
SQLi,customapp,customapp,login,Python/SQLite,anthropic/claude-opus-4.7,model_shift,0.5,CRS-only,5,0,0,449,0,449,0.0000
SQLi,customapp,customapp,product,Python/SQLite,anthropic/claude-opus-4.7,model_shift,0.1,CG-Adaptive,1,1,4,430,430,0,100.0000
SQLi,customapp,customapp,product,Python/SQLite,anthropic/claude-opus-4.7,model_shift,0.1,CG-Adaptive,1,2,5,430,430,0,100.0000
SQLi,customapp,customapp,product,Python/SQLite,anthropic/claude-opus-4.7,model_shift,0.1,CG-Adaptive,1,3,5,430,430,0,100.0000
SQLi,customapp,customapp,product,Python/SQLite,anthropic/claude-opus-4.7,model_shift,0.1,CG-Adaptive,1,4,7,430,430,0,100.0000
SQLi,customapp,customapp,product,Python/SQLite,anthropic/claude-opus-4.7,model_shift,0.1,CG-Adaptive,1,5,5,430,430,0,100.0000
SQLi,customapp,customapp,product,Python/SQLite,anthropic/claude-opus-4.7,model_shift,0.1,CG-Adaptive,1,6,7,430,430,0,100.0000
SQLi,customapp,customapp,product,Python/SQLite,anthropic/claude-opus-4.7,model_shift,0.1,CG-Adaptive,1,7,5,430,430,0,100.0000
SQLi,customapp,customapp,product,Python/SQLite,anthropic/claude-opus-4.7,model_shift,0.1,CG-Adaptive,1,8,5,430,430,0,100.0000
SQLi,customapp,customapp,product,Python/SQLite,anthropic/claude-opus-4.7,model_shift,0.1,CG-Adaptive,1,9,7,430,430,0,100.0000
SQLi,customapp,customapp,product,Python/SQLite,anthropic/claude-opus-4.7,model_shift,0.1,CG-Adaptive,1,10,10,430,430,0,100.0000
SQLi,customapp,customapp,product,Python/SQLite,anthropic/claude-opus-4.7,model_shift,0.1,CG-Adaptive,2,1,4,436,436,0,100.0000
SQLi,customapp,customapp,product,Python/SQLite,anthropic/claude-opus-4.7,model_shift,0.1,CG-Adaptive,2,2,5,436,436,0,100.0000
SQLi,customapp,customapp,product,Python/SQLite,anthropic/claude-opus-4.7,model_shift,0.1,CG-Adaptive,2,3,5,436,436,0,100.0000
SQLi,customapp,customapp,product,Python/SQLite,anthropic/claude-opus-4.7,model_shift,0.1,CG-Adaptive,2,4,7,436,436,0,100.0000
SQLi,customapp,customapp,product,Python/SQLite,anthropic/claude-opus-4.7,model_shift,0.1,CG-Adaptive,2,5,5,436,436,0,100.0000
SQLi,customapp,customapp,product,Python/SQLite,anthropic/claude-opus-4.7,model_shift,0.1,CG-Adaptive,2,6,7,436,436,0,100.0000
SQLi,customapp,customapp,product,Python/SQLite,anthropic/claude-opus-4.7,model_shift,0.1,CG-Adaptive,2,7,5,436,436,0,100.0000
SQLi,customapp,customapp,product,Python/SQLite,anthropic/claude-opus-4.7,model_shift,0.1,CG-Adaptive,2,8,5,436,436,0,100.0000
SQLi,customapp,customapp,product,Python/SQLite,anthropic/claude-opus-4.7,model_shift,0.1,CG-Adaptive,2,9,7,436,436,0,100.0000
SQLi,customapp,customapp,product,Python/SQLite,anthropic/claude-opus-4.7,model_shift,0.1,CG-Adaptive,2,10,10,436,436,0,100.0000
SQLi,customapp,customapp,product,Python/SQLite,anthropic/claude-opus-4.7,model_shift,0.1,CG-Adaptive,3,1,4,430,430,0,100.0000
SQLi,customapp,customapp,product,Python/SQLite,anthropic/claude-opus-4.7,model_shift,0.1,CG-Adaptive,3,2,5,430,430,0,100.0000
SQLi,customapp,customapp,product,Python/SQLite,anthropic/claude-opus-4.7,model_shift,0.1,CG-Adaptive,3,3,5,430,430,0,100.0000
SQLi,customapp,customapp,product,Python/SQLite,anthropic/claude-opus-4.7,model_shift,0.1,CG-Adaptive,3,4,7,430,430,0,100.0000
SQLi,customapp,customapp,product,Python/SQLite,anthropic/claude-opus-4.7,model_shift,0.1,CG-Adaptive,3,5,5,430,430,0,100.0000
SQLi,customapp,customapp,product,Python/SQLite,anthropic/claude-opus-4.7,model_shift,0.1,CG-Adaptive,3,6,7,430,430,0,100.0000
SQLi,customapp,customapp,product,Python/SQLite,anthropic/claude-opus-4.7,model_shift,0.1,CG-Adaptive,3,7,5,430,430,0,100.0000
SQLi,customapp,customapp,product,Python/SQLite,anthropic/claude-opus-4.7,model_shift,0.1,CG-Adaptive,3,8,5,430,430,0,100.0000
SQLi,customapp,customapp,product,Python/SQLite,anthropic/claude-opus-4.7,model_shift,0.1,CG-Adaptive,3,9,7,430,430,0,100.0000
SQLi,customapp,customapp,product,Python/SQLite,anthropic/claude-opus-4.7,model_shift,0.1,CG-Adaptive,3,10,10,430,430,0,100.0000
SQLi,customapp,customapp,product,Python/SQLite,anthropic/claude-opus-4.7,model_shift,0.1,CG-Adaptive,4,1,4,414,414,0,100.0000
SQLi,customapp,customapp,product,Python/SQLite,anthropic/claude-opus-4.7,model_shift,0.1,CG-Adaptive,4,2,5,414,414,0,100.0000
SQLi,customapp,customapp,product,Python/SQLite,anthropic/claude-opus-4.7,model_shift,0.1,CG-Adaptive,4,3,5,414,414,0,100.0000
SQLi,customapp,customapp,product,Python/SQLite,anthropic/claude-opus-4.7,model_shift,0.1,CG-Adaptive,4,4,7,414,414,0,100.0000
SQLi,customapp,customapp,product,Python/SQLite,anthropic/claude-opus-4.7,model_shift,0.1,CG-Adaptive,4,5,5,414,414,0,100.0000
SQLi,customapp,customapp,product,Python/SQLite,anthropic/claude-opus-4.7,model_shift,0.1,CG-Adaptive,4,6,7,414,414,0,100.0000
SQLi,customapp,customapp,product,Python/SQLite,anthropic/claude-opus-4.7,model_shift,0.1,CG-Adaptive,4,7,5,414,414,0,100.0000
SQLi,customapp,customapp,product,Python/SQLite,anthropic/claude-opus-4.7,model_shift,0.1,CG-Adaptive,4,8,5,414,414,0,100.0000
SQLi,customapp,customapp,product,Python/SQLite,anthropic/claude-opus-4.7,model_shift,0.1,CG-Adaptive,4,9,7,414,414,0,100.0000
SQLi,customapp,customapp,product,Python/SQLite,anthropic/claude-opus-4.7,model_shift,0.1,CG-Adaptive,4,10,10,414,414,0,100.0000
SQLi,customapp,customapp,product,Python/SQLite,anthropic/claude-opus-4.7,model_shift,0.1,CG-Adaptive,5,1,4,399,399,0,100.0000
SQLi,customapp,customapp,product,Python/SQLite,anthropic/claude-opus-4.7,model_shift,0.1,CG-Adaptive,5,2,5,399,399,0,100.0000
SQLi,customapp,customapp,product,Python/SQLite,anthropic/claude-opus-4.7,model_shift,0.1,CG-Adaptive,5,3,5,399,399,0,100.0000
SQLi,customapp,customapp,product,Python/SQLite,anthropic/claude-opus-4.7,model_shift,0.1,CG-Adaptive,5,4,7,399,399,0,100.0000
SQLi,customapp,customapp,product,Python/SQLite,anthropic/claude-opus-4.7,model_shift,0.1,CG-Adaptive,5,5,5,399,399,0,100.0000
SQLi,customapp,customapp,product,Python/SQLite,anthropic/claude-opus-4.7,model_shift,0.1,CG-Adaptive,5,6,7,399,399,0,100.0000
SQLi,customapp,customapp,product,Python/SQLite,anthropic/claude-opus-4.7,model_shift,0.1,CG-Adaptive,5,7,5,399,399,0,100.0000
SQLi,customapp,customapp,product,Python/SQLite,anthropic/claude-opus-4.7,model_shift,0.1,CG-Adaptive,5,8,5,399,399,0,100.0000
SQLi,customapp,customapp,product,Python/SQLite,anthropic/claude-opus-4.7,model_shift,0.1,CG-Adaptive,5,9,7,399,399,0,100.0000
SQLi,customapp,customapp,product,Python/SQLite,anthropic/claude-opus-4.7,model_shift,0.1,CG-Adaptive,5,10,10,399,399,0,100.0000
SQLi,customapp,customapp,product,Python/SQLite,anthropic/claude-opus-4.7,model_shift,0.1,CG-Static,1,1,5,430,430,0,100.0000
SQLi,customapp,customapp,product,Python/SQLite,anthropic/claude-opus-4.7,model_shift,0.1,CG-Static,1,2,4,430,430,0,100.0000
SQLi,customapp,customapp,product,Python/SQLite,anthropic/claude-opus-4.7,model_shift,0.1,CG-Static,1,3,4,430,430,0,100.0000
SQLi,customapp,customapp,product,Python/SQLite,anthropic/claude-opus-4.7,model_shift,0.1,CG-Static,1,4,5,430,430,0,100.0000
SQLi,customapp,customapp,product,Python/SQLite,anthropic/claude-opus-4.7,model_shift,0.1,CG-Static,1,5,4,430,430,0,100.0000
SQLi,customapp,customapp,product,Python/SQLite,anthropic/claude-opus-4.7,model_shift,0.1,CG-Static,1,6,6,430,430,0,100.0000
SQLi,customapp,customapp,product,Python/SQLite,anthropic/claude-opus-4.7,model_shift,0.1,CG-Static,1,7,4,430,430,0,100.0000
SQLi,customapp,customapp,product,Python/SQLite,anthropic/claude-opus-4.7,model_shift,0.1,CG-Static,1,8,4,430,430,0,100.0000
SQLi,customapp,customapp,product,Python/SQLite,anthropic/claude-opus-4.7,model_shift,0.1,CG-Static,1,9,4,430,430,0,100.0000
SQLi,customapp,customapp,product,Python/SQLite,anthropic/claude-opus-4.7,model_shift,0.1,CG-Static,1,10,5,430,430,0,100.0000
SQLi,customapp,customapp,product,Python/SQLite,anthropic/claude-opus-4.7,model_shift,0.1,CG-Static,2,1,5,436,436,0,100.0000
SQLi,customapp,customapp,product,Python/SQLite,anthropic/claude-opus-4.7,model_shift,0.1,CG-Static,2,2,4,436,436,0,100.0000
SQLi,customapp,customapp,product,Python/SQLite,anthropic/claude-opus-4.7,model_shift,0.1,CG-Static,2,3,4,436,436,0,100.0000
SQLi,customapp,customapp,product,Python/SQLite,anthropic/claude-opus-4.7,model_shift,0.1,CG-Static,2,4,5,436,436,0,100.0000
SQLi,customapp,customapp,product,Python/SQLite,anthropic/claude-opus-4.7,model_shift,0.1,CG-Static,2,5,4,436,436,0,100.0000
SQLi,customapp,customapp,product,Python/SQLite,anthropic/claude-opus-4.7,model_shift,0.1,CG-Static,2,6,6,436,436,0,100.0000
SQLi,customapp,customapp,product,Python/SQLite,anthropic/claude-opus-4.7,model_shift,0.1,CG-Static,2,7,4,436,436,0,100.0000
SQLi,customapp,customapp,product,Python/SQLite,anthropic/claude-opus-4.7,model_shift,0.1,CG-Static,2,8,4,436,436,0,100.0000
SQLi,customapp,customapp,product,Python/SQLite,anthropic/claude-opus-4.7,model_shift,0.1,CG-Static,2,9,4,436,436,0,100.0000
SQLi,customapp,customapp,product,Python/SQLite,anthropic/claude-opus-4.7,model_shift,0.1,CG-Static,2,10,5,436,436,0,100.0000
SQLi,customapp,customapp,product,Python/SQLite,anthropic/claude-opus-4.7,model_shift,0.1,CG-Static,3,1,5,430,430,0,100.0000
SQLi,customapp,customapp,product,Python/SQLite,anthropic/claude-opus-4.7,model_shift,0.1,CG-Static,3,2,4,430,430,0,100.0000
SQLi,customapp,customapp,product,Python/SQLite,anthropic/claude-opus-4.7,model_shift,0.1,CG-Static,3,3,4,430,430,0,100.0000
SQLi,customapp,customapp,product,Python/SQLite,anthropic/claude-opus-4.7,model_shift,0.1,CG-Static,3,4,5,430,430,0,100.0000
SQLi,customapp,customapp,product,Python/SQLite,anthropic/claude-opus-4.7,model_shift,0.1,CG-Static,3,5,4,430,430,0,100.0000
SQLi,customapp,customapp,product,Python/SQLite,anthropic/claude-opus-4.7,model_shift,0.1,CG-Static,3,6,6,430,430,0,100.0000
SQLi,customapp,customapp,product,Python/SQLite,anthropic/claude-opus-4.7,model_shift,0.1,CG-Static,3,7,4,430,430,0,100.0000
SQLi,customapp,customapp,product,Python/SQLite,anthropic/claude-opus-4.7,model_shift,0.1,CG-Static,3,8,4,430,430,0,100.0000
SQLi,customapp,customapp,product,Python/SQLite,anthropic/claude-opus-4.7,model_shift,0.1,CG-Static,3,9,4,430,430,0,100.0000
SQLi,customapp,customapp,product,Python/SQLite,anthropic/claude-opus-4.7,model_shift,0.1,CG-Static,3,10,5,430,430,0,100.0000
SQLi,customapp,customapp,product,Python/SQLite,anthropic/claude-opus-4.7,model_shift,0.1,CG-Static,4,1,5,414,414,0,100.0000
SQLi,customapp,customapp,product,Python/SQLite,anthropic/claude-opus-4.7,model_shift,0.1,CG-Static,4,2,4,414,414,0,100.0000
SQLi,customapp,customapp,product,Python/SQLite,anthropic/claude-opus-4.7,model_shift,0.1,CG-Static,4,3,4,414,414,0,100.0000
SQLi,customapp,customapp,product,Python/SQLite,anthropic/claude-opus-4.7,model_shift,0.1,CG-Static,4,4,5,414,414,0,100.0000
SQLi,customapp,customapp,product,Python/SQLite,anthropic/claude-opus-4.7,model_shift,0.1,CG-Static,4,5,4,414,414,0,100.0000
SQLi,customapp,customapp,product,Python/SQLite,anthropic/claude-opus-4.7,model_shift,0.1,CG-Static,4,6,6,414,414,0,100.0000
SQLi,customapp,customapp,product,Python/SQLite,anthropic/claude-opus-4.7,model_shift,0.1,CG-Static,4,7,4,414,414,0,100.0000
SQLi,customapp,customapp,product,Python/SQLite,anthropic/claude-opus-4.7,model_shift,0.1,CG-Static,4,8,4,414,414,0,100.0000
SQLi,customapp,customapp,product,Python/SQLite,anthropic/claude-opus-4.7,model_shift,0.1,CG-Static,4,9,4,414,414,0,100.0000
SQLi,customapp,customapp,product,Python/SQLite,anthropic/claude-opus-4.7,model_shift,0.1,CG-Static,4,10,5,414,414,0,100.0000
SQLi,customapp,customapp,product,Python/SQLite,anthropic/claude-opus-4.7,model_shift,0.1,CG-Static,5,1,5,399,399,0,100.0000
SQLi,customapp,customapp,product,Python/SQLite,anthropic/claude-opus-4.7,model_shift,0.1,CG-Static,5,2,4,399,399,0,100.0000
SQLi,customapp,customapp,product,Python/SQLite,anthropic/claude-opus-4.7,model_shift,0.1,CG-Static,5,3,4,399,399,0,100.0000
SQLi,customapp,customapp,product,Python/SQLite,anthropic/claude-opus-4.7,model_shift,0.1,CG-Static,5,4,5,399,399,0,100.0000
SQLi,customapp,customapp,product,Python/SQLite,anthropic/claude-opus-4.7,model_shift,0.1,CG-Static,5,5,4,399,399,0,100.0000
SQLi,customapp,customapp,product,Python/SQLite,anthropic/claude-opus-4.7,model_shift,0.1,CG-Static,5,6,6,399,399,0,100.0000
SQLi,customapp,customapp,product,Python/SQLite,anthropic/claude-opus-4.7,model_shift,0.1,CG-Static,5,7,4,399,399,0,100.0000
SQLi,customapp,customapp,product,Python/SQLite,anthropic/claude-opus-4.7,model_shift,0.1,CG-Static,5,8,4,399,399,0,100.0000
SQLi,customapp,customapp,product,Python/SQLite,anthropic/claude-opus-4.7,model_shift,0.1,CG-Static,5,9,4,399,399,0,100.0000
SQLi,customapp,customapp,product,Python/SQLite,anthropic/claude-opus-4.7,model_shift,0.1,CG-Static,5,10,5,399,399,0,100.0000
SQLi,customapp,customapp,product,Python/SQLite,anthropic/claude-opus-4.7,model_shift,0.1,CRS-only,1,0,0,430,0,430,0.0000
SQLi,customapp,customapp,product,Python/SQLite,anthropic/claude-opus-4.7,model_shift,0.1,CRS-only,2,0,0,436,0,436,0.0000
SQLi,customapp,customapp,product,Python/SQLite,anthropic/claude-opus-4.7,model_shift,0.1,CRS-only,3,0,0,430,0,430,0.0000
SQLi,customapp,customapp,product,Python/SQLite,anthropic/claude-opus-4.7,model_shift,0.1,CRS-only,4,0,0,414,0,414,0.0000
SQLi,customapp,customapp,product,Python/SQLite,anthropic/claude-opus-4.7,model_shift,0.1,CRS-only,5,0,0,399,0,399,0.0000
SQLi,customapp,customapp,product,Python/SQLite,anthropic/claude-opus-4.7,model_shift,0.2,CG-Adaptive,1,1,5,430,430,0,100.0000
SQLi,customapp,customapp,product,Python/SQLite,anthropic/claude-opus-4.7,model_shift,0.2,CG-Adaptive,1,2,5,430,430,0,100.0000
SQLi,customapp,customapp,product,Python/SQLite,anthropic/claude-opus-4.7,model_shift,0.2,CG-Adaptive,1,3,5,430,430,0,100.0000
SQLi,customapp,customapp,product,Python/SQLite,anthropic/claude-opus-4.7,model_shift,0.2,CG-Adaptive,1,4,5,430,430,0,100.0000
SQLi,customapp,customapp,product,Python/SQLite,anthropic/claude-opus-4.7,model_shift,0.2,CG-Adaptive,1,5,4,430,430,0,100.0000
SQLi,customapp,customapp,product,Python/SQLite,anthropic/claude-opus-4.7,model_shift,0.2,CG-Adaptive,1,6,5,430,430,0,100.0000
SQLi,customapp,customapp,product,Python/SQLite,anthropic/claude-opus-4.7,model_shift,0.2,CG-Adaptive,1,7,6,430,430,0,100.0000
SQLi,customapp,customapp,product,Python/SQLite,anthropic/claude-opus-4.7,model_shift,0.2,CG-Adaptive,1,8,5,430,430,0,100.0000
SQLi,customapp,customapp,product,Python/SQLite,anthropic/claude-opus-4.7,model_shift,0.2,CG-Adaptive,1,9,5,430,430,0,100.0000
SQLi,customapp,customapp,product,Python/SQLite,anthropic/claude-opus-4.7,model_shift,0.2,CG-Adaptive,1,10,4,430,430,0,100.0000
SQLi,customapp,customapp,product,Python/SQLite,anthropic/claude-opus-4.7,model_shift,0.2,CG-Adaptive,2,1,5,436,436,0,100.0000
SQLi,customapp,customapp,product,Python/SQLite,anthropic/claude-opus-4.7,model_shift,0.2,CG-Adaptive,2,2,5,436,436,0,100.0000
SQLi,customapp,customapp,product,Python/SQLite,anthropic/claude-opus-4.7,model_shift,0.2,CG-Adaptive,2,3,5,436,436,0,100.0000
SQLi,customapp,customapp,product,Python/SQLite,anthropic/claude-opus-4.7,model_shift,0.2,CG-Adaptive,2,4,5,436,436,0,100.0000
SQLi,customapp,customapp,product,Python/SQLite,anthropic/claude-opus-4.7,model_shift,0.2,CG-Adaptive,2,5,4,436,436,0,100.0000
SQLi,customapp,customapp,product,Python/SQLite,anthropic/claude-opus-4.7,model_shift,0.2,CG-Adaptive,2,6,5,436,436,0,100.0000
SQLi,customapp,customapp,product,Python/SQLite,anthropic/claude-opus-4.7,model_shift,0.2,CG-Adaptive,2,7,6,436,436,0,100.0000
SQLi,customapp,customapp,product,Python/SQLite,anthropic/claude-opus-4.7,model_shift,0.2,CG-Adaptive,2,8,5,436,436,0,100.0000
SQLi,customapp,customapp,product,Python/SQLite,anthropic/claude-opus-4.7,model_shift,0.2,CG-Adaptive,2,9,5,436,436,0,100.0000
SQLi,customapp,customapp,product,Python/SQLite,anthropic/claude-opus-4.7,model_shift,0.2,CG-Adaptive,2,10,4,436,436,0,100.0000
SQLi,customapp,customapp,product,Python/SQLite,anthropic/claude-opus-4.7,model_shift,0.2,CG-Adaptive,3,1,5,430,430,0,100.0000
SQLi,customapp,customapp,product,Python/SQLite,anthropic/claude-opus-4.7,model_shift,0.2,CG-Adaptive,3,2,5,430,430,0,100.0000
SQLi,customapp,customapp,product,Python/SQLite,anthropic/claude-opus-4.7,model_shift,0.2,CG-Adaptive,3,3,5,430,430,0,100.0000
SQLi,customapp,customapp,product,Python/SQLite,anthropic/claude-opus-4.7,model_shift,0.2,CG-Adaptive,3,4,5,430,430,0,100.0000
SQLi,customapp,customapp,product,Python/SQLite,anthropic/claude-opus-4.7,model_shift,0.2,CG-Adaptive,3,5,4,430,430,0,100.0000
SQLi,customapp,customapp,product,Python/SQLite,anthropic/claude-opus-4.7,model_shift,0.2,CG-Adaptive,3,6,5,430,430,0,100.0000
SQLi,customapp,customapp,product,Python/SQLite,anthropic/claude-opus-4.7,model_shift,0.2,CG-Adaptive,3,7,6,430,430,0,100.0000
SQLi,customapp,customapp,product,Python/SQLite,anthropic/claude-opus-4.7,model_shift,0.2,CG-Adaptive,3,8,5,430,430,0,100.0000
SQLi,customapp,customapp,product,Python/SQLite,anthropic/claude-opus-4.7,model_shift,0.2,CG-Adaptive,3,9,5,430,430,0,100.0000
SQLi,customapp,customapp,product,Python/SQLite,anthropic/claude-opus-4.7,model_shift,0.2,CG-Adaptive,3,10,4,430,430,0,100.0000
SQLi,customapp,customapp,product,Python/SQLite,anthropic/claude-opus-4.7,model_shift,0.2,CG-Adaptive,4,1,5,414,414,0,100.0000
SQLi,customapp,customapp,product,Python/SQLite,anthropic/claude-opus-4.7,model_shift,0.2,CG-Adaptive,4,2,5,414,414,0,100.0000
SQLi,customapp,customapp,product,Python/SQLite,anthropic/claude-opus-4.7,model_shift,0.2,CG-Adaptive,4,3,5,414,414,0,100.0000
SQLi,customapp,customapp,product,Python/SQLite,anthropic/claude-opus-4.7,model_shift,0.2,CG-Adaptive,4,4,5,414,414,0,100.0000
SQLi,customapp,customapp,product,Python/SQLite,anthropic/claude-opus-4.7,model_shift,0.2,CG-Adaptive,4,5,4,414,414,0,100.0000
SQLi,customapp,customapp,product,Python/SQLite,anthropic/claude-opus-4.7,model_shift,0.2,CG-Adaptive,4,6,5,414,414,0,100.0000
SQLi,customapp,customapp,product,Python/SQLite,anthropic/claude-opus-4.7,model_shift,0.2,CG-Adaptive,4,7,6,414,414,0,100.0000
SQLi,customapp,customapp,product,Python/SQLite,anthropic/claude-opus-4.7,model_shift,0.2,CG-Adaptive,4,8,5,414,414,0,100.0000
SQLi,customapp,customapp,product,Python/SQLite,anthropic/claude-opus-4.7,model_shift,0.2,CG-Adaptive,4,9,5,414,414,0,100.0000
SQLi,customapp,customapp,product,Python/SQLite,anthropic/claude-opus-4.7,model_shift,0.2,CG-Adaptive,4,10,4,414,414,0,100.0000
SQLi,customapp,customapp,product,Python/SQLite,anthropic/claude-opus-4.7,model_shift,0.2,CG-Adaptive,5,1,5,399,399,0,100.0000
SQLi,customapp,customapp,product,Python/SQLite,anthropic/claude-opus-4.7,model_shift,0.2,CG-Adaptive,5,2,5,399,399,0,100.0000
SQLi,customapp,customapp,product,Python/SQLite,anthropic/claude-opus-4.7,model_shift,0.2,CG-Adaptive,5,3,5,399,399,0,100.0000
SQLi,customapp,customapp,product,Python/SQLite,anthropic/claude-opus-4.7,model_shift,0.2,CG-Adaptive,5,4,5,399,399,0,100.0000
SQLi,customapp,customapp,product,Python/SQLite,anthropic/claude-opus-4.7,model_shift,0.2,CG-Adaptive,5,5,4,399,399,0,100.0000
SQLi,customapp,customapp,product,Python/SQLite,anthropic/claude-opus-4.7,model_shift,0.2,CG-Adaptive,5,6,5,399,399,0,100.0000
SQLi,customapp,customapp,product,Python/SQLite,anthropic/claude-opus-4.7,model_shift,0.2,CG-Adaptive,5,7,6,399,399,0,100.0000
SQLi,customapp,customapp,product,Python/SQLite,anthropic/claude-opus-4.7,model_shift,0.2,CG-Adaptive,5,8,5,399,399,0,100.0000
SQLi,customapp,customapp,product,Python/SQLite,anthropic/claude-opus-4.7,model_shift,0.2,CG-Adaptive,5,9,5,399,399,0,100.0000
SQLi,customapp,customapp,product,Python/SQLite,anthropic/claude-opus-4.7,model_shift,0.2,CG-Adaptive,5,10,4,399,399,0,100.0000
SQLi,customapp,customapp,product,Python/SQLite,anthropic/claude-opus-4.7,model_shift,0.2,CG-Static,1,1,5,430,430,0,100.0000
SQLi,customapp,customapp,product,Python/SQLite,anthropic/claude-opus-4.7,model_shift,0.2,CG-Static,1,2,4,430,430,0,100.0000
SQLi,customapp,customapp,product,Python/SQLite,anthropic/claude-opus-4.7,model_shift,0.2,CG-Static,1,3,4,430,430,0,100.0000
SQLi,customapp,customapp,product,Python/SQLite,anthropic/claude-opus-4.7,model_shift,0.2,CG-Static,1,4,5,430,430,0,100.0000
SQLi,customapp,customapp,product,Python/SQLite,anthropic/claude-opus-4.7,model_shift,0.2,CG-Static,1,5,5,430,430,0,100.0000
SQLi,customapp,customapp,product,Python/SQLite,anthropic/claude-opus-4.7,model_shift,0.2,CG-Static,1,6,4,430,430,0,100.0000
SQLi,customapp,customapp,product,Python/SQLite,anthropic/claude-opus-4.7,model_shift,0.2,CG-Static,1,7,4,430,430,0,100.0000
SQLi,customapp,customapp,product,Python/SQLite,anthropic/claude-opus-4.7,model_shift,0.2,CG-Static,1,8,4,430,430,0,100.0000
SQLi,customapp,customapp,product,Python/SQLite,anthropic/claude-opus-4.7,model_shift,0.2,CG-Static,1,9,4,430,430,0,100.0000
SQLi,customapp,customapp,product,Python/SQLite,anthropic/claude-opus-4.7,model_shift,0.2,CG-Static,1,10,5,430,430,0,100.0000
SQLi,customapp,customapp,product,Python/SQLite,anthropic/claude-opus-4.7,model_shift,0.2,CG-Static,2,1,5,436,436,0,100.0000
SQLi,customapp,customapp,product,Python/SQLite,anthropic/claude-opus-4.7,model_shift,0.2,CG-Static,2,2,4,436,436,0,100.0000
SQLi,customapp,customapp,product,Python/SQLite,anthropic/claude-opus-4.7,model_shift,0.2,CG-Static,2,3,4,436,436,0,100.0000
SQLi,customapp,customapp,product,Python/SQLite,anthropic/claude-opus-4.7,model_shift,0.2,CG-Static,2,4,5,436,436,0,100.0000
SQLi,customapp,customapp,product,Python/SQLite,anthropic/claude-opus-4.7,model_shift,0.2,CG-Static,2,5,5,436,436,0,100.0000
SQLi,customapp,customapp,product,Python/SQLite,anthropic/claude-opus-4.7,model_shift,0.2,CG-Static,2,6,4,436,436,0,100.0000
SQLi,customapp,customapp,product,Python/SQLite,anthropic/claude-opus-4.7,model_shift,0.2,CG-Static,2,7,4,436,436,0,100.0000
SQLi,customapp,customapp,product,Python/SQLite,anthropic/claude-opus-4.7,model_shift,0.2,CG-Static,2,8,4,436,436,0,100.0000
SQLi,customapp,customapp,product,Python/SQLite,anthropic/claude-opus-4.7,model_shift,0.2,CG-Static,2,9,4,436,436,0,100.0000
SQLi,customapp,customapp,product,Python/SQLite,anthropic/claude-opus-4.7,model_shift,0.2,CG-Static,2,10,5,436,436,0,100.0000
SQLi,customapp,customapp,product,Python/SQLite,anthropic/claude-opus-4.7,model_shift,0.2,CG-Static,3,1,5,430,430,0,100.0000
SQLi,customapp,customapp,product,Python/SQLite,anthropic/claude-opus-4.7,model_shift,0.2,CG-Static,3,2,4,430,430,0,100.0000
SQLi,customapp,customapp,product,Python/SQLite,anthropic/claude-opus-4.7,model_shift,0.2,CG-Static,3,3,4,430,430,0,100.0000
SQLi,customapp,customapp,product,Python/SQLite,anthropic/claude-opus-4.7,model_shift,0.2,CG-Static,3,4,5,430,430,0,100.0000
SQLi,customapp,customapp,product,Python/SQLite,anthropic/claude-opus-4.7,model_shift,0.2,CG-Static,3,5,5,430,430,0,100.0000
SQLi,customapp,customapp,product,Python/SQLite,anthropic/claude-opus-4.7,model_shift,0.2,CG-Static,3,6,4,430,430,0,100.0000
SQLi,customapp,customapp,product,Python/SQLite,anthropic/claude-opus-4.7,model_shift,0.2,CG-Static,3,7,4,430,430,0,100.0000
SQLi,customapp,customapp,product,Python/SQLite,anthropic/claude-opus-4.7,model_shift,0.2,CG-Static,3,8,4,430,430,0,100.0000
SQLi,customapp,customapp,product,Python/SQLite,anthropic/claude-opus-4.7,model_shift,0.2,CG-Static,3,9,4,430,430,0,100.0000
SQLi,customapp,customapp,product,Python/SQLite,anthropic/claude-opus-4.7,model_shift,0.2,CG-Static,3,10,5,430,430,0,100.0000
SQLi,customapp,customapp,product,Python/SQLite,anthropic/claude-opus-4.7,model_shift,0.2,CG-Static,4,1,5,414,414,0,100.0000
SQLi,customapp,customapp,product,Python/SQLite,anthropic/claude-opus-4.7,model_shift,0.2,CG-Static,4,2,4,414,414,0,100.0000
SQLi,customapp,customapp,product,Python/SQLite,anthropic/claude-opus-4.7,model_shift,0.2,CG-Static,4,3,4,414,414,0,100.0000
SQLi,customapp,customapp,product,Python/SQLite,anthropic/claude-opus-4.7,model_shift,0.2,CG-Static,4,4,5,414,414,0,100.0000
SQLi,customapp,customapp,product,Python/SQLite,anthropic/claude-opus-4.7,model_shift,0.2,CG-Static,4,5,5,414,414,0,100.0000
SQLi,customapp,customapp,product,Python/SQLite,anthropic/claude-opus-4.7,model_shift,0.2,CG-Static,4,6,4,414,414,0,100.0000
SQLi,customapp,customapp,product,Python/SQLite,anthropic/claude-opus-4.7,model_shift,0.2,CG-Static,4,7,4,414,414,0,100.0000
SQLi,customapp,customapp,product,Python/SQLite,anthropic/claude-opus-4.7,model_shift,0.2,CG-Static,4,8,4,414,414,0,100.0000
SQLi,customapp,customapp,product,Python/SQLite,anthropic/claude-opus-4.7,model_shift,0.2,CG-Static,4,9,4,414,414,0,100.0000
SQLi,customapp,customapp,product,Python/SQLite,anthropic/claude-opus-4.7,model_shift,0.2,CG-Static,4,10,5,414,414,0,100.0000
SQLi,customapp,customapp,product,Python/SQLite,anthropic/claude-opus-4.7,model_shift,0.2,CG-Static,5,1,5,399,399,0,100.0000
SQLi,customapp,customapp,product,Python/SQLite,anthropic/claude-opus-4.7,model_shift,0.2,CG-Static,5,2,4,399,399,0,100.0000
SQLi,customapp,customapp,product,Python/SQLite,anthropic/claude-opus-4.7,model_shift,0.2,CG-Static,5,3,4,399,399,0,100.0000
SQLi,customapp,customapp,product,Python/SQLite,anthropic/claude-opus-4.7,model_shift,0.2,CG-Static,5,4,5,399,399,0,100.0000
SQLi,customapp,customapp,product,Python/SQLite,anthropic/claude-opus-4.7,model_shift,0.2,CG-Static,5,5,5,399,399,0,100.0000
SQLi,customapp,customapp,product,Python/SQLite,anthropic/claude-opus-4.7,model_shift,0.2,CG-Static,5,6,4,399,399,0,100.0000
SQLi,customapp,customapp,product,Python/SQLite,anthropic/claude-opus-4.7,model_shift,0.2,CG-Static,5,7,4,399,399,0,100.0000
SQLi,customapp,customapp,product,Python/SQLite,anthropic/claude-opus-4.7,model_shift,0.2,CG-Static,5,8,4,399,399,0,100.0000
SQLi,customapp,customapp,product,Python/SQLite,anthropic/claude-opus-4.7,model_shift,0.2,CG-Static,5,9,4,399,399,0,100.0000
SQLi,customapp,customapp,product,Python/SQLite,anthropic/claude-opus-4.7,model_shift,0.2,CG-Static,5,10,5,399,399,0,100.0000
SQLi,customapp,customapp,product,Python/SQLite,anthropic/claude-opus-4.7,model_shift,0.2,CRS-only,1,0,0,430,0,430,0.0000
SQLi,customapp,customapp,product,Python/SQLite,anthropic/claude-opus-4.7,model_shift,0.2,CRS-only,2,0,0,436,0,436,0.0000
SQLi,customapp,customapp,product,Python/SQLite,anthropic/claude-opus-4.7,model_shift,0.2,CRS-only,3,0,0,430,0,430,0.0000
SQLi,customapp,customapp,product,Python/SQLite,anthropic/claude-opus-4.7,model_shift,0.2,CRS-only,4,0,0,414,0,414,0.0000
SQLi,customapp,customapp,product,Python/SQLite,anthropic/claude-opus-4.7,model_shift,0.2,CRS-only,5,0,0,399,0,399,0.0000
SQLi,customapp,customapp,product,Python/SQLite,anthropic/claude-opus-4.7,model_shift,0.3,CG-Adaptive,1,1,7,430,430,0,100.0000
SQLi,customapp,customapp,product,Python/SQLite,anthropic/claude-opus-4.7,model_shift,0.3,CG-Adaptive,1,2,5,430,430,0,100.0000
SQLi,customapp,customapp,product,Python/SQLite,anthropic/claude-opus-4.7,model_shift,0.3,CG-Adaptive,1,3,5,430,430,0,100.0000
SQLi,customapp,customapp,product,Python/SQLite,anthropic/claude-opus-4.7,model_shift,0.3,CG-Adaptive,1,4,6,430,430,0,100.0000
SQLi,customapp,customapp,product,Python/SQLite,anthropic/claude-opus-4.7,model_shift,0.3,CG-Adaptive,1,5,5,430,430,0,100.0000
SQLi,customapp,customapp,product,Python/SQLite,anthropic/claude-opus-4.7,model_shift,0.3,CG-Adaptive,1,6,7,430,430,0,100.0000
SQLi,customapp,customapp,product,Python/SQLite,anthropic/claude-opus-4.7,model_shift,0.3,CG-Adaptive,1,7,5,430,430,0,100.0000
SQLi,customapp,customapp,product,Python/SQLite,anthropic/claude-opus-4.7,model_shift,0.3,CG-Adaptive,1,8,6,430,430,0,100.0000
SQLi,customapp,customapp,product,Python/SQLite,anthropic/claude-opus-4.7,model_shift,0.3,CG-Adaptive,1,9,5,430,430,0,100.0000
SQLi,customapp,customapp,product,Python/SQLite,anthropic/claude-opus-4.7,model_shift,0.3,CG-Adaptive,1,10,6,430,430,0,100.0000
SQLi,customapp,customapp,product,Python/SQLite,anthropic/claude-opus-4.7,model_shift,0.3,CG-Adaptive,2,1,7,436,436,0,100.0000
SQLi,customapp,customapp,product,Python/SQLite,anthropic/claude-opus-4.7,model_shift,0.3,CG-Adaptive,2,2,5,436,436,0,100.0000
SQLi,customapp,customapp,product,Python/SQLite,anthropic/claude-opus-4.7,model_shift,0.3,CG-Adaptive,2,3,5,436,436,0,100.0000
SQLi,customapp,customapp,product,Python/SQLite,anthropic/claude-opus-4.7,model_shift,0.3,CG-Adaptive,2,4,6,436,436,0,100.0000
SQLi,customapp,customapp,product,Python/SQLite,anthropic/claude-opus-4.7,model_shift,0.3,CG-Adaptive,2,5,5,436,436,0,100.0000
SQLi,customapp,customapp,product,Python/SQLite,anthropic/claude-opus-4.7,model_shift,0.3,CG-Adaptive,2,6,7,436,436,0,100.0000
SQLi,customapp,customapp,product,Python/SQLite,anthropic/claude-opus-4.7,model_shift,0.3,CG-Adaptive,2,7,5,436,436,0,100.0000
SQLi,customapp,customapp,product,Python/SQLite,anthropic/claude-opus-4.7,model_shift,0.3,CG-Adaptive,2,8,6,436,436,0,100.0000
SQLi,customapp,customapp,product,Python/SQLite,anthropic/claude-opus-4.7,model_shift,0.3,CG-Adaptive,2,9,5,436,436,0,100.0000
SQLi,customapp,customapp,product,Python/SQLite,anthropic/claude-opus-4.7,model_shift,0.3,CG-Adaptive,2,10,6,436,436,0,100.0000
SQLi,customapp,customapp,product,Python/SQLite,anthropic/claude-opus-4.7,model_shift,0.3,CG-Adaptive,3,1,7,430,430,0,100.0000
SQLi,customapp,customapp,product,Python/SQLite,anthropic/claude-opus-4.7,model_shift,0.3,CG-Adaptive,3,2,5,430,430,0,100.0000
SQLi,customapp,customapp,product,Python/SQLite,anthropic/claude-opus-4.7,model_shift,0.3,CG-Adaptive,3,3,5,430,430,0,100.0000
SQLi,customapp,customapp,product,Python/SQLite,anthropic/claude-opus-4.7,model_shift,0.3,CG-Adaptive,3,4,6,430,430,0,100.0000
SQLi,customapp,customapp,product,Python/SQLite,anthropic/claude-opus-4.7,model_shift,0.3,CG-Adaptive,3,5,5,430,430,0,100.0000
SQLi,customapp,customapp,product,Python/SQLite,anthropic/claude-opus-4.7,model_shift,0.3,CG-Adaptive,3,6,7,430,430,0,100.0000
SQLi,customapp,customapp,product,Python/SQLite,anthropic/claude-opus-4.7,model_shift,0.3,CG-Adaptive,3,7,5,430,430,0,100.0000
SQLi,customapp,customapp,product,Python/SQLite,anthropic/claude-opus-4.7,model_shift,0.3,CG-Adaptive,3,8,6,430,430,0,100.0000
SQLi,customapp,customapp,product,Python/SQLite,anthropic/claude-opus-4.7,model_shift,0.3,CG-Adaptive,3,9,5,430,430,0,100.0000
SQLi,customapp,customapp,product,Python/SQLite,anthropic/claude-opus-4.7,model_shift,0.3,CG-Adaptive,3,10,6,430,430,0,100.0000
SQLi,customapp,customapp,product,Python/SQLite,anthropic/claude-opus-4.7,model_shift,0.3,CG-Adaptive,4,1,7,414,414,0,100.0000
SQLi,customapp,customapp,product,Python/SQLite,anthropic/claude-opus-4.7,model_shift,0.3,CG-Adaptive,4,2,5,414,414,0,100.0000
SQLi,customapp,customapp,product,Python/SQLite,anthropic/claude-opus-4.7,model_shift,0.3,CG-Adaptive,4,3,5,414,414,0,100.0000
SQLi,customapp,customapp,product,Python/SQLite,anthropic/claude-opus-4.7,model_shift,0.3,CG-Adaptive,4,4,6,414,414,0,100.0000
SQLi,customapp,customapp,product,Python/SQLite,anthropic/claude-opus-4.7,model_shift,0.3,CG-Adaptive,4,5,5,414,414,0,100.0000
SQLi,customapp,customapp,product,Python/SQLite,anthropic/claude-opus-4.7,model_shift,0.3,CG-Adaptive,4,6,7,414,414,0,100.0000
SQLi,customapp,customapp,product,Python/SQLite,anthropic/claude-opus-4.7,model_shift,0.3,CG-Adaptive,4,7,5,414,414,0,100.0000
SQLi,customapp,customapp,product,Python/SQLite,anthropic/claude-opus-4.7,model_shift,0.3,CG-Adaptive,4,8,6,414,414,0,100.0000
SQLi,customapp,customapp,product,Python/SQLite,anthropic/claude-opus-4.7,model_shift,0.3,CG-Adaptive,4,9,5,414,414,0,100.0000
SQLi,customapp,customapp,product,Python/SQLite,anthropic/claude-opus-4.7,model_shift,0.3,CG-Adaptive,4,10,6,414,414,0,100.0000
SQLi,customapp,customapp,product,Python/SQLite,anthropic/claude-opus-4.7,model_shift,0.3,CG-Adaptive,5,1,7,399,399,0,100.0000
SQLi,customapp,customapp,product,Python/SQLite,anthropic/claude-opus-4.7,model_shift,0.3,CG-Adaptive,5,2,5,399,399,0,100.0000
SQLi,customapp,customapp,product,Python/SQLite,anthropic/claude-opus-4.7,model_shift,0.3,CG-Adaptive,5,3,5,399,399,0,100.0000
SQLi,customapp,customapp,product,Python/SQLite,anthropic/claude-opus-4.7,model_shift,0.3,CG-Adaptive,5,4,6,399,399,0,100.0000
SQLi,customapp,customapp,product,Python/SQLite,anthropic/claude-opus-4.7,model_shift,0.3,CG-Adaptive,5,5,5,399,399,0,100.0000
SQLi,customapp,customapp,product,Python/SQLite,anthropic/claude-opus-4.7,model_shift,0.3,CG-Adaptive,5,6,7,399,399,0,100.0000
SQLi,customapp,customapp,product,Python/SQLite,anthropic/claude-opus-4.7,model_shift,0.3,CG-Adaptive,5,7,5,399,399,0,100.0000
SQLi,customapp,customapp,product,Python/SQLite,anthropic/claude-opus-4.7,model_shift,0.3,CG-Adaptive,5,8,6,399,399,0,100.0000
SQLi,customapp,customapp,product,Python/SQLite,anthropic/claude-opus-4.7,model_shift,0.3,CG-Adaptive,5,9,5,399,399,0,100.0000
SQLi,customapp,customapp,product,Python/SQLite,anthropic/claude-opus-4.7,model_shift,0.3,CG-Adaptive,5,10,6,399,399,0,100.0000
SQLi,customapp,customapp,product,Python/SQLite,anthropic/claude-opus-4.7,model_shift,0.3,CG-Static,1,1,5,430,430,0,100.0000
SQLi,customapp,customapp,product,Python/SQLite,anthropic/claude-opus-4.7,model_shift,0.3,CG-Static,1,2,6,430,430,0,100.0000
SQLi,customapp,customapp,product,Python/SQLite,anthropic/claude-opus-4.7,model_shift,0.3,CG-Static,1,3,4,430,430,0,100.0000
SQLi,customapp,customapp,product,Python/SQLite,anthropic/claude-opus-4.7,model_shift,0.3,CG-Static,1,4,5,430,430,0,100.0000
SQLi,customapp,customapp,product,Python/SQLite,anthropic/claude-opus-4.7,model_shift,0.3,CG-Static,1,5,5,430,430,0,100.0000
SQLi,customapp,customapp,product,Python/SQLite,anthropic/claude-opus-4.7,model_shift,0.3,CG-Static,1,6,5,430,430,0,100.0000
SQLi,customapp,customapp,product,Python/SQLite,anthropic/claude-opus-4.7,model_shift,0.3,CG-Static,1,7,6,430,430,0,100.0000
SQLi,customapp,customapp,product,Python/SQLite,anthropic/claude-opus-4.7,model_shift,0.3,CG-Static,1,8,4,430,430,0,100.0000
SQLi,customapp,customapp,product,Python/SQLite,anthropic/claude-opus-4.7,model_shift,0.3,CG-Static,1,9,5,430,430,0,100.0000
SQLi,customapp,customapp,product,Python/SQLite,anthropic/claude-opus-4.7,model_shift,0.3,CG-Static,1,10,5,430,430,0,100.0000
SQLi,customapp,customapp,product,Python/SQLite,anthropic/claude-opus-4.7,model_shift,0.3,CG-Static,2,1,5,436,436,0,100.0000
SQLi,customapp,customapp,product,Python/SQLite,anthropic/claude-opus-4.7,model_shift,0.3,CG-Static,2,2,6,436,436,0,100.0000
SQLi,customapp,customapp,product,Python/SQLite,anthropic/claude-opus-4.7,model_shift,0.3,CG-Static,2,3,4,436,436,0,100.0000
SQLi,customapp,customapp,product,Python/SQLite,anthropic/claude-opus-4.7,model_shift,0.3,CG-Static,2,4,5,436,436,0,100.0000
SQLi,customapp,customapp,product,Python/SQLite,anthropic/claude-opus-4.7,model_shift,0.3,CG-Static,2,5,5,436,436,0,100.0000
SQLi,customapp,customapp,product,Python/SQLite,anthropic/claude-opus-4.7,model_shift,0.3,CG-Static,2,6,5,436,436,0,100.0000
SQLi,customapp,customapp,product,Python/SQLite,anthropic/claude-opus-4.7,model_shift,0.3,CG-Static,2,7,6,436,436,0,100.0000
SQLi,customapp,customapp,product,Python/SQLite,anthropic/claude-opus-4.7,model_shift,0.3,CG-Static,2,8,4,436,436,0,100.0000
SQLi,customapp,customapp,product,Python/SQLite,anthropic/claude-opus-4.7,model_shift,0.3,CG-Static,2,9,5,436,436,0,100.0000
SQLi,customapp,customapp,product,Python/SQLite,anthropic/claude-opus-4.7,model_shift,0.3,CG-Static,2,10,5,436,436,0,100.0000
SQLi,customapp,customapp,product,Python/SQLite,anthropic/claude-opus-4.7,model_shift,0.3,CG-Static,3,1,5,430,430,0,100.0000
SQLi,customapp,customapp,product,Python/SQLite,anthropic/claude-opus-4.7,model_shift,0.3,CG-Static,3,2,6,430,430,0,100.0000
SQLi,customapp,customapp,product,Python/SQLite,anthropic/claude-opus-4.7,model_shift,0.3,CG-Static,3,3,4,430,430,0,100.0000
SQLi,customapp,customapp,product,Python/SQLite,anthropic/claude-opus-4.7,model_shift,0.3,CG-Static,3,4,5,430,430,0,100.0000
SQLi,customapp,customapp,product,Python/SQLite,anthropic/claude-opus-4.7,model_shift,0.3,CG-Static,3,5,5,430,430,0,100.0000
SQLi,customapp,customapp,product,Python/SQLite,anthropic/claude-opus-4.7,model_shift,0.3,CG-Static,3,6,5,430,430,0,100.0000
SQLi,customapp,customapp,product,Python/SQLite,anthropic/claude-opus-4.7,model_shift,0.3,CG-Static,3,7,6,430,430,0,100.0000
SQLi,customapp,customapp,product,Python/SQLite,anthropic/claude-opus-4.7,model_shift,0.3,CG-Static,3,8,4,430,430,0,100.0000
SQLi,customapp,customapp,product,Python/SQLite,anthropic/claude-opus-4.7,model_shift,0.3,CG-Static,3,9,5,430,430,0,100.0000
SQLi,customapp,customapp,product,Python/SQLite,anthropic/claude-opus-4.7,model_shift,0.3,CG-Static,3,10,5,430,430,0,100.0000
SQLi,customapp,customapp,product,Python/SQLite,anthropic/claude-opus-4.7,model_shift,0.3,CG-Static,4,1,5,414,414,0,100.0000
SQLi,customapp,customapp,product,Python/SQLite,anthropic/claude-opus-4.7,model_shift,0.3,CG-Static,4,2,6,414,414,0,100.0000
SQLi,customapp,customapp,product,Python/SQLite,anthropic/claude-opus-4.7,model_shift,0.3,CG-Static,4,3,4,414,414,0,100.0000
SQLi,customapp,customapp,product,Python/SQLite,anthropic/claude-opus-4.7,model_shift,0.3,CG-Static,4,4,5,414,414,0,100.0000
SQLi,customapp,customapp,product,Python/SQLite,anthropic/claude-opus-4.7,model_shift,0.3,CG-Static,4,5,5,414,414,0,100.0000
SQLi,customapp,customapp,product,Python/SQLite,anthropic/claude-opus-4.7,model_shift,0.3,CG-Static,4,6,5,414,414,0,100.0000
SQLi,customapp,customapp,product,Python/SQLite,anthropic/claude-opus-4.7,model_shift,0.3,CG-Static,4,7,6,414,414,0,100.0000
SQLi,customapp,customapp,product,Python/SQLite,anthropic/claude-opus-4.7,model_shift,0.3,CG-Static,4,8,4,414,414,0,100.0000
SQLi,customapp,customapp,product,Python/SQLite,anthropic/claude-opus-4.7,model_shift,0.3,CG-Static,4,9,5,414,414,0,100.0000
SQLi,customapp,customapp,product,Python/SQLite,anthropic/claude-opus-4.7,model_shift,0.3,CG-Static,4,10,5,414,414,0,100.0000
SQLi,customapp,customapp,product,Python/SQLite,anthropic/claude-opus-4.7,model_shift,0.3,CG-Static,5,1,5,399,399,0,100.0000
SQLi,customapp,customapp,product,Python/SQLite,anthropic/claude-opus-4.7,model_shift,0.3,CG-Static,5,2,6,399,399,0,100.0000
SQLi,customapp,customapp,product,Python/SQLite,anthropic/claude-opus-4.7,model_shift,0.3,CG-Static,5,3,4,399,399,0,100.0000
SQLi,customapp,customapp,product,Python/SQLite,anthropic/claude-opus-4.7,model_shift,0.3,CG-Static,5,4,5,399,399,0,100.0000
SQLi,customapp,customapp,product,Python/SQLite,anthropic/claude-opus-4.7,model_shift,0.3,CG-Static,5,5,5,399,399,0,100.0000
SQLi,customapp,customapp,product,Python/SQLite,anthropic/claude-opus-4.7,model_shift,0.3,CG-Static,5,6,5,399,399,0,100.0000
SQLi,customapp,customapp,product,Python/SQLite,anthropic/claude-opus-4.7,model_shift,0.3,CG-Static,5,7,6,399,399,0,100.0000
SQLi,customapp,customapp,product,Python/SQLite,anthropic/claude-opus-4.7,model_shift,0.3,CG-Static,5,8,4,399,399,0,100.0000
SQLi,customapp,customapp,product,Python/SQLite,anthropic/claude-opus-4.7,model_shift,0.3,CG-Static,5,9,5,399,399,0,100.0000
SQLi,customapp,customapp,product,Python/SQLite,anthropic/claude-opus-4.7,model_shift,0.3,CG-Static,5,10,5,399,399,0,100.0000
SQLi,customapp,customapp,product,Python/SQLite,anthropic/claude-opus-4.7,model_shift,0.3,CRS-only,1,0,0,430,0,430,0.0000
SQLi,customapp,customapp,product,Python/SQLite,anthropic/claude-opus-4.7,model_shift,0.3,CRS-only,2,0,0,436,0,436,0.0000
SQLi,customapp,customapp,product,Python/SQLite,anthropic/claude-opus-4.7,model_shift,0.3,CRS-only,3,0,0,430,0,430,0.0000
SQLi,customapp,customapp,product,Python/SQLite,anthropic/claude-opus-4.7,model_shift,0.3,CRS-only,4,0,0,414,0,414,0.0000
SQLi,customapp,customapp,product,Python/SQLite,anthropic/claude-opus-4.7,model_shift,0.3,CRS-only,5,0,0,399,0,399,0.0000
SQLi,customapp,customapp,product,Python/SQLite,anthropic/claude-opus-4.7,model_shift,0.4,CG-Adaptive,1,1,5,430,430,0,100.0000
SQLi,customapp,customapp,product,Python/SQLite,anthropic/claude-opus-4.7,model_shift,0.4,CG-Adaptive,1,2,4,430,430,0,100.0000
SQLi,customapp,customapp,product,Python/SQLite,anthropic/claude-opus-4.7,model_shift,0.4,CG-Adaptive,1,3,6,430,430,0,100.0000
SQLi,customapp,customapp,product,Python/SQLite,anthropic/claude-opus-4.7,model_shift,0.4,CG-Adaptive,1,4,5,430,430,0,100.0000
SQLi,customapp,customapp,product,Python/SQLite,anthropic/claude-opus-4.7,model_shift,0.4,CG-Adaptive,1,5,6,430,430,0,100.0000
SQLi,customapp,customapp,product,Python/SQLite,anthropic/claude-opus-4.7,model_shift,0.4,CG-Adaptive,1,6,5,430,430,0,100.0000
SQLi,customapp,customapp,product,Python/SQLite,anthropic/claude-opus-4.7,model_shift,0.4,CG-Adaptive,1,7,5,430,430,0,100.0000
SQLi,customapp,customapp,product,Python/SQLite,anthropic/claude-opus-4.7,model_shift,0.4,CG-Adaptive,1,8,5,430,430,0,100.0000
SQLi,customapp,customapp,product,Python/SQLite,anthropic/claude-opus-4.7,model_shift,0.4,CG-Adaptive,1,9,4,430,430,0,100.0000
SQLi,customapp,customapp,product,Python/SQLite,anthropic/claude-opus-4.7,model_shift,0.4,CG-Adaptive,1,10,5,430,430,0,100.0000
SQLi,customapp,customapp,product,Python/SQLite,anthropic/claude-opus-4.7,model_shift,0.4,CG-Adaptive,2,1,5,436,436,0,100.0000
SQLi,customapp,customapp,product,Python/SQLite,anthropic/claude-opus-4.7,model_shift,0.4,CG-Adaptive,2,2,4,436,436,0,100.0000
SQLi,customapp,customapp,product,Python/SQLite,anthropic/claude-opus-4.7,model_shift,0.4,CG-Adaptive,2,3,6,436,436,0,100.0000
SQLi,customapp,customapp,product,Python/SQLite,anthropic/claude-opus-4.7,model_shift,0.4,CG-Adaptive,2,4,5,436,436,0,100.0000
SQLi,customapp,customapp,product,Python/SQLite,anthropic/claude-opus-4.7,model_shift,0.4,CG-Adaptive,2,5,6,436,436,0,100.0000
SQLi,customapp,customapp,product,Python/SQLite,anthropic/claude-opus-4.7,model_shift,0.4,CG-Adaptive,2,6,5,436,436,0,100.0000
SQLi,customapp,customapp,product,Python/SQLite,anthropic/claude-opus-4.7,model_shift,0.4,CG-Adaptive,2,7,5,436,436,0,100.0000
SQLi,customapp,customapp,product,Python/SQLite,anthropic/claude-opus-4.7,model_shift,0.4,CG-Adaptive,2,8,5,436,436,0,100.0000
SQLi,customapp,customapp,product,Python/SQLite,anthropic/claude-opus-4.7,model_shift,0.4,CG-Adaptive,2,9,4,436,436,0,100.0000
SQLi,customapp,customapp,product,Python/SQLite,anthropic/claude-opus-4.7,model_shift,0.4,CG-Adaptive,2,10,5,436,436,0,100.0000
SQLi,customapp,customapp,product,Python/SQLite,anthropic/claude-opus-4.7,model_shift,0.4,CG-Adaptive,3,1,5,430,430,0,100.0000
SQLi,customapp,customapp,product,Python/SQLite,anthropic/claude-opus-4.7,model_shift,0.4,CG-Adaptive,3,2,4,430,430,0,100.0000
SQLi,customapp,customapp,product,Python/SQLite,anthropic/claude-opus-4.7,model_shift,0.4,CG-Adaptive,3,3,6,430,430,0,100.0000
SQLi,customapp,customapp,product,Python/SQLite,anthropic/claude-opus-4.7,model_shift,0.4,CG-Adaptive,3,4,5,430,430,0,100.0000
SQLi,customapp,customapp,product,Python/SQLite,anthropic/claude-opus-4.7,model_shift,0.4,CG-Adaptive,3,5,6,430,430,0,100.0000
SQLi,customapp,customapp,product,Python/SQLite,anthropic/claude-opus-4.7,model_shift,0.4,CG-Adaptive,3,6,5,430,430,0,100.0000
SQLi,customapp,customapp,product,Python/SQLite,anthropic/claude-opus-4.7,model_shift,0.4,CG-Adaptive,3,7,5,430,430,0,100.0000
SQLi,customapp,customapp,product,Python/SQLite,anthropic/claude-opus-4.7,model_shift,0.4,CG-Adaptive,3,8,5,430,430,0,100.0000
SQLi,customapp,customapp,product,Python/SQLite,anthropic/claude-opus-4.7,model_shift,0.4,CG-Adaptive,3,9,4,430,430,0,100.0000
SQLi,customapp,customapp,product,Python/SQLite,anthropic/claude-opus-4.7,model_shift,0.4,CG-Adaptive,3,10,5,430,430,0,100.0000
SQLi,customapp,customapp,product,Python/SQLite,anthropic/claude-opus-4.7,model_shift,0.4,CG-Adaptive,4,1,5,414,414,0,100.0000
SQLi,customapp,customapp,product,Python/SQLite,anthropic/claude-opus-4.7,model_shift,0.4,CG-Adaptive,4,2,4,414,414,0,100.0000
SQLi,customapp,customapp,product,Python/SQLite,anthropic/claude-opus-4.7,model_shift,0.4,CG-Adaptive,4,3,6,414,414,0,100.0000
SQLi,customapp,customapp,product,Python/SQLite,anthropic/claude-opus-4.7,model_shift,0.4,CG-Adaptive,4,4,5,414,414,0,100.0000
SQLi,customapp,customapp,product,Python/SQLite,anthropic/claude-opus-4.7,model_shift,0.4,CG-Adaptive,4,5,6,414,414,0,100.0000
SQLi,customapp,customapp,product,Python/SQLite,anthropic/claude-opus-4.7,model_shift,0.4,CG-Adaptive,4,6,5,414,414,0,100.0000
SQLi,customapp,customapp,product,Python/SQLite,anthropic/claude-opus-4.7,model_shift,0.4,CG-Adaptive,4,7,5,414,414,0,100.0000
SQLi,customapp,customapp,product,Python/SQLite,anthropic/claude-opus-4.7,model_shift,0.4,CG-Adaptive,4,8,5,414,414,0,100.0000
SQLi,customapp,customapp,product,Python/SQLite,anthropic/claude-opus-4.7,model_shift,0.4,CG-Adaptive,4,9,4,414,414,0,100.0000
SQLi,customapp,customapp,product,Python/SQLite,anthropic/claude-opus-4.7,model_shift,0.4,CG-Adaptive,4,10,5,414,414,0,100.0000
SQLi,customapp,customapp,product,Python/SQLite,anthropic/claude-opus-4.7,model_shift,0.4,CG-Adaptive,5,1,5,399,399,0,100.0000
SQLi,customapp,customapp,product,Python/SQLite,anthropic/claude-opus-4.7,model_shift,0.4,CG-Adaptive,5,2,4,399,399,0,100.0000
SQLi,customapp,customapp,product,Python/SQLite,anthropic/claude-opus-4.7,model_shift,0.4,CG-Adaptive,5,3,6,399,399,0,100.0000
SQLi,customapp,customapp,product,Python/SQLite,anthropic/claude-opus-4.7,model_shift,0.4,CG-Adaptive,5,4,5,399,399,0,100.0000
SQLi,customapp,customapp,product,Python/SQLite,anthropic/claude-opus-4.7,model_shift,0.4,CG-Adaptive,5,5,6,399,399,0,100.0000
SQLi,customapp,customapp,product,Python/SQLite,anthropic/claude-opus-4.7,model_shift,0.4,CG-Adaptive,5,6,5,399,399,0,100.0000
SQLi,customapp,customapp,product,Python/SQLite,anthropic/claude-opus-4.7,model_shift,0.4,CG-Adaptive,5,7,5,399,399,0,100.0000
SQLi,customapp,customapp,product,Python/SQLite,anthropic/claude-opus-4.7,model_shift,0.4,CG-Adaptive,5,8,5,399,399,0,100.0000
SQLi,customapp,customapp,product,Python/SQLite,anthropic/claude-opus-4.7,model_shift,0.4,CG-Adaptive,5,9,4,399,399,0,100.0000
SQLi,customapp,customapp,product,Python/SQLite,anthropic/claude-opus-4.7,model_shift,0.4,CG-Adaptive,5,10,5,399,399,0,100.0000
SQLi,customapp,customapp,product,Python/SQLite,anthropic/claude-opus-4.7,model_shift,0.4,CG-Static,1,1,4,430,430,0,100.0000
SQLi,customapp,customapp,product,Python/SQLite,anthropic/claude-opus-4.7,model_shift,0.4,CG-Static,1,2,7,430,430,0,100.0000
SQLi,customapp,customapp,product,Python/SQLite,anthropic/claude-opus-4.7,model_shift,0.4,CG-Static,1,3,4,430,430,0,100.0000
SQLi,customapp,customapp,product,Python/SQLite,anthropic/claude-opus-4.7,model_shift,0.4,CG-Static,1,4,5,430,430,0,100.0000
SQLi,customapp,customapp,product,Python/SQLite,anthropic/claude-opus-4.7,model_shift,0.4,CG-Static,1,5,6,430,430,0,100.0000
SQLi,customapp,customapp,product,Python/SQLite,anthropic/claude-opus-4.7,model_shift,0.4,CG-Static,1,6,4,430,430,0,100.0000
SQLi,customapp,customapp,product,Python/SQLite,anthropic/claude-opus-4.7,model_shift,0.4,CG-Static,1,7,4,430,430,0,100.0000
SQLi,customapp,customapp,product,Python/SQLite,anthropic/claude-opus-4.7,model_shift,0.4,CG-Static,1,8,5,430,430,0,100.0000
SQLi,customapp,customapp,product,Python/SQLite,anthropic/claude-opus-4.7,model_shift,0.4,CG-Static,1,9,5,430,430,0,100.0000
SQLi,customapp,customapp,product,Python/SQLite,anthropic/claude-opus-4.7,model_shift,0.4,CG-Static,1,10,7,430,430,0,100.0000
SQLi,customapp,customapp,product,Python/SQLite,anthropic/claude-opus-4.7,model_shift,0.4,CG-Static,2,1,4,436,436,0,100.0000
SQLi,customapp,customapp,product,Python/SQLite,anthropic/claude-opus-4.7,model_shift,0.4,CG-Static,2,2,7,436,436,0,100.0000
SQLi,customapp,customapp,product,Python/SQLite,anthropic/claude-opus-4.7,model_shift,0.4,CG-Static,2,3,4,436,436,0,100.0000
SQLi,customapp,customapp,product,Python/SQLite,anthropic/claude-opus-4.7,model_shift,0.4,CG-Static,2,4,5,436,436,0,100.0000
SQLi,customapp,customapp,product,Python/SQLite,anthropic/claude-opus-4.7,model_shift,0.4,CG-Static,2,5,6,436,436,0,100.0000
SQLi,customapp,customapp,product,Python/SQLite,anthropic/claude-opus-4.7,model_shift,0.4,CG-Static,2,6,4,436,436,0,100.0000
SQLi,customapp,customapp,product,Python/SQLite,anthropic/claude-opus-4.7,model_shift,0.4,CG-Static,2,7,4,436,436,0,100.0000
SQLi,customapp,customapp,product,Python/SQLite,anthropic/claude-opus-4.7,model_shift,0.4,CG-Static,2,8,5,436,436,0,100.0000
SQLi,customapp,customapp,product,Python/SQLite,anthropic/claude-opus-4.7,model_shift,0.4,CG-Static,2,9,5,436,436,0,100.0000
SQLi,customapp,customapp,product,Python/SQLite,anthropic/claude-opus-4.7,model_shift,0.4,CG-Static,2,10,7,436,436,0,100.0000
SQLi,customapp,customapp,product,Python/SQLite,anthropic/claude-opus-4.7,model_shift,0.4,CG-Static,3,1,4,430,430,0,100.0000
SQLi,customapp,customapp,product,Python/SQLite,anthropic/claude-opus-4.7,model_shift,0.4,CG-Static,3,2,7,430,430,0,100.0000
SQLi,customapp,customapp,product,Python/SQLite,anthropic/claude-opus-4.7,model_shift,0.4,CG-Static,3,3,4,430,430,0,100.0000
SQLi,customapp,customapp,product,Python/SQLite,anthropic/claude-opus-4.7,model_shift,0.4,CG-Static,3,4,5,430,430,0,100.0000
SQLi,customapp,customapp,product,Python/SQLite,anthropic/claude-opus-4.7,model_shift,0.4,CG-Static,3,5,6,430,430,0,100.0000
SQLi,customapp,customapp,product,Python/SQLite,anthropic/claude-opus-4.7,model_shift,0.4,CG-Static,3,6,4,430,430,0,100.0000
SQLi,customapp,customapp,product,Python/SQLite,anthropic/claude-opus-4.7,model_shift,0.4,CG-Static,3,7,4,430,430,0,100.0000
SQLi,customapp,customapp,product,Python/SQLite,anthropic/claude-opus-4.7,model_shift,0.4,CG-Static,3,8,5,430,430,0,100.0000
SQLi,customapp,customapp,product,Python/SQLite,anthropic/claude-opus-4.7,model_shift,0.4,CG-Static,3,9,5,430,430,0,100.0000
SQLi,customapp,customapp,product,Python/SQLite,anthropic/claude-opus-4.7,model_shift,0.4,CG-Static,3,10,7,430,430,0,100.0000
SQLi,customapp,customapp,product,Python/SQLite,anthropic/claude-opus-4.7,model_shift,0.4,CG-Static,4,1,4,414,414,0,100.0000
SQLi,customapp,customapp,product,Python/SQLite,anthropic/claude-opus-4.7,model_shift,0.4,CG-Static,4,2,7,414,414,0,100.0000
SQLi,customapp,customapp,product,Python/SQLite,anthropic/claude-opus-4.7,model_shift,0.4,CG-Static,4,3,4,414,414,0,100.0000
SQLi,customapp,customapp,product,Python/SQLite,anthropic/claude-opus-4.7,model_shift,0.4,CG-Static,4,4,5,414,414,0,100.0000
SQLi,customapp,customapp,product,Python/SQLite,anthropic/claude-opus-4.7,model_shift,0.4,CG-Static,4,5,6,414,414,0,100.0000
SQLi,customapp,customapp,product,Python/SQLite,anthropic/claude-opus-4.7,model_shift,0.4,CG-Static,4,6,4,414,414,0,100.0000
SQLi,customapp,customapp,product,Python/SQLite,anthropic/claude-opus-4.7,model_shift,0.4,CG-Static,4,7,4,414,414,0,100.0000
SQLi,customapp,customapp,product,Python/SQLite,anthropic/claude-opus-4.7,model_shift,0.4,CG-Static,4,8,5,414,414,0,100.0000
SQLi,customapp,customapp,product,Python/SQLite,anthropic/claude-opus-4.7,model_shift,0.4,CG-Static,4,9,5,414,414,0,100.0000
SQLi,customapp,customapp,product,Python/SQLite,anthropic/claude-opus-4.7,model_shift,0.4,CG-Static,4,10,7,414,414,0,100.0000
SQLi,customapp,customapp,product,Python/SQLite,anthropic/claude-opus-4.7,model_shift,0.4,CG-Static,5,1,4,399,399,0,100.0000
SQLi,customapp,customapp,product,Python/SQLite,anthropic/claude-opus-4.7,model_shift,0.4,CG-Static,5,2,7,399,399,0,100.0000
SQLi,customapp,customapp,product,Python/SQLite,anthropic/claude-opus-4.7,model_shift,0.4,CG-Static,5,3,4,399,399,0,100.0000
SQLi,customapp,customapp,product,Python/SQLite,anthropic/claude-opus-4.7,model_shift,0.4,CG-Static,5,4,5,399,399,0,100.0000
SQLi,customapp,customapp,product,Python/SQLite,anthropic/claude-opus-4.7,model_shift,0.4,CG-Static,5,5,6,399,399,0,100.0000
SQLi,customapp,customapp,product,Python/SQLite,anthropic/claude-opus-4.7,model_shift,0.4,CG-Static,5,6,4,399,399,0,100.0000
SQLi,customapp,customapp,product,Python/SQLite,anthropic/claude-opus-4.7,model_shift,0.4,CG-Static,5,7,4,399,399,0,100.0000
SQLi,customapp,customapp,product,Python/SQLite,anthropic/claude-opus-4.7,model_shift,0.4,CG-Static,5,8,5,399,399,0,100.0000
SQLi,customapp,customapp,product,Python/SQLite,anthropic/claude-opus-4.7,model_shift,0.4,CG-Static,5,9,5,399,399,0,100.0000
SQLi,customapp,customapp,product,Python/SQLite,anthropic/claude-opus-4.7,model_shift,0.4,CG-Static,5,10,7,399,399,0,100.0000
SQLi,customapp,customapp,product,Python/SQLite,anthropic/claude-opus-4.7,model_shift,0.4,CRS-only,1,0,0,430,0,430,0.0000
SQLi,customapp,customapp,product,Python/SQLite,anthropic/claude-opus-4.7,model_shift,0.4,CRS-only,2,0,0,436,0,436,0.0000
SQLi,customapp,customapp,product,Python/SQLite,anthropic/claude-opus-4.7,model_shift,0.4,CRS-only,3,0,0,430,0,430,0.0000
SQLi,customapp,customapp,product,Python/SQLite,anthropic/claude-opus-4.7,model_shift,0.4,CRS-only,4,0,0,414,0,414,0.0000
SQLi,customapp,customapp,product,Python/SQLite,anthropic/claude-opus-4.7,model_shift,0.4,CRS-only,5,0,0,399,0,399,0.0000
SQLi,customapp,customapp,product,Python/SQLite,anthropic/claude-opus-4.7,model_shift,0.5,CG-Adaptive,1,1,7,430,430,0,100.0000
SQLi,customapp,customapp,product,Python/SQLite,anthropic/claude-opus-4.7,model_shift,0.5,CG-Adaptive,1,2,5,430,430,0,100.0000
SQLi,customapp,customapp,product,Python/SQLite,anthropic/claude-opus-4.7,model_shift,0.5,CG-Adaptive,1,3,4,430,430,0,100.0000
SQLi,customapp,customapp,product,Python/SQLite,anthropic/claude-opus-4.7,model_shift,0.5,CG-Adaptive,1,4,5,430,430,0,100.0000
SQLi,customapp,customapp,product,Python/SQLite,anthropic/claude-opus-4.7,model_shift,0.5,CG-Adaptive,1,5,5,430,430,0,100.0000
SQLi,customapp,customapp,product,Python/SQLite,anthropic/claude-opus-4.7,model_shift,0.5,CG-Adaptive,1,6,5,430,430,0,100.0000
SQLi,customapp,customapp,product,Python/SQLite,anthropic/claude-opus-4.7,model_shift,0.5,CG-Adaptive,1,7,9,430,430,0,100.0000
SQLi,customapp,customapp,product,Python/SQLite,anthropic/claude-opus-4.7,model_shift,0.5,CG-Adaptive,1,8,6,430,430,0,100.0000
SQLi,customapp,customapp,product,Python/SQLite,anthropic/claude-opus-4.7,model_shift,0.5,CG-Adaptive,1,9,4,430,430,0,100.0000
SQLi,customapp,customapp,product,Python/SQLite,anthropic/claude-opus-4.7,model_shift,0.5,CG-Adaptive,1,10,9,430,430,0,100.0000
SQLi,customapp,customapp,product,Python/SQLite,anthropic/claude-opus-4.7,model_shift,0.5,CG-Adaptive,2,1,7,436,436,0,100.0000
SQLi,customapp,customapp,product,Python/SQLite,anthropic/claude-opus-4.7,model_shift,0.5,CG-Adaptive,2,2,5,436,436,0,100.0000
SQLi,customapp,customapp,product,Python/SQLite,anthropic/claude-opus-4.7,model_shift,0.5,CG-Adaptive,2,3,4,436,436,0,100.0000
SQLi,customapp,customapp,product,Python/SQLite,anthropic/claude-opus-4.7,model_shift,0.5,CG-Adaptive,2,4,5,436,436,0,100.0000
SQLi,customapp,customapp,product,Python/SQLite,anthropic/claude-opus-4.7,model_shift,0.5,CG-Adaptive,2,5,5,436,436,0,100.0000
SQLi,customapp,customapp,product,Python/SQLite,anthropic/claude-opus-4.7,model_shift,0.5,CG-Adaptive,2,6,5,436,436,0,100.0000
SQLi,customapp,customapp,product,Python/SQLite,anthropic/claude-opus-4.7,model_shift,0.5,CG-Adaptive,2,7,9,436,436,0,100.0000
SQLi,customapp,customapp,product,Python/SQLite,anthropic/claude-opus-4.7,model_shift,0.5,CG-Adaptive,2,8,6,436,436,0,100.0000
SQLi,customapp,customapp,product,Python/SQLite,anthropic/claude-opus-4.7,model_shift,0.5,CG-Adaptive,2,9,4,436,436,0,100.0000
SQLi,customapp,customapp,product,Python/SQLite,anthropic/claude-opus-4.7,model_shift,0.5,CG-Adaptive,2,10,9,436,436,0,100.0000
SQLi,customapp,customapp,product,Python/SQLite,anthropic/claude-opus-4.7,model_shift,0.5,CG-Adaptive,3,1,7,430,430,0,100.0000
SQLi,customapp,customapp,product,Python/SQLite,anthropic/claude-opus-4.7,model_shift,0.5,CG-Adaptive,3,2,5,430,430,0,100.0000
SQLi,customapp,customapp,product,Python/SQLite,anthropic/claude-opus-4.7,model_shift,0.5,CG-Adaptive,3,3,4,430,430,0,100.0000
SQLi,customapp,customapp,product,Python/SQLite,anthropic/claude-opus-4.7,model_shift,0.5,CG-Adaptive,3,4,5,430,430,0,100.0000
SQLi,customapp,customapp,product,Python/SQLite,anthropic/claude-opus-4.7,model_shift,0.5,CG-Adaptive,3,5,5,430,430,0,100.0000
SQLi,customapp,customapp,product,Python/SQLite,anthropic/claude-opus-4.7,model_shift,0.5,CG-Adaptive,3,6,5,430,430,0,100.0000
SQLi,customapp,customapp,product,Python/SQLite,anthropic/claude-opus-4.7,model_shift,0.5,CG-Adaptive,3,7,9,430,430,0,100.0000
SQLi,customapp,customapp,product,Python/SQLite,anthropic/claude-opus-4.7,model_shift,0.5,CG-Adaptive,3,8,6,430,430,0,100.0000
SQLi,customapp,customapp,product,Python/SQLite,anthropic/claude-opus-4.7,model_shift,0.5,CG-Adaptive,3,9,4,430,430,0,100.0000
SQLi,customapp,customapp,product,Python/SQLite,anthropic/claude-opus-4.7,model_shift,0.5,CG-Adaptive,3,10,9,430,430,0,100.0000
SQLi,customapp,customapp,product,Python/SQLite,anthropic/claude-opus-4.7,model_shift,0.5,CG-Adaptive,4,1,7,414,414,0,100.0000
SQLi,customapp,customapp,product,Python/SQLite,anthropic/claude-opus-4.7,model_shift,0.5,CG-Adaptive,4,2,5,414,414,0,100.0000
SQLi,customapp,customapp,product,Python/SQLite,anthropic/claude-opus-4.7,model_shift,0.5,CG-Adaptive,4,3,4,414,414,0,100.0000
SQLi,customapp,customapp,product,Python/SQLite,anthropic/claude-opus-4.7,model_shift,0.5,CG-Adaptive,4,4,5,414,414,0,100.0000
SQLi,customapp,customapp,product,Python/SQLite,anthropic/claude-opus-4.7,model_shift,0.5,CG-Adaptive,4,5,5,414,414,0,100.0000
SQLi,customapp,customapp,product,Python/SQLite,anthropic/claude-opus-4.7,model_shift,0.5,CG-Adaptive,4,6,5,414,414,0,100.0000
SQLi,customapp,customapp,product,Python/SQLite,anthropic/claude-opus-4.7,model_shift,0.5,CG-Adaptive,4,7,9,414,414,0,100.0000
SQLi,customapp,customapp,product,Python/SQLite,anthropic/claude-opus-4.7,model_shift,0.5,CG-Adaptive,4,8,6,414,414,0,100.0000
SQLi,customapp,customapp,product,Python/SQLite,anthropic/claude-opus-4.7,model_shift,0.5,CG-Adaptive,4,9,4,414,414,0,100.0000
SQLi,customapp,customapp,product,Python/SQLite,anthropic/claude-opus-4.7,model_shift,0.5,CG-Adaptive,4,10,9,414,414,0,100.0000
SQLi,customapp,customapp,product,Python/SQLite,anthropic/claude-opus-4.7,model_shift,0.5,CG-Adaptive,5,1,7,399,399,0,100.0000
SQLi,customapp,customapp,product,Python/SQLite,anthropic/claude-opus-4.7,model_shift,0.5,CG-Adaptive,5,2,5,399,399,0,100.0000
SQLi,customapp,customapp,product,Python/SQLite,anthropic/claude-opus-4.7,model_shift,0.5,CG-Adaptive,5,3,4,399,399,0,100.0000
SQLi,customapp,customapp,product,Python/SQLite,anthropic/claude-opus-4.7,model_shift,0.5,CG-Adaptive,5,4,5,399,399,0,100.0000
SQLi,customapp,customapp,product,Python/SQLite,anthropic/claude-opus-4.7,model_shift,0.5,CG-Adaptive,5,5,5,399,399,0,100.0000
SQLi,customapp,customapp,product,Python/SQLite,anthropic/claude-opus-4.7,model_shift,0.5,CG-Adaptive,5,6,5,399,399,0,100.0000
SQLi,customapp,customapp,product,Python/SQLite,anthropic/claude-opus-4.7,model_shift,0.5,CG-Adaptive,5,7,9,399,399,0,100.0000
SQLi,customapp,customapp,product,Python/SQLite,anthropic/claude-opus-4.7,model_shift,0.5,CG-Adaptive,5,8,6,399,399,0,100.0000
SQLi,customapp,customapp,product,Python/SQLite,anthropic/claude-opus-4.7,model_shift,0.5,CG-Adaptive,5,9,4,399,399,0,100.0000
SQLi,customapp,customapp,product,Python/SQLite,anthropic/claude-opus-4.7,model_shift,0.5,CG-Adaptive,5,10,9,399,399,0,100.0000
SQLi,customapp,customapp,product,Python/SQLite,anthropic/claude-opus-4.7,model_shift,0.5,CG-Static,1,1,5,430,430,0,100.0000
SQLi,customapp,customapp,product,Python/SQLite,anthropic/claude-opus-4.7,model_shift,0.5,CG-Static,1,2,4,430,430,0,100.0000
SQLi,customapp,customapp,product,Python/SQLite,anthropic/claude-opus-4.7,model_shift,0.5,CG-Static,1,3,4,430,430,0,100.0000
SQLi,customapp,customapp,product,Python/SQLite,anthropic/claude-opus-4.7,model_shift,0.5,CG-Static,1,4,5,430,430,0,100.0000
SQLi,customapp,customapp,product,Python/SQLite,anthropic/claude-opus-4.7,model_shift,0.5,CG-Static,1,5,6,430,430,0,100.0000
SQLi,customapp,customapp,product,Python/SQLite,anthropic/claude-opus-4.7,model_shift,0.5,CG-Static,1,6,4,430,430,0,100.0000
SQLi,customapp,customapp,product,Python/SQLite,anthropic/claude-opus-4.7,model_shift,0.5,CG-Static,1,7,6,430,430,0,100.0000
SQLi,customapp,customapp,product,Python/SQLite,anthropic/claude-opus-4.7,model_shift,0.5,CG-Static,1,8,7,430,430,0,100.0000
SQLi,customapp,customapp,product,Python/SQLite,anthropic/claude-opus-4.7,model_shift,0.5,CG-Static,1,9,5,430,430,0,100.0000
SQLi,customapp,customapp,product,Python/SQLite,anthropic/claude-opus-4.7,model_shift,0.5,CG-Static,1,10,4,430,430,0,100.0000
SQLi,customapp,customapp,product,Python/SQLite,anthropic/claude-opus-4.7,model_shift,0.5,CG-Static,2,1,5,436,436,0,100.0000
SQLi,customapp,customapp,product,Python/SQLite,anthropic/claude-opus-4.7,model_shift,0.5,CG-Static,2,2,4,436,436,0,100.0000
SQLi,customapp,customapp,product,Python/SQLite,anthropic/claude-opus-4.7,model_shift,0.5,CG-Static,2,3,4,436,436,0,100.0000
SQLi,customapp,customapp,product,Python/SQLite,anthropic/claude-opus-4.7,model_shift,0.5,CG-Static,2,4,5,436,436,0,100.0000
SQLi,customapp,customapp,product,Python/SQLite,anthropic/claude-opus-4.7,model_shift,0.5,CG-Static,2,5,6,436,436,0,100.0000
SQLi,customapp,customapp,product,Python/SQLite,anthropic/claude-opus-4.7,model_shift,0.5,CG-Static,2,6,4,436,436,0,100.0000
SQLi,customapp,customapp,product,Python/SQLite,anthropic/claude-opus-4.7,model_shift,0.5,CG-Static,2,7,6,436,436,0,100.0000
SQLi,customapp,customapp,product,Python/SQLite,anthropic/claude-opus-4.7,model_shift,0.5,CG-Static,2,8,7,436,436,0,100.0000
SQLi,customapp,customapp,product,Python/SQLite,anthropic/claude-opus-4.7,model_shift,0.5,CG-Static,2,9,5,436,436,0,100.0000
SQLi,customapp,customapp,product,Python/SQLite,anthropic/claude-opus-4.7,model_shift,0.5,CG-Static,2,10,4,436,436,0,100.0000
SQLi,customapp,customapp,product,Python/SQLite,anthropic/claude-opus-4.7,model_shift,0.5,CG-Static,3,1,5,430,430,0,100.0000
SQLi,customapp,customapp,product,Python/SQLite,anthropic/claude-opus-4.7,model_shift,0.5,CG-Static,3,2,4,430,430,0,100.0000
SQLi,customapp,customapp,product,Python/SQLite,anthropic/claude-opus-4.7,model_shift,0.5,CG-Static,3,3,4,430,430,0,100.0000
SQLi,customapp,customapp,product,Python/SQLite,anthropic/claude-opus-4.7,model_shift,0.5,CG-Static,3,4,5,430,430,0,100.0000
SQLi,customapp,customapp,product,Python/SQLite,anthropic/claude-opus-4.7,model_shift,0.5,CG-Static,3,5,6,430,430,0,100.0000
SQLi,customapp,customapp,product,Python/SQLite,anthropic/claude-opus-4.7,model_shift,0.5,CG-Static,3,6,4,430,430,0,100.0000
SQLi,customapp,customapp,product,Python/SQLite,anthropic/claude-opus-4.7,model_shift,0.5,CG-Static,3,7,6,430,430,0,100.0000
SQLi,customapp,customapp,product,Python/SQLite,anthropic/claude-opus-4.7,model_shift,0.5,CG-Static,3,8,7,430,430,0,100.0000
SQLi,customapp,customapp,product,Python/SQLite,anthropic/claude-opus-4.7,model_shift,0.5,CG-Static,3,9,5,430,430,0,100.0000
SQLi,customapp,customapp,product,Python/SQLite,anthropic/claude-opus-4.7,model_shift,0.5,CG-Static,3,10,4,430,430,0,100.0000
SQLi,customapp,customapp,product,Python/SQLite,anthropic/claude-opus-4.7,model_shift,0.5,CG-Static,4,1,5,414,414,0,100.0000
SQLi,customapp,customapp,product,Python/SQLite,anthropic/claude-opus-4.7,model_shift,0.5,CG-Static,4,2,4,414,414,0,100.0000
SQLi,customapp,customapp,product,Python/SQLite,anthropic/claude-opus-4.7,model_shift,0.5,CG-Static,4,3,4,414,414,0,100.0000
SQLi,customapp,customapp,product,Python/SQLite,anthropic/claude-opus-4.7,model_shift,0.5,CG-Static,4,4,5,414,414,0,100.0000
SQLi,customapp,customapp,product,Python/SQLite,anthropic/claude-opus-4.7,model_shift,0.5,CG-Static,4,5,6,414,414,0,100.0000
SQLi,customapp,customapp,product,Python/SQLite,anthropic/claude-opus-4.7,model_shift,0.5,CG-Static,4,6,4,414,414,0,100.0000
SQLi,customapp,customapp,product,Python/SQLite,anthropic/claude-opus-4.7,model_shift,0.5,CG-Static,4,7,6,414,414,0,100.0000
SQLi,customapp,customapp,product,Python/SQLite,anthropic/claude-opus-4.7,model_shift,0.5,CG-Static,4,8,7,414,414,0,100.0000
SQLi,customapp,customapp,product,Python/SQLite,anthropic/claude-opus-4.7,model_shift,0.5,CG-Static,4,9,5,414,414,0,100.0000
SQLi,customapp,customapp,product,Python/SQLite,anthropic/claude-opus-4.7,model_shift,0.5,CG-Static,4,10,4,414,414,0,100.0000
SQLi,customapp,customapp,product,Python/SQLite,anthropic/claude-opus-4.7,model_shift,0.5,CG-Static,5,1,5,399,399,0,100.0000
SQLi,customapp,customapp,product,Python/SQLite,anthropic/claude-opus-4.7,model_shift,0.5,CG-Static,5,2,4,399,399,0,100.0000
SQLi,customapp,customapp,product,Python/SQLite,anthropic/claude-opus-4.7,model_shift,0.5,CG-Static,5,3,4,399,399,0,100.0000
SQLi,customapp,customapp,product,Python/SQLite,anthropic/claude-opus-4.7,model_shift,0.5,CG-Static,5,4,5,399,399,0,100.0000
SQLi,customapp,customapp,product,Python/SQLite,anthropic/claude-opus-4.7,model_shift,0.5,CG-Static,5,5,6,399,399,0,100.0000
SQLi,customapp,customapp,product,Python/SQLite,anthropic/claude-opus-4.7,model_shift,0.5,CG-Static,5,6,4,399,399,0,100.0000
SQLi,customapp,customapp,product,Python/SQLite,anthropic/claude-opus-4.7,model_shift,0.5,CG-Static,5,7,6,399,399,0,100.0000
SQLi,customapp,customapp,product,Python/SQLite,anthropic/claude-opus-4.7,model_shift,0.5,CG-Static,5,8,7,399,399,0,100.0000
SQLi,customapp,customapp,product,Python/SQLite,anthropic/claude-opus-4.7,model_shift,0.5,CG-Static,5,9,5,399,399,0,100.0000
SQLi,customapp,customapp,product,Python/SQLite,anthropic/claude-opus-4.7,model_shift,0.5,CG-Static,5,10,4,399,399,0,100.0000
SQLi,customapp,customapp,product,Python/SQLite,anthropic/claude-opus-4.7,model_shift,0.5,CRS-only,1,0,0,430,0,430,0.0000
SQLi,customapp,customapp,product,Python/SQLite,anthropic/claude-opus-4.7,model_shift,0.5,CRS-only,2,0,0,436,0,436,0.0000
SQLi,customapp,customapp,product,Python/SQLite,anthropic/claude-opus-4.7,model_shift,0.5,CRS-only,3,0,0,430,0,430,0.0000
SQLi,customapp,customapp,product,Python/SQLite,anthropic/claude-opus-4.7,model_shift,0.5,CRS-only,4,0,0,414,0,414,0.0000
SQLi,customapp,customapp,product,Python/SQLite,anthropic/claude-opus-4.7,model_shift,0.5,CRS-only,5,0,0,399,0,399,0.0000
SQLi,customapp,customapp,search,Python/SQLite,anthropic/claude-opus-4.7,model_shift,0.1,CG-Adaptive,1,1,4,431,431,0,100.0000
SQLi,customapp,customapp,search,Python/SQLite,anthropic/claude-opus-4.7,model_shift,0.1,CG-Adaptive,1,2,5,431,431,0,100.0000
SQLi,customapp,customapp,search,Python/SQLite,anthropic/claude-opus-4.7,model_shift,0.1,CG-Adaptive,1,3,5,431,431,0,100.0000
SQLi,customapp,customapp,search,Python/SQLite,anthropic/claude-opus-4.7,model_shift,0.1,CG-Adaptive,1,4,7,431,431,0,100.0000
SQLi,customapp,customapp,search,Python/SQLite,anthropic/claude-opus-4.7,model_shift,0.1,CG-Adaptive,1,5,5,431,431,0,100.0000
SQLi,customapp,customapp,search,Python/SQLite,anthropic/claude-opus-4.7,model_shift,0.1,CG-Adaptive,1,6,7,431,431,0,100.0000
SQLi,customapp,customapp,search,Python/SQLite,anthropic/claude-opus-4.7,model_shift,0.1,CG-Adaptive,1,7,5,431,431,0,100.0000
SQLi,customapp,customapp,search,Python/SQLite,anthropic/claude-opus-4.7,model_shift,0.1,CG-Adaptive,1,8,5,431,431,0,100.0000
SQLi,customapp,customapp,search,Python/SQLite,anthropic/claude-opus-4.7,model_shift,0.1,CG-Adaptive,1,9,7,431,431,0,100.0000
SQLi,customapp,customapp,search,Python/SQLite,anthropic/claude-opus-4.7,model_shift,0.1,CG-Adaptive,1,10,10,431,431,0,100.0000
SQLi,customapp,customapp,search,Python/SQLite,anthropic/claude-opus-4.7,model_shift,0.1,CG-Adaptive,2,1,4,451,451,0,100.0000
SQLi,customapp,customapp,search,Python/SQLite,anthropic/claude-opus-4.7,model_shift,0.1,CG-Adaptive,2,2,5,451,451,0,100.0000
SQLi,customapp,customapp,search,Python/SQLite,anthropic/claude-opus-4.7,model_shift,0.1,CG-Adaptive,2,3,5,451,451,0,100.0000
SQLi,customapp,customapp,search,Python/SQLite,anthropic/claude-opus-4.7,model_shift,0.1,CG-Adaptive,2,4,7,451,451,0,100.0000
SQLi,customapp,customapp,search,Python/SQLite,anthropic/claude-opus-4.7,model_shift,0.1,CG-Adaptive,2,5,5,451,451,0,100.0000
SQLi,customapp,customapp,search,Python/SQLite,anthropic/claude-opus-4.7,model_shift,0.1,CG-Adaptive,2,6,7,451,451,0,100.0000
SQLi,customapp,customapp,search,Python/SQLite,anthropic/claude-opus-4.7,model_shift,0.1,CG-Adaptive,2,7,5,451,451,0,100.0000
SQLi,customapp,customapp,search,Python/SQLite,anthropic/claude-opus-4.7,model_shift,0.1,CG-Adaptive,2,8,5,451,451,0,100.0000
SQLi,customapp,customapp,search,Python/SQLite,anthropic/claude-opus-4.7,model_shift,0.1,CG-Adaptive,2,9,7,451,451,0,100.0000
SQLi,customapp,customapp,search,Python/SQLite,anthropic/claude-opus-4.7,model_shift,0.1,CG-Adaptive,2,10,10,451,451,0,100.0000
SQLi,customapp,customapp,search,Python/SQLite,anthropic/claude-opus-4.7,model_shift,0.1,CG-Adaptive,3,1,4,425,424,1,99.7647
SQLi,customapp,customapp,search,Python/SQLite,anthropic/claude-opus-4.7,model_shift,0.1,CG-Adaptive,3,2,5,425,424,1,99.7647
SQLi,customapp,customapp,search,Python/SQLite,anthropic/claude-opus-4.7,model_shift,0.1,CG-Adaptive,3,3,5,425,424,1,99.7647
SQLi,customapp,customapp,search,Python/SQLite,anthropic/claude-opus-4.7,model_shift,0.1,CG-Adaptive,3,4,7,425,424,1,99.7647
SQLi,customapp,customapp,search,Python/SQLite,anthropic/claude-opus-4.7,model_shift,0.1,CG-Adaptive,3,5,5,425,424,1,99.7647
SQLi,customapp,customapp,search,Python/SQLite,anthropic/claude-opus-4.7,model_shift,0.1,CG-Adaptive,3,6,7,425,425,0,100.0000
SQLi,customapp,customapp,search,Python/SQLite,anthropic/claude-opus-4.7,model_shift,0.1,CG-Adaptive,3,7,5,425,424,1,99.7647
SQLi,customapp,customapp,search,Python/SQLite,anthropic/claude-opus-4.7,model_shift,0.1,CG-Adaptive,3,8,5,425,424,1,99.7647
SQLi,customapp,customapp,search,Python/SQLite,anthropic/claude-opus-4.7,model_shift,0.1,CG-Adaptive,3,9,7,425,424,1,99.7647
SQLi,customapp,customapp,search,Python/SQLite,anthropic/claude-opus-4.7,model_shift,0.1,CG-Adaptive,3,10,10,425,424,1,99.7647
SQLi,customapp,customapp,search,Python/SQLite,anthropic/claude-opus-4.7,model_shift,0.1,CG-Adaptive,4,1,4,446,446,0,100.0000
SQLi,customapp,customapp,search,Python/SQLite,anthropic/claude-opus-4.7,model_shift,0.1,CG-Adaptive,4,2,5,446,446,0,100.0000
SQLi,customapp,customapp,search,Python/SQLite,anthropic/claude-opus-4.7,model_shift,0.1,CG-Adaptive,4,3,5,446,446,0,100.0000
SQLi,customapp,customapp,search,Python/SQLite,anthropic/claude-opus-4.7,model_shift,0.1,CG-Adaptive,4,4,7,446,446,0,100.0000
SQLi,customapp,customapp,search,Python/SQLite,anthropic/claude-opus-4.7,model_shift,0.1,CG-Adaptive,4,5,5,446,446,0,100.0000
SQLi,customapp,customapp,search,Python/SQLite,anthropic/claude-opus-4.7,model_shift,0.1,CG-Adaptive,4,6,7,446,446,0,100.0000
SQLi,customapp,customapp,search,Python/SQLite,anthropic/claude-opus-4.7,model_shift,0.1,CG-Adaptive,4,7,5,446,446,0,100.0000
SQLi,customapp,customapp,search,Python/SQLite,anthropic/claude-opus-4.7,model_shift,0.1,CG-Adaptive,4,8,5,446,446,0,100.0000
SQLi,customapp,customapp,search,Python/SQLite,anthropic/claude-opus-4.7,model_shift,0.1,CG-Adaptive,4,9,7,446,446,0,100.0000
SQLi,customapp,customapp,search,Python/SQLite,anthropic/claude-opus-4.7,model_shift,0.1,CG-Adaptive,4,10,10,446,446,0,100.0000
SQLi,customapp,customapp,search,Python/SQLite,anthropic/claude-opus-4.7,model_shift,0.1,CG-Adaptive,5,1,4,433,433,0,100.0000
SQLi,customapp,customapp,search,Python/SQLite,anthropic/claude-opus-4.7,model_shift,0.1,CG-Adaptive,5,2,5,433,433,0,100.0000
SQLi,customapp,customapp,search,Python/SQLite,anthropic/claude-opus-4.7,model_shift,0.1,CG-Adaptive,5,3,5,433,433,0,100.0000
SQLi,customapp,customapp,search,Python/SQLite,anthropic/claude-opus-4.7,model_shift,0.1,CG-Adaptive,5,4,7,433,433,0,100.0000
SQLi,customapp,customapp,search,Python/SQLite,anthropic/claude-opus-4.7,model_shift,0.1,CG-Adaptive,5,5,5,433,433,0,100.0000
SQLi,customapp,customapp,search,Python/SQLite,anthropic/claude-opus-4.7,model_shift,0.1,CG-Adaptive,5,6,7,433,433,0,100.0000
SQLi,customapp,customapp,search,Python/SQLite,anthropic/claude-opus-4.7,model_shift,0.1,CG-Adaptive,5,7,5,433,433,0,100.0000
SQLi,customapp,customapp,search,Python/SQLite,anthropic/claude-opus-4.7,model_shift,0.1,CG-Adaptive,5,8,5,433,433,0,100.0000
SQLi,customapp,customapp,search,Python/SQLite,anthropic/claude-opus-4.7,model_shift,0.1,CG-Adaptive,5,9,7,433,433,0,100.0000
SQLi,customapp,customapp,search,Python/SQLite,anthropic/claude-opus-4.7,model_shift,0.1,CG-Adaptive,5,10,10,433,433,0,100.0000
SQLi,customapp,customapp,search,Python/SQLite,anthropic/claude-opus-4.7,model_shift,0.1,CG-Static,1,1,5,431,431,0,100.0000
SQLi,customapp,customapp,search,Python/SQLite,anthropic/claude-opus-4.7,model_shift,0.1,CG-Static,1,2,4,431,431,0,100.0000
SQLi,customapp,customapp,search,Python/SQLite,anthropic/claude-opus-4.7,model_shift,0.1,CG-Static,1,3,4,431,431,0,100.0000
SQLi,customapp,customapp,search,Python/SQLite,anthropic/claude-opus-4.7,model_shift,0.1,CG-Static,1,4,5,431,431,0,100.0000
SQLi,customapp,customapp,search,Python/SQLite,anthropic/claude-opus-4.7,model_shift,0.1,CG-Static,1,5,4,431,431,0,100.0000
SQLi,customapp,customapp,search,Python/SQLite,anthropic/claude-opus-4.7,model_shift,0.1,CG-Static,1,6,6,431,431,0,100.0000
SQLi,customapp,customapp,search,Python/SQLite,anthropic/claude-opus-4.7,model_shift,0.1,CG-Static,1,7,4,431,431,0,100.0000
SQLi,customapp,customapp,search,Python/SQLite,anthropic/claude-opus-4.7,model_shift,0.1,CG-Static,1,8,4,431,431,0,100.0000
SQLi,customapp,customapp,search,Python/SQLite,anthropic/claude-opus-4.7,model_shift,0.1,CG-Static,1,9,4,431,431,0,100.0000
SQLi,customapp,customapp,search,Python/SQLite,anthropic/claude-opus-4.7,model_shift,0.1,CG-Static,1,10,5,431,431,0,100.0000
SQLi,customapp,customapp,search,Python/SQLite,anthropic/claude-opus-4.7,model_shift,0.1,CG-Static,2,1,5,451,451,0,100.0000
SQLi,customapp,customapp,search,Python/SQLite,anthropic/claude-opus-4.7,model_shift,0.1,CG-Static,2,2,4,451,451,0,100.0000
SQLi,customapp,customapp,search,Python/SQLite,anthropic/claude-opus-4.7,model_shift,0.1,CG-Static,2,3,4,451,451,0,100.0000
SQLi,customapp,customapp,search,Python/SQLite,anthropic/claude-opus-4.7,model_shift,0.1,CG-Static,2,4,5,451,451,0,100.0000
SQLi,customapp,customapp,search,Python/SQLite,anthropic/claude-opus-4.7,model_shift,0.1,CG-Static,2,5,4,451,451,0,100.0000
SQLi,customapp,customapp,search,Python/SQLite,anthropic/claude-opus-4.7,model_shift,0.1,CG-Static,2,6,6,451,451,0,100.0000
SQLi,customapp,customapp,search,Python/SQLite,anthropic/claude-opus-4.7,model_shift,0.1,CG-Static,2,7,4,451,451,0,100.0000
SQLi,customapp,customapp,search,Python/SQLite,anthropic/claude-opus-4.7,model_shift,0.1,CG-Static,2,8,4,451,451,0,100.0000
SQLi,customapp,customapp,search,Python/SQLite,anthropic/claude-opus-4.7,model_shift,0.1,CG-Static,2,9,4,451,451,0,100.0000
SQLi,customapp,customapp,search,Python/SQLite,anthropic/claude-opus-4.7,model_shift,0.1,CG-Static,2,10,5,451,451,0,100.0000
SQLi,customapp,customapp,search,Python/SQLite,anthropic/claude-opus-4.7,model_shift,0.1,CG-Static,3,1,5,425,424,1,99.7647
SQLi,customapp,customapp,search,Python/SQLite,anthropic/claude-opus-4.7,model_shift,0.1,CG-Static,3,2,4,425,424,1,99.7647
SQLi,customapp,customapp,search,Python/SQLite,anthropic/claude-opus-4.7,model_shift,0.1,CG-Static,3,3,4,425,424,1,99.7647
SQLi,customapp,customapp,search,Python/SQLite,anthropic/claude-opus-4.7,model_shift,0.1,CG-Static,3,4,5,425,424,1,99.7647
SQLi,customapp,customapp,search,Python/SQLite,anthropic/claude-opus-4.7,model_shift,0.1,CG-Static,3,5,4,425,424,1,99.7647
SQLi,customapp,customapp,search,Python/SQLite,anthropic/claude-opus-4.7,model_shift,0.1,CG-Static,3,6,6,425,424,1,99.7647
SQLi,customapp,customapp,search,Python/SQLite,anthropic/claude-opus-4.7,model_shift,0.1,CG-Static,3,7,4,425,424,1,99.7647
SQLi,customapp,customapp,search,Python/SQLite,anthropic/claude-opus-4.7,model_shift,0.1,CG-Static,3,8,4,425,424,1,99.7647
SQLi,customapp,customapp,search,Python/SQLite,anthropic/claude-opus-4.7,model_shift,0.1,CG-Static,3,9,4,425,424,1,99.7647
SQLi,customapp,customapp,search,Python/SQLite,anthropic/claude-opus-4.7,model_shift,0.1,CG-Static,3,10,5,425,424,1,99.7647
SQLi,customapp,customapp,search,Python/SQLite,anthropic/claude-opus-4.7,model_shift,0.1,CG-Static,4,1,5,446,446,0,100.0000
SQLi,customapp,customapp,search,Python/SQLite,anthropic/claude-opus-4.7,model_shift,0.1,CG-Static,4,2,4,446,446,0,100.0000
SQLi,customapp,customapp,search,Python/SQLite,anthropic/claude-opus-4.7,model_shift,0.1,CG-Static,4,3,4,446,446,0,100.0000
SQLi,customapp,customapp,search,Python/SQLite,anthropic/claude-opus-4.7,model_shift,0.1,CG-Static,4,4,5,446,446,0,100.0000
SQLi,customapp,customapp,search,Python/SQLite,anthropic/claude-opus-4.7,model_shift,0.1,CG-Static,4,5,4,446,446,0,100.0000
SQLi,customapp,customapp,search,Python/SQLite,anthropic/claude-opus-4.7,model_shift,0.1,CG-Static,4,6,6,446,446,0,100.0000
SQLi,customapp,customapp,search,Python/SQLite,anthropic/claude-opus-4.7,model_shift,0.1,CG-Static,4,7,4,446,446,0,100.0000
SQLi,customapp,customapp,search,Python/SQLite,anthropic/claude-opus-4.7,model_shift,0.1,CG-Static,4,8,4,446,446,0,100.0000
SQLi,customapp,customapp,search,Python/SQLite,anthropic/claude-opus-4.7,model_shift,0.1,CG-Static,4,9,4,446,446,0,100.0000
SQLi,customapp,customapp,search,Python/SQLite,anthropic/claude-opus-4.7,model_shift,0.1,CG-Static,4,10,5,446,446,0,100.0000
SQLi,customapp,customapp,search,Python/SQLite,anthropic/claude-opus-4.7,model_shift,0.1,CG-Static,5,1,5,433,433,0,100.0000
SQLi,customapp,customapp,search,Python/SQLite,anthropic/claude-opus-4.7,model_shift,0.1,CG-Static,5,2,4,433,433,0,100.0000
SQLi,customapp,customapp,search,Python/SQLite,anthropic/claude-opus-4.7,model_shift,0.1,CG-Static,5,3,4,433,433,0,100.0000
SQLi,customapp,customapp,search,Python/SQLite,anthropic/claude-opus-4.7,model_shift,0.1,CG-Static,5,4,5,433,433,0,100.0000
SQLi,customapp,customapp,search,Python/SQLite,anthropic/claude-opus-4.7,model_shift,0.1,CG-Static,5,5,4,433,433,0,100.0000
SQLi,customapp,customapp,search,Python/SQLite,anthropic/claude-opus-4.7,model_shift,0.1,CG-Static,5,6,6,433,433,0,100.0000
SQLi,customapp,customapp,search,Python/SQLite,anthropic/claude-opus-4.7,model_shift,0.1,CG-Static,5,7,4,433,433,0,100.0000
SQLi,customapp,customapp,search,Python/SQLite,anthropic/claude-opus-4.7,model_shift,0.1,CG-Static,5,8,4,433,433,0,100.0000
SQLi,customapp,customapp,search,Python/SQLite,anthropic/claude-opus-4.7,model_shift,0.1,CG-Static,5,9,4,433,433,0,100.0000
SQLi,customapp,customapp,search,Python/SQLite,anthropic/claude-opus-4.7,model_shift,0.1,CG-Static,5,10,5,433,433,0,100.0000
SQLi,customapp,customapp,search,Python/SQLite,anthropic/claude-opus-4.7,model_shift,0.1,CRS-only,1,0,0,431,0,431,0.0000
SQLi,customapp,customapp,search,Python/SQLite,anthropic/claude-opus-4.7,model_shift,0.1,CRS-only,2,0,0,451,0,451,0.0000
SQLi,customapp,customapp,search,Python/SQLite,anthropic/claude-opus-4.7,model_shift,0.1,CRS-only,3,0,0,425,0,425,0.0000
SQLi,customapp,customapp,search,Python/SQLite,anthropic/claude-opus-4.7,model_shift,0.1,CRS-only,4,0,0,446,0,446,0.0000
SQLi,customapp,customapp,search,Python/SQLite,anthropic/claude-opus-4.7,model_shift,0.1,CRS-only,5,0,0,433,0,433,0.0000
SQLi,customapp,customapp,search,Python/SQLite,anthropic/claude-opus-4.7,model_shift,0.2,CG-Adaptive,1,1,5,431,431,0,100.0000
SQLi,customapp,customapp,search,Python/SQLite,anthropic/claude-opus-4.7,model_shift,0.2,CG-Adaptive,1,2,5,431,431,0,100.0000
SQLi,customapp,customapp,search,Python/SQLite,anthropic/claude-opus-4.7,model_shift,0.2,CG-Adaptive,1,3,5,431,431,0,100.0000
SQLi,customapp,customapp,search,Python/SQLite,anthropic/claude-opus-4.7,model_shift,0.2,CG-Adaptive,1,4,5,431,431,0,100.0000
SQLi,customapp,customapp,search,Python/SQLite,anthropic/claude-opus-4.7,model_shift,0.2,CG-Adaptive,1,5,4,431,431,0,100.0000
SQLi,customapp,customapp,search,Python/SQLite,anthropic/claude-opus-4.7,model_shift,0.2,CG-Adaptive,1,6,5,431,431,0,100.0000
SQLi,customapp,customapp,search,Python/SQLite,anthropic/claude-opus-4.7,model_shift,0.2,CG-Adaptive,1,7,6,431,431,0,100.0000
SQLi,customapp,customapp,search,Python/SQLite,anthropic/claude-opus-4.7,model_shift,0.2,CG-Adaptive,1,8,5,431,431,0,100.0000
SQLi,customapp,customapp,search,Python/SQLite,anthropic/claude-opus-4.7,model_shift,0.2,CG-Adaptive,1,9,5,431,431,0,100.0000
SQLi,customapp,customapp,search,Python/SQLite,anthropic/claude-opus-4.7,model_shift,0.2,CG-Adaptive,1,10,4,431,431,0,100.0000
SQLi,customapp,customapp,search,Python/SQLite,anthropic/claude-opus-4.7,model_shift,0.2,CG-Adaptive,2,1,5,451,451,0,100.0000
SQLi,customapp,customapp,search,Python/SQLite,anthropic/claude-opus-4.7,model_shift,0.2,CG-Adaptive,2,2,5,451,451,0,100.0000
SQLi,customapp,customapp,search,Python/SQLite,anthropic/claude-opus-4.7,model_shift,0.2,CG-Adaptive,2,3,5,451,451,0,100.0000
SQLi,customapp,customapp,search,Python/SQLite,anthropic/claude-opus-4.7,model_shift,0.2,CG-Adaptive,2,4,5,451,451,0,100.0000
SQLi,customapp,customapp,search,Python/SQLite,anthropic/claude-opus-4.7,model_shift,0.2,CG-Adaptive,2,5,4,451,451,0,100.0000
SQLi,customapp,customapp,search,Python/SQLite,anthropic/claude-opus-4.7,model_shift,0.2,CG-Adaptive,2,6,5,451,451,0,100.0000
SQLi,customapp,customapp,search,Python/SQLite,anthropic/claude-opus-4.7,model_shift,0.2,CG-Adaptive,2,7,6,451,451,0,100.0000
SQLi,customapp,customapp,search,Python/SQLite,anthropic/claude-opus-4.7,model_shift,0.2,CG-Adaptive,2,8,5,451,451,0,100.0000
SQLi,customapp,customapp,search,Python/SQLite,anthropic/claude-opus-4.7,model_shift,0.2,CG-Adaptive,2,9,5,451,451,0,100.0000
SQLi,customapp,customapp,search,Python/SQLite,anthropic/claude-opus-4.7,model_shift,0.2,CG-Adaptive,2,10,4,451,451,0,100.0000
SQLi,customapp,customapp,search,Python/SQLite,anthropic/claude-opus-4.7,model_shift,0.2,CG-Adaptive,3,1,5,425,424,1,99.7647
SQLi,customapp,customapp,search,Python/SQLite,anthropic/claude-opus-4.7,model_shift,0.2,CG-Adaptive,3,2,5,425,424,1,99.7647
SQLi,customapp,customapp,search,Python/SQLite,anthropic/claude-opus-4.7,model_shift,0.2,CG-Adaptive,3,3,5,425,424,1,99.7647
SQLi,customapp,customapp,search,Python/SQLite,anthropic/claude-opus-4.7,model_shift,0.2,CG-Adaptive,3,4,5,425,424,1,99.7647
SQLi,customapp,customapp,search,Python/SQLite,anthropic/claude-opus-4.7,model_shift,0.2,CG-Adaptive,3,5,4,425,424,1,99.7647
SQLi,customapp,customapp,search,Python/SQLite,anthropic/claude-opus-4.7,model_shift,0.2,CG-Adaptive,3,6,5,425,424,1,99.7647
SQLi,customapp,customapp,search,Python/SQLite,anthropic/claude-opus-4.7,model_shift,0.2,CG-Adaptive,3,7,6,425,424,1,99.7647
SQLi,customapp,customapp,search,Python/SQLite,anthropic/claude-opus-4.7,model_shift,0.2,CG-Adaptive,3,8,5,425,424,1,99.7647
SQLi,customapp,customapp,search,Python/SQLite,anthropic/claude-opus-4.7,model_shift,0.2,CG-Adaptive,3,9,5,425,424,1,99.7647
SQLi,customapp,customapp,search,Python/SQLite,anthropic/claude-opus-4.7,model_shift,0.2,CG-Adaptive,3,10,4,425,424,1,99.7647
SQLi,customapp,customapp,search,Python/SQLite,anthropic/claude-opus-4.7,model_shift,0.2,CG-Adaptive,4,1,5,446,446,0,100.0000
SQLi,customapp,customapp,search,Python/SQLite,anthropic/claude-opus-4.7,model_shift,0.2,CG-Adaptive,4,2,5,446,446,0,100.0000
SQLi,customapp,customapp,search,Python/SQLite,anthropic/claude-opus-4.7,model_shift,0.2,CG-Adaptive,4,3,5,446,446,0,100.0000
SQLi,customapp,customapp,search,Python/SQLite,anthropic/claude-opus-4.7,model_shift,0.2,CG-Adaptive,4,4,5,446,446,0,100.0000
SQLi,customapp,customapp,search,Python/SQLite,anthropic/claude-opus-4.7,model_shift,0.2,CG-Adaptive,4,5,4,446,446,0,100.0000
SQLi,customapp,customapp,search,Python/SQLite,anthropic/claude-opus-4.7,model_shift,0.2,CG-Adaptive,4,6,5,446,446,0,100.0000
SQLi,customapp,customapp,search,Python/SQLite,anthropic/claude-opus-4.7,model_shift,0.2,CG-Adaptive,4,7,6,446,446,0,100.0000
SQLi,customapp,customapp,search,Python/SQLite,anthropic/claude-opus-4.7,model_shift,0.2,CG-Adaptive,4,8,5,446,446,0,100.0000
SQLi,customapp,customapp,search,Python/SQLite,anthropic/claude-opus-4.7,model_shift,0.2,CG-Adaptive,4,9,5,446,446,0,100.0000
SQLi,customapp,customapp,search,Python/SQLite,anthropic/claude-opus-4.7,model_shift,0.2,CG-Adaptive,4,10,4,446,446,0,100.0000
SQLi,customapp,customapp,search,Python/SQLite,anthropic/claude-opus-4.7,model_shift,0.2,CG-Adaptive,5,1,5,433,433,0,100.0000
SQLi,customapp,customapp,search,Python/SQLite,anthropic/claude-opus-4.7,model_shift,0.2,CG-Adaptive,5,2,5,433,433,0,100.0000
SQLi,customapp,customapp,search,Python/SQLite,anthropic/claude-opus-4.7,model_shift,0.2,CG-Adaptive,5,3,5,433,433,0,100.0000
SQLi,customapp,customapp,search,Python/SQLite,anthropic/claude-opus-4.7,model_shift,0.2,CG-Adaptive,5,4,5,433,433,0,100.0000
SQLi,customapp,customapp,search,Python/SQLite,anthropic/claude-opus-4.7,model_shift,0.2,CG-Adaptive,5,5,4,433,433,0,100.0000
SQLi,customapp,customapp,search,Python/SQLite,anthropic/claude-opus-4.7,model_shift,0.2,CG-Adaptive,5,6,5,433,433,0,100.0000
SQLi,customapp,customapp,search,Python/SQLite,anthropic/claude-opus-4.7,model_shift,0.2,CG-Adaptive,5,7,6,433,433,0,100.0000
SQLi,customapp,customapp,search,Python/SQLite,anthropic/claude-opus-4.7,model_shift,0.2,CG-Adaptive,5,8,5,433,433,0,100.0000
SQLi,customapp,customapp,search,Python/SQLite,anthropic/claude-opus-4.7,model_shift,0.2,CG-Adaptive,5,9,5,433,433,0,100.0000
SQLi,customapp,customapp,search,Python/SQLite,anthropic/claude-opus-4.7,model_shift,0.2,CG-Adaptive,5,10,4,433,433,0,100.0000
SQLi,customapp,customapp,search,Python/SQLite,anthropic/claude-opus-4.7,model_shift,0.2,CG-Static,1,1,5,431,431,0,100.0000
SQLi,customapp,customapp,search,Python/SQLite,anthropic/claude-opus-4.7,model_shift,0.2,CG-Static,1,2,4,431,431,0,100.0000
SQLi,customapp,customapp,search,Python/SQLite,anthropic/claude-opus-4.7,model_shift,0.2,CG-Static,1,3,4,431,431,0,100.0000
SQLi,customapp,customapp,search,Python/SQLite,anthropic/claude-opus-4.7,model_shift,0.2,CG-Static,1,4,5,431,431,0,100.0000
SQLi,customapp,customapp,search,Python/SQLite,anthropic/claude-opus-4.7,model_shift,0.2,CG-Static,1,5,5,431,431,0,100.0000
SQLi,customapp,customapp,search,Python/SQLite,anthropic/claude-opus-4.7,model_shift,0.2,CG-Static,1,6,4,431,431,0,100.0000
SQLi,customapp,customapp,search,Python/SQLite,anthropic/claude-opus-4.7,model_shift,0.2,CG-Static,1,7,4,431,431,0,100.0000
SQLi,customapp,customapp,search,Python/SQLite,anthropic/claude-opus-4.7,model_shift,0.2,CG-Static,1,8,4,431,431,0,100.0000
SQLi,customapp,customapp,search,Python/SQLite,anthropic/claude-opus-4.7,model_shift,0.2,CG-Static,1,9,4,431,431,0,100.0000
SQLi,customapp,customapp,search,Python/SQLite,anthropic/claude-opus-4.7,model_shift,0.2,CG-Static,1,10,5,431,431,0,100.0000
SQLi,customapp,customapp,search,Python/SQLite,anthropic/claude-opus-4.7,model_shift,0.2,CG-Static,2,1,5,451,451,0,100.0000
SQLi,customapp,customapp,search,Python/SQLite,anthropic/claude-opus-4.7,model_shift,0.2,CG-Static,2,2,4,451,451,0,100.0000
SQLi,customapp,customapp,search,Python/SQLite,anthropic/claude-opus-4.7,model_shift,0.2,CG-Static,2,3,4,451,451,0,100.0000
SQLi,customapp,customapp,search,Python/SQLite,anthropic/claude-opus-4.7,model_shift,0.2,CG-Static,2,4,5,451,451,0,100.0000
SQLi,customapp,customapp,search,Python/SQLite,anthropic/claude-opus-4.7,model_shift,0.2,CG-Static,2,5,5,451,451,0,100.0000
SQLi,customapp,customapp,search,Python/SQLite,anthropic/claude-opus-4.7,model_shift,0.2,CG-Static,2,6,4,451,451,0,100.0000
SQLi,customapp,customapp,search,Python/SQLite,anthropic/claude-opus-4.7,model_shift,0.2,CG-Static,2,7,4,451,451,0,100.0000
SQLi,customapp,customapp,search,Python/SQLite,anthropic/claude-opus-4.7,model_shift,0.2,CG-Static,2,8,4,451,451,0,100.0000
SQLi,customapp,customapp,search,Python/SQLite,anthropic/claude-opus-4.7,model_shift,0.2,CG-Static,2,9,4,451,451,0,100.0000
SQLi,customapp,customapp,search,Python/SQLite,anthropic/claude-opus-4.7,model_shift,0.2,CG-Static,2,10,5,451,451,0,100.0000
SQLi,customapp,customapp,search,Python/SQLite,anthropic/claude-opus-4.7,model_shift,0.2,CG-Static,3,1,5,425,424,1,99.7647
SQLi,customapp,customapp,search,Python/SQLite,anthropic/claude-opus-4.7,model_shift,0.2,CG-Static,3,2,4,425,424,1,99.7647
SQLi,customapp,customapp,search,Python/SQLite,anthropic/claude-opus-4.7,model_shift,0.2,CG-Static,3,3,4,425,424,1,99.7647
SQLi,customapp,customapp,search,Python/SQLite,anthropic/claude-opus-4.7,model_shift,0.2,CG-Static,3,4,5,425,424,1,99.7647
SQLi,customapp,customapp,search,Python/SQLite,anthropic/claude-opus-4.7,model_shift,0.2,CG-Static,3,5,5,425,424,1,99.7647
SQLi,customapp,customapp,search,Python/SQLite,anthropic/claude-opus-4.7,model_shift,0.2,CG-Static,3,6,4,425,424,1,99.7647
SQLi,customapp,customapp,search,Python/SQLite,anthropic/claude-opus-4.7,model_shift,0.2,CG-Static,3,7,4,425,424,1,99.7647
SQLi,customapp,customapp,search,Python/SQLite,anthropic/claude-opus-4.7,model_shift,0.2,CG-Static,3,8,4,425,424,1,99.7647
SQLi,customapp,customapp,search,Python/SQLite,anthropic/claude-opus-4.7,model_shift,0.2,CG-Static,3,9,4,425,424,1,99.7647
SQLi,customapp,customapp,search,Python/SQLite,anthropic/claude-opus-4.7,model_shift,0.2,CG-Static,3,10,5,425,424,1,99.7647
SQLi,customapp,customapp,search,Python/SQLite,anthropic/claude-opus-4.7,model_shift,0.2,CG-Static,4,1,5,446,446,0,100.0000
SQLi,customapp,customapp,search,Python/SQLite,anthropic/claude-opus-4.7,model_shift,0.2,CG-Static,4,2,4,446,446,0,100.0000
SQLi,customapp,customapp,search,Python/SQLite,anthropic/claude-opus-4.7,model_shift,0.2,CG-Static,4,3,4,446,446,0,100.0000
SQLi,customapp,customapp,search,Python/SQLite,anthropic/claude-opus-4.7,model_shift,0.2,CG-Static,4,4,5,446,446,0,100.0000
SQLi,customapp,customapp,search,Python/SQLite,anthropic/claude-opus-4.7,model_shift,0.2,CG-Static,4,5,5,446,446,0,100.0000
SQLi,customapp,customapp,search,Python/SQLite,anthropic/claude-opus-4.7,model_shift,0.2,CG-Static,4,6,4,446,446,0,100.0000
SQLi,customapp,customapp,search,Python/SQLite,anthropic/claude-opus-4.7,model_shift,0.2,CG-Static,4,7,4,446,446,0,100.0000
SQLi,customapp,customapp,search,Python/SQLite,anthropic/claude-opus-4.7,model_shift,0.2,CG-Static,4,8,4,446,446,0,100.0000
SQLi,customapp,customapp,search,Python/SQLite,anthropic/claude-opus-4.7,model_shift,0.2,CG-Static,4,9,4,446,446,0,100.0000
SQLi,customapp,customapp,search,Python/SQLite,anthropic/claude-opus-4.7,model_shift,0.2,CG-Static,4,10,5,446,446,0,100.0000
SQLi,customapp,customapp,search,Python/SQLite,anthropic/claude-opus-4.7,model_shift,0.2,CG-Static,5,1,5,433,433,0,100.0000
SQLi,customapp,customapp,search,Python/SQLite,anthropic/claude-opus-4.7,model_shift,0.2,CG-Static,5,2,4,433,433,0,100.0000
SQLi,customapp,customapp,search,Python/SQLite,anthropic/claude-opus-4.7,model_shift,0.2,CG-Static,5,3,4,433,433,0,100.0000
SQLi,customapp,customapp,search,Python/SQLite,anthropic/claude-opus-4.7,model_shift,0.2,CG-Static,5,4,5,433,433,0,100.0000
SQLi,customapp,customapp,search,Python/SQLite,anthropic/claude-opus-4.7,model_shift,0.2,CG-Static,5,5,5,433,433,0,100.0000
SQLi,customapp,customapp,search,Python/SQLite,anthropic/claude-opus-4.7,model_shift,0.2,CG-Static,5,6,4,433,433,0,100.0000
SQLi,customapp,customapp,search,Python/SQLite,anthropic/claude-opus-4.7,model_shift,0.2,CG-Static,5,7,4,433,433,0,100.0000
SQLi,customapp,customapp,search,Python/SQLite,anthropic/claude-opus-4.7,model_shift,0.2,CG-Static,5,8,4,433,433,0,100.0000
SQLi,customapp,customapp,search,Python/SQLite,anthropic/claude-opus-4.7,model_shift,0.2,CG-Static,5,9,4,433,433,0,100.0000
SQLi,customapp,customapp,search,Python/SQLite,anthropic/claude-opus-4.7,model_shift,0.2,CG-Static,5,10,5,433,433,0,100.0000
SQLi,customapp,customapp,search,Python/SQLite,anthropic/claude-opus-4.7,model_shift,0.2,CRS-only,1,0,0,431,0,431,0.0000
SQLi,customapp,customapp,search,Python/SQLite,anthropic/claude-opus-4.7,model_shift,0.2,CRS-only,2,0,0,451,0,451,0.0000
SQLi,customapp,customapp,search,Python/SQLite,anthropic/claude-opus-4.7,model_shift,0.2,CRS-only,3,0,0,425,0,425,0.0000
SQLi,customapp,customapp,search,Python/SQLite,anthropic/claude-opus-4.7,model_shift,0.2,CRS-only,4,0,0,446,0,446,0.0000
SQLi,customapp,customapp,search,Python/SQLite,anthropic/claude-opus-4.7,model_shift,0.2,CRS-only,5,0,0,433,0,433,0.0000
SQLi,customapp,customapp,search,Python/SQLite,anthropic/claude-opus-4.7,model_shift,0.3,CG-Adaptive,1,1,7,431,431,0,100.0000
SQLi,customapp,customapp,search,Python/SQLite,anthropic/claude-opus-4.7,model_shift,0.3,CG-Adaptive,1,2,5,431,431,0,100.0000
SQLi,customapp,customapp,search,Python/SQLite,anthropic/claude-opus-4.7,model_shift,0.3,CG-Adaptive,1,3,5,431,431,0,100.0000
SQLi,customapp,customapp,search,Python/SQLite,anthropic/claude-opus-4.7,model_shift,0.3,CG-Adaptive,1,4,6,431,431,0,100.0000
SQLi,customapp,customapp,search,Python/SQLite,anthropic/claude-opus-4.7,model_shift,0.3,CG-Adaptive,1,5,5,431,431,0,100.0000
SQLi,customapp,customapp,search,Python/SQLite,anthropic/claude-opus-4.7,model_shift,0.3,CG-Adaptive,1,6,7,431,431,0,100.0000
SQLi,customapp,customapp,search,Python/SQLite,anthropic/claude-opus-4.7,model_shift,0.3,CG-Adaptive,1,7,5,431,431,0,100.0000
SQLi,customapp,customapp,search,Python/SQLite,anthropic/claude-opus-4.7,model_shift,0.3,CG-Adaptive,1,8,6,431,431,0,100.0000
SQLi,customapp,customapp,search,Python/SQLite,anthropic/claude-opus-4.7,model_shift,0.3,CG-Adaptive,1,9,5,431,431,0,100.0000
SQLi,customapp,customapp,search,Python/SQLite,anthropic/claude-opus-4.7,model_shift,0.3,CG-Adaptive,1,10,6,431,431,0,100.0000
SQLi,customapp,customapp,search,Python/SQLite,anthropic/claude-opus-4.7,model_shift,0.3,CG-Adaptive,2,1,7,451,451,0,100.0000
SQLi,customapp,customapp,search,Python/SQLite,anthropic/claude-opus-4.7,model_shift,0.3,CG-Adaptive,2,2,5,451,451,0,100.0000
SQLi,customapp,customapp,search,Python/SQLite,anthropic/claude-opus-4.7,model_shift,0.3,CG-Adaptive,2,3,5,451,451,0,100.0000
SQLi,customapp,customapp,search,Python/SQLite,anthropic/claude-opus-4.7,model_shift,0.3,CG-Adaptive,2,4,6,451,451,0,100.0000
SQLi,customapp,customapp,search,Python/SQLite,anthropic/claude-opus-4.7,model_shift,0.3,CG-Adaptive,2,5,5,451,451,0,100.0000
SQLi,customapp,customapp,search,Python/SQLite,anthropic/claude-opus-4.7,model_shift,0.3,CG-Adaptive,2,6,7,451,451,0,100.0000
SQLi,customapp,customapp,search,Python/SQLite,anthropic/claude-opus-4.7,model_shift,0.3,CG-Adaptive,2,7,5,451,451,0,100.0000
SQLi,customapp,customapp,search,Python/SQLite,anthropic/claude-opus-4.7,model_shift,0.3,CG-Adaptive,2,8,6,451,451,0,100.0000
SQLi,customapp,customapp,search,Python/SQLite,anthropic/claude-opus-4.7,model_shift,0.3,CG-Adaptive,2,9,5,451,451,0,100.0000
SQLi,customapp,customapp,search,Python/SQLite,anthropic/claude-opus-4.7,model_shift,0.3,CG-Adaptive,2,10,6,451,451,0,100.0000
SQLi,customapp,customapp,search,Python/SQLite,anthropic/claude-opus-4.7,model_shift,0.3,CG-Adaptive,3,1,7,425,424,1,99.7647
SQLi,customapp,customapp,search,Python/SQLite,anthropic/claude-opus-4.7,model_shift,0.3,CG-Adaptive,3,2,5,425,424,1,99.7647
SQLi,customapp,customapp,search,Python/SQLite,anthropic/claude-opus-4.7,model_shift,0.3,CG-Adaptive,3,3,5,425,424,1,99.7647
SQLi,customapp,customapp,search,Python/SQLite,anthropic/claude-opus-4.7,model_shift,0.3,CG-Adaptive,3,4,6,425,424,1,99.7647
SQLi,customapp,customapp,search,Python/SQLite,anthropic/claude-opus-4.7,model_shift,0.3,CG-Adaptive,3,5,5,425,424,1,99.7647
SQLi,customapp,customapp,search,Python/SQLite,anthropic/claude-opus-4.7,model_shift,0.3,CG-Adaptive,3,6,7,425,424,1,99.7647
SQLi,customapp,customapp,search,Python/SQLite,anthropic/claude-opus-4.7,model_shift,0.3,CG-Adaptive,3,7,5,425,424,1,99.7647
SQLi,customapp,customapp,search,Python/SQLite,anthropic/claude-opus-4.7,model_shift,0.3,CG-Adaptive,3,8,6,425,424,1,99.7647
SQLi,customapp,customapp,search,Python/SQLite,anthropic/claude-opus-4.7,model_shift,0.3,CG-Adaptive,3,9,5,425,424,1,99.7647
SQLi,customapp,customapp,search,Python/SQLite,anthropic/claude-opus-4.7,model_shift,0.3,CG-Adaptive,3,10,6,425,424,1,99.7647
SQLi,customapp,customapp,search,Python/SQLite,anthropic/claude-opus-4.7,model_shift,0.3,CG-Adaptive,4,1,7,446,446,0,100.0000
SQLi,customapp,customapp,search,Python/SQLite,anthropic/claude-opus-4.7,model_shift,0.3,CG-Adaptive,4,2,5,446,446,0,100.0000
SQLi,customapp,customapp,search,Python/SQLite,anthropic/claude-opus-4.7,model_shift,0.3,CG-Adaptive,4,3,5,446,446,0,100.0000
SQLi,customapp,customapp,search,Python/SQLite,anthropic/claude-opus-4.7,model_shift,0.3,CG-Adaptive,4,4,6,446,446,0,100.0000
SQLi,customapp,customapp,search,Python/SQLite,anthropic/claude-opus-4.7,model_shift,0.3,CG-Adaptive,4,5,5,446,446,0,100.0000
SQLi,customapp,customapp,search,Python/SQLite,anthropic/claude-opus-4.7,model_shift,0.3,CG-Adaptive,4,6,7,446,446,0,100.0000
SQLi,customapp,customapp,search,Python/SQLite,anthropic/claude-opus-4.7,model_shift,0.3,CG-Adaptive,4,7,5,446,446,0,100.0000
SQLi,customapp,customapp,search,Python/SQLite,anthropic/claude-opus-4.7,model_shift,0.3,CG-Adaptive,4,8,6,446,446,0,100.0000
SQLi,customapp,customapp,search,Python/SQLite,anthropic/claude-opus-4.7,model_shift,0.3,CG-Adaptive,4,9,5,446,446,0,100.0000
SQLi,customapp,customapp,search,Python/SQLite,anthropic/claude-opus-4.7,model_shift,0.3,CG-Adaptive,4,10,6,446,446,0,100.0000
SQLi,customapp,customapp,search,Python/SQLite,anthropic/claude-opus-4.7,model_shift,0.3,CG-Adaptive,5,1,7,433,433,0,100.0000
SQLi,customapp,customapp,search,Python/SQLite,anthropic/claude-opus-4.7,model_shift,0.3,CG-Adaptive,5,2,5,433,433,0,100.0000
SQLi,customapp,customapp,search,Python/SQLite,anthropic/claude-opus-4.7,model_shift,0.3,CG-Adaptive,5,3,5,433,433,0,100.0000
SQLi,customapp,customapp,search,Python/SQLite,anthropic/claude-opus-4.7,model_shift,0.3,CG-Adaptive,5,4,6,433,433,0,100.0000
SQLi,customapp,customapp,search,Python/SQLite,anthropic/claude-opus-4.7,model_shift,0.3,CG-Adaptive,5,5,5,433,433,0,100.0000
SQLi,customapp,customapp,search,Python/SQLite,anthropic/claude-opus-4.7,model_shift,0.3,CG-Adaptive,5,6,7,433,433,0,100.0000
SQLi,customapp,customapp,search,Python/SQLite,anthropic/claude-opus-4.7,model_shift,0.3,CG-Adaptive,5,7,5,433,433,0,100.0000
SQLi,customapp,customapp,search,Python/SQLite,anthropic/claude-opus-4.7,model_shift,0.3,CG-Adaptive,5,8,6,433,433,0,100.0000
SQLi,customapp,customapp,search,Python/SQLite,anthropic/claude-opus-4.7,model_shift,0.3,CG-Adaptive,5,9,5,433,433,0,100.0000
SQLi,customapp,customapp,search,Python/SQLite,anthropic/claude-opus-4.7,model_shift,0.3,CG-Adaptive,5,10,6,433,433,0,100.0000
SQLi,customapp,customapp,search,Python/SQLite,anthropic/claude-opus-4.7,model_shift,0.3,CG-Static,1,1,5,431,431,0,100.0000
SQLi,customapp,customapp,search,Python/SQLite,anthropic/claude-opus-4.7,model_shift,0.3,CG-Static,1,2,6,431,431,0,100.0000
SQLi,customapp,customapp,search,Python/SQLite,anthropic/claude-opus-4.7,model_shift,0.3,CG-Static,1,3,4,431,431,0,100.0000
SQLi,customapp,customapp,search,Python/SQLite,anthropic/claude-opus-4.7,model_shift,0.3,CG-Static,1,4,5,431,431,0,100.0000
SQLi,customapp,customapp,search,Python/SQLite,anthropic/claude-opus-4.7,model_shift,0.3,CG-Static,1,5,5,431,431,0,100.0000
SQLi,customapp,customapp,search,Python/SQLite,anthropic/claude-opus-4.7,model_shift,0.3,CG-Static,1,6,5,431,431,0,100.0000
SQLi,customapp,customapp,search,Python/SQLite,anthropic/claude-opus-4.7,model_shift,0.3,CG-Static,1,7,6,431,431,0,100.0000
SQLi,customapp,customapp,search,Python/SQLite,anthropic/claude-opus-4.7,model_shift,0.3,CG-Static,1,8,4,431,431,0,100.0000
SQLi,customapp,customapp,search,Python/SQLite,anthropic/claude-opus-4.7,model_shift,0.3,CG-Static,1,9,5,431,431,0,100.0000
SQLi,customapp,customapp,search,Python/SQLite,anthropic/claude-opus-4.7,model_shift,0.3,CG-Static,1,10,5,431,431,0,100.0000
SQLi,customapp,customapp,search,Python/SQLite,anthropic/claude-opus-4.7,model_shift,0.3,CG-Static,2,1,5,451,451,0,100.0000
SQLi,customapp,customapp,search,Python/SQLite,anthropic/claude-opus-4.7,model_shift,0.3,CG-Static,2,2,6,451,451,0,100.0000
SQLi,customapp,customapp,search,Python/SQLite,anthropic/claude-opus-4.7,model_shift,0.3,CG-Static,2,3,4,451,451,0,100.0000
SQLi,customapp,customapp,search,Python/SQLite,anthropic/claude-opus-4.7,model_shift,0.3,CG-Static,2,4,5,451,451,0,100.0000
SQLi,customapp,customapp,search,Python/SQLite,anthropic/claude-opus-4.7,model_shift,0.3,CG-Static,2,5,5,451,451,0,100.0000
SQLi,customapp,customapp,search,Python/SQLite,anthropic/claude-opus-4.7,model_shift,0.3,CG-Static,2,6,5,451,451,0,100.0000
SQLi,customapp,customapp,search,Python/SQLite,anthropic/claude-opus-4.7,model_shift,0.3,CG-Static,2,7,6,451,451,0,100.0000
SQLi,customapp,customapp,search,Python/SQLite,anthropic/claude-opus-4.7,model_shift,0.3,CG-Static,2,8,4,451,451,0,100.0000
SQLi,customapp,customapp,search,Python/SQLite,anthropic/claude-opus-4.7,model_shift,0.3,CG-Static,2,9,5,451,451,0,100.0000
SQLi,customapp,customapp,search,Python/SQLite,anthropic/claude-opus-4.7,model_shift,0.3,CG-Static,2,10,5,451,451,0,100.0000
SQLi,customapp,customapp,search,Python/SQLite,anthropic/claude-opus-4.7,model_shift,0.3,CG-Static,3,1,5,425,424,1,99.7647
SQLi,customapp,customapp,search,Python/SQLite,anthropic/claude-opus-4.7,model_shift,0.3,CG-Static,3,2,6,425,424,1,99.7647
SQLi,customapp,customapp,search,Python/SQLite,anthropic/claude-opus-4.7,model_shift,0.3,CG-Static,3,3,4,425,424,1,99.7647
SQLi,customapp,customapp,search,Python/SQLite,anthropic/claude-opus-4.7,model_shift,0.3,CG-Static,3,4,5,425,424,1,99.7647
SQLi,customapp,customapp,search,Python/SQLite,anthropic/claude-opus-4.7,model_shift,0.3,CG-Static,3,5,5,425,424,1,99.7647
SQLi,customapp,customapp,search,Python/SQLite,anthropic/claude-opus-4.7,model_shift,0.3,CG-Static,3,6,5,425,424,1,99.7647
SQLi,customapp,customapp,search,Python/SQLite,anthropic/claude-opus-4.7,model_shift,0.3,CG-Static,3,7,6,425,424,1,99.7647
SQLi,customapp,customapp,search,Python/SQLite,anthropic/claude-opus-4.7,model_shift,0.3,CG-Static,3,8,4,425,424,1,99.7647
SQLi,customapp,customapp,search,Python/SQLite,anthropic/claude-opus-4.7,model_shift,0.3,CG-Static,3,9,5,425,424,1,99.7647
SQLi,customapp,customapp,search,Python/SQLite,anthropic/claude-opus-4.7,model_shift,0.3,CG-Static,3,10,5,425,424,1,99.7647
SQLi,customapp,customapp,search,Python/SQLite,anthropic/claude-opus-4.7,model_shift,0.3,CG-Static,4,1,5,446,446,0,100.0000
SQLi,customapp,customapp,search,Python/SQLite,anthropic/claude-opus-4.7,model_shift,0.3,CG-Static,4,2,6,446,446,0,100.0000
SQLi,customapp,customapp,search,Python/SQLite,anthropic/claude-opus-4.7,model_shift,0.3,CG-Static,4,3,4,446,446,0,100.0000
SQLi,customapp,customapp,search,Python/SQLite,anthropic/claude-opus-4.7,model_shift,0.3,CG-Static,4,4,5,446,446,0,100.0000
SQLi,customapp,customapp,search,Python/SQLite,anthropic/claude-opus-4.7,model_shift,0.3,CG-Static,4,5,5,446,446,0,100.0000
SQLi,customapp,customapp,search,Python/SQLite,anthropic/claude-opus-4.7,model_shift,0.3,CG-Static,4,6,5,446,446,0,100.0000
SQLi,customapp,customapp,search,Python/SQLite,anthropic/claude-opus-4.7,model_shift,0.3,CG-Static,4,7,6,446,446,0,100.0000
SQLi,customapp,customapp,search,Python/SQLite,anthropic/claude-opus-4.7,model_shift,0.3,CG-Static,4,8,4,446,446,0,100.0000
SQLi,customapp,customapp,search,Python/SQLite,anthropic/claude-opus-4.7,model_shift,0.3,CG-Static,4,9,5,446,446,0,100.0000
SQLi,customapp,customapp,search,Python/SQLite,anthropic/claude-opus-4.7,model_shift,0.3,CG-Static,4,10,5,446,446,0,100.0000
SQLi,customapp,customapp,search,Python/SQLite,anthropic/claude-opus-4.7,model_shift,0.3,CG-Static,5,1,5,433,433,0,100.0000
SQLi,customapp,customapp,search,Python/SQLite,anthropic/claude-opus-4.7,model_shift,0.3,CG-Static,5,2,6,433,433,0,100.0000
SQLi,customapp,customapp,search,Python/SQLite,anthropic/claude-opus-4.7,model_shift,0.3,CG-Static,5,3,4,433,433,0,100.0000
SQLi,customapp,customapp,search,Python/SQLite,anthropic/claude-opus-4.7,model_shift,0.3,CG-Static,5,4,5,433,433,0,100.0000
SQLi,customapp,customapp,search,Python/SQLite,anthropic/claude-opus-4.7,model_shift,0.3,CG-Static,5,5,5,433,433,0,100.0000
SQLi,customapp,customapp,search,Python/SQLite,anthropic/claude-opus-4.7,model_shift,0.3,CG-Static,5,6,5,433,433,0,100.0000
SQLi,customapp,customapp,search,Python/SQLite,anthropic/claude-opus-4.7,model_shift,0.3,CG-Static,5,7,6,433,433,0,100.0000
SQLi,customapp,customapp,search,Python/SQLite,anthropic/claude-opus-4.7,model_shift,0.3,CG-Static,5,8,4,433,433,0,100.0000
SQLi,customapp,customapp,search,Python/SQLite,anthropic/claude-opus-4.7,model_shift,0.3,CG-Static,5,9,5,433,433,0,100.0000
SQLi,customapp,customapp,search,Python/SQLite,anthropic/claude-opus-4.7,model_shift,0.3,CG-Static,5,10,5,433,433,0,100.0000
SQLi,customapp,customapp,search,Python/SQLite,anthropic/claude-opus-4.7,model_shift,0.3,CRS-only,1,0,0,431,0,431,0.0000
SQLi,customapp,customapp,search,Python/SQLite,anthropic/claude-opus-4.7,model_shift,0.3,CRS-only,2,0,0,451,0,451,0.0000
SQLi,customapp,customapp,search,Python/SQLite,anthropic/claude-opus-4.7,model_shift,0.3,CRS-only,3,0,0,425,0,425,0.0000
SQLi,customapp,customapp,search,Python/SQLite,anthropic/claude-opus-4.7,model_shift,0.3,CRS-only,4,0,0,446,0,446,0.0000
SQLi,customapp,customapp,search,Python/SQLite,anthropic/claude-opus-4.7,model_shift,0.3,CRS-only,5,0,0,433,0,433,0.0000
SQLi,customapp,customapp,search,Python/SQLite,anthropic/claude-opus-4.7,model_shift,0.4,CG-Adaptive,1,1,5,431,431,0,100.0000
SQLi,customapp,customapp,search,Python/SQLite,anthropic/claude-opus-4.7,model_shift,0.4,CG-Adaptive,1,2,4,431,431,0,100.0000
SQLi,customapp,customapp,search,Python/SQLite,anthropic/claude-opus-4.7,model_shift,0.4,CG-Adaptive,1,3,6,431,431,0,100.0000
SQLi,customapp,customapp,search,Python/SQLite,anthropic/claude-opus-4.7,model_shift,0.4,CG-Adaptive,1,4,5,431,431,0,100.0000
SQLi,customapp,customapp,search,Python/SQLite,anthropic/claude-opus-4.7,model_shift,0.4,CG-Adaptive,1,5,6,431,431,0,100.0000
SQLi,customapp,customapp,search,Python/SQLite,anthropic/claude-opus-4.7,model_shift,0.4,CG-Adaptive,1,6,5,431,431,0,100.0000
SQLi,customapp,customapp,search,Python/SQLite,anthropic/claude-opus-4.7,model_shift,0.4,CG-Adaptive,1,7,5,431,431,0,100.0000
SQLi,customapp,customapp,search,Python/SQLite,anthropic/claude-opus-4.7,model_shift,0.4,CG-Adaptive,1,8,5,431,431,0,100.0000
SQLi,customapp,customapp,search,Python/SQLite,anthropic/claude-opus-4.7,model_shift,0.4,CG-Adaptive,1,9,4,431,431,0,100.0000
SQLi,customapp,customapp,search,Python/SQLite,anthropic/claude-opus-4.7,model_shift,0.4,CG-Adaptive,1,10,5,431,431,0,100.0000
SQLi,customapp,customapp,search,Python/SQLite,anthropic/claude-opus-4.7,model_shift,0.4,CG-Adaptive,2,1,5,451,451,0,100.0000
SQLi,customapp,customapp,search,Python/SQLite,anthropic/claude-opus-4.7,model_shift,0.4,CG-Adaptive,2,2,4,451,451,0,100.0000
SQLi,customapp,customapp,search,Python/SQLite,anthropic/claude-opus-4.7,model_shift,0.4,CG-Adaptive,2,3,6,451,451,0,100.0000
SQLi,customapp,customapp,search,Python/SQLite,anthropic/claude-opus-4.7,model_shift,0.4,CG-Adaptive,2,4,5,451,451,0,100.0000
SQLi,customapp,customapp,search,Python/SQLite,anthropic/claude-opus-4.7,model_shift,0.4,CG-Adaptive,2,5,6,451,451,0,100.0000
SQLi,customapp,customapp,search,Python/SQLite,anthropic/claude-opus-4.7,model_shift,0.4,CG-Adaptive,2,6,5,451,451,0,100.0000
SQLi,customapp,customapp,search,Python/SQLite,anthropic/claude-opus-4.7,model_shift,0.4,CG-Adaptive,2,7,5,451,451,0,100.0000
SQLi,customapp,customapp,search,Python/SQLite,anthropic/claude-opus-4.7,model_shift,0.4,CG-Adaptive,2,8,5,451,451,0,100.0000
SQLi,customapp,customapp,search,Python/SQLite,anthropic/claude-opus-4.7,model_shift,0.4,CG-Adaptive,2,9,4,451,451,0,100.0000
SQLi,customapp,customapp,search,Python/SQLite,anthropic/claude-opus-4.7,model_shift,0.4,CG-Adaptive,2,10,5,451,451,0,100.0000
SQLi,customapp,customapp,search,Python/SQLite,anthropic/claude-opus-4.7,model_shift,0.4,CG-Adaptive,3,1,5,425,424,1,99.7647
SQLi,customapp,customapp,search,Python/SQLite,anthropic/claude-opus-4.7,model_shift,0.4,CG-Adaptive,3,2,4,425,424,1,99.7647
SQLi,customapp,customapp,search,Python/SQLite,anthropic/claude-opus-4.7,model_shift,0.4,CG-Adaptive,3,3,6,425,424,1,99.7647
SQLi,customapp,customapp,search,Python/SQLite,anthropic/claude-opus-4.7,model_shift,0.4,CG-Adaptive,3,4,5,425,424,1,99.7647
SQLi,customapp,customapp,search,Python/SQLite,anthropic/claude-opus-4.7,model_shift,0.4,CG-Adaptive,3,5,6,425,424,1,99.7647
SQLi,customapp,customapp,search,Python/SQLite,anthropic/claude-opus-4.7,model_shift,0.4,CG-Adaptive,3,6,5,425,424,1,99.7647
SQLi,customapp,customapp,search,Python/SQLite,anthropic/claude-opus-4.7,model_shift,0.4,CG-Adaptive,3,7,5,425,424,1,99.7647
SQLi,customapp,customapp,search,Python/SQLite,anthropic/claude-opus-4.7,model_shift,0.4,CG-Adaptive,3,8,5,425,424,1,99.7647
SQLi,customapp,customapp,search,Python/SQLite,anthropic/claude-opus-4.7,model_shift,0.4,CG-Adaptive,3,9,4,425,424,1,99.7647
SQLi,customapp,customapp,search,Python/SQLite,anthropic/claude-opus-4.7,model_shift,0.4,CG-Adaptive,3,10,5,425,424,1,99.7647
SQLi,customapp,customapp,search,Python/SQLite,anthropic/claude-opus-4.7,model_shift,0.4,CG-Adaptive,4,1,5,446,446,0,100.0000
SQLi,customapp,customapp,search,Python/SQLite,anthropic/claude-opus-4.7,model_shift,0.4,CG-Adaptive,4,2,4,446,446,0,100.0000
SQLi,customapp,customapp,search,Python/SQLite,anthropic/claude-opus-4.7,model_shift,0.4,CG-Adaptive,4,3,6,446,446,0,100.0000
SQLi,customapp,customapp,search,Python/SQLite,anthropic/claude-opus-4.7,model_shift,0.4,CG-Adaptive,4,4,5,446,446,0,100.0000
SQLi,customapp,customapp,search,Python/SQLite,anthropic/claude-opus-4.7,model_shift,0.4,CG-Adaptive,4,5,6,446,446,0,100.0000
SQLi,customapp,customapp,search,Python/SQLite,anthropic/claude-opus-4.7,model_shift,0.4,CG-Adaptive,4,6,5,446,446,0,100.0000
SQLi,customapp,customapp,search,Python/SQLite,anthropic/claude-opus-4.7,model_shift,0.4,CG-Adaptive,4,7,5,446,446,0,100.0000
SQLi,customapp,customapp,search,Python/SQLite,anthropic/claude-opus-4.7,model_shift,0.4,CG-Adaptive,4,8,5,446,446,0,100.0000
SQLi,customapp,customapp,search,Python/SQLite,anthropic/claude-opus-4.7,model_shift,0.4,CG-Adaptive,4,9,4,446,446,0,100.0000
SQLi,customapp,customapp,search,Python/SQLite,anthropic/claude-opus-4.7,model_shift,0.4,CG-Adaptive,4,10,5,446,446,0,100.0000
SQLi,customapp,customapp,search,Python/SQLite,anthropic/claude-opus-4.7,model_shift,0.4,CG-Adaptive,5,1,5,433,433,0,100.0000
SQLi,customapp,customapp,search,Python/SQLite,anthropic/claude-opus-4.7,model_shift,0.4,CG-Adaptive,5,2,4,433,433,0,100.0000
SQLi,customapp,customapp,search,Python/SQLite,anthropic/claude-opus-4.7,model_shift,0.4,CG-Adaptive,5,3,6,433,433,0,100.0000
SQLi,customapp,customapp,search,Python/SQLite,anthropic/claude-opus-4.7,model_shift,0.4,CG-Adaptive,5,4,5,433,433,0,100.0000
SQLi,customapp,customapp,search,Python/SQLite,anthropic/claude-opus-4.7,model_shift,0.4,CG-Adaptive,5,5,6,433,433,0,100.0000
SQLi,customapp,customapp,search,Python/SQLite,anthropic/claude-opus-4.7,model_shift,0.4,CG-Adaptive,5,6,5,433,433,0,100.0000
SQLi,customapp,customapp,search,Python/SQLite,anthropic/claude-opus-4.7,model_shift,0.4,CG-Adaptive,5,7,5,433,433,0,100.0000
SQLi,customapp,customapp,search,Python/SQLite,anthropic/claude-opus-4.7,model_shift,0.4,CG-Adaptive,5,8,5,433,433,0,100.0000
SQLi,customapp,customapp,search,Python/SQLite,anthropic/claude-opus-4.7,model_shift,0.4,CG-Adaptive,5,9,4,433,433,0,100.0000
SQLi,customapp,customapp,search,Python/SQLite,anthropic/claude-opus-4.7,model_shift,0.4,CG-Adaptive,5,10,5,433,433,0,100.0000
SQLi,customapp,customapp,search,Python/SQLite,anthropic/claude-opus-4.7,model_shift,0.4,CG-Static,1,1,4,431,431,0,100.0000
SQLi,customapp,customapp,search,Python/SQLite,anthropic/claude-opus-4.7,model_shift,0.4,CG-Static,1,2,7,431,431,0,100.0000
SQLi,customapp,customapp,search,Python/SQLite,anthropic/claude-opus-4.7,model_shift,0.4,CG-Static,1,3,4,431,431,0,100.0000
SQLi,customapp,customapp,search,Python/SQLite,anthropic/claude-opus-4.7,model_shift,0.4,CG-Static,1,4,5,431,431,0,100.0000
SQLi,customapp,customapp,search,Python/SQLite,anthropic/claude-opus-4.7,model_shift,0.4,CG-Static,1,5,6,431,431,0,100.0000
SQLi,customapp,customapp,search,Python/SQLite,anthropic/claude-opus-4.7,model_shift,0.4,CG-Static,1,6,4,431,431,0,100.0000
SQLi,customapp,customapp,search,Python/SQLite,anthropic/claude-opus-4.7,model_shift,0.4,CG-Static,1,7,4,431,431,0,100.0000
SQLi,customapp,customapp,search,Python/SQLite,anthropic/claude-opus-4.7,model_shift,0.4,CG-Static,1,8,5,431,431,0,100.0000
SQLi,customapp,customapp,search,Python/SQLite,anthropic/claude-opus-4.7,model_shift,0.4,CG-Static,1,9,5,431,431,0,100.0000
SQLi,customapp,customapp,search,Python/SQLite,anthropic/claude-opus-4.7,model_shift,0.4,CG-Static,1,10,7,431,431,0,100.0000
SQLi,customapp,customapp,search,Python/SQLite,anthropic/claude-opus-4.7,model_shift,0.4,CG-Static,2,1,4,451,451,0,100.0000
SQLi,customapp,customapp,search,Python/SQLite,anthropic/claude-opus-4.7,model_shift,0.4,CG-Static,2,2,7,451,451,0,100.0000
SQLi,customapp,customapp,search,Python/SQLite,anthropic/claude-opus-4.7,model_shift,0.4,CG-Static,2,3,4,451,451,0,100.0000
SQLi,customapp,customapp,search,Python/SQLite,anthropic/claude-opus-4.7,model_shift,0.4,CG-Static,2,4,5,451,451,0,100.0000
SQLi,customapp,customapp,search,Python/SQLite,anthropic/claude-opus-4.7,model_shift,0.4,CG-Static,2,5,6,451,451,0,100.0000
SQLi,customapp,customapp,search,Python/SQLite,anthropic/claude-opus-4.7,model_shift,0.4,CG-Static,2,6,4,451,451,0,100.0000
SQLi,customapp,customapp,search,Python/SQLite,anthropic/claude-opus-4.7,model_shift,0.4,CG-Static,2,7,4,451,451,0,100.0000
SQLi,customapp,customapp,search,Python/SQLite,anthropic/claude-opus-4.7,model_shift,0.4,CG-Static,2,8,5,451,451,0,100.0000
SQLi,customapp,customapp,search,Python/SQLite,anthropic/claude-opus-4.7,model_shift,0.4,CG-Static,2,9,5,451,451,0,100.0000
SQLi,customapp,customapp,search,Python/SQLite,anthropic/claude-opus-4.7,model_shift,0.4,CG-Static,2,10,7,451,451,0,100.0000
SQLi,customapp,customapp,search,Python/SQLite,anthropic/claude-opus-4.7,model_shift,0.4,CG-Static,3,1,4,425,424,1,99.7647
SQLi,customapp,customapp,search,Python/SQLite,anthropic/claude-opus-4.7,model_shift,0.4,CG-Static,3,2,7,425,424,1,99.7647
SQLi,customapp,customapp,search,Python/SQLite,anthropic/claude-opus-4.7,model_shift,0.4,CG-Static,3,3,4,425,424,1,99.7647
SQLi,customapp,customapp,search,Python/SQLite,anthropic/claude-opus-4.7,model_shift,0.4,CG-Static,3,4,5,425,424,1,99.7647
SQLi,customapp,customapp,search,Python/SQLite,anthropic/claude-opus-4.7,model_shift,0.4,CG-Static,3,5,6,425,424,1,99.7647
SQLi,customapp,customapp,search,Python/SQLite,anthropic/claude-opus-4.7,model_shift,0.4,CG-Static,3,6,4,425,424,1,99.7647
SQLi,customapp,customapp,search,Python/SQLite,anthropic/claude-opus-4.7,model_shift,0.4,CG-Static,3,7,4,425,424,1,99.7647
SQLi,customapp,customapp,search,Python/SQLite,anthropic/claude-opus-4.7,model_shift,0.4,CG-Static,3,8,5,425,424,1,99.7647
SQLi,customapp,customapp,search,Python/SQLite,anthropic/claude-opus-4.7,model_shift,0.4,CG-Static,3,9,5,425,424,1,99.7647
SQLi,customapp,customapp,search,Python/SQLite,anthropic/claude-opus-4.7,model_shift,0.4,CG-Static,3,10,7,425,424,1,99.7647
SQLi,customapp,customapp,search,Python/SQLite,anthropic/claude-opus-4.7,model_shift,0.4,CG-Static,4,1,4,446,446,0,100.0000
SQLi,customapp,customapp,search,Python/SQLite,anthropic/claude-opus-4.7,model_shift,0.4,CG-Static,4,2,7,446,446,0,100.0000
SQLi,customapp,customapp,search,Python/SQLite,anthropic/claude-opus-4.7,model_shift,0.4,CG-Static,4,3,4,446,446,0,100.0000
SQLi,customapp,customapp,search,Python/SQLite,anthropic/claude-opus-4.7,model_shift,0.4,CG-Static,4,4,5,446,446,0,100.0000
SQLi,customapp,customapp,search,Python/SQLite,anthropic/claude-opus-4.7,model_shift,0.4,CG-Static,4,5,6,446,446,0,100.0000
SQLi,customapp,customapp,search,Python/SQLite,anthropic/claude-opus-4.7,model_shift,0.4,CG-Static,4,6,4,446,446,0,100.0000
SQLi,customapp,customapp,search,Python/SQLite,anthropic/claude-opus-4.7,model_shift,0.4,CG-Static,4,7,4,446,446,0,100.0000
SQLi,customapp,customapp,search,Python/SQLite,anthropic/claude-opus-4.7,model_shift,0.4,CG-Static,4,8,5,446,446,0,100.0000
SQLi,customapp,customapp,search,Python/SQLite,anthropic/claude-opus-4.7,model_shift,0.4,CG-Static,4,9,5,446,446,0,100.0000
SQLi,customapp,customapp,search,Python/SQLite,anthropic/claude-opus-4.7,model_shift,0.4,CG-Static,4,10,7,446,446,0,100.0000
SQLi,customapp,customapp,search,Python/SQLite,anthropic/claude-opus-4.7,model_shift,0.4,CG-Static,5,1,4,433,433,0,100.0000
SQLi,customapp,customapp,search,Python/SQLite,anthropic/claude-opus-4.7,model_shift,0.4,CG-Static,5,2,7,433,433,0,100.0000
SQLi,customapp,customapp,search,Python/SQLite,anthropic/claude-opus-4.7,model_shift,0.4,CG-Static,5,3,4,433,433,0,100.0000
SQLi,customapp,customapp,search,Python/SQLite,anthropic/claude-opus-4.7,model_shift,0.4,CG-Static,5,4,5,433,433,0,100.0000
SQLi,customapp,customapp,search,Python/SQLite,anthropic/claude-opus-4.7,model_shift,0.4,CG-Static,5,5,6,433,433,0,100.0000
SQLi,customapp,customapp,search,Python/SQLite,anthropic/claude-opus-4.7,model_shift,0.4,CG-Static,5,6,4,433,433,0,100.0000
SQLi,customapp,customapp,search,Python/SQLite,anthropic/claude-opus-4.7,model_shift,0.4,CG-Static,5,7,4,433,433,0,100.0000
SQLi,customapp,customapp,search,Python/SQLite,anthropic/claude-opus-4.7,model_shift,0.4,CG-Static,5,8,5,433,433,0,100.0000
SQLi,customapp,customapp,search,Python/SQLite,anthropic/claude-opus-4.7,model_shift,0.4,CG-Static,5,9,5,433,433,0,100.0000
SQLi,customapp,customapp,search,Python/SQLite,anthropic/claude-opus-4.7,model_shift,0.4,CG-Static,5,10,7,433,433,0,100.0000
SQLi,customapp,customapp,search,Python/SQLite,anthropic/claude-opus-4.7,model_shift,0.4,CRS-only,1,0,0,431,0,431,0.0000
SQLi,customapp,customapp,search,Python/SQLite,anthropic/claude-opus-4.7,model_shift,0.4,CRS-only,2,0,0,451,0,451,0.0000
SQLi,customapp,customapp,search,Python/SQLite,anthropic/claude-opus-4.7,model_shift,0.4,CRS-only,3,0,0,425,0,425,0.0000
SQLi,customapp,customapp,search,Python/SQLite,anthropic/claude-opus-4.7,model_shift,0.4,CRS-only,4,0,0,446,0,446,0.0000
SQLi,customapp,customapp,search,Python/SQLite,anthropic/claude-opus-4.7,model_shift,0.4,CRS-only,5,0,0,433,0,433,0.0000
SQLi,customapp,customapp,search,Python/SQLite,anthropic/claude-opus-4.7,model_shift,0.5,CG-Adaptive,1,1,7,431,431,0,100.0000
SQLi,customapp,customapp,search,Python/SQLite,anthropic/claude-opus-4.7,model_shift,0.5,CG-Adaptive,1,2,5,431,431,0,100.0000
SQLi,customapp,customapp,search,Python/SQLite,anthropic/claude-opus-4.7,model_shift,0.5,CG-Adaptive,1,3,4,431,431,0,100.0000
SQLi,customapp,customapp,search,Python/SQLite,anthropic/claude-opus-4.7,model_shift,0.5,CG-Adaptive,1,4,5,431,431,0,100.0000
SQLi,customapp,customapp,search,Python/SQLite,anthropic/claude-opus-4.7,model_shift,0.5,CG-Adaptive,1,5,5,431,431,0,100.0000
SQLi,customapp,customapp,search,Python/SQLite,anthropic/claude-opus-4.7,model_shift,0.5,CG-Adaptive,1,6,5,431,431,0,100.0000
SQLi,customapp,customapp,search,Python/SQLite,anthropic/claude-opus-4.7,model_shift,0.5,CG-Adaptive,1,7,9,431,431,0,100.0000
SQLi,customapp,customapp,search,Python/SQLite,anthropic/claude-opus-4.7,model_shift,0.5,CG-Adaptive,1,8,6,431,431,0,100.0000
SQLi,customapp,customapp,search,Python/SQLite,anthropic/claude-opus-4.7,model_shift,0.5,CG-Adaptive,1,9,4,431,431,0,100.0000
SQLi,customapp,customapp,search,Python/SQLite,anthropic/claude-opus-4.7,model_shift,0.5,CG-Adaptive,1,10,9,431,431,0,100.0000
SQLi,customapp,customapp,search,Python/SQLite,anthropic/claude-opus-4.7,model_shift,0.5,CG-Adaptive,2,1,7,451,451,0,100.0000
SQLi,customapp,customapp,search,Python/SQLite,anthropic/claude-opus-4.7,model_shift,0.5,CG-Adaptive,2,2,5,451,451,0,100.0000
SQLi,customapp,customapp,search,Python/SQLite,anthropic/claude-opus-4.7,model_shift,0.5,CG-Adaptive,2,3,4,451,451,0,100.0000
SQLi,customapp,customapp,search,Python/SQLite,anthropic/claude-opus-4.7,model_shift,0.5,CG-Adaptive,2,4,5,451,451,0,100.0000
SQLi,customapp,customapp,search,Python/SQLite,anthropic/claude-opus-4.7,model_shift,0.5,CG-Adaptive,2,5,5,451,451,0,100.0000
SQLi,customapp,customapp,search,Python/SQLite,anthropic/claude-opus-4.7,model_shift,0.5,CG-Adaptive,2,6,5,451,451,0,100.0000
SQLi,customapp,customapp,search,Python/SQLite,anthropic/claude-opus-4.7,model_shift,0.5,CG-Adaptive,2,7,9,451,451,0,100.0000
SQLi,customapp,customapp,search,Python/SQLite,anthropic/claude-opus-4.7,model_shift,0.5,CG-Adaptive,2,8,6,451,451,0,100.0000
SQLi,customapp,customapp,search,Python/SQLite,anthropic/claude-opus-4.7,model_shift,0.5,CG-Adaptive,2,9,4,451,451,0,100.0000
SQLi,customapp,customapp,search,Python/SQLite,anthropic/claude-opus-4.7,model_shift,0.5,CG-Adaptive,2,10,9,451,451,0,100.0000
SQLi,customapp,customapp,search,Python/SQLite,anthropic/claude-opus-4.7,model_shift,0.5,CG-Adaptive,3,1,7,425,424,1,99.7647
SQLi,customapp,customapp,search,Python/SQLite,anthropic/claude-opus-4.7,model_shift,0.5,CG-Adaptive,3,2,5,425,424,1,99.7647
SQLi,customapp,customapp,search,Python/SQLite,anthropic/claude-opus-4.7,model_shift,0.5,CG-Adaptive,3,3,4,425,424,1,99.7647
SQLi,customapp,customapp,search,Python/SQLite,anthropic/claude-opus-4.7,model_shift,0.5,CG-Adaptive,3,4,5,425,424,1,99.7647
SQLi,customapp,customapp,search,Python/SQLite,anthropic/claude-opus-4.7,model_shift,0.5,CG-Adaptive,3,5,5,425,424,1,99.7647
SQLi,customapp,customapp,search,Python/SQLite,anthropic/claude-opus-4.7,model_shift,0.5,CG-Adaptive,3,6,5,425,424,1,99.7647
SQLi,customapp,customapp,search,Python/SQLite,anthropic/claude-opus-4.7,model_shift,0.5,CG-Adaptive,3,7,9,425,424,1,99.7647
SQLi,customapp,customapp,search,Python/SQLite,anthropic/claude-opus-4.7,model_shift,0.5,CG-Adaptive,3,8,6,425,424,1,99.7647
SQLi,customapp,customapp,search,Python/SQLite,anthropic/claude-opus-4.7,model_shift,0.5,CG-Adaptive,3,9,4,425,424,1,99.7647
SQLi,customapp,customapp,search,Python/SQLite,anthropic/claude-opus-4.7,model_shift,0.5,CG-Adaptive,3,10,9,425,424,1,99.7647
SQLi,customapp,customapp,search,Python/SQLite,anthropic/claude-opus-4.7,model_shift,0.5,CG-Adaptive,4,1,7,446,446,0,100.0000
SQLi,customapp,customapp,search,Python/SQLite,anthropic/claude-opus-4.7,model_shift,0.5,CG-Adaptive,4,2,5,446,446,0,100.0000
SQLi,customapp,customapp,search,Python/SQLite,anthropic/claude-opus-4.7,model_shift,0.5,CG-Adaptive,4,3,4,446,446,0,100.0000
SQLi,customapp,customapp,search,Python/SQLite,anthropic/claude-opus-4.7,model_shift,0.5,CG-Adaptive,4,4,5,446,446,0,100.0000
SQLi,customapp,customapp,search,Python/SQLite,anthropic/claude-opus-4.7,model_shift,0.5,CG-Adaptive,4,5,5,446,446,0,100.0000
SQLi,customapp,customapp,search,Python/SQLite,anthropic/claude-opus-4.7,model_shift,0.5,CG-Adaptive,4,6,5,446,446,0,100.0000
SQLi,customapp,customapp,search,Python/SQLite,anthropic/claude-opus-4.7,model_shift,0.5,CG-Adaptive,4,7,9,446,446,0,100.0000
SQLi,customapp,customapp,search,Python/SQLite,anthropic/claude-opus-4.7,model_shift,0.5,CG-Adaptive,4,8,6,446,446,0,100.0000
SQLi,customapp,customapp,search,Python/SQLite,anthropic/claude-opus-4.7,model_shift,0.5,CG-Adaptive,4,9,4,446,446,0,100.0000
SQLi,customapp,customapp,search,Python/SQLite,anthropic/claude-opus-4.7,model_shift,0.5,CG-Adaptive,4,10,9,446,446,0,100.0000
SQLi,customapp,customapp,search,Python/SQLite,anthropic/claude-opus-4.7,model_shift,0.5,CG-Adaptive,5,1,7,433,433,0,100.0000
SQLi,customapp,customapp,search,Python/SQLite,anthropic/claude-opus-4.7,model_shift,0.5,CG-Adaptive,5,2,5,433,433,0,100.0000
SQLi,customapp,customapp,search,Python/SQLite,anthropic/claude-opus-4.7,model_shift,0.5,CG-Adaptive,5,3,4,433,433,0,100.0000
SQLi,customapp,customapp,search,Python/SQLite,anthropic/claude-opus-4.7,model_shift,0.5,CG-Adaptive,5,4,5,433,433,0,100.0000
SQLi,customapp,customapp,search,Python/SQLite,anthropic/claude-opus-4.7,model_shift,0.5,CG-Adaptive,5,5,5,433,433,0,100.0000
SQLi,customapp,customapp,search,Python/SQLite,anthropic/claude-opus-4.7,model_shift,0.5,CG-Adaptive,5,6,5,433,433,0,100.0000
SQLi,customapp,customapp,search,Python/SQLite,anthropic/claude-opus-4.7,model_shift,0.5,CG-Adaptive,5,7,9,433,433,0,100.0000
SQLi,customapp,customapp,search,Python/SQLite,anthropic/claude-opus-4.7,model_shift,0.5,CG-Adaptive,5,8,6,433,433,0,100.0000
SQLi,customapp,customapp,search,Python/SQLite,anthropic/claude-opus-4.7,model_shift,0.5,CG-Adaptive,5,9,4,433,433,0,100.0000
SQLi,customapp,customapp,search,Python/SQLite,anthropic/claude-opus-4.7,model_shift,0.5,CG-Adaptive,5,10,9,433,433,0,100.0000
SQLi,customapp,customapp,search,Python/SQLite,anthropic/claude-opus-4.7,model_shift,0.5,CG-Static,1,1,5,431,431,0,100.0000
SQLi,customapp,customapp,search,Python/SQLite,anthropic/claude-opus-4.7,model_shift,0.5,CG-Static,1,2,4,431,431,0,100.0000
SQLi,customapp,customapp,search,Python/SQLite,anthropic/claude-opus-4.7,model_shift,0.5,CG-Static,1,3,4,431,431,0,100.0000
SQLi,customapp,customapp,search,Python/SQLite,anthropic/claude-opus-4.7,model_shift,0.5,CG-Static,1,4,5,431,431,0,100.0000
SQLi,customapp,customapp,search,Python/SQLite,anthropic/claude-opus-4.7,model_shift,0.5,CG-Static,1,5,6,431,431,0,100.0000
SQLi,customapp,customapp,search,Python/SQLite,anthropic/claude-opus-4.7,model_shift,0.5,CG-Static,1,6,4,431,431,0,100.0000
SQLi,customapp,customapp,search,Python/SQLite,anthropic/claude-opus-4.7,model_shift,0.5,CG-Static,1,7,6,431,431,0,100.0000
SQLi,customapp,customapp,search,Python/SQLite,anthropic/claude-opus-4.7,model_shift,0.5,CG-Static,1,8,7,431,431,0,100.0000
SQLi,customapp,customapp,search,Python/SQLite,anthropic/claude-opus-4.7,model_shift,0.5,CG-Static,1,9,5,431,431,0,100.0000
SQLi,customapp,customapp,search,Python/SQLite,anthropic/claude-opus-4.7,model_shift,0.5,CG-Static,1,10,4,431,431,0,100.0000
SQLi,customapp,customapp,search,Python/SQLite,anthropic/claude-opus-4.7,model_shift,0.5,CG-Static,2,1,5,451,451,0,100.0000
SQLi,customapp,customapp,search,Python/SQLite,anthropic/claude-opus-4.7,model_shift,0.5,CG-Static,2,2,4,451,451,0,100.0000
SQLi,customapp,customapp,search,Python/SQLite,anthropic/claude-opus-4.7,model_shift,0.5,CG-Static,2,3,4,451,451,0,100.0000
SQLi,customapp,customapp,search,Python/SQLite,anthropic/claude-opus-4.7,model_shift,0.5,CG-Static,2,4,5,451,451,0,100.0000
SQLi,customapp,customapp,search,Python/SQLite,anthropic/claude-opus-4.7,model_shift,0.5,CG-Static,2,5,6,451,451,0,100.0000
SQLi,customapp,customapp,search,Python/SQLite,anthropic/claude-opus-4.7,model_shift,0.5,CG-Static,2,6,4,451,451,0,100.0000
SQLi,customapp,customapp,search,Python/SQLite,anthropic/claude-opus-4.7,model_shift,0.5,CG-Static,2,7,6,451,451,0,100.0000
SQLi,customapp,customapp,search,Python/SQLite,anthropic/claude-opus-4.7,model_shift,0.5,CG-Static,2,8,7,451,451,0,100.0000
SQLi,customapp,customapp,search,Python/SQLite,anthropic/claude-opus-4.7,model_shift,0.5,CG-Static,2,9,5,451,451,0,100.0000
SQLi,customapp,customapp,search,Python/SQLite,anthropic/claude-opus-4.7,model_shift,0.5,CG-Static,2,10,4,451,451,0,100.0000
SQLi,customapp,customapp,search,Python/SQLite,anthropic/claude-opus-4.7,model_shift,0.5,CG-Static,3,1,5,425,424,1,99.7647
SQLi,customapp,customapp,search,Python/SQLite,anthropic/claude-opus-4.7,model_shift,0.5,CG-Static,3,2,4,425,424,1,99.7647
SQLi,customapp,customapp,search,Python/SQLite,anthropic/claude-opus-4.7,model_shift,0.5,CG-Static,3,3,4,425,424,1,99.7647
SQLi,customapp,customapp,search,Python/SQLite,anthropic/claude-opus-4.7,model_shift,0.5,CG-Static,3,4,5,425,424,1,99.7647
SQLi,customapp,customapp,search,Python/SQLite,anthropic/claude-opus-4.7,model_shift,0.5,CG-Static,3,5,6,425,424,1,99.7647
SQLi,customapp,customapp,search,Python/SQLite,anthropic/claude-opus-4.7,model_shift,0.5,CG-Static,3,6,4,425,424,1,99.7647
SQLi,customapp,customapp,search,Python/SQLite,anthropic/claude-opus-4.7,model_shift,0.5,CG-Static,3,7,6,425,424,1,99.7647
SQLi,customapp,customapp,search,Python/SQLite,anthropic/claude-opus-4.7,model_shift,0.5,CG-Static,3,8,7,425,424,1,99.7647
SQLi,customapp,customapp,search,Python/SQLite,anthropic/claude-opus-4.7,model_shift,0.5,CG-Static,3,9,5,425,424,1,99.7647
SQLi,customapp,customapp,search,Python/SQLite,anthropic/claude-opus-4.7,model_shift,0.5,CG-Static,3,10,4,425,424,1,99.7647
SQLi,customapp,customapp,search,Python/SQLite,anthropic/claude-opus-4.7,model_shift,0.5,CG-Static,4,1,5,446,446,0,100.0000
SQLi,customapp,customapp,search,Python/SQLite,anthropic/claude-opus-4.7,model_shift,0.5,CG-Static,4,2,4,446,446,0,100.0000
SQLi,customapp,customapp,search,Python/SQLite,anthropic/claude-opus-4.7,model_shift,0.5,CG-Static,4,3,4,446,446,0,100.0000
SQLi,customapp,customapp,search,Python/SQLite,anthropic/claude-opus-4.7,model_shift,0.5,CG-Static,4,4,5,446,446,0,100.0000
SQLi,customapp,customapp,search,Python/SQLite,anthropic/claude-opus-4.7,model_shift,0.5,CG-Static,4,5,6,446,446,0,100.0000
SQLi,customapp,customapp,search,Python/SQLite,anthropic/claude-opus-4.7,model_shift,0.5,CG-Static,4,6,4,446,446,0,100.0000
SQLi,customapp,customapp,search,Python/SQLite,anthropic/claude-opus-4.7,model_shift,0.5,CG-Static,4,7,6,446,446,0,100.0000
SQLi,customapp,customapp,search,Python/SQLite,anthropic/claude-opus-4.7,model_shift,0.5,CG-Static,4,8,7,446,446,0,100.0000
SQLi,customapp,customapp,search,Python/SQLite,anthropic/claude-opus-4.7,model_shift,0.5,CG-Static,4,9,5,446,446,0,100.0000
SQLi,customapp,customapp,search,Python/SQLite,anthropic/claude-opus-4.7,model_shift,0.5,CG-Static,4,10,4,446,446,0,100.0000
SQLi,customapp,customapp,search,Python/SQLite,anthropic/claude-opus-4.7,model_shift,0.5,CG-Static,5,1,5,433,433,0,100.0000
SQLi,customapp,customapp,search,Python/SQLite,anthropic/claude-opus-4.7,model_shift,0.5,CG-Static,5,2,4,433,433,0,100.0000
SQLi,customapp,customapp,search,Python/SQLite,anthropic/claude-opus-4.7,model_shift,0.5,CG-Static,5,3,4,433,433,0,100.0000
SQLi,customapp,customapp,search,Python/SQLite,anthropic/claude-opus-4.7,model_shift,0.5,CG-Static,5,4,5,433,433,0,100.0000
SQLi,customapp,customapp,search,Python/SQLite,anthropic/claude-opus-4.7,model_shift,0.5,CG-Static,5,5,6,433,433,0,100.0000
SQLi,customapp,customapp,search,Python/SQLite,anthropic/claude-opus-4.7,model_shift,0.5,CG-Static,5,6,4,433,433,0,100.0000
SQLi,customapp,customapp,search,Python/SQLite,anthropic/claude-opus-4.7,model_shift,0.5,CG-Static,5,7,6,433,433,0,100.0000
SQLi,customapp,customapp,search,Python/SQLite,anthropic/claude-opus-4.7,model_shift,0.5,CG-Static,5,8,7,433,433,0,100.0000
SQLi,customapp,customapp,search,Python/SQLite,anthropic/claude-opus-4.7,model_shift,0.5,CG-Static,5,9,5,433,433,0,100.0000
SQLi,customapp,customapp,search,Python/SQLite,anthropic/claude-opus-4.7,model_shift,0.5,CG-Static,5,10,4,433,433,0,100.0000
SQLi,customapp,customapp,search,Python/SQLite,anthropic/claude-opus-4.7,model_shift,0.5,CRS-only,1,0,0,431,0,431,0.0000
SQLi,customapp,customapp,search,Python/SQLite,anthropic/claude-opus-4.7,model_shift,0.5,CRS-only,2,0,0,451,0,451,0.0000
SQLi,customapp,customapp,search,Python/SQLite,anthropic/claude-opus-4.7,model_shift,0.5,CRS-only,3,0,0,425,0,425,0.0000
SQLi,customapp,customapp,search,Python/SQLite,anthropic/claude-opus-4.7,model_shift,0.5,CRS-only,4,0,0,446,0,446,0.0000
SQLi,customapp,customapp,search,Python/SQLite,anthropic/claude-opus-4.7,model_shift,0.5,CRS-only,5,0,0,433,0,433,0.0000
SQLi,customapp,juice,login,Node.js/SQLite,meta-llama/llama-4-maverick,cross_backend,0.1,CG-Adaptive,1,1,4,415,415,0,100.0000
SQLi,customapp,juice,login,Node.js/SQLite,meta-llama/llama-4-maverick,cross_backend,0.1,CG-Adaptive,1,2,5,415,415,0,100.0000
SQLi,customapp,juice,login,Node.js/SQLite,meta-llama/llama-4-maverick,cross_backend,0.1,CG-Adaptive,1,3,5,415,415,0,100.0000
SQLi,customapp,juice,login,Node.js/SQLite,meta-llama/llama-4-maverick,cross_backend,0.1,CG-Adaptive,1,4,7,415,415,0,100.0000
SQLi,customapp,juice,login,Node.js/SQLite,meta-llama/llama-4-maverick,cross_backend,0.1,CG-Adaptive,1,5,5,415,415,0,100.0000
SQLi,customapp,juice,login,Node.js/SQLite,meta-llama/llama-4-maverick,cross_backend,0.1,CG-Adaptive,1,6,7,415,415,0,100.0000
SQLi,customapp,juice,login,Node.js/SQLite,meta-llama/llama-4-maverick,cross_backend,0.1,CG-Adaptive,1,7,5,415,415,0,100.0000
SQLi,customapp,juice,login,Node.js/SQLite,meta-llama/llama-4-maverick,cross_backend,0.1,CG-Adaptive,1,8,5,415,415,0,100.0000
SQLi,customapp,juice,login,Node.js/SQLite,meta-llama/llama-4-maverick,cross_backend,0.1,CG-Adaptive,1,9,7,415,415,0,100.0000
SQLi,customapp,juice,login,Node.js/SQLite,meta-llama/llama-4-maverick,cross_backend,0.1,CG-Adaptive,1,10,10,415,415,0,100.0000
SQLi,customapp,juice,login,Node.js/SQLite,meta-llama/llama-4-maverick,cross_backend,0.1,CG-Adaptive,2,1,4,428,428,0,100.0000
SQLi,customapp,juice,login,Node.js/SQLite,meta-llama/llama-4-maverick,cross_backend,0.1,CG-Adaptive,2,2,5,428,428,0,100.0000
SQLi,customapp,juice,login,Node.js/SQLite,meta-llama/llama-4-maverick,cross_backend,0.1,CG-Adaptive,2,3,5,428,428,0,100.0000
SQLi,customapp,juice,login,Node.js/SQLite,meta-llama/llama-4-maverick,cross_backend,0.1,CG-Adaptive,2,4,7,428,428,0,100.0000
SQLi,customapp,juice,login,Node.js/SQLite,meta-llama/llama-4-maverick,cross_backend,0.1,CG-Adaptive,2,5,5,428,428,0,100.0000
SQLi,customapp,juice,login,Node.js/SQLite,meta-llama/llama-4-maverick,cross_backend,0.1,CG-Adaptive,2,6,7,428,428,0,100.0000
SQLi,customapp,juice,login,Node.js/SQLite,meta-llama/llama-4-maverick,cross_backend,0.1,CG-Adaptive,2,7,5,428,428,0,100.0000
SQLi,customapp,juice,login,Node.js/SQLite,meta-llama/llama-4-maverick,cross_backend,0.1,CG-Adaptive,2,8,5,428,428,0,100.0000
SQLi,customapp,juice,login,Node.js/SQLite,meta-llama/llama-4-maverick,cross_backend,0.1,CG-Adaptive,2,9,7,428,428,0,100.0000
SQLi,customapp,juice,login,Node.js/SQLite,meta-llama/llama-4-maverick,cross_backend,0.1,CG-Adaptive,2,10,10,428,428,0,100.0000
SQLi,customapp,juice,login,Node.js/SQLite,meta-llama/llama-4-maverick,cross_backend,0.1,CG-Adaptive,3,1,4,415,415,0,100.0000
SQLi,customapp,juice,login,Node.js/SQLite,meta-llama/llama-4-maverick,cross_backend,0.1,CG-Adaptive,3,2,5,415,415,0,100.0000
SQLi,customapp,juice,login,Node.js/SQLite,meta-llama/llama-4-maverick,cross_backend,0.1,CG-Adaptive,3,3,5,415,415,0,100.0000
SQLi,customapp,juice,login,Node.js/SQLite,meta-llama/llama-4-maverick,cross_backend,0.1,CG-Adaptive,3,4,7,415,415,0,100.0000
SQLi,customapp,juice,login,Node.js/SQLite,meta-llama/llama-4-maverick,cross_backend,0.1,CG-Adaptive,3,5,5,415,415,0,100.0000
SQLi,customapp,juice,login,Node.js/SQLite,meta-llama/llama-4-maverick,cross_backend,0.1,CG-Adaptive,3,6,7,415,415,0,100.0000
SQLi,customapp,juice,login,Node.js/SQLite,meta-llama/llama-4-maverick,cross_backend,0.1,CG-Adaptive,3,7,5,415,415,0,100.0000
SQLi,customapp,juice,login,Node.js/SQLite,meta-llama/llama-4-maverick,cross_backend,0.1,CG-Adaptive,3,8,5,415,415,0,100.0000
SQLi,customapp,juice,login,Node.js/SQLite,meta-llama/llama-4-maverick,cross_backend,0.1,CG-Adaptive,3,9,7,415,415,0,100.0000
SQLi,customapp,juice,login,Node.js/SQLite,meta-llama/llama-4-maverick,cross_backend,0.1,CG-Adaptive,3,10,10,415,415,0,100.0000
SQLi,customapp,juice,login,Node.js/SQLite,meta-llama/llama-4-maverick,cross_backend,0.1,CG-Adaptive,4,1,4,424,424,0,100.0000
SQLi,customapp,juice,login,Node.js/SQLite,meta-llama/llama-4-maverick,cross_backend,0.1,CG-Adaptive,4,2,5,424,424,0,100.0000
SQLi,customapp,juice,login,Node.js/SQLite,meta-llama/llama-4-maverick,cross_backend,0.1,CG-Adaptive,4,3,5,424,424,0,100.0000
SQLi,customapp,juice,login,Node.js/SQLite,meta-llama/llama-4-maverick,cross_backend,0.1,CG-Adaptive,4,4,7,424,424,0,100.0000
SQLi,customapp,juice,login,Node.js/SQLite,meta-llama/llama-4-maverick,cross_backend,0.1,CG-Adaptive,4,5,5,424,424,0,100.0000
SQLi,customapp,juice,login,Node.js/SQLite,meta-llama/llama-4-maverick,cross_backend,0.1,CG-Adaptive,4,6,7,424,424,0,100.0000
SQLi,customapp,juice,login,Node.js/SQLite,meta-llama/llama-4-maverick,cross_backend,0.1,CG-Adaptive,4,7,5,424,424,0,100.0000
SQLi,customapp,juice,login,Node.js/SQLite,meta-llama/llama-4-maverick,cross_backend,0.1,CG-Adaptive,4,8,5,424,424,0,100.0000
SQLi,customapp,juice,login,Node.js/SQLite,meta-llama/llama-4-maverick,cross_backend,0.1,CG-Adaptive,4,9,7,424,424,0,100.0000
SQLi,customapp,juice,login,Node.js/SQLite,meta-llama/llama-4-maverick,cross_backend,0.1,CG-Adaptive,4,10,10,424,424,0,100.0000
SQLi,customapp,juice,login,Node.js/SQLite,meta-llama/llama-4-maverick,cross_backend,0.1,CG-Adaptive,5,1,4,428,428,0,100.0000
SQLi,customapp,juice,login,Node.js/SQLite,meta-llama/llama-4-maverick,cross_backend,0.1,CG-Adaptive,5,2,5,428,428,0,100.0000
SQLi,customapp,juice,login,Node.js/SQLite,meta-llama/llama-4-maverick,cross_backend,0.1,CG-Adaptive,5,3,5,428,428,0,100.0000
SQLi,customapp,juice,login,Node.js/SQLite,meta-llama/llama-4-maverick,cross_backend,0.1,CG-Adaptive,5,4,7,428,428,0,100.0000
SQLi,customapp,juice,login,Node.js/SQLite,meta-llama/llama-4-maverick,cross_backend,0.1,CG-Adaptive,5,5,5,428,428,0,100.0000
SQLi,customapp,juice,login,Node.js/SQLite,meta-llama/llama-4-maverick,cross_backend,0.1,CG-Adaptive,5,6,7,428,428,0,100.0000
SQLi,customapp,juice,login,Node.js/SQLite,meta-llama/llama-4-maverick,cross_backend,0.1,CG-Adaptive,5,7,5,428,428,0,100.0000
SQLi,customapp,juice,login,Node.js/SQLite,meta-llama/llama-4-maverick,cross_backend,0.1,CG-Adaptive,5,8,5,428,428,0,100.0000
SQLi,customapp,juice,login,Node.js/SQLite,meta-llama/llama-4-maverick,cross_backend,0.1,CG-Adaptive,5,9,7,428,428,0,100.0000
SQLi,customapp,juice,login,Node.js/SQLite,meta-llama/llama-4-maverick,cross_backend,0.1,CG-Adaptive,5,10,10,428,428,0,100.0000
SQLi,customapp,juice,login,Node.js/SQLite,meta-llama/llama-4-maverick,cross_backend,0.1,CG-Static,1,1,5,415,415,0,100.0000
SQLi,customapp,juice,login,Node.js/SQLite,meta-llama/llama-4-maverick,cross_backend,0.1,CG-Static,1,2,4,415,415,0,100.0000
SQLi,customapp,juice,login,Node.js/SQLite,meta-llama/llama-4-maverick,cross_backend,0.1,CG-Static,1,3,4,415,415,0,100.0000
SQLi,customapp,juice,login,Node.js/SQLite,meta-llama/llama-4-maverick,cross_backend,0.1,CG-Static,1,4,5,415,415,0,100.0000
SQLi,customapp,juice,login,Node.js/SQLite,meta-llama/llama-4-maverick,cross_backend,0.1,CG-Static,1,5,4,415,415,0,100.0000
SQLi,customapp,juice,login,Node.js/SQLite,meta-llama/llama-4-maverick,cross_backend,0.1,CG-Static,1,6,6,415,415,0,100.0000
SQLi,customapp,juice,login,Node.js/SQLite,meta-llama/llama-4-maverick,cross_backend,0.1,CG-Static,1,7,4,415,415,0,100.0000
SQLi,customapp,juice,login,Node.js/SQLite,meta-llama/llama-4-maverick,cross_backend,0.1,CG-Static,1,8,4,415,415,0,100.0000
SQLi,customapp,juice,login,Node.js/SQLite,meta-llama/llama-4-maverick,cross_backend,0.1,CG-Static,1,9,4,415,415,0,100.0000
SQLi,customapp,juice,login,Node.js/SQLite,meta-llama/llama-4-maverick,cross_backend,0.1,CG-Static,1,10,5,415,415,0,100.0000
SQLi,customapp,juice,login,Node.js/SQLite,meta-llama/llama-4-maverick,cross_backend,0.1,CG-Static,2,1,5,428,428,0,100.0000
SQLi,customapp,juice,login,Node.js/SQLite,meta-llama/llama-4-maverick,cross_backend,0.1,CG-Static,2,2,4,428,428,0,100.0000
SQLi,customapp,juice,login,Node.js/SQLite,meta-llama/llama-4-maverick,cross_backend,0.1,CG-Static,2,3,4,428,428,0,100.0000
SQLi,customapp,juice,login,Node.js/SQLite,meta-llama/llama-4-maverick,cross_backend,0.1,CG-Static,2,4,5,428,428,0,100.0000
SQLi,customapp,juice,login,Node.js/SQLite,meta-llama/llama-4-maverick,cross_backend,0.1,CG-Static,2,5,4,428,428,0,100.0000
SQLi,customapp,juice,login,Node.js/SQLite,meta-llama/llama-4-maverick,cross_backend,0.1,CG-Static,2,6,6,428,428,0,100.0000
SQLi,customapp,juice,login,Node.js/SQLite,meta-llama/llama-4-maverick,cross_backend,0.1,CG-Static,2,7,4,428,428,0,100.0000
SQLi,customapp,juice,login,Node.js/SQLite,meta-llama/llama-4-maverick,cross_backend,0.1,CG-Static,2,8,4,428,428,0,100.0000
SQLi,customapp,juice,login,Node.js/SQLite,meta-llama/llama-4-maverick,cross_backend,0.1,CG-Static,2,9,4,428,428,0,100.0000
SQLi,customapp,juice,login,Node.js/SQLite,meta-llama/llama-4-maverick,cross_backend,0.1,CG-Static,2,10,5,428,428,0,100.0000
SQLi,customapp,juice,login,Node.js/SQLite,meta-llama/llama-4-maverick,cross_backend,0.1,CG-Static,3,1,5,415,415,0,100.0000
SQLi,customapp,juice,login,Node.js/SQLite,meta-llama/llama-4-maverick,cross_backend,0.1,CG-Static,3,2,4,415,415,0,100.0000
SQLi,customapp,juice,login,Node.js/SQLite,meta-llama/llama-4-maverick,cross_backend,0.1,CG-Static,3,3,4,415,415,0,100.0000
SQLi,customapp,juice,login,Node.js/SQLite,meta-llama/llama-4-maverick,cross_backend,0.1,CG-Static,3,4,5,415,415,0,100.0000
SQLi,customapp,juice,login,Node.js/SQLite,meta-llama/llama-4-maverick,cross_backend,0.1,CG-Static,3,5,4,415,415,0,100.0000
SQLi,customapp,juice,login,Node.js/SQLite,meta-llama/llama-4-maverick,cross_backend,0.1,CG-Static,3,6,6,415,415,0,100.0000
SQLi,customapp,juice,login,Node.js/SQLite,meta-llama/llama-4-maverick,cross_backend,0.1,CG-Static,3,7,4,415,415,0,100.0000
SQLi,customapp,juice,login,Node.js/SQLite,meta-llama/llama-4-maverick,cross_backend,0.1,CG-Static,3,8,4,415,415,0,100.0000
SQLi,customapp,juice,login,Node.js/SQLite,meta-llama/llama-4-maverick,cross_backend,0.1,CG-Static,3,9,4,415,415,0,100.0000
SQLi,customapp,juice,login,Node.js/SQLite,meta-llama/llama-4-maverick,cross_backend,0.1,CG-Static,3,10,5,415,415,0,100.0000
SQLi,customapp,juice,login,Node.js/SQLite,meta-llama/llama-4-maverick,cross_backend,0.1,CG-Static,4,1,5,424,424,0,100.0000
SQLi,customapp,juice,login,Node.js/SQLite,meta-llama/llama-4-maverick,cross_backend,0.1,CG-Static,4,2,4,424,424,0,100.0000
SQLi,customapp,juice,login,Node.js/SQLite,meta-llama/llama-4-maverick,cross_backend,0.1,CG-Static,4,3,4,424,424,0,100.0000
SQLi,customapp,juice,login,Node.js/SQLite,meta-llama/llama-4-maverick,cross_backend,0.1,CG-Static,4,4,5,424,424,0,100.0000
SQLi,customapp,juice,login,Node.js/SQLite,meta-llama/llama-4-maverick,cross_backend,0.1,CG-Static,4,5,4,424,424,0,100.0000
SQLi,customapp,juice,login,Node.js/SQLite,meta-llama/llama-4-maverick,cross_backend,0.1,CG-Static,4,6,6,424,424,0,100.0000
SQLi,customapp,juice,login,Node.js/SQLite,meta-llama/llama-4-maverick,cross_backend,0.1,CG-Static,4,7,4,424,424,0,100.0000
SQLi,customapp,juice,login,Node.js/SQLite,meta-llama/llama-4-maverick,cross_backend,0.1,CG-Static,4,8,4,424,424,0,100.0000
SQLi,customapp,juice,login,Node.js/SQLite,meta-llama/llama-4-maverick,cross_backend,0.1,CG-Static,4,9,4,424,424,0,100.0000
SQLi,customapp,juice,login,Node.js/SQLite,meta-llama/llama-4-maverick,cross_backend,0.1,CG-Static,4,10,5,424,424,0,100.0000
SQLi,customapp,juice,login,Node.js/SQLite,meta-llama/llama-4-maverick,cross_backend,0.1,CG-Static,5,1,5,428,428,0,100.0000
SQLi,customapp,juice,login,Node.js/SQLite,meta-llama/llama-4-maverick,cross_backend,0.1,CG-Static,5,2,4,428,428,0,100.0000
SQLi,customapp,juice,login,Node.js/SQLite,meta-llama/llama-4-maverick,cross_backend,0.1,CG-Static,5,3,4,428,428,0,100.0000
SQLi,customapp,juice,login,Node.js/SQLite,meta-llama/llama-4-maverick,cross_backend,0.1,CG-Static,5,4,5,428,428,0,100.0000
SQLi,customapp,juice,login,Node.js/SQLite,meta-llama/llama-4-maverick,cross_backend,0.1,CG-Static,5,5,4,428,428,0,100.0000
SQLi,customapp,juice,login,Node.js/SQLite,meta-llama/llama-4-maverick,cross_backend,0.1,CG-Static,5,6,6,428,428,0,100.0000
SQLi,customapp,juice,login,Node.js/SQLite,meta-llama/llama-4-maverick,cross_backend,0.1,CG-Static,5,7,4,428,428,0,100.0000
SQLi,customapp,juice,login,Node.js/SQLite,meta-llama/llama-4-maverick,cross_backend,0.1,CG-Static,5,8,4,428,428,0,100.0000
SQLi,customapp,juice,login,Node.js/SQLite,meta-llama/llama-4-maverick,cross_backend,0.1,CG-Static,5,9,4,428,428,0,100.0000
SQLi,customapp,juice,login,Node.js/SQLite,meta-llama/llama-4-maverick,cross_backend,0.1,CG-Static,5,10,5,428,428,0,100.0000
SQLi,customapp,juice,login,Node.js/SQLite,meta-llama/llama-4-maverick,cross_backend,0.1,CRS-only,1,0,0,415,0,415,0.0000
SQLi,customapp,juice,login,Node.js/SQLite,meta-llama/llama-4-maverick,cross_backend,0.1,CRS-only,2,0,0,428,0,428,0.0000
SQLi,customapp,juice,login,Node.js/SQLite,meta-llama/llama-4-maverick,cross_backend,0.1,CRS-only,3,0,0,415,0,415,0.0000
SQLi,customapp,juice,login,Node.js/SQLite,meta-llama/llama-4-maverick,cross_backend,0.1,CRS-only,4,0,0,424,0,424,0.0000
SQLi,customapp,juice,login,Node.js/SQLite,meta-llama/llama-4-maverick,cross_backend,0.1,CRS-only,5,0,0,428,0,428,0.0000
SQLi,customapp,juice,login,Node.js/SQLite,meta-llama/llama-4-maverick,cross_backend,0.2,CG-Adaptive,1,1,5,415,415,0,100.0000
SQLi,customapp,juice,login,Node.js/SQLite,meta-llama/llama-4-maverick,cross_backend,0.2,CG-Adaptive,1,2,5,415,415,0,100.0000
SQLi,customapp,juice,login,Node.js/SQLite,meta-llama/llama-4-maverick,cross_backend,0.2,CG-Adaptive,1,3,5,415,415,0,100.0000
SQLi,customapp,juice,login,Node.js/SQLite,meta-llama/llama-4-maverick,cross_backend,0.2,CG-Adaptive,1,4,5,415,415,0,100.0000
SQLi,customapp,juice,login,Node.js/SQLite,meta-llama/llama-4-maverick,cross_backend,0.2,CG-Adaptive,1,5,4,415,415,0,100.0000
SQLi,customapp,juice,login,Node.js/SQLite,meta-llama/llama-4-maverick,cross_backend,0.2,CG-Adaptive,1,6,5,415,415,0,100.0000
SQLi,customapp,juice,login,Node.js/SQLite,meta-llama/llama-4-maverick,cross_backend,0.2,CG-Adaptive,1,7,6,415,415,0,100.0000
SQLi,customapp,juice,login,Node.js/SQLite,meta-llama/llama-4-maverick,cross_backend,0.2,CG-Adaptive,1,8,5,415,415,0,100.0000
SQLi,customapp,juice,login,Node.js/SQLite,meta-llama/llama-4-maverick,cross_backend,0.2,CG-Adaptive,1,9,5,415,415,0,100.0000
SQLi,customapp,juice,login,Node.js/SQLite,meta-llama/llama-4-maverick,cross_backend,0.2,CG-Adaptive,1,10,4,415,415,0,100.0000
SQLi,customapp,juice,login,Node.js/SQLite,meta-llama/llama-4-maverick,cross_backend,0.2,CG-Adaptive,2,1,5,428,428,0,100.0000
SQLi,customapp,juice,login,Node.js/SQLite,meta-llama/llama-4-maverick,cross_backend,0.2,CG-Adaptive,2,2,5,428,428,0,100.0000
SQLi,customapp,juice,login,Node.js/SQLite,meta-llama/llama-4-maverick,cross_backend,0.2,CG-Adaptive,2,3,5,428,428,0,100.0000
SQLi,customapp,juice,login,Node.js/SQLite,meta-llama/llama-4-maverick,cross_backend,0.2,CG-Adaptive,2,4,5,428,428,0,100.0000
SQLi,customapp,juice,login,Node.js/SQLite,meta-llama/llama-4-maverick,cross_backend,0.2,CG-Adaptive,2,5,4,428,428,0,100.0000
SQLi,customapp,juice,login,Node.js/SQLite,meta-llama/llama-4-maverick,cross_backend,0.2,CG-Adaptive,2,6,5,428,428,0,100.0000
SQLi,customapp,juice,login,Node.js/SQLite,meta-llama/llama-4-maverick,cross_backend,0.2,CG-Adaptive,2,7,6,428,428,0,100.0000
SQLi,customapp,juice,login,Node.js/SQLite,meta-llama/llama-4-maverick,cross_backend,0.2,CG-Adaptive,2,8,5,428,428,0,100.0000
SQLi,customapp,juice,login,Node.js/SQLite,meta-llama/llama-4-maverick,cross_backend,0.2,CG-Adaptive,2,9,5,428,428,0,100.0000
SQLi,customapp,juice,login,Node.js/SQLite,meta-llama/llama-4-maverick,cross_backend,0.2,CG-Adaptive,2,10,4,428,428,0,100.0000
SQLi,customapp,juice,login,Node.js/SQLite,meta-llama/llama-4-maverick,cross_backend,0.2,CG-Adaptive,3,1,5,415,415,0,100.0000
SQLi,customapp,juice,login,Node.js/SQLite,meta-llama/llama-4-maverick,cross_backend,0.2,CG-Adaptive,3,2,5,415,415,0,100.0000
SQLi,customapp,juice,login,Node.js/SQLite,meta-llama/llama-4-maverick,cross_backend,0.2,CG-Adaptive,3,3,5,415,415,0,100.0000
SQLi,customapp,juice,login,Node.js/SQLite,meta-llama/llama-4-maverick,cross_backend,0.2,CG-Adaptive,3,4,5,415,415,0,100.0000
SQLi,customapp,juice,login,Node.js/SQLite,meta-llama/llama-4-maverick,cross_backend,0.2,CG-Adaptive,3,5,4,415,415,0,100.0000
SQLi,customapp,juice,login,Node.js/SQLite,meta-llama/llama-4-maverick,cross_backend,0.2,CG-Adaptive,3,6,5,415,415,0,100.0000
SQLi,customapp,juice,login,Node.js/SQLite,meta-llama/llama-4-maverick,cross_backend,0.2,CG-Adaptive,3,7,6,415,415,0,100.0000
SQLi,customapp,juice,login,Node.js/SQLite,meta-llama/llama-4-maverick,cross_backend,0.2,CG-Adaptive,3,8,5,415,415,0,100.0000
SQLi,customapp,juice,login,Node.js/SQLite,meta-llama/llama-4-maverick,cross_backend,0.2,CG-Adaptive,3,9,5,415,415,0,100.0000
SQLi,customapp,juice,login,Node.js/SQLite,meta-llama/llama-4-maverick,cross_backend,0.2,CG-Adaptive,3,10,4,415,415,0,100.0000
SQLi,customapp,juice,login,Node.js/SQLite,meta-llama/llama-4-maverick,cross_backend,0.2,CG-Adaptive,4,1,5,424,424,0,100.0000
SQLi,customapp,juice,login,Node.js/SQLite,meta-llama/llama-4-maverick,cross_backend,0.2,CG-Adaptive,4,2,5,424,424,0,100.0000
SQLi,customapp,juice,login,Node.js/SQLite,meta-llama/llama-4-maverick,cross_backend,0.2,CG-Adaptive,4,3,5,424,424,0,100.0000
SQLi,customapp,juice,login,Node.js/SQLite,meta-llama/llama-4-maverick,cross_backend,0.2,CG-Adaptive,4,4,5,424,424,0,100.0000
SQLi,customapp,juice,login,Node.js/SQLite,meta-llama/llama-4-maverick,cross_backend,0.2,CG-Adaptive,4,5,4,424,424,0,100.0000
SQLi,customapp,juice,login,Node.js/SQLite,meta-llama/llama-4-maverick,cross_backend,0.2,CG-Adaptive,4,6,5,424,424,0,100.0000
SQLi,customapp,juice,login,Node.js/SQLite,meta-llama/llama-4-maverick,cross_backend,0.2,CG-Adaptive,4,7,6,424,424,0,100.0000
SQLi,customapp,juice,login,Node.js/SQLite,meta-llama/llama-4-maverick,cross_backend,0.2,CG-Adaptive,4,8,5,424,424,0,100.0000
SQLi,customapp,juice,login,Node.js/SQLite,meta-llama/llama-4-maverick,cross_backend,0.2,CG-Adaptive,4,9,5,424,424,0,100.0000
SQLi,customapp,juice,login,Node.js/SQLite,meta-llama/llama-4-maverick,cross_backend,0.2,CG-Adaptive,4,10,4,424,424,0,100.0000
SQLi,customapp,juice,login,Node.js/SQLite,meta-llama/llama-4-maverick,cross_backend,0.2,CG-Adaptive,5,1,5,428,428,0,100.0000
SQLi,customapp,juice,login,Node.js/SQLite,meta-llama/llama-4-maverick,cross_backend,0.2,CG-Adaptive,5,2,5,428,428,0,100.0000
SQLi,customapp,juice,login,Node.js/SQLite,meta-llama/llama-4-maverick,cross_backend,0.2,CG-Adaptive,5,3,5,428,428,0,100.0000
SQLi,customapp,juice,login,Node.js/SQLite,meta-llama/llama-4-maverick,cross_backend,0.2,CG-Adaptive,5,4,5,428,428,0,100.0000
SQLi,customapp,juice,login,Node.js/SQLite,meta-llama/llama-4-maverick,cross_backend,0.2,CG-Adaptive,5,5,4,428,428,0,100.0000
SQLi,customapp,juice,login,Node.js/SQLite,meta-llama/llama-4-maverick,cross_backend,0.2,CG-Adaptive,5,6,5,428,428,0,100.0000
SQLi,customapp,juice,login,Node.js/SQLite,meta-llama/llama-4-maverick,cross_backend,0.2,CG-Adaptive,5,7,6,428,428,0,100.0000
SQLi,customapp,juice,login,Node.js/SQLite,meta-llama/llama-4-maverick,cross_backend,0.2,CG-Adaptive,5,8,5,428,428,0,100.0000
SQLi,customapp,juice,login,Node.js/SQLite,meta-llama/llama-4-maverick,cross_backend,0.2,CG-Adaptive,5,9,5,428,428,0,100.0000
SQLi,customapp,juice,login,Node.js/SQLite,meta-llama/llama-4-maverick,cross_backend,0.2,CG-Adaptive,5,10,4,428,428,0,100.0000
SQLi,customapp,juice,login,Node.js/SQLite,meta-llama/llama-4-maverick,cross_backend,0.2,CG-Static,1,1,5,415,415,0,100.0000
SQLi,customapp,juice,login,Node.js/SQLite,meta-llama/llama-4-maverick,cross_backend,0.2,CG-Static,1,2,4,415,415,0,100.0000
SQLi,customapp,juice,login,Node.js/SQLite,meta-llama/llama-4-maverick,cross_backend,0.2,CG-Static,1,3,4,415,415,0,100.0000
SQLi,customapp,juice,login,Node.js/SQLite,meta-llama/llama-4-maverick,cross_backend,0.2,CG-Static,1,4,5,415,415,0,100.0000
SQLi,customapp,juice,login,Node.js/SQLite,meta-llama/llama-4-maverick,cross_backend,0.2,CG-Static,1,5,5,415,415,0,100.0000
SQLi,customapp,juice,login,Node.js/SQLite,meta-llama/llama-4-maverick,cross_backend,0.2,CG-Static,1,6,4,415,415,0,100.0000
SQLi,customapp,juice,login,Node.js/SQLite,meta-llama/llama-4-maverick,cross_backend,0.2,CG-Static,1,7,4,415,415,0,100.0000
SQLi,customapp,juice,login,Node.js/SQLite,meta-llama/llama-4-maverick,cross_backend,0.2,CG-Static,1,8,4,415,415,0,100.0000
SQLi,customapp,juice,login,Node.js/SQLite,meta-llama/llama-4-maverick,cross_backend,0.2,CG-Static,1,9,4,415,415,0,100.0000
SQLi,customapp,juice,login,Node.js/SQLite,meta-llama/llama-4-maverick,cross_backend,0.2,CG-Static,1,10,5,415,415,0,100.0000
SQLi,customapp,juice,login,Node.js/SQLite,meta-llama/llama-4-maverick,cross_backend,0.2,CG-Static,2,1,5,428,428,0,100.0000
SQLi,customapp,juice,login,Node.js/SQLite,meta-llama/llama-4-maverick,cross_backend,0.2,CG-Static,2,2,4,428,428,0,100.0000
SQLi,customapp,juice,login,Node.js/SQLite,meta-llama/llama-4-maverick,cross_backend,0.2,CG-Static,2,3,4,428,428,0,100.0000
SQLi,customapp,juice,login,Node.js/SQLite,meta-llama/llama-4-maverick,cross_backend,0.2,CG-Static,2,4,5,428,428,0,100.0000
SQLi,customapp,juice,login,Node.js/SQLite,meta-llama/llama-4-maverick,cross_backend,0.2,CG-Static,2,5,5,428,428,0,100.0000
SQLi,customapp,juice,login,Node.js/SQLite,meta-llama/llama-4-maverick,cross_backend,0.2,CG-Static,2,6,4,428,428,0,100.0000
SQLi,customapp,juice,login,Node.js/SQLite,meta-llama/llama-4-maverick,cross_backend,0.2,CG-Static,2,7,4,428,428,0,100.0000
SQLi,customapp,juice,login,Node.js/SQLite,meta-llama/llama-4-maverick,cross_backend,0.2,CG-Static,2,8,4,428,428,0,100.0000
SQLi,customapp,juice,login,Node.js/SQLite,meta-llama/llama-4-maverick,cross_backend,0.2,CG-Static,2,9,4,428,428,0,100.0000
SQLi,customapp,juice,login,Node.js/SQLite,meta-llama/llama-4-maverick,cross_backend,0.2,CG-Static,2,10,5,428,428,0,100.0000
SQLi,customapp,juice,login,Node.js/SQLite,meta-llama/llama-4-maverick,cross_backend,0.2,CG-Static,3,1,5,415,415,0,100.0000
SQLi,customapp,juice,login,Node.js/SQLite,meta-llama/llama-4-maverick,cross_backend,0.2,CG-Static,3,2,4,415,415,0,100.0000
SQLi,customapp,juice,login,Node.js/SQLite,meta-llama/llama-4-maverick,cross_backend,0.2,CG-Static,3,3,4,415,415,0,100.0000
SQLi,customapp,juice,login,Node.js/SQLite,meta-llama/llama-4-maverick,cross_backend,0.2,CG-Static,3,4,5,415,415,0,100.0000
SQLi,customapp,juice,login,Node.js/SQLite,meta-llama/llama-4-maverick,cross_backend,0.2,CG-Static,3,5,5,415,415,0,100.0000
SQLi,customapp,juice,login,Node.js/SQLite,meta-llama/llama-4-maverick,cross_backend,0.2,CG-Static,3,6,4,415,415,0,100.0000
SQLi,customapp,juice,login,Node.js/SQLite,meta-llama/llama-4-maverick,cross_backend,0.2,CG-Static,3,7,4,415,415,0,100.0000
SQLi,customapp,juice,login,Node.js/SQLite,meta-llama/llama-4-maverick,cross_backend,0.2,CG-Static,3,8,4,415,415,0,100.0000
SQLi,customapp,juice,login,Node.js/SQLite,meta-llama/llama-4-maverick,cross_backend,0.2,CG-Static,3,9,4,415,415,0,100.0000
SQLi,customapp,juice,login,Node.js/SQLite,meta-llama/llama-4-maverick,cross_backend,0.2,CG-Static,3,10,5,415,415,0,100.0000
SQLi,customapp,juice,login,Node.js/SQLite,meta-llama/llama-4-maverick,cross_backend,0.2,CG-Static,4,1,5,424,424,0,100.0000
SQLi,customapp,juice,login,Node.js/SQLite,meta-llama/llama-4-maverick,cross_backend,0.2,CG-Static,4,2,4,424,424,0,100.0000
SQLi,customapp,juice,login,Node.js/SQLite,meta-llama/llama-4-maverick,cross_backend,0.2,CG-Static,4,3,4,424,424,0,100.0000
SQLi,customapp,juice,login,Node.js/SQLite,meta-llama/llama-4-maverick,cross_backend,0.2,CG-Static,4,4,5,424,424,0,100.0000
SQLi,customapp,juice,login,Node.js/SQLite,meta-llama/llama-4-maverick,cross_backend,0.2,CG-Static,4,5,5,424,424,0,100.0000
SQLi,customapp,juice,login,Node.js/SQLite,meta-llama/llama-4-maverick,cross_backend,0.2,CG-Static,4,6,4,424,424,0,100.0000
SQLi,customapp,juice,login,Node.js/SQLite,meta-llama/llama-4-maverick,cross_backend,0.2,CG-Static,4,7,4,424,424,0,100.0000
SQLi,customapp,juice,login,Node.js/SQLite,meta-llama/llama-4-maverick,cross_backend,0.2,CG-Static,4,8,4,424,424,0,100.0000
SQLi,customapp,juice,login,Node.js/SQLite,meta-llama/llama-4-maverick,cross_backend,0.2,CG-Static,4,9,4,424,424,0,100.0000
SQLi,customapp,juice,login,Node.js/SQLite,meta-llama/llama-4-maverick,cross_backend,0.2,CG-Static,4,10,5,424,424,0,100.0000
SQLi,customapp,juice,login,Node.js/SQLite,meta-llama/llama-4-maverick,cross_backend,0.2,CG-Static,5,1,5,428,428,0,100.0000
SQLi,customapp,juice,login,Node.js/SQLite,meta-llama/llama-4-maverick,cross_backend,0.2,CG-Static,5,2,4,428,428,0,100.0000
SQLi,customapp,juice,login,Node.js/SQLite,meta-llama/llama-4-maverick,cross_backend,0.2,CG-Static,5,3,4,428,428,0,100.0000
SQLi,customapp,juice,login,Node.js/SQLite,meta-llama/llama-4-maverick,cross_backend,0.2,CG-Static,5,4,5,428,428,0,100.0000
SQLi,customapp,juice,login,Node.js/SQLite,meta-llama/llama-4-maverick,cross_backend,0.2,CG-Static,5,5,5,428,428,0,100.0000
SQLi,customapp,juice,login,Node.js/SQLite,meta-llama/llama-4-maverick,cross_backend,0.2,CG-Static,5,6,4,428,428,0,100.0000
SQLi,customapp,juice,login,Node.js/SQLite,meta-llama/llama-4-maverick,cross_backend,0.2,CG-Static,5,7,4,428,428,0,100.0000
SQLi,customapp,juice,login,Node.js/SQLite,meta-llama/llama-4-maverick,cross_backend,0.2,CG-Static,5,8,4,428,428,0,100.0000
SQLi,customapp,juice,login,Node.js/SQLite,meta-llama/llama-4-maverick,cross_backend,0.2,CG-Static,5,9,4,428,428,0,100.0000
SQLi,customapp,juice,login,Node.js/SQLite,meta-llama/llama-4-maverick,cross_backend,0.2,CG-Static,5,10,5,428,428,0,100.0000
SQLi,customapp,juice,login,Node.js/SQLite,meta-llama/llama-4-maverick,cross_backend,0.2,CRS-only,1,0,0,415,0,415,0.0000
SQLi,customapp,juice,login,Node.js/SQLite,meta-llama/llama-4-maverick,cross_backend,0.2,CRS-only,2,0,0,428,0,428,0.0000
SQLi,customapp,juice,login,Node.js/SQLite,meta-llama/llama-4-maverick,cross_backend,0.2,CRS-only,3,0,0,415,0,415,0.0000
SQLi,customapp,juice,login,Node.js/SQLite,meta-llama/llama-4-maverick,cross_backend,0.2,CRS-only,4,0,0,424,0,424,0.0000
SQLi,customapp,juice,login,Node.js/SQLite,meta-llama/llama-4-maverick,cross_backend,0.2,CRS-only,5,0,0,428,0,428,0.0000
SQLi,customapp,juice,login,Node.js/SQLite,meta-llama/llama-4-maverick,cross_backend,0.3,CG-Adaptive,1,1,7,415,415,0,100.0000
SQLi,customapp,juice,login,Node.js/SQLite,meta-llama/llama-4-maverick,cross_backend,0.3,CG-Adaptive,1,2,5,415,415,0,100.0000
SQLi,customapp,juice,login,Node.js/SQLite,meta-llama/llama-4-maverick,cross_backend,0.3,CG-Adaptive,1,3,5,415,415,0,100.0000
SQLi,customapp,juice,login,Node.js/SQLite,meta-llama/llama-4-maverick,cross_backend,0.3,CG-Adaptive,1,4,6,415,415,0,100.0000
SQLi,customapp,juice,login,Node.js/SQLite,meta-llama/llama-4-maverick,cross_backend,0.3,CG-Adaptive,1,5,5,415,415,0,100.0000
SQLi,customapp,juice,login,Node.js/SQLite,meta-llama/llama-4-maverick,cross_backend,0.3,CG-Adaptive,1,6,7,415,415,0,100.0000
SQLi,customapp,juice,login,Node.js/SQLite,meta-llama/llama-4-maverick,cross_backend,0.3,CG-Adaptive,1,7,5,415,415,0,100.0000
SQLi,customapp,juice,login,Node.js/SQLite,meta-llama/llama-4-maverick,cross_backend,0.3,CG-Adaptive,1,8,6,415,415,0,100.0000
SQLi,customapp,juice,login,Node.js/SQLite,meta-llama/llama-4-maverick,cross_backend,0.3,CG-Adaptive,1,9,5,415,415,0,100.0000
SQLi,customapp,juice,login,Node.js/SQLite,meta-llama/llama-4-maverick,cross_backend,0.3,CG-Adaptive,1,10,6,415,415,0,100.0000
SQLi,customapp,juice,login,Node.js/SQLite,meta-llama/llama-4-maverick,cross_backend,0.3,CG-Adaptive,2,1,7,428,428,0,100.0000
SQLi,customapp,juice,login,Node.js/SQLite,meta-llama/llama-4-maverick,cross_backend,0.3,CG-Adaptive,2,2,5,428,428,0,100.0000
SQLi,customapp,juice,login,Node.js/SQLite,meta-llama/llama-4-maverick,cross_backend,0.3,CG-Adaptive,2,3,5,428,428,0,100.0000
SQLi,customapp,juice,login,Node.js/SQLite,meta-llama/llama-4-maverick,cross_backend,0.3,CG-Adaptive,2,4,6,428,428,0,100.0000
SQLi,customapp,juice,login,Node.js/SQLite,meta-llama/llama-4-maverick,cross_backend,0.3,CG-Adaptive,2,5,5,428,428,0,100.0000
SQLi,customapp,juice,login,Node.js/SQLite,meta-llama/llama-4-maverick,cross_backend,0.3,CG-Adaptive,2,6,7,428,428,0,100.0000
SQLi,customapp,juice,login,Node.js/SQLite,meta-llama/llama-4-maverick,cross_backend,0.3,CG-Adaptive,2,7,5,428,428,0,100.0000
SQLi,customapp,juice,login,Node.js/SQLite,meta-llama/llama-4-maverick,cross_backend,0.3,CG-Adaptive,2,8,6,428,428,0,100.0000
SQLi,customapp,juice,login,Node.js/SQLite,meta-llama/llama-4-maverick,cross_backend,0.3,CG-Adaptive,2,9,5,428,428,0,100.0000
SQLi,customapp,juice,login,Node.js/SQLite,meta-llama/llama-4-maverick,cross_backend,0.3,CG-Adaptive,2,10,6,428,428,0,100.0000
SQLi,customapp,juice,login,Node.js/SQLite,meta-llama/llama-4-maverick,cross_backend,0.3,CG-Adaptive,3,1,7,415,415,0,100.0000
SQLi,customapp,juice,login,Node.js/SQLite,meta-llama/llama-4-maverick,cross_backend,0.3,CG-Adaptive,3,2,5,415,415,0,100.0000
SQLi,customapp,juice,login,Node.js/SQLite,meta-llama/llama-4-maverick,cross_backend,0.3,CG-Adaptive,3,3,5,415,415,0,100.0000
SQLi,customapp,juice,login,Node.js/SQLite,meta-llama/llama-4-maverick,cross_backend,0.3,CG-Adaptive,3,4,6,415,415,0,100.0000
SQLi,customapp,juice,login,Node.js/SQLite,meta-llama/llama-4-maverick,cross_backend,0.3,CG-Adaptive,3,5,5,415,415,0,100.0000
SQLi,customapp,juice,login,Node.js/SQLite,meta-llama/llama-4-maverick,cross_backend,0.3,CG-Adaptive,3,6,7,415,415,0,100.0000
SQLi,customapp,juice,login,Node.js/SQLite,meta-llama/llama-4-maverick,cross_backend,0.3,CG-Adaptive,3,7,5,415,415,0,100.0000
SQLi,customapp,juice,login,Node.js/SQLite,meta-llama/llama-4-maverick,cross_backend,0.3,CG-Adaptive,3,8,6,415,415,0,100.0000
SQLi,customapp,juice,login,Node.js/SQLite,meta-llama/llama-4-maverick,cross_backend,0.3,CG-Adaptive,3,9,5,415,415,0,100.0000
SQLi,customapp,juice,login,Node.js/SQLite,meta-llama/llama-4-maverick,cross_backend,0.3,CG-Adaptive,3,10,6,415,415,0,100.0000
SQLi,customapp,juice,login,Node.js/SQLite,meta-llama/llama-4-maverick,cross_backend,0.3,CG-Adaptive,4,1,7,424,424,0,100.0000
SQLi,customapp,juice,login,Node.js/SQLite,meta-llama/llama-4-maverick,cross_backend,0.3,CG-Adaptive,4,2,5,424,424,0,100.0000
SQLi,customapp,juice,login,Node.js/SQLite,meta-llama/llama-4-maverick,cross_backend,0.3,CG-Adaptive,4,3,5,424,424,0,100.0000
SQLi,customapp,juice,login,Node.js/SQLite,meta-llama/llama-4-maverick,cross_backend,0.3,CG-Adaptive,4,4,6,424,424,0,100.0000
SQLi,customapp,juice,login,Node.js/SQLite,meta-llama/llama-4-maverick,cross_backend,0.3,CG-Adaptive,4,5,5,424,424,0,100.0000
SQLi,customapp,juice,login,Node.js/SQLite,meta-llama/llama-4-maverick,cross_backend,0.3,CG-Adaptive,4,6,7,424,424,0,100.0000
SQLi,customapp,juice,login,Node.js/SQLite,meta-llama/llama-4-maverick,cross_backend,0.3,CG-Adaptive,4,7,5,424,424,0,100.0000
SQLi,customapp,juice,login,Node.js/SQLite,meta-llama/llama-4-maverick,cross_backend,0.3,CG-Adaptive,4,8,6,424,424,0,100.0000
SQLi,customapp,juice,login,Node.js/SQLite,meta-llama/llama-4-maverick,cross_backend,0.3,CG-Adaptive,4,9,5,424,424,0,100.0000
SQLi,customapp,juice,login,Node.js/SQLite,meta-llama/llama-4-maverick,cross_backend,0.3,CG-Adaptive,4,10,6,424,424,0,100.0000
SQLi,customapp,juice,login,Node.js/SQLite,meta-llama/llama-4-maverick,cross_backend,0.3,CG-Adaptive,5,1,7,428,428,0,100.0000
SQLi,customapp,juice,login,Node.js/SQLite,meta-llama/llama-4-maverick,cross_backend,0.3,CG-Adaptive,5,2,5,428,428,0,100.0000
SQLi,customapp,juice,login,Node.js/SQLite,meta-llama/llama-4-maverick,cross_backend,0.3,CG-Adaptive,5,3,5,428,428,0,100.0000
SQLi,customapp,juice,login,Node.js/SQLite,meta-llama/llama-4-maverick,cross_backend,0.3,CG-Adaptive,5,4,6,428,428,0,100.0000
SQLi,customapp,juice,login,Node.js/SQLite,meta-llama/llama-4-maverick,cross_backend,0.3,CG-Adaptive,5,5,5,428,428,0,100.0000
SQLi,customapp,juice,login,Node.js/SQLite,meta-llama/llama-4-maverick,cross_backend,0.3,CG-Adaptive,5,6,7,428,428,0,100.0000
SQLi,customapp,juice,login,Node.js/SQLite,meta-llama/llama-4-maverick,cross_backend,0.3,CG-Adaptive,5,7,5,428,428,0,100.0000
SQLi,customapp,juice,login,Node.js/SQLite,meta-llama/llama-4-maverick,cross_backend,0.3,CG-Adaptive,5,8,6,428,428,0,100.0000
SQLi,customapp,juice,login,Node.js/SQLite,meta-llama/llama-4-maverick,cross_backend,0.3,CG-Adaptive,5,9,5,428,428,0,100.0000
SQLi,customapp,juice,login,Node.js/SQLite,meta-llama/llama-4-maverick,cross_backend,0.3,CG-Adaptive,5,10,6,428,428,0,100.0000
SQLi,customapp,juice,login,Node.js/SQLite,meta-llama/llama-4-maverick,cross_backend,0.3,CG-Static,1,1,5,415,415,0,100.0000
SQLi,customapp,juice,login,Node.js/SQLite,meta-llama/llama-4-maverick,cross_backend,0.3,CG-Static,1,2,6,415,415,0,100.0000
SQLi,customapp,juice,login,Node.js/SQLite,meta-llama/llama-4-maverick,cross_backend,0.3,CG-Static,1,3,4,415,415,0,100.0000
SQLi,customapp,juice,login,Node.js/SQLite,meta-llama/llama-4-maverick,cross_backend,0.3,CG-Static,1,4,5,415,415,0,100.0000
SQLi,customapp,juice,login,Node.js/SQLite,meta-llama/llama-4-maverick,cross_backend,0.3,CG-Static,1,5,5,415,415,0,100.0000
SQLi,customapp,juice,login,Node.js/SQLite,meta-llama/llama-4-maverick,cross_backend,0.3,CG-Static,1,6,5,415,415,0,100.0000
SQLi,customapp,juice,login,Node.js/SQLite,meta-llama/llama-4-maverick,cross_backend,0.3,CG-Static,1,7,6,415,415,0,100.0000
SQLi,customapp,juice,login,Node.js/SQLite,meta-llama/llama-4-maverick,cross_backend,0.3,CG-Static,1,8,4,415,415,0,100.0000
SQLi,customapp,juice,login,Node.js/SQLite,meta-llama/llama-4-maverick,cross_backend,0.3,CG-Static,1,9,5,415,415,0,100.0000
SQLi,customapp,juice,login,Node.js/SQLite,meta-llama/llama-4-maverick,cross_backend,0.3,CG-Static,1,10,5,415,324,91,78.0723
SQLi,customapp,juice,login,Node.js/SQLite,meta-llama/llama-4-maverick,cross_backend,0.3,CG-Static,2,1,5,428,428,0,100.0000
SQLi,customapp,juice,login,Node.js/SQLite,meta-llama/llama-4-maverick,cross_backend,0.3,CG-Static,2,2,6,428,428,0,100.0000
SQLi,customapp,juice,login,Node.js/SQLite,meta-llama/llama-4-maverick,cross_backend,0.3,CG-Static,2,3,4,428,428,0,100.0000
SQLi,customapp,juice,login,Node.js/SQLite,meta-llama/llama-4-maverick,cross_backend,0.3,CG-Static,2,4,5,428,428,0,100.0000
SQLi,customapp,juice,login,Node.js/SQLite,meta-llama/llama-4-maverick,cross_backend,0.3,CG-Static,2,5,5,428,428,0,100.0000
SQLi,customapp,juice,login,Node.js/SQLite,meta-llama/llama-4-maverick,cross_backend,0.3,CG-Static,2,6,5,428,428,0,100.0000
SQLi,customapp,juice,login,Node.js/SQLite,meta-llama/llama-4-maverick,cross_backend,0.3,CG-Static,2,7,6,428,428,0,100.0000
SQLi,customapp,juice,login,Node.js/SQLite,meta-llama/llama-4-maverick,cross_backend,0.3,CG-Static,2,8,4,428,428,0,100.0000
SQLi,customapp,juice,login,Node.js/SQLite,meta-llama/llama-4-maverick,cross_backend,0.3,CG-Static,2,9,5,428,428,0,100.0000
SQLi,customapp,juice,login,Node.js/SQLite,meta-llama/llama-4-maverick,cross_backend,0.3,CG-Static,2,10,5,428,388,40,90.6542
SQLi,customapp,juice,login,Node.js/SQLite,meta-llama/llama-4-maverick,cross_backend,0.3,CG-Static,3,1,5,415,415,0,100.0000
SQLi,customapp,juice,login,Node.js/SQLite,meta-llama/llama-4-maverick,cross_backend,0.3,CG-Static,3,2,6,415,415,0,100.0000
SQLi,customapp,juice,login,Node.js/SQLite,meta-llama/llama-4-maverick,cross_backend,0.3,CG-Static,3,3,4,415,415,0,100.0000
SQLi,customapp,juice,login,Node.js/SQLite,meta-llama/llama-4-maverick,cross_backend,0.3,CG-Static,3,4,5,415,415,0,100.0000
SQLi,customapp,juice,login,Node.js/SQLite,meta-llama/llama-4-maverick,cross_backend,0.3,CG-Static,3,5,5,415,415,0,100.0000
SQLi,customapp,juice,login,Node.js/SQLite,meta-llama/llama-4-maverick,cross_backend,0.3,CG-Static,3,6,5,415,415,0,100.0000
SQLi,customapp,juice,login,Node.js/SQLite,meta-llama/llama-4-maverick,cross_backend,0.3,CG-Static,3,7,6,415,415,0,100.0000
SQLi,customapp,juice,login,Node.js/SQLite,meta-llama/llama-4-maverick,cross_backend,0.3,CG-Static,3,8,4,415,415,0,100.0000
SQLi,customapp,juice,login,Node.js/SQLite,meta-llama/llama-4-maverick,cross_backend,0.3,CG-Static,3,9,5,415,415,0,100.0000
SQLi,customapp,juice,login,Node.js/SQLite,meta-llama/llama-4-maverick,cross_backend,0.3,CG-Static,3,10,5,415,361,54,86.9880
SQLi,customapp,juice,login,Node.js/SQLite,meta-llama/llama-4-maverick,cross_backend,0.3,CG-Static,4,1,5,424,424,0,100.0000
SQLi,customapp,juice,login,Node.js/SQLite,meta-llama/llama-4-maverick,cross_backend,0.3,CG-Static,4,2,6,424,424,0,100.0000
SQLi,customapp,juice,login,Node.js/SQLite,meta-llama/llama-4-maverick,cross_backend,0.3,CG-Static,4,3,4,424,424,0,100.0000
SQLi,customapp,juice,login,Node.js/SQLite,meta-llama/llama-4-maverick,cross_backend,0.3,CG-Static,4,4,5,424,424,0,100.0000
SQLi,customapp,juice,login,Node.js/SQLite,meta-llama/llama-4-maverick,cross_backend,0.3,CG-Static,4,5,5,424,424,0,100.0000
SQLi,customapp,juice,login,Node.js/SQLite,meta-llama/llama-4-maverick,cross_backend,0.3,CG-Static,4,6,5,424,424,0,100.0000
SQLi,customapp,juice,login,Node.js/SQLite,meta-llama/llama-4-maverick,cross_backend,0.3,CG-Static,4,7,6,424,424,0,100.0000
SQLi,customapp,juice,login,Node.js/SQLite,meta-llama/llama-4-maverick,cross_backend,0.3,CG-Static,4,8,4,424,424,0,100.0000
SQLi,customapp,juice,login,Node.js/SQLite,meta-llama/llama-4-maverick,cross_backend,0.3,CG-Static,4,9,5,424,424,0,100.0000
SQLi,customapp,juice,login,Node.js/SQLite,meta-llama/llama-4-maverick,cross_backend,0.3,CG-Static,4,10,5,424,360,64,84.9057
SQLi,customapp,juice,login,Node.js/SQLite,meta-llama/llama-4-maverick,cross_backend,0.3,CG-Static,5,1,5,428,428,0,100.0000
SQLi,customapp,juice,login,Node.js/SQLite,meta-llama/llama-4-maverick,cross_backend,0.3,CG-Static,5,2,6,428,428,0,100.0000
SQLi,customapp,juice,login,Node.js/SQLite,meta-llama/llama-4-maverick,cross_backend,0.3,CG-Static,5,3,4,428,428,0,100.0000
SQLi,customapp,juice,login,Node.js/SQLite,meta-llama/llama-4-maverick,cross_backend,0.3,CG-Static,5,4,5,428,428,0,100.0000
SQLi,customapp,juice,login,Node.js/SQLite,meta-llama/llama-4-maverick,cross_backend,0.3,CG-Static,5,5,5,428,428,0,100.0000
SQLi,customapp,juice,login,Node.js/SQLite,meta-llama/llama-4-maverick,cross_backend,0.3,CG-Static,5,6,5,428,428,0,100.0000
SQLi,customapp,juice,login,Node.js/SQLite,meta-llama/llama-4-maverick,cross_backend,0.3,CG-Static,5,7,6,428,428,0,100.0000
SQLi,customapp,juice,login,Node.js/SQLite,meta-llama/llama-4-maverick,cross_backend,0.3,CG-Static,5,8,4,428,428,0,100.0000
SQLi,customapp,juice,login,Node.js/SQLite,meta-llama/llama-4-maverick,cross_backend,0.3,CG-Static,5,9,5,428,428,0,100.0000
SQLi,customapp,juice,login,Node.js/SQLite,meta-llama/llama-4-maverick,cross_backend,0.3,CG-Static,5,10,5,428,358,70,83.6449
SQLi,customapp,juice,login,Node.js/SQLite,meta-llama/llama-4-maverick,cross_backend,0.3,CRS-only,1,0,0,415,0,415,0.0000
SQLi,customapp,juice,login,Node.js/SQLite,meta-llama/llama-4-maverick,cross_backend,0.3,CRS-only,2,0,0,428,0,428,0.0000
SQLi,customapp,juice,login,Node.js/SQLite,meta-llama/llama-4-maverick,cross_backend,0.3,CRS-only,3,0,0,415,0,415,0.0000
SQLi,customapp,juice,login,Node.js/SQLite,meta-llama/llama-4-maverick,cross_backend,0.3,CRS-only,4,0,0,424,0,424,0.0000
SQLi,customapp,juice,login,Node.js/SQLite,meta-llama/llama-4-maverick,cross_backend,0.3,CRS-only,5,0,0,428,0,428,0.0000
SQLi,customapp,juice,login,Node.js/SQLite,meta-llama/llama-4-maverick,cross_backend,0.4,CG-Adaptive,1,1,5,415,415,0,100.0000
SQLi,customapp,juice,login,Node.js/SQLite,meta-llama/llama-4-maverick,cross_backend,0.4,CG-Adaptive,1,2,4,415,178,237,42.8916
SQLi,customapp,juice,login,Node.js/SQLite,meta-llama/llama-4-maverick,cross_backend,0.4,CG-Adaptive,1,3,6,415,415,0,100.0000
SQLi,customapp,juice,login,Node.js/SQLite,meta-llama/llama-4-maverick,cross_backend,0.4,CG-Adaptive,1,4,5,415,415,0,100.0000
SQLi,customapp,juice,login,Node.js/SQLite,meta-llama/llama-4-maverick,cross_backend,0.4,CG-Adaptive,1,5,6,415,415,0,100.0000
SQLi,customapp,juice,login,Node.js/SQLite,meta-llama/llama-4-maverick,cross_backend,0.4,CG-Adaptive,1,6,5,415,415,0,100.0000
SQLi,customapp,juice,login,Node.js/SQLite,meta-llama/llama-4-maverick,cross_backend,0.4,CG-Adaptive,1,7,5,415,415,0,100.0000
SQLi,customapp,juice,login,Node.js/SQLite,meta-llama/llama-4-maverick,cross_backend,0.4,CG-Adaptive,1,8,5,415,415,0,100.0000
SQLi,customapp,juice,login,Node.js/SQLite,meta-llama/llama-4-maverick,cross_backend,0.4,CG-Adaptive,1,9,4,415,415,0,100.0000
SQLi,customapp,juice,login,Node.js/SQLite,meta-llama/llama-4-maverick,cross_backend,0.4,CG-Adaptive,1,10,5,415,178,237,42.8916
SQLi,customapp,juice,login,Node.js/SQLite,meta-llama/llama-4-maverick,cross_backend,0.4,CG-Adaptive,2,1,5,428,428,0,100.0000
SQLi,customapp,juice,login,Node.js/SQLite,meta-llama/llama-4-maverick,cross_backend,0.4,CG-Adaptive,2,2,4,428,243,185,56.7757
SQLi,customapp,juice,login,Node.js/SQLite,meta-llama/llama-4-maverick,cross_backend,0.4,CG-Adaptive,2,3,6,428,428,0,100.0000
SQLi,customapp,juice,login,Node.js/SQLite,meta-llama/llama-4-maverick,cross_backend,0.4,CG-Adaptive,2,4,5,428,428,0,100.0000
SQLi,customapp,juice,login,Node.js/SQLite,meta-llama/llama-4-maverick,cross_backend,0.4,CG-Adaptive,2,5,6,428,428,0,100.0000
SQLi,customapp,juice,login,Node.js/SQLite,meta-llama/llama-4-maverick,cross_backend,0.4,CG-Adaptive,2,6,5,428,428,0,100.0000
SQLi,customapp,juice,login,Node.js/SQLite,meta-llama/llama-4-maverick,cross_backend,0.4,CG-Adaptive,2,7,5,428,428,0,100.0000
SQLi,customapp,juice,login,Node.js/SQLite,meta-llama/llama-4-maverick,cross_backend,0.4,CG-Adaptive,2,8,5,428,428,0,100.0000
SQLi,customapp,juice,login,Node.js/SQLite,meta-llama/llama-4-maverick,cross_backend,0.4,CG-Adaptive,2,9,4,428,428,0,100.0000
SQLi,customapp,juice,login,Node.js/SQLite,meta-llama/llama-4-maverick,cross_backend,0.4,CG-Adaptive,2,10,5,428,243,185,56.7757
SQLi,customapp,juice,login,Node.js/SQLite,meta-llama/llama-4-maverick,cross_backend,0.4,CG-Adaptive,3,1,5,415,415,0,100.0000
SQLi,customapp,juice,login,Node.js/SQLite,meta-llama/llama-4-maverick,cross_backend,0.4,CG-Adaptive,3,2,4,415,266,149,64.0964
SQLi,customapp,juice,login,Node.js/SQLite,meta-llama/llama-4-maverick,cross_backend,0.4,CG-Adaptive,3,3,6,415,415,0,100.0000
SQLi,customapp,juice,login,Node.js/SQLite,meta-llama/llama-4-maverick,cross_backend,0.4,CG-Adaptive,3,4,5,415,415,0,100.0000
SQLi,customapp,juice,login,Node.js/SQLite,meta-llama/llama-4-maverick,cross_backend,0.4,CG-Adaptive,3,5,6,415,415,0,100.0000
SQLi,customapp,juice,login,Node.js/SQLite,meta-llama/llama-4-maverick,cross_backend,0.4,CG-Adaptive,3,6,5,415,415,0,100.0000
SQLi,customapp,juice,login,Node.js/SQLite,meta-llama/llama-4-maverick,cross_backend,0.4,CG-Adaptive,3,7,5,415,415,0,100.0000
SQLi,customapp,juice,login,Node.js/SQLite,meta-llama/llama-4-maverick,cross_backend,0.4,CG-Adaptive,3,8,5,415,415,0,100.0000
SQLi,customapp,juice,login,Node.js/SQLite,meta-llama/llama-4-maverick,cross_backend,0.4,CG-Adaptive,3,9,4,415,415,0,100.0000
SQLi,customapp,juice,login,Node.js/SQLite,meta-llama/llama-4-maverick,cross_backend,0.4,CG-Adaptive,3,10,5,415,266,149,64.0964
SQLi,customapp,juice,login,Node.js/SQLite,meta-llama/llama-4-maverick,cross_backend,0.4,CG-Adaptive,4,1,5,424,424,0,100.0000
SQLi,customapp,juice,login,Node.js/SQLite,meta-llama/llama-4-maverick,cross_backend,0.4,CG-Adaptive,4,2,4,424,278,146,65.5660
SQLi,customapp,juice,login,Node.js/SQLite,meta-llama/llama-4-maverick,cross_backend,0.4,CG-Adaptive,4,3,6,424,424,0,100.0000
SQLi,customapp,juice,login,Node.js/SQLite,meta-llama/llama-4-maverick,cross_backend,0.4,CG-Adaptive,4,4,5,424,424,0,100.0000
SQLi,customapp,juice,login,Node.js/SQLite,meta-llama/llama-4-maverick,cross_backend,0.4,CG-Adaptive,4,5,6,424,424,0,100.0000
SQLi,customapp,juice,login,Node.js/SQLite,meta-llama/llama-4-maverick,cross_backend,0.4,CG-Adaptive,4,6,5,424,424,0,100.0000
SQLi,customapp,juice,login,Node.js/SQLite,meta-llama/llama-4-maverick,cross_backend,0.4,CG-Adaptive,4,7,5,424,424,0,100.0000
SQLi,customapp,juice,login,Node.js/SQLite,meta-llama/llama-4-maverick,cross_backend,0.4,CG-Adaptive,4,8,5,424,424,0,100.0000
SQLi,customapp,juice,login,Node.js/SQLite,meta-llama/llama-4-maverick,cross_backend,0.4,CG-Adaptive,4,9,4,424,424,0,100.0000
SQLi,customapp,juice,login,Node.js/SQLite,meta-llama/llama-4-maverick,cross_backend,0.4,CG-Adaptive,4,10,5,424,278,146,65.5660
SQLi,customapp,juice,login,Node.js/SQLite,meta-llama/llama-4-maverick,cross_backend,0.4,CG-Adaptive,5,1,5,428,428,0,100.0000
SQLi,customapp,juice,login,Node.js/SQLite,meta-llama/llama-4-maverick,cross_backend,0.4,CG-Adaptive,5,2,4,428,190,238,44.3925
SQLi,customapp,juice,login,Node.js/SQLite,meta-llama/llama-4-maverick,cross_backend,0.4,CG-Adaptive,5,3,6,428,428,0,100.0000
SQLi,customapp,juice,login,Node.js/SQLite,meta-llama/llama-4-maverick,cross_backend,0.4,CG-Adaptive,5,4,5,428,428,0,100.0000
SQLi,customapp,juice,login,Node.js/SQLite,meta-llama/llama-4-maverick,cross_backend,0.4,CG-Adaptive,5,5,6,428,428,0,100.0000
SQLi,customapp,juice,login,Node.js/SQLite,meta-llama/llama-4-maverick,cross_backend,0.4,CG-Adaptive,5,6,5,428,428,0,100.0000
SQLi,customapp,juice,login,Node.js/SQLite,meta-llama/llama-4-maverick,cross_backend,0.4,CG-Adaptive,5,7,5,428,428,0,100.0000
SQLi,customapp,juice,login,Node.js/SQLite,meta-llama/llama-4-maverick,cross_backend,0.4,CG-Adaptive,5,8,5,428,428,0,100.0000
SQLi,customapp,juice,login,Node.js/SQLite,meta-llama/llama-4-maverick,cross_backend,0.4,CG-Adaptive,5,9,4,428,428,0,100.0000
SQLi,customapp,juice,login,Node.js/SQLite,meta-llama/llama-4-maverick,cross_backend,0.4,CG-Adaptive,5,10,5,428,191,237,44.6262
SQLi,customapp,juice,login,Node.js/SQLite,meta-llama/llama-4-maverick,cross_backend,0.4,CG-Static,1,1,4,415,415,0,100.0000
SQLi,customapp,juice,login,Node.js/SQLite,meta-llama/llama-4-maverick,cross_backend,0.4,CG-Static,1,2,7,415,415,0,100.0000
SQLi,customapp,juice,login,Node.js/SQLite,meta-llama/llama-4-maverick,cross_backend,0.4,CG-Static,1,3,4,415,324,91,78.0723
SQLi,customapp,juice,login,Node.js/SQLite,meta-llama/llama-4-maverick,cross_backend,0.4,CG-Static,1,4,5,415,415,0,100.0000
SQLi,customapp,juice,login,Node.js/SQLite,meta-llama/llama-4-maverick,cross_backend,0.4,CG-Static,1,5,6,415,415,0,100.0000
SQLi,customapp,juice,login,Node.js/SQLite,meta-llama/llama-4-maverick,cross_backend,0.4,CG-Static,1,6,4,415,415,0,100.0000
SQLi,customapp,juice,login,Node.js/SQLite,meta-llama/llama-4-maverick,cross_backend,0.4,CG-Static,1,7,4,415,415,0,100.0000
SQLi,customapp,juice,login,Node.js/SQLite,meta-llama/llama-4-maverick,cross_backend,0.4,CG-Static,1,8,5,415,415,0,100.0000
SQLi,customapp,juice,login,Node.js/SQLite,meta-llama/llama-4-maverick,cross_backend,0.4,CG-Static,1,9,5,415,415,0,100.0000
SQLi,customapp,juice,login,Node.js/SQLite,meta-llama/llama-4-maverick,cross_backend,0.4,CG-Static,1,10,7,415,324,91,78.0723
SQLi,customapp,juice,login,Node.js/SQLite,meta-llama/llama-4-maverick,cross_backend,0.4,CG-Static,2,1,4,428,428,0,100.0000
SQLi,customapp,juice,login,Node.js/SQLite,meta-llama/llama-4-maverick,cross_backend,0.4,CG-Static,2,2,7,428,428,0,100.0000
SQLi,customapp,juice,login,Node.js/SQLite,meta-llama/llama-4-maverick,cross_backend,0.4,CG-Static,2,3,4,428,388,40,90.6542
SQLi,customapp,juice,login,Node.js/SQLite,meta-llama/llama-4-maverick,cross_backend,0.4,CG-Static,2,4,5,428,428,0,100.0000
SQLi,customapp,juice,login,Node.js/SQLite,meta-llama/llama-4-maverick,cross_backend,0.4,CG-Static,2,5,6,428,428,0,100.0000
SQLi,customapp,juice,login,Node.js/SQLite,meta-llama/llama-4-maverick,cross_backend,0.4,CG-Static,2,6,4,428,428,0,100.0000
SQLi,customapp,juice,login,Node.js/SQLite,meta-llama/llama-4-maverick,cross_backend,0.4,CG-Static,2,7,4,428,428,0,100.0000
SQLi,customapp,juice,login,Node.js/SQLite,meta-llama/llama-4-maverick,cross_backend,0.4,CG-Static,2,8,5,428,428,0,100.0000
SQLi,customapp,juice,login,Node.js/SQLite,meta-llama/llama-4-maverick,cross_backend,0.4,CG-Static,2,9,5,428,428,0,100.0000
SQLi,customapp,juice,login,Node.js/SQLite,meta-llama/llama-4-maverick,cross_backend,0.4,CG-Static,2,10,7,428,388,40,90.6542
SQLi,customapp,juice,login,Node.js/SQLite,meta-llama/llama-4-maverick,cross_backend,0.4,CG-Static,3,1,4,415,415,0,100.0000
SQLi,customapp,juice,login,Node.js/SQLite,meta-llama/llama-4-maverick,cross_backend,0.4,CG-Static,3,2,7,415,415,0,100.0000
SQLi,customapp,juice,login,Node.js/SQLite,meta-llama/llama-4-maverick,cross_backend,0.4,CG-Static,3,3,4,415,361,54,86.9880
SQLi,customapp,juice,login,Node.js/SQLite,meta-llama/llama-4-maverick,cross_backend,0.4,CG-Static,3,4,5,415,415,0,100.0000
SQLi,customapp,juice,login,Node.js/SQLite,meta-llama/llama-4-maverick,cross_backend,0.4,CG-Static,3,5,6,415,415,0,100.0000
SQLi,customapp,juice,login,Node.js/SQLite,meta-llama/llama-4-maverick,cross_backend,0.4,CG-Static,3,6,4,415,415,0,100.0000
SQLi,customapp,juice,login,Node.js/SQLite,meta-llama/llama-4-maverick,cross_backend,0.4,CG-Static,3,7,4,415,415,0,100.0000
SQLi,customapp,juice,login,Node.js/SQLite,meta-llama/llama-4-maverick,cross_backend,0.4,CG-Static,3,8,5,415,415,0,100.0000
SQLi,customapp,juice,login,Node.js/SQLite,meta-llama/llama-4-maverick,cross_backend,0.4,CG-Static,3,9,5,415,415,0,100.0000
SQLi,customapp,juice,login,Node.js/SQLite,meta-llama/llama-4-maverick,cross_backend,0.4,CG-Static,3,10,7,415,361,54,86.9880
SQLi,customapp,juice,login,Node.js/SQLite,meta-llama/llama-4-maverick,cross_backend,0.4,CG-Static,4,1,4,424,424,0,100.0000
SQLi,customapp,juice,login,Node.js/SQLite,meta-llama/llama-4-maverick,cross_backend,0.4,CG-Static,4,2,7,424,424,0,100.0000
SQLi,customapp,juice,login,Node.js/SQLite,meta-llama/llama-4-maverick,cross_backend,0.4,CG-Static,4,3,4,424,360,64,84.9057
SQLi,customapp,juice,login,Node.js/SQLite,meta-llama/llama-4-maverick,cross_backend,0.4,CG-Static,4,4,5,424,424,0,100.0000
SQLi,customapp,juice,login,Node.js/SQLite,meta-llama/llama-4-maverick,cross_backend,0.4,CG-Static,4,5,6,424,424,0,100.0000
SQLi,customapp,juice,login,Node.js/SQLite,meta-llama/llama-4-maverick,cross_backend,0.4,CG-Static,4,6,4,424,424,0,100.0000
SQLi,customapp,juice,login,Node.js/SQLite,meta-llama/llama-4-maverick,cross_backend,0.4,CG-Static,4,7,4,424,424,0,100.0000
SQLi,customapp,juice,login,Node.js/SQLite,meta-llama/llama-4-maverick,cross_backend,0.4,CG-Static,4,8,5,424,424,0,100.0000
SQLi,customapp,juice,login,Node.js/SQLite,meta-llama/llama-4-maverick,cross_backend,0.4,CG-Static,4,9,5,424,424,0,100.0000
SQLi,customapp,juice,login,Node.js/SQLite,meta-llama/llama-4-maverick,cross_backend,0.4,CG-Static,4,10,7,424,360,64,84.9057
SQLi,customapp,juice,login,Node.js/SQLite,meta-llama/llama-4-maverick,cross_backend,0.4,CG-Static,5,1,4,428,428,0,100.0000
SQLi,customapp,juice,login,Node.js/SQLite,meta-llama/llama-4-maverick,cross_backend,0.4,CG-Static,5,2,7,428,428,0,100.0000
SQLi,customapp,juice,login,Node.js/SQLite,meta-llama/llama-4-maverick,cross_backend,0.4,CG-Static,5,3,4,428,358,70,83.6449
SQLi,customapp,juice,login,Node.js/SQLite,meta-llama/llama-4-maverick,cross_backend,0.4,CG-Static,5,4,5,428,428,0,100.0000
SQLi,customapp,juice,login,Node.js/SQLite,meta-llama/llama-4-maverick,cross_backend,0.4,CG-Static,5,5,6,428,428,0,100.0000
SQLi,customapp,juice,login,Node.js/SQLite,meta-llama/llama-4-maverick,cross_backend,0.4,CG-Static,5,6,4,428,428,0,100.0000
SQLi,customapp,juice,login,Node.js/SQLite,meta-llama/llama-4-maverick,cross_backend,0.4,CG-Static,5,7,4,428,428,0,100.0000
SQLi,customapp,juice,login,Node.js/SQLite,meta-llama/llama-4-maverick,cross_backend,0.4,CG-Static,5,8,5,428,428,0,100.0000
SQLi,customapp,juice,login,Node.js/SQLite,meta-llama/llama-4-maverick,cross_backend,0.4,CG-Static,5,9,5,428,428,0,100.0000
SQLi,customapp,juice,login,Node.js/SQLite,meta-llama/llama-4-maverick,cross_backend,0.4,CG-Static,5,10,7,428,358,70,83.6449
SQLi,customapp,juice,login,Node.js/SQLite,meta-llama/llama-4-maverick,cross_backend,0.4,CRS-only,1,0,0,415,0,415,0.0000
SQLi,customapp,juice,login,Node.js/SQLite,meta-llama/llama-4-maverick,cross_backend,0.4,CRS-only,2,0,0,428,0,428,0.0000
SQLi,customapp,juice,login,Node.js/SQLite,meta-llama/llama-4-maverick,cross_backend,0.4,CRS-only,3,0,0,415,0,415,0.0000
SQLi,customapp,juice,login,Node.js/SQLite,meta-llama/llama-4-maverick,cross_backend,0.4,CRS-only,4,0,0,424,0,424,0.0000
SQLi,customapp,juice,login,Node.js/SQLite,meta-llama/llama-4-maverick,cross_backend,0.4,CRS-only,5,0,0,428,0,428,0.0000
SQLi,customapp,juice,login,Node.js/SQLite,meta-llama/llama-4-maverick,cross_backend,0.5,CG-Adaptive,1,1,7,415,415,0,100.0000
SQLi,customapp,juice,login,Node.js/SQLite,meta-llama/llama-4-maverick,cross_backend,0.5,CG-Adaptive,1,2,5,415,415,0,100.0000
SQLi,customapp,juice,login,Node.js/SQLite,meta-llama/llama-4-maverick,cross_backend,0.5,CG-Adaptive,1,3,4,415,415,0,100.0000
SQLi,customapp,juice,login,Node.js/SQLite,meta-llama/llama-4-maverick,cross_backend,0.5,CG-Adaptive,1,4,5,415,415,0,100.0000
SQLi,customapp,juice,login,Node.js/SQLite,meta-llama/llama-4-maverick,cross_backend,0.5,CG-Adaptive,1,5,5,415,415,0,100.0000
SQLi,customapp,juice,login,Node.js/SQLite,meta-llama/llama-4-maverick,cross_backend,0.5,CG-Adaptive,1,6,5,415,415,0,100.0000
SQLi,customapp,juice,login,Node.js/SQLite,meta-llama/llama-4-maverick,cross_backend,0.5,CG-Adaptive,1,7,9,415,415,0,100.0000
SQLi,customapp,juice,login,Node.js/SQLite,meta-llama/llama-4-maverick,cross_backend,0.5,CG-Adaptive,1,8,6,415,415,0,100.0000
SQLi,customapp,juice,login,Node.js/SQLite,meta-llama/llama-4-maverick,cross_backend,0.5,CG-Adaptive,1,9,4,415,415,0,100.0000
SQLi,customapp,juice,login,Node.js/SQLite,meta-llama/llama-4-maverick,cross_backend,0.5,CG-Adaptive,1,10,9,415,415,0,100.0000
SQLi,customapp,juice,login,Node.js/SQLite,meta-llama/llama-4-maverick,cross_backend,0.5,CG-Adaptive,2,1,7,428,428,0,100.0000
SQLi,customapp,juice,login,Node.js/SQLite,meta-llama/llama-4-maverick,cross_backend,0.5,CG-Adaptive,2,2,5,428,428,0,100.0000
SQLi,customapp,juice,login,Node.js/SQLite,meta-llama/llama-4-maverick,cross_backend,0.5,CG-Adaptive,2,3,4,428,428,0,100.0000
SQLi,customapp,juice,login,Node.js/SQLite,meta-llama/llama-4-maverick,cross_backend,0.5,CG-Adaptive,2,4,5,428,428,0,100.0000
SQLi,customapp,juice,login,Node.js/SQLite,meta-llama/llama-4-maverick,cross_backend,0.5,CG-Adaptive,2,5,5,428,428,0,100.0000
SQLi,customapp,juice,login,Node.js/SQLite,meta-llama/llama-4-maverick,cross_backend,0.5,CG-Adaptive,2,6,5,428,428,0,100.0000
SQLi,customapp,juice,login,Node.js/SQLite,meta-llama/llama-4-maverick,cross_backend,0.5,CG-Adaptive,2,7,9,428,428,0,100.0000
SQLi,customapp,juice,login,Node.js/SQLite,meta-llama/llama-4-maverick,cross_backend,0.5,CG-Adaptive,2,8,6,428,428,0,100.0000
SQLi,customapp,juice,login,Node.js/SQLite,meta-llama/llama-4-maverick,cross_backend,0.5,CG-Adaptive,2,9,4,428,428,0,100.0000
SQLi,customapp,juice,login,Node.js/SQLite,meta-llama/llama-4-maverick,cross_backend,0.5,CG-Adaptive,2,10,9,428,428,0,100.0000
SQLi,customapp,juice,login,Node.js/SQLite,meta-llama/llama-4-maverick,cross_backend,0.5,CG-Adaptive,3,1,7,415,415,0,100.0000
SQLi,customapp,juice,login,Node.js/SQLite,meta-llama/llama-4-maverick,cross_backend,0.5,CG-Adaptive,3,2,5,415,415,0,100.0000
SQLi,customapp,juice,login,Node.js/SQLite,meta-llama/llama-4-maverick,cross_backend,0.5,CG-Adaptive,3,3,4,415,415,0,100.0000
SQLi,customapp,juice,login,Node.js/SQLite,meta-llama/llama-4-maverick,cross_backend,0.5,CG-Adaptive,3,4,5,415,415,0,100.0000
SQLi,customapp,juice,login,Node.js/SQLite,meta-llama/llama-4-maverick,cross_backend,0.5,CG-Adaptive,3,5,5,415,415,0,100.0000
SQLi,customapp,juice,login,Node.js/SQLite,meta-llama/llama-4-maverick,cross_backend,0.5,CG-Adaptive,3,6,5,415,415,0,100.0000
SQLi,customapp,juice,login,Node.js/SQLite,meta-llama/llama-4-maverick,cross_backend,0.5,CG-Adaptive,3,7,9,415,415,0,100.0000
SQLi,customapp,juice,login,Node.js/SQLite,meta-llama/llama-4-maverick,cross_backend,0.5,CG-Adaptive,3,8,6,415,415,0,100.0000
SQLi,customapp,juice,login,Node.js/SQLite,meta-llama/llama-4-maverick,cross_backend,0.5,CG-Adaptive,3,9,4,415,415,0,100.0000
SQLi,customapp,juice,login,Node.js/SQLite,meta-llama/llama-4-maverick,cross_backend,0.5,CG-Adaptive,3,10,9,415,415,0,100.0000
SQLi,customapp,juice,login,Node.js/SQLite,meta-llama/llama-4-maverick,cross_backend,0.5,CG-Adaptive,4,1,7,424,424,0,100.0000
SQLi,customapp,juice,login,Node.js/SQLite,meta-llama/llama-4-maverick,cross_backend,0.5,CG-Adaptive,4,2,5,424,424,0,100.0000
SQLi,customapp,juice,login,Node.js/SQLite,meta-llama/llama-4-maverick,cross_backend,0.5,CG-Adaptive,4,3,4,424,424,0,100.0000
SQLi,customapp,juice,login,Node.js/SQLite,meta-llama/llama-4-maverick,cross_backend,0.5,CG-Adaptive,4,4,5,424,424,0,100.0000
SQLi,customapp,juice,login,Node.js/SQLite,meta-llama/llama-4-maverick,cross_backend,0.5,CG-Adaptive,4,5,5,424,424,0,100.0000
SQLi,customapp,juice,login,Node.js/SQLite,meta-llama/llama-4-maverick,cross_backend,0.5,CG-Adaptive,4,6,5,424,424,0,100.0000
SQLi,customapp,juice,login,Node.js/SQLite,meta-llama/llama-4-maverick,cross_backend,0.5,CG-Adaptive,4,7,9,424,424,0,100.0000
SQLi,customapp,juice,login,Node.js/SQLite,meta-llama/llama-4-maverick,cross_backend,0.5,CG-Adaptive,4,8,6,424,424,0,100.0000
SQLi,customapp,juice,login,Node.js/SQLite,meta-llama/llama-4-maverick,cross_backend,0.5,CG-Adaptive,4,9,4,424,424,0,100.0000
SQLi,customapp,juice,login,Node.js/SQLite,meta-llama/llama-4-maverick,cross_backend,0.5,CG-Adaptive,4,10,9,424,424,0,100.0000
SQLi,customapp,juice,login,Node.js/SQLite,meta-llama/llama-4-maverick,cross_backend,0.5,CG-Adaptive,5,1,7,428,428,0,100.0000
SQLi,customapp,juice,login,Node.js/SQLite,meta-llama/llama-4-maverick,cross_backend,0.5,CG-Adaptive,5,2,5,428,428,0,100.0000
SQLi,customapp,juice,login,Node.js/SQLite,meta-llama/llama-4-maverick,cross_backend,0.5,CG-Adaptive,5,3,4,428,428,0,100.0000
SQLi,customapp,juice,login,Node.js/SQLite,meta-llama/llama-4-maverick,cross_backend,0.5,CG-Adaptive,5,4,5,428,428,0,100.0000
SQLi,customapp,juice,login,Node.js/SQLite,meta-llama/llama-4-maverick,cross_backend,0.5,CG-Adaptive,5,5,5,428,428,0,100.0000
SQLi,customapp,juice,login,Node.js/SQLite,meta-llama/llama-4-maverick,cross_backend,0.5,CG-Adaptive,5,6,5,428,428,0,100.0000
SQLi,customapp,juice,login,Node.js/SQLite,meta-llama/llama-4-maverick,cross_backend,0.5,CG-Adaptive,5,7,9,428,428,0,100.0000
SQLi,customapp,juice,login,Node.js/SQLite,meta-llama/llama-4-maverick,cross_backend,0.5,CG-Adaptive,5,8,6,428,428,0,100.0000
SQLi,customapp,juice,login,Node.js/SQLite,meta-llama/llama-4-maverick,cross_backend,0.5,CG-Adaptive,5,9,4,428,428,0,100.0000
SQLi,customapp,juice,login,Node.js/SQLite,meta-llama/llama-4-maverick,cross_backend,0.5,CG-Adaptive,5,10,9,428,428,0,100.0000
SQLi,customapp,juice,login,Node.js/SQLite,meta-llama/llama-4-maverick,cross_backend,0.5,CG-Static,1,1,5,415,415,0,100.0000
SQLi,customapp,juice,login,Node.js/SQLite,meta-llama/llama-4-maverick,cross_backend,0.5,CG-Static,1,2,4,415,324,91,78.0723
SQLi,customapp,juice,login,Node.js/SQLite,meta-llama/llama-4-maverick,cross_backend,0.5,CG-Static,1,3,4,415,415,0,100.0000
SQLi,customapp,juice,login,Node.js/SQLite,meta-llama/llama-4-maverick,cross_backend,0.5,CG-Static,1,4,5,415,415,0,100.0000
SQLi,customapp,juice,login,Node.js/SQLite,meta-llama/llama-4-maverick,cross_backend,0.5,CG-Static,1,5,6,415,415,0,100.0000
SQLi,customapp,juice,login,Node.js/SQLite,meta-llama/llama-4-maverick,cross_backend,0.5,CG-Static,1,6,4,415,415,0,100.0000
SQLi,customapp,juice,login,Node.js/SQLite,meta-llama/llama-4-maverick,cross_backend,0.5,CG-Static,1,7,6,415,415,0,100.0000
SQLi,customapp,juice,login,Node.js/SQLite,meta-llama/llama-4-maverick,cross_backend,0.5,CG-Static,1,8,7,415,415,0,100.0000
SQLi,customapp,juice,login,Node.js/SQLite,meta-llama/llama-4-maverick,cross_backend,0.5,CG-Static,1,9,5,415,415,0,100.0000
SQLi,customapp,juice,login,Node.js/SQLite,meta-llama/llama-4-maverick,cross_backend,0.5,CG-Static,1,10,4,415,415,0,100.0000
SQLi,customapp,juice,login,Node.js/SQLite,meta-llama/llama-4-maverick,cross_backend,0.5,CG-Static,2,1,5,428,428,0,100.0000
SQLi,customapp,juice,login,Node.js/SQLite,meta-llama/llama-4-maverick,cross_backend,0.5,CG-Static,2,2,4,428,388,40,90.6542
SQLi,customapp,juice,login,Node.js/SQLite,meta-llama/llama-4-maverick,cross_backend,0.5,CG-Static,2,3,4,428,428,0,100.0000
SQLi,customapp,juice,login,Node.js/SQLite,meta-llama/llama-4-maverick,cross_backend,0.5,CG-Static,2,4,5,428,428,0,100.0000
SQLi,customapp,juice,login,Node.js/SQLite,meta-llama/llama-4-maverick,cross_backend,0.5,CG-Static,2,5,6,428,428,0,100.0000
SQLi,customapp,juice,login,Node.js/SQLite,meta-llama/llama-4-maverick,cross_backend,0.5,CG-Static,2,6,4,428,428,0,100.0000
SQLi,customapp,juice,login,Node.js/SQLite,meta-llama/llama-4-maverick,cross_backend,0.5,CG-Static,2,7,6,428,428,0,100.0000
SQLi,customapp,juice,login,Node.js/SQLite,meta-llama/llama-4-maverick,cross_backend,0.5,CG-Static,2,8,7,428,428,0,100.0000
SQLi,customapp,juice,login,Node.js/SQLite,meta-llama/llama-4-maverick,cross_backend,0.5,CG-Static,2,9,5,428,428,0,100.0000
SQLi,customapp,juice,login,Node.js/SQLite,meta-llama/llama-4-maverick,cross_backend,0.5,CG-Static,2,10,4,428,428,0,100.0000
SQLi,customapp,juice,login,Node.js/SQLite,meta-llama/llama-4-maverick,cross_backend,0.5,CG-Static,3,1,5,415,415,0,100.0000
SQLi,customapp,juice,login,Node.js/SQLite,meta-llama/llama-4-maverick,cross_backend,0.5,CG-Static,3,2,4,415,361,54,86.9880
SQLi,customapp,juice,login,Node.js/SQLite,meta-llama/llama-4-maverick,cross_backend,0.5,CG-Static,3,3,4,415,415,0,100.0000
SQLi,customapp,juice,login,Node.js/SQLite,meta-llama/llama-4-maverick,cross_backend,0.5,CG-Static,3,4,5,415,415,0,100.0000
SQLi,customapp,juice,login,Node.js/SQLite,meta-llama/llama-4-maverick,cross_backend,0.5,CG-Static,3,5,6,415,415,0,100.0000
SQLi,customapp,juice,login,Node.js/SQLite,meta-llama/llama-4-maverick,cross_backend,0.5,CG-Static,3,6,4,415,415,0,100.0000
SQLi,customapp,juice,login,Node.js/SQLite,meta-llama/llama-4-maverick,cross_backend,0.5,CG-Static,3,7,6,415,415,0,100.0000
SQLi,customapp,juice,login,Node.js/SQLite,meta-llama/llama-4-maverick,cross_backend,0.5,CG-Static,3,8,7,415,415,0,100.0000
SQLi,customapp,juice,login,Node.js/SQLite,meta-llama/llama-4-maverick,cross_backend,0.5,CG-Static,3,9,5,415,415,0,100.0000
SQLi,customapp,juice,login,Node.js/SQLite,meta-llama/llama-4-maverick,cross_backend,0.5,CG-Static,3,10,4,415,415,0,100.0000
SQLi,customapp,juice,login,Node.js/SQLite,meta-llama/llama-4-maverick,cross_backend,0.5,CG-Static,4,1,5,424,424,0,100.0000
SQLi,customapp,juice,login,Node.js/SQLite,meta-llama/llama-4-maverick,cross_backend,0.5,CG-Static,4,2,4,424,360,64,84.9057
SQLi,customapp,juice,login,Node.js/SQLite,meta-llama/llama-4-maverick,cross_backend,0.5,CG-Static,4,3,4,424,424,0,100.0000
SQLi,customapp,juice,login,Node.js/SQLite,meta-llama/llama-4-maverick,cross_backend,0.5,CG-Static,4,4,5,424,424,0,100.0000
SQLi,customapp,juice,login,Node.js/SQLite,meta-llama/llama-4-maverick,cross_backend,0.5,CG-Static,4,5,6,424,424,0,100.0000
SQLi,customapp,juice,login,Node.js/SQLite,meta-llama/llama-4-maverick,cross_backend,0.5,CG-Static,4,6,4,424,424,0,100.0000
SQLi,customapp,juice,login,Node.js/SQLite,meta-llama/llama-4-maverick,cross_backend,0.5,CG-Static,4,7,6,424,424,0,100.0000
SQLi,customapp,juice,login,Node.js/SQLite,meta-llama/llama-4-maverick,cross_backend,0.5,CG-Static,4,8,7,424,424,0,100.0000
SQLi,customapp,juice,login,Node.js/SQLite,meta-llama/llama-4-maverick,cross_backend,0.5,CG-Static,4,9,5,424,424,0,100.0000
SQLi,customapp,juice,login,Node.js/SQLite,meta-llama/llama-4-maverick,cross_backend,0.5,CG-Static,4,10,4,424,424,0,100.0000
SQLi,customapp,juice,login,Node.js/SQLite,meta-llama/llama-4-maverick,cross_backend,0.5,CG-Static,5,1,5,428,428,0,100.0000
SQLi,customapp,juice,login,Node.js/SQLite,meta-llama/llama-4-maverick,cross_backend,0.5,CG-Static,5,2,4,428,358,70,83.6449
SQLi,customapp,juice,login,Node.js/SQLite,meta-llama/llama-4-maverick,cross_backend,0.5,CG-Static,5,3,4,428,428,0,100.0000
SQLi,customapp,juice,login,Node.js/SQLite,meta-llama/llama-4-maverick,cross_backend,0.5,CG-Static,5,4,5,428,428,0,100.0000
SQLi,customapp,juice,login,Node.js/SQLite,meta-llama/llama-4-maverick,cross_backend,0.5,CG-Static,5,5,6,428,428,0,100.0000
SQLi,customapp,juice,login,Node.js/SQLite,meta-llama/llama-4-maverick,cross_backend,0.5,CG-Static,5,6,4,428,428,0,100.0000
SQLi,customapp,juice,login,Node.js/SQLite,meta-llama/llama-4-maverick,cross_backend,0.5,CG-Static,5,7,6,428,428,0,100.0000
SQLi,customapp,juice,login,Node.js/SQLite,meta-llama/llama-4-maverick,cross_backend,0.5,CG-Static,5,8,7,428,428,0,100.0000
SQLi,customapp,juice,login,Node.js/SQLite,meta-llama/llama-4-maverick,cross_backend,0.5,CG-Static,5,9,5,428,428,0,100.0000
SQLi,customapp,juice,login,Node.js/SQLite,meta-llama/llama-4-maverick,cross_backend,0.5,CG-Static,5,10,4,428,428,0,100.0000
SQLi,customapp,juice,login,Node.js/SQLite,meta-llama/llama-4-maverick,cross_backend,0.5,CRS-only,1,0,0,415,0,415,0.0000
SQLi,customapp,juice,login,Node.js/SQLite,meta-llama/llama-4-maverick,cross_backend,0.5,CRS-only,2,0,0,428,0,428,0.0000
SQLi,customapp,juice,login,Node.js/SQLite,meta-llama/llama-4-maverick,cross_backend,0.5,CRS-only,3,0,0,415,0,415,0.0000
SQLi,customapp,juice,login,Node.js/SQLite,meta-llama/llama-4-maverick,cross_backend,0.5,CRS-only,4,0,0,424,0,424,0.0000
SQLi,customapp,juice,login,Node.js/SQLite,meta-llama/llama-4-maverick,cross_backend,0.5,CRS-only,5,0,0,428,0,428,0.0000
SQLi,customapp,juice,search,Node.js/SQLite,meta-llama/llama-4-maverick,cross_backend,0.1,CG-Adaptive,1,1,4,483,483,0,100.0000
SQLi,customapp,juice,search,Node.js/SQLite,meta-llama/llama-4-maverick,cross_backend,0.1,CG-Adaptive,1,2,5,483,483,0,100.0000
SQLi,customapp,juice,search,Node.js/SQLite,meta-llama/llama-4-maverick,cross_backend,0.1,CG-Adaptive,1,3,5,483,483,0,100.0000
SQLi,customapp,juice,search,Node.js/SQLite,meta-llama/llama-4-maverick,cross_backend,0.1,CG-Adaptive,1,4,7,483,483,0,100.0000
SQLi,customapp,juice,search,Node.js/SQLite,meta-llama/llama-4-maverick,cross_backend,0.1,CG-Adaptive,1,5,5,483,483,0,100.0000
SQLi,customapp,juice,search,Node.js/SQLite,meta-llama/llama-4-maverick,cross_backend,0.1,CG-Adaptive,1,6,7,483,483,0,100.0000
SQLi,customapp,juice,search,Node.js/SQLite,meta-llama/llama-4-maverick,cross_backend,0.1,CG-Adaptive,1,7,5,483,483,0,100.0000
SQLi,customapp,juice,search,Node.js/SQLite,meta-llama/llama-4-maverick,cross_backend,0.1,CG-Adaptive,1,8,5,483,483,0,100.0000
SQLi,customapp,juice,search,Node.js/SQLite,meta-llama/llama-4-maverick,cross_backend,0.1,CG-Adaptive,1,9,7,483,483,0,100.0000
SQLi,customapp,juice,search,Node.js/SQLite,meta-llama/llama-4-maverick,cross_backend,0.1,CG-Adaptive,1,10,10,483,483,0,100.0000
SQLi,customapp,juice,search,Node.js/SQLite,meta-llama/llama-4-maverick,cross_backend,0.1,CG-Adaptive,2,1,4,473,473,0,100.0000
SQLi,customapp,juice,search,Node.js/SQLite,meta-llama/llama-4-maverick,cross_backend,0.1,CG-Adaptive,2,2,5,473,473,0,100.0000
SQLi,customapp,juice,search,Node.js/SQLite,meta-llama/llama-4-maverick,cross_backend,0.1,CG-Adaptive,2,3,5,473,473,0,100.0000
SQLi,customapp,juice,search,Node.js/SQLite,meta-llama/llama-4-maverick,cross_backend,0.1,CG-Adaptive,2,4,7,473,473,0,100.0000
SQLi,customapp,juice,search,Node.js/SQLite,meta-llama/llama-4-maverick,cross_backend,0.1,CG-Adaptive,2,5,5,473,473,0,100.0000
SQLi,customapp,juice,search,Node.js/SQLite,meta-llama/llama-4-maverick,cross_backend,0.1,CG-Adaptive,2,6,7,473,473,0,100.0000
SQLi,customapp,juice,search,Node.js/SQLite,meta-llama/llama-4-maverick,cross_backend,0.1,CG-Adaptive,2,7,5,473,473,0,100.0000
SQLi,customapp,juice,search,Node.js/SQLite,meta-llama/llama-4-maverick,cross_backend,0.1,CG-Adaptive,2,8,5,473,473,0,100.0000
SQLi,customapp,juice,search,Node.js/SQLite,meta-llama/llama-4-maverick,cross_backend,0.1,CG-Adaptive,2,9,7,473,473,0,100.0000
SQLi,customapp,juice,search,Node.js/SQLite,meta-llama/llama-4-maverick,cross_backend,0.1,CG-Adaptive,2,10,10,473,473,0,100.0000
SQLi,customapp,juice,search,Node.js/SQLite,meta-llama/llama-4-maverick,cross_backend,0.1,CG-Adaptive,3,1,4,442,442,0,100.0000
SQLi,customapp,juice,search,Node.js/SQLite,meta-llama/llama-4-maverick,cross_backend,0.1,CG-Adaptive,3,2,5,442,442,0,100.0000
SQLi,customapp,juice,search,Node.js/SQLite,meta-llama/llama-4-maverick,cross_backend,0.1,CG-Adaptive,3,3,5,442,442,0,100.0000
SQLi,customapp,juice,search,Node.js/SQLite,meta-llama/llama-4-maverick,cross_backend,0.1,CG-Adaptive,3,4,7,442,442,0,100.0000
SQLi,customapp,juice,search,Node.js/SQLite,meta-llama/llama-4-maverick,cross_backend,0.1,CG-Adaptive,3,5,5,442,442,0,100.0000
SQLi,customapp,juice,search,Node.js/SQLite,meta-llama/llama-4-maverick,cross_backend,0.1,CG-Adaptive,3,6,7,442,442,0,100.0000
SQLi,customapp,juice,search,Node.js/SQLite,meta-llama/llama-4-maverick,cross_backend,0.1,CG-Adaptive,3,7,5,442,442,0,100.0000
SQLi,customapp,juice,search,Node.js/SQLite,meta-llama/llama-4-maverick,cross_backend,0.1,CG-Adaptive,3,8,5,442,442,0,100.0000
SQLi,customapp,juice,search,Node.js/SQLite,meta-llama/llama-4-maverick,cross_backend,0.1,CG-Adaptive,3,9,7,442,442,0,100.0000
SQLi,customapp,juice,search,Node.js/SQLite,meta-llama/llama-4-maverick,cross_backend,0.1,CG-Adaptive,3,10,10,442,442,0,100.0000
SQLi,customapp,juice,search,Node.js/SQLite,meta-llama/llama-4-maverick,cross_backend,0.1,CG-Adaptive,4,1,4,462,462,0,100.0000
SQLi,customapp,juice,search,Node.js/SQLite,meta-llama/llama-4-maverick,cross_backend,0.1,CG-Adaptive,4,2,5,462,462,0,100.0000
SQLi,customapp,juice,search,Node.js/SQLite,meta-llama/llama-4-maverick,cross_backend,0.1,CG-Adaptive,4,3,5,462,462,0,100.0000
SQLi,customapp,juice,search,Node.js/SQLite,meta-llama/llama-4-maverick,cross_backend,0.1,CG-Adaptive,4,4,7,462,462,0,100.0000
SQLi,customapp,juice,search,Node.js/SQLite,meta-llama/llama-4-maverick,cross_backend,0.1,CG-Adaptive,4,5,5,462,462,0,100.0000
SQLi,customapp,juice,search,Node.js/SQLite,meta-llama/llama-4-maverick,cross_backend,0.1,CG-Adaptive,4,6,7,462,462,0,100.0000
SQLi,customapp,juice,search,Node.js/SQLite,meta-llama/llama-4-maverick,cross_backend,0.1,CG-Adaptive,4,7,5,462,462,0,100.0000
SQLi,customapp,juice,search,Node.js/SQLite,meta-llama/llama-4-maverick,cross_backend,0.1,CG-Adaptive,4,8,5,462,462,0,100.0000
SQLi,customapp,juice,search,Node.js/SQLite,meta-llama/llama-4-maverick,cross_backend,0.1,CG-Adaptive,4,9,7,462,462,0,100.0000
SQLi,customapp,juice,search,Node.js/SQLite,meta-llama/llama-4-maverick,cross_backend,0.1,CG-Adaptive,4,10,10,462,462,0,100.0000
SQLi,customapp,juice,search,Node.js/SQLite,meta-llama/llama-4-maverick,cross_backend,0.1,CG-Adaptive,5,1,4,473,473,0,100.0000
SQLi,customapp,juice,search,Node.js/SQLite,meta-llama/llama-4-maverick,cross_backend,0.1,CG-Adaptive,5,2,5,473,473,0,100.0000
SQLi,customapp,juice,search,Node.js/SQLite,meta-llama/llama-4-maverick,cross_backend,0.1,CG-Adaptive,5,3,5,473,473,0,100.0000
SQLi,customapp,juice,search,Node.js/SQLite,meta-llama/llama-4-maverick,cross_backend,0.1,CG-Adaptive,5,4,7,473,473,0,100.0000
SQLi,customapp,juice,search,Node.js/SQLite,meta-llama/llama-4-maverick,cross_backend,0.1,CG-Adaptive,5,5,5,473,473,0,100.0000
SQLi,customapp,juice,search,Node.js/SQLite,meta-llama/llama-4-maverick,cross_backend,0.1,CG-Adaptive,5,6,7,473,473,0,100.0000
SQLi,customapp,juice,search,Node.js/SQLite,meta-llama/llama-4-maverick,cross_backend,0.1,CG-Adaptive,5,7,5,473,473,0,100.0000
SQLi,customapp,juice,search,Node.js/SQLite,meta-llama/llama-4-maverick,cross_backend,0.1,CG-Adaptive,5,8,5,473,473,0,100.0000
SQLi,customapp,juice,search,Node.js/SQLite,meta-llama/llama-4-maverick,cross_backend,0.1,CG-Adaptive,5,9,7,473,473,0,100.0000
SQLi,customapp,juice,search,Node.js/SQLite,meta-llama/llama-4-maverick,cross_backend,0.1,CG-Adaptive,5,10,10,473,473,0,100.0000
SQLi,customapp,juice,search,Node.js/SQLite,meta-llama/llama-4-maverick,cross_backend,0.1,CG-Static,1,1,5,483,483,0,100.0000
SQLi,customapp,juice,search,Node.js/SQLite,meta-llama/llama-4-maverick,cross_backend,0.1,CG-Static,1,2,4,483,483,0,100.0000
SQLi,customapp,juice,search,Node.js/SQLite,meta-llama/llama-4-maverick,cross_backend,0.1,CG-Static,1,3,4,483,483,0,100.0000
SQLi,customapp,juice,search,Node.js/SQLite,meta-llama/llama-4-maverick,cross_backend,0.1,CG-Static,1,4,5,483,483,0,100.0000
SQLi,customapp,juice,search,Node.js/SQLite,meta-llama/llama-4-maverick,cross_backend,0.1,CG-Static,1,5,4,483,483,0,100.0000
SQLi,customapp,juice,search,Node.js/SQLite,meta-llama/llama-4-maverick,cross_backend,0.1,CG-Static,1,6,6,483,483,0,100.0000
SQLi,customapp,juice,search,Node.js/SQLite,meta-llama/llama-4-maverick,cross_backend,0.1,CG-Static,1,7,4,483,483,0,100.0000
SQLi,customapp,juice,search,Node.js/SQLite,meta-llama/llama-4-maverick,cross_backend,0.1,CG-Static,1,8,4,483,0,483,0.0000
SQLi,customapp,juice,search,Node.js/SQLite,meta-llama/llama-4-maverick,cross_backend,0.1,CG-Static,1,9,4,483,483,0,100.0000
SQLi,customapp,juice,search,Node.js/SQLite,meta-llama/llama-4-maverick,cross_backend,0.1,CG-Static,1,10,5,483,483,0,100.0000
SQLi,customapp,juice,search,Node.js/SQLite,meta-llama/llama-4-maverick,cross_backend,0.1,CG-Static,2,1,5,473,473,0,100.0000
SQLi,customapp,juice,search,Node.js/SQLite,meta-llama/llama-4-maverick,cross_backend,0.1,CG-Static,2,2,4,473,473,0,100.0000
SQLi,customapp,juice,search,Node.js/SQLite,meta-llama/llama-4-maverick,cross_backend,0.1,CG-Static,2,3,4,473,473,0,100.0000
SQLi,customapp,juice,search,Node.js/SQLite,meta-llama/llama-4-maverick,cross_backend,0.1,CG-Static,2,4,5,473,473,0,100.0000
SQLi,customapp,juice,search,Node.js/SQLite,meta-llama/llama-4-maverick,cross_backend,0.1,CG-Static,2,5,4,473,473,0,100.0000
SQLi,customapp,juice,search,Node.js/SQLite,meta-llama/llama-4-maverick,cross_backend,0.1,CG-Static,2,6,6,473,473,0,100.0000
SQLi,customapp,juice,search,Node.js/SQLite,meta-llama/llama-4-maverick,cross_backend,0.1,CG-Static,2,7,4,473,473,0,100.0000
SQLi,customapp,juice,search,Node.js/SQLite,meta-llama/llama-4-maverick,cross_backend,0.1,CG-Static,2,8,4,473,0,473,0.0000
SQLi,customapp,juice,search,Node.js/SQLite,meta-llama/llama-4-maverick,cross_backend,0.1,CG-Static,2,9,4,473,473,0,100.0000
SQLi,customapp,juice,search,Node.js/SQLite,meta-llama/llama-4-maverick,cross_backend,0.1,CG-Static,2,10,5,473,473,0,100.0000
SQLi,customapp,juice,search,Node.js/SQLite,meta-llama/llama-4-maverick,cross_backend,0.1,CG-Static,3,1,5,442,442,0,100.0000
SQLi,customapp,juice,search,Node.js/SQLite,meta-llama/llama-4-maverick,cross_backend,0.1,CG-Static,3,2,4,442,442,0,100.0000
SQLi,customapp,juice,search,Node.js/SQLite,meta-llama/llama-4-maverick,cross_backend,0.1,CG-Static,3,3,4,442,442,0,100.0000
SQLi,customapp,juice,search,Node.js/SQLite,meta-llama/llama-4-maverick,cross_backend,0.1,CG-Static,3,4,5,442,442,0,100.0000
SQLi,customapp,juice,search,Node.js/SQLite,meta-llama/llama-4-maverick,cross_backend,0.1,CG-Static,3,5,4,442,442,0,100.0000
SQLi,customapp,juice,search,Node.js/SQLite,meta-llama/llama-4-maverick,cross_backend,0.1,CG-Static,3,6,6,442,442,0,100.0000
SQLi,customapp,juice,search,Node.js/SQLite,meta-llama/llama-4-maverick,cross_backend,0.1,CG-Static,3,7,4,442,442,0,100.0000
SQLi,customapp,juice,search,Node.js/SQLite,meta-llama/llama-4-maverick,cross_backend,0.1,CG-Static,3,8,4,442,0,442,0.0000
SQLi,customapp,juice,search,Node.js/SQLite,meta-llama/llama-4-maverick,cross_backend,0.1,CG-Static,3,9,4,442,442,0,100.0000
SQLi,customapp,juice,search,Node.js/SQLite,meta-llama/llama-4-maverick,cross_backend,0.1,CG-Static,3,10,5,442,442,0,100.0000
SQLi,customapp,juice,search,Node.js/SQLite,meta-llama/llama-4-maverick,cross_backend,0.1,CG-Static,4,1,5,462,462,0,100.0000
SQLi,customapp,juice,search,Node.js/SQLite,meta-llama/llama-4-maverick,cross_backend,0.1,CG-Static,4,2,4,462,462,0,100.0000
SQLi,customapp,juice,search,Node.js/SQLite,meta-llama/llama-4-maverick,cross_backend,0.1,CG-Static,4,3,4,462,462,0,100.0000
SQLi,customapp,juice,search,Node.js/SQLite,meta-llama/llama-4-maverick,cross_backend,0.1,CG-Static,4,4,5,462,462,0,100.0000
SQLi,customapp,juice,search,Node.js/SQLite,meta-llama/llama-4-maverick,cross_backend,0.1,CG-Static,4,5,4,462,462,0,100.0000
SQLi,customapp,juice,search,Node.js/SQLite,meta-llama/llama-4-maverick,cross_backend,0.1,CG-Static,4,6,6,462,462,0,100.0000
SQLi,customapp,juice,search,Node.js/SQLite,meta-llama/llama-4-maverick,cross_backend,0.1,CG-Static,4,7,4,462,462,0,100.0000
SQLi,customapp,juice,search,Node.js/SQLite,meta-llama/llama-4-maverick,cross_backend,0.1,CG-Static,4,8,4,462,0,462,0.0000
SQLi,customapp,juice,search,Node.js/SQLite,meta-llama/llama-4-maverick,cross_backend,0.1,CG-Static,4,9,4,462,462,0,100.0000
SQLi,customapp,juice,search,Node.js/SQLite,meta-llama/llama-4-maverick,cross_backend,0.1,CG-Static,4,10,5,462,462,0,100.0000
SQLi,customapp,juice,search,Node.js/SQLite,meta-llama/llama-4-maverick,cross_backend,0.1,CG-Static,5,1,5,473,473,0,100.0000
SQLi,customapp,juice,search,Node.js/SQLite,meta-llama/llama-4-maverick,cross_backend,0.1,CG-Static,5,2,4,473,473,0,100.0000
SQLi,customapp,juice,search,Node.js/SQLite,meta-llama/llama-4-maverick,cross_backend,0.1,CG-Static,5,3,4,473,473,0,100.0000
SQLi,customapp,juice,search,Node.js/SQLite,meta-llama/llama-4-maverick,cross_backend,0.1,CG-Static,5,4,5,473,473,0,100.0000
SQLi,customapp,juice,search,Node.js/SQLite,meta-llama/llama-4-maverick,cross_backend,0.1,CG-Static,5,5,4,473,473,0,100.0000
SQLi,customapp,juice,search,Node.js/SQLite,meta-llama/llama-4-maverick,cross_backend,0.1,CG-Static,5,6,6,473,473,0,100.0000
SQLi,customapp,juice,search,Node.js/SQLite,meta-llama/llama-4-maverick,cross_backend,0.1,CG-Static,5,7,4,473,473,0,100.0000
SQLi,customapp,juice,search,Node.js/SQLite,meta-llama/llama-4-maverick,cross_backend,0.1,CG-Static,5,8,4,473,0,473,0.0000
SQLi,customapp,juice,search,Node.js/SQLite,meta-llama/llama-4-maverick,cross_backend,0.1,CG-Static,5,9,4,473,473,0,100.0000
SQLi,customapp,juice,search,Node.js/SQLite,meta-llama/llama-4-maverick,cross_backend,0.1,CG-Static,5,10,5,473,473,0,100.0000
SQLi,customapp,juice,search,Node.js/SQLite,meta-llama/llama-4-maverick,cross_backend,0.1,CRS-only,1,0,0,483,0,483,0.0000
SQLi,customapp,juice,search,Node.js/SQLite,meta-llama/llama-4-maverick,cross_backend,0.1,CRS-only,2,0,0,473,0,473,0.0000
SQLi,customapp,juice,search,Node.js/SQLite,meta-llama/llama-4-maverick,cross_backend,0.1,CRS-only,3,0,0,442,0,442,0.0000
SQLi,customapp,juice,search,Node.js/SQLite,meta-llama/llama-4-maverick,cross_backend,0.1,CRS-only,4,0,0,462,0,462,0.0000
SQLi,customapp,juice,search,Node.js/SQLite,meta-llama/llama-4-maverick,cross_backend,0.1,CRS-only,5,0,0,473,0,473,0.0000
SQLi,customapp,juice,search,Node.js/SQLite,meta-llama/llama-4-maverick,cross_backend,0.2,CG-Adaptive,1,1,5,483,483,0,100.0000
SQLi,customapp,juice,search,Node.js/SQLite,meta-llama/llama-4-maverick,cross_backend,0.2,CG-Adaptive,1,2,5,483,483,0,100.0000
SQLi,customapp,juice,search,Node.js/SQLite,meta-llama/llama-4-maverick,cross_backend,0.2,CG-Adaptive,1,3,5,483,483,0,100.0000
SQLi,customapp,juice,search,Node.js/SQLite,meta-llama/llama-4-maverick,cross_backend,0.2,CG-Adaptive,1,4,5,483,483,0,100.0000
SQLi,customapp,juice,search,Node.js/SQLite,meta-llama/llama-4-maverick,cross_backend,0.2,CG-Adaptive,1,5,4,483,483,0,100.0000
SQLi,customapp,juice,search,Node.js/SQLite,meta-llama/llama-4-maverick,cross_backend,0.2,CG-Adaptive,1,6,5,483,483,0,100.0000
SQLi,customapp,juice,search,Node.js/SQLite,meta-llama/llama-4-maverick,cross_backend,0.2,CG-Adaptive,1,7,6,483,483,0,100.0000
SQLi,customapp,juice,search,Node.js/SQLite,meta-llama/llama-4-maverick,cross_backend,0.2,CG-Adaptive,1,8,5,483,483,0,100.0000
SQLi,customapp,juice,search,Node.js/SQLite,meta-llama/llama-4-maverick,cross_backend,0.2,CG-Adaptive,1,9,5,483,483,0,100.0000
SQLi,customapp,juice,search,Node.js/SQLite,meta-llama/llama-4-maverick,cross_backend,0.2,CG-Adaptive,1,10,4,483,483,0,100.0000
SQLi,customapp,juice,search,Node.js/SQLite,meta-llama/llama-4-maverick,cross_backend,0.2,CG-Adaptive,2,1,5,473,473,0,100.0000
SQLi,customapp,juice,search,Node.js/SQLite,meta-llama/llama-4-maverick,cross_backend,0.2,CG-Adaptive,2,2,5,473,473,0,100.0000
SQLi,customapp,juice,search,Node.js/SQLite,meta-llama/llama-4-maverick,cross_backend,0.2,CG-Adaptive,2,3,5,473,473,0,100.0000
SQLi,customapp,juice,search,Node.js/SQLite,meta-llama/llama-4-maverick,cross_backend,0.2,CG-Adaptive,2,4,5,473,473,0,100.0000
SQLi,customapp,juice,search,Node.js/SQLite,meta-llama/llama-4-maverick,cross_backend,0.2,CG-Adaptive,2,5,4,473,473,0,100.0000
SQLi,customapp,juice,search,Node.js/SQLite,meta-llama/llama-4-maverick,cross_backend,0.2,CG-Adaptive,2,6,5,473,473,0,100.0000
SQLi,customapp,juice,search,Node.js/SQLite,meta-llama/llama-4-maverick,cross_backend,0.2,CG-Adaptive,2,7,6,473,473,0,100.0000
SQLi,customapp,juice,search,Node.js/SQLite,meta-llama/llama-4-maverick,cross_backend,0.2,CG-Adaptive,2,8,5,473,473,0,100.0000
SQLi,customapp,juice,search,Node.js/SQLite,meta-llama/llama-4-maverick,cross_backend,0.2,CG-Adaptive,2,9,5,473,473,0,100.0000
SQLi,customapp,juice,search,Node.js/SQLite,meta-llama/llama-4-maverick,cross_backend,0.2,CG-Adaptive,2,10,4,473,473,0,100.0000
SQLi,customapp,juice,search,Node.js/SQLite,meta-llama/llama-4-maverick,cross_backend,0.2,CG-Adaptive,3,1,5,442,442,0,100.0000
SQLi,customapp,juice,search,Node.js/SQLite,meta-llama/llama-4-maverick,cross_backend,0.2,CG-Adaptive,3,2,5,442,442,0,100.0000
SQLi,customapp,juice,search,Node.js/SQLite,meta-llama/llama-4-maverick,cross_backend,0.2,CG-Adaptive,3,3,5,442,442,0,100.0000
SQLi,customapp,juice,search,Node.js/SQLite,meta-llama/llama-4-maverick,cross_backend,0.2,CG-Adaptive,3,4,5,442,442,0,100.0000
SQLi,customapp,juice,search,Node.js/SQLite,meta-llama/llama-4-maverick,cross_backend,0.2,CG-Adaptive,3,5,4,442,442,0,100.0000
SQLi,customapp,juice,search,Node.js/SQLite,meta-llama/llama-4-maverick,cross_backend,0.2,CG-Adaptive,3,6,5,442,442,0,100.0000
SQLi,customapp,juice,search,Node.js/SQLite,meta-llama/llama-4-maverick,cross_backend,0.2,CG-Adaptive,3,7,6,442,442,0,100.0000
SQLi,customapp,juice,search,Node.js/SQLite,meta-llama/llama-4-maverick,cross_backend,0.2,CG-Adaptive,3,8,5,442,442,0,100.0000
SQLi,customapp,juice,search,Node.js/SQLite,meta-llama/llama-4-maverick,cross_backend,0.2,CG-Adaptive,3,9,5,442,442,0,100.0000
SQLi,customapp,juice,search,Node.js/SQLite,meta-llama/llama-4-maverick,cross_backend,0.2,CG-Adaptive,3,10,4,442,442,0,100.0000
SQLi,customapp,juice,search,Node.js/SQLite,meta-llama/llama-4-maverick,cross_backend,0.2,CG-Adaptive,4,1,5,462,462,0,100.0000
SQLi,customapp,juice,search,Node.js/SQLite,meta-llama/llama-4-maverick,cross_backend,0.2,CG-Adaptive,4,2,5,462,462,0,100.0000
SQLi,customapp,juice,search,Node.js/SQLite,meta-llama/llama-4-maverick,cross_backend,0.2,CG-Adaptive,4,3,5,462,462,0,100.0000
SQLi,customapp,juice,search,Node.js/SQLite,meta-llama/llama-4-maverick,cross_backend,0.2,CG-Adaptive,4,4,5,462,462,0,100.0000
SQLi,customapp,juice,search,Node.js/SQLite,meta-llama/llama-4-maverick,cross_backend,0.2,CG-Adaptive,4,5,4,462,462,0,100.0000
SQLi,customapp,juice,search,Node.js/SQLite,meta-llama/llama-4-maverick,cross_backend,0.2,CG-Adaptive,4,6,5,462,462,0,100.0000
SQLi,customapp,juice,search,Node.js/SQLite,meta-llama/llama-4-maverick,cross_backend,0.2,CG-Adaptive,4,7,6,462,462,0,100.0000
SQLi,customapp,juice,search,Node.js/SQLite,meta-llama/llama-4-maverick,cross_backend,0.2,CG-Adaptive,4,8,5,462,462,0,100.0000
SQLi,customapp,juice,search,Node.js/SQLite,meta-llama/llama-4-maverick,cross_backend,0.2,CG-Adaptive,4,9,5,462,462,0,100.0000
SQLi,customapp,juice,search,Node.js/SQLite,meta-llama/llama-4-maverick,cross_backend,0.2,CG-Adaptive,4,10,4,462,462,0,100.0000
SQLi,customapp,juice,search,Node.js/SQLite,meta-llama/llama-4-maverick,cross_backend,0.2,CG-Adaptive,5,1,5,473,473,0,100.0000
SQLi,customapp,juice,search,Node.js/SQLite,meta-llama/llama-4-maverick,cross_backend,0.2,CG-Adaptive,5,2,5,473,473,0,100.0000
SQLi,customapp,juice,search,Node.js/SQLite,meta-llama/llama-4-maverick,cross_backend,0.2,CG-Adaptive,5,3,5,473,473,0,100.0000
SQLi,customapp,juice,search,Node.js/SQLite,meta-llama/llama-4-maverick,cross_backend,0.2,CG-Adaptive,5,4,5,473,473,0,100.0000
SQLi,customapp,juice,search,Node.js/SQLite,meta-llama/llama-4-maverick,cross_backend,0.2,CG-Adaptive,5,5,4,473,473,0,100.0000
SQLi,customapp,juice,search,Node.js/SQLite,meta-llama/llama-4-maverick,cross_backend,0.2,CG-Adaptive,5,6,5,473,473,0,100.0000
SQLi,customapp,juice,search,Node.js/SQLite,meta-llama/llama-4-maverick,cross_backend,0.2,CG-Adaptive,5,7,6,473,473,0,100.0000
SQLi,customapp,juice,search,Node.js/SQLite,meta-llama/llama-4-maverick,cross_backend,0.2,CG-Adaptive,5,8,5,473,473,0,100.0000
SQLi,customapp,juice,search,Node.js/SQLite,meta-llama/llama-4-maverick,cross_backend,0.2,CG-Adaptive,5,9,5,473,473,0,100.0000
SQLi,customapp,juice,search,Node.js/SQLite,meta-llama/llama-4-maverick,cross_backend,0.2,CG-Adaptive,5,10,4,473,473,0,100.0000
SQLi,customapp,juice,search,Node.js/SQLite,meta-llama/llama-4-maverick,cross_backend,0.2,CG-Static,1,1,5,483,483,0,100.0000
SQLi,customapp,juice,search,Node.js/SQLite,meta-llama/llama-4-maverick,cross_backend,0.2,CG-Static,1,2,4,483,483,0,100.0000
SQLi,customapp,juice,search,Node.js/SQLite,meta-llama/llama-4-maverick,cross_backend,0.2,CG-Static,1,3,4,483,483,0,100.0000
SQLi,customapp,juice,search,Node.js/SQLite,meta-llama/llama-4-maverick,cross_backend,0.2,CG-Static,1,4,5,483,483,0,100.0000
SQLi,customapp,juice,search,Node.js/SQLite,meta-llama/llama-4-maverick,cross_backend,0.2,CG-Static,1,5,5,483,483,0,100.0000
SQLi,customapp,juice,search,Node.js/SQLite,meta-llama/llama-4-maverick,cross_backend,0.2,CG-Static,1,6,4,483,483,0,100.0000
SQLi,customapp,juice,search,Node.js/SQLite,meta-llama/llama-4-maverick,cross_backend,0.2,CG-Static,1,7,4,483,483,0,100.0000
SQLi,customapp,juice,search,Node.js/SQLite,meta-llama/llama-4-maverick,cross_backend,0.2,CG-Static,1,8,4,483,483,0,100.0000
SQLi,customapp,juice,search,Node.js/SQLite,meta-llama/llama-4-maverick,cross_backend,0.2,CG-Static,1,9,4,483,483,0,100.0000
SQLi,customapp,juice,search,Node.js/SQLite,meta-llama/llama-4-maverick,cross_backend,0.2,CG-Static,1,10,5,483,483,0,100.0000
SQLi,customapp,juice,search,Node.js/SQLite,meta-llama/llama-4-maverick,cross_backend,0.2,CG-Static,2,1,5,473,473,0,100.0000
SQLi,customapp,juice,search,Node.js/SQLite,meta-llama/llama-4-maverick,cross_backend,0.2,CG-Static,2,2,4,473,473,0,100.0000
SQLi,customapp,juice,search,Node.js/SQLite,meta-llama/llama-4-maverick,cross_backend,0.2,CG-Static,2,3,4,473,473,0,100.0000
SQLi,customapp,juice,search,Node.js/SQLite,meta-llama/llama-4-maverick,cross_backend,0.2,CG-Static,2,4,5,473,473,0,100.0000
SQLi,customapp,juice,search,Node.js/SQLite,meta-llama/llama-4-maverick,cross_backend,0.2,CG-Static,2,5,5,473,473,0,100.0000
SQLi,customapp,juice,search,Node.js/SQLite,meta-llama/llama-4-maverick,cross_backend,0.2,CG-Static,2,6,4,473,473,0,100.0000
SQLi,customapp,juice,search,Node.js/SQLite,meta-llama/llama-4-maverick,cross_backend,0.2,CG-Static,2,7,4,473,473,0,100.0000
SQLi,customapp,juice,search,Node.js/SQLite,meta-llama/llama-4-maverick,cross_backend,0.2,CG-Static,2,8,4,473,473,0,100.0000
SQLi,customapp,juice,search,Node.js/SQLite,meta-llama/llama-4-maverick,cross_backend,0.2,CG-Static,2,9,4,473,473,0,100.0000
SQLi,customapp,juice,search,Node.js/SQLite,meta-llama/llama-4-maverick,cross_backend,0.2,CG-Static,2,10,5,473,473,0,100.0000
SQLi,customapp,juice,search,Node.js/SQLite,meta-llama/llama-4-maverick,cross_backend,0.2,CG-Static,3,1,5,442,442,0,100.0000
SQLi,customapp,juice,search,Node.js/SQLite,meta-llama/llama-4-maverick,cross_backend,0.2,CG-Static,3,2,4,442,442,0,100.0000
SQLi,customapp,juice,search,Node.js/SQLite,meta-llama/llama-4-maverick,cross_backend,0.2,CG-Static,3,3,4,442,442,0,100.0000
SQLi,customapp,juice,search,Node.js/SQLite,meta-llama/llama-4-maverick,cross_backend,0.2,CG-Static,3,4,5,442,442,0,100.0000
SQLi,customapp,juice,search,Node.js/SQLite,meta-llama/llama-4-maverick,cross_backend,0.2,CG-Static,3,5,5,442,442,0,100.0000
SQLi,customapp,juice,search,Node.js/SQLite,meta-llama/llama-4-maverick,cross_backend,0.2,CG-Static,3,6,4,442,442,0,100.0000
SQLi,customapp,juice,search,Node.js/SQLite,meta-llama/llama-4-maverick,cross_backend,0.2,CG-Static,3,7,4,442,442,0,100.0000
SQLi,customapp,juice,search,Node.js/SQLite,meta-llama/llama-4-maverick,cross_backend,0.2,CG-Static,3,8,4,442,442,0,100.0000
SQLi,customapp,juice,search,Node.js/SQLite,meta-llama/llama-4-maverick,cross_backend,0.2,CG-Static,3,9,4,442,442,0,100.0000
SQLi,customapp,juice,search,Node.js/SQLite,meta-llama/llama-4-maverick,cross_backend,0.2,CG-Static,3,10,5,442,442,0,100.0000
SQLi,customapp,juice,search,Node.js/SQLite,meta-llama/llama-4-maverick,cross_backend,0.2,CG-Static,4,1,5,462,462,0,100.0000
SQLi,customapp,juice,search,Node.js/SQLite,meta-llama/llama-4-maverick,cross_backend,0.2,CG-Static,4,2,4,462,462,0,100.0000
SQLi,customapp,juice,search,Node.js/SQLite,meta-llama/llama-4-maverick,cross_backend,0.2,CG-Static,4,3,4,462,462,0,100.0000
SQLi,customapp,juice,search,Node.js/SQLite,meta-llama/llama-4-maverick,cross_backend,0.2,CG-Static,4,4,5,462,462,0,100.0000
SQLi,customapp,juice,search,Node.js/SQLite,meta-llama/llama-4-maverick,cross_backend,0.2,CG-Static,4,5,5,462,462,0,100.0000
SQLi,customapp,juice,search,Node.js/SQLite,meta-llama/llama-4-maverick,cross_backend,0.2,CG-Static,4,6,4,462,462,0,100.0000
SQLi,customapp,juice,search,Node.js/SQLite,meta-llama/llama-4-maverick,cross_backend,0.2,CG-Static,4,7,4,462,462,0,100.0000
SQLi,customapp,juice,search,Node.js/SQLite,meta-llama/llama-4-maverick,cross_backend,0.2,CG-Static,4,8,4,462,462,0,100.0000
SQLi,customapp,juice,search,Node.js/SQLite,meta-llama/llama-4-maverick,cross_backend,0.2,CG-Static,4,9,4,462,462,0,100.0000
SQLi,customapp,juice,search,Node.js/SQLite,meta-llama/llama-4-maverick,cross_backend,0.2,CG-Static,4,10,5,462,462,0,100.0000
SQLi,customapp,juice,search,Node.js/SQLite,meta-llama/llama-4-maverick,cross_backend,0.2,CG-Static,5,1,5,473,473,0,100.0000
SQLi,customapp,juice,search,Node.js/SQLite,meta-llama/llama-4-maverick,cross_backend,0.2,CG-Static,5,2,4,473,473,0,100.0000
SQLi,customapp,juice,search,Node.js/SQLite,meta-llama/llama-4-maverick,cross_backend,0.2,CG-Static,5,3,4,473,473,0,100.0000
SQLi,customapp,juice,search,Node.js/SQLite,meta-llama/llama-4-maverick,cross_backend,0.2,CG-Static,5,4,5,473,473,0,100.0000
SQLi,customapp,juice,search,Node.js/SQLite,meta-llama/llama-4-maverick,cross_backend,0.2,CG-Static,5,5,5,473,473,0,100.0000
SQLi,customapp,juice,search,Node.js/SQLite,meta-llama/llama-4-maverick,cross_backend,0.2,CG-Static,5,6,4,473,473,0,100.0000
SQLi,customapp,juice,search,Node.js/SQLite,meta-llama/llama-4-maverick,cross_backend,0.2,CG-Static,5,7,4,473,473,0,100.0000
SQLi,customapp,juice,search,Node.js/SQLite,meta-llama/llama-4-maverick,cross_backend,0.2,CG-Static,5,8,4,473,473,0,100.0000
SQLi,customapp,juice,search,Node.js/SQLite,meta-llama/llama-4-maverick,cross_backend,0.2,CG-Static,5,9,4,473,473,0,100.0000
SQLi,customapp,juice,search,Node.js/SQLite,meta-llama/llama-4-maverick,cross_backend,0.2,CG-Static,5,10,5,473,473,0,100.0000
SQLi,customapp,juice,search,Node.js/SQLite,meta-llama/llama-4-maverick,cross_backend,0.2,CRS-only,1,0,0,483,0,483,0.0000
SQLi,customapp,juice,search,Node.js/SQLite,meta-llama/llama-4-maverick,cross_backend,0.2,CRS-only,2,0,0,473,0,473,0.0000
SQLi,customapp,juice,search,Node.js/SQLite,meta-llama/llama-4-maverick,cross_backend,0.2,CRS-only,3,0,0,442,0,442,0.0000
SQLi,customapp,juice,search,Node.js/SQLite,meta-llama/llama-4-maverick,cross_backend,0.2,CRS-only,4,0,0,462,0,462,0.0000
SQLi,customapp,juice,search,Node.js/SQLite,meta-llama/llama-4-maverick,cross_backend,0.2,CRS-only,5,0,0,473,0,473,0.0000
SQLi,customapp,juice,search,Node.js/SQLite,meta-llama/llama-4-maverick,cross_backend,0.3,CG-Adaptive,1,1,7,483,483,0,100.0000
SQLi,customapp,juice,search,Node.js/SQLite,meta-llama/llama-4-maverick,cross_backend,0.3,CG-Adaptive,1,2,5,483,483,0,100.0000
SQLi,customapp,juice,search,Node.js/SQLite,meta-llama/llama-4-maverick,cross_backend,0.3,CG-Adaptive,1,3,5,483,483,0,100.0000
SQLi,customapp,juice,search,Node.js/SQLite,meta-llama/llama-4-maverick,cross_backend,0.3,CG-Adaptive,1,4,6,483,483,0,100.0000
SQLi,customapp,juice,search,Node.js/SQLite,meta-llama/llama-4-maverick,cross_backend,0.3,CG-Adaptive,1,5,5,483,483,0,100.0000
SQLi,customapp,juice,search,Node.js/SQLite,meta-llama/llama-4-maverick,cross_backend,0.3,CG-Adaptive,1,6,7,483,483,0,100.0000
SQLi,customapp,juice,search,Node.js/SQLite,meta-llama/llama-4-maverick,cross_backend,0.3,CG-Adaptive,1,7,5,483,483,0,100.0000
SQLi,customapp,juice,search,Node.js/SQLite,meta-llama/llama-4-maverick,cross_backend,0.3,CG-Adaptive,1,8,6,483,483,0,100.0000
SQLi,customapp,juice,search,Node.js/SQLite,meta-llama/llama-4-maverick,cross_backend,0.3,CG-Adaptive,1,9,5,483,483,0,100.0000
SQLi,customapp,juice,search,Node.js/SQLite,meta-llama/llama-4-maverick,cross_backend,0.3,CG-Adaptive,1,10,6,483,483,0,100.0000
SQLi,customapp,juice,search,Node.js/SQLite,meta-llama/llama-4-maverick,cross_backend,0.3,CG-Adaptive,2,1,7,473,473,0,100.0000
SQLi,customapp,juice,search,Node.js/SQLite,meta-llama/llama-4-maverick,cross_backend,0.3,CG-Adaptive,2,2,5,473,473,0,100.0000
SQLi,customapp,juice,search,Node.js/SQLite,meta-llama/llama-4-maverick,cross_backend,0.3,CG-Adaptive,2,3,5,473,473,0,100.0000
SQLi,customapp,juice,search,Node.js/SQLite,meta-llama/llama-4-maverick,cross_backend,0.3,CG-Adaptive,2,4,6,473,473,0,100.0000
SQLi,customapp,juice,search,Node.js/SQLite,meta-llama/llama-4-maverick,cross_backend,0.3,CG-Adaptive,2,5,5,473,473,0,100.0000
SQLi,customapp,juice,search,Node.js/SQLite,meta-llama/llama-4-maverick,cross_backend,0.3,CG-Adaptive,2,6,7,473,473,0,100.0000
SQLi,customapp,juice,search,Node.js/SQLite,meta-llama/llama-4-maverick,cross_backend,0.3,CG-Adaptive,2,7,5,473,473,0,100.0000
SQLi,customapp,juice,search,Node.js/SQLite,meta-llama/llama-4-maverick,cross_backend,0.3,CG-Adaptive,2,8,6,473,473,0,100.0000
SQLi,customapp,juice,search,Node.js/SQLite,meta-llama/llama-4-maverick,cross_backend,0.3,CG-Adaptive,2,9,5,473,473,0,100.0000
SQLi,customapp,juice,search,Node.js/SQLite,meta-llama/llama-4-maverick,cross_backend,0.3,CG-Adaptive,2,10,6,473,473,0,100.0000
SQLi,customapp,juice,search,Node.js/SQLite,meta-llama/llama-4-maverick,cross_backend,0.3,CG-Adaptive,3,1,7,442,442,0,100.0000
SQLi,customapp,juice,search,Node.js/SQLite,meta-llama/llama-4-maverick,cross_backend,0.3,CG-Adaptive,3,2,5,442,442,0,100.0000
SQLi,customapp,juice,search,Node.js/SQLite,meta-llama/llama-4-maverick,cross_backend,0.3,CG-Adaptive,3,3,5,442,442,0,100.0000
SQLi,customapp,juice,search,Node.js/SQLite,meta-llama/llama-4-maverick,cross_backend,0.3,CG-Adaptive,3,4,6,442,442,0,100.0000
SQLi,customapp,juice,search,Node.js/SQLite,meta-llama/llama-4-maverick,cross_backend,0.3,CG-Adaptive,3,5,5,442,442,0,100.0000
SQLi,customapp,juice,search,Node.js/SQLite,meta-llama/llama-4-maverick,cross_backend,0.3,CG-Adaptive,3,6,7,442,442,0,100.0000
SQLi,customapp,juice,search,Node.js/SQLite,meta-llama/llama-4-maverick,cross_backend,0.3,CG-Adaptive,3,7,5,442,442,0,100.0000
SQLi,customapp,juice,search,Node.js/SQLite,meta-llama/llama-4-maverick,cross_backend,0.3,CG-Adaptive,3,8,6,442,442,0,100.0000
SQLi,customapp,juice,search,Node.js/SQLite,meta-llama/llama-4-maverick,cross_backend,0.3,CG-Adaptive,3,9,5,442,442,0,100.0000
SQLi,customapp,juice,search,Node.js/SQLite,meta-llama/llama-4-maverick,cross_backend,0.3,CG-Adaptive,3,10,6,442,442,0,100.0000
SQLi,customapp,juice,search,Node.js/SQLite,meta-llama/llama-4-maverick,cross_backend,0.3,CG-Adaptive,4,1,7,462,462,0,100.0000
SQLi,customapp,juice,search,Node.js/SQLite,meta-llama/llama-4-maverick,cross_backend,0.3,CG-Adaptive,4,2,5,462,462,0,100.0000
SQLi,customapp,juice,search,Node.js/SQLite,meta-llama/llama-4-maverick,cross_backend,0.3,CG-Adaptive,4,3,5,462,462,0,100.0000
SQLi,customapp,juice,search,Node.js/SQLite,meta-llama/llama-4-maverick,cross_backend,0.3,CG-Adaptive,4,4,6,462,462,0,100.0000
SQLi,customapp,juice,search,Node.js/SQLite,meta-llama/llama-4-maverick,cross_backend,0.3,CG-Adaptive,4,5,5,462,462,0,100.0000
SQLi,customapp,juice,search,Node.js/SQLite,meta-llama/llama-4-maverick,cross_backend,0.3,CG-Adaptive,4,6,7,462,462,0,100.0000
SQLi,customapp,juice,search,Node.js/SQLite,meta-llama/llama-4-maverick,cross_backend,0.3,CG-Adaptive,4,7,5,462,462,0,100.0000
SQLi,customapp,juice,search,Node.js/SQLite,meta-llama/llama-4-maverick,cross_backend,0.3,CG-Adaptive,4,8,6,462,462,0,100.0000
SQLi,customapp,juice,search,Node.js/SQLite,meta-llama/llama-4-maverick,cross_backend,0.3,CG-Adaptive,4,9,5,462,462,0,100.0000
SQLi,customapp,juice,search,Node.js/SQLite,meta-llama/llama-4-maverick,cross_backend,0.3,CG-Adaptive,4,10,6,462,462,0,100.0000
SQLi,customapp,juice,search,Node.js/SQLite,meta-llama/llama-4-maverick,cross_backend,0.3,CG-Adaptive,5,1,7,473,473,0,100.0000
SQLi,customapp,juice,search,Node.js/SQLite,meta-llama/llama-4-maverick,cross_backend,0.3,CG-Adaptive,5,2,5,473,473,0,100.0000
SQLi,customapp,juice,search,Node.js/SQLite,meta-llama/llama-4-maverick,cross_backend,0.3,CG-Adaptive,5,3,5,473,473,0,100.0000
SQLi,customapp,juice,search,Node.js/SQLite,meta-llama/llama-4-maverick,cross_backend,0.3,CG-Adaptive,5,4,6,473,473,0,100.0000
SQLi,customapp,juice,search,Node.js/SQLite,meta-llama/llama-4-maverick,cross_backend,0.3,CG-Adaptive,5,5,5,473,473,0,100.0000
SQLi,customapp,juice,search,Node.js/SQLite,meta-llama/llama-4-maverick,cross_backend,0.3,CG-Adaptive,5,6,7,473,473,0,100.0000
SQLi,customapp,juice,search,Node.js/SQLite,meta-llama/llama-4-maverick,cross_backend,0.3,CG-Adaptive,5,7,5,473,473,0,100.0000
SQLi,customapp,juice,search,Node.js/SQLite,meta-llama/llama-4-maverick,cross_backend,0.3,CG-Adaptive,5,8,6,473,473,0,100.0000
SQLi,customapp,juice,search,Node.js/SQLite,meta-llama/llama-4-maverick,cross_backend,0.3,CG-Adaptive,5,9,5,473,473,0,100.0000
SQLi,customapp,juice,search,Node.js/SQLite,meta-llama/llama-4-maverick,cross_backend,0.3,CG-Adaptive,5,10,6,473,473,0,100.0000
SQLi,customapp,juice,search,Node.js/SQLite,meta-llama/llama-4-maverick,cross_backend,0.3,CG-Static,1,1,5,483,483,0,100.0000
SQLi,customapp,juice,search,Node.js/SQLite,meta-llama/llama-4-maverick,cross_backend,0.3,CG-Static,1,2,6,483,483,0,100.0000
SQLi,customapp,juice,search,Node.js/SQLite,meta-llama/llama-4-maverick,cross_backend,0.3,CG-Static,1,3,4,483,483,0,100.0000
SQLi,customapp,juice,search,Node.js/SQLite,meta-llama/llama-4-maverick,cross_backend,0.3,CG-Static,1,4,5,483,483,0,100.0000
SQLi,customapp,juice,search,Node.js/SQLite,meta-llama/llama-4-maverick,cross_backend,0.3,CG-Static,1,5,5,483,483,0,100.0000
SQLi,customapp,juice,search,Node.js/SQLite,meta-llama/llama-4-maverick,cross_backend,0.3,CG-Static,1,6,5,483,483,0,100.0000
SQLi,customapp,juice,search,Node.js/SQLite,meta-llama/llama-4-maverick,cross_backend,0.3,CG-Static,1,7,6,483,483,0,100.0000
SQLi,customapp,juice,search,Node.js/SQLite,meta-llama/llama-4-maverick,cross_backend,0.3,CG-Static,1,8,4,483,483,0,100.0000
SQLi,customapp,juice,search,Node.js/SQLite,meta-llama/llama-4-maverick,cross_backend,0.3,CG-Static,1,9,5,483,483,0,100.0000
SQLi,customapp,juice,search,Node.js/SQLite,meta-llama/llama-4-maverick,cross_backend,0.3,CG-Static,1,10,5,483,0,483,0.0000
SQLi,customapp,juice,search,Node.js/SQLite,meta-llama/llama-4-maverick,cross_backend,0.3,CG-Static,2,1,5,473,473,0,100.0000
SQLi,customapp,juice,search,Node.js/SQLite,meta-llama/llama-4-maverick,cross_backend,0.3,CG-Static,2,2,6,473,473,0,100.0000
SQLi,customapp,juice,search,Node.js/SQLite,meta-llama/llama-4-maverick,cross_backend,0.3,CG-Static,2,3,4,473,473,0,100.0000
SQLi,customapp,juice,search,Node.js/SQLite,meta-llama/llama-4-maverick,cross_backend,0.3,CG-Static,2,4,5,473,473,0,100.0000
SQLi,customapp,juice,search,Node.js/SQLite,meta-llama/llama-4-maverick,cross_backend,0.3,CG-Static,2,5,5,473,473,0,100.0000
SQLi,customapp,juice,search,Node.js/SQLite,meta-llama/llama-4-maverick,cross_backend,0.3,CG-Static,2,6,5,473,473,0,100.0000
SQLi,customapp,juice,search,Node.js/SQLite,meta-llama/llama-4-maverick,cross_backend,0.3,CG-Static,2,7,6,473,473,0,100.0000
SQLi,customapp,juice,search,Node.js/SQLite,meta-llama/llama-4-maverick,cross_backend,0.3,CG-Static,2,8,4,473,473,0,100.0000
SQLi,customapp,juice,search,Node.js/SQLite,meta-llama/llama-4-maverick,cross_backend,0.3,CG-Static,2,9,5,473,473,0,100.0000
SQLi,customapp,juice,search,Node.js/SQLite,meta-llama/llama-4-maverick,cross_backend,0.3,CG-Static,2,10,5,473,0,473,0.0000
SQLi,customapp,juice,search,Node.js/SQLite,meta-llama/llama-4-maverick,cross_backend,0.3,CG-Static,3,1,5,442,442,0,100.0000
SQLi,customapp,juice,search,Node.js/SQLite,meta-llama/llama-4-maverick,cross_backend,0.3,CG-Static,3,2,6,442,442,0,100.0000
SQLi,customapp,juice,search,Node.js/SQLite,meta-llama/llama-4-maverick,cross_backend,0.3,CG-Static,3,3,4,442,442,0,100.0000
SQLi,customapp,juice,search,Node.js/SQLite,meta-llama/llama-4-maverick,cross_backend,0.3,CG-Static,3,4,5,442,442,0,100.0000
SQLi,customapp,juice,search,Node.js/SQLite,meta-llama/llama-4-maverick,cross_backend,0.3,CG-Static,3,5,5,442,442,0,100.0000
SQLi,customapp,juice,search,Node.js/SQLite,meta-llama/llama-4-maverick,cross_backend,0.3,CG-Static,3,6,5,442,442,0,100.0000
SQLi,customapp,juice,search,Node.js/SQLite,meta-llama/llama-4-maverick,cross_backend,0.3,CG-Static,3,7,6,442,442,0,100.0000
SQLi,customapp,juice,search,Node.js/SQLite,meta-llama/llama-4-maverick,cross_backend,0.3,CG-Static,3,8,4,442,442,0,100.0000
SQLi,customapp,juice,search,Node.js/SQLite,meta-llama/llama-4-maverick,cross_backend,0.3,CG-Static,3,9,5,442,442,0,100.0000
SQLi,customapp,juice,search,Node.js/SQLite,meta-llama/llama-4-maverick,cross_backend,0.3,CG-Static,3,10,5,442,0,442,0.0000
SQLi,customapp,juice,search,Node.js/SQLite,meta-llama/llama-4-maverick,cross_backend,0.3,CG-Static,4,1,5,462,462,0,100.0000
SQLi,customapp,juice,search,Node.js/SQLite,meta-llama/llama-4-maverick,cross_backend,0.3,CG-Static,4,2,6,462,462,0,100.0000
SQLi,customapp,juice,search,Node.js/SQLite,meta-llama/llama-4-maverick,cross_backend,0.3,CG-Static,4,3,4,462,462,0,100.0000
SQLi,customapp,juice,search,Node.js/SQLite,meta-llama/llama-4-maverick,cross_backend,0.3,CG-Static,4,4,5,462,462,0,100.0000
SQLi,customapp,juice,search,Node.js/SQLite,meta-llama/llama-4-maverick,cross_backend,0.3,CG-Static,4,5,5,462,462,0,100.0000
SQLi,customapp,juice,search,Node.js/SQLite,meta-llama/llama-4-maverick,cross_backend,0.3,CG-Static,4,6,5,462,462,0,100.0000
SQLi,customapp,juice,search,Node.js/SQLite,meta-llama/llama-4-maverick,cross_backend,0.3,CG-Static,4,7,6,462,462,0,100.0000
SQLi,customapp,juice,search,Node.js/SQLite,meta-llama/llama-4-maverick,cross_backend,0.3,CG-Static,4,8,4,462,462,0,100.0000
SQLi,customapp,juice,search,Node.js/SQLite,meta-llama/llama-4-maverick,cross_backend,0.3,CG-Static,4,9,5,462,462,0,100.0000
SQLi,customapp,juice,search,Node.js/SQLite,meta-llama/llama-4-maverick,cross_backend,0.3,CG-Static,4,10,5,462,0,462,0.0000
SQLi,customapp,juice,search,Node.js/SQLite,meta-llama/llama-4-maverick,cross_backend,0.3,CG-Static,5,1,5,473,473,0,100.0000
SQLi,customapp,juice,search,Node.js/SQLite,meta-llama/llama-4-maverick,cross_backend,0.3,CG-Static,5,2,6,473,473,0,100.0000
SQLi,customapp,juice,search,Node.js/SQLite,meta-llama/llama-4-maverick,cross_backend,0.3,CG-Static,5,3,4,473,473,0,100.0000
SQLi,customapp,juice,search,Node.js/SQLite,meta-llama/llama-4-maverick,cross_backend,0.3,CG-Static,5,4,5,473,473,0,100.0000
SQLi,customapp,juice,search,Node.js/SQLite,meta-llama/llama-4-maverick,cross_backend,0.3,CG-Static,5,5,5,473,473,0,100.0000
SQLi,customapp,juice,search,Node.js/SQLite,meta-llama/llama-4-maverick,cross_backend,0.3,CG-Static,5,6,5,473,473,0,100.0000
SQLi,customapp,juice,search,Node.js/SQLite,meta-llama/llama-4-maverick,cross_backend,0.3,CG-Static,5,7,6,473,473,0,100.0000
SQLi,customapp,juice,search,Node.js/SQLite,meta-llama/llama-4-maverick,cross_backend,0.3,CG-Static,5,8,4,473,473,0,100.0000
SQLi,customapp,juice,search,Node.js/SQLite,meta-llama/llama-4-maverick,cross_backend,0.3,CG-Static,5,9,5,473,473,0,100.0000
SQLi,customapp,juice,search,Node.js/SQLite,meta-llama/llama-4-maverick,cross_backend,0.3,CG-Static,5,10,5,473,0,473,0.0000
SQLi,customapp,juice,search,Node.js/SQLite,meta-llama/llama-4-maverick,cross_backend,0.3,CRS-only,1,0,0,483,0,483,0.0000
SQLi,customapp,juice,search,Node.js/SQLite,meta-llama/llama-4-maverick,cross_backend,0.3,CRS-only,2,0,0,473,0,473,0.0000
SQLi,customapp,juice,search,Node.js/SQLite,meta-llama/llama-4-maverick,cross_backend,0.3,CRS-only,3,0,0,442,0,442,0.0000
SQLi,customapp,juice,search,Node.js/SQLite,meta-llama/llama-4-maverick,cross_backend,0.3,CRS-only,4,0,0,462,0,462,0.0000
SQLi,customapp,juice,search,Node.js/SQLite,meta-llama/llama-4-maverick,cross_backend,0.3,CRS-only,5,0,0,473,0,473,0.0000
SQLi,customapp,juice,search,Node.js/SQLite,meta-llama/llama-4-maverick,cross_backend,0.4,CG-Adaptive,1,1,5,483,483,0,100.0000
SQLi,customapp,juice,search,Node.js/SQLite,meta-llama/llama-4-maverick,cross_backend,0.4,CG-Adaptive,1,2,4,483,0,483,0.0000
SQLi,customapp,juice,search,Node.js/SQLite,meta-llama/llama-4-maverick,cross_backend,0.4,CG-Adaptive,1,3,6,483,483,0,100.0000
SQLi,customapp,juice,search,Node.js/SQLite,meta-llama/llama-4-maverick,cross_backend,0.4,CG-Adaptive,1,4,5,483,483,0,100.0000
SQLi,customapp,juice,search,Node.js/SQLite,meta-llama/llama-4-maverick,cross_backend,0.4,CG-Adaptive,1,5,6,483,483,0,100.0000
SQLi,customapp,juice,search,Node.js/SQLite,meta-llama/llama-4-maverick,cross_backend,0.4,CG-Adaptive,1,6,5,483,483,0,100.0000
SQLi,customapp,juice,search,Node.js/SQLite,meta-llama/llama-4-maverick,cross_backend,0.4,CG-Adaptive,1,7,5,483,483,0,100.0000
SQLi,customapp,juice,search,Node.js/SQLite,meta-llama/llama-4-maverick,cross_backend,0.4,CG-Adaptive,1,8,5,483,483,0,100.0000
SQLi,customapp,juice,search,Node.js/SQLite,meta-llama/llama-4-maverick,cross_backend,0.4,CG-Adaptive,1,9,4,483,483,0,100.0000
SQLi,customapp,juice,search,Node.js/SQLite,meta-llama/llama-4-maverick,cross_backend,0.4,CG-Adaptive,1,10,5,483,0,483,0.0000
SQLi,customapp,juice,search,Node.js/SQLite,meta-llama/llama-4-maverick,cross_backend,0.4,CG-Adaptive,2,1,5,473,473,0,100.0000
SQLi,customapp,juice,search,Node.js/SQLite,meta-llama/llama-4-maverick,cross_backend,0.4,CG-Adaptive,2,2,4,473,0,473,0.0000
SQLi,customapp,juice,search,Node.js/SQLite,meta-llama/llama-4-maverick,cross_backend,0.4,CG-Adaptive,2,3,6,473,473,0,100.0000
SQLi,customapp,juice,search,Node.js/SQLite,meta-llama/llama-4-maverick,cross_backend,0.4,CG-Adaptive,2,4,5,473,473,0,100.0000
SQLi,customapp,juice,search,Node.js/SQLite,meta-llama/llama-4-maverick,cross_backend,0.4,CG-Adaptive,2,5,6,473,473,0,100.0000
SQLi,customapp,juice,search,Node.js/SQLite,meta-llama/llama-4-maverick,cross_backend,0.4,CG-Adaptive,2,6,5,473,473,0,100.0000
SQLi,customapp,juice,search,Node.js/SQLite,meta-llama/llama-4-maverick,cross_backend,0.4,CG-Adaptive,2,7,5,473,473,0,100.0000
SQLi,customapp,juice,search,Node.js/SQLite,meta-llama/llama-4-maverick,cross_backend,0.4,CG-Adaptive,2,8,5,473,473,0,100.0000
SQLi,customapp,juice,search,Node.js/SQLite,meta-llama/llama-4-maverick,cross_backend,0.4,CG-Adaptive,2,9,4,473,473,0,100.0000
SQLi,customapp,juice,search,Node.js/SQLite,meta-llama/llama-4-maverick,cross_backend,0.4,CG-Adaptive,2,10,5,473,0,473,0.0000
SQLi,customapp,juice,search,Node.js/SQLite,meta-llama/llama-4-maverick,cross_backend,0.4,CG-Adaptive,3,1,5,442,442,0,100.0000
SQLi,customapp,juice,search,Node.js/SQLite,meta-llama/llama-4-maverick,cross_backend,0.4,CG-Adaptive,3,2,4,442,0,442,0.0000
SQLi,customapp,juice,search,Node.js/SQLite,meta-llama/llama-4-maverick,cross_backend,0.4,CG-Adaptive,3,3,6,442,442,0,100.0000
SQLi,customapp,juice,search,Node.js/SQLite,meta-llama/llama-4-maverick,cross_backend,0.4,CG-Adaptive,3,4,5,442,442,0,100.0000
SQLi,customapp,juice,search,Node.js/SQLite,meta-llama/llama-4-maverick,cross_backend,0.4,CG-Adaptive,3,5,6,442,442,0,100.0000
SQLi,customapp,juice,search,Node.js/SQLite,meta-llama/llama-4-maverick,cross_backend,0.4,CG-Adaptive,3,6,5,442,442,0,100.0000
SQLi,customapp,juice,search,Node.js/SQLite,meta-llama/llama-4-maverick,cross_backend,0.4,CG-Adaptive,3,7,5,442,442,0,100.0000
SQLi,customapp,juice,search,Node.js/SQLite,meta-llama/llama-4-maverick,cross_backend,0.4,CG-Adaptive,3,8,5,442,442,0,100.0000
SQLi,customapp,juice,search,Node.js/SQLite,meta-llama/llama-4-maverick,cross_backend,0.4,CG-Adaptive,3,9,4,442,442,0,100.0000
SQLi,customapp,juice,search,Node.js/SQLite,meta-llama/llama-4-maverick,cross_backend,0.4,CG-Adaptive,3,10,5,442,0,442,0.0000
SQLi,customapp,juice,search,Node.js/SQLite,meta-llama/llama-4-maverick,cross_backend,0.4,CG-Adaptive,4,1,5,462,462,0,100.0000
SQLi,customapp,juice,search,Node.js/SQLite,meta-llama/llama-4-maverick,cross_backend,0.4,CG-Adaptive,4,2,4,462,0,462,0.0000
SQLi,customapp,juice,search,Node.js/SQLite,meta-llama/llama-4-maverick,cross_backend,0.4,CG-Adaptive,4,3,6,462,462,0,100.0000
SQLi,customapp,juice,search,Node.js/SQLite,meta-llama/llama-4-maverick,cross_backend,0.4,CG-Adaptive,4,4,5,462,462,0,100.0000
SQLi,customapp,juice,search,Node.js/SQLite,meta-llama/llama-4-maverick,cross_backend,0.4,CG-Adaptive,4,5,6,462,462,0,100.0000
SQLi,customapp,juice,search,Node.js/SQLite,meta-llama/llama-4-maverick,cross_backend,0.4,CG-Adaptive,4,6,5,462,462,0,100.0000
SQLi,customapp,juice,search,Node.js/SQLite,meta-llama/llama-4-maverick,cross_backend,0.4,CG-Adaptive,4,7,5,462,462,0,100.0000
SQLi,customapp,juice,search,Node.js/SQLite,meta-llama/llama-4-maverick,cross_backend,0.4,CG-Adaptive,4,8,5,462,462,0,100.0000
SQLi,customapp,juice,search,Node.js/SQLite,meta-llama/llama-4-maverick,cross_backend,0.4,CG-Adaptive,4,9,4,462,462,0,100.0000
SQLi,customapp,juice,search,Node.js/SQLite,meta-llama/llama-4-maverick,cross_backend,0.4,CG-Adaptive,4,10,5,462,0,462,0.0000
SQLi,customapp,juice,search,Node.js/SQLite,meta-llama/llama-4-maverick,cross_backend,0.4,CG-Adaptive,5,1,5,473,473,0,100.0000
SQLi,customapp,juice,search,Node.js/SQLite,meta-llama/llama-4-maverick,cross_backend,0.4,CG-Adaptive,5,2,4,473,0,473,0.0000
SQLi,customapp,juice,search,Node.js/SQLite,meta-llama/llama-4-maverick,cross_backend,0.4,CG-Adaptive,5,3,6,473,473,0,100.0000
SQLi,customapp,juice,search,Node.js/SQLite,meta-llama/llama-4-maverick,cross_backend,0.4,CG-Adaptive,5,4,5,473,473,0,100.0000
SQLi,customapp,juice,search,Node.js/SQLite,meta-llama/llama-4-maverick,cross_backend,0.4,CG-Adaptive,5,5,6,473,473,0,100.0000
SQLi,customapp,juice,search,Node.js/SQLite,meta-llama/llama-4-maverick,cross_backend,0.4,CG-Adaptive,5,6,5,473,473,0,100.0000
SQLi,customapp,juice,search,Node.js/SQLite,meta-llama/llama-4-maverick,cross_backend,0.4,CG-Adaptive,5,7,5,473,473,0,100.0000
SQLi,customapp,juice,search,Node.js/SQLite,meta-llama/llama-4-maverick,cross_backend,0.4,CG-Adaptive,5,8,5,473,473,0,100.0000
SQLi,customapp,juice,search,Node.js/SQLite,meta-llama/llama-4-maverick,cross_backend,0.4,CG-Adaptive,5,9,4,473,473,0,100.0000
SQLi,customapp,juice,search,Node.js/SQLite,meta-llama/llama-4-maverick,cross_backend,0.4,CG-Adaptive,5,10,5,473,0,473,0.0000
SQLi,customapp,juice,search,Node.js/SQLite,meta-llama/llama-4-maverick,cross_backend,0.4,CG-Static,1,1,4,483,483,0,100.0000
SQLi,customapp,juice,search,Node.js/SQLite,meta-llama/llama-4-maverick,cross_backend,0.4,CG-Static,1,2,7,483,483,0,100.0000
SQLi,customapp,juice,search,Node.js/SQLite,meta-llama/llama-4-maverick,cross_backend,0.4,CG-Static,1,3,4,483,0,483,0.0000
SQLi,customapp,juice,search,Node.js/SQLite,meta-llama/llama-4-maverick,cross_backend,0.4,CG-Static,1,4,5,483,483,0,100.0000
SQLi,customapp,juice,search,Node.js/SQLite,meta-llama/llama-4-maverick,cross_backend,0.4,CG-Static,1,5,6,483,483,0,100.0000
SQLi,customapp,juice,search,Node.js/SQLite,meta-llama/llama-4-maverick,cross_backend,0.4,CG-Static,1,6,4,483,483,0,100.0000
SQLi,customapp,juice,search,Node.js/SQLite,meta-llama/llama-4-maverick,cross_backend,0.4,CG-Static,1,7,4,483,483,0,100.0000
SQLi,customapp,juice,search,Node.js/SQLite,meta-llama/llama-4-maverick,cross_backend,0.4,CG-Static,1,8,5,483,483,0,100.0000
SQLi,customapp,juice,search,Node.js/SQLite,meta-llama/llama-4-maverick,cross_backend,0.4,CG-Static,1,9,5,483,483,0,100.0000
SQLi,customapp,juice,search,Node.js/SQLite,meta-llama/llama-4-maverick,cross_backend,0.4,CG-Static,1,10,7,483,0,483,0.0000
SQLi,customapp,juice,search,Node.js/SQLite,meta-llama/llama-4-maverick,cross_backend,0.4,CG-Static,2,1,4,473,473,0,100.0000
SQLi,customapp,juice,search,Node.js/SQLite,meta-llama/llama-4-maverick,cross_backend,0.4,CG-Static,2,2,7,473,473,0,100.0000
SQLi,customapp,juice,search,Node.js/SQLite,meta-llama/llama-4-maverick,cross_backend,0.4,CG-Static,2,3,4,473,0,473,0.0000
SQLi,customapp,juice,search,Node.js/SQLite,meta-llama/llama-4-maverick,cross_backend,0.4,CG-Static,2,4,5,473,473,0,100.0000
SQLi,customapp,juice,search,Node.js/SQLite,meta-llama/llama-4-maverick,cross_backend,0.4,CG-Static,2,5,6,473,473,0,100.0000
SQLi,customapp,juice,search,Node.js/SQLite,meta-llama/llama-4-maverick,cross_backend,0.4,CG-Static,2,6,4,473,473,0,100.0000
SQLi,customapp,juice,search,Node.js/SQLite,meta-llama/llama-4-maverick,cross_backend,0.4,CG-Static,2,7,4,473,473,0,100.0000
SQLi,customapp,juice,search,Node.js/SQLite,meta-llama/llama-4-maverick,cross_backend,0.4,CG-Static,2,8,5,473,473,0,100.0000
SQLi,customapp,juice,search,Node.js/SQLite,meta-llama/llama-4-maverick,cross_backend,0.4,CG-Static,2,9,5,473,473,0,100.0000
SQLi,customapp,juice,search,Node.js/SQLite,meta-llama/llama-4-maverick,cross_backend,0.4,CG-Static,2,10,7,473,0,473,0.0000
SQLi,customapp,juice,search,Node.js/SQLite,meta-llama/llama-4-maverick,cross_backend,0.4,CG-Static,3,1,4,442,442,0,100.0000
SQLi,customapp,juice,search,Node.js/SQLite,meta-llama/llama-4-maverick,cross_backend,0.4,CG-Static,3,2,7,442,442,0,100.0000
SQLi,customapp,juice,search,Node.js/SQLite,meta-llama/llama-4-maverick,cross_backend,0.4,CG-Static,3,3,4,442,0,442,0.0000
SQLi,customapp,juice,search,Node.js/SQLite,meta-llama/llama-4-maverick,cross_backend,0.4,CG-Static,3,4,5,442,442,0,100.0000
SQLi,customapp,juice,search,Node.js/SQLite,meta-llama/llama-4-maverick,cross_backend,0.4,CG-Static,3,5,6,442,442,0,100.0000
SQLi,customapp,juice,search,Node.js/SQLite,meta-llama/llama-4-maverick,cross_backend,0.4,CG-Static,3,6,4,442,442,0,100.0000
SQLi,customapp,juice,search,Node.js/SQLite,meta-llama/llama-4-maverick,cross_backend,0.4,CG-Static,3,7,4,442,442,0,100.0000
SQLi,customapp,juice,search,Node.js/SQLite,meta-llama/llama-4-maverick,cross_backend,0.4,CG-Static,3,8,5,442,442,0,100.0000
SQLi,customapp,juice,search,Node.js/SQLite,meta-llama/llama-4-maverick,cross_backend,0.4,CG-Static,3,9,5,442,442,0,100.0000
SQLi,customapp,juice,search,Node.js/SQLite,meta-llama/llama-4-maverick,cross_backend,0.4,CG-Static,3,10,7,442,0,442,0.0000
SQLi,customapp,juice,search,Node.js/SQLite,meta-llama/llama-4-maverick,cross_backend,0.4,CG-Static,4,1,4,462,462,0,100.0000
SQLi,customapp,juice,search,Node.js/SQLite,meta-llama/llama-4-maverick,cross_backend,0.4,CG-Static,4,2,7,462,462,0,100.0000
SQLi,customapp,juice,search,Node.js/SQLite,meta-llama/llama-4-maverick,cross_backend,0.4,CG-Static,4,3,4,462,0,462,0.0000
SQLi,customapp,juice,search,Node.js/SQLite,meta-llama/llama-4-maverick,cross_backend,0.4,CG-Static,4,4,5,462,462,0,100.0000
SQLi,customapp,juice,search,Node.js/SQLite,meta-llama/llama-4-maverick,cross_backend,0.4,CG-Static,4,5,6,462,462,0,100.0000
SQLi,customapp,juice,search,Node.js/SQLite,meta-llama/llama-4-maverick,cross_backend,0.4,CG-Static,4,6,4,462,462,0,100.0000
SQLi,customapp,juice,search,Node.js/SQLite,meta-llama/llama-4-maverick,cross_backend,0.4,CG-Static,4,7,4,462,462,0,100.0000
SQLi,customapp,juice,search,Node.js/SQLite,meta-llama/llama-4-maverick,cross_backend,0.4,CG-Static,4,8,5,462,462,0,100.0000
SQLi,customapp,juice,search,Node.js/SQLite,meta-llama/llama-4-maverick,cross_backend,0.4,CG-Static,4,9,5,462,462,0,100.0000
SQLi,customapp,juice,search,Node.js/SQLite,meta-llama/llama-4-maverick,cross_backend,0.4,CG-Static,4,10,7,462,0,462,0.0000
SQLi,customapp,juice,search,Node.js/SQLite,meta-llama/llama-4-maverick,cross_backend,0.4,CG-Static,5,1,4,473,473,0,100.0000
SQLi,customapp,juice,search,Node.js/SQLite,meta-llama/llama-4-maverick,cross_backend,0.4,CG-Static,5,2,7,473,473,0,100.0000
SQLi,customapp,juice,search,Node.js/SQLite,meta-llama/llama-4-maverick,cross_backend,0.4,CG-Static,5,3,4,473,0,473,0.0000
SQLi,customapp,juice,search,Node.js/SQLite,meta-llama/llama-4-maverick,cross_backend,0.4,CG-Static,5,4,5,473,473,0,100.0000
SQLi,customapp,juice,search,Node.js/SQLite,meta-llama/llama-4-maverick,cross_backend,0.4,CG-Static,5,5,6,473,473,0,100.0000
SQLi,customapp,juice,search,Node.js/SQLite,meta-llama/llama-4-maverick,cross_backend,0.4,CG-Static,5,6,4,473,473,0,100.0000
SQLi,customapp,juice,search,Node.js/SQLite,meta-llama/llama-4-maverick,cross_backend,0.4,CG-Static,5,7,4,473,473,0,100.0000
SQLi,customapp,juice,search,Node.js/SQLite,meta-llama/llama-4-maverick,cross_backend,0.4,CG-Static,5,8,5,473,473,0,100.0000
SQLi,customapp,juice,search,Node.js/SQLite,meta-llama/llama-4-maverick,cross_backend,0.4,CG-Static,5,9,5,473,473,0,100.0000
SQLi,customapp,juice,search,Node.js/SQLite,meta-llama/llama-4-maverick,cross_backend,0.4,CG-Static,5,10,7,473,0,473,0.0000
SQLi,customapp,juice,search,Node.js/SQLite,meta-llama/llama-4-maverick,cross_backend,0.4,CRS-only,1,0,0,483,0,483,0.0000
SQLi,customapp,juice,search,Node.js/SQLite,meta-llama/llama-4-maverick,cross_backend,0.4,CRS-only,2,0,0,473,0,473,0.0000
SQLi,customapp,juice,search,Node.js/SQLite,meta-llama/llama-4-maverick,cross_backend,0.4,CRS-only,3,0,0,442,0,442,0.0000
SQLi,customapp,juice,search,Node.js/SQLite,meta-llama/llama-4-maverick,cross_backend,0.4,CRS-only,4,0,0,462,0,462,0.0000
SQLi,customapp,juice,search,Node.js/SQLite,meta-llama/llama-4-maverick,cross_backend,0.4,CRS-only,5,0,0,473,0,473,0.0000
SQLi,customapp,juice,search,Node.js/SQLite,meta-llama/llama-4-maverick,cross_backend,0.5,CG-Adaptive,1,1,7,483,483,0,100.0000
SQLi,customapp,juice,search,Node.js/SQLite,meta-llama/llama-4-maverick,cross_backend,0.5,CG-Adaptive,1,2,5,483,483,0,100.0000
SQLi,customapp,juice,search,Node.js/SQLite,meta-llama/llama-4-maverick,cross_backend,0.5,CG-Adaptive,1,3,4,483,483,0,100.0000
SQLi,customapp,juice,search,Node.js/SQLite,meta-llama/llama-4-maverick,cross_backend,0.5,CG-Adaptive,1,4,5,483,483,0,100.0000
SQLi,customapp,juice,search,Node.js/SQLite,meta-llama/llama-4-maverick,cross_backend,0.5,CG-Adaptive,1,5,5,483,483,0,100.0000
SQLi,customapp,juice,search,Node.js/SQLite,meta-llama/llama-4-maverick,cross_backend,0.5,CG-Adaptive,1,6,5,483,483,0,100.0000
SQLi,customapp,juice,search,Node.js/SQLite,meta-llama/llama-4-maverick,cross_backend,0.5,CG-Adaptive,1,7,9,483,483,0,100.0000
SQLi,customapp,juice,search,Node.js/SQLite,meta-llama/llama-4-maverick,cross_backend,0.5,CG-Adaptive,1,8,6,483,483,0,100.0000
SQLi,customapp,juice,search,Node.js/SQLite,meta-llama/llama-4-maverick,cross_backend,0.5,CG-Adaptive,1,9,4,483,483,0,100.0000
SQLi,customapp,juice,search,Node.js/SQLite,meta-llama/llama-4-maverick,cross_backend,0.5,CG-Adaptive,1,10,9,483,483,0,100.0000
SQLi,customapp,juice,search,Node.js/SQLite,meta-llama/llama-4-maverick,cross_backend,0.5,CG-Adaptive,2,1,7,473,473,0,100.0000
SQLi,customapp,juice,search,Node.js/SQLite,meta-llama/llama-4-maverick,cross_backend,0.5,CG-Adaptive,2,2,5,473,473,0,100.0000
SQLi,customapp,juice,search,Node.js/SQLite,meta-llama/llama-4-maverick,cross_backend,0.5,CG-Adaptive,2,3,4,473,473,0,100.0000
SQLi,customapp,juice,search,Node.js/SQLite,meta-llama/llama-4-maverick,cross_backend,0.5,CG-Adaptive,2,4,5,473,473,0,100.0000
SQLi,customapp,juice,search,Node.js/SQLite,meta-llama/llama-4-maverick,cross_backend,0.5,CG-Adaptive,2,5,5,473,473,0,100.0000
SQLi,customapp,juice,search,Node.js/SQLite,meta-llama/llama-4-maverick,cross_backend,0.5,CG-Adaptive,2,6,5,473,473,0,100.0000
SQLi,customapp,juice,search,Node.js/SQLite,meta-llama/llama-4-maverick,cross_backend,0.5,CG-Adaptive,2,7,9,473,473,0,100.0000
SQLi,customapp,juice,search,Node.js/SQLite,meta-llama/llama-4-maverick,cross_backend,0.5,CG-Adaptive,2,8,6,473,473,0,100.0000
SQLi,customapp,juice,search,Node.js/SQLite,meta-llama/llama-4-maverick,cross_backend,0.5,CG-Adaptive,2,9,4,473,473,0,100.0000
SQLi,customapp,juice,search,Node.js/SQLite,meta-llama/llama-4-maverick,cross_backend,0.5,CG-Adaptive,2,10,9,473,473,0,100.0000
SQLi,customapp,juice,search,Node.js/SQLite,meta-llama/llama-4-maverick,cross_backend,0.5,CG-Adaptive,3,1,7,442,442,0,100.0000
SQLi,customapp,juice,search,Node.js/SQLite,meta-llama/llama-4-maverick,cross_backend,0.5,CG-Adaptive,3,2,5,442,442,0,100.0000
SQLi,customapp,juice,search,Node.js/SQLite,meta-llama/llama-4-maverick,cross_backend,0.5,CG-Adaptive,3,3,4,442,442,0,100.0000
SQLi,customapp,juice,search,Node.js/SQLite,meta-llama/llama-4-maverick,cross_backend,0.5,CG-Adaptive,3,4,5,442,442,0,100.0000
SQLi,customapp,juice,search,Node.js/SQLite,meta-llama/llama-4-maverick,cross_backend,0.5,CG-Adaptive,3,5,5,442,442,0,100.0000
SQLi,customapp,juice,search,Node.js/SQLite,meta-llama/llama-4-maverick,cross_backend,0.5,CG-Adaptive,3,6,5,442,442,0,100.0000
SQLi,customapp,juice,search,Node.js/SQLite,meta-llama/llama-4-maverick,cross_backend,0.5,CG-Adaptive,3,7,9,442,442,0,100.0000
SQLi,customapp,juice,search,Node.js/SQLite,meta-llama/llama-4-maverick,cross_backend,0.5,CG-Adaptive,3,8,6,442,442,0,100.0000
SQLi,customapp,juice,search,Node.js/SQLite,meta-llama/llama-4-maverick,cross_backend,0.5,CG-Adaptive,3,9,4,442,442,0,100.0000
SQLi,customapp,juice,search,Node.js/SQLite,meta-llama/llama-4-maverick,cross_backend,0.5,CG-Adaptive,3,10,9,442,442,0,100.0000
SQLi,customapp,juice,search,Node.js/SQLite,meta-llama/llama-4-maverick,cross_backend,0.5,CG-Adaptive,4,1,7,462,462,0,100.0000
SQLi,customapp,juice,search,Node.js/SQLite,meta-llama/llama-4-maverick,cross_backend,0.5,CG-Adaptive,4,2,5,462,462,0,100.0000
SQLi,customapp,juice,search,Node.js/SQLite,meta-llama/llama-4-maverick,cross_backend,0.5,CG-Adaptive,4,3,4,462,462,0,100.0000
SQLi,customapp,juice,search,Node.js/SQLite,meta-llama/llama-4-maverick,cross_backend,0.5,CG-Adaptive,4,4,5,462,462,0,100.0000
SQLi,customapp,juice,search,Node.js/SQLite,meta-llama/llama-4-maverick,cross_backend,0.5,CG-Adaptive,4,5,5,462,462,0,100.0000
SQLi,customapp,juice,search,Node.js/SQLite,meta-llama/llama-4-maverick,cross_backend,0.5,CG-Adaptive,4,6,5,462,462,0,100.0000
SQLi,customapp,juice,search,Node.js/SQLite,meta-llama/llama-4-maverick,cross_backend,0.5,CG-Adaptive,4,7,9,462,462,0,100.0000
SQLi,customapp,juice,search,Node.js/SQLite,meta-llama/llama-4-maverick,cross_backend,0.5,CG-Adaptive,4,8,6,462,462,0,100.0000
SQLi,customapp,juice,search,Node.js/SQLite,meta-llama/llama-4-maverick,cross_backend,0.5,CG-Adaptive,4,9,4,462,462,0,100.0000
SQLi,customapp,juice,search,Node.js/SQLite,meta-llama/llama-4-maverick,cross_backend,0.5,CG-Adaptive,4,10,9,462,462,0,100.0000
SQLi,customapp,juice,search,Node.js/SQLite,meta-llama/llama-4-maverick,cross_backend,0.5,CG-Adaptive,5,1,7,473,473,0,100.0000
SQLi,customapp,juice,search,Node.js/SQLite,meta-llama/llama-4-maverick,cross_backend,0.5,CG-Adaptive,5,2,5,473,473,0,100.0000
SQLi,customapp,juice,search,Node.js/SQLite,meta-llama/llama-4-maverick,cross_backend,0.5,CG-Adaptive,5,3,4,473,473,0,100.0000
SQLi,customapp,juice,search,Node.js/SQLite,meta-llama/llama-4-maverick,cross_backend,0.5,CG-Adaptive,5,4,5,473,473,0,100.0000
SQLi,customapp,juice,search,Node.js/SQLite,meta-llama/llama-4-maverick,cross_backend,0.5,CG-Adaptive,5,5,5,473,473,0,100.0000
SQLi,customapp,juice,search,Node.js/SQLite,meta-llama/llama-4-maverick,cross_backend,0.5,CG-Adaptive,5,6,5,473,473,0,100.0000
SQLi,customapp,juice,search,Node.js/SQLite,meta-llama/llama-4-maverick,cross_backend,0.5,CG-Adaptive,5,7,9,473,473,0,100.0000
SQLi,customapp,juice,search,Node.js/SQLite,meta-llama/llama-4-maverick,cross_backend,0.5,CG-Adaptive,5,8,6,473,473,0,100.0000
SQLi,customapp,juice,search,Node.js/SQLite,meta-llama/llama-4-maverick,cross_backend,0.5,CG-Adaptive,5,9,4,473,473,0,100.0000
SQLi,customapp,juice,search,Node.js/SQLite,meta-llama/llama-4-maverick,cross_backend,0.5,CG-Adaptive,5,10,9,473,473,0,100.0000
SQLi,customapp,juice,search,Node.js/SQLite,meta-llama/llama-4-maverick,cross_backend,0.5,CG-Static,1,1,5,483,483,0,100.0000
SQLi,customapp,juice,search,Node.js/SQLite,meta-llama/llama-4-maverick,cross_backend,0.5,CG-Static,1,2,4,483,0,483,0.0000
SQLi,customapp,juice,search,Node.js/SQLite,meta-llama/llama-4-maverick,cross_backend,0.5,CG-Static,1,3,4,483,483,0,100.0000
SQLi,customapp,juice,search,Node.js/SQLite,meta-llama/llama-4-maverick,cross_backend,0.5,CG-Static,1,4,5,483,483,0,100.0000
SQLi,customapp,juice,search,Node.js/SQLite,meta-llama/llama-4-maverick,cross_backend,0.5,CG-Static,1,5,6,483,483,0,100.0000
SQLi,customapp,juice,search,Node.js/SQLite,meta-llama/llama-4-maverick,cross_backend,0.5,CG-Static,1,6,4,483,483,0,100.0000
SQLi,customapp,juice,search,Node.js/SQLite,meta-llama/llama-4-maverick,cross_backend,0.5,CG-Static,1,7,6,483,483,0,100.0000
SQLi,customapp,juice,search,Node.js/SQLite,meta-llama/llama-4-maverick,cross_backend,0.5,CG-Static,1,8,7,483,483,0,100.0000
SQLi,customapp,juice,search,Node.js/SQLite,meta-llama/llama-4-maverick,cross_backend,0.5,CG-Static,1,9,5,483,0,483,0.0000
SQLi,customapp,juice,search,Node.js/SQLite,meta-llama/llama-4-maverick,cross_backend,0.5,CG-Static,1,10,4,483,483,0,100.0000
SQLi,customapp,juice,search,Node.js/SQLite,meta-llama/llama-4-maverick,cross_backend,0.5,CG-Static,2,1,5,473,473,0,100.0000
SQLi,customapp,juice,search,Node.js/SQLite,meta-llama/llama-4-maverick,cross_backend,0.5,CG-Static,2,2,4,473,0,473,0.0000
SQLi,customapp,juice,search,Node.js/SQLite,meta-llama/llama-4-maverick,cross_backend,0.5,CG-Static,2,3,4,473,473,0,100.0000
SQLi,customapp,juice,search,Node.js/SQLite,meta-llama/llama-4-maverick,cross_backend,0.5,CG-Static,2,4,5,473,473,0,100.0000
SQLi,customapp,juice,search,Node.js/SQLite,meta-llama/llama-4-maverick,cross_backend,0.5,CG-Static,2,5,6,473,473,0,100.0000
SQLi,customapp,juice,search,Node.js/SQLite,meta-llama/llama-4-maverick,cross_backend,0.5,CG-Static,2,6,4,473,473,0,100.0000
SQLi,customapp,juice,search,Node.js/SQLite,meta-llama/llama-4-maverick,cross_backend,0.5,CG-Static,2,7,6,473,473,0,100.0000
SQLi,customapp,juice,search,Node.js/SQLite,meta-llama/llama-4-maverick,cross_backend,0.5,CG-Static,2,8,7,473,473,0,100.0000
SQLi,customapp,juice,search,Node.js/SQLite,meta-llama/llama-4-maverick,cross_backend,0.5,CG-Static,2,9,5,473,0,473,0.0000
SQLi,customapp,juice,search,Node.js/SQLite,meta-llama/llama-4-maverick,cross_backend,0.5,CG-Static,2,10,4,473,473,0,100.0000
SQLi,customapp,juice,search,Node.js/SQLite,meta-llama/llama-4-maverick,cross_backend,0.5,CG-Static,3,1,5,442,442,0,100.0000
SQLi,customapp,juice,search,Node.js/SQLite,meta-llama/llama-4-maverick,cross_backend,0.5,CG-Static,3,2,4,442,0,442,0.0000
SQLi,customapp,juice,search,Node.js/SQLite,meta-llama/llama-4-maverick,cross_backend,0.5,CG-Static,3,3,4,442,442,0,100.0000
SQLi,customapp,juice,search,Node.js/SQLite,meta-llama/llama-4-maverick,cross_backend,0.5,CG-Static,3,4,5,442,442,0,100.0000
SQLi,customapp,juice,search,Node.js/SQLite,meta-llama/llama-4-maverick,cross_backend,0.5,CG-Static,3,5,6,442,442,0,100.0000
SQLi,customapp,juice,search,Node.js/SQLite,meta-llama/llama-4-maverick,cross_backend,0.5,CG-Static,3,6,4,442,442,0,100.0000
SQLi,customapp,juice,search,Node.js/SQLite,meta-llama/llama-4-maverick,cross_backend,0.5,CG-Static,3,7,6,442,442,0,100.0000
SQLi,customapp,juice,search,Node.js/SQLite,meta-llama/llama-4-maverick,cross_backend,0.5,CG-Static,3,8,7,442,442,0,100.0000
SQLi,customapp,juice,search,Node.js/SQLite,meta-llama/llama-4-maverick,cross_backend,0.5,CG-Static,3,9,5,442,0,442,0.0000
SQLi,customapp,juice,search,Node.js/SQLite,meta-llama/llama-4-maverick,cross_backend,0.5,CG-Static,3,10,4,442,442,0,100.0000
SQLi,customapp,juice,search,Node.js/SQLite,meta-llama/llama-4-maverick,cross_backend,0.5,CG-Static,4,1,5,462,462,0,100.0000
SQLi,customapp,juice,search,Node.js/SQLite,meta-llama/llama-4-maverick,cross_backend,0.5,CG-Static,4,2,4,462,0,462,0.0000
SQLi,customapp,juice,search,Node.js/SQLite,meta-llama/llama-4-maverick,cross_backend,0.5,CG-Static,4,3,4,462,462,0,100.0000
SQLi,customapp,juice,search,Node.js/SQLite,meta-llama/llama-4-maverick,cross_backend,0.5,CG-Static,4,4,5,462,462,0,100.0000
SQLi,customapp,juice,search,Node.js/SQLite,meta-llama/llama-4-maverick,cross_backend,0.5,CG-Static,4,5,6,462,462,0,100.0000
SQLi,customapp,juice,search,Node.js/SQLite,meta-llama/llama-4-maverick,cross_backend,0.5,CG-Static,4,6,4,462,462,0,100.0000
SQLi,customapp,juice,search,Node.js/SQLite,meta-llama/llama-4-maverick,cross_backend,0.5,CG-Static,4,7,6,462,462,0,100.0000
SQLi,customapp,juice,search,Node.js/SQLite,meta-llama/llama-4-maverick,cross_backend,0.5,CG-Static,4,8,7,462,462,0,100.0000
SQLi,customapp,juice,search,Node.js/SQLite,meta-llama/llama-4-maverick,cross_backend,0.5,CG-Static,4,9,5,462,0,462,0.0000
SQLi,customapp,juice,search,Node.js/SQLite,meta-llama/llama-4-maverick,cross_backend,0.5,CG-Static,4,10,4,462,462,0,100.0000
SQLi,customapp,juice,search,Node.js/SQLite,meta-llama/llama-4-maverick,cross_backend,0.5,CG-Static,5,1,5,473,473,0,100.0000
SQLi,customapp,juice,search,Node.js/SQLite,meta-llama/llama-4-maverick,cross_backend,0.5,CG-Static,5,2,4,473,0,473,0.0000
SQLi,customapp,juice,search,Node.js/SQLite,meta-llama/llama-4-maverick,cross_backend,0.5,CG-Static,5,3,4,473,473,0,100.0000
SQLi,customapp,juice,search,Node.js/SQLite,meta-llama/llama-4-maverick,cross_backend,0.5,CG-Static,5,4,5,473,473,0,100.0000
SQLi,customapp,juice,search,Node.js/SQLite,meta-llama/llama-4-maverick,cross_backend,0.5,CG-Static,5,5,6,473,473,0,100.0000
SQLi,customapp,juice,search,Node.js/SQLite,meta-llama/llama-4-maverick,cross_backend,0.5,CG-Static,5,6,4,473,473,0,100.0000
SQLi,customapp,juice,search,Node.js/SQLite,meta-llama/llama-4-maverick,cross_backend,0.5,CG-Static,5,7,6,473,473,0,100.0000
SQLi,customapp,juice,search,Node.js/SQLite,meta-llama/llama-4-maverick,cross_backend,0.5,CG-Static,5,8,7,473,473,0,100.0000
SQLi,customapp,juice,search,Node.js/SQLite,meta-llama/llama-4-maverick,cross_backend,0.5,CG-Static,5,9,5,473,0,473,0.0000
SQLi,customapp,juice,search,Node.js/SQLite,meta-llama/llama-4-maverick,cross_backend,0.5,CG-Static,5,10,4,473,473,0,100.0000
SQLi,customapp,juice,search,Node.js/SQLite,meta-llama/llama-4-maverick,cross_backend,0.5,CRS-only,1,0,0,483,0,483,0.0000
SQLi,customapp,juice,search,Node.js/SQLite,meta-llama/llama-4-maverick,cross_backend,0.5,CRS-only,2,0,0,473,0,473,0.0000
SQLi,customapp,juice,search,Node.js/SQLite,meta-llama/llama-4-maverick,cross_backend,0.5,CRS-only,3,0,0,442,0,442,0.0000
SQLi,customapp,juice,search,Node.js/SQLite,meta-llama/llama-4-maverick,cross_backend,0.5,CRS-only,4,0,0,462,0,462,0.0000
SQLi,customapp,juice,search,Node.js/SQLite,meta-llama/llama-4-maverick,cross_backend,0.5,CRS-only,5,0,0,473,0,473,0.0000
XSS,customxss,bwapp,xss_eval,PHP/MySQL,meta-llama/llama-4-maverick,cross_backend,0.1,CG-Adaptive,1,1,2,228,187,41,82.0175
XSS,customxss,bwapp,xss_eval,PHP/MySQL,meta-llama/llama-4-maverick,cross_backend,0.1,CG-Adaptive,1,2,3,228,187,41,82.0175
XSS,customxss,bwapp,xss_eval,PHP/MySQL,meta-llama/llama-4-maverick,cross_backend,0.1,CG-Adaptive,1,3,3,228,228,0,100.0000
XSS,customxss,bwapp,xss_eval,PHP/MySQL,meta-llama/llama-4-maverick,cross_backend,0.1,CG-Adaptive,1,4,4,228,228,0,100.0000
XSS,customxss,bwapp,xss_eval,PHP/MySQL,meta-llama/llama-4-maverick,cross_backend,0.1,CG-Adaptive,1,5,4,228,187,41,82.0175
XSS,customxss,bwapp,xss_eval,PHP/MySQL,meta-llama/llama-4-maverick,cross_backend,0.1,CG-Adaptive,1,6,3,228,187,41,82.0175
XSS,customxss,bwapp,xss_eval,PHP/MySQL,meta-llama/llama-4-maverick,cross_backend,0.1,CG-Adaptive,1,7,4,228,187,41,82.0175
XSS,customxss,bwapp,xss_eval,PHP/MySQL,meta-llama/llama-4-maverick,cross_backend,0.1,CG-Adaptive,1,8,3,228,227,1,99.5614
XSS,customxss,bwapp,xss_eval,PHP/MySQL,meta-llama/llama-4-maverick,cross_backend,0.1,CG-Adaptive,1,9,6,228,169,59,74.1228
XSS,customxss,bwapp,xss_eval,PHP/MySQL,meta-llama/llama-4-maverick,cross_backend,0.1,CG-Adaptive,1,10,3,228,228,0,100.0000
XSS,customxss,bwapp,xss_eval,PHP/MySQL,meta-llama/llama-4-maverick,cross_backend,0.1,CG-Adaptive,2,1,2,269,269,0,100.0000
XSS,customxss,bwapp,xss_eval,PHP/MySQL,meta-llama/llama-4-maverick,cross_backend,0.1,CG-Adaptive,2,2,3,269,269,0,100.0000
XSS,customxss,bwapp,xss_eval,PHP/MySQL,meta-llama/llama-4-maverick,cross_backend,0.1,CG-Adaptive,2,3,3,269,269,0,100.0000
XSS,customxss,bwapp,xss_eval,PHP/MySQL,meta-llama/llama-4-maverick,cross_backend,0.1,CG-Adaptive,2,4,4,269,269,0,100.0000
XSS,customxss,bwapp,xss_eval,PHP/MySQL,meta-llama/llama-4-maverick,cross_backend,0.1,CG-Adaptive,2,5,4,269,269,0,100.0000
XSS,customxss,bwapp,xss_eval,PHP/MySQL,meta-llama/llama-4-maverick,cross_backend,0.1,CG-Adaptive,2,6,3,269,269,0,100.0000
XSS,customxss,bwapp,xss_eval,PHP/MySQL,meta-llama/llama-4-maverick,cross_backend,0.1,CG-Adaptive,2,7,4,269,269,0,100.0000
XSS,customxss,bwapp,xss_eval,PHP/MySQL,meta-llama/llama-4-maverick,cross_backend,0.1,CG-Adaptive,2,8,3,269,269,0,100.0000
XSS,customxss,bwapp,xss_eval,PHP/MySQL,meta-llama/llama-4-maverick,cross_backend,0.1,CG-Adaptive,2,9,6,269,269,0,100.0000
XSS,customxss,bwapp,xss_eval,PHP/MySQL,meta-llama/llama-4-maverick,cross_backend,0.1,CG-Adaptive,2,10,3,269,269,0,100.0000
XSS,customxss,bwapp,xss_eval,PHP/MySQL,meta-llama/llama-4-maverick,cross_backend,0.1,CG-Adaptive,3,1,2,277,277,0,100.0000
XSS,customxss,bwapp,xss_eval,PHP/MySQL,meta-llama/llama-4-maverick,cross_backend,0.1,CG-Adaptive,3,2,3,277,277,0,100.0000
XSS,customxss,bwapp,xss_eval,PHP/MySQL,meta-llama/llama-4-maverick,cross_backend,0.1,CG-Adaptive,3,3,3,277,277,0,100.0000
XSS,customxss,bwapp,xss_eval,PHP/MySQL,meta-llama/llama-4-maverick,cross_backend,0.1,CG-Adaptive,3,4,4,277,277,0,100.0000
XSS,customxss,bwapp,xss_eval,PHP/MySQL,meta-llama/llama-4-maverick,cross_backend,0.1,CG-Adaptive,3,5,4,277,277,0,100.0000
XSS,customxss,bwapp,xss_eval,PHP/MySQL,meta-llama/llama-4-maverick,cross_backend,0.1,CG-Adaptive,3,6,3,277,277,0,100.0000
XSS,customxss,bwapp,xss_eval,PHP/MySQL,meta-llama/llama-4-maverick,cross_backend,0.1,CG-Adaptive,3,7,4,277,277,0,100.0000
XSS,customxss,bwapp,xss_eval,PHP/MySQL,meta-llama/llama-4-maverick,cross_backend,0.1,CG-Adaptive,3,8,3,277,277,0,100.0000
XSS,customxss,bwapp,xss_eval,PHP/MySQL,meta-llama/llama-4-maverick,cross_backend,0.1,CG-Adaptive,3,9,6,277,277,0,100.0000
XSS,customxss,bwapp,xss_eval,PHP/MySQL,meta-llama/llama-4-maverick,cross_backend,0.1,CG-Adaptive,3,10,3,277,277,0,100.0000
XSS,customxss,bwapp,xss_eval,PHP/MySQL,meta-llama/llama-4-maverick,cross_backend,0.1,CG-Adaptive,4,1,2,275,275,0,100.0000
XSS,customxss,bwapp,xss_eval,PHP/MySQL,meta-llama/llama-4-maverick,cross_backend,0.1,CG-Adaptive,4,2,3,275,275,0,100.0000
XSS,customxss,bwapp,xss_eval,PHP/MySQL,meta-llama/llama-4-maverick,cross_backend,0.1,CG-Adaptive,4,3,3,275,275,0,100.0000
XSS,customxss,bwapp,xss_eval,PHP/MySQL,meta-llama/llama-4-maverick,cross_backend,0.1,CG-Adaptive,4,4,4,275,275,0,100.0000
XSS,customxss,bwapp,xss_eval,PHP/MySQL,meta-llama/llama-4-maverick,cross_backend,0.1,CG-Adaptive,4,5,4,275,275,0,100.0000
XSS,customxss,bwapp,xss_eval,PHP/MySQL,meta-llama/llama-4-maverick,cross_backend,0.1,CG-Adaptive,4,6,3,275,275,0,100.0000
XSS,customxss,bwapp,xss_eval,PHP/MySQL,meta-llama/llama-4-maverick,cross_backend,0.1,CG-Adaptive,4,7,4,275,275,0,100.0000
XSS,customxss,bwapp,xss_eval,PHP/MySQL,meta-llama/llama-4-maverick,cross_backend,0.1,CG-Adaptive,4,8,3,275,275,0,100.0000
XSS,customxss,bwapp,xss_eval,PHP/MySQL,meta-llama/llama-4-maverick,cross_backend,0.1,CG-Adaptive,4,9,6,275,275,0,100.0000
XSS,customxss,bwapp,xss_eval,PHP/MySQL,meta-llama/llama-4-maverick,cross_backend,0.1,CG-Adaptive,4,10,3,275,275,0,100.0000
XSS,customxss,bwapp,xss_eval,PHP/MySQL,meta-llama/llama-4-maverick,cross_backend,0.1,CG-Adaptive,5,1,2,261,258,3,98.8506
XSS,customxss,bwapp,xss_eval,PHP/MySQL,meta-llama/llama-4-maverick,cross_backend,0.1,CG-Adaptive,5,2,3,261,258,3,98.8506
XSS,customxss,bwapp,xss_eval,PHP/MySQL,meta-llama/llama-4-maverick,cross_backend,0.1,CG-Adaptive,5,3,3,261,261,0,100.0000
XSS,customxss,bwapp,xss_eval,PHP/MySQL,meta-llama/llama-4-maverick,cross_backend,0.1,CG-Adaptive,5,4,4,261,261,0,100.0000
XSS,customxss,bwapp,xss_eval,PHP/MySQL,meta-llama/llama-4-maverick,cross_backend,0.1,CG-Adaptive,5,5,4,261,258,3,98.8506
XSS,customxss,bwapp,xss_eval,PHP/MySQL,meta-llama/llama-4-maverick,cross_backend,0.1,CG-Adaptive,5,6,3,261,258,3,98.8506
XSS,customxss,bwapp,xss_eval,PHP/MySQL,meta-llama/llama-4-maverick,cross_backend,0.1,CG-Adaptive,5,7,4,261,258,3,98.8506
XSS,customxss,bwapp,xss_eval,PHP/MySQL,meta-llama/llama-4-maverick,cross_backend,0.1,CG-Adaptive,5,8,3,261,261,0,100.0000
XSS,customxss,bwapp,xss_eval,PHP/MySQL,meta-llama/llama-4-maverick,cross_backend,0.1,CG-Adaptive,5,9,6,261,222,39,85.0575
XSS,customxss,bwapp,xss_eval,PHP/MySQL,meta-llama/llama-4-maverick,cross_backend,0.1,CG-Adaptive,5,10,3,261,261,0,100.0000
XSS,customxss,bwapp,xss_eval,PHP/MySQL,meta-llama/llama-4-maverick,cross_backend,0.1,CG-Static,1,1,5,228,228,0,100.0000
XSS,customxss,bwapp,xss_eval,PHP/MySQL,meta-llama/llama-4-maverick,cross_backend,0.1,CG-Static,1,2,4,228,187,41,82.0175
XSS,customxss,bwapp,xss_eval,PHP/MySQL,meta-llama/llama-4-maverick,cross_backend,0.1,CG-Static,1,3,3,228,228,0,100.0000
XSS,customxss,bwapp,xss_eval,PHP/MySQL,meta-llama/llama-4-maverick,cross_backend,0.1,CG-Static,1,4,3,228,187,41,82.0175
XSS,customxss,bwapp,xss_eval,PHP/MySQL,meta-llama/llama-4-maverick,cross_backend,0.1,CG-Static,1,5,3,228,228,0,100.0000
XSS,customxss,bwapp,xss_eval,PHP/MySQL,meta-llama/llama-4-maverick,cross_backend,0.1,CG-Static,1,6,4,228,187,41,82.0175
XSS,customxss,bwapp,xss_eval,PHP/MySQL,meta-llama/llama-4-maverick,cross_backend,0.1,CG-Static,1,7,2,228,187,41,82.0175
XSS,customxss,bwapp,xss_eval,PHP/MySQL,meta-llama/llama-4-maverick,cross_backend,0.1,CG-Static,1,8,6,228,228,0,100.0000
XSS,customxss,bwapp,xss_eval,PHP/MySQL,meta-llama/llama-4-maverick,cross_backend,0.1,CG-Static,1,9,2,228,187,41,82.0175
XSS,customxss,bwapp,xss_eval,PHP/MySQL,meta-llama/llama-4-maverick,cross_backend,0.1,CG-Static,1,10,4,228,228,0,100.0000
XSS,customxss,bwapp,xss_eval,PHP/MySQL,meta-llama/llama-4-maverick,cross_backend,0.1,CG-Static,2,1,5,269,269,0,100.0000
XSS,customxss,bwapp,xss_eval,PHP/MySQL,meta-llama/llama-4-maverick,cross_backend,0.1,CG-Static,2,2,4,269,269,0,100.0000
XSS,customxss,bwapp,xss_eval,PHP/MySQL,meta-llama/llama-4-maverick,cross_backend,0.1,CG-Static,2,3,3,269,269,0,100.0000
XSS,customxss,bwapp,xss_eval,PHP/MySQL,meta-llama/llama-4-maverick,cross_backend,0.1,CG-Static,2,4,3,269,269,0,100.0000
XSS,customxss,bwapp,xss_eval,PHP/MySQL,meta-llama/llama-4-maverick,cross_backend,0.1,CG-Static,2,5,3,269,269,0,100.0000
XSS,customxss,bwapp,xss_eval,PHP/MySQL,meta-llama/llama-4-maverick,cross_backend,0.1,CG-Static,2,6,4,269,269,0,100.0000
XSS,customxss,bwapp,xss_eval,PHP/MySQL,meta-llama/llama-4-maverick,cross_backend,0.1,CG-Static,2,7,2,269,269,0,100.0000
XSS,customxss,bwapp,xss_eval,PHP/MySQL,meta-llama/llama-4-maverick,cross_backend,0.1,CG-Static,2,8,6,269,269,0,100.0000
XSS,customxss,bwapp,xss_eval,PHP/MySQL,meta-llama/llama-4-maverick,cross_backend,0.1,CG-Static,2,9,2,269,269,0,100.0000
XSS,customxss,bwapp,xss_eval,PHP/MySQL,meta-llama/llama-4-maverick,cross_backend,0.1,CG-Static,2,10,4,269,269,0,100.0000
XSS,customxss,bwapp,xss_eval,PHP/MySQL,meta-llama/llama-4-maverick,cross_backend,0.1,CG-Static,3,1,5,277,277,0,100.0000
XSS,customxss,bwapp,xss_eval,PHP/MySQL,meta-llama/llama-4-maverick,cross_backend,0.1,CG-Static,3,2,4,277,277,0,100.0000
XSS,customxss,bwapp,xss_eval,PHP/MySQL,meta-llama/llama-4-maverick,cross_backend,0.1,CG-Static,3,3,3,277,277,0,100.0000
XSS,customxss,bwapp,xss_eval,PHP/MySQL,meta-llama/llama-4-maverick,cross_backend,0.1,CG-Static,3,4,3,277,277,0,100.0000
XSS,customxss,bwapp,xss_eval,PHP/MySQL,meta-llama/llama-4-maverick,cross_backend,0.1,CG-Static,3,5,3,277,277,0,100.0000
XSS,customxss,bwapp,xss_eval,PHP/MySQL,meta-llama/llama-4-maverick,cross_backend,0.1,CG-Static,3,6,4,277,277,0,100.0000
XSS,customxss,bwapp,xss_eval,PHP/MySQL,meta-llama/llama-4-maverick,cross_backend,0.1,CG-Static,3,7,2,277,277,0,100.0000
XSS,customxss,bwapp,xss_eval,PHP/MySQL,meta-llama/llama-4-maverick,cross_backend,0.1,CG-Static,3,8,6,277,277,0,100.0000
XSS,customxss,bwapp,xss_eval,PHP/MySQL,meta-llama/llama-4-maverick,cross_backend,0.1,CG-Static,3,9,2,277,277,0,100.0000
XSS,customxss,bwapp,xss_eval,PHP/MySQL,meta-llama/llama-4-maverick,cross_backend,0.1,CG-Static,3,10,4,277,277,0,100.0000
XSS,customxss,bwapp,xss_eval,PHP/MySQL,meta-llama/llama-4-maverick,cross_backend,0.1,CG-Static,4,1,5,275,275,0,100.0000
XSS,customxss,bwapp,xss_eval,PHP/MySQL,meta-llama/llama-4-maverick,cross_backend,0.1,CG-Static,4,2,4,275,275,0,100.0000
XSS,customxss,bwapp,xss_eval,PHP/MySQL,meta-llama/llama-4-maverick,cross_backend,0.1,CG-Static,4,3,3,275,275,0,100.0000
XSS,customxss,bwapp,xss_eval,PHP/MySQL,meta-llama/llama-4-maverick,cross_backend,0.1,CG-Static,4,4,3,275,275,0,100.0000
XSS,customxss,bwapp,xss_eval,PHP/MySQL,meta-llama/llama-4-maverick,cross_backend,0.1,CG-Static,4,5,3,275,275,0,100.0000
XSS,customxss,bwapp,xss_eval,PHP/MySQL,meta-llama/llama-4-maverick,cross_backend,0.1,CG-Static,4,6,4,275,275,0,100.0000
XSS,customxss,bwapp,xss_eval,PHP/MySQL,meta-llama/llama-4-maverick,cross_backend,0.1,CG-Static,4,7,2,275,275,0,100.0000
XSS,customxss,bwapp,xss_eval,PHP/MySQL,meta-llama/llama-4-maverick,cross_backend,0.1,CG-Static,4,8,6,275,275,0,100.0000
XSS,customxss,bwapp,xss_eval,PHP/MySQL,meta-llama/llama-4-maverick,cross_backend,0.1,CG-Static,4,9,2,275,275,0,100.0000
XSS,customxss,bwapp,xss_eval,PHP/MySQL,meta-llama/llama-4-maverick,cross_backend,0.1,CG-Static,4,10,4,275,275,0,100.0000
XSS,customxss,bwapp,xss_eval,PHP/MySQL,meta-llama/llama-4-maverick,cross_backend,0.1,CG-Static,5,1,5,261,261,0,100.0000
XSS,customxss,bwapp,xss_eval,PHP/MySQL,meta-llama/llama-4-maverick,cross_backend,0.1,CG-Static,5,2,4,261,258,3,98.8506
XSS,customxss,bwapp,xss_eval,PHP/MySQL,meta-llama/llama-4-maverick,cross_backend,0.1,CG-Static,5,3,3,261,261,0,100.0000
XSS,customxss,bwapp,xss_eval,PHP/MySQL,meta-llama/llama-4-maverick,cross_backend,0.1,CG-Static,5,4,3,261,258,3,98.8506
XSS,customxss,bwapp,xss_eval,PHP/MySQL,meta-llama/llama-4-maverick,cross_backend,0.1,CG-Static,5,5,3,261,261,0,100.0000
XSS,customxss,bwapp,xss_eval,PHP/MySQL,meta-llama/llama-4-maverick,cross_backend,0.1,CG-Static,5,6,4,261,258,3,98.8506
XSS,customxss,bwapp,xss_eval,PHP/MySQL,meta-llama/llama-4-maverick,cross_backend,0.1,CG-Static,5,7,2,261,258,3,98.8506
XSS,customxss,bwapp,xss_eval,PHP/MySQL,meta-llama/llama-4-maverick,cross_backend,0.1,CG-Static,5,8,6,261,261,0,100.0000
XSS,customxss,bwapp,xss_eval,PHP/MySQL,meta-llama/llama-4-maverick,cross_backend,0.1,CG-Static,5,9,2,261,258,3,98.8506
XSS,customxss,bwapp,xss_eval,PHP/MySQL,meta-llama/llama-4-maverick,cross_backend,0.1,CG-Static,5,10,4,261,261,0,100.0000
XSS,customxss,bwapp,xss_eval,PHP/MySQL,meta-llama/llama-4-maverick,cross_backend,0.1,CRS-only,1,0,0,228,0,228,0.0000
XSS,customxss,bwapp,xss_eval,PHP/MySQL,meta-llama/llama-4-maverick,cross_backend,0.1,CRS-only,2,0,0,269,0,269,0.0000
XSS,customxss,bwapp,xss_eval,PHP/MySQL,meta-llama/llama-4-maverick,cross_backend,0.1,CRS-only,3,0,0,277,0,277,0.0000
XSS,customxss,bwapp,xss_eval,PHP/MySQL,meta-llama/llama-4-maverick,cross_backend,0.1,CRS-only,4,0,0,275,0,275,0.0000
XSS,customxss,bwapp,xss_eval,PHP/MySQL,meta-llama/llama-4-maverick,cross_backend,0.1,CRS-only,5,0,0,261,0,261,0.0000
XSS,customxss,bwapp,xss_eval,PHP/MySQL,meta-llama/llama-4-maverick,cross_backend,0.2,CG-Adaptive,1,1,3,228,187,41,82.0175
XSS,customxss,bwapp,xss_eval,PHP/MySQL,meta-llama/llama-4-maverick,cross_backend,0.2,CG-Adaptive,1,2,3,228,187,41,82.0175
XSS,customxss,bwapp,xss_eval,PHP/MySQL,meta-llama/llama-4-maverick,cross_backend,0.2,CG-Adaptive,1,3,4,228,228,0,100.0000
XSS,customxss,bwapp,xss_eval,PHP/MySQL,meta-llama/llama-4-maverick,cross_backend,0.2,CG-Adaptive,1,4,2,228,228,0,100.0000
XSS,customxss,bwapp,xss_eval,PHP/MySQL,meta-llama/llama-4-maverick,cross_backend,0.2,CG-Adaptive,1,5,4,228,166,62,72.8070
XSS,customxss,bwapp,xss_eval,PHP/MySQL,meta-llama/llama-4-maverick,cross_backend,0.2,CG-Adaptive,1,6,5,228,228,0,100.0000
XSS,customxss,bwapp,xss_eval,PHP/MySQL,meta-llama/llama-4-maverick,cross_backend,0.2,CG-Adaptive,1,7,2,228,187,41,82.0175
XSS,customxss,bwapp,xss_eval,PHP/MySQL,meta-llama/llama-4-maverick,cross_backend,0.2,CG-Adaptive,1,8,3,228,228,0,100.0000
XSS,customxss,bwapp,xss_eval,PHP/MySQL,meta-llama/llama-4-maverick,cross_backend,0.2,CG-Adaptive,1,9,4,228,228,0,100.0000
XSS,customxss,bwapp,xss_eval,PHP/MySQL,meta-llama/llama-4-maverick,cross_backend,0.2,CG-Adaptive,1,10,4,228,166,62,72.8070
XSS,customxss,bwapp,xss_eval,PHP/MySQL,meta-llama/llama-4-maverick,cross_backend,0.2,CG-Adaptive,2,1,3,269,269,0,100.0000
XSS,customxss,bwapp,xss_eval,PHP/MySQL,meta-llama/llama-4-maverick,cross_backend,0.2,CG-Adaptive,2,2,3,269,269,0,100.0000
XSS,customxss,bwapp,xss_eval,PHP/MySQL,meta-llama/llama-4-maverick,cross_backend,0.2,CG-Adaptive,2,3,4,269,269,0,100.0000
XSS,customxss,bwapp,xss_eval,PHP/MySQL,meta-llama/llama-4-maverick,cross_backend,0.2,CG-Adaptive,2,4,2,269,269,0,100.0000
XSS,customxss,bwapp,xss_eval,PHP/MySQL,meta-llama/llama-4-maverick,cross_backend,0.2,CG-Adaptive,2,5,4,269,267,2,99.2565
XSS,customxss,bwapp,xss_eval,PHP/MySQL,meta-llama/llama-4-maverick,cross_backend,0.2,CG-Adaptive,2,6,5,269,269,0,100.0000
XSS,customxss,bwapp,xss_eval,PHP/MySQL,meta-llama/llama-4-maverick,cross_backend,0.2,CG-Adaptive,2,7,2,269,269,0,100.0000
XSS,customxss,bwapp,xss_eval,PHP/MySQL,meta-llama/llama-4-maverick,cross_backend,0.2,CG-Adaptive,2,8,3,269,269,0,100.0000
XSS,customxss,bwapp,xss_eval,PHP/MySQL,meta-llama/llama-4-maverick,cross_backend,0.2,CG-Adaptive,2,9,4,269,269,0,100.0000
XSS,customxss,bwapp,xss_eval,PHP/MySQL,meta-llama/llama-4-maverick,cross_backend,0.2,CG-Adaptive,2,10,4,269,267,2,99.2565
XSS,customxss,bwapp,xss_eval,PHP/MySQL,meta-llama/llama-4-maverick,cross_backend,0.2,CG-Adaptive,3,1,3,277,277,0,100.0000
XSS,customxss,bwapp,xss_eval,PHP/MySQL,meta-llama/llama-4-maverick,cross_backend,0.2,CG-Adaptive,3,2,3,277,277,0,100.0000
XSS,customxss,bwapp,xss_eval,PHP/MySQL,meta-llama/llama-4-maverick,cross_backend,0.2,CG-Adaptive,3,3,4,277,277,0,100.0000
XSS,customxss,bwapp,xss_eval,PHP/MySQL,meta-llama/llama-4-maverick,cross_backend,0.2,CG-Adaptive,3,4,2,277,277,0,100.0000
XSS,customxss,bwapp,xss_eval,PHP/MySQL,meta-llama/llama-4-maverick,cross_backend,0.2,CG-Adaptive,3,5,4,277,277,0,100.0000
XSS,customxss,bwapp,xss_eval,PHP/MySQL,meta-llama/llama-4-maverick,cross_backend,0.2,CG-Adaptive,3,6,5,277,277,0,100.0000
XSS,customxss,bwapp,xss_eval,PHP/MySQL,meta-llama/llama-4-maverick,cross_backend,0.2,CG-Adaptive,3,7,2,277,277,0,100.0000
XSS,customxss,bwapp,xss_eval,PHP/MySQL,meta-llama/llama-4-maverick,cross_backend,0.2,CG-Adaptive,3,8,3,277,277,0,100.0000
XSS,customxss,bwapp,xss_eval,PHP/MySQL,meta-llama/llama-4-maverick,cross_backend,0.2,CG-Adaptive,3,9,4,277,277,0,100.0000
XSS,customxss,bwapp,xss_eval,PHP/MySQL,meta-llama/llama-4-maverick,cross_backend,0.2,CG-Adaptive,3,10,4,277,277,0,100.0000
XSS,customxss,bwapp,xss_eval,PHP/MySQL,meta-llama/llama-4-maverick,cross_backend,0.2,CG-Adaptive,4,1,3,275,275,0,100.0000
XSS,customxss,bwapp,xss_eval,PHP/MySQL,meta-llama/llama-4-maverick,cross_backend,0.2,CG-Adaptive,4,2,3,275,275,0,100.0000
XSS,customxss,bwapp,xss_eval,PHP/MySQL,meta-llama/llama-4-maverick,cross_backend,0.2,CG-Adaptive,4,3,4,275,275,0,100.0000
XSS,customxss,bwapp,xss_eval,PHP/MySQL,meta-llama/llama-4-maverick,cross_backend,0.2,CG-Adaptive,4,4,2,275,275,0,100.0000
XSS,customxss,bwapp,xss_eval,PHP/MySQL,meta-llama/llama-4-maverick,cross_backend,0.2,CG-Adaptive,4,5,4,275,275,0,100.0000
XSS,customxss,bwapp,xss_eval,PHP/MySQL,meta-llama/llama-4-maverick,cross_backend,0.2,CG-Adaptive,4,6,5,275,275,0,100.0000
XSS,customxss,bwapp,xss_eval,PHP/MySQL,meta-llama/llama-4-maverick,cross_backend,0.2,CG-Adaptive,4,7,2,275,275,0,100.0000
XSS,customxss,bwapp,xss_eval,PHP/MySQL,meta-llama/llama-4-maverick,cross_backend,0.2,CG-Adaptive,4,8,3,275,275,0,100.0000
XSS,customxss,bwapp,xss_eval,PHP/MySQL,meta-llama/llama-4-maverick,cross_backend,0.2,CG-Adaptive,4,9,4,275,275,0,100.0000
XSS,customxss,bwapp,xss_eval,PHP/MySQL,meta-llama/llama-4-maverick,cross_backend,0.2,CG-Adaptive,4,10,4,275,275,0,100.0000
XSS,customxss,bwapp,xss_eval,PHP/MySQL,meta-llama/llama-4-maverick,cross_backend,0.2,CG-Adaptive,5,1,3,261,258,3,98.8506
XSS,customxss,bwapp,xss_eval,PHP/MySQL,meta-llama/llama-4-maverick,cross_backend,0.2,CG-Adaptive,5,2,3,261,258,3,98.8506
XSS,customxss,bwapp,xss_eval,PHP/MySQL,meta-llama/llama-4-maverick,cross_backend,0.2,CG-Adaptive,5,3,4,261,261,0,100.0000
XSS,customxss,bwapp,xss_eval,PHP/MySQL,meta-llama/llama-4-maverick,cross_backend,0.2,CG-Adaptive,5,4,2,261,261,0,100.0000
XSS,customxss,bwapp,xss_eval,PHP/MySQL,meta-llama/llama-4-maverick,cross_backend,0.2,CG-Adaptive,5,5,4,261,222,39,85.0575
XSS,customxss,bwapp,xss_eval,PHP/MySQL,meta-llama/llama-4-maverick,cross_backend,0.2,CG-Adaptive,5,6,5,261,261,0,100.0000
XSS,customxss,bwapp,xss_eval,PHP/MySQL,meta-llama/llama-4-maverick,cross_backend,0.2,CG-Adaptive,5,7,2,261,258,3,98.8506
XSS,customxss,bwapp,xss_eval,PHP/MySQL,meta-llama/llama-4-maverick,cross_backend,0.2,CG-Adaptive,5,8,3,261,261,0,100.0000
XSS,customxss,bwapp,xss_eval,PHP/MySQL,meta-llama/llama-4-maverick,cross_backend,0.2,CG-Adaptive,5,9,4,261,261,0,100.0000
XSS,customxss,bwapp,xss_eval,PHP/MySQL,meta-llama/llama-4-maverick,cross_backend,0.2,CG-Adaptive,5,10,4,261,222,39,85.0575
XSS,customxss,bwapp,xss_eval,PHP/MySQL,meta-llama/llama-4-maverick,cross_backend,0.2,CG-Static,1,1,5,228,228,0,100.0000
XSS,customxss,bwapp,xss_eval,PHP/MySQL,meta-llama/llama-4-maverick,cross_backend,0.2,CG-Static,1,2,7,228,187,41,82.0175
XSS,customxss,bwapp,xss_eval,PHP/MySQL,meta-llama/llama-4-maverick,cross_backend,0.2,CG-Static,1,3,3,228,187,41,82.0175
XSS,customxss,bwapp,xss_eval,PHP/MySQL,meta-llama/llama-4-maverick,cross_backend,0.2,CG-Static,1,4,11,228,187,41,82.0175
XSS,customxss,bwapp,xss_eval,PHP/MySQL,meta-llama/llama-4-maverick,cross_backend,0.2,CG-Static,1,5,4,228,228,0,100.0000
XSS,customxss,bwapp,xss_eval,PHP/MySQL,meta-llama/llama-4-maverick,cross_backend,0.2,CG-Static,1,6,7,228,228,0,100.0000
XSS,customxss,bwapp,xss_eval,PHP/MySQL,meta-llama/llama-4-maverick,cross_backend,0.2,CG-Static,1,7,4,228,228,0,100.0000
XSS,customxss,bwapp,xss_eval,PHP/MySQL,meta-llama/llama-4-maverick,cross_backend,0.2,CG-Static,1,8,4,228,228,0,100.0000
XSS,customxss,bwapp,xss_eval,PHP/MySQL,meta-llama/llama-4-maverick,cross_backend,0.2,CG-Static,1,9,2,228,228,0,100.0000
XSS,customxss,bwapp,xss_eval,PHP/MySQL,meta-llama/llama-4-maverick,cross_backend,0.2,CG-Static,1,10,4,228,187,41,82.0175
XSS,customxss,bwapp,xss_eval,PHP/MySQL,meta-llama/llama-4-maverick,cross_backend,0.2,CG-Static,2,1,5,269,269,0,100.0000
XSS,customxss,bwapp,xss_eval,PHP/MySQL,meta-llama/llama-4-maverick,cross_backend,0.2,CG-Static,2,2,7,269,267,2,99.2565
XSS,customxss,bwapp,xss_eval,PHP/MySQL,meta-llama/llama-4-maverick,cross_backend,0.2,CG-Static,2,3,3,269,269,0,100.0000
XSS,customxss,bwapp,xss_eval,PHP/MySQL,meta-llama/llama-4-maverick,cross_backend,0.2,CG-Static,2,4,11,269,269,0,100.0000
XSS,customxss,bwapp,xss_eval,PHP/MySQL,meta-llama/llama-4-maverick,cross_backend,0.2,CG-Static,2,5,4,269,269,0,100.0000
XSS,customxss,bwapp,xss_eval,PHP/MySQL,meta-llama/llama-4-maverick,cross_backend,0.2,CG-Static,2,6,7,269,269,0,100.0000
XSS,customxss,bwapp,xss_eval,PHP/MySQL,meta-llama/llama-4-maverick,cross_backend,0.2,CG-Static,2,7,4,269,269,0,100.0000
XSS,customxss,bwapp,xss_eval,PHP/MySQL,meta-llama/llama-4-maverick,cross_backend,0.2,CG-Static,2,8,4,269,269,0,100.0000
XSS,customxss,bwapp,xss_eval,PHP/MySQL,meta-llama/llama-4-maverick,cross_backend,0.2,CG-Static,2,9,2,269,269,0,100.0000
XSS,customxss,bwapp,xss_eval,PHP/MySQL,meta-llama/llama-4-maverick,cross_backend,0.2,CG-Static,2,10,4,269,269,0,100.0000
XSS,customxss,bwapp,xss_eval,PHP/MySQL,meta-llama/llama-4-maverick,cross_backend,0.2,CG-Static,3,1,5,277,277,0,100.0000
XSS,customxss,bwapp,xss_eval,PHP/MySQL,meta-llama/llama-4-maverick,cross_backend,0.2,CG-Static,3,2,7,277,277,0,100.0000
XSS,customxss,bwapp,xss_eval,PHP/MySQL,meta-llama/llama-4-maverick,cross_backend,0.2,CG-Static,3,3,3,277,277,0,100.0000
XSS,customxss,bwapp,xss_eval,PHP/MySQL,meta-llama/llama-4-maverick,cross_backend,0.2,CG-Static,3,4,11,277,277,0,100.0000
XSS,customxss,bwapp,xss_eval,PHP/MySQL,meta-llama/llama-4-maverick,cross_backend,0.2,CG-Static,3,5,4,277,277,0,100.0000
XSS,customxss,bwapp,xss_eval,PHP/MySQL,meta-llama/llama-4-maverick,cross_backend,0.2,CG-Static,3,6,7,277,277,0,100.0000
XSS,customxss,bwapp,xss_eval,PHP/MySQL,meta-llama/llama-4-maverick,cross_backend,0.2,CG-Static,3,7,4,277,277,0,100.0000
XSS,customxss,bwapp,xss_eval,PHP/MySQL,meta-llama/llama-4-maverick,cross_backend,0.2,CG-Static,3,8,4,277,277,0,100.0000
XSS,customxss,bwapp,xss_eval,PHP/MySQL,meta-llama/llama-4-maverick,cross_backend,0.2,CG-Static,3,9,2,277,277,0,100.0000
XSS,customxss,bwapp,xss_eval,PHP/MySQL,meta-llama/llama-4-maverick,cross_backend,0.2,CG-Static,3,10,4,277,277,0,100.0000
XSS,customxss,bwapp,xss_eval,PHP/MySQL,meta-llama/llama-4-maverick,cross_backend,0.2,CG-Static,4,1,5,275,275,0,100.0000
XSS,customxss,bwapp,xss_eval,PHP/MySQL,meta-llama/llama-4-maverick,cross_backend,0.2,CG-Static,4,2,7,275,275,0,100.0000
XSS,customxss,bwapp,xss_eval,PHP/MySQL,meta-llama/llama-4-maverick,cross_backend,0.2,CG-Static,4,3,3,275,275,0,100.0000
XSS,customxss,bwapp,xss_eval,PHP/MySQL,meta-llama/llama-4-maverick,cross_backend,0.2,CG-Static,4,4,11,275,275,0,100.0000
XSS,customxss,bwapp,xss_eval,PHP/MySQL,meta-llama/llama-4-maverick,cross_backend,0.2,CG-Static,4,5,4,275,275,0,100.0000
XSS,customxss,bwapp,xss_eval,PHP/MySQL,meta-llama/llama-4-maverick,cross_backend,0.2,CG-Static,4,6,7,275,275,0,100.0000
XSS,customxss,bwapp,xss_eval,PHP/MySQL,meta-llama/llama-4-maverick,cross_backend,0.2,CG-Static,4,7,4,275,275,0,100.0000
XSS,customxss,bwapp,xss_eval,PHP/MySQL,meta-llama/llama-4-maverick,cross_backend,0.2,CG-Static,4,8,4,275,275,0,100.0000
XSS,customxss,bwapp,xss_eval,PHP/MySQL,meta-llama/llama-4-maverick,cross_backend,0.2,CG-Static,4,9,2,275,275,0,100.0000
XSS,customxss,bwapp,xss_eval,PHP/MySQL,meta-llama/llama-4-maverick,cross_backend,0.2,CG-Static,4,10,4,275,275,0,100.0000
XSS,customxss,bwapp,xss_eval,PHP/MySQL,meta-llama/llama-4-maverick,cross_backend,0.2,CG-Static,5,1,5,261,261,0,100.0000
XSS,customxss,bwapp,xss_eval,PHP/MySQL,meta-llama/llama-4-maverick,cross_backend,0.2,CG-Static,5,2,7,261,258,3,98.8506
XSS,customxss,bwapp,xss_eval,PHP/MySQL,meta-llama/llama-4-maverick,cross_backend,0.2,CG-Static,5,3,3,261,258,3,98.8506
XSS,customxss,bwapp,xss_eval,PHP/MySQL,meta-llama/llama-4-maverick,cross_backend,0.2,CG-Static,5,4,11,261,258,3,98.8506
XSS,customxss,bwapp,xss_eval,PHP/MySQL,meta-llama/llama-4-maverick,cross_backend,0.2,CG-Static,5,5,4,261,261,0,100.0000
XSS,customxss,bwapp,xss_eval,PHP/MySQL,meta-llama/llama-4-maverick,cross_backend,0.2,CG-Static,5,6,7,261,261,0,100.0000
XSS,customxss,bwapp,xss_eval,PHP/MySQL,meta-llama/llama-4-maverick,cross_backend,0.2,CG-Static,5,7,4,261,261,0,100.0000
XSS,customxss,bwapp,xss_eval,PHP/MySQL,meta-llama/llama-4-maverick,cross_backend,0.2,CG-Static,5,8,4,261,261,0,100.0000
XSS,customxss,bwapp,xss_eval,PHP/MySQL,meta-llama/llama-4-maverick,cross_backend,0.2,CG-Static,5,9,2,261,261,0,100.0000
XSS,customxss,bwapp,xss_eval,PHP/MySQL,meta-llama/llama-4-maverick,cross_backend,0.2,CG-Static,5,10,4,261,258,3,98.8506
XSS,customxss,bwapp,xss_eval,PHP/MySQL,meta-llama/llama-4-maverick,cross_backend,0.2,CRS-only,1,0,0,228,0,228,0.0000
XSS,customxss,bwapp,xss_eval,PHP/MySQL,meta-llama/llama-4-maverick,cross_backend,0.2,CRS-only,2,0,0,269,0,269,0.0000
XSS,customxss,bwapp,xss_eval,PHP/MySQL,meta-llama/llama-4-maverick,cross_backend,0.2,CRS-only,3,0,0,277,0,277,0.0000
XSS,customxss,bwapp,xss_eval,PHP/MySQL,meta-llama/llama-4-maverick,cross_backend,0.2,CRS-only,4,0,0,275,0,275,0.0000
XSS,customxss,bwapp,xss_eval,PHP/MySQL,meta-llama/llama-4-maverick,cross_backend,0.2,CRS-only,5,0,0,261,0,261,0.0000
XSS,customxss,bwapp,xss_eval,PHP/MySQL,meta-llama/llama-4-maverick,cross_backend,0.3,CG-Adaptive,1,1,3,228,166,62,72.8070
XSS,customxss,bwapp,xss_eval,PHP/MySQL,meta-llama/llama-4-maverick,cross_backend,0.3,CG-Adaptive,1,2,5,228,228,0,100.0000
XSS,customxss,bwapp,xss_eval,PHP/MySQL,meta-llama/llama-4-maverick,cross_backend,0.3,CG-Adaptive,1,3,5,228,228,0,100.0000
XSS,customxss,bwapp,xss_eval,PHP/MySQL,meta-llama/llama-4-maverick,cross_backend,0.3,CG-Adaptive,1,4,4,228,228,0,100.0000
XSS,customxss,bwapp,xss_eval,PHP/MySQL,meta-llama/llama-4-maverick,cross_backend,0.3,CG-Adaptive,1,5,3,228,187,41,82.0175
XSS,customxss,bwapp,xss_eval,PHP/MySQL,meta-llama/llama-4-maverick,cross_backend,0.3,CG-Adaptive,1,6,3,228,187,41,82.0175
XSS,customxss,bwapp,xss_eval,PHP/MySQL,meta-llama/llama-4-maverick,cross_backend,0.3,CG-Adaptive,1,7,3,228,201,27,88.1579
XSS,customxss,bwapp,xss_eval,PHP/MySQL,meta-llama/llama-4-maverick,cross_backend,0.3,CG-Adaptive,1,8,6,228,187,41,82.0175
XSS,customxss,bwapp,xss_eval,PHP/MySQL,meta-llama/llama-4-maverick,cross_backend,0.3,CG-Adaptive,1,9,3,228,228,0,100.0000
XSS,customxss,bwapp,xss_eval,PHP/MySQL,meta-llama/llama-4-maverick,cross_backend,0.3,CG-Adaptive,1,10,4,228,187,41,82.0175
XSS,customxss,bwapp,xss_eval,PHP/MySQL,meta-llama/llama-4-maverick,cross_backend,0.3,CG-Adaptive,2,1,3,269,267,2,99.2565
XSS,customxss,bwapp,xss_eval,PHP/MySQL,meta-llama/llama-4-maverick,cross_backend,0.3,CG-Adaptive,2,2,5,269,269,0,100.0000
XSS,customxss,bwapp,xss_eval,PHP/MySQL,meta-llama/llama-4-maverick,cross_backend,0.3,CG-Adaptive,2,3,5,269,269,0,100.0000
XSS,customxss,bwapp,xss_eval,PHP/MySQL,meta-llama/llama-4-maverick,cross_backend,0.3,CG-Adaptive,2,4,4,269,269,0,100.0000
XSS,customxss,bwapp,xss_eval,PHP/MySQL,meta-llama/llama-4-maverick,cross_backend,0.3,CG-Adaptive,2,5,3,269,269,0,100.0000
XSS,customxss,bwapp,xss_eval,PHP/MySQL,meta-llama/llama-4-maverick,cross_backend,0.3,CG-Adaptive,2,6,3,269,267,2,99.2565
XSS,customxss,bwapp,xss_eval,PHP/MySQL,meta-llama/llama-4-maverick,cross_backend,0.3,CG-Adaptive,2,7,3,269,267,2,99.2565
XSS,customxss,bwapp,xss_eval,PHP/MySQL,meta-llama/llama-4-maverick,cross_backend,0.3,CG-Adaptive,2,8,6,269,269,0,100.0000
XSS,customxss,bwapp,xss_eval,PHP/MySQL,meta-llama/llama-4-maverick,cross_backend,0.3,CG-Adaptive,2,9,3,269,269,0,100.0000
XSS,customxss,bwapp,xss_eval,PHP/MySQL,meta-llama/llama-4-maverick,cross_backend,0.3,CG-Adaptive,2,10,4,269,267,2,99.2565
XSS,customxss,bwapp,xss_eval,PHP/MySQL,meta-llama/llama-4-maverick,cross_backend,0.3,CG-Adaptive,3,1,3,277,277,0,100.0000
XSS,customxss,bwapp,xss_eval,PHP/MySQL,meta-llama/llama-4-maverick,cross_backend,0.3,CG-Adaptive,3,2,5,277,277,0,100.0000
XSS,customxss,bwapp,xss_eval,PHP/MySQL,meta-llama/llama-4-maverick,cross_backend,0.3,CG-Adaptive,3,3,5,277,277,0,100.0000
XSS,customxss,bwapp,xss_eval,PHP/MySQL,meta-llama/llama-4-maverick,cross_backend,0.3,CG-Adaptive,3,4,4,277,277,0,100.0000
XSS,customxss,bwapp,xss_eval,PHP/MySQL,meta-llama/llama-4-maverick,cross_backend,0.3,CG-Adaptive,3,5,3,277,277,0,100.0000
XSS,customxss,bwapp,xss_eval,PHP/MySQL,meta-llama/llama-4-maverick,cross_backend,0.3,CG-Adaptive,3,6,3,277,277,0,100.0000
XSS,customxss,bwapp,xss_eval,PHP/MySQL,meta-llama/llama-4-maverick,cross_backend,0.3,CG-Adaptive,3,7,3,277,277,0,100.0000
XSS,customxss,bwapp,xss_eval,PHP/MySQL,meta-llama/llama-4-maverick,cross_backend,0.3,CG-Adaptive,3,8,6,277,277,0,100.0000
XSS,customxss,bwapp,xss_eval,PHP/MySQL,meta-llama/llama-4-maverick,cross_backend,0.3,CG-Adaptive,3,9,3,277,277,0,100.0000
XSS,customxss,bwapp,xss_eval,PHP/MySQL,meta-llama/llama-4-maverick,cross_backend,0.3,CG-Adaptive,3,10,4,277,277,0,100.0000
XSS,customxss,bwapp,xss_eval,PHP/MySQL,meta-llama/llama-4-maverick,cross_backend,0.3,CG-Adaptive,4,1,3,275,275,0,100.0000
XSS,customxss,bwapp,xss_eval,PHP/MySQL,meta-llama/llama-4-maverick,cross_backend,0.3,CG-Adaptive,4,2,5,275,275,0,100.0000
XSS,customxss,bwapp,xss_eval,PHP/MySQL,meta-llama/llama-4-maverick,cross_backend,0.3,CG-Adaptive,4,3,5,275,275,0,100.0000
XSS,customxss,bwapp,xss_eval,PHP/MySQL,meta-llama/llama-4-maverick,cross_backend,0.3,CG-Adaptive,4,4,4,275,275,0,100.0000
XSS,customxss,bwapp,xss_eval,PHP/MySQL,meta-llama/llama-4-maverick,cross_backend,0.3,CG-Adaptive,4,5,3,275,275,0,100.0000
XSS,customxss,bwapp,xss_eval,PHP/MySQL,meta-llama/llama-4-maverick,cross_backend,0.3,CG-Adaptive,4,6,3,275,275,0,100.0000
XSS,customxss,bwapp,xss_eval,PHP/MySQL,meta-llama/llama-4-maverick,cross_backend,0.3,CG-Adaptive,4,7,3,275,275,0,100.0000
XSS,customxss,bwapp,xss_eval,PHP/MySQL,meta-llama/llama-4-maverick,cross_backend,0.3,CG-Adaptive,4,8,6,275,275,0,100.0000
XSS,customxss,bwapp,xss_eval,PHP/MySQL,meta-llama/llama-4-maverick,cross_backend,0.3,CG-Adaptive,4,9,3,275,275,0,100.0000
XSS,customxss,bwapp,xss_eval,PHP/MySQL,meta-llama/llama-4-maverick,cross_backend,0.3,CG-Adaptive,4,10,4,275,275,0,100.0000
XSS,customxss,bwapp,xss_eval,PHP/MySQL,meta-llama/llama-4-maverick,cross_backend,0.3,CG-Adaptive,5,1,3,261,222,39,85.0575
XSS,customxss,bwapp,xss_eval,PHP/MySQL,meta-llama/llama-4-maverick,cross_backend,0.3,CG-Adaptive,5,2,5,261,261,0,100.0000
XSS,customxss,bwapp,xss_eval,PHP/MySQL,meta-llama/llama-4-maverick,cross_backend,0.3,CG-Adaptive,5,3,5,261,261,0,100.0000
XSS,customxss,bwapp,xss_eval,PHP/MySQL,meta-llama/llama-4-maverick,cross_backend,0.3,CG-Adaptive,5,4,4,261,261,0,100.0000
XSS,customxss,bwapp,xss_eval,PHP/MySQL,meta-llama/llama-4-maverick,cross_backend,0.3,CG-Adaptive,5,5,3,261,258,3,98.8506
XSS,customxss,bwapp,xss_eval,PHP/MySQL,meta-llama/llama-4-maverick,cross_backend,0.3,CG-Adaptive,5,6,3,261,258,3,98.8506
XSS,customxss,bwapp,xss_eval,PHP/MySQL,meta-llama/llama-4-maverick,cross_backend,0.3,CG-Adaptive,5,7,3,261,259,2,99.2337
XSS,customxss,bwapp,xss_eval,PHP/MySQL,meta-llama/llama-4-maverick,cross_backend,0.3,CG-Adaptive,5,8,6,261,258,3,98.8506
XSS,customxss,bwapp,xss_eval,PHP/MySQL,meta-llama/llama-4-maverick,cross_backend,0.3,CG-Adaptive,5,9,3,261,261,0,100.0000
XSS,customxss,bwapp,xss_eval,PHP/MySQL,meta-llama/llama-4-maverick,cross_backend,0.3,CG-Adaptive,5,10,4,261,258,3,98.8506
XSS,customxss,bwapp,xss_eval,PHP/MySQL,meta-llama/llama-4-maverick,cross_backend,0.3,CG-Static,1,1,6,228,187,41,82.0175
XSS,customxss,bwapp,xss_eval,PHP/MySQL,meta-llama/llama-4-maverick,cross_backend,0.3,CG-Static,1,2,5,228,201,27,88.1579
XSS,customxss,bwapp,xss_eval,PHP/MySQL,meta-llama/llama-4-maverick,cross_backend,0.3,CG-Static,1,3,3,228,187,41,82.0175
XSS,customxss,bwapp,xss_eval,PHP/MySQL,meta-llama/llama-4-maverick,cross_backend,0.3,CG-Static,1,4,6,228,228,0,100.0000
XSS,customxss,bwapp,xss_eval,PHP/MySQL,meta-llama/llama-4-maverick,cross_backend,0.3,CG-Static,1,5,2,228,228,0,100.0000
XSS,customxss,bwapp,xss_eval,PHP/MySQL,meta-llama/llama-4-maverick,cross_backend,0.3,CG-Static,1,6,3,228,187,41,82.0175
XSS,customxss,bwapp,xss_eval,PHP/MySQL,meta-llama/llama-4-maverick,cross_backend,0.3,CG-Static,1,7,2,228,187,41,82.0175
XSS,customxss,bwapp,xss_eval,PHP/MySQL,meta-llama/llama-4-maverick,cross_backend,0.3,CG-Static,1,8,6,228,187,41,82.0175
XSS,customxss,bwapp,xss_eval,PHP/MySQL,meta-llama/llama-4-maverick,cross_backend,0.3,CG-Static,1,9,2,228,187,41,82.0175
XSS,customxss,bwapp,xss_eval,PHP/MySQL,meta-llama/llama-4-maverick,cross_backend,0.3,CG-Static,1,10,4,228,228,0,100.0000
XSS,customxss,bwapp,xss_eval,PHP/MySQL,meta-llama/llama-4-maverick,cross_backend,0.3,CG-Static,2,1,6,269,269,0,100.0000
XSS,customxss,bwapp,xss_eval,PHP/MySQL,meta-llama/llama-4-maverick,cross_backend,0.3,CG-Static,2,2,5,269,267,2,99.2565
XSS,customxss,bwapp,xss_eval,PHP/MySQL,meta-llama/llama-4-maverick,cross_backend,0.3,CG-Static,2,3,3,269,269,0,100.0000
XSS,customxss,bwapp,xss_eval,PHP/MySQL,meta-llama/llama-4-maverick,cross_backend,0.3,CG-Static,2,4,6,269,269,0,100.0000
XSS,customxss,bwapp,xss_eval,PHP/MySQL,meta-llama/llama-4-maverick,cross_backend,0.3,CG-Static,2,5,2,269,269,0,100.0000
XSS,customxss,bwapp,xss_eval,PHP/MySQL,meta-llama/llama-4-maverick,cross_backend,0.3,CG-Static,2,6,3,269,269,0,100.0000
XSS,customxss,bwapp,xss_eval,PHP/MySQL,meta-llama/llama-4-maverick,cross_backend,0.3,CG-Static,2,7,2,269,269,0,100.0000
XSS,customxss,bwapp,xss_eval,PHP/MySQL,meta-llama/llama-4-maverick,cross_backend,0.3,CG-Static,2,8,6,269,269,0,100.0000
XSS,customxss,bwapp,xss_eval,PHP/MySQL,meta-llama/llama-4-maverick,cross_backend,0.3,CG-Static,2,9,2,269,269,0,100.0000
XSS,customxss,bwapp,xss_eval,PHP/MySQL,meta-llama/llama-4-maverick,cross_backend,0.3,CG-Static,2,10,4,269,269,0,100.0000
XSS,customxss,bwapp,xss_eval,PHP/MySQL,meta-llama/llama-4-maverick,cross_backend,0.3,CG-Static,3,1,6,277,277,0,100.0000
XSS,customxss,bwapp,xss_eval,PHP/MySQL,meta-llama/llama-4-maverick,cross_backend,0.3,CG-Static,3,2,5,277,277,0,100.0000
XSS,customxss,bwapp,xss_eval,PHP/MySQL,meta-llama/llama-4-maverick,cross_backend,0.3,CG-Static,3,3,3,277,277,0,100.0000
XSS,customxss,bwapp,xss_eval,PHP/MySQL,meta-llama/llama-4-maverick,cross_backend,0.3,CG-Static,3,4,6,277,277,0,100.0000
XSS,customxss,bwapp,xss_eval,PHP/MySQL,meta-llama/llama-4-maverick,cross_backend,0.3,CG-Static,3,5,2,277,277,0,100.0000
XSS,customxss,bwapp,xss_eval,PHP/MySQL,meta-llama/llama-4-maverick,cross_backend,0.3,CG-Static,3,6,3,277,277,0,100.0000
XSS,customxss,bwapp,xss_eval,PHP/MySQL,meta-llama/llama-4-maverick,cross_backend,0.3,CG-Static,3,7,2,277,277,0,100.0000
XSS,customxss,bwapp,xss_eval,PHP/MySQL,meta-llama/llama-4-maverick,cross_backend,0.3,CG-Static,3,8,6,277,277,0,100.0000
XSS,customxss,bwapp,xss_eval,PHP/MySQL,meta-llama/llama-4-maverick,cross_backend,0.3,CG-Static,3,9,2,277,277,0,100.0000
XSS,customxss,bwapp,xss_eval,PHP/MySQL,meta-llama/llama-4-maverick,cross_backend,0.3,CG-Static,3,10,4,277,277,0,100.0000
XSS,customxss,bwapp,xss_eval,PHP/MySQL,meta-llama/llama-4-maverick,cross_backend,0.3,CG-Static,4,1,6,275,275,0,100.0000
XSS,customxss,bwapp,xss_eval,PHP/MySQL,meta-llama/llama-4-maverick,cross_backend,0.3,CG-Static,4,2,5,275,275,0,100.0000
XSS,customxss,bwapp,xss_eval,PHP/MySQL,meta-llama/llama-4-maverick,cross_backend,0.3,CG-Static,4,3,3,275,275,0,100.0000
XSS,customxss,bwapp,xss_eval,PHP/MySQL,meta-llama/llama-4-maverick,cross_backend,0.3,CG-Static,4,4,6,275,275,0,100.0000
XSS,customxss,bwapp,xss_eval,PHP/MySQL,meta-llama/llama-4-maverick,cross_backend,0.3,CG-Static,4,5,2,275,275,0,100.0000
XSS,customxss,bwapp,xss_eval,PHP/MySQL,meta-llama/llama-4-maverick,cross_backend,0.3,CG-Static,4,6,3,275,275,0,100.0000
XSS,customxss,bwapp,xss_eval,PHP/MySQL,meta-llama/llama-4-maverick,cross_backend,0.3,CG-Static,4,7,2,275,275,0,100.0000
XSS,customxss,bwapp,xss_eval,PHP/MySQL,meta-llama/llama-4-maverick,cross_backend,0.3,CG-Static,4,8,6,275,275,0,100.0000
XSS,customxss,bwapp,xss_eval,PHP/MySQL,meta-llama/llama-4-maverick,cross_backend,0.3,CG-Static,4,9,2,275,275,0,100.0000
XSS,customxss,bwapp,xss_eval,PHP/MySQL,meta-llama/llama-4-maverick,cross_backend,0.3,CG-Static,4,10,4,275,275,0,100.0000
XSS,customxss,bwapp,xss_eval,PHP/MySQL,meta-llama/llama-4-maverick,cross_backend,0.3,CG-Static,5,1,6,261,258,3,98.8506
XSS,customxss,bwapp,xss_eval,PHP/MySQL,meta-llama/llama-4-maverick,cross_backend,0.3,CG-Static,5,2,5,261,259,2,99.2337
XSS,customxss,bwapp,xss_eval,PHP/MySQL,meta-llama/llama-4-maverick,cross_backend,0.3,CG-Static,5,3,3,261,258,3,98.8506
XSS,customxss,bwapp,xss_eval,PHP/MySQL,meta-llama/llama-4-maverick,cross_backend,0.3,CG-Static,5,4,6,261,261,0,100.0000
XSS,customxss,bwapp,xss_eval,PHP/MySQL,meta-llama/llama-4-maverick,cross_backend,0.3,CG-Static,5,5,2,261,261,0,100.0000
XSS,customxss,bwapp,xss_eval,PHP/MySQL,meta-llama/llama-4-maverick,cross_backend,0.3,CG-Static,5,6,3,261,258,3,98.8506
XSS,customxss,bwapp,xss_eval,PHP/MySQL,meta-llama/llama-4-maverick,cross_backend,0.3,CG-Static,5,7,2,261,258,3,98.8506
XSS,customxss,bwapp,xss_eval,PHP/MySQL,meta-llama/llama-4-maverick,cross_backend,0.3,CG-Static,5,8,6,261,258,3,98.8506
XSS,customxss,bwapp,xss_eval,PHP/MySQL,meta-llama/llama-4-maverick,cross_backend,0.3,CG-Static,5,9,2,261,258,3,98.8506
XSS,customxss,bwapp,xss_eval,PHP/MySQL,meta-llama/llama-4-maverick,cross_backend,0.3,CG-Static,5,10,4,261,261,0,100.0000
XSS,customxss,bwapp,xss_eval,PHP/MySQL,meta-llama/llama-4-maverick,cross_backend,0.3,CRS-only,1,0,0,228,0,228,0.0000
XSS,customxss,bwapp,xss_eval,PHP/MySQL,meta-llama/llama-4-maverick,cross_backend,0.3,CRS-only,2,0,0,269,0,269,0.0000
XSS,customxss,bwapp,xss_eval,PHP/MySQL,meta-llama/llama-4-maverick,cross_backend,0.3,CRS-only,3,0,0,277,0,277,0.0000
XSS,customxss,bwapp,xss_eval,PHP/MySQL,meta-llama/llama-4-maverick,cross_backend,0.3,CRS-only,4,0,0,275,0,275,0.0000
XSS,customxss,bwapp,xss_eval,PHP/MySQL,meta-llama/llama-4-maverick,cross_backend,0.3,CRS-only,5,0,0,261,0,261,0.0000
XSS,customxss,bwapp,xss_eval,PHP/MySQL,meta-llama/llama-4-maverick,cross_backend,0.4,CG-Adaptive,1,1,2,228,228,0,100.0000
XSS,customxss,bwapp,xss_eval,PHP/MySQL,meta-llama/llama-4-maverick,cross_backend,0.4,CG-Adaptive,1,2,4,228,228,0,100.0000
XSS,customxss,bwapp,xss_eval,PHP/MySQL,meta-llama/llama-4-maverick,cross_backend,0.4,CG-Adaptive,1,3,2,228,187,41,82.0175
XSS,customxss,bwapp,xss_eval,PHP/MySQL,meta-llama/llama-4-maverick,cross_backend,0.4,CG-Adaptive,1,4,2,228,187,41,82.0175
XSS,customxss,bwapp,xss_eval,PHP/MySQL,meta-llama/llama-4-maverick,cross_backend,0.4,CG-Adaptive,1,5,5,228,187,41,82.0175
XSS,customxss,bwapp,xss_eval,PHP/MySQL,meta-llama/llama-4-maverick,cross_backend,0.4,CG-Adaptive,1,6,4,228,166,62,72.8070
XSS,customxss,bwapp,xss_eval,PHP/MySQL,meta-llama/llama-4-maverick,cross_backend,0.4,CG-Adaptive,1,7,3,228,166,62,72.8070
XSS,customxss,bwapp,xss_eval,PHP/MySQL,meta-llama/llama-4-maverick,cross_backend,0.4,CG-Adaptive,1,8,3,228,166,62,72.8070
XSS,customxss,bwapp,xss_eval,PHP/MySQL,meta-llama/llama-4-maverick,cross_backend,0.4,CG-Adaptive,1,9,5,228,187,41,82.0175
XSS,customxss,bwapp,xss_eval,PHP/MySQL,meta-llama/llama-4-maverick,cross_backend,0.4,CG-Adaptive,1,10,4,228,187,41,82.0175
XSS,customxss,bwapp,xss_eval,PHP/MySQL,meta-llama/llama-4-maverick,cross_backend,0.4,CG-Adaptive,2,1,2,269,269,0,100.0000
XSS,customxss,bwapp,xss_eval,PHP/MySQL,meta-llama/llama-4-maverick,cross_backend,0.4,CG-Adaptive,2,2,4,269,269,0,100.0000
XSS,customxss,bwapp,xss_eval,PHP/MySQL,meta-llama/llama-4-maverick,cross_backend,0.4,CG-Adaptive,2,3,2,269,267,2,99.2565
XSS,customxss,bwapp,xss_eval,PHP/MySQL,meta-llama/llama-4-maverick,cross_backend,0.4,CG-Adaptive,2,4,2,269,269,0,100.0000
XSS,customxss,bwapp,xss_eval,PHP/MySQL,meta-llama/llama-4-maverick,cross_backend,0.4,CG-Adaptive,2,5,5,269,267,2,99.2565
XSS,customxss,bwapp,xss_eval,PHP/MySQL,meta-llama/llama-4-maverick,cross_backend,0.4,CG-Adaptive,2,6,4,269,267,2,99.2565
XSS,customxss,bwapp,xss_eval,PHP/MySQL,meta-llama/llama-4-maverick,cross_backend,0.4,CG-Adaptive,2,7,3,269,267,2,99.2565
XSS,customxss,bwapp,xss_eval,PHP/MySQL,meta-llama/llama-4-maverick,cross_backend,0.4,CG-Adaptive,2,8,3,269,267,2,99.2565
XSS,customxss,bwapp,xss_eval,PHP/MySQL,meta-llama/llama-4-maverick,cross_backend,0.4,CG-Adaptive,2,9,5,269,269,0,100.0000
XSS,customxss,bwapp,xss_eval,PHP/MySQL,meta-llama/llama-4-maverick,cross_backend,0.4,CG-Adaptive,2,10,4,269,269,0,100.0000
XSS,customxss,bwapp,xss_eval,PHP/MySQL,meta-llama/llama-4-maverick,cross_backend,0.4,CG-Adaptive,3,1,2,277,277,0,100.0000
XSS,customxss,bwapp,xss_eval,PHP/MySQL,meta-llama/llama-4-maverick,cross_backend,0.4,CG-Adaptive,3,2,4,277,277,0,100.0000
XSS,customxss,bwapp,xss_eval,PHP/MySQL,meta-llama/llama-4-maverick,cross_backend,0.4,CG-Adaptive,3,3,2,277,277,0,100.0000
XSS,customxss,bwapp,xss_eval,PHP/MySQL,meta-llama/llama-4-maverick,cross_backend,0.4,CG-Adaptive,3,4,2,277,277,0,100.0000
XSS,customxss,bwapp,xss_eval,PHP/MySQL,meta-llama/llama-4-maverick,cross_backend,0.4,CG-Adaptive,3,5,5,277,277,0,100.0000
XSS,customxss,bwapp,xss_eval,PHP/MySQL,meta-llama/llama-4-maverick,cross_backend,0.4,CG-Adaptive,3,6,4,277,277,0,100.0000
XSS,customxss,bwapp,xss_eval,PHP/MySQL,meta-llama/llama-4-maverick,cross_backend,0.4,CG-Adaptive,3,7,3,277,277,0,100.0000
XSS,customxss,bwapp,xss_eval,PHP/MySQL,meta-llama/llama-4-maverick,cross_backend,0.4,CG-Adaptive,3,8,3,277,277,0,100.0000
XSS,customxss,bwapp,xss_eval,PHP/MySQL,meta-llama/llama-4-maverick,cross_backend,0.4,CG-Adaptive,3,9,5,277,277,0,100.0000
XSS,customxss,bwapp,xss_eval,PHP/MySQL,meta-llama/llama-4-maverick,cross_backend,0.4,CG-Adaptive,3,10,4,277,277,0,100.0000
XSS,customxss,bwapp,xss_eval,PHP/MySQL,meta-llama/llama-4-maverick,cross_backend,0.4,CG-Adaptive,4,1,2,275,275,0,100.0000
XSS,customxss,bwapp,xss_eval,PHP/MySQL,meta-llama/llama-4-maverick,cross_backend,0.4,CG-Adaptive,4,2,4,275,275,0,100.0000
XSS,customxss,bwapp,xss_eval,PHP/MySQL,meta-llama/llama-4-maverick,cross_backend,0.4,CG-Adaptive,4,3,2,275,275,0,100.0000
XSS,customxss,bwapp,xss_eval,PHP/MySQL,meta-llama/llama-4-maverick,cross_backend,0.4,CG-Adaptive,4,4,2,275,275,0,100.0000
XSS,customxss,bwapp,xss_eval,PHP/MySQL,meta-llama/llama-4-maverick,cross_backend,0.4,CG-Adaptive,4,5,5,275,275,0,100.0000
XSS,customxss,bwapp,xss_eval,PHP/MySQL,meta-llama/llama-4-maverick,cross_backend,0.4,CG-Adaptive,4,6,4,275,275,0,100.0000
XSS,customxss,bwapp,xss_eval,PHP/MySQL,meta-llama/llama-4-maverick,cross_backend,0.4,CG-Adaptive,4,7,3,275,275,0,100.0000
XSS,customxss,bwapp,xss_eval,PHP/MySQL,meta-llama/llama-4-maverick,cross_backend,0.4,CG-Adaptive,4,8,3,275,275,0,100.0000
XSS,customxss,bwapp,xss_eval,PHP/MySQL,meta-llama/llama-4-maverick,cross_backend,0.4,CG-Adaptive,4,9,5,275,275,0,100.0000
XSS,customxss,bwapp,xss_eval,PHP/MySQL,meta-llama/llama-4-maverick,cross_backend,0.4,CG-Adaptive,4,10,4,275,275,0,100.0000
XSS,customxss,bwapp,xss_eval,PHP/MySQL,meta-llama/llama-4-maverick,cross_backend,0.4,CG-Adaptive,5,1,2,261,261,0,100.0000
XSS,customxss,bwapp,xss_eval,PHP/MySQL,meta-llama/llama-4-maverick,cross_backend,0.4,CG-Adaptive,5,2,4,261,261,0,100.0000
XSS,customxss,bwapp,xss_eval,PHP/MySQL,meta-llama/llama-4-maverick,cross_backend,0.4,CG-Adaptive,5,3,2,261,258,3,98.8506
XSS,customxss,bwapp,xss_eval,PHP/MySQL,meta-llama/llama-4-maverick,cross_backend,0.4,CG-Adaptive,5,4,2,261,258,3,98.8506
XSS,customxss,bwapp,xss_eval,PHP/MySQL,meta-llama/llama-4-maverick,cross_backend,0.4,CG-Adaptive,5,5,5,261,258,3,98.8506
XSS,customxss,bwapp,xss_eval,PHP/MySQL,meta-llama/llama-4-maverick,cross_backend,0.4,CG-Adaptive,5,6,4,261,222,39,85.0575
XSS,customxss,bwapp,xss_eval,PHP/MySQL,meta-llama/llama-4-maverick,cross_backend,0.4,CG-Adaptive,5,7,3,261,222,39,85.0575
XSS,customxss,bwapp,xss_eval,PHP/MySQL,meta-llama/llama-4-maverick,cross_backend,0.4,CG-Adaptive,5,8,3,261,222,39,85.0575
XSS,customxss,bwapp,xss_eval,PHP/MySQL,meta-llama/llama-4-maverick,cross_backend,0.4,CG-Adaptive,5,9,5,261,258,3,98.8506
XSS,customxss,bwapp,xss_eval,PHP/MySQL,meta-llama/llama-4-maverick,cross_backend,0.4,CG-Adaptive,5,10,4,261,258,3,98.8506
XSS,customxss,bwapp,xss_eval,PHP/MySQL,meta-llama/llama-4-maverick,cross_backend,0.4,CG-Static,1,1,8,228,187,41,82.0175
XSS,customxss,bwapp,xss_eval,PHP/MySQL,meta-llama/llama-4-maverick,cross_backend,0.4,CG-Static,1,2,3,228,187,41,82.0175
XSS,customxss,bwapp,xss_eval,PHP/MySQL,meta-llama/llama-4-maverick,cross_backend,0.4,CG-Static,1,3,3,228,187,41,82.0175
XSS,customxss,bwapp,xss_eval,PHP/MySQL,meta-llama/llama-4-maverick,cross_backend,0.4,CG-Static,1,4,3,228,187,41,82.0175
XSS,customxss,bwapp,xss_eval,PHP/MySQL,meta-llama/llama-4-maverick,cross_backend,0.4,CG-Static,1,5,4,228,228,0,100.0000
XSS,customxss,bwapp,xss_eval,PHP/MySQL,meta-llama/llama-4-maverick,cross_backend,0.4,CG-Static,1,6,4,228,228,0,100.0000
XSS,customxss,bwapp,xss_eval,PHP/MySQL,meta-llama/llama-4-maverick,cross_backend,0.4,CG-Static,1,7,4,228,228,0,100.0000
XSS,customxss,bwapp,xss_eval,PHP/MySQL,meta-llama/llama-4-maverick,cross_backend,0.4,CG-Static,1,8,4,228,187,41,82.0175
XSS,customxss,bwapp,xss_eval,PHP/MySQL,meta-llama/llama-4-maverick,cross_backend,0.4,CG-Static,1,9,4,228,228,0,100.0000
XSS,customxss,bwapp,xss_eval,PHP/MySQL,meta-llama/llama-4-maverick,cross_backend,0.4,CG-Static,1,10,3,228,187,41,82.0175
XSS,customxss,bwapp,xss_eval,PHP/MySQL,meta-llama/llama-4-maverick,cross_backend,0.4,CG-Static,2,1,8,269,269,0,100.0000
XSS,customxss,bwapp,xss_eval,PHP/MySQL,meta-llama/llama-4-maverick,cross_backend,0.4,CG-Static,2,2,3,269,269,0,100.0000
XSS,customxss,bwapp,xss_eval,PHP/MySQL,meta-llama/llama-4-maverick,cross_backend,0.4,CG-Static,2,3,3,269,269,0,100.0000
XSS,customxss,bwapp,xss_eval,PHP/MySQL,meta-llama/llama-4-maverick,cross_backend,0.4,CG-Static,2,4,3,269,269,0,100.0000
XSS,customxss,bwapp,xss_eval,PHP/MySQL,meta-llama/llama-4-maverick,cross_backend,0.4,CG-Static,2,5,4,269,269,0,100.0000
XSS,customxss,bwapp,xss_eval,PHP/MySQL,meta-llama/llama-4-maverick,cross_backend,0.4,CG-Static,2,6,4,269,269,0,100.0000
XSS,customxss,bwapp,xss_eval,PHP/MySQL,meta-llama/llama-4-maverick,cross_backend,0.4,CG-Static,2,7,4,269,269,0,100.0000
XSS,customxss,bwapp,xss_eval,PHP/MySQL,meta-llama/llama-4-maverick,cross_backend,0.4,CG-Static,2,8,4,269,269,0,100.0000
XSS,customxss,bwapp,xss_eval,PHP/MySQL,meta-llama/llama-4-maverick,cross_backend,0.4,CG-Static,2,9,4,269,269,0,100.0000
XSS,customxss,bwapp,xss_eval,PHP/MySQL,meta-llama/llama-4-maverick,cross_backend,0.4,CG-Static,2,10,3,269,269,0,100.0000
XSS,customxss,bwapp,xss_eval,PHP/MySQL,meta-llama/llama-4-maverick,cross_backend,0.4,CG-Static,3,1,8,277,277,0,100.0000
XSS,customxss,bwapp,xss_eval,PHP/MySQL,meta-llama/llama-4-maverick,cross_backend,0.4,CG-Static,3,2,3,277,277,0,100.0000
XSS,customxss,bwapp,xss_eval,PHP/MySQL,meta-llama/llama-4-maverick,cross_backend,0.4,CG-Static,3,3,3,277,277,0,100.0000
XSS,customxss,bwapp,xss_eval,PHP/MySQL,meta-llama/llama-4-maverick,cross_backend,0.4,CG-Static,3,4,3,277,277,0,100.0000
XSS,customxss,bwapp,xss_eval,PHP/MySQL,meta-llama/llama-4-maverick,cross_backend,0.4,CG-Static,3,5,4,277,277,0,100.0000
XSS,customxss,bwapp,xss_eval,PHP/MySQL,meta-llama/llama-4-maverick,cross_backend,0.4,CG-Static,3,6,4,277,277,0,100.0000
XSS,customxss,bwapp,xss_eval,PHP/MySQL,meta-llama/llama-4-maverick,cross_backend,0.4,CG-Static,3,7,4,277,277,0,100.0000
XSS,customxss,bwapp,xss_eval,PHP/MySQL,meta-llama/llama-4-maverick,cross_backend,0.4,CG-Static,3,8,4,277,277,0,100.0000
XSS,customxss,bwapp,xss_eval,PHP/MySQL,meta-llama/llama-4-maverick,cross_backend,0.4,CG-Static,3,9,4,277,277,0,100.0000
XSS,customxss,bwapp,xss_eval,PHP/MySQL,meta-llama/llama-4-maverick,cross_backend,0.4,CG-Static,3,10,3,277,277,0,100.0000
XSS,customxss,bwapp,xss_eval,PHP/MySQL,meta-llama/llama-4-maverick,cross_backend,0.4,CG-Static,4,1,8,275,275,0,100.0000
XSS,customxss,bwapp,xss_eval,PHP/MySQL,meta-llama/llama-4-maverick,cross_backend,0.4,CG-Static,4,2,3,275,275,0,100.0000
XSS,customxss,bwapp,xss_eval,PHP/MySQL,meta-llama/llama-4-maverick,cross_backend,0.4,CG-Static,4,3,3,275,275,0,100.0000
XSS,customxss,bwapp,xss_eval,PHP/MySQL,meta-llama/llama-4-maverick,cross_backend,0.4,CG-Static,4,4,3,275,275,0,100.0000
XSS,customxss,bwapp,xss_eval,PHP/MySQL,meta-llama/llama-4-maverick,cross_backend,0.4,CG-Static,4,5,4,275,275,0,100.0000
XSS,customxss,bwapp,xss_eval,PHP/MySQL,meta-llama/llama-4-maverick,cross_backend,0.4,CG-Static,4,6,4,275,275,0,100.0000
XSS,customxss,bwapp,xss_eval,PHP/MySQL,meta-llama/llama-4-maverick,cross_backend,0.4,CG-Static,4,7,4,275,275,0,100.0000
XSS,customxss,bwapp,xss_eval,PHP/MySQL,meta-llama/llama-4-maverick,cross_backend,0.4,CG-Static,4,8,4,275,275,0,100.0000
XSS,customxss,bwapp,xss_eval,PHP/MySQL,meta-llama/llama-4-maverick,cross_backend,0.4,CG-Static,4,9,4,275,275,0,100.0000
XSS,customxss,bwapp,xss_eval,PHP/MySQL,meta-llama/llama-4-maverick,cross_backend,0.4,CG-Static,4,10,3,275,275,0,100.0000
XSS,customxss,bwapp,xss_eval,PHP/MySQL,meta-llama/llama-4-maverick,cross_backend,0.4,CG-Static,5,1,8,261,258,3,98.8506
XSS,customxss,bwapp,xss_eval,PHP/MySQL,meta-llama/llama-4-maverick,cross_backend,0.4,CG-Static,5,2,3,261,258,3,98.8506
XSS,customxss,bwapp,xss_eval,PHP/MySQL,meta-llama/llama-4-maverick,cross_backend,0.4,CG-Static,5,3,3,261,258,3,98.8506
XSS,customxss,bwapp,xss_eval,PHP/MySQL,meta-llama/llama-4-maverick,cross_backend,0.4,CG-Static,5,4,3,261,258,3,98.8506
XSS,customxss,bwapp,xss_eval,PHP/MySQL,meta-llama/llama-4-maverick,cross_backend,0.4,CG-Static,5,5,4,261,261,0,100.0000
XSS,customxss,bwapp,xss_eval,PHP/MySQL,meta-llama/llama-4-maverick,cross_backend,0.4,CG-Static,5,6,4,261,261,0,100.0000
XSS,customxss,bwapp,xss_eval,PHP/MySQL,meta-llama/llama-4-maverick,cross_backend,0.4,CG-Static,5,7,4,261,261,0,100.0000
XSS,customxss,bwapp,xss_eval,PHP/MySQL,meta-llama/llama-4-maverick,cross_backend,0.4,CG-Static,5,8,4,261,258,3,98.8506
XSS,customxss,bwapp,xss_eval,PHP/MySQL,meta-llama/llama-4-maverick,cross_backend,0.4,CG-Static,5,9,4,261,261,0,100.0000
XSS,customxss,bwapp,xss_eval,PHP/MySQL,meta-llama/llama-4-maverick,cross_backend,0.4,CG-Static,5,10,3,261,258,3,98.8506
XSS,customxss,bwapp,xss_eval,PHP/MySQL,meta-llama/llama-4-maverick,cross_backend,0.4,CRS-only,1,0,0,228,0,228,0.0000
XSS,customxss,bwapp,xss_eval,PHP/MySQL,meta-llama/llama-4-maverick,cross_backend,0.4,CRS-only,2,0,0,269,0,269,0.0000
XSS,customxss,bwapp,xss_eval,PHP/MySQL,meta-llama/llama-4-maverick,cross_backend,0.4,CRS-only,3,0,0,277,0,277,0.0000
XSS,customxss,bwapp,xss_eval,PHP/MySQL,meta-llama/llama-4-maverick,cross_backend,0.4,CRS-only,4,0,0,275,0,275,0.0000
XSS,customxss,bwapp,xss_eval,PHP/MySQL,meta-llama/llama-4-maverick,cross_backend,0.4,CRS-only,5,0,0,261,0,261,0.0000
XSS,customxss,bwapp,xss_eval,PHP/MySQL,meta-llama/llama-4-maverick,cross_backend,0.5,CG-Adaptive,1,1,4,228,228,0,100.0000
XSS,customxss,bwapp,xss_eval,PHP/MySQL,meta-llama/llama-4-maverick,cross_backend,0.5,CG-Adaptive,1,2,4,228,187,41,82.0175
XSS,customxss,bwapp,xss_eval,PHP/MySQL,meta-llama/llama-4-maverick,cross_backend,0.5,CG-Adaptive,1,3,5,228,187,41,82.0175
XSS,customxss,bwapp,xss_eval,PHP/MySQL,meta-llama/llama-4-maverick,cross_backend,0.5,CG-Adaptive,1,4,3,228,228,0,100.0000
XSS,customxss,bwapp,xss_eval,PHP/MySQL,meta-llama/llama-4-maverick,cross_backend,0.5,CG-Adaptive,1,5,5,228,227,1,99.5614
XSS,customxss,bwapp,xss_eval,PHP/MySQL,meta-llama/llama-4-maverick,cross_backend,0.5,CG-Adaptive,1,6,4,228,228,0,100.0000
XSS,customxss,bwapp,xss_eval,PHP/MySQL,meta-llama/llama-4-maverick,cross_backend,0.5,CG-Adaptive,1,7,5,228,201,27,88.1579
XSS,customxss,bwapp,xss_eval,PHP/MySQL,meta-llama/llama-4-maverick,cross_backend,0.5,CG-Adaptive,1,8,3,228,187,41,82.0175
XSS,customxss,bwapp,xss_eval,PHP/MySQL,meta-llama/llama-4-maverick,cross_backend,0.5,CG-Adaptive,1,9,3,228,187,41,82.0175
XSS,customxss,bwapp,xss_eval,PHP/MySQL,meta-llama/llama-4-maverick,cross_backend,0.5,CG-Adaptive,1,10,5,228,166,62,72.8070
XSS,customxss,bwapp,xss_eval,PHP/MySQL,meta-llama/llama-4-maverick,cross_backend,0.5,CG-Adaptive,2,1,4,269,269,0,100.0000
XSS,customxss,bwapp,xss_eval,PHP/MySQL,meta-llama/llama-4-maverick,cross_backend,0.5,CG-Adaptive,2,2,4,269,269,0,100.0000
XSS,customxss,bwapp,xss_eval,PHP/MySQL,meta-llama/llama-4-maverick,cross_backend,0.5,CG-Adaptive,2,3,5,269,267,2,99.2565
XSS,customxss,bwapp,xss_eval,PHP/MySQL,meta-llama/llama-4-maverick,cross_backend,0.5,CG-Adaptive,2,4,3,269,269,0,100.0000
XSS,customxss,bwapp,xss_eval,PHP/MySQL,meta-llama/llama-4-maverick,cross_backend,0.5,CG-Adaptive,2,5,5,269,269,0,100.0000
XSS,customxss,bwapp,xss_eval,PHP/MySQL,meta-llama/llama-4-maverick,cross_backend,0.5,CG-Adaptive,2,6,4,269,269,0,100.0000
XSS,customxss,bwapp,xss_eval,PHP/MySQL,meta-llama/llama-4-maverick,cross_backend,0.5,CG-Adaptive,2,7,5,269,267,2,99.2565
XSS,customxss,bwapp,xss_eval,PHP/MySQL,meta-llama/llama-4-maverick,cross_backend,0.5,CG-Adaptive,2,8,3,269,267,2,99.2565
XSS,customxss,bwapp,xss_eval,PHP/MySQL,meta-llama/llama-4-maverick,cross_backend,0.5,CG-Adaptive,2,9,3,269,269,0,100.0000
XSS,customxss,bwapp,xss_eval,PHP/MySQL,meta-llama/llama-4-maverick,cross_backend,0.5,CG-Adaptive,2,10,5,269,267,2,99.2565
XSS,customxss,bwapp,xss_eval,PHP/MySQL,meta-llama/llama-4-maverick,cross_backend,0.5,CG-Adaptive,3,1,4,277,277,0,100.0000
XSS,customxss,bwapp,xss_eval,PHP/MySQL,meta-llama/llama-4-maverick,cross_backend,0.5,CG-Adaptive,3,2,4,277,277,0,100.0000
XSS,customxss,bwapp,xss_eval,PHP/MySQL,meta-llama/llama-4-maverick,cross_backend,0.5,CG-Adaptive,3,3,5,277,277,0,100.0000
XSS,customxss,bwapp,xss_eval,PHP/MySQL,meta-llama/llama-4-maverick,cross_backend,0.5,CG-Adaptive,3,4,3,277,277,0,100.0000
XSS,customxss,bwapp,xss_eval,PHP/MySQL,meta-llama/llama-4-maverick,cross_backend,0.5,CG-Adaptive,3,5,5,277,277,0,100.0000
XSS,customxss,bwapp,xss_eval,PHP/MySQL,meta-llama/llama-4-maverick,cross_backend,0.5,CG-Adaptive,3,6,4,277,277,0,100.0000
XSS,customxss,bwapp,xss_eval,PHP/MySQL,meta-llama/llama-4-maverick,cross_backend,0.5,CG-Adaptive,3,7,5,277,277,0,100.0000
XSS,customxss,bwapp,xss_eval,PHP/MySQL,meta-llama/llama-4-maverick,cross_backend,0.5,CG-Adaptive,3,8,3,277,277,0,100.0000
XSS,customxss,bwapp,xss_eval,PHP/MySQL,meta-llama/llama-4-maverick,cross_backend,0.5,CG-Adaptive,3,9,3,277,277,0,100.0000
XSS,customxss,bwapp,xss_eval,PHP/MySQL,meta-llama/llama-4-maverick,cross_backend,0.5,CG-Adaptive,3,10,5,277,277,0,100.0000
XSS,customxss,bwapp,xss_eval,PHP/MySQL,meta-llama/llama-4-maverick,cross_backend,0.5,CG-Adaptive,4,1,4,275,275,0,100.0000
XSS,customxss,bwapp,xss_eval,PHP/MySQL,meta-llama/llama-4-maverick,cross_backend,0.5,CG-Adaptive,4,2,4,275,275,0,100.0000
XSS,customxss,bwapp,xss_eval,PHP/MySQL,meta-llama/llama-4-maverick,cross_backend,0.5,CG-Adaptive,4,3,5,275,275,0,100.0000
XSS,customxss,bwapp,xss_eval,PHP/MySQL,meta-llama/llama-4-maverick,cross_backend,0.5,CG-Adaptive,4,4,3,275,275,0,100.0000
XSS,customxss,bwapp,xss_eval,PHP/MySQL,meta-llama/llama-4-maverick,cross_backend,0.5,CG-Adaptive,4,5,5,275,275,0,100.0000
XSS,customxss,bwapp,xss_eval,PHP/MySQL,meta-llama/llama-4-maverick,cross_backend,0.5,CG-Adaptive,4,6,4,275,275,0,100.0000
XSS,customxss,bwapp,xss_eval,PHP/MySQL,meta-llama/llama-4-maverick,cross_backend,0.5,CG-Adaptive,4,7,5,275,275,0,100.0000
XSS,customxss,bwapp,xss_eval,PHP/MySQL,meta-llama/llama-4-maverick,cross_backend,0.5,CG-Adaptive,4,8,3,275,275,0,100.0000
XSS,customxss,bwapp,xss_eval,PHP/MySQL,meta-llama/llama-4-maverick,cross_backend,0.5,CG-Adaptive,4,9,3,275,275,0,100.0000
XSS,customxss,bwapp,xss_eval,PHP/MySQL,meta-llama/llama-4-maverick,cross_backend,0.5,CG-Adaptive,4,10,5,275,275,0,100.0000
XSS,customxss,bwapp,xss_eval,PHP/MySQL,meta-llama/llama-4-maverick,cross_backend,0.5,CG-Adaptive,5,1,4,261,261,0,100.0000
XSS,customxss,bwapp,xss_eval,PHP/MySQL,meta-llama/llama-4-maverick,cross_backend,0.5,CG-Adaptive,5,2,4,261,258,3,98.8506
XSS,customxss,bwapp,xss_eval,PHP/MySQL,meta-llama/llama-4-maverick,cross_backend,0.5,CG-Adaptive,5,3,5,261,258,3,98.8506
XSS,customxss,bwapp,xss_eval,PHP/MySQL,meta-llama/llama-4-maverick,cross_backend,0.5,CG-Adaptive,5,4,3,261,261,0,100.0000
XSS,customxss,bwapp,xss_eval,PHP/MySQL,meta-llama/llama-4-maverick,cross_backend,0.5,CG-Adaptive,5,5,5,261,261,0,100.0000
XSS,customxss,bwapp,xss_eval,PHP/MySQL,meta-llama/llama-4-maverick,cross_backend,0.5,CG-Adaptive,5,6,4,261,261,0,100.0000
XSS,customxss,bwapp,xss_eval,PHP/MySQL,meta-llama/llama-4-maverick,cross_backend,0.5,CG-Adaptive,5,7,5,261,259,2,99.2337
XSS,customxss,bwapp,xss_eval,PHP/MySQL,meta-llama/llama-4-maverick,cross_backend,0.5,CG-Adaptive,5,8,3,261,258,3,98.8506
XSS,customxss,bwapp,xss_eval,PHP/MySQL,meta-llama/llama-4-maverick,cross_backend,0.5,CG-Adaptive,5,9,3,261,258,3,98.8506
XSS,customxss,bwapp,xss_eval,PHP/MySQL,meta-llama/llama-4-maverick,cross_backend,0.5,CG-Adaptive,5,10,5,261,222,39,85.0575
XSS,customxss,bwapp,xss_eval,PHP/MySQL,meta-llama/llama-4-maverick,cross_backend,0.5,CG-Static,1,1,2,228,187,41,82.0175
XSS,customxss,bwapp,xss_eval,PHP/MySQL,meta-llama/llama-4-maverick,cross_backend,0.5,CG-Static,1,2,2,228,187,41,82.0175
XSS,customxss,bwapp,xss_eval,PHP/MySQL,meta-llama/llama-4-maverick,cross_backend,0.5,CG-Static,1,3,3,228,187,41,82.0175
XSS,customxss,bwapp,xss_eval,PHP/MySQL,meta-llama/llama-4-maverick,cross_backend,0.5,CG-Static,1,4,4,228,228,0,100.0000
XSS,customxss,bwapp,xss_eval,PHP/MySQL,meta-llama/llama-4-maverick,cross_backend,0.5,CG-Static,1,5,2,228,201,27,88.1579
XSS,customxss,bwapp,xss_eval,PHP/MySQL,meta-llama/llama-4-maverick,cross_backend,0.5,CG-Static,1,6,2,228,187,41,82.0175
XSS,customxss,bwapp,xss_eval,PHP/MySQL,meta-llama/llama-4-maverick,cross_backend,0.5,CG-Static,1,7,5,228,202,26,88.5965
XSS,customxss,bwapp,xss_eval,PHP/MySQL,meta-llama/llama-4-maverick,cross_backend,0.5,CG-Static,1,8,2,228,228,0,100.0000
XSS,customxss,bwapp,xss_eval,PHP/MySQL,meta-llama/llama-4-maverick,cross_backend,0.5,CG-Static,1,9,4,228,228,0,100.0000
XSS,customxss,bwapp,xss_eval,PHP/MySQL,meta-llama/llama-4-maverick,cross_backend,0.5,CG-Static,1,10,4,228,187,41,82.0175
XSS,customxss,bwapp,xss_eval,PHP/MySQL,meta-llama/llama-4-maverick,cross_backend,0.5,CG-Static,2,1,2,269,269,0,100.0000
XSS,customxss,bwapp,xss_eval,PHP/MySQL,meta-llama/llama-4-maverick,cross_backend,0.5,CG-Static,2,2,2,269,269,0,100.0000
XSS,customxss,bwapp,xss_eval,PHP/MySQL,meta-llama/llama-4-maverick,cross_backend,0.5,CG-Static,2,3,3,269,267,2,99.2565
XSS,customxss,bwapp,xss_eval,PHP/MySQL,meta-llama/llama-4-maverick,cross_backend,0.5,CG-Static,2,4,4,269,269,0,100.0000
XSS,customxss,bwapp,xss_eval,PHP/MySQL,meta-llama/llama-4-maverick,cross_backend,0.5,CG-Static,2,5,2,269,267,2,99.2565
XSS,customxss,bwapp,xss_eval,PHP/MySQL,meta-llama/llama-4-maverick,cross_backend,0.5,CG-Static,2,6,2,269,269,0,100.0000
XSS,customxss,bwapp,xss_eval,PHP/MySQL,meta-llama/llama-4-maverick,cross_backend,0.5,CG-Static,2,7,5,269,269,0,100.0000
XSS,customxss,bwapp,xss_eval,PHP/MySQL,meta-llama/llama-4-maverick,cross_backend,0.5,CG-Static,2,8,2,269,269,0,100.0000
XSS,customxss,bwapp,xss_eval,PHP/MySQL,meta-llama/llama-4-maverick,cross_backend,0.5,CG-Static,2,9,4,269,269,0,100.0000
XSS,customxss,bwapp,xss_eval,PHP/MySQL,meta-llama/llama-4-maverick,cross_backend,0.5,CG-Static,2,10,4,269,269,0,100.0000
XSS,customxss,bwapp,xss_eval,PHP/MySQL,meta-llama/llama-4-maverick,cross_backend,0.5,CG-Static,3,1,2,277,277,0,100.0000
XSS,customxss,bwapp,xss_eval,PHP/MySQL,meta-llama/llama-4-maverick,cross_backend,0.5,CG-Static,3,2,2,277,277,0,100.0000
XSS,customxss,bwapp,xss_eval,PHP/MySQL,meta-llama/llama-4-maverick,cross_backend,0.5,CG-Static,3,3,3,277,277,0,100.0000
XSS,customxss,bwapp,xss_eval,PHP/MySQL,meta-llama/llama-4-maverick,cross_backend,0.5,CG-Static,3,4,4,277,277,0,100.0000
XSS,customxss,bwapp,xss_eval,PHP/MySQL,meta-llama/llama-4-maverick,cross_backend,0.5,CG-Static,3,5,2,277,277,0,100.0000
XSS,customxss,bwapp,xss_eval,PHP/MySQL,meta-llama/llama-4-maverick,cross_backend,0.5,CG-Static,3,6,2,277,277,0,100.0000
XSS,customxss,bwapp,xss_eval,PHP/MySQL,meta-llama/llama-4-maverick,cross_backend,0.5,CG-Static,3,7,5,277,277,0,100.0000
XSS,customxss,bwapp,xss_eval,PHP/MySQL,meta-llama/llama-4-maverick,cross_backend,0.5,CG-Static,3,8,2,277,277,0,100.0000
XSS,customxss,bwapp,xss_eval,PHP/MySQL,meta-llama/llama-4-maverick,cross_backend,0.5,CG-Static,3,9,4,277,277,0,100.0000
XSS,customxss,bwapp,xss_eval,PHP/MySQL,meta-llama/llama-4-maverick,cross_backend,0.5,CG-Static,3,10,4,277,277,0,100.0000
XSS,customxss,bwapp,xss_eval,PHP/MySQL,meta-llama/llama-4-maverick,cross_backend,0.5,CG-Static,4,1,2,275,275,0,100.0000
XSS,customxss,bwapp,xss_eval,PHP/MySQL,meta-llama/llama-4-maverick,cross_backend,0.5,CG-Static,4,2,2,275,275,0,100.0000
XSS,customxss,bwapp,xss_eval,PHP/MySQL,meta-llama/llama-4-maverick,cross_backend,0.5,CG-Static,4,3,3,275,275,0,100.0000
XSS,customxss,bwapp,xss_eval,PHP/MySQL,meta-llama/llama-4-maverick,cross_backend,0.5,CG-Static,4,4,4,275,275,0,100.0000
XSS,customxss,bwapp,xss_eval,PHP/MySQL,meta-llama/llama-4-maverick,cross_backend,0.5,CG-Static,4,5,2,275,275,0,100.0000
XSS,customxss,bwapp,xss_eval,PHP/MySQL,meta-llama/llama-4-maverick,cross_backend,0.5,CG-Static,4,6,2,275,275,0,100.0000
XSS,customxss,bwapp,xss_eval,PHP/MySQL,meta-llama/llama-4-maverick,cross_backend,0.5,CG-Static,4,7,5,275,275,0,100.0000
XSS,customxss,bwapp,xss_eval,PHP/MySQL,meta-llama/llama-4-maverick,cross_backend,0.5,CG-Static,4,8,2,275,275,0,100.0000
XSS,customxss,bwapp,xss_eval,PHP/MySQL,meta-llama/llama-4-maverick,cross_backend,0.5,CG-Static,4,9,4,275,275,0,100.0000
XSS,customxss,bwapp,xss_eval,PHP/MySQL,meta-llama/llama-4-maverick,cross_backend,0.5,CG-Static,4,10,4,275,275,0,100.0000
XSS,customxss,bwapp,xss_eval,PHP/MySQL,meta-llama/llama-4-maverick,cross_backend,0.5,CG-Static,5,1,2,261,258,3,98.8506
XSS,customxss,bwapp,xss_eval,PHP/MySQL,meta-llama/llama-4-maverick,cross_backend,0.5,CG-Static,5,2,2,261,258,3,98.8506
XSS,customxss,bwapp,xss_eval,PHP/MySQL,meta-llama/llama-4-maverick,cross_backend,0.5,CG-Static,5,3,3,261,258,3,98.8506
XSS,customxss,bwapp,xss_eval,PHP/MySQL,meta-llama/llama-4-maverick,cross_backend,0.5,CG-Static,5,4,4,261,261,0,100.0000
XSS,customxss,bwapp,xss_eval,PHP/MySQL,meta-llama/llama-4-maverick,cross_backend,0.5,CG-Static,5,5,2,261,259,2,99.2337
XSS,customxss,bwapp,xss_eval,PHP/MySQL,meta-llama/llama-4-maverick,cross_backend,0.5,CG-Static,5,6,2,261,258,3,98.8506
XSS,customxss,bwapp,xss_eval,PHP/MySQL,meta-llama/llama-4-maverick,cross_backend,0.5,CG-Static,5,7,5,261,258,3,98.8506
XSS,customxss,bwapp,xss_eval,PHP/MySQL,meta-llama/llama-4-maverick,cross_backend,0.5,CG-Static,5,8,2,261,261,0,100.0000
XSS,customxss,bwapp,xss_eval,PHP/MySQL,meta-llama/llama-4-maverick,cross_backend,0.5,CG-Static,5,9,4,261,261,0,100.0000
XSS,customxss,bwapp,xss_eval,PHP/MySQL,meta-llama/llama-4-maverick,cross_backend,0.5,CG-Static,5,10,4,261,258,3,98.8506
XSS,customxss,bwapp,xss_eval,PHP/MySQL,meta-llama/llama-4-maverick,cross_backend,0.5,CRS-only,1,0,0,228,0,228,0.0000
XSS,customxss,bwapp,xss_eval,PHP/MySQL,meta-llama/llama-4-maverick,cross_backend,0.5,CRS-only,2,0,0,269,0,269,0.0000
XSS,customxss,bwapp,xss_eval,PHP/MySQL,meta-llama/llama-4-maverick,cross_backend,0.5,CRS-only,3,0,0,277,0,277,0.0000
XSS,customxss,bwapp,xss_eval,PHP/MySQL,meta-llama/llama-4-maverick,cross_backend,0.5,CRS-only,4,0,0,275,0,275,0.0000
XSS,customxss,bwapp,xss_eval,PHP/MySQL,meta-llama/llama-4-maverick,cross_backend,0.5,CRS-only,5,0,0,261,0,261,0.0000
XSS,customxss,customxss,calc,PHP,anthropic/claude-opus-4.7,model_shift,0.1,CG-Adaptive,1,1,2,401,376,25,93.7656
XSS,customxss,customxss,calc,PHP,anthropic/claude-opus-4.7,model_shift,0.1,CG-Adaptive,1,2,3,401,376,25,93.7656
XSS,customxss,customxss,calc,PHP,anthropic/claude-opus-4.7,model_shift,0.1,CG-Adaptive,1,3,3,401,376,25,93.7656
XSS,customxss,customxss,calc,PHP,anthropic/claude-opus-4.7,model_shift,0.1,CG-Adaptive,1,4,4,401,376,25,93.7656
XSS,customxss,customxss,calc,PHP,anthropic/claude-opus-4.7,model_shift,0.1,CG-Adaptive,1,5,4,401,376,25,93.7656
XSS,customxss,customxss,calc,PHP,anthropic/claude-opus-4.7,model_shift,0.1,CG-Adaptive,1,6,3,401,376,25,93.7656
XSS,customxss,customxss,calc,PHP,anthropic/claude-opus-4.7,model_shift,0.1,CG-Adaptive,1,7,4,401,376,25,93.7656
XSS,customxss,customxss,calc,PHP,anthropic/claude-opus-4.7,model_shift,0.1,CG-Adaptive,1,8,3,401,299,102,74.5636
XSS,customxss,customxss,calc,PHP,anthropic/claude-opus-4.7,model_shift,0.1,CG-Adaptive,1,9,6,401,401,0,100.0000
XSS,customxss,customxss,calc,PHP,anthropic/claude-opus-4.7,model_shift,0.1,CG-Adaptive,1,10,3,401,376,25,93.7656
XSS,customxss,customxss,calc,PHP,anthropic/claude-opus-4.7,model_shift,0.1,CG-Adaptive,2,1,2,346,270,76,78.0347
XSS,customxss,customxss,calc,PHP,anthropic/claude-opus-4.7,model_shift,0.1,CG-Adaptive,2,2,3,346,271,75,78.3237
XSS,customxss,customxss,calc,PHP,anthropic/claude-opus-4.7,model_shift,0.1,CG-Adaptive,2,3,3,346,271,75,78.3237
XSS,customxss,customxss,calc,PHP,anthropic/claude-opus-4.7,model_shift,0.1,CG-Adaptive,2,4,4,346,271,75,78.3237
XSS,customxss,customxss,calc,PHP,anthropic/claude-opus-4.7,model_shift,0.1,CG-Adaptive,2,5,4,346,271,75,78.3237
XSS,customxss,customxss,calc,PHP,anthropic/claude-opus-4.7,model_shift,0.1,CG-Adaptive,2,6,3,346,271,75,78.3237
XSS,customxss,customxss,calc,PHP,anthropic/claude-opus-4.7,model_shift,0.1,CG-Adaptive,2,7,4,346,271,75,78.3237
XSS,customxss,customxss,calc,PHP,anthropic/claude-opus-4.7,model_shift,0.1,CG-Adaptive,2,8,3,346,233,113,67.3410
XSS,customxss,customxss,calc,PHP,anthropic/claude-opus-4.7,model_shift,0.1,CG-Adaptive,2,9,6,346,344,2,99.4220
XSS,customxss,customxss,calc,PHP,anthropic/claude-opus-4.7,model_shift,0.1,CG-Adaptive,2,10,3,346,271,75,78.3237
XSS,customxss,customxss,calc,PHP,anthropic/claude-opus-4.7,model_shift,0.1,CG-Adaptive,3,1,2,351,348,3,99.1453
XSS,customxss,customxss,calc,PHP,anthropic/claude-opus-4.7,model_shift,0.1,CG-Adaptive,3,2,3,351,348,3,99.1453
XSS,customxss,customxss,calc,PHP,anthropic/claude-opus-4.7,model_shift,0.1,CG-Adaptive,3,3,3,351,348,3,99.1453
XSS,customxss,customxss,calc,PHP,anthropic/claude-opus-4.7,model_shift,0.1,CG-Adaptive,3,4,4,351,348,3,99.1453
XSS,customxss,customxss,calc,PHP,anthropic/claude-opus-4.7,model_shift,0.1,CG-Adaptive,3,5,4,351,348,3,99.1453
XSS,customxss,customxss,calc,PHP,anthropic/claude-opus-4.7,model_shift,0.1,CG-Adaptive,3,6,3,351,348,3,99.1453
XSS,customxss,customxss,calc,PHP,anthropic/claude-opus-4.7,model_shift,0.1,CG-Adaptive,3,7,4,351,348,3,99.1453
XSS,customxss,customxss,calc,PHP,anthropic/claude-opus-4.7,model_shift,0.1,CG-Adaptive,3,8,3,351,283,68,80.6268
XSS,customxss,customxss,calc,PHP,anthropic/claude-opus-4.7,model_shift,0.1,CG-Adaptive,3,9,6,351,351,0,100.0000
XSS,customxss,customxss,calc,PHP,anthropic/claude-opus-4.7,model_shift,0.1,CG-Adaptive,3,10,3,351,348,3,99.1453
XSS,customxss,customxss,calc,PHP,anthropic/claude-opus-4.7,model_shift,0.1,CG-Adaptive,4,1,2,390,380,10,97.4359
XSS,customxss,customxss,calc,PHP,anthropic/claude-opus-4.7,model_shift,0.1,CG-Adaptive,4,2,3,390,380,10,97.4359
XSS,customxss,customxss,calc,PHP,anthropic/claude-opus-4.7,model_shift,0.1,CG-Adaptive,4,3,3,390,380,10,97.4359
XSS,customxss,customxss,calc,PHP,anthropic/claude-opus-4.7,model_shift,0.1,CG-Adaptive,4,4,4,390,380,10,97.4359
XSS,customxss,customxss,calc,PHP,anthropic/claude-opus-4.7,model_shift,0.1,CG-Adaptive,4,5,4,390,380,10,97.4359
XSS,customxss,customxss,calc,PHP,anthropic/claude-opus-4.7,model_shift,0.1,CG-Adaptive,4,6,3,390,380,10,97.4359
XSS,customxss,customxss,calc,PHP,anthropic/claude-opus-4.7,model_shift,0.1,CG-Adaptive,4,7,4,390,380,10,97.4359
XSS,customxss,customxss,calc,PHP,anthropic/claude-opus-4.7,model_shift,0.1,CG-Adaptive,4,8,3,390,368,22,94.3590
XSS,customxss,customxss,calc,PHP,anthropic/claude-opus-4.7,model_shift,0.1,CG-Adaptive,4,9,6,390,390,0,100.0000
XSS,customxss,customxss,calc,PHP,anthropic/claude-opus-4.7,model_shift,0.1,CG-Adaptive,4,10,3,390,380,10,97.4359
XSS,customxss,customxss,calc,PHP,anthropic/claude-opus-4.7,model_shift,0.1,CG-Adaptive,5,1,2,377,376,1,99.7347
XSS,customxss,customxss,calc,PHP,anthropic/claude-opus-4.7,model_shift,0.1,CG-Adaptive,5,2,3,377,376,1,99.7347
XSS,customxss,customxss,calc,PHP,anthropic/claude-opus-4.7,model_shift,0.1,CG-Adaptive,5,3,3,377,376,1,99.7347
XSS,customxss,customxss,calc,PHP,anthropic/claude-opus-4.7,model_shift,0.1,CG-Adaptive,5,4,4,377,376,1,99.7347
XSS,customxss,customxss,calc,PHP,anthropic/claude-opus-4.7,model_shift,0.1,CG-Adaptive,5,5,4,377,376,1,99.7347
XSS,customxss,customxss,calc,PHP,anthropic/claude-opus-4.7,model_shift,0.1,CG-Adaptive,5,6,3,377,376,1,99.7347
XSS,customxss,customxss,calc,PHP,anthropic/claude-opus-4.7,model_shift,0.1,CG-Adaptive,5,7,4,377,376,1,99.7347
XSS,customxss,customxss,calc,PHP,anthropic/claude-opus-4.7,model_shift,0.1,CG-Adaptive,5,8,3,377,345,32,91.5119
XSS,customxss,customxss,calc,PHP,anthropic/claude-opus-4.7,model_shift,0.1,CG-Adaptive,5,9,6,377,377,0,100.0000
XSS,customxss,customxss,calc,PHP,anthropic/claude-opus-4.7,model_shift,0.1,CG-Adaptive,5,10,3,377,376,1,99.7347
XSS,customxss,customxss,calc,PHP,anthropic/claude-opus-4.7,model_shift,0.1,CG-Static,1,1,5,401,381,20,95.0125
XSS,customxss,customxss,calc,PHP,anthropic/claude-opus-4.7,model_shift,0.1,CG-Static,1,2,4,401,376,25,93.7656
XSS,customxss,customxss,calc,PHP,anthropic/claude-opus-4.7,model_shift,0.1,CG-Static,1,3,3,401,376,25,93.7656
XSS,customxss,customxss,calc,PHP,anthropic/claude-opus-4.7,model_shift,0.1,CG-Static,1,4,3,401,376,25,93.7656
XSS,customxss,customxss,calc,PHP,anthropic/claude-opus-4.7,model_shift,0.1,CG-Static,1,5,3,401,376,25,93.7656
XSS,customxss,customxss,calc,PHP,anthropic/claude-opus-4.7,model_shift,0.1,CG-Static,1,6,4,401,376,25,93.7656
XSS,customxss,customxss,calc,PHP,anthropic/claude-opus-4.7,model_shift,0.1,CG-Static,1,7,2,401,376,25,93.7656
XSS,customxss,customxss,calc,PHP,anthropic/claude-opus-4.7,model_shift,0.1,CG-Static,1,8,6,401,376,25,93.7656
XSS,customxss,customxss,calc,PHP,anthropic/claude-opus-4.7,model_shift,0.1,CG-Static,1,9,2,401,376,25,93.7656
XSS,customxss,customxss,calc,PHP,anthropic/claude-opus-4.7,model_shift,0.1,CG-Static,1,10,4,401,381,20,95.0125
XSS,customxss,customxss,calc,PHP,anthropic/claude-opus-4.7,model_shift,0.1,CG-Static,2,1,5,346,287,59,82.9480
XSS,customxss,customxss,calc,PHP,anthropic/claude-opus-4.7,model_shift,0.1,CG-Static,2,2,4,346,271,75,78.3237
XSS,customxss,customxss,calc,PHP,anthropic/claude-opus-4.7,model_shift,0.1,CG-Static,2,3,3,346,271,75,78.3237
XSS,customxss,customxss,calc,PHP,anthropic/claude-opus-4.7,model_shift,0.1,CG-Static,2,4,3,346,271,75,78.3237
XSS,customxss,customxss,calc,PHP,anthropic/claude-opus-4.7,model_shift,0.1,CG-Static,2,5,3,346,271,75,78.3237
XSS,customxss,customxss,calc,PHP,anthropic/claude-opus-4.7,model_shift,0.1,CG-Static,2,6,4,346,271,75,78.3237
XSS,customxss,customxss,calc,PHP,anthropic/claude-opus-4.7,model_shift,0.1,CG-Static,2,7,2,346,271,75,78.3237
XSS,customxss,customxss,calc,PHP,anthropic/claude-opus-4.7,model_shift,0.1,CG-Static,2,8,6,346,271,75,78.3237
XSS,customxss,customxss,calc,PHP,anthropic/claude-opus-4.7,model_shift,0.1,CG-Static,2,9,2,346,271,75,78.3237
XSS,customxss,customxss,calc,PHP,anthropic/claude-opus-4.7,model_shift,0.1,CG-Static,2,10,4,346,287,59,82.9480
XSS,customxss,customxss,calc,PHP,anthropic/claude-opus-4.7,model_shift,0.1,CG-Static,3,1,5,351,348,3,99.1453
XSS,customxss,customxss,calc,PHP,anthropic/claude-opus-4.7,model_shift,0.1,CG-Static,3,2,4,351,348,3,99.1453
XSS,customxss,customxss,calc,PHP,anthropic/claude-opus-4.7,model_shift,0.1,CG-Static,3,3,3,351,348,3,99.1453
XSS,customxss,customxss,calc,PHP,anthropic/claude-opus-4.7,model_shift,0.1,CG-Static,3,4,3,351,348,3,99.1453
XSS,customxss,customxss,calc,PHP,anthropic/claude-opus-4.7,model_shift,0.1,CG-Static,3,5,3,351,348,3,99.1453
XSS,customxss,customxss,calc,PHP,anthropic/claude-opus-4.7,model_shift,0.1,CG-Static,3,6,4,351,348,3,99.1453
XSS,customxss,customxss,calc,PHP,anthropic/claude-opus-4.7,model_shift,0.1,CG-Static,3,7,2,351,348,3,99.1453
XSS,customxss,customxss,calc,PHP,anthropic/claude-opus-4.7,model_shift,0.1,CG-Static,3,8,6,351,348,3,99.1453
XSS,customxss,customxss,calc,PHP,anthropic/claude-opus-4.7,model_shift,0.1,CG-Static,3,9,2,351,348,3,99.1453
XSS,customxss,customxss,calc,PHP,anthropic/claude-opus-4.7,model_shift,0.1,CG-Static,3,10,4,351,348,3,99.1453
XSS,customxss,customxss,calc,PHP,anthropic/claude-opus-4.7,model_shift,0.1,CG-Static,4,1,5,390,381,9,97.6923
XSS,customxss,customxss,calc,PHP,anthropic/claude-opus-4.7,model_shift,0.1,CG-Static,4,2,4,390,380,10,97.4359
XSS,customxss,customxss,calc,PHP,anthropic/claude-opus-4.7,model_shift,0.1,CG-Static,4,3,3,390,380,10,97.4359
XSS,customxss,customxss,calc,PHP,anthropic/claude-opus-4.7,model_shift,0.1,CG-Static,4,4,3,390,380,10,97.4359
XSS,customxss,customxss,calc,PHP,anthropic/claude-opus-4.7,model_shift,0.1,CG-Static,4,5,3,390,380,10,97.4359
XSS,customxss,customxss,calc,PHP,anthropic/claude-opus-4.7,model_shift,0.1,CG-Static,4,6,4,390,380,10,97.4359
XSS,customxss,customxss,calc,PHP,anthropic/claude-opus-4.7,model_shift,0.1,CG-Static,4,7,2,390,380,10,97.4359
XSS,customxss,customxss,calc,PHP,anthropic/claude-opus-4.7,model_shift,0.1,CG-Static,4,8,6,390,380,10,97.4359
XSS,customxss,customxss,calc,PHP,anthropic/claude-opus-4.7,model_shift,0.1,CG-Static,4,9,2,390,380,10,97.4359
XSS,customxss,customxss,calc,PHP,anthropic/claude-opus-4.7,model_shift,0.1,CG-Static,4,10,4,390,381,9,97.6923
XSS,customxss,customxss,calc,PHP,anthropic/claude-opus-4.7,model_shift,0.1,CG-Static,5,1,5,377,376,1,99.7347
XSS,customxss,customxss,calc,PHP,anthropic/claude-opus-4.7,model_shift,0.1,CG-Static,5,2,4,377,376,1,99.7347
XSS,customxss,customxss,calc,PHP,anthropic/claude-opus-4.7,model_shift,0.1,CG-Static,5,3,3,377,376,1,99.7347
XSS,customxss,customxss,calc,PHP,anthropic/claude-opus-4.7,model_shift,0.1,CG-Static,5,4,3,377,376,1,99.7347
XSS,customxss,customxss,calc,PHP,anthropic/claude-opus-4.7,model_shift,0.1,CG-Static,5,5,3,377,376,1,99.7347
XSS,customxss,customxss,calc,PHP,anthropic/claude-opus-4.7,model_shift,0.1,CG-Static,5,6,4,377,376,1,99.7347
XSS,customxss,customxss,calc,PHP,anthropic/claude-opus-4.7,model_shift,0.1,CG-Static,5,7,2,377,376,1,99.7347
XSS,customxss,customxss,calc,PHP,anthropic/claude-opus-4.7,model_shift,0.1,CG-Static,5,8,6,377,376,1,99.7347
XSS,customxss,customxss,calc,PHP,anthropic/claude-opus-4.7,model_shift,0.1,CG-Static,5,9,2,377,376,1,99.7347
XSS,customxss,customxss,calc,PHP,anthropic/claude-opus-4.7,model_shift,0.1,CG-Static,5,10,4,377,376,1,99.7347
XSS,customxss,customxss,calc,PHP,anthropic/claude-opus-4.7,model_shift,0.1,CRS-only,1,0,0,401,0,401,0.0000
XSS,customxss,customxss,calc,PHP,anthropic/claude-opus-4.7,model_shift,0.1,CRS-only,2,0,0,346,0,346,0.0000
XSS,customxss,customxss,calc,PHP,anthropic/claude-opus-4.7,model_shift,0.1,CRS-only,3,0,0,351,0,351,0.0000
XSS,customxss,customxss,calc,PHP,anthropic/claude-opus-4.7,model_shift,0.1,CRS-only,4,0,0,390,0,390,0.0000
XSS,customxss,customxss,calc,PHP,anthropic/claude-opus-4.7,model_shift,0.1,CRS-only,5,0,0,377,0,377,0.0000
XSS,customxss,customxss,calc,PHP,anthropic/claude-opus-4.7,model_shift,0.2,CG-Adaptive,1,1,3,401,376,25,93.7656
XSS,customxss,customxss,calc,PHP,anthropic/claude-opus-4.7,model_shift,0.2,CG-Adaptive,1,2,3,401,376,25,93.7656
XSS,customxss,customxss,calc,PHP,anthropic/claude-opus-4.7,model_shift,0.2,CG-Adaptive,1,3,4,401,381,20,95.0125
XSS,customxss,customxss,calc,PHP,anthropic/claude-opus-4.7,model_shift,0.2,CG-Adaptive,1,4,2,401,388,13,96.7581
XSS,customxss,customxss,calc,PHP,anthropic/claude-opus-4.7,model_shift,0.2,CG-Adaptive,1,5,4,401,299,102,74.5636
XSS,customxss,customxss,calc,PHP,anthropic/claude-opus-4.7,model_shift,0.2,CG-Adaptive,1,6,5,401,376,25,93.7656
XSS,customxss,customxss,calc,PHP,anthropic/claude-opus-4.7,model_shift,0.2,CG-Adaptive,1,7,2,401,376,25,93.7656
XSS,customxss,customxss,calc,PHP,anthropic/claude-opus-4.7,model_shift,0.2,CG-Adaptive,1,8,3,401,376,25,93.7656
XSS,customxss,customxss,calc,PHP,anthropic/claude-opus-4.7,model_shift,0.2,CG-Adaptive,1,9,4,401,381,20,95.0125
XSS,customxss,customxss,calc,PHP,anthropic/claude-opus-4.7,model_shift,0.2,CG-Adaptive,1,10,4,401,299,102,74.5636
XSS,customxss,customxss,calc,PHP,anthropic/claude-opus-4.7,model_shift,0.2,CG-Adaptive,2,1,3,346,271,75,78.3237
XSS,customxss,customxss,calc,PHP,anthropic/claude-opus-4.7,model_shift,0.2,CG-Adaptive,2,2,3,346,271,75,78.3237
XSS,customxss,customxss,calc,PHP,anthropic/claude-opus-4.7,model_shift,0.2,CG-Adaptive,2,3,4,346,287,59,82.9480
XSS,customxss,customxss,calc,PHP,anthropic/claude-opus-4.7,model_shift,0.2,CG-Adaptive,2,4,2,346,314,32,90.7514
XSS,customxss,customxss,calc,PHP,anthropic/claude-opus-4.7,model_shift,0.2,CG-Adaptive,2,5,4,346,233,113,67.3410
XSS,customxss,customxss,calc,PHP,anthropic/claude-opus-4.7,model_shift,0.2,CG-Adaptive,2,6,5,346,271,75,78.3237
XSS,customxss,customxss,calc,PHP,anthropic/claude-opus-4.7,model_shift,0.2,CG-Adaptive,2,7,2,346,271,75,78.3237
XSS,customxss,customxss,calc,PHP,anthropic/claude-opus-4.7,model_shift,0.2,CG-Adaptive,2,8,3,346,271,75,78.3237
XSS,customxss,customxss,calc,PHP,anthropic/claude-opus-4.7,model_shift,0.2,CG-Adaptive,2,9,4,346,287,59,82.9480
XSS,customxss,customxss,calc,PHP,anthropic/claude-opus-4.7,model_shift,0.2,CG-Adaptive,2,10,4,346,233,113,67.3410
XSS,customxss,customxss,calc,PHP,anthropic/claude-opus-4.7,model_shift,0.2,CG-Adaptive,3,1,3,351,348,3,99.1453
XSS,customxss,customxss,calc,PHP,anthropic/claude-opus-4.7,model_shift,0.2,CG-Adaptive,3,2,3,351,348,3,99.1453
XSS,customxss,customxss,calc,PHP,anthropic/claude-opus-4.7,model_shift,0.2,CG-Adaptive,3,3,4,351,348,3,99.1453
XSS,customxss,customxss,calc,PHP,anthropic/claude-opus-4.7,model_shift,0.2,CG-Adaptive,3,4,2,351,349,2,99.4302
XSS,customxss,customxss,calc,PHP,anthropic/claude-opus-4.7,model_shift,0.2,CG-Adaptive,3,5,4,351,283,68,80.6268
XSS,customxss,customxss,calc,PHP,anthropic/claude-opus-4.7,model_shift,0.2,CG-Adaptive,3,6,5,351,348,3,99.1453
XSS,customxss,customxss,calc,PHP,anthropic/claude-opus-4.7,model_shift,0.2,CG-Adaptive,3,7,2,351,348,3,99.1453
XSS,customxss,customxss,calc,PHP,anthropic/claude-opus-4.7,model_shift,0.2,CG-Adaptive,3,8,3,351,348,3,99.1453
XSS,customxss,customxss,calc,PHP,anthropic/claude-opus-4.7,model_shift,0.2,CG-Adaptive,3,9,4,351,348,3,99.1453
XSS,customxss,customxss,calc,PHP,anthropic/claude-opus-4.7,model_shift,0.2,CG-Adaptive,3,10,4,351,283,68,80.6268
XSS,customxss,customxss,calc,PHP,anthropic/claude-opus-4.7,model_shift,0.2,CG-Adaptive,4,1,3,390,380,10,97.4359
XSS,customxss,customxss,calc,PHP,anthropic/claude-opus-4.7,model_shift,0.2,CG-Adaptive,4,2,3,390,380,10,97.4359
XSS,customxss,customxss,calc,PHP,anthropic/claude-opus-4.7,model_shift,0.2,CG-Adaptive,4,3,4,390,381,9,97.6923
XSS,customxss,customxss,calc,PHP,anthropic/claude-opus-4.7,model_shift,0.2,CG-Adaptive,4,4,2,390,386,4,98.9744
XSS,customxss,customxss,calc,PHP,anthropic/claude-opus-4.7,model_shift,0.2,CG-Adaptive,4,5,4,390,368,22,94.3590
XSS,customxss,customxss,calc,PHP,anthropic/claude-opus-4.7,model_shift,0.2,CG-Adaptive,4,6,5,390,380,10,97.4359
XSS,customxss,customxss,calc,PHP,anthropic/claude-opus-4.7,model_shift,0.2,CG-Adaptive,4,7,2,390,380,10,97.4359
XSS,customxss,customxss,calc,PHP,anthropic/claude-opus-4.7,model_shift,0.2,CG-Adaptive,4,8,3,390,380,10,97.4359
XSS,customxss,customxss,calc,PHP,anthropic/claude-opus-4.7,model_shift,0.2,CG-Adaptive,4,9,4,390,381,9,97.6923
XSS,customxss,customxss,calc,PHP,anthropic/claude-opus-4.7,model_shift,0.2,CG-Adaptive,4,10,4,390,368,22,94.3590
XSS,customxss,customxss,calc,PHP,anthropic/claude-opus-4.7,model_shift,0.2,CG-Adaptive,5,1,3,377,376,1,99.7347
XSS,customxss,customxss,calc,PHP,anthropic/claude-opus-4.7,model_shift,0.2,CG-Adaptive,5,2,3,377,376,1,99.7347
XSS,customxss,customxss,calc,PHP,anthropic/claude-opus-4.7,model_shift,0.2,CG-Adaptive,5,3,4,377,376,1,99.7347
XSS,customxss,customxss,calc,PHP,anthropic/claude-opus-4.7,model_shift,0.2,CG-Adaptive,5,4,2,377,377,0,100.0000
XSS,customxss,customxss,calc,PHP,anthropic/claude-opus-4.7,model_shift,0.2,CG-Adaptive,5,5,4,377,345,32,91.5119
XSS,customxss,customxss,calc,PHP,anthropic/claude-opus-4.7,model_shift,0.2,CG-Adaptive,5,6,5,377,376,1,99.7347
XSS,customxss,customxss,calc,PHP,anthropic/claude-opus-4.7,model_shift,0.2,CG-Adaptive,5,7,2,377,376,1,99.7347
XSS,customxss,customxss,calc,PHP,anthropic/claude-opus-4.7,model_shift,0.2,CG-Adaptive,5,8,3,377,376,1,99.7347
XSS,customxss,customxss,calc,PHP,anthropic/claude-opus-4.7,model_shift,0.2,CG-Adaptive,5,9,4,377,376,1,99.7347
XSS,customxss,customxss,calc,PHP,anthropic/claude-opus-4.7,model_shift,0.2,CG-Adaptive,5,10,4,377,345,32,91.5119
XSS,customxss,customxss,calc,PHP,anthropic/claude-opus-4.7,model_shift,0.2,CG-Static,1,1,5,401,376,25,93.7656
XSS,customxss,customxss,calc,PHP,anthropic/claude-opus-4.7,model_shift,0.2,CG-Static,1,2,7,401,376,25,93.7656
XSS,customxss,customxss,calc,PHP,anthropic/claude-opus-4.7,model_shift,0.2,CG-Static,1,3,3,401,376,25,93.7656
XSS,customxss,customxss,calc,PHP,anthropic/claude-opus-4.7,model_shift,0.2,CG-Static,1,4,11,401,376,25,93.7656
XSS,customxss,customxss,calc,PHP,anthropic/claude-opus-4.7,model_shift,0.2,CG-Static,1,5,4,401,376,25,93.7656
XSS,customxss,customxss,calc,PHP,anthropic/claude-opus-4.7,model_shift,0.2,CG-Static,1,6,7,401,376,25,93.7656
XSS,customxss,customxss,calc,PHP,anthropic/claude-opus-4.7,model_shift,0.2,CG-Static,1,7,4,401,376,25,93.7656
XSS,customxss,customxss,calc,PHP,anthropic/claude-opus-4.7,model_shift,0.2,CG-Static,1,8,4,401,376,25,93.7656
XSS,customxss,customxss,calc,PHP,anthropic/claude-opus-4.7,model_shift,0.2,CG-Static,1,9,2,401,376,25,93.7656
XSS,customxss,customxss,calc,PHP,anthropic/claude-opus-4.7,model_shift,0.2,CG-Static,1,10,4,401,376,25,93.7656
XSS,customxss,customxss,calc,PHP,anthropic/claude-opus-4.7,model_shift,0.2,CG-Static,2,1,5,346,271,75,78.3237
XSS,customxss,customxss,calc,PHP,anthropic/claude-opus-4.7,model_shift,0.2,CG-Static,2,2,7,346,271,75,78.3237
XSS,customxss,customxss,calc,PHP,anthropic/claude-opus-4.7,model_shift,0.2,CG-Static,2,3,3,346,271,75,78.3237
XSS,customxss,customxss,calc,PHP,anthropic/claude-opus-4.7,model_shift,0.2,CG-Static,2,4,11,346,271,75,78.3237
XSS,customxss,customxss,calc,PHP,anthropic/claude-opus-4.7,model_shift,0.2,CG-Static,2,5,4,346,271,75,78.3237
XSS,customxss,customxss,calc,PHP,anthropic/claude-opus-4.7,model_shift,0.2,CG-Static,2,6,7,346,271,75,78.3237
XSS,customxss,customxss,calc,PHP,anthropic/claude-opus-4.7,model_shift,0.2,CG-Static,2,7,4,346,271,75,78.3237
XSS,customxss,customxss,calc,PHP,anthropic/claude-opus-4.7,model_shift,0.2,CG-Static,2,8,4,346,271,75,78.3237
XSS,customxss,customxss,calc,PHP,anthropic/claude-opus-4.7,model_shift,0.2,CG-Static,2,9,2,346,271,75,78.3237
XSS,customxss,customxss,calc,PHP,anthropic/claude-opus-4.7,model_shift,0.2,CG-Static,2,10,4,346,271,75,78.3237
XSS,customxss,customxss,calc,PHP,anthropic/claude-opus-4.7,model_shift,0.2,CG-Static,3,1,5,351,348,3,99.1453
XSS,customxss,customxss,calc,PHP,anthropic/claude-opus-4.7,model_shift,0.2,CG-Static,3,2,7,351,348,3,99.1453
XSS,customxss,customxss,calc,PHP,anthropic/claude-opus-4.7,model_shift,0.2,CG-Static,3,3,3,351,348,3,99.1453
XSS,customxss,customxss,calc,PHP,anthropic/claude-opus-4.7,model_shift,0.2,CG-Static,3,4,11,351,348,3,99.1453
XSS,customxss,customxss,calc,PHP,anthropic/claude-opus-4.7,model_shift,0.2,CG-Static,3,5,4,351,348,3,99.1453
XSS,customxss,customxss,calc,PHP,anthropic/claude-opus-4.7,model_shift,0.2,CG-Static,3,6,7,351,348,3,99.1453
XSS,customxss,customxss,calc,PHP,anthropic/claude-opus-4.7,model_shift,0.2,CG-Static,3,7,4,351,348,3,99.1453
XSS,customxss,customxss,calc,PHP,anthropic/claude-opus-4.7,model_shift,0.2,CG-Static,3,8,4,351,348,3,99.1453
XSS,customxss,customxss,calc,PHP,anthropic/claude-opus-4.7,model_shift,0.2,CG-Static,3,9,2,351,348,3,99.1453
XSS,customxss,customxss,calc,PHP,anthropic/claude-opus-4.7,model_shift,0.2,CG-Static,3,10,4,351,348,3,99.1453
XSS,customxss,customxss,calc,PHP,anthropic/claude-opus-4.7,model_shift,0.2,CG-Static,4,1,5,390,380,10,97.4359
XSS,customxss,customxss,calc,PHP,anthropic/claude-opus-4.7,model_shift,0.2,CG-Static,4,2,7,390,380,10,97.4359
XSS,customxss,customxss,calc,PHP,anthropic/claude-opus-4.7,model_shift,0.2,CG-Static,4,3,3,390,380,10,97.4359
XSS,customxss,customxss,calc,PHP,anthropic/claude-opus-4.7,model_shift,0.2,CG-Static,4,4,11,390,380,10,97.4359
XSS,customxss,customxss,calc,PHP,anthropic/claude-opus-4.7,model_shift,0.2,CG-Static,4,5,4,390,380,10,97.4359
XSS,customxss,customxss,calc,PHP,anthropic/claude-opus-4.7,model_shift,0.2,CG-Static,4,6,7,390,380,10,97.4359
XSS,customxss,customxss,calc,PHP,anthropic/claude-opus-4.7,model_shift,0.2,CG-Static,4,7,4,390,380,10,97.4359
XSS,customxss,customxss,calc,PHP,anthropic/claude-opus-4.7,model_shift,0.2,CG-Static,4,8,4,390,380,10,97.4359
XSS,customxss,customxss,calc,PHP,anthropic/claude-opus-4.7,model_shift,0.2,CG-Static,4,9,2,390,380,10,97.4359
XSS,customxss,customxss,calc,PHP,anthropic/claude-opus-4.7,model_shift,0.2,CG-Static,4,10,4,390,380,10,97.4359
XSS,customxss,customxss,calc,PHP,anthropic/claude-opus-4.7,model_shift,0.2,CG-Static,5,1,5,377,376,1,99.7347
XSS,customxss,customxss,calc,PHP,anthropic/claude-opus-4.7,model_shift,0.2,CG-Static,5,2,7,377,376,1,99.7347
XSS,customxss,customxss,calc,PHP,anthropic/claude-opus-4.7,model_shift,0.2,CG-Static,5,3,3,377,376,1,99.7347
XSS,customxss,customxss,calc,PHP,anthropic/claude-opus-4.7,model_shift,0.2,CG-Static,5,4,11,377,376,1,99.7347
XSS,customxss,customxss,calc,PHP,anthropic/claude-opus-4.7,model_shift,0.2,CG-Static,5,5,4,377,376,1,99.7347
XSS,customxss,customxss,calc,PHP,anthropic/claude-opus-4.7,model_shift,0.2,CG-Static,5,6,7,377,376,1,99.7347
XSS,customxss,customxss,calc,PHP,anthropic/claude-opus-4.7,model_shift,0.2,CG-Static,5,7,4,377,376,1,99.7347
XSS,customxss,customxss,calc,PHP,anthropic/claude-opus-4.7,model_shift,0.2,CG-Static,5,8,4,377,376,1,99.7347
XSS,customxss,customxss,calc,PHP,anthropic/claude-opus-4.7,model_shift,0.2,CG-Static,5,9,2,377,376,1,99.7347
XSS,customxss,customxss,calc,PHP,anthropic/claude-opus-4.7,model_shift,0.2,CG-Static,5,10,4,377,376,1,99.7347
XSS,customxss,customxss,calc,PHP,anthropic/claude-opus-4.7,model_shift,0.2,CRS-only,1,0,0,401,0,401,0.0000
XSS,customxss,customxss,calc,PHP,anthropic/claude-opus-4.7,model_shift,0.2,CRS-only,2,0,0,346,0,346,0.0000
XSS,customxss,customxss,calc,PHP,anthropic/claude-opus-4.7,model_shift,0.2,CRS-only,3,0,0,351,0,351,0.0000
XSS,customxss,customxss,calc,PHP,anthropic/claude-opus-4.7,model_shift,0.2,CRS-only,4,0,0,390,0,390,0.0000
XSS,customxss,customxss,calc,PHP,anthropic/claude-opus-4.7,model_shift,0.2,CRS-only,5,0,0,377,0,377,0.0000
XSS,customxss,customxss,calc,PHP,anthropic/claude-opus-4.7,model_shift,0.3,CG-Adaptive,1,1,3,401,299,102,74.5636
XSS,customxss,customxss,calc,PHP,anthropic/claude-opus-4.7,model_shift,0.3,CG-Adaptive,1,2,5,401,376,25,93.7656
XSS,customxss,customxss,calc,PHP,anthropic/claude-opus-4.7,model_shift,0.3,CG-Adaptive,1,3,5,401,376,25,93.7656
XSS,customxss,customxss,calc,PHP,anthropic/claude-opus-4.7,model_shift,0.3,CG-Adaptive,1,4,4,401,376,25,93.7656
XSS,customxss,customxss,calc,PHP,anthropic/claude-opus-4.7,model_shift,0.3,CG-Adaptive,1,5,3,401,376,25,93.7656
XSS,customxss,customxss,calc,PHP,anthropic/claude-opus-4.7,model_shift,0.3,CG-Adaptive,1,6,3,401,376,25,93.7656
XSS,customxss,customxss,calc,PHP,anthropic/claude-opus-4.7,model_shift,0.3,CG-Adaptive,1,7,3,401,381,20,95.0125
XSS,customxss,customxss,calc,PHP,anthropic/claude-opus-4.7,model_shift,0.3,CG-Adaptive,1,8,6,401,401,0,100.0000
XSS,customxss,customxss,calc,PHP,anthropic/claude-opus-4.7,model_shift,0.3,CG-Adaptive,1,9,3,401,376,25,93.7656
XSS,customxss,customxss,calc,PHP,anthropic/claude-opus-4.7,model_shift,0.3,CG-Adaptive,1,10,4,401,376,25,93.7656
XSS,customxss,customxss,calc,PHP,anthropic/claude-opus-4.7,model_shift,0.3,CG-Adaptive,2,1,3,346,233,113,67.3410
XSS,customxss,customxss,calc,PHP,anthropic/claude-opus-4.7,model_shift,0.3,CG-Adaptive,2,2,5,346,271,75,78.3237
XSS,customxss,customxss,calc,PHP,anthropic/claude-opus-4.7,model_shift,0.3,CG-Adaptive,2,3,5,346,271,75,78.3237
XSS,customxss,customxss,calc,PHP,anthropic/claude-opus-4.7,model_shift,0.3,CG-Adaptive,2,4,4,346,271,75,78.3237
XSS,customxss,customxss,calc,PHP,anthropic/claude-opus-4.7,model_shift,0.3,CG-Adaptive,2,5,3,346,271,75,78.3237
XSS,customxss,customxss,calc,PHP,anthropic/claude-opus-4.7,model_shift,0.3,CG-Adaptive,2,6,3,346,271,75,78.3237
XSS,customxss,customxss,calc,PHP,anthropic/claude-opus-4.7,model_shift,0.3,CG-Adaptive,2,7,3,346,287,59,82.9480
XSS,customxss,customxss,calc,PHP,anthropic/claude-opus-4.7,model_shift,0.3,CG-Adaptive,2,8,6,346,335,11,96.8208
XSS,customxss,customxss,calc,PHP,anthropic/claude-opus-4.7,model_shift,0.3,CG-Adaptive,2,9,3,346,271,75,78.3237
XSS,customxss,customxss,calc,PHP,anthropic/claude-opus-4.7,model_shift,0.3,CG-Adaptive,2,10,4,346,271,75,78.3237
XSS,customxss,customxss,calc,PHP,anthropic/claude-opus-4.7,model_shift,0.3,CG-Adaptive,3,1,3,351,283,68,80.6268
XSS,customxss,customxss,calc,PHP,anthropic/claude-opus-4.7,model_shift,0.3,CG-Adaptive,3,2,5,351,348,3,99.1453
XSS,customxss,customxss,calc,PHP,anthropic/claude-opus-4.7,model_shift,0.3,CG-Adaptive,3,3,5,351,348,3,99.1453
XSS,customxss,customxss,calc,PHP,anthropic/claude-opus-4.7,model_shift,0.3,CG-Adaptive,3,4,4,351,348,3,99.1453
XSS,customxss,customxss,calc,PHP,anthropic/claude-opus-4.7,model_shift,0.3,CG-Adaptive,3,5,3,351,348,3,99.1453
XSS,customxss,customxss,calc,PHP,anthropic/claude-opus-4.7,model_shift,0.3,CG-Adaptive,3,6,3,351,348,3,99.1453
XSS,customxss,customxss,calc,PHP,anthropic/claude-opus-4.7,model_shift,0.3,CG-Adaptive,3,7,3,351,348,3,99.1453
XSS,customxss,customxss,calc,PHP,anthropic/claude-opus-4.7,model_shift,0.3,CG-Adaptive,3,8,6,351,350,1,99.7151
XSS,customxss,customxss,calc,PHP,anthropic/claude-opus-4.7,model_shift,0.3,CG-Adaptive,3,9,3,351,348,3,99.1453
XSS,customxss,customxss,calc,PHP,anthropic/claude-opus-4.7,model_shift,0.3,CG-Adaptive,3,10,4,351,348,3,99.1453
XSS,customxss,customxss,calc,PHP,anthropic/claude-opus-4.7,model_shift,0.3,CG-Adaptive,4,1,3,390,368,22,94.3590
XSS,customxss,customxss,calc,PHP,anthropic/claude-opus-4.7,model_shift,0.3,CG-Adaptive,4,2,5,390,380,10,97.4359
XSS,customxss,customxss,calc,PHP,anthropic/claude-opus-4.7,model_shift,0.3,CG-Adaptive,4,3,5,390,380,10,97.4359
XSS,customxss,customxss,calc,PHP,anthropic/claude-opus-4.7,model_shift,0.3,CG-Adaptive,4,4,4,390,380,10,97.4359
XSS,customxss,customxss,calc,PHP,anthropic/claude-opus-4.7,model_shift,0.3,CG-Adaptive,4,5,3,390,380,10,97.4359
XSS,customxss,customxss,calc,PHP,anthropic/claude-opus-4.7,model_shift,0.3,CG-Adaptive,4,6,3,390,380,10,97.4359
XSS,customxss,customxss,calc,PHP,anthropic/claude-opus-4.7,model_shift,0.3,CG-Adaptive,4,7,3,390,381,9,97.6923
XSS,customxss,customxss,calc,PHP,anthropic/claude-opus-4.7,model_shift,0.3,CG-Adaptive,4,8,6,390,387,3,99.2308
XSS,customxss,customxss,calc,PHP,anthropic/claude-opus-4.7,model_shift,0.3,CG-Adaptive,4,9,3,390,380,10,97.4359
XSS,customxss,customxss,calc,PHP,anthropic/claude-opus-4.7,model_shift,0.3,CG-Adaptive,4,10,4,390,380,10,97.4359
XSS,customxss,customxss,calc,PHP,anthropic/claude-opus-4.7,model_shift,0.3,CG-Adaptive,5,1,3,377,345,32,91.5119
XSS,customxss,customxss,calc,PHP,anthropic/claude-opus-4.7,model_shift,0.3,CG-Adaptive,5,2,5,377,376,1,99.7347
XSS,customxss,customxss,calc,PHP,anthropic/claude-opus-4.7,model_shift,0.3,CG-Adaptive,5,3,5,377,376,1,99.7347
XSS,customxss,customxss,calc,PHP,anthropic/claude-opus-4.7,model_shift,0.3,CG-Adaptive,5,4,4,377,376,1,99.7347
XSS,customxss,customxss,calc,PHP,anthropic/claude-opus-4.7,model_shift,0.3,CG-Adaptive,5,5,3,377,376,1,99.7347
XSS,customxss,customxss,calc,PHP,anthropic/claude-opus-4.7,model_shift,0.3,CG-Adaptive,5,6,3,377,376,1,99.7347
XSS,customxss,customxss,calc,PHP,anthropic/claude-opus-4.7,model_shift,0.3,CG-Adaptive,5,7,3,377,376,1,99.7347
XSS,customxss,customxss,calc,PHP,anthropic/claude-opus-4.7,model_shift,0.3,CG-Adaptive,5,8,6,377,377,0,100.0000
XSS,customxss,customxss,calc,PHP,anthropic/claude-opus-4.7,model_shift,0.3,CG-Adaptive,5,9,3,377,376,1,99.7347
XSS,customxss,customxss,calc,PHP,anthropic/claude-opus-4.7,model_shift,0.3,CG-Adaptive,5,10,4,377,376,1,99.7347
XSS,customxss,customxss,calc,PHP,anthropic/claude-opus-4.7,model_shift,0.3,CG-Static,1,1,6,401,376,25,93.7656
XSS,customxss,customxss,calc,PHP,anthropic/claude-opus-4.7,model_shift,0.3,CG-Static,1,2,5,401,381,20,95.0125
XSS,customxss,customxss,calc,PHP,anthropic/claude-opus-4.7,model_shift,0.3,CG-Static,1,3,3,401,376,25,93.7656
XSS,customxss,customxss,calc,PHP,anthropic/claude-opus-4.7,model_shift,0.3,CG-Static,1,4,6,401,376,25,93.7656
XSS,customxss,customxss,calc,PHP,anthropic/claude-opus-4.7,model_shift,0.3,CG-Static,1,5,2,401,376,25,93.7656
XSS,customxss,customxss,calc,PHP,anthropic/claude-opus-4.7,model_shift,0.3,CG-Static,1,6,3,401,376,25,93.7656
XSS,customxss,customxss,calc,PHP,anthropic/claude-opus-4.7,model_shift,0.3,CG-Static,1,7,2,401,376,25,93.7656
XSS,customxss,customxss,calc,PHP,anthropic/claude-opus-4.7,model_shift,0.3,CG-Static,1,8,6,401,376,25,93.7656
XSS,customxss,customxss,calc,PHP,anthropic/claude-opus-4.7,model_shift,0.3,CG-Static,1,9,2,401,376,25,93.7656
XSS,customxss,customxss,calc,PHP,anthropic/claude-opus-4.7,model_shift,0.3,CG-Static,1,10,4,401,376,25,93.7656
XSS,customxss,customxss,calc,PHP,anthropic/claude-opus-4.7,model_shift,0.3,CG-Static,2,1,6,346,271,75,78.3237
XSS,customxss,customxss,calc,PHP,anthropic/claude-opus-4.7,model_shift,0.3,CG-Static,2,2,5,346,287,59,82.9480
XSS,customxss,customxss,calc,PHP,anthropic/claude-opus-4.7,model_shift,0.3,CG-Static,2,3,3,346,271,75,78.3237
XSS,customxss,customxss,calc,PHP,anthropic/claude-opus-4.7,model_shift,0.3,CG-Static,2,4,6,346,271,75,78.3237
XSS,customxss,customxss,calc,PHP,anthropic/claude-opus-4.7,model_shift,0.3,CG-Static,2,5,2,346,271,75,78.3237
XSS,customxss,customxss,calc,PHP,anthropic/claude-opus-4.7,model_shift,0.3,CG-Static,2,6,3,346,271,75,78.3237
XSS,customxss,customxss,calc,PHP,anthropic/claude-opus-4.7,model_shift,0.3,CG-Static,2,7,2,346,271,75,78.3237
XSS,customxss,customxss,calc,PHP,anthropic/claude-opus-4.7,model_shift,0.3,CG-Static,2,8,6,346,271,75,78.3237
XSS,customxss,customxss,calc,PHP,anthropic/claude-opus-4.7,model_shift,0.3,CG-Static,2,9,2,346,271,75,78.3237
XSS,customxss,customxss,calc,PHP,anthropic/claude-opus-4.7,model_shift,0.3,CG-Static,2,10,4,346,271,75,78.3237
XSS,customxss,customxss,calc,PHP,anthropic/claude-opus-4.7,model_shift,0.3,CG-Static,3,1,6,351,348,3,99.1453
XSS,customxss,customxss,calc,PHP,anthropic/claude-opus-4.7,model_shift,0.3,CG-Static,3,2,5,351,348,3,99.1453
XSS,customxss,customxss,calc,PHP,anthropic/claude-opus-4.7,model_shift,0.3,CG-Static,3,3,3,351,348,3,99.1453
XSS,customxss,customxss,calc,PHP,anthropic/claude-opus-4.7,model_shift,0.3,CG-Static,3,4,6,351,348,3,99.1453
XSS,customxss,customxss,calc,PHP,anthropic/claude-opus-4.7,model_shift,0.3,CG-Static,3,5,2,351,348,3,99.1453
XSS,customxss,customxss,calc,PHP,anthropic/claude-opus-4.7,model_shift,0.3,CG-Static,3,6,3,351,348,3,99.1453
XSS,customxss,customxss,calc,PHP,anthropic/claude-opus-4.7,model_shift,0.3,CG-Static,3,7,2,351,348,3,99.1453
XSS,customxss,customxss,calc,PHP,anthropic/claude-opus-4.7,model_shift,0.3,CG-Static,3,8,6,351,348,3,99.1453
XSS,customxss,customxss,calc,PHP,anthropic/claude-opus-4.7,model_shift,0.3,CG-Static,3,9,2,351,348,3,99.1453
XSS,customxss,customxss,calc,PHP,anthropic/claude-opus-4.7,model_shift,0.3,CG-Static,3,10,4,351,348,3,99.1453
XSS,customxss,customxss,calc,PHP,anthropic/claude-opus-4.7,model_shift,0.3,CG-Static,4,1,6,390,380,10,97.4359
XSS,customxss,customxss,calc,PHP,anthropic/claude-opus-4.7,model_shift,0.3,CG-Static,4,2,5,390,381,9,97.6923
XSS,customxss,customxss,calc,PHP,anthropic/claude-opus-4.7,model_shift,0.3,CG-Static,4,3,3,390,380,10,97.4359
XSS,customxss,customxss,calc,PHP,anthropic/claude-opus-4.7,model_shift,0.3,CG-Static,4,4,6,390,380,10,97.4359
XSS,customxss,customxss,calc,PHP,anthropic/claude-opus-4.7,model_shift,0.3,CG-Static,4,5,2,390,380,10,97.4359
XSS,customxss,customxss,calc,PHP,anthropic/claude-opus-4.7,model_shift,0.3,CG-Static,4,6,3,390,380,10,97.4359
XSS,customxss,customxss,calc,PHP,anthropic/claude-opus-4.7,model_shift,0.3,CG-Static,4,7,2,390,380,10,97.4359
XSS,customxss,customxss,calc,PHP,anthropic/claude-opus-4.7,model_shift,0.3,CG-Static,4,8,6,390,380,10,97.4359
XSS,customxss,customxss,calc,PHP,anthropic/claude-opus-4.7,model_shift,0.3,CG-Static,4,9,2,390,380,10,97.4359
XSS,customxss,customxss,calc,PHP,anthropic/claude-opus-4.7,model_shift,0.3,CG-Static,4,10,4,390,380,10,97.4359
XSS,customxss,customxss,calc,PHP,anthropic/claude-opus-4.7,model_shift,0.3,CG-Static,5,1,6,377,376,1,99.7347
XSS,customxss,customxss,calc,PHP,anthropic/claude-opus-4.7,model_shift,0.3,CG-Static,5,2,5,377,376,1,99.7347
XSS,customxss,customxss,calc,PHP,anthropic/claude-opus-4.7,model_shift,0.3,CG-Static,5,3,3,377,376,1,99.7347
XSS,customxss,customxss,calc,PHP,anthropic/claude-opus-4.7,model_shift,0.3,CG-Static,5,4,6,377,376,1,99.7347
XSS,customxss,customxss,calc,PHP,anthropic/claude-opus-4.7,model_shift,0.3,CG-Static,5,5,2,377,376,1,99.7347
XSS,customxss,customxss,calc,PHP,anthropic/claude-opus-4.7,model_shift,0.3,CG-Static,5,6,3,377,376,1,99.7347
XSS,customxss,customxss,calc,PHP,anthropic/claude-opus-4.7,model_shift,0.3,CG-Static,5,7,2,377,376,1,99.7347
XSS,customxss,customxss,calc,PHP,anthropic/claude-opus-4.7,model_shift,0.3,CG-Static,5,8,6,377,376,1,99.7347
XSS,customxss,customxss,calc,PHP,anthropic/claude-opus-4.7,model_shift,0.3,CG-Static,5,9,2,377,376,1,99.7347
XSS,customxss,customxss,calc,PHP,anthropic/claude-opus-4.7,model_shift,0.3,CG-Static,5,10,4,377,376,1,99.7347
XSS,customxss,customxss,calc,PHP,anthropic/claude-opus-4.7,model_shift,0.3,CRS-only,1,0,0,401,0,401,0.0000
XSS,customxss,customxss,calc,PHP,anthropic/claude-opus-4.7,model_shift,0.3,CRS-only,2,0,0,346,0,346,0.0000
XSS,customxss,customxss,calc,PHP,anthropic/claude-opus-4.7,model_shift,0.3,CRS-only,3,0,0,351,0,351,0.0000
XSS,customxss,customxss,calc,PHP,anthropic/claude-opus-4.7,model_shift,0.3,CRS-only,4,0,0,390,0,390,0.0000
XSS,customxss,customxss,calc,PHP,anthropic/claude-opus-4.7,model_shift,0.3,CRS-only,5,0,0,377,0,377,0.0000
XSS,customxss,customxss,calc,PHP,anthropic/claude-opus-4.7,model_shift,0.4,CG-Adaptive,1,1,2,401,376,25,93.7656
XSS,customxss,customxss,calc,PHP,anthropic/claude-opus-4.7,model_shift,0.4,CG-Adaptive,1,2,4,401,376,25,93.7656
XSS,customxss,customxss,calc,PHP,anthropic/claude-opus-4.7,model_shift,0.4,CG-Adaptive,1,3,2,401,376,25,93.7656
XSS,customxss,customxss,calc,PHP,anthropic/claude-opus-4.7,model_shift,0.4,CG-Adaptive,1,4,2,401,376,25,93.7656
XSS,customxss,customxss,calc,PHP,anthropic/claude-opus-4.7,model_shift,0.4,CG-Adaptive,1,5,5,401,376,25,93.7656
XSS,customxss,customxss,calc,PHP,anthropic/claude-opus-4.7,model_shift,0.4,CG-Adaptive,1,6,4,401,299,102,74.5636
XSS,customxss,customxss,calc,PHP,anthropic/claude-opus-4.7,model_shift,0.4,CG-Adaptive,1,7,3,401,299,102,74.5636
XSS,customxss,customxss,calc,PHP,anthropic/claude-opus-4.7,model_shift,0.4,CG-Adaptive,1,8,3,401,299,102,74.5636
XSS,customxss,customxss,calc,PHP,anthropic/claude-opus-4.7,model_shift,0.4,CG-Adaptive,1,9,5,401,376,25,93.7656
XSS,customxss,customxss,calc,PHP,anthropic/claude-opus-4.7,model_shift,0.4,CG-Adaptive,1,10,4,401,376,25,93.7656
XSS,customxss,customxss,calc,PHP,anthropic/claude-opus-4.7,model_shift,0.4,CG-Adaptive,2,1,2,346,271,75,78.3237
XSS,customxss,customxss,calc,PHP,anthropic/claude-opus-4.7,model_shift,0.4,CG-Adaptive,2,2,4,346,271,75,78.3237
XSS,customxss,customxss,calc,PHP,anthropic/claude-opus-4.7,model_shift,0.4,CG-Adaptive,2,3,2,346,271,75,78.3237
XSS,customxss,customxss,calc,PHP,anthropic/claude-opus-4.7,model_shift,0.4,CG-Adaptive,2,4,2,346,271,75,78.3237
XSS,customxss,customxss,calc,PHP,anthropic/claude-opus-4.7,model_shift,0.4,CG-Adaptive,2,5,5,346,271,75,78.3237
XSS,customxss,customxss,calc,PHP,anthropic/claude-opus-4.7,model_shift,0.4,CG-Adaptive,2,6,4,346,233,113,67.3410
XSS,customxss,customxss,calc,PHP,anthropic/claude-opus-4.7,model_shift,0.4,CG-Adaptive,2,7,3,346,233,113,67.3410
XSS,customxss,customxss,calc,PHP,anthropic/claude-opus-4.7,model_shift,0.4,CG-Adaptive,2,8,3,346,233,113,67.3410
XSS,customxss,customxss,calc,PHP,anthropic/claude-opus-4.7,model_shift,0.4,CG-Adaptive,2,9,5,346,271,75,78.3237
XSS,customxss,customxss,calc,PHP,anthropic/claude-opus-4.7,model_shift,0.4,CG-Adaptive,2,10,4,346,271,75,78.3237
XSS,customxss,customxss,calc,PHP,anthropic/claude-opus-4.7,model_shift,0.4,CG-Adaptive,3,1,2,351,348,3,99.1453
XSS,customxss,customxss,calc,PHP,anthropic/claude-opus-4.7,model_shift,0.4,CG-Adaptive,3,2,4,351,348,3,99.1453
XSS,customxss,customxss,calc,PHP,anthropic/claude-opus-4.7,model_shift,0.4,CG-Adaptive,3,3,2,351,348,3,99.1453
XSS,customxss,customxss,calc,PHP,anthropic/claude-opus-4.7,model_shift,0.4,CG-Adaptive,3,4,2,351,348,3,99.1453
XSS,customxss,customxss,calc,PHP,anthropic/claude-opus-4.7,model_shift,0.4,CG-Adaptive,3,5,5,351,348,3,99.1453
XSS,customxss,customxss,calc,PHP,anthropic/claude-opus-4.7,model_shift,0.4,CG-Adaptive,3,6,4,351,283,68,80.6268
XSS,customxss,customxss,calc,PHP,anthropic/claude-opus-4.7,model_shift,0.4,CG-Adaptive,3,7,3,351,283,68,80.6268
XSS,customxss,customxss,calc,PHP,anthropic/claude-opus-4.7,model_shift,0.4,CG-Adaptive,3,8,3,351,283,68,80.6268
XSS,customxss,customxss,calc,PHP,anthropic/claude-opus-4.7,model_shift,0.4,CG-Adaptive,3,9,5,351,348,3,99.1453
XSS,customxss,customxss,calc,PHP,anthropic/claude-opus-4.7,model_shift,0.4,CG-Adaptive,3,10,4,351,348,3,99.1453
XSS,customxss,customxss,calc,PHP,anthropic/claude-opus-4.7,model_shift,0.4,CG-Adaptive,4,1,2,390,380,10,97.4359
XSS,customxss,customxss,calc,PHP,anthropic/claude-opus-4.7,model_shift,0.4,CG-Adaptive,4,2,4,390,380,10,97.4359
XSS,customxss,customxss,calc,PHP,anthropic/claude-opus-4.7,model_shift,0.4,CG-Adaptive,4,3,2,390,380,10,97.4359
XSS,customxss,customxss,calc,PHP,anthropic/claude-opus-4.7,model_shift,0.4,CG-Adaptive,4,4,2,390,380,10,97.4359
XSS,customxss,customxss,calc,PHP,anthropic/claude-opus-4.7,model_shift,0.4,CG-Adaptive,4,5,5,390,380,10,97.4359
XSS,customxss,customxss,calc,PHP,anthropic/claude-opus-4.7,model_shift,0.4,CG-Adaptive,4,6,4,390,368,22,94.3590
XSS,customxss,customxss,calc,PHP,anthropic/claude-opus-4.7,model_shift,0.4,CG-Adaptive,4,7,3,390,368,22,94.3590
XSS,customxss,customxss,calc,PHP,anthropic/claude-opus-4.7,model_shift,0.4,CG-Adaptive,4,8,3,390,368,22,94.3590
XSS,customxss,customxss,calc,PHP,anthropic/claude-opus-4.7,model_shift,0.4,CG-Adaptive,4,9,5,390,380,10,97.4359
XSS,customxss,customxss,calc,PHP,anthropic/claude-opus-4.7,model_shift,0.4,CG-Adaptive,4,10,4,390,380,10,97.4359
XSS,customxss,customxss,calc,PHP,anthropic/claude-opus-4.7,model_shift,0.4,CG-Adaptive,5,1,2,377,376,1,99.7347
XSS,customxss,customxss,calc,PHP,anthropic/claude-opus-4.7,model_shift,0.4,CG-Adaptive,5,2,4,377,376,1,99.7347
XSS,customxss,customxss,calc,PHP,anthropic/claude-opus-4.7,model_shift,0.4,CG-Adaptive,5,3,2,377,376,1,99.7347
XSS,customxss,customxss,calc,PHP,anthropic/claude-opus-4.7,model_shift,0.4,CG-Adaptive,5,4,2,377,376,1,99.7347
XSS,customxss,customxss,calc,PHP,anthropic/claude-opus-4.7,model_shift,0.4,CG-Adaptive,5,5,5,377,376,1,99.7347
XSS,customxss,customxss,calc,PHP,anthropic/claude-opus-4.7,model_shift,0.4,CG-Adaptive,5,6,4,377,345,32,91.5119
XSS,customxss,customxss,calc,PHP,anthropic/claude-opus-4.7,model_shift,0.4,CG-Adaptive,5,7,3,377,345,32,91.5119
XSS,customxss,customxss,calc,PHP,anthropic/claude-opus-4.7,model_shift,0.4,CG-Adaptive,5,8,3,377,345,32,91.5119
XSS,customxss,customxss,calc,PHP,anthropic/claude-opus-4.7,model_shift,0.4,CG-Adaptive,5,9,5,377,376,1,99.7347
XSS,customxss,customxss,calc,PHP,anthropic/claude-opus-4.7,model_shift,0.4,CG-Adaptive,5,10,4,377,376,1,99.7347
XSS,customxss,customxss,calc,PHP,anthropic/claude-opus-4.7,model_shift,0.4,CG-Static,1,1,8,401,376,25,93.7656
XSS,customxss,customxss,calc,PHP,anthropic/claude-opus-4.7,model_shift,0.4,CG-Static,1,2,3,401,376,25,93.7656
XSS,customxss,customxss,calc,PHP,anthropic/claude-opus-4.7,model_shift,0.4,CG-Static,1,3,3,401,376,25,93.7656
XSS,customxss,customxss,calc,PHP,anthropic/claude-opus-4.7,model_shift,0.4,CG-Static,1,4,3,401,376,25,93.7656
XSS,customxss,customxss,calc,PHP,anthropic/claude-opus-4.7,model_shift,0.4,CG-Static,1,5,4,401,376,25,93.7656
XSS,customxss,customxss,calc,PHP,anthropic/claude-opus-4.7,model_shift,0.4,CG-Static,1,6,4,401,376,25,93.7656
XSS,customxss,customxss,calc,PHP,anthropic/claude-opus-4.7,model_shift,0.4,CG-Static,1,7,4,401,376,25,93.7656
XSS,customxss,customxss,calc,PHP,anthropic/claude-opus-4.7,model_shift,0.4,CG-Static,1,8,4,401,376,25,93.7656
XSS,customxss,customxss,calc,PHP,anthropic/claude-opus-4.7,model_shift,0.4,CG-Static,1,9,4,401,376,25,93.7656
XSS,customxss,customxss,calc,PHP,anthropic/claude-opus-4.7,model_shift,0.4,CG-Static,1,10,3,401,376,25,93.7656
XSS,customxss,customxss,calc,PHP,anthropic/claude-opus-4.7,model_shift,0.4,CG-Static,2,1,8,346,271,75,78.3237
XSS,customxss,customxss,calc,PHP,anthropic/claude-opus-4.7,model_shift,0.4,CG-Static,2,2,3,346,271,75,78.3237
XSS,customxss,customxss,calc,PHP,anthropic/claude-opus-4.7,model_shift,0.4,CG-Static,2,3,3,346,271,75,78.3237
XSS,customxss,customxss,calc,PHP,anthropic/claude-opus-4.7,model_shift,0.4,CG-Static,2,4,3,346,271,75,78.3237
XSS,customxss,customxss,calc,PHP,anthropic/claude-opus-4.7,model_shift,0.4,CG-Static,2,5,4,346,271,75,78.3237
XSS,customxss,customxss,calc,PHP,anthropic/claude-opus-4.7,model_shift,0.4,CG-Static,2,6,4,346,271,75,78.3237
XSS,customxss,customxss,calc,PHP,anthropic/claude-opus-4.7,model_shift,0.4,CG-Static,2,7,4,346,271,75,78.3237
XSS,customxss,customxss,calc,PHP,anthropic/claude-opus-4.7,model_shift,0.4,CG-Static,2,8,4,346,271,75,78.3237
XSS,customxss,customxss,calc,PHP,anthropic/claude-opus-4.7,model_shift,0.4,CG-Static,2,9,4,346,271,75,78.3237
XSS,customxss,customxss,calc,PHP,anthropic/claude-opus-4.7,model_shift,0.4,CG-Static,2,10,3,346,271,75,78.3237
XSS,customxss,customxss,calc,PHP,anthropic/claude-opus-4.7,model_shift,0.4,CG-Static,3,1,8,351,348,3,99.1453
XSS,customxss,customxss,calc,PHP,anthropic/claude-opus-4.7,model_shift,0.4,CG-Static,3,2,3,351,348,3,99.1453
XSS,customxss,customxss,calc,PHP,anthropic/claude-opus-4.7,model_shift,0.4,CG-Static,3,3,3,351,348,3,99.1453
XSS,customxss,customxss,calc,PHP,anthropic/claude-opus-4.7,model_shift,0.4,CG-Static,3,4,3,351,348,3,99.1453
XSS,customxss,customxss,calc,PHP,anthropic/claude-opus-4.7,model_shift,0.4,CG-Static,3,5,4,351,348,3,99.1453
XSS,customxss,customxss,calc,PHP,anthropic/claude-opus-4.7,model_shift,0.4,CG-Static,3,6,4,351,348,3,99.1453
XSS,customxss,customxss,calc,PHP,anthropic/claude-opus-4.7,model_shift,0.4,CG-Static,3,7,4,351,348,3,99.1453
XSS,customxss,customxss,calc,PHP,anthropic/claude-opus-4.7,model_shift,0.4,CG-Static,3,8,4,351,348,3,99.1453
XSS,customxss,customxss,calc,PHP,anthropic/claude-opus-4.7,model_shift,0.4,CG-Static,3,9,4,351,348,3,99.1453
XSS,customxss,customxss,calc,PHP,anthropic/claude-opus-4.7,model_shift,0.4,CG-Static,3,10,3,351,348,3,99.1453
XSS,customxss,customxss,calc,PHP,anthropic/claude-opus-4.7,model_shift,0.4,CG-Static,4,1,8,390,380,10,97.4359
XSS,customxss,customxss,calc,PHP,anthropic/claude-opus-4.7,model_shift,0.4,CG-Static,4,2,3,390,380,10,97.4359
XSS,customxss,customxss,calc,PHP,anthropic/claude-opus-4.7,model_shift,0.4,CG-Static,4,3,3,390,380,10,97.4359
XSS,customxss,customxss,calc,PHP,anthropic/claude-opus-4.7,model_shift,0.4,CG-Static,4,4,3,390,380,10,97.4359
XSS,customxss,customxss,calc,PHP,anthropic/claude-opus-4.7,model_shift,0.4,CG-Static,4,5,4,390,380,10,97.4359
XSS,customxss,customxss,calc,PHP,anthropic/claude-opus-4.7,model_shift,0.4,CG-Static,4,6,4,390,380,10,97.4359
XSS,customxss,customxss,calc,PHP,anthropic/claude-opus-4.7,model_shift,0.4,CG-Static,4,7,4,390,380,10,97.4359
XSS,customxss,customxss,calc,PHP,anthropic/claude-opus-4.7,model_shift,0.4,CG-Static,4,8,4,390,380,10,97.4359
XSS,customxss,customxss,calc,PHP,anthropic/claude-opus-4.7,model_shift,0.4,CG-Static,4,9,4,390,380,10,97.4359
XSS,customxss,customxss,calc,PHP,anthropic/claude-opus-4.7,model_shift,0.4,CG-Static,4,10,3,390,380,10,97.4359
XSS,customxss,customxss,calc,PHP,anthropic/claude-opus-4.7,model_shift,0.4,CG-Static,5,1,8,377,376,1,99.7347
XSS,customxss,customxss,calc,PHP,anthropic/claude-opus-4.7,model_shift,0.4,CG-Static,5,2,3,377,376,1,99.7347
XSS,customxss,customxss,calc,PHP,anthropic/claude-opus-4.7,model_shift,0.4,CG-Static,5,3,3,377,376,1,99.7347
XSS,customxss,customxss,calc,PHP,anthropic/claude-opus-4.7,model_shift,0.4,CG-Static,5,4,3,377,376,1,99.7347
XSS,customxss,customxss,calc,PHP,anthropic/claude-opus-4.7,model_shift,0.4,CG-Static,5,5,4,377,376,1,99.7347
XSS,customxss,customxss,calc,PHP,anthropic/claude-opus-4.7,model_shift,0.4,CG-Static,5,6,4,377,376,1,99.7347
XSS,customxss,customxss,calc,PHP,anthropic/claude-opus-4.7,model_shift,0.4,CG-Static,5,7,4,377,376,1,99.7347
XSS,customxss,customxss,calc,PHP,anthropic/claude-opus-4.7,model_shift,0.4,CG-Static,5,8,4,377,376,1,99.7347
XSS,customxss,customxss,calc,PHP,anthropic/claude-opus-4.7,model_shift,0.4,CG-Static,5,9,4,377,376,1,99.7347
XSS,customxss,customxss,calc,PHP,anthropic/claude-opus-4.7,model_shift,0.4,CG-Static,5,10,3,377,376,1,99.7347
XSS,customxss,customxss,calc,PHP,anthropic/claude-opus-4.7,model_shift,0.4,CRS-only,1,0,0,401,0,401,0.0000
XSS,customxss,customxss,calc,PHP,anthropic/claude-opus-4.7,model_shift,0.4,CRS-only,2,0,0,346,0,346,0.0000
XSS,customxss,customxss,calc,PHP,anthropic/claude-opus-4.7,model_shift,0.4,CRS-only,3,0,0,351,0,351,0.0000
XSS,customxss,customxss,calc,PHP,anthropic/claude-opus-4.7,model_shift,0.4,CRS-only,4,0,0,390,0,390,0.0000
XSS,customxss,customxss,calc,PHP,anthropic/claude-opus-4.7,model_shift,0.4,CRS-only,5,0,0,377,0,377,0.0000
XSS,customxss,customxss,calc,PHP,anthropic/claude-opus-4.7,model_shift,0.5,CG-Adaptive,1,1,4,401,376,25,93.7656
XSS,customxss,customxss,calc,PHP,anthropic/claude-opus-4.7,model_shift,0.5,CG-Adaptive,1,2,4,401,376,25,93.7656
XSS,customxss,customxss,calc,PHP,anthropic/claude-opus-4.7,model_shift,0.5,CG-Adaptive,1,3,5,401,376,25,93.7656
XSS,customxss,customxss,calc,PHP,anthropic/claude-opus-4.7,model_shift,0.5,CG-Adaptive,1,4,3,401,376,25,93.7656
XSS,customxss,customxss,calc,PHP,anthropic/claude-opus-4.7,model_shift,0.5,CG-Adaptive,1,5,5,401,299,102,74.5636
XSS,customxss,customxss,calc,PHP,anthropic/claude-opus-4.7,model_shift,0.5,CG-Adaptive,1,6,4,401,376,25,93.7656
XSS,customxss,customxss,calc,PHP,anthropic/claude-opus-4.7,model_shift,0.5,CG-Adaptive,1,7,5,401,381,20,95.0125
XSS,customxss,customxss,calc,PHP,anthropic/claude-opus-4.7,model_shift,0.5,CG-Adaptive,1,8,3,401,376,25,93.7656
XSS,customxss,customxss,calc,PHP,anthropic/claude-opus-4.7,model_shift,0.5,CG-Adaptive,1,9,3,401,376,25,93.7656
XSS,customxss,customxss,calc,PHP,anthropic/claude-opus-4.7,model_shift,0.5,CG-Adaptive,1,10,5,401,299,102,74.5636
XSS,customxss,customxss,calc,PHP,anthropic/claude-opus-4.7,model_shift,0.5,CG-Adaptive,2,1,4,346,271,75,78.3237
XSS,customxss,customxss,calc,PHP,anthropic/claude-opus-4.7,model_shift,0.5,CG-Adaptive,2,2,4,346,271,75,78.3237
XSS,customxss,customxss,calc,PHP,anthropic/claude-opus-4.7,model_shift,0.5,CG-Adaptive,2,3,5,346,271,75,78.3237
XSS,customxss,customxss,calc,PHP,anthropic/claude-opus-4.7,model_shift,0.5,CG-Adaptive,2,4,3,346,271,75,78.3237
XSS,customxss,customxss,calc,PHP,anthropic/claude-opus-4.7,model_shift,0.5,CG-Adaptive,2,5,5,346,233,113,67.3410
XSS,customxss,customxss,calc,PHP,anthropic/claude-opus-4.7,model_shift,0.5,CG-Adaptive,2,6,4,346,271,75,78.3237
XSS,customxss,customxss,calc,PHP,anthropic/claude-opus-4.7,model_shift,0.5,CG-Adaptive,2,7,5,346,287,59,82.9480
XSS,customxss,customxss,calc,PHP,anthropic/claude-opus-4.7,model_shift,0.5,CG-Adaptive,2,8,3,346,271,75,78.3237
XSS,customxss,customxss,calc,PHP,anthropic/claude-opus-4.7,model_shift,0.5,CG-Adaptive,2,9,3,346,271,75,78.3237
XSS,customxss,customxss,calc,PHP,anthropic/claude-opus-4.7,model_shift,0.5,CG-Adaptive,2,10,5,346,233,113,67.3410
XSS,customxss,customxss,calc,PHP,anthropic/claude-opus-4.7,model_shift,0.5,CG-Adaptive,3,1,4,351,348,3,99.1453
XSS,customxss,customxss,calc,PHP,anthropic/claude-opus-4.7,model_shift,0.5,CG-Adaptive,3,2,4,351,348,3,99.1453
XSS,customxss,customxss,calc,PHP,anthropic/claude-opus-4.7,model_shift,0.5,CG-Adaptive,3,3,5,351,348,3,99.1453
XSS,customxss,customxss,calc,PHP,anthropic/claude-opus-4.7,model_shift,0.5,CG-Adaptive,3,4,3,351,348,3,99.1453
XSS,customxss,customxss,calc,PHP,anthropic/claude-opus-4.7,model_shift,0.5,CG-Adaptive,3,5,5,351,283,68,80.6268
XSS,customxss,customxss,calc,PHP,anthropic/claude-opus-4.7,model_shift,0.5,CG-Adaptive,3,6,4,351,348,3,99.1453
XSS,customxss,customxss,calc,PHP,anthropic/claude-opus-4.7,model_shift,0.5,CG-Adaptive,3,7,5,351,348,3,99.1453
XSS,customxss,customxss,calc,PHP,anthropic/claude-opus-4.7,model_shift,0.5,CG-Adaptive,3,8,3,351,348,3,99.1453
XSS,customxss,customxss,calc,PHP,anthropic/claude-opus-4.7,model_shift,0.5,CG-Adaptive,3,9,3,351,348,3,99.1453
XSS,customxss,customxss,calc,PHP,anthropic/claude-opus-4.7,model_shift,0.5,CG-Adaptive,3,10,5,351,283,68,80.6268
XSS,customxss,customxss,calc,PHP,anthropic/claude-opus-4.7,model_shift,0.5,CG-Adaptive,4,1,4,390,380,10,97.4359
XSS,customxss,customxss,calc,PHP,anthropic/claude-opus-4.7,model_shift,0.5,CG-Adaptive,4,2,4,390,380,10,97.4359
XSS,customxss,customxss,calc,PHP,anthropic/claude-opus-4.7,model_shift,0.5,CG-Adaptive,4,3,5,390,380,10,97.4359
XSS,customxss,customxss,calc,PHP,anthropic/claude-opus-4.7,model_shift,0.5,CG-Adaptive,4,4,3,390,380,10,97.4359
XSS,customxss,customxss,calc,PHP,anthropic/claude-opus-4.7,model_shift,0.5,CG-Adaptive,4,5,5,390,368,22,94.3590
XSS,customxss,customxss,calc,PHP,anthropic/claude-opus-4.7,model_shift,0.5,CG-Adaptive,4,6,4,390,380,10,97.4359
XSS,customxss,customxss,calc,PHP,anthropic/claude-opus-4.7,model_shift,0.5,CG-Adaptive,4,7,5,390,381,9,97.6923
XSS,customxss,customxss,calc,PHP,anthropic/claude-opus-4.7,model_shift,0.5,CG-Adaptive,4,8,3,390,380,10,97.4359
XSS,customxss,customxss,calc,PHP,anthropic/claude-opus-4.7,model_shift,0.5,CG-Adaptive,4,9,3,390,380,10,97.4359
XSS,customxss,customxss,calc,PHP,anthropic/claude-opus-4.7,model_shift,0.5,CG-Adaptive,4,10,5,390,368,22,94.3590
XSS,customxss,customxss,calc,PHP,anthropic/claude-opus-4.7,model_shift,0.5,CG-Adaptive,5,1,4,377,376,1,99.7347
XSS,customxss,customxss,calc,PHP,anthropic/claude-opus-4.7,model_shift,0.5,CG-Adaptive,5,2,4,377,376,1,99.7347
XSS,customxss,customxss,calc,PHP,anthropic/claude-opus-4.7,model_shift,0.5,CG-Adaptive,5,3,5,377,376,1,99.7347
XSS,customxss,customxss,calc,PHP,anthropic/claude-opus-4.7,model_shift,0.5,CG-Adaptive,5,4,3,377,376,1,99.7347
XSS,customxss,customxss,calc,PHP,anthropic/claude-opus-4.7,model_shift,0.5,CG-Adaptive,5,5,5,377,345,32,91.5119
XSS,customxss,customxss,calc,PHP,anthropic/claude-opus-4.7,model_shift,0.5,CG-Adaptive,5,6,4,377,376,1,99.7347
XSS,customxss,customxss,calc,PHP,anthropic/claude-opus-4.7,model_shift,0.5,CG-Adaptive,5,7,5,377,376,1,99.7347
XSS,customxss,customxss,calc,PHP,anthropic/claude-opus-4.7,model_shift,0.5,CG-Adaptive,5,8,3,377,376,1,99.7347
XSS,customxss,customxss,calc,PHP,anthropic/claude-opus-4.7,model_shift,0.5,CG-Adaptive,5,9,3,377,376,1,99.7347
XSS,customxss,customxss,calc,PHP,anthropic/claude-opus-4.7,model_shift,0.5,CG-Adaptive,5,10,5,377,345,32,91.5119
XSS,customxss,customxss,calc,PHP,anthropic/claude-opus-4.7,model_shift,0.5,CG-Static,1,1,2,401,376,25,93.7656
XSS,customxss,customxss,calc,PHP,anthropic/claude-opus-4.7,model_shift,0.5,CG-Static,1,2,2,401,376,25,93.7656
XSS,customxss,customxss,calc,PHP,anthropic/claude-opus-4.7,model_shift,0.5,CG-Static,1,3,3,401,376,25,93.7656
XSS,customxss,customxss,calc,PHP,anthropic/claude-opus-4.7,model_shift,0.5,CG-Static,1,4,4,401,376,25,93.7656
XSS,customxss,customxss,calc,PHP,anthropic/claude-opus-4.7,model_shift,0.5,CG-Static,1,5,2,401,381,20,95.0125
XSS,customxss,customxss,calc,PHP,anthropic/claude-opus-4.7,model_shift,0.5,CG-Static,1,6,2,401,376,25,93.7656
XSS,customxss,customxss,calc,PHP,anthropic/claude-opus-4.7,model_shift,0.5,CG-Static,1,7,5,401,376,25,93.7656
XSS,customxss,customxss,calc,PHP,anthropic/claude-opus-4.7,model_shift,0.5,CG-Static,1,8,2,401,376,25,93.7656
XSS,customxss,customxss,calc,PHP,anthropic/claude-opus-4.7,model_shift,0.5,CG-Static,1,9,4,401,376,25,93.7656
XSS,customxss,customxss,calc,PHP,anthropic/claude-opus-4.7,model_shift,0.5,CG-Static,1,10,4,401,376,25,93.7656
XSS,customxss,customxss,calc,PHP,anthropic/claude-opus-4.7,model_shift,0.5,CG-Static,2,1,2,346,271,75,78.3237
XSS,customxss,customxss,calc,PHP,anthropic/claude-opus-4.7,model_shift,0.5,CG-Static,2,2,2,346,271,75,78.3237
XSS,customxss,customxss,calc,PHP,anthropic/claude-opus-4.7,model_shift,0.5,CG-Static,2,3,3,346,271,75,78.3237
XSS,customxss,customxss,calc,PHP,anthropic/claude-opus-4.7,model_shift,0.5,CG-Static,2,4,4,346,271,75,78.3237
XSS,customxss,customxss,calc,PHP,anthropic/claude-opus-4.7,model_shift,0.5,CG-Static,2,5,2,346,287,59,82.9480
XSS,customxss,customxss,calc,PHP,anthropic/claude-opus-4.7,model_shift,0.5,CG-Static,2,6,2,346,271,75,78.3237
XSS,customxss,customxss,calc,PHP,anthropic/claude-opus-4.7,model_shift,0.5,CG-Static,2,7,5,346,275,71,79.4798
XSS,customxss,customxss,calc,PHP,anthropic/claude-opus-4.7,model_shift,0.5,CG-Static,2,8,2,346,271,75,78.3237
XSS,customxss,customxss,calc,PHP,anthropic/claude-opus-4.7,model_shift,0.5,CG-Static,2,9,4,346,271,75,78.3237
XSS,customxss,customxss,calc,PHP,anthropic/claude-opus-4.7,model_shift,0.5,CG-Static,2,10,4,346,271,75,78.3237
XSS,customxss,customxss,calc,PHP,anthropic/claude-opus-4.7,model_shift,0.5,CG-Static,3,1,2,351,348,3,99.1453
XSS,customxss,customxss,calc,PHP,anthropic/claude-opus-4.7,model_shift,0.5,CG-Static,3,2,2,351,348,3,99.1453
XSS,customxss,customxss,calc,PHP,anthropic/claude-opus-4.7,model_shift,0.5,CG-Static,3,3,3,351,348,3,99.1453
XSS,customxss,customxss,calc,PHP,anthropic/claude-opus-4.7,model_shift,0.5,CG-Static,3,4,4,351,348,3,99.1453
XSS,customxss,customxss,calc,PHP,anthropic/claude-opus-4.7,model_shift,0.5,CG-Static,3,5,2,351,348,3,99.1453
XSS,customxss,customxss,calc,PHP,anthropic/claude-opus-4.7,model_shift,0.5,CG-Static,3,6,2,351,348,3,99.1453
XSS,customxss,customxss,calc,PHP,anthropic/claude-opus-4.7,model_shift,0.5,CG-Static,3,7,5,351,348,3,99.1453
XSS,customxss,customxss,calc,PHP,anthropic/claude-opus-4.7,model_shift,0.5,CG-Static,3,8,2,351,348,3,99.1453
XSS,customxss,customxss,calc,PHP,anthropic/claude-opus-4.7,model_shift,0.5,CG-Static,3,9,4,351,348,3,99.1453
XSS,customxss,customxss,calc,PHP,anthropic/claude-opus-4.7,model_shift,0.5,CG-Static,3,10,4,351,348,3,99.1453
XSS,customxss,customxss,calc,PHP,anthropic/claude-opus-4.7,model_shift,0.5,CG-Static,4,1,2,390,380,10,97.4359
XSS,customxss,customxss,calc,PHP,anthropic/claude-opus-4.7,model_shift,0.5,CG-Static,4,2,2,390,380,10,97.4359
XSS,customxss,customxss,calc,PHP,anthropic/claude-opus-4.7,model_shift,0.5,CG-Static,4,3,3,390,380,10,97.4359
XSS,customxss,customxss,calc,PHP,anthropic/claude-opus-4.7,model_shift,0.5,CG-Static,4,4,4,390,380,10,97.4359
XSS,customxss,customxss,calc,PHP,anthropic/claude-opus-4.7,model_shift,0.5,CG-Static,4,5,2,390,381,9,97.6923
XSS,customxss,customxss,calc,PHP,anthropic/claude-opus-4.7,model_shift,0.5,CG-Static,4,6,2,390,380,10,97.4359
XSS,customxss,customxss,calc,PHP,anthropic/claude-opus-4.7,model_shift,0.5,CG-Static,4,7,5,390,380,10,97.4359
XSS,customxss,customxss,calc,PHP,anthropic/claude-opus-4.7,model_shift,0.5,CG-Static,4,8,2,390,380,10,97.4359
XSS,customxss,customxss,calc,PHP,anthropic/claude-opus-4.7,model_shift,0.5,CG-Static,4,9,4,390,380,10,97.4359
XSS,customxss,customxss,calc,PHP,anthropic/claude-opus-4.7,model_shift,0.5,CG-Static,4,10,4,390,380,10,97.4359
XSS,customxss,customxss,calc,PHP,anthropic/claude-opus-4.7,model_shift,0.5,CG-Static,5,1,2,377,376,1,99.7347
XSS,customxss,customxss,calc,PHP,anthropic/claude-opus-4.7,model_shift,0.5,CG-Static,5,2,2,377,376,1,99.7347
XSS,customxss,customxss,calc,PHP,anthropic/claude-opus-4.7,model_shift,0.5,CG-Static,5,3,3,377,376,1,99.7347
XSS,customxss,customxss,calc,PHP,anthropic/claude-opus-4.7,model_shift,0.5,CG-Static,5,4,4,377,376,1,99.7347
XSS,customxss,customxss,calc,PHP,anthropic/claude-opus-4.7,model_shift,0.5,CG-Static,5,5,2,377,376,1,99.7347
XSS,customxss,customxss,calc,PHP,anthropic/claude-opus-4.7,model_shift,0.5,CG-Static,5,6,2,377,376,1,99.7347
XSS,customxss,customxss,calc,PHP,anthropic/claude-opus-4.7,model_shift,0.5,CG-Static,5,7,5,377,376,1,99.7347
XSS,customxss,customxss,calc,PHP,anthropic/claude-opus-4.7,model_shift,0.5,CG-Static,5,8,2,377,376,1,99.7347
XSS,customxss,customxss,calc,PHP,anthropic/claude-opus-4.7,model_shift,0.5,CG-Static,5,9,4,377,376,1,99.7347
XSS,customxss,customxss,calc,PHP,anthropic/claude-opus-4.7,model_shift,0.5,CG-Static,5,10,4,377,376,1,99.7347
XSS,customxss,customxss,calc,PHP,anthropic/claude-opus-4.7,model_shift,0.5,CRS-only,1,0,0,401,0,401,0.0000
XSS,customxss,customxss,calc,PHP,anthropic/claude-opus-4.7,model_shift,0.5,CRS-only,2,0,0,346,0,346,0.0000
XSS,customxss,customxss,calc,PHP,anthropic/claude-opus-4.7,model_shift,0.5,CRS-only,3,0,0,351,0,351,0.0000
XSS,customxss,customxss,calc,PHP,anthropic/claude-opus-4.7,model_shift,0.5,CRS-only,4,0,0,390,0,390,0.0000
XSS,customxss,customxss,calc,PHP,anthropic/claude-opus-4.7,model_shift,0.5,CRS-only,5,0,0,377,0,377,0.0000
XSS,customxss,customxss,search,PHP,anthropic/claude-opus-4.7,model_shift,0.1,CG-Adaptive,1,1,2,336,336,0,100.0000
XSS,customxss,customxss,search,PHP,anthropic/claude-opus-4.7,model_shift,0.1,CG-Adaptive,1,2,3,336,336,0,100.0000
XSS,customxss,customxss,search,PHP,anthropic/claude-opus-4.7,model_shift,0.1,CG-Adaptive,1,3,3,336,336,0,100.0000
XSS,customxss,customxss,search,PHP,anthropic/claude-opus-4.7,model_shift,0.1,CG-Adaptive,1,4,4,336,336,0,100.0000
XSS,customxss,customxss,search,PHP,anthropic/claude-opus-4.7,model_shift,0.1,CG-Adaptive,1,5,4,336,336,0,100.0000
XSS,customxss,customxss,search,PHP,anthropic/claude-opus-4.7,model_shift,0.1,CG-Adaptive,1,6,3,336,336,0,100.0000
XSS,customxss,customxss,search,PHP,anthropic/claude-opus-4.7,model_shift,0.1,CG-Adaptive,1,7,4,336,336,0,100.0000
XSS,customxss,customxss,search,PHP,anthropic/claude-opus-4.7,model_shift,0.1,CG-Adaptive,1,8,3,336,334,2,99.4048
XSS,customxss,customxss,search,PHP,anthropic/claude-opus-4.7,model_shift,0.1,CG-Adaptive,1,9,6,336,336,0,100.0000
XSS,customxss,customxss,search,PHP,anthropic/claude-opus-4.7,model_shift,0.1,CG-Adaptive,1,10,3,336,336,0,100.0000
XSS,customxss,customxss,search,PHP,anthropic/claude-opus-4.7,model_shift,0.1,CG-Adaptive,2,1,2,300,300,0,100.0000
XSS,customxss,customxss,search,PHP,anthropic/claude-opus-4.7,model_shift,0.1,CG-Adaptive,2,2,3,300,300,0,100.0000
XSS,customxss,customxss,search,PHP,anthropic/claude-opus-4.7,model_shift,0.1,CG-Adaptive,2,3,3,300,300,0,100.0000
XSS,customxss,customxss,search,PHP,anthropic/claude-opus-4.7,model_shift,0.1,CG-Adaptive,2,4,4,300,300,0,100.0000
XSS,customxss,customxss,search,PHP,anthropic/claude-opus-4.7,model_shift,0.1,CG-Adaptive,2,5,4,300,300,0,100.0000
XSS,customxss,customxss,search,PHP,anthropic/claude-opus-4.7,model_shift,0.1,CG-Adaptive,2,6,3,300,300,0,100.0000
XSS,customxss,customxss,search,PHP,anthropic/claude-opus-4.7,model_shift,0.1,CG-Adaptive,2,7,4,300,300,0,100.0000
XSS,customxss,customxss,search,PHP,anthropic/claude-opus-4.7,model_shift,0.1,CG-Adaptive,2,8,3,300,300,0,100.0000
XSS,customxss,customxss,search,PHP,anthropic/claude-opus-4.7,model_shift,0.1,CG-Adaptive,2,9,6,300,300,0,100.0000
XSS,customxss,customxss,search,PHP,anthropic/claude-opus-4.7,model_shift,0.1,CG-Adaptive,2,10,3,300,300,0,100.0000
XSS,customxss,customxss,search,PHP,anthropic/claude-opus-4.7,model_shift,0.1,CG-Adaptive,3,1,2,329,329,0,100.0000
XSS,customxss,customxss,search,PHP,anthropic/claude-opus-4.7,model_shift,0.1,CG-Adaptive,3,2,3,329,329,0,100.0000
XSS,customxss,customxss,search,PHP,anthropic/claude-opus-4.7,model_shift,0.1,CG-Adaptive,3,3,3,329,329,0,100.0000
XSS,customxss,customxss,search,PHP,anthropic/claude-opus-4.7,model_shift,0.1,CG-Adaptive,3,4,4,329,329,0,100.0000
XSS,customxss,customxss,search,PHP,anthropic/claude-opus-4.7,model_shift,0.1,CG-Adaptive,3,5,4,329,329,0,100.0000
XSS,customxss,customxss,search,PHP,anthropic/claude-opus-4.7,model_shift,0.1,CG-Adaptive,3,6,3,329,329,0,100.0000
XSS,customxss,customxss,search,PHP,anthropic/claude-opus-4.7,model_shift,0.1,CG-Adaptive,3,7,4,329,329,0,100.0000
XSS,customxss,customxss,search,PHP,anthropic/claude-opus-4.7,model_shift,0.1,CG-Adaptive,3,8,3,329,329,0,100.0000
XSS,customxss,customxss,search,PHP,anthropic/claude-opus-4.7,model_shift,0.1,CG-Adaptive,3,9,6,329,329,0,100.0000
XSS,customxss,customxss,search,PHP,anthropic/claude-opus-4.7,model_shift,0.1,CG-Adaptive,3,10,3,329,329,0,100.0000
XSS,customxss,customxss,search,PHP,anthropic/claude-opus-4.7,model_shift,0.1,CG-Adaptive,4,1,2,338,338,0,100.0000
XSS,customxss,customxss,search,PHP,anthropic/claude-opus-4.7,model_shift,0.1,CG-Adaptive,4,2,3,338,338,0,100.0000
XSS,customxss,customxss,search,PHP,anthropic/claude-opus-4.7,model_shift,0.1,CG-Adaptive,4,3,3,338,338,0,100.0000
XSS,customxss,customxss,search,PHP,anthropic/claude-opus-4.7,model_shift,0.1,CG-Adaptive,4,4,4,338,338,0,100.0000
XSS,customxss,customxss,search,PHP,anthropic/claude-opus-4.7,model_shift,0.1,CG-Adaptive,4,5,4,338,338,0,100.0000
XSS,customxss,customxss,search,PHP,anthropic/claude-opus-4.7,model_shift,0.1,CG-Adaptive,4,6,3,338,338,0,100.0000
XSS,customxss,customxss,search,PHP,anthropic/claude-opus-4.7,model_shift,0.1,CG-Adaptive,4,7,4,338,338,0,100.0000
XSS,customxss,customxss,search,PHP,anthropic/claude-opus-4.7,model_shift,0.1,CG-Adaptive,4,8,3,338,338,0,100.0000
XSS,customxss,customxss,search,PHP,anthropic/claude-opus-4.7,model_shift,0.1,CG-Adaptive,4,9,6,338,338,0,100.0000
XSS,customxss,customxss,search,PHP,anthropic/claude-opus-4.7,model_shift,0.1,CG-Adaptive,4,10,3,338,338,0,100.0000
XSS,customxss,customxss,search,PHP,anthropic/claude-opus-4.7,model_shift,0.1,CG-Adaptive,5,1,2,352,348,4,98.8636
XSS,customxss,customxss,search,PHP,anthropic/claude-opus-4.7,model_shift,0.1,CG-Adaptive,5,2,3,352,348,4,98.8636
XSS,customxss,customxss,search,PHP,anthropic/claude-opus-4.7,model_shift,0.1,CG-Adaptive,5,3,3,352,348,4,98.8636
XSS,customxss,customxss,search,PHP,anthropic/claude-opus-4.7,model_shift,0.1,CG-Adaptive,5,4,4,352,347,5,98.5795
XSS,customxss,customxss,search,PHP,anthropic/claude-opus-4.7,model_shift,0.1,CG-Adaptive,5,5,4,352,348,4,98.8636
XSS,customxss,customxss,search,PHP,anthropic/claude-opus-4.7,model_shift,0.1,CG-Adaptive,5,6,3,352,348,4,98.8636
XSS,customxss,customxss,search,PHP,anthropic/claude-opus-4.7,model_shift,0.1,CG-Adaptive,5,7,4,352,348,4,98.8636
XSS,customxss,customxss,search,PHP,anthropic/claude-opus-4.7,model_shift,0.1,CG-Adaptive,5,8,3,352,327,25,92.8977
XSS,customxss,customxss,search,PHP,anthropic/claude-opus-4.7,model_shift,0.1,CG-Adaptive,5,9,6,352,352,0,100.0000
XSS,customxss,customxss,search,PHP,anthropic/claude-opus-4.7,model_shift,0.1,CG-Adaptive,5,10,3,352,348,4,98.8636
XSS,customxss,customxss,search,PHP,anthropic/claude-opus-4.7,model_shift,0.1,CG-Static,1,1,5,336,336,0,100.0000
XSS,customxss,customxss,search,PHP,anthropic/claude-opus-4.7,model_shift,0.1,CG-Static,1,2,4,336,336,0,100.0000
XSS,customxss,customxss,search,PHP,anthropic/claude-opus-4.7,model_shift,0.1,CG-Static,1,3,3,336,336,0,100.0000
XSS,customxss,customxss,search,PHP,anthropic/claude-opus-4.7,model_shift,0.1,CG-Static,1,4,3,336,336,0,100.0000
XSS,customxss,customxss,search,PHP,anthropic/claude-opus-4.7,model_shift,0.1,CG-Static,1,5,3,336,336,0,100.0000
XSS,customxss,customxss,search,PHP,anthropic/claude-opus-4.7,model_shift,0.1,CG-Static,1,6,4,336,336,0,100.0000
XSS,customxss,customxss,search,PHP,anthropic/claude-opus-4.7,model_shift,0.1,CG-Static,1,7,2,336,336,0,100.0000
XSS,customxss,customxss,search,PHP,anthropic/claude-opus-4.7,model_shift,0.1,CG-Static,1,8,6,336,336,0,100.0000
XSS,customxss,customxss,search,PHP,anthropic/claude-opus-4.7,model_shift,0.1,CG-Static,1,9,2,336,336,0,100.0000
XSS,customxss,customxss,search,PHP,anthropic/claude-opus-4.7,model_shift,0.1,CG-Static,1,10,4,336,336,0,100.0000
XSS,customxss,customxss,search,PHP,anthropic/claude-opus-4.7,model_shift,0.1,CG-Static,2,1,5,300,300,0,100.0000
XSS,customxss,customxss,search,PHP,anthropic/claude-opus-4.7,model_shift,0.1,CG-Static,2,2,4,300,300,0,100.0000
XSS,customxss,customxss,search,PHP,anthropic/claude-opus-4.7,model_shift,0.1,CG-Static,2,3,3,300,300,0,100.0000
XSS,customxss,customxss,search,PHP,anthropic/claude-opus-4.7,model_shift,0.1,CG-Static,2,4,3,300,300,0,100.0000
XSS,customxss,customxss,search,PHP,anthropic/claude-opus-4.7,model_shift,0.1,CG-Static,2,5,3,300,300,0,100.0000
XSS,customxss,customxss,search,PHP,anthropic/claude-opus-4.7,model_shift,0.1,CG-Static,2,6,4,300,300,0,100.0000
XSS,customxss,customxss,search,PHP,anthropic/claude-opus-4.7,model_shift,0.1,CG-Static,2,7,2,300,300,0,100.0000
XSS,customxss,customxss,search,PHP,anthropic/claude-opus-4.7,model_shift,0.1,CG-Static,2,8,6,300,300,0,100.0000
XSS,customxss,customxss,search,PHP,anthropic/claude-opus-4.7,model_shift,0.1,CG-Static,2,9,2,300,300,0,100.0000
XSS,customxss,customxss,search,PHP,anthropic/claude-opus-4.7,model_shift,0.1,CG-Static,2,10,4,300,300,0,100.0000
XSS,customxss,customxss,search,PHP,anthropic/claude-opus-4.7,model_shift,0.1,CG-Static,3,1,5,329,329,0,100.0000
XSS,customxss,customxss,search,PHP,anthropic/claude-opus-4.7,model_shift,0.1,CG-Static,3,2,4,329,329,0,100.0000
XSS,customxss,customxss,search,PHP,anthropic/claude-opus-4.7,model_shift,0.1,CG-Static,3,3,3,329,329,0,100.0000
XSS,customxss,customxss,search,PHP,anthropic/claude-opus-4.7,model_shift,0.1,CG-Static,3,4,3,329,329,0,100.0000
XSS,customxss,customxss,search,PHP,anthropic/claude-opus-4.7,model_shift,0.1,CG-Static,3,5,3,329,329,0,100.0000
XSS,customxss,customxss,search,PHP,anthropic/claude-opus-4.7,model_shift,0.1,CG-Static,3,6,4,329,329,0,100.0000
XSS,customxss,customxss,search,PHP,anthropic/claude-opus-4.7,model_shift,0.1,CG-Static,3,7,2,329,329,0,100.0000
XSS,customxss,customxss,search,PHP,anthropic/claude-opus-4.7,model_shift,0.1,CG-Static,3,8,6,329,329,0,100.0000
XSS,customxss,customxss,search,PHP,anthropic/claude-opus-4.7,model_shift,0.1,CG-Static,3,9,2,329,329,0,100.0000
XSS,customxss,customxss,search,PHP,anthropic/claude-opus-4.7,model_shift,0.1,CG-Static,3,10,4,329,329,0,100.0000
XSS,customxss,customxss,search,PHP,anthropic/claude-opus-4.7,model_shift,0.1,CG-Static,4,1,5,338,338,0,100.0000
XSS,customxss,customxss,search,PHP,anthropic/claude-opus-4.7,model_shift,0.1,CG-Static,4,2,4,338,338,0,100.0000
XSS,customxss,customxss,search,PHP,anthropic/claude-opus-4.7,model_shift,0.1,CG-Static,4,3,3,338,338,0,100.0000
XSS,customxss,customxss,search,PHP,anthropic/claude-opus-4.7,model_shift,0.1,CG-Static,4,4,3,338,338,0,100.0000
XSS,customxss,customxss,search,PHP,anthropic/claude-opus-4.7,model_shift,0.1,CG-Static,4,5,3,338,338,0,100.0000
XSS,customxss,customxss,search,PHP,anthropic/claude-opus-4.7,model_shift,0.1,CG-Static,4,6,4,338,338,0,100.0000
XSS,customxss,customxss,search,PHP,anthropic/claude-opus-4.7,model_shift,0.1,CG-Static,4,7,2,338,338,0,100.0000
XSS,customxss,customxss,search,PHP,anthropic/claude-opus-4.7,model_shift,0.1,CG-Static,4,8,6,338,338,0,100.0000
XSS,customxss,customxss,search,PHP,anthropic/claude-opus-4.7,model_shift,0.1,CG-Static,4,9,2,338,338,0,100.0000
XSS,customxss,customxss,search,PHP,anthropic/claude-opus-4.7,model_shift,0.1,CG-Static,4,10,4,338,338,0,100.0000
XSS,customxss,customxss,search,PHP,anthropic/claude-opus-4.7,model_shift,0.1,CG-Static,5,1,5,352,352,0,100.0000
XSS,customxss,customxss,search,PHP,anthropic/claude-opus-4.7,model_shift,0.1,CG-Static,5,2,4,352,348,4,98.8636
XSS,customxss,customxss,search,PHP,anthropic/claude-opus-4.7,model_shift,0.1,CG-Static,5,3,3,352,348,4,98.8636
XSS,customxss,customxss,search,PHP,anthropic/claude-opus-4.7,model_shift,0.1,CG-Static,5,4,3,352,348,4,98.8636
XSS,customxss,customxss,search,PHP,anthropic/claude-opus-4.7,model_shift,0.1,CG-Static,5,5,3,352,348,4,98.8636
XSS,customxss,customxss,search,PHP,anthropic/claude-opus-4.7,model_shift,0.1,CG-Static,5,6,4,352,348,4,98.8636
XSS,customxss,customxss,search,PHP,anthropic/claude-opus-4.7,model_shift,0.1,CG-Static,5,7,2,352,348,4,98.8636
XSS,customxss,customxss,search,PHP,anthropic/claude-opus-4.7,model_shift,0.1,CG-Static,5,8,6,352,348,4,98.8636
XSS,customxss,customxss,search,PHP,anthropic/claude-opus-4.7,model_shift,0.1,CG-Static,5,9,2,352,348,4,98.8636
XSS,customxss,customxss,search,PHP,anthropic/claude-opus-4.7,model_shift,0.1,CG-Static,5,10,4,352,352,0,100.0000
XSS,customxss,customxss,search,PHP,anthropic/claude-opus-4.7,model_shift,0.1,CRS-only,1,0,0,336,0,336,0.0000
XSS,customxss,customxss,search,PHP,anthropic/claude-opus-4.7,model_shift,0.1,CRS-only,2,0,0,300,0,300,0.0000
XSS,customxss,customxss,search,PHP,anthropic/claude-opus-4.7,model_shift,0.1,CRS-only,3,0,0,329,0,329,0.0000
XSS,customxss,customxss,search,PHP,anthropic/claude-opus-4.7,model_shift,0.1,CRS-only,4,0,0,338,0,338,0.0000
XSS,customxss,customxss,search,PHP,anthropic/claude-opus-4.7,model_shift,0.1,CRS-only,5,0,0,352,0,352,0.0000
XSS,customxss,customxss,search,PHP,anthropic/claude-opus-4.7,model_shift,0.2,CG-Adaptive,1,1,3,336,336,0,100.0000
XSS,customxss,customxss,search,PHP,anthropic/claude-opus-4.7,model_shift,0.2,CG-Adaptive,1,2,3,336,336,0,100.0000
XSS,customxss,customxss,search,PHP,anthropic/claude-opus-4.7,model_shift,0.2,CG-Adaptive,1,3,4,336,336,0,100.0000
XSS,customxss,customxss,search,PHP,anthropic/claude-opus-4.7,model_shift,0.2,CG-Adaptive,1,4,2,336,336,0,100.0000
XSS,customxss,customxss,search,PHP,anthropic/claude-opus-4.7,model_shift,0.2,CG-Adaptive,1,5,4,336,334,2,99.4048
XSS,customxss,customxss,search,PHP,anthropic/claude-opus-4.7,model_shift,0.2,CG-Adaptive,1,6,5,336,336,0,100.0000
XSS,customxss,customxss,search,PHP,anthropic/claude-opus-4.7,model_shift,0.2,CG-Adaptive,1,7,2,336,336,0,100.0000
XSS,customxss,customxss,search,PHP,anthropic/claude-opus-4.7,model_shift,0.2,CG-Adaptive,1,8,3,336,336,0,100.0000
XSS,customxss,customxss,search,PHP,anthropic/claude-opus-4.7,model_shift,0.2,CG-Adaptive,1,9,4,336,336,0,100.0000
XSS,customxss,customxss,search,PHP,anthropic/claude-opus-4.7,model_shift,0.2,CG-Adaptive,1,10,4,336,334,2,99.4048
XSS,customxss,customxss,search,PHP,anthropic/claude-opus-4.7,model_shift,0.2,CG-Adaptive,2,1,3,300,300,0,100.0000
XSS,customxss,customxss,search,PHP,anthropic/claude-opus-4.7,model_shift,0.2,CG-Adaptive,2,2,3,300,300,0,100.0000
XSS,customxss,customxss,search,PHP,anthropic/claude-opus-4.7,model_shift,0.2,CG-Adaptive,2,3,4,300,300,0,100.0000
XSS,customxss,customxss,search,PHP,anthropic/claude-opus-4.7,model_shift,0.2,CG-Adaptive,2,4,2,300,300,0,100.0000
XSS,customxss,customxss,search,PHP,anthropic/claude-opus-4.7,model_shift,0.2,CG-Adaptive,2,5,4,300,300,0,100.0000
XSS,customxss,customxss,search,PHP,anthropic/claude-opus-4.7,model_shift,0.2,CG-Adaptive,2,6,5,300,300,0,100.0000
XSS,customxss,customxss,search,PHP,anthropic/claude-opus-4.7,model_shift,0.2,CG-Adaptive,2,7,2,300,300,0,100.0000
XSS,customxss,customxss,search,PHP,anthropic/claude-opus-4.7,model_shift,0.2,CG-Adaptive,2,8,3,300,300,0,100.0000
XSS,customxss,customxss,search,PHP,anthropic/claude-opus-4.7,model_shift,0.2,CG-Adaptive,2,9,4,300,300,0,100.0000
XSS,customxss,customxss,search,PHP,anthropic/claude-opus-4.7,model_shift,0.2,CG-Adaptive,2,10,4,300,300,0,100.0000
XSS,customxss,customxss,search,PHP,anthropic/claude-opus-4.7,model_shift,0.2,CG-Adaptive,3,1,3,329,329,0,100.0000
XSS,customxss,customxss,search,PHP,anthropic/claude-opus-4.7,model_shift,0.2,CG-Adaptive,3,2,3,329,329,0,100.0000
XSS,customxss,customxss,search,PHP,anthropic/claude-opus-4.7,model_shift,0.2,CG-Adaptive,3,3,4,329,329,0,100.0000
XSS,customxss,customxss,search,PHP,anthropic/claude-opus-4.7,model_shift,0.2,CG-Adaptive,3,4,2,329,329,0,100.0000
XSS,customxss,customxss,search,PHP,anthropic/claude-opus-4.7,model_shift,0.2,CG-Adaptive,3,5,4,329,329,0,100.0000
XSS,customxss,customxss,search,PHP,anthropic/claude-opus-4.7,model_shift,0.2,CG-Adaptive,3,6,5,329,329,0,100.0000
XSS,customxss,customxss,search,PHP,anthropic/claude-opus-4.7,model_shift,0.2,CG-Adaptive,3,7,2,329,329,0,100.0000
XSS,customxss,customxss,search,PHP,anthropic/claude-opus-4.7,model_shift,0.2,CG-Adaptive,3,8,3,329,329,0,100.0000
XSS,customxss,customxss,search,PHP,anthropic/claude-opus-4.7,model_shift,0.2,CG-Adaptive,3,9,4,329,329,0,100.0000
XSS,customxss,customxss,search,PHP,anthropic/claude-opus-4.7,model_shift,0.2,CG-Adaptive,3,10,4,329,329,0,100.0000
XSS,customxss,customxss,search,PHP,anthropic/claude-opus-4.7,model_shift,0.2,CG-Adaptive,4,1,3,338,338,0,100.0000
XSS,customxss,customxss,search,PHP,anthropic/claude-opus-4.7,model_shift,0.2,CG-Adaptive,4,2,3,338,338,0,100.0000
XSS,customxss,customxss,search,PHP,anthropic/claude-opus-4.7,model_shift,0.2,CG-Adaptive,4,3,4,338,338,0,100.0000
XSS,customxss,customxss,search,PHP,anthropic/claude-opus-4.7,model_shift,0.2,CG-Adaptive,4,4,2,338,338,0,100.0000
XSS,customxss,customxss,search,PHP,anthropic/claude-opus-4.7,model_shift,0.2,CG-Adaptive,4,5,4,338,338,0,100.0000
XSS,customxss,customxss,search,PHP,anthropic/claude-opus-4.7,model_shift,0.2,CG-Adaptive,4,6,5,338,338,0,100.0000
XSS,customxss,customxss,search,PHP,anthropic/claude-opus-4.7,model_shift,0.2,CG-Adaptive,4,7,2,338,338,0,100.0000
XSS,customxss,customxss,search,PHP,anthropic/claude-opus-4.7,model_shift,0.2,CG-Adaptive,4,8,3,338,338,0,100.0000
XSS,customxss,customxss,search,PHP,anthropic/claude-opus-4.7,model_shift,0.2,CG-Adaptive,4,9,4,338,338,0,100.0000
XSS,customxss,customxss,search,PHP,anthropic/claude-opus-4.7,model_shift,0.2,CG-Adaptive,4,10,4,338,338,0,100.0000
XSS,customxss,customxss,search,PHP,anthropic/claude-opus-4.7,model_shift,0.2,CG-Adaptive,5,1,3,352,348,4,98.8636
XSS,customxss,customxss,search,PHP,anthropic/claude-opus-4.7,model_shift,0.2,CG-Adaptive,5,2,3,352,348,4,98.8636
XSS,customxss,customxss,search,PHP,anthropic/claude-opus-4.7,model_shift,0.2,CG-Adaptive,5,3,4,352,347,5,98.5795
XSS,customxss,customxss,search,PHP,anthropic/claude-opus-4.7,model_shift,0.2,CG-Adaptive,5,4,2,352,352,0,100.0000
XSS,customxss,customxss,search,PHP,anthropic/claude-opus-4.7,model_shift,0.2,CG-Adaptive,5,5,4,352,327,25,92.8977
XSS,customxss,customxss,search,PHP,anthropic/claude-opus-4.7,model_shift,0.2,CG-Adaptive,5,6,5,352,348,4,98.8636
XSS,customxss,customxss,search,PHP,anthropic/claude-opus-4.7,model_shift,0.2,CG-Adaptive,5,7,2,352,348,4,98.8636
XSS,customxss,customxss,search,PHP,anthropic/claude-opus-4.7,model_shift,0.2,CG-Adaptive,5,8,3,352,347,5,98.5795
XSS,customxss,customxss,search,PHP,anthropic/claude-opus-4.7,model_shift,0.2,CG-Adaptive,5,9,4,352,348,4,98.8636
XSS,customxss,customxss,search,PHP,anthropic/claude-opus-4.7,model_shift,0.2,CG-Adaptive,5,10,4,352,327,25,92.8977
XSS,customxss,customxss,search,PHP,anthropic/claude-opus-4.7,model_shift,0.2,CG-Static,1,1,5,336,336,0,100.0000
XSS,customxss,customxss,search,PHP,anthropic/claude-opus-4.7,model_shift,0.2,CG-Static,1,2,7,336,336,0,100.0000
XSS,customxss,customxss,search,PHP,anthropic/claude-opus-4.7,model_shift,0.2,CG-Static,1,3,3,336,336,0,100.0000
XSS,customxss,customxss,search,PHP,anthropic/claude-opus-4.7,model_shift,0.2,CG-Static,1,4,11,336,336,0,100.0000
XSS,customxss,customxss,search,PHP,anthropic/claude-opus-4.7,model_shift,0.2,CG-Static,1,5,4,336,336,0,100.0000
XSS,customxss,customxss,search,PHP,anthropic/claude-opus-4.7,model_shift,0.2,CG-Static,1,6,7,336,336,0,100.0000
XSS,customxss,customxss,search,PHP,anthropic/claude-opus-4.7,model_shift,0.2,CG-Static,1,7,4,336,336,0,100.0000
XSS,customxss,customxss,search,PHP,anthropic/claude-opus-4.7,model_shift,0.2,CG-Static,1,8,4,336,336,0,100.0000
XSS,customxss,customxss,search,PHP,anthropic/claude-opus-4.7,model_shift,0.2,CG-Static,1,9,2,336,336,0,100.0000
XSS,customxss,customxss,search,PHP,anthropic/claude-opus-4.7,model_shift,0.2,CG-Static,1,10,4,336,336,0,100.0000
XSS,customxss,customxss,search,PHP,anthropic/claude-opus-4.7,model_shift,0.2,CG-Static,2,1,5,300,300,0,100.0000
XSS,customxss,customxss,search,PHP,anthropic/claude-opus-4.7,model_shift,0.2,CG-Static,2,2,7,300,300,0,100.0000
XSS,customxss,customxss,search,PHP,anthropic/claude-opus-4.7,model_shift,0.2,CG-Static,2,3,3,300,300,0,100.0000
XSS,customxss,customxss,search,PHP,anthropic/claude-opus-4.7,model_shift,0.2,CG-Static,2,4,11,300,300,0,100.0000
XSS,customxss,customxss,search,PHP,anthropic/claude-opus-4.7,model_shift,0.2,CG-Static,2,5,4,300,300,0,100.0000
XSS,customxss,customxss,search,PHP,anthropic/claude-opus-4.7,model_shift,0.2,CG-Static,2,6,7,300,300,0,100.0000
XSS,customxss,customxss,search,PHP,anthropic/claude-opus-4.7,model_shift,0.2,CG-Static,2,7,4,300,300,0,100.0000
XSS,customxss,customxss,search,PHP,anthropic/claude-opus-4.7,model_shift,0.2,CG-Static,2,8,4,300,300,0,100.0000
XSS,customxss,customxss,search,PHP,anthropic/claude-opus-4.7,model_shift,0.2,CG-Static,2,9,2,300,300,0,100.0000
XSS,customxss,customxss,search,PHP,anthropic/claude-opus-4.7,model_shift,0.2,CG-Static,2,10,4,300,300,0,100.0000
XSS,customxss,customxss,search,PHP,anthropic/claude-opus-4.7,model_shift,0.2,CG-Static,3,1,5,329,329,0,100.0000
XSS,customxss,customxss,search,PHP,anthropic/claude-opus-4.7,model_shift,0.2,CG-Static,3,2,7,329,329,0,100.0000
XSS,customxss,customxss,search,PHP,anthropic/claude-opus-4.7,model_shift,0.2,CG-Static,3,3,3,329,329,0,100.0000
XSS,customxss,customxss,search,PHP,anthropic/claude-opus-4.7,model_shift,0.2,CG-Static,3,4,11,329,329,0,100.0000
XSS,customxss,customxss,search,PHP,anthropic/claude-opus-4.7,model_shift,0.2,CG-Static,3,5,4,329,329,0,100.0000
XSS,customxss,customxss,search,PHP,anthropic/claude-opus-4.7,model_shift,0.2,CG-Static,3,6,7,329,329,0,100.0000
XSS,customxss,customxss,search,PHP,anthropic/claude-opus-4.7,model_shift,0.2,CG-Static,3,7,4,329,329,0,100.0000
XSS,customxss,customxss,search,PHP,anthropic/claude-opus-4.7,model_shift,0.2,CG-Static,3,8,4,329,329,0,100.0000
XSS,customxss,customxss,search,PHP,anthropic/claude-opus-4.7,model_shift,0.2,CG-Static,3,9,2,329,329,0,100.0000
XSS,customxss,customxss,search,PHP,anthropic/claude-opus-4.7,model_shift,0.2,CG-Static,3,10,4,329,329,0,100.0000
XSS,customxss,customxss,search,PHP,anthropic/claude-opus-4.7,model_shift,0.2,CG-Static,4,1,5,338,338,0,100.0000
XSS,customxss,customxss,search,PHP,anthropic/claude-opus-4.7,model_shift,0.2,CG-Static,4,2,7,338,338,0,100.0000
XSS,customxss,customxss,search,PHP,anthropic/claude-opus-4.7,model_shift,0.2,CG-Static,4,3,3,338,338,0,100.0000
XSS,customxss,customxss,search,PHP,anthropic/claude-opus-4.7,model_shift,0.2,CG-Static,4,4,11,338,338,0,100.0000
XSS,customxss,customxss,search,PHP,anthropic/claude-opus-4.7,model_shift,0.2,CG-Static,4,5,4,338,338,0,100.0000
XSS,customxss,customxss,search,PHP,anthropic/claude-opus-4.7,model_shift,0.2,CG-Static,4,6,7,338,338,0,100.0000
XSS,customxss,customxss,search,PHP,anthropic/claude-opus-4.7,model_shift,0.2,CG-Static,4,7,4,338,338,0,100.0000
XSS,customxss,customxss,search,PHP,anthropic/claude-opus-4.7,model_shift,0.2,CG-Static,4,8,4,338,338,0,100.0000
XSS,customxss,customxss,search,PHP,anthropic/claude-opus-4.7,model_shift,0.2,CG-Static,4,9,2,338,338,0,100.0000
XSS,customxss,customxss,search,PHP,anthropic/claude-opus-4.7,model_shift,0.2,CG-Static,4,10,4,338,338,0,100.0000
XSS,customxss,customxss,search,PHP,anthropic/claude-opus-4.7,model_shift,0.2,CG-Static,5,1,5,352,348,4,98.8636
XSS,customxss,customxss,search,PHP,anthropic/claude-opus-4.7,model_shift,0.2,CG-Static,5,2,7,352,347,5,98.5795
XSS,customxss,customxss,search,PHP,anthropic/claude-opus-4.7,model_shift,0.2,CG-Static,5,3,3,352,348,4,98.8636
XSS,customxss,customxss,search,PHP,anthropic/claude-opus-4.7,model_shift,0.2,CG-Static,5,4,11,352,348,4,98.8636
XSS,customxss,customxss,search,PHP,anthropic/claude-opus-4.7,model_shift,0.2,CG-Static,5,5,4,352,347,5,98.5795
XSS,customxss,customxss,search,PHP,anthropic/claude-opus-4.7,model_shift,0.2,CG-Static,5,6,7,352,348,4,98.8636
XSS,customxss,customxss,search,PHP,anthropic/claude-opus-4.7,model_shift,0.2,CG-Static,5,7,4,352,348,4,98.8636
XSS,customxss,customxss,search,PHP,anthropic/claude-opus-4.7,model_shift,0.2,CG-Static,5,8,4,352,348,4,98.8636
XSS,customxss,customxss,search,PHP,anthropic/claude-opus-4.7,model_shift,0.2,CG-Static,5,9,2,352,352,0,100.0000
XSS,customxss,customxss,search,PHP,anthropic/claude-opus-4.7,model_shift,0.2,CG-Static,5,10,4,352,348,4,98.8636
XSS,customxss,customxss,search,PHP,anthropic/claude-opus-4.7,model_shift,0.2,CRS-only,1,0,0,336,0,336,0.0000
XSS,customxss,customxss,search,PHP,anthropic/claude-opus-4.7,model_shift,0.2,CRS-only,2,0,0,300,0,300,0.0000
XSS,customxss,customxss,search,PHP,anthropic/claude-opus-4.7,model_shift,0.2,CRS-only,3,0,0,329,0,329,0.0000
XSS,customxss,customxss,search,PHP,anthropic/claude-opus-4.7,model_shift,0.2,CRS-only,4,0,0,338,0,338,0.0000
XSS,customxss,customxss,search,PHP,anthropic/claude-opus-4.7,model_shift,0.2,CRS-only,5,0,0,352,0,352,0.0000
XSS,customxss,customxss,search,PHP,anthropic/claude-opus-4.7,model_shift,0.3,CG-Adaptive,1,1,3,336,334,2,99.4048
XSS,customxss,customxss,search,PHP,anthropic/claude-opus-4.7,model_shift,0.3,CG-Adaptive,1,2,5,336,336,0,100.0000
XSS,customxss,customxss,search,PHP,anthropic/claude-opus-4.7,model_shift,0.3,CG-Adaptive,1,3,5,336,336,0,100.0000
XSS,customxss,customxss,search,PHP,anthropic/claude-opus-4.7,model_shift,0.3,CG-Adaptive,1,4,4,336,336,0,100.0000
XSS,customxss,customxss,search,PHP,anthropic/claude-opus-4.7,model_shift,0.3,CG-Adaptive,1,5,3,336,336,0,100.0000
XSS,customxss,customxss,search,PHP,anthropic/claude-opus-4.7,model_shift,0.3,CG-Adaptive,1,6,3,336,336,0,100.0000
XSS,customxss,customxss,search,PHP,anthropic/claude-opus-4.7,model_shift,0.3,CG-Adaptive,1,7,3,336,336,0,100.0000
XSS,customxss,customxss,search,PHP,anthropic/claude-opus-4.7,model_shift,0.3,CG-Adaptive,1,8,6,336,336,0,100.0000
XSS,customxss,customxss,search,PHP,anthropic/claude-opus-4.7,model_shift,0.3,CG-Adaptive,1,9,3,336,336,0,100.0000
XSS,customxss,customxss,search,PHP,anthropic/claude-opus-4.7,model_shift,0.3,CG-Adaptive,1,10,4,336,336,0,100.0000
XSS,customxss,customxss,search,PHP,anthropic/claude-opus-4.7,model_shift,0.3,CG-Adaptive,2,1,3,300,300,0,100.0000
XSS,customxss,customxss,search,PHP,anthropic/claude-opus-4.7,model_shift,0.3,CG-Adaptive,2,2,5,300,300,0,100.0000
XSS,customxss,customxss,search,PHP,anthropic/claude-opus-4.7,model_shift,0.3,CG-Adaptive,2,3,5,300,300,0,100.0000
XSS,customxss,customxss,search,PHP,anthropic/claude-opus-4.7,model_shift,0.3,CG-Adaptive,2,4,4,300,300,0,100.0000
XSS,customxss,customxss,search,PHP,anthropic/claude-opus-4.7,model_shift,0.3,CG-Adaptive,2,5,3,300,300,0,100.0000
XSS,customxss,customxss,search,PHP,anthropic/claude-opus-4.7,model_shift,0.3,CG-Adaptive,2,6,3,300,300,0,100.0000
XSS,customxss,customxss,search,PHP,anthropic/claude-opus-4.7,model_shift,0.3,CG-Adaptive,2,7,3,300,300,0,100.0000
XSS,customxss,customxss,search,PHP,anthropic/claude-opus-4.7,model_shift,0.3,CG-Adaptive,2,8,6,300,300,0,100.0000
XSS,customxss,customxss,search,PHP,anthropic/claude-opus-4.7,model_shift,0.3,CG-Adaptive,2,9,3,300,300,0,100.0000
XSS,customxss,customxss,search,PHP,anthropic/claude-opus-4.7,model_shift,0.3,CG-Adaptive,2,10,4,300,300,0,100.0000
XSS,customxss,customxss,search,PHP,anthropic/claude-opus-4.7,model_shift,0.3,CG-Adaptive,3,1,3,329,329,0,100.0000
XSS,customxss,customxss,search,PHP,anthropic/claude-opus-4.7,model_shift,0.3,CG-Adaptive,3,2,5,329,329,0,100.0000
XSS,customxss,customxss,search,PHP,anthropic/claude-opus-4.7,model_shift,0.3,CG-Adaptive,3,3,5,329,329,0,100.0000
XSS,customxss,customxss,search,PHP,anthropic/claude-opus-4.7,model_shift,0.3,CG-Adaptive,3,4,4,329,329,0,100.0000
XSS,customxss,customxss,search,PHP,anthropic/claude-opus-4.7,model_shift,0.3,CG-Adaptive,3,5,3,329,329,0,100.0000
XSS,customxss,customxss,search,PHP,anthropic/claude-opus-4.7,model_shift,0.3,CG-Adaptive,3,6,3,329,329,0,100.0000
XSS,customxss,customxss,search,PHP,anthropic/claude-opus-4.7,model_shift,0.3,CG-Adaptive,3,7,3,329,329,0,100.0000
XSS,customxss,customxss,search,PHP,anthropic/claude-opus-4.7,model_shift,0.3,CG-Adaptive,3,8,6,329,329,0,100.0000
XSS,customxss,customxss,search,PHP,anthropic/claude-opus-4.7,model_shift,0.3,CG-Adaptive,3,9,3,329,329,0,100.0000
XSS,customxss,customxss,search,PHP,anthropic/claude-opus-4.7,model_shift,0.3,CG-Adaptive,3,10,4,329,329,0,100.0000
XSS,customxss,customxss,search,PHP,anthropic/claude-opus-4.7,model_shift,0.3,CG-Adaptive,4,1,3,338,338,0,100.0000
XSS,customxss,customxss,search,PHP,anthropic/claude-opus-4.7,model_shift,0.3,CG-Adaptive,4,2,5,338,338,0,100.0000
XSS,customxss,customxss,search,PHP,anthropic/claude-opus-4.7,model_shift,0.3,CG-Adaptive,4,3,5,338,338,0,100.0000
XSS,customxss,customxss,search,PHP,anthropic/claude-opus-4.7,model_shift,0.3,CG-Adaptive,4,4,4,338,338,0,100.0000
XSS,customxss,customxss,search,PHP,anthropic/claude-opus-4.7,model_shift,0.3,CG-Adaptive,4,5,3,338,338,0,100.0000
XSS,customxss,customxss,search,PHP,anthropic/claude-opus-4.7,model_shift,0.3,CG-Adaptive,4,6,3,338,338,0,100.0000
XSS,customxss,customxss,search,PHP,anthropic/claude-opus-4.7,model_shift,0.3,CG-Adaptive,4,7,3,338,338,0,100.0000
XSS,customxss,customxss,search,PHP,anthropic/claude-opus-4.7,model_shift,0.3,CG-Adaptive,4,8,6,338,338,0,100.0000
XSS,customxss,customxss,search,PHP,anthropic/claude-opus-4.7,model_shift,0.3,CG-Adaptive,4,9,3,338,338,0,100.0000
XSS,customxss,customxss,search,PHP,anthropic/claude-opus-4.7,model_shift,0.3,CG-Adaptive,4,10,4,338,338,0,100.0000
XSS,customxss,customxss,search,PHP,anthropic/claude-opus-4.7,model_shift,0.3,CG-Adaptive,5,1,3,352,327,25,92.8977
XSS,customxss,customxss,search,PHP,anthropic/claude-opus-4.7,model_shift,0.3,CG-Adaptive,5,2,5,352,348,4,98.8636
XSS,customxss,customxss,search,PHP,anthropic/claude-opus-4.7,model_shift,0.3,CG-Adaptive,5,3,5,352,348,4,98.8636
XSS,customxss,customxss,search,PHP,anthropic/claude-opus-4.7,model_shift,0.3,CG-Adaptive,5,4,4,352,348,4,98.8636
XSS,customxss,customxss,search,PHP,anthropic/claude-opus-4.7,model_shift,0.3,CG-Adaptive,5,5,3,352,348,4,98.8636
XSS,customxss,customxss,search,PHP,anthropic/claude-opus-4.7,model_shift,0.3,CG-Adaptive,5,6,3,352,347,5,98.5795
XSS,customxss,customxss,search,PHP,anthropic/claude-opus-4.7,model_shift,0.3,CG-Adaptive,5,7,3,352,347,5,98.5795
XSS,customxss,customxss,search,PHP,anthropic/claude-opus-4.7,model_shift,0.3,CG-Adaptive,5,8,6,352,352,0,100.0000
XSS,customxss,customxss,search,PHP,anthropic/claude-opus-4.7,model_shift,0.3,CG-Adaptive,5,9,3,352,348,4,98.8636
XSS,customxss,customxss,search,PHP,anthropic/claude-opus-4.7,model_shift,0.3,CG-Adaptive,5,10,4,352,347,5,98.5795
XSS,customxss,customxss,search,PHP,anthropic/claude-opus-4.7,model_shift,0.3,CG-Static,1,1,6,336,336,0,100.0000
XSS,customxss,customxss,search,PHP,anthropic/claude-opus-4.7,model_shift,0.3,CG-Static,1,2,5,336,336,0,100.0000
XSS,customxss,customxss,search,PHP,anthropic/claude-opus-4.7,model_shift,0.3,CG-Static,1,3,3,336,336,0,100.0000
XSS,customxss,customxss,search,PHP,anthropic/claude-opus-4.7,model_shift,0.3,CG-Static,1,4,6,336,336,0,100.0000
XSS,customxss,customxss,search,PHP,anthropic/claude-opus-4.7,model_shift,0.3,CG-Static,1,5,2,336,336,0,100.0000
XSS,customxss,customxss,search,PHP,anthropic/claude-opus-4.7,model_shift,0.3,CG-Static,1,6,3,336,336,0,100.0000
XSS,customxss,customxss,search,PHP,anthropic/claude-opus-4.7,model_shift,0.3,CG-Static,1,7,2,336,336,0,100.0000
XSS,customxss,customxss,search,PHP,anthropic/claude-opus-4.7,model_shift,0.3,CG-Static,1,8,6,336,336,0,100.0000
XSS,customxss,customxss,search,PHP,anthropic/claude-opus-4.7,model_shift,0.3,CG-Static,1,9,2,336,336,0,100.0000
XSS,customxss,customxss,search,PHP,anthropic/claude-opus-4.7,model_shift,0.3,CG-Static,1,10,4,336,336,0,100.0000
XSS,customxss,customxss,search,PHP,anthropic/claude-opus-4.7,model_shift,0.3,CG-Static,2,1,6,300,300,0,100.0000
XSS,customxss,customxss,search,PHP,anthropic/claude-opus-4.7,model_shift,0.3,CG-Static,2,2,5,300,300,0,100.0000
XSS,customxss,customxss,search,PHP,anthropic/claude-opus-4.7,model_shift,0.3,CG-Static,2,3,3,300,300,0,100.0000
XSS,customxss,customxss,search,PHP,anthropic/claude-opus-4.7,model_shift,0.3,CG-Static,2,4,6,300,300,0,100.0000
XSS,customxss,customxss,search,PHP,anthropic/claude-opus-4.7,model_shift,0.3,CG-Static,2,5,2,300,300,0,100.0000
XSS,customxss,customxss,search,PHP,anthropic/claude-opus-4.7,model_shift,0.3,CG-Static,2,6,3,300,300,0,100.0000
XSS,customxss,customxss,search,PHP,anthropic/claude-opus-4.7,model_shift,0.3,CG-Static,2,7,2,300,300,0,100.0000
XSS,customxss,customxss,search,PHP,anthropic/claude-opus-4.7,model_shift,0.3,CG-Static,2,8,6,300,300,0,100.0000
XSS,customxss,customxss,search,PHP,anthropic/claude-opus-4.7,model_shift,0.3,CG-Static,2,9,2,300,300,0,100.0000
XSS,customxss,customxss,search,PHP,anthropic/claude-opus-4.7,model_shift,0.3,CG-Static,2,10,4,300,300,0,100.0000
XSS,customxss,customxss,search,PHP,anthropic/claude-opus-4.7,model_shift,0.3,CG-Static,3,1,6,329,329,0,100.0000
XSS,customxss,customxss,search,PHP,anthropic/claude-opus-4.7,model_shift,0.3,CG-Static,3,2,5,329,329,0,100.0000
XSS,customxss,customxss,search,PHP,anthropic/claude-opus-4.7,model_shift,0.3,CG-Static,3,3,3,329,329,0,100.0000
XSS,customxss,customxss,search,PHP,anthropic/claude-opus-4.7,model_shift,0.3,CG-Static,3,4,6,329,329,0,100.0000
XSS,customxss,customxss,search,PHP,anthropic/claude-opus-4.7,model_shift,0.3,CG-Static,3,5,2,329,329,0,100.0000
XSS,customxss,customxss,search,PHP,anthropic/claude-opus-4.7,model_shift,0.3,CG-Static,3,6,3,329,329,0,100.0000
XSS,customxss,customxss,search,PHP,anthropic/claude-opus-4.7,model_shift,0.3,CG-Static,3,7,2,329,329,0,100.0000
XSS,customxss,customxss,search,PHP,anthropic/claude-opus-4.7,model_shift,0.3,CG-Static,3,8,6,329,329,0,100.0000
XSS,customxss,customxss,search,PHP,anthropic/claude-opus-4.7,model_shift,0.3,CG-Static,3,9,2,329,329,0,100.0000
XSS,customxss,customxss,search,PHP,anthropic/claude-opus-4.7,model_shift,0.3,CG-Static,3,10,4,329,329,0,100.0000
XSS,customxss,customxss,search,PHP,anthropic/claude-opus-4.7,model_shift,0.3,CG-Static,4,1,6,338,338,0,100.0000
XSS,customxss,customxss,search,PHP,anthropic/claude-opus-4.7,model_shift,0.3,CG-Static,4,2,5,338,338,0,100.0000
XSS,customxss,customxss,search,PHP,anthropic/claude-opus-4.7,model_shift,0.3,CG-Static,4,3,3,338,338,0,100.0000
XSS,customxss,customxss,search,PHP,anthropic/claude-opus-4.7,model_shift,0.3,CG-Static,4,4,6,338,338,0,100.0000
XSS,customxss,customxss,search,PHP,anthropic/claude-opus-4.7,model_shift,0.3,CG-Static,4,5,2,338,338,0,100.0000
XSS,customxss,customxss,search,PHP,anthropic/claude-opus-4.7,model_shift,0.3,CG-Static,4,6,3,338,338,0,100.0000
XSS,customxss,customxss,search,PHP,anthropic/claude-opus-4.7,model_shift,0.3,CG-Static,4,7,2,338,338,0,100.0000
XSS,customxss,customxss,search,PHP,anthropic/claude-opus-4.7,model_shift,0.3,CG-Static,4,8,6,338,338,0,100.0000
XSS,customxss,customxss,search,PHP,anthropic/claude-opus-4.7,model_shift,0.3,CG-Static,4,9,2,338,338,0,100.0000
XSS,customxss,customxss,search,PHP,anthropic/claude-opus-4.7,model_shift,0.3,CG-Static,4,10,4,338,338,0,100.0000
XSS,customxss,customxss,search,PHP,anthropic/claude-opus-4.7,model_shift,0.3,CG-Static,5,1,6,352,348,4,98.8636
XSS,customxss,customxss,search,PHP,anthropic/claude-opus-4.7,model_shift,0.3,CG-Static,5,2,5,352,347,5,98.5795
XSS,customxss,customxss,search,PHP,anthropic/claude-opus-4.7,model_shift,0.3,CG-Static,5,3,3,352,348,4,98.8636
XSS,customxss,customxss,search,PHP,anthropic/claude-opus-4.7,model_shift,0.3,CG-Static,5,4,6,352,348,4,98.8636
XSS,customxss,customxss,search,PHP,anthropic/claude-opus-4.7,model_shift,0.3,CG-Static,5,5,2,352,348,4,98.8636
XSS,customxss,customxss,search,PHP,anthropic/claude-opus-4.7,model_shift,0.3,CG-Static,5,6,3,352,348,4,98.8636
XSS,customxss,customxss,search,PHP,anthropic/claude-opus-4.7,model_shift,0.3,CG-Static,5,7,2,352,348,4,98.8636
XSS,customxss,customxss,search,PHP,anthropic/claude-opus-4.7,model_shift,0.3,CG-Static,5,8,6,352,348,4,98.8636
XSS,customxss,customxss,search,PHP,anthropic/claude-opus-4.7,model_shift,0.3,CG-Static,5,9,2,352,348,4,98.8636
XSS,customxss,customxss,search,PHP,anthropic/claude-opus-4.7,model_shift,0.3,CG-Static,5,10,4,352,347,5,98.5795
XSS,customxss,customxss,search,PHP,anthropic/claude-opus-4.7,model_shift,0.3,CRS-only,1,0,0,336,0,336,0.0000
XSS,customxss,customxss,search,PHP,anthropic/claude-opus-4.7,model_shift,0.3,CRS-only,2,0,0,300,0,300,0.0000
XSS,customxss,customxss,search,PHP,anthropic/claude-opus-4.7,model_shift,0.3,CRS-only,3,0,0,329,0,329,0.0000
XSS,customxss,customxss,search,PHP,anthropic/claude-opus-4.7,model_shift,0.3,CRS-only,4,0,0,338,0,338,0.0000
XSS,customxss,customxss,search,PHP,anthropic/claude-opus-4.7,model_shift,0.3,CRS-only,5,0,0,352,0,352,0.0000
XSS,customxss,customxss,search,PHP,anthropic/claude-opus-4.7,model_shift,0.4,CG-Adaptive,1,1,2,336,336,0,100.0000
XSS,customxss,customxss,search,PHP,anthropic/claude-opus-4.7,model_shift,0.4,CG-Adaptive,1,2,4,336,336,0,100.0000
XSS,customxss,customxss,search,PHP,anthropic/claude-opus-4.7,model_shift,0.4,CG-Adaptive,1,3,2,336,336,0,100.0000
XSS,customxss,customxss,search,PHP,anthropic/claude-opus-4.7,model_shift,0.4,CG-Adaptive,1,4,2,336,336,0,100.0000
XSS,customxss,customxss,search,PHP,anthropic/claude-opus-4.7,model_shift,0.4,CG-Adaptive,1,5,5,336,336,0,100.0000
XSS,customxss,customxss,search,PHP,anthropic/claude-opus-4.7,model_shift,0.4,CG-Adaptive,1,6,4,336,334,2,99.4048
XSS,customxss,customxss,search,PHP,anthropic/claude-opus-4.7,model_shift,0.4,CG-Adaptive,1,7,3,336,334,2,99.4048
XSS,customxss,customxss,search,PHP,anthropic/claude-opus-4.7,model_shift,0.4,CG-Adaptive,1,8,3,336,334,2,99.4048
XSS,customxss,customxss,search,PHP,anthropic/claude-opus-4.7,model_shift,0.4,CG-Adaptive,1,9,5,336,336,0,100.0000
XSS,customxss,customxss,search,PHP,anthropic/claude-opus-4.7,model_shift,0.4,CG-Adaptive,1,10,4,336,336,0,100.0000
XSS,customxss,customxss,search,PHP,anthropic/claude-opus-4.7,model_shift,0.4,CG-Adaptive,2,1,2,300,300,0,100.0000
XSS,customxss,customxss,search,PHP,anthropic/claude-opus-4.7,model_shift,0.4,CG-Adaptive,2,2,4,300,300,0,100.0000
XSS,customxss,customxss,search,PHP,anthropic/claude-opus-4.7,model_shift,0.4,CG-Adaptive,2,3,2,300,300,0,100.0000
XSS,customxss,customxss,search,PHP,anthropic/claude-opus-4.7,model_shift,0.4,CG-Adaptive,2,4,2,300,300,0,100.0000
XSS,customxss,customxss,search,PHP,anthropic/claude-opus-4.7,model_shift,0.4,CG-Adaptive,2,5,5,300,300,0,100.0000
XSS,customxss,customxss,search,PHP,anthropic/claude-opus-4.7,model_shift,0.4,CG-Adaptive,2,6,4,300,300,0,100.0000
XSS,customxss,customxss,search,PHP,anthropic/claude-opus-4.7,model_shift,0.4,CG-Adaptive,2,7,3,300,300,0,100.0000
XSS,customxss,customxss,search,PHP,anthropic/claude-opus-4.7,model_shift,0.4,CG-Adaptive,2,8,3,300,300,0,100.0000
XSS,customxss,customxss,search,PHP,anthropic/claude-opus-4.7,model_shift,0.4,CG-Adaptive,2,9,5,300,300,0,100.0000
XSS,customxss,customxss,search,PHP,anthropic/claude-opus-4.7,model_shift,0.4,CG-Adaptive,2,10,4,300,300,0,100.0000
XSS,customxss,customxss,search,PHP,anthropic/claude-opus-4.7,model_shift,0.4,CG-Adaptive,3,1,2,329,328,1,99.6960
XSS,customxss,customxss,search,PHP,anthropic/claude-opus-4.7,model_shift,0.4,CG-Adaptive,3,2,4,329,329,0,100.0000
XSS,customxss,customxss,search,PHP,anthropic/claude-opus-4.7,model_shift,0.4,CG-Adaptive,3,3,2,329,329,0,100.0000
XSS,customxss,customxss,search,PHP,anthropic/claude-opus-4.7,model_shift,0.4,CG-Adaptive,3,4,2,329,329,0,100.0000
XSS,customxss,customxss,search,PHP,anthropic/claude-opus-4.7,model_shift,0.4,CG-Adaptive,3,5,5,329,329,0,100.0000
XSS,customxss,customxss,search,PHP,anthropic/claude-opus-4.7,model_shift,0.4,CG-Adaptive,3,6,4,329,329,0,100.0000
XSS,customxss,customxss,search,PHP,anthropic/claude-opus-4.7,model_shift,0.4,CG-Adaptive,3,7,3,329,329,0,100.0000
XSS,customxss,customxss,search,PHP,anthropic/claude-opus-4.7,model_shift,0.4,CG-Adaptive,3,8,3,329,329,0,100.0000
XSS,customxss,customxss,search,PHP,anthropic/claude-opus-4.7,model_shift,0.4,CG-Adaptive,3,9,5,329,329,0,100.0000
XSS,customxss,customxss,search,PHP,anthropic/claude-opus-4.7,model_shift,0.4,CG-Adaptive,3,10,4,329,329,0,100.0000
XSS,customxss,customxss,search,PHP,anthropic/claude-opus-4.7,model_shift,0.4,CG-Adaptive,4,1,2,338,338,0,100.0000
XSS,customxss,customxss,search,PHP,anthropic/claude-opus-4.7,model_shift,0.4,CG-Adaptive,4,2,4,338,338,0,100.0000
XSS,customxss,customxss,search,PHP,anthropic/claude-opus-4.7,model_shift,0.4,CG-Adaptive,4,3,2,338,338,0,100.0000
XSS,customxss,customxss,search,PHP,anthropic/claude-opus-4.7,model_shift,0.4,CG-Adaptive,4,4,2,338,338,0,100.0000
XSS,customxss,customxss,search,PHP,anthropic/claude-opus-4.7,model_shift,0.4,CG-Adaptive,4,5,5,338,338,0,100.0000
XSS,customxss,customxss,search,PHP,anthropic/claude-opus-4.7,model_shift,0.4,CG-Adaptive,4,6,4,338,338,0,100.0000
XSS,customxss,customxss,search,PHP,anthropic/claude-opus-4.7,model_shift,0.4,CG-Adaptive,4,7,3,338,338,0,100.0000
XSS,customxss,customxss,search,PHP,anthropic/claude-opus-4.7,model_shift,0.4,CG-Adaptive,4,8,3,338,338,0,100.0000
XSS,customxss,customxss,search,PHP,anthropic/claude-opus-4.7,model_shift,0.4,CG-Adaptive,4,9,5,338,338,0,100.0000
XSS,customxss,customxss,search,PHP,anthropic/claude-opus-4.7,model_shift,0.4,CG-Adaptive,4,10,4,338,338,0,100.0000
XSS,customxss,customxss,search,PHP,anthropic/claude-opus-4.7,model_shift,0.4,CG-Adaptive,5,1,2,352,348,4,98.8636
XSS,customxss,customxss,search,PHP,anthropic/claude-opus-4.7,model_shift,0.4,CG-Adaptive,5,2,4,352,348,4,98.8636
XSS,customxss,customxss,search,PHP,anthropic/claude-opus-4.7,model_shift,0.4,CG-Adaptive,5,3,2,352,347,5,98.5795
XSS,customxss,customxss,search,PHP,anthropic/claude-opus-4.7,model_shift,0.4,CG-Adaptive,5,4,2,352,348,4,98.8636
XSS,customxss,customxss,search,PHP,anthropic/claude-opus-4.7,model_shift,0.4,CG-Adaptive,5,5,5,352,347,5,98.5795
XSS,customxss,customxss,search,PHP,anthropic/claude-opus-4.7,model_shift,0.4,CG-Adaptive,5,6,4,352,327,25,92.8977
XSS,customxss,customxss,search,PHP,anthropic/claude-opus-4.7,model_shift,0.4,CG-Adaptive,5,7,3,352,327,25,92.8977
XSS,customxss,customxss,search,PHP,anthropic/claude-opus-4.7,model_shift,0.4,CG-Adaptive,5,8,3,352,327,25,92.8977
XSS,customxss,customxss,search,PHP,anthropic/claude-opus-4.7,model_shift,0.4,CG-Adaptive,5,9,5,352,348,4,98.8636
XSS,customxss,customxss,search,PHP,anthropic/claude-opus-4.7,model_shift,0.4,CG-Adaptive,5,10,4,352,348,4,98.8636
XSS,customxss,customxss,search,PHP,anthropic/claude-opus-4.7,model_shift,0.4,CG-Static,1,1,8,336,336,0,100.0000
XSS,customxss,customxss,search,PHP,anthropic/claude-opus-4.7,model_shift,0.4,CG-Static,1,2,3,336,336,0,100.0000
XSS,customxss,customxss,search,PHP,anthropic/claude-opus-4.7,model_shift,0.4,CG-Static,1,3,3,336,336,0,100.0000
XSS,customxss,customxss,search,PHP,anthropic/claude-opus-4.7,model_shift,0.4,CG-Static,1,4,3,336,336,0,100.0000
XSS,customxss,customxss,search,PHP,anthropic/claude-opus-4.7,model_shift,0.4,CG-Static,1,5,4,336,336,0,100.0000
XSS,customxss,customxss,search,PHP,anthropic/claude-opus-4.7,model_shift,0.4,CG-Static,1,6,4,336,336,0,100.0000
XSS,customxss,customxss,search,PHP,anthropic/claude-opus-4.7,model_shift,0.4,CG-Static,1,7,4,336,336,0,100.0000
XSS,customxss,customxss,search,PHP,anthropic/claude-opus-4.7,model_shift,0.4,CG-Static,1,8,4,336,336,0,100.0000
XSS,customxss,customxss,search,PHP,anthropic/claude-opus-4.7,model_shift,0.4,CG-Static,1,9,4,336,336,0,100.0000
XSS,customxss,customxss,search,PHP,anthropic/claude-opus-4.7,model_shift,0.4,CG-Static,1,10,3,336,336,0,100.0000
XSS,customxss,customxss,search,PHP,anthropic/claude-opus-4.7,model_shift,0.4,CG-Static,2,1,8,300,300,0,100.0000
XSS,customxss,customxss,search,PHP,anthropic/claude-opus-4.7,model_shift,0.4,CG-Static,2,2,3,300,300,0,100.0000
XSS,customxss,customxss,search,PHP,anthropic/claude-opus-4.7,model_shift,0.4,CG-Static,2,3,3,300,300,0,100.0000
XSS,customxss,customxss,search,PHP,anthropic/claude-opus-4.7,model_shift,0.4,CG-Static,2,4,3,300,300,0,100.0000
XSS,customxss,customxss,search,PHP,anthropic/claude-opus-4.7,model_shift,0.4,CG-Static,2,5,4,300,300,0,100.0000
XSS,customxss,customxss,search,PHP,anthropic/claude-opus-4.7,model_shift,0.4,CG-Static,2,6,4,300,300,0,100.0000
XSS,customxss,customxss,search,PHP,anthropic/claude-opus-4.7,model_shift,0.4,CG-Static,2,7,4,300,300,0,100.0000
XSS,customxss,customxss,search,PHP,anthropic/claude-opus-4.7,model_shift,0.4,CG-Static,2,8,4,300,300,0,100.0000
XSS,customxss,customxss,search,PHP,anthropic/claude-opus-4.7,model_shift,0.4,CG-Static,2,9,4,300,300,0,100.0000
XSS,customxss,customxss,search,PHP,anthropic/claude-opus-4.7,model_shift,0.4,CG-Static,2,10,3,300,300,0,100.0000
XSS,customxss,customxss,search,PHP,anthropic/claude-opus-4.7,model_shift,0.4,CG-Static,3,1,8,329,329,0,100.0000
XSS,customxss,customxss,search,PHP,anthropic/claude-opus-4.7,model_shift,0.4,CG-Static,3,2,3,329,329,0,100.0000
XSS,customxss,customxss,search,PHP,anthropic/claude-opus-4.7,model_shift,0.4,CG-Static,3,3,3,329,329,0,100.0000
XSS,customxss,customxss,search,PHP,anthropic/claude-opus-4.7,model_shift,0.4,CG-Static,3,4,3,329,329,0,100.0000
XSS,customxss,customxss,search,PHP,anthropic/claude-opus-4.7,model_shift,0.4,CG-Static,3,5,4,329,329,0,100.0000
XSS,customxss,customxss,search,PHP,anthropic/claude-opus-4.7,model_shift,0.4,CG-Static,3,6,4,329,329,0,100.0000
XSS,customxss,customxss,search,PHP,anthropic/claude-opus-4.7,model_shift,0.4,CG-Static,3,7,4,329,329,0,100.0000
XSS,customxss,customxss,search,PHP,anthropic/claude-opus-4.7,model_shift,0.4,CG-Static,3,8,4,329,329,0,100.0000
XSS,customxss,customxss,search,PHP,anthropic/claude-opus-4.7,model_shift,0.4,CG-Static,3,9,4,329,329,0,100.0000
XSS,customxss,customxss,search,PHP,anthropic/claude-opus-4.7,model_shift,0.4,CG-Static,3,10,3,329,329,0,100.0000
XSS,customxss,customxss,search,PHP,anthropic/claude-opus-4.7,model_shift,0.4,CG-Static,4,1,8,338,338,0,100.0000
XSS,customxss,customxss,search,PHP,anthropic/claude-opus-4.7,model_shift,0.4,CG-Static,4,2,3,338,338,0,100.0000
XSS,customxss,customxss,search,PHP,anthropic/claude-opus-4.7,model_shift,0.4,CG-Static,4,3,3,338,338,0,100.0000
XSS,customxss,customxss,search,PHP,anthropic/claude-opus-4.7,model_shift,0.4,CG-Static,4,4,3,338,338,0,100.0000
XSS,customxss,customxss,search,PHP,anthropic/claude-opus-4.7,model_shift,0.4,CG-Static,4,5,4,338,338,0,100.0000
XSS,customxss,customxss,search,PHP,anthropic/claude-opus-4.7,model_shift,0.4,CG-Static,4,6,4,338,338,0,100.0000
XSS,customxss,customxss,search,PHP,anthropic/claude-opus-4.7,model_shift,0.4,CG-Static,4,7,4,338,338,0,100.0000
XSS,customxss,customxss,search,PHP,anthropic/claude-opus-4.7,model_shift,0.4,CG-Static,4,8,4,338,338,0,100.0000
XSS,customxss,customxss,search,PHP,anthropic/claude-opus-4.7,model_shift,0.4,CG-Static,4,9,4,338,338,0,100.0000
XSS,customxss,customxss,search,PHP,anthropic/claude-opus-4.7,model_shift,0.4,CG-Static,4,10,3,338,338,0,100.0000
XSS,customxss,customxss,search,PHP,anthropic/claude-opus-4.7,model_shift,0.4,CG-Static,5,1,8,352,348,4,98.8636
XSS,customxss,customxss,search,PHP,anthropic/claude-opus-4.7,model_shift,0.4,CG-Static,5,2,3,352,348,4,98.8636
XSS,customxss,customxss,search,PHP,anthropic/claude-opus-4.7,model_shift,0.4,CG-Static,5,3,3,352,348,4,98.8636
XSS,customxss,customxss,search,PHP,anthropic/claude-opus-4.7,model_shift,0.4,CG-Static,5,4,3,352,348,4,98.8636
XSS,customxss,customxss,search,PHP,anthropic/claude-opus-4.7,model_shift,0.4,CG-Static,5,5,4,352,348,4,98.8636
XSS,customxss,customxss,search,PHP,anthropic/claude-opus-4.7,model_shift,0.4,CG-Static,5,6,4,352,348,4,98.8636
XSS,customxss,customxss,search,PHP,anthropic/claude-opus-4.7,model_shift,0.4,CG-Static,5,7,4,352,348,4,98.8636
XSS,customxss,customxss,search,PHP,anthropic/claude-opus-4.7,model_shift,0.4,CG-Static,5,8,4,352,348,4,98.8636
XSS,customxss,customxss,search,PHP,anthropic/claude-opus-4.7,model_shift,0.4,CG-Static,5,9,4,352,348,4,98.8636
XSS,customxss,customxss,search,PHP,anthropic/claude-opus-4.7,model_shift,0.4,CG-Static,5,10,3,352,348,4,98.8636
XSS,customxss,customxss,search,PHP,anthropic/claude-opus-4.7,model_shift,0.4,CRS-only,1,0,0,336,0,336,0.0000
XSS,customxss,customxss,search,PHP,anthropic/claude-opus-4.7,model_shift,0.4,CRS-only,2,0,0,300,0,300,0.0000
XSS,customxss,customxss,search,PHP,anthropic/claude-opus-4.7,model_shift,0.4,CRS-only,3,0,0,329,0,329,0.0000
XSS,customxss,customxss,search,PHP,anthropic/claude-opus-4.7,model_shift,0.4,CRS-only,4,0,0,338,0,338,0.0000
XSS,customxss,customxss,search,PHP,anthropic/claude-opus-4.7,model_shift,0.4,CRS-only,5,0,0,352,0,352,0.0000
XSS,customxss,customxss,search,PHP,anthropic/claude-opus-4.7,model_shift,0.5,CG-Adaptive,1,1,4,336,336,0,100.0000
XSS,customxss,customxss,search,PHP,anthropic/claude-opus-4.7,model_shift,0.5,CG-Adaptive,1,2,4,336,336,0,100.0000
XSS,customxss,customxss,search,PHP,anthropic/claude-opus-4.7,model_shift,0.5,CG-Adaptive,1,3,5,336,336,0,100.0000
XSS,customxss,customxss,search,PHP,anthropic/claude-opus-4.7,model_shift,0.5,CG-Adaptive,1,4,3,336,336,0,100.0000
XSS,customxss,customxss,search,PHP,anthropic/claude-opus-4.7,model_shift,0.5,CG-Adaptive,1,5,5,336,334,2,99.4048
XSS,customxss,customxss,search,PHP,anthropic/claude-opus-4.7,model_shift,0.5,CG-Adaptive,1,6,4,336,336,0,100.0000
XSS,customxss,customxss,search,PHP,anthropic/claude-opus-4.7,model_shift,0.5,CG-Adaptive,1,7,5,336,336,0,100.0000
XSS,customxss,customxss,search,PHP,anthropic/claude-opus-4.7,model_shift,0.5,CG-Adaptive,1,8,3,336,336,0,100.0000
XSS,customxss,customxss,search,PHP,anthropic/claude-opus-4.7,model_shift,0.5,CG-Adaptive,1,9,3,336,336,0,100.0000
XSS,customxss,customxss,search,PHP,anthropic/claude-opus-4.7,model_shift,0.5,CG-Adaptive,1,10,5,336,334,2,99.4048
XSS,customxss,customxss,search,PHP,anthropic/claude-opus-4.7,model_shift,0.5,CG-Adaptive,2,1,4,300,300,0,100.0000
XSS,customxss,customxss,search,PHP,anthropic/claude-opus-4.7,model_shift,0.5,CG-Adaptive,2,2,4,300,300,0,100.0000
XSS,customxss,customxss,search,PHP,anthropic/claude-opus-4.7,model_shift,0.5,CG-Adaptive,2,3,5,300,300,0,100.0000
XSS,customxss,customxss,search,PHP,anthropic/claude-opus-4.7,model_shift,0.5,CG-Adaptive,2,4,3,300,300,0,100.0000
XSS,customxss,customxss,search,PHP,anthropic/claude-opus-4.7,model_shift,0.5,CG-Adaptive,2,5,5,300,300,0,100.0000
XSS,customxss,customxss,search,PHP,anthropic/claude-opus-4.7,model_shift,0.5,CG-Adaptive,2,6,4,300,300,0,100.0000
XSS,customxss,customxss,search,PHP,anthropic/claude-opus-4.7,model_shift,0.5,CG-Adaptive,2,7,5,300,300,0,100.0000
XSS,customxss,customxss,search,PHP,anthropic/claude-opus-4.7,model_shift,0.5,CG-Adaptive,2,8,3,300,300,0,100.0000
XSS,customxss,customxss,search,PHP,anthropic/claude-opus-4.7,model_shift,0.5,CG-Adaptive,2,9,3,300,300,0,100.0000
XSS,customxss,customxss,search,PHP,anthropic/claude-opus-4.7,model_shift,0.5,CG-Adaptive,2,10,5,300,300,0,100.0000
XSS,customxss,customxss,search,PHP,anthropic/claude-opus-4.7,model_shift,0.5,CG-Adaptive,3,1,4,329,329,0,100.0000
XSS,customxss,customxss,search,PHP,anthropic/claude-opus-4.7,model_shift,0.5,CG-Adaptive,3,2,4,329,329,0,100.0000
XSS,customxss,customxss,search,PHP,anthropic/claude-opus-4.7,model_shift,0.5,CG-Adaptive,3,3,5,329,329,0,100.0000
XSS,customxss,customxss,search,PHP,anthropic/claude-opus-4.7,model_shift,0.5,CG-Adaptive,3,4,3,329,329,0,100.0000
XSS,customxss,customxss,search,PHP,anthropic/claude-opus-4.7,model_shift,0.5,CG-Adaptive,3,5,5,329,329,0,100.0000
XSS,customxss,customxss,search,PHP,anthropic/claude-opus-4.7,model_shift,0.5,CG-Adaptive,3,6,4,329,329,0,100.0000
XSS,customxss,customxss,search,PHP,anthropic/claude-opus-4.7,model_shift,0.5,CG-Adaptive,3,7,5,329,329,0,100.0000
XSS,customxss,customxss,search,PHP,anthropic/claude-opus-4.7,model_shift,0.5,CG-Adaptive,3,8,3,329,329,0,100.0000
XSS,customxss,customxss,search,PHP,anthropic/claude-opus-4.7,model_shift,0.5,CG-Adaptive,3,9,3,329,329,0,100.0000
XSS,customxss,customxss,search,PHP,anthropic/claude-opus-4.7,model_shift,0.5,CG-Adaptive,3,10,5,329,329,0,100.0000
XSS,customxss,customxss,search,PHP,anthropic/claude-opus-4.7,model_shift,0.5,CG-Adaptive,4,1,4,338,338,0,100.0000
XSS,customxss,customxss,search,PHP,anthropic/claude-opus-4.7,model_shift,0.5,CG-Adaptive,4,2,4,338,338,0,100.0000
XSS,customxss,customxss,search,PHP,anthropic/claude-opus-4.7,model_shift,0.5,CG-Adaptive,4,3,5,338,338,0,100.0000
XSS,customxss,customxss,search,PHP,anthropic/claude-opus-4.7,model_shift,0.5,CG-Adaptive,4,4,3,338,338,0,100.0000
XSS,customxss,customxss,search,PHP,anthropic/claude-opus-4.7,model_shift,0.5,CG-Adaptive,4,5,5,338,338,0,100.0000
XSS,customxss,customxss,search,PHP,anthropic/claude-opus-4.7,model_shift,0.5,CG-Adaptive,4,6,4,338,338,0,100.0000
XSS,customxss,customxss,search,PHP,anthropic/claude-opus-4.7,model_shift,0.5,CG-Adaptive,4,7,5,338,338,0,100.0000
XSS,customxss,customxss,search,PHP,anthropic/claude-opus-4.7,model_shift,0.5,CG-Adaptive,4,8,3,338,338,0,100.0000
XSS,customxss,customxss,search,PHP,anthropic/claude-opus-4.7,model_shift,0.5,CG-Adaptive,4,9,3,338,338,0,100.0000
XSS,customxss,customxss,search,PHP,anthropic/claude-opus-4.7,model_shift,0.5,CG-Adaptive,4,10,5,338,338,0,100.0000
XSS,customxss,customxss,search,PHP,anthropic/claude-opus-4.7,model_shift,0.5,CG-Adaptive,5,1,4,352,348,4,98.8636
XSS,customxss,customxss,search,PHP,anthropic/claude-opus-4.7,model_shift,0.5,CG-Adaptive,5,2,4,352,348,4,98.8636
XSS,customxss,customxss,search,PHP,anthropic/claude-opus-4.7,model_shift,0.5,CG-Adaptive,5,3,5,352,347,5,98.5795
XSS,customxss,customxss,search,PHP,anthropic/claude-opus-4.7,model_shift,0.5,CG-Adaptive,5,4,3,352,348,4,98.8636
XSS,customxss,customxss,search,PHP,anthropic/claude-opus-4.7,model_shift,0.5,CG-Adaptive,5,5,5,352,327,25,92.8977
XSS,customxss,customxss,search,PHP,anthropic/claude-opus-4.7,model_shift,0.5,CG-Adaptive,5,6,4,352,348,4,98.8636
XSS,customxss,customxss,search,PHP,anthropic/claude-opus-4.7,model_shift,0.5,CG-Adaptive,5,7,5,352,347,5,98.5795
XSS,customxss,customxss,search,PHP,anthropic/claude-opus-4.7,model_shift,0.5,CG-Adaptive,5,8,3,352,347,5,98.5795
XSS,customxss,customxss,search,PHP,anthropic/claude-opus-4.7,model_shift,0.5,CG-Adaptive,5,9,3,352,348,4,98.8636
XSS,customxss,customxss,search,PHP,anthropic/claude-opus-4.7,model_shift,0.5,CG-Adaptive,5,10,5,352,327,25,92.8977
XSS,customxss,customxss,search,PHP,anthropic/claude-opus-4.7,model_shift,0.5,CG-Static,1,1,2,336,336,0,100.0000
XSS,customxss,customxss,search,PHP,anthropic/claude-opus-4.7,model_shift,0.5,CG-Static,1,2,2,336,336,0,100.0000
XSS,customxss,customxss,search,PHP,anthropic/claude-opus-4.7,model_shift,0.5,CG-Static,1,3,3,336,336,0,100.0000
XSS,customxss,customxss,search,PHP,anthropic/claude-opus-4.7,model_shift,0.5,CG-Static,1,4,4,336,336,0,100.0000
XSS,customxss,customxss,search,PHP,anthropic/claude-opus-4.7,model_shift,0.5,CG-Static,1,5,2,336,336,0,100.0000
XSS,customxss,customxss,search,PHP,anthropic/claude-opus-4.7,model_shift,0.5,CG-Static,1,6,2,336,336,0,100.0000
XSS,customxss,customxss,search,PHP,anthropic/claude-opus-4.7,model_shift,0.5,CG-Static,1,7,5,336,336,0,100.0000
XSS,customxss,customxss,search,PHP,anthropic/claude-opus-4.7,model_shift,0.5,CG-Static,1,8,2,336,336,0,100.0000
XSS,customxss,customxss,search,PHP,anthropic/claude-opus-4.7,model_shift,0.5,CG-Static,1,9,4,336,336,0,100.0000
XSS,customxss,customxss,search,PHP,anthropic/claude-opus-4.7,model_shift,0.5,CG-Static,1,10,4,336,336,0,100.0000
XSS,customxss,customxss,search,PHP,anthropic/claude-opus-4.7,model_shift,0.5,CG-Static,2,1,2,300,300,0,100.0000
XSS,customxss,customxss,search,PHP,anthropic/claude-opus-4.7,model_shift,0.5,CG-Static,2,2,2,300,300,0,100.0000
XSS,customxss,customxss,search,PHP,anthropic/claude-opus-4.7,model_shift,0.5,CG-Static,2,3,3,300,300,0,100.0000
XSS,customxss,customxss,search,PHP,anthropic/claude-opus-4.7,model_shift,0.5,CG-Static,2,4,4,300,300,0,100.0000
XSS,customxss,customxss,search,PHP,anthropic/claude-opus-4.7,model_shift,0.5,CG-Static,2,5,2,300,300,0,100.0000
XSS,customxss,customxss,search,PHP,anthropic/claude-opus-4.7,model_shift,0.5,CG-Static,2,6,2,300,300,0,100.0000
XSS,customxss,customxss,search,PHP,anthropic/claude-opus-4.7,model_shift,0.5,CG-Static,2,7,5,300,300,0,100.0000
XSS,customxss,customxss,search,PHP,anthropic/claude-opus-4.7,model_shift,0.5,CG-Static,2,8,2,300,300,0,100.0000
XSS,customxss,customxss,search,PHP,anthropic/claude-opus-4.7,model_shift,0.5,CG-Static,2,9,4,300,300,0,100.0000
XSS,customxss,customxss,search,PHP,anthropic/claude-opus-4.7,model_shift,0.5,CG-Static,2,10,4,300,300,0,100.0000
XSS,customxss,customxss,search,PHP,anthropic/claude-opus-4.7,model_shift,0.5,CG-Static,3,1,2,329,329,0,100.0000
XSS,customxss,customxss,search,PHP,anthropic/claude-opus-4.7,model_shift,0.5,CG-Static,3,2,2,329,329,0,100.0000
XSS,customxss,customxss,search,PHP,anthropic/claude-opus-4.7,model_shift,0.5,CG-Static,3,3,3,329,329,0,100.0000
XSS,customxss,customxss,search,PHP,anthropic/claude-opus-4.7,model_shift,0.5,CG-Static,3,4,4,329,329,0,100.0000
XSS,customxss,customxss,search,PHP,anthropic/claude-opus-4.7,model_shift,0.5,CG-Static,3,5,2,329,329,0,100.0000
XSS,customxss,customxss,search,PHP,anthropic/claude-opus-4.7,model_shift,0.5,CG-Static,3,6,2,329,329,0,100.0000
XSS,customxss,customxss,search,PHP,anthropic/claude-opus-4.7,model_shift,0.5,CG-Static,3,7,5,329,329,0,100.0000
XSS,customxss,customxss,search,PHP,anthropic/claude-opus-4.7,model_shift,0.5,CG-Static,3,8,2,329,329,0,100.0000
XSS,customxss,customxss,search,PHP,anthropic/claude-opus-4.7,model_shift,0.5,CG-Static,3,9,4,329,329,0,100.0000
XSS,customxss,customxss,search,PHP,anthropic/claude-opus-4.7,model_shift,0.5,CG-Static,3,10,4,329,329,0,100.0000
XSS,customxss,customxss,search,PHP,anthropic/claude-opus-4.7,model_shift,0.5,CG-Static,4,1,2,338,338,0,100.0000
XSS,customxss,customxss,search,PHP,anthropic/claude-opus-4.7,model_shift,0.5,CG-Static,4,2,2,338,338,0,100.0000
XSS,customxss,customxss,search,PHP,anthropic/claude-opus-4.7,model_shift,0.5,CG-Static,4,3,3,338,338,0,100.0000
XSS,customxss,customxss,search,PHP,anthropic/claude-opus-4.7,model_shift,0.5,CG-Static,4,4,4,338,338,0,100.0000
XSS,customxss,customxss,search,PHP,anthropic/claude-opus-4.7,model_shift,0.5,CG-Static,4,5,2,338,338,0,100.0000
XSS,customxss,customxss,search,PHP,anthropic/claude-opus-4.7,model_shift,0.5,CG-Static,4,6,2,338,338,0,100.0000
XSS,customxss,customxss,search,PHP,anthropic/claude-opus-4.7,model_shift,0.5,CG-Static,4,7,5,338,338,0,100.0000
XSS,customxss,customxss,search,PHP,anthropic/claude-opus-4.7,model_shift,0.5,CG-Static,4,8,2,338,338,0,100.0000
XSS,customxss,customxss,search,PHP,anthropic/claude-opus-4.7,model_shift,0.5,CG-Static,4,9,4,338,338,0,100.0000
XSS,customxss,customxss,search,PHP,anthropic/claude-opus-4.7,model_shift,0.5,CG-Static,4,10,4,338,338,0,100.0000
XSS,customxss,customxss,search,PHP,anthropic/claude-opus-4.7,model_shift,0.5,CG-Static,5,1,2,352,348,4,98.8636
XSS,customxss,customxss,search,PHP,anthropic/claude-opus-4.7,model_shift,0.5,CG-Static,5,2,2,352,348,4,98.8636
XSS,customxss,customxss,search,PHP,anthropic/claude-opus-4.7,model_shift,0.5,CG-Static,5,3,3,352,347,5,98.5795
XSS,customxss,customxss,search,PHP,anthropic/claude-opus-4.7,model_shift,0.5,CG-Static,5,4,4,352,348,4,98.8636
XSS,customxss,customxss,search,PHP,anthropic/claude-opus-4.7,model_shift,0.5,CG-Static,5,5,2,352,347,5,98.5795
XSS,customxss,customxss,search,PHP,anthropic/claude-opus-4.7,model_shift,0.5,CG-Static,5,6,2,352,348,4,98.8636
XSS,customxss,customxss,search,PHP,anthropic/claude-opus-4.7,model_shift,0.5,CG-Static,5,7,5,352,348,4,98.8636
XSS,customxss,customxss,search,PHP,anthropic/claude-opus-4.7,model_shift,0.5,CG-Static,5,8,2,352,348,4,98.8636
XSS,customxss,customxss,search,PHP,anthropic/claude-opus-4.7,model_shift,0.5,CG-Static,5,9,4,352,348,4,98.8636
XSS,customxss,customxss,search,PHP,anthropic/claude-opus-4.7,model_shift,0.5,CG-Static,5,10,4,352,348,4,98.8636
XSS,customxss,customxss,search,PHP,anthropic/claude-opus-4.7,model_shift,0.5,CRS-only,1,0,0,336,0,336,0.0000
XSS,customxss,customxss,search,PHP,anthropic/claude-opus-4.7,model_shift,0.5,CRS-only,2,0,0,300,0,300,0.0000
XSS,customxss,customxss,search,PHP,anthropic/claude-opus-4.7,model_shift,0.5,CRS-only,3,0,0,329,0,329,0.0000
XSS,customxss,customxss,search,PHP,anthropic/claude-opus-4.7,model_shift,0.5,CRS-only,4,0,0,338,0,338,0.0000
XSS,customxss,customxss,search,PHP,anthropic/claude-opus-4.7,model_shift,0.5,CRS-only,5,0,0,352,0,352,0.0000
