target,page,payload_sha1,status,blocked_by_crs429
bwapp,login,8d4f9f42952c49a0,403,1
bwapp,login,0cbfa765511ecdbd,403,1
bwapp,login,b97642dc7246a503,403,1
bwapp,login,84ffd39c8e079445,403,1
bwapp,login,84fd816c63faf1af,403,1
bwapp,login,e9fe9e98aa667d27,403,1
bwapp,login,ac9af053290a9199,403,1
bwapp,login,d4777509a5cbe86e,403,1
bwapp,login,0107a54b6c4c68b4,403,1
bwapp,login,049982686e908da8,403,1
bwapp,login,1c39b41f6757687a,403,1
bwapp,login,20347a5b912d3f90,403,1
bwapp,login,39edeb941f2ba968,403,1
bwapp,login,f1287353f3a3e5b2,403,1
bwapp,login,4b9d61f73d58c0f6,403,1
bwapp,login,a1b637d73c1fbff4,403,1
bwapp,login,4bcf491a5bbd2e5f,403,1
bwapp,login,79ac0cf57fcd4ab9,403,1
bwapp,login,8effc2bea5653376,403,1
bwapp,login,23a72e6048437a9f,403,1
bwapp,login,45b7338a9718cb68,403,1
bwapp,login,2ca33e6c7041d7ab,403,1
bwapp,login,5351439ee47462d8,403,1
bwapp,login,bc01af2fc316c89f,403,1
bwapp,login,0a84566995c9a7b1,403,1
bwapp,login,0207b1c8317966fb,403,1
bwapp,login,52e826aabbf0f55f,403,1
bwapp,login,2597d5b484b57b0e,403,1
bwapp,login,4c9a378cb6792201,403,1
bwapp,login,13116245a8d84c58,403,1
bwapp,login,438c71cee9a8d120,403,1
bwapp,login,ed4306ae12d3611d,403,1
bwapp,login,27ac2ba962c23095,403,1
bwapp,login,30384642488fa616,403,1
bwapp,login,72d4dd1e9ae70eee,403,1
bwapp,login,4538a3739c5d4d8b,403,1
bwapp,login,2e0000b286041cc1,403,1
bwapp,login,f8acec3fc858fcde,403,1
bwapp,login,d6d1a4297195d716,403,1
bwapp,login,7030fc807fc8b0cd,403,1
bwapp,login,ceb5ecace112e48f,403,1
bwapp,login,da1c7c45b7981e1e,403,1
bwapp,login,2e71d4f655e37ab0,403,1
bwapp,login,6a74c4e3c46f4cd0,403,1
bwapp,login,274f5f35652b7daf,403,1
bwapp,login,1f94d72ce529b2d3,403,1
bwapp,login,af5e209ab670f8a0,403,1
bwapp,login,0a34afc809d2124c,403,1
bwapp,login,48289b5b71a35d99,403,1
bwapp,login,5977fd3371b2b6e4,403,1
bwapp,login,640686314beca4bd,403,1
bwapp,login,80afd13bd09080b4,403,1
bwapp,login,7432efdc9cd6971c,403,1
bwapp,login,e778590400f35f57,403,1
bwapp,login,35421dec556b4d85,403,1
bwapp,login,3df53d7bc7a44705,403,1
bwapp,login,e1704aab5aafd969,403,1
bwapp,login,570dd2cbe1d33251,403,1
bwapp,login,f3cc3ec0e1446779,403,1
bwapp,login,10c5629f87eb7d47,403,1
bwapp,login,974267afac5a4abb,403,1
bwapp,login,085946a6cd01cb73,403,1
bwapp,login,728e333c6a039208,403,1
bwapp,login,3cab55da61d69607,403,1
bwapp,login,6466e881b203c5d9,403,1
bwapp,login,5e320d7fbcbf1cdc,403,1
bwapp,login,c4c85eac7bdaaf45,403,1
bwapp,login,4df24782cb4880fd,403,1
bwapp,login,e23e65b306c9f28c,403,1
bwapp,login,7197fa225ae9b1c6,403,1
bwapp,login,d24d8204d10dee4d,403,1
bwapp,login,8ba3303275d2582b,403,1
bwapp,login,62b8f69d86334c18,403,1
bwapp,login,f6427f65c6c88321,403,1
bwapp,login,8f280c8da121710b,403,1
bwapp,login,efc99bb19e0306b6,403,1
bwapp,login,d04f07b7489187f6,403,1
bwapp,login,45549fd64df11d22,403,1
bwapp,login,101a13484bf3819f,403,1
bwapp,login,2c763e1495319394,403,1
bwapp,login,4e568888aa903074,403,1
bwapp,login,a26f5e3e5adee647,403,1
bwapp,login,2ebd6252e3b06b3c,403,1
bwapp,login,5fb22e027f66da7b,403,1
bwapp,login,fa89639440835784,403,1
bwapp,login,1ef6df4be127e9d8,403,1
bwapp,login,d98f760a5cb0e7f5,403,1
bwapp,login,16c1fee768f5893e,403,1
bwapp,login,ec9f7ebe35776480,403,1
bwapp,login,8bffd86053e8c027,403,1
bwapp,login,a2620364b8e17d8a,403,1
bwapp,login,2728053ff1f0d102,403,1
bwapp,login,7e80f10410c412c5,403,1
bwapp,login,0a9424b918df2033,403,1
bwapp,login,eafe0bdc376247a8,403,1
bwapp,login,3c982c83a33b7036,403,1
bwapp,login,c7b9d581dc09015a,403,1
bwapp,login,821a07dab10953a5,403,1
bwapp,login,1560da40c251d4c6,403,1
bwapp,login,66438ceebe06766a,403,1
bwapp,login,1de700f9ea8b7fe3,403,1
bwapp,login,292f166bc0c17e56,403,1
bwapp,login,49c16a2bedbf711d,403,1
bwapp,login,d8fef88277b7c60c,403,1
bwapp,login,440485e912f7e5af,403,1
bwapp,login,04599ce0c629d95b,403,1
bwapp,login,881587de2eb58618,403,1
bwapp,login,10583cba95322f9b,403,1
bwapp,login,f8c573fec449147b,403,1
bwapp,login,47f9f52f81a5eebc,403,1
bwapp,login,9f6e40763d4c89d9,403,1
bwapp,login,3f8845b8e34c9fde,403,1
bwapp,login,b3b21217c2c42838,403,1
bwapp,login,9fcd13dd04d7db38,403,1
bwapp,login,677f1a13bb692272,403,1
bwapp,login,b9a077c04f408df1,403,1
bwapp,login,55a0a2e9ace41d51,403,1
bwapp,login,65353090eef04cce,403,1
bwapp,login,5fc8930a395fd085,403,1
bwapp,login,fa41e5cad5730203,403,1
bwapp,login,9ef18ad51b7ea38e,403,1
bwapp,login,e844762021766469,403,1
bwapp,login,917fbbbdd43a0df3,403,1
bwapp,login,d25d001914688b2d,403,1
bwapp,login,dc6f060ed0fe9fe9,403,1
bwapp,login,8690b54a1801a58e,403,1
bwapp,login,c618e6c63604b938,403,1
bwapp,login,ad164e1bb16015d4,403,1
bwapp,login,6970b5a5362bbd63,403,1
bwapp,login,5fbf2f0bebd772a3,403,1
bwapp,login,542a2371bf57bafe,403,1
bwapp,login,b562121c5983b99a,403,1
bwapp,login,f9cbd47f09550a46,403,1
bwapp,login,6a90f4951b51a0e6,403,1
bwapp,login,e4d072b74a9da04d,403,1
bwapp,login,32b133df13bb3bd3,403,1
bwapp,login,1398d98488165a76,403,1
bwapp,login,f1762d19b9768957,403,1
bwapp,login,490d6fad00c16a1e,403,1
bwapp,login,95336f56f77b1806,403,1
bwapp,login,2c0a1f9b666b8931,403,1
bwapp,login,3511f24547244135,403,1
bwapp,login,f511423b16ac3416,403,1
bwapp,login,cc01192a5eeb154d,403,1
bwapp,login,4c3e2a1b6f7d8794,403,1
bwapp,login,792c6ccdb1dcc8c0,403,1
bwapp,login,ad2c9c0edfb358de,403,1
bwapp,login,5de36aee8d46efe8,403,1
bwapp,login,3dbfc13fa83211b0,403,1
bwapp,login,cd602ba99ced85f3,403,1
bwapp,login,42a48f53c967120d,403,1
bwapp,login,b94b27c51f2b3ba7,403,1
bwapp,login,372ed046b6ccd7f1,403,1
bwapp,login,dfb42c88dc26bf63,403,1
bwapp,login,0d90c48cf2305c9d,403,1
bwapp,login,8d1681d2660c9487,403,1
bwapp,login,973c036e725cd509,403,1
bwapp,login,6b1af0a7209a1902,403,1
bwapp,login,0aefa7c5f2b79bce,403,1
bwapp,login,ea9405ec84a8f2e9,403,1
bwapp,login,d00eee58711616d8,403,1
bwapp,login,286583b8c0d1d902,403,1
bwapp,login,7b1d780d3c1d36bb,403,1
bwapp,login,ad50a6e3315c4e4d,403,1
bwapp,login,40188dbc1cc084e0,403,1
bwapp,login,7d239fb8a148b4c1,403,1
bwapp,login,9e746dcd6382bccd,403,1
bwapp,login,9dad65a02a9be686,403,1
bwapp,login,02268d4eccaf9b83,403,1
bwapp,login,3b37d1d935684c04,403,1
bwapp,login,b1fc1b1a73048883,403,1
bwapp,login,28597953c8fc08cc,403,1
bwapp,login,fda4903ccbb9753b,403,1
bwapp,login,80976aede71ef2d6,403,1
bwapp,login,c688049553fbf1eb,403,1
bwapp,login,87a521f37976aeee,403,1
bwapp,login,0fcf062c1fa0e6cb,403,1
bwapp,login,d99a31c2bb27b19a,403,1
bwapp,login,9b591ec358996eaf,403,1
bwapp,login,fb53593259afefc2,403,1
bwapp,login,e98d9ec58825801d,403,1
bwapp,login,c1c45801c492ecef,403,1
bwapp,login,4780f5cfbfd0ca13,403,1
bwapp,login,843ded6d4f6c5803,403,1
bwapp,login,1b9285b441c82b94,403,1
bwapp,login,772391ee3557b7d4,403,1
bwapp,login,62cbb66f4de6387a,403,1
bwapp,login,92ec7c059deaef84,403,1
bwapp,login,599b73c5e55c7e62,403,1
bwapp,login,7041bfdf65670ab8,403,1
bwapp,login,00ca7879a12ba9fc,403,1
bwapp,login,76dbbce011610fc1,403,1
bwapp,login,49b8984f7bde68a1,403,1
bwapp,login,58d942ee185225a5,403,1
bwapp,login,439c1991264cbcf9,403,1
bwapp,login,dc458d9b3b576915,403,1
bwapp,login,69024eb60989d93d,403,1
bwapp,login,e2f2e26542924434,403,1
bwapp,login,12a6e6fce3ca8229,403,1
bwapp,login,31af75210b7fc992,403,1
bwapp,login,dd857e2d7174f847,403,1
bwapp,login,7347c59ac42e652e,403,1
bwapp,login,db5ba2ff499b2c10,403,1
bwapp,login,67ca3e4cef2c44bb,403,1
bwapp,login,b11e28c7db3d5362,403,1
bwapp,login,e6e2e402fe6e3e26,403,1
bwapp,login,4553b70adcfe1235,403,1
bwapp,login,3c8add82eb4404bc,403,1
bwapp,login,e12ca87aea6b4487,403,1
bwapp,login,0d38553c7efdb0e6,403,1
bwapp,login,0e0368b115493907,403,1
bwapp,login,68302b18168b0cc0,403,1
bwapp,login,d0aa8c3ce6f2e2d6,403,1
bwapp,login,9d41b507246ec3df,403,1
bwapp,login,cac48e40c8a22d4a,403,1
bwapp,login,35a6f6445b41dc4a,403,1
bwapp,login,b9566a0c97bd2918,403,1
bwapp,login,8eff9f2c049eef2b,403,1
bwapp,login,791fd5976e70e2fe,403,1
bwapp,login,4a94a83b41aad195,403,1
bwapp,login,f624d980bfe7e7e7,403,1
bwapp,login,9abd0441bb8a7de1,403,1
bwapp,login,60820c92f314ac04,403,1
bwapp,login,d11736b3448d18b7,403,1
bwapp,login,a7e80d0d4b592d2a,403,1
bwapp,login,58dcf90dd594f451,403,1
bwapp,login,b92e1668b5337484,403,1
bwapp,login,4b4d58a052a2202f,403,1
bwapp,login,d9d4fa1173ae2e02,403,1
bwapp,login,05023010def4f575,403,1
bwapp,login,9dc360ec176c9412,403,1
bwapp,login,1c3ceedd97662329,403,1
bwapp,login,a2727b200a57df07,403,1
bwapp,login,4b0d062ba309f2b9,403,1
bwapp,login,52832bfb5d7443c7,403,1
bwapp,login,b2300969c2b36f52,403,1
bwapp,login,93f7072189fbb387,403,1
bwapp,login,3972e40ecacd4ee2,403,1
bwapp,login,1b0acecb8fc35c31,403,1
bwapp,login,39422c7ccb4442d4,403,1
bwapp,login,972cd4b9013d28e2,403,1
bwapp,login,f924f2e07b61d1bb,403,1
bwapp,login,df23e26ab36df582,403,1
bwapp,login,074fe7d4a832b651,403,1
bwapp,login,2ccf1db31898acc7,403,1
bwapp,login,2824b2360259c33e,403,1
bwapp,login,d64dc1a18536f86d,403,1
bwapp,login,67f1d72252604c0f,403,1
bwapp,login,4655101254764933,403,1
bwapp,login,9717eed558525a78,403,1
bwapp,login,6e43c812f5ee6753,403,1
bwapp,login,b80904baac1f1402,403,1
bwapp,login,be9a7ff3df596754,403,1
bwapp,login,73fa6ca6691248bc,403,1
bwapp,login,60e44146c808a543,403,1
bwapp,login,dcb1e3a8041a17ec,403,1
bwapp,login,f6284447253412ed,403,1
bwapp,login,a541b828d535fb2f,403,1
bwapp,login,46e0198a550f5d8a,403,1
bwapp,login,f04a35f60fe3d940,403,1
bwapp,login,3fb96f7b0780742a,403,1
bwapp,login,82a575b91bd37629,403,1
bwapp,login,85d4038fedf33e1b,403,1
bwapp,login,9a109e43afc24e90,403,1
bwapp,login,45efd130b8ebb569,403,1
bwapp,login,23cd9c7f602c7156,403,1
bwapp,login,9a86551a6ce5a0eb,403,1
bwapp,login,98c5d0627a3f2e04,403,1
bwapp,login,d7bd613fb81c9d3b,403,1
bwapp,login,8d126167ae19f774,403,1
bwapp,login,86e27fca0fd2042e,403,1
bwapp,login,7eca7f56f0326d8d,403,1
bwapp,login,7e7f0b069656c51f,403,1
bwapp,login,ddba091309a6bd9e,403,1
bwapp,login,613740efba4223d7,403,1
bwapp,login,f457efecac14f900,403,1
bwapp,login,c630c9b4e8ea9acf,403,1
bwapp,login,ab6b8787adff2091,403,1
bwapp,login,3a535ec3fc9a3921,403,1
bwapp,login,78bf8422bc267538,403,1
bwapp,login,7d8e6497f7514e51,403,1
bwapp,login,92b3ec17c995ea42,403,1
bwapp,login,a36cdf5f3a18dd0d,403,1
bwapp,login,7374ae9dede1d970,403,1
bwapp,login,642fa3fbf032abed,403,1
bwapp,login,83043367f317ed5b,403,1
bwapp,login,9c6495f885cdc1de,403,1
bwapp,login,af624671d713e4f9,403,1
bwapp,login,24ed28938321c0cd,403,1
bwapp,login,55b231583c14f854,403,1
bwapp,login,b1e68bf5e2d116cd,403,1
bwapp,login,a532cf5ea1e79bf3,403,1
bwapp,login,c0bc657d8fcecc9d,403,1
bwapp,login,c1e60597eb2d3a31,403,1
bwapp,login,a97833802602fa8e,403,1
bwapp,login,6dd1a250a552a5ff,403,1
bwapp,login,dc3c1e619092de60,403,1
bwapp,login,e3396b535780bd60,403,1
bwapp,login,12746d61c642303d,403,1
bwapp,login,9489f05d5ee7af55,403,1
bwapp,login,8c1191efd1119f51,403,1
bwapp,login,eb0d627eaf54ecf9,403,1
bwapp,login,d25a842d0033c5f9,403,1
bwapp,login,bf555d0c1d7ccc55,403,1
bwapp,login,8a30ff4ace82583a,403,1
bwapp,login,f0e2849a58b7be46,403,1
bwapp,login,7a75b7800f068339,403,1
bwapp,login,82a53281e050f67b,403,1
bwapp,login,a6c3e091481a1ef0,403,1
bwapp,login,2674b09d9b152489,403,1
bwapp,login,ef3739764221eb2c,403,1
bwapp,login,56a6a6b1c5acc223,403,1
bwapp,login,4ad46b11324ec9a6,403,1
bwapp,login,ac6c3710e72087fc,403,1
bwapp,login,b4f7c4a19178f52b,403,1
bwapp,login,54a37781e3fa34d1,403,1
bwapp,login,b0e180de15b0f766,403,1
bwapp,login,f7926af3f89afd22,403,1
bwapp,login,dcde6fb77bfa1146,403,1
bwapp,login,465ac3718f0b26d8,403,1
bwapp,login,0262d669d1276fc5,403,1
bwapp,login,4c23a7f9a447a817,403,1
bwapp,login,c4d9ea2481ab2671,403,1
bwapp,login,bfac4aef61822d35,403,1
bwapp,login,1e3da4473bebbdf4,403,1
bwapp,login,046bf85ee6dd8b82,403,1
bwapp,login,1ad534e083277be0,403,1
bwapp,login,e3c5a44b81848414,403,1
bwapp,login,0cf758dea40d42a0,403,1
bwapp,login,6165af1a63c85c91,403,1
bwapp,login,057cdc491b8540e0,403,1
bwapp,login,0bf07f17df467f5f,403,1
bwapp,login,80b625ccb7ae760e,403,1
bwapp,login,f872c8c9e1bf87e8,403,1
bwapp,login,b15dec20cbb31b3e,403,1
bwapp,login,4db2e7fd6d87acbc,403,1
bwapp,login,ca3e21c3af8ff805,403,1
bwapp,login,5604550bde8f6da9,403,1
bwapp,login,052a8ecbf2446620,403,1
bwapp,login,8a87be8e8cd90826,403,1
bwapp,login,f3e52e8c708096b0,403,1
bwapp,login,59856305d62943c5,403,1
bwapp,login,b60a0d981aa677c2,403,1
bwapp,login,065250bd9b8c519c,403,1
bwapp,login,15964117b38365f0,403,1
bwapp,login,0e960485fed898ab,403,1
bwapp,login,6f02357fec5dbcf1,403,1
bwapp,login,5762d4e23df2042d,403,1
bwapp,login,0fc5c663480caa5d,403,1
bwapp,login,efb52e35fff63d68,403,1
bwapp,login,215eea18fe15e7e2,403,1
bwapp,login,9b41314af55baad8,403,1
bwapp,login,28a7ee3f4224c295,403,1
bwapp,login,bcaed7c5d07f5ce9,403,1
bwapp,login,7a5ec2f9f53e95e0,403,1
bwapp,login,89e8ee21ca15c6ce,403,1
bwapp,login,ab00802168822849,403,1
bwapp,login,337d0d84d575cdda,403,1
bwapp,login,5befa4b2d538efbf,403,1
bwapp,login,583aeea0354e0c89,403,1
bwapp,login,48146912f8200906,403,1
bwapp,login,a9d1f8dd98105f3e,403,1
bwapp,login,5e8b1c4fac17b4c9,403,1
bwapp,login,ca98c50df447399c,403,1
bwapp,login,493099fa2ccf99a3,403,1
bwapp,login,5eec459a59eb591d,403,1
bwapp,login,65e2b28446d550e2,403,1
bwapp,login,d3e89b56e1f103dc,403,1
bwapp,login,3799f403fb263e68,403,1
bwapp,login,4280dbf62bdf4f3a,403,1
bwapp,login,3b8ff0c76d2ba2ef,403,1
bwapp,login,37554b2a0db7f672,403,1
bwapp,login,c559b721acefda39,403,1
bwapp,login,194c472d30159150,403,1
bwapp,login,752afeefaaeb2a47,403,1
bwapp,login,7fb7f26e5b6616b3,403,1
bwapp,login,431cace566885b33,403,1
bwapp,login,7c315497a64db4bb,403,1
bwapp,login,54cb514967464e42,403,1
bwapp,login,69b9ca43d3b302f8,403,1
bwapp,login,230f127d9f0bac3d,403,1
bwapp,login,9b38945840581478,403,1
bwapp,login,6517729ab9bfe59d,403,1
bwapp,login,bc413a1933d35c37,403,1
bwapp,login,0d1cfee6829796f4,403,1
bwapp,login,ec966be906a44b13,403,1
bwapp,login,7676aa281db2dfd6,403,1
bwapp,login,33c8d440d7d168ce,403,1
bwapp,login,fb48e212762ca7fc,403,1
bwapp,login,d2fd7ac10b332e4d,403,1
bwapp,login,68e9a67545c872a2,403,1
bwapp,login,e8724fece0060554,403,1
bwapp,login,8eaa6de786e5446b,403,1
bwapp,login,957449d8921aaa6d,403,1
bwapp,login,fca4de6a46e089e3,403,1
bwapp,login,d71e0ad8e93c7bba,403,1
bwapp,login,11c3bcda676586bf,403,1
bwapp,login,d03d9c3051d77239,403,1
bwapp,login,42c819300a849b51,403,1
bwapp,login,3abd81c77d46f151,403,1
bwapp,login,6043affbdf6bfd51,403,1
bwapp,login,7549b964a703a3f6,403,1
bwapp,login,3df1ac2b75110718,403,1
bwapp,login,85a840d3bef281fc,403,1
bwapp,login,a9cbcb45146eca47,403,1
bwapp,login,7c20c3465c9d8e84,403,1
bwapp,login,449771e6940334a5,403,1
bwapp,login,fc3382881d9886b8,403,1
bwapp,login,e3b08d9dac7c8286,403,1
bwapp,login,d3003f88a61c22f9,403,1
bwapp,login,0f6a91e844f10b7e,403,1
bwapp,login,6d90f06dc81b0716,403,1
bwapp,login,62cae8f932861861,403,1
bwapp,login,799e569d65152d19,403,1
bwapp,login,73dcb4a256104c5f,403,1
bwapp,login,f4b998947dd8eacd,403,1
bwapp,login,ac495e4699e0f7bc,403,1
bwapp,login,d8793516b68b05a2,403,1
bwapp,login,0f0daebc48b5b9f7,403,1
bwapp,login,b1c0ca1e56359957,403,1
bwapp,login,803dc0ffde607729,403,1
bwapp,login,1845b8ec32f81aec,403,1
bwapp,login,ee12163055829777,403,1
bwapp,login,3d31adfd888aa821,403,1
bwapp,login,b3627e54a6ec5996,403,1
bwapp,login,73a8658fe139fee5,403,1
bwapp,login,ff732e88a5aee707,403,1
bwapp,login,0316ae78f93ae7d9,403,1
bwapp,login,85c1b1e43180a6da,403,1
bwapp,login,90a8037508f1f2c2,403,1
bwapp,login,71f9ac7ff80c4896,403,1
bwapp,login,d620cc8c912a6570,403,1
bwapp,login,4bf697105ad5df82,403,1
bwapp,login,f81471a276ff2dbf,403,1
bwapp,login,6b6bf286eef0bd0e,403,1
bwapp,login,d70008b40c701115,403,1
bwapp,login,ab7a796f92141af3,403,1
bwapp,login,e5730e36c59eb05e,403,1
bwapp,login,a690e79fa5265502,403,1
bwapp,login,feb94dff82b3cb67,403,1
bwapp,login,553aba71b2e81bf0,403,1
bwapp,login,625cf6dff7296d87,403,1
bwapp,login,0e3ae65f58186db0,403,1
bwapp,login,0550b324b332366b,403,1
bwapp,login,7fbc2cc314237bd2,403,1
bwapp,login,5144eda57a75b645,403,1
bwapp,login,1430a846599c06ae,403,1
bwapp,login,add3b41d3e1a21c8,403,1
bwapp,login,2cab2664694053f9,403,1
bwapp,login,ba9c31aa2543032d,403,1
bwapp,login,220eaab6c32b620b,403,1
bwapp,login,100ac9f7f82e7111,403,1
bwapp,login,f7893704179bd909,403,1
bwapp,login,357cb0c96a4213af,403,1
bwapp,login,3def49e1d85223d6,403,1
bwapp,login,6a051ab2c5bec891,403,1
bwapp,login,0f3884fcaf7d63a8,403,1
bwapp,login,1fb2032ff300087c,403,1
bwapp,login,aec78e7d0dadee61,403,1
bwapp,login,9cf757b830d250cb,403,1
bwapp,login,7f41ee1070f0dd05,403,1
bwapp,login,900535f5e767a023,403,1
bwapp,login,615ca01952e9a971,403,1
bwapp,login,e1a9490e85b90468,403,1
bwapp,login,198de688ffbe33a5,403,1
bwapp,login,93f93c5c0da435e9,403,1
bwapp,login,686294395c35e118,403,1
bwapp,login,1c8131db88e89c3b,403,1
bwapp,login,5e8304e174709b49,403,1
bwapp,login,551ded890083de59,403,1
bwapp,login,af7ed6c8179b8a67,403,1
bwapp,login,b6bda07ef856f648,403,1
bwapp,login,26bcc52504b08c61,403,1
bwapp,login,ded71ec546667bc0,403,1
bwapp,login,bd4df3077132872e,403,1
bwapp,login,2fad1f76679e2b66,403,1
bwapp,login,e539e7b5e01eade4,403,1
bwapp,login,67aab8721adb5c82,403,1
bwapp,login,7644c5d81b5b6c51,403,1
bwapp,login,26c465ebebf5796f,403,1
bwapp,login,2d8e9fbd93e65be5,403,1
bwapp,login,6aba6b213e6a5364,403,1
bwapp,login,528ef64679a11000,403,1
bwapp,login,89809af066989205,403,1
bwapp,login,c7affa2e26cf0e4a,403,1
bwapp,login,ad2d8d3933358a07,403,1
bwapp,login,f766056a78d0fdd4,403,1
bwapp,login,14cd97009cce4e91,403,1
bwapp,login,b8d054c6ec5295b1,403,1
bwapp,login,12b203765e13cf28,403,1
bwapp,login,382b6b0165dd1198,403,1
bwapp,login,6fdb88f3461f6c25,403,1
bwapp,login,87b0d3bd877d8671,403,1
bwapp,login,51e0c909cc31b24d,403,1
bwapp,login,7445fbac6529ef88,403,1
bwapp,login,384497f21105f5b2,403,1
bwapp,login,7e065a428e532e9d,403,1
bwapp,login,33889f3f06933cf6,403,1
bwapp,login,e845bc8d4003382b,403,1
bwapp,login,f34349de628d0c89,403,1
bwapp,login,57b76aec720d055b,403,1
bwapp,login,2a2e4a5e4e354753,403,1
bwapp,login,87d1ec998ee1fa81,403,1
bwapp,login,90edce0bfbc19e85,403,1
bwapp,login,2736252359f6a839,403,1
bwapp,login,bc80f5cea24ea99a,403,1
bwapp,login,7addc36699643fa1,403,1
bwapp,login,2b32986d463e81d2,403,1
bwapp,login,2d45cb4e682af761,403,1
bwapp,login,8a1ee24dec92efff,403,1
bwapp,login,b8153ec81f7febad,403,1
bwapp,login,4b4b0fdf3f70ca39,403,1
bwapp,login,c09f0d44ac423c89,403,1
bwapp,login,54d3ed7e0a64533a,403,1
bwapp,login,6ee30c327d9ddd4f,403,1
bwapp,login,7f2e566ffab2969e,403,1
bwapp,login,e272bb79c58ffdd3,403,1
bwapp,login,7af2f4fe2dcd6671,403,1
bwapp,login,a54317bf12f255e3,403,1
bwapp,login,31b22efe81306cb5,403,1
bwapp,login,6f18254ab82e1e3e,403,1
bwapp,login,994ab33b0e527ed6,403,1
bwapp,login,28e71a937608b39c,403,1
bwapp,login,0d4c110670bdefe3,403,1
bwapp,login,a88d258059b9e2d1,403,1
bwapp,login,9d5984acaa30a72c,403,1
bwapp,login,bc0ddbdd2ff192ac,403,1
bwapp,login,9c5d99cb7bacf6ad,403,1
bwapp,login,67ef8b5b2b74f3ab,403,1
bwapp,login,f1ca507452407e3a,403,1
bwapp,login,234dafd8d0894240,403,1
bwapp,login,5e47ab50f0089c5e,403,1
bwapp,login,0c9af1e70737ad76,403,1
bwapp,login,0fa7762f9e868705,403,1
bwapp,login,b5e978eaac25dc53,403,1
bwapp,login,23aafb7d2e062333,403,1
bwapp,login,abe69e606f26d1e3,403,1
bwapp,login,ed71241db15c29bf,403,1
bwapp,login,0be2f41ba505eeef,403,1
bwapp,login,8cd1904cd85e615f,403,1
bwapp,login,2dc7eb65ea5094fc,403,1
bwapp,login,987fbe62baeddca5,403,1
bwapp,login,fff485f6302fe874,403,1
bwapp,login,2dbe74ea4e3e98a7,403,1
bwapp,login,ee60768f5d7ad8f1,403,1
bwapp,login,1e6c58af7ca24ca3,403,1
bwapp,login,1c04995a49a4f7bd,403,1
bwapp,login,6c0fdb29c24266db,403,1
bwapp,login,f2320b666997e40b,403,1
bwapp,login,db241d35304c8470,403,1
bwapp,login,02b79be51f956271,403,1
bwapp,login,a4fa8c5e583d2789,403,1
bwapp,login,4ac4037abf1d3766,403,1
bwapp,login,6cb19b1bee4f56c1,403,1
bwapp,login,964134a86658b077,403,1
bwapp,login,c2b6f953ba22a73f,403,1
bwapp,login,d0d7dbf1e1c212e7,403,1
bwapp,login,c479da83b24cecb0,403,1
bwapp,login,21df0d0fb631d2c1,403,1
bwapp,login,508a282c299ac507,403,1
bwapp,login,8dc0e70058bb0b96,403,1
bwapp,login,9f04e6b903be8237,403,1
bwapp,login,38d41fb014737fc3,403,1
bwapp,login,c27fa68fe543b877,403,1
bwapp,login,b12580c33c3de83f,403,1
bwapp,login,30b3cfd370aa5c9e,403,1
bwapp,login,dd4de8c59955c5ab,403,1
bwapp,login,e14be089816bf69d,403,1
bwapp,login,ae998c828c377ee5,403,1
bwapp,login,c90980a92f599f68,403,1
bwapp,login,07222b07029288f0,403,1
bwapp,login,ef624ec94fafa6e4,403,1
bwapp,login,fe21edbd71754019,403,1
bwapp,login,62faddaf5aca76b7,403,1
bwapp,login,f798220ef73585f7,403,1
bwapp,login,e695a6574f034971,403,1
bwapp,login,f887b69a09031f06,403,1
bwapp,login,93ef852920fa484e,403,1
bwapp,login,531dc2790d71b4a7,403,1
bwapp,login,ff520e6769556aac,403,1
bwapp,login,8685fcba2f00328f,403,1
bwapp,login,7038cd43279f24c8,403,1
bwapp,login,e4e9d5808a218471,403,1
bwapp,login,2f79638ed1cc77dc,403,1
bwapp,login,f5edf7011118a71b,403,1
bwapp,login,55581daa043748ab,403,1
bwapp,login,085eaff54a862af6,403,1
bwapp,login,5144803a6693d9e9,403,1
bwapp,login,a808ad0e5bf5b8ab,403,1
bwapp,login,9ba9761baeae8a60,403,1
bwapp,login,09f8f1afc747328b,403,1
bwapp,login,38f713688e37f4da,403,1
bwapp,login,ade1d676b1342237,403,1
bwapp,login,aa6872f3fcd41857,403,1
bwapp,login,07caef396a1fd210,403,1
bwapp,login,86b31abe10686a74,403,1
bwapp,login,63c3fe36777f89d4,403,1
bwapp,login,5f42c2f87f3c58e9,403,1
bwapp,login,ae003d4b1a9f891f,403,1
bwapp,login,910bc9ab044a9a51,403,1
bwapp,login,af57076502e57375,403,1
bwapp,login,52b5e29f0281a976,403,1
bwapp,login,6a7016af719c26e9,403,1
bwapp,login,01aa2f5284ad8a31,403,1
bwapp,login,2747924d60ff28ef,403,1
bwapp,login,cbaabfade782f709,403,1
bwapp,login,3d1479eb5247ff2f,403,1
bwapp,login,375d885f31811f16,403,1
bwapp,login,c465cf8f4df76a02,403,1
bwapp,login,cacd17f75b5017e7,403,1
bwapp,login,0b1380040e3c1e5f,403,1
bwapp,login,27037c449ed26496,403,1
bwapp,login,9c443bef785e0346,403,1
bwapp,login,69ed09995794bc55,403,1
bwapp,login,70fb68e4143dc172,403,1
bwapp,login,10ac58c874c13f42,403,1
bwapp,login,508b1084ad5bd8f3,403,1
bwapp,login,5c482208392a02fc,403,1
bwapp,login,434071e8aa3a9c28,403,1
bwapp,login,b2a2ee68a01aefe9,403,1
bwapp,login,6eb40c05f4a3273d,403,1
bwapp,login,f9ba41819f560a2e,403,1
bwapp,login,dd73d6b32098d88f,403,1
bwapp,login,ce19ac513074fd78,403,1
bwapp,login,ba0403fd4e4afb08,403,1
bwapp,login,57078aaeefb27d6c,403,1
bwapp,login,a40051564279b6f2,403,1
bwapp,login,470e005e07ddf6e5,403,1
bwapp,login,7a8ece750074ce17,403,1
bwapp,login,3b065a2863eae8e0,403,1
bwapp,login,aafa307f732bc000,403,1
bwapp,login,e6aebeb57be60f79,403,1
bwapp,login,1d138c44dfd725e7,403,1
bwapp,login,df3dd44883185676,403,1
bwapp,login,8e7573f116a0bd3f,403,1
bwapp,login,8a315394220ed6a3,403,1
bwapp,login,ba7dabc7478f7ffb,403,1
bwapp,login,907bb157825697a6,403,1
bwapp,login,eb95187a86bf5511,403,1
bwapp,login,c29e0edea10656c3,403,1
bwapp,login,e22f8ccc001b2809,403,1
bwapp,login,d2add59058a16aa2,403,1
bwapp,login,0fefb3cbc14cff1b,403,1
bwapp,login,d132ac58a5e3fccd,403,1
bwapp,login,5c96a91b5560c608,403,1
bwapp,login,af201be15d03eccf,403,1
bwapp,login,26877a16a49cb81a,403,1
bwapp,login,dcced4cfb25e9b74,403,1
bwapp,login,e310119fa3568391,403,1
bwapp,login,362af0980b239ae5,403,1
bwapp,login,d0d539d52f03e096,403,1
bwapp,login,5cc2f7b7c8621357,403,1
bwapp,login,f5bb21a48953f24f,403,1
bwapp,login,eb6b033747f4e6e5,403,1
bwapp,login,e9e0af7776e23b89,403,1
bwapp,login,95582b453ea89178,403,1
bwapp,login,771a6aca9f570817,403,1
bwapp,login,2a9e191a127cd060,403,1
bwapp,login,085eefd7a6dcff98,403,1
bwapp,login,2e6fa4e67e0608bc,403,1
bwapp,login,e8a1cf86d01b592c,403,1
bwapp,login,b82bcb7156702d4f,403,1
bwapp,login,69188d1718421953,403,1
bwapp,login,315b08aae071ecb5,403,1
bwapp,login,e228a8c5d1343a61,403,1
bwapp,login,52d5062899c791c2,403,1
bwapp,login,f30815c5ae2bdcaa,403,1
bwapp,login,bb9b6c1dc03fec6c,403,1
bwapp,login,64bccac760da0dde,403,1
bwapp,login,da0ce2f406dcc4f5,403,1
bwapp,login,8925e405f974b560,403,1
bwapp,login,37d371bf1c0843a2,403,1
bwapp,login,55f436c696963218,403,1
bwapp,login,efe6e3ee8f467848,403,1
bwapp,login,8815382b2f3ee9d4,403,1
bwapp,login,3418c2a9f97c2ec3,403,1
bwapp,login,e2c419df888afefe,403,1
bwapp,login,d913c195b4f508cc,403,1
bwapp,login,4caf04eefca6466a,403,1
bwapp,login,6eb5785034096639,403,1
bwapp,login,94cc14b64c326fd5,403,1
bwapp,login,c68ee6a65490e612,403,1
bwapp,login,dad89ad00ed9cdb7,403,1
bwapp,login,f9845b395949f8d9,403,1
bwapp,login,61fd07090f5ae3f9,403,1
bwapp,login,930bdb563129eb8a,403,1
bwapp,login,a28db98ef5958c1d,403,1
bwapp,login,7f27f32bc95eb0fb,403,1
bwapp,login,00ab639650605c4a,403,1
bwapp,login,ef2aea1d267c1c9b,403,1
bwapp,login,a178c366b8ff1662,403,1
bwapp,login,ded1f7abbc24ed19,403,1
bwapp,login,df2d3244ba8c02fe,403,1
bwapp,login,da839e0f7a3f1a8e,403,1
bwapp,login,f81e005a46fc51bc,403,1
bwapp,login,0c1524b454c249fa,403,1
bwapp,login,60aaf805c2d4dc90,403,1
bwapp,login,0129e1156795899f,403,1
bwapp,login,bdd69f14090e8272,403,1
bwapp,login,282f47d220b34842,403,1
bwapp,login,1286a0690d07e85b,403,1
bwapp,login,e1537221f0386f9e,403,1
bwapp,login,ac59fba25c2d8d53,403,1
bwapp,login,cd7eaf5ac3b265bb,403,1
bwapp,login,6d33849359ff56d3,403,1
bwapp,login,b9b1cf1ac75fede2,403,1
bwapp,login,c74d37aa316e17c0,403,1
bwapp,login,d0e3a9a7504560bd,403,1
bwapp,login,9c26b84475752225,403,1
bwapp,login,6c65804c6de24bda,403,1
bwapp,login,b307dbcaeb3cc407,403,1
bwapp,login,a7d5fada4cff3840,403,1
bwapp,login,3848e73394124a3c,403,1
bwapp,login,d69b7a77e4e4ae13,403,1
bwapp,login,1ea85019b66c46a6,403,1
bwapp,login,99674d79e741fba2,403,1
bwapp,login,098f4f3f3db8a9ba,403,1
bwapp,login,f91ba95f5acd5095,403,1
bwapp,login,8118c7ae2560bd65,403,1
bwapp,login,2114ee8dce526d33,403,1
bwapp,login,5d32c6d15b3313e7,403,1
bwapp,login,d90f0cd7fad0f7df,403,1
bwapp,login,982fcc6c57386a1f,403,1
bwapp,login,1d347c5397a46c17,403,1
bwapp,login,94a53913901b5a60,403,1
bwapp,login,e47bc3e6058abc25,403,1
bwapp,login,422efae3a6e3aea2,403,1
bwapp,login,b95b1f32ec6be8bf,403,1
bwapp,login,bf7aee33a485c899,403,1
bwapp,login,87faf263c7e70e53,403,1
bwapp,login,f5a14a1de70e545c,403,1
bwapp,login,442e3a24eeabbd46,403,1
bwapp,login,be8dd98d6d4511ed,403,1
bwapp,login,13f3ae7a2e1e43e7,403,1
bwapp,login,8fc16ce013678c6c,403,1
bwapp,login,5c4bf7702310ca0d,403,1
bwapp,login,242b2048dc20b13d,403,1
bwapp,login,74f4a76398edc129,403,1
bwapp,login,aa9e37b77533ac27,403,1
bwapp,login,b2800e45ae2b8a67,403,1
bwapp,login,d6efea71074db7f9,403,1
bwapp,login,943661d81891e7b4,403,1
bwapp,login,468ef4289e95a265,403,1
bwapp,login,781ade2cca8e6acb,403,1
bwapp,login,61d3554688a57029,403,1
bwapp,login,537df3d48337a027,403,1
bwapp,login,e43a12231237403a,403,1
bwapp,login,fae9e0d567f121b6,403,1
bwapp,login,e2f6ad1e81bb04b8,403,1
bwapp,login,6ee7afd0e6046c17,403,1
bwapp,login,2278875b11ece963,403,1
bwapp,login,ea73207d72ec46d7,403,1
bwapp,login,75e05b2bcb92c4ac,403,1
bwapp,login,1af55dfa15ce4e9c,403,1
bwapp,login,8968bfb0aec2f120,403,1
bwapp,login,3554634cfbd3e2ec,403,1
bwapp,login,0f2c98779e20398f,403,1
bwapp,login,bc40b198e14c8c8c,403,1
bwapp,login,251f2c15aa8e0118,403,1
bwapp,login,bf286254baa84a97,403,1
bwapp,login,3ab38948a27dbc5b,403,1
bwapp,login,58217d48aea804e0,403,1
bwapp,login,0d5fb30893459ee3,403,1
bwapp,login,13228273647b18cb,403,1
bwapp,login,723b9056c09e2b3a,403,1
bwapp,login,de4aa66d50db95b3,403,1
bwapp,login,042855d00d3cd320,403,1
bwapp,login,7143eb1d41cedafd,403,1
bwapp,login,d335ebe10f45ef9f,403,1
bwapp,login,c13f092a7427d537,403,1
bwapp,login,079a00fb5129c436,403,1
bwapp,login,183886fba33863f6,403,1
bwapp,login,f8ec39d84cf01000,403,1
bwapp,login,e309683c5eb4d700,403,1
bwapp,login,ac259fff97f4aeb1,403,1
bwapp,login,6a2a45a5c70751be,403,1
bwapp,login,572597ce7b28abf5,403,1
bwapp,login,8a5b4e525cc3808a,403,1
bwapp,login,985d17ae4328fd74,403,1
bwapp,login,f8062341d2646e63,403,1
bwapp,login,da78147260dff021,403,1
bwapp,login,629a47fe41de8425,403,1
bwapp,login,4a649dcaa9bbcfb6,403,1
bwapp,login,e025454bf31cd777,403,1
bwapp,login,20a23aca442c84e3,403,1
bwapp,login,0609e5fef1b910b4,403,1
bwapp,login,89271fc82cbb6a2c,403,1
bwapp,login,6102f982643bd019,403,1
bwapp,login,adcb1fde50ff4f7e,403,1
bwapp,login,8501f2258a67d41d,403,1
bwapp,login,3cca637365236605,403,1
bwapp,login,51a10bc2b1b3b8b3,403,1
bwapp,login,1436ef7c4d1076b7,403,1
bwapp,login,24dfb71870d9f71e,403,1
bwapp,login,06794271c6df2259,403,1
bwapp,login,f3609e2a064d5f54,403,1
bwapp,login,185ca4ccc5532c5f,403,1
bwapp,login,11046b7b0c690107,403,1
bwapp,login,a88cc7c67df2723d,403,1
bwapp,login,96d7cbae535a778c,403,1
bwapp,login,10aa981348371ad0,403,1
bwapp,login,179691852cd82a40,403,1
bwapp,login,affd269ec01ff264,403,1
bwapp,login,bd17919c7cdb9801,403,1
bwapp,login,d719c5ce93607fb0,403,1
bwapp,login,eeb34ea724f97cd7,403,1
bwapp,login,2b6880a097bfeb19,403,1
bwapp,login,4591ca56b126d6f1,403,1
bwapp,login,2940ac4dfdf159ca,403,1
bwapp,login,29b967a0c37ed14d,403,1
bwapp,login,38c3ade809cf9779,403,1
bwapp,login,2c1e2b9c45b4f2cb,403,1
bwapp,login,b978bf37706d730d,403,1
bwapp,login,3be383806bacdf06,403,1
bwapp,login,dcb16a2a8aa2484b,403,1
bwapp,login,28692b2a106eb4f2,403,1
bwapp,login,91199e99e85be923,403,1
bwapp,login,22a4f68e6215d6db,403,1
bwapp,login,587e4fb5cbc65618,403,1
bwapp,login,88acff7f0aee8733,403,1
bwapp,login,de906f8bb384237e,403,1
bwapp,login,180a8e5784e3c96e,403,1
bwapp,login,ff6ad94e7dd331c3,403,1
bwapp,login,6cac03b889c09b3b,403,1
bwapp,login,1ed5a458261eb5f0,403,1
bwapp,login,c6b6ef0a1726d0e6,403,1
bwapp,login,caf750fc4ad53704,403,1
bwapp,login,c615464679708127,403,1
bwapp,login,73935792bf16f2a3,403,1
bwapp,login,5af6ab1b65d9823f,403,1
bwapp,login,945cde9515a6dcb5,403,1
bwapp,login,12d090a7dba103aa,403,1
bwapp,login,d9afacfd1080a4ab,403,1
bwapp,login,a7b541a7361c89f3,403,1
bwapp,login,d053f04fd97d65f6,403,1
bwapp,login,ac86c30e0694ad1f,403,1
bwapp,login,e785f2ae96d5af37,403,1
bwapp,login,80b0be1748c17fdb,403,1
bwapp,login,ab4c8052635aa91d,403,1
bwapp,login,1b8697784853051c,403,1
bwapp,login,d38f2dc0f0151d50,403,1
bwapp,login,37a2cbb7e6db9bb8,403,1
bwapp,login,e4c58e9fd827585f,403,1
bwapp,login,d41f73dc8569add7,403,1
bwapp,login,3bbcb4c3dc8d0299,403,1
bwapp,login,2342878c51a8473b,403,1
bwapp,login,3ad53e8876d61248,403,1
bwapp,login,6671123c56ad12ba,403,1
bwapp,login,b44895f2afc90d14,403,1
bwapp,login,ae11ade464582e22,403,1
bwapp,login,20d1c6dc38799161,403,1
bwapp,login,1b9681c80847f466,403,1
bwapp,login,d0992080547f7a77,403,1
bwapp,login,36484afff911928f,403,1
bwapp,login,be1b5c7f1ca92cf7,403,1
bwapp,login,5622ea89bfe4d5b5,403,1
bwapp,login,78667fcdba34ca32,403,1
bwapp,login,e10755caf5f2429d,403,1
bwapp,login,1788584e1b6ba861,403,1
bwapp,login,7bff69a259c17f3f,403,1
bwapp,login,2ab2c199043edd07,403,1
bwapp,login,d19e54140a78c2f1,403,1
bwapp,login,ec9861fb51d55310,403,1
bwapp,login,6e81ffcba4903f2f,403,1
bwapp,login,3fd16b9ebb2bdfe1,403,1
bwapp,login,396b2f22b1bcc396,403,1
bwapp,login,680b6338c575ef8b,403,1
bwapp,login,2b0cd50354338987,403,1
bwapp,login,c60fa42917cdee70,403,1
bwapp,login,356e4e0bdf0976c8,403,1
bwapp,login,d673e37b9fd9c10a,403,1
bwapp,login,1703e2af31f288fb,403,1
bwapp,login,48bcf2a93a671138,403,1
bwapp,login,8721ab91fdc87d27,403,1
bwapp,login,df71d56b5908a80f,403,1
bwapp,login,37e0b4de69ab38f5,403,1
bwapp,login,35a456ddbb81f8f5,403,1
bwapp,login,82577471e33dd870,403,1
bwapp,login,e7875ca298959f12,403,1
bwapp,login,2e0f983a5587d241,403,1
bwapp,login,75682045b094d774,403,1
bwapp,login,89350a4e7e70bf3a,403,1
bwapp,login,6f9ad389100b7763,403,1
bwapp,login,264770ae64358cdb,403,1
bwapp,login,34a4a59f2592fb77,403,1
bwapp,login,6e9450dab1cfd9c8,403,1
bwapp,login,09ea460400ea760d,403,1
bwapp,login,6829395f34acc880,403,1
bwapp,login,f0c58ee9b0c93dee,403,1
bwapp,login,f108906ecba3cb39,403,1
bwapp,login,439b1c5bf46c1819,403,1
bwapp,login,35f2f6b0627202c1,403,1
bwapp,login,d9f5180b0d6297e2,403,1
bwapp,login,0ddc973c1cf67512,403,1
bwapp,login,4889c5a04fd99539,403,1
bwapp,login,26fd50bdf30d0c84,403,1
bwapp,login,e48f98d5ff729385,403,1
bwapp,login,3d2a0ce603e2b290,403,1
bwapp,login,2992bd39b77afe2a,403,1
bwapp,login,2417c5cd547823c8,403,1
bwapp,login,c978165e8199f79b,403,1
bwapp,login,543fff9b23ff8a54,403,1
bwapp,login,ebc9577993c642ba,403,1
bwapp,login,75cb9bbffe3746b1,403,1
bwapp,login,d7039992db9bbf80,403,1
bwapp,login,0859bde2d547707f,403,1
bwapp,login,f70790637d05f460,403,1
bwapp,login,dbf34f4b2bd1d046,403,1
bwapp,login,72f0a52502f32f65,403,1
bwapp,login,7eea7a8041514500,403,1
bwapp,login,a25ba80b5df70917,403,1
bwapp,login,59ed482b5cb290ec,403,1
bwapp,login,f192404421cc317b,403,1
bwapp,login,3487ef349e98178e,403,1
bwapp,login,fe9e5f7ffdb0f130,403,1
bwapp,login,1c01efdabbba9cb9,403,1
bwapp,login,ce8b5c50c910070b,403,1
bwapp,login,56a330ef55a13fd6,403,1
bwapp,login,5bbee2d329d73c8b,403,1
bwapp,login,b8363dfae646abee,403,1
bwapp,login,2366741bc9676a0c,403,1
bwapp,login,64bd99b098717078,403,1
bwapp,login,44b6c7681a40a27f,403,1
bwapp,login,e4bc1adae94ef38f,403,1
bwapp,login,c679c1b4a3fa3368,403,1
bwapp,login,cbc9b68d76d52ca9,403,1
bwapp,login,76c64e403278c897,403,1
bwapp,login,3f1db3c224ec802e,403,1
bwapp,login,798fb4911ed49ff3,403,1
bwapp,login,8b97fbaf9f840cb9,403,1
bwapp,login,69e96993c5f5d9da,403,1
bwapp,login,e7244289c8cff5ce,403,1
bwapp,login,58dd18ec6bd084b9,403,1
bwapp,login,05d6884b2ea86f9d,403,1
bwapp,login,b7b2f7c329d07966,403,1
bwapp,login,ad57b3208b281831,403,1
bwapp,login,3ad2db3492f7ecba,403,1
bwapp,login,073dfa00678ee994,403,1
bwapp,login,aef395d49ea008c7,403,1
bwapp,login,a443a735397c79cb,403,1
bwapp,login,a00bb48e946c6585,403,1
bwapp,login,330fdb150230eb93,403,1
bwapp,login,390f68a996f74565,403,1
bwapp,login,245f8c97199a6b46,403,1
bwapp,login,9e7997aadac73949,403,1
bwapp,login,05024fd96480ac13,403,1
bwapp,login,383de5b065ea6810,403,1
bwapp,login,2b0b81dd00631d4a,403,1
bwapp,login,02c513afbdb25d3d,403,1
bwapp,login,0ebca22eaf01d88b,403,1
bwapp,login,bbe4752b3f4a670a,403,1
bwapp,login,d4f6171dd999deb7,403,1
bwapp,login,1eff0633d93765a2,403,1
bwapp,login,3a94ea648cc9b874,403,1
bwapp,login,988d35d5e1071dbe,403,1
bwapp,login,cb18eede773b95e5,403,1
bwapp,login,f874cc3a165e0d37,403,1
bwapp,login,5458dfb6a4c6fbe0,403,1
bwapp,login,e1dfc2f8e761016c,403,1
bwapp,login,69709184f3807dc8,403,1
bwapp,login,7714315a2f0f0e0a,403,1
bwapp,login,c241787d1cf87a90,403,1
bwapp,login,52a62f859096ab0c,403,1
bwapp,login,625237306dede4bf,403,1
bwapp,login,95d53a5891d8d5bf,403,1
bwapp,login,62d71770b3741c15,403,1
bwapp,login,6711eae9919f2fce,403,1
bwapp,login,fb8d67df1de52cb2,403,1
bwapp,login,3c7f0a4b9a44759e,403,1
bwapp,login,4e00db578ac0ddcd,403,1
bwapp,login,f35d070d7334d12a,403,1
bwapp,login,8c823e135def5d01,403,1
bwapp,login,1c1971e0ea998b79,403,1
bwapp,login,30c81e2b97489b02,403,1
bwapp,login,bb18c655e730bd78,403,1
bwapp,login,6c0f10c6f0376d43,403,1
bwapp,login,505dc611b69ceeb1,403,1
bwapp,login,062c0f3bae58f3ca,403,1
bwapp,login,21cdbe952e0a5317,403,1
bwapp,login,e0090913d98ee7bc,403,1
bwapp,login,70092f68158cdf82,403,1
bwapp,login,568c223971214b78,403,1
bwapp,login,a1e9801739341e76,403,1
bwapp,login,43d5e2ac0c435a1c,403,1
bwapp,login,f46ed88b3eecbbaf,403,1
bwapp,login,5765403d75d4079f,403,1
bwapp,login,72cf91d2f3ceba71,403,1
bwapp,login,9f96c50252d2ec9d,403,1
bwapp,login,f4605e7e73c72ab6,403,1
bwapp,login,39fe10de18ea1063,403,1
bwapp,login,f716173c42865e65,403,1
bwapp,login,798a9d3ab6159649,403,1
bwapp,login,114751b2fbfd769e,403,1
bwapp,login,fe12b461f30146f8,403,1
bwapp,login,bc3209307e213ad5,403,1
bwapp,login,d5520f6e89d8e327,403,1
bwapp,login,4018cc13f5dcd444,403,1
bwapp,login,41809dbb7c0e4810,403,1
bwapp,login,043474e1cd566f65,403,1
bwapp,login,8de4992211cc6087,403,1
bwapp,login,7cdb76b80f09120a,403,1
bwapp,login,ee2bd12135dc5c66,403,1
bwapp,login,b93a0b9083ce2b49,403,1
bwapp,login,aa538295633270ed,403,1
bwapp,login,56d1013d4b8dbcdf,403,1
bwapp,login,a22621f2c3b1538a,403,1
bwapp,login,2ef30d01db872ffc,403,1
bwapp,login,36ecb8653840af37,403,1
bwapp,login,75c97d0719835cca,403,1
bwapp,login,dabdd839fcf30bf3,403,1
bwapp,login,8e7ed542e091ae36,403,1
bwapp,login,9e62b49a455c91ee,403,1
bwapp,login,a28019f94c555f00,403,1
bwapp,login,d70e412375598744,403,1
bwapp,login,0c2564a316492725,403,1
bwapp,login,1ff0a476d6c99f20,403,1
bwapp,login,0473bb230d22b79d,403,1
bwapp,login,e42b3f185db80587,403,1
bwapp,login,6b05a0ca253f71f2,403,1
bwapp,login,0733c365a49f26e6,403,1
bwapp,login,b0ed19183b71d20b,403,1
bwapp,login,169e2b3295c8cfb6,403,1
bwapp,login,a37cfce43ba3b625,403,1
bwapp,login,8a3dfe3688675b1d,403,1
bwapp,login,0b82615b4b729b0b,403,1
bwapp,login,87b0e932cdc4ab44,403,1
bwapp,login,625fccaa22b4c113,403,1
bwapp,login,5d61f035400ae49d,403,1
bwapp,login,d66f9052b752c2c8,403,1
bwapp,login,57ad54efd07c2c4d,403,1
bwapp,login,b8d8265a94f819d2,403,1
bwapp,login,a539c55a7145eae4,403,1
bwapp,login,5c7d59633d7fa0b4,403,1
bwapp,login,68e2501c5a84f58e,403,1
bwapp,login,ac97862c23cf49df,403,1
bwapp,login,d8e57ae070191ea3,403,1
bwapp,login,0b4845c32ba0fba6,403,1
bwapp,login,7600917255716fb2,403,1
bwapp,login,6b97e70b86575e31,403,1
bwapp,login,e4f1ed6ed9c1c5d4,403,1
bwapp,login,0317f9f7d7b1a1e7,403,1
bwapp,login,27f2f25bf3fe7bbe,403,1
bwapp,login,73249c3ed276f8d1,403,1
bwapp,login,8fab2583cc692ccd,403,1
bwapp,login,ea7e58f0b7fc25d7,403,1
bwapp,login,928ecd64e5a86d9e,403,1
bwapp,login,f27af0f9d32043ba,403,1
bwapp,login,a393fe3ff98d9768,403,1
bwapp,login,6e30bf742e43093c,403,1
bwapp,login,9d8895f796383f5a,403,1
bwapp,login,72bf8befe76158fe,403,1
bwapp,login,21340215c17b4b4a,403,1
bwapp,login,586947e13b82bf93,403,1
bwapp,login,bd1f5384c62a3e8d,403,1
bwapp,login,ca34f32f8a04596f,403,1
bwapp,login,8e12718122ea0bbd,403,1
bwapp,login,28514df0b3a0a0a6,403,1
bwapp,login,084516401d4e76f0,403,1
bwapp,login,72e5a1336e3a4b92,403,1
bwapp,login,0c6b2c4fd8814684,403,1
bwapp,login,7ca365f9f0ff8f55,403,1
bwapp,login,79123334345c15ef,403,1
bwapp,login,c909f78fffc99ba4,403,1
bwapp,login,8f26ad71106c2796,403,1
bwapp,login,6375e0a9968f050a,403,1
bwapp,login,8e0511249b5d27f3,403,1
bwapp,login,67ca34ad043017e4,403,1
bwapp,login,b99fad3290f62255,403,1
bwapp,login,28c0006206abacfd,403,1
bwapp,login,ef453fe9d2819777,403,1
bwapp,login,2b183c21f1c1e644,403,1
bwapp,login,fff3ab38d56fcecd,403,1
bwapp,login,4ac0fbb613468866,403,1
bwapp,login,599693203ecc2fd5,403,1
bwapp,login,97e4e181dfbb0993,403,1
bwapp,login,553120b3e564e60a,403,1
bwapp,login,3d212423e7796698,403,1
bwapp,login,095611010f66aa3a,403,1
bwapp,login,7cad42e5bae93fea,403,1
bwapp,login,bbe8f4f76e2275f9,403,1
bwapp,login,92288daa2e2d3000,403,1
bwapp,login,b4d0b0e37befa3dc,403,1
bwapp,login,116215ae9926d5b8,403,1
bwapp,login,8f1f6e565ede7be6,403,1
bwapp,login,f38bab250ab30e07,403,1
bwapp,login,20742e1c52c58b6f,403,1
bwapp,login,44ac446b453d44eb,403,1
bwapp,login,6b8879b498958d78,403,1
bwapp,login,9c46f108b17018a1,403,1
bwapp,login,355ca91bf79680e9,403,1
bwapp,login,02fe9e9e0eed7cf4,403,1
bwapp,login,d5dc2290feb792e7,403,1
bwapp,login,20c15df562c6a443,403,1
bwapp,login,ac647ba514105a9d,403,1
bwapp,login,fd017d2ccd1620f5,403,1
bwapp,login,a6ace26df4a3e96b,403,1
bwapp,login,2ceadbab44c276d1,403,1
bwapp,login,4fdccb4cc93accd6,403,1
bwapp,login,638cbc81362a7edd,403,1
bwapp,login,2dd8695235237b84,403,1
bwapp,login,b515c4d70a6803df,403,1
bwapp,login,78e9c11ba72e7d30,403,1
bwapp,login,83d97a5c0ef5ea61,403,1
bwapp,login,82cdbe0944ad6ecf,403,1
bwapp,login,41ee492e75cd6e7d,403,1
bwapp,login,ade2d596dd6eed75,403,1
bwapp,login,9c4aab83925c3db1,403,1
bwapp,login,f9f351eef7479cc0,403,1
bwapp,login,21414e9749de6607,403,1
bwapp,login,5a5502da895c1704,403,1
bwapp,login,dbd3bab87218ca69,403,1
bwapp,login,8a88c46d04658543,403,1
bwapp,login,30dca0c311fbd941,403,1
bwapp,login,8e926bc867b3ec9b,403,1
bwapp,login,5a29e245c43218b5,403,1
bwapp,login,14a795bc341d9f18,403,1
bwapp,login,677008301497a26d,403,1
bwapp,login,1f2dcef571bfc262,403,1
bwapp,login,43965ac6bddb0e97,403,1
bwapp,login,25e33d5746c5bfd7,403,1
bwapp,login,a0210acdfb288aab,403,1
bwapp,login,7dc2ab767e5fe640,403,1
bwapp,login,1f3a7ee6173b1559,403,1
bwapp,login,46127ec604f0d993,403,1
bwapp,login,bd101840c80ca823,403,1
bwapp,login,d6d9aed366a04fcc,403,1
bwapp,login,0a9c94a03bc51c4c,403,1
bwapp,login,72754a64f5364f7c,403,1
bwapp,login,5ec4e72a1ccaa8fe,403,1
bwapp,login,96bddd6b3bf35a61,403,1
bwapp,login,d2b51b00f2c7bb83,403,1
bwapp,login,75d6da2c1a344a79,403,1
bwapp,login,fc21d2b4b5a15bc0,403,1
bwapp,login,d13a17a7419ebff7,403,1
bwapp,login,a0b095ef661f8511,403,1
bwapp,login,46e0c03de5e98da5,403,1
bwapp,login,24fa6e42b3818c00,403,1
bwapp,login,703078ce941a9a9d,403,1
bwapp,login,5d60ef12d3791733,403,1
bwapp,login,5b8cc883a8165456,403,1
bwapp,login,8d75ea659e585ab7,403,1
bwapp,login,f0a3e2b47ebba727,403,1
bwapp,login,2e3028477f6f47d3,403,1
bwapp,login,70036ecc81189825,403,1
bwapp,login,b34e544b1c6c29e1,403,1
bwapp,login,670fd1eb31b1aac9,403,1
bwapp,login,c4ff33a06279d27f,403,1
bwapp,login,f6d92813bd62dd1d,403,1
bwapp,login,2e480b6fe30ec237,403,1
bwapp,login,21bcf8319ce0556a,403,1
bwapp,login,b46b29e8bf02818f,403,1
bwapp,login,efac14e83559e14c,403,1
bwapp,login,0592637b82b8935c,403,1
bwapp,login,502e57c0623065a8,403,1
bwapp,login,014b21105540753d,403,1
bwapp,login,41389d8090c69624,403,1
bwapp,login,579a173501a6f2b4,403,1
bwapp,login,02b60d4f69b4d638,403,1
bwapp,login,82b1637201b7ebd3,403,1
bwapp,login,64d7328a2156e5cc,403,1
bwapp,login,b36857f654b5d233,403,1
bwapp,login,4de25f83872f4048,403,1
bwapp,login,33124a3f0c25ebc1,403,1
bwapp,login,fe3ebbe51c017ec7,403,1
bwapp,login,dd7ee40afca7eed7,403,1
bwapp,login,278a594b1c801c42,403,1
bwapp,login,68c942075cf13acd,403,1
bwapp,login,6b4294c5df6b542a,403,1
bwapp,login,2a2d9bd841cdb692,403,1
bwapp,login,6ecf0e2972262de7,403,1
bwapp,login,740b78eae8228038,403,1
bwapp,login,68992749b42c8d98,403,1
bwapp,login,f3fea8a936f70ecf,403,1
bwapp,login,a87ee61f42d32793,403,1
bwapp,login,e96c1b3542846136,403,1
bwapp,login,d7d9bf6336ddb1d9,403,1
bwapp,login,d4a17192b40c9c72,403,1
bwapp,login,163dfd47bc0bec62,403,1
bwapp,login,f8daea6855aa64a3,403,1
bwapp,login,425e57108bf91c1e,403,1
bwapp,login,6c4b274a43d7f2ac,403,1
bwapp,login,c7665b0adb49fe06,403,1
bwapp,login,ed5ba789919ea3d1,403,1
bwapp,login,eef2507f1ea5cf71,403,1
bwapp,login,b93add446807fd23,403,1
bwapp,login,20f6fa5e1e735503,403,1
bwapp,login,5fbef010df4179a7,403,1
bwapp,login,5bfcafff83206a51,403,1
bwapp,login,6de8b4fb5373cd55,403,1
bwapp,login,03e53c300baeff8d,403,1
bwapp,login,6eb17e0153f4aed0,403,1
bwapp,login,e237a5339114e7e0,403,1
bwapp,login,a5908b77e9e19f6e,403,1
bwapp,login,5232bfe6b0be1785,403,1
bwapp,login,0f3877b62cd0ae45,403,1
bwapp,login,1651d99f343b7f77,403,1
bwapp,login,293a3e212489a82c,403,1
bwapp,login,abf3ba1114a6d979,403,1
bwapp,login,839b2b356483fc13,403,1
bwapp,login,e625d0e30e3c4e96,403,1
bwapp,login,be114cbbc162166f,403,1
bwapp,login,c415160bbe95af2a,403,1
bwapp,login,69c7d4cdf3985ae9,403,1
bwapp,login,e317a182f57c4c76,403,1
bwapp,login,8a284abe08818d35,403,1
bwapp,login,cc2294b3f1e47788,403,1
bwapp,login,0035af3d45d3cb5c,403,1
bwapp,login,6289ec4e4332e201,403,1
bwapp,login,a9daa54ed1200d27,403,1
bwapp,login,d696cff243b25453,403,1
bwapp,login,cc214f148ed1b01b,403,1
bwapp,login,707d1bc17049ad53,403,1
bwapp,login,591cb154df7aa6c0,403,1
bwapp,login,ecc55fd3db839cb3,403,1
bwapp,login,1f379b29a8f81efb,403,1
bwapp,login,aeca820358b1e4e2,403,1
bwapp,login,ee8d4dd0dda9238d,403,1
bwapp,login,e2b69b0b329b654f,403,1
bwapp,login,feb8f3853e0a2891,403,1
bwapp,login,deb7876f0cc39688,403,1
bwapp,login,3abe16535182d163,403,1
bwapp,login,4630f146ac9aebaa,403,1
bwapp,login,06da4e2b9d05d3fa,403,1
bwapp,login,f53b010877af90d6,403,1
bwapp,login,499ed1a5477db6dd,403,1
bwapp,login,1c54208ccc09f7e0,403,1
bwapp,login,3ab5af20cffef656,403,1
bwapp,login,7070a28c1c2461c1,403,1
bwapp,login,7c123acc754ff39d,403,1
bwapp,login,c75a4807aaa057a1,403,1
bwapp,login,bc8f4984f648c004,403,1
bwapp,login,d0b1126e68f81d06,403,1
bwapp,login,582d0bb2f626e712,403,1
bwapp,login,1aeb05ab965175ca,403,1
bwapp,login,33797fd5238c2a3f,403,1
bwapp,login,b908f13e6e58b156,403,1
bwapp,login,3a64688f682c8fd6,403,1
bwapp,login,9034e4372033ae03,403,1
bwapp,login,370c662e3844c737,403,1
bwapp,login,5d58da3b7a3b50e2,403,1
bwapp,login,44347ec3b0b84be5,403,1
bwapp,login,a925aebd6908d06a,403,1
bwapp,login,2dbd44664d177bee,403,1
bwapp,login,e3c9f0494d083d98,403,1
bwapp,login,71c9eb32c42d5f2f,403,1
bwapp,login,5d67c1051c3c9bf4,403,1
bwapp,login,1660d846cb7c0a87,403,1
bwapp,login,83d2acdfa6dcb61b,403,1
bwapp,login,cfc7cc9f96b69906,403,1
bwapp,login,43ba608160c80804,403,1
bwapp,login,3a161dd9a5c981b1,403,1
bwapp,login,244f8e0474002fdd,403,1
bwapp,login,65c8e4e082e28284,403,1
bwapp,login,95f185df33c51071,403,1
bwapp,login,c44edf81516de342,403,1
bwapp,login,53204b6b42e729b1,403,1
bwapp,login,9eab5b28015abc69,403,1
bwapp,login,8c4976cf1ff55d10,403,1
bwapp,login,a527389c069fe4a8,403,1
bwapp,login,c7bdda657745bf5e,403,1
bwapp,login,8fa75660e0494c92,403,1
bwapp,login,e61dac9ba62ebc44,403,1
bwapp,login,9186553ade40351b,403,1
bwapp,login,60a413a2fbe33a99,403,1
bwapp,login,817bbea8ac6a4b65,403,1
bwapp,login,c52316ac7957f007,403,1
bwapp,login,3f25f8f2bb154110,403,1
bwapp,login,c3450a2b6bef7772,403,1
bwapp,login,ed35824317d6cc6a,403,1
bwapp,login,7905f6358ab2e8b0,403,1
bwapp,login,8520e02a4d41c037,403,1
bwapp,login,4a693f527420cd77,403,1
bwapp,login,e1e77e99b518d668,403,1
bwapp,login,6d572a2c3cc2cbb7,403,1
bwapp,login,71e3543e77c3bc03,403,1
bwapp,login,cb44704db7fc745a,403,1
bwapp,login,37a04a6a7a5b39bf,403,1
bwapp,login,ccc9bfdb32af02e4,403,1
bwapp,login,f084c0ee1f4e222c,403,1
bwapp,login,8f143b45630574c6,403,1
bwapp,login,a61216bbb373af70,403,1
bwapp,login,cf2f457ee11221c3,403,1
bwapp,login,5fd5c676ae90312f,403,1
bwapp,login,54e26b2996187a49,403,1
bwapp,login,5a53f1c66f4b2877,403,1
bwapp,login,3cc7d6f18c91f298,403,1
bwapp,login,5d3ab0122ffdd60e,403,1
bwapp,login,1ebb5b16a145cbbf,403,1
bwapp,login,fea0d9582948979f,403,1
bwapp,login,12e65f85da9c2e4e,403,1
bwapp,login,f984d4681f699b43,403,1
bwapp,login,4b5710a95537ac2a,403,1
bwapp,login,11066c74f360a81a,403,1
bwapp,login,c68fcb8d7e32fe12,403,1
bwapp,login,9febb6c1b3ad6cad,403,1
bwapp,login,85f7816a2e1094dd,403,1
bwapp,login,369d46886485fd1b,403,1
bwapp,login,5714c5839b92ceaa,403,1
bwapp,login,67ac0e6d90f38a1a,403,1
bwapp,login,cb7bb88410d55326,403,1
bwapp,login,6f8d093b05ca3539,403,1
bwapp,login,49967b4eb91a4569,403,1
bwapp,login,7defdf11169d6603,403,1
bwapp,login,c658f83c103b8710,403,1
bwapp,login,5e1a7736dd04a43e,403,1
bwapp,login,0b76dd69251b7a0c,403,1
bwapp,login,6014ea54718eda80,403,1
bwapp,login,f5b2474bd6dffcd7,403,1
bwapp,login,56efd472cb5f8f02,403,1
bwapp,login,255206005715029c,403,1
bwapp,login,c2b81c6023175017,403,1
bwapp,login,8e2df8523c23f24c,403,1
bwapp,login,72ccdac4501bcb55,403,1
bwapp,login,a6acc9075201b106,403,1
bwapp,login,d9047a27d358d9ba,403,1
bwapp,login,16fc39c45fd0dec5,403,1
bwapp,login,ebcbfe9855c5f81f,403,1
bwapp,login,0d2a9b2762ccbe24,403,1
bwapp,login,843e6cb17ed332e1,403,1
bwapp,login,1c801089168ded16,403,1
bwapp,login,7ef805fa454f79cf,403,1
bwapp,login,564b213481d33317,403,1
bwapp,login,dafbaa84443930a4,403,1
bwapp,login,4b281e02be84401b,403,1
bwapp,login,dce49c8ba0d966ed,403,1
bwapp,login,36d95dec92cc94e7,403,1
bwapp,login,db6ec679f067d7a8,403,1
bwapp,login,dbbdbaef6ed6da14,403,1
bwapp,login,13f4561519dd3302,403,1
bwapp,login,530256a0ad3f6b45,403,1
bwapp,login,9720765d598d2253,403,1
bwapp,login,99cc16f328006a48,403,1
bwapp,login,aeab66a83c0fcccf,403,1
bwapp,login,8a22a361450156eb,403,1
bwapp,login,583a2e1a60f4d2a2,403,1
bwapp,login,829c6a5a778dbb5f,403,1
bwapp,login,e09c11f5ba7814b8,403,1
bwapp,login,1c831065c9381e37,403,1
bwapp,login,85a31657cb9f1a97,403,1
bwapp,login,52cd19a7c3acbc65,403,1
bwapp,login,d136887d33f09b1a,403,1
bwapp,login,b70c176df04559ac,403,1
bwapp,login,e1afda8426c36741,403,1
bwapp,login,76b626423f06f171,403,1
bwapp,login,047653d9ba1715a9,403,1
bwapp,login,44c9913924cb5084,403,1
bwapp,login,485cc21ec3f3e6c0,403,1
bwapp,login,3d3b858a0125d9e8,403,1
bwapp,login,6a7ea184390a5cf2,403,1
bwapp,login,6012fb0d8707892f,403,1
bwapp,login,eb1d492d122f2e26,403,1
bwapp,login,3c15e288f815d8f4,403,1
bwapp,login,47ea401b40d0bf25,403,1
bwapp,login,469ce417185650e9,403,1
bwapp,login,b1460dfe43053c3a,403,1
bwapp,login,681e056ec862ff2e,403,1
bwapp,login,b820823790b11fc4,403,1
bwapp,login,f3082b4b91557a43,403,1
bwapp,login,d4004fc0f42c025a,403,1
bwapp,login,f7e47d74596f593b,403,1
bwapp,login,8acb8bc36bd939cd,403,1
bwapp,login,c290c638e518c21c,403,1
bwapp,login,39ece0e4fefead40,403,1
bwapp,login,16e3fc459d642200,403,1
bwapp,login,41f284170b97ece1,403,1
bwapp,login,9f493c316dc1517e,403,1
bwapp,login,95ff8bc530bdfa6b,403,1
bwapp,login,934df2d9e5d1090c,403,1
bwapp,login,3f3d6f4bd07fdb78,403,1
bwapp,login,214d76137b275c80,403,1
bwapp,login,3d8022f6f4e6fd13,403,1
bwapp,login,b4853f5e818e75eb,403,1
bwapp,login,0ea40349233fcbb5,403,1
bwapp,login,0d2cdb6944bbf0b3,403,1
bwapp,login,f29c7bc1528de755,403,1
bwapp,login,67c2eb4bd5ea1a01,403,1
bwapp,login,6131a80ebdfd38dc,403,1
bwapp,login,230e60983d5d5ea7,403,1
bwapp,login,7cb64f49bcca03e9,403,1
bwapp,login,fc0a16b5cb840f12,403,1
bwapp,login,2648c149db29992c,403,1
bwapp,login,5dd6f997e6bebfdb,403,1
bwapp,login,6cfd99858af1a616,403,1
bwapp,login,ee7f31d1559f9c38,403,1
bwapp,login,4de4324400060629,403,1
bwapp,login,2992fa065fc46d39,403,1
bwapp,login,c2163ca30c201db0,403,1
bwapp,login,c9f636362be52df6,403,1
bwapp,login,88a9d61bca68001c,403,1
bwapp,login,7b02c6f2b8b1ce6e,403,1
bwapp,login,d4ae8d72ea882c3e,403,1
bwapp,login,9a6014aa6126c641,403,1
bwapp,login,629acf90d0d874e6,403,1
bwapp,login,6c52df31defafdc0,403,1
bwapp,login,a4c66e3db03e9944,403,1
bwapp,login,90c4ea4b01aa30e0,403,1
bwapp,login,1e03dead54363966,403,1
bwapp,login,54ddb758c2ea1fd4,403,1
bwapp,login,71deb37d25af671c,403,1
bwapp,login,d2a2e26ff774d117,403,1
bwapp,login,34aec7359b28c319,403,1
bwapp,login,e5b32c898a5db5e5,403,1
bwapp,login,ceae6218278fee02,403,1
bwapp,login,0fcda53a11bb0f04,403,1
bwapp,login,e82fc7057a11d838,403,1
bwapp,login,8ea0a0907f0a7df0,403,1
bwapp,login,8289df014b164693,403,1
bwapp,login,99b38f52c945af86,403,1
bwapp,login,e751973a4ec44922,403,1
bwapp,login,394414a86ae7ca9a,403,1
bwapp,login,2eedc13aa9dc9d68,403,1
bwapp,login,6386ecb4e6f1a42d,403,1
bwapp,login,76a1c43f318abdcf,403,1
bwapp,login,4f9de2020dd858b1,403,1
bwapp,login,9cc0481f59e46b06,403,1
bwapp,login,e6ae607cd1e9778c,403,1
bwapp,login,bcb31f0921cc7e64,403,1
bwapp,login,a3e95098ce1365e2,403,1
bwapp,login,c6df262616489e5a,403,1
bwapp,login,110d11bb5dcc7311,403,1
bwapp,login,793de0911c6c02a2,403,1
bwapp,login,d212bdfe4308f71d,403,1
bwapp,login,f18c604d1f369e1b,403,1
bwapp,login,f4fb24f0e3e8a937,403,1
bwapp,login,fd354572ce8b986c,403,1
bwapp,login,cd1e36c4ea1a84a4,403,1
bwapp,login,d36ad89f5004d475,403,1
bwapp,login,da312731bc6c64d0,403,1
bwapp,login,9c66171df6a8bdf2,403,1
bwapp,login,ab188538ae61b55b,403,1
bwapp,login,9216441383443faf,403,1
bwapp,login,c91bed530bdbae38,403,1
bwapp,login,9264065749b6938d,403,1
bwapp,login,eca313e9b7be46bb,403,1
bwapp,login,867b3fe255c57ae6,403,1
bwapp,login,697f840c63a414d2,403,1
bwapp,login,49a2a225d377cd04,403,1
bwapp,login,416bf5f85b9453c8,403,1
bwapp,login,e4edb2833734c317,403,1
bwapp,login,03d6fdd0b2aaaadc,403,1
bwapp,login,955acd96e9f83386,403,1
bwapp,login,e8e9fa07124de619,403,1
bwapp,login,68510857c2a6fccb,403,1
bwapp,login,f0b1819ce36f77a2,403,1
bwapp,login,297d78cceb5f2bfd,403,1
bwapp,login,5c048081e0dbb08c,403,1
bwapp,login,a395acb7300a88a8,403,1
bwapp,login,2345312c1cc8dcec,403,1
bwapp,login,16bd1601b7e3d9c0,403,1
bwapp,login,af0557646317271f,403,1
bwapp,login,db730591e8a97656,403,1
bwapp,login,5e66672c70270283,403,1
bwapp,login,01abfdffbb1a5027,403,1
bwapp,login,d55ef788179f6edf,403,1
bwapp,login,d8df7f0f7144253a,403,1
bwapp,login,b87d9d67ce7fc0a7,403,1
bwapp,login,f4c3ed4ec6dd5f19,403,1
bwapp,login,0ee31c454ef29d95,403,1
bwapp,login,802f1e3849792803,403,1
bwapp,login,c94097b037681898,403,1
bwapp,login,450300338c84ce91,403,1
bwapp,login,37151c0daf1eb325,403,1
bwapp,login,0f23304b545afe0a,403,1
bwapp,login,bc848f46b18c7730,403,1
bwapp,login,0a025db84dd26343,403,1
bwapp,login,c39bc071b533a1c9,403,1
bwapp,login,71a4513face2214f,403,1
bwapp,login,f9f0c72a9b4a4e9b,403,1
bwapp,login,736e02e9ddb128ed,403,1
bwapp,login,fc42233aa304b446,403,1
bwapp,login,9cd44486674cee1b,403,1
bwapp,login,717f063bbfdc3b27,403,1
bwapp,login,f509084fcf8b4974,403,1
bwapp,login,2b3014c0c8460096,403,1
bwapp,login,706af135432034b0,403,1
bwapp,login,8dd9dcee35a64592,403,1
bwapp,login,45461bf590660bd4,403,1
bwapp,login,3527501cb4b62d0c,403,1
bwapp,login,77e2f998f2dec5da,403,1
bwapp,login,df8a5e9c80fbf8a7,403,1
bwapp,login,60b7a85539ab85d5,403,1
bwapp,login,eeb0eeec58cf1492,403,1
bwapp,login,45656ea551d8fe42,403,1
bwapp,login,56fcfde248fd9791,403,1
bwapp,login,b3b72d311ebf755d,403,1
bwapp,login,cf9aff5f51c02581,403,1
bwapp,login,0f76df0abe394eac,403,1
bwapp,login,b046b68dc88165e3,403,1
bwapp,login,a5719c59b5bcb3d8,403,1
bwapp,login,e59d4d75b39d68a7,403,1
bwapp,login,3dd5c32398af550b,403,1
bwapp,login,aa8a3d52c2a9d810,403,1
bwapp,login,f60f215dedff1f86,403,1
bwapp,login,8d862e25797a5211,403,1
bwapp,login,53acd151004b464a,403,1
bwapp,login,152af07dc3714e80,403,1
bwapp,login,bbb8ca12ee5aa2ff,403,1
bwapp,login,bafc71f2e13fc1ef,403,1
bwapp,login,6dcbde035d683838,403,1
bwapp,login,36b0f15eb7a81dc1,403,1
bwapp,login,efd2ea4aeef8d698,403,1
bwapp,login,7f0e16efb5bd493d,403,1
bwapp,login,51d0c6a511bbb616,403,1
bwapp,login,7141577c4f2f2e7f,403,1
bwapp,login,4e283eacbb21b84d,403,1
bwapp,login,000f4d8a182ffb63,403,1
bwapp,login,76a69a0d5cafaac9,403,1
bwapp,login,9996ca4e0765744f,403,1
bwapp,login,673cc8eddf2a0790,403,1
bwapp,login,14ecfa7198ad2b1e,403,1
bwapp,login,c8f41cce256e97f1,403,1
bwapp,login,4b4f9f507e108a56,403,1
bwapp,login,efeb677b7449403c,403,1
bwapp,login,16d7eeeac6fc5cb2,403,1
bwapp,login,5f8d561bd8bc1410,403,1
bwapp,login,775234ba88002850,403,1
bwapp,login,a0df1e0024cf5daf,403,1
bwapp,login,e8d6f782fb631628,403,1
bwapp,login,8ad3448238f1c4c6,403,1
bwapp,login,3c9ccc7987a3e733,403,1
bwapp,login,d78215fb757b304e,403,1
bwapp,login,371b2d92e7d46651,403,1
bwapp,login,ecddacd5288e863d,403,1
bwapp,login,1d0c114bdc70e06e,403,1
bwapp,login,3df2ec73ffc6b485,403,1
bwapp,login,86bc5901c80044c5,403,1
bwapp,login,2d0776999ec42df0,403,1
bwapp,login,6b6e2764040265fe,403,1
bwapp,login,d3d50322f9d2fe49,403,1
bwapp,login,bc36baa9fcb1a182,403,1
bwapp,login,249aa221a4e2db3a,403,1
bwapp,login,07692eb86e422a63,403,1
bwapp,login,515a223d9b539bce,403,1
bwapp,login,d703ae8e8508c8a7,403,1
bwapp,login,0b07970c48e88fe8,403,1
bwapp,login,0af6125673b0399c,403,1
bwapp,login,11be9684b636d30c,403,1
bwapp,login,698fa34e976e440a,403,1
bwapp,login,e20dccbf4ddbc7b9,403,1
bwapp,login,09793e85dc57b2f8,403,1
bwapp,login,e66d2e1f2655574c,403,1
bwapp,login,b58b9b62fb357f44,403,1
bwapp,login,c15f1e31a9fafb85,403,1
bwapp,login,c8509f3fe4fedfa2,403,1
bwapp,login,4ac889f124fe14f8,403,1
bwapp,login,2d448e0737c21029,403,1
bwapp,login,9478ac4ae21060c7,403,1
bwapp,login,8a21c841f3e1c5bb,403,1
bwapp,login,e507f8eb65dece3b,403,1
bwapp,login,d38dd13939fdb568,403,1
bwapp,login,56f65c754b3155c0,403,1
bwapp,login,7991956287bc4c95,403,1
bwapp,login,0fc8532d09255585,403,1
bwapp,login,101e17ed0fb7a047,403,1
bwapp,login,9fdd68066658d641,403,1
bwapp,login,6a8c5a55a014d61c,403,1
bwapp,login,2f679b526c34ead7,403,1
bwapp,login,c266e67d20cdfe98,403,1
bwapp,login,ac2940077b4d5eeb,403,1
bwapp,login,6aea7b3154efbd4f,403,1
bwapp,login,17ef02c189a89631,403,1
bwapp,login,1840d51b2ffde216,403,1
bwapp,login,4b03d99c0b57b379,403,1
bwapp,login,4b2473f2bd736484,403,1
bwapp,login,a0fab4dca536ff0c,403,1
bwapp,login,53545ee478d9158f,403,1
bwapp,login,6a9a5cb9f66626de,403,1
bwapp,login,29b79e40c5d33367,403,1
bwapp,login,0b538775351413db,403,1
bwapp,login,72cfa32aa3601c9a,403,1
bwapp,login,08eeaa23161f8b23,403,1
bwapp,login,4368fb798a7c9c3f,403,1
bwapp,login,ac09b255f11e4b9b,403,1
bwapp,login,0bc2b635edde3172,403,1
bwapp,login,d608ee4fb7d4bb7e,403,1
bwapp,login,9c4b70b9f8a8d06f,403,1
bwapp,login,1374480ec81fd354,403,1
bwapp,login,e6f620672fe650ad,403,1
bwapp,login,5bdeab9750ecacd0,403,1
bwapp,login,f101cdbe8ae2d957,403,1
bwapp,login,cd2855a16e7372ed,403,1
bwapp,login,8714d20812618b72,403,1
bwapp,login,e39e0d9b13b9e094,403,1
bwapp,login,a97c95e6e8b244a2,403,1
bwapp,login,3b833a1235a21957,403,1
bwapp,login,289996dd97b1b800,403,1
bwapp,login,cbfc9a27734986ba,403,1
bwapp,login,7f8110bb1dbed7ea,403,1
bwapp,login,654c8cf3590b55df,403,1
bwapp,login,33dd01bdbc62c80c,403,1
bwapp,login,9dccb557bc53fb66,403,1
bwapp,login,76d6d4f1b78a44c8,403,1
bwapp,login,6f65330afba9ae9c,403,1
bwapp,login,ccc84cfbe7eb1db3,403,1
bwapp,login,14088862c51f4367,403,1
bwapp,login,b83d2714ba99faa3,403,1
bwapp,login,14bb071c002d5941,403,1
bwapp,login,915c2be37996924b,403,1
bwapp,login,1bd678d8588d87fa,403,1
bwapp,login,43ea319e9a3761c0,403,1
bwapp,login,41bcaeac4b37a2cb,403,1
bwapp,login,4932c1015ee960a8,403,1
bwapp,login,599ab31f216074e3,403,1
bwapp,login,fa0335aa9791a19f,403,1
bwapp,login,5168606dc6f09fa9,403,1
bwapp,login,698ec9d95b0caccf,403,1
bwapp,login,c0ec5a27088adcc6,403,1
bwapp,login,71e0fadba334646f,403,1
bwapp,login,7e4aa0935d23d489,403,1
bwapp,login,61a89755e6fb163a,403,1
bwapp,login,951255d2a6488bff,403,1
bwapp,login,af9a044ae9625ddb,403,1
bwapp,login,0cf9d84addc766e1,403,1
bwapp,login,0c3679d7bb4e027b,403,1
bwapp,login,cd99abe31832515f,403,1
bwapp,login,e9b4ff6dd97945a7,403,1
bwapp,login,e4ce04d30a8cb5ee,403,1
bwapp,login,53543f3ab16f0b4c,403,1
bwapp,login,e812287a8e69f5ed,403,1
bwapp,login,f49977e911353016,403,1
bwapp,login,232f9426f52fd8cb,403,1
bwapp,login,349d59b5e594a484,403,1
bwapp,login,86425de215ebe89f,403,1
bwapp,login,16c205dab8840294,403,1
bwapp,login,c9c2e147fc79e6a2,403,1
bwapp,login,e9d0edb3a605f3f5,403,1
bwapp,login,22dbfe3a556a8dd6,403,1
bwapp,login,5940afbf0aa725cd,403,1
bwapp,login,e880546cf60f3a7d,403,1
bwapp,login,4877acce4cbb659a,403,1
bwapp,login,f12420fe2b523bab,403,1
bwapp,login,b19b99bdb0567407,403,1
bwapp,login,797597b8b4768302,403,1
bwapp,login,1a2348ad882df917,403,1
bwapp,login,70f1de27c5729b12,403,1
bwapp,login,7db140ee24cf8b94,403,1
bwapp,login,58107c4413b7da12,403,1
bwapp,login,4f49509b21db63f5,403,1
bwapp,login,eff1326fb3bb3c76,403,1
bwapp,login,a95cab7e7dba21e0,403,1
bwapp,login,903eaa26f7165656,403,1
bwapp,login,ea44db2c91c45063,403,1
bwapp,login,6cd20e3f660718b7,403,1
bwapp,login,932a49386feeb106,403,1
bwapp,login,cefa4fad3078dad7,403,1
bwapp,login,36c3b2507a1b00fb,403,1
bwapp,login,0c4eb5337e7a8ee2,403,1
bwapp,login,20f0834d51035aa4,403,1
bwapp,login,f5609491482fcbb2,403,1
bwapp,login,2d56accd032ecfea,403,1
bwapp,login,ac492f1f863885e8,403,1
bwapp,login,ca4ac1847871690a,403,1
bwapp,login,73d727e984d9bfc7,403,1
bwapp,login,8208eed451d1b173,403,1
bwapp,login,49df804996222059,403,1
bwapp,login,57784b4ffa634e01,403,1
bwapp,login,4b9bfd36f1b404ae,403,1
bwapp,login,8941500979a7b987,403,1
bwapp,login,c4684a0d7fed42bc,403,1
bwapp,login,7dacc1e5efd62717,403,1
bwapp,login,5db89db2664d9830,403,1
bwapp,login,c839337eed7fc0a0,403,1
bwapp,login,5a5a739ac315d96b,403,1
bwapp,login,5bcc980ed11173f0,403,1
bwapp,login,c59cd5d2f0bbd17e,403,1
bwapp,login,19ba1aae1c7f58f3,403,1
bwapp,login,6859c6522168e432,403,1
bwapp,login,b25fa2354a64c09e,403,1
bwapp,login,e88087149739ee11,403,1
bwapp,login,11a0a36f607ff1fb,403,1
bwapp,login,5f349b07643ed955,403,1
bwapp,login,1b1a50a293ec8c36,403,1
bwapp,login,51aad9a1794dfe14,403,1
bwapp,login,c93fdc261d2cc83a,403,1
bwapp,login,4fa850b8df99b871,403,1
bwapp,login,b2df717602dcf2da,403,1
bwapp,login,bb8ba33aa584c154,403,1
bwapp,login,63a381b0d272ab48,403,1
bwapp,login,4099c73fa1db9311,403,1
bwapp,login,577adb9e53156e99,403,1
bwapp,login,c84bf9ccbe6cbb2e,403,1
bwapp,login,65ef2e67f585d933,403,1
bwapp,login,e1fc441486f98e10,403,1
bwapp,login,69fc481ce4e76c8d,403,1
bwapp,login,2db8c10e05a69019,403,1
bwapp,login,9db0d8e7f734f32c,403,1
bwapp,login,d71284fad36f0a8a,403,1
bwapp,login,34018d5177c01e4c,403,1
bwapp,login,ab3138a99d591d54,403,1
bwapp,login,ce0cfa958d5002c6,403,1
bwapp,login,82265df1cf2b8840,403,1
bwapp,login,dd0295fe948a80cc,403,1
bwapp,login,1fd5850934e04efe,403,1
bwapp,login,eaa988ab269673a4,403,1
bwapp,login,ff73046fbf0912c4,403,1
bwapp,login,e028fc67c3791a40,403,1
bwapp,login,d5b0eda0354b1551,403,1
bwapp,login,53f4e8b8911bc80e,403,1
bwapp,login,4d4d20859ad2099f,403,1
bwapp,login,e99a0890c57a1322,403,1
bwapp,login,4d6086d9de119205,403,1
bwapp,login,30b8c9cf6b265015,403,1
bwapp,login,7a9b0b0602d2d564,403,1
bwapp,login,7a4ffbf976ceb975,403,1
bwapp,login,486c9635ee504690,403,1
bwapp,login,903c2adae3864921,403,1
bwapp,login,26cd9cd17fa60c06,403,1
bwapp,login,a86f3498a3f25ca1,403,1
bwapp,login,1de940a564242a85,403,1
bwapp,login,11f455645306c54b,403,1
bwapp,login,c064ade2b830e8ca,403,1
bwapp,login,35f1c002aaba4526,403,1
bwapp,login,d99945fe0b88b809,403,1
bwapp,login,aae37efc761084e3,403,1
bwapp,login,d701ec36c951bac9,403,1
bwapp,login,c46a91423dfca592,403,1
bwapp,login,1d7597ce63603bab,403,1
bwapp,login,186cff9b038088c0,403,1
bwapp,login,666092e00e9db19e,403,1
bwapp,login,12d641c3a6db9f6a,403,1
bwapp,login,74392361d134fb22,403,1
bwapp,login,dd91246e64bcda41,403,1
bwapp,login,05465e1c1b858582,403,1
bwapp,login,0dc5504118d7a6ff,403,1
bwapp,login,d8c680078713e1e7,403,1
bwapp,login,e027e6ab8eeb10f8,403,1
bwapp,login,efad0696434b55ff,403,1
bwapp,login,8043fe0df6176621,403,1
bwapp,login,23c6f2512d4120a9,403,1
bwapp,login,03c180bc3ec71ede,403,1
bwapp,login,8bb3a39ef4ee21df,403,1
bwapp,login,0e2aea311d8b275b,403,1
bwapp,login,b8f4484f5620fa27,403,1
bwapp,login,8aa42682793a1afa,403,1
bwapp,login,f1ae4443639d6525,403,1
bwapp,login,1547461e39d3d6dc,403,1
bwapp,login,271b9ba74cde57bf,403,1
bwapp,login,28a1595f09f87380,403,1
bwapp,login,c7f7711b6899eb12,403,1
bwapp,login,82991be71c6429ab,403,1
bwapp,login,6bcf9aa9503dd48e,403,1
bwapp,login,378d524a095a09b2,403,1
bwapp,login,82739a979462b0fc,403,1
bwapp,login,9a8646a6217c633d,403,1
bwapp,login,40775de899d23ab1,403,1
bwapp,login,43af9efc07c11e21,403,1
bwapp,login,2baa4a84fb18ec94,403,1
bwapp,login,bdd64cf32eb4c199,403,1
bwapp,login,52ffde38610a7cb1,403,1
bwapp,login,1d25a17a9f843eef,403,1
bwapp,login,10fcb466d71584fc,403,1
bwapp,login,2cb29aa7c13226b3,403,1
bwapp,login,e433ac9543930d52,403,1
bwapp,login,c2671c95022313a9,403,1
bwapp,login,9de952670debdf5c,403,1
bwapp,login,ec3ccb787cfb3224,403,1
bwapp,login,0b92a2dc7a521351,403,1
bwapp,login,a1e20884bbe8440a,403,1
bwapp,login,545b5406a49e0623,403,1
bwapp,login,6b63a09b98aa4679,403,1
bwapp,login,e6fd6dd917be19be,403,1
bwapp,login,baeb3e45dd8f4f70,403,1
bwapp,login,cfcf9964e64d8c68,403,1
bwapp,login,608256deb45d7d12,403,1
bwapp,login,fd4bb24d93dc47ac,403,1
bwapp,login,3fba675837002ec8,403,1
bwapp,login,a420327cca7db02d,403,1
bwapp,login,0cfa3cf5dcdb9fbd,403,1
bwapp,login,c1f3fc933d8db8c0,403,1
bwapp,login,f48926846db9330a,403,1
bwapp,login,32fcf6c800897e70,403,1
bwapp,login,39dd3a47edb835f7,403,1
bwapp,login,cdad413b23871a64,403,1
bwapp,login,d8ee8757634af2a5,403,1
bwapp,login,1863d8117fe98b9f,403,1
bwapp,login,24acc3956e41e0af,403,1
bwapp,login,6e5e3327a51827af,403,1
bwapp,login,89ece626cdd93d93,403,1
bwapp,login,ac1a3f3fb46b0ec1,403,1
bwapp,login,f9a4c868bae3640a,403,1
bwapp,login,dbd8bf282775a88e,403,1
bwapp,login,c583bd7aa6586a70,403,1
bwapp,login,d3bffb3516846aec,403,1
bwapp,login,3f60a07999944159,403,1
bwapp,login,359781342d9a8089,403,1
bwapp,login,dd2f8f43a54846d9,403,1
bwapp,login,f059f7d3d716f182,403,1
bwapp,login,ebdaadf0b30ac8bd,403,1
bwapp,login,f7d947b8121d5c3b,403,1
bwapp,login,254abb9b9d86996b,403,1
bwapp,login,fc70e1233a67647e,403,1
bwapp,login,7cf6a95ed41ee67f,403,1
bwapp,login,944fa63e6f4e12b7,403,1
bwapp,login,776bb22fc92b82b8,403,1
bwapp,login,61605ac2ddf769fa,403,1
bwapp,login,8d07785b4a146696,403,1
bwapp,login,30e5849d0ffcdea3,403,1
bwapp,login,48a90b2d79c94c5d,403,1
bwapp,login,9669b5f7dede6953,403,1
bwapp,login,73d63b756a1a9b0e,403,1
bwapp,login,ca467d36099627e2,403,1
bwapp,login,08e0f225d4dde6a9,403,1
bwapp,login,ae867a8dc6a62b87,403,1
bwapp,login,218a76924f552b0d,403,1
bwapp,login,79cf89ef7efc8c14,403,1
bwapp,login,24b8b6be0a0053f3,403,1
bwapp,login,a72bb677ca7a7b81,403,1
bwapp,login,e95860c180eeea82,403,1
bwapp,login,c25dc990c0aa93a2,403,1
bwapp,login,7d51980e403493e5,403,1
bwapp,login,3c90cb13a67f0674,403,1
bwapp,login,81f751e827f4b288,403,1
bwapp,login,27f58dd6d040a273,403,1
bwapp,login,11541783acc28088,403,1
bwapp,login,b57661a46cfe9b54,403,1
bwapp,login,97f713b00aca0356,403,1
bwapp,login,8af113460a7b4fa9,403,1
bwapp,login,70736600558825ed,403,1
bwapp,login,8d8dd9ac288004a1,403,1
bwapp,login,cd828d510dc448b2,403,1
bwapp,login,c9bdc9f00f840f4c,403,1
bwapp,login,b3a80577dbf7c0ba,403,1
bwapp,login,7f4b03574a898141,403,1
bwapp,login,7c723e54f9964950,403,1
bwapp,login,3a2be4b74fa155d3,403,1
bwapp,login,ec9ee831ee77800d,403,1
bwapp,login,2e7bfec61c83909e,403,1
bwapp,login,aedc767aa2635bd8,403,1
bwapp,login,5f338605bd4f265c,403,1
bwapp,login,2ae2f699120dc3be,403,1
bwapp,login,9bcce07cea48dc2d,403,1
bwapp,login,4b75bdea788cc2f0,403,1
bwapp,login,c4b164a143a63bb7,403,1
bwapp,login,c90a1fd446015c99,403,1
bwapp,login,0d4e08cda5453e03,403,1
bwapp,login,f8fffea37155371b,403,1
bwapp,login,0df7b7ea5ebbb76a,403,1
bwapp,login,b7b30492d70e9888,403,1
bwapp,login,00174e40fe95121e,403,1
bwapp,login,270e9464c56535a6,403,1
bwapp,login,4025a6bbbfd71b07,403,1
bwapp,login,190c99c39926a186,403,1
bwapp,login,23e0c9409ab1c917,403,1
bwapp,login,d3facf7cb7013428,403,1
bwapp,login,81c56d8e272799be,403,1
bwapp,login,97f663701bbf84bd,403,1
bwapp,login,7057dbe627be2a71,403,1
bwapp,login,45fecd109b415dd0,403,1
bwapp,login,2f79e2f4c4cacddd,403,1
bwapp,login,70abd4514c1ccfcd,403,1
bwapp,login,cf37a732195a4415,403,1
bwapp,login,9b7803443415d70c,403,1
bwapp,login,168c33de00985440,403,1
bwapp,login,af48d910a176dc0d,403,1
bwapp,login,9a28df4d2ee766b7,403,1
bwapp,login,13658e04f6ced67e,403,1
bwapp,login,2ae747617d0d0345,403,1
bwapp,login,eb7631d2b3a44fb2,403,1
bwapp,login,4cb6216bb81ad937,403,1
bwapp,login,8acff7cb0ce57195,403,1
bwapp,login,b30e3b973340306f,403,1
bwapp,login,036e0c3b2f483b59,403,1
bwapp,login,50db4b3d333504f0,403,1
bwapp,login,547e12f20d1bfaaa,403,1
bwapp,login,2c036ace11a2d1ec,403,1
bwapp,login,495e875811ca2da0,403,1
bwapp,login,2ee1b285c678448f,403,1
bwapp,login,63893f40aa0ff3e2,403,1
bwapp,login,c30ec60dcadb2da9,403,1
bwapp,login,accc07ce4d0317ce,403,1
bwapp,login,aba0c2d888f337ac,403,1
bwapp,login,6a9cea8d0b8a554a,403,1
bwapp,login,95d986c90458305a,403,1
bwapp,login,124b4f5b1a31da7f,403,1
bwapp,login,1afc836dd4153681,403,1
bwapp,login,3fed09fc78ba6219,403,1
bwapp,login,f70b0b39a02e3eb9,403,1
bwapp,login,e0c495087b0e59f4,403,1
bwapp,login,1201812d2b8da404,403,1
bwapp,login,002d8cac7afe6563,403,1
bwapp,login,3fa97e5b8e0c4d40,403,1
bwapp,login,58784b57c5bca695,403,1
bwapp,login,ba9b8d2ba7dc2e5a,403,1
bwapp,login,fc6dac4b2cce6e4c,403,1
bwapp,login,55234554d7f65149,403,1
bwapp,login,aa085e891439b2bd,403,1
bwapp,login,1d97d81b4382a6d8,403,1
bwapp,login,348f6b72327e905e,403,1
bwapp,login,042fd70d35e2d300,403,1
bwapp,login,78c3672812aefadb,403,1
bwapp,login,06899696ce865b12,403,1
bwapp,login,25c5c07f8215fa8a,403,1
bwapp,login,b1fe073086221cb9,403,1
bwapp,login,c7ad018c0ed1f992,403,1
bwapp,login,8b097e40c13b2e29,403,1
bwapp,login,74fe42661c453e30,403,1
bwapp,login,4b223a614746635c,403,1
bwapp,login,9d3dff6755ff6aee,403,1
bwapp,login,49ef8ce3bb5d0866,403,1
bwapp,login,419838c258f4bf38,403,1
bwapp,login,d9385809cb830c86,403,1
bwapp,login,1bd00bbf05258f87,403,1
bwapp,login,427710850962ce19,403,1
bwapp,login,31c9f69695f16006,403,1
bwapp,login,deffcc49120559df,403,1
bwapp,login,07a4bbbc1cd06e3e,403,1
bwapp,login,aafb0fe734a65df0,403,1
bwapp,login,d96cf5e081fc30fc,403,1
bwapp,login,8a4dbfea103f1a23,403,1
bwapp,login,936ceae86198de3c,403,1
bwapp,login,85cef78ae400773d,403,1
bwapp,login,c1edcde122a148fd,403,1
bwapp,login,5206b92f229438fc,403,1
bwapp,login,31cea578090de6ab,403,1
bwapp,login,4886840adeb455fb,403,1
bwapp,login,f6ec8c290a57ab5f,403,1
bwapp,login,b30eafe503c1ca73,403,1
bwapp,login,5e50a59d6077c3e4,403,1
bwapp,login,61a8b450f007efb0,403,1
bwapp,login,16821ff54bb119c0,403,1
bwapp,login,24981b3b18059cfc,403,1
bwapp,login,c11a8e77acb9e72d,403,1
bwapp,login,2ae742285daf2cca,403,1
bwapp,login,9f92016431d740f8,403,1
bwapp,login,ffaa69b3e3b0e3ca,403,1
bwapp,login,e4f5c1dcf501df28,403,1
bwapp,login,808214582aa241ad,403,1
bwapp,login,75f3edff2e180ac5,403,1
bwapp,login,af5d48da0213950c,403,1
bwapp,login,bf35e468276a58bf,403,1
bwapp,login,68fc206ea70fc987,403,1
bwapp,login,b67e4502c31c8ad4,403,1
bwapp,login,2d64e01bf9881e98,403,1
bwapp,login,f441f51e5470384e,403,1
bwapp,login,2e5685cf7c94d40b,403,1
bwapp,login,46ebdf8e0cf87e0b,403,1
bwapp,login,8ec4e2ca62dd4558,403,1
bwapp,login,9e11295973f17623,403,1
bwapp,login,aae90442cc7e6a0e,403,1
bwapp,login,fb31d4a32e718761,403,1
bwapp,login,09508160a1cf44d8,403,1
bwapp,login,4a7831c55ce2f558,403,1
bwapp,login,958737982a4bbe00,403,1
bwapp,login,783b1945ba0d039b,403,1
bwapp,login,3038cb26cc451d1c,403,1
bwapp,login,4355c59c7b5a02c2,403,1
bwapp,login,465d56226c4d599f,403,1
bwapp,login,85f4a2e1ab4c1246,403,1
bwapp,login,3fb2cb97b29c2261,403,1
bwapp,login,5f2bfa6e0c49ae5d,403,1
bwapp,login,8f1483a824951c58,403,1
bwapp,login,ce7ab47ce46c2b47,403,1
bwapp,login,23c567b84edefa96,403,1
bwapp,login,a3f3cd7d95065b74,403,1
bwapp,login,eb79afb365e2b9fe,403,1
bwapp,login,ef6b5ae1a6a8548e,403,1
bwapp,login,03855ac5757e39f0,403,1
bwapp,search,d530540997f2f1da,403,1
bwapp,search,ca2e58d7ec33c615,403,1
bwapp,search,ecc317a0dbb00aa1,403,1
bwapp,search,632100566089b50e,403,1
bwapp,search,4c88c11fa176755f,403,1
bwapp,search,15b7085f7f954daa,403,1
bwapp,search,b1b8755fc9611148,403,1
bwapp,search,e92e7987604a6930,403,1
bwapp,search,1f5f374ae4e86256,403,1
bwapp,search,9f98f7217336bf7a,403,1
bwapp,search,0193129d6781c171,403,1
bwapp,search,ee93cf6ae097658f,404,0
bwapp,search,ea4301c992827dae,403,1
bwapp,search,d2e7c5a1b1426c60,403,1
bwapp,search,d5e37b6defd4bf22,403,1
bwapp,search,2672447fb0c292d1,403,1
bwapp,search,877e537532bac4da,403,1
bwapp,search,d7475545e399cc71,403,1
bwapp,search,6274d7e51eec22e3,403,1
bwapp,search,5cb32323874d3f2d,403,1
bwapp,search,7f981585aa83a3fc,403,1
bwapp,search,ab1d61a539e8f108,403,1
bwapp,search,3b2c10289c2e40c8,403,1
bwapp,search,2e75e8db7be87554,403,1
bwapp,search,24994b7927fddec3,403,1
bwapp,search,0831a45fe39e6955,404,0
bwapp,search,3014672a01b75bb5,403,1
bwapp,search,7eba5f54c1f21ab2,403,1
bwapp,search,6bd64106c53aa3c7,403,1
bwapp,search,da676c2e072a8a85,403,1
bwapp,search,a3bba17d6dfff7c5,403,1
bwapp,search,e0ffd4c3c8c6d5c0,403,1
bwapp,search,586c90db6d010abb,404,0
bwapp,search,e5e4a373dc750964,404,0
bwapp,search,49dc9ddc8d09084e,403,1
bwapp,search,842cfcea49ec8420,403,1
bwapp,search,c0421bbe5af07c2f,403,1
bwapp,search,8caedff06885a128,403,1
bwapp,search,beac88f93cd6749c,403,1
bwapp,search,fa2399d6acbb19d3,403,1
bwapp,search,0444e81cb7b951d0,404,0
bwapp,search,e30c55e62a1d2418,404,0
bwapp,search,78cc927c35da6daf,403,1
bwapp,search,a251189747d35f62,403,1
bwapp,search,8607bc1b515617f5,403,1
bwapp,search,b0d0d6eb31f1da52,403,1
bwapp,search,88b4ac0f1b7e45d3,403,1
bwapp,search,80e431228cda47ec,403,1
bwapp,search,f2c33dd31ab7d9f4,403,1
bwapp,search,0ea890cab69ebbc0,403,1
bwapp,search,5d736271cc99df80,403,1
bwapp,search,50ace796ab4dc577,403,1
bwapp,search,858b7a4e429a62a9,403,1
bwapp,search,d81cf4df3324a29f,403,1
bwapp,search,b6e7f0f63421c35b,403,1
bwapp,search,fc6e9679512d1988,403,1
bwapp,search,fc440b772f270feb,403,1
bwapp,search,4f96efea749a4a9a,403,1
bwapp,search,297e0f267ea68512,403,1
bwapp,search,ee22d1c4797346bc,403,1
bwapp,search,23faa2fdbcea531b,403,1
bwapp,search,00dbc9e8fdbae431,403,1
bwapp,search,e4089cc8bfa51024,403,1
bwapp,search,94ff1aaa11ad98f8,403,1
bwapp,search,61a4712fd5d30913,403,1
bwapp,search,07d8e8372ccfc13f,403,1
bwapp,search,239705378fac4bf4,403,1
bwapp,search,5b17d00352b1513d,403,1
bwapp,search,6481bf081e694272,403,1
bwapp,search,4d7e8b4514d8b011,404,0
bwapp,search,fd5eb1147aa5225e,403,1
bwapp,search,5e3e9c4534e17273,403,1
bwapp,search,fae006cd5073336e,403,1
bwapp,search,d2dd9291e2a99244,403,1
bwapp,search,1ffa6dc2f01e0ba7,403,1
bwapp,search,870525181fa983b8,404,0
bwapp,search,c1d797796f205c6e,404,0
bwapp,search,60ff32e5ba091ce9,403,1
bwapp,search,2196878036099257,403,1
bwapp,search,9924004d0137dcc2,403,1
bwapp,search,dc41614154be45b0,403,1
bwapp,search,035eac6912237bce,403,1
bwapp,search,c721af3ef2a3045a,403,1
bwapp,search,b2291a6bfbda685b,403,1
bwapp,search,6b1cf9107a482214,403,1
bwapp,search,9a6b96aedc29dccf,403,1
bwapp,search,04dde7ea9eec490b,404,0
bwapp,search,fda94108ebb12bdc,403,1
bwapp,search,4529f8dbf9dd9a26,403,1
bwapp,search,0847af0a29e620d3,403,1
bwapp,search,780197dc70179209,403,1
bwapp,search,cb3ca27c579b4277,403,1
bwapp,search,cf9d3c2bff70e59c,404,0
bwapp,search,e37bacab41d60a88,403,1
bwapp,search,48ee5280de7c4471,403,1
bwapp,search,6b25993f19bff04d,403,1
bwapp,search,e9307d252a86f6a8,403,1
bwapp,search,85c73b7ee5450e69,403,1
bwapp,search,e7d1c0baeb962bce,403,1
bwapp,search,17b7fddbbf2e4b1c,403,1
bwapp,search,e2ad26f9d2bb01ce,403,1
bwapp,search,4239fffe3459b6a9,403,1
bwapp,search,845d6b7de6b266d1,403,1
bwapp,search,87a03d4c7521d284,403,1
bwapp,search,cc5f2f1c4456da23,403,1
bwapp,search,dfb52c9078a53fc2,403,1
bwapp,search,c841e31207b6b254,403,1
bwapp,search,86a9d4ef4a7b7a97,403,1
bwapp,search,185f3fd1664e72bc,403,1
bwapp,search,7d6ff86200615a0a,403,1
bwapp,search,950f2c36708e5eb6,403,1
bwapp,search,983d95f0497f583d,403,1
bwapp,search,60c1bfbe8b18dbbf,403,1
bwapp,search,3ba217f216afb57c,403,1
bwapp,search,6e6a200b6a375e8f,404,0
bwapp,search,4c7fe4a311366e5f,403,1
bwapp,search,a78bf5ca2b8328c1,403,1
bwapp,search,30ad5a41385b3d97,403,1
bwapp,search,bf044c8c77aacab5,403,1
bwapp,search,f934ad35c2a36618,403,1
bwapp,search,57458293ab4da876,403,1
bwapp,search,206ddd9ce89d57ec,403,1
bwapp,search,142d2fce86c78b84,403,1
bwapp,search,58b98e408fac9928,403,1
bwapp,search,db62e1c9026c0243,403,1
bwapp,search,78066ce87396d5b1,403,1
bwapp,search,7eaadc7b02a22a1c,404,0
bwapp,search,087d9473d5a38713,403,1
bwapp,search,1266ce9848fe8ab8,403,1
bwapp,search,a25a82ce1f8c9309,403,1
bwapp,search,4184f48587abda5b,403,1
bwapp,search,ef1b1efcb482aef5,403,1
bwapp,search,0bf249928da9cfcd,404,0
bwapp,search,e7779c1441196376,403,1
bwapp,search,a82e5f6aefcf881f,403,1
bwapp,search,bcfac31cef92cbab,403,1
bwapp,search,450c9bf4d538675c,403,1
bwapp,search,a652a1515d30fa1d,403,1
bwapp,search,f57c8bc064fde3b4,403,1
bwapp,search,e25b21b1f031efc6,404,0
bwapp,search,61aa114023d5975c,404,0
bwapp,search,8b858473a236b7e7,403,1
bwapp,search,f26d512e32c8b414,403,1
bwapp,search,fef4b4b5b3a04216,403,1
bwapp,search,c620816821bed57c,403,1
bwapp,search,0b8ec36b3c7fc232,403,1
bwapp,search,be06a61e074f2ce9,403,1
bwapp,search,ea50c16b69137a70,403,1
bwapp,search,5334477b83043e04,404,0
bwapp,search,aafc90ade2e5d47d,403,1
bwapp,search,2bc26e1181cbd322,403,1
bwapp,search,1b1e930e0ac356aa,404,0
bwapp,search,a23c0b82a29762d3,403,1
bwapp,search,74b45ad4a79771fc,403,1
bwapp,search,c70869598172a0d4,403,1
bwapp,search,b317ce2c7361b15c,403,1
bwapp,search,d193e4040f85ef5c,403,1
bwapp,search,9b18551d10b87c32,403,1
bwapp,search,7c98a33b9894ea4a,403,1
bwapp,search,3b795d8c904f8861,403,1
bwapp,search,f4ba7b7b73da0d29,403,1
bwapp,search,ec270e089177fbdc,403,1
bwapp,search,abff7d8c4edc01ee,403,1
bwapp,search,f492304f48d9bb24,403,1
bwapp,search,8635e276d122b803,403,1
bwapp,search,c4650fe3b54bafe6,403,1
bwapp,search,423ae4adcc3de05e,403,1
bwapp,search,88b97bf178c30841,403,1
bwapp,search,55d1fae463806821,403,1
bwapp,search,5af65f45a405f360,404,0
bwapp,search,09d37eb8291b71f2,403,1
bwapp,search,da2ac8449e563571,403,1
bwapp,search,d513ec6772644207,404,0
bwapp,search,d7af744c6f379b42,403,1
bwapp,search,d526de28e1aff29f,404,0
bwapp,search,f5208f28e6d84d6b,403,1
bwapp,search,81b4b2d6929f3696,403,1
bwapp,search,b32bbb0cad04025a,403,1
bwapp,search,6e13f9a3b375a88f,403,1
bwapp,search,99aba79e49504ac8,403,1
bwapp,search,eb388fea8f9f0aec,403,1
bwapp,search,8322bc0bc10a519e,403,1
bwapp,search,7dcd9efee3f5194c,403,1
bwapp,search,e30c4d74d443bf2b,403,1
bwapp,search,0b335654a086c563,403,1
bwapp,search,bef13a70fc74685a,403,1
bwapp,search,686816d00db819b3,403,1
bwapp,search,8c9b85286f770212,403,1
bwapp,search,9da04666f85e05f1,403,1
bwapp,search,ac50e180f0dcaa8d,403,1
bwapp,search,ef37b6ab3b51704a,403,1
bwapp,search,f92155d910158123,403,1
bwapp,search,b56dd9cec5621dcb,403,1
bwapp,search,81e15ec79535b676,403,1
bwapp,search,ed0dedd22ee40698,403,1
bwapp,search,db0a6999c9a8ddf6,403,1
bwapp,search,6aafa8df003deedf,403,1
bwapp,search,778f235b0cdf89cf,403,1
bwapp,search,0bcfad8006c283b8,403,1
bwapp,search,70de051a0d30991c,403,1
bwapp,search,9974d4e36c674faf,403,1
bwapp,search,2042679b97027547,403,1
bwapp,search,cdc38c8a7f3690c4,403,1
bwapp,search,412ba618f4c4b2e7,404,0
bwapp,search,17b7cc9b0b3bdc30,403,1
bwapp,search,e454597e2d8add12,403,1
bwapp,search,c7bf86ca04ff8859,403,1
bwapp,search,1d79b8decd747dc2,403,1
bwapp,search,cfdc1387e4d95efd,403,1
bwapp,search,5c437d9b68b95d56,403,1
bwapp,search,f4a55e2df5a8a749,403,1
bwapp,search,9f870c971d2dadba,403,1
bwapp,search,7d2ee4e5296a78a0,403,1
bwapp,search,ef9ed4d6fc5fb027,403,1
bwapp,search,64a52872dc4c96bd,403,1
bwapp,search,4a45879fddea6184,403,1
bwapp,search,d661c0c509aa1225,403,1
bwapp,search,65ddee2bea836266,403,1
bwapp,search,26da0a2cbf46f7cd,403,1
bwapp,search,9ceb9f28b3b7b7ef,403,1
bwapp,search,2c55582ed9194dba,403,1
bwapp,search,f4b096c7b40e377b,403,1
bwapp,search,67da609e621c0e84,403,1
bwapp,search,8083dfb3a3c5f6b1,403,1
bwapp,search,10575a6e9d865cbd,403,1
bwapp,search,da9f105c86f336ff,403,1
bwapp,search,48d4532bd2aa0734,403,1
bwapp,search,7be0362ec31789c8,403,1
bwapp,search,28d6e5da0f5e08ff,403,1
bwapp,search,6faf5bc9fb59242c,403,1
bwapp,search,5889018d7fe5045c,403,1
bwapp,search,0bc57b8df3c3e2d2,404,0
bwapp,search,67cfb56a0ada9008,403,1
bwapp,search,363b8bb5ec6afa20,403,1
bwapp,search,f8dbaf9fea827cf1,403,1
bwapp,search,4d93a4d441c55f16,403,1
bwapp,search,58e79764d3ce9adb,403,1
bwapp,search,455d8b9ec233bf7a,403,1
bwapp,search,b50fba190c3e2a99,403,1
bwapp,search,13075db8d2a326ac,403,1
bwapp,search,e69029186946c531,403,1
bwapp,search,5e0bf411eaa77d78,404,0
bwapp,search,7f7c43c8e34d495a,403,1
bwapp,search,b388813e798d22f7,403,1
bwapp,search,e82da36f9f4486f4,403,1
bwapp,search,7b1e75855e3563e6,404,0
bwapp,search,c6a57c30a9a10f45,403,1
bwapp,search,bb9b27aaf54d1370,403,1
bwapp,search,785b103a1ef51df4,403,1
bwapp,search,7c4b97e915a49948,403,1
bwapp,search,03f0e8f3e4a7d6e1,403,1
bwapp,search,dc194103b1d2cf95,403,1
bwapp,search,97c00634b82968dd,403,1
bwapp,search,006e44fd580531b2,403,1
bwapp,search,7d0cc1c5c6c89ee5,403,1
bwapp,search,d2ae62f3ca6d2902,403,1
bwapp,search,b7906ebf50af37fa,403,1
bwapp,search,88e0d8f80a8bfd2f,403,1
bwapp,search,8874522c81fe7a20,403,1
bwapp,search,d56e386553981f04,403,1
bwapp,search,1e8dcf06479d52e6,404,0
bwapp,search,40ca0dc5f881c779,403,1
bwapp,search,84fcb73eee5e3a11,403,1
bwapp,search,f73e346f45c894ce,403,1
bwapp,search,93a6196ad58ba0dd,403,1
bwapp,search,3c6d107ac5b3fe16,403,1
bwapp,search,652a06285c3e0e59,403,1
bwapp,search,aac5af2f5fa59c15,403,1
bwapp,search,06abc694d6aa856a,403,1
bwapp,search,f7cef43e26b2add1,403,1
bwapp,search,8c8e9220c6f7cf81,403,1
bwapp,search,c0bdd2aa61fc2e6a,403,1
bwapp,search,2940cfa2d8452deb,403,1
bwapp,search,1b095a10b4bc9f76,403,1
bwapp,search,5c89dab86d02faf9,403,1
bwapp,search,7e4fc73d2f1c8623,403,1
bwapp,search,2b2aab0923c63b89,403,1
bwapp,search,d580a3defa92615e,403,1
bwapp,search,d8a9e541a7665732,404,0
bwapp,search,59ed5b6d6b731e96,403,1
bwapp,search,e0f009a4157dfe21,403,1
bwapp,search,1af579036367db7a,403,1
bwapp,search,96385cecf636eb7f,403,1
bwapp,search,1edc15dfcfea9079,403,1
bwapp,search,16fecdb8bb33dd82,403,1
bwapp,search,acf7eaee3b426fc0,403,1
bwapp,search,bd024a0e3c106a4b,403,1
bwapp,search,ff730035751b7225,403,1
bwapp,search,a693833d2168fbc4,403,1
bwapp,search,b962a5897e99f9d1,403,1
bwapp,search,a14bcc5dbc4147c0,403,1
bwapp,search,b435cd2dca44b2e7,403,1
bwapp,search,5ecb390ced8094fc,404,0
bwapp,search,57aed84feec642dc,403,1
bwapp,search,cb3155fe44028af7,403,1
bwapp,search,fa7eeb22ddf86058,404,0
bwapp,search,588e8dac70dd3eaf,403,1
bwapp,search,a2833ea1c5fa094a,403,1
bwapp,search,93827c1d0caad516,403,1
bwapp,search,705b3b57d43c266c,403,1
bwapp,search,3af2aea9be878668,403,1
bwapp,search,a79d048c28efc760,403,1
bwapp,search,566aa0ef93a6940f,403,1
bwapp,search,b8be059c55753138,403,1
bwapp,search,1867fe2f1fe0cdf5,403,1
bwapp,search,8dc3824226923e05,404,0
bwapp,search,f21ab5b8b0e8805a,403,1
bwapp,search,f7a7d0fde3ce5735,403,1
bwapp,search,5fec337e4f2352b3,404,0
bwapp,search,6f7cc998d4e84aa6,403,1
bwapp,search,9335fa8b3feeae5c,403,1
bwapp,search,6ad467c66defbb4c,404,0
bwapp,search,4b1667ac40aa0849,403,1
bwapp,search,e0bb78b3625ddfa3,403,1
bwapp,search,87af0fe687c2663c,403,1
bwapp,search,73c9af3052aade94,403,1
bwapp,search,aaf92f70345db9f9,404,0
bwapp,search,f80228922d3c0aff,404,0
bwapp,search,bd347cb3ee0ec9e8,403,1
bwapp,search,2d9e64a25ed88c90,404,0
bwapp,search,80ac81fa0c4794fc,403,1
bwapp,search,42a993941970e01d,403,1
bwapp,search,cabe18e2b2be1d61,403,1
bwapp,search,e52e7cf021fe8de7,403,1
bwapp,search,970731c6c1f29009,403,1
bwapp,search,6cd7f41cc62f395c,403,1
bwapp,search,354b41597bca9cff,403,1
bwapp,search,ba634e8c1c6c38b5,403,1
bwapp,search,619a62bcccd93689,403,1
bwapp,search,593e4fb5379a1fa2,403,1
bwapp,search,48dec005b24f5e12,403,1
bwapp,search,f38d62c21bc65db7,403,1
bwapp,search,b00a559bc7ab4451,403,1
bwapp,search,3eec2790e94ab5a2,403,1
bwapp,search,19aecb462c1eb8d6,403,1
bwapp,search,f415beb63784e086,403,1
bwapp,search,709592c8da3a9b1b,403,1
bwapp,search,0d5aba4916c0afed,403,1
bwapp,search,09cc6ef2aee6c278,403,1
bwapp,search,f35e3d67328909b3,403,1
bwapp,search,5c87fcbee326230c,403,1
bwapp,search,8e21417a23f37368,403,1
bwapp,search,54017e06e95ffac6,403,1
bwapp,search,5675ce19d687609e,403,1
bwapp,search,02fd7b92c936cdf7,403,1
bwapp,search,431f2e0710e53290,403,1
bwapp,search,102a784a71749b69,403,1
bwapp,search,ec184c12fd6ce57e,403,1
bwapp,search,42ec0ac1b8d06286,403,1
bwapp,search,be3d338fbc9abbea,403,1
bwapp,search,96010037c0d8cd7e,403,1
bwapp,search,574199b668822915,403,1
bwapp,search,7eca24cb4b0ae3cd,403,1
bwapp,search,0f7df8945af4f7c1,403,1
bwapp,search,54bbb8cca0c1ae8a,403,1
bwapp,search,5972737b17e680d7,403,1
bwapp,search,a7150b87df60aeee,403,1
bwapp,search,11ee7f4788c0e03a,403,1
bwapp,search,8857085c2459b872,403,1
bwapp,search,0f9988eb275c9879,403,1
bwapp,search,92d2bd556e43499e,403,1
bwapp,search,808026451da9e3b0,403,1
bwapp,search,6711064c887a8293,403,1
bwapp,search,7d6f2497b2b7831a,403,1
bwapp,search,77df63f5fffdb057,404,0
bwapp,search,add06e72086428f2,403,1
bwapp,search,5f0f956c3ad9cf28,403,1
bwapp,search,0af5d756e1806490,403,1
bwapp,search,d29346df14337a91,403,1
bwapp,search,802c367aef0c80fa,403,1
bwapp,search,4937a42eb94382cc,403,1
bwapp,search,d051d662ae48c2ab,403,1
bwapp,search,7dea57fbec0db603,403,1
bwapp,search,e350a1bc81143f20,403,1
bwapp,search,ed2163485bdac071,403,1
bwapp,search,c2d56fe90250351b,403,1
bwapp,search,9ce8759df4589ded,403,1
bwapp,search,bee3afaf8acf1c64,404,0
bwapp,search,19906b8ba1c464d0,403,1
bwapp,search,c1b3e2760786394b,403,1
bwapp,search,56c0e6caf067b129,403,1
bwapp,search,8564c1115b617a66,403,1
bwapp,search,11c04489dd7599c1,403,1
bwapp,search,fbbe0c7710340450,404,0
bwapp,search,8e034618c4a79ee9,403,1
bwapp,search,0312d2da0108c0cd,404,0
bwapp,search,05035a61269c2bc6,403,1
bwapp,search,bbb9290136978043,403,1
bwapp,search,fd445e4c524df70f,404,0
bwapp,search,751de31cca3a57d5,403,1
bwapp,search,b5b8decb73e2e37c,403,1
bwapp,search,1a16cdb9a4c75a38,403,1
bwapp,search,e3545e16722bebd1,403,1
bwapp,search,e4e76e1afe102ebb,403,1
bwapp,search,4ce77bada2e5f43f,403,1
bwapp,search,bd4fade5f8b798cc,403,1
bwapp,search,2cff91f52006851b,403,1
bwapp,search,7e81aea2c420ee4e,403,1
bwapp,search,27ec91ba95c8af17,403,1
bwapp,search,6eea3b9fb06511b9,403,1
bwapp,search,3bd7e2fd1d5145fe,403,1
bwapp,search,84b6a16163ecf0ca,403,1
bwapp,search,4c4004c4240c48ea,404,0
bwapp,search,2c76249abf6e3fd0,403,1
bwapp,search,3e6eb3cd72fa4bd3,403,1
bwapp,search,e91c5c6f845241cb,403,1
bwapp,search,319b010b098b3cfb,403,1
bwapp,search,fa4c3d770f7e7ff5,403,1
bwapp,search,c387f480dc894397,404,0
bwapp,search,3d91d40a7f3d7ae7,403,1
bwapp,search,79af564ffb04ab8c,403,1
bwapp,search,9124d17f4f84225e,403,1
bwapp,search,5aee01f74363a921,403,1
bwapp,search,4e9c7ea310fe3926,403,1
bwapp,search,46f64e2a9baedd5f,403,1
bwapp,search,bace5d07baba3aea,403,1
bwapp,search,19f8b6da561f939a,403,1
bwapp,search,4a2a9c736a2af48c,403,1
bwapp,search,a740e04a73444ad8,403,1
bwapp,search,556ac67b444e3e08,403,1
bwapp,search,e196a2db8b568be0,403,1
bwapp,search,a46172715111b3a3,404,0
bwapp,search,f991185952cfe400,403,1
bwapp,search,7e88b070c1f160b2,403,1
bwapp,search,ba3720e4e1dfc761,403,1
bwapp,search,5d8121b540535662,403,1
bwapp,search,d0d0b2f5973f09e3,403,1
bwapp,search,98c88da6bf6b668f,403,1
bwapp,search,6b037a8e4dcb783d,403,1
bwapp,search,7578fa11cfdb9043,403,1
bwapp,search,84058c9bd1388824,403,1
bwapp,search,9e5b22f092e54a62,403,1
bwapp,search,97857de4b09a5713,403,1
bwapp,search,0f1ee96df8a71d69,403,1
bwapp,search,e26f2d47ccef0c1a,403,1
bwapp,search,5195a2d592e2d112,403,1
bwapp,search,e74a33e09a532178,403,1
bwapp,search,55db51ae5d078926,403,1
bwapp,search,271237f757677592,403,1
bwapp,search,934c6fcd42457350,403,1
bwapp,search,c1468b4ba83b73ae,403,1
bwapp,search,edbc7462feb6f197,403,1
bwapp,search,d33c0daf0b862307,404,0
bwapp,search,9c51f4bbce56b675,403,1
bwapp,search,df3a8246811f3790,403,1
bwapp,search,c9abe1a7aa873188,404,0
bwapp,search,0835fe82fb5aa1ee,403,1
bwapp,search,ce40767b72e531eb,404,0
bwapp,search,92e834b5c3872c3f,403,1
bwapp,search,91bdc77d0a014246,403,1
bwapp,search,cfe6efec5b16c26f,403,1
bwapp,search,a18c27e3e6427d6f,403,1
bwapp,search,2f03ceae305ae737,403,1
bwapp,search,4a6751ea630a6a6b,403,1
bwapp,search,ec073206b6d20c27,403,1
bwapp,search,044d675b4c0b6d50,403,1
bwapp,search,412c52227fdfe289,403,1
bwapp,search,bc6cca72bc22aabc,403,1
bwapp,search,f5170fd4a29bdad0,404,0
bwapp,search,85caff1438f58170,403,1
bwapp,search,158667b354c7ee5f,403,1
bwapp,search,fa464448006d3e71,403,1
bwapp,search,3bc19477c366eca1,403,1
bwapp,search,8d64963e2b124157,403,1
bwapp,search,27b6eec7ea797593,403,1
bwapp,search,325f5c18a5fc9875,404,0
bwapp,search,f48bcd02e53ad5bc,403,1
bwapp,search,912ef1d18a220326,403,1
bwapp,search,3a58a121e3df64d1,403,1
bwapp,search,99df404975cf64f5,403,1
bwapp,search,5eeca74ddb2e69ce,403,1
bwapp,search,41a5c3e7e584be1f,403,1
bwapp,search,9dbe9f6867160149,403,1
bwapp,search,707331f9eccd4fd4,403,1
bwapp,search,0e58fa09d3175c63,404,0
bwapp,search,8ed92bea20f60107,403,1
bwapp,search,6b126a6e70383096,403,1
bwapp,search,686524638753c941,403,1
bwapp,search,665023074147f097,403,1
bwapp,search,3b6b1318f465b212,403,1
bwapp,search,ef08fc0b1bc566a1,403,1
bwapp,search,e02d667e2e64b23a,403,1
bwapp,search,bc399a5a74d53fa5,403,1
bwapp,search,b0cd1d10b1ab0547,403,1
bwapp,search,ab2a0ce1eac67e5e,403,1
bwapp,search,4b87aaaf66513c20,403,1
bwapp,search,cd8f418d9bd6968d,403,1
bwapp,search,65d4031645bddaed,403,1
bwapp,search,941ac6e9afb8873e,403,1
bwapp,search,9849b60dd88d7877,403,1
bwapp,search,689037dadd18c7b7,403,1
bwapp,search,03fcfc5db5bdd220,403,1
bwapp,search,2d839f7ecf26f63a,404,0
bwapp,search,b2db0a976cd87f01,403,1
bwapp,search,0295af98b17dd30a,403,1
bwapp,search,b968d3e6d7123120,403,1
bwapp,search,b540c03f6841dbfe,404,0
bwapp,search,afe17f1dbafa0a8b,403,1
bwapp,search,8952351bca48cbd0,404,0
bwapp,search,db6d057e66c07798,403,1
bwapp,search,b38d7e8261b0f912,403,1
bwapp,search,d5ff94fac44c3feb,403,1
bwapp,search,b50a9eac88ad5cad,404,0
bwapp,search,9290d56aea686f25,403,1
bwapp,search,2029d056a1045a86,403,1
bwapp,search,9a8b18d2e65af6e8,403,1
bwapp,search,24489c6bd4522960,403,1
bwapp,search,50d9b3c13b2e284b,403,1
bwapp,search,8e1c04002f233032,403,1
bwapp,search,b79af29c655b3b02,403,1
bwapp,search,801e5ca3a073f3f7,403,1
bwapp,search,5db8eff8f6000ccc,403,1
bwapp,search,778a3e7fb527e894,403,1
bwapp,search,7e13f6e721042e5e,403,1
bwapp,search,958868857df29983,403,1
bwapp,search,363cf2980c03cd51,403,1
bwapp,search,af83fba947e5cbf8,403,1
bwapp,search,83e04f6132ec79c9,403,1
bwapp,search,59bacbbcec45431a,403,1
bwapp,search,3ef2bbb4c19f8f19,403,1
bwapp,search,2e9ad6b01b6416f3,403,1
bwapp,search,675d13274f0ebcd2,403,1
bwapp,search,0aa7dd9a1a45f0b2,403,1
bwapp,search,bf0cf63c04df27c0,403,1
bwapp,search,bce434341c5f6830,403,1
bwapp,search,76b61a4fe9830f6c,403,1
bwapp,search,ba47b14f1a4b1dc9,403,1
bwapp,search,91a8792081d545b8,403,1
bwapp,search,22ff223c8b69adc7,403,1
bwapp,search,e3823b0d37dee470,404,0
bwapp,search,f57bb206351d4da6,404,0
bwapp,search,d0b85ab307e95466,403,1
bwapp,search,55b32572ef1d98b0,403,1
bwapp,search,d09d11dd162cb032,403,1
bwapp,search,e74e74bb51f5cd8b,403,1
bwapp,search,c039cd156927b338,404,0
bwapp,search,d5ac5e281bff20b1,404,0
bwapp,search,bf8893e25facca02,403,1
bwapp,search,4a2c963c6e421033,403,1
bwapp,search,3be122fbbda2d4c4,403,1
bwapp,search,61f7136607bd51ac,403,1
bwapp,search,925b5cfc8a60c559,403,1
bwapp,search,0c1fd8eaade42160,403,1
bwapp,search,d4a3bc6ce5234619,403,1
bwapp,search,f7d813cc6a2832b5,403,1
bwapp,search,08b16058529c3435,403,1
bwapp,search,211ea7b2fad8d341,403,1
bwapp,search,c214469755f73489,403,1
bwapp,search,79e07dd8268f691e,403,1
bwapp,search,5f0ea86a990264df,403,1
bwapp,search,0ec85d42617499d7,403,1
bwapp,search,88001c37bc2679fe,403,1
bwapp,search,ca40123226c93c89,403,1
bwapp,search,c9fb3c85443f574e,403,1
bwapp,search,5870430fe3be57e4,403,1
bwapp,search,294124bc745b9819,403,1
bwapp,search,5fc7e58b088ac730,403,1
bwapp,search,ababbc63e3b5a813,403,1
bwapp,search,bbeb64db44863219,403,1
bwapp,search,f02196d1238cde7c,404,0
bwapp,search,d7f524c81d45d512,403,1
bwapp,search,e716b642d5fcc4f1,403,1
bwapp,search,1696fc2c5b0091ae,403,1
bwapp,search,2b8495b5e55122f8,403,1
bwapp,search,9c28f0381fd42f5c,403,1
bwapp,search,dc64eed0f8e9f6b6,403,1
bwapp,search,e57f465fc9166d43,403,1
bwapp,search,292463e3fc87e839,403,1
bwapp,search,eb970ed3888ae07f,403,1
bwapp,search,62bb922ae926a0de,403,1
bwapp,search,72c4940f255403dd,403,1
bwapp,search,563698401e2f6db4,403,1
bwapp,search,c14197b8c4a20747,403,1
bwapp,search,618d1d71b51c20ef,403,1
bwapp,search,9662f7961c47632a,403,1
bwapp,search,0c552be0bdfafdf7,403,1
bwapp,search,ebfbbd22008c2a73,403,1
bwapp,search,944a4c2cfc5c108f,403,1
bwapp,search,2c53a991e4a6a917,403,1
bwapp,search,a012c3e9fececafa,403,1
bwapp,search,919b9a96f4033f1c,404,0
bwapp,search,f9f30e423958f08c,404,0
bwapp,search,97657f01e431a6d9,403,1
bwapp,search,c050687ffd96dcf5,404,0
bwapp,search,7964d112ef563c93,403,1
bwapp,search,27e115f90d01df27,404,0
bwapp,search,f2b629399f2ade1a,403,1
bwapp,search,e8325c74022db3c7,403,1
bwapp,search,b7e01ed79e54f8cb,403,1
bwapp,search,1976909b68546436,403,1
bwapp,search,17d6bc3db0a4304e,404,0
bwapp,search,13989ba2b9437c99,403,1
bwapp,search,5e92ccca9a146309,403,1
bwapp,search,3d0dc92f40dff5e6,403,1
bwapp,search,7fb76030c2131245,403,1
bwapp,search,9fc9e04e447fb086,403,1
bwapp,search,6635f847fa504fc4,403,1
bwapp,search,57ca5a1581b3be25,403,1
bwapp,search,47ecd9cc5f2a7888,403,1
bwapp,search,9dcc2e9d0ee28735,403,1
bwapp,search,93678b227db05f8a,403,1
bwapp,search,07f5b272ec371e2c,403,1
bwapp,search,bd02e189f0a9ecb0,403,1
bwapp,search,39678cdce0530032,403,1
bwapp,search,f52ceab6c398df54,403,1
bwapp,search,ffda3e159cb0c2f2,403,1
bwapp,search,431d6078b402ec0b,403,1
bwapp,search,25e010b4a1f8fd25,403,1
bwapp,search,c1f6f7ee4232b312,403,1
bwapp,search,f8262bfc84f20400,403,1
bwapp,search,1a18d7630b56b383,403,1
bwapp,search,162d8d7a861caa91,403,1
bwapp,search,646d346631fa0a5f,403,1
bwapp,search,686e0fe40d6e2431,403,1
bwapp,search,34f9c70ced3ca695,403,1
bwapp,search,023e0061c3fa838c,403,1
bwapp,search,db7ae9919873060c,404,0
bwapp,search,3ccfcd1a134cbeb2,404,0
bwapp,search,b96cd0738ef0638d,403,1
bwapp,search,9fb413c4758ab3ae,403,1
bwapp,search,4570e7d3cd816a8d,403,1
bwapp,search,6cdafb278cd55ff1,403,1
bwapp,search,9d57acc52d7e1ff7,403,1
bwapp,search,5671f39c47d75724,403,1
bwapp,search,5c1b21afd809197b,404,0
bwapp,search,3d132dd4b8f1857b,403,1
bwapp,search,c8a455324009ec81,403,1
bwapp,search,37ababc3d96fe1e4,403,1
bwapp,search,3affef6cfe338e45,403,1
bwapp,search,5ac76c8d6af6de28,403,1
bwapp,search,b43d78e9a4fb6cc5,403,1
bwapp,search,c87277085e31f90d,404,0
bwapp,search,e680bba5ce7d89c2,404,0
bwapp,search,d4d68b935c736741,403,1
bwapp,search,b8c6038e903edb08,403,1
bwapp,search,16da06ada77f9012,404,0
bwapp,search,351801ae0e4e528f,403,1
bwapp,search,772af1cb83def93f,403,1
bwapp,search,50be57625477a16a,404,0
bwapp,search,eec6f0a14c5d667c,403,1
bwapp,search,474511ff1e69ffcf,403,1
bwapp,search,1dd9cd53498a20c9,403,1
bwapp,search,aa7a57e87f4d584f,404,0
bwapp,search,aadadb2c9f4bdb9b,403,1
bwapp,search,3a35724444bf054a,404,0
bwapp,search,79d08522f06b167a,403,1
bwapp,search,3b69fbd2d33798ad,403,1
bwapp,search,97eaa211657ba6f7,404,0
bwapp,search,299ca49dfc196498,403,1
bwapp,search,08ff31a781040354,403,1
bwapp,search,2bc57880be4928f2,403,1
bwapp,search,068183684013ebb7,403,1
bwapp,search,037893c99dd0f993,403,1
bwapp,search,1ebc042d9f468ed5,403,1
bwapp,search,6a2a5e86a3bf04d8,403,1
bwapp,search,c36f7d391bb0e5b1,403,1
bwapp,search,41b1f156f64a4ff3,403,1
bwapp,search,069afcbe38f74911,403,1
bwapp,search,e6e1e719971c6aec,403,1
bwapp,search,b6981682bf1a538f,403,1
bwapp,search,b65697127035a4ac,403,1
bwapp,search,35a56c4cbb398c0f,403,1
bwapp,search,88b55994155a98b7,403,1
bwapp,search,d48e40c219bf4a9a,403,1
bwapp,search,bcbfaec68d7da153,404,0
bwapp,search,87981593b13ab300,403,1
bwapp,search,23dcc2b1504cbbe4,403,1
bwapp,search,b47c6cbb7fbf90fe,403,1
bwapp,search,39b64b95a6872bb1,403,1
bwapp,search,b5763390e30ab100,403,1
bwapp,search,3baa4e6508a0e3f0,403,1
bwapp,search,e09629a010de7f3f,404,0
bwapp,search,1b47b8fff48a7306,403,1
bwapp,search,6e1a6c9d55379898,403,1
bwapp,search,8734716b9de32abd,403,1
bwapp,search,cea7cc3dbd7fc599,404,0
bwapp,search,f0d6742ab20b8bfc,404,0
bwapp,search,73cb54a9282b27d4,403,1
bwapp,search,9d454fadb9dcb3cc,403,1
bwapp,search,4e09386f1bc552cb,403,1
bwapp,search,04212c04262e947f,403,1
bwapp,search,c71cb492adfe03ec,403,1
bwapp,search,66bb890868277a42,403,1
bwapp,search,f50a45cfe9998fa2,403,1
bwapp,search,ecd17158100b96de,403,1
bwapp,search,0aaa7633fefdcc71,403,1
bwapp,search,d6b050e23e16a961,403,1
bwapp,search,a18a5dd00eb80551,403,1
bwapp,search,0f559d39a3aecdcf,403,1
bwapp,search,de23ec73d9a8c27b,403,1
bwapp,search,1950cb8d27027769,403,1
bwapp,search,b22885366cfc1565,403,1
bwapp,search,4629758cc62672d6,403,1
bwapp,search,53eff79dd0e22909,403,1
bwapp,search,99120a5dba40ed63,403,1
bwapp,search,ca6c4322c83c6c31,403,1
bwapp,search,42d494203fc7e2d6,404,0
bwapp,search,19f4659f851f9a49,403,1
bwapp,search,0009d525a31d80e9,403,1
bwapp,search,9be7f3526960502c,403,1
bwapp,search,31ffd98c2020a85a,404,0
bwapp,search,a0026c1681db8834,403,1
bwapp,search,2a18d0f6826271ba,403,1
bwapp,search,611f503b5f52147d,403,1
bwapp,search,f920fe4462ee66b9,403,1
bwapp,search,f0b90698e8f20426,403,1
bwapp,search,d62743eeebf8b9a8,403,1
bwapp,search,0ffd8dab0dfa0fa2,403,1
bwapp,search,338268af3ece82ff,403,1
bwapp,search,be259a30ddc72d8d,403,1
bwapp,search,2673f1ba50576a53,403,1
bwapp,search,87f74790735a1238,403,1
bwapp,search,bfd5e7eb6f91f531,403,1
bwapp,search,9caae6db43019f1a,403,1
bwapp,search,0b9c3a39a05e1e5d,403,1
bwapp,search,7c26bdc68b02f912,403,1
bwapp,search,5e9adc06381a4568,403,1
bwapp,search,a5f3e52ea0903635,403,1
bwapp,search,58e2cf64be51c186,403,1
bwapp,search,fd146e8b68353a5c,404,0
bwapp,search,1f12a748b314e3f0,403,1
bwapp,search,d7b59a9764eeaf6c,403,1
bwapp,search,3bdf4c19294d25e6,404,0
bwapp,search,61659d790667e5b9,403,1
bwapp,search,ab76b91e077dcb71,404,0
bwapp,search,908f26e6aa33b795,403,1
bwapp,search,ccfb56d23739d771,403,1
bwapp,search,5cde532072165f1c,403,1
bwapp,search,fa3e34d3663c0295,403,1
bwapp,search,b8aea10e60cd3aa5,404,0
bwapp,search,75772c8df5e51214,403,1
bwapp,search,0c578e28444bbf2c,404,0
bwapp,search,d7518e999d2ce055,403,1
bwapp,search,04db50065dc1df68,403,1
bwapp,search,880edea48fcd3ba8,403,1
bwapp,search,d7247fc13e4d212e,403,1
bwapp,search,9a4fab206193ed10,403,1
bwapp,search,373e6af10a557298,403,1
bwapp,search,7b8702aff509c5e3,403,1
bwapp,search,509807592b96dbe8,403,1
bwapp,search,a5ed15f23e4a5b19,403,1
bwapp,search,d0e4337c0c413311,403,1
bwapp,search,7f93b10864ce9e6b,403,1
bwapp,search,3b44b986558469cc,403,1
bwapp,search,45490a43e65d4de5,403,1
bwapp,search,4577dd86e280c58f,403,1
bwapp,search,55daae944020c048,404,0
bwapp,search,55d86c224d917bf7,403,1
bwapp,search,c4f7ccacd54e53ad,403,1
bwapp,search,668d5f48574a9b37,403,1
bwapp,search,00ea0e59a2882070,403,1
bwapp,search,dbf6f74996ef07a8,403,1
bwapp,search,9fc547af2eae24ab,403,1
bwapp,search,6557f6531495cb0c,403,1
bwapp,search,4f4bb8bcd351a130,403,1
bwapp,search,3bb04ffc737965cf,403,1
bwapp,search,e1c40f9199a20b93,403,1
bwapp,search,c6e0dd59a6fb48da,403,1
bwapp,search,de15804a19cb52c3,403,1
bwapp,search,afaae9e887f865f6,403,1
bwapp,search,2c722f1441ae4d5e,403,1
bwapp,search,d4f92e3deee73441,403,1
bwapp,search,89dbd46358239ca0,403,1
bwapp,search,a2fdd26176bdea16,403,1
bwapp,search,ba8b311f63bc4f08,403,1
bwapp,search,9619ae058f232e52,403,1
bwapp,search,624c0cbcc58067ad,403,1
bwapp,search,88853dd9cfd4a59d,403,1
bwapp,search,15fc861186fa8f5a,403,1
bwapp,search,c920a51909269709,403,1
bwapp,search,e24c5bbc459ba425,403,1
bwapp,search,463d549933a6010c,403,1
bwapp,search,5f9ef647d4fe964b,403,1
bwapp,search,14f1f272541d6fc3,404,0
bwapp,search,07b405578129e2aa,403,1
bwapp,search,6f415cb6a7e24f55,403,1
bwapp,search,a185dbd58924dde8,403,1
bwapp,search,3b689993b1f61e38,403,1
bwapp,search,b3bf182dc6e1e1d2,403,1
bwapp,search,48edfec8b177d6c5,403,1
bwapp,search,b0eb2d6401aaf92d,403,1
bwapp,search,6e7d1306bf5750d6,403,1
bwapp,search,a70e054a6fe3bbae,404,0
bwapp,search,dfff71afeda73d9b,403,1
bwapp,search,80c9941c8233652d,404,0
bwapp,search,4a07509a173304c7,403,1
bwapp,search,9c7fb7137465ae46,404,0
bwapp,search,98ceae12df79aa97,403,1
bwapp,search,5d18ee77296cea39,403,1
bwapp,search,ee63d6c5c70a6b01,403,1
bwapp,search,9ea2a1955228798c,404,0
bwapp,search,4795df713311cfb6,403,1
bwapp,search,b20aad23cf3f978b,403,1
bwapp,search,4210b77aba4544fb,403,1
bwapp,search,728b83eb969b5c04,403,1
bwapp,search,966635182c5777a2,404,0
bwapp,search,7036106285a43afd,403,1
bwapp,search,797ce7bb7e218c79,403,1
bwapp,search,2855ca04c21fdf65,403,1
bwapp,search,4083e1ebf2766457,403,1
bwapp,search,503903fe8734733f,404,0
bwapp,search,52ee38aaeb0a534a,403,1
bwapp,search,a9782885619e8d13,403,1
bwapp,search,e2833825e2d3e58c,403,1
bwapp,search,7dd59d17b78ea769,403,1
bwapp,search,856bd63540de3190,404,0
bwapp,search,eda081b2389ac07a,403,1
bwapp,search,4a3211c99a8890dc,404,0
bwapp,search,e5c8dc61b3d655ac,403,1
bwapp,search,223f897f156be9fc,403,1
bwapp,search,e15f87e3503709ab,403,1
bwapp,search,fe26f99d92b1e6cb,403,1
bwapp,search,61cdbfc45a9ce904,403,1
bwapp,search,338040ae3659ff91,403,1
bwapp,search,9f0f836f0a0148c4,403,1
bwapp,search,c4494210c3770a62,403,1
bwapp,search,d80a44261310010b,403,1
bwapp,search,7594242c2de66313,403,1
bwapp,search,d4c45d847654de80,403,1
bwapp,search,5967c9e23ce9dea8,403,1
bwapp,search,b3593ca445f6b159,403,1
bwapp,search,924aa35fce5bc427,403,1
bwapp,search,21f47c05f4318d1e,403,1
bwapp,search,a4d6ebc003d5ee41,403,1
bwapp,search,bbd033c38427a8c6,403,1
bwapp,search,7e55c40c1db86f45,403,1
bwapp,search,ef53135a6e5a9f74,403,1
bwapp,search,ee88bfc6aaa4aa8a,403,1
bwapp,search,b73060ea6d92d571,403,1
bwapp,search,622de99cf6651827,403,1
bwapp,search,dfeb173b5680c045,403,1
bwapp,search,704327c4ebc06a3a,403,1
bwapp,search,a2ac288bae26084e,403,1
bwapp,search,885f583c36221023,403,1
bwapp,search,42c029c155993064,403,1
bwapp,search,b3bdd26069dc7a3a,403,1
bwapp,search,92878d9e0fe8bc6b,403,1
bwapp,search,d221b8920fc8bdb9,404,0
bwapp,search,f660f69b42cca641,403,1
bwapp,search,7a78c60d58520f25,403,1
bwapp,search,7091b30785acec83,403,1
bwapp,search,8052102c1880b127,403,1
bwapp,search,c5442cd363f18d74,403,1
bwapp,search,6cec9f9d32fff188,403,1
bwapp,search,fb61626b2aa8035f,403,1
bwapp,search,6317bba782b57a79,403,1
bwapp,search,987347e53059ff15,403,1
bwapp,search,cdd9b839082ddb36,403,1
bwapp,search,7a417c1487169e6d,403,1
bwapp,search,d22aea716aabc05d,403,1
bwapp,search,bc773ebf21fe3e90,403,1
bwapp,search,56c3d077698197a1,403,1
bwapp,search,0c18931f166cf7e9,403,1
bwapp,search,1fb97a5a9dc04a83,403,1
bwapp,search,432ad1e56c5fbb3b,403,1
bwapp,search,8e6bc128f9769dd9,403,1
bwapp,search,3470815026a438e8,403,1
bwapp,search,8b01154107712d3b,403,1
bwapp,search,0ee38933d639aabc,403,1
bwapp,search,052f7214ef20a8c1,403,1
bwapp,search,9e249bc5c38c1f89,403,1
bwapp,search,c8682051adcc20d2,403,1
bwapp,search,34e76449b6e849b4,403,1
bwapp,search,11a67b2f5ff2c39c,404,0
bwapp,search,be907de9809b6003,403,1
bwapp,search,0364b402b7a0e91b,403,1
bwapp,search,d1462662126bb81b,404,0
bwapp,search,208d14d568c51dea,403,1
bwapp,search,d2251691ca8cb6b0,403,1
bwapp,search,eecd6162b57d558e,403,1
bwapp,search,eb43b15f9ef9a518,403,1
bwapp,search,69db02d74f6a6c33,403,1
bwapp,search,d1fcd6494ad81a1b,403,1
bwapp,search,8946faca28fa0966,403,1
bwapp,search,eeca718324752895,403,1
bwapp,search,20a112142a3c309e,403,1
bwapp,search,d5e0bff9b618bf07,403,1
bwapp,search,a997cf099d9d3a4c,403,1
bwapp,search,20febcc243e6f2bb,403,1
bwapp,search,de7cf62b53ab945b,403,1
bwapp,search,f54d6ab2b1f2098a,403,1
bwapp,search,4da87184ef3a11b5,403,1
bwapp,search,d4cbf19af6547d5c,403,1
bwapp,search,2b6051c8592b4d1d,403,1
bwapp,search,68e83e2d23351f7b,403,1
bwapp,search,b45558bc7fd6f61a,403,1
bwapp,search,3c4a836c2b86c140,403,1
bwapp,search,4d963629ad60eeeb,403,1
bwapp,search,889c3b25ad7d4750,403,1
bwapp,search,b3a1e19adf32eeb4,403,1
bwapp,search,7ed65c106630d43e,403,1
bwapp,search,d04205d9df68b261,403,1
bwapp,search,900abfd12b4753ff,403,1
bwapp,search,1ddda4ad2cbe7736,403,1
bwapp,search,9c9e80759b712e91,403,1
bwapp,search,bc84124ec98cd6fa,403,1
bwapp,search,37475e98e384fc02,403,1
bwapp,search,c6db96b3b9c4fdad,404,0
bwapp,search,58e2354d7e43fd5a,403,1
bwapp,search,87284f1a54553aab,404,0
bwapp,search,1a3ae5dd669bd6d8,403,1
bwapp,search,7d345476da260903,403,1
bwapp,search,145be0172db8824b,403,1
bwapp,search,14e7c42f86183b47,403,1
bwapp,search,1a538e39160dfb6e,403,1
bwapp,search,d99ae0d2fbac66a5,403,1
bwapp,search,940af917f66de884,403,1
bwapp,search,dc09a18b530cfa66,403,1
bwapp,search,0f2a24e514a4657d,403,1
bwapp,search,413afcd273934478,403,1
bwapp,search,ec1efe17f8d23552,403,1
bwapp,search,bd2fd6ac4d83cb27,403,1
bwapp,search,ae71af83083c500e,403,1
bwapp,search,53dd624b2c393bf6,403,1
bwapp,search,dfbf1ead4ad07016,403,1
bwapp,search,e3462f40ee75bc34,403,1
bwapp,search,99ad06df398e2855,404,0
bwapp,search,3f2bc6cbdf0cef66,403,1
bwapp,search,ccfa2535fcd51383,404,0
bwapp,search,d5a109207753b42a,403,1
bwapp,search,466f2413716c66bd,403,1
bwapp,search,5b918c7d3598f335,403,1
bwapp,search,9d92841b084803e2,403,1
bwapp,search,d4acfd8f99dea9c6,403,1
bwapp,search,46540be99e0166a0,403,1
bwapp,search,9c169590e7b643dc,403,1
bwapp,search,3088af722fc00822,403,1
bwapp,search,2b26966b032354b9,403,1
bwapp,search,1f290bdf161ea44e,403,1
bwapp,search,b87daf48b28b2c9b,403,1
bwapp,search,c9d731082586b9ce,403,1
bwapp,search,f7c042587cbfecf6,403,1
bwapp,search,6de6ec7b2ffb9c84,403,1
bwapp,search,90b3ed4d60b8e5a1,403,1
bwapp,search,849f77dd6df07a26,403,1
bwapp,search,eefc8762a55fde1e,403,1
bwapp,search,c8134db5bf4c4c9b,403,1
bwapp,search,63f437bed8f845bf,403,1
bwapp,search,79e20b99dde4363d,403,1
bwapp,search,b4646170c80dea2a,404,0
bwapp,search,7efcd4a9c83e9f55,403,1
bwapp,search,a7796a5866242543,403,1
bwapp,search,1dacab325f4bb47f,403,1
bwapp,search,6a7cda75704ef806,403,1
bwapp,search,d9daa5a1f6fabd8e,403,1
bwapp,search,271ed45fa70dd425,403,1
bwapp,search,55103ec99894bce8,403,1
bwapp,search,43e7218299c7763c,403,1
bwapp,search,eb22e811195ec00d,403,1
bwapp,search,ee5153d94f8677a1,403,1
bwapp,search,7ca7f257d88fa422,404,0
bwapp,search,d90a99c0824f84fd,403,1
bwapp,search,46e738fdc1237a31,403,1
bwapp,search,e1702157341f02af,403,1
bwapp,search,810b94709f33a124,403,1
bwapp,search,84459227d2e9dea0,403,1
bwapp,search,662b1b325fcb0a88,403,1
bwapp,search,9edd00ad9feaf3c7,403,1
bwapp,search,1613480753676712,403,1
bwapp,search,9681dcf5894a5cf0,403,1
bwapp,search,83144005a009cd47,403,1
bwapp,search,241a77b67b0d7e7a,403,1
bwapp,search,66df0ae0693ba34e,403,1
bwapp,search,c3f307526aaeca9c,403,1
bwapp,search,278dfec20198b2dc,403,1
bwapp,search,8a61b66d2511e149,403,1
bwapp,search,b6500c4df5b748de,403,1
bwapp,search,aab962aaf759bbce,403,1
bwapp,search,d0b42768f0e98590,403,1
bwapp,search,07d05131f0068d35,403,1
bwapp,search,138ccc7c292186c0,403,1
bwapp,search,4365c8f8bc34ab8b,403,1
bwapp,search,b9b32bdfcf1a4be1,403,1
bwapp,search,87411b86d9877941,403,1
bwapp,search,36b1a18424bb4b4f,403,1
bwapp,search,a60f6c083d94133d,403,1
bwapp,search,228ef3c9aa6fcdc2,403,1
bwapp,search,c28985bc9a9b4729,403,1
bwapp,search,5289a6b000c6750d,404,0
bwapp,search,02af523132d49e00,403,1
bwapp,search,f9df8287f3fbe67d,403,1
bwapp,search,82fd1d98e6a6b5df,403,1
bwapp,search,a88e7c91f8fd787b,403,1
bwapp,search,5c538f14e075387c,403,1
bwapp,search,4e6b61c0f5f6301e,403,1
bwapp,search,d3dbf7649b0bcb54,403,1
bwapp,search,5c0a88e2fe709966,403,1
bwapp,search,38789374c4868e05,403,1
bwapp,search,5dc7d2c86d759d7f,403,1
bwapp,search,269d717af2491825,403,1
bwapp,search,b8f9c31463f8945e,403,1
bwapp,search,27cdf65208189817,403,1
bwapp,search,b942d8e3479bdf13,403,1
bwapp,search,a3bc8c2671f4a8e7,403,1
bwapp,search,8107f1a0082f7fa4,403,1
bwapp,search,557a15066e635fe2,403,1
bwapp,search,ccb1ea0e1a43b0d4,403,1
bwapp,search,23023c21785959a4,403,1
bwapp,search,15c0235ec696447c,403,1
bwapp,search,7801d7e092fbda10,403,1
bwapp,search,862082c29b83a811,403,1
bwapp,search,9b50a9c0e6db7362,403,1
bwapp,search,fc88c2fb4f8ab942,403,1
bwapp,search,bc5933c0fe83233b,404,0
bwapp,search,13178cae05d1e976,403,1
bwapp,search,5dc3725951f3aeb8,403,1
bwapp,search,afebaab95ebffa81,403,1
bwapp,search,972095121e229973,403,1
bwapp,search,881f00ef3abb28ca,403,1
bwapp,search,67d067dce6e08220,403,1
bwapp,search,ab08b473f3ce59a8,403,1
bwapp,search,7782ff2204fe83ce,403,1
bwapp,search,c7dcbe4ff64dbbc4,403,1
bwapp,search,6d69d15bd9ff3821,403,1
bwapp,search,b227e2a5e7fed1da,403,1
bwapp,search,d9f5f2d43f35eea8,403,1
bwapp,search,bcb7acc37a7632a7,403,1
bwapp,search,ca224d7b9127ed54,403,1
bwapp,search,5ede1fde1405afa1,403,1
bwapp,search,469f1dda6951170e,403,1
bwapp,search,c7a0710bed9f2e9a,403,1
bwapp,search,3bb694f1cfa6c273,403,1
bwapp,search,7733024c3151dafd,403,1
bwapp,search,53f3d7ab9754c4e5,403,1
bwapp,search,62230e368d3b55db,403,1
bwapp,search,96cd09b3746418c2,403,1
bwapp,search,39764c39b2983f9b,403,1
bwapp,search,3546edd0b8c02926,403,1
bwapp,search,dfbaf17db8c70e0d,404,0
bwapp,search,26f366e210221f01,403,1
bwapp,search,76d7b184b5ce0e40,403,1
bwapp,search,4e822360815f79e9,403,1
bwapp,search,a56f155d287dbae6,403,1
bwapp,search,7a9de8589983e746,403,1
bwapp,search,918c87c97488f6de,403,1
bwapp,search,b1a96129f7eddccf,403,1
bwapp,search,c0cc6a0ca3faaa7d,403,1
bwapp,search,2dd4729015b2f8a3,403,1
bwapp,search,a925620a977fa489,403,1
bwapp,search,4262dda99d85cd00,403,1
bwapp,search,ab2babd6b9c53435,403,1
bwapp,search,ed595454b86f9602,403,1
bwapp,search,a9ece1b0a619f5ea,403,1
bwapp,search,2340e39f1c8ed406,403,1
bwapp,search,8336fbd20492b1cb,403,1
bwapp,search,85c044e16e2fd3c0,404,0
bwapp,search,75a72461a34477d7,403,1
bwapp,search,8118486177750731,403,1
bwapp,search,4786a14da3407aab,403,1
bwapp,search,1d85797bace2b6cd,404,0
bwapp,search,d60a6f3c828b6c0e,403,1
bwapp,search,260ca2b30433fe57,403,1
bwapp,search,26f4a6c32f95a8fd,403,1
bwapp,search,185f2ddc6574e7e7,403,1
bwapp,search,442de7c24792321c,403,1
bwapp,search,e82eb6d809c98cf8,403,1
bwapp,search,045d825730decd05,403,1
bwapp,search,5177b596a8fccb31,404,0
bwapp,search,6db3d72c6462dfb2,403,1
bwapp,search,64afd4245ce6c3dd,404,0
bwapp,search,7a6f1284811242e2,403,1
bwapp,search,614830d19ab6f5d5,403,1
bwapp,search,4e9c2439742f2af9,403,1
bwapp,search,ba9957a248a50eac,403,1
bwapp,search,51230c50b72ba9f1,403,1
bwapp,search,b52944fe120321ae,403,1
bwapp,search,3823816c733388c3,403,1
bwapp,search,eddaac90699233ec,403,1
bwapp,search,1edd102868aa1eaa,403,1
bwapp,search,2a4cca1c0f24f586,403,1
bwapp,search,31e744b3b3ee4399,403,1
bwapp,search,2fb4b9de52f9fa0b,403,1
bwapp,search,5a2cbc0d5f9efdfc,404,0
bwapp,search,4ec669d51c2055ef,403,1
bwapp,search,353a421594b9a544,403,1
bwapp,search,cc43b281c211780e,403,1
bwapp,search,9f4bde16ac6b3745,403,1
bwapp,search,d860502e207aa39e,403,1
bwapp,search,1046002d7168d687,403,1
bwapp,search,74107f5b425261bd,403,1
bwapp,search,92da047848e7ea92,404,0
bwapp,search,69a70ab172bae3a6,403,1
bwapp,search,8c4cf318d2413072,403,1
bwapp,search,e8d6fa26aa642647,403,1
bwapp,search,1943cf47fb0faff9,403,1
bwapp,search,88863cb5e8c4ff72,403,1
bwapp,search,1f2eab5a80fa7f98,404,0
bwapp,search,7133295442821ef5,403,1
bwapp,search,2f40f7a49748d53a,403,1
bwapp,search,5aa7d0e5d6056b1c,403,1
bwapp,search,4dbd85b94d625e59,403,1
bwapp,search,fd1d177b628c40fe,403,1
bwapp,search,ef65a7df6673d4f3,403,1
bwapp,search,476728897054ca97,403,1
bwapp,search,0211e35cdd8d8697,403,1
bwapp,search,ae886877672cfa32,403,1
bwapp,search,9692f83cb597c3de,403,1
bwapp,search,55f7e06d8f24a7a3,403,1
bwapp,search,cce5f735b28ae67b,403,1
bwapp,search,3c5e018090935a99,403,1
bwapp,search,2d3ae774f393f6c5,403,1
bwapp,search,ea75a2423aa4a8c8,403,1
bwapp,search,137529731caa0114,403,1
bwapp,search,e6c14fd2d5ec8336,403,1
bwapp,search,be63acdabc48dd57,403,1
bwapp,search,ac773716f92770b9,404,0
bwapp,search,bfb0a1bff2bf2b8a,403,1
bwapp,search,23f8bbdf78800688,403,1
bwapp,search,0a9d1520cb20f5a0,403,1
bwapp,search,70b4626bece20a39,403,1
bwapp,search,bd874529a31f392d,403,1
bwapp,search,0d3b769f7b7e08f5,403,1
bwapp,search,ff43544543f8f0f6,403,1
bwapp,search,8c30176180f0fae4,403,1
bwapp,search,169bcc54d2e09d4c,403,1
bwapp,search,1285c8d8da41ee5f,403,1
bwapp,search,d061696cfc101039,403,1
bwapp,search,c0c3b9776770f885,404,0
bwapp,search,6f27e1405adf61e6,403,1
bwapp,search,9397e86e89eed352,403,1
bwapp,search,ea233f6a2ffd0f4f,403,1
bwapp,search,356200ae2f595198,403,1
bwapp,search,79b04b7cc1bc736a,403,1
bwapp,search,e8f584340823798a,403,1
bwapp,search,3f1c89561a5d38d8,403,1
bwapp,search,351050e89565aa37,403,1
bwapp,search,360df637c9095349,403,1
bwapp,search,bc2d7ba1dfcfe7cf,403,1
bwapp,search,a9fa6417355afb7d,403,1
bwapp,search,3f49fe8bad3b3897,403,1
bwapp,search,4bc9c2643f9014e4,404,0
bwapp,search,29d1e83b32f222b5,403,1
bwapp,search,7db998876bf1a2cc,403,1
bwapp,search,7e43933e7e5720a5,403,1
bwapp,search,a9a18ec0c34615bf,403,1
bwapp,search,0a8116d49fe49cad,403,1
bwapp,search,cf786f067f4bf394,403,1
bwapp,search,ec0ce8e804b430e9,403,1
bwapp,search,871b452830ce28c7,403,1
bwapp,search,96791a41cd5896ce,404,0
bwapp,search,f532cbfe8b9dfdd3,403,1
bwapp,search,7b69ff72c069139f,403,1
bwapp,search,bec7efb862f4e409,403,1
bwapp,search,380ee4d45ef8c6e8,403,1
bwapp,search,de7458fd62100d4b,403,1
bwapp,search,1f32cda6170cc442,403,1
bwapp,search,a330add24141ece0,403,1
bwapp,search,5d2651e7f01673ab,403,1
bwapp,search,84aad766e4ede809,403,1
bwapp,search,5dd2d60add69b634,403,1
bwapp,search,8d48fd11d5b83bc2,403,1
bwapp,search,58eb498ae489aa61,403,1
bwapp,search,8211af77f85b5d65,403,1
bwapp,search,122ae9862eb048d6,403,1
bwapp,search,633a4c65048154b1,403,1
bwapp,search,0b695efc8a89caaf,403,1
bwapp,search,53cb3229884624bd,403,1
bwapp,search,c3ad9269780572f7,403,1
bwapp,search,d30affe473514431,403,1
bwapp,search,de7bc3881a6daa31,403,1
bwapp,search,455b294393453ae5,403,1
bwapp,search,85589e6dc38a8b15,403,1
bwapp,search,c604aa5faadfc503,403,1
bwapp,search,931b0d7716d8f97e,403,1
bwapp,search,1fd3a6cda8c71425,403,1
bwapp,search,1591db1dcd6a2a5c,403,1
bwapp,search,e608733ae32c1a76,403,1
bwapp,search,af80ca27064a768a,403,1
bwapp,search,33a95c46ad378cad,404,0
bwapp,search,2b80b16c373c4332,403,1
bwapp,search,d46f70dc78828b42,403,1
bwapp,search,c22afc38a41d4076,403,1
bwapp,search,c77e5715afa463ea,403,1
bwapp,search,e4ce4789e91cd26f,403,1
bwapp,search,925bbc9097a6217e,403,1
bwapp,search,2a86554156e34e9d,403,1
bwapp,search,6c7dd98315117b67,403,1
bwapp,search,310025da6ee1de73,404,0
bwapp,search,fafb9427aae0400a,403,1
bwapp,search,608cb00cd8380fec,404,0
bwapp,search,797e133b2093c382,403,1
bwapp,search,19cb1631ad735efa,403,1
bwapp,search,6b699b7bb36223f5,403,1
bwapp,search,740f539f58395f5d,404,0
bwapp,search,adce36627e9a33d0,403,1
bwapp,search,e60c8a63518bc47b,403,1
bwapp,search,66c3cf307c8c0f50,403,1
bwapp,search,191761c2d62e8c67,403,1
bwapp,search,17839f2ba4f54cdc,403,1
bwapp,search,02726c114452bc75,403,1
bwapp,search,9f754c731a462111,403,1
bwapp,search,4728aa867b7ede67,403,1
bwapp,search,739ccd4d3722929a,403,1
bwapp,search,4b3712dc3babe121,403,1
bwapp,search,4cae8b4073269d61,403,1
bwapp,search,b9bd06b73604bcea,403,1
bwapp,search,ce1e07c169cc3560,404,0
bwapp,search,28b6ce72ef1919f5,403,1
bwapp,search,29c5a2ad0ac8f175,403,1
bwapp,search,5ca5ac40ec0e967e,403,1
bwapp,search,39d46aef1801bda8,404,0
bwapp,search,9676105d4b6f6eda,403,1
bwapp,search,a4a0aa853f43d78b,403,1
bwapp,search,41dc0087647877e9,403,1
bwapp,search,0605335cd19edfb7,404,0
bwapp,search,8632169d662d8cfe,403,1
bwapp,search,65131a38e7491faa,403,1
bwapp,search,7222705e4abff24d,403,1
bwapp,search,e85894b88131f1be,403,1
bwapp,search,40db90df35847b28,404,0
bwapp,search,4fef7664a4f53ea6,403,1
bwapp,search,63b1cc756cc6fcac,403,1
bwapp,search,04e5c842d1498e22,404,0
bwapp,search,f6f9f103d84cf33c,403,1
bwapp,search,5917edee4c3c881d,404,0
bwapp,search,704b36b899d7f689,403,1
bwapp,search,eafc98bc36ef50bd,403,1
bwapp,search,1700429d1367a5aa,403,1
bwapp,search,9cb83eff6e898992,403,1
bwapp,search,5d48e19c22b0e98d,403,1
bwapp,search,6f833ba2568c1404,403,1
bwapp,search,eed83c4fb13a0677,404,0
bwapp,search,f4909db521722afd,403,1
bwapp,search,55f4d1c1d0a28446,403,1
bwapp,search,5ab2bc0c13122bec,403,1
bwapp,search,6f9add5e827112b1,403,1
bwapp,search,6ce115536ed168ab,403,1
bwapp,search,7435eea412dc9c54,403,1
bwapp,search,49475c6e349fa5db,404,0
bwapp,search,6f61cc6b49ba2f19,403,1
bwapp,search,995bbbd5c8bcff02,403,1
bwapp,search,6ee06b23a3fd1693,403,1
bwapp,search,e1205ae7f003ca6e,403,1
bwapp,search,a3e3849eb21ff600,403,1
bwapp,search,958aeeca7cf3ca9a,403,1
bwapp,search,87c64c42d7bae5b4,403,1
bwapp,search,9a3b91de08a69362,403,1
bwapp,search,d99e7f88b03bca52,403,1
bwapp,search,7961e3983da715aa,403,1
bwapp,search,789f16d1ca702442,403,1
bwapp,search,2bbeba8f20b4f64b,403,1
bwapp,search,8ef8266b1d9d92a3,404,0
bwapp,search,fe8eb41e47e17f93,403,1
bwapp,search,c5b5ab1028199f5c,403,1
bwapp,search,22989b56ab942202,403,1
bwapp,search,1b83b6fcb11ba7ab,403,1
bwapp,search,53ba48a5bff5e927,403,1
bwapp,search,39eaa9ddabf9f880,403,1
bwapp,search,e70dbfbab1932554,403,1
bwapp,search,8993e209be2d8b34,403,1
bwapp,search,8bb48e8b0b658c0d,403,1
bwapp,search,81a59a7af714a95d,404,0
bwapp,search,e0414a4f58f02398,403,1
bwapp,search,82cad80463d0adaf,403,1
bwapp,search,996652bd0118ab5c,403,1
bwapp,search,585daad5cb9e0516,403,1
bwapp,search,ff74589ab49cec44,403,1
bwapp,search,371437b389988f4b,403,1
bwapp,search,7fbf35ac85e9c0d9,403,1
bwapp,search,b17b66caadb11872,403,1
bwapp,search,c5fe3cab3d872f5e,403,1
bwapp,search,91970b249793c819,403,1
bwapp,search,daaddd3be3dd27bf,403,1
bwapp,search,76312c8081e3d03a,404,0
bwapp,search,d6ebfd32174c5908,403,1
bwapp,search,f08e61759dd05bb4,403,1
bwapp,search,45a2ab25f1f36a9d,404,0
bwapp,search,c7008cfc6637d0de,403,1
bwapp,search,2d62f1331d50c3a4,404,0
bwapp,search,0c27b5df74cbed80,403,1
bwapp,search,4a4f5588ba0de4ca,403,1
bwapp,search,c610137026f0ce70,403,1
bwapp,search,bf928da2885c61be,403,1
bwapp,search,8f628743ca6839dd,403,1
bwapp,search,a5112321dbe75d0f,403,1
bwapp,search,ca64e1f3483c083f,403,1
bwapp,search,2391236effa96376,403,1
bwapp,search,a891ff6c01abc470,403,1
bwapp,search,dfd758aef6ca60f1,403,1
bwapp,search,0cd9521057030705,403,1
bwapp,search,debaa2b308ae6f9f,404,0
bwapp,search,e77faa1d674a231b,404,0
bwapp,search,77c19f18a6a2ba28,403,1
bwapp,search,da72a00223334443,403,1
bwapp,search,4b95b73a886f0ec2,403,1
bwapp,search,389481950d8b5df2,403,1
bwapp,search,a4eb19052d6172c1,403,1
bwapp,search,b4893244011e1af6,403,1
bwapp,search,113ab1c79f369b9e,403,1
bwapp,search,03ff7647f5a648b0,403,1
bwapp,search,3d4b95e8ea52acd4,403,1
bwapp,search,caae98f43bec3859,403,1
bwapp,search,fa0618200b48194d,403,1
bwapp,search,8f32556102c8c754,404,0
bwapp,search,a74697a8870ee0d5,403,1
bwapp,search,4a35d2dea91c5d6e,404,0
bwapp,search,14a2e5134ed68831,403,1
bwapp,search,9a5bb886e6437a2e,403,1
bwapp,search,e1c01c317394d60a,403,1
bwapp,search,0b77e98b51696c5a,403,1
bwapp,search,f2d0ab940e361444,403,1
bwapp,search,0b4a4fe4ad2f8170,403,1
bwapp,search,c1856c060e2bf08c,404,0
bwapp,search,8f6ea91b642a20b3,404,0
bwapp,search,79e3b4d31fe1aceb,404,0
bwapp,search,166c8e1ae6996a62,403,1
bwapp,search,1c8163a784640fb0,403,1
bwapp,search,07a44c82666045ae,403,1
bwapp,search,b86372cb03515ef7,403,1
bwapp,search,edcb06c5e7fe894b,403,1
bwapp,search,8caf6b9ebaf158a6,403,1
bwapp,search,188659dd8e07c3cd,403,1
bwapp,search,46c9f2384fcec52c,403,1
bwapp,search,7d4435951787ef8a,403,1
bwapp,search,f4ca5f74508778e6,403,1
bwapp,search,4c11cd13ca041e1c,403,1
bwapp,search,e97c124a5d2682e6,403,1
bwapp,search,323d0c7977b727ab,403,1
bwapp,search,0ec0e1ec44403aca,403,1
bwapp,search,fffced8d3cc4618a,403,1
bwapp,search,b48fecb06c91605e,403,1
bwapp,search,622ee7285f543111,403,1
bwapp,search,20ace1ee3bcc2aae,403,1
bwapp,search,e335a17ac86eab65,404,0
bwapp,search,08f1f913ba35a3ba,403,1
bwapp,search,16df26f55edf39f2,403,1
bwapp,search,5484970783df5d32,403,1
bwapp,search,387195541ee16398,403,1
bwapp,search,85b5a0563faa3d7b,403,1
bwapp,search,f53ddd684122deca,404,0
bwapp,search,20e5b942e6bd5b98,403,1
bwapp,search,2eea8abcb1227e24,403,1
bwapp,search,046ff45f2688c529,403,1
bwapp,search,f54285dbba661775,404,0
bwapp,search,06475f225edc63e5,403,1
bwapp,search,654cb027a22a62fb,403,1
bwapp,search,4a092f529cbc9bf8,403,1
bwapp,search,bcebf7ecf0b718ba,403,1
bwapp,search,b622b6f09f2c4189,403,1
bwapp,search,a8a8f2b836c25224,403,1
bwapp,search,9b6403ad4b24285f,403,1
bwapp,search,37dfe0858eef2d13,403,1
bwapp,search,f7ac2ac27fb48bc9,403,1
bwapp,search,d2f0e0ee6fd867e9,403,1
bwapp,search,a9e03e4001c9c7cf,403,1
bwapp,search,ec486bfb5c9578dc,403,1
bwapp,search,b6e1e80c2b1533e6,403,1
bwapp,search,c590f4ede51611e2,403,1
bwapp,search,a59b87b17dae4f3e,403,1
bwapp,search,d2599784f868dc48,403,1
bwapp,search,5835558dc927eb72,403,1
bwapp,search,74dee3b4924bfd24,403,1
bwapp,search,854973e2972b430b,403,1
bwapp,search,714bfa69922c93ae,404,0
bwapp,search,dcb1e8bae5f85ebb,403,1
bwapp,search,16eab1386aa05f62,404,0
bwapp,search,ca1a1f62ace744fa,403,1
bwapp,search,2da1f91faafdf414,404,0
bwapp,search,c4a5c6132cd18384,403,1
bwapp,search,36bbd935f7afa9f3,403,1
bwapp,search,e344c61a38a9e610,403,1
bwapp,search,a802298b4f3646e5,404,0
bwapp,search,ff478cda5c22825e,403,1
bwapp,search,87060ea257c310fc,403,1
bwapp,search,364791c97b5bde2f,403,1
bwapp,search,b58a6eafb905b304,403,1
bwapp,search,42ebb01880ea0b65,403,1
bwapp,search,3672de1bd1e66e53,404,0
bwapp,search,32519207eff2117d,403,1
bwapp,search,9f476e332251e07a,403,1
bwapp,search,b5776ecd85dbe9c3,403,1
bwapp,search,2c9dcb5fe3f8430c,403,1
bwapp,search,72358c432161ed73,403,1
bwapp,search,7c885f396194d4bd,403,1
bwapp,search,6f1c889a4a043644,403,1
bwapp,search,59db520bec02e70c,404,0
bwapp,search,ebeefa74dd4e66d0,403,1
bwapp,search,07232aa2bd9cb365,403,1
bwapp,search,efdae24036b28614,403,1
bwapp,search,938cfae145582965,403,1
bwapp,search,f45f19ea4b82ced5,403,1
bwapp,search,2683499bee14f1ee,403,1
bwapp,search,c3c5660f53806e30,403,1
bwapp,search,4165c279b2910e8d,403,1
bwapp,search,3c1e55181a53a2e8,403,1
bwapp,search,60e88c6c8236c644,403,1
bwapp,search,a70fbbd1ef0bd181,403,1
bwapp,search,e77ca988ffcdc8df,403,1
bwapp,search,128d79926fadc0d1,403,1
bwapp,search,3e607f195db5eb5d,403,1
bwapp,search,ae8c7a268ba41813,403,1
bwapp,search,cb6dd04f7376bc19,403,1
bwapp,search,75f41e884a0d1f93,403,1
bwapp,search,0e8822867bea535b,403,1
bwapp,search,a427618c0d9cb5b8,403,1
bwapp,search,e8de1cf43972d4ec,403,1
bwapp,search,3e99733f3e4b9d8d,403,1
bwapp,search,85e56501e5a941b5,403,1
bwapp,search,cb12095ec84ce062,403,1
bwapp,search,c561fbed5eb56e24,403,1
bwapp,search,829297a7fc846816,403,1
bwapp,search,8377042d693a85a8,403,1
bwapp,search,05e40ee26fc5081f,404,0
bwapp,search,9373453d2da51405,403,1
bwapp,search,40b8304d022cf339,403,1
bwapp,search,f36e507b13d2a38e,403,1
bwapp,search,a2da4b2b8abaf5a0,403,1
bwapp,search,6a39002c684b7d2f,403,1
bwapp,search,84ba7712dcc24d4e,403,1
bwapp,search,88f4c7e2d390a583,403,1
bwapp,search,07950b5dc3256279,403,1
bwapp,search,c5cc7cc0929884e1,403,1
bwapp,search,2a98cec5d2fa3069,403,1
bwapp,search,9809eabd9e22e78f,403,1
bwapp,search,03a8a3ed49151878,404,0
bwapp,search,3c00cd7e0ee7c821,403,1
bwapp,search,55e6e63b29fb7a9f,404,0
bwapp,search,08302b8efcffcc4d,403,1
bwapp,search,7b6326f846ccaa4b,403,1
bwapp,search,76051e2fd4f0c7e0,403,1
bwapp,search,52af73b983a79e09,403,1
bwapp,search,873d44be1116353c,403,1
bwapp,search,3f048f5764920a9a,403,1
bwapp,search,543df72337972198,403,1
bwapp,search,f3e2fb4a7f62ed98,404,0
bwapp,search,b05c3b87bd398a9c,403,1
bwapp,search,173fa6830e4857cb,403,1
bwapp,search,0cfefa3f7f3297e7,403,1
bwapp,search,1b88780843c528f5,403,1
bwapp,search,b897f2f01b095a11,403,1
bwapp,search,08a095b94677174f,403,1
bwapp,search,9efa83334ace3fca,403,1
bwapp,search,6a271adb2927521c,403,1
bwapp,search,def2d39fbdd9e60d,403,1
bwapp,search,d794555bb5818c6e,403,1
bwapp,search,d87f5fb14072a157,403,1
bwapp,search,89f9f586d8c7c5e5,403,1
bwapp,search,2f2dd38ccef785cb,403,1
bwapp,search,2bdf733ae9022ee8,403,1
bwapp,search,35dc1639ae829fc9,403,1
bwapp,search,821287bc81bdd2ce,403,1
bwapp,search,7b48c717ca9670ae,403,1
bwapp,search,94cd5fb5bef18e39,403,1
bwapp,search,199100a4ae223cb5,403,1
bwapp,search,1eae7c10fec6c0f5,403,1
bwapp,search,57eeda00f61d5305,403,1
bwapp,search,6541ce00f37b94c3,403,1
bwapp,search,66514d1093b729bb,403,1
bwapp,search,00f658803ddbd679,403,1
bwapp,search,b081e4aafada25e7,403,1
bwapp,search,c9217b2f481ba165,403,1
bwapp,search,21c46962dbafeb6c,403,1
bwapp,search,45a7ebef9c398954,403,1
bwapp,search,24963e748ebc4af9,403,1
bwapp,search,db9a2dc48485dd69,403,1
bwapp,search,1b0e2b77c28209af,403,1
bwapp,search,aac7a531a8c35bb7,403,1
bwapp,search,5d6458d6ea3eeaca,404,0
bwapp,search,447b3262d930bcc2,403,1
bwapp,search,f6a0584860386bb7,403,1
bwapp,search,365810541577c063,404,0
bwapp,search,161a6cd6a5050a6e,403,1
bwapp,search,c7923ff319ac0d8e,403,1
bwapp,search,3851a1116bd45ff4,403,1
bwapp,search,deea7089ef39e9e0,403,1
bwapp,search,e20ae61562730bf8,403,1
bwapp,search,8a953b01bdb9e01c,403,1
bwapp,search,f17eaf9c51142ebb,403,1
bwapp,search,cd3d10c7e3b05ed0,403,1
bwapp,search,3662372b3286073e,403,1
bwapp,search,e25d842f9159734c,403,1
bwapp,search,2ba2218acae178c7,403,1
bwapp,search,b9f11cc363bc69a6,403,1
bwapp,search,b586a815715f7b31,403,1
bwapp,search,2237a77818007b55,403,1
bwapp,search,3c4e56c01f77eb3f,403,1
bwapp,search,d32ff33798d47a70,403,1
bwapp,search,dad0b8cc7cb7efb6,403,1
bwapp,search,90a764ed150ca76b,403,1
bwapp,search,db73d0530299fcc8,403,1
bwapp,search,8862ee09207168e8,404,0
bwapp,search,54647c06c4f39783,403,1
bwapp,search,5a2b386a071bb615,403,1
bwapp,search,ce2a3fb3219c6e81,404,0
bwapp,search,1776b68de7529ace,403,1
bwapp,search,131da2e506a18eba,404,0
bwapp,search,bae50486d6d8d072,403,1
bwapp,search,d4ad7f23beed1514,403,1
bwapp,search,185a997ff9277c00,403,1
bwapp,search,25832f51c7f3a90d,403,1
bwapp,search,851949f8b5c14e3c,404,0
bwapp,search,36a6c169ad1ed330,404,0
bwapp,search,fed2342d695b68ea,403,1
bwapp,search,533a796113283f8a,403,1
bwapp,search,fa7aedd925771670,403,1
bwapp,search,caebbf9a7964540d,403,1
bwapp,search,6f4cc0ae1c785412,403,1
bwapp,search,3a6a467129548c32,403,1
bwapp,search,aa45f85f52285178,404,0
bwapp,search,3b25dd1a26058f9b,403,1
bwapp,search,b7a2048d89f1446d,403,1
bwapp,search,5283b7153736a241,403,1
bwapp,search,e525f5784e3cc9c5,403,1
bwapp,search,6d41f6df9306a9c2,403,1
bwapp,search,825bc24bf10480b8,403,1
bwapp,search,c25ee2f918786673,403,1
bwapp,search,35843c2d3397282d,403,1
bwapp,search,9b956eb1c362b681,403,1
bwapp,search,1ca405492e4aff73,404,0
bwapp,search,514239ee1d4da5ee,403,1
bwapp,search,d0be5eb1b9c2ed9d,403,1
bwapp,search,0c8d2619228dadef,403,1
bwapp,search,af55a198dbca31ac,403,1
bwapp,search,1797dc0e1d9d69fc,403,1
bwapp,search,170ea9144fdc74b4,403,1
bwapp,search,075062185b905887,403,1
bwapp,search,11dfb9a8b9abca64,403,1
bwapp,search,8348f87346fa270a,403,1
bwapp,search,29cb8c75b49458b5,403,1
bwapp,search,ef3e403757c3add1,403,1
bwapp,search,2fda076e5f6bd6a7,403,1
bwapp,search,596f24c91a53920f,404,0
bwapp,search,58ecccc269524738,403,1
bwapp,search,1e1b469a6f59a4b4,403,1
bwapp,search,75514c0d1704af91,403,1
bwapp,search,c2dfb5ce78e6cb65,403,1
bwapp,search,5e8a629ad7736ad3,403,1
bwapp,search,2989590f6c68e3f1,403,1
bwapp,search,352dd9d59bade4a8,403,1
bwapp,search,2a79f174244dc65c,403,1
bwapp,search,6922b8059f8db95f,403,1
bwapp,search,fa288433c9498994,403,1
bwapp,search,33d0cb89e17638fe,403,1
bwapp,search,acd2d81d9e89a915,403,1
bwapp,search,b5779de7bc0c64a3,404,0
bwapp,search,9463110cfb6d8e7b,403,1
bwapp,search,98ccc8f74eb0a4df,403,1
bwapp,search,ccd5c699cec0f351,403,1
bwapp,search,8135c3128ac7011e,403,1
bwapp,search,537cb9d36dccba72,403,1
bwapp,search,30d7414513a34327,403,1
bwapp,search,993c0bdcfae0c974,404,0
bwapp,search,6726c7b3dad74ebc,403,1
bwapp,search,3b6c8ce253c8506b,404,0
bwapp,search,9e6d48bdf0a99753,403,1
bwapp,search,2820da1adbf95093,403,1
bwapp,search,2efa01d7ac0b4602,403,1
bwapp,search,de4e6f143c5733de,403,1
bwapp,search,d416a66d73d72acc,403,1
bwapp,search,d0f4c34063d9beac,403,1
bwapp,search,c934c0c2fb407b8d,403,1
bwapp,search,c6d14fb6528bf1d5,403,1
bwapp,search,ad9d066849a423d6,403,1
bwapp,search,641aefb7d542a26b,403,1
bwapp,search,0d843422586d60d7,403,1
bwapp,search,6080cb46c1d52d3c,403,1
bwapp,search,767d28f2c0596973,403,1
bwapp,search,02875286f7d5c6f7,403,1
bwapp,search,da23fa11b9a92c2c,403,1
bwapp,search,111c283e5c6ec434,404,0
bwapp,search,18d92b27020967a0,403,1
bwapp,search,4a8ca8461b931dff,403,1
bwapp,search,af3c86b41d4fcc41,403,1
bwapp,search,3c3cbe18b4b8d383,403,1
bwapp,search,ec965b3318ee1578,403,1
bwapp,search,f68c1ebf671c44e2,404,0
bwapp,search,61e9c2ffb26e143c,403,1
bwapp,search,fe9114517c359f2b,403,1
bwapp,search,5ff4d7c7437072a8,403,1
bwapp,search,0495074d879013e9,403,1
bwapp,search,a7abe2c653d9e890,403,1
bwapp,search,ab22a066fe94a6f0,403,1
bwapp,search,15403623190079c7,403,1
bwapp,search,31205bfab2d056ef,403,1
bwapp,search,2283ff50567af61c,403,1
bwapp,search,ee08d13c3990971e,403,1
bwapp,search,753eb4ef357df6d1,403,1
bwapp,search,e6c8be7f27b8c875,404,0
bwapp,search,d6f332c3075ccc07,403,1
bwapp,search,fe0b3ddfe94d0fcd,404,0
bwapp,search,95349ccbc02f3f8e,404,0
bwapp,search,2ee09a20e234b2c0,403,1
bwapp,search,52a0da55e9562729,403,1
bwapp,search,ea5a8b79bf0997de,403,1
bwapp,search,d209aed7ec7c8a26,404,0
bwapp,search,040f656653057a5d,403,1
bwapp,search,1cbbacf4ce46f6f7,403,1
bwapp,search,52e574443cc1ff32,403,1
bwapp,search,cbe77663d7cfa8d5,403,1
bwapp,search,9dd67093fabf2dbd,403,1
bwapp,search,bbdfa30dd298e3ae,404,0
bwapp,search,c594d83c0dbdf3d2,403,1
bwapp,search,b7757ff9b2beaecf,403,1
bwapp,search,cb5b1b941adb4d5d,404,0
bwapp,search,6587e8710d1ce707,403,1
bwapp,search,de194419da97d039,403,1
bwapp,search,003d89224d996075,403,1
bwapp,search,2252baa0e3245c74,403,1
bwapp,search,632aec437b107012,403,1
bwapp,search,c8180dc383805829,403,1
bwapp,search,3e5786535fcd5044,404,0
bwapp,search,b7e9343dbedc676c,403,1
bwapp,search,c69d491b96f2ced3,403,1
bwapp,search,d3ffa08bad7d499f,403,1
bwapp,search,e030ab4292900395,403,1
bwapp,search,1f202f0aa0a9f76a,403,1
bwapp,search,4a47e0285747720c,404,0
bwapp,search,14b4936932a5f06a,403,1
bwapp,search,b658c04648644f11,403,1
bwapp,search,3ec275c75cd052b1,403,1
bwapp,search,28bc7b8488540c27,403,1
bwapp,search,1e8f8bc4bc729def,403,1
bwapp,search,5e6789160b75459a,403,1
bwapp,search,21109d56dfd164eb,403,1
bwapp,search,660465a0435331e7,403,1
bwapp,search,7b1153d79e13ebf3,403,1
bwapp,search,91773b05b36dca7a,403,1
bwapp,search,b83e98589812ddfa,403,1
bwapp,search,4e976832ccbdf933,403,1
bwapp,search,c0398bf37e1d7410,403,1
bwapp,search,4c4c884d0c6b0c1a,403,1
bwapp,search,adc586f3e7b74e13,403,1
bwapp,search,b976b94962a665e0,403,1
bwapp,search,0c199e999815c7de,403,1
bwapp,search,9c04385f3e84d473,403,1
bwapp,search,90f400dd93383ba7,403,1
bwapp,search,382999989b22fd55,403,1
bwapp,search,b4eaddd6486ea01d,403,1
bwapp,search,9e611c240b7f3c8c,403,1
bwapp,search,781125d9b7567427,403,1
bwapp,search,e79743ba3752a7b0,403,1
bwapp,search,f176a1314f64ccaa,403,1
bwapp,search,05e35ffa2814a1f6,403,1
bwapp,search,c917629765bff139,404,0
bwapp,search,d6bcdce33396f934,403,1
bwapp,search,f86ab765ce4216d5,403,1
bwapp,search,0d813b3dfd65ff47,403,1
bwapp,search,4802c1fc7da7972b,403,1
bwapp,search,d34ef4883d3180b6,404,0
bwapp,search,3be15f5136c293fe,403,1
bwapp,search,5ed250d1f65e6a5a,403,1
bwapp,search,347bf2bfebf468ed,403,1
bwapp,search,58882ca343669af3,404,0
bwapp,search,a9622eea46ea3dd6,403,1
bwapp,search,5d46d445ce1ae315,403,1
bwapp,search,280102bf3877713e,403,1
bwapp,search,2bcafd2637611f02,403,1
bwapp,search,f8beae54c9227487,403,1
bwapp,search,491a08b778112b7e,403,1
bwapp,search,2784396b28633642,403,1
bwapp,search,be8ec9895cd2e0a4,403,1
bwapp,search,f2ba9a4de50be5ad,403,1
bwapp,search,52a12854c574cf3f,403,1
bwapp,search,cc384497afdd9977,403,1
bwapp,search,daad5d2b6d44c18a,404,0
bwapp,search,dd84bcf4cde874f2,403,1
bwapp,search,3e4dea2959b4622e,404,0
bwapp,search,0a5230eecead4530,403,1
bwapp,search,e0367bdcf5bb4998,403,1
bwapp,search,92feb20c6a6ac330,403,1
bwapp,search,877dbfd772b65324,403,1
bwapp,search,ea35889559e2eb82,403,1
bwapp,search,19795b9056380798,403,1
bwapp,search,f4ebec7122d81033,403,1
bwapp,search,53612fd103efbbee,403,1
bwapp,search,a10694dba895f88d,403,1
bwapp,search,7ea0dc223ae90c1d,403,1
bwapp,search,c8430a2135586df5,404,0
bwapp,search,abaeb6798569d942,403,1
bwapp,search,4dc10255fe22fbbd,403,1
bwapp,search,ae859d55316ed8f9,403,1
bwapp,search,d7b090c8e559df9d,403,1
bwapp,search,0b96c0633fbc889a,403,1
bwapp,search,151f85758c155eb4,403,1
bwapp,search,c5c9483e074597d1,403,1
bwapp,search,3d1381f0ab188ae5,403,1
bwapp,search,5f848c892a10d098,404,0
bwapp,search,b4471d751266afc9,403,1
bwapp,search,b1f566150625f91c,403,1
bwapp,search,beb643e321e558fc,403,1
bwapp,search,532a50df9986ebb6,404,0
bwapp,search,657c8b1e41ce5aab,403,1
bwapp,search,0711f2076cc759f3,403,1
bwapp,search,561a1deaa725489f,403,1
bwapp,search,a58d13ab0247fbdd,403,1
bwapp,search,31cade83713e5a96,403,1
bwapp,search,dc9ffd980987f137,403,1
bwapp,search,274cc48be64e5715,404,0
bwapp,search,17a36ac6c638c946,403,1
bwapp,search,14e681b583a332ff,403,1
bwapp,search,a8ebf1a0293f3d61,403,1
bwapp,search,bf079e93cc89b85a,403,1
bwapp,search,873d9267e87201c2,403,1
bwapp,search,a46b5d67fc8e1a29,403,1
bwapp,search,af9c47091fbe98db,403,1
bwapp,search,fc8861de0bb4accb,403,1
bwapp,search,1cfe59401f250c13,403,1
bwapp,search,da911ef1805c64bb,403,1
bwapp,search,9c49be0edc819f9b,404,0
bwapp,search,5f73ea011914e038,403,1
bwapp,search,48e357b6a53bcbd0,403,1
bwapp,search,bc80c2c8fdf9a5bf,403,1
bwapp,search,114c47a9179800ac,403,1
bwapp,search,a90157d7cb94933c,403,1
bwapp,search,fb9a34158a6537bd,403,1
bwapp,search,104e0d07480749f1,404,0
bwapp,search,00b5166a7327bcc2,403,1
bwapp,search,11cd227bf1beacc9,403,1
bwapp,search,9a50b0121878d7c8,403,1
bwapp,search,16e032ffb721a8d0,403,1
bwapp,search,cdd447b07a8c2e7b,403,1
bwapp,search,e6f30748ec41f54d,403,1
bwapp,search,a2abfe8e0e6791b0,403,1
bwapp,search,e48c55bb9655b54d,403,1
bwapp,search,594b0c13e572174c,403,1
bwapp,search,6b5a9d98dbe8cdb3,403,1
bwapp,search,f31b9869c0197047,403,1
bwapp,search,9c692d9a16a25211,403,1
bwapp,search,65fbeba6b9332c41,403,1
bwapp,search,7711482e4dc06e20,403,1
bwapp,search,369e6affceaef458,404,0
bwapp,search,1dda861b6a148faa,403,1
bwapp,search,751f25ea0cd662e3,403,1
bwapp,search,6bf5c3364f089228,403,1
bwapp,search,3abfe9a92ff8b2df,403,1
bwapp,search,f456cfa356d5f472,403,1
bwapp,search,46d7c0c0980a2fc5,403,1
bwapp,search,3698a07b53fe85d7,403,1
bwapp,search,4bd2a7c86b950f01,403,1
bwapp,search,29655ba769be0368,403,1
bwapp,search,6b418a5291d35a1f,403,1
bwapp,search,5b3ae11fe85fdb0f,404,0
bwapp,search,dc6d90f9cde1cf47,403,1
bwapp,search,444669b648ea7fa9,403,1
bwapp,search,5c8ceb6777875a70,403,1
bwapp,search,4a9ea303efccaaa4,403,1
bwapp,search,e4433dd30224d43c,403,1
bwapp,search,94c26991d3b065fd,403,1
bwapp,search,98498fd2ab94f720,403,1
bwapp,search,d19c566c3bb447d3,403,1
bwapp,search,2ca087cb7676f528,403,1
bwapp,search,813f9c3cf5a6c993,403,1
bwapp,search,6228e47c3571007a,403,1
bwapp,search,fff507f635942b3f,404,0
bwapp,search,008f0756ab7774f5,404,0
bwapp,search,d6bef0f6c2ed092d,403,1
bwapp,search,72e5ade728e84f8f,403,1
bwapp,search,decee55409f1dfb2,403,1
bwapp,search,6ecb4f864fe7c455,403,1
bwapp,search,595036aa1faa0c9a,403,1
bwapp,search,be0f7633d0d90650,403,1
bwapp,search,ffd0303ee7304929,403,1
bwapp,search,ecd6f0d1d9ffa23e,403,1
bwapp,search,cb7bcf97a993de8b,403,1
bwapp,search,a21a1d76374c4591,403,1
bwapp,search,fc76d1751524e9ab,403,1
bwapp,search,f750ecbf3b35483b,403,1
bwapp,search,8965a537b84e6ba8,404,0
bwapp,search,e470ec8eb39983e0,403,1
bwapp,search,da26d3eb1e4ebd4d,403,1
bwapp,search,b392ca96e02d1826,403,1
bwapp,search,ed64b3329183c838,403,1
bwapp,search,f6437756eeceed4e,403,1
bwapp,search,616cb0bdf629489d,403,1
bwapp,search,ff4bec197afc0100,404,0
bwapp,search,3302df77e00ed0d7,403,1
bwapp,search,f52ca934d07cc54f,403,1
bwapp,search,bd2e466f724bef88,403,1
bwapp,search,dca53f321d556744,403,1
bwapp,search,3e9c94a7e41e970a,403,1
bwapp,search,32f5893483a310f6,403,1
bwapp,search,b607dd5b9b362861,403,1
bwapp,search,f6f25dd61e31b0eb,403,1
bwapp,search,99381c9f36cf0e34,403,1
bwapp,search,ac410bb14f077127,403,1
bwapp,search,13a59e0446fce073,404,0
bwapp,search,4eec0963b78c54ec,403,1
bwapp,search,fa69c0556f2c3f7f,404,0
bwapp,search,4617387f4163a1c9,403,1
bwapp,search,88e236591ac6684b,403,1
bwapp,search,363a6c05d13d0891,403,1
bwapp,search,76a4c77304cd345e,403,1
bwapp,search,0d5ba903c36e1be5,403,1
bwapp,search,20ec45228a18d6a0,403,1
bwapp,search,c641687f3bfa75d6,403,1
bwapp,search,c770fdff4163e076,404,0
bwapp,search,e8c4a68fdb94d29e,403,1
bwapp,search,e4bfbd2a4e62cb54,403,1
bwapp,search,356a5a7402240a3e,403,1
bwapp,search,2a5b7cb93f55056c,403,1
bwapp,search,a4958c8821a7e5a8,403,1
bwapp,search,08b5460798775d27,403,1
bwapp,search,7684a9daee6a90b6,403,1
bwapp,search,0e205c24c73825ea,403,1
bwapp,search,d84831a8fd2b2f63,403,1
bwapp,search,7b2b50464b399a49,403,1
bwapp,search,0d42d1202c759bc0,403,1
bwapp,search,a126fae2a2969d4e,404,0
bwapp,search,2346b1e1238a90b6,403,1
bwapp,search,662e5ea4a3d75ccb,403,1
bwapp,search,c294b370119d242d,404,0
bwapp,search,f3c0f47cfd257453,403,1
bwapp,search,d101adb88ae8c410,404,0
bwapp,search,b69d2a5596f4ddef,403,1
bwapp,search,29ed3f3318282cca,404,0
bwapp,search,639e7e29138df03f,403,1
juice,login,551e06dfebae2bc9,403,1
juice,login,56c3165f28e55f82,404,0
juice,login,1ed2e26a7237e41e,403,1
juice,login,ded88312184d5523,403,1
juice,login,494b0faf79772317,403,1
juice,login,105b987c7c4ce097,404,0
juice,login,f8bcab0a1639dbbf,403,1
juice,login,0927a1bb4f981e02,403,1
juice,login,dc9f7d6a249f1ceb,403,1
juice,login,9cd0073749588151,403,1
juice,login,c8b93bf3b5b0d33a,404,0
juice,login,949557ecbc066996,404,0
juice,login,b16e64152c1e8f70,404,0
juice,login,a4eef5115262110d,403,1
juice,login,3f1db36253b85894,404,0
juice,login,e0a22109ca7ae1f6,403,1
juice,login,323a36d3382ff8a9,403,1
juice,login,9d6ca6dac3364898,403,1
juice,login,d61df6244712b2cc,403,1
juice,login,3a6990045e91652a,404,0
juice,login,f467e109264e6afa,404,0
juice,login,2028688e2405c09f,403,1
juice,login,3532def6439ce537,403,1
juice,login,8e0ed00c40dbda40,404,0
juice,login,6934c4d073a3b0e4,403,1
juice,login,2dbc1b37d2ab6591,403,1
juice,login,63b1388f23c13f5b,403,1
juice,login,bd1efe7f822da18d,403,1
juice,login,2a1cca11baf4b838,404,0
juice,login,e17a74c80a315292,404,0
juice,login,fc3458b2fb2f2be3,403,1
juice,login,fa2e561d5de74ff5,403,1
juice,login,38ad7c590ebbc23b,404,0
juice,login,383274e7387571b2,403,1
juice,login,185bda6c99b9f18e,403,1
juice,login,1e015ec88d39cba5,403,1
juice,login,364188fd6888929d,403,1
juice,login,58045b65e4ca7e6b,403,1
juice,login,a319d19578d806fa,404,0
juice,login,2300bc9e7596d0eb,403,1
juice,login,e02a967d80c05b0c,404,0
juice,login,e6cd180618e71312,404,0
juice,login,e996f338407b27c5,403,1
juice,login,357295a7fd0d1768,404,0
juice,login,fbb3535e374b11a3,403,1
juice,login,57e3c179544faf42,403,1
juice,login,b3ab61aef8e6a153,404,0
juice,login,510ac486f9f8a571,404,0
juice,login,f283fb997bcbb519,403,1
juice,login,fd041277a707dfdc,403,1
juice,login,5803bcd649ebac6c,403,1
juice,login,fcaf83956822c1b3,403,1
juice,login,5ac8768a66afcdf8,403,1
juice,login,85105cc76562caa7,404,0
juice,login,01bb1d84c0143fad,404,0
juice,login,a7fbe3324dd9d5a9,403,1
juice,login,ddf774f4e77e674b,404,0
juice,login,6736c6cc0e8d06f9,403,1
juice,login,99e300795a5da2c3,404,0
juice,login,0a962ab7f384120f,404,0
juice,login,89d5a3efeec96bf6,403,1
juice,login,07b0910ff1122b06,403,1
juice,login,dd96579a5cddbb4e,403,1
juice,login,0011f31d88f52b73,403,1
juice,login,acb75c1fc0e9281c,403,1
juice,login,baa2dcc61a92180f,403,1
juice,login,0d3f1c19838fbef2,404,0
juice,login,99133e98f8fb4e67,403,1
juice,login,46f2abc1a7381f80,404,0
juice,login,c8750b9a6655c7d2,403,1
juice,login,03985980c5c1fd0a,403,1
juice,login,498f979d53076ccb,403,1
juice,login,576c9b785c522ead,403,1
juice,login,7f7b6544e0fe76f9,403,1
juice,login,0eb439f70682697f,403,1
juice,login,e55515c3f56d0578,403,1
juice,login,44850897ba99ecc2,403,1
juice,login,d297c477245f3100,404,0
juice,login,d122adb4a8960be9,403,1
juice,login,3f5d504ede78d464,403,1
juice,login,23e6259c47d9c993,403,1
juice,login,a7d093f4b1f8547d,403,1
juice,login,70626d2eecb6c1b9,403,1
juice,login,83b57464f19b2dc5,403,1
juice,login,4ed32d00865e5364,403,1
juice,login,87700ee39f9c03ef,404,0
juice,login,af876ed765265787,403,1
juice,login,5600809497b0b787,404,0
juice,login,18d2e5a9d69b7137,403,1
juice,login,627924f436650e98,404,0
juice,login,4e7aaaf1f52ac49d,403,1
juice,login,bfddd13be02552d3,404,0
juice,login,6e8ac1582e47a090,403,1
juice,login,e94ed89e0ec159b1,403,1
juice,login,5c36f079b9592c76,403,1
juice,login,ffa1e8403b5fa23b,403,1
juice,login,75f748d0754ea53a,403,1
juice,login,c10d5f690aa235b5,404,0
juice,login,6efb3c9f2df4f618,403,1
juice,login,5e5eaac7054abc3c,403,1
juice,login,f4f65da4b6766deb,403,1
juice,login,996adf2c25d11c5f,403,1
juice,login,d3dabe065dfe0e7e,403,1
juice,login,0bc884cb0682732b,403,1
juice,login,e92b03a6c97be305,403,1
juice,login,f2c025e2f425051b,403,1
juice,login,d98c2417b7280491,403,1
juice,login,a608a0e35e539bad,403,1
juice,login,5e547e27f3f25300,404,0
juice,login,e47b75a6662b05f3,403,1
juice,login,81e4eb85f56709a9,404,0
juice,login,dc4a7ebb27783eaf,403,1
juice,login,dd70101bfe07eba4,403,1
juice,login,5bcb54c388bd1b79,403,1
juice,login,6b507eb07ae32c06,403,1
juice,login,ff7e5df4becc79af,403,1
juice,login,3d46caf49e2a35ec,403,1
juice,login,53cd5c4ad7cfe368,403,1
juice,login,601acb5965974ef7,403,1
juice,login,11a4edab17060c32,404,0
juice,login,6571f6baad0f5342,403,1
juice,login,940c2383f4413299,403,1
juice,login,4c2278d18d40cfff,404,0
juice,login,7863c2565b03ee08,404,0
juice,login,6fe42e17431149f9,403,1
juice,login,d005023e91360c34,403,1
juice,login,032288bdb0725b22,404,0
juice,login,8888316b676224a3,403,1
juice,login,5022b7fceefdbb88,403,1
juice,login,407144fd41777407,403,1
juice,login,cbd7d3c27a84c93f,403,1
juice,login,4c0478e7f3745a8f,403,1
juice,login,a9ea10322ea685e7,403,1
juice,login,33e29f7f17e2f69a,403,1
juice,login,d795845aabf4beea,403,1
juice,login,cb6291649680e567,403,1
juice,login,65e8284bcb96f8ee,403,1
juice,login,991ad7bc087182ca,403,1
juice,login,1f8b6d4e0260ad35,404,0
juice,login,48e282983867b89a,403,1
juice,login,903ade2a31806c9a,403,1
juice,login,8dbf1f4812e6f228,403,1
juice,login,17b72ddbbcd042da,403,1
juice,login,31799c48928acba7,403,1
juice,login,4c3574eb91c11875,403,1
juice,login,57b86084b02a6f21,403,1
juice,login,ea687bc4a4cee94c,403,1
juice,login,eaa2bb06d46d0262,403,1
juice,login,763f1cc8aabfa254,403,1
juice,login,9779b55122507781,404,0
juice,login,02eeb38bf34492c3,403,1
juice,login,7f6335c904b1e052,403,1
juice,login,36e26001351c7dd7,403,1
juice,login,f9134beb5fa25085,403,1
juice,login,63fe8c0815a842fa,403,1
juice,login,78671af102b6ca9c,403,1
juice,login,2e400aa0f7290808,403,1
juice,login,94d3e73813d97494,403,1
juice,login,d1eccfde94b9709c,403,1
juice,login,4d13fe25df6b0d89,403,1
juice,login,9964f624829dc510,404,0
juice,login,3d83d2190898866c,403,1
juice,login,eeb070ce890845c8,404,0
juice,login,d070b9479f15d144,403,1
juice,login,e7f622aea07472f2,404,0
juice,login,35d86a5ffd6737b0,403,1
juice,login,87f1f31d6886196c,403,1
juice,login,d844b4ebf6bd7a63,404,0
juice,login,ab476904e4a6d10d,403,1
juice,login,041661566fcbad30,403,1
juice,login,e2379dcf46ca1665,404,0
juice,login,e223a2e5127df31e,404,0
juice,login,4b59cd63e5ae8047,403,1
juice,login,0d5f01dc4d007108,403,1
juice,login,c71f0506c4fae9c6,403,1
juice,login,d0e389392914447b,403,1
juice,login,f9c793064d75e03b,403,1
juice,login,184723ce4dc16358,403,1
juice,login,5050199025282031,403,1
juice,login,833a96ee34064a5f,404,0
juice,login,f8b5f83753585a14,404,0
juice,login,ac11ca3e8ad9f79b,403,1
juice,login,255808692cb402ad,403,1
juice,login,01a7cc1a43b3b676,403,1
juice,login,919dbe3fa7dc9b8c,403,1
juice,login,40e494f4f96104d1,403,1
juice,login,a88595ed44decbda,403,1
juice,login,720f6034fc1cfdbb,403,1
juice,login,e9f60223e9b4837f,404,0
juice,login,1714b1c445b67105,404,0
juice,login,091234b3607bdbf6,403,1
juice,login,550a0e412878015b,403,1
juice,login,ac044aae127c9313,404,0
juice,login,8f3375dcb41fe458,404,0
juice,login,5667cb1566625bcf,403,1
juice,login,06bc8338fc8da20e,403,1
juice,login,c501e95c138884df,404,0
juice,login,6ff8508beaa04866,403,1
juice,login,4f5c409368c5e7b3,403,1
juice,login,375c2ef821fa15da,403,1
juice,login,44a38ea03654caa0,403,1
juice,login,aa9850b2c80dcde0,403,1
juice,login,a349301b1b758e91,404,0
juice,login,6f5b6efacc89cd87,403,1
juice,login,4a25f59841733feb,404,0
juice,login,7a54c21118ca83f9,403,1
juice,login,d9ebdbf4d96cb0a3,404,0
juice,login,836b78eee3b4f36c,403,1
juice,login,b676b01219066d8b,404,0
juice,login,160f605cc3692fb0,403,1
juice,login,6fa0535b4b319e2f,404,0
juice,login,5e2d70f2fd32183f,404,0
juice,login,e4de13cb6a75635b,404,0
juice,login,ceb687810884b11a,403,1
juice,login,2ebf8c078cfe34cd,404,0
juice,login,352a1259354b313e,403,1
juice,login,843b9e9b2e5b7a0b,403,1
juice,login,1c5a177ccf6af810,404,0
juice,login,5c3df3d141fba78b,403,1
juice,login,9cd6df46c8f8cb92,403,1
juice,login,11fe8765da93f193,404,0
juice,login,d23b39b4e618c9e8,403,1
juice,login,4c1e5975261a854b,403,1
juice,login,a894839f60219be5,403,1
juice,login,8998dd041c66f392,403,1
juice,login,388fe3e1c66a2f37,403,1
juice,login,67db60a8e4de62d7,403,1
juice,login,880218440263e827,404,0
juice,login,bc8be1bf8ac343a1,403,1
juice,login,71753c8b502c776a,403,1
juice,login,c75b68958f4f03b8,403,1
juice,login,c9d43cae1083904f,404,0
juice,login,ec6615b4863050ec,403,1
juice,login,848363af794bda91,403,1
juice,login,32a6cf5cb6e612b1,403,1
juice,login,984dc54359513577,403,1
juice,login,34ae23b18df5d475,403,1
juice,login,5b9b5bdf4ef76af7,403,1
juice,login,c6cf2c61fa616bb6,403,1
juice,login,624938d674e0d5b6,404,0
juice,login,b10f20f4daff4735,403,1
juice,login,21d4963189566eb8,403,1
juice,login,261af584638b2c72,404,0
juice,login,afcc5d0dfeb8159b,403,1
juice,login,94c581c9559ff35f,403,1
juice,login,ee6c6c87d98cac83,404,0
juice,login,d4e7fac874a43083,404,0
juice,login,559d1bbd0f8a22f6,404,0
juice,login,6a22574fccec1d31,403,1
juice,login,be9a0b83dd96535a,403,1
juice,login,c00e64261afb726d,403,1
juice,login,03f8faf4dd6a5665,403,1
juice,login,dfa2e7c7f40353eb,404,0
juice,login,b7beab24657ea822,404,0
juice,login,b643cf47113fbe02,403,1
juice,login,9a881966afbf712f,403,1
juice,login,9999eba380dbaf85,404,0
juice,login,77da013b46a91b7e,403,1
juice,login,2189e86ed70df375,403,1
juice,login,045b7521752e54d7,404,0
juice,login,442856b332ad5fd7,403,1
juice,login,7b4496132d7d3f58,404,0
juice,login,3f0e58d81c8fe8de,403,1
juice,login,4d0751ffd9582732,403,1
juice,login,758b8a302b4fdb51,403,1
juice,login,9aa573e3e7d727b1,403,1
juice,login,af9ff9cc29a66026,404,0
juice,login,fb4c9281f32487d0,403,1
juice,login,17f0a284ab71efe2,403,1
juice,login,3da0743fac7ae8ef,403,1
juice,login,26209b89c315c576,403,1
juice,login,e4c0a10ca2aff83f,403,1
juice,login,be09bcc97d21007e,404,0
juice,login,d854b4959680caeb,403,1
juice,login,212875be1d839789,403,1
juice,login,bab45dfbb5312cf9,404,0
juice,login,19e765e8f12f6bbc,403,1
juice,login,a67b5cd3b141d93e,403,1
juice,login,2f72a37c4461e902,403,1
juice,login,9ee17ed49aa0a2cb,403,1
juice,login,3458cabec9da35fc,403,1
juice,login,1e83a9b3a8506277,403,1
juice,login,c4bf7350dbae908d,404,0
juice,login,1862ef8ec9cb6583,404,0
juice,login,85fc651e23aa83ae,403,1
juice,login,2dd3cf97db242d11,403,1
juice,login,accecc0e7e712d6c,403,1
juice,login,676785e171207ad6,403,1
juice,login,19ce7fb4fc0771bf,404,0
juice,login,48ff683a80065298,404,0
juice,login,5a9e9e85f2f1dbb0,404,0
juice,login,2c6c35338360600a,403,1
juice,login,9bc4f0c5d0a64065,403,1
juice,login,28433bba2e913993,403,1
juice,login,de1c495500f6ba6a,403,1
juice,login,b5dc00e07bb326c2,404,0
juice,login,53ed169100fb37c6,403,1
juice,login,610026f714c7570c,403,1
juice,login,a66e691c319a06ee,403,1
juice,login,8f860af907b993bc,403,1
juice,login,4e962bff05e7474a,403,1
juice,login,36b933b069fd6b8c,404,0
juice,login,c26ac32a44daa571,404,0
juice,login,ece65abcd9474f7e,403,1
juice,login,0b8e79475bc8aac6,404,0
juice,login,40706f5f31e40032,403,1
juice,login,8484768049ae530f,404,0
juice,login,50a890a16030b4f5,403,1
juice,login,ef5336d87f1f0964,404,0
juice,login,896f37f1ed0304e6,404,0
juice,login,1f193399bc8cf964,403,1
juice,login,fc9ea781092e72fe,404,0
juice,login,76f549eaab19d027,403,1
juice,login,42a5a12f621deb04,404,0
juice,login,2329ea1ae07349bf,404,0
juice,login,30f2d708afd5e042,403,1
juice,login,dedad2e90cccc1cd,404,0
juice,login,5c5b27d958d11fe5,403,1
juice,login,93003244232a67b9,403,1
juice,login,6adcce5cb8f2abca,404,0
juice,login,9cdc34ddc5710da1,403,1
juice,login,e46140672e51722d,404,0
juice,login,6af8a4766b5ff019,403,1
juice,login,fba7c5f393e6dbf9,403,1
juice,login,07108761f3730bdd,403,1
juice,login,6e8fec76f806e319,403,1
juice,login,b8839d2cdcce459c,403,1
juice,login,6f0ce2e273202777,404,0
juice,login,3f1e1cc6e94ab43b,404,0
juice,login,241e4ea251c6329a,403,1
juice,login,54873c57836eb5d0,403,1
juice,login,e4665bde389e825b,403,1
juice,login,a72bff2850a9e14d,404,0
juice,login,0f10b88972df57ae,403,1
juice,login,6f5ee56b05fc101b,403,1
juice,login,180a8acd67a0e535,403,1
juice,login,450618d300277bfe,403,1
juice,login,7ceb5190fbda672c,403,1
juice,login,3bdc2d5b92978c17,404,0
juice,login,e26ef0fd20a7fec4,404,0
juice,login,2d782687ea2fe7d2,403,1
juice,login,ab58e165c688b423,403,1
juice,login,e59e57bd54350d24,403,1
juice,login,fe037296da5d2aae,403,1
juice,login,81031bb70505b0a6,403,1
juice,login,9f19230b3477c244,403,1
juice,login,5ba9ab6388e23de7,403,1
juice,login,fda237d1ebac188b,403,1
juice,login,c9e0d5eee5a301ad,404,0
juice,login,79e39e2edd3e23e0,403,1
juice,login,57e80050bdc1b6f2,403,1
juice,login,89a5947e9187a659,403,1
juice,login,f2d6ac5131995476,404,0
juice,login,69aee29078720132,403,1
juice,login,4448e92dcefe927f,404,0
juice,login,6c3854d607a4f822,403,1
juice,login,35294ae10265ad2c,403,1
juice,login,059618d4e2e047df,403,1
juice,login,d2137351de51fb49,403,1
juice,login,ec7bb5fc238b7a1b,403,1
juice,login,a9821d852906686d,403,1
juice,login,863cf5ec8c1c4789,403,1
juice,login,3db24a2b19181e80,403,1
juice,login,a38c5c7f7a685024,403,1
juice,login,143a83cdefb8b5ea,403,1
juice,login,12d7a3e2cf93ac52,404,0
juice,login,6aeb89611b704161,403,1
juice,login,2914e980c165afd4,404,0
juice,login,ec1b4b15361fda10,403,1
juice,login,6bf6f91ddac75686,404,0
juice,login,df61fd3a4ebf52f1,403,1
juice,login,c6c4e39033be35fb,404,0
juice,login,6c3c42bc2cdb169c,403,1
juice,login,b11ff137a2930c99,404,0
juice,login,091a5301d8a8ecab,403,1
juice,login,b31d57b80724e2da,404,0
juice,login,cea2bb6ca31865b3,404,0
juice,login,64af1883115166b6,404,0
juice,login,844b0b383b455c85,403,1
juice,login,4ff6358d5c9435ae,404,0
juice,login,b61150b8c11f154c,403,1
juice,login,cf23b850fdb064d2,404,0
juice,login,a6cf51c7e29120ad,403,1
juice,login,cdd29f44277d2378,403,1
juice,login,c78eef1c03d2e0f7,403,1
juice,login,db90d9bac0c5bd72,404,0
juice,login,18f7ab74a76a85ae,403,1
juice,login,1483c2365b95e552,404,0
juice,login,f6552450e9c6dff7,404,0
juice,login,45ccd58ec4697194,403,1
juice,login,8d5fe05a5edbb549,403,1
juice,login,7f09347dcba8a336,403,1
juice,login,d140d5b3141d3c72,403,1
juice,login,897195437675a5ed,403,1
juice,login,1dc3306ff5cdb8c4,403,1
juice,login,5ad12c6f02f10257,403,1
juice,login,f78e7c7ef6ddcb64,403,1
juice,login,38ff9b48b2fa9f4a,404,0
juice,login,8f3eb6e772cc4758,404,0
juice,login,2faa6ed351d8fa1b,403,1
juice,login,38c9bf10bf9848ae,403,1
juice,login,90e9a7d19568ab87,403,1
juice,login,8530a40be93dc63c,404,0
juice,login,8087e3d682fcd82b,403,1
juice,login,c2381ad17dc909b1,403,1
juice,login,0d66bdfe9acaf3b2,404,0
juice,login,ef4fa152abb9dfbf,404,0
juice,login,c8d5df5b061fd41f,403,1
juice,login,962dc2d3731d6736,403,1
juice,login,e351fab5529e2b54,404,0
juice,login,8ae6ce9832569b07,404,0
juice,login,32882838ae544181,403,1
juice,login,41a01b1d6040fc63,403,1
juice,login,85449cd7b02d3c47,404,0
juice,login,a56eb6aa7d28e547,404,0
juice,login,0c62cbace04d7b6c,403,1
juice,login,b5b4e49b947df560,403,1
juice,login,01d0efac64bb41b1,403,1
juice,login,b930e4540c8a15fd,403,1
juice,login,6bb0f5760572d4ad,403,1
juice,login,dfbbe13d6cb8f7b9,404,0
juice,login,97321397f6eed581,403,1
juice,login,a90f5bded0f44606,403,1
juice,login,088756008be4cd51,403,1
juice,login,81b7125ed79e3aaf,403,1
juice,login,ca36f93561cc1dbc,403,1
juice,login,e8af26a5a72f8a2c,403,1
juice,login,8c7801ef38c7cde9,403,1
juice,login,1c8b88a40e44dfa4,404,0
juice,login,a2536e02f33ee6af,403,1
juice,login,600eff701beadbeb,404,0
juice,login,c494415d0222d94a,403,1
juice,login,a20f9d7c00806a6a,403,1
juice,login,55d4e4f2e7ac7494,403,1
juice,login,576fcb33c4f0226e,403,1
juice,login,7899c4fd1f3c3d91,404,0
juice,login,71e8d1d69282a1f5,403,1
juice,login,4fd42121d239c55a,403,1
juice,login,a2e1704987a86ade,403,1
juice,login,d67d051d2baaab32,403,1
juice,login,1e02855c5c6ca906,403,1
juice,login,d484fa49d1fa1f1b,403,1
juice,login,b61854e8a9e47581,403,1
juice,login,d33c2d14461c097a,403,1
juice,login,7626b8b9c959f98f,403,1
juice,login,863b8201b5731e79,403,1
juice,login,c39426b154cb20b9,403,1
juice,login,5a43b58f040669f1,403,1
juice,login,0aefa2b6cc5aab1f,403,1
juice,login,1827783411ceb2e0,403,1
juice,login,2eee446c757fe141,403,1
juice,login,9347eb7a8c48dbb9,404,0
juice,login,1396a06e8fe7e5b9,403,1
juice,login,3225bf6544b547fd,404,0
juice,login,210d4223c51c7ad9,403,1
juice,login,7a389e7e805a6a54,403,1
juice,login,2ae98e64de84daac,403,1
juice,login,717b335b396953db,404,0
juice,login,085a0c25c21f4201,403,1
juice,login,7e59063b27cea0c2,403,1
juice,login,b42025c99e88e977,403,1
juice,login,be3b78e68598d889,403,1
juice,login,8591d53b0bd0f648,403,1
juice,login,4e300ed1892f4fd2,404,0
juice,login,eff1de6abd133398,403,1
juice,login,e25b8344833186bf,403,1
juice,login,abe46d0399d942a5,403,1
juice,login,da2912cff9c31236,404,0
juice,login,5ea29dd9b7a3c756,403,1
juice,login,0876df17a1aed6ca,403,1
juice,login,854b0d4c8ae4db4b,403,1
juice,login,801df5bf631168eb,403,1
juice,login,670345cd4dab3a51,404,0
juice,login,63ec72ac2d5a9304,404,0
juice,login,054586c3d9da0976,404,0
juice,login,4cf13c06e24436b5,403,1
juice,login,ecbee13cf7f7bace,404,0
juice,login,6070dfc37c9ccf15,404,0
juice,login,378f27c6d7ec59e5,403,1
juice,login,eac37a673151eb24,403,1
juice,login,1554fb20acb1f3db,403,1
juice,login,7e7fe2920fbcb6f0,404,0
juice,login,b4aa3ddbf51d4874,403,1
juice,login,e1e164b1d112f1aa,403,1
juice,login,d58191e513c55217,403,1
juice,login,b78d955f5db23e04,403,1
juice,login,d92a6e10b6e5b738,403,1
juice,login,8714ed854982d971,404,0
juice,login,800c901e9ff82d97,403,1
juice,login,0e500629a7caec71,404,0
juice,login,d5526eb87c0fc3e0,403,1
juice,login,fdf16a6a5e41e3e1,403,1
juice,login,6e0d7bf805e1053d,404,0
juice,login,db5789c0d6dcded9,404,0
juice,login,4f3177db1510772f,403,1
juice,login,1271a4dafe2e3621,404,0
juice,login,211d3bcad7fb6fdf,403,1
juice,login,95cb83883d0048fb,403,1
juice,login,e227e6d6c556d506,404,0
juice,login,af8d3e1fb06b6240,404,0
juice,login,57f16019122c3e95,403,1
juice,login,f0f0213d1e12a41b,403,1
juice,login,2ee8433d7f93d566,403,1
juice,login,073a71380e1893b3,403,1
juice,login,a87aad2b098ff984,403,1
juice,login,dee1b4f7aaae221d,403,1
juice,login,c827e5a3577094ad,403,1
juice,login,333adc9750823334,403,1
juice,login,aa81fb9f49ed5938,404,0
juice,login,5fc5f7157bec8e0e,403,1
juice,login,6ca573a3c55ee6d9,403,1
juice,login,07c185e1a1043fd1,403,1
juice,login,e4e75c4f6179d9b0,403,1
juice,login,02121e054f111342,403,1
juice,login,7a070c10fb3d40d6,403,1
juice,login,c88ef162f9c2de4b,403,1
juice,login,425d4ebce66f8d34,403,1
juice,login,89b50d548d51f819,403,1
juice,login,99fded0658ed5685,403,1
juice,login,92b6313437383327,403,1
juice,login,0b1d53706e56276b,403,1
juice,login,560b473646c7669d,403,1
juice,login,7dcbfc7fec66c462,404,0
juice,login,39a32d7a48ebdbfe,403,1
juice,login,2854980eabed7eb5,404,0
juice,login,0c20b3a53a272f92,403,1
juice,login,62b0c47d6e3ab1f6,404,0
juice,login,76156ff5e2d37c23,403,1
juice,login,3554b34251cf7600,403,1
juice,login,068c294ead6cdbdd,404,0
juice,login,7ae73b2f939530fd,403,1
juice,login,d162643115fec7b0,403,1
juice,login,7220fe2a5f03162e,404,0
juice,login,912d246b90e92c8f,403,1
juice,login,3d61cf0dc1d8073f,403,1
juice,login,4edf79601d223cd4,403,1
juice,login,7a79122a383f3dd0,404,0
juice,login,d3c0864de234b726,404,0
juice,login,3ced0aaf922979cf,403,1
juice,login,226667ef9df6218d,403,1
juice,login,dce28700011db5d0,404,0
juice,login,3421d093658a1dc9,404,0
juice,login,9549e7b5e3580bf4,404,0
juice,login,89c23dd5458bd02f,403,1
juice,login,67e31aab271d44a4,403,1
juice,login,02d7eb554eb98958,404,0
juice,login,7a564a564ecd5507,403,1
juice,login,7af0333203f0a033,403,1
juice,login,6be18926f6e2cf10,403,1
juice,login,db9a87542674d447,403,1
juice,login,db76874f9c667417,403,1
juice,login,c6f3fd93b03cb695,403,1
juice,login,5ffd577b5d45cef8,404,0
juice,login,344cbeb385e66fce,403,1
juice,login,2ae9ec0bafb9617a,403,1
juice,login,e97956ae936dadb4,403,1
juice,login,8cd071ceb5374e72,403,1
juice,login,c2cdfec011088a29,404,0
juice,login,182cd329fc1b4847,404,0
juice,login,02d50325d253c93d,403,1
juice,login,79f93d6629a0b33d,404,0
juice,login,1293171b12d00069,404,0
juice,login,9433a18ff067a311,403,1
juice,login,c803fe6ec3f9a3c2,403,1
juice,login,49e4045b680c6ad6,403,1
juice,login,4f0a0f2e671e00cc,403,1
juice,login,c7ee0379e4ed146e,404,0
juice,login,11a62f33c9f0ba67,404,0
juice,login,af0e99eb494a31b6,404,0
juice,login,05334e1177f87960,403,1
juice,login,62a91eb7f973a837,403,1
juice,login,7562d51273760aa7,403,1
juice,login,4c98e794d5b760e3,403,1
juice,login,3ccd6799e5013311,403,1
juice,login,0d5020e26d36ed80,403,1
juice,login,c779f20548e95a3e,403,1
juice,login,1828b2ea31fe3274,403,1
juice,login,3cc8e759296fa3c5,403,1
juice,login,86c4519fcee9ed11,403,1
juice,login,0a4b1da06d3b0dca,403,1
juice,login,8596a7ef4e3f2825,404,0
juice,login,4f76554171dd9783,403,1
juice,login,d11594ee0fa66223,403,1
juice,login,b93526afa4060bde,403,1
juice,login,891e17d355f187d7,403,1
juice,login,a3ca755c46b6d068,403,1
juice,login,0aacc02fdb26a8ae,404,0
juice,login,ff7290fad2628f50,403,1
juice,login,245bcea531dfb4b7,403,1
juice,login,3c7e05870c17f54f,404,0
juice,login,4575ca8d48720d15,403,1
juice,login,a28d9b2d636ea90c,404,0
juice,login,7881f092b93b5dce,403,1
juice,login,efc782db29a8e2cd,403,1
juice,login,f0d5000b9bfab45e,404,0
juice,login,3f3cd2d531befb56,403,1
juice,login,4805543b91ca4cf5,403,1
juice,login,87dafefad0756e97,403,1
juice,login,eca999c571472beb,403,1
juice,login,e8e853dbeeb15f55,403,1
juice,login,5330ad2d65b54667,403,1
juice,login,8bd77bd5eb7294fc,403,1
juice,login,b1bbbc7b9cc745c0,403,1
juice,login,ec13d6776b21c92e,403,1
juice,login,d6f3a6fb15598c53,403,1
juice,login,f1b08d9e17887594,404,0
juice,login,6165154cb98f5903,403,1
juice,login,40559bd0b43bd7de,404,0
juice,login,7ccb7df05e72dce8,403,1
juice,login,7620792d11def964,404,0
juice,login,7439ba0ed4fa8ba6,403,1
juice,login,4d148874d3d5732b,403,1
juice,login,24dc0fe0a86dff44,403,1
juice,login,2a3962e4f9ca0706,403,1
juice,login,6342bc77995eefbd,404,0
juice,login,3334d4f8da671e38,404,0
juice,login,08457d81331fc884,403,1
juice,login,1726bc02e1df8398,403,1
juice,login,254588b5c3baa0df,403,1
juice,login,e9dbd28e7e9d3668,403,1
juice,login,22a650b629c62260,403,1
juice,login,a273123230ac94cf,404,0
juice,login,6413d83f74586f6e,403,1
juice,login,6db1423e642f2ec5,404,0
juice,login,d8eef602c01009ac,403,1
juice,login,1605bded8517afa4,403,1
juice,login,850bbb98c2001281,403,1
juice,login,63948ddbbec4450f,403,1
juice,login,a30279052292b7f0,404,0
juice,login,38de597fc44b26a9,404,0
juice,login,fdca83e001ba17c8,403,1
juice,login,a85d1a88777d9976,403,1
juice,login,3298bdc910f9e0e7,403,1
juice,login,233ce2996e0d3b21,403,1
juice,login,e9c1bab427b376e7,403,1
juice,login,88bd525a6161fbd7,403,1
juice,login,c4bc4478b7c21385,403,1
juice,login,3a913e5ebaee6f4b,403,1
juice,login,b226cbb7edbfbf53,404,0
juice,login,4787957b748178c0,403,1
juice,login,9de1b1bbca47e535,404,0
juice,login,42432d4b89631c53,404,0
juice,login,999cee1b90aa020e,403,1
juice,login,d8f6d350c12c5088,403,1
juice,login,550525c3e586f109,403,1
juice,login,437b6f505285d777,403,1
juice,login,ac59cb64ede33ef7,403,1
juice,login,d65d2e1261dc3761,403,1
juice,login,3492aeeea827899c,404,0
juice,login,624772ab8b1ee4a1,403,1
juice,login,f7b5f8b305f27702,403,1
juice,login,1a6f2db5828d9c9f,403,1
juice,login,3c3797f75484cc34,403,1
juice,login,bb813f7d46786e6f,404,0
juice,login,6a7e6e098727c48b,403,1
juice,login,7c7241e8ee75a92a,403,1
juice,login,8795d3d2980317d5,404,0
juice,login,de9be2b824a82c7a,403,1
juice,login,0cc939c57be98323,403,1
juice,login,f767e79aa6ca85f1,403,1
juice,login,3b5295ef8a0edc28,403,1
juice,login,c1181c5696484ac5,403,1
juice,login,184e1f78780e4c07,404,0
juice,login,14d353faba976b31,403,1
juice,login,7c930c33ca2aaffe,403,1
juice,login,4692e4e5bf53715f,404,0
juice,login,d0e75c1f2286b8f1,403,1
juice,login,be97599688ff1f09,404,0
juice,login,b5b030249dc6948f,403,1
juice,login,857b53744efb6e2d,404,0
juice,login,932621fdf7b97f18,404,0
juice,login,90259631144e8d20,403,1
juice,login,7cc975d7c5eb276e,403,1
juice,login,af999a94f2c1ec6e,404,0
juice,login,ebf1f37b4cdd4522,403,1
juice,login,0542a499fc8b4166,403,1
juice,login,276a5ef44492fd51,403,1
juice,login,2991fdc10b416d0d,403,1
juice,login,32512f66005baa12,403,1
juice,login,149b944bc9f6c3cf,404,0
juice,login,227a2981bb2a9488,403,1
juice,login,91615fd237b3ade8,403,1
juice,login,c2326a42c685fe24,403,1
juice,login,a511e03c8decb429,403,1
juice,login,5d383a28382f7d36,403,1
juice,login,9b5ed34b624ed93d,403,1
juice,login,da1fbc567eab2c01,403,1
juice,login,328b72ac15cfd372,403,1
juice,login,6c74a15bf5f65171,403,1
juice,login,8e1cb7fa3d6fe8ae,403,1
juice,login,e84db6a62617fa10,403,1
juice,login,77fccd22c2ec96a3,403,1
juice,login,d199d74d865836a2,404,0
juice,login,3ed303fd62efce3d,403,1
juice,login,ac8bb459b7c4bf89,403,1
juice,login,061795b6792ceb5d,403,1
juice,login,65b36c28065e7a27,403,1
juice,login,48cda909fb0918ef,403,1
juice,login,bcd449198b1e5ed9,403,1
juice,login,a3c3b34005dfaaf3,403,1
juice,login,d89ad02015c20221,404,0
juice,login,1dd4a8c3a0998e9f,403,1
juice,login,a9a0df4df5db0767,403,1
juice,login,479675ae9ddb1298,404,0
juice,login,3868abf468702f4e,404,0
juice,login,5311b1504566fcca,403,1
juice,login,9f7c03584ff7024b,403,1
juice,login,9f50c63043773399,403,1
juice,login,2145bcb6089c64fe,403,1
juice,login,a7e493d0bdcf1de3,403,1
juice,login,9d71ff022702edb3,403,1
juice,login,4fb04ba39b5cea8e,403,1
juice,login,054e1b7f0a5582c5,403,1
juice,login,51be46fc51ee588f,403,1
juice,login,1ed5e179862c1397,403,1
juice,login,1f36481f5ed9b7c1,403,1
juice,login,e5f5a3f2b904079a,403,1
juice,login,4ec41b2b00766065,404,0
juice,login,6b8e558d27e1884c,403,1
juice,login,2740d580a3467419,403,1
juice,login,cbd8d4bee99df81d,404,0
juice,login,eae7db5dab4283ee,403,1
juice,login,970e87923128feba,404,0
juice,login,d675782f42c93349,403,1
juice,login,2d9661d08b67d943,403,1
juice,login,3b62f8bad7d8de98,403,1
juice,login,793df7a715923bd7,404,0
juice,login,7f41b6c35ba07ef2,403,1
juice,login,a9b00b2a6f37cdfb,403,1
juice,login,ee7d2b750198fa44,403,1
juice,login,162a45c1230aae21,403,1
juice,login,f07e5f52515043dd,403,1
juice,login,6ffdc2b48a5ec059,403,1
juice,login,cdf5324928fcabf8,404,0
juice,login,278c79f1c6063a65,403,1
juice,login,a358d2b62a710cf2,403,1
juice,login,b9ba8bb319fda9f6,403,1
juice,login,a71322e91e6e3975,403,1
juice,login,72daddccab7b52f9,404,0
juice,login,42137d4f2689fb84,403,1
juice,login,4e2a497c12960933,403,1
juice,login,73a7a0baec9ce423,404,0
juice,login,d812d7f3e107f858,403,1
juice,login,d4abc7b8b6f4c80c,403,1
juice,login,75abddffb19239be,404,0
juice,login,6ef958225d0c5b74,403,1
juice,login,590d6d38dd16d1ad,403,1
juice,login,46ddd169b61aefca,404,0
juice,login,4b5eb406138a864e,403,1
juice,login,d79a1ec91da95961,403,1
juice,login,cc1248ad3a6bd281,404,0
juice,login,fb65c51f84411301,403,1
juice,login,a0959461fe5a9fa5,403,1
juice,login,95071681850efdcf,403,1
juice,login,df539ab053595d16,403,1
juice,login,92ba4c05f2b90d50,404,0
juice,login,4e00866ba0c93537,403,1
juice,login,40a6baefcd580116,404,0
juice,login,1c7e20c14dfa99a6,404,0
juice,login,0fb706f885bf8d80,404,0
juice,login,63881f2afcc22391,403,1
juice,login,18fa2c07c3ad6c18,404,0
juice,login,b2adce68b9d87e31,403,1
juice,login,531449e19faff89b,404,0
juice,login,c2752312780145d9,403,1
juice,login,b18f103139f46929,403,1
juice,login,b42d4941ac3ab251,404,0
juice,login,bb330f519da220b2,403,1
juice,login,85a8867f86abaa75,404,0
juice,login,c9eac019545dbe68,403,1
juice,login,6e45901088cf8f0b,403,1
juice,login,2768400a370311e2,403,1
juice,login,34cec3cd1ade76e2,403,1
juice,login,fd7a8c6daddc5e60,404,0
juice,login,e2ea283ffebd21ef,403,1
juice,login,1c198911acca72b5,404,0
juice,login,d283eea2fce89dd7,403,1
juice,login,17e4087fcc66d442,403,1
juice,login,321b70a651441f45,403,1
juice,login,661b1ed7f1b71882,403,1
juice,login,ffa0157b553a1cb0,403,1
juice,login,d8519a4afede72a7,403,1
juice,login,9026e979e1d93c82,403,1
juice,login,8e2ff45f86e3ab99,403,1
juice,login,040ca10994541691,403,1
juice,login,a4c61e55fb5e040a,403,1
juice,login,0f9b0adca65bd1a0,403,1
juice,login,b8a6a921d3a40ea7,403,1
juice,login,e111cbb169ff6734,404,0
juice,login,f781d9396f7e21ac,403,1
juice,login,000542e805691bf4,403,1
juice,login,ff7d3b0580200918,403,1
juice,login,44d8370ca0cec895,404,0
juice,login,b18dc8a1c204cb37,404,0
juice,login,a39ac22e4d68a3fe,403,1
juice,login,319c21a88a7a32db,403,1
juice,login,9a8426b2ee54e188,403,1
juice,login,f79e7e4b726ba3b0,404,0
juice,login,45732ad3eb500589,404,0
juice,login,ef7ccdbd31618250,404,0
juice,login,1b02c2a317524ab1,404,0
juice,login,ee0f7f9ffe978281,403,1
juice,login,d5b7c084e932354d,404,0
juice,login,05152d161b75945e,403,1
juice,login,2589251819ad2d80,404,0
juice,login,8a8bc1c6ee2eb91c,403,1
juice,login,0192a5907a6fbd29,404,0
juice,login,422f8e8a095a00b0,403,1
juice,login,aea6dba11385d188,403,1
juice,login,729726f791a83c7d,403,1
juice,login,68f511dfe21f9a78,403,1
juice,login,5a3a13b7fb7394bc,403,1
juice,login,82e546fa835c2bfd,403,1
juice,login,1b1417c91de9cb4f,404,0
juice,login,cf3674b78ade4d6c,403,1
juice,login,1894ad5310426179,404,0
juice,login,a9074631fc502435,403,1
juice,login,824bb61b30169ec9,403,1
juice,login,fffa54556b6d9547,404,0
juice,login,bc2221d7d4efd8de,403,1
juice,login,f2da0e29281b824b,404,0
juice,login,d3532f338284ef23,404,0
juice,login,5f507a1baf294cfa,404,0
juice,login,391ebbfabd4e2084,403,1
juice,login,3ca035f009849870,403,1
juice,login,7bb995d7f6af2224,403,1
juice,login,3518a71b203f7286,404,0
juice,login,e7f62832111e8eb1,404,0
juice,login,a1c328c752400583,403,1
juice,login,6666917d34d91fd8,403,1
juice,login,480b4438b11af15e,403,1
juice,login,43cdf274b4372c8c,403,1
juice,login,d662bd9f81ca720a,403,1
juice,login,558bc7e9801bff78,403,1
juice,login,4b3bc7f142b27efe,403,1
juice,login,c868f46aa4f0429a,404,0
juice,login,52d2beb10c5e79d3,404,0
juice,login,2f21b260676d9a13,403,1
juice,login,861194289cde52c1,403,1
juice,login,e287914fa6b31b05,403,1
juice,login,1db2d9d56cea4c5a,404,0
juice,login,b2c15a230465ef88,404,0
juice,login,1be216392f7ffccc,403,1
juice,login,c543388d80fd3369,403,1
juice,login,36214bb8d88b4a0b,403,1
juice,login,2fbd3df0ec164a3b,404,0
juice,login,ddd3928cdc905d07,403,1
juice,login,1e5d5ec4ed93e299,403,1
juice,login,dc99e54a4d4c371b,404,0
juice,login,abb1602bb8047c55,404,0
juice,login,0424e430cd134389,404,0
juice,login,82ea063b67592f9e,403,1
juice,login,3e416a9633e91448,403,1
juice,login,8e0c6b8390a8818b,403,1
juice,login,34b70b261f779195,403,1
juice,login,5d6051c6a1e10fe0,403,1
juice,login,fae3da1462a128db,404,0
juice,login,db0518c55625f72c,403,1
juice,login,a0b4aa67a0b0a124,403,1
juice,login,e2beb16de20f8ccd,404,0
juice,login,96e5d51bdb755e60,404,0
juice,login,80c5130a27bff639,404,0
juice,login,5a5aefd80ba0a486,404,0
juice,login,d2784a9c07f311b4,403,1
juice,login,53bd794c428891e9,403,1
juice,login,4b0369a9cf861fb6,403,1
juice,login,eb2b2165a6c1ec99,403,1
juice,login,165ed108d5f74a00,403,1
juice,login,811d954952701201,403,1
juice,login,62a8adff716d9d04,403,1
juice,login,7a5be701653a686f,403,1
juice,login,438940bd3a154971,404,0
juice,login,0cc7dd8559f50c6d,403,1
juice,login,2e40e9d2a72d8277,403,1
juice,login,9c17be0248a75cd7,403,1
juice,login,a9cf941aab365ffc,403,1
juice,login,b7efd505ac999514,403,1
juice,login,b6b1f301cb52f76d,403,1
juice,login,990cf52295610362,403,1
juice,login,f854b838cfe0bd4c,403,1
juice,login,6b27b328c5db23e9,403,1
juice,login,3aff333229582110,403,1
juice,login,39ac7c7df247f7fb,403,1
juice,login,99fd71ccb14bb5e8,404,0
juice,login,84129af0032e9c6d,404,0
juice,login,81c87dca759be06c,403,1
juice,login,4016e73e8c90f8d1,403,1
juice,login,5ef363975c8f0717,404,0
juice,login,172105a9d6afad20,403,1
juice,login,fda8c165d09d9dcf,404,0
juice,login,69bf6e545926c145,403,1
juice,login,86a524c7a5668bae,404,0
juice,login,402f17254ea0a7be,403,1
juice,login,f5757a0be711aaf4,403,1
juice,login,8106ebd7de92b943,403,1
juice,login,aa358dcb606a692e,403,1
juice,login,79b92d265a12fc56,403,1
juice,login,63d393bf511aba22,403,1
juice,login,d09b346ae855b5c5,404,0
juice,login,ed98357edbf904b2,403,1
juice,login,4d5f72ea75172953,403,1
juice,login,af3ffbf9beb9a216,403,1
juice,login,f2f43d07f5db0d9b,404,0
juice,login,8f1d64e316a43c10,403,1
juice,login,22f29f3cda01ab08,404,0
juice,login,dfccbe18f20091c2,403,1
juice,login,515f1f1dbabe10c9,404,0
juice,login,4f36c47777557a30,403,1
juice,login,7ee1a8565fecd46c,403,1
juice,login,f4cbf37f19c55779,403,1
juice,login,720524465c19caf8,403,1
juice,login,2439f6c91ee0cda9,403,1
juice,login,1e1a4b70d644f913,404,0
juice,login,2e9a1d73327ceb81,404,0
juice,login,a26984ec8f9f6831,403,1
juice,login,133a6857458a6ca1,403,1
juice,login,7dbe6ca95619df05,404,0
juice,login,781e66ef20c801f4,403,1
juice,login,f09d4c4072410399,404,0
juice,login,9b7f1cdda112353e,403,1
juice,login,b8c8808c3bc115e8,403,1
juice,login,424be11fb83361a7,403,1
juice,login,9274721d9ee868a7,403,1
juice,login,e23f87ce75b10090,403,1
juice,login,8d786bc5a56e2b04,403,1
juice,login,75d60c3cc5afa321,403,1
juice,login,02930e5084db0219,403,1
juice,login,fe0756f9c0ae7f61,404,0
juice,login,ac60b4e1e1218587,403,1
juice,login,98d08cffc5826259,403,1
juice,login,f34acc52a97d4a0e,404,0
juice,login,2fcdf06d0307be40,403,1
juice,login,2fb4240cbdfdfcc9,403,1
juice,login,2460d15af8f0de6d,403,1
juice,login,ab3bc10dee776d62,404,0
juice,login,4a6b0afbb93fc7ea,403,1
juice,login,fc54c2f20f13d23a,403,1
juice,login,85ccd69b4ae9539a,403,1
juice,login,c08dbfc3ddb93c7c,404,0
juice,login,e4a8af30a2105857,403,1
juice,login,a1b84c8c7c7c3a25,403,1
juice,login,550920d1714f11ce,403,1
juice,login,1006bd991f1da3e7,403,1
juice,login,616fef2d582113d3,404,0
juice,login,32fb8f5ee60c0a1a,403,1
juice,login,c8efb283e7b5616a,403,1
juice,login,d56073663ca0481f,403,1
juice,login,693c59b1b2db6402,404,0
juice,login,7249c99f0f07d13d,403,1
juice,login,90c623763791cad7,404,0
juice,login,d620d82e624987b9,404,0
juice,login,52b4d9b63a1bb700,403,1
juice,login,303c570e0eea6c6a,403,1
juice,login,7edc6d6fd239ad84,403,1
juice,login,77a1d33b9c833a1d,403,1
juice,login,f766d646997825c8,403,1
juice,login,5d8681336c311e14,403,1
juice,login,b7ba0db38a586009,404,0
juice,login,8741b4436c65711d,404,0
juice,login,083a3eeb58e946ef,404,0
juice,login,8997839b0cbe7988,403,1
juice,login,6feccd4e16ed4a0a,404,0
juice,login,c0beec7100918cca,403,1
juice,login,acaedeca1fd285a5,403,1
juice,login,3606d8115d515997,403,1
juice,login,d7d4026428626645,403,1
juice,login,89d45fdcf6a863f4,403,1
juice,login,e0e4203bccae3c4a,404,0
juice,login,671f52f78692d1b4,404,0
juice,login,b06b0c012205a358,403,1
juice,login,527d2edd94ab1794,404,0
juice,login,7a656410f93f918b,404,0
juice,login,c7536812f5be0deb,403,1
juice,login,513465cdf765d61d,403,1
juice,login,6899e65663f8c39c,404,0
juice,login,fec0331054c067ba,404,0
juice,login,3c27a452e16ca7fe,403,1
juice,login,202003e406ef23b1,403,1
juice,login,82adad22a1561105,403,1
juice,login,edad6b765e73eed8,403,1
juice,login,ad7d3fdd1c29102b,403,1
juice,login,9f2855fc542fed82,403,1
juice,login,c1fbf2c10eb3ab39,403,1
juice,login,0121d491038fca7f,403,1
juice,login,04184edfaad08aea,404,0
juice,login,41ba563b8cacce26,404,0
juice,login,ca475389b1c27c84,403,1
juice,login,0c5a97a2ded03d20,403,1
juice,login,6bc6a7e5ab3e0b9b,403,1
juice,login,dc42b05f6f7cbd4c,403,1
juice,login,d1ed719abc22af4b,403,1
juice,login,3e7282444fe94d19,404,0
juice,login,1bb40dca3ab05576,403,1
juice,login,04dceaa7e9a0ce95,403,1
juice,login,90812be681e8ccbe,404,0
juice,login,2a44be04b1fa9a12,404,0
juice,login,bdc2dd982ec5a310,403,1
juice,login,85e4e04c6bb795aa,403,1
juice,login,c5c02225522e8457,403,1
juice,login,d884b614a58b322e,403,1
juice,login,4e6bdb1a52a15533,403,1
juice,login,1acf66b42e266311,403,1
juice,login,b7338703762e5dcf,403,1
juice,login,8dcf4b6a6ad98c05,403,1
juice,login,1b032520c518178c,403,1
juice,login,85c9a516ebbc6bf6,403,1
juice,login,b1071bc76e1c6178,403,1
juice,login,d97c10ba38739f6d,403,1
juice,login,f7cbff672ee0f414,403,1
juice,login,444912423ea8405c,404,0
juice,login,92e477877e127299,404,0
juice,login,6240b10604e7f6b0,404,0
juice,login,304967637c1c0826,403,1
juice,login,30fa572626ab11d0,403,1
juice,login,c84ea5cb82b91983,403,1
juice,login,a3345b9007a0ae93,404,0
juice,login,671de5ce8f5f4779,404,0
juice,login,2648e9540f10e5e3,404,0
juice,login,7bb6b49c393e54e4,404,0
juice,login,04a878b7ba50d0ac,404,0
juice,login,fd266c3cff5f68b3,404,0
juice,login,3f8392bf0c52296d,403,1
juice,login,73cc66e1c49ec310,403,1
juice,login,8be2f6f47bcfdb82,403,1
juice,login,dfd238fbb0469fa5,404,0
juice,login,45ab0a0d276647de,403,1
juice,login,12421ec5ab2329f2,404,0
juice,login,04491d4ffb11e246,404,0
juice,login,5aa05541d554aeb4,403,1
juice,login,af2277676362597b,403,1
juice,login,b979a3393900b068,403,1
juice,login,34fd66e0ac579941,404,0
juice,login,937332ff8767811f,403,1
juice,login,17933d7d4237cd1e,403,1
juice,login,7aafec5a91d96143,403,1
juice,login,18c725798349f8d3,403,1
juice,login,23b35b699885f0f9,403,1
juice,login,144160e7ebb83f46,403,1
juice,login,1b1fc154441e3569,404,0
juice,login,a551d7ccc204d21a,403,1
juice,login,e474938cafb884a1,404,0
juice,login,c7202f9d53a3fd74,403,1
juice,login,c5628c2d92b69089,404,0
juice,login,4f4117161f8f7cdd,403,1
juice,login,bd838530d68b5b91,404,0
juice,login,f06a0479d43f07cb,403,1
juice,login,e1e83b91e271f0f0,403,1
juice,login,670333561ddf6d1d,403,1
juice,login,885731badc47e971,403,1
juice,login,7a4d0e55cce981da,403,1
juice,login,04d53f429c4270d0,403,1
juice,login,16ff5f318b561202,404,0
juice,login,95dba297bf0b7254,403,1
juice,login,b20d48ccc734baad,403,1
juice,login,19d8a4ee68c5c576,403,1
juice,login,5ca01206a5426c00,404,0
juice,login,22320ea578e91131,403,1
juice,login,068259439650cb32,403,1
juice,login,2a6bd2257166d5a4,404,0
juice,login,9999912694336616,403,1
juice,login,56d897b21496886a,403,1
juice,login,53155fe22e9a7219,403,1
juice,login,41fe4c021a60e5b3,403,1
juice,login,7b68072b80f8d892,403,1
juice,login,05c8287318377ad5,403,1
juice,login,e128b4a14b161630,403,1
juice,login,f2b3ea740ec21335,403,1
juice,login,87562b2f8cd4d4fd,403,1
juice,login,e4e2add692da9165,403,1
juice,login,e95d2a59ea4b166e,404,0
juice,login,e92396365094a8a0,404,0
juice,login,35d08d9d42a59224,403,1
juice,login,dbff95c303f66d23,403,1
juice,login,24558a6eee1a8218,404,0
juice,login,c75b58ce94cd5f43,403,1
juice,login,46dc2b0cc0075cb4,403,1
juice,login,5e8ee7da9ef5d829,403,1
juice,login,310c15238fbc5516,403,1
juice,login,2ccad01c747440fc,404,0
juice,login,ee9151cf86b28368,404,0
juice,login,0a52af12894e9b89,403,1
juice,login,0a902779f43c7909,403,1
juice,login,7ccfacafcd7ef31d,403,1
juice,login,e469163b21ad0347,403,1
juice,login,7e430c9fb7b63a1f,403,1
juice,login,cafea0c3e020361b,404,0
juice,login,39d68282e6055069,404,0
juice,login,90a09a3d69841347,403,1
juice,login,710a869855f4a9f9,403,1
juice,login,a81533e24c5e6e35,403,1
juice,login,0a0abffe7fa9ec1f,404,0
juice,login,60a489359de9bffd,403,1
juice,login,9427923732628e09,403,1
juice,login,3090cd1f4b525a39,404,0
juice,login,6be7406f6070ea8d,403,1
juice,login,b0567d18c3d3c2ee,404,0
juice,login,f1ea74c90f5a9bae,403,1
juice,login,7e4c597e717c391f,403,1
juice,login,9901b0783b65cbc0,403,1
juice,login,1f112923d374aa19,404,0
juice,login,cb439c7d593315cd,403,1
juice,login,bc6428387fba7a10,403,1
juice,login,159172711d0abd6f,403,1
juice,login,5e467022157d42c3,403,1
juice,login,38370675fa00fb22,403,1
juice,login,f5b56b20211588eb,403,1
juice,login,f75e49f783b355dd,404,0
juice,login,c547064e2313b469,404,0
juice,login,c495c15529aa3adb,404,0
juice,login,e8323d877f05c8f0,403,1
juice,login,7a5ac6979b069fb7,403,1
juice,login,3aa5125bfd36b445,403,1
juice,login,1ac2a02d21ebb8aa,403,1
juice,login,337fc8d9279c7913,403,1
juice,login,0217ab2a74266ed2,403,1
juice,login,83c9f103e9229c65,403,1
juice,login,00464b4ac9e18963,403,1
juice,login,e1ee1e471d4785a4,403,1
juice,login,9f725b8df4386383,404,0
juice,login,62bfb933d14db209,403,1
juice,login,a53f1d42c153e6a5,403,1
juice,login,4b54f2a185aad340,404,0
juice,login,16b9ba2e31deaf26,403,1
juice,login,78a7a06b43befa2d,403,1
juice,login,06af474484b51be5,403,1
juice,login,1d9ded2473721a27,403,1
juice,login,f2930a963a612e08,403,1
juice,login,7e1932156da0e14d,404,0
juice,login,041790e5967ec6eb,404,0
juice,login,dae8cd76af5efd25,403,1
juice,login,2f0a889bd86e2e83,403,1
juice,login,cea405829d1cd5fa,403,1
juice,login,e0dbea78070ae726,403,1
juice,login,1a9573d87502e8c0,403,1
juice,login,4bc71f5b31df2155,403,1
juice,login,eebdf11a733331a6,403,1
juice,login,66170b78b2c62e67,403,1
juice,login,25b644284688e2c9,404,0
juice,login,250bfd08dce16e6c,403,1
juice,login,7745eb5067e93833,403,1
juice,login,62d480bc2ac6d79b,403,1
juice,login,03a386b7ac58976b,403,1
juice,login,cb03e236d142c4ab,403,1
juice,login,7635a172d82a332a,403,1
juice,login,4ac7daa23f031d95,404,0
juice,login,5ab2385cca72d96e,404,0
juice,login,b60834ca9b475d79,403,1
juice,login,b45b118dcc519a89,403,1
juice,login,e70e626cf0ee7e54,404,0
juice,login,11ac2bc55e83f7a6,404,0
juice,login,5a983285ba7bc76e,403,1
juice,login,2f24b9b4f85dae9e,403,1
juice,login,203bdef4c3171208,403,1
juice,login,6028e34ac885ecd4,403,1
juice,login,2de50d0eededc8d1,403,1
juice,login,be6d7f6d485fd7ab,404,0
juice,login,0c9b639bacb3dc0d,403,1
juice,login,0b04a9e0207b1718,403,1
juice,login,9e1790a077e7b96e,404,0
juice,login,7cb3bd1ddaedf00d,403,1
juice,login,5b35460e2bb8b3a1,403,1
juice,login,2329c3cac7bd1971,404,0
juice,login,6f3a8eb61447c09e,404,0
juice,login,3d00d24c36d5e8af,403,1
juice,login,21631edc3f268c0a,403,1
juice,login,be5001a99d4fdf59,403,1
juice,login,186a9a445df1f83f,403,1
juice,login,4696090349107423,404,0
juice,login,8deed8d5a9801bbc,403,1
juice,login,47514514c8646e02,403,1
juice,login,6740716c2f85dffb,403,1
juice,login,c52228cba4ff634b,403,1
juice,login,8532751a2a1ac244,403,1
juice,login,7e3465b1e1800dd4,403,1
juice,login,7be2aeadb74810c9,403,1
juice,login,f662333e18020a53,403,1
juice,login,58e5273ab16b83fc,403,1
juice,login,a3e4a56d2d84300c,403,1
juice,login,ec4c399809ff86b5,403,1
juice,login,b3c0ebf266572d44,403,1
juice,login,2886e412e984f519,403,1
juice,login,970faa61b7d943f8,403,1
juice,login,53b2ef94f02310db,403,1
juice,login,4cd206c2821d11b0,403,1
juice,login,354d2356e9bf6866,403,1
juice,login,a3f17e174bbcbfe0,403,1
juice,login,4dec3eca75f717af,404,0
juice,login,8d005854f02be64b,404,0
juice,login,72d2cd77c1e28d61,403,1
juice,login,7e7a374f2d0103be,403,1
juice,login,d0bf65432208fc53,403,1
juice,login,b869ab6f42f20814,403,1
juice,login,b1df825acdac93fc,403,1
juice,login,bbf64b0eba8c1aaf,403,1
juice,login,c72f1e653347af45,403,1
juice,login,aeb80cebf9fb2fbe,403,1
juice,login,791cf435a9b325d5,404,0
juice,login,72796524553051e4,404,0
juice,login,25af1a3a3eab5fa5,403,1
juice,login,8c0780fb01fde07e,403,1
juice,login,5412d74e8608b6cc,404,0
juice,login,b4c3ba73b40c3445,403,1
juice,login,817e3199c8b5cbfd,403,1
juice,login,80c59060d52df583,403,1
juice,login,5e3ca3e64af0e90c,403,1
juice,login,1b249723d1e750d9,403,1
juice,login,38de53c45fe33c0f,404,0
juice,login,d88f4a6dfecc3155,403,1
juice,login,bbb1e1f61f99f8ed,404,0
juice,login,886678bc4c677695,403,1
juice,login,1231ba3afc401b51,403,1
juice,login,fe1fb189d4eca610,403,1
juice,login,0f6e2d51f8a21fc0,403,1
juice,login,9ca08e41e4494084,403,1
juice,login,33ef4183e1a44d8d,403,1
juice,login,fd3b015ed17a1a04,403,1
juice,login,f171ab26018d4686,403,1
juice,login,92fcc54b10f3fd62,403,1
juice,login,680f3ed6ebf9d651,404,0
juice,login,267bed5ddbea5375,404,0
juice,login,8b93703d45617f54,404,0
juice,login,fc51177a149a7380,404,0
juice,login,082fde08c0baccfc,403,1
juice,login,4e32cb98017eee15,404,0
juice,login,83c94e81be0324c5,403,1
juice,login,90e03def6e0c4569,403,1
juice,login,5e147f7b178d55bd,404,0
juice,login,b0035e3cff7be818,403,1
juice,login,aec1245f59817b6b,404,0
juice,login,6833b660b6404f7b,403,1
juice,login,fa0aa69e91b41aaf,403,1
juice,login,4eb3b613ca409602,403,1
juice,login,5307b77e82a624e5,403,1
juice,login,fe60df94ff7358ed,404,0
juice,login,1c2e44696aa2c88d,404,0
juice,login,e03c46e248179ade,403,1
juice,login,acc52f8411c9094e,404,0
juice,login,b3d23e15c9b29775,403,1
juice,login,daa4608338d01791,404,0
juice,login,c14a00f671f157e6,403,1
juice,login,19ace94949314055,403,1
juice,login,ded9f2b1987d80b9,403,1
juice,login,ae7920bda9e061d4,403,1
juice,login,18b3df9d762bf81c,403,1
juice,login,e92c9323b16a157a,403,1
juice,login,79a204be11c9bfd9,403,1
juice,login,1962fe98f1ef0fb4,403,1
juice,login,2a3e1de596d5aae9,403,1
juice,login,3a28c96efa1692cc,403,1
juice,login,4b2f6a079b3138f1,403,1
juice,login,50f0f4955f4a84a1,404,0
juice,login,9e603fd70ac3e3fa,403,1
juice,login,0f950746762e1aa1,403,1
juice,login,dc53685cfe60078c,403,1
juice,login,2d8a5cd05274a823,403,1
juice,login,dbb8b25e9ea11a15,404,0
juice,login,281d6d465985c165,403,1
juice,login,c6bb8ec5b6342a3e,403,1
juice,login,4438fc671c9e13b4,404,0
juice,login,b19b2c2136ef5f28,403,1
juice,login,5eecefe203e4f443,404,0
juice,login,83d7b740b9849d85,403,1
juice,login,93f1b991fa2db7a8,404,0
juice,login,cf5b4847254ef2d9,404,0
juice,login,710a84e325832a89,403,1
juice,login,21d871be5b272664,403,1
juice,login,2be288b89ae95ec0,403,1
juice,login,2403bdfb28921830,403,1
juice,login,598cdd8617ab72ff,403,1
juice,login,f21a193b9cb2c83f,403,1
juice,login,ee3401fe4535444f,403,1
juice,login,5214cdb914ef02c7,403,1
juice,login,63ac8c10bd83489f,404,0
juice,login,c835741697a6dc39,404,0
juice,login,03e5ad97520e4c13,403,1
juice,login,e67de897faa5f554,403,1
juice,login,3ec3d1af316cb80a,404,0
juice,login,aa3cab63cb2225e3,403,1
juice,login,01903f4a7927764d,404,0
juice,login,16af68492245f122,404,0
juice,login,a6ce3929ae4aa619,403,1
juice,login,6784941cf38e2064,403,1
juice,login,44b3805172685a6a,403,1
juice,login,3b2bc99d8dcfdc6c,403,1
juice,login,5d189403a635035d,403,1
juice,login,3a204ed46c38e12a,403,1
juice,login,a507da8e0c9ace02,404,0
juice,login,d7e979cde3bd2831,404,0
juice,login,099575523c083f09,404,0
juice,login,700030895df1ecdf,403,1
juice,login,534b9bbc7d322379,404,0
juice,login,55d3b22690dc2356,404,0
juice,login,8f7eee4dbb688d1a,403,1
juice,login,f60d0437d622fd70,403,1
juice,login,8ecc58db96bf5ad1,403,1
juice,login,73111a216efd6c97,403,1
juice,login,26e6f9191434c9e0,404,0
juice,login,f7499af04af95636,404,0
juice,login,91f788ec95a9d956,404,0
juice,login,5cf05dd8d1754c2d,403,1
juice,login,669c15c7ca037294,403,1
juice,login,a49cf45faaed4091,404,0
juice,login,54b67715e20b1018,403,1
juice,login,9223e2b397211295,404,0
juice,login,9d26282205be1e27,404,0
juice,login,2367afe8a91daab2,403,1
juice,login,d9e0ffad9054b1a0,403,1
juice,login,a3621eea65041da0,403,1
juice,login,f6caa8fa2655ff9a,403,1
juice,login,42eb2bfb03cf9c17,403,1
juice,login,c0606850a6d62f9a,403,1
juice,login,210f8258dedfeefb,403,1
juice,login,87cf74e5346b8d13,404,0
juice,login,da21d65ddb5271f2,403,1
juice,login,e0a667d3a88e7df1,403,1
juice,login,e2fa17ea6c527170,403,1
juice,login,f27a47aac61dbc7f,403,1
juice,login,d157786816846ed9,403,1
juice,login,d8787d6f79871c8c,403,1
juice,login,0e5ca083d72a1f5b,403,1
juice,login,3c2cf536c816a49f,403,1
juice,login,5f90069e91e5a246,403,1
juice,login,cf80b10255174001,403,1
juice,login,edb7aeaab3bca848,403,1
juice,login,0e6744db4f8097bb,404,0
juice,login,482bbd07371663d1,403,1
juice,login,242fac0cdea1eccc,403,1
juice,login,af26494c4ce71514,403,1
juice,login,9a62760bc2dc31e7,404,0
juice,login,8ba41f96e993dc24,404,0
juice,login,c7e52014ed5293ad,403,1
juice,login,be84aab720e3ed5a,404,0
juice,login,ba930f476bf24f9a,403,1
juice,login,ae0ebe05546c14ec,404,0
juice,login,aff974c5955b7f45,403,1
juice,login,1a18b7041c54e20d,403,1
juice,login,08989c78048c15be,403,1
juice,login,be7296d05bdf3f98,404,0
juice,login,6d0a8a4668e7eafe,404,0
juice,login,889c8190de95ead3,404,0
juice,login,5d1a2c62914a87a3,403,1
juice,login,c82904cb7a5a1cd1,403,1
juice,login,676ac8086aa87530,403,1
juice,login,c0a7b5d9e85f0468,404,0
juice,login,9aed9eeaf7a28755,403,1
juice,login,b9226c4762190620,404,0
juice,login,3d8ad1acd12e7b33,403,1
juice,login,38762f763ef4841b,403,1
juice,login,066fa9841eb8cd59,404,0
juice,login,c45461f74b1271e7,403,1
juice,login,1aeb36b2a034849a,403,1
juice,login,1a47c373bb485502,403,1
juice,login,55384b86849a975b,404,0
juice,login,4363d7cb1ba655a1,404,0
juice,login,a5d6f27c24e17aad,404,0
juice,login,0a8c4058653d8b16,404,0
juice,login,70d04cf579f24eae,404,0
juice,login,8c012a7f122235f3,404,0
juice,login,c3ee5ae111aec540,403,1
juice,login,156e929040975008,403,1
juice,login,1a39dd00c3945ba1,404,0
juice,login,c28cd94d5827100b,403,1
juice,login,3cd2123a41367f3f,403,1
juice,login,bfda1801a69f8bf7,403,1
juice,login,bcd8464a2518fdd6,403,1
juice,login,1aa0a4bb05571155,403,1
juice,login,f3c01054d9c6c361,403,1
juice,login,aaa73c0207cfd896,403,1
juice,login,a1819d345f85ec4a,403,1
juice,login,429950aa99a64899,403,1
juice,login,c204ce059b195e2c,403,1
juice,login,ceaa731cc66e0343,404,0
juice,login,560d298acc92b498,404,0
juice,login,8c92700a174ced90,403,1
juice,login,25ab3d55ea2b1bf2,403,1
juice,login,627f092823df6f3e,403,1
juice,login,de2d98beff68982a,403,1
juice,login,6c87835eef7b1c56,403,1
juice,login,973e3678312e9075,403,1
juice,login,faf9374600a4dc8b,404,0
juice,login,474e78b93cc41573,404,0
juice,login,b9f9d18aa6c6a785,403,1
juice,login,82b57120990d0b8f,404,0
juice,login,78e1835b61ba90fb,404,0
juice,login,5f239b4682aec212,403,1
juice,login,c41fa4cd2312d4a7,404,0
juice,login,f113e6676cd0d0c6,403,1
juice,login,157897c4e339d7b1,403,1
juice,login,2c7f978ec5d4b617,403,1
juice,login,aa44edc3a969bf69,403,1
juice,login,5a2e30b72ad8891e,403,1
juice,login,5b607cb951dc8741,403,1
juice,login,e3e0c9ada5252417,403,1
juice,login,802b1d62d5d5e446,403,1
juice,login,22a8a3d2bdd74508,403,1
juice,login,428a181226cc0e1c,404,0
juice,login,8d95fec07613a80e,403,1
juice,login,05f8c717c4a97d56,403,1
juice,login,bc937f529f463d87,403,1
juice,login,d89374818648f07d,403,1
juice,login,2fd4384e8c0181c2,404,0
juice,login,c16967e204e9fac9,404,0
juice,login,0733978f0e62f724,403,1
juice,login,a594ce387b66dc96,403,1
juice,login,2acc3b3fb06bfe01,403,1
juice,login,1314b5f02fbc558b,403,1
juice,login,2271dadcf4ee00d2,403,1
juice,login,0cdc99fa24556075,403,1
juice,login,904273381be5d9ff,403,1
juice,login,8f980ef0623d7d61,403,1
juice,login,563bbaceb31b530b,403,1
juice,login,c6b400a1ca20b12c,403,1
juice,login,f160da5651693bbc,404,0
juice,login,7ca4a85675924a47,403,1
juice,login,241415849bd1e1cb,403,1
juice,login,5fd369bffb0ffdd8,403,1
juice,login,95f88da53883f588,404,0
juice,login,fff7b09e9eb75ea6,403,1
juice,login,6cd677be35c3498e,403,1
juice,login,800b7e362037f3a5,403,1
juice,login,7ce0200b1dc6f00e,403,1
juice,login,58ea899333b6d00c,404,0
juice,login,085c75e4651ac3dc,403,1
juice,login,a6a3c793e4c78c1b,404,0
juice,login,bf3819b52f2036fb,403,1
juice,login,944aa20dc835a9ff,403,1
juice,login,ef51c96caef9d8ab,403,1
juice,login,6edb4e8b5700331d,403,1
juice,login,9d86c22ed062521e,403,1
juice,login,26b500526aa5ea04,404,0
juice,login,36cc6a1a399c1160,403,1
juice,login,3deabddf409e1f78,403,1
juice,login,96ca4c6a6d8f4054,404,0
juice,login,819a51e6ede0ab48,403,1
juice,login,1c81c03c2464e101,404,0
juice,login,81beb67cba84ecfb,404,0
juice,login,eb3701e91c0cdb6a,403,1
juice,login,4421d34bd82ea1f0,403,1
juice,login,2ac7ef4df78fa8b6,403,1
juice,login,03e90198de7af7ae,404,0
juice,login,3a0e214a9bc90b52,403,1
juice,login,705d6f09b4264f5b,404,0
juice,login,5115a91418d2e5ae,403,1
juice,login,9c09d15968b4613a,403,1
juice,login,ea8b55c5474bae37,403,1
juice,login,b27f3e487e0ad4c5,403,1
juice,login,962905fad5c3064f,404,0
juice,login,1f6a8888174ea5b0,403,1
juice,login,81dc43c4566b1759,403,1
juice,login,f3df2072bdb0fad0,403,1
juice,login,f38e11d3398d5d03,403,1
juice,login,6dee2e3d9c9e6ee4,403,1
juice,login,3c5e82269b3eacab,403,1
juice,login,f876dc3519e80b95,403,1
juice,login,025862a92f2a0b4e,404,0
juice,login,0c60a9a13a240e4b,403,1
juice,login,895408e9ea489ea7,403,1
juice,login,9a4a27c611b19af9,403,1
juice,login,3a951913b3f6d9c6,403,1
juice,login,cedd10f82dbe63cd,403,1
juice,login,cce41fcaf1e4be37,403,1
juice,login,8a352d9c4c3b25f8,403,1
juice,login,a174d250e8159027,403,1
juice,login,96aa46f276278e2d,403,1
juice,login,bd9e9dce8a8d1d9b,403,1
juice,login,769670b3b782cd11,403,1
juice,login,ab284d6c45474085,403,1
juice,login,e2445ff762a846dd,403,1
juice,login,e37158845286f4da,403,1
juice,login,598769762d697592,403,1
juice,login,95558a54ce314d98,403,1
juice,login,8d64e6033d39e72d,403,1
juice,login,7943cecba78c74da,403,1
juice,login,1843c9f21478e6a7,403,1
juice,login,156477268e979cee,403,1
juice,login,05ac2f2543bc8af9,404,0
juice,login,7ea5a1b2c7f47747,403,1
juice,login,a5726a52a5522599,403,1
juice,login,0fdb1449ae5be627,404,0
juice,login,38ec833fee898b6f,403,1
juice,login,26a6909af192ad30,403,1
juice,login,7407c062ac58da7d,404,0
juice,login,28cd0f6b0aaa5d18,404,0
juice,login,c5c6890f37fe70de,404,0
juice,login,1b6f0b4fb4437a04,403,1
juice,login,b96284c9d9213fef,403,1
juice,login,e2a169faba4053aa,403,1
juice,login,0423bce6b1cc1909,404,0
juice,login,990ab789200d1bbb,403,1
juice,login,2386fafc1c1890fb,403,1
juice,login,f2685257888d20a0,403,1
juice,login,69af87bcd758c177,403,1
juice,login,cb447804b8db3705,403,1
juice,login,babaa5853b54eb02,403,1
juice,login,959d293872448565,403,1
juice,login,4b582a1a74938b1c,404,0
juice,login,1b19834856cac340,403,1
juice,login,9983558516131d6b,403,1
juice,login,51f9e0c093dc4186,404,0
juice,login,d4f5dc86961dd6f4,404,0
juice,login,35bac0018945c269,403,1
juice,login,8fdfce8bc1b3c735,403,1
juice,login,5e9566f2cd4e6872,403,1
juice,login,9fb2fd2b87d9c106,403,1
juice,login,c30719246438ec23,403,1
juice,login,90e4a9683996fd3b,403,1
juice,login,10d5574eec7b5ace,404,0
juice,login,b0b184dfe7f2eb18,404,0
juice,login,1c720a8ba63fbea6,403,1
juice,login,3f067a2c7e49c99c,403,1
juice,login,78a6ac3668e494f1,404,0
juice,login,59257241937711df,403,1
juice,login,a69678e5a0494db6,404,0
juice,login,1baeabdb67fa8bff,404,0
juice,login,b1fd205acfab7bb2,403,1
juice,login,c6508eaac069ddfe,403,1
juice,login,578fb548dd442beb,404,0
juice,login,fe865318ee2f48c6,403,1
juice,login,ab8ff9e17a7981e5,403,1
juice,login,3661496c5302b14d,403,1
juice,login,92d36a008cc21f30,404,0
juice,login,e24fb34d547122d1,403,1
juice,login,c023e4a4a76fc1f9,403,1
juice,login,764822ca40a4dc7e,403,1
juice,login,100da4edc7a17b5c,403,1
juice,login,b6943e26b47d74ab,404,0
juice,login,1bcdc83559e624e1,403,1
juice,login,89c516583455d5cf,403,1
juice,login,503b90c1b06ab4c3,403,1
juice,login,3a887eb222a8d274,403,1
juice,login,855ed973b491a5ef,403,1
juice,login,93d8ac9b1e2b2ed9,403,1
juice,login,b72a565aba1c08bc,403,1
juice,login,e34640d66b919b5c,403,1
juice,login,89fda7f040c00434,403,1
juice,login,c465678605db1162,403,1
juice,login,148f2566be13f384,403,1
juice,login,168ceb84cc4e64f7,403,1
juice,login,a11c079678618a86,404,0
juice,login,7c7fd234086845d8,403,1
juice,login,baa53764a46571ec,403,1
juice,login,f6bfa6df38be0faf,403,1
juice,login,8d9eecd44424300d,403,1
juice,login,3954a1a075a5505d,404,0
juice,login,82c3b73706f7aa35,404,0
juice,login,8605031aaac7c82f,403,1
juice,login,8e83d08798ce0645,403,1
juice,login,5c3624c4933e2a63,404,0
juice,login,3ac5b4c3f7b258c9,403,1
juice,login,da107893f11089af,403,1
juice,login,5b9fe63526c5ce98,404,0
juice,login,6e6f436b2e899ce2,403,1
juice,login,f26759ddc778887d,404,0
juice,login,4d031a8679dc07ec,404,0
juice,login,e8e7d31a6420ddf1,403,1
juice,login,05242e49172ce6b8,403,1
juice,login,c21540f98851a2ff,404,0
juice,login,62b9a2075f629539,403,1
juice,login,9be8f2c874851bd8,403,1
juice,login,5b4fbbbac83433f8,404,0
juice,login,3c369218078f8e56,403,1
juice,login,f5d6de1b2d46db21,403,1
juice,login,35d2f40c21e38446,403,1
juice,login,a8fb5cfe726be30f,403,1
juice,login,ade40d0d25c33b3f,404,0
juice,login,ecfa1a6f0e65a543,403,1
juice,login,9e24f638eb17dd63,404,0
juice,login,95539c40854e5df9,403,1
juice,login,16491c5760894ee7,403,1
juice,login,ec1b4db9f0db04ea,404,0
juice,login,f586c8ae746d2758,403,1
juice,login,5848a2d8be5ddcff,403,1
juice,login,ae8bc84983e52e36,403,1
juice,login,f99838e195e1defa,403,1
juice,login,64ff3a14bc0a089d,403,1
juice,login,c6806934129b9138,403,1
juice,login,b74d643a7b444480,404,0
juice,login,2e636391f7b3c7d8,403,1
juice,login,066bade8dc4b1621,403,1
juice,login,358957d3219d3f83,403,1
juice,login,cfd2e89afa094fed,404,0
juice,login,4bb0913e9c30cf2a,403,1
juice,login,2d7576601cc0630d,404,0
juice,login,9b04c9581acf1f7d,403,1
juice,login,2e9394e826e064e7,403,1
juice,login,9b24dc8431fb62d2,403,1
juice,login,ed1e6ca6e7db567a,403,1
juice,login,d37c25d9ba16d72b,403,1
juice,login,f908f4f9fe494629,403,1
juice,login,0729ab22f97e34d9,403,1
juice,login,868693493b5ca3f8,403,1
juice,login,6f7862ab97e53dc8,404,0
juice,login,0e6d76a23a7e9f92,403,1
juice,login,e703f9c6041f94c1,403,1
juice,login,23dfdd174bed2c7c,404,0
juice,login,1142381a208d9cb0,404,0
juice,login,ddda0fc602cd0526,403,1
juice,login,f3e95512b45547cc,404,0
juice,login,749450a7a8073c38,404,0
juice,login,a6917fb8877b7787,404,0
juice,login,3ac24600ea175470,403,1
juice,login,c552f834fb8b5714,403,1
juice,login,fb6322857e9ae1ad,403,1
juice,login,a1269fd57d15d431,403,1
juice,login,6d74edd1de0b1c12,404,0
juice,login,65c8204ca07cc49a,404,0
juice,login,03d17a88f4f0da63,403,1
juice,login,d257a2c67a4991bf,404,0
juice,login,4303a8aae84a204d,403,1
juice,login,a4d6b408df4760a3,403,1
juice,login,a34a713b6faedf67,403,1
juice,login,ea5f360f66868bf3,404,0
juice,login,71f4f054e94a0ae2,403,1
juice,login,c317093103b13fbd,403,1
juice,login,34372166f3447518,403,1
juice,login,43ea1979a9d2437f,403,1
juice,login,833a24b0bee3f4a1,403,1
juice,login,5e11e3951eacfaa4,403,1
juice,login,1716b5101f316f05,403,1
juice,login,235c1a8eb559e18a,403,1
juice,login,1ecd6a305b11117c,403,1
juice,login,78334c71f6fca7cb,403,1
juice,login,f1f5885efcfda082,403,1
juice,login,942f1b9a41051a6f,403,1
juice,login,ed74094550413c63,403,1
juice,login,e23959d62586ad77,403,1
juice,login,b37329703135ea77,403,1
juice,login,58f2633aeebc02e8,404,0
juice,login,96197dc75b58972d,403,1
juice,login,f31bfa69461feba6,404,0
juice,login,41c2ff358a01de6d,404,0
juice,login,3b6926fb5504ad5b,403,1
juice,login,59f7a85b2919d56b,404,0
juice,login,a576eafbaf785d0f,403,1
juice,login,9c5a9fbf3afd3c12,404,0
juice,login,5c7c91f872e0f12c,403,1
juice,login,781c7c773cb6c4ff,403,1
juice,login,1da2a892884406c3,403,1
juice,login,8d8150e184b21a9c,403,1
juice,login,7fc76705296dfa3d,403,1
juice,login,11c162d413707eb3,403,1
juice,login,0fdfab0afd880659,403,1
juice,login,3aa0bd600c58341e,404,0
juice,login,6ff223f1c698f4c1,403,1
juice,login,2ac226781392463b,403,1
juice,login,13ae30bbe3cd6fe6,404,0
juice,login,3aebeb87142463cc,404,0
juice,login,2e9bb815e2d0169b,403,1
juice,login,9a033d939ff16a76,403,1
juice,login,c0c2df14848d136e,403,1
juice,login,f540a42e6cd86633,403,1
juice,login,ee030f05205a9fb1,403,1
juice,login,9150b5bfb56c8e4c,403,1
juice,login,16e38753938354c9,403,1
juice,login,0ea6682b62cb9d07,404,0
juice,login,7c46ef5d4156e7dd,403,1
juice,login,2529af59412f49fb,404,0
juice,login,ef08830323c5c9e8,403,1
juice,login,cb6fcd93cb7a1470,403,1
juice,login,f1d01a6732364a9d,403,1
juice,login,2431b9822c5e782c,403,1
juice,login,4c18da7c4b52306e,403,1
juice,login,56f73584f638254b,403,1
juice,login,f2f38b179802e069,403,1
juice,login,f1f40f95200aa666,403,1
juice,login,efa19804a6b93b21,403,1
juice,login,e61e7136538f5bc7,403,1
juice,login,b5bed0eb853b36d4,403,1
juice,login,e0303a644af40b10,403,1
juice,login,aab533fb9892fe43,404,0
juice,login,91f2c795e7ae98c3,404,0
juice,login,4d29d62c5f491cf8,403,1
juice,login,0f1a3d01394f1921,403,1
juice,login,ceb1a1c042ad56a6,404,0
juice,login,370b4c9a34c912a2,403,1
juice,login,b94c6612a550c77e,403,1
juice,login,f4bf7ba113d304dc,403,1
juice,login,4de48801faee27ae,403,1
juice,login,1bf16a82f758de3e,403,1
juice,login,1f7d1e745253ece0,403,1
juice,login,e5a77d7bb3ee202c,403,1
juice,login,96d3a93f32ec8e79,403,1
juice,login,b16cfd849c83b0b2,403,1
juice,login,f42feb5ca53f3bfd,404,0
juice,login,35ca8f2ccc6c36cc,403,1
juice,login,72d283bdd601d345,404,0
juice,login,92f7179f8534ad08,403,1
juice,login,81b39df2f2cf3996,404,0
juice,login,9159987ff96a31a6,403,1
juice,login,7c90b453ee29e8d4,403,1
juice,login,75d1b730fbf8edbc,403,1
juice,login,805253c0811417d4,403,1
juice,login,cdaf05a0cae0ae24,404,0
juice,login,ec9c06c8db93b464,403,1
juice,login,2c68be080bb26b36,403,1
juice,login,d0eae87021a200d2,403,1
juice,login,5c964cc15e22021d,404,0
juice,login,64fbc62879914163,403,1
juice,login,e7c7cbda5fab8da9,404,0
juice,login,fcb73fbedddb53ed,404,0
juice,login,71398af72f7d1629,404,0
juice,login,f2a30519a3924892,403,1
juice,login,b87e63b3f4a2cfbe,403,1
juice,login,e544e8090b40c53d,403,1
juice,login,6c54506a0d7082f4,403,1
juice,login,3dff5d566e4cc2a5,404,0
juice,login,4771301d12800946,403,1
juice,login,d26c67909b98649a,403,1
juice,login,b1ee1b272aea7dc9,404,0
juice,login,3e87ee8ae952be8c,403,1
juice,login,9245dd92f088f543,403,1
juice,login,17c04334e7ea2582,404,0
juice,login,f6b88960f71548b0,403,1
juice,login,f543fef460c2c900,404,0
juice,login,f735fb157cdcc178,404,0
juice,login,4a3dfe86a833c09c,403,1
juice,login,55e691ac0715476d,403,1
juice,login,c23abdc8509d5463,403,1
juice,login,912d7043a9baec6e,403,1
juice,login,fd21c6f558d0b2bc,403,1
juice,login,a2d66eda22244b2b,403,1
juice,login,3e9fecb57c60b88f,404,0
juice,login,5d5be212e420be3a,403,1
juice,login,47c4b768d5dd131a,403,1
juice,login,be2bcf0793f11840,403,1
juice,login,4b652480f91f47ca,403,1
juice,login,6a351ae0dc59dacb,404,0
juice,login,d936c75878177d9e,403,1
juice,login,3b0158a2e68688f3,403,1
juice,login,17ac2495baea9d95,403,1
juice,login,bea362a574bb10a0,404,0
juice,login,273dbda5993d1d6b,403,1
juice,login,a9961bc25a2941fe,403,1
juice,login,0481336296c10165,403,1
juice,login,b0bc926abfdf65ad,403,1
juice,login,23eed22ed3c2e479,403,1
juice,login,8fcbcfe08260ee85,403,1
juice,login,9e65468d50ec2119,404,0
juice,login,9ff3628614b093fa,403,1
juice,login,9929519fa1242a7c,403,1
juice,login,e8946fa07d4e05da,403,1
juice,login,d83322a83ee29bd4,403,1
juice,login,1825b9a9ca159d68,403,1
juice,login,f47ddaab9dbe8cd8,403,1
juice,login,bfd3281fedac1f48,403,1
juice,login,0eaa46cda3c6812c,404,0
juice,login,66da405e8b98945e,403,1
juice,login,e0a254bd285476c1,403,1
juice,login,9954b9130a854ba9,403,1
juice,login,8fa9b39715e716fe,403,1
juice,login,50bea8b75fdf9762,403,1
juice,login,82465eb380a25c15,403,1
juice,login,b05fdc416eab68d7,403,1
juice,login,1eb394988f6245b7,403,1
juice,login,f47f7485be6cb08c,404,0
juice,login,ebc49a53d76c97d6,403,1
juice,login,9a2024e98644dff7,404,0
juice,login,aba82502a407ba78,403,1
juice,login,0c1b2e2cb7b0bc24,403,1
juice,login,283070a09588cfe8,403,1
juice,login,2a5121e8a001d794,403,1
juice,login,25398ab758c6d5c1,403,1
juice,login,46665a5faa4d0d29,403,1
juice,login,e41a92b6dd8d3050,404,0
juice,login,71b957251426d59e,404,0
juice,login,ee47a10191da24b8,404,0
juice,login,7eae870f5469af21,403,1
juice,login,3f58a35d5c75a9a6,403,1
juice,login,cdd5391cea3eeb74,403,1
juice,login,37cec8507de55e8d,403,1
juice,login,e96668a8ce3803c3,404,0
juice,login,153fb0cb6a200606,403,1
juice,login,174c3b8c14c8b895,403,1
juice,login,5175955b36b587b2,404,0
juice,login,8884b6759ef7075c,404,0
juice,login,98562baec7e3a167,404,0
juice,login,3bf2607fad4ddb3e,404,0
juice,login,1f0db698a8777fab,404,0
juice,login,9ede687b167d8560,403,1
juice,login,125ead8dc9c32f2b,404,0
juice,login,1a92f7fea4f6e85d,403,1
juice,login,1bbb19a9768d16d9,403,1
juice,login,ccb16cbd59437ad5,403,1
juice,login,727531e100e2e770,403,1
juice,login,7c08080099e4e0be,404,0
juice,login,abee367d3593b38d,403,1
juice,login,c99aa059e6229a42,404,0
juice,login,75eca3dc7e994f4f,404,0
juice,login,ca1c643668b82003,404,0
juice,login,e50fb982d2f9ae82,404,0
juice,login,e112e9e26ddd41bf,403,1
juice,login,972286ec888cd72c,403,1
juice,login,693c773b614477d8,404,0
juice,login,7d4812624c905971,404,0
juice,login,6352032a597b6664,403,1
juice,login,7b6b7e593de1c976,403,1
juice,login,5713866065074e08,403,1
juice,login,2c473ee858ac8d36,403,1
juice,login,dda9a57ca4545c84,403,1
juice,login,6474e1058539aee4,403,1
juice,login,07ef6edf3833233d,403,1
juice,login,117204695b22652f,403,1
juice,login,d3eb9147b29b8a8d,403,1
juice,login,2144277ccba2b52a,403,1
juice,login,884844f7b4d9926d,403,1
juice,login,ed66082ed6d0e170,403,1
juice,login,0f0e9b82db53617b,403,1
juice,login,d59334bd15361f46,403,1
juice,login,b2f6d7049e7676a2,403,1
juice,login,36b0a27f15181f6c,403,1
juice,login,2c3208a38f00de9c,404,0
juice,login,a097266bd17f8438,403,1
juice,login,a24d626ad5ef0dd2,403,1
juice,login,3aef39f0f4a061c0,404,0
juice,login,4a0c691384e8c812,403,1
juice,login,a5e5bf9447babe24,403,1
juice,login,78d3c5019506ebaa,403,1
juice,login,17b12a9b9ea60ef2,403,1
juice,login,9a56f7593f89ecc0,403,1
juice,login,d0889c883942176b,403,1
juice,login,ff6c22e2ad8fecd8,403,1
juice,login,8e85b0fbb0927f2d,403,1
juice,login,b803999ad11fe292,403,1
juice,login,a0253cc7e4dc504e,403,1
juice,login,1f7322c19276c197,403,1
juice,login,d42900023fd6b39e,403,1
juice,login,11db5cde1c867221,403,1
juice,login,0aed24c11cc75f2c,403,1
juice,login,090c3e83671c1831,404,0
juice,login,5d800d31b44e1cf9,404,0
juice,login,14dfea92531c4da4,403,1
juice,login,30389deb2290e38c,403,1
juice,login,8d3203ca84f44b53,403,1
juice,login,2ceb463c7a17f174,403,1
juice,login,2299b0f4f924e4d2,403,1
juice,login,ac0a4b96d40594ff,404,0
juice,login,f6970e54d135dcba,403,1
juice,login,688e60f253b93041,403,1
juice,login,060f86a5b8dafaf2,403,1
juice,login,4cd50fe8a319964a,403,1
juice,login,0709a5377c6e9ce8,403,1
juice,login,091a77750c34ba05,403,1
juice,login,f73d89d687944ea1,403,1
juice,login,85e86af071a2b54a,403,1
juice,login,23b30d51f612e15c,403,1
juice,login,8701049a3b5d2a71,403,1
juice,login,8bc7600351847120,403,1
juice,login,8b9bfa7a187f89ce,403,1
juice,login,0814bdfd36961128,404,0
juice,login,00006188774d672b,403,1
juice,login,07089b3c6c157996,403,1
juice,login,cf77fb1e92e9461b,403,1
juice,login,2355f6ebb250b126,404,0
juice,login,0045d8b367e9305d,403,1
juice,login,10712b7f0be65f1f,404,0
juice,login,e12b6ba21f1d2bfc,403,1
juice,login,fb9bcaeee618732d,404,0
juice,login,0999c3553f7a983a,404,0
juice,login,faf834462b74ca42,403,1
juice,login,748f91c44074f7dc,403,1
juice,login,3e283a46f1785c93,403,1
juice,login,2f0fdbbf99a350b4,403,1
juice,login,b97097c08b42fd66,403,1
juice,login,50be300b427bb741,404,0
juice,login,0ec0b47da7532a27,403,1
juice,login,3725f7e3f410ebb0,404,0
juice,login,94ede8b6227ad7a0,403,1
juice,login,d306bfba465e860b,403,1
juice,login,827a3535d6eee56a,403,1
juice,login,0abff6767ffbe69d,404,0
juice,login,edadd879ffd9cc1a,403,1
juice,login,09c80abad778d0ab,404,0
juice,login,58a5629cfe3c3346,403,1
juice,login,7daf254c240334a8,403,1
juice,login,165e20c388966f79,403,1
juice,login,0806ff1162ab75e5,403,1
juice,login,a141c7010c19d8c3,404,0
juice,login,903003f84e560bdf,403,1
juice,login,b27e5e06e49fd4de,404,0
juice,login,337fd181aea6281d,403,1
juice,login,7a95ec09d603eeba,403,1
juice,login,a4f27b8fe3a144c9,403,1
juice,login,e9e41e0c1eb1d7e0,403,1
juice,login,d494aa0e78982ed5,403,1
juice,login,e6e068f269d8b2d6,404,0
juice,login,0c686bbffc4ceb48,404,0
juice,login,30b5ab59c49e4d42,403,1
juice,login,5b19d5a689932948,404,0
juice,login,19edf981d288c4a4,403,1
juice,login,b7329ae5137cbe19,403,1
juice,login,b44c62dab07803c9,404,0
juice,login,888b38f93af9c8d8,403,1
juice,login,399e9b984781cd3e,403,1
juice,login,fbdc83cfe3506a59,403,1
juice,login,465293a2a40ec78d,403,1
juice,login,8d0088f5dd20900b,403,1
juice,login,5480811b070513cf,403,1
juice,login,3c459b2464bcea1c,404,0
juice,login,702cb236024a8744,403,1
juice,login,f8a86a5917f3737d,403,1
juice,login,327a1d8a75dff6a9,404,0
juice,login,f0e48553be3a6df1,404,0
juice,login,2a51c13143c5995c,403,1
juice,login,e465765d4908ab11,403,1
juice,login,608f4593c19a2f1f,404,0
juice,login,dd1f532358245a20,404,0
juice,login,382db471e16817ec,403,1
juice,login,57c8fa3fd41e527b,403,1
juice,login,2a9bde066d8b3151,403,1
juice,login,f90c35138f199b18,404,0
juice,login,bc6df29877f588a1,403,1
juice,login,ca5729fbc81c5bc5,403,1
juice,login,d9deff1207d4e3e3,403,1
juice,login,0f0f85fcf2620d11,404,0
juice,login,2a6a0e457d593878,403,1
juice,login,a7b5fe41392e6fff,403,1
juice,login,f354a593616d9016,403,1
juice,login,053903a9e060aae9,403,1
juice,login,641116fbb701aea2,404,0
juice,login,1baaaac020b59600,403,1
juice,login,345045c91d4f18a6,404,0
juice,login,9b428e8aef19f209,403,1
juice,login,e5a9a0a1de0abe4e,404,0
juice,login,bf07ab6b728af35c,403,1
juice,login,6eef23c8e313daf2,403,1
juice,login,37caca5a0a98fe76,404,0
juice,login,bd4202df13bbfa85,403,1
juice,login,0b2e2eab19f61708,403,1
juice,login,9bfd6aab72bade4e,403,1
juice,login,76cc48e6d5d28519,403,1
juice,login,4e10cdcd188a2a07,403,1
juice,login,02c6c737e9b120ee,403,1
juice,login,4679b97d5d0998f1,404,0
juice,login,df28c85734035321,403,1
juice,login,8f2cec372ffb3ceb,404,0
juice,login,23b525c501515c5d,404,0
juice,login,0994d59a4822b90f,403,1
juice,login,8247eaca0024c31f,403,1
juice,login,68acd81cb62f49c7,403,1
juice,login,ac7df4d5e8e024fe,403,1
juice,login,4b0d72a661fd225a,403,1
juice,login,81cf08e93c3ff88a,404,0
juice,login,89bb98f5616a8d27,404,0
juice,login,8ad6632c49c6ea20,403,1
juice,login,eb6b56cb06477574,404,0
juice,login,baf766f3b15b91c9,403,1
juice,login,4a2fb5e519606c1b,404,0
juice,login,b911802b62cf533f,403,1
juice,login,945aaa5ed6f80aa3,403,1
juice,login,ac8b93ef0117a71d,403,1
juice,login,4e83487efa6c1420,403,1
juice,login,d86c22b4dd7bdf67,403,1
juice,login,80adbd8837236ff3,403,1
juice,login,a5945bddd68285c3,403,1
juice,login,9dad054b926eda89,404,0
juice,login,f014692cffa9c056,404,0
juice,login,039a19a2939c7ad4,404,0
juice,login,11f60a04c8da4d58,403,1
juice,login,55a44546d39c2266,404,0
juice,login,276d5d0355ed50b9,403,1
juice,login,1a0e9528a86fe262,403,1
juice,login,f1b1fb7395d0e978,403,1
juice,login,fd96c204bff101dc,403,1
juice,login,d1a127a89224f869,404,0
juice,login,f0ebda629fb19156,403,1
juice,login,d4b629224bcf3622,404,0
juice,login,845fc3ccdadf406c,403,1
juice,search,a68764daa9b89221,404,0
juice,search,b4a3621533efdb0b,404,0
juice,search,0c96e204ce7945aa,404,0
juice,search,f937d2859f49a16f,404,0
juice,search,1c7ca2b91a6b9244,404,0
juice,search,a7c9dd1644b7f40f,404,0
juice,search,a06c0c4552dded93,404,0
juice,search,b111d39bc134dfba,404,0
juice,search,f01d46508c1a1c39,404,0
juice,search,8b5fb9a3c513a50a,404,0
juice,search,a2b6086d870bd7b5,404,0
juice,search,520e88757cfad04a,404,0
juice,search,881b6436a95789c0,404,0
juice,search,e340c034f3e81c55,404,0
juice,search,e06a2f271f7d2933,404,0
juice,search,332ff83d47a06fd5,404,0
juice,search,cf20d5c2a26323aa,404,0
juice,search,c1bfb829af31266b,404,0
juice,search,5ba2df4379a185cb,404,0
juice,search,2ac4870663a42977,404,0
juice,search,7bc29d3d953aac32,404,0
juice,search,1207a72fa27da7b2,404,0
juice,search,6a9944bf86e3e393,404,0
juice,search,0fe951a11101ae5c,404,0
juice,search,1024981498de1f8b,404,0
juice,search,9436ba7bd48a81b4,404,0
juice,search,4b7dfe9e9e75a956,404,0
juice,search,095da52a90bef6c1,404,0
juice,search,b767718b4554a54f,404,0
juice,search,96af8121479b136e,404,0
juice,search,5851e99300c9a441,404,0
juice,search,00ae8d3254f19c25,404,0
juice,search,cde37efffb97cb19,404,0
juice,search,c424ca7f279361d3,404,0
juice,search,468e562618ec3168,404,0
juice,search,cf9652a50b3ce960,404,0
juice,search,90d2ae3bf503aa1b,404,0
juice,search,85811fa493a67709,404,0
juice,search,f4368045e50efe4b,404,0
juice,search,6de09e9eb5607fee,404,0
juice,search,85cd9092e41de088,404,0
juice,search,42f227c32c635123,404,0
juice,search,ea28070b32bd2a7c,404,0
juice,search,5296a0b96b693adf,404,0
juice,search,59a4aee5481448e8,404,0
juice,search,63637ee9f41badf4,404,0
juice,search,c67b7a9613a60761,404,0
juice,search,4101bdb630679786,404,0
juice,search,1143184007f6dddd,404,0
juice,search,4153e6274ed12b35,404,0
juice,search,40c65125a9f22e15,404,0
juice,search,4c5f0de39ae94117,404,0
juice,search,357a4cb854a11d91,404,0
juice,search,465e65b562e674b3,404,0
juice,search,71a0a735f65b496e,404,0
juice,search,53984dbfd954c479,404,0
juice,search,d3d2f17f61c9f7c6,404,0
juice,search,d2c49a78169e3ee2,404,0
juice,search,d98e94391b66ce80,404,0
juice,search,2c809781869e5a7a,404,0
juice,search,25c801864a580a8e,404,0
juice,search,31779b75a300ccbb,404,0
juice,search,da4b60576a477d75,404,0
juice,search,bd9aac675249035f,404,0
juice,search,04c3f0e6a8649680,404,0
juice,search,78a34660d16c036c,404,0
juice,search,10aa1647ff8e3975,404,0
juice,search,46669c6fce8a4176,404,0
juice,search,7748d17a38ccc5f3,404,0
juice,search,4f809aee46d38523,404,0
juice,search,b68aaeab1cc7ba39,404,0
juice,search,aa2b02e01bb99f31,404,0
juice,search,c46caa4f1382fe12,404,0
juice,search,63617c713dba90c7,404,0
juice,search,eb76821c66a747be,404,0
juice,search,25ab3299f89c49e0,404,0
juice,search,29c0ab77c1b286ff,404,0
juice,search,c7cdafabd20fcb1e,404,0
juice,search,e6fd7fb06b9f35ca,404,0
juice,search,04c16157e1ce3542,404,0
juice,search,1f008c5b66a5eb19,404,0
juice,search,07d9b712526ef282,404,0
juice,search,235bcbe4347e23af,404,0
juice,search,0d6bbdd986dde58e,404,0
juice,search,6c0488c6142fe855,404,0
juice,search,3794800c54bf7c6d,404,0
juice,search,5baa3ec80286ffd4,404,0
juice,search,ecee250ac0eaf50c,404,0
juice,search,9f6957135b819dfb,404,0
juice,search,21ef734b203345eb,404,0
juice,search,b8f1a495d86bba13,404,0
juice,search,c083bb8577e69712,404,0
juice,search,e064049d7cc9c8ae,404,0
juice,search,f3867b95376a48f2,404,0
juice,search,becad315f16e1369,404,0
juice,search,86cf41db4ed20b75,404,0
juice,search,a16f49f6383e28f3,404,0
juice,search,3f01709bab0007b2,404,0
juice,search,48fb44015a09d411,404,0
juice,search,5feb3ee79b419fe4,404,0
juice,search,8404f67e61a9fcaa,404,0
juice,search,529f22618823f435,404,0
juice,search,22767cf11f4d462a,404,0
juice,search,afeeee9241354cc2,404,0
juice,search,4eba9e8ef4a96e33,404,0
juice,search,e3d92932c715a76e,404,0
juice,search,8a693883df236a39,404,0
juice,search,a05e2a9762f19441,404,0
juice,search,05f89346af7d49bf,404,0
juice,search,39e0a60d99839567,404,0
juice,search,5f773e98e078cea7,404,0
juice,search,a968aad21ed938be,404,0
juice,search,5875cb18e1856f5e,404,0
juice,search,4850d80c8376fb1e,404,0
juice,search,bd34c867b9fef412,404,0
juice,search,bb9855096ff7677f,404,0
juice,search,c47980e3810d4c4c,404,0
juice,search,31fdb11567de5602,404,0
juice,search,67c5b7ccf9db260a,404,0
juice,search,6f4434c3020c1fd4,404,0
juice,search,54ba4f7e4e2f04ab,404,0
juice,search,964a1287a468551d,404,0
juice,search,ab75d106fbc8ac3f,404,0
juice,search,d7c68b8d551cfaf7,404,0
juice,search,3f9c345770a74fd5,404,0
juice,search,ed91a1edc54caef1,404,0
juice,search,e8730c51878085ad,404,0
juice,search,0c3eca3d824b9e59,404,0
juice,search,18efd4d7e3ebade8,404,0
juice,search,8b07194df452fa10,404,0
juice,search,c3b6c4d83795de54,404,0
juice,search,03a9c52450c6f9ae,404,0
juice,search,82ce373feb0f2547,404,0
juice,search,42c11170c1155160,404,0
juice,search,e72148d764c8a33b,404,0
juice,search,674e6941511c9b7c,404,0
juice,search,64496a3cb78c4de3,404,0
juice,search,7b73c0a47a68b12e,404,0
juice,search,7ee75fa6a4ec83c5,404,0
juice,search,b0b991c871676cd8,404,0
juice,search,05192d79c8933a91,404,0
juice,search,610a567c087f2a71,404,0
juice,search,aa34ad798df1bf23,404,0
juice,search,35774eb1149e3619,404,0
juice,search,057751d0189152c4,404,0
juice,search,157a6f94e46ed343,404,0
juice,search,3459402cf46d4166,404,0
juice,search,9eeb887551e7f8b0,404,0
juice,search,8cc307a8064c8b9e,404,0
juice,search,06d9b13ceea0d29b,404,0
juice,search,7b956077ae6639c7,404,0
juice,search,bb613c90dc0ede5b,404,0
juice,search,65b73cf801e415b3,404,0
juice,search,8ba283b89ce208d2,404,0
juice,search,6fd53b5e2f4f4c28,404,0
juice,search,d50ee7c5fd6dfb45,404,0
juice,search,cd1597925b7c85af,404,0
juice,search,29a01f455001e244,404,0
juice,search,72ef2fa6888d5d71,404,0
juice,search,9771a78d56e0b232,404,0
juice,search,f15639446e3df973,404,0
juice,search,289b63ad346fdb96,404,0
juice,search,2c926f95b07efb5f,404,0
juice,search,33342da52c734bf0,404,0
juice,search,a312384b286a2ddd,404,0
juice,search,0e2bb178665e26d8,404,0
juice,search,39d48a11115432f0,404,0
juice,search,4d1f7ca84ff2c023,404,0
juice,search,c953ef396f028427,404,0
juice,search,a31232dc0eb04f01,404,0
juice,search,43994eb5bde80d8f,404,0
juice,search,daf5cb7b50ce9841,404,0
juice,search,aa107f79980fee6d,404,0
juice,search,77e02308eb4dafce,404,0
juice,search,58f562b957aa93f9,404,0
juice,search,25df34e1aea6b71d,404,0
juice,search,92aaa45c33baf792,404,0
juice,search,9252f724d038b985,404,0
juice,search,5c85e354a3988ea8,404,0
juice,search,356251a09a5e50f0,404,0
juice,search,4303784ffee7b339,404,0
juice,search,550d6fef20aab78c,404,0
juice,search,efa5f44486d76398,404,0
juice,search,d28b48b898fe683e,404,0
juice,search,405c910ce6aac4a5,404,0
juice,search,fc56bd836ee38cb9,404,0
juice,search,45d1daa6ab0beede,404,0
juice,search,6600125f1ecc170c,404,0
juice,search,b683b24e91c4683e,404,0
juice,search,54546d50d7785e40,404,0
juice,search,5fe50bafc8eb9a46,404,0
juice,search,a610cc4b9cbbee61,404,0
juice,search,f8d5c4095910be31,404,0
juice,search,3a378c99aa966c85,404,0
juice,search,6b47fabc83f6164e,404,0
juice,search,454741789ff493e7,404,0
juice,search,694d9874dcfe1866,404,0
juice,search,df3b9f229f93d400,404,0
juice,search,40f12b914c47f0de,404,0
juice,search,77ec5767fe714bb7,404,0
juice,search,5ae7501e589fc8ca,404,0
juice,search,5c0d4fd9d40f5896,404,0
juice,search,a2f769a71a1506b1,404,0
juice,search,b0ba75c276b93386,404,0
juice,search,b134a73808fe4056,404,0
juice,search,8f0aafddc060b571,404,0
juice,search,91ada50fc6236570,404,0
juice,search,8d8e97e2d2a6387c,404,0
juice,search,ea0ece5c9b9a2f88,404,0
juice,search,4b4291afbf6a6e68,404,0
juice,search,034cfad9ff3898db,404,0
juice,search,25bf07461a4b5de7,404,0
juice,search,9474273ec8ed60b3,404,0
juice,search,f1ae64acf41835bd,404,0
juice,search,b298d6e4289e7f87,404,0
juice,search,914ac68877a7e046,404,0
juice,search,ba5f7f8e5e01c618,404,0
juice,search,37231ab8a6a8261d,404,0
juice,search,bcea612e7884e7b3,404,0
juice,search,70fe6716d177bedf,404,0
juice,search,9f7b1399a5ddd41e,404,0
juice,search,64ff1dba0080d19b,404,0
juice,search,c762cbaa68a8d557,404,0
juice,search,eb698459616645de,404,0
juice,search,5c455d32af20285c,404,0
juice,search,5900d2c2649ee1e9,404,0
juice,search,572e4d3167f3ab0a,404,0
juice,search,698302b099d156f1,404,0
juice,search,ceeaccddbc94edad,404,0
juice,search,706db4e2ae1c5cf3,404,0
juice,search,316c5b2225507c41,404,0
juice,search,69b72ecfe3511e44,404,0
juice,search,f0fe511a5c26d54d,404,0
juice,search,e8f3170fda81cb64,404,0
juice,search,e9b56fb321f5a7e6,404,0
juice,search,7b6b02a1cca37422,404,0
juice,search,3609e9c3d766fee6,404,0
juice,search,d8fe8f0012752e1f,404,0
juice,search,6820f0db06185945,404,0
juice,search,7b6e22b3e40bb327,404,0
juice,search,8a2beb52b510d6b5,404,0
juice,search,123b6b5132e897e8,404,0
juice,search,582eb5abadbb4895,404,0
juice,search,5e9ff766fbe1dcaa,404,0
juice,search,0aee35bef596001a,404,0
juice,search,3744c58c40a73bc0,404,0
juice,search,300724d5b411e7af,404,0
juice,search,31e83a684a730e58,404,0
juice,search,64960288a86e1b5a,404,0
juice,search,acecc3dfb3369be8,404,0
juice,search,9aa7f36af6207659,404,0
juice,search,efc9605d67d51109,404,0
juice,search,13788cd7a18a12c8,404,0
juice,search,bcdd5f89542545df,404,0
juice,search,7ed27bb8bb2ac542,404,0
juice,search,923d7da69491f197,404,0
juice,search,be26a99ee4577adc,404,0
juice,search,f180cbf0c87b3a7e,404,0
juice,search,93653a6e69a3cdc7,404,0
juice,search,9f33534f722eaecc,404,0
juice,search,9cf18d2a5db76396,404,0
juice,search,d036cdd0617856cd,404,0
juice,search,75eeba85570fb02a,404,0
juice,search,c4ca0116638c8560,404,0
juice,search,8cde700e71a7631e,404,0
juice,search,0adc8748260181be,404,0
juice,search,c12d044706c64016,404,0
juice,search,1545284f1ca03709,404,0
juice,search,7cae9c34016628c8,404,0
juice,search,b256432b73e29568,404,0
juice,search,0b82aafb11672737,404,0
juice,search,83d401630c3709eb,404,0
juice,search,cfdc8f098c853beb,404,0
juice,search,b6056c8ed39cbe36,404,0
juice,search,7a5d075e3ddfbebd,404,0
juice,search,a13210078e132b12,404,0
juice,search,ce6be3bf84d486c7,404,0
juice,search,ac50c48bb2b33742,404,0
juice,search,79d8aaa5fa72de19,404,0
juice,search,c5408aba9e4a431f,404,0
juice,search,65b1ff60e6217bd0,404,0
juice,search,12c4b722ffc8236c,404,0
juice,search,d51b091b95f51b21,404,0
juice,search,ac1936ba8c84eee9,404,0
juice,search,6003d8b6dc36ba01,404,0
juice,search,50634913bbd71820,404,0
juice,search,9ea83f1db0521b0b,404,0
juice,search,df12e899894885f6,404,0
juice,search,4a03b8a863388c00,404,0
juice,search,86e2fbcca1b0a5a3,404,0
juice,search,f4eecd6a00384690,404,0
juice,search,a00a560685342d21,404,0
juice,search,5440d5b43be5e71a,404,0
juice,search,322c1122d993a67e,404,0
juice,search,b17c7c8178904ba2,404,0
juice,search,d8c9b69968380bab,404,0
juice,search,f086d0420f9df230,404,0
juice,search,968ae0def6dc2536,404,0
juice,search,90f757b76af717e0,404,0
juice,search,cffbe4fd9b1ff593,404,0
juice,search,eb97644611969a7d,404,0
juice,search,4cf37554d9beeae4,404,0
juice,search,36977e89a02d78ec,404,0
juice,search,ac398695c66dc061,404,0
juice,search,53cd264f41dfedfe,404,0
juice,search,96e0ce06d12a35b8,404,0
juice,search,447343757c14a20f,404,0
juice,search,f3fe27b6dedc480c,404,0
juice,search,6bae5757a00f6891,404,0
juice,search,f64eddca1c8a80c9,404,0
juice,search,adfc326cd93a4d8d,404,0
juice,search,3822bc9fbf81799f,404,0
juice,search,984126c3db2903a7,404,0
juice,search,0bcd8fe75e335c89,404,0
juice,search,6207e6317b26d894,404,0
juice,search,f0fd68952dd57108,404,0
juice,search,b260830f6f384985,404,0
juice,search,d6f81443d9e4cf60,404,0
juice,search,c1a005a9da7a6850,404,0
juice,search,f4ea9084763ca38e,404,0
juice,search,d6826985d26ee1f0,404,0
juice,search,4580fbb5100f7a86,404,0
juice,search,fab23a9134bbad55,404,0
juice,search,80eb040600b6d078,404,0
juice,search,61f81683f0c25f2b,404,0
juice,search,e37703282593b1e8,404,0
juice,search,b710f924e9099b9f,404,0
juice,search,20b56c7c278227ad,404,0
juice,search,0ecd61496db73346,404,0
juice,search,09b0c8e2ea13e7a0,404,0
juice,search,dbcc1e3a7015ede7,404,0
juice,search,5738e000151c4627,404,0
juice,search,b81e244d23c0f7a1,404,0
juice,search,354f6c5b9239af9c,404,0
juice,search,b36bf1da1b3411e9,404,0
juice,search,46840782da1b5b53,404,0
juice,search,eaa70acf398c618c,404,0
juice,search,09672c1d216866c1,404,0
juice,search,c587afff7e0102c6,404,0
juice,search,4229293d64585d9e,404,0
juice,search,ac5851ca94430a7a,404,0
juice,search,0e7ccc1d3562d434,404,0
juice,search,73f4b7303a9d16f7,404,0
juice,search,812fd8c7f300e297,404,0
juice,search,b0aa19ae2f182d02,404,0
juice,search,4e74deb82336e182,404,0
juice,search,43c67b0f8555f547,404,0
juice,search,75bf6b20b57a3bd0,404,0
juice,search,a846f8fae3e5fb99,404,0
juice,search,59e2326b0e7b519d,404,0
juice,search,698e66d0f10f264c,404,0
juice,search,5fc9983f455e3a39,404,0
juice,search,a2f9d41bf999b2af,404,0
juice,search,0f724add40f95a40,404,0
juice,search,fc35a08ffd7a0d3c,404,0
juice,search,90f29f50af9d328b,404,0
juice,search,774dd2776b2c6062,404,0
juice,search,b1d0e7d242300719,404,0
juice,search,5dea4f2e8730379e,404,0
juice,search,1610da5ae2baa0c7,404,0
juice,search,d557b729da9615a7,404,0
juice,search,16a7f7f66417b58c,404,0
juice,search,439db5b2417b0d72,404,0
juice,search,7083ee09657f2606,404,0
juice,search,05ec3cf95bf44822,404,0
juice,search,a37d64fb991eb84a,404,0
juice,search,57ce48c067f35e5e,404,0
juice,search,c1de8627ecbf1eb2,404,0
juice,search,478cc880562b8dad,404,0
juice,search,243a4babf6f5ec76,404,0
juice,search,ed1ff243a5c8f9dc,404,0
juice,search,14245f74cc196e01,404,0
juice,search,45e8af77d7971d4f,404,0
juice,search,a8c9bb97f81ad85c,404,0
juice,search,631a6deec8068519,404,0
juice,search,581866295886abc4,404,0
juice,search,80bfac871828dd1e,404,0
juice,search,4928d0758e8456ed,404,0
juice,search,893849d59eec06ac,404,0
juice,search,2ea4fde530271c2b,404,0
juice,search,eef404c576a94016,404,0
juice,search,cf616aba5a2bc17c,404,0
juice,search,3f8ea989537140e3,404,0
juice,search,8803c19497b862aa,404,0
juice,search,5c0ff85857087eee,404,0
juice,search,27e91ce024c64f76,404,0
juice,search,36169757dfa4c785,404,0
juice,search,58a245be3e68fc89,404,0
juice,search,91494f2e6330974d,404,0
juice,search,988170aebc4a10bd,404,0
juice,search,25d285c706ad0317,404,0
juice,search,fc82a6fd4b678ef8,404,0
juice,search,fdf79db55455b88e,404,0
juice,search,fe76877ea262ff1e,404,0
juice,search,33e4ec9a154e3980,404,0
juice,search,77bc75f118a70cd0,404,0
juice,search,c3be4a969093f224,404,0
juice,search,aec2138f22839a69,404,0
juice,search,6c7c3c8f39e52652,404,0
juice,search,c5594f1db6c13662,404,0
juice,search,5ec76385ee2c9fd6,404,0
juice,search,1b075fdb326df4ee,404,0
juice,search,a159de0120ac68fb,404,0
juice,search,6cc8a5af68a4cd46,404,0
juice,search,c0d702080483b5c9,404,0
juice,search,0af90bee020c5a16,404,0
juice,search,360c27be442ffc99,404,0
juice,search,14e8d5e274c62a29,404,0
juice,search,ee562e9f04d44193,404,0
juice,search,12c2cb68dc0cc175,404,0
juice,search,ca7ef73c5604879c,404,0
juice,search,270a58dca55849c7,404,0
juice,search,5a049f6886504c3f,404,0
juice,search,3ace587dbfff0a72,404,0
juice,search,3f7d39a4cc252a41,404,0
juice,search,32df60026c42499c,404,0
juice,search,30ebcab4ac80c04b,404,0
juice,search,fa02c10a4ef7ac2c,404,0
juice,search,4aafd52e152c5e79,404,0
juice,search,951ea0cf21d7a88d,404,0
juice,search,8949022aac9c8b88,404,0
juice,search,e3bb7256808cd20a,404,0
juice,search,8345473ee131b014,404,0
juice,search,40ead16c26944de3,404,0
juice,search,e3597a1f5d56cfe8,404,0
juice,search,103411870aa64f4f,404,0
juice,search,252ba74432cd2d02,404,0
juice,search,fb939110422d2968,404,0
juice,search,feb11b3fee4f3a65,404,0
juice,search,77c9f8d042dee075,404,0
juice,search,44f633c52de7e528,404,0
juice,search,35c8622f31b4c288,404,0
juice,search,fb2337966083f419,404,0
juice,search,43abb25e0e8f62ea,404,0
juice,search,6be1c48bd08958dc,404,0
juice,search,a149ea64e70c1d95,404,0
juice,search,ff6a93e1071a8436,404,0
juice,search,db92857f150708db,404,0
juice,search,96baa7ac36d4a21f,404,0
juice,search,0994b8fa8a90effe,404,0
juice,search,e2726683e02ccc2b,404,0
juice,search,294a5e45fd277aab,404,0
juice,search,6e69b161f2e6b23b,404,0
juice,search,6a23ea07e7ec2b08,404,0
juice,search,25195c565c55af54,404,0
juice,search,79eb8afd547213b9,404,0
juice,search,4d5b17ec4af3f1cd,404,0
juice,search,d9f940b5a27ca9bb,404,0
juice,search,5b255e09a9c4d9cf,404,0
juice,search,a8757eac663a3a24,404,0
juice,search,7d641f7e5d9cb340,404,0
juice,search,707f83c692ecf6b5,404,0
juice,search,ba021bd999d533de,404,0
juice,search,a311f307544c3683,404,0
juice,search,0137968754208b05,404,0
juice,search,50258ad6b1e8603e,404,0
juice,search,254b60be4db2fd71,404,0
juice,search,ef13dc804f6b17a6,404,0
juice,search,42c9f8e7f3356cae,404,0
juice,search,0eedda20c1739cf3,404,0
juice,search,ee050d95dccdd461,404,0
juice,search,8a0508355829eafa,404,0
juice,search,1b9ab118a8e03834,404,0
juice,search,33f7f84fd895a0c7,404,0
juice,search,a67648aca5bba4e1,404,0
juice,search,ff266cee789fb17e,404,0
juice,search,e485a55e8891cfdb,404,0
juice,search,5cd6147d7ae13844,404,0
juice,search,27ee6811cff5a8ad,404,0
juice,search,b77b6cd2ccee79d4,404,0
juice,search,1a49f330cbe5aef0,404,0
juice,search,8cb1403c91d5698d,404,0
juice,search,a907d6913f0be740,404,0
juice,search,567b9d7b12a8fa9e,404,0
juice,search,738eaa2645f41ec6,404,0
juice,search,2d7afbf3bc953740,404,0
juice,search,3aa97bca0246e2b5,404,0
juice,search,0f76077a82406776,404,0
juice,search,b9ef455f47e588fe,404,0
juice,search,792ce1e4c5a7d57c,404,0
juice,search,bfbf9de48018f647,404,0
juice,search,1c640f84488be430,404,0
juice,search,f9d1e3ef3c07465b,404,0
juice,search,ee7e3def3fc36854,404,0
juice,search,93ca645129041c34,404,0
juice,search,987d79aa9fb3ce15,404,0
juice,search,30fe940b401dff7a,404,0
juice,search,ecdddd4b9f4e9509,404,0
juice,search,6b550053ce8e6681,404,0
juice,search,791db6667b0a9bde,404,0
juice,search,c52b732f206dfcb1,404,0
juice,search,4bb98fc1ea6d3a61,404,0
juice,search,2f2456119b477744,404,0
juice,search,6504b6d27d34ed46,404,0
juice,search,abf500d0cecfe3d1,404,0
juice,search,cc6303d7302954b2,404,0
juice,search,75b4726f7c9a2464,404,0
juice,search,9751e09d9ab8170b,404,0
juice,search,11df67eb0d529569,404,0
juice,search,c7acf4d4c57e88b2,404,0
juice,search,8e85eb6f7b1808e5,404,0
juice,search,503ba29141a7df30,404,0
juice,search,eebfb21a33fdcfc7,404,0
juice,search,b0956fa238d1ca9b,404,0
juice,search,fd512ccd0b391616,404,0
juice,search,fb9aeae671b710eb,404,0
juice,search,107a8128e5d58d90,404,0
juice,search,78b48f9598c79e9e,404,0
juice,search,a0ae564985c798db,404,0
juice,search,eb73939c83afaf15,404,0
juice,search,47a31093dc1efcca,404,0
juice,search,23344b4c96fe9c9c,404,0
juice,search,2203fc3344b00439,404,0
juice,search,61b248bd591d45dd,404,0
juice,search,41f756068b711fe2,404,0
juice,search,79681dbb21fcc1c1,404,0
juice,search,743adb7b28d440e6,404,0
juice,search,5888f1342f6ff27a,404,0
juice,search,f076fb3184ef63b0,404,0
juice,search,c619fd0ccb9bd31e,404,0
juice,search,6a773f310b5451ec,404,0
juice,search,f8f21981e2d2667f,404,0
juice,search,09e28063fd045c2c,404,0
juice,search,1933ec405830cea1,404,0
juice,search,3f002cc870a937f9,404,0
juice,search,7338a909c2999a52,404,0
juice,search,22047ce95630b8e3,404,0
juice,search,7d3852fb1fd6b718,404,0
juice,search,4b982135d32a7d5a,404,0
juice,search,217f4788c5afafac,404,0
juice,search,cb3fac3ec7b11788,404,0
juice,search,0fbcd458520a4025,404,0
juice,search,5b43c02f004e6eba,404,0
juice,search,f5f7002a5ea816da,404,0
juice,search,68eb93ac16e7dcd5,404,0
juice,search,a5fc2942086f62bb,404,0
juice,search,beb4f8b8c5d9053e,404,0
juice,search,633d061717500b5f,404,0
juice,search,f51696fcd476e480,404,0
juice,search,14f0dc61bab99a3f,404,0
juice,search,5d5fcc919fe581dc,404,0
juice,search,dfdb63828c1369c1,404,0
juice,search,f50739c397e66c6c,404,0
juice,search,72aa788e925ece11,404,0
juice,search,30c8c799fbde4ab7,404,0
juice,search,9d0c06ba28941687,404,0
juice,search,212e1f4b678827c8,404,0
juice,search,ac916365c6e525a0,404,0
juice,search,f589341be09d7d61,404,0
juice,search,f40d98d932827a41,404,0
juice,search,009760e8e989fb6f,404,0
juice,search,5007c0ddda8b7290,404,0
juice,search,cc94c871fee58928,404,0
juice,search,52cc4c5d9ffa7541,404,0
juice,search,8a0ce5526f34f2fc,404,0
juice,search,e328c7f195ee75ed,404,0
juice,search,a87ff4b9f51ac819,404,0
juice,search,bc549c08259e7871,404,0
juice,search,3f9c2afca004dc0a,404,0
juice,search,a6d69073edc929af,404,0
juice,search,9d3a99c8921780e1,404,0
juice,search,52394760f01e822b,404,0
juice,search,4e7cbfb1d8be7484,404,0
juice,search,a979123d4c555f06,404,0
juice,search,5bd54dc09e6e8b63,404,0
juice,search,f61dd527629f928c,404,0
juice,search,03eb31209af19e30,404,0
juice,search,f05ac138fa7ef59b,404,0
juice,search,72f6bfd8da6fdb8b,404,0
juice,search,69e5561d12a28fef,404,0
juice,search,84cdf00f5607d08d,404,0
juice,search,840b7845c2e9a77c,404,0
juice,search,fa8e1e3e0b9dc39f,404,0
juice,search,add6737a013b8ca7,404,0
juice,search,84b7d0bd6799bc8b,404,0
juice,search,83fea7dccb5e3877,404,0
juice,search,3ecb48fb8b7851e1,404,0
juice,search,8bfd76e4b1faf99e,404,0
juice,search,1a852f5388154fcc,404,0
juice,search,a7be0c04395ba0d2,404,0
juice,search,4cd283c83f38232c,404,0
juice,search,50fdb06363be4444,404,0
juice,search,929a335768d742af,404,0
juice,search,933e181e92233e13,404,0
juice,search,79530900baddeab6,404,0
juice,search,880a604019560003,404,0
juice,search,f3d8bc5543d07a46,404,0
juice,search,7b9c97fa3a261275,404,0
juice,search,b4e6b891439089df,404,0
juice,search,6b56102d9bb643e3,404,0
juice,search,3fe34b0d8a39697f,404,0
juice,search,c13e77b1351773cf,404,0
juice,search,bcb3f0cc9da294c1,404,0
juice,search,95926d16bf0f656f,404,0
juice,search,14a1052e2a93de76,404,0
juice,search,4a530ae4cc9458b4,404,0
juice,search,933a0b6ab85cd93a,404,0
juice,search,1e43cecab17bc383,404,0
juice,search,d6c9b5acb5f7c867,404,0
juice,search,fb74d94e3c762dbb,404,0
juice,search,65ef0ecc8ed61a5a,404,0
juice,search,0ae7b4cdcdbad547,404,0
juice,search,cbbf132e1624b199,404,0
juice,search,d23d380139977bd9,404,0
juice,search,b73545c985ac41a0,404,0
juice,search,cb26cf8a69c43b61,404,0
juice,search,9d8b240817a752a6,404,0
juice,search,dbbf5b79bda00ef5,404,0
juice,search,4cc38f0275996d80,404,0
juice,search,b3993e2395cad171,404,0
juice,search,b4125a8acc49249c,404,0
juice,search,d8d4236fc6b88b68,404,0
juice,search,c53c418cb99a3b00,404,0
juice,search,ef92d1c80e0ee9d4,404,0
juice,search,abe3f120b77cd468,404,0
juice,search,40ccb2df48ce1df1,404,0
juice,search,25b08e0d6a2d5ef9,404,0
juice,search,3b6dcb3d11f17066,404,0
juice,search,7e894cc64f45db6c,404,0
juice,search,efa598b771a470bb,404,0
juice,search,5bb192a9e56ee729,404,0
juice,search,402c02cc97035b6d,404,0
juice,search,d8dc151aadb6272f,404,0
juice,search,d6d21c0c005c02af,404,0
juice,search,7f008f8a1b074e9d,404,0
juice,search,25143f220804c099,404,0
juice,search,d38ff18d330e09f0,404,0
juice,search,4a468c2e5390b754,404,0
juice,search,8241bf2b7bb57064,404,0
juice,search,4d280c57daecb9d3,404,0
juice,search,743fcb296db39432,404,0
juice,search,daab641a16d7b797,404,0
juice,search,3502b15bb9c34565,404,0
juice,search,e7ac8c30ab019eeb,404,0
juice,search,cb7db4724362ee60,404,0
juice,search,0407d41238bfe417,404,0
juice,search,733aa08b22552796,404,0
juice,search,cc0749a00d5b7cbc,404,0
juice,search,730469f52462ab90,404,0
juice,search,ab1d42d56aff9d2c,404,0
juice,search,dc92856f0c48b84a,404,0
juice,search,bef30905807025e7,404,0
juice,search,adb6bcd45c667d8b,404,0
juice,search,ddb77f0e888f79b6,404,0
juice,search,97168d147d72e3d4,404,0
juice,search,e1b66337b57ce511,404,0
juice,search,3db61951d6e852d3,404,0
juice,search,ddd58902e5742894,404,0
juice,search,e9d7327d9fbe7a1d,404,0
juice,search,99ef1d49eb3ad71b,404,0
juice,search,4df6c73a8ca367ef,404,0
juice,search,554b5dea3cc2e53c,404,0
juice,search,6824da848c8561b5,404,0
juice,search,9299f8f660d6d7c0,404,0
juice,search,562e9f55157daabd,404,0
juice,search,db91519383039633,404,0
juice,search,f659547959cd71da,404,0
juice,search,c73fc799a9a88e9e,404,0
juice,search,059bd845ec759da0,404,0
juice,search,d57a14437ad140c6,404,0
juice,search,76630bc1df6bde08,404,0
juice,search,02a3654c5875e9a7,404,0
juice,search,d6f4479bdce2d062,404,0
juice,search,ba036c924d7db8dd,404,0
juice,search,99f144b39a94ce4d,404,0
juice,search,fc2c8ffec432f41d,404,0
juice,search,7f06b91ea5be43b1,404,0
juice,search,d95eddaeb24fae77,404,0
juice,search,16fc1c80174c1838,404,0
juice,search,22f1f85c76fb166e,404,0
juice,search,88ab8953f4feff72,404,0
juice,search,18c7243387a42701,404,0
juice,search,60e990717ad9e2f4,404,0
juice,search,f3b80772718c0efc,404,0
juice,search,90882758b386987d,404,0
juice,search,ebf27571582df831,404,0
juice,search,e7e2dca0458a787b,404,0
juice,search,bbc5b6d0fd023ee4,404,0
juice,search,c9cf02d18e093fe8,404,0
juice,search,fa5a2b2218577a5c,404,0
juice,search,f222d2cf1b8b2b7d,404,0
juice,search,df1aee92d8b53c35,404,0
juice,search,2fc96a794f63b773,404,0
juice,search,bc3cb7d427de30c8,404,0
juice,search,7f836b02a72fcc85,404,0
juice,search,6862eaea1d168059,404,0
juice,search,d5f11b4988d9ddad,404,0
juice,search,8ef9a1947acc07c7,404,0
juice,search,277f953865fffdfb,404,0
juice,search,73831339e8e75d7c,404,0
juice,search,52ccc8d9e4f7aea2,404,0
juice,search,055b78c56e6930ff,404,0
juice,search,acba3f5a65f49d94,404,0
juice,search,e7fa5e6fdd151573,404,0
juice,search,99e5055c22f8577a,404,0
juice,search,9165c40cd8fdf1f0,404,0
juice,search,01ba076f3426a560,404,0
juice,search,90597debe538aa8f,404,0
juice,search,a70c92909a008b6d,404,0
juice,search,7b4b60fb046d1f21,404,0
juice,search,c4c8fd682f5a6539,404,0
juice,search,e06102ae8f1e4885,404,0
juice,search,564256a29c13f075,404,0
juice,search,b0b9aafe9430b80e,404,0
juice,search,526dbd9141d15f61,404,0
juice,search,ab3587f6f027fc5e,404,0
juice,search,951dcf7bc641b97d,404,0
juice,search,a187210999023462,404,0
juice,search,85c73b6526873c8f,404,0
juice,search,1f018069a6c1b88d,404,0
juice,search,c086c2a2282d530d,404,0
juice,search,0819b9077f852e27,404,0
juice,search,a61932ebfd7bc810,404,0
juice,search,259e85ebc8a8ba97,404,0
juice,search,325b2906960b5e59,404,0
juice,search,6ec562789fe4d5bd,404,0
juice,search,6ead64cd9e650f29,404,0
juice,search,cdbc0201e0a88082,404,0
juice,search,712b39e1f8837890,404,0
juice,search,9443db71ad527382,404,0
juice,search,aba6c3029ec75226,404,0
juice,search,a5375bfcc2956c62,404,0
juice,search,9cbf9d7339b48b06,404,0
juice,search,ff9c653902d14a4f,404,0
juice,search,6191d5dababb5ede,404,0
juice,search,cd7296dd3f133cc7,404,0
juice,search,18286912c2148842,404,0
juice,search,2db5b56a0dc5ef58,404,0
juice,search,5081dd86678651bf,404,0
juice,search,5ac1a2bb44737109,404,0
juice,search,a049ad6518836a03,404,0
juice,search,0bdc63a6bbee0579,404,0
juice,search,7592ec9b2965535c,404,0
juice,search,aef2b489abb9e821,404,0
juice,search,a6607006efb48b01,404,0
juice,search,e484798f04f2fd74,404,0
juice,search,51015494bcee8b4e,404,0
juice,search,7093935a9013c45c,404,0
juice,search,11849f720f4d1309,404,0
juice,search,4098d8b149d2a384,404,0
juice,search,caf3b2925c92a447,404,0
juice,search,631d30eab6c4a300,404,0
juice,search,6b402840e20dd2e6,404,0
juice,search,cd2c387b5ee80249,404,0
juice,search,fb24453643519e03,404,0
juice,search,cb3eabf0c4a20ec0,404,0
juice,search,3b4ac42f1aacb3e5,404,0
juice,search,0a02382cd574efc1,404,0
juice,search,7243171ee883c4d0,404,0
juice,search,0bfc6231c7c2e9fa,404,0
juice,search,265d27b2d7194221,404,0
juice,search,23e8485be7c559b1,404,0
juice,search,ad82943b6b367ca0,404,0
juice,search,85ecf157c5ebff2c,404,0
juice,search,7dc3a0b99008120c,404,0
juice,search,2ce0a27793791c5d,404,0
juice,search,364aff3d66608c8e,404,0
juice,search,fc940d1e2041464f,404,0
juice,search,f720d5b918b1ac1f,404,0
juice,search,8c4532b5f0deb772,404,0
juice,search,4c9940f75cbe68aa,404,0
juice,search,a3ed4ff8b59bc7b9,404,0
juice,search,9b7e00d5b74c0403,404,0
juice,search,f12c9a3372be0b07,404,0
juice,search,d23163dd8e3a995e,404,0
juice,search,6711b0935f7afbfd,404,0
juice,search,c93e06d87896c66e,404,0
juice,search,4ba2c856ae74aa8c,404,0
juice,search,f962c2c88ec02ba3,404,0
juice,search,2eca1651b274122a,404,0
juice,search,2c3024f18c8397fe,404,0
juice,search,eab533d3f3e0cf6d,404,0
juice,search,1577d43df0370b41,404,0
juice,search,268c49aed988e833,404,0
juice,search,607a2e6eacc2d08e,404,0
juice,search,de92cc240f9e0664,404,0
juice,search,68b50c9ed5d29073,404,0
juice,search,a6fc73fd37d916d4,404,0
juice,search,059bfd654cc19177,404,0
juice,search,dbd9adc048ebcf4b,404,0
juice,search,8e05ae90bb1b0422,404,0
juice,search,683c34fd975738b0,404,0
juice,search,98a4689183d0e83c,404,0
juice,search,200ccf7fda66f0da,404,0
juice,search,8b436a60ee82c71b,404,0
juice,search,d1e45c4d3ad598de,404,0
juice,search,d299818b8ff01e77,404,0
juice,search,28ed749cf887388a,404,0
juice,search,7aba5455902166bf,404,0
juice,search,4d8ace6071da229c,404,0
juice,search,b77a9bb94ac5a8d8,404,0
juice,search,f4c6109392ed01e2,404,0
juice,search,0716b8dd2de24f2e,404,0
juice,search,4cd03df7cff71a07,404,0
juice,search,801f8218248911d9,404,0
juice,search,24ddc4d12a7f8f25,404,0
juice,search,52e340b8994401ce,404,0
juice,search,4ef7caa247f710a8,404,0
juice,search,a7d97586155a585c,404,0
juice,search,32e2260ce6177833,404,0
juice,search,15c0c26a0c7053b0,404,0
juice,search,ae33fc4e23edfeec,404,0
juice,search,86a49bf352955b14,404,0
juice,search,475aa28920f75c23,404,0
juice,search,784d6c3c4437d053,404,0
juice,search,ce83cd17fafca36f,404,0
juice,search,37f3477a6f4929d5,404,0
juice,search,c79ef00241ed8ecc,404,0
juice,search,5d4dfc84a144455f,404,0
juice,search,f9797bca9edfbd29,404,0
juice,search,c0e927481b645744,404,0
juice,search,dbcbe3ab7127fd8e,404,0
juice,search,29bde0f61270ff9c,404,0
juice,search,7ebce3ab59f41c34,404,0
juice,search,790eafeac9ad6c71,404,0
juice,search,65584e6fc84d665a,404,0
juice,search,36e39f0da742e042,404,0
juice,search,c625b79e03fc9d16,404,0
juice,search,107780f48f168ad6,404,0
juice,search,c12b0b3122fd7f65,404,0
juice,search,6957039c878b97e7,404,0
juice,search,8ac32b9a9881bf1a,404,0
juice,search,a39d66d26d4ad878,404,0
juice,search,241c3543b57e9530,404,0
juice,search,4649aee0128da2d9,404,0
juice,search,3e9aa63a7ca2561a,404,0
juice,search,5f3ebbccbfd213b0,404,0
juice,search,99644974110df9c9,404,0
juice,search,534846960e5120c2,404,0
juice,search,70e6564ede96d302,404,0
juice,search,d8b676ccd3316b8b,404,0
juice,search,03d7cf86609e5e88,404,0
juice,search,0a9437a8495a6813,404,0
juice,search,626b695454a951b0,404,0
juice,search,cd5d5c5e55bf3c76,404,0
juice,search,c5d1248f1637d7fe,404,0
juice,search,9957eef8e4cf7639,404,0
juice,search,3fc24367d616906c,404,0
juice,search,c4df49405282ec43,404,0
juice,search,2e865a0ec97414b4,404,0
juice,search,1d91dfbd999439c4,404,0
juice,search,57849bedcc2e66f1,404,0
juice,search,696800167012ce56,404,0
juice,search,c84021c4ad37e3a6,404,0
juice,search,4b05f22c4545d83f,404,0
juice,search,8d3a1d0d3cf4f9da,404,0
juice,search,69abe6504b322319,404,0
juice,search,b39afa0bf4b6f665,404,0
juice,search,36078de430d4e08b,404,0
juice,search,204e1abf1e1118d3,404,0
juice,search,76682f4d2596be31,404,0
juice,search,95b938f0a6f62a58,404,0
juice,search,f6999a02189942c6,404,0
juice,search,1b96c8dcdda91fdb,404,0
juice,search,607a56f6ab41ed1e,404,0
juice,search,da250543c5a61cde,404,0
juice,search,826b69a68ea85fb8,404,0
juice,search,22334cde0c82894a,404,0
juice,search,c06ad7ed579eb6d5,404,0
juice,search,4eb26563c7d21b7a,404,0
juice,search,130d6a3a3d839816,404,0
juice,search,c8676d5fa9d884e6,404,0
juice,search,42858d2364a2b756,404,0
juice,search,0ca92328332702ca,404,0
juice,search,8c3c6b895e18f9ac,404,0
juice,search,f7b16ccf9d5bae66,404,0
juice,search,38a91318e8ca746b,404,0
juice,search,809e07db74b256e5,404,0
juice,search,ec83a590b3e5897f,404,0
juice,search,7089a023b2e6509c,404,0
juice,search,5cc6eec4e8f99ea5,404,0
juice,search,5af4c12c1f5690b1,404,0
juice,search,3aa3593f41aad70c,404,0
juice,search,bbf063778682d165,404,0
juice,search,f5f48c48ca148701,404,0
juice,search,74240f563edce825,404,0
juice,search,71af2be853e5a742,404,0
juice,search,73107e92b440e2fa,404,0
juice,search,92d502035d6e6816,404,0
juice,search,109b4a0938a92b63,404,0
juice,search,03189c89d01404b2,404,0
juice,search,3bc830f05ede68b9,404,0
juice,search,37ee7066f3e91157,404,0
juice,search,660cb850ed1c22a0,404,0
juice,search,9f9f3ebb57af65a2,404,0
juice,search,fd6d41a2aedbd6ff,404,0
juice,search,d3b3b7d94f8e746b,404,0
juice,search,6f81724a859a9a2c,404,0
juice,search,abea203d428e6734,404,0
juice,search,f254e6767549033e,404,0
juice,search,4a3adfea842bd917,404,0
juice,search,6a46fb238c52df72,404,0
juice,search,9c54b82c8b4cd277,404,0
juice,search,19260097a75f490a,404,0
juice,search,66d9a5e19b12c07d,404,0
juice,search,127f16e896811845,404,0
juice,search,9115bcb93fa2e3dc,404,0
juice,search,a30cc59e11011fd7,404,0
juice,search,20ac6ad7b6114f24,404,0
juice,search,4932fb859e523299,404,0
juice,search,8cef529f4cc29323,404,0
juice,search,74c6fffc94931cc0,404,0
juice,search,a4a92bae666c95ad,404,0
juice,search,fe07fc320bb116bf,404,0
juice,search,fb11717d35988d0c,404,0
juice,search,f65cc4fefbaa7bc9,404,0
juice,search,3009880ce4a02ce6,404,0
juice,search,9501d35da5ba7201,404,0
juice,search,64a56e0d205aff54,404,0
juice,search,af65dda0e67b0a1a,404,0
juice,search,eab1066ac02d991b,404,0
juice,search,f291f4f3ae5bc04a,404,0
juice,search,44dabdf8ae8147f4,404,0
juice,search,5ad4cadc4fcbe95f,404,0
juice,search,43a4ec593295dd84,404,0
juice,search,5f3d41d7e20a66ba,404,0
juice,search,0b5b5948f01f77c5,404,0
juice,search,4199092c42c302af,404,0
juice,search,f65a8479cc39779a,404,0
juice,search,630ee43462a94bed,404,0
juice,search,ade4f30cb2156a2d,404,0
juice,search,9f7b923b7dc3edab,404,0
juice,search,6482e2625060e9d4,404,0
juice,search,4a66cf982513e229,404,0
juice,search,bf41181302998550,404,0
juice,search,6bd50cac2212f2f7,404,0
juice,search,dfb9b6eebaee55f3,404,0
juice,search,d2d4da08fa3d8a98,404,0
juice,search,6cb4b2807aa25a74,404,0
juice,search,dd3db5f4de856a3c,404,0
juice,search,1f26e19010731a85,404,0
juice,search,3e15a4ff568ba3ca,404,0
juice,search,fa994f706e21695f,404,0
juice,search,0470a11616c85e19,404,0
juice,search,96b879b5d814478c,404,0
juice,search,49d9d9718d5f9421,404,0
juice,search,7d87b2d3dd04eefd,404,0
juice,search,ee6ca51891f42190,404,0
juice,search,a5018a9bb268b1ed,404,0
juice,search,6b7d27ef6237198e,404,0
juice,search,d214fa0934af8a1b,404,0
juice,search,2307dd34a31cb3ff,404,0
juice,search,e1f2960f83ba4094,404,0
juice,search,698e788cf5ac56d3,404,0
juice,search,ae44c70e5ff1ca90,404,0
juice,search,09ebc8a198eb3bfd,404,0
juice,search,8f2083db1ca61445,404,0
juice,search,5a573ca6d67419c0,404,0
juice,search,94b94e4787e014cd,404,0
juice,search,9d1ecc58c3e184bb,404,0
juice,search,47616cb23a3185f0,404,0
juice,search,d632da9116be28a5,404,0
juice,search,6c73db9e36368534,404,0
juice,search,39bb807036fbae42,404,0
juice,search,d16a5a90fa27f2f7,404,0
juice,search,7e19411c5ae9ef7c,404,0
juice,search,9b31754454429990,404,0
juice,search,8a5bda59bb141ac9,404,0
juice,search,75e73cb209552bfe,404,0
juice,search,cd8d2cd04f2ce044,404,0
juice,search,69bf09680727ccb0,404,0
juice,search,2b23f93d7b87e740,404,0
juice,search,bfaeeabc5f93c0a1,404,0
juice,search,778f1dece1f82ef1,404,0
juice,search,86e673092a2e0886,404,0
juice,search,8b0135f963a94b00,404,0
juice,search,e8bc1c130f794a83,404,0
juice,search,631b314d8dad6510,404,0
juice,search,a725554db28615da,404,0
juice,search,86e0060973f4fe33,404,0
juice,search,105a2df0e0e7022a,404,0
juice,search,60d6d5a4d8ebc486,404,0
juice,search,1956eb9a35ec5499,404,0
juice,search,073d0ce3f81a2c03,404,0
juice,search,a0c52ffb137cef6d,404,0
juice,search,c93f4b2b628020c9,404,0
juice,search,14f0356842cd609b,404,0
juice,search,578d7857ac9af57e,404,0
juice,search,4360c51db338540e,404,0
juice,search,bcc0e8a320884fcc,404,0
juice,search,1facf5278252b045,404,0
juice,search,9f92826df2612173,404,0
juice,search,54525316e14eb194,404,0
juice,search,e3e72131dd24036f,404,0
juice,search,c958da3912342111,404,0
juice,search,ebad7941bc5bfaa4,404,0
juice,search,8b77afa3b5683a7e,404,0
juice,search,c36c683e47cde8e3,404,0
juice,search,346392652d19218c,404,0
juice,search,19c16b8c581a81c9,404,0
juice,search,e13724c4064f0b4b,404,0
juice,search,39c9e4ee760f0fa6,404,0
juice,search,653c6f555ff65a51,404,0
juice,search,868186fc94f34d1c,404,0
juice,search,20bed2054ba62b86,404,0
juice,search,5c46c4553ebe7850,404,0
juice,search,6f03dbc49a8ad987,404,0
juice,search,8de34816062b9ad0,404,0
juice,search,34358063cd5b4874,404,0
juice,search,b0267f3189f27636,404,0
juice,search,d95c75fc198e1b7b,404,0
juice,search,a1b999a688a65ced,404,0
juice,search,4018246a710c9400,404,0
juice,search,eda2f8bf4bf7483f,404,0
juice,search,61bc02528450d514,404,0
juice,search,578da31a8bdb5e1f,404,0
juice,search,e62fe6c432e335f4,404,0
juice,search,c92ac3f26127f306,404,0
juice,search,a7c39afe4c2f7f8e,404,0
juice,search,78bac9cb882df9f0,404,0
juice,search,162b0eed2d1f38be,404,0
juice,search,945b5470e3813e62,404,0
juice,search,654737f37c07d19e,404,0
juice,search,ff42bd51648cf3e1,404,0
juice,search,7c389496ba4b2bc8,404,0
juice,search,12ee9e2f4e2a69a6,404,0
juice,search,a927c448ac711162,404,0
juice,search,a70bfe1c1c3f0074,404,0
juice,search,d56644a9e81c8cd6,404,0
juice,search,b5d54cf601d47426,404,0
juice,search,b29135d725f42da7,404,0
juice,search,e07ba73698e097c8,404,0
juice,search,5e487f42e67adf3a,404,0
juice,search,7fc440fad0d575b3,404,0
juice,search,f21fd622849bd7cd,404,0
juice,search,316a12cb1ea18510,404,0
juice,search,b16d2946339ddb2f,404,0
juice,search,472affbf43b65032,404,0
juice,search,9e7839360a430063,404,0
juice,search,b7202c458c0740eb,404,0
juice,search,8ece40947dae5b70,404,0
juice,search,111c55386fc87e82,404,0
juice,search,0ffba83cd06e39d1,404,0
juice,search,26a7317380782c69,404,0
juice,search,e73f7324750de487,404,0
juice,search,035b4103146f2f75,404,0
juice,search,00f6f147dd1158df,404,0
juice,search,e8bc3aba05672ced,404,0
juice,search,7c42d7a8fb1e3114,404,0
juice,search,884430cacf8133d0,404,0
juice,search,1733425bc08b2eca,404,0
juice,search,3ea5c11ee18dce62,404,0
juice,search,bfbe061a836546d5,404,0
juice,search,128383111a35d741,404,0
juice,search,4e3129f23e42aac0,404,0
juice,search,c6d1891f2a447f51,404,0
juice,search,60c78e4dc944103b,404,0
juice,search,fcf2f9e315c1caec,404,0
juice,search,24fd3e97da734fa0,404,0
juice,search,ed5cc1afc36308b8,404,0
juice,search,4b57070dbb9fb207,404,0
juice,search,a00dbe6c8e6cb865,404,0
juice,search,56c0909d5e64b665,404,0
juice,search,884e7acb6f69ad5f,404,0
juice,search,452f4e0dce145906,404,0
juice,search,d70cd7b1634c0d9c,404,0
juice,search,4bcee665b8160975,404,0
juice,search,0d5a59db2cbba8f1,404,0
juice,search,c679f90d09a53211,404,0
juice,search,f285157f75f0eae2,404,0
juice,search,becd8956a0a2a791,404,0
juice,search,438f22205b28764b,404,0
juice,search,7548b982f8bc863a,404,0
juice,search,d49911c97ee3ccc5,404,0
juice,search,cffe4915dfd1a0b1,404,0
juice,search,4504650ab96eb79e,404,0
juice,search,a6cd088bac643a07,404,0
juice,search,383a99ca4181fffd,404,0
juice,search,e7928d45639281eb,404,0
juice,search,52df2b43c816995f,404,0
juice,search,d18ce4861fc74c6d,404,0
juice,search,fe54472a54fcfeac,404,0
juice,search,3a91b4f6b5f185c5,404,0
juice,search,28fefd5f03913769,404,0
juice,search,4c2c5fa36c3a0635,404,0
juice,search,bc97268df13de3b5,404,0
juice,search,4156a00c4e7097f7,404,0
juice,search,0a1391d48c7b152c,404,0
juice,search,cdb55df76d79419f,404,0
juice,search,9bed17d6f02a734d,404,0
juice,search,2c2fc1a3aed7145b,404,0
juice,search,11ccf5e7de2cbf99,404,0
juice,search,31b0bb20b9ed1040,404,0
juice,search,1d1d697cb6a0a6c4,404,0
juice,search,6c91e7ac7af0b079,404,0
juice,search,2b9492aa2b04ae49,404,0
juice,search,9d0c04b78c41466a,404,0
juice,search,d12a29bc59c011c4,404,0
juice,search,085942a23a25df6e,404,0
juice,search,5bd7ed20ffbf2f4d,404,0
juice,search,87ddb7ac2e3e222c,404,0
juice,search,28888a53a0d64848,404,0
juice,search,d7524f9f7167b7c2,404,0
juice,search,0b0cfcda98a160b0,404,0
juice,search,1309e56e86956309,404,0
juice,search,3c6b28fdb4dedc85,404,0
juice,search,654a6db2c8d43909,404,0
juice,search,aa4e05d1a5ab2d72,404,0
juice,search,517f0d455132c563,404,0
juice,search,01ffe213d1e8ab12,404,0
juice,search,c94a7b670c6f4ceb,404,0
juice,search,b3e3808730f6ba6e,404,0
juice,search,d654751f0bbe0bd3,404,0
juice,search,13b6d7ef639741bf,404,0
juice,search,ad5821075ccb2d8c,404,0
juice,search,4e6a83bd1b564b08,404,0
juice,search,5aee945c40328451,404,0
juice,search,d2cf78314f9d50b6,404,0
juice,search,003f94dc1c4df784,404,0
juice,search,c5aadc19cafd0f12,404,0
juice,search,1530df40a3ffef04,404,0
juice,search,2e566798a9fb52dc,404,0
juice,search,1026c73f9f55a32f,404,0
juice,search,f24224e644cae2d3,404,0
juice,search,33330f97fff2a36d,404,0
juice,search,c5feb5dec408eb91,404,0
juice,search,5508f6f8971e581b,404,0
juice,search,985f467aa148bdce,404,0
juice,search,156912a853b6a8ef,404,0
juice,search,7bb6238301bcc522,404,0
juice,search,044ebc6062f9db1d,404,0
juice,search,bcfee1f0673fd5ab,404,0
juice,search,ad28c0e61b040a8c,404,0
juice,search,14f640961f9d07a3,404,0
juice,search,d46d863d4e236bdb,404,0
juice,search,6a1a348747155aa6,404,0
juice,search,616093bc05da4c15,404,0
juice,search,7815e297072da1dc,404,0
juice,search,17310cab484c95ce,404,0
juice,search,e00f9c4513dd2a6c,404,0
juice,search,fbc31f72a7179e30,404,0
juice,search,7019fb46fbd16b2d,404,0
juice,search,bf41142b5c07d9bc,404,0
juice,search,a432e4eb20a383ae,404,0
juice,search,eb7fdedeeda9bc36,404,0
juice,search,f33a0ccd23b325a9,404,0
juice,search,e6dce94c1b960090,404,0
juice,search,0d447a2c74a10081,404,0
juice,search,dd88d0f15fcc0323,404,0
juice,search,aa84b36b31073701,404,0
juice,search,841ce7a53f6a5e4f,404,0
juice,search,6a6712f5d219ce4e,404,0
juice,search,6b4cfea15e1b6028,404,0
juice,search,67c0bd92fdcd6056,404,0
juice,search,bb2d4eb6fdf9e400,404,0
juice,search,280f52553175ba25,404,0
juice,search,82bb1f3f9fec180f,404,0
juice,search,dc229b8ef65f34a6,404,0
juice,search,24dd0dd951f3860a,404,0
juice,search,42dc0f51904a9c0b,404,0
juice,search,70bba0bbb4cce335,404,0
juice,search,bd6f8eedec6713f9,404,0
juice,search,b1f2d6886e2ee286,404,0
juice,search,797e243e4055e9ad,404,0
juice,search,f240b7611df638de,404,0
juice,search,114079d37347ec99,404,0
juice,search,8267484a234b88bf,404,0
juice,search,2fea785413c69d4f,404,0
juice,search,0c22feb8a87124e9,404,0
juice,search,7ea94ebb2a34bf69,404,0
juice,search,8bbe6fa029c02944,404,0
juice,search,48f04a6bf7d4acf5,404,0
juice,search,2b3ece7f49d4bea1,404,0
juice,search,dc07dd2b236b829a,404,0
juice,search,447ffaee1d7689b3,404,0
juice,search,1350f170663028a3,404,0
juice,search,21efd0bf6fb8f3b7,404,0
juice,search,33aab0dea6f1e598,404,0
juice,search,a34f8a90ac88340c,404,0
juice,search,cf66bf8bdb489883,404,0
juice,search,b3c7c97d7a13075c,404,0
juice,search,7624d49c3c186cc7,404,0
juice,search,60a500d05ae199c5,404,0
juice,search,05b02ed6e2ccb470,404,0
juice,search,5a41a0bbe6044139,404,0
juice,search,b87c940583773cb8,404,0
juice,search,ec55c8fba9bdb41d,404,0
juice,search,ea3daf1db5155d07,404,0
juice,search,b4ee92bd4a41aec7,404,0
juice,search,2e6212fcda960b21,404,0
juice,search,2edc1462de39248f,404,0
juice,search,b0d0f775f3c27660,404,0
juice,search,dedb4006a9a553e3,404,0
juice,search,cf8b6c396fa2b11f,404,0
juice,search,c767c343a499bfd4,404,0
juice,search,1e0fdd1579bd6584,404,0
juice,search,7b8a0c382afb61da,404,0
juice,search,4920efc937c8d46f,404,0
juice,search,7c071b06e4fc345d,404,0
juice,search,10016487bcc12a6d,404,0
juice,search,b9ebe98bfef2e1d3,404,0
juice,search,30630b0465acec77,404,0
juice,search,b1f6f6ed5da68539,404,0
juice,search,3ff2a55ed1bbad06,404,0
juice,search,ba8539b11df0379a,404,0
juice,search,afb0f7442a7af480,404,0
juice,search,40935194ace350a4,404,0
juice,search,f9509ff847e48ec1,404,0
juice,search,7f428a6bb87c6ad0,404,0
juice,search,d19481a4f20ce254,404,0
juice,search,00ca269f26bc88da,404,0
juice,search,c638c9b5c6b8ba4d,404,0
juice,search,258e8ec5432adf6d,404,0
juice,search,eb1df4f9f447b50a,404,0
juice,search,0a5f3d8fffb8c2e4,404,0
juice,search,401c0e3cd99e9a77,404,0
juice,search,da62343708133461,404,0
juice,search,b715453181304d6c,404,0
juice,search,1089ae484ad91f9a,404,0
juice,search,c334d26603e7f499,404,0
juice,search,6ab9a78650de1599,404,0
juice,search,cd4843fa1494041e,404,0
juice,search,e03e90e6808f84f0,404,0
juice,search,343e777a7b568597,404,0
juice,search,0548940620049d4e,404,0
juice,search,3131489d08b023ba,404,0
juice,search,8e00669733229819,404,0
juice,search,8cc29300a52a2198,404,0
juice,search,f2145d0f83a1c40d,404,0
juice,search,17b505fdadc36471,404,0
juice,search,48eed168dea05b24,404,0
juice,search,0b27d77b38fc972f,404,0
juice,search,6ce39863064d92e0,404,0
juice,search,aa7af829b831815b,404,0
juice,search,8920d3cbfb71e9ab,404,0
juice,search,7567538156920a3b,404,0
juice,search,8594614317267d9f,404,0
juice,search,98885b7891d65f9e,404,0
juice,search,6e80bcf71adde494,404,0
juice,search,53ff4ba0f019ecd3,404,0
juice,search,a2ec3cc5894190dc,404,0
juice,search,f20ebab74d52621c,404,0
juice,search,669a2f13a48f5c0d,404,0
juice,search,04b8dac3fa1d2518,404,0
juice,search,67d126ea7c57d2dc,404,0
juice,search,1c7fc3aa761a8b73,404,0
juice,search,d8fd364e476a5b80,404,0
juice,search,4832c9fa1ebd8322,404,0
juice,search,37d842c177a2d8a9,404,0
juice,search,0fe6f9963556c74c,404,0
juice,search,a75280cf3cfdd040,404,0
juice,search,e658e86c8c6fc69b,404,0
juice,search,91c5df739ba806dc,404,0
juice,search,a50832b35816d782,404,0
juice,search,c150d18d7de7ca4f,404,0
juice,search,0387bbd5a0b8e8d3,404,0
juice,search,cef058de5b8a2d39,404,0
juice,search,7c77a97a190c3a17,404,0
juice,search,644fa71b17a9bfe9,404,0
juice,search,20ae57c9ace61dd9,404,0
juice,search,4aa4aaeb020b0b01,404,0
juice,search,a7fe76b07001342b,404,0
juice,search,3e47a3f6ef1ba8b4,404,0
juice,search,42837863ca7d58a1,404,0
juice,search,6f8b0e6bb574b3ab,404,0
juice,search,fa5b8bbd2d1d863d,404,0
juice,search,95887f07d5e76eb9,404,0
juice,search,195aa7094594112c,404,0
juice,search,c94a196a81a5631d,404,0
juice,search,f6714e532d14a26a,404,0
juice,search,64b44ffe11f4a936,404,0
juice,search,1a2d4273040ab266,404,0
juice,search,74e5a60c5bbfbd7a,404,0
juice,search,a3eb46ae70b19d9a,404,0
juice,search,609f5c29b0d34e58,404,0
juice,search,ec221d048232544e,404,0
juice,search,0cf04aa6c43bebe6,404,0
juice,search,e4cc232f54ea0fa6,404,0
juice,search,ad0ceaee56d1b48a,404,0
juice,search,bd6a7eff192a05d2,404,0
juice,search,bab7c5ab3e756594,404,0
juice,search,e3ddf68b7347225e,404,0
juice,search,0f8e934b0ad87c6d,404,0
juice,search,e5df119704214694,404,0
juice,search,880267700311c0b9,404,0
juice,search,7e1642b7e7a48e81,404,0
juice,search,3f9a286815728ceb,404,0
juice,search,ac7a8bd947708e70,404,0
juice,search,665660df79db4892,404,0
juice,search,bbb4d9e971d2580b,404,0
juice,search,1db60207fe95dd8c,404,0
juice,search,0b579b96470e0e43,404,0
juice,search,b8120c2ce81f967e,404,0
juice,search,146ba16b32e4397c,404,0
juice,search,5989f223fbb834cc,404,0
juice,search,bec050c45359a983,404,0
juice,search,0ff3e220fa276c5c,404,0
juice,search,7215020162e43be5,404,0
juice,search,fd03418e3f86f87b,404,0
juice,search,eb03da4097a145ae,404,0
juice,search,d696d8c715e19197,404,0
juice,search,e082c7c82e37e133,404,0
juice,search,ec20517fa9a66f3c,404,0
juice,search,a2df463891e9ee4f,404,0
juice,search,5ea9852cc26d3170,404,0
juice,search,f0f63c5765efdb35,404,0
juice,search,b6f816ee6aded006,404,0
juice,search,94ab2e4ca3dab370,404,0
juice,search,e5dc3f76b6d9c109,404,0
juice,search,7913d8929995a44a,404,0
juice,search,b2ff87cba6b3be50,404,0
juice,search,ff5cc8e682e58e97,404,0
juice,search,edf80521ab50b13b,404,0
juice,search,1d73828321e97304,404,0
juice,search,dd5343f9a2dd3aba,404,0
juice,search,d37dacc12049c03f,404,0
juice,search,c9462d11be091d5d,404,0
juice,search,7decf25c9f923cb7,404,0
juice,search,2d77c1e8cf05545f,404,0
juice,search,bd0cb689ddcfba8f,404,0
juice,search,666de393f7bf7523,404,0
juice,search,4bf1b7d730ff52c7,404,0
juice,search,40d6e441e8876323,404,0
juice,search,6a79e52f0bddb7d4,404,0
juice,search,5cf0a488184b21ce,404,0
juice,search,0b7f0fa254867416,404,0
juice,search,2572553e8f4ce1e0,404,0
juice,search,41c5493c196018bc,404,0
juice,search,7198c6ef8a336013,404,0
juice,search,349e5bafe4bffd21,404,0
juice,search,d21ccfbc63b0955b,404,0
juice,search,eef3a85da4d4a086,404,0
juice,search,2d93816c9772d7a7,404,0
juice,search,6e27e0d679b63fda,404,0
juice,search,4ecfced21601310a,404,0
juice,search,198885cdaa0eaa5c,404,0
juice,search,2b671b954ffa9591,404,0
juice,search,ce4e2ec44bf15fbb,404,0
juice,search,746278271b50288b,404,0
juice,search,6f2de6791835be8c,404,0
juice,search,9b290b12d6555dea,404,0
juice,search,c35e41877d1a69d1,404,0
juice,search,cfb86f195d719396,404,0
juice,search,76e5ca60ce2bc99f,404,0
juice,search,20367206e6526b34,404,0
juice,search,af6cb37dfd605393,404,0
juice,search,9643801c14fbd218,404,0
juice,search,0a11ae6986ee5a66,404,0
juice,search,4fca6a5fe4043a38,404,0
juice,search,232a2b73254c5898,404,0
juice,search,63bd838c95ac0d13,404,0
juice,search,848c3dec68423b4d,404,0
juice,search,c74f65fe75953c67,404,0
juice,search,b8944f0cffba2bc5,404,0
juice,search,5821b8591168a053,404,0
juice,search,a25538bd69b8ac9c,404,0
juice,search,6dbee2f98f6bd373,404,0
juice,search,acc0763c83ec3310,404,0
juice,search,40e10e79f374cd96,404,0
juice,search,f0f3e52c49f725c3,404,0
juice,search,5b5e779a85387974,404,0
juice,search,ce0a89af9cfab6b5,404,0
juice,search,642778ec0f4a7f7b,404,0
juice,search,53602dd819eb1c8b,404,0
juice,search,f97e0aee79902e97,404,0
juice,search,0557071413859b81,404,0
juice,search,024a5db6b59b6175,404,0
juice,search,b33f7100ba4509ef,404,0
juice,search,cdaa1abee2af3643,404,0
juice,search,627fe907187198c3,404,0
juice,search,0d16e7d93d4d657d,404,0
juice,search,46177d4269767369,404,0
juice,search,97c4b66082c662ab,404,0
juice,search,c0dafdc1bf436ce2,404,0
juice,search,4300af98a98523a0,404,0
juice,search,c8ddc31358e63d66,404,0
juice,search,1ec58e155a5ddc86,404,0
juice,search,e2d9d3f289ad35c7,404,0
juice,search,5022d59cc3f14e2f,404,0
juice,search,1b5e7157f366eb0d,404,0
juice,search,55ed0bbf4250bbf9,404,0
juice,search,62da0e1651de0561,404,0
juice,search,4b638b3c6f63c2b1,404,0
juice,search,c8a421704c3c07c1,404,0
juice,search,81db1dd15d253d6d,404,0
juice,search,c67bacf86243e842,404,0
juice,search,80a4d8beac358a86,404,0
juice,search,01dd6bc9bde69f02,404,0
juice,search,58ea710dc275670a,404,0
juice,search,dbf5f4b8b4825cc7,404,0
juice,search,626c45f60e08222c,404,0
juice,search,1d13f50f588f19f0,404,0
juice,search,a45ace35856de7b5,404,0
juice,search,2929c069323acf91,404,0
juice,search,d9b6c9ee769e1669,404,0
juice,search,e16b79f2c2f7dd44,404,0
juice,search,f3e80f867fd79c3c,404,0
juice,search,8858fa7e4bd2905b,404,0
juice,search,375e7d043e0cfa92,404,0
juice,search,24f5cee8a27b8bdf,404,0
juice,search,5dd673a7a687e4da,404,0
juice,search,3a4cd5df66b5ac84,404,0
juice,search,d5dae850f900d60e,404,0
juice,search,979eff00e7dfb75a,404,0
juice,search,e895f29247cda9da,404,0
juice,search,1c8a435860c8ff40,404,0
juice,search,4e566458957a4a65,404,0
juice,search,b621a9e3f0ff4e61,404,0
juice,search,139a8c686e0fe04e,404,0
juice,search,90b8415eb861e6fc,404,0
juice,search,c35824c99cc2b5ff,404,0
juice,search,10169bf1b41ba9d4,404,0
juice,search,32e527b62b743f33,404,0
juice,search,79e2a8ea6e5eb96c,404,0
juice,search,f72ecc8ab72cc529,404,0
juice,search,c44fccd5abd9921c,404,0
juice,search,a70fc4ff1923d5fa,404,0
juice,search,99e2414b685f003b,404,0
juice,search,76247d7f1a52ff9a,404,0
juice,search,a9b7366865af3927,404,0
juice,search,1e30f2534359df3f,404,0
juice,search,98fc9b70b33bba1b,404,0
juice,search,b70da5233ff73b04,404,0
juice,search,be0f77678292c677,404,0
juice,search,5d547763d902e55c,404,0
juice,search,12ad9f998c486f84,404,0
juice,search,ededb3f908b29600,404,0
juice,search,2f10bc72748c9f3e,404,0
juice,search,3be9ecf7d7dbd7b5,404,0
juice,search,3d636c386e02cc3a,404,0
juice,search,dd6fd4191259ffc1,404,0
juice,search,504bffe5368a57d6,404,0
juice,search,f61199a0c7fecbce,404,0
juice,search,3477117c9da5c5d9,404,0
juice,search,af8126414ad37f47,404,0
juice,search,17253c77b4399993,404,0
juice,search,c33e7ba5609a6893,404,0
juice,search,de528462c3885c8e,404,0
juice,search,c7671f0f0d6cdb7f,404,0
juice,search,273d3786e4d8ded6,404,0
juice,search,f9f9843b731226f9,404,0
juice,search,1e65cc3e0bfe75e8,404,0
juice,search,df7f9dddcb213ecd,404,0
juice,search,495e8bec07493eda,404,0
juice,search,88fbf03c97137387,404,0
juice,search,dd19c6b5e726587f,404,0
juice,search,6217dee1aecffd3b,404,0
juice,search,58a17e3881f772d0,404,0
juice,search,d8260e0f043f4178,404,0
juice,search,c8b54074956a42ef,404,0
juice,search,4b30ce8445497ff5,404,0
juice,search,a733a66fe376eee8,404,0
juice,search,dbd476b963ffb1f6,404,0
juice,search,c65c8a4c912052c5,404,0
juice,search,7f07f6cb05824ef0,404,0
juice,search,c8ea45e6c93fbf03,404,0
juice,search,6afb95207a0f29e5,404,0
juice,search,0ee51fe2f951e13d,404,0
juice,search,35dbf5f746e6ea14,404,0
juice,search,3148c8df442542bd,404,0
juice,search,196be4d2513ebdae,404,0
juice,search,0b88630038e23260,404,0
juice,search,8e4ddd1b2458f116,404,0
juice,search,cc699b74d8d9e089,404,0
juice,search,df69d275b024b724,404,0
juice,search,55c4fd9ececa9dbf,404,0
juice,search,f9511088afd5e0a3,404,0
juice,search,5c19d899a0201fef,404,0
juice,search,f315cccb2029e8f4,404,0
juice,search,db449d880e6bf1a5,404,0
juice,search,c41fcadeecc1eb27,404,0
juice,search,983e25da70a09fd8,404,0
juice,search,5b6461e29d467e25,404,0
juice,search,8ce430894499254a,404,0
juice,search,8afc6b95e60bb0c2,404,0
juice,search,53d93fbba07db7c8,404,0
juice,search,8ab1b925a359d23c,404,0
juice,search,a77d5aff0aa6d770,404,0
juice,search,189685346cdad545,404,0
juice,search,d9492b9ff47a5ce4,404,0
juice,search,87dfd5d065befdff,404,0
juice,search,0790b31fd1066c3f,404,0
juice,search,b29411bb716ebaf7,404,0
juice,search,691c6c9db7c192ba,404,0
juice,search,479ee47e537b4076,404,0
juice,search,8de3e55c68fb3a79,404,0
juice,search,8e56241419e8a63b,404,0
juice,search,384c35cb962b0f33,404,0
juice,search,46d6e7d9b1de1cf5,404,0
juice,search,8cc8755f3aa93f1a,404,0
juice,search,a278ded976bb7d37,404,0
juice,search,843e1184a3ce41a0,404,0
juice,search,d3da26eacf027bfa,404,0
juice,search,b70a65d0facd13e9,404,0
juice,search,150c9a3e95242e7b,404,0
juice,search,0f389afb9d612a5f,404,0
juice,search,0618bbe9e3000407,404,0
juice,search,cf823454359add0c,404,0
juice,search,d81bbe7968baeb6f,404,0
juice,search,15bd59640a8e286d,404,0
juice,search,1e3119e5dbec31e3,404,0
juice,search,628bc90aada605f7,404,0
juice,search,1e7b74a9c39f12aa,404,0
juice,search,5e98df26eaa8b112,404,0
juice,search,f114ade5580b6ae6,404,0
juice,search,c556ff350183094d,404,0
juice,search,d7dc7f1b4a16c3e0,404,0
juice,search,9ec5ce137973e079,404,0
juice,search,5e65c42e1b6c42c4,404,0
juice,search,594804d478ac98d7,404,0
juice,search,8a9ba62685feaec2,404,0
juice,search,c09d71f3156adf02,404,0
juice,search,de8065b9be0ef071,404,0
juice,search,742f27917fed6e83,404,0
juice,search,95c232a4b453474a,404,0
juice,search,dc463e1cf065bee7,404,0
juice,search,07425ed1d45623b9,404,0
juice,search,553482cfd8d8f640,404,0
juice,search,98bea41e204541fd,404,0
juice,search,8cee75ebb3bbe620,404,0
juice,search,f33d17c4e9b7b38f,404,0
juice,search,a12feb18e532fc70,404,0
juice,search,3b7ea0bd23759062,404,0
juice,search,135414dc1cf3679c,404,0
juice,search,67799e9a9e26ab41,404,0
juice,search,1d26e6113d3e4b50,404,0
juice,search,1cd354d0af137d3a,404,0
juice,search,48dc8c37dae62fe3,404,0
juice,search,2323b393210fc766,404,0
juice,search,13f80b936ba181a0,404,0
juice,search,41cb8d0c27d4187f,404,0
juice,search,458384c943f90267,404,0
juice,search,ff566ef824e1855d,404,0
juice,search,e819727cf413a295,404,0
juice,search,a71d25b8e2ae2258,404,0
juice,search,a00d43c0459502b1,404,0
juice,search,edf43d4e27e1d134,404,0
juice,search,c2fcfad43b89364d,404,0
juice,search,a5957c165981ee63,404,0
juice,search,8b5c7bed249f109a,404,0
juice,search,1306b5541a36f7bd,404,0
juice,search,54d34fd465f13e8c,404,0
juice,search,c23bde1a3baa4356,404,0
juice,search,ad2955810bcccaaa,404,0
juice,search,6ae8d3f1b5112fb0,404,0
juice,search,9e81dceec0a2ae13,404,0
juice,search,a6ad41d177766bfc,404,0
juice,search,f2521701bee40ce1,404,0
juice,search,24970b736ab60a51,404,0
juice,search,2a7c600d3bbafb65,404,0
juice,search,95acb553bdbe691a,404,0
juice,search,2c6d178273873fb7,404,0
juice,search,4f65579aecfb0f38,404,0
juice,search,c22a09f3f80d84af,404,0
juice,search,9935a0c25555db2e,404,0
juice,search,0f64d6da5fe279e8,404,0
juice,search,9294ff0e3d2d5c8e,404,0
juice,search,f971255f0befeeb5,404,0
juice,search,8ee072f6e84e79a7,404,0
juice,search,60eae4dea5275a1d,404,0
juice,search,b6f852d287360dae,404,0
juice,search,8fb751fcb2cd4bb1,404,0
juice,search,8b8c2e042ca5df09,404,0
juice,search,0632119d5e1e8798,404,0
juice,search,e1fba103d1612a8e,404,0
juice,search,8a883077827727e7,404,0
juice,search,02e3f1a790467588,404,0
juice,search,ae4824fbae2061f4,404,0
juice,search,62d60f3741e57e54,404,0
juice,search,1a72bc30a3d1a00c,404,0
juice,search,669cacfaf2cdc104,404,0
juice,search,a5486daf9e17c5a3,404,0
juice,search,189f1e905546ea12,404,0
juice,search,2038fdf91b0e7e14,404,0
juice,search,32bc4794c11b1ba7,404,0
juice,search,21a8f3ce2c7d85e2,404,0
juice,search,398a4b3f2c32d643,404,0
juice,search,775935eca04d34f3,404,0
juice,search,5508feae37a1d355,404,0
juice,search,bf1defc1a4eee529,404,0
juice,search,04042acd453f0a29,404,0
juice,search,515e122ee853ae80,404,0
juice,search,9251992100693b9a,404,0
juice,search,9905a92b7a0ffad2,404,0
juice,search,d676286a404821b9,404,0
juice,search,aaab8386cfbb7699,404,0
juice,search,627c37f609b2b8ca,404,0
juice,search,6dd27628b821ef5a,404,0
juice,search,56d9d1ed38886772,404,0
juice,search,c3862582f04fb08e,404,0
juice,search,0965996cc170df5d,404,0
juice,search,b86d3d1198590e88,404,0
juice,search,bce42b02021f159f,404,0
juice,search,d4f5b7d1ee92f4e5,404,0
juice,search,64f5150f58323040,404,0
juice,search,d58a78fae15d434f,404,0
juice,search,629300bf5e0d6a23,404,0
juice,search,b66ffbae468df90f,404,0
juice,search,def78cb5ce24fbd6,404,0
juice,search,a4158065524150e4,404,0
juice,search,a6a7e6f9b4f50b16,404,0
juice,search,6d23ba83016e0c1d,404,0
juice,search,cba2a419f725ab15,404,0
juice,search,8cc12a097411c468,404,0
juice,search,31957c2b32d52a46,404,0
juice,search,72e12d2d064fcd7a,404,0
juice,search,17f891dd453b1316,404,0
juice,search,75923927252f5847,404,0
juice,search,3ead7d4ade2d1c72,404,0
juice,search,5a42ccf5e2db34c9,404,0
juice,search,4f0ec23419971d87,404,0
juice,search,0ab8b837d9748f15,404,0
juice,search,17abcc0aeba4b213,404,0
juice,search,1afbf1362bb284f3,404,0
juice,search,1c4eb89d9ab1f8a8,404,0
juice,search,04189b15820a2ad7,404,0
juice,search,0604b65d779b6576,404,0
juice,search,592ec7270eb6e952,404,0
juice,search,238bac5405cb6a6d,404,0
juice,search,2043b0539a6a18cc,404,0
juice,search,9124606acccf71e2,404,0
juice,search,b432a6436cd4d3ce,404,0
juice,search,c56f06921e4d7033,404,0
juice,search,308ebaeab6ad215c,404,0
juice,search,604c8361e3f45f2e,404,0
juice,search,48052a80d07dc468,404,0
juice,search,5a1a7ee9741470a8,404,0
juice,search,a424b56c5f28eb1c,404,0
juice,search,bf8e7e4e49191a32,404,0
juice,search,e432bbaf1a6ad479,404,0
juice,search,2a1d0fed43ebd6c7,404,0
juice,search,bb802bfd0f2ce052,404,0
juice,search,a7409099437d4872,404,0
juice,search,b92e9686625cc9b0,404,0
juice,search,abc5baf12243f600,404,0
juice,search,2d29e0f70a758b0c,404,0
juice,search,7c29ce7a86deb38f,404,0
juice,search,79e5823eef9cc425,404,0
juice,search,c84c35e15cd1b7ad,404,0
juice,search,d2257db61d355a9d,404,0
juice,search,5f588605783735fc,404,0
juice,search,2cb0c7d98225bc4c,404,0
juice,search,d40288fbb3eb7772,404,0
juice,search,5771d0a1254f24b6,404,0
juice,search,137bb335486dd21a,404,0
juice,search,2699024444f9a7eb,404,0
juice,search,2b87a914964499c7,404,0
juice,search,500276b127ad4e6e,404,0
juice,search,7fae761650ee43f6,404,0
juice,search,63e2af62338d93df,404,0
juice,search,f90cf381b7cc292d,404,0
juice,search,fecb7193b056d0ff,404,0
juice,search,b1560b28381da415,404,0
juice,search,857722074a584021,404,0
juice,search,958e01417ee3d555,404,0
juice,search,0bca134b42e506ed,404,0
juice,search,b81e90032d65780f,404,0
juice,search,6751a6b1013ad1a4,404,0
juice,search,4fd44865a44c97bf,404,0
juice,search,359fc6a276d40555,404,0
juice,search,62ecaea55c06d802,404,0
juice,search,bed2529b40cc9f92,404,0
juice,search,898fd2434fdbfa39,404,0
juice,search,721db3893a32c56d,404,0
juice,search,c004c8f4ff64b46b,404,0
juice,search,9db7edbe4077b828,404,0
juice,search,5e15733f50c5dbc1,404,0
juice,search,3cb75799f3237318,404,0
juice,search,167f276cba8fc7ca,404,0
juice,search,bcbcdc25fa099973,404,0
juice,search,a98e51e2f3751159,404,0
juice,search,737cf26599732d6e,404,0
juice,search,3083f9203f2ea5ff,404,0
juice,search,ec53b50550ec68da,404,0
juice,search,e7241c327346dbef,404,0
juice,search,2300e8d317233e68,404,0
juice,search,91704c5001066f53,404,0
juice,search,8c5099f0512865d6,404,0
juice,search,b80774ec03917c59,404,0
juice,search,69dec6a10f940438,404,0
juice,search,5d283b2d379788ac,404,0
juice,search,26029df9dde8fe62,404,0
juice,search,ab9d79fefc4db128,404,0
juice,search,5c3b0a43c832cb77,404,0
juice,search,dff2209adec817cd,404,0
juice,search,b77580712cc2040f,404,0
juice,search,102d5f50bb935e68,404,0
juice,search,4da48d5055824201,404,0
juice,search,b3f259941f0ba66a,404,0
juice,search,8f6fce2e86c69311,404,0
juice,search,0187a1ff806dcedb,404,0
juice,search,e136d5c825814dd1,404,0
juice,search,2363e4d83dda093d,404,0
juice,search,ef3efac24f7eebb3,404,0
juice,search,f0523944fc24bb39,404,0
juice,search,67e0c9d2bd008a98,404,0
juice,search,7b5f1f2fd5fb3393,404,0
juice,search,8e93a48655b6d6f0,404,0
juice,search,61bd25f73c72046f,404,0
juice,search,0e3ac5e7c7265be9,404,0
juice,search,b2e36d38005a5d35,404,0
juice,search,6e2d8417ae5906d2,404,0
juice,search,155c919e1246b9a7,404,0
juice,search,950032c0c1d1b290,404,0
juice,search,4d8d76961413c348,404,0
juice,search,c0d298b73d5eb4aa,404,0
juice,search,c73b708c958676e8,404,0
juice,search,e92739384a1cb0e0,404,0
juice,search,8a07fd80e0120b44,404,0
juice,search,173dcecbe8895e7e,404,0
juice,search,57f0890399530041,404,0
juice,search,1985d79f88f6aef8,404,0
juice,search,465ee21574c3cea1,404,0
juice,search,eef767ead5b5f117,404,0
juice,search,e1ce26a0a0d7982d,404,0
juice,search,804612fd6d6d9614,404,0
juice,search,6e473604d2537966,404,0
juice,search,4d0367ec6f68211d,404,0
juice,search,77e5402cbebc0764,404,0
juice,search,27ac0b1c912c66ff,404,0
juice,search,339cf9a1661abe66,404,0
juice,search,ff1bd27dd9b01497,404,0
juice,search,2cdeb47d97d134a4,404,0
juice,search,c9848bedffb51d21,404,0
juice,search,d231c36239e83fba,404,0
juice,search,c122d2355d27d68a,404,0
juice,search,00a1e11d81cab5a5,404,0
juice,search,f421912c0c356221,404,0
juice,search,e6ebd604ab976d05,404,0
juice,search,60e2efb6ac4d33ec,404,0
juice,search,71a63145be4cd37c,404,0
juice,search,5f146751d84fa26f,404,0
juice,search,ed9cc3f9208eda6d,404,0
juice,search,290cd4bf17babf51,404,0
juice,search,2e4ff2853aa429b3,404,0
juice,search,1161e23fe204016a,404,0
juice,search,32b51884ae61830e,404,0
juice,search,3750ba22acfeef5d,404,0
juice,search,96ffd73d435284c2,404,0
juice,search,3859e2a9014a8921,404,0
juice,search,b186aa4503e4db67,404,0
juice,search,aae48dba496de94b,404,0
juice,search,7dec6f55b26fd20f,404,0
juice,search,2d0485e3948858b2,404,0
juice,search,34a952c792d1e99b,404,0
juice,search,60007621caad5288,404,0
juice,search,4cc207e52c185045,404,0
juice,search,844295bf48468029,404,0
juice,search,354d9086e6694328,404,0
juice,search,162527cafcca0cca,404,0
juice,search,87b97a98033431df,404,0
juice,search,d027acaa73f9cc27,404,0
juice,search,40e01ddd3fbc2079,404,0
juice,search,635dbf7974379632,404,0
juice,search,99880176ee8e6796,404,0
juice,search,82c96faad5738400,404,0
juice,search,ee91dfcb48c97a5a,404,0
juice,search,8fb86555830c90b8,404,0
juice,search,fea6036ed9736c02,404,0
juice,search,33ad35880c2eefdc,404,0
juice,search,7c9c11a96e308309,404,0
juice,search,2a6c836f5a7e6cb5,404,0
juice,search,355f593f33f98194,404,0
juice,search,71777e87f61041b3,404,0
juice,search,1ce48112c4ae5fa4,404,0
juice,search,205992b365327f1d,404,0
juice,search,bc64a0c0ac3d9385,404,0
juice,search,9ba7e4f9bae3ce84,404,0
juice,search,3f1679db47c1ba6f,404,0
juice,search,1a93ba7aec77ec4b,404,0
juice,search,e4c109f9f7519945,404,0
juice,search,5067280bb0944d8c,404,0
juice,search,d01b1c6846181bab,404,0
juice,search,c27d015ff1380ff9,404,0
juice,search,36313b752ba80fce,404,0
juice,search,751401a7f9c58eaa,404,0
juice,search,5f65f08a1f1699bc,404,0
juice,search,0f1a865c53056e65,404,0
juice,search,f52fb04a07470c69,404,0
juice,search,b421e431cf72bbdc,404,0
juice,search,96b10e33f84a18bf,404,0
juice,search,b771d3fab9256b23,404,0
juice,search,0c62e57046bd8876,404,0
juice,search,5944e88e8abc292e,404,0
juice,search,e5b522a80808994f,404,0
juice,search,8e73d4ad40df1a7a,404,0
juice,search,cd122b14f96164f4,404,0
juice,search,1e3b4529a0959594,404,0
juice,search,95703cf8fe401ce9,404,0
juice,search,2602c759341103f5,404,0
juice,search,43ebda9e0b069c4f,404,0
juice,search,63dc9630241ba728,404,0
juice,search,4c82ddbea97ae912,404,0
juice,search,d0393abf4dcd14b5,404,0
juice,search,db5d3b8cabafeafe,404,0
juice,search,c200818dfc2b77c2,404,0
juice,search,a5c642aab8655477,404,0
juice,search,760deba868d05c07,404,0
juice,search,fd6508b9bae84387,404,0
juice,search,ecb2be0d96691333,404,0
juice,search,ca6daa4d630c9333,404,0
juice,search,13d31cf65764a476,404,0
juice,search,5ecf8ca0da36668b,404,0
juice,search,db5bb31f1ff78f16,404,0
juice,search,453130b6124493f4,404,0
juice,search,740b842e921bea77,404,0
juice,search,aa483a998bef459a,404,0
juice,search,dd4dbea98db8f495,404,0
juice,search,2aec7bf60ac92996,404,0
juice,search,7688a814c9768220,404,0
juice,search,84350397b36e8a75,404,0
juice,search,2561ed00c240394d,404,0
juice,search,ef249e918086cca6,404,0
juice,search,52cedcf77e917301,404,0
juice,search,bed9acc5c0f55b09,404,0
juice,search,3cd1a37348b6f140,404,0
juice,search,8e2944c97e8e3b31,404,0
juice,search,233882e733e0e4cf,404,0
juice,search,4a86584fd3466af4,404,0
juice,search,4f64d9385f3bd53f,404,0
juice,search,e2fb3cb88e2d27c1,404,0
juice,search,ec20847d80c6f88c,404,0
juice,search,83e0a0938ae68d1f,404,0
juice,search,2705d8a55ba7946a,404,0
juice,search,c513cbffd1dfa2b2,404,0
juice,search,e1266ca2019da74d,404,0
juice,search,31959f488762e45a,404,0
juice,search,8dc66f7f098034f3,404,0
juice,search,20dbca5d23e337cd,404,0
juice,search,1dc437fbc2d9dbbb,404,0
juice,search,cec18b5b05fa1165,404,0
juice,search,fb04225d450dee53,404,0
juice,search,66809a802a8912f5,404,0
juice,search,955e510b9f3fab05,404,0
juice,search,6d48e4bbdf54704b,404,0
juice,search,381c08b6eaee7265,404,0
juice,search,9d55ce6576c7604f,404,0
juice,search,42f4212384b92ee1,404,0
juice,search,2e4b32fcdfc60e17,404,0
juice,search,44973714b7a1e4f3,404,0
juice,search,714ed01365e8d0c1,404,0
juice,search,8d437b611d09f86a,404,0
juice,search,e7eb7b8b7012cae1,404,0
juice,search,a0d7bc9b9d3acd71,404,0
juice,search,7e431b19447aa23a,404,0
juice,search,5948e5798fba80ba,404,0
juice,search,5d61c3e7ff2aabea,404,0
juice,search,eef4130fbf88329f,404,0
juice,search,2c3d64ff86add8e9,404,0
juice,search,d9aab25d8bb2e63e,404,0
juice,search,b7e4b57b79db55ca,404,0
juice,search,2f2b9a69e783e27b,404,0
juice,search,37cb18f2f5581e67,404,0
juice,search,0a57d95de1cfb931,404,0
juice,search,e50536965d19dab0,404,0
juice,search,76c42060cfe4a805,404,0
juice,search,55bcfad61edf83ca,404,0
juice,search,d9d39d646677eb6f,404,0
juice,search,04955146da3d10cf,404,0
juice,search,d435bd0c9e301372,404,0
juice,search,4d538d464c610577,404,0
juice,search,73b17d0bf1d81b56,404,0
juice,search,0d3680d177a0cefa,404,0
juice,search,bdd24f6ce3ba73cc,404,0
juice,search,75b3f02216db8030,404,0
juice,search,f11e650a7e979ddb,404,0
juice,search,7f0674285c2fb96c,404,0
juice,search,b24f287a5ddf9775,404,0
juice,search,0dbc6d9913cdbc31,404,0
juice,search,e2d26bc93ba913f0,404,0
juice,search,477ac87abb45300a,404,0
juice,search,34df1c22f13aa2b2,404,0
juice,search,9d5d78a03e82eafa,404,0
juice,search,91720261819e8ca4,404,0
juice,search,f62bdf61abc4803b,404,0
juice,search,fe34987884f5e37e,404,0
juice,search,a64f65694891a3d7,404,0
juice,search,84259b2675f6088f,404,0
juice,search,725a120be707ff33,404,0
juice,search,97a15e0f5a6ba0b1,404,0
juice,search,b6b19c985145cadd,404,0
juice,search,0750e8290184349e,404,0
juice,search,621e34ce822f3591,404,0
juice,search,699396e0038307b6,404,0
juice,search,a399c3b2d7615b53,404,0
juice,search,2f6f6ff1bbb1be2a,404,0
juice,search,0a6b019dafd578ff,404,0
juice,search,54a36297b6520194,404,0
juice,search,267b02b5764b5a76,404,0
juice,search,bfdf5c75a1078ec7,404,0
juice,search,cd0261052243e046,404,0
juice,search,5c0e44d4299d31f8,404,0
juice,search,b0638fe23dcb51e3,404,0
juice,search,e424becc0b891920,404,0
juice,search,8af7e1c729c8f083,404,0
juice,search,3a0ae0cdbb9051a5,404,0
juice,search,a1ab09a73116398b,404,0
juice,search,086303b64de4c3a0,404,0
juice,search,c9a547d4300b016c,404,0
juice,search,bf67b0a9d79da0a1,404,0
juice,search,4ca92627c98afa64,404,0
juice,search,f05754958ff32f36,404,0
juice,search,bf63b00ce281b5fa,404,0
juice,search,b84be8c74106c581,404,0
juice,search,dd8a911a097c9004,404,0
juice,search,5f5fd1cb9d0f6297,404,0
juice,search,16a7f45fb4fda7b1,404,0
juice,search,8212a021b1a103a7,404,0
juice,search,0fed4dbd0068cb74,404,0
juice,search,baaa75ba198dfa11,404,0
juice,search,e0789e3d9caa275c,404,0
juice,search,3caf5e53daf07be9,404,0
juice,search,15cee40965e9cc3b,404,0
juice,search,c9d57c81436fb183,404,0
juice,search,13df6a13402add9b,404,0
juice,search,123c262f3a2dafb4,404,0
juice,search,c28db321ee706bd2,404,0
juice,search,5219120c1af0ef0e,404,0
juice,search,fc860f74d8c0dbab,404,0
juice,search,add386d06634a474,404,0
juice,search,f72b0e5012363fb1,404,0
juice,search,a19055928d6518c0,404,0
juice,search,90424c045ffb53d3,404,0
juice,search,aab313683e17eba6,404,0
juice,search,257c5f35433b6839,404,0
juice,search,7777845d3549f9f2,404,0
juice,search,1eb9336ebc77fae3,404,0
juice,search,e5b878b7d5d319fa,404,0
juice,search,ba090181a42e54dc,404,0
juice,search,b8d903fb396d6f5e,404,0
juice,search,8781ca0df9b65dbd,404,0
juice,search,72b4bca5b2587268,404,0
juice,search,f2c0d19ae9c6c5ac,404,0
juice,search,b9d479e993635429,404,0
juice,search,9587fc81066c9b00,404,0
juice,search,f4b88417f86b0286,404,0
juice,search,81349b463e119ce0,404,0
juice,search,ce1c665ec0954399,404,0
juice,search,c13ea49d46ae119e,404,0
juice,search,e3029428fd834280,404,0
juice,search,6b8ebbe76adb3ab7,404,0
juice,search,2ecab150d27f5638,404,0
juice,search,67f4905379910821,404,0
juice,search,9d7e937ed9d95f46,404,0
juice,search,15883f009a9a514e,404,0
juice,search,9b1ebf0d02e6096b,404,0
juice,search,b41ba91cfa4154f5,404,0
juice,search,323ba82209f0752a,404,0
juice,search,50626d201e686ac5,404,0
juice,search,15e5cde486268258,404,0
juice,search,050e5cd1e5ef938b,404,0
juice,search,61687ec3bed4107c,404,0
juice,search,d7a7d045fe98d580,404,0
juice,search,8ccb166ab0b8bb84,404,0
juice,search,d96f9ad3ea59a0bb,404,0
juice,search,712b8cbbd2cde57c,404,0
juice,search,2ea5452a213cd4fa,404,0
juice,search,6523824e6a1bf452,404,0
juice,search,f6494572f9e2cd90,404,0
juice,search,57b724789c59b5da,404,0
juice,search,dfc7ba772f3a42c3,404,0
juice,search,fe662b4213516094,404,0
juice,search,476f1a35212ad71a,404,0
juice,search,5dea9ec293b72517,404,0
juice,search,b168cafa09695c09,404,0
juice,search,8c869445e010db0c,404,0
juice,search,fce19a00a6b2e86a,404,0
juice,search,09529bf6e5106879,404,0
juice,search,a22da2564d50c4a9,404,0
juice,search,1b5f5fc044392a14,404,0
juice,search,39c2c65ff2b2cd5d,404,0
juice,search,df6a0a6a76c0afb6,404,0
juice,search,332c44ba0b7eec8a,404,0
juice,search,7c515366eb747d50,404,0
juice,search,2398db7875fa9bc5,404,0
juice,search,a1604cc383f55f5e,404,0
juice,search,1e52e7ca69368c86,404,0
juice,search,92947dceebf2cf73,404,0
juice,search,da93092da629c637,404,0
juice,search,428fd0b3533f765b,404,0
juice,search,f0c5482add266a3f,404,0
juice,search,89278ff67417ad3f,404,0
juice,search,0909f8aae0c2bed5,404,0
juice,search,13b7edc81cb0af29,404,0
juice,search,82cdce4b528d3698,404,0
juice,search,9a1cfa52bbe9cdc4,404,0
juice,search,8233e0fecc240ef1,404,0
juice,search,dab5057c3fad3d72,404,0
juice,search,5849455888336a6b,404,0
juice,search,833d5ef4d2c15f71,404,0
juice,search,be94084b8d846907,404,0
juice,search,fef0cbd98da47f1b,404,0
juice,search,f7e40e0c3bb3cc2e,404,0
juice,search,ab8e58ae409f02ed,404,0
juice,search,e2270a3136e0827a,404,0
juice,search,20ee5491a83447ef,404,0
juice,search,5b9e024b0c7782c1,404,0
juice,search,c1f08133f205f49a,404,0
juice,search,662f65db91f8025d,404,0
juice,search,bf05d9a832140509,404,0
juice,search,c4a52b832e1bbe0e,404,0
juice,search,d8f0f3c175638a6f,404,0
juice,search,61ceac923b3ed7c7,404,0
juice,search,6698570872845657,404,0
juice,search,469f7c61efa58eac,404,0
juice,search,0c672638b528c756,404,0
juice,search,43e05aaf9c8336ef,404,0
juice,search,98ac3f9b61a7cd76,404,0
juice,search,c686803385c28878,404,0
juice,search,93657d70fc48e58a,404,0
juice,search,81352c060888ae2e,404,0
juice,search,e364105a2e4940b0,404,0
juice,search,6552db8ae93b81ad,404,0
juice,search,29588ccf6102c84d,404,0
juice,search,766f0f4c489e022d,404,0
juice,search,dce23b4dffaf0ce3,404,0
juice,search,0a7a8c2a5c448482,404,0
juice,search,9a3988e2943f5c98,404,0
juice,search,2e9fe7989ed8f8f2,404,0
juice,search,32cc699ecb86cba7,404,0
juice,search,b5efee4b886d6432,404,0
juice,search,ac285f7c871e483d,404,0
juice,search,8fd10bf067fb6fd0,404,0
juice,search,8d2a5fb673cec575,404,0
juice,search,39d9f1ab760d2b15,404,0
juice,search,3345d00d89901ff5,404,0
juice,search,7d006e368cdac4d2,404,0
juice,search,8469bc51fab20499,404,0
juice,search,38e114f498c37274,404,0
juice,search,4f175f079a318821,404,0
juice,search,8cdf030cc968812a,404,0
juice,search,42430854dca52203,404,0
juice,search,d14753bfe6147bab,404,0
juice,search,890506da0a273fc2,404,0
juice,search,02b5a7a957fca036,404,0
juice,search,6a6e37f3a02ec646,404,0
juice,search,f0304aaf33537566,404,0
juice,search,c30edb1ab6cff4b1,404,0
juice,search,c7ac56855d7bffd3,404,0
juice,search,3b08a84de3f79f1e,404,0
juice,search,77cc0d193b2c4832,404,0
juice,search,2d283a26ab3916ed,404,0
juice,search,6bf9977324d1b8f5,404,0
juice,search,b77505e32a8acb93,404,0
juice,search,a81afcdd7083f85d,404,0
juice,search,3b74bb16d41fa2aa,404,0
juice,search,4a1f74acf7e106e8,404,0
juice,search,dc35dbb89bec14d5,404,0
juice,search,59c0e557fb84c484,404,0
juice,search,c3447a383a504075,404,0
juice,search,f4d4341396d8014e,404,0
juice,search,1da97ec81150dfd0,404,0
juice,search,d86fe482ba08c5fa,404,0
juice,search,efc245a2b0cd2fbd,404,0
juice,search,d99e3d6e6a1ef09f,404,0
juice,search,6b169a477d436d2b,404,0
juice,search,2aa8538a28cf81cf,404,0
juice,search,a63d08c3fd094cb5,404,0
juice,search,ca20d1714dd4d616,404,0
juice,search,da74c9b048bb312f,404,0
juice,search,b86d697ea45ef78d,404,0
juice,search,9abb4dbbc6bcfee6,404,0
juice,search,1cda3ab8d61ba493,404,0
juice,search,75e14a742b0db21c,404,0
juice,search,4c41d539828a89d7,404,0
juice,search,40afad5ad6ccc255,404,0
juice,search,b5d4226a1be252f5,404,0
juice,search,5b12f8daa5cfc96c,404,0
juice,search,3270b515c5bcce4e,404,0
juice,search,355d47eb56382e85,404,0
juice,search,19a28adc3cdcbabd,404,0
juice,search,596cf888a507cc87,404,0
juice,search,ec58cba60ef4abc8,404,0
juice,search,1fed113e1b8cf243,404,0
juice,search,562f190ccdf6fe79,404,0
juice,search,ed391d8783c0fda8,404,0
juice,search,082755ba022885c6,404,0
juice,search,5cacda57b746739b,404,0
juice,search,3e3a2b714c8be6a6,404,0
juice,search,ef5a79b2804d4a12,404,0
juice,search,7159d509c8a743e4,404,0
juice,search,8bd6fd071c45fdd1,404,0
juice,search,2795086e5df0e255,404,0
juice,search,e5bb1d6a529c7a90,404,0
juice,search,b4e87f6a27e0bff8,404,0
juice,search,2e39586365a41142,404,0
juice,search,222fa19ab42d0fe6,404,0
juice,search,5b77832048350979,404,0
juice,search,d4fb2c15a60458d9,404,0
juice,search,9735776f0a94e175,404,0
juice,search,b82e39a6dee91297,404,0
juice,search,49ab8c10a364b6fb,404,0
juice,search,3dbfb15ac5d95e10,404,0
juice,search,baa4f28c4982228e,404,0
juice,search,d4d9310ac33f705c,404,0
juice,search,094c9201a1c0b101,404,0
juice,search,894fc1741288d2ab,404,0
juice,search,f7308497750af39e,404,0
juice,search,ab63e811c5e21468,404,0
juice,search,6e598828ffa768ed,404,0
juice,search,f0b78fe757032c36,404,0
juice,search,279030143bcd945a,404,0
juice,search,cc8d8ae869d53479,404,0
juice,search,fba3457d43485a2a,404,0
juice,search,bd6039ea6b24f254,404,0
juice,search,006deb70718ffe8b,404,0
juice,search,bbb8b696903d5e63,404,0
juice,search,8bc95be337c39f5e,404,0
juice,search,bcf4a103afa96ff5,404,0
juice,search,e346f7eb7ad0e6f2,404,0
juice,search,f796f63f89140639,404,0
juice,search,73848d2a68dce8e8,404,0
juice,search,2311c68b3102f55f,404,0
juice,search,2aaedc68ab3b6f0d,404,0
juice,search,c08a0aab36b6c56d,404,0
juice,search,63e4f921d875a714,404,0
juice,search,b242ebc2b6e0f6f1,404,0
juice,search,ce181560a3c0aab6,404,0
juice,search,698c7caeca69c47f,404,0
juice,search,9aa8438a3ac67f13,404,0
juice,search,fd7775e546b4b00b,404,0
juice,search,c1ae8d1c64cdbe79,404,0
juice,search,947ac0d9e21277b9,404,0
juice,search,74b95b2e619b7e61,404,0
juice,search,0984186053d3a1d5,404,0
juice,search,d1ae860081a515e2,404,0
juice,search,63c1f47361ab6a41,404,0
juice,search,d19229171f52708e,404,0
juice,search,08200f2014a52792,404,0
juice,search,f4da4ca64343d644,404,0
juice,search,344ad21f553ca466,404,0
juice,search,1635ccda06752be4,404,0
juice,search,96d4c187f77a194d,404,0
juice,search,4f9c72a3474126e6,404,0
juice,search,32a34a4af9bbedeb,404,0
juice,search,e3be2fa10dfeb9a4,404,0
juice,search,a54959a56e84fb60,404,0
juice,search,e968be54c417ff0f,404,0
juice,search,98c1c2764fc20c7f,404,0
juice,search,36bd7ca3e7236543,404,0
juice,search,c3d7ec99fa53330b,404,0
juice,search,820432e7a83d9f7a,404,0
juice,search,dc9704f7f536dae0,404,0
juice,search,b9f3c6ff516ebccf,404,0
juice,search,3f645cc767d2a7c3,404,0
juice,search,5460a6a8b63a90ff,404,0
juice,search,21105544d4cdac64,404,0
juice,search,3d9fdf21c8ab89a0,404,0
juice,search,c62b0bacc501d9ee,404,0
juice,search,3e829cc32e955113,404,0
juice,search,ed66a8241cdb479d,404,0
juice,search,6f11e6deed9ce74e,404,0
juice,search,b531619d314b4e59,404,0
juice,search,655de8dd3cac36aa,404,0
juice,search,df10e393873b5b1b,404,0
juice,search,6743ebc98c1adfee,404,0
juice,search,c8f378a79ce54673,404,0
juice,search,137eae8c6d20a52f,404,0
juice,search,2de7c130bd97fa24,404,0
juice,search,1235a38fc3d30c1f,404,0
juice,search,c438d309a9ba2abf,404,0
juice,search,b78b85cb1143a388,404,0
juice,search,3a2bbb875ee8d1f6,404,0
juice,search,ce83847da55f7858,404,0
juice,search,5bd1da354802d4a3,404,0
juice,search,0beac0aa1b7bcc66,404,0
juice,search,ffb2c31b077bb28d,404,0
juice,search,79852bead2c21d7e,404,0
juice,search,f66364b77526814f,404,0
juice,search,61acb8bbdb9a25dc,404,0
juice,search,0cbfee83f8df3771,404,0
juice,search,f92cdec6a226440e,404,0
juice,search,343be9e96d1f3ad8,404,0
juice,search,9977c84e02e9ced9,404,0
juice,search,e3eb15dec1a51faf,404,0
juice,search,4d130079481ada7e,404,0
juice,search,8527ee42ae50315d,404,0
juice,search,d140be408920bed4,404,0
juice,search,f8b0b7da3dcffd8d,404,0
juice,search,b0f94c0d0f5bee7d,404,0
juice,search,301d6b4479db7026,404,0
juice,search,40b09844ea3bd834,404,0
juice,search,c948ac12bda3aae2,404,0
juice,search,c3deb9e74e3ba720,404,0
juice,search,94e1cca91af9c7c4,404,0
juice,search,c8d017260936dbee,404,0
juice,search,ae533b839f71d432,404,0
juice,search,1832e26640c3022d,404,0
juice,search,b77760d8b6875922,404,0
juice,search,4e0f4e4e6092cf92,404,0
juice,search,4c86e287373c8a54,404,0
juice,search,655094dc02a1e493,404,0
juice,search,a5c9c1765a60a8fc,404,0
juice,search,4c2eb7acf66180aa,404,0
juice,search,16dd0ac5c426c751,404,0
juice,search,4640ba5ce9d60fbc,404,0
juice,search,e6f164400a5385ff,404,0
juice,search,34605c5ba7792d2d,404,0
juice,search,17b5c33003b1611c,404,0
juice,search,4fc4ba1d7e7bb0fd,404,0
juice,search,a78a05757bf929f2,404,0
juice,search,f905013c7b43fa4d,404,0
juice,search,d73ef09db46bb06a,404,0
juice,search,73d2cd1c0da24755,404,0
juice,search,e0e8cd68703e68a7,404,0
juice,search,082b26a454a82a8a,404,0
juice,search,15e8cec715dc5d0b,404,0
juice,search,353a8957750a28c9,404,0
juice,search,cf97d4162f38dbb0,404,0
juice,search,a05edd258ac32dae,404,0
juice,search,61c2b9d25e00368f,404,0
juice,search,894c67f8cf6fca87,404,0
juice,search,694afe1708e15762,404,0
juice,search,fd5fe3c87a50145e,404,0
juice,search,db1253cef7d09ae4,404,0
juice,search,d7574adc8c53b655,404,0
juice,search,4b421d3b4a8393c0,404,0
juice,search,3ad893f89f595ed5,404,0
juice,search,5b9cf019ca4783a0,404,0
juice,search,84b2c2eda581621d,404,0
juice,search,9e6a3884710379d2,404,0
juice,search,92d72135caa2ad4c,404,0
juice,search,c53d39562065ba18,404,0
juice,search,33b5aa0b1dfa1a82,404,0
juice,search,9d3bc91c096a9b36,404,0
juice,search,d31c1c1a57d3e386,404,0
juice,search,ef472e778fa595c2,404,0
juice,search,43f76c29c4e76858,404,0
juice,search,55a04fbfef9c9b69,404,0
juice,search,2d751cf98e444c70,404,0
juice,search,41e9b6a3f6169610,404,0
juice,search,1f63156eb71fb631,404,0
juice,search,77c5fcdd69dc0026,404,0
juice,search,1f6e7ebb9935a1a0,404,0
juice,search,29abfbebf66a753a,404,0
juice,search,8bd5147ccb7ac431,404,0
juice,search,d289816658515c30,404,0
juice,search,4d2b951b97aaee4d,404,0
juice,search,bef55f58e6b1098c,404,0
juice,search,aa4c43311a9edd9a,404,0
juice,search,ec9b6ddfdf9d7166,404,0
juice,search,a2822017dafcfc6b,404,0
juice,search,ea07b3ae9f15fb26,404,0
juice,search,a1559fc0c7feb849,404,0
juice,search,a4ceb7eaf3768959,404,0
juice,search,231171b721514cdf,404,0
juice,search,b7100ab497e61f77,404,0
juice,search,b403055c0d7384ed,404,0
juice,search,3443b52059495a56,404,0
juice,search,dff5909a36dc553d,404,0
juice,search,621c971fa92e22b4,404,0
juice,search,3d0c64f6e6445c74,404,0
juice,search,53fec5f8b10250ed,404,0
juice,search,3880239b6f8bc320,404,0
juice,search,19d775a5a06c87bd,404,0
juice,search,b20b1f769e11dc4b,404,0
juice,search,0828564ace1ac918,404,0
juice,search,9b5cc93da8cdd5a4,404,0
juice,search,1687ecdc8443db85,404,0
juice,search,9c5ab7cfaaf81fec,404,0
juice,search,33e968b4bad6b8bf,404,0
juice,search,c7d8be0909980edd,404,0
juice,search,33ec5d31cc71ea1c,404,0
juice,search,10293b6b78a9181a,404,0
juice,search,3db34429d26ba7d9,404,0
juice,search,154d37d83ddf8114,404,0
juice,search,e2c1dbc923c41a16,404,0
juice,search,fdf27885e441ea20,404,0
juice,search,f509d596cde603de,404,0
juice,search,95ace4b09a5dcf16,404,0
juice,search,0b09c04fada4a5d4,404,0
juice,search,9f349e37424f47d7,404,0
juice,search,dd574526cf724135,404,0
juice,search,740ff93779231f87,404,0
juice,search,48a78788cf64e5bb,404,0
juice,search,8940e93abcdcb953,404,0
juice,search,b025804259e5405a,404,0
juice,search,443090a95fb0f8ba,404,0
juice,search,b6c23a1ec389e674,404,0
juice,search,74238eaba28bfcb4,404,0
juice,search,bb5fee372f25ecec,404,0
juice,search,f933812cfb7b676d,404,0
juice,search,90bf9d39382a7b3e,404,0
juice,search,748d0b4b75380a2e,404,0
juice,search,ab1af2cfc67f79bf,404,0
juice,search,789a85b78b8a82c6,404,0
juice,search,d256633a18d7583c,404,0
juice,search,11b4f05cbcd6cbaf,404,0
juice,search,326e167dc235ef50,404,0
juice,search,f689ecaae83ff05e,404,0
juice,search,7bf0c3e771def146,404,0
juice,search,b5eb7fed5c9bb967,404,0
juice,search,1b07592241b6d52c,404,0
juice,search,e669440ebf7fbd67,404,0
juice,search,4bb057cd3adfe2be,404,0
juice,search,9f7b25c0a2c53333,404,0
juice,search,e5072bec2345a166,404,0
juice,search,665710af24cb78d0,404,0
juice,search,faf71a34c20ae853,404,0
juice,search,72a183f32960c71a,404,0
juice,search,1009e98311213eaa,404,0
juice,search,5af477c31cc61b61,404,0
juice,search,d60a9e4aa9f88424,404,0
juice,search,efc719966c4aa6da,404,0
juice,search,d078755f7032c23c,404,0
juice,search,03db3d703eefe261,404,0
juice,search,3568d3341a8c81c6,404,0
juice,search,1055d94c413d9e3d,404,0
juice,search,a4fa33c6efb24d62,404,0
juice,search,07976a8ebe25a9d0,404,0
juice,search,e4f3bbb0de998c15,404,0
juice,search,0e9dabdd679648c1,404,0
juice,search,4dd3cac5744e0121,404,0
juice,search,0b3a7431c4503df8,404,0
juice,search,26dd5cdfe58b7bb2,404,0
juice,search,aa6846a597e1cb77,404,0
juice,search,6a08c63fbef02662,404,0
juice,search,7146eb27ea1e236a,404,0
juice,search,d12de8c0406ac2fa,404,0
juice,search,b934808103dfa54e,404,0
juice,search,a9c317b4298b8845,404,0
juice,search,28243355d8a4dc90,404,0
juice,search,a9391d0ed852ee86,404,0
