strategy,page,seed,idx,payload_sha1,log_tag,routeA_exec,crs_status,rule_status,rule_exec
CG,calc,1,1,d155a2979abe0a87,BLOCKED,1,200,403,
CG,calc,1,3,0b6bc22bb03dd3db,BLOCKED,1,403,403,
CG,calc,1,5,31bdf79d2a0b234a,BLOCKED,1,403,403,
CG,calc,1,7,33398c7a14145922,BLOCKED,1,403,403,
CG,calc,1,9,6525ab2d4d07b816,BLOCKED,1,403,403,
CG,calc,1,11,d53ae22909f196e6,BLOCKED,1,403,403,
CG,calc,1,13,cd88ce8a6986688a,BLOCKED,1,200,403,
CG,calc,1,14,9d896826f5a5802a,BLOCKED,1,403,403,
CG,calc,1,20,45ed338232a85b26,BLOCKED,1,403,403,
CG,calc,1,22,457c9eb122a922ce,BLOCKED,1,403,403,
CG,calc,1,30,c4de5ec743ac824b,BLOCKED,1,403,403,
CG,calc,1,31,06ba8fb0827452e9,BLOCKED,1,403,403,
CG,calc,1,32,2dacfaadf5426cce,BLOCKED,1,403,403,
CG,calc,1,36,c5b13e3ebebbbf11,BLOCKED,1,403,403,
CG,calc,1,37,edd85efb7abcdc67,BLOCKED,1,403,403,
CG,calc,1,38,324f20adb3167024,BLOCKED,1,200,403,
CG,calc,1,39,816e40ae0cbe2739,BLOCKED,1,403,403,
CG,calc,1,40,e45504a8590e8b2e,BLOCKED,1,200,403,
CG,calc,1,41,968f8c1385ad8706,BLOCKED,1,403,403,
CG,calc,1,43,9ecd521733266f2d,BLOCKED,1,200,403,
CG,calc,1,44,4684ee3a70b42e25,BLOCKED,1,403,403,
CG,calc,1,45,d6f8a0938054460c,BLOCKED,1,200,403,
CG,calc,1,46,929d1c9554e85c46,BLOCKED,1,200,403,
CG,calc,1,47,bad98d862aa7b068,BLOCKED,1,200,403,
CG,calc,1,48,ef36176c28155d06,BLOCKED,1,403,403,
CG,calc,1,49,e8de5d1cb6dc4fbe,BLOCKED,1,403,403,
CG,calc,1,51,8dcde7edd75ec8b9,BLOCKED,1,403,403,
CG,calc,1,52,2e9c496fbbd4aeee,BLOCKED,1,403,403,
CG,calc,1,55,72f44c18adddfb7c,BLOCKED,1,200,403,
CG,calc,1,58,4e388f2abbf2418e,BLOCKED,1,403,403,
CG,calc,1,62,f807b50e59c70af8,BLOCKED,1,200,403,
CG,calc,1,63,d039d2c2286065cc,BLOCKED,1,403,403,
CG,calc,1,65,f8b83d135267f0d5,BLOCKED,1,200,403,
CG,calc,1,67,019ff571311a9811,BLOCKED,1,200,403,
CG,calc,1,70,bac70f9eeb8d2c6b,BLOCKED,1,403,403,
CG,calc,1,71,3d92c763b14b6d92,BLOCKED,1,200,403,
CG,calc,1,72,425812aaa38142eb,BLOCKED,1,403,403,
CG,calc,1,73,75b7ddb8bc268c54,BLOCKED,1,403,403,
CG,calc,1,75,ad80ceed29797e31,BLOCKED,1,200,403,
CG,calc,1,78,b7107a75c3e5fdcd,BLOCKED,1,403,403,
CG,calc,1,79,fbd32da2c2eda0e5,BLOCKED,1,403,403,
CG,calc,1,82,5a6baebe77266c2b,BLOCKED,1,403,403,
CG,calc,1,83,ba966809df8da9f5,BLOCKED,1,200,403,
CG,calc,1,85,3ab4ae5d74b81db5,BLOCKED,1,403,403,
CG,calc,1,86,137e27493e0263c8,BLOCKED,1,403,403,
CG,calc,1,89,a03ed96e19276a8f,BLOCKED,1,403,403,
CG,calc,1,90,4b5c3af78d3d04da,BLOCKED,1,403,403,
CG,calc,1,106,6387ef1905aeb99d,BLOCKED,1,403,403,
CG,calc,1,109,b454e18bce7cb6c7,BLOCKED,1,200,403,
CG,calc,1,113,61e79b7b30eab360,BLOCKED,1,403,403,
CG,calc,1,117,06a4e673285d4b6b,BLOCKED,1,403,403,
CG,calc,1,118,6f33365f3df5efbb,BLOCKED,1,403,403,
CG,calc,1,119,e1c5595468a15df7,BLOCKED,1,200,403,
CG,calc,1,120,c32437975fbaec90,BLOCKED,1,200,403,
CG,calc,1,122,daa2fe279292b123,BLOCKED,1,200,403,
CG,calc,1,123,69c9d2a6f23c1dda,BLOCKED,1,200,403,
CG,calc,1,124,6964ec680d305dd3,BLOCKED,1,403,403,
CG,calc,1,125,7ceb41ade792402b,BLOCKED,1,403,403,
CG,calc,1,126,eeeb8e883f905c45,BLOCKED,1,200,403,
CG,calc,1,127,7798776b979d9f65,BLOCKED,1,200,403,
CG,calc,1,129,bab26f35e753476a,BLOCKED,1,403,403,
CG,calc,1,130,f1381608f42f8222,BLOCKED,1,200,403,
CG,calc,1,134,5f0a86b13ce71e43,BLOCKED,1,200,403,
CG,calc,1,138,e6c0c49e820be074,BLOCKED,1,403,403,
CG,calc,1,139,ee598400bbd15bdf,BLOCKED,1,403,403,
CG,calc,1,143,aaf608ed07c4bdb3,BLOCKED,1,403,403,
CG,calc,1,144,ab90f3f63aa791e0,BLOCKED,1,403,403,
CG,calc,1,180,2f36784b5d88e722,BLOCKED,1,200,403,
CG,calc,1,193,e2939cf5aa8d3ac9,BLOCKED,1,200,403,
CG,calc,1,194,3cd18aadb2842449,BLOCKED,1,200,403,
CG,calc,1,206,153a18c0c43374f6,BLOCKED,1,200,403,
CG,calc,1,208,1b15214f19f11066,BLOCKED,1,403,403,
CG,calc,1,240,424826aa527b61ab,BLOCKED,1,200,403,
CG,calc,1,252,fdd7ad92fb878d4d,BLOCKED,1,200,403,
CG,calc,1,255,314f6adb663ff507,BLOCKED,1,403,403,
CG,calc,1,267,33c1880587b650a4,BLOCKED,1,200,403,
CG,calc,1,268,90c35fdc46f6d608,BLOCKED,1,200,403,
CG,calc,1,269,1a415c961813624f,BLOCKED,1,200,403,
CG,calc,1,270,02e746c08d2f86fc,BLOCKED,1,200,403,
CG,calc,1,271,99b5959e0e3fd513,BLOCKED,1,403,403,
CG,calc,1,273,824d0675b53e7ca6,BLOCKED,1,200,403,
CG,calc,1,274,6c8adac0b7877dda,BLOCKED,1,403,403,
CG,calc,1,275,7e6ddcbca2ccb12c,BLOCKED,1,200,403,
CG,calc,1,276,db70ee31e2324d95,BLOCKED,1,403,403,
CG,calc,1,277,e917dbb322d45461,BLOCKED,1,403,403,
CG,calc,1,280,e207e8151ddad777,BLOCKED,1,200,403,
CG,calc,1,281,472ea52f95ea2bae,BLOCKED,1,403,403,
CG,calc,1,283,5d1e31ba237bb599,BLOCKED,1,403,403,
CG,calc,1,285,f111c6b96397c418,BLOCKED,1,403,403,
CG,calc,1,289,00bf4ddf95cd9bb2,BLOCKED,1,200,403,
CG,calc,1,291,6deca6c651e1a314,BLOCKED,1,403,403,
CG,calc,1,293,5b0eb854264e1bd9,BLOCKED,1,200,403,
CG,calc,1,299,9783ee91755c2035,BLOCKED,1,403,403,
CG,calc,2,4,84dc8b0ea15cc195,BLOCKED,1,200,403,
CG,calc,2,7,6d0ea3abc8c5d016,BLOCKED,1,200,403,
CG,calc,2,11,eceb7432a2a61fee,BLOCKED,1,200,403,
CG,calc,2,15,cc8f90d849d7f3a8,BLOCKED,1,200,403,
CG,calc,2,23,bc5cbdcb61923f3a,BLOCKED,1,200,403,
CG,calc,2,25,bccd4913099dc925,BLOCKED,1,200,403,
CG,calc,2,32,42df11182c468da4,BLOCKED,1,403,403,
CG,calc,2,58,92690bd82c0bb7b2,BLOCKED,1,200,403,
CG,calc,2,59,793e7f18644f8099,BLOCKED,1,200,403,
CG,calc,2,61,acbcf9bbfc8d6913,BLOCKED,1,200,403,
CG,calc,2,62,769e23d083a63cef,BLOCKED,1,200,403,
CG,calc,2,65,b76cb221c5340d52,BLOCKED,1,200,403,
CG,calc,2,66,2329cda1493de464,BLOCKED,1,200,403,
CG,calc,2,67,ec65783bc73958ae,BLOCKED,1,200,403,
CG,calc,2,70,305e131e61fd799d,BLOCKED,1,200,403,
CG,calc,2,71,24e00b9251a47a1d,BLOCKED,1,200,403,
CG,calc,2,78,805afbe18bfeca6b,BLOCKED,1,403,403,
CG,calc,2,101,8167a69ac32f505e,BLOCKED,1,200,403,
CG,calc,2,102,2197b161b924b687,BLOCKED,1,200,403,
CG,calc,2,103,208c91f28c3c4d4b,BLOCKED,1,200,403,
CG,calc,2,105,b4fb49f4f740ecbe,BLOCKED,1,200,403,
CG,calc,2,106,3cccbc8b81cda694,BLOCKED,1,200,403,
CG,calc,2,110,9e616566025cdfc9,BLOCKED,1,200,403,
CG,calc,2,111,d42f0059e2865825,BLOCKED,1,200,403,
CG,calc,2,112,c64995a9da8e8564,BLOCKED,1,200,403,
CG,calc,2,113,60c04c88327049f7,BLOCKED,1,200,403,
CG,calc,2,116,c79daad898bafa4b,BLOCKED,1,200,403,
CG,calc,2,119,1dad517404e6689c,BLOCKED,1,200,403,
CG,calc,2,121,a1256cab8c3df095,BLOCKED,1,200,403,
CG,calc,2,125,565fbc510be9d5b0,BLOCKED,1,200,403,
CG,calc,2,126,12481c67798d41bf,BLOCKED,1,200,403,
CG,calc,2,127,2064d4241916c3ca,BLOCKED,1,403,403,
CG,calc,2,133,80bd6a692d41eca1,BLOCKED,1,200,403,
CG,calc,2,136,aa90793fa124d591,BLOCKED,1,200,403,
CG,calc,2,137,3c92e15ced040fb3,BLOCKED,1,200,403,
CG,calc,2,138,f9b6bc4dfe75e5fd,BLOCKED,1,403,403,
CG,calc,2,140,a7f986e4f78dc3d3,BLOCKED,1,403,403,
CG,calc,2,144,b6ee08f7908fa55d,BLOCKED,1,403,403,
CG,calc,2,147,bf4fe9c727305de2,BLOCKED,1,200,403,
CG,calc,2,148,ea19137e3b832993,BLOCKED,1,200,403,
CG,calc,2,153,274abb0d70c02ec1,BLOCKED,1,200,403,
CG,calc,2,169,8fe75d4bf9e65387,BLOCKED,1,200,403,
CG,calc,2,176,2402c30621a27577,BLOCKED,1,200,403,
CG,calc,2,177,db62981c9b6cda7d,BLOCKED,1,200,403,
CG,calc,2,179,4717e6120f6ca124,BLOCKED,1,200,403,
CG,calc,2,181,0e727c18799574c9,BLOCKED,1,200,403,
CG,calc,2,182,62789c45ae97495c,BLOCKED,1,403,403,
CG,calc,2,185,b26df44febc3cf5d,BLOCKED,1,403,403,
CG,calc,2,186,4ce405d1182f52be,BLOCKED,1,200,403,
CG,calc,2,188,d026c3b50e3ebafb,BLOCKED,1,200,403,
CG,calc,2,191,7d64e8e5c6eca050,BLOCKED,1,200,403,
CG,calc,2,199,c372d5f3ec926988,BLOCKED,1,200,403,
CG,calc,2,202,c41baf8ccfae5708,BLOCKED,1,403,403,
CG,calc,2,203,ec73c96712c0f365,BLOCKED,1,200,403,
CG,calc,2,206,75a3517295b9de55,BLOCKED,1,200,403,
CG,calc,2,207,3d455250c496e1bb,BLOCKED,1,200,403,
CG,calc,2,211,e67d427570ff8278,BLOCKED,1,403,403,
CG,calc,2,213,299d936646f2ca05,BLOCKED,1,403,403,
CG,calc,2,214,86ce8b42bad02c39,BLOCKED,1,200,403,
CG,calc,2,219,0c32aab95b43c14b,BLOCKED,1,200,403,
CG,calc,2,220,17d7580016bd5c85,BLOCKED,1,403,403,
CG,calc,2,221,90cc234152592a84,BLOCKED,1,200,403,
CG,calc,2,222,4783f843b6fb9514,BLOCKED,1,403,403,
CG,calc,2,223,a3c7f896d36e6113,BLOCKED,1,403,403,
CG,calc,2,224,5615434bfcb531ea,BLOCKED,1,200,403,
CG,calc,2,227,426dc6fd5e125a38,BLOCKED,1,200,403,
CG,calc,2,228,a04d94b257ee3e6b,BLOCKED,1,403,403,
CG,calc,2,235,0292c8eb5314b362,BLOCKED,1,200,403,
CG,calc,2,236,c85657af9ae12196,BLOCKED,1,200,403,
CG,calc,2,237,a00b0167d43a1e00,BLOCKED,1,403,403,
CG,calc,2,244,218af7132f3f9a1b,BLOCKED,1,200,403,
CG,calc,2,245,bcce298342b0be9d,BLOCKED,1,200,403,
CG,calc,2,247,54d90255aba13ac0,BLOCKED,1,403,403,
CG,calc,2,248,d13b65fef542c0e9,BLOCKED,1,403,403,
CG,calc,2,250,c03de36be29cf92e,BLOCKED,1,403,403,
CG,calc,2,251,afb3cf5b7594c794,BLOCKED,1,403,403,
CG,calc,2,252,3dcf8be86ffd1682,BLOCKED,1,403,403,
CG,calc,2,253,55a3a2cc7ff65ea0,BLOCKED,1,403,403,
CG,calc,2,254,f896a5a9b4925706,BLOCKED,1,403,403,
CG,calc,2,256,b508474228dd45d0,BLOCKED,1,403,403,
CG,calc,2,257,3a8eae3bbffa0aec,BLOCKED,1,200,403,
CG,calc,2,262,6b4a8d975021d803,BLOCKED,1,200,403,
CG,calc,2,265,f5803e51a720bf21,BLOCKED,1,403,403,
CG,calc,2,266,ae51ea2dad4a01e7,BLOCKED,1,403,403,
CG,calc,2,267,18d7d813c9be8718,BLOCKED,1,403,403,
CG,calc,2,268,85bdfaa151bdc5b8,BLOCKED,1,200,403,
CG,calc,2,275,544d3284a6fc3468,BLOCKED,1,403,403,
CG,calc,2,276,dce390a8b6bb67ae,BLOCKED,1,200,403,
CG,calc,2,277,120b24b3a42fb65d,BLOCKED,1,403,403,
CG,calc,2,278,9c174a07e604ebe2,BLOCKED,1,200,403,
CG,calc,2,280,7fc0e5218256cfe5,BLOCKED,1,200,403,
CG,calc,2,282,07e4ce7d54c5957b,BLOCKED,1,200,403,
CG,calc,2,283,4a4b9c8838fc17b2,BLOCKED,1,200,403,
CG,calc,2,285,79ef1b7008efca8a,BLOCKED,1,200,403,
CG,calc,2,289,4a1996daffc80b37,BLOCKED,1,200,403,
CG,calc,2,293,ecfee726c53ae56b,BLOCKED,1,200,403,
CG,calc,2,294,3f57c44c87c53a46,BLOCKED,1,200,403,
CG,calc,2,295,aaa74aa98cbd51e1,BLOCKED,1,200,403,
CG,calc,2,297,2c3a7e55e770c48e,BLOCKED,1,200,403,
CG,calc,3,1,e562484238b66057,BLOCKED,1,200,403,
CG,calc,3,3,f136269e23980116,BLOCKED,1,200,403,
CG,calc,3,4,647342314fd0dac3,BLOCKED,1,200,403,
CG,calc,3,6,8673a6fcf1adbf10,BLOCKED,1,403,403,
CG,calc,3,16,b47d8ac7e16bfce3,BLOCKED,1,200,403,
CG,calc,3,19,98e79724b09d7dfa,BLOCKED,1,200,403,
CG,calc,3,22,a21a8579635805ae,BLOCKED,1,200,403,
CG,calc,3,28,e89df3104c169814,BLOCKED,1,200,403,
CG,calc,3,29,5e1650586873f930,BLOCKED,1,200,403,
CG,calc,3,31,165d26f188a0f3b2,BLOCKED,1,200,403,
CG,calc,3,34,280fef6108e58d87,BLOCKED,1,403,403,
CG,calc,3,40,5b6390199373f21a,BLOCKED,1,200,403,
CG,calc,3,43,66d8d537c8d291dd,BLOCKED,1,200,403,
CG,calc,3,45,3ce6b10349157520,BLOCKED,1,200,403,
CG,calc,3,48,56d20223a0164fda,BLOCKED,1,403,403,
CG,calc,3,49,f9be040c624c97d5,BLOCKED,1,200,403,
CG,calc,3,50,f45ceb64dae9493e,BLOCKED,1,200,403,
CG,calc,3,51,a6bc0383875f1848,BLOCKED,1,200,403,
CG,calc,3,52,b2730640ad61675b,BLOCKED,1,403,403,
CG,calc,3,53,11c0e38069fd787d,BLOCKED,1,403,403,
CG,calc,3,56,569a68014fb1a4cd,BLOCKED,1,200,403,
CG,calc,3,57,2351ce79992400fa,BLOCKED,1,403,403,
CG,calc,3,59,7fe67b1bb3ea79e7,BLOCKED,1,200,403,
CG,calc,3,60,1438541c0a203bc4,BLOCKED,1,403,403,
CG,calc,3,61,05f98a67faf18b79,BLOCKED,1,403,403,
CG,calc,3,62,406a274e4a61fa92,BLOCKED,1,200,403,
CG,calc,3,66,d3b703be6e3a18a1,BLOCKED,1,200,403,
CG,calc,3,68,0e5bfa4d8aee2687,BLOCKED,1,200,403,
CG,calc,3,70,e7ef473be182a359,BLOCKED,1,200,403,
CG,calc,3,74,d7f591ef7309b526,BLOCKED,1,200,403,
CG,calc,3,78,8768e84b239b56ba,BLOCKED,1,403,403,
CG,calc,3,79,06774ef6cc190bc4,BLOCKED,1,200,403,
CG,calc,3,83,4068af16aba3d85e,BLOCKED,1,200,403,
CG,calc,3,85,dbea4b106cebe632,BLOCKED,1,200,403,
CG,calc,3,88,cc9785bd794203d5,BLOCKED,1,200,403,
CG,calc,3,92,15105a3fbcad2d1e,BLOCKED,1,200,403,
CG,calc,3,94,4fd137ce53ac0d7e,BLOCKED,1,200,403,
CG,calc,3,95,5ddb97e82e670c35,BLOCKED,1,200,403,
CG,calc,3,96,07c922fb9ac5a558,BLOCKED,1,403,403,
CG,calc,3,98,eb18bf67e9eba33e,BLOCKED,1,200,403,
CG,calc,3,100,e5d4f6d030eada29,BLOCKED,1,403,403,
CG,calc,3,101,1a7c030c7bbff799,BLOCKED,1,403,403,
CG,calc,3,103,5a261dd26f1ccee0,BLOCKED,1,200,403,
CG,calc,3,104,fde4b94b11ab6de0,BLOCKED,1,200,403,
CG,calc,3,105,d04e9a2a98de9dc8,BLOCKED,1,403,403,
CG,calc,3,107,0792c3c5bd08983c,BLOCKED,1,200,403,
CG,calc,3,108,b646f56f1d52eae1,BLOCKED,1,403,403,
CG,calc,3,110,09933efd194c60f6,BLOCKED,1,200,403,
CG,calc,3,111,d6f8a0938054460c,BLOCKED,1,200,403,
CG,calc,3,113,b6b83ebe7ddc003e,BLOCKED,1,403,403,
CG,calc,3,114,1443f4b2410af565,BLOCKED,1,200,403,
CG,calc,3,115,ffca74c0270a5f18,BLOCKED,1,403,403,
CG,calc,3,117,9d13d5ef00fc897f,BLOCKED,1,200,403,
CG,calc,3,119,01d946b10871aca1,BLOCKED,1,200,403,
CG,calc,3,120,8194316533687ed1,BLOCKED,1,200,403,
CG,calc,3,121,d4f4f39f2f65ead4,BLOCKED,1,200,403,
CG,calc,3,125,ea1d400ff4e7d33d,BLOCKED,1,200,403,
CG,calc,3,126,bbf14976fea35e97,BLOCKED,1,403,403,
CG,calc,3,127,056217b5877296c7,BLOCKED,1,403,403,
CG,calc,3,130,c54a35850b6dbe98,BLOCKED,1,200,403,
CG,calc,3,132,2bccefea5bb7bceb,BLOCKED,1,403,403,
CG,calc,3,133,8735802cee5e77df,BLOCKED,1,200,403,
CG,calc,3,135,a8b98a7628cf2368,BLOCKED,1,200,403,
CG,calc,3,138,b5d7b56299fea822,BLOCKED,1,403,403,
CG,calc,3,139,2164f59fe56c9722,BLOCKED,1,200,403,
CG,calc,3,141,dbb2d96ee394e68a,BLOCKED,1,200,403,
CG,calc,3,142,1a64253fd38435cb,BLOCKED,1,403,403,
CG,calc,3,144,e18edcbe09a25930,BLOCKED,1,403,403,
CG,calc,3,148,37e75df948e27fc1,BLOCKED,1,403,403,
CG,calc,3,149,cd75c7130dcbffe2,BLOCKED,1,200,403,
CG,calc,3,158,0826a66871c3a8f5,BLOCKED,1,403,403,
CG,calc,3,164,3612922c07f9a071,BLOCKED,1,403,403,
CG,calc,3,165,29c21ca6e9203df7,BLOCKED,1,200,403,
CG,calc,3,166,48e0d5f7df54ebb6,BLOCKED,1,200,403,
CG,calc,3,167,f628681649ceef6a,BLOCKED,1,403,403,
CG,calc,3,168,1dce1d133f36d7c9,BLOCKED,1,200,403,
CG,calc,3,170,1f16529725eb0c49,BLOCKED,1,200,403,
CG,calc,3,172,84429117c9dcdb72,BLOCKED,1,200,403,
CG,calc,3,173,f69070a3331fd8f9,BLOCKED,1,200,403,
CG,calc,3,174,f4b10ec68bb2b5c0,BLOCKED,1,200,403,
CG,calc,3,175,10efaf4411cad097,BLOCKED,1,200,403,
CG,calc,3,176,e15b1e457b25e1be,BLOCKED,1,403,403,
CG,calc,3,182,c51b2df38e913d7c,BLOCKED,1,200,403,
CG,calc,3,184,920b6e95480b0672,BLOCKED,1,200,403,
CG,calc,3,186,89bc06e9d2dfdbe4,BLOCKED,1,200,403,
CG,calc,3,187,d2f3800a6faf2850,BLOCKED,1,200,403,
CG,calc,3,191,84538747aabb03ba,BLOCKED,1,403,403,
CG,calc,3,193,a67b056827f0a96b,BLOCKED,1,200,403,
CG,calc,3,196,c1a8e44664c850b1,BLOCKED,1,200,403,
CG,calc,3,198,b7e5361fd8b32ded,BLOCKED,1,403,403,
CG,calc,3,200,40fb1d7eb8deb7eb,BLOCKED,1,403,403,
CG,calc,3,202,49c0ad6b1c09395e,BLOCKED,1,403,403,
CG,calc,3,203,eed70ae88fd76749,BLOCKED,1,200,403,
CG,calc,3,204,f1675673e6d46eab,BLOCKED,1,403,403,
CG,calc,3,205,91d20b3106f1fe9f,BLOCKED,1,200,403,
CG,calc,3,208,3853845420ba5bc1,BLOCKED,1,200,403,
CG,calc,3,211,9edb6aced9c78c4c,BLOCKED,1,200,403,
CG,calc,3,212,ad6415141e2a47ad,BLOCKED,1,200,403,
CG,calc,3,213,0d50068b4d71a20f,BLOCKED,1,200,403,
CG,calc,3,216,2f9a104c1769aef8,BLOCKED,1,200,403,
CG,calc,3,218,793c7ecc99ed1559,BLOCKED,1,403,403,
CG,calc,3,220,ea52f45895dd2c6b,BLOCKED,1,200,403,
CG,calc,3,221,01dd1792728cf44a,BLOCKED,1,200,403,
CG,calc,3,222,0bf9873a3aeb446c,BLOCKED,1,200,403,
CG,calc,3,225,93bf86822ae60b50,BLOCKED,1,200,403,
CG,calc,3,227,42c035d639f4e228,BLOCKED,1,200,403,
CG,calc,3,228,5e96e78fb75ad6aa,BLOCKED,1,200,403,
CG,calc,3,232,5b8ed91796c21885,BLOCKED,1,200,403,
CG,calc,3,234,f9fb1cea703a7c6e,BLOCKED,1,403,403,
CG,calc,3,235,f8b17b7995794747,BLOCKED,1,200,403,
CG,calc,3,240,cffd5bc2ba66bb20,BLOCKED,1,200,403,
CG,calc,3,245,3faa4e81cee418cd,BLOCKED,1,200,403,
CG,calc,3,257,9ebf2f5a4c4910fd,BLOCKED,1,200,403,
CG,calc,3,258,d0533bb34857dfc1,BLOCKED,1,403,403,
CG,calc,3,262,a6c5b2615af18d48,BLOCKED,1,403,403,
CG,calc,3,263,134df8f531cfad99,BLOCKED,1,200,403,
CG,calc,3,265,31b12584d8852f3b,BLOCKED,1,403,403,
CG,calc,3,269,3f93cc4e6bb78e75,BLOCKED,1,200,403,
CG,calc,3,272,a2e412e94be98a00,BLOCKED,1,200,403,
CG,calc,3,273,40b2187d0e0bd085,BLOCKED,1,403,403,
CG,calc,3,274,d515af9bb6d0f6b4,BLOCKED,1,403,403,
CG,calc,3,275,68c2949ff8b69037,BLOCKED,1,403,403,
CG,calc,3,277,1c928bee0c71918c,BLOCKED,1,403,403,
CG,calc,3,288,51325491cf291c0f,BLOCKED,1,200,403,
CG,calc,3,291,75d1c46e9ddaf670,BLOCKED,1,403,403,
CG,calc,3,296,914269726699e5da,BLOCKED,1,403,403,
CG,calc,3,297,e5cf11c2eb4d1aba,BLOCKED,1,200,403,
CG,calc,3,298,ec89015114c8c4ff,BLOCKED,1,403,403,
CG,calc,3,299,053d45a1c351b814,BLOCKED,1,403,403,
CG,calc,3,300,57b60a7249989c5a,BLOCKED,1,200,403,
CG,calc,4,2,bd0180e1ae0c3288,BLOCKED,1,200,403,
CG,calc,4,3,8d23de8600383949,BLOCKED,1,200,403,
CG,calc,4,5,153566cae1f238ce,BLOCKED,1,200,403,
CG,calc,4,19,c5f8092e53fdafab,BLOCKED,1,200,403,
CG,calc,4,24,57fa9980e1acd161,BLOCKED,1,200,403,
CG,calc,4,27,6c4454b22c42990f,BLOCKED,1,403,403,
CG,calc,4,32,b3e6eb01e5bba92c,BLOCKED,1,200,403,
CG,calc,4,35,9daf7f9bb77d0434,BLOCKED,1,200,403,
CG,calc,4,36,9f03638695b5d591,BLOCKED,1,200,403,
CG,calc,4,39,dd8ddd9b02447cf2,BLOCKED,1,403,403,
CG,calc,4,40,98b70b3b28d2da8d,BLOCKED,1,200,403,
CG,calc,4,41,f85d308afb939065,BLOCKED,1,403,403,
CG,calc,4,42,4928f85ff7d4c6b5,BLOCKED,1,403,403,
CG,calc,4,43,6ac428273b5a1c1e,BLOCKED,1,200,403,
CG,calc,4,44,2f9bd644b56f179e,BLOCKED,1,403,403,
CG,calc,4,46,e641f7dd2c5476bc,BLOCKED,1,200,403,
CG,calc,4,47,6ec23225da6592f4,BLOCKED,1,403,403,
CG,calc,4,48,e844670fa3b35028,BLOCKED,1,200,403,
CG,calc,4,49,e09e77f4ba4388d8,BLOCKED,1,200,403,
CG,calc,4,50,ebc12ed2f8c6b682,BLOCKED,1,200,403,
CG,calc,4,51,fba86d69651d3ef4,BLOCKED,1,200,403,
CG,calc,4,52,33213458132f6a6d,BLOCKED,1,200,403,
CG,calc,4,64,f146844d842c3c2d,BLOCKED,1,200,403,
CG,calc,4,65,6ccce6c3683fc35a,BLOCKED,1,403,403,
CG,calc,4,74,42c618ab375fb484,BLOCKED,1,200,403,
CG,calc,4,79,5d77d5b778a734d3,BLOCKED,1,200,403,
CG,calc,4,81,e85cc68c4d0bf53b,BLOCKED,1,200,403,
CG,calc,4,84,34bbe9c7022ad7d3,BLOCKED,1,200,403,
CG,calc,4,86,25879daa433730da,BLOCKED,1,403,403,
CG,calc,4,89,ca36dd89463f7fde,BLOCKED,1,403,403,
CG,calc,4,92,bacaa9c05d8ee468,BLOCKED,1,403,403,
CG,calc,4,93,a43fe25aa8aac25a,BLOCKED,1,403,403,
CG,calc,4,95,10fd377990a990f0,BLOCKED,1,200,403,
CG,calc,4,97,422a2b93e01e60ac,BLOCKED,1,200,403,
CG,calc,4,98,6e9362adba9e6665,BLOCKED,1,200,403,
CG,calc,4,100,dfafd794dca10fb4,BLOCKED,1,200,403,
CG,calc,4,102,c46d58f3bc0727d1,BLOCKED,1,403,403,
CG,calc,4,103,69e84d5251643121,BLOCKED,1,200,403,
CG,calc,4,105,cecc9c5308406473,BLOCKED,1,403,403,
CG,calc,4,106,065782fb8286046b,BLOCKED,1,200,403,
CG,calc,4,107,c814e665de91626e,BLOCKED,1,200,403,
CG,calc,4,109,d745a7f1b9b9b757,BLOCKED,1,200,403,
CG,calc,4,116,a045af44f7c42878,BLOCKED,1,200,403,
CG,calc,4,117,3e45849e9be5dda4,BLOCKED,1,403,403,
CG,calc,4,119,06078b7fd7c6d096,BLOCKED,1,200,403,
CG,calc,4,120,e662387b6b2de0f1,BLOCKED,1,200,403,
CG,calc,4,123,5822ecabfa21e6ca,BLOCKED,1,200,403,
CG,calc,4,129,5ed181578bc87f63,BLOCKED,1,403,403,
CG,calc,4,131,13522e8b4d8048fd,BLOCKED,1,200,403,
CG,calc,4,135,0401ad1215585a29,BLOCKED,1,200,403,
CG,calc,4,137,229e22522be9b69f,BLOCKED,1,200,403,
CG,calc,4,138,cfed4f6505893c20,BLOCKED,1,200,403,
CG,calc,4,156,e470935495f92932,BLOCKED,1,200,403,
CG,calc,4,170,45cbe752a738812f,BLOCKED,1,200,403,
CG,calc,4,171,c3eda0157911486d,BLOCKED,1,403,403,
CG,calc,4,172,26ab0231d569981f,BLOCKED,1,403,403,
CG,calc,4,174,a2d2204afa39fdc2,BLOCKED,1,403,403,
CG,calc,4,175,5c3c7c78ab387e09,BLOCKED,1,403,403,
CG,calc,4,176,cddefda1eec4c2aa,BLOCKED,1,403,403,
CG,calc,4,177,36b7f5f2f4a3a5e8,BLOCKED,1,403,403,
CG,calc,4,179,16bbba18c99605cb,BLOCKED,1,200,403,
CG,calc,4,182,56667f8831af176c,BLOCKED,1,200,403,
CG,calc,4,183,4386a31375419fcd,BLOCKED,1,403,403,
CG,calc,4,184,06f6ffc5a9f3318c,BLOCKED,1,200,403,
CG,calc,4,186,e5833882526fb6c3,BLOCKED,1,200,403,
CG,calc,4,187,d94507005b1e4c40,BLOCKED,1,200,403,
CG,calc,4,189,e59ce4a5680a0695,BLOCKED,1,403,403,
CG,calc,4,191,e2939cf5aa8d3ac9,BLOCKED,1,200,403,
CG,calc,4,206,86cf8513d321e100,BLOCKED,1,200,403,
CG,calc,4,207,f4a7635846b1ed3c,BLOCKED,1,200,403,
CG,calc,4,213,49161765b9e1ef7a,BLOCKED,1,200,403,
CG,calc,4,215,e4cab6344ae09077,BLOCKED,1,200,403,
CG,calc,4,224,83238c20cf091d09,BLOCKED,1,200,403,
CG,calc,4,226,d5ee2eaef3421d53,BLOCKED,1,200,403,
CG,calc,4,233,4093393d2ba28694,BLOCKED,1,403,403,
CG,calc,4,234,d89cf3e22b36c6fc,BLOCKED,1,200,403,
CG,calc,4,235,3bbfa7f731f58ead,BLOCKED,1,200,403,
CG,calc,4,237,da13aeb8be72d5a3,BLOCKED,1,200,403,
CG,calc,4,238,d81d485c3f5e4f6c,BLOCKED,1,403,403,
CG,calc,4,239,33127d6e462b80ab,BLOCKED,1,200,403,
CG,calc,4,240,30ca00698b649b85,BLOCKED,1,200,403,
CG,calc,4,241,fa870056656fc3dd,BLOCKED,1,200,403,
CG,calc,4,242,657f947a56d655d7,BLOCKED,1,403,403,
CG,calc,4,244,299af62c7e7badcf,BLOCKED,1,200,403,
CG,calc,4,245,58f28f2ae7816a68,BLOCKED,1,200,403,
CG,calc,4,251,ec97cd507af4bb2a,BLOCKED,1,200,403,
CG,calc,4,253,4b5c3af78d3d04da,BLOCKED,1,403,403,
CG,calc,4,254,bd2cdb5fa2eb4644,BLOCKED,1,403,403,
CG,calc,4,262,b64f43b2cd8e330d,BLOCKED,1,403,403,
CG,calc,4,264,fe34fb99f98fe0a7,BLOCKED,1,200,403,
CG,calc,4,283,8cfa088cdf779fa6,BLOCKED,1,403,403,
CG,calc,4,287,59aa52476ffe6fe0,BLOCKED,1,403,403,
CG,calc,4,293,610633c2e13a95f8,BLOCKED,1,200,403,
CG,calc,4,295,662b1cbe3c8070c4,BLOCKED,1,403,403,
CG,calc,4,296,0066d78c6d7a16bf,BLOCKED,1,403,403,
CG,calc,4,297,a509f7d2910bf4c2,BLOCKED,1,403,403,
CG,calc,5,8,bef8e75ee812eb3b,BLOCKED,1,403,403,
CG,calc,5,12,682e62ead9d87957,BLOCKED,1,403,403,
CG,calc,5,13,51644f85329a4f5e,BLOCKED,1,403,403,
CG,calc,5,15,5751d959288a7c6d,BLOCKED,1,403,403,
CG,calc,5,18,12fb238fdee6be37,BLOCKED,1,200,403,
CG,calc,5,21,eea6da24e29e1190,BLOCKED,1,403,403,
CG,calc,5,22,44722021b4fbb4b7,BLOCKED,1,403,403,
CG,calc,5,24,ed12c37de548454e,BLOCKED,1,200,403,
CG,calc,5,25,689fc533e56872df,BLOCKED,1,403,403,
CG,calc,5,26,509273a24b965025,BLOCKED,1,403,403,
CG,calc,5,28,2505cb4f9a13b137,BLOCKED,1,200,403,
CG,calc,5,30,197be23d90b5c936,BLOCKED,1,403,403,
CG,calc,5,33,4773ab8faba1c820,BLOCKED,1,200,403,
CG,calc,5,34,13349fddf179b218,BLOCKED,1,200,403,
CG,calc,5,35,373f8a02d08096ba,BLOCKED,1,200,403,
CG,calc,5,36,40cf40d4dc35308c,BLOCKED,1,403,403,
CG,calc,5,37,52c37d96ced8af13,BLOCKED,1,403,403,
CG,calc,5,38,916a1bb249aa519c,BLOCKED,1,200,403,
CG,calc,5,39,30bed060f6151f36,BLOCKED,1,403,403,
CG,calc,5,41,d5682eb63df02e63,BLOCKED,1,200,403,
CG,calc,5,42,d89cf3e22b36c6fc,BLOCKED,1,200,403,
CG,calc,5,44,24f7c47f0acea389,BLOCKED,1,403,403,
CG,calc,5,56,ce5c11059976a391,BLOCKED,1,200,403,
CG,calc,5,58,99992b3f13258bb7,BLOCKED,1,200,403,
CG,calc,5,62,1b89378216abe5db,BLOCKED,1,200,403,
CG,calc,5,63,899ee1abf8e38e18,BLOCKED,1,200,403,
CG,calc,5,64,83238c20cf091d09,BLOCKED,1,200,403,
CG,calc,5,65,23ad686bd10f0506,BLOCKED,1,403,403,
CG,calc,5,71,349c70377662ca9f,BLOCKED,1,200,403,
CG,calc,5,82,e5aae32b43394ac1,BLOCKED,1,200,403,
CG,calc,5,85,6e9362adba9e6665,BLOCKED,1,200,403,
CG,calc,5,86,1fd5e41b03dcb75f,BLOCKED,1,200,403,
CG,calc,5,89,cf984a729d0e784c,BLOCKED,1,200,403,
CG,calc,5,90,912cfd5ae81f4093,BLOCKED,1,200,403,
CG,calc,5,92,0475cea8217a3763,BLOCKED,1,200,403,
CG,calc,5,94,ebd5c0927d46099a,BLOCKED,1,200,403,
CG,calc,5,95,24463460ad72a65a,BLOCKED,1,200,403,
CG,calc,5,98,01929813f53f5a9d,BLOCKED,1,403,403,
CG,calc,5,102,b5ce057486243ea6,BLOCKED,1,403,403,
CG,calc,5,103,73a8922a2ba26561,BLOCKED,1,403,403,
CG,calc,5,106,b0df6c7297d8145c,BLOCKED,1,403,403,
CG,calc,5,110,065cb5c6c770669d,BLOCKED,1,200,403,
CG,calc,5,120,ca73214861e499a0,BLOCKED,1,200,403,
CG,calc,5,125,d885faac56dbf3ff,BLOCKED,1,200,403,
CG,calc,5,128,bf619eab0889f484,BLOCKED,1,200,403,
CG,calc,5,132,d94507005b1e4c40,BLOCKED,1,200,403,
CG,calc,5,137,46953f92014d4029,BLOCKED,1,200,403,
CG,calc,5,143,c1c12e2b593a3a9c,BLOCKED,1,200,403,
CG,calc,5,146,dd92e5d933e5fa32,BLOCKED,1,200,403,
CG,calc,5,147,dfc13194badea5f2,BLOCKED,1,200,403,
CG,calc,5,155,f0beef7201374219,BLOCKED,1,200,403,
CG,calc,5,156,b3e6eb01e5bba92c,BLOCKED,1,200,403,
CG,calc,5,157,1c046898fb6ae294,BLOCKED,1,200,403,
CG,calc,5,159,8a08469ef36fd53f,BLOCKED,1,200,403,
CG,calc,5,160,07b81484428ec8fd,BLOCKED,1,200,403,
CG,calc,5,168,a308272dbb64da93,BLOCKED,1,200,403,
CG,calc,5,173,69b8f4043f1a3eef,BLOCKED,1,200,403,
CG,calc,5,174,4e8ce477f504cdfd,BLOCKED,1,200,403,
CG,calc,5,175,a43fe25aa8aac25a,BLOCKED,1,403,403,
CG,calc,5,176,f7b8983aac9bb1b6,BLOCKED,1,200,403,
CG,calc,5,179,29fbfeba54121468,BLOCKED,1,200,403,
CG,calc,5,183,b019998ae960ff12,BLOCKED,1,200,403,
CG,calc,5,185,5becaa002e479b7f,BLOCKED,1,403,403,
CG,calc,5,187,2a21f64ccca4f8c7,BLOCKED,1,403,403,
CG,calc,5,188,e8e1cba20d1052e9,BLOCKED,1,200,403,
CG,calc,5,191,06f6ffc5a9f3318c,BLOCKED,1,200,403,
CG,calc,5,194,22e8841064b8df47,BLOCKED,1,200,403,
CG,calc,5,198,9d69f0a55e3009b3,BLOCKED,1,200,403,
CG,calc,5,200,137597b5e8417b18,BLOCKED,1,403,403,
CG,calc,5,201,cd0db1adee7a77de,BLOCKED,1,403,403,
CG,calc,5,202,093565ab68bee3ad,BLOCKED,1,403,403,
CG,calc,5,203,94904b80e3feacc1,BLOCKED,1,200,403,
CG,calc,5,205,f146844d842c3c2d,BLOCKED,1,200,403,
CG,calc,5,229,3a47e65cfb8d5697,BLOCKED,1,200,403,
CG,calc,5,236,a7183d643b83fa12,BLOCKED,1,403,403,
CG,calc,5,241,364fd0474e1e533c,BLOCKED,1,200,403,
CG,calc,5,253,231acc4dd7aa7e33,BLOCKED,1,200,403,
CG,calc,5,254,63358ca0cc9a0a9f,BLOCKED,1,200,403,
CG,calc,5,255,cf204e76cd657fbe,BLOCKED,1,200,403,
CG,calc,5,270,b19bd72fe28467b2,BLOCKED,1,403,403,
CG,calc,5,271,175483549abc27aa,BLOCKED,1,200,403,
CG,calc,5,272,bd930a09008aa4fc,BLOCKED,1,200,403,
CG,calc,5,286,949445edb8384511,BLOCKED,1,200,403,
CG,calc,5,289,ef36176c28155d06,BLOCKED,1,403,403,
CG,calc,5,290,215331d01121d44e,BLOCKED,1,403,403,
CG,calc,5,292,71ace2e764964000,BLOCKED,1,403,403,
CG,calc,5,294,1bec56c1a43be178,BLOCKED,1,200,403,
CG,calc,6,4,1009b3d28b690b9d,BLOCKED,1,403,403,
CG,calc,6,6,e6a2ec0f0d128a69,BLOCKED,1,200,403,
CG,calc,6,13,1bd78cbcf4838baf,BLOCKED,1,200,403,
CG,calc,6,18,95d58c4be76a11e7,BLOCKED,1,200,403,
CG,calc,6,19,d9a4cdf71e927363,BLOCKED,1,200,403,
CG,calc,6,20,5a17cb1bceff50f9,BLOCKED,1,200,403,
CG,calc,6,21,c02008538c435088,BLOCKED,1,403,403,
CG,calc,6,23,4093393d2ba28694,BLOCKED,1,403,403,
CG,calc,6,25,30bed060f6151f36,BLOCKED,1,403,403,
CG,calc,6,27,f7b8983aac9bb1b6,BLOCKED,1,200,403,
CG,calc,6,28,4a0fcdb7e3f8bb25,BLOCKED,1,403,403,
CG,calc,6,35,f20db2dba429403e,BLOCKED,1,200,403,
CG,calc,6,39,1e139f47009fec6f,BLOCKED,1,200,403,
CG,calc,6,41,91c721cb6b29010b,BLOCKED,1,200,403,
CG,calc,6,45,589d95bdfc2f5bc7,BLOCKED,1,403,403,
CG,calc,6,46,54c41bc1f219ee9c,BLOCKED,1,200,403,
CG,calc,6,48,f872d0067d5e9ee0,BLOCKED,1,200,403,
CG,calc,6,51,35285c88a9493fe5,BLOCKED,1,200,403,
CG,calc,6,53,4fe83d2722ee9703,BLOCKED,1,403,403,
CG,calc,6,54,440624290fec5bd0,BLOCKED,1,200,403,
CG,calc,6,56,ef2b0d176e68e972,BLOCKED,1,200,403,
CG,calc,6,74,659f0e393a9fe474,BLOCKED,1,403,403,
CG,calc,6,103,52859abc7077fe4f,BLOCKED,1,403,403,
CG,calc,6,110,6bd9d742afbe9e1f,BLOCKED,1,403,403,
CG,calc,6,114,d6e81c180d35e21c,BLOCKED,1,403,403,
CG,calc,6,118,976141b1eca0e0cb,BLOCKED,1,403,403,
CG,calc,6,120,ab54b8ba534450d1,BLOCKED,1,403,403,
CG,calc,6,124,a31f4d0c584a08a3,BLOCKED,1,403,403,
CG,calc,6,126,ceb582fb626264f8,BLOCKED,1,403,403,
CG,calc,6,128,0f7334d5bd2780ed,BLOCKED,1,403,403,
CG,calc,6,129,b8ece64e487d478a,BLOCKED,1,200,403,
CG,calc,6,130,7e7d92894b54982f,BLOCKED,1,403,403,
CG,calc,6,131,109c56d6e4234ec2,BLOCKED,1,200,403,
CG,calc,6,132,cb7aed2553ff254d,BLOCKED,1,403,403,
CG,calc,6,133,71d60db118d091db,BLOCKED,1,200,403,
CG,calc,6,135,b30ab06732321169,BLOCKED,1,200,403,
CG,calc,6,141,1218dbfd8e3fa446,BLOCKED,1,200,403,
CG,calc,6,146,d5ee2eaef3421d53,BLOCKED,1,200,403,
CG,calc,6,147,229e22522be9b69f,BLOCKED,1,200,403,
CG,calc,6,149,3581d0d458a7812a,BLOCKED,1,200,403,
CG,calc,6,157,8137de0b571f396f,BLOCKED,1,200,403,
CG,calc,6,164,fd09954ab4da539e,BLOCKED,1,403,403,
CG,calc,6,165,8cf1d8b904ef2de2,BLOCKED,1,200,403,
CG,calc,6,167,bb04b1db4da10f53,BLOCKED,1,200,403,
CG,calc,6,183,294107d9ee3a9a84,BLOCKED,1,200,403,
CG,calc,6,194,96468899d75dfab8,BLOCKED,1,403,403,
CG,calc,6,197,298a37c7d0406033,BLOCKED,1,200,403,
CG,calc,6,199,4b39a4308621c53c,BLOCKED,1,200,403,
CG,calc,6,200,f96b7f24410f6736,BLOCKED,1,200,403,
CG,calc,6,203,ff39bc3190d76c5d,BLOCKED,1,200,403,
CG,calc,6,205,500b30035bf5432a,BLOCKED,1,200,403,
CG,calc,6,206,0d937ae20bc15895,BLOCKED,1,403,403,
CG,calc,6,208,ca2ecb73aa210396,BLOCKED,1,403,403,
CG,calc,6,211,4925cc60aa777d8f,BLOCKED,1,200,403,
CG,calc,6,214,c898c93a883777f5,BLOCKED,1,403,403,
CG,calc,6,216,a50c9e112adf208d,BLOCKED,1,403,403,
CG,calc,6,217,2d26578b1c7990e7,BLOCKED,1,200,403,
CG,calc,6,219,c65fcf9e273dc109,BLOCKED,1,403,403,
CG,calc,6,223,bdc721a761cd9004,BLOCKED,1,403,403,
CG,calc,6,224,f96cf87d3aecf235,BLOCKED,1,200,403,
CG,calc,6,225,46b5844d454914af,BLOCKED,1,200,403,
CG,calc,6,229,bcf518be700f3a92,BLOCKED,1,200,403,
CG,calc,6,230,a81ae63f1ff71621,BLOCKED,1,403,403,
CG,calc,6,232,0c39e8ed10e89118,BLOCKED,1,200,403,
CG,calc,6,234,e6784bfdc26d024e,BLOCKED,1,200,403,
CG,calc,6,235,3e0013b666fe9dfc,BLOCKED,1,200,403,
CG,calc,6,238,0c69d71452ecc5a6,BLOCKED,1,200,403,
CG,calc,6,239,e844670fa3b35028,BLOCKED,1,200,403,
CG,calc,6,241,466dbed87a6ca3f6,BLOCKED,1,200,403,
CG,calc,6,242,04684402d1fe4b58,BLOCKED,1,200,403,
CG,calc,6,244,8451e77fd740f2e0,BLOCKED,1,200,403,
CG,calc,6,245,40465f5b3f72dc3f,BLOCKED,1,200,403,
CG,calc,6,246,1d48a269abf11129,BLOCKED,1,403,403,
CG,calc,6,247,598bbf5b6667dfb0,BLOCKED,1,403,403,
CG,calc,6,248,f4d3bb8746349bac,BLOCKED,1,200,403,
CG,calc,6,260,10fd377990a990f0,BLOCKED,1,200,403,
CG,calc,6,289,c1d7c94667ecdf24,BLOCKED,1,403,403,
CG,calc,6,290,01f84d09ced8ec44,BLOCKED,1,403,403,
CG,calc,6,292,cf7c15ec1aa007a1,BLOCKED,1,403,403,
CG,calc,6,294,01f065e6762ba406,BLOCKED,1,403,403,
CG,calc,6,295,7c99d22c6ca67975,BLOCKED,1,200,403,
CG,calc,6,296,9b2b2a778cc50754,BLOCKED,1,403,403,
CG,calc,6,300,f146844d842c3c2d,BLOCKED,1,200,403,
CG,calc,7,2,1b25c6ffb6e4051e,BLOCKED,1,200,403,
CG,calc,7,4,132c455c3e5f17d0,BLOCKED,1,403,403,
CG,calc,7,7,6e9362adba9e6665,BLOCKED,1,200,403,
CG,calc,7,10,7e10b26317b02fcd,BLOCKED,1,200,403,
CG,calc,7,11,682e62ead9d87957,BLOCKED,1,403,403,
CG,calc,7,13,47f505f133fe1d5b,BLOCKED,1,403,403,
CG,calc,7,18,383070909ae8584e,BLOCKED,1,403,403,
CG,calc,7,21,ae8ffc30f1e0b8c9,BLOCKED,1,403,403,
CG,calc,7,23,d772291c43554e77,BLOCKED,1,403,403,
CG,calc,7,24,155b669d7d74a500,BLOCKED,1,403,403,
CG,calc,7,25,8d69985c037bd9bc,BLOCKED,1,403,403,
CG,calc,7,27,6a3a6ddbe53dad3d,BLOCKED,1,403,403,
CG,calc,7,28,c1c535ef262e9b2e,BLOCKED,1,200,403,
CG,calc,7,30,73a90ae6438d010c,BLOCKED,1,200,403,
CG,calc,7,31,4649044c07f2b504,BLOCKED,1,200,403,
CG,calc,7,48,d94507005b1e4c40,BLOCKED,1,200,403,
CG,calc,7,56,1207b2295db2cd66,BLOCKED,1,200,403,
CG,calc,7,57,ddf63a1938b1f27e,BLOCKED,1,200,403,
CG,calc,7,59,be6253b31fddfe9f,BLOCKED,1,200,403,
CG,calc,7,60,346a84a829d36e8d,BLOCKED,1,200,403,
CG,calc,7,61,75fd9c91782e20c1,BLOCKED,1,200,403,
CG,calc,7,62,4fc6065300ca3e3d,BLOCKED,1,200,403,
CG,calc,7,63,322db5c5b28e2be6,BLOCKED,1,200,403,
CG,calc,7,64,dbbc2eb60ef6de18,BLOCKED,1,403,403,
CG,calc,7,65,022ddfb09ae30f57,BLOCKED,1,200,403,
CG,calc,7,66,c0b6da04dd2b298d,BLOCKED,1,200,403,
CG,calc,7,68,fb8f4e053a8dc3a4,BLOCKED,1,200,403,
CG,calc,7,72,055bc970d46406e0,BLOCKED,1,200,403,
CG,calc,7,73,1e087fb8fac50cd3,BLOCKED,1,403,403,
CG,calc,7,75,8a74c21d0fc2ca33,BLOCKED,1,200,403,
CG,calc,7,76,a689d6f7b32f08f2,BLOCKED,1,200,403,
CG,calc,7,79,e4831712aec609d3,BLOCKED,1,200,403,
CG,calc,7,81,29bd58bf4d91ab19,BLOCKED,1,200,403,
CG,calc,7,82,81ea610fbfa24ce6,BLOCKED,1,200,403,
CG,calc,7,83,dc7d0e5e404ecf85,BLOCKED,1,200,403,
CG,calc,7,85,e7788770a9de9542,BLOCKED,1,200,403,
CG,calc,7,86,6533b7bbf4209fbc,BLOCKED,1,403,403,
CG,calc,7,87,8a08469ef36fd53f,BLOCKED,1,200,403,
CG,calc,7,90,534602b23b1b7aa7,BLOCKED,1,200,403,
CG,calc,7,91,b3d784449a4ee637,BLOCKED,1,200,403,
CG,calc,7,92,a5ee4dc4b51a962a,BLOCKED,1,403,403,
CG,calc,7,93,e033b872cd4778b9,BLOCKED,1,403,403,
CG,calc,7,101,33213458132f6a6d,BLOCKED,1,200,403,
CG,calc,7,102,d46169d613dbe57a,BLOCKED,1,200,403,
CG,calc,7,103,c2432cf1fad0e5dd,BLOCKED,1,403,403,
CG,calc,7,104,f146844d842c3c2d,BLOCKED,1,200,403,
CG,calc,7,106,6f0deb1b4289cac5,BLOCKED,1,200,403,
CG,calc,7,107,56e0aad81f14916c,BLOCKED,1,403,403,
CG,calc,7,109,d74f2ea60c9c14db,BLOCKED,1,403,403,
CG,calc,7,110,92c59ab86b22b7f6,BLOCKED,1,200,403,
CG,calc,7,111,8e73c2e6d0b15dfc,BLOCKED,1,200,403,
CG,calc,7,112,94904b80e3feacc1,BLOCKED,1,200,403,
CG,calc,7,113,c6b9e8ddc0a5a1c7,BLOCKED,1,200,403,
CG,calc,7,117,235e55eea35bc970,BLOCKED,1,403,403,
CG,calc,7,122,43c482e2f85be366,BLOCKED,1,200,403,
CG,calc,7,123,19562867fe2c34e8,BLOCKED,1,200,403,
CG,calc,7,128,e8d9ca4fd76316cc,BLOCKED,1,200,403,
CG,calc,7,129,82d95be2a7344341,BLOCKED,1,200,403,
CG,calc,7,130,3d6797a6b60634e2,BLOCKED,1,200,403,
CG,calc,7,131,65f59d6c58909fad,BLOCKED,1,403,403,
CG,calc,7,135,33127d6e462b80ab,BLOCKED,1,200,403,
CG,calc,7,136,afd9a8329bd71529,BLOCKED,1,200,403,
CG,calc,7,137,cfaf9b71cbd45353,BLOCKED,1,200,403,
CG,calc,7,138,7fdaabc493a84a35,BLOCKED,1,403,403,
CG,calc,7,139,e6c6de08d4c179cd,BLOCKED,1,200,403,
CG,calc,7,140,8cf1d8b904ef2de2,BLOCKED,1,200,403,
CG,calc,7,142,b0aaeb7903239c38,BLOCKED,1,403,403,
CG,calc,7,143,9c618b63dbf02dc4,BLOCKED,1,200,403,
CG,calc,7,145,bd2cdb5fa2eb4644,BLOCKED,1,403,403,
CG,calc,7,147,e9dac2ae6187c27b,BLOCKED,1,403,403,
CG,calc,7,149,4f9724347c9473ac,BLOCKED,1,200,403,
CG,calc,7,150,c16531afa95169fa,BLOCKED,1,200,403,
CG,calc,7,151,e5e1d58eec4e586e,BLOCKED,1,200,403,
CG,calc,7,152,f59e270a2e838b1a,BLOCKED,1,200,403,
CG,calc,7,153,669a2d21853fcc10,BLOCKED,1,200,403,
CG,calc,7,155,00ce6b0f076f238a,BLOCKED,1,200,403,
CG,calc,7,156,b270034b1aa9b00b,BLOCKED,1,200,403,
CG,calc,7,157,028360df7fbd15e2,BLOCKED,1,200,403,
CG,calc,7,158,08022190768110a3,BLOCKED,1,200,403,
CG,calc,7,159,856fdaa568e2d8d7,BLOCKED,1,403,403,
CG,calc,7,160,d45dbfe3a257612e,BLOCKED,1,200,403,
CG,calc,7,161,8650ff1c94098244,BLOCKED,1,200,403,
CG,calc,7,163,1c9b3d1ad2867e57,BLOCKED,1,200,403,
CG,calc,7,189,10fd377990a990f0,BLOCKED,1,200,403,
CG,calc,7,192,c1d18fc5492374d0,BLOCKED,1,200,403,
CG,calc,7,195,30ca00698b649b85,BLOCKED,1,200,403,
CG,calc,7,196,3e49360db82c413f,BLOCKED,1,200,403,
CG,calc,7,198,976141b1eca0e0cb,BLOCKED,1,403,403,
CG,calc,7,199,40cf40d4dc35308c,BLOCKED,1,403,403,
CG,calc,7,201,df9f0e742e3df1d7,BLOCKED,1,200,403,
CG,calc,7,202,54c41bc1f219ee9c,BLOCKED,1,200,403,
CG,calc,7,203,dfc888148e87375b,BLOCKED,1,200,403,
CG,calc,7,207,86bea39fe18e9887,BLOCKED,1,200,403,
CG,calc,7,209,b19bd72fe28467b2,BLOCKED,1,403,403,
CG,calc,7,212,cd88ce8a6986688a,BLOCKED,1,200,403,
CG,calc,7,216,dcb6c67c82783ce9,BLOCKED,1,403,403,
CG,calc,7,223,3e0013b666fe9dfc,BLOCKED,1,200,403,
CG,calc,7,225,f0fff73b2e124f87,BLOCKED,1,403,403,
CG,calc,7,227,2a2a265a229a5b4d,BLOCKED,1,403,403,
CG,calc,7,229,d570df2278c29bb9,BLOCKED,1,403,403,
CG,calc,7,231,0f7a883aa1d1bc35,BLOCKED,1,403,403,
CG,calc,7,233,083be7dfff2a6797,BLOCKED,1,403,403,
CG,calc,7,235,d435f9fdb7c43b4a,BLOCKED,1,200,403,
CG,calc,7,239,02b5ab53f1b2ba97,BLOCKED,1,403,403,
CG,calc,7,241,7cb30f8586d29a7c,BLOCKED,1,403,403,
CG,calc,7,243,031a11b4d1e3d12d,BLOCKED,1,403,403,
CG,calc,7,245,a96d917e2d9fc930,BLOCKED,1,403,403,
CG,calc,7,247,5b0fbf1b638f3d35,BLOCKED,1,403,403,
CG,calc,7,251,e494459c876c1163,BLOCKED,1,403,403,
CG,calc,7,255,931cca45f3bb2055,BLOCKED,1,403,403,
CG,calc,7,285,a43fe25aa8aac25a,BLOCKED,1,403,403,
CG,calc,7,289,b8e683db5dd928e1,BLOCKED,1,403,403,
CG,calc,7,290,74bd7d4678f310cc,BLOCKED,1,200,403,
CG,calc,7,291,61f9871c032e1b01,BLOCKED,1,200,403,
CG,calc,7,293,cc880d005c62ce34,BLOCKED,1,403,403,
CG,calc,7,296,ac707c8e630cb7d3,BLOCKED,1,403,403,
CG,calc,7,297,666aec7668591768,BLOCKED,1,200,403,
CG,calc,8,1,5fc3faa0dd71aef5,BLOCKED,1,403,403,
CG,calc,8,3,46d44565fa026fd2,BLOCKED,1,403,403,
CG,calc,8,5,7ea2c140262a8761,BLOCKED,1,403,403,
CG,calc,8,15,9221cc5a13462e9b,BLOCKED,1,200,403,
CG,calc,8,16,ac3fe7b9687857b1,BLOCKED,1,200,403,
CG,calc,8,18,05f6889a01473f8a,BLOCKED,1,200,403,
CG,calc,8,19,d98e619501ae229c,BLOCKED,1,200,403,
CG,calc,8,20,43d94826161748cc,BLOCKED,1,200,403,
CG,calc,8,21,57425adeeb5140a9,BLOCKED,1,403,403,
CG,calc,8,23,2c34e47067454bc0,BLOCKED,1,200,403,
CG,calc,8,24,7b6f1119e561c037,BLOCKED,1,200,403,
CG,calc,8,25,8566aa35c9888703,BLOCKED,1,200,403,
CG,calc,8,26,48592d5756c68b36,BLOCKED,1,403,403,
CG,calc,8,27,3b601b9a02caca17,BLOCKED,1,200,403,
CG,calc,8,28,81a5be15f99695db,BLOCKED,1,200,403,
CG,calc,8,29,752630ca617ab2f9,BLOCKED,1,403,403,
CG,calc,8,30,8dfc460f8a4fa778,BLOCKED,1,200,403,
CG,calc,8,31,ee011c03e0427690,BLOCKED,1,200,403,
CG,calc,8,32,a4fa0ae9475afcef,BLOCKED,1,200,403,
CG,calc,8,33,fc385abaee8d9341,BLOCKED,1,200,403,
CG,calc,8,34,7c696a1fd30e0d32,BLOCKED,1,200,403,
CG,calc,8,35,76906329867e1d39,BLOCKED,1,200,403,
CG,calc,8,36,22bbce4167c978b9,BLOCKED,1,403,403,
CG,calc,8,40,a91ea976d8bad471,BLOCKED,1,200,403,
CG,calc,8,41,72fdb3d9976ff3d8,BLOCKED,1,200,403,
CG,calc,8,43,330fed5ac0470154,BLOCKED,1,403,403,
CG,calc,8,47,60dd710185248320,BLOCKED,1,200,403,
CG,calc,8,49,ad242df58515ef08,BLOCKED,1,403,403,
CG,calc,8,51,4320d8bf935d1afd,BLOCKED,1,403,403,
CG,calc,8,52,ec9e14a8c04155e4,BLOCKED,1,403,403,
CG,calc,8,53,2270df5e8eec7274,BLOCKED,1,200,403,
CG,calc,8,54,86d8d5cd02e5e7c6,BLOCKED,1,200,403,
CG,calc,8,55,b437f10b6f564a21,BLOCKED,1,403,403,
CG,calc,8,57,b218f27cfb14745d,BLOCKED,1,403,403,
CG,calc,8,58,501adcb1c31f8c3a,BLOCKED,1,200,403,
CG,calc,8,59,8ea38afb1d63deef,BLOCKED,1,403,403,
CG,calc,8,61,d142be4db0ed64c4,BLOCKED,1,403,403,
CG,calc,8,62,c4e1a3a9d1ee47d5,BLOCKED,1,200,403,
CG,calc,8,63,053e8acc212e0777,BLOCKED,1,403,403,
CG,calc,8,64,7d4f3c8ce43a3c94,BLOCKED,1,403,403,
CG,calc,8,67,879c86b399f7f97c,BLOCKED,1,403,403,
CG,calc,8,68,2750b3ed9fda8894,BLOCKED,1,200,403,
CG,calc,8,69,c918157f6a2864be,BLOCKED,1,403,403,
CG,calc,8,70,6f8c80f7635d7235,BLOCKED,1,403,403,
CG,calc,8,71,b88de092e9137f79,BLOCKED,1,403,403,
CG,calc,8,72,a27a391a564a2522,BLOCKED,1,403,403,
CG,calc,8,73,858f48f3ac86ad35,BLOCKED,1,200,403,
CG,calc,8,74,c6738c14762c7f56,BLOCKED,1,200,403,
CG,calc,8,75,24044b7bcc729780,BLOCKED,1,403,403,
CG,calc,8,76,86759e75e5cbff0f,BLOCKED,1,403,403,
CG,calc,8,77,83e7428cc22d960f,BLOCKED,1,403,403,
CG,calc,8,78,78f7a93850bda1be,BLOCKED,1,403,403,
CG,calc,8,79,b2a38c5db8188b63,BLOCKED,1,200,403,
CG,calc,8,80,e5c1cd4b7c991950,BLOCKED,1,200,403,
CG,calc,8,81,4c983492bca30baf,BLOCKED,1,200,403,
CG,calc,8,82,225059f63b171d71,BLOCKED,1,200,403,
CG,calc,8,83,6ab616f1c19b5bc7,BLOCKED,1,200,403,
CG,calc,8,86,4f842118384686a0,BLOCKED,1,200,403,
CG,calc,8,87,f38361e36c128259,BLOCKED,1,403,403,
CG,calc,8,88,60a23879289cb0ae,BLOCKED,1,200,403,
CG,calc,8,89,8798791019a7fa70,BLOCKED,1,403,403,
CG,calc,8,90,0f9c2f5778baa744,BLOCKED,1,403,403,
CG,calc,8,92,4deed0a6ea96d6bc,BLOCKED,1,200,403,
CG,calc,8,94,da77647d6181258f,BLOCKED,1,200,403,
CG,calc,8,98,1a1377bf61ed836b,BLOCKED,1,200,403,
CG,calc,8,99,fcbde63f69bc3e62,BLOCKED,1,200,403,
CG,calc,8,101,32c602d3207b37d3,BLOCKED,1,403,403,
CG,calc,8,102,2dc2c7b7fb787476,BLOCKED,1,200,403,
CG,calc,8,103,f039fd83016c6843,BLOCKED,1,403,403,
CG,calc,8,104,d389e87aead979e1,BLOCKED,1,200,403,
CG,calc,8,107,76154004d3203fce,BLOCKED,1,200,403,
CG,calc,8,108,ad5f1803a4a48b6c,BLOCKED,1,403,403,
CG,calc,8,109,fb395b7ce2cb755a,BLOCKED,1,200,403,
CG,calc,8,110,cc325329e1e206a1,BLOCKED,1,200,403,
CG,calc,8,111,ae5ba7a8d8b381a9,BLOCKED,1,200,403,
CG,calc,8,112,3c1db39e6e158577,BLOCKED,1,200,403,
CG,calc,8,114,47ce8a753bcb0776,BLOCKED,1,200,403,
CG,calc,8,116,9c58c9d19717e789,BLOCKED,1,403,403,
CG,calc,8,118,96566d51ca5d8889,BLOCKED,1,200,403,
CG,calc,8,119,9861b69f9e759c87,BLOCKED,1,403,403,
CG,calc,8,120,6a3579d169bed124,BLOCKED,1,403,403,
CG,calc,8,121,b66ffa3dadb76b76,BLOCKED,1,200,403,
CG,calc,8,122,4c676c96876a5763,BLOCKED,1,403,403,
CG,calc,8,124,7e000c86a6ef1b1a,BLOCKED,1,200,403,
CG,calc,8,125,7994611184c1d449,BLOCKED,1,200,403,
CG,calc,8,126,42f4d31d3c0b4de5,BLOCKED,1,200,403,
CG,calc,8,127,5f85fae98c752a46,BLOCKED,1,200,403,
CG,calc,8,128,b3ebf46c30fd1d92,BLOCKED,1,403,403,
CG,calc,8,131,00154f8f881c08a2,BLOCKED,1,403,403,
CG,calc,8,132,11768536683afc08,BLOCKED,1,200,403,
CG,calc,8,133,357e147aa588e25d,BLOCKED,1,403,403,
CG,calc,8,137,3ee02684c7eef66b,BLOCKED,1,200,403,
CG,calc,8,138,b68218fb9c8682c6,BLOCKED,1,403,403,
CG,calc,8,139,f7914e4e0ed66384,BLOCKED,1,403,403,
CG,calc,8,140,99c4758adc911664,BLOCKED,1,200,403,
CG,calc,8,142,ceb623198155ca87,BLOCKED,1,200,403,
CG,calc,8,145,2ff7b5e4e5c67065,BLOCKED,1,200,403,
CG,calc,8,146,a6e19f5a50bdafeb,BLOCKED,1,403,403,
CG,calc,8,147,773ff8aedda6835b,BLOCKED,1,200,403,
CG,calc,8,148,5deef3cca98c000d,BLOCKED,1,200,403,
CG,calc,8,149,4b51d032ed64976a,BLOCKED,1,403,403,
CG,calc,8,151,3603272776ece56c,BLOCKED,1,403,403,
CG,calc,8,152,d4d53a86a69dd164,BLOCKED,1,200,403,
CG,calc,8,153,c90c5385d69c3f7e,BLOCKED,1,200,403,
CG,calc,8,154,283c172b99d8c12a,BLOCKED,1,200,403,
CG,calc,8,155,616aac945af37255,BLOCKED,1,200,403,
CG,calc,8,156,00ddb0650094e3a4,BLOCKED,1,200,403,
CG,calc,8,157,1285a505f8bcb3bb,BLOCKED,1,200,403,
CG,calc,8,158,0cb0e8c7ca2648eb,BLOCKED,1,403,403,
CG,calc,8,159,a0e79fed90e7461b,BLOCKED,1,200,403,
CG,calc,8,160,057d2420940e4aea,BLOCKED,1,200,403,
CG,calc,8,162,877a8cdd0befc0b2,BLOCKED,1,200,403,
CG,calc,8,163,744799e45e4d89c8,BLOCKED,1,200,403,
CG,calc,8,164,47f6326820ec5a70,BLOCKED,1,200,403,
CG,calc,8,166,c4235ae713b18f73,BLOCKED,1,403,403,
CG,calc,8,167,1ea9d18d9442dc16,BLOCKED,1,403,403,
CG,calc,8,168,a528cb184679e984,BLOCKED,1,403,403,
CG,calc,8,169,8878d1c3423f17fa,BLOCKED,1,200,403,
CG,calc,8,170,5412e8adca0b57b8,BLOCKED,1,403,403,
CG,calc,8,171,9e02b1d4ce946a84,BLOCKED,1,403,403,
CG,calc,8,173,3a9e0061c45c086a,BLOCKED,1,403,403,
CG,calc,8,174,6a1c589a7ed8562e,BLOCKED,1,200,403,
CG,calc,8,175,71eddcb4bf4e5c92,BLOCKED,1,200,403,
CG,calc,8,176,3b06d301f041a2e5,BLOCKED,1,200,403,
CG,calc,8,177,e7441afcd93fc4b0,BLOCKED,1,403,403,
CG,calc,8,180,509b0c3af46c7c4a,BLOCKED,1,200,403,
CG,calc,8,181,f81a308147035c76,BLOCKED,1,200,403,
CG,calc,8,182,461abd78e5901f69,BLOCKED,1,200,403,
CG,calc,8,183,5701073de7aa0d92,BLOCKED,1,403,403,
CG,calc,8,184,9388d4987261d022,BLOCKED,1,200,403,
CG,calc,8,185,f24563c4ca23931f,BLOCKED,1,200,403,
CG,calc,8,186,debfc6442fc60459,BLOCKED,1,200,403,
CG,calc,8,187,7dacbbedcecc406c,BLOCKED,1,403,403,
CG,calc,8,188,79fc1b8831a8fc92,BLOCKED,1,200,403,
CG,calc,8,190,959d08d006bbe710,BLOCKED,1,200,403,
CG,calc,8,191,302105972f750b80,BLOCKED,1,403,403,
CG,calc,8,194,4233517648ba8ee8,BLOCKED,1,200,403,
CG,calc,8,196,10b067da9a75e5bf,BLOCKED,1,403,403,
CG,calc,8,197,6fb078504f75cc49,BLOCKED,1,200,403,
CG,calc,8,198,af97afd0f2c38f56,BLOCKED,1,200,403,
CG,calc,8,199,6740b879c705bf96,BLOCKED,1,403,403,
CG,calc,8,200,5ee24084bc9d3d91,BLOCKED,1,200,403,
CG,calc,8,201,437e97d12df5bbc4,BLOCKED,1,200,403,
CG,calc,8,202,bc124eccda492574,BLOCKED,1,403,403,
CG,calc,8,203,c11d8b5d26a41635,BLOCKED,1,200,403,
CG,calc,8,205,4a6973f6aaef8804,BLOCKED,1,403,403,
CG,calc,8,208,d2136232dbf9ff8a,BLOCKED,1,403,403,
CG,calc,8,209,1f07061c75b1ccc3,BLOCKED,1,403,403,
CG,calc,8,210,537681e74cd36571,BLOCKED,1,200,403,
CG,calc,8,211,b548414f7f030475,BLOCKED,1,403,403,
CG,calc,8,212,3c0e9707f7fa792e,BLOCKED,1,200,403,
CG,calc,8,213,09e3aec8462546d6,BLOCKED,1,403,403,
CG,calc,8,214,701485c308c7df2f,BLOCKED,1,200,403,
CG,calc,8,215,4a8864a2be21969f,BLOCKED,1,403,403,
CG,calc,8,216,fc86ecf2bd3cd62f,BLOCKED,1,403,403,
CG,calc,8,217,e69580957bd63714,BLOCKED,1,200,403,
CG,calc,8,218,d589a2a450fac0bf,BLOCKED,1,403,403,
CG,calc,8,220,a31810e7c973a39a,BLOCKED,1,200,403,
CG,calc,8,221,e7c6a4bac3f0512e,BLOCKED,1,200,403,
CG,calc,8,222,f68031ca9fc1a990,BLOCKED,1,403,403,
CG,calc,8,224,a87ca61c88ccc5fb,BLOCKED,1,403,403,
CG,calc,8,226,f60cf02f513f428e,BLOCKED,1,403,403,
CG,calc,8,227,ef39c9b507db0274,BLOCKED,1,403,403,
CG,calc,8,228,6d6a60bb3872f971,BLOCKED,1,200,403,
CG,calc,8,229,79e5150ff44ba67e,BLOCKED,1,200,403,
CG,calc,8,230,1b88a6dfec6e8bae,BLOCKED,1,403,403,
CG,calc,8,231,71d5cf1f80231764,BLOCKED,1,403,403,
CG,calc,8,232,407881de24fedd6f,BLOCKED,1,403,403,
CG,calc,8,233,a218c552523559ec,BLOCKED,1,200,403,
CG,calc,8,234,f0b2d9f3ecd160dc,BLOCKED,1,403,403,
CG,calc,8,235,abac73214dc0395e,BLOCKED,1,200,403,
CG,calc,8,236,429db8e45dfd2eb4,BLOCKED,1,200,403,
CG,calc,8,237,7f1735340e87ae81,BLOCKED,1,403,403,
CG,calc,8,238,701b77acceb38e69,BLOCKED,1,200,403,
CG,calc,8,239,06848cd8c0395fd7,BLOCKED,1,200,403,
CG,calc,8,240,6d79b8540022396c,BLOCKED,1,200,403,
CG,calc,8,241,40a8d993221b0c8d,BLOCKED,1,403,403,
CG,calc,8,242,e82ee9fa0f6c527e,BLOCKED,1,200,403,
CG,calc,8,243,8c7daab194e209da,BLOCKED,1,200,403,
CG,calc,8,244,fc0ff44949bccb58,BLOCKED,1,200,403,
CG,calc,8,245,39ab17b2e89015bb,BLOCKED,1,403,403,
CG,calc,8,246,8ae2d25d7eae6d5c,BLOCKED,1,200,403,
CG,calc,8,247,25a6348660b997c3,BLOCKED,1,200,403,
CG,calc,8,248,c6f74deb16c58840,BLOCKED,1,200,403,
CG,calc,8,249,a5b2923907dd1517,BLOCKED,1,403,403,
CG,calc,8,250,104f448c22c2fd39,BLOCKED,1,403,403,
CG,calc,8,251,e3e17cada5681b0d,BLOCKED,1,200,403,
CG,calc,8,252,0608d0f0fcf66c7a,BLOCKED,1,403,403,
CG,calc,8,254,378c05329fec3f71,BLOCKED,1,200,403,
CG,calc,8,255,57c7da9a9f173a4c,BLOCKED,1,403,403,
CG,calc,8,256,a66cdd6ae154f248,BLOCKED,1,403,403,
CG,calc,8,257,7f21273127e63105,BLOCKED,1,200,403,
CG,calc,8,258,6f63a1e7ed023161,BLOCKED,1,403,403,
CG,calc,8,259,8b982fc0bc0115fd,BLOCKED,1,403,403,
CG,calc,8,260,e17ae031e5a05d62,BLOCKED,1,403,403,
CG,calc,8,261,ea551bcca4a8df9c,BLOCKED,1,403,403,
CG,calc,8,262,cd4cb96c2bee31d8,BLOCKED,1,403,403,
CG,calc,8,263,2ce522c6e41dbfff,BLOCKED,1,403,403,
CG,calc,8,264,3707495b250dd5a2,BLOCKED,1,403,403,
CG,calc,8,265,a357bf74c2819312,BLOCKED,1,403,403,
CG,calc,8,266,42fa9f79dca0f0e2,BLOCKED,1,403,403,
CG,calc,8,267,80ffdb4fccb3c004,BLOCKED,1,403,403,
CG,calc,8,268,7c5a234b8610d1d2,BLOCKED,1,200,403,
CG,calc,8,269,87d05fddc77d89f4,BLOCKED,1,403,403,
CG,calc,8,270,0129db38ea2901d2,BLOCKED,1,200,403,
CG,calc,8,274,31e1898b6790ded5,BLOCKED,1,200,403,
CG,calc,8,275,84d2a43db514f688,BLOCKED,1,200,403,
CG,calc,8,276,aa09fc8d5d6d31fb,BLOCKED,1,200,403,
CG,calc,8,277,7e6fc60ef8c6ac65,BLOCKED,1,200,403,
CG,calc,8,278,594fb3d2cdc8c544,BLOCKED,1,200,403,
CG,calc,8,279,07aacff85f7abdf2,BLOCKED,1,200,403,
CG,calc,8,280,6df868c74a9b1c87,BLOCKED,1,200,403,
CG,calc,8,281,a703cafea473cc9c,BLOCKED,1,200,403,
CG,calc,8,283,587620f4221b57a1,BLOCKED,1,403,403,
CG,calc,8,284,2ce8d3f52bc2f3fb,BLOCKED,1,403,403,
CG,calc,8,286,bc0469ea33d42be4,BLOCKED,1,403,403,
CG,calc,8,287,8c34d3686c0f98a9,BLOCKED,1,200,403,
CG,calc,8,289,2537edd8ac6402d0,BLOCKED,1,403,403,
CG,calc,8,290,31b4875c39de7277,BLOCKED,1,200,403,
CG,calc,8,291,dea8abc24162ac8e,BLOCKED,1,403,403,
CG,calc,8,293,5c3f95c659ecc99a,BLOCKED,1,200,403,
CG,calc,8,296,9116143a0bdf5be1,BLOCKED,1,200,403,
CG,calc,8,297,ee66765cef2ed1d7,BLOCKED,1,200,403,
CG,calc,8,298,1c940c3fcc800d1a,BLOCKED,1,403,403,
CG,calc,8,299,4facef9f465f27f0,BLOCKED,1,403,403,
CG,calc,8,300,61ff679f637c0cc7,BLOCKED,1,403,403,
CG,calc,9,16,bf00af064fec9035,BLOCKED,1,403,403,
CG,calc,9,17,f96cf87d3aecf235,BLOCKED,1,200,403,
CG,calc,9,18,440624290fec5bd0,BLOCKED,1,200,403,
CG,calc,9,21,05abfaa18956422e,BLOCKED,1,403,403,
CG,calc,9,23,f3314f4303b8b4d4,BLOCKED,1,403,403,
CG,calc,9,24,c2db87d4c47269b9,BLOCKED,1,200,403,
CG,calc,9,27,ec6e06d64b0c1c0d,BLOCKED,1,200,403,
CG,calc,9,29,baabec6717d51f47,BLOCKED,1,403,403,
CG,calc,9,32,153a18c0c43374f6,BLOCKED,1,200,403,
CG,calc,9,33,83c983533cff8ffc,BLOCKED,1,403,403,
CG,calc,9,35,666606ec1c3e9ca7,BLOCKED,1,403,403,
CG,calc,9,37,983ff89f0c468eea,BLOCKED,1,200,403,
CG,calc,9,38,ed8c3cc0fd37080c,BLOCKED,1,200,403,
CG,calc,9,39,babf4c02b101f0f1,BLOCKED,1,200,403,
CG,calc,9,42,e307d687dc9f5225,BLOCKED,1,403,403,
CG,calc,9,44,f1cf1e96900f625e,BLOCKED,1,200,403,
CG,calc,9,45,c37a29c9c64247fa,BLOCKED,1,403,403,
CG,calc,9,46,fd5fe4efa16e6a54,BLOCKED,1,403,403,
CG,calc,9,50,5c8deef3ce6d70f0,BLOCKED,1,403,403,
CG,calc,9,51,a21c4ca89d0a269a,BLOCKED,1,403,403,
CG,calc,9,57,33d2c9e571abeb72,BLOCKED,1,200,403,
CG,calc,9,58,9f5753dffe12a8ed,BLOCKED,1,403,403,
CG,calc,9,59,b8207d9afed7a566,BLOCKED,1,403,403,
CG,calc,9,61,164a86f02c779634,BLOCKED,1,403,403,
CG,calc,9,63,0d48f541a5d99751,BLOCKED,1,403,403,
CG,calc,9,65,93bf86822ae60b50,BLOCKED,1,200,403,
CG,calc,9,66,4c4324dfc8a1c7b2,BLOCKED,1,200,403,
CG,calc,9,67,44dadb398d1643b6,BLOCKED,1,403,403,
CG,calc,9,68,40d7a7ea249fa886,BLOCKED,1,403,403,
CG,calc,9,72,d1b3ff534aad2cbd,BLOCKED,1,200,403,
CG,calc,9,74,5149e58ae362f810,BLOCKED,1,403,403,
CG,calc,9,75,1e49d92058c3c82e,BLOCKED,1,200,403,
CG,calc,9,76,61136f676cd0b690,BLOCKED,1,403,403,
CG,calc,9,77,4869db5200f290ea,BLOCKED,1,200,403,
CG,calc,9,79,e996a2b5f0f8c9b8,BLOCKED,1,403,403,
CG,calc,9,81,47d844d2e0b16136,BLOCKED,1,200,403,
CG,calc,9,85,5169a174db226c41,BLOCKED,1,200,403,
CG,calc,9,88,6c15b7a1674c5a96,BLOCKED,1,200,403,
CG,calc,9,95,8681b4bcda7b492d,BLOCKED,1,200,403,
CG,calc,9,96,4c7a1384024cc1bd,BLOCKED,1,403,403,
CG,calc,9,97,a4e9a65268d00688,BLOCKED,1,200,403,
CG,calc,9,98,afd698661eaf53d8,BLOCKED,1,200,403,
CG,calc,9,99,f854815a2268e070,BLOCKED,1,403,403,
CG,calc,9,100,6db1a5069bcfb3f1,BLOCKED,1,403,403,
CG,calc,9,102,ef615ae53d0f60d5,BLOCKED,1,200,403,
CG,calc,9,103,ea5a0f07932f3c06,BLOCKED,1,200,403,
CG,calc,9,104,652701366d0a4fdd,BLOCKED,1,403,403,
CG,calc,9,105,32b2686a0f9b5807,BLOCKED,1,200,403,
CG,calc,9,106,50d14344979146f2,BLOCKED,1,200,403,
CG,calc,9,107,5584a618c80d0232,BLOCKED,1,200,403,
CG,calc,9,108,921c705f9cab6c0f,BLOCKED,1,403,403,
CG,calc,9,109,d621b29d720bb642,BLOCKED,1,200,403,
CG,calc,9,112,36f51120396c7b23,BLOCKED,1,403,403,
CG,calc,9,115,85e01f0656823f75,BLOCKED,1,403,403,
CG,calc,9,116,1710f9a214318601,BLOCKED,1,403,403,
CG,calc,9,123,4cedc74959871cf1,BLOCKED,1,403,403,
CG,calc,9,124,c2d5697c818d0299,BLOCKED,1,403,403,
CG,calc,9,129,2150d56aa38910d9,BLOCKED,1,200,403,
CG,calc,9,130,0ad17227f55607b5,BLOCKED,1,403,403,
CG,calc,9,131,c2ccc1019c1b9f6d,BLOCKED,1,403,403,
CG,calc,9,133,44f1b104197c7c9d,BLOCKED,1,403,403,
CG,calc,9,137,26045fe77f55697c,BLOCKED,1,403,403,
CG,calc,9,138,435888587154729a,BLOCKED,1,403,403,
CG,calc,9,139,61fed7b87465a605,BLOCKED,1,403,403,
CG,calc,9,140,59c4d8609deaa9dd,BLOCKED,1,403,403,
CG,calc,9,141,5b342514f496f6c8,BLOCKED,1,403,403,
CG,calc,9,142,a8a5346b8ac02a4b,BLOCKED,1,403,403,
CG,calc,9,143,94048b5653e88bca,BLOCKED,1,403,403,
CG,calc,9,144,d450d7baaa320c0d,BLOCKED,1,403,403,
CG,calc,9,145,c500038fcf4a6d75,BLOCKED,1,200,403,
CG,calc,9,146,af3cc1cc409250de,BLOCKED,1,200,403,
CG,calc,9,148,999dc6e2652b5ef7,BLOCKED,1,403,403,
CG,calc,9,149,c380ca085931629f,BLOCKED,1,200,403,
CG,calc,9,150,c2fabe3e2d6654b0,BLOCKED,1,200,403,
CG,calc,9,151,c69dfcaafdc1d6ca,BLOCKED,1,200,403,
CG,calc,9,152,ec6f3ebfe7c0b62f,BLOCKED,1,200,403,
CG,calc,9,153,bcfdffcd0b9e0d9c,BLOCKED,1,403,403,
CG,calc,9,158,c262507083dade9c,BLOCKED,1,403,403,
CG,calc,9,160,87bc48dec0974ea7,BLOCKED,1,200,403,
CG,calc,9,161,a0539a2183635f5b,BLOCKED,1,200,403,
CG,calc,9,162,1b267155c02f158a,BLOCKED,1,200,403,
CG,calc,9,163,b690ed49a317fbe8,BLOCKED,1,200,403,
CG,calc,9,165,094a4e148e663d43,BLOCKED,1,403,403,
CG,calc,9,168,d34909ff88ad9112,BLOCKED,1,200,403,
CG,calc,9,169,97ddedcf0f34f4ec,BLOCKED,1,403,403,
CG,calc,9,171,d41ce24f6f60dbb5,BLOCKED,1,200,403,
CG,calc,9,174,7b00910c34becac8,BLOCKED,1,200,403,
CG,calc,9,175,b2aa5b94d5bec03a,BLOCKED,1,200,403,
CG,calc,9,176,a09cac97995b013a,BLOCKED,1,403,403,
CG,calc,9,179,190319a35704c9dc,BLOCKED,1,200,403,
CG,calc,9,182,0025c830d4eb1dc2,BLOCKED,1,200,403,
CG,calc,9,185,2ec94fd07a7ad083,BLOCKED,1,200,403,
CG,calc,9,186,dc32f258a16fe0ec,BLOCKED,1,200,403,
CG,calc,9,187,a9c7114d6925b67e,BLOCKED,1,200,403,
CG,calc,9,188,69c9d2a6f23c1dda,BLOCKED,1,200,403,
CG,calc,9,189,2bc4972613236c91,BLOCKED,1,200,403,
CG,calc,9,190,0212c6da8dcfb9b7,BLOCKED,1,403,403,
CG,calc,9,192,657c4ec1f7a84b6e,BLOCKED,1,200,403,
CG,calc,9,193,6e76a072cd33393a,BLOCKED,1,200,403,
CG,calc,9,194,cfda326cb004b9ce,BLOCKED,1,200,403,
CG,calc,9,195,094f35fe2b6008c0,BLOCKED,1,200,403,
CG,calc,9,196,67add6dbbd990e73,BLOCKED,1,403,403,
CG,calc,9,197,ff3248906621cc09,BLOCKED,1,200,403,
CG,calc,9,198,aebdcb65e5989102,BLOCKED,1,200,403,
CG,calc,9,199,4534a8b6fe4b477a,BLOCKED,1,200,403,
CG,calc,9,200,dcd3d36a3ad63d39,BLOCKED,1,200,403,
CG,calc,9,201,0718902f6d2ce22d,BLOCKED,1,403,403,
CG,calc,9,203,6c44751482dc51dd,BLOCKED,1,200,403,
CG,calc,9,204,1f76584cda67b641,BLOCKED,1,403,403,
CG,calc,9,205,f0f5ddf4a09b6962,BLOCKED,1,200,403,
CG,calc,9,207,d1c8d6c19b4cbc1c,BLOCKED,1,200,403,
CG,calc,9,208,3166cc10b94e9838,BLOCKED,1,403,403,
CG,calc,9,209,df1badec86a886ff,BLOCKED,1,403,403,
CG,calc,9,211,fd5cafbf094d3d6d,BLOCKED,1,200,403,
CG,calc,9,213,443789a2f09d76a7,BLOCKED,1,403,403,
CG,calc,9,215,5774eca0f009bb39,BLOCKED,1,200,403,
CG,calc,9,217,3e59999e37ea10e5,BLOCKED,1,403,403,
CG,calc,9,223,3e512697e1ed5cf8,BLOCKED,1,403,403,
CG,calc,9,227,e1509c245ca01a5e,BLOCKED,1,403,403,
CG,calc,9,229,1a549fd232b5a170,BLOCKED,1,403,403,
CG,calc,9,231,5e45e08d81f10065,BLOCKED,1,200,403,
CG,calc,9,233,7f20767e0a8df126,BLOCKED,1,403,403,
CG,calc,9,235,3216842703955ef4,BLOCKED,1,200,403,
CG,calc,9,236,271f454aaa7fa7bc,BLOCKED,1,200,403,
CG,calc,9,237,e009b1e0ade258c2,BLOCKED,1,403,403,
CG,calc,9,238,c07aa55a6ed13307,BLOCKED,1,200,403,
CG,calc,9,240,7963872c7b7d97fa,BLOCKED,1,403,403,
CG,calc,9,241,18c8f63d941ce7e8,BLOCKED,1,403,403,
CG,calc,9,243,7750f39132e38523,BLOCKED,1,403,403,
CG,calc,9,244,0176bf5446654d01,BLOCKED,1,200,403,
CG,calc,9,246,0e957e1abe3841c5,BLOCKED,1,403,403,
CG,calc,9,247,54da7df90feebe3f,BLOCKED,1,403,403,
CG,calc,9,248,74133b9b2362298e,BLOCKED,1,403,403,
CG,calc,9,249,5135ec3532e3d291,BLOCKED,1,403,403,
CG,calc,9,251,1ee6bdad9fc894a7,BLOCKED,1,403,403,
CG,calc,9,254,a99e2d66fae37803,BLOCKED,1,200,403,
CG,calc,9,255,68ab894d78c7980a,BLOCKED,1,200,403,
CG,calc,9,257,2230c22703a8263b,BLOCKED,1,403,403,
CG,calc,9,258,40dd7f54e5afcde0,BLOCKED,1,403,403,
CG,calc,9,259,689fc533e56872df,BLOCKED,1,403,403,
CG,calc,9,260,5bc29a758e62424a,BLOCKED,1,403,403,
CG,calc,9,262,2d791719011601d4,BLOCKED,1,403,403,
CG,calc,9,263,b8e29b20eef821b5,BLOCKED,1,200,403,
CG,calc,9,266,30c107860c3a19c1,BLOCKED,1,403,403,
CG,calc,9,267,a37c3ec1562dec63,BLOCKED,1,403,403,
CG,calc,9,268,39e4cfdf5f04c503,BLOCKED,1,200,403,
CG,calc,9,269,481dd1a887477f6a,BLOCKED,1,403,403,
CG,calc,9,270,b5d3bd8df09c1eed,BLOCKED,1,403,403,
CG,calc,9,271,e5aae32b43394ac1,BLOCKED,1,200,403,
CG,calc,9,274,47a4dbd4e564f05b,BLOCKED,1,403,403,
CG,calc,9,277,04a4aacc264e0d1b,BLOCKED,1,200,403,
CG,calc,9,278,3861ad5864afeaed,BLOCKED,1,403,403,
CG,calc,9,286,744104624d84d033,BLOCKED,1,200,403,
CG,calc,9,287,c90271c0d545ba4f,BLOCKED,1,403,403,
CG,calc,9,288,5e59688056fae0c1,BLOCKED,1,200,403,
CG,calc,9,289,499e2b309a853a9f,BLOCKED,1,200,403,
CG,calc,9,290,02573163c89c2873,BLOCKED,1,200,403,
CG,calc,9,292,fa6eef7795b4d485,BLOCKED,1,200,403,
CG,calc,9,295,77a314d2ad33fdb0,BLOCKED,1,200,403,
CG,calc,9,296,a6103f118b8cb659,BLOCKED,1,200,403,
CG,calc,9,298,489fb4bed7eed141,BLOCKED,1,403,403,
CG,calc,9,299,01f6c4e1bc7c37e3,BLOCKED,1,200,403,
CG,calc,10,1,453545cfcf310189,BLOCKED,1,403,403,
CG,calc,10,4,d89cf3e22b36c6fc,BLOCKED,1,200,403,
CG,calc,10,17,177f43b91310a8d6,BLOCKED,1,200,403,
CG,calc,10,18,63358ca0cc9a0a9f,BLOCKED,1,200,403,
CG,calc,10,19,9ff6abc57e82150f,BLOCKED,1,403,403,
CG,calc,10,20,9f633c5db87c7f97,BLOCKED,1,403,403,
CG,calc,10,29,d5ee2eaef3421d53,BLOCKED,1,200,403,
CG,calc,10,30,901cae58d76366d5,BLOCKED,1,200,403,
CG,calc,10,46,800e3ab8cf2b2866,BLOCKED,1,200,403,
CG,calc,10,48,1932fbd9f3233b82,BLOCKED,1,200,403,
CG,calc,10,50,b8854127554d4c6b,BLOCKED,1,403,403,
CG,calc,10,52,87c344fe1006ec38,BLOCKED,1,403,403,
CG,calc,10,53,ec1fde6b873890ca,BLOCKED,1,200,403,
CG,calc,10,55,9546908d3fecf0f0,BLOCKED,1,403,403,
CG,calc,10,58,da565522a1735a61,BLOCKED,1,403,403,
CG,calc,10,61,eaa258957e388d62,BLOCKED,1,403,403,
CG,calc,10,67,bfa1fab5aee17b70,BLOCKED,1,200,403,
CG,calc,10,69,79ac9526f71dbbd4,BLOCKED,1,403,403,
CG,calc,10,70,c30009f0ae01ec34,BLOCKED,1,403,403,
CG,calc,10,73,cb0da7870c959174,BLOCKED,1,403,403,
CG,calc,10,75,d14d76d04aeda387,BLOCKED,1,403,403,
CG,calc,10,82,88c1cc3f20ca3f2c,BLOCKED,1,403,403,
CG,calc,10,86,ff3939202fd60f30,BLOCKED,1,200,403,
CG,calc,10,88,361de442318d5c19,BLOCKED,1,200,403,
CG,calc,10,90,80eb8e9db02ebd5d,BLOCKED,1,403,403,
CG,calc,10,92,8e06c1d5eba74a90,BLOCKED,1,403,403,
CG,calc,10,100,e8b394f25c5f8f81,BLOCKED,1,200,403,
CG,calc,10,102,d051e823cb6215ab,BLOCKED,1,403,403,
CG,calc,10,104,159a20ae0b25a817,BLOCKED,1,200,403,
CG,calc,10,114,7e7eed0342df6715,BLOCKED,1,403,403,
CG,calc,10,119,9e3a6d77b673e794,BLOCKED,1,200,403,
CG,calc,10,120,b28e9a1a3c2e82b8,BLOCKED,1,403,403,
CG,calc,10,122,f79d181b54a05e17,BLOCKED,1,403,403,
CG,calc,10,123,42c8afd663866f11,BLOCKED,1,200,403,
CG,calc,10,125,7d9f52e7e08b92f5,BLOCKED,1,403,403,
CG,calc,10,131,4390f9d5a3d98f79,BLOCKED,1,403,403,
CG,calc,10,132,3277dde5c7537f0a,BLOCKED,1,200,403,
CG,calc,10,134,aae486d823fc7d12,BLOCKED,1,200,403,
CG,calc,10,137,e82be4f91335cc7c,BLOCKED,1,403,403,
CG,calc,10,138,72f44c18adddfb7c,BLOCKED,1,200,403,
CG,calc,10,139,daa6f4e0281a0e1f,BLOCKED,1,403,403,
CG,calc,10,140,3ddef80e436db926,BLOCKED,1,200,403,
CG,calc,10,141,81799d640f439ea4,BLOCKED,1,200,403,
CG,calc,10,142,75ffee675948b745,BLOCKED,1,403,403,
CG,calc,10,144,67ad27fd11c53d9d,BLOCKED,1,200,403,
CG,calc,10,145,9ed9496c7d4555b7,BLOCKED,1,200,403,
CG,calc,10,149,a14efd2557622e56,BLOCKED,1,403,403,
CG,calc,10,150,0d50b817d287759e,BLOCKED,1,200,403,
CG,calc,10,151,15a74703f376bec1,BLOCKED,1,403,403,
CG,calc,10,153,620effb52d9dd2b3,BLOCKED,1,200,403,
CG,calc,10,154,c2618b57151b9e0e,BLOCKED,1,200,403,
CG,calc,10,155,b8026fb007d31dd6,BLOCKED,1,403,403,
CG,calc,10,157,2fb4bd12c1a0a756,BLOCKED,1,403,403,
CG,calc,10,160,8873c2476f486216,BLOCKED,1,403,403,
CG,calc,10,161,cefdd07a2af683d4,BLOCKED,1,200,403,
CG,calc,10,180,aad8c32d37f179bd,BLOCKED,1,403,403,
CG,calc,10,192,e146147cce5150cc,BLOCKED,1,403,403,
CG,calc,10,193,bd7d7b557a4c0952,BLOCKED,1,200,403,
CG,calc,10,194,cff7a811e72cfaf6,BLOCKED,1,200,403,
CG,calc,10,195,810d5fbf2dd8c64d,BLOCKED,1,403,403,
CG,calc,10,196,91687af1c4ac7754,BLOCKED,1,403,403,
CG,calc,10,197,5d50f7f47e9edb2e,BLOCKED,1,403,403,
CG,calc,10,201,f3eef2c6910d2790,BLOCKED,1,403,403,
CG,calc,10,203,cabc0de532048d64,BLOCKED,1,403,403,
CG,calc,10,204,f881ba47d1a6a094,BLOCKED,1,200,403,
CG,calc,10,205,b9ec95c56bf9cafb,BLOCKED,1,403,403,
CG,calc,10,207,334bdb23976b3e41,BLOCKED,1,403,403,
CG,calc,10,208,5e6e5355475f82db,BLOCKED,1,403,403,
CG,calc,10,209,b40a3bdc2eb4dc91,BLOCKED,1,403,403,
CG,calc,10,210,b06f48b44eb3bc4d,BLOCKED,1,403,403,
CG,calc,10,212,36883d8a640fcd3f,BLOCKED,1,403,403,
CG,calc,10,213,1737b2160ab5e030,BLOCKED,1,403,403,
CG,calc,10,215,0c0e20a2bdcc4447,BLOCKED,1,403,403,
CG,calc,10,216,99a5830cdff704ef,BLOCKED,1,403,403,
CG,calc,10,217,717c1cfdd193bf7f,BLOCKED,1,403,403,
CG,calc,10,218,f3d47d6f6ab95b1e,BLOCKED,1,200,403,
CG,calc,10,219,e976640d49077c2b,BLOCKED,1,403,403,
CG,calc,10,220,e97f7d38dc823ad4,BLOCKED,1,200,403,
CG,calc,10,221,e30c6bf0eb8ca886,BLOCKED,1,403,403,
CG,calc,10,222,25440a70246b8348,BLOCKED,1,403,403,
CG,calc,10,223,e1c4730788604a3d,BLOCKED,1,200,403,
CG,calc,10,224,28437c9810224059,BLOCKED,1,200,403,
CG,calc,10,225,6146567619eead9a,BLOCKED,1,200,403,
CG,calc,10,230,6b1d055c203f9cff,BLOCKED,1,403,403,
CG,calc,10,231,29f3e3151bec1cc0,BLOCKED,1,200,403,
CG,calc,10,232,3148de8df911595c,BLOCKED,1,403,403,
CG,calc,10,233,a21d628a8289a722,BLOCKED,1,403,403,
CG,calc,10,243,cabd72107115feba,BLOCKED,1,200,403,
CG,calc,10,244,f09daba70b7cad40,BLOCKED,1,403,403,
CG,calc,10,245,f5b809b1cf94685e,BLOCKED,1,200,403,
CG,calc,10,250,2faf68cddccb9a73,BLOCKED,1,403,403,
CG,calc,10,251,946eab587ac89b0e,BLOCKED,1,403,403,
CG,calc,10,252,8d2784c0da7eebe8,BLOCKED,1,200,403,
CG,calc,10,253,abc8c98f182fe98b,BLOCKED,1,200,403,
CG,calc,10,255,f6db15ec856a1379,BLOCKED,1,403,403,
CG,calc,10,256,38abc1ccbbb6d454,BLOCKED,1,200,403,
CG,calc,10,257,6d6502a7f55515f2,BLOCKED,1,403,403,
CG,calc,10,258,47e7539c8da85c5a,BLOCKED,1,403,403,
CG,calc,10,259,f6bb53d0a15d9968,BLOCKED,1,403,403,
CG,calc,10,262,d6396b175c0343e7,BLOCKED,1,403,403,
CG,calc,10,263,132208eb435cff80,BLOCKED,1,403,403,
CG,calc,10,264,f576e2efac4a5387,BLOCKED,1,200,403,
CG,calc,10,265,89bd045e16bf3335,BLOCKED,1,200,403,
CG,calc,10,267,f2a25bb72d041575,BLOCKED,1,200,403,
CG,calc,10,268,e42002e2eef980fa,BLOCKED,1,200,403,
CG,calc,10,272,c0f060c8ba68f683,BLOCKED,1,200,403,
CG,calc,10,273,1af2ee80d67594f5,BLOCKED,1,200,403,
CG,calc,10,276,1b99fd0d77a19b64,BLOCKED,1,200,403,
CG,calc,10,277,2002e5a6ed215477,BLOCKED,1,200,403,
CG,calc,10,278,3d2cae270ccbcc07,BLOCKED,1,200,403,
CG,calc,10,279,ec8b7b1643287fb4,BLOCKED,1,200,403,
CG,calc,10,280,231acc4dd7aa7e33,BLOCKED,1,200,403,
CG,calc,10,281,727a296e14000b30,BLOCKED,1,200,403,
CG,calc,10,282,93fcb1f80a9949dc,BLOCKED,1,200,403,
CG,calc,10,287,4a3a576f0e9530fd,BLOCKED,1,200,403,
CG,calc,10,288,82e630805a33f5a7,BLOCKED,1,403,403,
CG,calc,10,297,f18cf7b8cf065de7,BLOCKED,1,403,403,
CG,calc,10,299,bf9c6b57bcd2dea1,BLOCKED,1,403,403,
CG,calc,10,300,8e3b5bafece56525,BLOCKED,1,403,403,
CG,search,1,4,4df411816de96447,BLOCKED,1,403,403,
CG,search,1,6,456bf66c2cd397e8,BLOCKED,1,403,403,
CG,search,1,7,11191f1251697603,BLOCKED,1,403,403,
CG,search,1,8,e08aff6ec1003ef7,BLOCKED,1,403,403,
CG,search,1,9,66525db064a20b5b,BLOCKED,1,403,403,
CG,search,1,10,d9e742620d6b983b,BLOCKED,1,200,403,
CG,search,1,11,229d77b986117907,BLOCKED,1,200,403,
CG,search,1,12,00ede3fa65a9c257,BLOCKED,1,403,403,
CG,search,1,13,af555499bcae53d8,BLOCKED,1,403,403,
CG,search,1,16,79fe05512f48afc4,BLOCKED,1,200,403,
CG,search,1,17,036c26870914db0d,BLOCKED,1,403,403,
CG,search,1,18,99f926740b5c7496,BLOCKED,1,200,403,
CG,search,1,20,ffb20430fcddc3fc,BLOCKED,1,200,403,
CG,search,1,25,367049c8e60b1afc,BLOCKED,1,200,403,
CG,search,1,27,57088c0bce0b2e49,BLOCKED,1,200,403,
CG,search,1,29,9f01a0933a03aaff,BLOCKED,1,403,403,
CG,search,1,30,3f0dbc8ba3bf7806,BLOCKED,1,200,403,
CG,search,1,31,e50ab1d698473573,BLOCKED,1,200,403,
CG,search,1,32,2ced3418288d27db,BLOCKED,1,403,403,
CG,search,1,33,3c3ecdda3c0b0d46,BLOCKED,1,200,403,
CG,search,1,34,b557ad10f4c378bc,BLOCKED,1,403,403,
CG,search,1,35,db9c7170ef413928,BLOCKED,1,403,403,
CG,search,1,36,a6e18fd3842b7029,BLOCKED,1,200,403,
CG,search,1,37,ab759592bf114c0f,BLOCKED,1,403,403,
CG,search,1,42,2e35d34cfec33e16,BLOCKED,1,403,403,
CG,search,1,43,a0192f2070f44ea8,BLOCKED,1,403,403,
CG,search,1,44,48e540af3bdb6a61,BLOCKED,1,200,403,
CG,search,1,45,2b3a88f5402a17d4,BLOCKED,1,200,403,
CG,search,1,46,0df6c03af5fa7291,BLOCKED,1,200,403,
CG,search,1,47,107e2df76aa93263,BLOCKED,1,200,403,
CG,search,1,48,fee18ab60b55f91b,BLOCKED,1,403,403,
CG,search,1,49,881f7168becd1cb2,BLOCKED,1,200,403,
CG,search,1,50,327011f390552bf9,BLOCKED,1,200,403,
CG,search,1,51,073d95f4462255d2,BLOCKED,1,200,403,
CG,search,1,53,2e61472186c709af,BLOCKED,1,200,403,
CG,search,1,54,c215e63f746c9378,BLOCKED,1,200,403,
CG,search,1,55,1331e55139f4df64,BLOCKED,1,200,403,
CG,search,1,56,289b4f5c86cfb833,BLOCKED,1,403,403,
CG,search,1,57,08d4cddaf586edd0,BLOCKED,1,200,403,
CG,search,1,58,7515ac6c02cfb239,BLOCKED,1,403,403,
CG,search,1,60,c43fc78fe012c2a6,BLOCKED,1,403,403,
CG,search,1,61,2d172ec21172eed2,BLOCKED,1,200,403,
CG,search,1,62,43a5756f6e958a75,BLOCKED,1,200,403,
CG,search,1,65,72c7b40c6e1cc73e,BLOCKED,1,200,403,
CG,search,1,66,cafe80b795da70d2,BLOCKED,1,200,403,
CG,search,1,67,d08db58499aa994f,BLOCKED,1,200,403,
CG,search,1,70,f7d2a3f785f4009f,BLOCKED,1,403,403,
CG,search,1,71,80dea2bc86c21e6f,BLOCKED,1,200,403,
CG,search,1,73,63cfc0c3975924f3,BLOCKED,1,200,403,
CG,search,1,75,d4ae2e6e482159fd,BLOCKED,1,403,403,
CG,search,1,80,3bfd28db46a2faf7,BLOCKED,1,403,403,
CG,search,1,89,4ece7f135d893039,BLOCKED,1,200,403,
CG,search,1,90,6388654b700a1f8b,BLOCKED,1,200,403,
CG,search,1,92,162564df395ce739,BLOCKED,1,403,403,
CG,search,1,93,018dcc2df89932d1,BLOCKED,1,403,403,
CG,search,1,94,9e38c0a26983c234,BLOCKED,1,200,403,
CG,search,1,95,5f47dee47ec0a747,BLOCKED,1,200,403,
CG,search,1,96,f37ad88d732cd781,BLOCKED,1,403,403,
CG,search,1,97,df8643b74e8bdc97,BLOCKED,1,200,403,
CG,search,1,104,856cdded4decdb81,BLOCKED,1,200,403,
CG,search,1,105,04422bda6c22e2c0,BLOCKED,1,200,403,
CG,search,1,106,7974ed787798b762,BLOCKED,1,403,403,
CG,search,1,108,7b5fd4b857b738be,BLOCKED,1,200,403,
CG,search,1,114,a562918c79eb4f2f,BLOCKED,1,403,403,
CG,search,1,115,24ddd6d0719cab77,BLOCKED,1,403,403,
CG,search,1,116,ec57f8583af789e6,BLOCKED,1,200,403,
CG,search,1,118,dcd0be055c3c1d2e,BLOCKED,1,200,403,
CG,search,1,119,f3717fb07fb30668,BLOCKED,1,200,403,
CG,search,1,124,3f07a148ae7f86e7,BLOCKED,1,403,403,
CG,search,1,125,b365c3d80762415d,BLOCKED,1,403,403,
CG,search,1,126,f0899c6f01b7d790,BLOCKED,1,403,403,
CG,search,1,127,5b3751121d1d66df,BLOCKED,1,200,403,
CG,search,1,148,83bb09ef0a736f8d,BLOCKED,1,200,403,
CG,search,1,149,9e1459b0c4ba59cd,BLOCKED,1,403,403,
CG,search,1,150,93a4003495f8024c,BLOCKED,1,200,403,
CG,search,1,153,b42b18dc8869280e,BLOCKED,1,403,403,
CG,search,1,154,af943e22e0d293d8,BLOCKED,1,200,403,
CG,search,1,155,d34b6784906d3cbb,BLOCKED,1,200,403,
CG,search,1,157,287d5db5df77304d,BLOCKED,1,200,403,
CG,search,1,162,fd0bb3334cedd2bd,BLOCKED,1,200,403,
CG,search,1,163,7e4c255299f613af,BLOCKED,1,403,403,
CG,search,1,164,aeba27caae6c4d96,BLOCKED,1,200,403,
CG,search,1,167,d912daef0322b4bd,BLOCKED,1,403,403,
CG,search,1,169,994061d84d3ba236,BLOCKED,1,403,403,
CG,search,1,170,72a67f82215fa6ca,BLOCKED,1,403,403,
CG,search,1,171,499f6594b8779500,BLOCKED,1,200,403,
CG,search,1,173,e802f274acbcadb3,BLOCKED,1,200,403,
CG,search,1,174,52d5c01e209bb0f9,BLOCKED,1,200,403,
CG,search,1,175,158d5b2447f099ff,BLOCKED,1,200,403,
CG,search,1,177,5fc28453ac7525bc,BLOCKED,1,403,403,
CG,search,1,178,8300edcdae6c673f,BLOCKED,1,200,403,
CG,search,1,179,4b211b6a0c9e7b89,BLOCKED,1,200,403,
CG,search,1,180,f29d14643e7d879a,BLOCKED,1,200,403,
CG,search,1,181,de0b4707b53c2b41,BLOCKED,1,200,403,
CG,search,1,183,db875cdd33d2e7a1,BLOCKED,1,403,403,
CG,search,1,184,a753eaf179eeb001,BLOCKED,1,200,403,
CG,search,1,185,23ea52d2c89f63e4,BLOCKED,1,200,403,
CG,search,1,188,165614d0ac4d90c9,BLOCKED,1,200,403,
CG,search,1,189,8a3bc448bc375f44,BLOCKED,1,403,403,
CG,search,1,190,e68fe4026b00775f,BLOCKED,1,403,403,
CG,search,1,191,04e9b487f6d2f4dc,BLOCKED,1,200,403,
CG,search,1,192,3f25431e72a5dc39,BLOCKED,1,200,403,
CG,search,1,194,b694bd74d51dcc8c,BLOCKED,1,200,403,
CG,search,1,198,6a32d9cbaaf09273,BLOCKED,1,200,403,
CG,search,1,199,c238ca615fec891e,BLOCKED,1,403,403,
CG,search,1,200,4aaf16790fb4ec3f,BLOCKED,1,403,403,
CG,search,1,205,f21b0f1401310f8f,BLOCKED,1,403,403,
CG,search,1,206,c6743ec3d9997405,BLOCKED,1,403,403,
CG,search,1,207,8b0af39664c6d372,BLOCKED,1,403,403,
CG,search,1,209,2ec83efaa8d5d0d3,BLOCKED,1,200,403,
CG,search,1,210,72a63340dc193f72,BLOCKED,1,403,403,
CG,search,1,211,30d0f1cf80014fe3,BLOCKED,1,200,403,
CG,search,1,213,9f6f0088b4c8e8cb,BLOCKED,1,200,403,
CG,search,1,216,5100e74d43d9d9e5,BLOCKED,1,403,403,
CG,search,1,222,926bb33ef9d8606d,BLOCKED,1,403,403,
CG,search,1,223,5d85d875d5b7eda0,BLOCKED,1,403,403,
CG,search,1,224,d0352617cbc69e19,BLOCKED,1,200,403,
CG,search,1,226,d831c6b51e07065e,BLOCKED,1,403,403,
CG,search,1,227,d5288b088887ae7f,BLOCKED,1,403,403,
CG,search,1,229,dde176658c52d7b8,BLOCKED,1,200,403,
CG,search,1,231,4385763346a4e729,BLOCKED,1,200,403,
CG,search,1,232,dc74bfbf19823d53,BLOCKED,1,200,403,
CG,search,1,233,f28929546b5e80f9,BLOCKED,1,200,403,
CG,search,1,247,1b1d09b6519ba965,BLOCKED,1,403,403,
CG,search,1,249,54fbc5f4e27193a1,BLOCKED,1,403,403,
CG,search,1,250,1249fec7c7514fd2,BLOCKED,1,403,403,
CG,search,1,251,2450c6af03b86835,BLOCKED,1,403,403,
CG,search,1,252,3bd16f091987ffb6,BLOCKED,1,403,403,
CG,search,1,253,1c72fca4b3d237ea,BLOCKED,1,200,403,
CG,search,1,254,41db4222ffd40311,BLOCKED,1,200,403,
CG,search,1,255,0d3f53caab4f5e8b,BLOCKED,1,403,403,
CG,search,1,256,8b773ecfeee92819,BLOCKED,1,403,403,
CG,search,1,258,2d03453d60c49457,BLOCKED,1,200,403,
CG,search,1,259,083c063573a84656,BLOCKED,1,200,403,
CG,search,1,261,34489b82a864a3fb,BLOCKED,1,200,403,
CG,search,1,262,3fca099e5e395751,BLOCKED,1,403,403,
CG,search,1,263,837d91aa839c00b7,BLOCKED,1,200,403,
CG,search,1,264,bd0da0e1b5e7f79b,BLOCKED,1,200,403,
CG,search,1,265,8653eeab72d818dd,BLOCKED,1,403,403,
CG,search,1,266,c6972b401c5c4302,BLOCKED,1,200,403,
CG,search,1,267,82f73bab09f7e96a,BLOCKED,1,200,403,
CG,search,1,268,b1fd42fe628f5a3b,BLOCKED,1,200,403,
CG,search,1,269,903c48af95af5c51,BLOCKED,1,403,403,
CG,search,1,270,824c5b08c97a8ace,BLOCKED,1,403,403,
CG,search,1,276,b39d788ecdacc420,BLOCKED,1,403,403,
CG,search,1,277,9419250e9d53def9,BLOCKED,1,403,403,
CG,search,1,278,f57b6f644cf827dc,BLOCKED,1,403,403,
CG,search,1,279,9919d06b95457b9b,BLOCKED,1,200,403,
CG,search,1,280,965df72e6ac90321,BLOCKED,1,403,403,
CG,search,1,282,6f2d45c88a84f08a,BLOCKED,1,403,403,
CG,search,1,283,463ca26521e49525,BLOCKED,1,200,403,
CG,search,1,284,f2ecb7a6dc79f18e,BLOCKED,1,403,403,
CG,search,1,285,c5d0dc095b7ca4cb,BLOCKED,1,200,403,
CG,search,1,289,385273492e5cbd59,BLOCKED,1,403,403,
CG,search,1,290,92fbbebba2d9aec7,BLOCKED,1,200,403,
CG,search,1,293,949ca9be9e89a9df,BLOCKED,1,200,403,
CG,search,1,294,476ab40b04fcebbd,BLOCKED,1,200,403,
CG,search,1,295,e8510974b38ff92e,BLOCKED,1,200,403,
CG,search,1,296,eee651641e3d3775,BLOCKED,1,403,403,
CG,search,1,297,0a87ecdc395897e9,BLOCKED,1,200,403,
CG,search,1,299,1b84934e62d66387,BLOCKED,1,200,403,
CG,search,1,300,0cf9b185ac1343c4,BLOCKED,1,403,403,
CG,search,2,3,6f2d45c88a84f08a,BLOCKED,1,403,403,
CG,search,2,4,fc589221b20e6693,BLOCKED,1,200,403,
CG,search,2,5,80d01f79b74eea4f,BLOCKED,1,403,403,
CG,search,2,6,5a4e89bbc3acf334,BLOCKED,1,200,403,
CG,search,2,7,8300edcdae6c673f,BLOCKED,1,200,403,
CG,search,2,9,24ddd6d0719cab77,BLOCKED,1,403,403,
CG,search,2,10,15f6107e2e8a9ba9,BLOCKED,1,403,403,
CG,search,2,11,76c467c08a63b904,BLOCKED,1,200,403,
CG,search,2,12,04c5b87999c8cd63,BLOCKED,1,403,403,
CG,search,2,13,bff39b4093a3672a,BLOCKED,1,403,403,
CG,search,2,14,b0b3158c84d7a10d,BLOCKED,1,403,403,
CG,search,2,15,cf3f6195e291556b,BLOCKED,1,403,403,
CG,search,2,16,1cbb9420fabc32f3,BLOCKED,1,200,403,
CG,search,2,17,e5e84d938a86627e,BLOCKED,1,200,403,
CG,search,2,19,02e1c2f07a85642d,BLOCKED,1,403,403,
CG,search,2,20,c570af55c42a0edb,BLOCKED,1,403,403,
CG,search,2,21,756191da60c610f2,BLOCKED,1,403,403,
CG,search,2,22,467fe94af5d8b8a3,BLOCKED,1,200,403,
CG,search,2,23,f98c4be5ae243179,BLOCKED,1,403,403,
CG,search,2,24,6aa0163ef3d9c6fc,BLOCKED,1,200,403,
CG,search,2,25,e08aff6ec1003ef7,BLOCKED,1,403,403,
CG,search,2,28,5996816b76786043,BLOCKED,1,403,403,
CG,search,2,30,d34b6784906d3cbb,BLOCKED,1,200,403,
CG,search,2,31,a2b1b2199aafa605,BLOCKED,1,200,403,
CG,search,2,33,e5d89af7b77d5c36,BLOCKED,1,200,403,
CG,search,2,35,0da34df9a52a8fb1,BLOCKED,1,200,403,
CG,search,2,37,4ed7074d9b7dada9,BLOCKED,1,200,403,
CG,search,2,38,3baee9fc1c20b9e5,BLOCKED,1,200,403,
CG,search,2,39,287d5db5df77304d,BLOCKED,1,200,403,
CG,search,2,40,391c92ef398c4eed,BLOCKED,1,403,403,
CG,search,2,41,501e362c088e0395,BLOCKED,1,403,403,
CG,search,2,42,80dea2bc86c21e6f,BLOCKED,1,200,403,
CG,search,2,44,522aaaf9fe7635ef,BLOCKED,1,200,403,
CG,search,2,45,bd0da0e1b5e7f79b,BLOCKED,1,200,403,
CG,search,2,47,15a958db9b9f1fca,BLOCKED,1,403,403,
CG,search,2,48,cec976205367dc74,BLOCKED,1,200,403,
CG,search,2,51,4b29bc17785a7db4,BLOCKED,1,403,403,
CG,search,2,52,8ee6bf49e1156390,BLOCKED,1,403,403,
CG,search,2,53,f6f0281174e8adf5,BLOCKED,1,403,403,
CG,search,2,55,4e3eba8f1b898c40,BLOCKED,1,200,403,
CG,search,2,56,09dc3b01074a277d,BLOCKED,1,403,403,
CG,search,2,58,ec57f8583af789e6,BLOCKED,1,200,403,
CG,search,2,60,cb67275be752c1fc,BLOCKED,1,200,403,
CG,search,2,61,3fead16eb221f362,BLOCKED,1,403,403,
CG,search,2,62,8289590bbd138583,BLOCKED,1,200,403,
CG,search,2,63,0525ac6ae3d555ab,BLOCKED,1,200,403,
CG,search,2,64,a0f54d9522e6738b,BLOCKED,1,200,403,
CG,search,2,65,f981fd167334e71c,BLOCKED,1,403,403,
CG,search,2,66,4e7c8c3f0e71939d,BLOCKED,1,200,403,
CG,search,2,68,c1238269ba46b7d7,BLOCKED,1,200,403,
CG,search,2,70,6e5f434c66d901ed,BLOCKED,1,200,403,
CG,search,2,71,0ab866da5beef1ec,BLOCKED,1,403,403,
CG,search,2,72,dff997dae772748c,BLOCKED,1,200,403,
CG,search,2,79,3b2023e0add4be7d,BLOCKED,1,200,403,
CG,search,2,80,3caf160a713a6c5f,BLOCKED,1,200,403,
CG,search,2,82,434395ed92fe8492,BLOCKED,1,200,403,
CG,search,2,83,18f630c9f63bd71e,BLOCKED,1,200,403,
CG,search,2,85,20241e1baedd1ad6,BLOCKED,1,200,403,
CG,search,2,87,295633fecf4dad57,BLOCKED,1,200,403,
CG,search,2,88,b63f795622dca6de,BLOCKED,1,403,403,
CG,search,2,90,824c5b08c97a8ace,BLOCKED,1,403,403,
CG,search,2,91,902bfab6e15a4919,BLOCKED,1,403,403,
CG,search,2,92,8a2fe3da5ab35431,BLOCKED,1,200,403,
CG,search,2,93,b8624d4e3076505c,BLOCKED,1,200,403,
CG,search,2,94,5741a27ae27df8a4,BLOCKED,1,403,403,
CG,search,2,95,50562414ca7fe290,BLOCKED,1,403,403,
CG,search,2,96,00d0d0fd23a442bf,BLOCKED,1,200,403,
CG,search,2,97,b3bcad5691f65416,BLOCKED,1,200,403,
CG,search,2,98,ed44c7bf5224d35b,BLOCKED,1,200,403,
CG,search,2,99,f50c65d1d1fcac75,BLOCKED,1,200,403,
CG,search,2,100,d9c8af9ad4f18299,BLOCKED,1,200,403,
CG,search,2,102,4a6832a959676a64,BLOCKED,1,403,403,
CG,search,2,103,d2f35eea4b1c85cd,BLOCKED,1,403,403,
CG,search,2,105,cd0ac58fe56f13b0,BLOCKED,1,200,403,
CG,search,2,106,92db8a0cc5404e15,BLOCKED,1,403,403,
CG,search,2,108,555b50cee3a07d78,BLOCKED,1,403,403,
CG,search,2,110,45924e26b7404d14,BLOCKED,1,200,403,
CG,search,2,116,66ddae3fb0d19eab,BLOCKED,1,200,403,
CG,search,2,117,b7ffb066da494c4b,BLOCKED,1,403,403,
CG,search,2,118,dcd0be055c3c1d2e,BLOCKED,1,200,403,
CG,search,2,121,acabe9d1c3f4a184,BLOCKED,1,403,403,
CG,search,2,122,3cddc01e65e2e290,BLOCKED,1,200,403,
CG,search,2,150,eb221de318dea741,BLOCKED,1,403,403,
CG,search,2,154,f91d35a96cf068c5,BLOCKED,1,403,403,
CG,search,2,155,605a96eaee4eaaba,BLOCKED,1,403,403,
CG,search,2,158,ae6454ca26ff1895,BLOCKED,1,403,403,
CG,search,2,159,c5cc4e1dcaf456d5,BLOCKED,1,403,403,
CG,search,2,160,018dcc2df89932d1,BLOCKED,1,403,403,
CG,search,2,161,2b4eb658443916e2,BLOCKED,1,403,403,
CG,search,2,162,8292a1985adff66d,BLOCKED,1,403,403,
CG,search,2,163,e64cd828a1b42364,BLOCKED,1,403,403,
CG,search,2,164,c0c510f226333fd0,BLOCKED,1,200,403,
CG,search,2,176,effd1043a8655270,BLOCKED,1,403,403,
CG,search,2,177,214354a93ff7c4c2,BLOCKED,1,200,403,
CG,search,2,178,3070c68de867d38c,BLOCKED,1,403,403,
CG,search,2,180,593a0770b6dbc47d,BLOCKED,1,403,403,
CG,search,2,181,db2af8aadc2df93e,BLOCKED,1,200,403,
CG,search,2,182,ec811f436ff499c6,BLOCKED,1,200,403,
CG,search,2,188,4e28e89b234e69a1,BLOCKED,1,200,403,
CG,search,2,192,e49ad86151461feb,BLOCKED,1,403,403,
CG,search,2,193,dec237f2cefba0fd,BLOCKED,1,200,403,
CG,search,2,194,65e99ea71ddac598,BLOCKED,1,200,403,
CG,search,2,195,596914a6db3b6bd9,BLOCKED,1,200,403,
CG,search,2,196,bbfba2425665d7b8,BLOCKED,1,403,403,
CG,search,2,197,5fb3befbc28872ac,BLOCKED,1,200,403,
CG,search,2,214,b9dc590f2cd3fe4c,BLOCKED,1,200,403,
CG,search,2,216,5dc17441c8083151,BLOCKED,1,200,403,
CG,search,2,218,70a853a091858ab1,BLOCKED,1,200,403,
CG,search,2,219,e5bfbb0138b7b07a,BLOCKED,1,200,403,
CG,search,2,225,3f25431e72a5dc39,BLOCKED,1,200,403,
CG,search,2,226,c8c7f1ca8c3454f6,BLOCKED,1,403,403,
CG,search,2,230,cdf0b91990b67fd6,BLOCKED,1,403,403,
CG,search,2,234,e50ab1d698473573,BLOCKED,1,200,403,
CG,search,2,236,9f98ac88118e598b,BLOCKED,1,403,403,
CG,search,2,241,d4ae2e6e482159fd,BLOCKED,1,403,403,
CG,search,2,243,1c8af7d94bdf504b,BLOCKED,1,403,403,
CG,search,2,244,b3899003d48e6940,BLOCKED,1,200,403,
CG,search,2,245,df4157654fbcc2ab,BLOCKED,1,403,403,
CG,search,2,246,1595d6e2b75a2a16,BLOCKED,1,403,403,
CG,search,2,247,59d4a52289dd7b57,BLOCKED,1,403,403,
CG,search,2,248,ed650e7e9bcdf02e,BLOCKED,1,403,403,
CG,search,2,249,bbc62afcb31ab528,BLOCKED,1,200,403,
CG,search,2,250,656bac83b33da968,BLOCKED,1,403,403,
CG,search,2,266,903c48af95af5c51,BLOCKED,1,403,403,
CG,search,2,267,bb3f7daef00bd19f,BLOCKED,1,200,403,
CG,search,2,268,ee7fbf6afee3775a,BLOCKED,1,200,403,
CG,search,2,270,ad0e8c7c80956a82,BLOCKED,1,403,403,
CG,search,2,271,a7fee01d41ea28f9,BLOCKED,1,403,403,
CG,search,2,272,f39b79fbed49bc44,BLOCKED,1,403,403,
CG,search,2,274,6d5a907e37f3eeef,BLOCKED,1,403,403,
CG,search,2,278,4b1bd19093b73103,BLOCKED,1,403,403,
CG,search,2,279,03d6f3061e208c3a,BLOCKED,1,403,403,
CG,search,2,280,b4ffa3a0225a8d34,BLOCKED,1,200,403,
CG,search,2,281,42e89b1d1be9c776,BLOCKED,1,403,403,
CG,search,2,282,f8a5893e1b0eedc2,BLOCKED,1,403,403,
CG,search,2,283,cbcd5e1b46603127,BLOCKED,1,200,403,
CG,search,2,284,933891a7bfaf614e,BLOCKED,1,403,403,
CG,search,2,287,ba9a801e6654bbf6,BLOCKED,1,403,403,
CG,search,2,288,80959206088cc72f,BLOCKED,1,403,403,
CG,search,2,289,b6f7cf9c09398652,BLOCKED,1,403,403,
CG,search,2,290,fe0afc1f1a83e5ed,BLOCKED,1,403,403,
CG,search,2,292,f7256c9476a03ec9,BLOCKED,1,200,403,
CG,search,2,295,7b38e8d7f4ccd503,BLOCKED,1,403,403,
CG,search,3,2,d34b6784906d3cbb,BLOCKED,1,200,403,
CG,search,3,3,f39b79fbed49bc44,BLOCKED,1,403,403,
CG,search,3,4,d51a129f6185c575,BLOCKED,1,403,403,
CG,search,3,5,bdb53de506f8345c,BLOCKED,1,200,403,
CG,search,3,6,86fd8b40e44a27f7,BLOCKED,1,200,403,
CG,search,3,7,462fb5e425871811,BLOCKED,1,403,403,
CG,search,3,9,77e340f33ae95efc,BLOCKED,1,403,403,
CG,search,3,11,3dca4d4082d2f117,BLOCKED,1,403,403,
CG,search,3,14,10e54f75fc2e6f33,BLOCKED,1,200,403,
CG,search,3,16,229d77b986117907,BLOCKED,1,200,403,
CG,search,3,17,9e38c0a26983c234,BLOCKED,1,200,403,
CG,search,3,18,1595d6e2b75a2a16,BLOCKED,1,403,403,
CG,search,3,19,e619ca173cc9da50,BLOCKED,1,200,403,
CG,search,3,20,b694bd74d51dcc8c,BLOCKED,1,200,403,
CG,search,3,23,bd2465238b203e4a,BLOCKED,1,200,403,
CG,search,3,24,ba9a801e6654bbf6,BLOCKED,1,403,403,
CG,search,3,25,7cf9370110822a29,BLOCKED,1,200,403,
CG,search,3,27,c5d17a5c6d5e6748,BLOCKED,1,200,403,
CG,search,3,28,8f80b968b17bf22f,BLOCKED,1,200,403,
CG,search,3,29,c2c0e848bf92ea29,BLOCKED,1,200,403,
CG,search,3,31,42f4f94d79e3f8e6,BLOCKED,1,200,403,
CG,search,3,33,0f2b78281545ab7e,BLOCKED,1,403,403,
CG,search,3,34,456bf66c2cd397e8,BLOCKED,1,403,403,
CG,search,3,35,4e22f6c2776348d0,BLOCKED,1,200,403,
CG,search,3,36,463ca26521e49525,BLOCKED,1,200,403,
CG,search,3,45,e99a2500b982dafd,BLOCKED,1,200,403,
CG,search,3,46,acabe9d1c3f4a184,BLOCKED,1,403,403,
CG,search,3,47,476ab40b04fcebbd,BLOCKED,1,200,403,
CG,search,3,50,6f965f2bf87fbf7e,BLOCKED,1,403,403,
CG,search,3,51,824c5b08c97a8ace,BLOCKED,1,403,403,
CG,search,3,52,d828a450cd5a39ef,BLOCKED,1,200,403,
CG,search,3,53,e2803d3def53418e,BLOCKED,1,403,403,
CG,search,3,54,0537e76f2b219637,BLOCKED,1,403,403,
CG,search,3,55,8b53d7280d7c17f6,BLOCKED,1,200,403,
CG,search,3,57,642c73186192e137,BLOCKED,1,200,403,
CG,search,3,58,b734c9ed9a8de0ce,BLOCKED,1,403,403,
CG,search,3,59,104b050c6e01a5b1,BLOCKED,1,403,403,
CG,search,3,60,b24ce8a28914a17b,BLOCKED,1,200,403,
CG,search,3,61,276b3ebb511b32df,BLOCKED,1,403,403,
CG,search,3,63,6d0f8425a998fe03,BLOCKED,1,403,403,
CG,search,3,64,70032923c130ec09,BLOCKED,1,200,403,
CG,search,3,65,cd050b225b2ee62b,BLOCKED,1,403,403,
CG,search,3,66,1b84934e62d66387,BLOCKED,1,200,403,
CG,search,3,74,be452a145c2d8641,BLOCKED,1,200,403,
CG,search,3,76,8b0af39664c6d372,BLOCKED,1,403,403,
CG,search,3,77,2840b0e63dc5e25f,BLOCKED,1,403,403,
CG,search,3,79,d79f7f953fa7e70e,BLOCKED,1,200,403,
CG,search,3,80,8a59f34ce45daaf7,BLOCKED,1,403,403,
CG,search,3,85,1d0d12ddac6fb8d3,BLOCKED,1,200,403,
CG,search,3,87,26fa590a703ac8ef,BLOCKED,1,200,403,
CG,search,3,89,d07632700d8593fa,BLOCKED,1,403,403,
CG,search,3,90,16328e9aeac38b55,BLOCKED,1,200,403,
CG,search,3,93,1f0f5d47fbc522ab,BLOCKED,1,200,403,
CG,search,3,100,c238ca615fec891e,BLOCKED,1,403,403,
CG,search,3,103,8fd030a8f23a4b64,BLOCKED,1,403,403,
CG,search,3,104,0439ceee29c1fdac,BLOCKED,1,200,403,
CG,search,3,105,8a8f87b58782140b,BLOCKED,1,200,403,
CG,search,3,106,3cddc01e65e2e290,BLOCKED,1,200,403,
CG,search,3,107,80d01f79b74eea4f,BLOCKED,1,403,403,
CG,search,3,108,06c7d01de2908a27,BLOCKED,1,403,403,
CG,search,3,109,722e023f0f440e6a,BLOCKED,1,403,403,
CG,search,3,110,792ced4b1a0273f2,BLOCKED,1,403,403,
CG,search,3,111,fd11226307347cc6,BLOCKED,1,200,403,
CG,search,3,116,2e0c9697af229c69,BLOCKED,1,403,403,
CG,search,3,120,7ef0cc0c1e8d944f,BLOCKED,1,200,403,
CG,search,3,124,04422bda6c22e2c0,BLOCKED,1,200,403,
CG,search,3,126,4bc40bbb545122f2,BLOCKED,1,200,403,
CG,search,3,129,1ac62f4f58483563,BLOCKED,1,200,403,
CG,search,3,134,0e8ea1d878f5a452,BLOCKED,1,200,403,
CG,search,3,136,6c8e98d7aacc2b79,BLOCKED,1,200,403,
CG,search,3,138,75a2c84a0ce58cef,BLOCKED,1,200,403,
CG,search,3,139,71d75ccb4b606bdd,BLOCKED,1,403,403,
CG,search,3,140,327011f390552bf9,BLOCKED,1,200,403,
CG,search,3,141,85720d4408ed438d,BLOCKED,1,200,403,
CG,search,3,142,f5c356b64222ac97,BLOCKED,1,403,403,
CG,search,3,157,ae6454ca26ff1895,BLOCKED,1,403,403,
CG,search,3,158,0154659c958dedb5,BLOCKED,1,200,403,
CG,search,3,159,e305c2735c4d6db4,BLOCKED,1,200,403,
CG,search,3,161,903c48af95af5c51,BLOCKED,1,403,403,
CG,search,3,162,7029f7b5eb6a7420,BLOCKED,1,403,403,
CG,search,3,164,4edce7337c0f2a9d,BLOCKED,1,403,403,
CG,search,3,166,0d3474c9982478c3,BLOCKED,1,200,403,
CG,search,3,167,21f0a66b322f852d,BLOCKED,1,200,403,
CG,search,3,168,5a4e89bbc3acf334,BLOCKED,1,200,403,
CG,search,3,169,25442e80fa95829a,BLOCKED,1,200,403,
CG,search,3,170,692e905cd98e8945,BLOCKED,1,403,403,
CG,search,3,171,8e9962fcefab3e87,BLOCKED,1,200,403,
CG,search,3,173,b1062bcc1c1ad910,BLOCKED,1,200,403,
CG,search,3,174,0ba839b3224df824,BLOCKED,1,200,403,
CG,search,3,175,a4dbbcdc6402e335,BLOCKED,1,200,403,
CG,search,3,180,cbfcb9ac65cbae1e,BLOCKED,1,200,403,
CG,search,3,184,1cc39f113c53d153,BLOCKED,1,200,403,
CG,search,3,185,5c1cfb466f14100a,BLOCKED,1,200,403,
CG,search,3,186,1bf91082b64bf425,BLOCKED,1,200,403,
CG,search,3,188,d912daef0322b4bd,BLOCKED,1,403,403,
CG,search,3,190,2d03453d60c49457,BLOCKED,1,200,403,
CG,search,3,191,055018b8052c4ec6,BLOCKED,1,200,403,
CG,search,3,192,a82bffaaf1da4a0c,BLOCKED,1,403,403,
CG,search,3,194,426b2f18a166c12f,BLOCKED,1,403,403,
CG,search,3,195,d4ae2e6e482159fd,BLOCKED,1,403,403,
CG,search,3,198,5bd70927f4b006f5,BLOCKED,1,200,403,
CG,search,3,201,ec31cc981891289d,BLOCKED,1,403,403,
CG,search,3,203,33b5ab7860a8d1b7,BLOCKED,1,403,403,
CG,search,3,204,82f1a709796b8f8f,BLOCKED,1,403,403,
CG,search,3,208,1f438f1082668f94,BLOCKED,1,403,403,
CG,search,3,209,595e5c785cb8f1a8,BLOCKED,1,200,403,
CG,search,3,213,0391dc8b4ba4ed3a,BLOCKED,1,403,403,
CG,search,3,214,b9d914dbc4b67ca5,BLOCKED,1,403,403,
CG,search,3,217,7e81c29af7a809bf,BLOCKED,1,403,403,
CG,search,3,218,8a2fe3da5ab35431,BLOCKED,1,200,403,
CG,search,3,219,aa8ca88f14340f82,BLOCKED,1,200,403,
CG,search,3,220,88c7ce92db7e666c,BLOCKED,1,200,403,
CG,search,3,221,b365c3d80762415d,BLOCKED,1,403,403,
CG,search,3,239,2b5ad77ff3e80625,BLOCKED,1,403,403,
CG,search,3,242,a3fff32d755eea7a,BLOCKED,1,200,403,
CG,search,3,243,02db3675379d9d84,BLOCKED,1,403,403,
CG,search,3,244,99d1396714fdb81e,BLOCKED,1,200,403,
CG,search,3,245,9c1b10981f78497e,BLOCKED,1,200,403,
CG,search,3,246,14f374f3af3f991a,BLOCKED,1,200,403,
CG,search,3,250,56cb4a5d73b6d90f,BLOCKED,1,200,403,
CG,search,3,255,2c30d603a70ed416,BLOCKED,1,200,403,
CG,search,3,257,501e362c088e0395,BLOCKED,1,403,403,
CG,search,3,258,df4157654fbcc2ab,BLOCKED,1,403,403,
CG,search,3,259,7e97b801b6116486,BLOCKED,1,403,403,
CG,search,3,263,bf912a2daacfce9c,BLOCKED,1,403,403,
CG,search,3,265,eff67cd1859b059c,BLOCKED,1,403,403,
CG,search,3,266,63cfc0c3975924f3,BLOCKED,1,200,403,
CG,search,3,267,27fad60dbb942e34,BLOCKED,1,403,403,
CG,search,3,268,2e2427519e03b1e2,BLOCKED,1,200,403,
CG,search,3,269,9e808272a9777e81,BLOCKED,1,403,403,
CG,search,3,270,72a67f82215fa6ca,BLOCKED,1,403,403,
CG,search,3,271,4c6e9475665cf3c0,BLOCKED,1,200,403,
CG,search,3,273,8300edcdae6c673f,BLOCKED,1,200,403,
CG,search,3,274,f29d14643e7d879a,BLOCKED,1,200,403,
CG,search,3,275,f510e52235575256,BLOCKED,1,200,403,
CG,search,3,276,4ba17c0ca78ce224,BLOCKED,1,200,403,
CG,search,3,280,f9114de1469c453e,BLOCKED,1,403,403,
CG,search,3,283,3f25431e72a5dc39,BLOCKED,1,200,403,
CG,search,3,284,3f7d758bce256116,BLOCKED,1,200,403,
CG,search,3,286,e9b2a2eaf7fecb1d,BLOCKED,1,403,403,
CG,search,3,292,7981d66b7cf282ea,BLOCKED,1,200,403,
CG,search,3,295,80dea2bc86c21e6f,BLOCKED,1,200,403,
CG,search,3,296,dd89578d7cc64188,BLOCKED,1,403,403,
CG,search,3,297,f91d35a96cf068c5,BLOCKED,1,403,403,
CG,search,3,298,fee18ab60b55f91b,BLOCKED,1,403,403,
CG,search,3,299,fd6936a4493defea,BLOCKED,1,200,403,
CG,search,3,300,497dd712ba07c1ca,BLOCKED,1,200,403,
CG,search,4,1,dcd0be055c3c1d2e,BLOCKED,1,200,403,
CG,search,4,2,95d68d455c9cf8f3,BLOCKED,1,200,403,
CG,search,4,6,b63f795622dca6de,BLOCKED,1,403,403,
CG,search,4,7,ee7fbf6afee3775a,BLOCKED,1,200,403,
CG,search,4,8,e02c0bd586d93fc8,BLOCKED,1,403,403,
CG,search,4,9,c3376281c6964126,BLOCKED,1,200,403,
CG,search,4,10,2b5ad77ff3e80625,BLOCKED,1,403,403,
CG,search,4,11,755816ad257d9bc2,BLOCKED,1,200,403,
CG,search,4,12,ffb8b49841b94ad1,BLOCKED,1,200,403,
CG,search,4,14,a8da8d01391181e2,BLOCKED,1,403,403,
CG,search,4,15,d9efed64a7364f01,BLOCKED,1,403,403,
CG,search,4,16,e426ef41a00de47a,BLOCKED,1,403,403,
CG,search,4,19,46e8678ac89f5285,BLOCKED,1,403,403,
CG,search,4,20,d81824cc48246fef,BLOCKED,1,200,403,
CG,search,4,21,79a091c524e676df,BLOCKED,1,403,403,
CG,search,4,22,139397735589493d,BLOCKED,1,403,403,
CG,search,4,23,0ea91d79eb0d7c81,BLOCKED,1,200,403,
CG,search,4,24,06454df9c86fc606,BLOCKED,1,403,403,
CG,search,4,27,51a6dbcdbff29095,BLOCKED,1,200,403,
CG,search,4,28,03f0ba77b0609b2b,BLOCKED,1,200,403,
CG,search,4,29,d84a73598b4aa4ff,BLOCKED,1,403,403,
CG,search,4,31,8e943bc1279840c1,BLOCKED,1,200,403,
CG,search,4,32,650587de9f7ab7f4,BLOCKED,1,200,403,
CG,search,4,33,0439ceee29c1fdac,BLOCKED,1,200,403,
CG,search,4,35,dc894ca15e195a4a,BLOCKED,1,200,403,
CG,search,4,37,afe912745f3ce2a6,BLOCKED,1,200,403,
CG,search,4,39,e76a3c7bf95a6d41,BLOCKED,1,200,403,
CG,search,4,40,6f2d45c88a84f08a,BLOCKED,1,403,403,
CG,search,4,41,8738c5cebc0c32b5,BLOCKED,1,403,403,
CG,search,4,43,4e8d552d4a86445b,BLOCKED,1,200,403,
CG,search,4,44,60c09f4d2ab7beca,BLOCKED,1,200,403,
CG,search,4,45,3d7d035ead961a1f,BLOCKED,1,403,403,
CG,search,4,47,fd6936a4493defea,BLOCKED,1,200,403,
CG,search,4,48,c91c697a9acc629f,BLOCKED,1,200,403,
CG,search,4,50,e8ff10f94d52472b,BLOCKED,1,200,403,
CG,search,4,52,ab398862290e887b,BLOCKED,1,200,403,
CG,search,4,53,80dea2bc86c21e6f,BLOCKED,1,200,403,
CG,search,4,54,7093c4b6e89412ba,BLOCKED,1,200,403,
CG,search,4,55,02db3675379d9d84,BLOCKED,1,403,403,
CG,search,4,56,902bfab6e15a4919,BLOCKED,1,403,403,
CG,search,4,57,b3899003d48e6940,BLOCKED,1,200,403,
CG,search,4,58,5a4e89bbc3acf334,BLOCKED,1,200,403,
CG,search,4,60,eb221de318dea741,BLOCKED,1,403,403,
CG,search,4,63,773b2ec02c4b59ab,BLOCKED,1,403,403,
CG,search,4,64,c952fba9933a9fd4,BLOCKED,1,403,403,
CG,search,4,65,e8c0907aecc73dee,BLOCKED,1,200,403,
CG,search,4,66,3dabb5feca897f46,BLOCKED,1,403,403,
CG,search,4,67,d8dae5d85fb53ef5,BLOCKED,1,403,403,
CG,search,4,68,94def118f71da84d,BLOCKED,1,200,403,
CG,search,4,70,5f47dee47ec0a747,BLOCKED,1,200,403,
CG,search,4,75,c8c7f1ca8c3454f6,BLOCKED,1,403,403,
CG,search,4,77,f4be749c600893d1,BLOCKED,1,403,403,
CG,search,4,78,463ca26521e49525,BLOCKED,1,200,403,
CG,search,4,80,5437777603a3cb76,BLOCKED,1,403,403,
CG,search,4,82,79fe05512f48afc4,BLOCKED,1,200,403,
CG,search,4,84,8135fae90fbc24bb,BLOCKED,1,200,403,
CG,search,4,85,807ebc6adfd95381,BLOCKED,1,403,403,
CG,search,4,86,9b9182dafcc80dca,BLOCKED,1,200,403,
CG,search,4,87,b44943321bd61739,BLOCKED,1,200,403,
CG,search,4,88,0537e76f2b219637,BLOCKED,1,403,403,
CG,search,4,89,f75d3926c22406d9,BLOCKED,1,403,403,
CG,search,4,91,7dfcbd1d19a49a31,BLOCKED,1,200,403,
CG,search,4,92,03d6f3061e208c3a,BLOCKED,1,403,403,
CG,search,4,93,8300edcdae6c673f,BLOCKED,1,200,403,
CG,search,4,94,b1fd42fe628f5a3b,BLOCKED,1,200,403,
CG,search,4,96,986b8d8e21f37990,BLOCKED,1,200,403,
CG,search,4,97,bc4296a0134b78ff,BLOCKED,1,200,403,
CG,search,4,98,45cebbd47ba1a903,BLOCKED,1,200,403,
CG,search,4,103,bab2cc89b6b9a69d,BLOCKED,1,403,403,
CG,search,4,110,16fe8a5086310d6d,BLOCKED,1,403,403,
CG,search,4,111,e0bc4cd367c11ec5,BLOCKED,1,403,403,
CG,search,4,114,f10b914c0ab240dd,BLOCKED,1,403,403,
CG,search,4,115,91ca8c47dfdc67eb,BLOCKED,1,200,403,
CG,search,4,118,19a330f24a1ffc2a,BLOCKED,1,200,403,
CG,search,4,119,2dd92040fe346c01,BLOCKED,1,403,403,
CG,search,4,120,d71c4b99604b893b,BLOCKED,1,403,403,
CG,search,4,121,8112d19ace78031e,BLOCKED,1,403,403,
CG,search,4,122,031daa0b02c8691c,BLOCKED,1,403,403,
CG,search,4,123,1899c4352fcbba07,BLOCKED,1,200,403,
CG,search,4,124,cce1346c8ef5e6ec,BLOCKED,1,200,403,
CG,search,4,125,41a91a8a5a6e2707,BLOCKED,1,200,403,
CG,search,4,126,dec237f2cefba0fd,BLOCKED,1,200,403,
CG,search,4,127,25fef1d873e377e3,BLOCKED,1,403,403,
CG,search,4,131,b4dc1474eb59ac02,BLOCKED,1,200,403,
CG,search,4,132,1d02d40beb224ed8,BLOCKED,1,200,403,
CG,search,4,135,9e4973367e1f451c,BLOCKED,1,403,403,
CG,search,4,136,28441e3fcd9acd11,BLOCKED,1,200,403,
CG,search,4,142,38fb95fa95df5d69,BLOCKED,1,200,403,
CG,search,4,143,2463bf3733d7c173,BLOCKED,1,403,403,
CG,search,4,145,1483c84b2a43a1fc,BLOCKED,1,200,403,
CG,search,4,146,bd96dc5e80f1eb4e,BLOCKED,1,200,403,
CG,search,4,147,9e808272a9777e81,BLOCKED,1,403,403,
CG,search,4,150,2d03453d60c49457,BLOCKED,1,200,403,
CG,search,4,152,008e097a5d77e86a,BLOCKED,1,403,403,
CG,search,4,157,0e8ea1d878f5a452,BLOCKED,1,200,403,
CG,search,4,159,334bb69b50a49987,BLOCKED,1,200,403,
CG,search,4,160,2056e32872810bbc,BLOCKED,1,403,403,
CG,search,4,163,e50ab1d698473573,BLOCKED,1,200,403,
CG,search,4,164,f71b71c9ee990dc2,BLOCKED,1,403,403,
CG,search,4,167,8a2fe3da5ab35431,BLOCKED,1,200,403,
CG,search,4,172,3f25431e72a5dc39,BLOCKED,1,200,403,
CG,search,4,174,5dc17441c8083151,BLOCKED,1,200,403,
CG,search,4,175,a420ac44e3dff43b,BLOCKED,1,200,403,
CG,search,4,176,72b89f15c6a0e3b1,BLOCKED,1,200,403,
CG,search,4,182,5d162661494ea361,BLOCKED,1,200,403,
CG,search,4,192,ec57f8583af789e6,BLOCKED,1,200,403,
CG,search,4,193,bd0da0e1b5e7f79b,BLOCKED,1,200,403,
CG,search,4,194,a3548d0c3e62deae,BLOCKED,1,200,403,
CG,search,4,195,3070c68de867d38c,BLOCKED,1,403,403,
CG,search,4,196,ba9a801e6654bbf6,BLOCKED,1,403,403,
CG,search,4,197,fc589221b20e6693,BLOCKED,1,200,403,
CG,search,4,199,c66c9233ea4e8adf,BLOCKED,1,403,403,
CG,search,4,200,5730408984317a69,BLOCKED,1,403,403,
CG,search,4,201,90bc95ec761edfa7,BLOCKED,1,200,403,
CG,search,4,202,a2b6509fc010322c,BLOCKED,1,200,403,
CG,search,4,203,e72d9b66632e45e9,BLOCKED,1,403,403,
CG,search,4,204,18f13d9e5c9f6498,BLOCKED,1,200,403,
CG,search,4,206,bee3d6a7e6f16ebe,BLOCKED,1,200,403,
CG,search,4,209,4bf7faae88b9be79,BLOCKED,1,403,403,
CG,search,4,213,67d52bbf8e5951b2,BLOCKED,1,403,403,
CG,search,4,218,1eb67f40a823718e,BLOCKED,1,200,403,
CG,search,4,219,5248f41d5af1df65,BLOCKED,1,403,403,
CG,search,4,220,e1687fd4cdea51e9,BLOCKED,1,403,403,
CG,search,4,224,f57b6f644cf827dc,BLOCKED,1,403,403,
CG,search,4,225,fdb83334c48f8226,BLOCKED,1,403,403,
CG,search,4,226,5066bfa9650f177f,BLOCKED,1,403,403,
CG,search,4,231,c75b0c7af721acdc,BLOCKED,1,200,403,
CG,search,4,235,e0c5ddb2159c5726,BLOCKED,1,403,403,
CG,search,4,237,e092533257709bbc,BLOCKED,1,200,403,
CG,search,4,238,6f871b70c4c9d83b,BLOCKED,1,200,403,
CG,search,4,239,ce52a7534d38c11f,BLOCKED,1,200,403,
CG,search,4,240,5d71456d97d80f21,BLOCKED,1,200,403,
CG,search,4,246,6660664a8fd57dcd,BLOCKED,1,200,403,
CG,search,4,247,b75a3f9beec7b0e0,BLOCKED,1,403,403,
CG,search,4,249,dd216dd1fabc8086,BLOCKED,1,403,403,
CG,search,4,250,886d1b106f2ad4bb,BLOCKED,1,200,403,
CG,search,4,251,11191f1251697603,BLOCKED,1,403,403,
CG,search,4,252,f29d14643e7d879a,BLOCKED,1,200,403,
CG,search,4,253,dff997dae772748c,BLOCKED,1,200,403,
CG,search,4,254,99a8a51b393c1e39,BLOCKED,1,200,403,
CG,search,4,255,48071459211c599f,BLOCKED,1,403,403,
CG,search,4,259,b1a8257d0df56a2c,BLOCKED,1,200,403,
CG,search,4,260,e4c26ed0275c72e6,BLOCKED,1,200,403,
CG,search,4,261,c4fd3f276921a73f,BLOCKED,1,403,403,
CG,search,4,262,d828a450cd5a39ef,BLOCKED,1,200,403,
CG,search,4,263,f11227a9f59130c8,BLOCKED,1,200,403,
CG,search,4,278,27e66089a03d7bfc,BLOCKED,1,200,403,
CG,search,4,279,83521923a72f8feb,BLOCKED,1,200,403,
CG,search,4,281,926bb33ef9d8606d,BLOCKED,1,403,403,
CG,search,4,282,acabe9d1c3f4a184,BLOCKED,1,403,403,
CG,search,4,284,4df411816de96447,BLOCKED,1,403,403,
CG,search,4,285,5fb3befbc28872ac,BLOCKED,1,200,403,
CG,search,4,286,1c8af7d94bdf504b,BLOCKED,1,403,403,
CG,search,4,287,40ac3b704bec1972,BLOCKED,1,403,403,
CG,search,4,288,d7e1f34102ca3946,BLOCKED,1,403,403,
CG,search,4,289,88175cf38d07df28,BLOCKED,1,200,403,
CG,search,4,290,fd0bb3334cedd2bd,BLOCKED,1,200,403,
CG,search,4,291,0df6c03af5fa7291,BLOCKED,1,200,403,
CG,search,4,292,420772b0d240b461,BLOCKED,1,403,403,
CG,search,4,293,40d43c954bdb6258,BLOCKED,1,200,403,
CG,search,4,294,d359b5d538687383,BLOCKED,1,200,403,
CG,search,4,295,391c92ef398c4eed,BLOCKED,1,403,403,
CG,search,4,296,d27e3de8720ea147,BLOCKED,1,200,403,
CG,search,4,299,1c06f140bbf83a07,BLOCKED,1,403,403,
CG,search,4,300,918f313fbd42a9a0,BLOCKED,1,200,403,
CG,search,5,1,b39d0504cfe6f106,BLOCKED,1,200,403,
CG,search,5,2,fc589221b20e6693,BLOCKED,1,200,403,
CG,search,5,3,a8ea5825c6ad15b6,BLOCKED,1,403,403,
CG,search,5,4,e66fcc73944943ad,BLOCKED,1,200,403,
CG,search,5,5,0154659c958dedb5,BLOCKED,1,200,403,
CG,search,5,6,79e335b7d0e9a96c,BLOCKED,1,403,403,
CG,search,5,7,6b3b7b1ad5e25aa1,BLOCKED,1,200,403,
CG,search,5,8,463ca26521e49525,BLOCKED,1,200,403,
CG,search,5,9,0df6c03af5fa7291,BLOCKED,1,200,403,
CG,search,5,28,2b5ad77ff3e80625,BLOCKED,1,403,403,
CG,search,5,32,fb93866f5b64e5db,BLOCKED,1,200,403,
CG,search,5,34,f29d14643e7d879a,BLOCKED,1,200,403,
CG,search,5,35,0b5dc140685173fd,BLOCKED,1,200,403,
CG,search,5,42,1899c4352fcbba07,BLOCKED,1,200,403,
CG,search,5,55,5f633f9a939fb22e,BLOCKED,1,403,403,
CG,search,5,57,f6fb9fa5b8342c15,BLOCKED,1,200,403,
CG,search,5,61,9edfa692b094b47f,BLOCKED,1,200,403,
CG,search,5,62,65202b12075070b9,BLOCKED,1,200,403,
CG,search,5,67,fd2f4a14e4f0760e,BLOCKED,1,200,403,
CG,search,5,68,692e905cd98e8945,BLOCKED,1,403,403,
CG,search,5,69,b3cb4844f6eb6809,BLOCKED,1,200,403,
CG,search,5,76,f05c9a5dc7432a0f,BLOCKED,1,200,403,
CG,search,5,79,5cbbb3a890aed3bd,BLOCKED,1,403,403,
CG,search,5,82,4b6caf36fb15e18a,BLOCKED,1,200,403,
CG,search,5,83,2e56dc487276fd56,BLOCKED,1,200,403,
CG,search,5,84,bd82a2ce483ce598,BLOCKED,1,200,403,
CG,search,5,85,481ea46b08536e0c,BLOCKED,1,200,403,
CG,search,5,86,8ac292a3d4513e64,BLOCKED,1,200,403,
CG,search,5,88,946cd5afea8969d9,BLOCKED,1,403,403,
CG,search,5,90,6d0f8425a998fe03,BLOCKED,1,403,403,
CG,search,5,92,f0e448a44c1ec881,BLOCKED,1,200,403,
CG,search,5,94,c37b0754e6d09984,BLOCKED,1,403,403,
CG,search,5,95,4d3b0bf1fc2dc2d1,BLOCKED,1,200,403,
CG,search,5,97,fa94a3d842bc4101,BLOCKED,1,403,403,
CG,search,5,98,289b4f5c86cfb833,BLOCKED,1,403,403,
CG,search,5,103,2837b3dd53ac0f36,BLOCKED,1,403,403,
CG,search,5,104,55c63482caf78031,BLOCKED,1,200,403,
CG,search,5,106,94071839d852248f,BLOCKED,1,403,403,
CG,search,5,107,f5599fadf4ddbd7e,BLOCKED,1,200,403,
CG,search,5,108,b4f49cc3951945b9,BLOCKED,1,200,403,
CG,search,5,109,72c7b40c6e1cc73e,BLOCKED,1,200,403,
CG,search,5,112,80dea2bc86c21e6f,BLOCKED,1,200,403,
CG,search,5,113,1c8af7d94bdf504b,BLOCKED,1,403,403,
CG,search,5,114,b1fd42fe628f5a3b,BLOCKED,1,200,403,
CG,search,5,115,b75a3f9beec7b0e0,BLOCKED,1,403,403,
CG,search,5,116,d9c8af9ad4f18299,BLOCKED,1,200,403,
CG,search,5,117,431329b9d1ba0df7,BLOCKED,1,200,403,
CG,search,5,119,be0335504cf08c3a,BLOCKED,1,200,403,
CG,search,5,120,314b5dcff06f77e2,BLOCKED,1,403,403,
CG,search,5,122,ad8681b741fba6b5,BLOCKED,1,200,403,
CG,search,5,127,eb221de318dea741,BLOCKED,1,403,403,
CG,search,5,130,55b1319800967a6c,BLOCKED,1,403,403,
CG,search,5,131,3841dbe757da2af8,BLOCKED,1,200,403,
CG,search,5,136,54341a646f678f6f,BLOCKED,1,403,403,
CG,search,5,137,dd216dd1fabc8086,BLOCKED,1,403,403,
CG,search,5,139,6903c809088c6835,BLOCKED,1,403,403,
CG,search,5,141,b39d788ecdacc420,BLOCKED,1,403,403,
CG,search,5,142,29e09904c893348c,BLOCKED,1,403,403,
CG,search,5,144,50c89afba9b674cf,BLOCKED,1,200,403,
CG,search,5,145,d8dae5d85fb53ef5,BLOCKED,1,403,403,
CG,search,5,147,41c18974d624fbc0,BLOCKED,1,403,403,
CG,search,5,148,b4ffa3a0225a8d34,BLOCKED,1,200,403,
CG,search,5,149,925aa17181b994ad,BLOCKED,1,403,403,
CG,search,5,150,69e5b51ed4d57aa4,BLOCKED,1,200,403,
CG,search,5,151,e8b3794320053c96,BLOCKED,1,403,403,
CG,search,5,154,828904ab65b7bdde,BLOCKED,1,200,403,
CG,search,5,155,cd15728acbc1206c,BLOCKED,1,200,403,
CG,search,5,156,8393fd7adccb3617,BLOCKED,1,200,403,
CG,search,5,157,6cb01e64673b34ab,BLOCKED,1,403,403,
CG,search,5,158,9778ab564154eabb,BLOCKED,1,200,403,
CG,search,5,159,286c9f0533bd896d,BLOCKED,1,403,403,
CG,search,5,160,889eaafa0579bb14,BLOCKED,1,200,403,
CG,search,5,161,dff997dae772748c,BLOCKED,1,200,403,
CG,search,5,164,7d61936c06ec17d9,BLOCKED,1,200,403,
CG,search,5,165,fd0bb3334cedd2bd,BLOCKED,1,200,403,
CG,search,5,166,3441673d2634acf2,BLOCKED,1,200,403,
CG,search,5,168,09dc3b01074a277d,BLOCKED,1,403,403,
CG,search,5,169,a38e2c251954537f,BLOCKED,1,200,403,
CG,search,5,171,3d8721e28a77bcd4,BLOCKED,1,200,403,
CG,search,5,178,bffca482f4d6fc34,BLOCKED,1,200,403,
CG,search,5,179,1b87809ed9a0caef,BLOCKED,1,200,403,
CG,search,5,180,ba9a801e6654bbf6,BLOCKED,1,403,403,
CG,search,5,182,06c7d01de2908a27,BLOCKED,1,403,403,
CG,search,5,185,11568f906affc59b,BLOCKED,1,403,403,
CG,search,5,186,2450c6af03b86835,BLOCKED,1,403,403,
CG,search,5,187,8a2fe3da5ab35431,BLOCKED,1,200,403,
CG,search,5,188,328fb38d8babc09c,BLOCKED,1,403,403,
CG,search,5,195,9f01a0933a03aaff,BLOCKED,1,403,403,
CG,search,5,196,35d6bcf369b2b479,BLOCKED,1,403,403,
CG,search,5,197,6b3fecac4af54d03,BLOCKED,1,403,403,
CG,search,5,198,00ede3fa65a9c257,BLOCKED,1,403,403,
CG,search,5,199,773b2ec02c4b59ab,BLOCKED,1,403,403,
CG,search,5,200,d84a73598b4aa4ff,BLOCKED,1,403,403,
CG,search,5,201,44b7c3c2c63973c1,BLOCKED,1,403,403,
CG,search,5,203,19512f4c4e8cb61d,BLOCKED,1,200,403,
CG,search,5,204,dc64c830606be14f,BLOCKED,1,403,403,
CG,search,5,205,607ebbab533f1eb7,BLOCKED,1,403,403,
CG,search,5,208,5ae35357de10cf49,BLOCKED,1,200,403,
CG,search,5,217,a60b7eb697df3bf2,BLOCKED,1,403,403,
CG,search,5,219,5e1fda3f7e1dc7d8,BLOCKED,1,200,403,
CG,search,5,220,80d01f79b74eea4f,BLOCKED,1,403,403,
CG,search,5,222,a4d1b115024b0427,BLOCKED,1,200,403,
CG,search,5,223,8f523b9e78a0a7a1,BLOCKED,1,403,403,
CG,search,5,224,18350fb23642f730,BLOCKED,1,403,403,
CG,search,5,225,bb5cdc5df9add170,BLOCKED,1,403,403,
CG,search,5,226,1117817cb1487a37,BLOCKED,1,200,403,
CG,search,5,227,080e8f7dfaa22a8d,BLOCKED,1,403,403,
CG,search,5,228,01151f0d120ad285,BLOCKED,1,200,403,
CG,search,5,229,a04475090bc6ba34,BLOCKED,1,200,403,
CG,search,5,231,b7b01cdfb903b1dd,BLOCKED,1,200,403,
CG,search,5,232,1331e55139f4df64,BLOCKED,1,200,403,
CG,search,5,233,c2bf8e3a3270f8cf,BLOCKED,1,403,403,
CG,search,5,234,e9881f47bfb1fd14,BLOCKED,1,200,403,
CG,search,5,235,57ac9254242a3f52,BLOCKED,1,200,403,
CG,search,5,236,1c25e996d5b64ca3,BLOCKED,1,200,403,
CG,search,5,237,12d5821667f06ebd,BLOCKED,1,403,403,
CG,search,5,239,b8c4763870a433e9,BLOCKED,1,200,403,
CG,search,5,240,183ca28e6c8e3c86,BLOCKED,1,403,403,
CG,search,5,241,b7ffb066da494c4b,BLOCKED,1,403,403,
CG,search,5,242,68f3babe8b0b4a3f,BLOCKED,1,200,403,
CG,search,5,244,b734c9ed9a8de0ce,BLOCKED,1,403,403,
CG,search,5,246,acabe9d1c3f4a184,BLOCKED,1,403,403,
CG,search,5,247,a2f275832bbb645e,BLOCKED,1,200,403,
CG,search,5,250,3b75c1031ffff1f9,BLOCKED,1,403,403,
CG,search,5,253,66ddae3fb0d19eab,BLOCKED,1,200,403,
CG,search,5,254,df4157654fbcc2ab,BLOCKED,1,403,403,
CG,search,5,255,b42b18dc8869280e,BLOCKED,1,403,403,
CG,search,5,257,76cd1d8c9ff4a01d,BLOCKED,1,403,403,
CG,search,5,259,85720d4408ed438d,BLOCKED,1,200,403,
CG,search,5,260,632c240e1b448320,BLOCKED,1,403,403,
CG,search,5,261,3bbbfcd79116a65a,BLOCKED,1,200,403,
CG,search,5,262,30b95f6f35d14002,BLOCKED,1,403,403,
CG,search,5,263,ad60e8e868072448,BLOCKED,1,200,403,
CG,search,5,264,5437777603a3cb76,BLOCKED,1,403,403,
CG,search,5,267,0f2b78281545ab7e,BLOCKED,1,403,403,
CG,search,5,268,5b3751121d1d66df,BLOCKED,1,200,403,
CG,search,5,269,681b922b9db0f670,BLOCKED,1,200,403,
CG,search,5,272,03d6f3061e208c3a,BLOCKED,1,403,403,
CG,search,5,273,8276f44678bca401,BLOCKED,1,403,403,
CG,search,5,275,d359b5d538687383,BLOCKED,1,200,403,
CG,search,5,276,62a7ab2193272852,BLOCKED,1,200,403,
CG,search,5,277,a7d48dc29ff214b8,BLOCKED,1,200,403,
CG,search,5,279,762405dba1db7793,BLOCKED,1,200,403,
CG,search,5,281,f5429b99ef95f44d,BLOCKED,1,403,403,
CG,search,5,284,eea2c175831a1866,BLOCKED,1,403,403,
CG,search,5,285,13fd456c6400b9e6,BLOCKED,1,403,403,
CG,search,5,287,a7c310b21ee5d025,BLOCKED,1,200,403,
CG,search,5,288,30d8ea04ef2602d3,BLOCKED,1,200,403,
CG,search,5,290,34d3d5c2bc3362a2,BLOCKED,1,200,403,
CG,search,5,296,666d08d85ce3623a,BLOCKED,1,403,403,
CG,search,5,297,943b103d1d733689,BLOCKED,1,403,403,
CG,search,6,3,5707a15d118ed928,BLOCKED,1,403,403,
CG,search,6,13,ba9a801e6654bbf6,BLOCKED,1,403,403,
CG,search,6,16,a0d3aae703460ee4,BLOCKED,1,200,403,
CG,search,6,19,74b15c415d6d1e2b,BLOCKED,1,403,403,
CG,search,6,21,72d9c3f0990af832,BLOCKED,1,403,403,
CG,search,6,22,89fd4912d71deb4b,BLOCKED,1,200,403,
CG,search,6,23,b7c08790f7fdc260,BLOCKED,1,403,403,
CG,search,6,24,a51097a0f3c3c4d5,BLOCKED,1,200,403,
CG,search,6,27,a89369da944a15ce,BLOCKED,1,200,403,
CG,search,6,28,740e5a7441ffd23d,BLOCKED,1,200,403,
CG,search,6,30,29df1f9487ab43b6,BLOCKED,1,403,403,
CG,search,6,31,1d4844fa48572fab,BLOCKED,1,200,403,
CG,search,6,34,1e5c5534e04d1aef,BLOCKED,1,200,403,
CG,search,6,36,b2c9b4c3412ec8b4,BLOCKED,1,403,403,
CG,search,6,38,4df411816de96447,BLOCKED,1,403,403,
CG,search,6,40,73e987faaa0874e9,BLOCKED,1,403,403,
CG,search,6,41,80616ed94b563a8c,BLOCKED,1,403,403,
CG,search,6,42,5aacbab0fc285113,BLOCKED,1,403,403,
CG,search,6,43,f5b4fa4b3fc5a72e,BLOCKED,1,403,403,
CG,search,6,44,382c136e0538b03c,BLOCKED,1,403,403,
CG,search,6,45,2b60d66af6c8fa04,BLOCKED,1,403,403,
CG,search,6,46,05e353c0ddd4d409,BLOCKED,1,403,403,
CG,search,6,47,5a9bd47a24d3f938,BLOCKED,1,200,403,
CG,search,6,48,00d0d0fd23a442bf,BLOCKED,1,200,403,
CG,search,6,49,903c48af95af5c51,BLOCKED,1,403,403,
CG,search,6,50,986b8d8e21f37990,BLOCKED,1,200,403,
CG,search,6,51,2c30d603a70ed416,BLOCKED,1,200,403,
CG,search,6,54,9647febde32175f8,BLOCKED,1,200,403,
CG,search,6,55,f9edf163dd360e4f,BLOCKED,1,200,403,
CG,search,6,56,d442400392724309,BLOCKED,1,200,403,
CG,search,6,57,4e22f6c2776348d0,BLOCKED,1,200,403,
CG,search,6,59,8defe7350756aaa1,BLOCKED,1,200,403,
CG,search,6,60,c2ef4257200b5525,BLOCKED,1,403,403,
CG,search,6,62,c69bd913238cb1f9,BLOCKED,1,200,403,
CG,search,6,64,f60da96475052074,BLOCKED,1,403,403,
CG,search,6,68,77421bce29607098,BLOCKED,1,403,403,
CG,search,6,69,798dc2bbc31e8517,BLOCKED,1,403,403,
CG,search,6,70,e445a9421d7cb882,BLOCKED,1,200,403,
CG,search,6,71,2572960271388423,BLOCKED,1,200,403,
CG,search,6,73,16fe8a5086310d6d,BLOCKED,1,403,403,
CG,search,6,74,34745d96bf1828c4,BLOCKED,1,200,403,
CG,search,6,75,43e0021f6fa98ae2,BLOCKED,1,200,403,
CG,search,6,76,a562918c79eb4f2f,BLOCKED,1,403,403,
CG,search,6,77,d828a450cd5a39ef,BLOCKED,1,200,403,
CG,search,6,78,ee7fbf6afee3775a,BLOCKED,1,200,403,
CG,search,6,82,9e38c0a26983c234,BLOCKED,1,200,403,
CG,search,6,83,c952fba9933a9fd4,BLOCKED,1,403,403,
CG,search,6,84,f57b6f644cf827dc,BLOCKED,1,403,403,
CG,search,6,85,642237783f5f0a9a,BLOCKED,1,200,403,
CG,search,6,86,fe24fc91126766bd,BLOCKED,1,200,403,
CG,search,6,87,9a1a7bd4fbdeefc7,BLOCKED,1,403,403,
CG,search,6,88,49a607d07046ef25,BLOCKED,1,200,403,
CG,search,6,89,20892f07b8339f3d,BLOCKED,1,403,403,
CG,search,6,92,b1f5c8d743b37c56,BLOCKED,1,200,403,
CG,search,6,93,409b38681a54b4e6,BLOCKED,1,403,403,
CG,search,6,94,97b0a056bcfd9a0f,BLOCKED,1,403,403,
CG,search,6,98,dd823a3d0bde178d,BLOCKED,1,200,403,
CG,search,6,101,cac99da5aecd22fc,BLOCKED,1,403,403,
CG,search,6,103,6d6d43105506083d,BLOCKED,1,200,403,
CG,search,6,106,ea7a4b8877ef6667,BLOCKED,1,403,403,
CG,search,6,107,0fbdb2e468865650,BLOCKED,1,403,403,
CG,search,6,108,5dd706f908789477,BLOCKED,1,403,403,
CG,search,6,110,33476de34e5eaceb,BLOCKED,1,403,403,
CG,search,6,112,7948aaa2262ca8e8,BLOCKED,1,200,403,
CG,search,6,114,04a28abfc643b95c,BLOCKED,1,200,403,
CG,search,6,115,a7230335b466b03c,BLOCKED,1,200,403,
CG,search,6,117,0365bb1006d3e1ce,BLOCKED,1,200,403,
CG,search,6,121,708a238d95d85a3f,BLOCKED,1,403,403,
CG,search,6,122,76cc484d06a40e05,BLOCKED,1,200,403,
CG,search,6,129,b020b72ada389e95,BLOCKED,1,200,403,
CG,search,6,134,011b88d303f0ad2a,BLOCKED,1,403,403,
CG,search,6,136,fdde8384bcc7343a,BLOCKED,1,403,403,
CG,search,6,138,da9a57184291fabd,BLOCKED,1,200,403,
CG,search,6,139,1aae8a69c06bcad1,BLOCKED,1,403,403,
CG,search,6,140,c4e8f43a9db6ca4d,BLOCKED,1,403,403,
CG,search,6,146,6388654b700a1f8b,BLOCKED,1,200,403,
CG,search,6,156,205f070fde9b0204,BLOCKED,1,200,403,
CG,search,6,158,e4c3c3e121f10735,BLOCKED,1,403,403,
CG,search,6,160,47a44dcdf6c9fe46,BLOCKED,1,200,403,
CG,search,6,161,d912daef0322b4bd,BLOCKED,1,403,403,
CG,search,6,168,6b36ea09b124bf39,BLOCKED,1,403,403,
CG,search,6,169,62f82d85eb3cd161,BLOCKED,1,403,403,
CG,search,6,170,5d285bb911e77113,BLOCKED,1,403,403,
CG,search,6,171,71ea59d21f0edd27,BLOCKED,1,200,403,
CG,search,6,172,e3cb0bd68b4905f3,BLOCKED,1,200,403,
CG,search,6,173,5bc2818171993b7f,BLOCKED,1,403,403,
CG,search,6,175,a6f42a61473239c5,BLOCKED,1,403,403,
CG,search,6,177,e49ad86151461feb,BLOCKED,1,403,403,
CG,search,6,178,b8624d4e3076505c,BLOCKED,1,200,403,
CG,search,6,181,2dd92040fe346c01,BLOCKED,1,403,403,
CG,search,6,188,0d12f37496a56c23,BLOCKED,1,403,403,
CG,search,6,189,f040074141c61f09,BLOCKED,1,200,403,
CG,search,6,192,12e5eecdbe536fef,BLOCKED,1,403,403,
CG,search,6,194,e3f358971f032df7,BLOCKED,1,403,403,
CG,search,6,199,7cf9370110822a29,BLOCKED,1,200,403,
CG,search,6,200,463ca26521e49525,BLOCKED,1,200,403,
CG,search,6,201,f75d3926c22406d9,BLOCKED,1,403,403,
CG,search,6,203,af555499bcae53d8,BLOCKED,1,403,403,
CG,search,6,204,d4f11a426bf35b0e,BLOCKED,1,200,403,
CG,search,6,206,513bf34a4a81ee41,BLOCKED,1,200,403,
CG,search,6,209,2cf47b206d4182cc,BLOCKED,1,403,403,
CG,search,6,211,cf8d1ec50aa8a616,BLOCKED,1,403,403,
CG,search,6,212,1494fc17c71c4312,BLOCKED,1,403,403,
CG,search,6,215,a2f275832bbb645e,BLOCKED,1,200,403,
CG,search,6,218,2e0e945d633dc992,BLOCKED,1,200,403,
CG,search,6,221,6fc02890ca2c846e,BLOCKED,1,200,403,
CG,search,6,223,0525ac6ae3d555ab,BLOCKED,1,200,403,
CG,search,6,235,d59a6d955d1dbb07,BLOCKED,1,200,403,
CG,search,6,236,1f4e7081d323b0ce,BLOCKED,1,403,403,
CG,search,6,238,96a19eae92c63597,BLOCKED,1,403,403,
CG,search,6,241,50ce9e499226a07a,BLOCKED,1,403,403,
CG,search,6,242,fcf0611837502b95,BLOCKED,1,200,403,
CG,search,6,254,03f393e5486aa622,BLOCKED,1,200,403,
CG,search,6,256,639525ab5c7c06aa,BLOCKED,1,200,403,
CG,search,6,261,09f33044320d5aa3,BLOCKED,1,403,403,
CG,search,6,262,207a91181595a931,BLOCKED,1,200,403,
CG,search,6,273,afa30acc1d80e0e1,BLOCKED,1,403,403,
CG,search,6,275,42a2f84651df52b7,BLOCKED,1,403,403,
CG,search,6,276,ac56dc4ee608603d,BLOCKED,1,403,403,
CG,search,6,277,bf3e02d8eecbf2ca,BLOCKED,1,403,403,
CG,search,6,278,d864912eb9d96b56,BLOCKED,1,403,403,
CG,search,6,289,68cda1e6e792f37f,BLOCKED,1,403,403,
CG,search,6,292,9dcd458f4a0c5055,BLOCKED,1,403,403,
CG,search,6,293,a5d1009d2f3d72b2,BLOCKED,1,403,403,
CG,search,6,298,f37ad88d732cd781,BLOCKED,1,403,403,
CG,search,6,299,ee40aa56b0fec4ce,BLOCKED,1,403,403,
CG,search,7,1,229d77b986117907,BLOCKED,1,200,403,
CG,search,7,2,e8925e08bd0ede9a,BLOCKED,1,200,403,
CG,search,7,3,2056e32872810bbc,BLOCKED,1,403,403,
CG,search,7,7,e389c90d9d17c14d,BLOCKED,1,403,403,
CG,search,7,8,0c9a62a9e17597ed,BLOCKED,1,200,403,
CG,search,7,9,97dc00532a95fb99,BLOCKED,1,200,403,
CG,search,7,10,91515f4d774a29db,BLOCKED,1,200,403,
CG,search,7,11,2198863a62804ddf,BLOCKED,1,200,403,
CG,search,7,12,8d75b4799840a097,BLOCKED,1,200,403,
CG,search,7,13,3fb47c1c2e42e9c3,BLOCKED,1,403,403,
CG,search,7,15,698f7b1af6f6d047,BLOCKED,1,200,403,
CG,search,7,16,8717d4a37300d7b0,BLOCKED,1,403,403,
CG,search,7,17,abc694cd2f0762fc,BLOCKED,1,200,403,
CG,search,7,18,0a91a68fce510c7b,BLOCKED,1,200,403,
CG,search,7,19,7e5754b0716739c9,BLOCKED,1,403,403,
CG,search,7,20,5ae57706182a00dd,BLOCKED,1,403,403,
CG,search,7,21,d74c057bd650cb73,BLOCKED,1,200,403,
CG,search,7,24,3e4af4a8401294f1,BLOCKED,1,403,403,
CG,search,7,26,cb8e51dfc26e40e6,BLOCKED,1,200,403,
CG,search,7,27,dd89578d7cc64188,BLOCKED,1,403,403,
CG,search,7,28,3a2f1d40dc3d85b5,BLOCKED,1,403,403,
CG,search,7,30,00d767f8912b4ecd,BLOCKED,1,403,403,
CG,search,7,31,de8ff02ed5284172,BLOCKED,1,403,403,
CG,search,7,32,8a3bc448bc375f44,BLOCKED,1,403,403,
CG,search,7,34,5da0fa7a3844d4ab,BLOCKED,1,200,403,
CG,search,7,36,c0fee6dfd5b96eff,BLOCKED,1,403,403,
CG,search,7,40,0cf85c2fb42945b5,BLOCKED,1,403,403,
CG,search,7,41,d73957e7b42d5234,BLOCKED,1,403,403,
CG,search,7,45,a4f3097963838f6d,BLOCKED,1,403,403,
CG,search,7,46,6ffe34761f9b22c5,BLOCKED,1,200,403,
CG,search,7,47,a8cd4ebce477d352,BLOCKED,1,200,403,
CG,search,7,48,1c1da98fcaf0f39d,BLOCKED,1,403,403,
CG,search,7,49,33dcbb36a0734fb3,BLOCKED,1,200,403,
CG,search,7,50,353be92986550cf5,BLOCKED,1,403,403,
CG,search,7,51,2fd2b554d06a3172,BLOCKED,1,200,403,
CG,search,7,52,2e1bddd5d13ed367,BLOCKED,1,403,403,
CG,search,7,53,7d7999dec55c2135,BLOCKED,1,200,403,
CG,search,7,54,016230b98ce40330,BLOCKED,1,403,403,
CG,search,7,55,5407f1b7927a7662,BLOCKED,1,200,403,
CG,search,7,56,63012a99229caf64,BLOCKED,1,403,403,
CG,search,7,58,d6af226000bfbd49,BLOCKED,1,200,403,
CG,search,7,59,b42b18dc8869280e,BLOCKED,1,403,403,
CG,search,7,60,08bd5554336d2afa,BLOCKED,1,200,403,
CG,search,7,61,d079ee8328075f39,BLOCKED,1,403,403,
CG,search,7,63,cbc5af2b8f107ce7,BLOCKED,1,403,403,
CG,search,7,64,becd3555c2717c04,BLOCKED,1,200,403,
CG,search,7,66,e26dab494041117e,BLOCKED,1,403,403,
CG,search,7,67,641d5a1e9c93e36f,BLOCKED,1,403,403,
CG,search,7,68,2c7cc7ab3d5accb9,BLOCKED,1,403,403,
CG,search,7,69,c1bee9fca7e21290,BLOCKED,1,403,403,
CG,search,7,70,d9219c67da2d7437,BLOCKED,1,403,403,
CG,search,7,71,599371a418827a13,BLOCKED,1,200,403,
CG,search,7,72,efd91a9ed1c30445,BLOCKED,1,200,403,
CG,search,7,74,751406fd86769ed6,BLOCKED,1,200,403,
CG,search,7,75,9b2fbf19b10568eb,BLOCKED,1,403,403,
CG,search,7,76,8300edcdae6c673f,BLOCKED,1,200,403,
CG,search,7,78,2f63f1d0a24cc16e,BLOCKED,1,200,403,
CG,search,7,79,299a2eea239be076,BLOCKED,1,200,403,
CG,search,7,80,ba9a801e6654bbf6,BLOCKED,1,403,403,
CG,search,7,81,8276f44678bca401,BLOCKED,1,403,403,
CG,search,7,82,4ed7074d9b7dada9,BLOCKED,1,200,403,
CG,search,7,84,ed51d83693a58d8a,BLOCKED,1,200,403,
CG,search,7,86,e906808a5e770a1d,BLOCKED,1,403,403,
CG,search,7,88,eabfa0281641abe0,BLOCKED,1,403,403,
CG,search,7,91,5047da2b175f268f,BLOCKED,1,200,403,
CG,search,7,92,a8edd127828ffedc,BLOCKED,1,200,403,
CG,search,7,94,ea33f84dee3fc729,BLOCKED,1,200,403,
CG,search,7,95,3b1b76f323bafbbc,BLOCKED,1,403,403,
CG,search,7,96,d831c6b51e07065e,BLOCKED,1,403,403,
CG,search,7,97,ef9b9b0fa7adf82d,BLOCKED,1,403,403,
CG,search,7,98,d6de628149bdf7e2,BLOCKED,1,403,403,
CG,search,7,99,fb0e41762c417675,BLOCKED,1,200,403,
CG,search,7,100,fe1aeda319722f9a,BLOCKED,1,200,403,
CG,search,7,101,2c3d986a4f639645,BLOCKED,1,403,403,
CG,search,7,103,1a07a50ea06e5d40,BLOCKED,1,200,403,
CG,search,7,106,554da185280c0202,BLOCKED,1,403,403,
CG,search,7,107,630815dd9c22d13d,BLOCKED,1,403,403,
CG,search,7,108,6b0346651dc7fcc2,BLOCKED,1,200,403,
CG,search,7,109,0abb5c910b1375ae,BLOCKED,1,200,403,
CG,search,7,112,6c589cc253bdf3b6,BLOCKED,1,403,403,
CG,search,7,113,906a6ac501dd5129,BLOCKED,1,403,403,
CG,search,7,114,52c512ed6548a2f1,BLOCKED,1,403,403,
CG,search,7,116,9dfbbb370ab841df,BLOCKED,1,403,403,
CG,search,7,117,1216b61f2d8ae94c,BLOCKED,1,200,403,
CG,search,7,119,9f19b14ad0fe9617,BLOCKED,1,403,403,
CG,search,7,120,5ea1c8abcca8b810,BLOCKED,1,403,403,
CG,search,7,121,2d78b1971746fc20,BLOCKED,1,200,403,
CG,search,7,122,823589393912da8a,BLOCKED,1,200,403,
CG,search,7,123,6996e84ebccebf06,BLOCKED,1,200,403,
CG,search,7,124,aff2993118646dde,BLOCKED,1,200,403,
CG,search,7,126,06c7d01de2908a27,BLOCKED,1,403,403,
CG,search,7,127,fa690e84d9a0b7f0,BLOCKED,1,403,403,
CG,search,7,129,7ebaafac22e62eab,BLOCKED,1,403,403,
CG,search,7,130,3070c68de867d38c,BLOCKED,1,403,403,
CG,search,7,132,1439b3b991086124,BLOCKED,1,403,403,
CG,search,7,133,c08b15d5f1d7b74a,BLOCKED,1,200,403,
CG,search,7,134,874d0e4cf6367db6,BLOCKED,1,403,403,
CG,search,7,135,b39d788ecdacc420,BLOCKED,1,403,403,
CG,search,7,137,2083e057ea17c012,BLOCKED,1,403,403,
CG,search,7,138,8fe16cbf2fbb5063,BLOCKED,1,200,403,
CG,search,7,139,7111bfdf2d5e60c1,BLOCKED,1,403,403,
CG,search,7,141,22b72c8626e6c9b6,BLOCKED,1,403,403,
CG,search,7,142,383aecca1d0a9b03,BLOCKED,1,200,403,
CG,search,7,143,eb6055db78070627,BLOCKED,1,403,403,
CG,search,7,144,da52b3bffef3a3bb,BLOCKED,1,403,403,
CG,search,7,145,d8dae5d85fb53ef5,BLOCKED,1,403,403,
CG,search,7,146,e197971e6f0c3ca1,BLOCKED,1,200,403,
CG,search,7,149,2becf707b3309af6,BLOCKED,1,200,403,
CG,search,7,150,5d285bb911e77113,BLOCKED,1,403,403,
CG,search,7,151,3ef10f36e2f09343,BLOCKED,1,200,403,
CG,search,7,152,c66c9233ea4e8adf,BLOCKED,1,403,403,
CG,search,7,153,dc894ca15e195a4a,BLOCKED,1,200,403,
CG,search,7,155,c7c224a2350ce030,BLOCKED,1,403,403,
CG,search,7,157,fb0e4bdc69dcaa16,BLOCKED,1,200,403,
CG,search,7,158,f6fe3b55dfea1b5d,BLOCKED,1,403,403,
CG,search,7,159,fce4191df3f88b18,BLOCKED,1,403,403,
CG,search,7,160,eaad05ca6386a410,BLOCKED,1,200,403,
CG,search,7,162,f70066bc05248f90,BLOCKED,1,200,403,
CG,search,7,163,5d6f1780ef8f878b,BLOCKED,1,403,403,
CG,search,7,164,e0af63e13a6cd944,BLOCKED,1,200,403,
CG,search,7,165,8ad6c4d15966149e,BLOCKED,1,200,403,
CG,search,7,166,775340bc90f668ed,BLOCKED,1,200,403,
CG,search,7,168,dc7c4a01c66c0683,BLOCKED,1,200,403,
CG,search,7,169,e4f462af6a50a127,BLOCKED,1,200,403,
CG,search,7,171,7b84f0a712aa7c67,BLOCKED,1,200,403,
CG,search,7,172,28dfd4fa5dd7cecb,BLOCKED,1,403,403,
CG,search,7,175,d87e9722eaa433ed,BLOCKED,1,403,403,
CG,search,7,176,655a8b7e6655c8fc,BLOCKED,1,403,403,
CG,search,7,177,ae52b3869a8a1fa0,BLOCKED,1,403,403,
CG,search,7,178,f1d0ad7c8d999b10,BLOCKED,1,200,403,
CG,search,7,179,484312b7b0e7a58b,BLOCKED,1,200,403,
CG,search,7,180,6ecf5669e33267f5,BLOCKED,1,200,403,
CG,search,7,181,ee7d6bfc0c205fb7,BLOCKED,1,200,403,
CG,search,7,182,67ced93783898ccb,BLOCKED,1,403,403,
CG,search,7,187,560e81e3459f8115,BLOCKED,1,200,403,
CG,search,7,188,d2895f2114253738,BLOCKED,1,200,403,
CG,search,7,190,4ef8f65dc648f887,BLOCKED,1,200,403,
CG,search,7,191,cdba0d0643613916,BLOCKED,1,403,403,
CG,search,7,192,4ea498df7bc28c5a,BLOCKED,1,200,403,
CG,search,7,194,7e81c29af7a809bf,BLOCKED,1,403,403,
CG,search,7,196,a7dc96e9a2faa356,BLOCKED,1,200,403,
CG,search,7,197,063db6a9f057b782,BLOCKED,1,403,403,
CG,search,7,199,86740cda6b084aab,BLOCKED,1,403,403,
CG,search,7,201,dbb99811bf886341,BLOCKED,1,403,403,
CG,search,7,205,d6a6dcaa4595cb39,BLOCKED,1,200,403,
CG,search,7,207,cd6e8b9475b9860d,BLOCKED,1,200,403,
CG,search,7,208,49a652c0334c9bf7,BLOCKED,1,200,403,
CG,search,7,209,dd8b2717ad7536e8,BLOCKED,1,403,403,
CG,search,7,210,b45ee090b68ee1b7,BLOCKED,1,200,403,
CG,search,7,212,eec32be4c8f5bab0,BLOCKED,1,403,403,
CG,search,7,213,ff4292e202f15e10,BLOCKED,1,403,403,
CG,search,7,214,27910f46f1a84e47,BLOCKED,1,403,403,
CG,search,7,215,0606d518ff01ca15,BLOCKED,1,403,403,
CG,search,7,217,225c969e644dbcd5,BLOCKED,1,403,403,
CG,search,7,219,4457ebd5f0af515d,BLOCKED,1,403,403,
CG,search,7,220,8d849453d1990d36,BLOCKED,1,200,403,
CG,search,7,221,109b700996d7db48,BLOCKED,1,200,403,
CG,search,7,223,7b3a0f45a69d8da1,BLOCKED,1,403,403,
CG,search,7,225,7662e45383279ea6,BLOCKED,1,403,403,
CG,search,7,226,2e2b1828cde05221,BLOCKED,1,200,403,
CG,search,7,227,80ebd412475d9f48,BLOCKED,1,403,403,
CG,search,7,228,419778849a9cac97,BLOCKED,1,403,403,
CG,search,7,231,47977656fd5255b0,BLOCKED,1,200,403,
CG,search,7,233,d6945c9d6df608fd,BLOCKED,1,200,403,
CG,search,7,234,9a5482cb20a76527,BLOCKED,1,403,403,
CG,search,7,235,66ddae3fb0d19eab,BLOCKED,1,200,403,
CG,search,7,236,cec976205367dc74,BLOCKED,1,200,403,
CG,search,7,237,a68810d7131add82,BLOCKED,1,403,403,
CG,search,7,238,dc64c830606be14f,BLOCKED,1,403,403,
CG,search,7,239,76b32b1eea4f141f,BLOCKED,1,200,403,
CG,search,7,240,0ba2656c24b172c8,BLOCKED,1,403,403,
CG,search,7,241,eee651641e3d3775,BLOCKED,1,403,403,
CG,search,7,243,edfd76ab202f88d8,BLOCKED,1,403,403,
CG,search,7,244,f1ae13d861c1eee4,BLOCKED,1,403,403,
CG,search,7,246,91cc6d980d3d694a,BLOCKED,1,200,403,
CG,search,7,247,9f65f82f77c0c45a,BLOCKED,1,200,403,
CG,search,7,251,5ae35357de10cf49,BLOCKED,1,200,403,
CG,search,7,252,ef0e638a482e8a54,BLOCKED,1,403,403,
CG,search,7,253,8976dfccaa0e4dac,BLOCKED,1,200,403,
CG,search,7,255,7acc9dde22952372,BLOCKED,1,200,403,
CG,search,7,256,c796099937578ed4,BLOCKED,1,403,403,
CG,search,7,257,a47ffc322f87df81,BLOCKED,1,403,403,
CG,search,7,258,1f89656be6eb560c,BLOCKED,1,200,403,
CG,search,7,259,9edfa692b094b47f,BLOCKED,1,200,403,
CG,search,7,260,b9e2785f26a81e88,BLOCKED,1,200,403,
CG,search,7,261,5d6cfaa2ee62e680,BLOCKED,1,403,403,
CG,search,7,264,6aaf5d58d269a28b,BLOCKED,1,200,403,
CG,search,7,266,d42f964f0a326a23,BLOCKED,1,200,403,
CG,search,7,268,16d37f80a940c528,BLOCKED,1,403,403,
CG,search,7,269,80dea2bc86c21e6f,BLOCKED,1,200,403,
CG,search,7,270,9c7cd7e59f884199,BLOCKED,1,403,403,
CG,search,7,271,8a2a5bde1ac08a67,BLOCKED,1,403,403,
CG,search,7,274,86f22875f154bf4d,BLOCKED,1,403,403,
CG,search,7,278,398bf41f08a1a232,BLOCKED,1,403,403,
CG,search,7,279,ffc6da90650a5518,BLOCKED,1,403,403,
CG,search,7,280,25af6cf391df1981,BLOCKED,1,200,403,
CG,search,7,282,f0396a69da2b47a3,BLOCKED,1,200,403,
CG,search,7,283,233cbfac55677edc,BLOCKED,1,200,403,
CG,search,7,284,6f2d45c88a84f08a,BLOCKED,1,403,403,
CG,search,7,285,5e56b509242151b3,BLOCKED,1,200,403,
CG,search,7,286,3a230d658004e853,BLOCKED,1,403,403,
CG,search,7,287,48db1c9d53e05a4e,BLOCKED,1,200,403,
CG,search,7,288,53ab7a440315d066,BLOCKED,1,403,403,
CG,search,7,289,e4a62f7410cd09ce,BLOCKED,1,403,403,
CG,search,7,290,6c43793f4b84a21d,BLOCKED,1,200,403,
CG,search,7,291,5f5f9369724361a0,BLOCKED,1,200,403,
CG,search,7,293,b3636011856e00fe,BLOCKED,1,200,403,
CG,search,7,294,9ed5c68c1a7317c4,BLOCKED,1,403,403,
CG,search,7,296,daeaf7dac0883df6,BLOCKED,1,403,403,
CG,search,7,297,24ddd6d0719cab77,BLOCKED,1,403,403,
CG,search,7,300,8cfb3aa89ecc8e3b,BLOCKED,1,403,403,
CG,search,8,2,30e3542638339dd2,BLOCKED,1,200,403,
CG,search,8,3,6f3c334ab8ff9285,BLOCKED,1,200,403,
CG,search,8,4,34eb080ec9781121,BLOCKED,1,200,403,
CG,search,8,5,4e646039463f8cba,BLOCKED,1,403,403,
CG,search,8,6,b04f7bb3ad1c05c3,BLOCKED,1,403,403,
CG,search,8,7,ac74c1a6a67a0aa5,BLOCKED,1,200,403,
CG,search,8,8,04576a3673e6df0f,BLOCKED,1,403,403,
CG,search,8,9,2eef145916941bfa,BLOCKED,1,200,403,
CG,search,8,10,5b1899815a67acdf,BLOCKED,1,403,403,
CG,search,8,11,eac92337f280ed84,BLOCKED,1,403,403,
CG,search,8,12,3436391acf06c672,BLOCKED,1,200,403,
CG,search,8,15,07f6712ddc6b7cdf,BLOCKED,1,200,403,
CG,search,8,16,95e8fdcbdbd20f5b,BLOCKED,1,200,403,
CG,search,8,20,602b8ac5bb81478b,BLOCKED,1,403,403,
CG,search,8,21,b9679eb5c2034686,BLOCKED,1,403,403,
CG,search,8,23,92f07c05a8eaf0da,BLOCKED,1,200,403,
CG,search,8,24,d85a739ec94f19a6,BLOCKED,1,403,403,
CG,search,8,25,2da15ddecfba808d,BLOCKED,1,200,403,
CG,search,8,26,57b53597cb8a529e,BLOCKED,1,403,403,
CG,search,8,27,4caea0b2f59561d2,BLOCKED,1,403,403,
CG,search,8,29,d7f3b4bff101ef55,BLOCKED,1,403,403,
CG,search,8,30,6e5ebc4baa8ea4c2,BLOCKED,1,200,403,
CG,search,8,32,cf9e54b84654c181,BLOCKED,1,200,403,
CG,search,8,33,7f281e17d5908233,BLOCKED,1,200,403,
CG,search,8,37,3f09fd61cb528ff2,BLOCKED,1,403,403,
CG,search,8,38,d5fc14ac21d2a247,BLOCKED,1,403,403,
CG,search,8,44,9a2a620c6d0a1425,BLOCKED,1,403,403,
CG,search,8,45,a9e8991e5e70546a,BLOCKED,1,403,403,
CG,search,8,46,1df4be21ad99ec65,BLOCKED,1,403,403,
CG,search,8,47,96b8d7e964d5fa5f,BLOCKED,1,200,403,
CG,search,8,48,09cba578dff05779,BLOCKED,1,403,403,
CG,search,8,49,554da185280c0202,BLOCKED,1,403,403,
CG,search,8,50,c0363de1f8f38ef0,BLOCKED,1,200,403,
CG,search,8,51,04b662eabaa88a25,BLOCKED,1,403,403,
CG,search,8,53,b00040f692ffa076,BLOCKED,1,403,403,
CG,search,8,54,760632ed52cb35ee,BLOCKED,1,403,403,
CG,search,8,55,75dc1ffc2e8ffbb2,BLOCKED,1,200,403,
CG,search,8,56,3c3312e91d0ae0e6,BLOCKED,1,403,403,
CG,search,8,57,feec2c341abfdf8f,BLOCKED,1,403,403,
CG,search,8,58,06c7d01de2908a27,BLOCKED,1,403,403,
CG,search,8,59,b8e7a37e771f2596,BLOCKED,1,403,403,
CG,search,8,60,bda2694524590a5c,BLOCKED,1,403,403,
CG,search,8,61,8ebc2bd612c89e7d,BLOCKED,1,403,403,
CG,search,8,62,dd1fa8223626e14f,BLOCKED,1,403,403,
CG,search,8,63,0e40e4fc69a8fa02,BLOCKED,1,403,403,
CG,search,8,64,7aea10b3168aedd4,BLOCKED,1,200,403,
CG,search,8,67,da23bb7e225524bb,BLOCKED,1,200,403,
CG,search,8,69,e610afc68bad7962,BLOCKED,1,200,403,
CG,search,8,70,0ee1ffa8e7169fbd,BLOCKED,1,200,403,
CG,search,8,72,11191f1251697603,BLOCKED,1,403,403,
CG,search,8,73,f621246c302125cf,BLOCKED,1,200,403,
CG,search,8,75,0607b7acc76c07c7,BLOCKED,1,403,403,
CG,search,8,76,fa77e3e878250ca3,BLOCKED,1,200,403,
CG,search,8,78,bcc0ff79317886f6,BLOCKED,1,403,403,
CG,search,8,79,f39b79fbed49bc44,BLOCKED,1,403,403,
CG,search,8,80,7b26a5dbd4f1a1ef,BLOCKED,1,200,403,
CG,search,8,81,0d28fab69b83bfef,BLOCKED,1,403,403,
CG,search,8,82,77be4992553dba51,BLOCKED,1,403,403,
CG,search,8,83,7e357a33b965d1e3,BLOCKED,1,403,403,
CG,search,8,84,f3946c1f356f4ff3,BLOCKED,1,403,403,
CG,search,8,85,d26dbd6163477579,BLOCKED,1,403,403,
CG,search,8,86,2450c6af03b86835,BLOCKED,1,403,403,
CG,search,8,87,a6527645aa577b58,BLOCKED,1,403,403,
CG,search,8,88,89fd4912d71deb4b,BLOCKED,1,200,403,
CG,search,8,89,636535e8585ed910,BLOCKED,1,403,403,
CG,search,8,90,e658bd026841a9d0,BLOCKED,1,200,403,
CG,search,8,91,6a722b53f3c2576f,BLOCKED,1,403,403,
CG,search,8,92,ca0d647bddfb863c,BLOCKED,1,200,403,
CG,search,8,93,bd82a2ce483ce598,BLOCKED,1,200,403,
CG,search,8,94,66e390bfa36c5a09,BLOCKED,1,403,403,
CG,search,8,96,c25f157c40b7b344,BLOCKED,1,200,403,
CG,search,8,97,7c7cb2e4482c299c,BLOCKED,1,200,403,
CG,search,8,99,0195d6ed1cd54556,BLOCKED,1,403,403,
CG,search,8,102,9c6d693505b24623,BLOCKED,1,200,403,
CG,search,8,103,f0899c6f01b7d790,BLOCKED,1,403,403,
CG,search,8,104,b161a6945c8f9a28,BLOCKED,1,200,403,
CG,search,8,105,5feecb59d8b8575d,BLOCKED,1,200,403,
CG,search,8,106,c75b0c7af721acdc,BLOCKED,1,200,403,
CG,search,8,107,d3de0d091ae6b853,BLOCKED,1,403,403,
CG,search,8,109,c4a84ef384dab798,BLOCKED,1,200,403,
CG,search,8,112,d5ec7d9cd39457ae,BLOCKED,1,403,403,
CG,search,8,113,d11b4d39f85bfef9,BLOCKED,1,200,403,
CG,search,8,114,50562414ca7fe290,BLOCKED,1,403,403,
CG,search,8,115,f356b025e018ba5c,BLOCKED,1,403,403,
CG,search,8,116,ad3629c12cb4e695,BLOCKED,1,403,403,
CG,search,8,117,f75d3926c22406d9,BLOCKED,1,403,403,
CG,search,8,118,d9f7013136d914ab,BLOCKED,1,200,403,
CG,search,8,119,a0e9f55a9d251ece,BLOCKED,1,403,403,
CG,search,8,120,66f1d95926aaac3b,BLOCKED,1,200,403,
CG,search,8,121,3bbbfcd79116a65a,BLOCKED,1,200,403,
CG,search,8,122,e66fcc73944943ad,BLOCKED,1,200,403,
CG,search,8,123,c77fb786efef5101,BLOCKED,1,403,403,
CG,search,8,124,a3548d0c3e62deae,BLOCKED,1,200,403,
CG,search,8,125,1accc02e25a3b385,BLOCKED,1,200,403,
CG,search,8,128,28a10b19709f65e1,BLOCKED,1,200,403,
CG,search,8,129,36551de752bf10a3,BLOCKED,1,200,403,
CG,search,8,130,91ac5c4b1d26a088,BLOCKED,1,403,403,
CG,search,8,131,bf6def821d382653,BLOCKED,1,200,403,
CG,search,8,132,4cb73275087336ea,BLOCKED,1,200,403,
CG,search,8,133,94b2b1971aeeb90a,BLOCKED,1,403,403,
CG,search,8,134,4612c60e68f73ce9,BLOCKED,1,403,403,
CG,search,8,137,46cfb3b322cca4d8,BLOCKED,1,200,403,
CG,search,8,138,5d4c7327fc7e0990,BLOCKED,1,403,403,
CG,search,8,139,c88de4b08ce55176,BLOCKED,1,403,403,
CG,search,8,140,f57e57b8ff194f9e,BLOCKED,1,200,403,
CG,search,8,141,a1d2f421b8aabade,BLOCKED,1,403,403,
CG,search,8,143,fe80662a0298a77c,BLOCKED,1,403,403,
CG,search,8,144,f6681cc065f0d6e8,BLOCKED,1,200,403,
CG,search,8,145,acaa42c889a29eb0,BLOCKED,1,403,403,
CG,search,8,146,362bbe84809ae88c,BLOCKED,1,200,403,
CG,search,8,147,6c6573ccc2f8f823,BLOCKED,1,403,403,
CG,search,8,148,737e18cb908e85ae,BLOCKED,1,200,403,
CG,search,8,149,0537e76f2b219637,BLOCKED,1,403,403,
CG,search,8,152,98cbf2167a7f18f6,BLOCKED,1,200,403,
CG,search,8,153,dc2326bba8f7bc95,BLOCKED,1,200,403,
CG,search,8,154,8a9719acbca3674c,BLOCKED,1,200,403,
CG,search,8,155,1f62d46428a7813c,BLOCKED,1,200,403,
CG,search,8,156,c70d87c468992597,BLOCKED,1,403,403,
CG,search,8,157,a2f275832bbb645e,BLOCKED,1,200,403,
CG,search,8,158,4dcffcb640a1e4d9,BLOCKED,1,200,403,
CG,search,8,159,01f79f08c7846a5e,BLOCKED,1,200,403,
CG,search,8,162,9f5a4f93ac8c6895,BLOCKED,1,200,403,
CG,search,8,163,6a32d9cbaaf09273,BLOCKED,1,200,403,
CG,search,8,164,dfba79139437b916,BLOCKED,1,200,403,
CG,search,8,165,3b2a320ec02f8e53,BLOCKED,1,200,403,
CG,search,8,167,3289757144d3959c,BLOCKED,1,200,403,
CG,search,8,170,95eafb89626e25dd,BLOCKED,1,403,403,
CG,search,8,171,08efa344145f8793,BLOCKED,1,200,403,
CG,search,8,173,a166af5a125aae89,BLOCKED,1,403,403,
CG,search,8,174,26fa590a703ac8ef,BLOCKED,1,200,403,
CG,search,8,175,d5a2aff664f6203d,BLOCKED,1,403,403,
CG,search,8,180,0cf9b185ac1343c4,BLOCKED,1,403,403,
CG,search,8,183,cf51e0f450073e16,BLOCKED,1,200,403,
CG,search,8,184,656bb2189205b063,BLOCKED,1,403,403,
CG,search,8,185,e5261c8a52c8698a,BLOCKED,1,200,403,
CG,search,8,188,e26addb2ce2be35d,BLOCKED,1,403,403,
CG,search,8,189,d51a129f6185c575,BLOCKED,1,403,403,
CG,search,8,193,7383e61543653bed,BLOCKED,1,403,403,
CG,search,8,194,5147db292212cceb,BLOCKED,1,403,403,
CG,search,8,195,13ccf7591d2c6de6,BLOCKED,1,403,403,
CG,search,8,198,974053bf46f9824c,BLOCKED,1,200,403,
CG,search,8,199,aa8ca88f14340f82,BLOCKED,1,200,403,
CG,search,8,200,8b0af39664c6d372,BLOCKED,1,403,403,
CG,search,8,202,5fbfc434f4cba8a3,BLOCKED,1,200,403,
CG,search,8,206,57567943454c780d,BLOCKED,1,403,403,
CG,search,8,208,33b8b179e62e77c5,BLOCKED,1,403,403,
CG,search,8,210,0760888c9ed684a9,BLOCKED,1,200,403,
CG,search,8,211,f849823f020f3e38,BLOCKED,1,200,403,
CG,search,8,214,930a120506795455,BLOCKED,1,200,403,
CG,search,8,215,957dd0459853dd33,BLOCKED,1,200,403,
CG,search,8,216,e8925d6bd679326c,BLOCKED,1,200,403,
CG,search,8,217,50a25022f14a7b43,BLOCKED,1,200,403,
CG,search,8,218,e6012480c9c9f1a6,BLOCKED,1,200,403,
CG,search,8,220,78418ad3b9f7384c,BLOCKED,1,200,403,
CG,search,8,222,9987d89f8d250d59,BLOCKED,1,200,403,
CG,search,8,224,d8dbd651613c127d,BLOCKED,1,200,403,
CG,search,8,225,0bcbda0343f45294,BLOCKED,1,200,403,
CG,search,8,226,ee7fbf6afee3775a,BLOCKED,1,200,403,
CG,search,8,228,1ce6ac5416c77f8b,BLOCKED,1,200,403,
CG,search,8,230,83d9fe7aae5b6609,BLOCKED,1,403,403,
CG,search,8,231,e5677604d1cb0d4f,BLOCKED,1,200,403,
CG,search,8,233,d7c3c9a153f84883,BLOCKED,1,200,403,
CG,search,8,235,a6fe78fa504e2f63,BLOCKED,1,403,403,
CG,search,8,236,a562918c79eb4f2f,BLOCKED,1,403,403,
CG,search,8,237,a3fff32d755eea7a,BLOCKED,1,200,403,
CG,search,8,239,45c0e4c4e43947f8,BLOCKED,1,200,403,
CG,search,8,242,84720063ed0c0ff5,BLOCKED,1,200,403,
CG,search,8,250,d7983133124e502f,BLOCKED,1,200,403,
CG,search,8,251,80d01f79b74eea4f,BLOCKED,1,403,403,
CG,search,8,252,a2b0b0d7478427c2,BLOCKED,1,403,403,
CG,search,8,253,51892b03fc67405d,BLOCKED,1,403,403,
CG,search,8,255,d281e55c16d58b96,BLOCKED,1,403,403,
CG,search,8,256,c969d2bcb64a64f9,BLOCKED,1,200,403,
CG,search,8,257,b622914bbbe60c6b,BLOCKED,1,403,403,
CG,search,8,258,3b18e23b5751eb86,BLOCKED,1,200,403,
CG,search,8,259,64dd868ca3d594d7,BLOCKED,1,403,403,
CG,search,8,260,1d9648ce672f4c0e,BLOCKED,1,403,403,
CG,search,8,261,eb777f8d36bf312e,BLOCKED,1,200,403,
CG,search,8,263,ed9fbd6d71bd1443,BLOCKED,1,200,403,
CG,search,8,264,69fdb9b16153fb54,BLOCKED,1,403,403,
CG,search,8,268,9fa59947e21e070b,BLOCKED,1,403,403,
CG,search,8,270,70a8681413a19416,BLOCKED,1,403,403,
CG,search,8,272,7083ba30a3f7c59d,BLOCKED,1,403,403,
CG,search,8,273,b108d954bf8fc123,BLOCKED,1,200,403,
CG,search,8,274,381477d2debbf91d,BLOCKED,1,403,403,
CG,search,8,279,47c1539635cf9381,BLOCKED,1,200,403,
CG,search,8,280,a26e110762e3481d,BLOCKED,1,200,403,
CG,search,8,281,df331ce7ae50f047,BLOCKED,1,200,403,
CG,search,8,285,6e42ad2efb7e344b,BLOCKED,1,200,403,
CG,search,8,286,80148ace32a47686,BLOCKED,1,403,403,
CG,search,8,288,8f432e7d87d3c2c0,BLOCKED,1,200,403,
CG,search,8,290,370c9e528237ea9b,BLOCKED,1,403,403,
CG,search,8,292,d672a951e23e5627,BLOCKED,1,403,403,
CG,search,8,293,9b7348a78e80960b,BLOCKED,1,403,403,
CG,search,8,296,79b6fbb9e4a2cce4,BLOCKED,1,403,403,
CG,search,8,297,36c716e3a608ee32,BLOCKED,1,403,403,
CG,search,8,298,21b30f1aefd2ceb1,BLOCKED,1,403,403,
CG,search,8,300,2c687061e377adad,BLOCKED,1,403,403,
CG,search,9,1,5741a27ae27df8a4,BLOCKED,1,403,403,
CG,search,9,2,9372f686153fac51,BLOCKED,1,403,403,
CG,search,9,4,3cddc01e65e2e290,BLOCKED,1,200,403,
CG,search,9,6,926bb33ef9d8606d,BLOCKED,1,403,403,
CG,search,9,8,2b8b1b5a7808e3f6,BLOCKED,1,200,403,
CG,search,9,9,8bfa5a0d2ccd8bad,BLOCKED,1,403,403,
CG,search,9,10,c8c7f1ca8c3454f6,BLOCKED,1,403,403,
CG,search,9,11,3d8721e28a77bcd4,BLOCKED,1,200,403,
CG,search,9,19,cb5fd2a3f7614f36,BLOCKED,1,403,403,
CG,search,9,32,63cfc0c3975924f3,BLOCKED,1,200,403,
CG,search,9,34,9e1459b0c4ba59cd,BLOCKED,1,403,403,
CG,search,9,35,4e3eba8f1b898c40,BLOCKED,1,200,403,
CG,search,9,37,6b3b7b1ad5e25aa1,BLOCKED,1,200,403,
CG,search,9,38,309521e558763cdd,BLOCKED,1,403,403,
CG,search,9,39,bbd86c6b2be92038,BLOCKED,1,200,403,
CG,search,9,42,5a4e89bbc3acf334,BLOCKED,1,200,403,
CG,search,9,43,681b922b9db0f670,BLOCKED,1,200,403,
CG,search,9,44,ea42c5a1d8aef91e,BLOCKED,1,200,403,
CG,search,9,49,5ed18fbfc15306ac,BLOCKED,1,403,403,
CG,search,9,54,15576d855d54f8f7,BLOCKED,1,403,403,
CG,search,9,56,c12d951b405347b1,BLOCKED,1,200,403,
CG,search,9,57,7d0d2380d2ab8e52,BLOCKED,1,200,403,
CG,search,9,64,c5cc4e1dcaf456d5,BLOCKED,1,403,403,
CG,search,9,65,018dcc2df89932d1,BLOCKED,1,403,403,
CG,search,9,66,4aaf16790fb4ec3f,BLOCKED,1,403,403,
CG,search,9,70,4d7c3a8c1c3db673,BLOCKED,1,403,403,
CG,search,9,72,9edfa692b094b47f,BLOCKED,1,200,403,
CG,search,9,76,d231e34d3b086528,BLOCKED,1,403,403,
CG,search,9,78,460d67496329ea83,BLOCKED,1,403,403,
CG,search,9,80,5b1ca8133d56afba,BLOCKED,1,403,403,
CG,search,9,82,c4f606cb79e0cfe9,BLOCKED,1,200,403,
CG,search,9,84,013da015b8fa8cdf,BLOCKED,1,200,403,
CG,search,9,85,77d5441b751856ed,BLOCKED,1,200,403,
CG,search,9,87,d09889c8906dfae3,BLOCKED,1,403,403,
CG,search,9,91,6a32d9cbaaf09273,BLOCKED,1,200,403,
CG,search,9,92,35fd227b30c7e8aa,BLOCKED,1,403,403,
CG,search,9,93,00ede3fa65a9c257,BLOCKED,1,403,403,
CG,search,9,94,7c63fe33e42b287a,BLOCKED,1,403,403,
CG,search,9,95,4ea7f5c332071a48,BLOCKED,1,403,403,
CG,search,9,97,535b1d1516e6058d,BLOCKED,1,200,403,
CG,search,9,98,11f5262dd27d7e0e,BLOCKED,1,403,403,
CG,search,9,99,8c5a5cf7c50f887b,BLOCKED,1,403,403,
CG,search,9,100,56dfbab3b2ef819a,BLOCKED,1,200,403,
CG,search,9,102,fa4c0e9ecd1f4c47,BLOCKED,1,200,403,
CG,search,9,103,28879b6a791764fc,BLOCKED,1,200,403,
CG,search,9,106,d7f63081f1777eab,BLOCKED,1,403,403,
CG,search,9,107,9e808272a9777e81,BLOCKED,1,403,403,
CG,search,9,108,f91d35a96cf068c5,BLOCKED,1,403,403,
CG,search,9,115,5e15c56358af2413,BLOCKED,1,403,403,
CG,search,9,117,f83a30f8f2198f4f,BLOCKED,1,403,403,
CG,search,9,118,b7ffb066da494c4b,BLOCKED,1,403,403,
CG,search,9,119,9052272237fc692d,BLOCKED,1,200,403,
CG,search,9,121,54341a646f678f6f,BLOCKED,1,403,403,
CG,search,9,123,59654f6d7ac9d8fa,BLOCKED,1,403,403,
CG,search,9,124,06c7d01de2908a27,BLOCKED,1,403,403,
CG,search,9,125,409b38681a54b4e6,BLOCKED,1,403,403,
CG,search,9,126,dd216dd1fabc8086,BLOCKED,1,403,403,
CG,search,9,127,8d33b4a779e28825,BLOCKED,1,403,403,
CG,search,9,128,385273492e5cbd59,BLOCKED,1,403,403,
CG,search,9,129,35072fde4ec3ba82,BLOCKED,1,403,403,
CG,search,9,130,0ec41aff88d25e15,BLOCKED,1,200,403,
CG,search,9,131,0ec02c15b154d795,BLOCKED,1,200,403,
CG,search,9,133,d6cb06cf2818b3c6,BLOCKED,1,403,403,
CG,search,9,134,80d01f79b74eea4f,BLOCKED,1,403,403,
CG,search,9,135,fa93dd3cddcd5f11,BLOCKED,1,200,403,
CG,search,9,137,b10ca79cd0bd043b,BLOCKED,1,200,403,
CG,search,9,139,52c512ed6548a2f1,BLOCKED,1,403,403,
CG,search,9,140,16dc8859db2da2de,BLOCKED,1,200,403,
CG,search,9,141,b75a3f9beec7b0e0,BLOCKED,1,403,403,
CG,search,9,142,04422bda6c22e2c0,BLOCKED,1,200,403,
CG,search,9,143,b42b18dc8869280e,BLOCKED,1,403,403,
CG,search,9,144,767ee0b015c5e6f4,BLOCKED,1,403,403,
CG,search,9,145,a4d5eaac67629ae4,BLOCKED,1,200,403,
CG,search,9,149,4ba17c0ca78ce224,BLOCKED,1,200,403,
CG,search,9,151,63e859606bc18f4b,BLOCKED,1,200,403,
CG,search,9,156,6903c809088c6835,BLOCKED,1,403,403,
CG,search,9,157,dff997dae772748c,BLOCKED,1,200,403,
CG,search,9,159,44b7c3c2c63973c1,BLOCKED,1,403,403,
CG,search,9,176,183ca28e6c8e3c86,BLOCKED,1,403,403,
CG,search,9,177,d828a450cd5a39ef,BLOCKED,1,200,403,
CG,search,9,178,26827bccfb815530,BLOCKED,1,200,403,
CG,search,9,181,99c6a6bad91b46a6,BLOCKED,1,403,403,
CG,search,9,183,2b1843d81d903f03,BLOCKED,1,200,403,
CG,search,9,184,28badfc90c1df181,BLOCKED,1,403,403,
CG,search,9,186,bbd7f9aebce61d85,BLOCKED,1,200,403,
CG,search,9,187,8653eeab72d818dd,BLOCKED,1,403,403,
CG,search,9,189,2ecbd21f3554b5b0,BLOCKED,1,200,403,
CG,search,9,192,a832075cc58f8156,BLOCKED,1,403,403,
CG,search,9,193,8a8f87b58782140b,BLOCKED,1,200,403,
CG,search,9,195,456bf66c2cd397e8,BLOCKED,1,403,403,
CG,search,9,197,2cb6b43029267556,BLOCKED,1,403,403,
CG,search,9,198,d84a73598b4aa4ff,BLOCKED,1,403,403,
CG,search,9,202,e08aff6ec1003ef7,BLOCKED,1,403,403,
CG,search,9,203,98dadd65d33f2a64,BLOCKED,1,403,403,
CG,search,9,204,7a8cc7556c78cc03,BLOCKED,1,403,403,
CG,search,9,205,f39b79fbed49bc44,BLOCKED,1,403,403,
CG,search,9,206,ed9fbd6d71bd1443,BLOCKED,1,200,403,
CG,search,9,208,f11227a9f59130c8,BLOCKED,1,200,403,
CG,search,9,210,c952fba9933a9fd4,BLOCKED,1,403,403,
CG,search,9,212,a940de5dc904d2db,BLOCKED,1,200,403,
CG,search,9,215,91fa6c2307eb4be1,BLOCKED,1,200,403,
CG,search,9,217,a02977b8c2c2fa87,BLOCKED,1,200,403,
CG,search,9,218,692e905cd98e8945,BLOCKED,1,403,403,
CG,search,9,221,f885fb253178035b,BLOCKED,1,200,403,
CG,search,9,222,b694bd74d51dcc8c,BLOCKED,1,200,403,
CG,search,9,223,2966d4019209be0a,BLOCKED,1,200,403,
CG,search,9,225,749639225ff9df49,BLOCKED,1,200,403,
CG,search,9,226,09d407a2c3b65426,BLOCKED,1,403,403,
CG,search,9,228,60c09f4d2ab7beca,BLOCKED,1,200,403,
CG,search,9,230,2e2427519e03b1e2,BLOCKED,1,200,403,
CG,search,9,231,158d5b2447f099ff,BLOCKED,1,200,403,
CG,search,9,232,3f8234238c7c89a4,BLOCKED,1,200,403,
CG,search,9,233,6f2d45c88a84f08a,BLOCKED,1,403,403,
CG,search,9,234,8948d6e0f3282bdd,BLOCKED,1,200,403,
CG,search,9,235,bbfba2425665d7b8,BLOCKED,1,403,403,
CG,search,9,237,476ab40b04fcebbd,BLOCKED,1,200,403,
CG,search,9,239,5da0cdbbcda86dac,BLOCKED,1,200,403,
CG,search,9,243,2b05dc8bc63ed2b4,BLOCKED,1,403,403,
CG,search,9,246,3841dbe757da2af8,BLOCKED,1,200,403,
CG,search,9,248,54b609905d277a71,BLOCKED,1,200,403,
CG,search,9,250,d5288b088887ae7f,BLOCKED,1,403,403,
CG,search,9,253,3e225f74feafe12b,BLOCKED,1,403,403,
CG,search,9,254,287d5db5df77304d,BLOCKED,1,200,403,
CG,search,9,255,d7983133124e502f,BLOCKED,1,200,403,
CG,search,9,256,efd91a9ed1c30445,BLOCKED,1,200,403,
CG,search,9,257,ba9a801e6654bbf6,BLOCKED,1,403,403,
CG,search,9,258,e23713c926fb328b,BLOCKED,1,200,403,
CG,search,9,259,0439ceee29c1fdac,BLOCKED,1,200,403,
CG,search,9,260,15cd0c394ac01639,BLOCKED,1,403,403,
CG,search,9,262,eee651641e3d3775,BLOCKED,1,403,403,
CG,search,9,263,be72c93fc454b481,BLOCKED,1,200,403,
CG,search,9,264,35dec8df1dffd3cb,BLOCKED,1,200,403,
CG,search,9,265,a3548d0c3e62deae,BLOCKED,1,200,403,
CG,search,9,266,5437777603a3cb76,BLOCKED,1,403,403,
CG,search,9,267,853f5c5ce1b98815,BLOCKED,1,403,403,
CG,search,9,271,75e0a01f6499e4b7,BLOCKED,1,200,403,
CG,search,9,273,b0105bf801edb1c9,BLOCKED,1,200,403,
CG,search,9,275,5f2f69ba0451ec1d,BLOCKED,1,403,403,
CG,search,9,276,1939521ba630cf40,BLOCKED,1,200,403,
CG,search,9,279,d76aa6773abfaf51,BLOCKED,1,403,403,
CG,search,9,280,7b4be08d58efbd85,BLOCKED,1,403,403,
CG,search,9,281,7abf69c9afeda065,BLOCKED,1,403,403,
CG,search,9,282,773b2ec02c4b59ab,BLOCKED,1,403,403,
CG,search,9,284,9b7348a78e80960b,BLOCKED,1,403,403,
CG,search,9,285,c238ca615fec891e,BLOCKED,1,403,403,
CG,search,9,286,fa0a319de9a0157d,BLOCKED,1,200,403,
CG,search,9,287,229d77b986117907,BLOCKED,1,200,403,
CG,search,9,288,5d12cecf1ae35448,BLOCKED,1,403,403,
CG,search,9,289,b6bfb0ca0b8af950,BLOCKED,1,403,403,
CG,search,9,290,8112d19ace78031e,BLOCKED,1,403,403,
CG,search,10,2,cf59705d6c57af50,BLOCKED,1,200,403,
CG,search,10,4,3bbbfcd79116a65a,BLOCKED,1,200,403,
CG,search,10,5,476ab40b04fcebbd,BLOCKED,1,200,403,
CG,search,10,6,ddbe8ff05b546e95,BLOCKED,1,200,403,
CG,search,10,7,77d5441b751856ed,BLOCKED,1,200,403,
CG,search,10,8,9eed9f6d6d3a73b8,BLOCKED,1,200,403,
CG,search,10,9,c6e99e563f250228,BLOCKED,1,200,403,
CG,search,10,10,dc7c4a01c66c0683,BLOCKED,1,200,403,
CG,search,10,12,6ef145dcc92fdf14,BLOCKED,1,200,403,
CG,search,10,16,c35e8f2e1c97a12e,BLOCKED,1,403,403,
CG,search,10,19,dc894ca15e195a4a,BLOCKED,1,200,403,
CG,search,10,20,3841dbe757da2af8,BLOCKED,1,200,403,
CG,search,10,23,af6ed168b098954a,BLOCKED,1,403,403,
CG,search,10,24,f4ed9cfc301e9c3e,BLOCKED,1,403,403,
CG,search,10,26,9ecea4b5524c62ce,BLOCKED,1,403,403,
CG,search,10,27,bbd86c6b2be92038,BLOCKED,1,200,403,
CG,search,10,28,56560e54195b6428,BLOCKED,1,200,403,
CG,search,10,29,24ddd6d0719cab77,BLOCKED,1,403,403,
CG,search,10,30,986b8d8e21f37990,BLOCKED,1,200,403,
CG,search,10,31,cd050b225b2ee62b,BLOCKED,1,403,403,
CG,search,10,32,0df6c03af5fa7291,BLOCKED,1,200,403,
CG,search,10,33,0f249eb764b7f948,BLOCKED,1,403,403,
CG,search,10,34,837a5e66f83b4b60,BLOCKED,1,403,403,
CG,search,10,35,9e1459b0c4ba59cd,BLOCKED,1,403,403,
CG,search,10,37,c02ba104e721f130,BLOCKED,1,403,403,
CG,search,10,39,cce1346c8ef5e6ec,BLOCKED,1,200,403,
CG,search,10,40,91cc6d980d3d694a,BLOCKED,1,200,403,
CG,search,10,41,00ede3fa65a9c257,BLOCKED,1,403,403,
CG,search,10,42,3a08eec10e5c0a89,BLOCKED,1,200,403,
CG,search,10,43,d9c8af9ad4f18299,BLOCKED,1,200,403,
CG,search,10,44,501e362c088e0395,BLOCKED,1,403,403,
CG,search,10,46,d34b6784906d3cbb,BLOCKED,1,200,403,
CG,search,10,47,c4fd3f276921a73f,BLOCKED,1,403,403,
CG,search,10,49,e08aff6ec1003ef7,BLOCKED,1,403,403,
CG,search,10,51,004de05a1f77aaa2,BLOCKED,1,403,403,
CG,search,10,52,f710f42920cda42e,BLOCKED,1,403,403,
CG,search,10,53,d0e6ef579e984ffe,BLOCKED,1,200,403,
CG,search,10,54,cec976205367dc74,BLOCKED,1,200,403,
CG,search,10,55,ac05867034fd83e0,BLOCKED,1,200,403,
CG,search,10,57,78afe0547ef42995,BLOCKED,1,403,403,
CG,search,10,59,63e859606bc18f4b,BLOCKED,1,200,403,
CG,search,10,61,a3548d0c3e62deae,BLOCKED,1,200,403,
CG,search,10,65,dd216dd1fabc8086,BLOCKED,1,403,403,
CG,search,10,66,c0fc8bbd15589c1c,BLOCKED,1,200,403,
CG,search,10,67,e50ab1d698473573,BLOCKED,1,200,403,
CG,search,10,71,d84a73598b4aa4ff,BLOCKED,1,403,403,
CG,search,10,72,58203ae632beb723,BLOCKED,1,200,403,
CG,search,10,74,37be8979c13a8a09,BLOCKED,1,200,403,
CG,search,10,76,d828a450cd5a39ef,BLOCKED,1,200,403,
CG,search,10,77,d4a0115d00debd4f,BLOCKED,1,200,403,
CG,search,10,78,c37bef637cee7f2d,BLOCKED,1,200,403,
CG,search,10,79,28bce2766e48889e,BLOCKED,1,403,403,
CG,search,10,82,d0ae23dc4d7a273e,BLOCKED,1,200,403,
CG,search,10,83,5f2126cabef09614,BLOCKED,1,200,403,
CG,search,10,84,a0e80b0f848518dd,BLOCKED,1,200,403,
CG,search,10,85,5507380c8a849cd0,BLOCKED,1,200,403,
CG,search,10,86,b8624d4e3076505c,BLOCKED,1,200,403,
CG,search,10,87,d36340bc748ffb0e,BLOCKED,1,200,403,
CG,search,10,88,d912daef0322b4bd,BLOCKED,1,403,403,
CG,search,10,89,0a3c23f383256b57,BLOCKED,1,200,403,
CG,search,10,101,1595d6e2b75a2a16,BLOCKED,1,403,403,
CG,search,10,102,8bdc401c3ef4285d,BLOCKED,1,403,403,
CG,search,10,104,900df7e576fb7ca5,BLOCKED,1,403,403,
CG,search,10,105,9409bec373108950,BLOCKED,1,200,403,
CG,search,10,107,92cb8401ec323416,BLOCKED,1,403,403,
CG,search,10,108,0439ceee29c1fdac,BLOCKED,1,200,403,
CG,search,10,110,9f6ebadcf1e902d3,BLOCKED,1,200,403,
CG,search,10,111,dfe775f266310c30,BLOCKED,1,403,403,
CG,search,10,112,f981fd167334e71c,BLOCKED,1,403,403,
CG,search,10,116,023a146259fb567c,BLOCKED,1,403,403,
CG,search,10,117,fee18ab60b55f91b,BLOCKED,1,403,403,
CG,search,10,118,6b3b7b1ad5e25aa1,BLOCKED,1,200,403,
CG,search,10,119,bfce329f7aef1ba0,BLOCKED,1,200,403,
CG,search,10,120,04420aea3afafbce,BLOCKED,1,200,403,
CG,search,10,121,dff997dae772748c,BLOCKED,1,200,403,
CG,search,10,130,cbcd5e1b46603127,BLOCKED,1,200,403,
CG,search,10,132,a51097a0f3c3c4d5,BLOCKED,1,200,403,
CG,search,10,133,f22bb211a9bc5b63,BLOCKED,1,200,403,
CG,search,10,136,5beb6c8b0b4bc7e4,BLOCKED,1,200,403,
CG,search,10,137,475c77751059dca4,BLOCKED,1,200,403,
CG,search,10,140,d9e742620d6b983b,BLOCKED,1,200,403,
CG,search,10,143,9e808272a9777e81,BLOCKED,1,403,403,
CG,search,10,145,545b738a76174cde,BLOCKED,1,403,403,
CG,search,10,146,e389c90d9d17c14d,BLOCKED,1,403,403,
CG,search,10,147,77a38c727df84746,BLOCKED,1,200,403,
CG,search,10,148,4aaf16790fb4ec3f,BLOCKED,1,403,403,
CG,search,10,149,88175cf38d07df28,BLOCKED,1,200,403,
CG,search,10,151,40556c7782df3883,BLOCKED,1,200,403,
CG,search,10,152,b45043619a9c999e,BLOCKED,1,403,403,
CG,search,10,153,00d0d0fd23a442bf,BLOCKED,1,200,403,
CG,search,10,154,2e2427519e03b1e2,BLOCKED,1,200,403,
CG,search,10,156,1899c4352fcbba07,BLOCKED,1,200,403,
CG,search,10,157,f6681cc065f0d6e8,BLOCKED,1,200,403,
CG,search,10,158,091271440e19522f,BLOCKED,1,403,403,
CG,search,10,159,63fbae1e7d91e3af,BLOCKED,1,403,403,
CG,search,10,160,b8ff361306b21da7,BLOCKED,1,403,403,
CG,search,10,161,2333c63194af10d5,BLOCKED,1,200,403,
CG,search,10,162,825e0e9fe9f9b999,BLOCKED,1,200,403,
CG,search,10,163,03e5dc8ffb4d57b0,BLOCKED,1,200,403,
CG,search,10,164,8b0af39664c6d372,BLOCKED,1,403,403,
CG,search,10,165,2b3a88f5402a17d4,BLOCKED,1,200,403,
CG,search,10,168,4ce241c4e12711f4,BLOCKED,1,403,403,
CG,search,10,169,a181c52ff9acffde,BLOCKED,1,200,403,
CG,search,10,170,ba9a801e6654bbf6,BLOCKED,1,403,403,
CG,search,10,173,4d4e0cee57cae882,BLOCKED,1,403,403,
CG,search,10,174,2056e32872810bbc,BLOCKED,1,403,403,
CG,search,10,175,3b496f79d428a61b,BLOCKED,1,403,403,
CG,search,10,176,f91d35a96cf068c5,BLOCKED,1,403,403,
CG,search,10,177,d71c4b99604b893b,BLOCKED,1,403,403,
CG,search,10,178,10e54f75fc2e6f33,BLOCKED,1,200,403,
CG,search,10,179,018dcc2df89932d1,BLOCKED,1,403,403,
CG,search,10,180,0da1484d122c1ac9,BLOCKED,1,403,403,
CG,search,10,181,5ae35357de10cf49,BLOCKED,1,200,403,
CG,search,10,182,9cf52fcbae02bbea,BLOCKED,1,403,403,
CG,search,10,186,c5b93e2f06bf9f2c,BLOCKED,1,200,403,
CG,search,10,188,1d4efa7dd888ecb0,BLOCKED,1,403,403,
CG,search,10,190,fef0a33520adb156,BLOCKED,1,403,403,
CG,search,10,191,14c88615539fdbb5,BLOCKED,1,403,403,
CG,search,10,192,2d599993f2e44617,BLOCKED,1,403,403,
CG,search,10,200,9f54c76191b2ef7b,BLOCKED,1,403,403,
CG,search,10,204,8300edcdae6c673f,BLOCKED,1,200,403,
CG,search,10,205,6738ff0b4612886a,BLOCKED,1,403,403,
CG,search,10,206,be697986ecc48ca5,BLOCKED,1,200,403,
CG,search,10,207,0cf9b185ac1343c4,BLOCKED,1,403,403,
CG,search,10,209,d0aa4650ee89625f,BLOCKED,1,200,403,
CG,search,10,210,8948d6e0f3282bdd,BLOCKED,1,200,403,
CG,search,10,211,694a44217860cfcf,BLOCKED,1,200,403,
CG,search,10,214,b3d27f4341810da5,BLOCKED,1,200,403,
CG,search,10,229,b694bd74d51dcc8c,BLOCKED,1,200,403,
CG,search,10,232,b39d0504cfe6f106,BLOCKED,1,200,403,
CG,search,10,233,481ea46b08536e0c,BLOCKED,1,200,403,
CG,search,10,234,09dc3b01074a277d,BLOCKED,1,403,403,
CG,search,10,235,65e99ea71ddac598,BLOCKED,1,200,403,
CG,search,10,236,6a32d9cbaaf09273,BLOCKED,1,200,403,
CG,search,10,237,055018b8052c4ec6,BLOCKED,1,200,403,
CG,search,10,239,610081e9d35be093,BLOCKED,1,200,403,
CG,search,10,241,4ed7074d9b7dada9,BLOCKED,1,200,403,
CG,search,10,245,b6aa145700898dc3,BLOCKED,1,403,403,
CG,search,10,255,b6bfb0ca0b8af950,BLOCKED,1,403,403,
CG,search,10,260,fd0bb3334cedd2bd,BLOCKED,1,200,403,
CG,search,10,261,3ae27b0eb24a2b30,BLOCKED,1,200,403,
CG,search,10,262,16cbd42d07a13fb4,BLOCKED,1,200,403,
CG,search,10,263,d831c6b51e07065e,BLOCKED,1,403,403,
CG,search,10,264,dfba79139437b916,BLOCKED,1,200,403,
CG,search,10,265,96efd9bd9b90b091,BLOCKED,1,200,403,
CG,search,10,266,834589a3619436d2,BLOCKED,1,200,403,
CG,search,10,267,5a9bd47a24d3f938,BLOCKED,1,200,403,
CG,search,10,285,e1973f27feaa8baf,BLOCKED,1,403,403,
CG,search,10,288,c8d069f98ad7c0af,BLOCKED,1,403,403,
CG,search,10,289,bcc0ff79317886f6,BLOCKED,1,403,403,
CG,search,10,290,8a8f24c2d4612f6b,BLOCKED,1,403,403,
CG,search,10,291,25fef1d873e377e3,BLOCKED,1,403,403,
CG,search,10,292,65e663133db8754f,BLOCKED,1,200,403,
CG,search,10,294,66ddae3fb0d19eab,BLOCKED,1,200,403,
CG,search,10,295,be329771220bf1a1,BLOCKED,1,200,403,
CG,search,10,296,aa8ca88f14340f82,BLOCKED,1,200,403,
CG,search,10,298,0ea91d79eb0d7c81,BLOCKED,1,200,403,
CG,search,10,299,1f62d46428a7813c,BLOCKED,1,200,403,
PP,calc,1,18,024ac60a3b38f0d6,BLOCKED,1,200,403,
PP,calc,1,20,ad08df364f53a14c,BLOCKED,1,403,403,
PP,calc,1,22,a0e73df1f7db1501,BLOCKED,1,403,403,
PP,calc,1,23,f586fa1cced20ebf,BLOCKED,1,200,403,
PP,calc,1,24,77244b6dd1159e6e,BLOCKED,1,403,403,
PP,calc,1,28,fcf33ad2d10b4e92,BLOCKED,1,403,403,
PP,calc,1,30,70042d89ae49fd85,BLOCKED,1,403,403,
PP,calc,1,32,6e9362adba9e6665,BLOCKED,1,200,403,
PP,calc,1,33,70bef522626e5378,BLOCKED,1,403,403,
PP,calc,1,40,9b16cc9fe665201f,BLOCKED,1,200,403,
PP,calc,1,41,3b189cf920c7529e,BLOCKED,1,403,403,
PP,calc,1,44,21ad287313b68370,BLOCKED,1,200,403,
PP,calc,1,48,f9c8d94f5f67c094,BLOCKED,1,200,403,
PP,calc,1,52,33127d6e462b80ab,BLOCKED,1,200,403,
PP,calc,1,56,c60fc1a470c07d51,BLOCKED,1,403,403,
PP,calc,1,68,c1c12e2b593a3a9c,BLOCKED,1,200,403,
PP,calc,1,69,709b210895c33937,BLOCKED,1,403,403,
PP,calc,1,72,404f1d2810c5a91b,BLOCKED,1,403,403,
PP,calc,1,74,361de442318d5c19,BLOCKED,1,200,403,
PP,calc,1,75,5c9a8416216be643,BLOCKED,1,200,403,
PP,calc,1,78,cac0501f40c55e75,BLOCKED,1,200,403,
PP,calc,1,79,409287c82d143aa0,BLOCKED,1,200,403,
PP,calc,1,80,7f2b8779d36316d5,BLOCKED,1,200,403,
PP,calc,1,82,89de129199b9c39b,BLOCKED,1,200,403,
PP,calc,1,85,5ca65792aceb56ba,BLOCKED,1,200,403,
PP,calc,1,86,d87c6a7433b2ee34,BLOCKED,1,403,403,
PP,calc,1,88,0b65a3545fa7ea90,BLOCKED,1,200,403,
PP,calc,1,89,758169d839778e55,BLOCKED,1,200,403,
PP,calc,1,90,ce6371e2d8e39c11,BLOCKED,1,200,403,
PP,calc,1,92,db4fe45b619c246a,BLOCKED,1,403,403,
PP,calc,1,93,084215d6b85fc5fd,BLOCKED,1,200,403,
PP,calc,1,94,959bd494bc697e4c,BLOCKED,1,200,403,
PP,calc,1,95,59e3404c6238e531,BLOCKED,1,403,403,
PP,calc,1,96,06080c0927848952,BLOCKED,1,200,403,
PP,calc,1,101,65debc0e9f46c10a,BLOCKED,1,200,403,
PP,calc,1,110,10e0473a8c244509,BLOCKED,1,200,403,
PP,calc,1,115,44722021b4fbb4b7,BLOCKED,1,403,403,
PP,calc,1,119,f87c6228c5ba77fd,BLOCKED,1,403,403,
PP,calc,1,121,d323b0e7d4451182,BLOCKED,1,200,403,
PP,calc,1,123,61fc479ad554102b,BLOCKED,1,403,403,
PP,calc,1,124,8a74c21d0fc2ca33,BLOCKED,1,200,403,
PP,calc,1,127,b3de2f71ded3a61d,BLOCKED,1,200,403,
PP,calc,1,148,ca1b0885ebe31d6c,BLOCKED,1,200,403,
PP,calc,1,149,0bdb7eccb4d78b3d,BLOCKED,1,403,403,
PP,calc,1,155,f03f007200f932ab,BLOCKED,1,200,403,
PP,calc,1,164,8ce10daf68339352,BLOCKED,1,403,403,
PP,calc,1,166,42e9491e4d32421b,BLOCKED,1,200,403,
PP,calc,1,167,220b3c0f8195bbd9,BLOCKED,1,200,403,
PP,calc,1,168,d435f9fdb7c43b4a,BLOCKED,1,200,403,
PP,calc,1,169,153566cae1f238ce,BLOCKED,1,200,403,
PP,calc,1,172,dd92e5d933e5fa32,BLOCKED,1,200,403,
PP,calc,1,173,dceaf9416b3f846a,BLOCKED,1,200,403,
PP,calc,1,176,a16f1b04fe98af6b,BLOCKED,1,403,403,
PP,calc,1,177,9797f16a86095a66,BLOCKED,1,403,403,
PP,calc,1,178,167f3eeb0f0924bb,BLOCKED,1,403,403,
PP,calc,1,179,0feb23cbc306054f,BLOCKED,1,403,403,
PP,calc,1,180,3e0013b666fe9dfc,BLOCKED,1,200,403,
PP,calc,1,183,bc8c1bb03e04d1a1,BLOCKED,1,200,403,
PP,calc,1,184,e6463527f915f8d3,BLOCKED,1,200,403,
PP,calc,1,185,ead1985b7120ab69,BLOCKED,1,403,403,
PP,calc,1,186,49161765b9e1ef7a,BLOCKED,1,200,403,
PP,calc,1,189,d688b43e45c3b9a2,BLOCKED,1,403,403,
PP,calc,1,190,a43fe25aa8aac25a,BLOCKED,1,403,403,
PP,calc,1,191,0dcc4a48e7d17043,BLOCKED,1,403,403,
PP,calc,1,193,819a8e03132f526d,BLOCKED,1,403,403,
PP,calc,1,194,81dff1f7997556bb,BLOCKED,1,200,403,
PP,calc,1,196,e43346b7e52d9213,BLOCKED,1,200,403,
PP,calc,1,197,a289240bf25c9782,BLOCKED,1,200,403,
PP,calc,1,198,63021dbc19056740,BLOCKED,1,200,403,
PP,calc,1,201,63153d1b154811e6,BLOCKED,1,403,403,
PP,calc,1,202,ef55904cd33f4858,BLOCKED,1,403,403,
PP,calc,1,204,3670becd3c9a0c60,BLOCKED,1,200,403,
PP,calc,1,207,a0fbc098c5da081a,BLOCKED,1,200,403,
PP,calc,1,210,f7b8983aac9bb1b6,BLOCKED,1,200,403,
PP,calc,1,211,8cf1d8b904ef2de2,BLOCKED,1,200,403,
PP,calc,1,214,1009b3d28b690b9d,BLOCKED,1,403,403,
PP,calc,1,225,37635eda46ffa7f6,BLOCKED,1,200,403,
PP,calc,1,227,766c08929599d155,BLOCKED,1,200,403,
PP,calc,1,228,5becaa002e479b7f,BLOCKED,1,403,403,
PP,calc,1,229,bcd18d3947ee2cab,BLOCKED,1,200,403,
PP,calc,1,230,7a4eaaa7ca33aa7d,BLOCKED,1,403,403,
PP,calc,1,232,f2858eb7024ac6c6,BLOCKED,1,200,403,
PP,calc,1,239,d5ee2eaef3421d53,BLOCKED,1,200,403,
PP,calc,1,247,4fc6065300ca3e3d,BLOCKED,1,200,403,
PP,calc,1,260,e5aae32b43394ac1,BLOCKED,1,200,403,
PP,calc,1,261,90529fed3e9365fc,BLOCKED,1,200,403,
PP,calc,1,262,2998b12e96a6569e,BLOCKED,1,403,403,
PP,calc,1,268,ece5df1f5ec3c441,BLOCKED,1,200,403,
PP,calc,1,270,6d382963c99e8653,BLOCKED,1,200,403,
PP,calc,1,272,35253667df02814a,BLOCKED,1,200,403,
PP,calc,1,273,a82dff6706e4aae0,BLOCKED,1,200,403,
PP,calc,1,282,2a21f64ccca4f8c7,BLOCKED,1,403,403,
PP,calc,1,284,ae0c1cc10241c47b,BLOCKED,1,200,403,
PP,calc,1,286,682e62ead9d87957,BLOCKED,1,403,403,
PP,calc,1,287,72b27c3b3353ded9,BLOCKED,1,200,403,
PP,calc,1,288,13e753280f4818fb,BLOCKED,1,200,403,
PP,calc,1,291,dc87e2120089356a,BLOCKED,1,200,403,
PP,calc,1,292,6f316f55b8c1846c,BLOCKED,1,200,403,
PP,calc,1,296,6f9865e488650da3,BLOCKED,1,403,403,
PP,calc,2,1,d14fa5c1855cafa9,BLOCKED,1,403,403,
PP,calc,2,2,ee6e8ad2f5e18ff1,BLOCKED,1,200,403,
PP,calc,2,3,4a0fcdb7e3f8bb25,BLOCKED,1,403,403,
PP,calc,2,4,5957af4d276070df,BLOCKED,1,200,403,
PP,calc,2,6,440624290fec5bd0,BLOCKED,1,200,403,
PP,calc,2,7,b9527efdfb1fa8a1,BLOCKED,1,403,403,
PP,calc,2,8,08e10de61dca6ede,BLOCKED,1,403,403,
PP,calc,2,22,c1c12e2b593a3a9c,BLOCKED,1,200,403,
PP,calc,2,28,39f2801224867c55,BLOCKED,1,200,403,
PP,calc,2,29,5ec2ebdacc69d5d7,BLOCKED,1,200,403,
PP,calc,2,31,2c27822578e27a61,BLOCKED,1,200,403,
PP,calc,2,32,343e7ee78f5f234d,BLOCKED,1,200,403,
PP,calc,2,34,e5e1d58eec4e586e,BLOCKED,1,200,403,
PP,calc,2,37,ff39bc3190d76c5d,BLOCKED,1,200,403,
PP,calc,2,40,550f3bafb9fc5d6e,BLOCKED,1,200,403,
PP,calc,2,41,916a1bb249aa519c,BLOCKED,1,200,403,
PP,calc,2,54,6b1e0721445140ec,BLOCKED,1,200,403,
PP,calc,2,57,0c39e8ed10e89118,BLOCKED,1,200,403,
PP,calc,2,58,dd92e5d933e5fa32,BLOCKED,1,200,403,
PP,calc,2,59,a27596e08b704ee5,BLOCKED,1,200,403,
PP,calc,2,63,d76cf1afdee8c877,BLOCKED,1,403,403,
PP,calc,2,64,615dc521a4135355,BLOCKED,1,403,403,
PP,calc,2,65,d2a8537d13933c16,BLOCKED,1,200,403,
PP,calc,2,66,dbe4030228256d78,BLOCKED,1,200,403,
PP,calc,2,70,a5fd7cdc8f6a2ed2,BLOCKED,1,200,403,
PP,calc,2,73,fa73a9c52d084ca8,BLOCKED,1,403,403,
PP,calc,2,74,38ebcade196dcf6f,BLOCKED,1,200,403,
PP,calc,2,77,e5c270f05fb1e162,BLOCKED,1,200,403,
PP,calc,2,79,2a21f64ccca4f8c7,BLOCKED,1,403,403,
PP,calc,2,80,54c41bc1f219ee9c,BLOCKED,1,200,403,
PP,calc,2,81,cd88ce8a6986688a,BLOCKED,1,200,403,
PP,calc,2,82,61e79b7b30eab360,BLOCKED,1,403,403,
PP,calc,2,85,9f633c5db87c7f97,BLOCKED,1,403,403,
PP,calc,2,86,e58443ae560a9a38,BLOCKED,1,403,403,
PP,calc,2,87,d947cd0535a7b2ed,BLOCKED,1,200,403,
PP,calc,2,92,d9d9e1b6246bc333,BLOCKED,1,200,403,
PP,calc,2,102,0d0adce05af1634a,BLOCKED,1,200,403,
PP,calc,2,105,3a8bd31c2592816c,BLOCKED,1,200,403,
PP,calc,2,108,3581d0d458a7812a,BLOCKED,1,200,403,
PP,calc,2,112,4d3962fec136600c,BLOCKED,1,200,403,
PP,calc,2,113,63358ca0cc9a0a9f,BLOCKED,1,200,403,
PP,calc,2,117,2dd6e1ffd49d3b22,BLOCKED,1,200,403,
PP,calc,2,119,da6506ddfc9be75e,BLOCKED,1,200,403,
PP,calc,2,120,589d95bdfc2f5bc7,BLOCKED,1,403,403,
PP,calc,2,122,b19a87df0011fcbe,BLOCKED,1,200,403,
PP,calc,2,123,a43fe25aa8aac25a,BLOCKED,1,403,403,
PP,calc,2,126,2d63100f1c463e0c,BLOCKED,1,200,403,
PP,calc,2,127,95d58c4be76a11e7,BLOCKED,1,200,403,
PP,calc,2,128,6e9362adba9e6665,BLOCKED,1,200,403,
PP,calc,2,137,3601b9c5e8ba3b57,BLOCKED,1,403,403,
PP,calc,2,139,504189176f615209,BLOCKED,1,403,403,
PP,calc,2,140,cf984a729d0e784c,BLOCKED,1,200,403,
PP,calc,2,149,95c7a45b6d991f6e,BLOCKED,1,403,403,
PP,calc,2,159,c9d5469f849a33c0,BLOCKED,1,200,403,
PP,calc,2,162,678818f45edf2a40,BLOCKED,1,200,403,
PP,calc,2,166,642e2967108616ff,BLOCKED,1,403,403,
PP,calc,2,169,0918a09831bf8a14,BLOCKED,1,403,403,
PP,calc,2,174,9fe449c0dd8d6dca,BLOCKED,1,403,403,
PP,calc,2,177,f4a7635846b1ed3c,BLOCKED,1,200,403,
PP,calc,2,178,5babc5a62a1566ee,BLOCKED,1,200,403,
PP,calc,2,180,d5ee2eaef3421d53,BLOCKED,1,200,403,
PP,calc,2,181,bd2cdb5fa2eb4644,BLOCKED,1,403,403,
PP,calc,2,183,ae26b634432b472b,BLOCKED,1,200,403,
PP,calc,2,184,4093393d2ba28694,BLOCKED,1,403,403,
PP,calc,2,185,3b26918488614c6f,BLOCKED,1,200,403,
PP,calc,2,186,359638d7e8f2ef2d,BLOCKED,1,200,403,
PP,calc,2,187,4a848fc9f7e68961,BLOCKED,1,200,403,
PP,calc,2,188,2f92198f31731ffd,BLOCKED,1,200,403,
PP,calc,2,189,e2939cf5aa8d3ac9,BLOCKED,1,200,403,
PP,calc,2,190,ac356340c3dd95f0,BLOCKED,1,200,403,
PP,calc,2,192,72c03562b967bebe,BLOCKED,1,200,403,
PP,calc,2,194,a45a13eebd11b49d,BLOCKED,1,200,403,
PP,calc,2,199,ed12c37de548454e,BLOCKED,1,200,403,
PP,calc,2,200,30ca00698b649b85,BLOCKED,1,200,403,
PP,calc,2,203,5f1a89d556460eba,BLOCKED,1,200,403,
PP,calc,2,207,6303b67047befa21,BLOCKED,1,403,403,
PP,calc,2,226,229e22522be9b69f,BLOCKED,1,200,403,
PP,calc,2,229,657f947a56d655d7,BLOCKED,1,403,403,
PP,calc,2,233,4c3c9f8a592dbf7c,BLOCKED,1,200,403,
PP,calc,2,234,eee859253b300f1d,BLOCKED,1,200,403,
PP,calc,2,236,f0fc8235c40aa44e,BLOCKED,1,200,403,
PP,calc,2,237,410088ebc5d3a82b,BLOCKED,1,200,403,
PP,calc,2,238,e8274b1adb3274df,BLOCKED,1,200,403,
PP,calc,2,241,c42d38f830956cd0,BLOCKED,1,200,403,
PP,calc,2,243,abcb659c34ba54e8,BLOCKED,1,403,403,
PP,calc,2,244,4d57b755e63d62a6,BLOCKED,1,200,403,
PP,calc,2,250,e3d5e19d4e2b6aff,BLOCKED,1,200,403,
PP,calc,2,251,e6784bfdc26d024e,BLOCKED,1,200,403,
PP,calc,2,252,e6463527f915f8d3,BLOCKED,1,200,403,
PP,calc,2,259,5e0c8131174b82bb,BLOCKED,1,200,403,
PP,calc,2,260,63d3cd7ce7cf8b69,BLOCKED,1,403,403,
PP,calc,2,263,077f8880d546f2b6,BLOCKED,1,200,403,
PP,calc,2,266,c51c245e82d72fb3,BLOCKED,1,403,403,
PP,calc,2,268,c6e0531f339a3f90,BLOCKED,1,200,403,
PP,calc,2,278,0dedb1f1cb124b2a,BLOCKED,1,403,403,
PP,calc,2,281,f96cf87d3aecf235,BLOCKED,1,200,403,
PP,calc,2,283,70bef522626e5378,BLOCKED,1,403,403,
PP,calc,2,284,8662af9c0625924f,BLOCKED,1,403,403,
PP,calc,2,288,389a3eaa7f7e0ef3,BLOCKED,1,200,403,
PP,calc,2,293,9b84f661592a35f6,BLOCKED,1,200,403,
PP,calc,2,294,5d031ba235630b60,BLOCKED,1,403,403,
PP,calc,2,296,9740071f7298e66e,BLOCKED,1,403,403,
PP,calc,3,1,62aa2d1d9a1b6a81,BLOCKED,1,200,403,
PP,calc,3,3,1009b3d28b690b9d,BLOCKED,1,403,403,
PP,calc,3,5,48513d1af41f4804,BLOCKED,1,403,403,
PP,calc,3,6,5515c8be60899613,BLOCKED,1,200,403,
PP,calc,3,7,508c873ed019f4a2,BLOCKED,1,403,403,
PP,calc,3,23,30d70c140b641b27,BLOCKED,1,403,403,
PP,calc,3,26,61feb2393e3295e8,BLOCKED,1,200,403,
PP,calc,3,27,75ffee675948b745,BLOCKED,1,403,403,
PP,calc,3,28,eaeaffa695912d04,BLOCKED,1,200,403,
PP,calc,3,29,939fc52e64029bd5,BLOCKED,1,200,403,
PP,calc,3,33,884200c811b41d56,BLOCKED,1,200,403,
PP,calc,3,34,18e1142e8a21e92c,BLOCKED,1,403,403,
PP,calc,3,36,8cf1d8b904ef2de2,BLOCKED,1,200,403,
PP,calc,3,37,f19cbdbb44414b26,BLOCKED,1,403,403,
PP,calc,3,39,8a08469ef36fd53f,BLOCKED,1,200,403,
PP,calc,3,40,376bba2d2ceb926d,BLOCKED,1,200,403,
PP,calc,3,41,d5ee2eaef3421d53,BLOCKED,1,200,403,
PP,calc,3,46,359638d7e8f2ef2d,BLOCKED,1,200,403,
PP,calc,3,47,51edc925208ee063,BLOCKED,1,200,403,
PP,calc,3,72,1cddefe9573a91f4,BLOCKED,1,200,403,
PP,calc,3,119,3f29545d30943b6d,BLOCKED,1,403,403,
PP,calc,3,120,cd88ce8a6986688a,BLOCKED,1,200,403,
PP,calc,3,121,901cae58d76366d5,BLOCKED,1,200,403,
PP,calc,3,130,2e2f606d77c8ef85,BLOCKED,1,403,403,
PP,calc,3,131,2d0ef887eff24c7a,BLOCKED,1,403,403,
PP,calc,3,133,39aed93b0a18628d,BLOCKED,1,403,403,
PP,calc,3,136,c1863eeda2a553ed,BLOCKED,1,200,403,
PP,calc,3,137,4c6cdbca29453815,BLOCKED,1,403,403,
PP,calc,3,138,d12457c3d5f7fe6e,BLOCKED,1,403,403,
PP,calc,3,139,572452ffe4b4bd0b,BLOCKED,1,403,403,
PP,calc,3,140,c7c6cf0fc211d139,BLOCKED,1,200,403,
PP,calc,3,141,dab7d207919c9ce1,BLOCKED,1,200,403,
PP,calc,3,142,be6253b31fddfe9f,BLOCKED,1,200,403,
PP,calc,3,145,f96b7f24410f6736,BLOCKED,1,200,403,
PP,calc,3,150,78f45c377fb0e600,BLOCKED,1,403,403,
PP,calc,3,156,0ed60d097d4d2a9e,BLOCKED,1,200,403,
PP,calc,3,162,46953f92014d4029,BLOCKED,1,200,403,
PP,calc,3,168,c8469b876f613158,BLOCKED,1,200,403,
PP,calc,3,170,72b27c3b3353ded9,BLOCKED,1,200,403,
PP,calc,3,172,ae730de527b01def,BLOCKED,1,200,403,
PP,calc,3,175,aaf608ed07c4bdb3,BLOCKED,1,403,403,
PP,calc,3,176,be70aae0ce0ee5b5,BLOCKED,1,403,403,
PP,calc,3,179,019ff571311a9811,BLOCKED,1,200,403,
PP,calc,3,182,7e59bea1f41e8491,BLOCKED,1,200,403,
PP,calc,3,187,c69b02833a49a2e5,BLOCKED,1,200,403,
PP,calc,3,191,c3ed6e7b223d2b76,BLOCKED,1,200,403,
PP,calc,3,199,2334e1921ef5cf07,BLOCKED,1,403,403,
PP,calc,3,202,2152164732a64c27,BLOCKED,1,200,403,
PP,calc,3,208,6f681eeab690c56f,BLOCKED,1,403,403,
PP,calc,3,221,90220a24d9b07e53,BLOCKED,1,403,403,
PP,calc,3,223,a0295c4af5fc97bd,BLOCKED,1,403,403,
PP,calc,3,234,9329723d5f2aa7ba,BLOCKED,1,403,403,
PP,calc,3,239,39f2801224867c55,BLOCKED,1,200,403,
PP,calc,3,253,e5aae32b43394ac1,BLOCKED,1,200,403,
PP,calc,3,266,28df0ac5717fe328,BLOCKED,1,403,403,
PP,calc,3,267,7655330192242184,BLOCKED,1,403,403,
PP,calc,3,270,7e9d428929998ff7,BLOCKED,1,403,403,
PP,calc,3,271,d078dbaa0a02a838,BLOCKED,1,403,403,
PP,calc,3,273,47f505f133fe1d5b,BLOCKED,1,403,403,
PP,calc,3,274,066d04329a6759a4,BLOCKED,1,200,403,
PP,calc,3,278,7f657e80f8eed237,BLOCKED,1,200,403,
PP,calc,3,281,ff28a2df031f3799,BLOCKED,1,403,403,
PP,calc,3,282,d7578993ef7fca94,BLOCKED,1,200,403,
PP,calc,3,284,888ef241c5272992,BLOCKED,1,200,403,
PP,calc,3,285,a06911d6fbdf5d9f,BLOCKED,1,403,403,
PP,calc,3,286,b4711ca3c7036ae2,BLOCKED,1,200,403,
PP,calc,3,287,d3068099abfa1394,BLOCKED,1,200,403,
PP,calc,3,288,2e456f8020a5cf29,BLOCKED,1,200,403,
PP,calc,3,289,cac0501f40c55e75,BLOCKED,1,200,403,
PP,calc,3,290,2bc4972613236c91,BLOCKED,1,200,403,
PP,calc,3,291,1f38f64377f913ff,BLOCKED,1,200,403,
PP,calc,3,294,9bc45c3b37913e20,BLOCKED,1,200,403,
PP,calc,3,295,e004d136f8c8da03,BLOCKED,1,403,403,
PP,calc,3,297,a86a911b708be24e,BLOCKED,1,403,403,
PP,calc,3,298,b5ad30566d09fe71,BLOCKED,1,200,403,
PP,calc,3,300,761550748e661649,BLOCKED,1,200,403,
PP,calc,4,10,07999e88b536a4e1,BLOCKED,1,403,403,
PP,calc,4,15,b49434104d996591,BLOCKED,1,403,403,
PP,calc,4,34,abc9b8395f4d2bc8,BLOCKED,1,200,403,
PP,calc,4,40,ac2a7be5feb093e1,BLOCKED,1,200,403,
PP,calc,4,41,4093393d2ba28694,BLOCKED,1,403,403,
PP,calc,4,43,74ddc70aaec8c33f,BLOCKED,1,403,403,
PP,calc,4,47,0fa818ed8b23daac,BLOCKED,1,403,403,
PP,calc,4,56,54ae30f94937fc70,BLOCKED,1,200,403,
PP,calc,4,59,7d9ddcbfc97a7393,BLOCKED,1,403,403,
PP,calc,4,60,9eaf57455141ed71,BLOCKED,1,200,403,
PP,calc,4,61,a2208e0bd52b2e41,BLOCKED,1,200,403,
PP,calc,4,62,c70342590da9159b,BLOCKED,1,200,403,
PP,calc,4,63,e09e77f4ba4388d8,BLOCKED,1,200,403,
PP,calc,4,65,5cf36df14fe0e19f,BLOCKED,1,200,403,
PP,calc,4,68,75ffee675948b745,BLOCKED,1,403,403,
PP,calc,4,85,1b1be9bf9120f5c2,BLOCKED,1,403,403,
PP,calc,4,86,0ac23925cfb46c1e,BLOCKED,1,200,403,
PP,calc,4,87,62bc9407adf4a77f,BLOCKED,1,403,403,
PP,calc,4,93,d566b3083140fee4,BLOCKED,1,403,403,
PP,calc,4,95,dab5e2d965bbbb90,BLOCKED,1,200,403,
PP,calc,4,100,95a7b78b2e67baf9,BLOCKED,1,403,403,
PP,calc,4,107,883d7e3727f43add,BLOCKED,1,403,403,
PP,calc,4,120,7f854b290c812ac1,BLOCKED,1,200,403,
PP,calc,4,127,31052c7562d711ef,BLOCKED,1,403,403,
PP,calc,4,129,2c0996e94d4de631,BLOCKED,1,200,403,
PP,calc,4,130,6105d97b582d2bcc,BLOCKED,1,200,403,
PP,calc,4,134,ec97cd507af4bb2a,BLOCKED,1,200,403,
PP,calc,4,136,908b1a01b776c75d,BLOCKED,1,200,403,
PP,calc,4,137,805c8c05edbe7e44,BLOCKED,1,403,403,
PP,calc,4,138,77244b6dd1159e6e,BLOCKED,1,403,403,
PP,calc,4,141,9b37a08428a38ec6,BLOCKED,1,403,403,
PP,calc,4,145,fa3bf63c8d2a399a,BLOCKED,1,200,403,
PP,calc,4,146,c63b2c27b5da8264,BLOCKED,1,403,403,
PP,calc,4,148,d87c6a7433b2ee34,BLOCKED,1,403,403,
PP,calc,4,150,ec563426d4d8a098,BLOCKED,1,403,403,
PP,calc,4,152,5a1ff0e03e3f5527,BLOCKED,1,200,403,
PP,calc,4,153,5d6b7fd74d9c018f,BLOCKED,1,403,403,
PP,calc,4,154,70dccffaee6171c6,BLOCKED,1,200,403,
PP,calc,4,158,b2d3684a933fa832,BLOCKED,1,403,403,
PP,calc,4,167,da440a3b97bbe82e,BLOCKED,1,200,403,
PP,calc,4,177,f4a7635846b1ed3c,BLOCKED,1,200,403,
PP,calc,4,182,6db4e3a55553c871,BLOCKED,1,200,403,
PP,calc,4,183,34d1759cfb05c7a1,BLOCKED,1,200,403,
PP,calc,4,184,137e7f5bb2008800,BLOCKED,1,200,403,
PP,calc,4,186,74b8ac529d065fbd,BLOCKED,1,200,403,
PP,calc,4,189,dfe1b9f2f5573e25,BLOCKED,1,200,403,
PP,calc,4,190,35b86a5be7d474ec,BLOCKED,1,403,403,
PP,calc,4,192,5b416d716ea050b2,BLOCKED,1,403,403,
PP,calc,4,194,18efd9c0f4a186e2,BLOCKED,1,403,403,
PP,calc,4,196,59b68cd663371ffc,BLOCKED,1,200,403,
PP,calc,4,197,fedfb977fe2e470c,BLOCKED,1,403,403,
PP,calc,4,200,fe04c801550170d0,BLOCKED,1,200,403,
PP,calc,4,203,168529b7294b56fa,BLOCKED,1,403,403,
PP,calc,4,205,24ad85bfef1ef20d,BLOCKED,1,200,403,
PP,calc,4,208,b887d8d6b6371450,BLOCKED,1,403,403,
PP,calc,4,209,56c29d224aca4217,BLOCKED,1,200,403,
PP,calc,4,211,30ca00698b649b85,BLOCKED,1,200,403,
PP,calc,4,216,51edc925208ee063,BLOCKED,1,200,403,
PP,calc,4,224,ca36dd89463f7fde,BLOCKED,1,403,403,
PP,calc,4,226,091239908a6fec3c,BLOCKED,1,200,403,
PP,calc,4,230,b3d94e1c472e38b7,BLOCKED,1,403,403,
PP,calc,4,231,f63d8f645cbc1d0c,BLOCKED,1,403,403,
PP,calc,4,233,81b57fa579642b89,BLOCKED,1,403,403,
PP,calc,4,235,520d8a39a073252c,BLOCKED,1,200,403,
PP,calc,4,236,99bc6b749aae7aea,BLOCKED,1,403,403,
PP,calc,4,237,1db7301b88520b2e,BLOCKED,1,403,403,
PP,calc,4,238,8e2000c4c637ae54,BLOCKED,1,403,403,
PP,calc,4,241,3f6d44a0ebf017e7,BLOCKED,1,403,403,
PP,calc,4,244,098dbbfa5e58a607,BLOCKED,1,200,403,
PP,calc,4,251,33127d6e462b80ab,BLOCKED,1,200,403,
PP,calc,4,252,ef5896446c86b43f,BLOCKED,1,403,403,
PP,calc,4,257,2ec539a5a808b289,BLOCKED,1,403,403,
PP,calc,4,262,733b7142b2a26065,BLOCKED,1,403,403,
PP,calc,4,263,e2643e7fdebc5255,BLOCKED,1,200,403,
PP,calc,4,264,37de157b356b10d6,BLOCKED,1,403,403,
PP,calc,4,265,130e9f7765b2445b,BLOCKED,1,403,403,
PP,calc,4,266,5791152882f80af3,BLOCKED,1,403,403,
PP,calc,4,268,04633d152be0ee5f,BLOCKED,1,403,403,
PP,calc,4,269,2c5da7286431d707,BLOCKED,1,403,403,
PP,calc,4,271,dd377c4385c7d56d,BLOCKED,1,403,403,
PP,calc,4,272,af9f308ba591728f,BLOCKED,1,403,403,
PP,calc,4,275,9e3c9cf530bfb753,BLOCKED,1,403,403,
PP,calc,4,276,49c614b1a9f3f96e,BLOCKED,1,200,403,
PP,calc,4,277,a7334833c91835a0,BLOCKED,1,200,403,
PP,calc,4,278,a09f389654ee81df,BLOCKED,1,200,403,
PP,calc,4,279,2ab4410c1842486c,BLOCKED,1,200,403,
PP,calc,4,281,586345dae7dc92f3,BLOCKED,1,200,403,
PP,calc,4,282,d2a9ec7fe21aceaa,BLOCKED,1,403,403,
PP,calc,4,284,17d86388383dc9ae,BLOCKED,1,403,403,
PP,calc,4,285,a60f53d43b73e902,BLOCKED,1,200,403,
PP,calc,4,286,f872d0067d5e9ee0,BLOCKED,1,200,403,
PP,calc,4,288,ec19320d20e067cc,BLOCKED,1,200,403,
PP,calc,4,291,a43fe25aa8aac25a,BLOCKED,1,403,403,
PP,calc,4,293,fdd44232170de9d8,BLOCKED,1,403,403,
PP,calc,4,294,0cc2afa0a9ac0308,BLOCKED,1,200,403,
PP,calc,4,295,15f7227563a93f7c,BLOCKED,1,200,403,
PP,calc,4,298,229e22522be9b69f,BLOCKED,1,200,403,
PP,calc,4,299,f146844d842c3c2d,BLOCKED,1,200,403,
PP,calc,5,6,cecc9c5308406473,BLOCKED,1,403,403,
PP,calc,5,13,24463460ad72a65a,BLOCKED,1,200,403,
PP,calc,5,14,3e0013b666fe9dfc,BLOCKED,1,200,403,
PP,calc,5,18,7a8f0cc9aef02fba,BLOCKED,1,403,403,
PP,calc,5,21,9c969aa2d4f7b975,BLOCKED,1,403,403,
PP,calc,5,22,39cadd839bb276db,BLOCKED,1,200,403,
PP,calc,5,23,79d5884969311387,BLOCKED,1,200,403,
PP,calc,5,25,d8311c706e4f8da1,BLOCKED,1,200,403,
PP,calc,5,29,fdc5afeba107f759,BLOCKED,1,403,403,
PP,calc,5,32,395a79d7f1b25f7b,BLOCKED,1,200,403,
PP,calc,5,38,ca73214861e499a0,BLOCKED,1,200,403,
PP,calc,5,48,8ded75ed338ba29b,BLOCKED,1,403,403,
PP,calc,5,58,3cff4e1f497ee67e,BLOCKED,1,200,403,
PP,calc,5,59,fb690cb3cb4ec14d,BLOCKED,1,200,403,
PP,calc,5,61,a044b6d084d4e295,BLOCKED,1,200,403,
PP,calc,5,65,33127d6e462b80ab,BLOCKED,1,200,403,
PP,calc,5,66,7fd63f9b8c49f870,BLOCKED,1,200,403,
PP,calc,5,68,e878bfa273c9b4fa,BLOCKED,1,403,403,
PP,calc,5,81,0bcac8fd0ccc2aea,BLOCKED,1,200,403,
PP,calc,5,85,f4a7635846b1ed3c,BLOCKED,1,200,403,
PP,calc,5,86,7365d1441c5c8a57,BLOCKED,1,200,403,
PP,calc,5,87,57fa9980e1acd161,BLOCKED,1,200,403,
PP,calc,5,89,9b37a08428a38ec6,BLOCKED,1,403,403,
PP,calc,5,91,229e22522be9b69f,BLOCKED,1,200,403,
PP,calc,5,92,99992b3f13258bb7,BLOCKED,1,200,403,
PP,calc,5,93,56e0aad81f14916c,BLOCKED,1,403,403,
PP,calc,5,94,30ff2165facf63bb,BLOCKED,1,200,403,
PP,calc,5,95,be6253b31fddfe9f,BLOCKED,1,200,403,
PP,calc,5,98,a256ade974f48ce0,BLOCKED,1,200,403,
PP,calc,5,100,a2e6940bc26ae235,BLOCKED,1,403,403,
PP,calc,5,102,b28dc2caadb8e304,BLOCKED,1,200,403,
PP,calc,5,107,5561f890a65ec2b2,BLOCKED,1,403,403,
PP,calc,5,109,e2939cf5aa8d3ac9,BLOCKED,1,200,403,
PP,calc,5,110,58f28f2ae7816a68,BLOCKED,1,200,403,
PP,calc,5,117,5e49b2de9d257802,BLOCKED,1,403,403,
PP,calc,5,146,1c8f9c7c54d6ee13,BLOCKED,1,200,403,
PP,calc,5,148,49c727651514283f,BLOCKED,1,403,403,
PP,calc,5,151,b51e2683479a5e22,BLOCKED,1,200,403,
PP,calc,5,153,d473acae849f12ee,BLOCKED,1,200,403,
PP,calc,5,154,e7bbcc83e7e9c7f7,BLOCKED,1,403,403,
PP,calc,5,157,ff7d2ad26ffa975a,BLOCKED,1,200,403,
PP,calc,5,158,e3d5e19d4e2b6aff,BLOCKED,1,200,403,
PP,calc,5,159,926b0ebd2bcb6dba,BLOCKED,1,403,403,
PP,calc,5,160,302ca2423c81dfaa,BLOCKED,1,403,403,
PP,calc,5,161,c3ba81d5751d3077,BLOCKED,1,403,403,
PP,calc,5,163,6bd7ea786a13ec6d,BLOCKED,1,200,403,
PP,calc,5,168,61afbad093d872a0,BLOCKED,1,200,403,
PP,calc,5,169,4e51f7ebf0564dd2,BLOCKED,1,403,403,
PP,calc,5,170,75c283d0ef536335,BLOCKED,1,403,403,
PP,calc,5,171,8a08469ef36fd53f,BLOCKED,1,200,403,
PP,calc,5,172,b3e67cdce07e713e,BLOCKED,1,200,403,
PP,calc,5,173,6c41b0afde49f869,BLOCKED,1,200,403,
PP,calc,5,174,fa67e28ba323ad56,BLOCKED,1,403,403,
PP,calc,5,176,d1c6c158f858d791,BLOCKED,1,403,403,
PP,calc,5,179,17b80564feb779e1,BLOCKED,1,403,403,
PP,calc,5,189,e3bce33985035cf3,BLOCKED,1,200,403,
PP,calc,5,191,7fdaabc493a84a35,BLOCKED,1,403,403,
PP,calc,5,192,440624290fec5bd0,BLOCKED,1,200,403,
PP,calc,5,195,4093393d2ba28694,BLOCKED,1,403,403,
PP,calc,5,197,5f2ad0cacb5f0fb0,BLOCKED,1,200,403,
PP,calc,5,199,9f633c5db87c7f97,BLOCKED,1,403,403,
PP,calc,5,200,8477f6d2944856fe,BLOCKED,1,200,403,
PP,calc,5,201,d22bdb26e8dc8722,BLOCKED,1,200,403,
PP,calc,5,204,d3caef99df4ec96d,BLOCKED,1,200,403,
PP,calc,5,206,0cd17e20edfd5797,BLOCKED,1,403,403,
PP,calc,5,207,de4510a465f3a4f5,BLOCKED,1,200,403,
PP,calc,5,210,959bd494bc697e4c,BLOCKED,1,200,403,
PP,calc,5,211,c63e53eb5ff3c672,BLOCKED,1,403,403,
PP,calc,5,213,e5aae32b43394ac1,BLOCKED,1,200,403,
PP,calc,5,215,019e08a8d96e08de,BLOCKED,1,200,403,
PP,calc,5,216,6525ab2d4d07b816,BLOCKED,1,403,403,
PP,calc,5,217,2e9c496fbbd4aeee,BLOCKED,1,403,403,
PP,calc,5,218,1128d78b2f0fd0b2,BLOCKED,1,403,403,
PP,calc,5,220,06c8e3e3e9e41756,BLOCKED,1,403,403,
PP,calc,5,222,95d58c4be76a11e7,BLOCKED,1,200,403,
PP,calc,5,226,dad474d319d762ee,BLOCKED,1,403,403,
PP,calc,5,227,359638d7e8f2ef2d,BLOCKED,1,200,403,
PP,calc,5,228,d3d8dab41d3c1e6c,BLOCKED,1,403,403,
PP,calc,5,229,019ff571311a9811,BLOCKED,1,200,403,
PP,calc,5,230,160de5457b4786a5,BLOCKED,1,200,403,
PP,calc,5,241,d5ee2eaef3421d53,BLOCKED,1,200,403,
PP,calc,5,245,520d8a39a073252c,BLOCKED,1,200,403,
PP,calc,5,247,5becaa002e479b7f,BLOCKED,1,403,403,
PP,calc,5,248,906559796e037a60,BLOCKED,1,403,403,
PP,calc,5,249,cd88ce8a6986688a,BLOCKED,1,200,403,
PP,calc,5,250,ae730de527b01def,BLOCKED,1,200,403,
PP,calc,5,256,1d48a269abf11129,BLOCKED,1,403,403,
PP,calc,5,258,3e74d23f33071b44,BLOCKED,1,403,403,
PP,calc,5,259,ea31b5479ce08a75,BLOCKED,1,200,403,
PP,calc,5,260,5957af4d276070df,BLOCKED,1,200,403,
PP,calc,5,263,43c482e2f85be366,BLOCKED,1,200,403,
PP,calc,5,265,b0df454e6ff42949,BLOCKED,1,403,403,
PP,calc,5,270,d26fa1bc72938ad8,BLOCKED,1,403,403,
PP,calc,5,271,0beeff2ebe2b9cd5,BLOCKED,1,200,403,
PP,calc,5,272,ca1b0885ebe31d6c,BLOCKED,1,200,403,
PP,calc,5,273,ca43d3d5fa9c0cbe,BLOCKED,1,200,403,
PP,calc,5,275,f872d0067d5e9ee0,BLOCKED,1,200,403,
PP,calc,5,276,a43fe25aa8aac25a,BLOCKED,1,403,403,
PP,calc,5,277,4130d26809fe9557,BLOCKED,1,200,403,
PP,calc,5,280,b195a27a2b4eaff0,BLOCKED,1,200,403,
PP,calc,5,282,cfed4f6505893c20,BLOCKED,1,200,403,
PP,calc,5,283,44722021b4fbb4b7,BLOCKED,1,403,403,
PP,calc,5,284,30ca00698b649b85,BLOCKED,1,200,403,
PP,calc,5,286,8a74c21d0fc2ca33,BLOCKED,1,200,403,
PP,calc,5,287,c7a6514464bdac21,BLOCKED,1,200,403,
PP,calc,5,288,4036f64f48e0eeae,BLOCKED,1,403,403,
PP,calc,5,289,1cd7b57150948d6c,BLOCKED,1,200,403,
PP,calc,5,291,9e790bad50647362,BLOCKED,1,200,403,
PP,calc,5,292,a8e64be307d5635b,BLOCKED,1,200,403,
PP,calc,5,297,0cc2afa0a9ac0308,BLOCKED,1,200,403,
PP,calc,5,298,7b54db383ec954ac,BLOCKED,1,200,403,
PP,calc,6,15,7687c7caec4a7372,BLOCKED,1,200,403,
PP,calc,6,16,33213458132f6a6d,BLOCKED,1,200,403,
PP,calc,6,20,83238c20cf091d09,BLOCKED,1,200,403,
PP,calc,6,22,f7b8983aac9bb1b6,BLOCKED,1,200,403,
PP,calc,6,23,229e22522be9b69f,BLOCKED,1,200,403,
PP,calc,6,29,e01a83e4d18a6e14,BLOCKED,1,200,403,
PP,calc,6,30,d9d9e1b6246bc333,BLOCKED,1,200,403,
PP,calc,6,32,ec5df09dfe1acf62,BLOCKED,1,200,403,
PP,calc,6,34,9cad25637f179f7e,BLOCKED,1,200,403,
PP,calc,6,38,538478db416a726a,BLOCKED,1,403,403,
PP,calc,6,39,1841129a1cb1cc6a,BLOCKED,1,200,403,
PP,calc,6,44,63358ca0cc9a0a9f,BLOCKED,1,200,403,
PP,calc,6,45,33cdcae50c2843fe,BLOCKED,1,200,403,
PP,calc,6,47,db21af2d169f5fea,BLOCKED,1,200,403,
PP,calc,6,48,3a47e65cfb8d5697,BLOCKED,1,200,403,
PP,calc,6,49,c86a239feeda77a0,BLOCKED,1,200,403,
PP,calc,6,50,539a68bb8556cf38,BLOCKED,1,403,403,
PP,calc,6,52,e4e0822c291cbceb,BLOCKED,1,200,403,
PP,calc,6,54,c2cd6b78a498dd59,BLOCKED,1,403,403,
PP,calc,6,55,fc869f6548897cdc,BLOCKED,1,403,403,
PP,calc,6,58,55b6f095d2040512,BLOCKED,1,403,403,
PP,calc,6,59,1c2512daff089e2d,BLOCKED,1,403,403,
PP,calc,6,60,23277d10fb39bece,BLOCKED,1,403,403,
PP,calc,6,61,20f39497b5c355ac,BLOCKED,1,200,403,
PP,calc,6,62,20919f2e5f884d42,BLOCKED,1,403,403,
PP,calc,6,63,bdc6cc2c45b5db40,BLOCKED,1,403,403,
PP,calc,6,65,c5b0050be2f2296f,BLOCKED,1,200,403,
PP,calc,6,66,ed13d3c872bc22cd,BLOCKED,1,200,403,
PP,calc,6,67,5fd3070cc290c108,BLOCKED,1,403,403,
PP,calc,6,69,589d95bdfc2f5bc7,BLOCKED,1,403,403,
PP,calc,6,70,59ce28c99510a737,BLOCKED,1,200,403,
PP,calc,6,71,43ee58bbdf309a87,BLOCKED,1,200,403,
PP,calc,6,72,c8dcb70d83c37df8,BLOCKED,1,403,403,
PP,calc,6,73,134323ab624450ea,BLOCKED,1,403,403,
PP,calc,6,75,39368469f61a0a53,BLOCKED,1,200,403,
PP,calc,6,76,efadf14422c030e5,BLOCKED,1,403,403,
PP,calc,6,78,15d25cbfab769481,BLOCKED,1,403,403,
PP,calc,6,79,cfd30f6c674315f5,BLOCKED,1,200,403,
PP,calc,6,80,a6ad6295dacae9e7,BLOCKED,1,403,403,
PP,calc,6,86,8a74c21d0fc2ca33,BLOCKED,1,200,403,
PP,calc,6,89,d0eeb62fbf85e184,BLOCKED,1,403,403,
PP,calc,6,90,ee578761cc59340a,BLOCKED,1,403,403,
PP,calc,6,91,01b33849e6ed3dca,BLOCKED,1,403,403,
PP,calc,6,92,35285c88a9493fe5,BLOCKED,1,200,403,
PP,calc,6,100,e2939cf5aa8d3ac9,BLOCKED,1,200,403,
PP,calc,6,101,a349c4d74b4dee41,BLOCKED,1,200,403,
PP,calc,6,108,0bc49795ae571591,BLOCKED,1,403,403,
PP,calc,6,110,8f9cb31aeab4f8f4,BLOCKED,1,403,403,
PP,calc,6,111,d78a35c18cc25340,BLOCKED,1,200,403,
PP,calc,6,113,9cd3d3cd25769f85,BLOCKED,1,403,403,
PP,calc,6,114,56e0aad81f14916c,BLOCKED,1,403,403,
PP,calc,6,118,307093e9e9542bd7,BLOCKED,1,200,403,
PP,calc,6,119,3b26918488614c6f,BLOCKED,1,200,403,
PP,calc,6,123,d89d458e230173c0,BLOCKED,1,200,403,
PP,calc,6,149,ff263dc92b6b0de4,BLOCKED,1,403,403,
PP,calc,6,150,51040a7328ff8ea0,BLOCKED,1,403,403,
PP,calc,6,158,9d6f48ce348e9fb0,BLOCKED,1,200,403,
PP,calc,6,171,764cf317912589b7,BLOCKED,1,200,403,
PP,calc,6,172,a0d7001af7e9771a,BLOCKED,1,403,403,
PP,calc,6,173,500d67be51265c4e,BLOCKED,1,200,403,
PP,calc,6,176,153566cae1f238ce,BLOCKED,1,200,403,
PP,calc,6,179,afc6a20f8ba34df9,BLOCKED,1,200,403,
PP,calc,6,181,1da0528584dd816f,BLOCKED,1,403,403,
PP,calc,6,183,3a93d25a406f37c6,BLOCKED,1,200,403,
PP,calc,6,185,24463460ad72a65a,BLOCKED,1,200,403,
PP,calc,6,188,07b81484428ec8fd,BLOCKED,1,200,403,
PP,calc,6,189,73c1af657d6cdeca,BLOCKED,1,403,403,
PP,calc,6,191,f49ab105cea952f3,BLOCKED,1,200,403,
PP,calc,6,192,6fa9dcfee65c478b,BLOCKED,1,200,403,
PP,calc,6,193,99992b3f13258bb7,BLOCKED,1,200,403,
PP,calc,6,196,07dac2ea1036fea1,BLOCKED,1,200,403,
PP,calc,6,198,f90802242fd49ccd,BLOCKED,1,200,403,
PP,calc,6,200,94a0d8d7e912c8ed,BLOCKED,1,200,403,
PP,calc,6,206,19562867fe2c34e8,BLOCKED,1,200,403,
PP,calc,6,207,487a3a305a1ad9c8,BLOCKED,1,403,403,
PP,calc,6,212,8a27ddf5478d1389,BLOCKED,1,403,403,
PP,calc,6,213,0570115a0c9916bb,BLOCKED,1,200,403,
PP,calc,6,214,4c0b37eb814f88f7,BLOCKED,1,403,403,
PP,calc,6,222,eb2ab82ba730e150,BLOCKED,1,200,403,
PP,calc,6,223,0d8aa81b5612481c,BLOCKED,1,403,403,
PP,calc,6,224,50d7d80b7023dbcb,BLOCKED,1,403,403,
PP,calc,6,241,714fe7241523193e,BLOCKED,1,200,403,
PP,calc,6,252,639332ca0ea5eed1,BLOCKED,1,403,403,
PP,calc,6,255,113ff4e79fa475f0,BLOCKED,1,403,403,
PP,calc,6,260,c8dd444c50b46550,BLOCKED,1,403,403,
PP,calc,6,274,a7ca073b4ac4c1bb,BLOCKED,1,403,403,
PP,calc,6,275,de09b2c049935eaa,BLOCKED,1,200,403,
PP,calc,6,276,35b534c0905b2e47,BLOCKED,1,200,403,
PP,calc,6,277,4e2ad613ecd06aea,BLOCKED,1,403,403,
PP,calc,6,278,c041ec89a260501e,BLOCKED,1,200,403,
PP,calc,6,279,c040129e5f7ee0f9,BLOCKED,1,403,403,
PP,calc,6,280,64647bcf7e614922,BLOCKED,1,200,403,
PP,calc,6,281,2838518b19df09c5,BLOCKED,1,403,403,
PP,calc,6,282,340437e8074b617a,BLOCKED,1,403,403,
PP,calc,6,283,3dbd7072c1057f60,BLOCKED,1,200,403,
PP,calc,6,285,f84e6c6351eb8f43,BLOCKED,1,200,403,
PP,calc,6,287,aa792eb208a03179,BLOCKED,1,200,403,
PP,calc,6,288,37d3d7823e4e7240,BLOCKED,1,200,403,
PP,calc,6,289,22ce529d53ea1219,BLOCKED,1,200,403,
PP,calc,6,290,65ce95f00bdc6f4d,BLOCKED,1,200,403,
PP,calc,7,7,d5ee2eaef3421d53,BLOCKED,1,200,403,
PP,calc,7,18,cb72d69bf8f846d7,BLOCKED,1,200,403,
PP,calc,7,21,b19bd72fe28467b2,BLOCKED,1,403,403,
PP,calc,7,51,2c8a87d0fc98f7da,BLOCKED,1,200,403,
PP,calc,7,52,589d95bdfc2f5bc7,BLOCKED,1,403,403,
PP,calc,7,57,8f4540fb8726a34c,BLOCKED,1,200,403,
PP,calc,7,58,9c4082991ae7d4df,BLOCKED,1,200,403,
PP,calc,7,61,7f6ccde7d6d08c00,BLOCKED,1,200,403,
PP,calc,7,62,5957af4d276070df,BLOCKED,1,200,403,
PP,calc,7,68,997033f2f558e331,BLOCKED,1,200,403,
PP,calc,7,69,20937629d1ff3776,BLOCKED,1,403,403,
PP,calc,7,70,8cf1d8b904ef2de2,BLOCKED,1,200,403,
PP,calc,7,79,1ea1456ba5ff7b52,BLOCKED,1,200,403,
PP,calc,7,83,8a08469ef36fd53f,BLOCKED,1,200,403,
PP,calc,7,84,eaeb6014ddb6a2ab,BLOCKED,1,200,403,
PP,calc,7,85,ef36176c28155d06,BLOCKED,1,403,403,
PP,calc,7,91,da64fa290aab9775,BLOCKED,1,200,403,
PP,calc,7,95,58f28f2ae7816a68,BLOCKED,1,200,403,
PP,calc,7,97,134323ab624450ea,BLOCKED,1,403,403,
PP,calc,7,99,f56e7de023bcc195,BLOCKED,1,200,403,
PP,calc,7,114,57fa9980e1acd161,BLOCKED,1,200,403,
PP,calc,7,117,43d6983bd8a83f0a,BLOCKED,1,200,403,
PP,calc,7,119,dc87e2120089356a,BLOCKED,1,200,403,
PP,calc,7,121,661dd2bb2ddcefe2,BLOCKED,1,403,403,
PP,calc,7,123,da8218bc7f88f5f3,BLOCKED,1,200,403,
PP,calc,7,125,87c90831d4af789c,BLOCKED,1,200,403,
PP,calc,7,126,40d2982377dcc3e3,BLOCKED,1,200,403,
PP,calc,7,127,b08deaefbb8f9ca3,BLOCKED,1,200,403,
PP,calc,7,129,e881a06cb3d333f3,BLOCKED,1,200,403,
PP,calc,7,131,e5aae32b43394ac1,BLOCKED,1,200,403,
PP,calc,7,132,3129153bcbded76e,BLOCKED,1,200,403,
PP,calc,7,134,2d791719011601d4,BLOCKED,1,403,403,
PP,calc,7,136,a509f7d2910bf4c2,BLOCKED,1,403,403,
PP,calc,7,137,07f3ad0380b89cda,BLOCKED,1,403,403,
PP,calc,7,139,c92b6f3728f4e51b,BLOCKED,1,200,403,
PP,calc,7,141,40cf40d4dc35308c,BLOCKED,1,403,403,
PP,calc,7,142,1cd7b57150948d6c,BLOCKED,1,200,403,
PP,calc,7,143,33354934c3d4783d,BLOCKED,1,200,403,
PP,calc,7,149,ab30ca531875f081,BLOCKED,1,403,403,
PP,calc,7,150,4c1a00c1fa04c59f,BLOCKED,1,403,403,
PP,calc,7,152,98de3eebbe1f8e47,BLOCKED,1,403,403,
PP,calc,7,154,84d0a251e2ad1ff0,BLOCKED,1,403,403,
PP,calc,7,157,59476ba24fa4bd57,BLOCKED,1,200,403,
PP,calc,7,162,86060072a9b04e5c,BLOCKED,1,403,403,
PP,calc,7,170,d435f9fdb7c43b4a,BLOCKED,1,200,403,
PP,calc,7,171,5becaa002e479b7f,BLOCKED,1,403,403,
PP,calc,7,172,9f435f45dd5d9cf7,BLOCKED,1,403,403,
PP,calc,7,173,7498450e78b0ec7c,BLOCKED,1,200,403,
PP,calc,7,174,baccd937dac3aa72,BLOCKED,1,200,403,
PP,calc,7,175,08f6a0f3191d55b7,BLOCKED,1,200,403,
PP,calc,7,176,5f2ad0cacb5f0fb0,BLOCKED,1,200,403,
PP,calc,7,177,132c455c3e5f17d0,BLOCKED,1,403,403,
PP,calc,7,180,9f633c5db87c7f97,BLOCKED,1,403,403,
PP,calc,7,181,50c1980293615215,BLOCKED,1,403,403,
PP,calc,7,182,3e74d23f33071b44,BLOCKED,1,403,403,
PP,calc,7,184,ca9fd36a995836a2,BLOCKED,1,200,403,
PP,calc,7,196,931cbff03b581cdf,BLOCKED,1,403,403,
PP,calc,7,197,a424e238df34dd61,BLOCKED,1,403,403,
PP,calc,7,200,4ce5c62e5909eab2,BLOCKED,1,403,403,
PP,calc,7,201,55694cfdceab8f19,BLOCKED,1,200,403,
PP,calc,7,215,153566cae1f238ce,BLOCKED,1,200,403,
PP,calc,7,216,6e9362adba9e6665,BLOCKED,1,200,403,
PP,calc,7,228,66e2a562c400f2b0,BLOCKED,1,200,403,
PP,calc,7,230,877529999c354a1d,BLOCKED,1,403,403,
PP,calc,7,232,d946ff9c97af91fe,BLOCKED,1,403,403,
PP,calc,7,234,f0400dca39c88a7d,BLOCKED,1,200,403,
PP,calc,7,235,f08593f2d70507d3,BLOCKED,1,403,403,
PP,calc,7,236,6e9dacd45b6702b4,BLOCKED,1,403,403,
PP,calc,7,238,9358b9ed2fdf6ba3,BLOCKED,1,403,403,
PP,calc,7,239,1e82c6056d62ee3a,BLOCKED,1,200,403,
PP,calc,7,240,82c650bf42091cfd,BLOCKED,1,200,403,
PP,calc,7,241,6620437913c784e0,BLOCKED,1,200,403,
PP,calc,7,243,2740440b4c5cd945,BLOCKED,1,200,403,
PP,calc,7,245,15714d5dd9d7f562,BLOCKED,1,200,403,
PP,calc,7,246,87ba0d7d25596812,BLOCKED,1,403,403,
PP,calc,7,247,b3d784449a4ee637,BLOCKED,1,200,403,
PP,calc,7,249,44bdf240fe621782,BLOCKED,1,403,403,
PP,calc,7,250,22ed3ae7a6e77a12,BLOCKED,1,200,403,
PP,calc,7,251,0d0adce05af1634a,BLOCKED,1,200,403,
PP,calc,7,252,cd3f9ea3f2fd4ab5,BLOCKED,1,200,403,
PP,calc,7,253,44722021b4fbb4b7,BLOCKED,1,403,403,
PP,calc,7,254,2dd6e1ffd49d3b22,BLOCKED,1,200,403,
PP,calc,7,255,800e3ab8cf2b2866,BLOCKED,1,200,403,
PP,calc,7,256,3806edad53e2f3f2,BLOCKED,1,403,403,
PP,calc,7,257,94a0d8d7e912c8ed,BLOCKED,1,200,403,
PP,calc,7,259,70bef522626e5378,BLOCKED,1,403,403,
PP,calc,7,260,46bcced68d2dcf3f,BLOCKED,1,200,403,
PP,calc,7,261,111dfe53e864167c,BLOCKED,1,403,403,
PP,calc,7,262,3a7278db98f26b0d,BLOCKED,1,200,403,
PP,calc,7,263,ef2b0d176e68e972,BLOCKED,1,200,403,
PP,calc,7,264,26573ebf71ff5826,BLOCKED,1,403,403,
PP,calc,7,268,ff907154577f8b59,BLOCKED,1,403,403,
PP,calc,7,275,0d1f596775d13e39,BLOCKED,1,200,403,
PP,calc,7,278,1db798469dd717a2,BLOCKED,1,403,403,
PP,calc,7,279,761550748e661649,BLOCKED,1,200,403,
PP,calc,7,281,524d40fc6fc8c1dc,BLOCKED,1,403,403,
PP,calc,7,284,5249f77eba158808,BLOCKED,1,403,403,
PP,calc,7,294,3e0013b666fe9dfc,BLOCKED,1,200,403,
PP,calc,7,296,eea6da24e29e1190,BLOCKED,1,403,403,
PP,calc,7,297,c1434ab6d38c341e,BLOCKED,1,200,403,
PP,calc,8,1,33213458132f6a6d,BLOCKED,1,200,403,
PP,calc,8,6,aca48bdf12acbe7e,BLOCKED,1,200,403,
PP,calc,8,8,8cf1d8b904ef2de2,BLOCKED,1,200,403,
PP,calc,8,9,8f7ead7c6e27dc12,BLOCKED,1,200,403,
PP,calc,8,14,9ce952e459e1b7f5,BLOCKED,1,200,403,
PP,calc,8,15,13349fddf179b218,BLOCKED,1,200,403,
PP,calc,8,17,48f8ce84fce52516,BLOCKED,1,403,403,
PP,calc,8,18,d69f7a9fc9d70e86,BLOCKED,1,200,403,
PP,calc,8,19,9c0faef1b4cb39e4,BLOCKED,1,200,403,
PP,calc,8,20,0ee1aba9d02896e3,BLOCKED,1,403,403,
PP,calc,8,21,acb21341fb5bdf6d,BLOCKED,1,200,403,
PP,calc,8,22,fc9b596daffba780,BLOCKED,1,403,403,
PP,calc,8,27,ef36176c28155d06,BLOCKED,1,403,403,
PP,calc,8,37,c7e9e4981b859428,BLOCKED,1,403,403,
PP,calc,8,58,73a708a65fce2d0e,BLOCKED,1,200,403,
PP,calc,8,66,c39a7de807b3f136,BLOCKED,1,403,403,
PP,calc,8,67,6d382963c99e8653,BLOCKED,1,200,403,
PP,calc,8,69,a234c4ac9d6e08e8,BLOCKED,1,200,403,
PP,calc,8,72,1d97d456f2d6cfad,BLOCKED,1,200,403,
PP,calc,8,74,5630487a81d2de4f,BLOCKED,1,200,403,
PP,calc,8,76,c1c12e2b593a3a9c,BLOCKED,1,200,403,
PP,calc,8,77,5e3ce224fdefc64f,BLOCKED,1,200,403,
PP,calc,8,82,b91490a5f054aacc,BLOCKED,1,200,403,
PP,calc,8,83,96c4b4ccc1c1fb46,BLOCKED,1,200,403,
PP,calc,8,84,e844670fa3b35028,BLOCKED,1,200,403,
PP,calc,8,85,f146844d842c3c2d,BLOCKED,1,200,403,
PP,calc,8,86,e9dac2ae6187c27b,BLOCKED,1,403,403,
PP,calc,8,87,6ef6a1a4ff7c826e,BLOCKED,1,200,403,
PP,calc,8,88,92b61d15b418ff3b,BLOCKED,1,403,403,
PP,calc,8,89,a5d4d51348297a9c,BLOCKED,1,403,403,
PP,calc,8,90,3a7278db98f26b0d,BLOCKED,1,200,403,
PP,calc,8,91,d273e53419f4099f,BLOCKED,1,403,403,
PP,calc,8,92,fd2227fac6924d95,BLOCKED,1,403,403,
PP,calc,8,93,e70dc014bf0ea76e,BLOCKED,1,200,403,
PP,calc,8,94,df9ba8041f66407f,BLOCKED,1,200,403,
PP,calc,8,95,554f19e40a610068,BLOCKED,1,403,403,
PP,calc,8,96,cfc713134b2603b2,BLOCKED,1,200,403,
PP,calc,8,106,47a86ff41296df5c,BLOCKED,1,403,403,
PP,calc,8,107,cecc9c5308406473,BLOCKED,1,403,403,
PP,calc,8,117,7273d03741b5e38a,BLOCKED,1,200,403,
PP,calc,8,119,da140059c720abcf,BLOCKED,1,403,403,
PP,calc,8,120,a69c63061bce0a96,BLOCKED,1,403,403,
PP,calc,8,121,988c98e2c840fd90,BLOCKED,1,403,403,
PP,calc,8,123,136e74aa6ce2cbf3,BLOCKED,1,403,403,
PP,calc,8,127,0aeefe0437d51810,BLOCKED,1,200,403,
PP,calc,8,129,d55c1822b25e3bc9,BLOCKED,1,403,403,
PP,calc,8,132,27d320df64438c93,BLOCKED,1,200,403,
PP,calc,8,138,ae730de527b01def,BLOCKED,1,200,403,
PP,calc,8,139,884200c811b41d56,BLOCKED,1,200,403,
PP,calc,8,140,9b8098fe6138b2e2,BLOCKED,1,200,403,
PP,calc,8,144,22aff69c850f544c,BLOCKED,1,200,403,
PP,calc,8,145,976332d27e2b1d21,BLOCKED,1,200,403,
PP,calc,8,146,6eccdd215c763919,BLOCKED,1,200,403,
PP,calc,8,148,7687c7caec4a7372,BLOCKED,1,200,403,
PP,calc,8,149,6b1d055c203f9cff,BLOCKED,1,403,403,
PP,calc,8,150,78f6cedb17f0ca15,BLOCKED,1,200,403,
PP,calc,8,152,59e3404c6238e531,BLOCKED,1,403,403,
PP,calc,8,156,00e02e25609b1132,BLOCKED,1,200,403,
PP,calc,8,158,17038c10efa60de8,BLOCKED,1,200,403,
PP,calc,8,164,dad691aa155f8520,BLOCKED,1,200,403,
PP,calc,8,166,8cfa088cdf779fa6,BLOCKED,1,403,403,
PP,calc,8,168,5becaa002e479b7f,BLOCKED,1,403,403,
PP,calc,8,199,29e4a2a7721dd746,BLOCKED,1,403,403,
PP,calc,8,200,a26bc548f30b5fe3,BLOCKED,1,200,403,
PP,calc,8,221,a27596e08b704ee5,BLOCKED,1,200,403,
PP,calc,8,222,80525ac1ddc1cc52,BLOCKED,1,200,403,
PP,calc,8,225,46bcced68d2dcf3f,BLOCKED,1,200,403,
PP,calc,8,228,51edc925208ee063,BLOCKED,1,200,403,
PP,calc,8,243,29425e5ac3c082d6,BLOCKED,1,200,403,
PP,calc,8,245,b0aaeb7903239c38,BLOCKED,1,403,403,
PP,calc,8,251,b7e4c0dba509cc37,BLOCKED,1,403,403,
PP,calc,8,252,059b69f51c7af1d2,BLOCKED,1,200,403,
PP,calc,8,256,9dca3f6e71ef83cd,BLOCKED,1,200,403,
PP,calc,8,265,18d4d592ef13c266,BLOCKED,1,403,403,
PP,calc,8,272,da8218bc7f88f5f3,BLOCKED,1,200,403,
PP,calc,8,274,093047ab0710d06d,BLOCKED,1,403,403,
PP,calc,8,276,34bbe9c7022ad7d3,BLOCKED,1,200,403,
PP,calc,8,277,f7b8983aac9bb1b6,BLOCKED,1,200,403,
PP,calc,8,278,e3cdd743cf9d6ab7,BLOCKED,1,200,403,
PP,calc,8,279,90529fed3e9365fc,BLOCKED,1,200,403,
PP,calc,8,284,0972209ce447eb2d,BLOCKED,1,403,403,
PP,calc,8,291,aa154664bbb6e1b6,BLOCKED,1,403,403,
PP,calc,8,293,cf984a729d0e784c,BLOCKED,1,200,403,
PP,calc,8,296,24463460ad72a65a,BLOCKED,1,200,403,
PP,calc,8,299,dc87e2120089356a,BLOCKED,1,200,403,
PP,calc,8,300,8d9ada0ef84349ff,BLOCKED,1,200,403,
PP,calc,9,3,4d31ce7a88d9c9d0,BLOCKED,1,403,403,
PP,calc,9,17,dab7d207919c9ce1,BLOCKED,1,200,403,
PP,calc,9,18,41450628833114a1,BLOCKED,1,200,403,
PP,calc,9,20,d87c6a7433b2ee34,BLOCKED,1,403,403,
PP,calc,9,21,8ab460ccf6672448,BLOCKED,1,200,403,
PP,calc,9,22,23998012363af66f,BLOCKED,1,403,403,
PP,calc,9,23,d52325d79c23de0d,BLOCKED,1,403,403,
PP,calc,9,24,d5254e513ddd256e,BLOCKED,1,200,403,
PP,calc,9,26,51edc925208ee063,BLOCKED,1,200,403,
PP,calc,9,27,1ad931ec373697d9,BLOCKED,1,200,403,
PP,calc,9,28,44171d199730a8f0,BLOCKED,1,200,403,
PP,calc,9,30,e2939cf5aa8d3ac9,BLOCKED,1,200,403,
PP,calc,9,31,0144e90508dc4289,BLOCKED,1,200,403,
PP,calc,9,36,dea2ad0972453dc0,BLOCKED,1,403,403,
PP,calc,9,37,642b50422e5a8239,BLOCKED,1,200,403,
PP,calc,9,40,308e30f9fa423c50,BLOCKED,1,200,403,
PP,calc,9,41,f2ef4b519b75d69a,BLOCKED,1,200,403,
PP,calc,9,44,11055fc7768e7808,BLOCKED,1,200,403,
PP,calc,9,46,66d64b142d8edb04,BLOCKED,1,403,403,
PP,calc,9,47,0beeff2ebe2b9cd5,BLOCKED,1,200,403,
PP,calc,9,51,1b96f34442ac41ce,BLOCKED,1,200,403,
PP,calc,9,52,873e026a68cd25f6,BLOCKED,1,200,403,
PP,calc,9,56,7ee2154bde3d2ff2,BLOCKED,1,200,403,
PP,calc,9,58,976141b1eca0e0cb,BLOCKED,1,403,403,
PP,calc,9,59,761550748e661649,BLOCKED,1,200,403,
PP,calc,9,60,ef36176c28155d06,BLOCKED,1,403,403,
PP,calc,9,61,19c49720fb85e70e,BLOCKED,1,200,403,
PP,calc,9,62,122535b7749ddbb6,BLOCKED,1,403,403,
PP,calc,9,65,7b54db383ec954ac,BLOCKED,1,200,403,
PP,calc,9,67,658aa40feac1acc3,BLOCKED,1,403,403,
PP,calc,9,69,7363ba005abee7d9,BLOCKED,1,403,403,
PP,calc,9,70,1818ab4283e074d8,BLOCKED,1,200,403,
PP,calc,9,72,589d95bdfc2f5bc7,BLOCKED,1,403,403,
PP,calc,9,76,6c0efe16b08753cd,BLOCKED,1,200,403,
PP,calc,9,82,8fa95aabcf9276b4,BLOCKED,1,200,403,
PP,calc,9,89,ec97cd507af4bb2a,BLOCKED,1,200,403,
PP,calc,9,97,19d77e7bb75ae95c,BLOCKED,1,200,403,
PP,calc,9,112,84c4c43bb28b29ba,BLOCKED,1,200,403,
PP,calc,9,113,b954478e5a523b86,BLOCKED,1,403,403,
PP,calc,9,114,30a01caa7dffb272,BLOCKED,1,200,403,
PP,calc,9,117,1dce1d133f36d7c9,BLOCKED,1,200,403,
PP,calc,9,119,fd8ce0e73a2ba6dd,BLOCKED,1,200,403,
PP,calc,9,129,9108018eeaffa65e,BLOCKED,1,200,403,
PP,calc,9,130,a43fe25aa8aac25a,BLOCKED,1,403,403,
PP,calc,9,132,08e10de61dca6ede,BLOCKED,1,403,403,
PP,calc,9,151,4ecaf94ee98bbf04,BLOCKED,1,200,403,
PP,calc,9,163,d09510310690db69,BLOCKED,1,200,403,
PP,calc,9,165,b9146beb6178dc96,BLOCKED,1,403,403,
PP,calc,9,173,0f2b1297a31b773b,BLOCKED,1,200,403,
PP,calc,9,177,2e4cd1d922dbe946,BLOCKED,1,200,403,
PP,calc,9,179,30ca00698b649b85,BLOCKED,1,200,403,
PP,calc,9,180,6d35bf1328d4094e,BLOCKED,1,403,403,
PP,calc,9,184,71ace2e764964000,BLOCKED,1,403,403,
PP,calc,9,185,26573ebf71ff5826,BLOCKED,1,403,403,
PP,calc,9,188,e3d5e19d4e2b6aff,BLOCKED,1,200,403,
PP,calc,9,194,332bf869d8820494,BLOCKED,1,403,403,
PP,calc,9,196,aaf8ecdc5dcb479f,BLOCKED,1,403,403,
PP,calc,9,198,987f144e40dd5bd5,BLOCKED,1,200,403,
PP,calc,9,199,661dd2bb2ddcefe2,BLOCKED,1,403,403,
PP,calc,9,200,b0d6f8d98a18e954,BLOCKED,1,403,403,
PP,calc,9,202,6e2dea4c73771e48,BLOCKED,1,403,403,
PP,calc,9,203,8a08469ef36fd53f,BLOCKED,1,200,403,
PP,calc,9,206,e844670fa3b35028,BLOCKED,1,200,403,
PP,calc,9,210,1009b3d28b690b9d,BLOCKED,1,403,403,
PP,calc,9,213,59a4b6ce99e90f0b,BLOCKED,1,200,403,
PP,calc,9,224,1af058eeeef91f1d,BLOCKED,1,200,403,
PP,calc,9,225,b5bc55fb2de26f72,BLOCKED,1,200,403,
PP,calc,9,226,3a09528281185262,BLOCKED,1,200,403,
PP,calc,9,231,929769834e0d0e14,BLOCKED,1,200,403,
PP,calc,9,232,4b5c3af78d3d04da,BLOCKED,1,403,403,
PP,calc,9,233,f8b94f57b7421ca4,BLOCKED,1,200,403,
PP,calc,9,253,983e9d83bb2eac65,BLOCKED,1,403,403,
PP,calc,9,255,6e9362adba9e6665,BLOCKED,1,200,403,
PP,calc,9,256,23277d10fb39bece,BLOCKED,1,403,403,
PP,calc,9,257,94854cee34fcdb3a,BLOCKED,1,200,403,
PP,calc,9,258,0cc2afa0a9ac0308,BLOCKED,1,200,403,
PP,calc,9,259,d9d9e1b6246bc333,BLOCKED,1,200,403,
PP,calc,9,260,a30c50076718d6bc,BLOCKED,1,200,403,
PP,calc,9,261,e6784bfdc26d024e,BLOCKED,1,200,403,
PP,calc,9,262,10fd377990a990f0,BLOCKED,1,200,403,
PP,calc,9,268,e5aae32b43394ac1,BLOCKED,1,200,403,
PP,calc,9,270,f7b8983aac9bb1b6,BLOCKED,1,200,403,
PP,calc,9,271,959bd494bc697e4c,BLOCKED,1,200,403,
PP,calc,9,272,c1d18fc5492374d0,BLOCKED,1,200,403,
PP,calc,9,274,9bd0e131919abdbc,BLOCKED,1,200,403,
PP,calc,9,280,d5adf7bfed72ad3e,BLOCKED,1,200,403,
PP,calc,9,293,fd9202ca0a67afe5,BLOCKED,1,403,403,
PP,calc,9,299,d3b703be6e3a18a1,BLOCKED,1,200,403,
PP,calc,10,19,dda52fd47aa78232,BLOCKED,1,403,403,
PP,calc,10,21,d435f9fdb7c43b4a,BLOCKED,1,200,403,
PP,calc,10,29,44722021b4fbb4b7,BLOCKED,1,403,403,
PP,calc,10,30,fb9e655368e3447b,BLOCKED,1,403,403,
PP,calc,10,31,ec69e7140f9f7f17,BLOCKED,1,200,403,
PP,calc,10,33,c0981687b8220bc0,BLOCKED,1,200,403,
PP,calc,10,34,bcf518be700f3a92,BLOCKED,1,200,403,
PP,calc,10,36,af93fabe24bfb075,BLOCKED,1,200,403,
PP,calc,10,38,5a4a6ad4667f304a,BLOCKED,1,403,403,
PP,calc,10,39,682e62ead9d87957,BLOCKED,1,403,403,
PP,calc,10,41,dad691aa155f8520,BLOCKED,1,200,403,
PP,calc,10,42,0beeff2ebe2b9cd5,BLOCKED,1,200,403,
PP,calc,10,44,43f50517ddad8a17,BLOCKED,1,403,403,
PP,calc,10,47,4a0fcdb7e3f8bb25,BLOCKED,1,403,403,
PP,calc,10,50,08e10de61dca6ede,BLOCKED,1,403,403,
PP,calc,10,51,a75d0596b0439f39,BLOCKED,1,200,403,
PP,calc,10,55,6146567619eead9a,BLOCKED,1,200,403,
PP,calc,10,56,901cae58d76366d5,BLOCKED,1,200,403,
PP,calc,10,59,ef36176c28155d06,BLOCKED,1,403,403,
PP,calc,10,61,706a5b9bc3013f4a,BLOCKED,1,403,403,
PP,calc,10,62,e1c4730788604a3d,BLOCKED,1,200,403,
PP,calc,10,64,b1d827e07d4c7a29,BLOCKED,1,200,403,
PP,calc,10,67,8d9ada0ef84349ff,BLOCKED,1,200,403,
PP,calc,10,68,9f7ea31f50437a37,BLOCKED,1,403,403,
PP,calc,10,74,87d339c59c362cf9,BLOCKED,1,200,403,
PP,calc,10,76,eeeb8e883f905c45,BLOCKED,1,200,403,
PP,calc,10,79,1f57905df3c7d253,BLOCKED,1,403,403,
PP,calc,10,81,a43fe25aa8aac25a,BLOCKED,1,403,403,
PP,calc,10,83,e878bfa273c9b4fa,BLOCKED,1,403,403,
PP,calc,10,85,d5ee2eaef3421d53,BLOCKED,1,200,403,
PP,calc,10,86,3a7278db98f26b0d,BLOCKED,1,200,403,
PP,calc,10,87,7365d1441c5c8a57,BLOCKED,1,200,403,
PP,calc,10,88,a27596e08b704ee5,BLOCKED,1,200,403,
PP,calc,10,89,51afa1452a1c84e0,BLOCKED,1,200,403,
PP,calc,10,90,e6c6de08d4c179cd,BLOCKED,1,200,403,
PP,calc,10,108,264151262574f1a0,BLOCKED,1,200,403,
PP,calc,10,116,79f8623c1da6af67,BLOCKED,1,200,403,
PP,calc,10,123,3f912f86d4212292,BLOCKED,1,200,403,
PP,calc,10,142,4b5c3af78d3d04da,BLOCKED,1,403,403,
PP,calc,10,144,bff49e49aaf58752,BLOCKED,1,403,403,
PP,calc,10,145,0fb57309d1c43fcf,BLOCKED,1,200,403,
PP,calc,10,152,57fa9980e1acd161,BLOCKED,1,200,403,
PP,calc,10,162,8545e7de433ee4e3,BLOCKED,1,200,403,
PP,calc,10,164,c21779b6a1f7b42b,BLOCKED,1,403,403,
PP,calc,10,165,a3d9aa8c5464d985,BLOCKED,1,403,403,
PP,calc,10,166,1562a70e353f28e3,BLOCKED,1,200,403,
PP,calc,10,168,01dde090c5cba15a,BLOCKED,1,200,403,
PP,calc,10,169,5d03c4fda182ce7a,BLOCKED,1,200,403,
PP,calc,10,172,6b87c37a7808da00,BLOCKED,1,200,403,
PP,calc,10,173,f9c8d94f5f67c094,BLOCKED,1,200,403,
PP,calc,10,174,dfc13194badea5f2,BLOCKED,1,200,403,
PP,calc,10,176,30ca00698b649b85,BLOCKED,1,200,403,
PP,calc,10,179,aa6ea3222d03ad51,BLOCKED,1,200,403,
PP,calc,10,180,d5e1c89241bc3e98,BLOCKED,1,200,403,
PP,calc,10,182,e59eaa883e194cb2,BLOCKED,1,200,403,
PP,calc,10,184,96c9a0d033b6d755,BLOCKED,1,200,403,
PP,calc,10,187,866b38d70de42bfa,BLOCKED,1,200,403,
PP,calc,10,188,dab7d207919c9ce1,BLOCKED,1,200,403,
PP,calc,10,189,caa85f1b4f3cb971,BLOCKED,1,200,403,
PP,calc,10,190,3fc347522f8d8e36,BLOCKED,1,403,403,
PP,calc,10,191,25645aa4da4430af,BLOCKED,1,200,403,
PP,calc,10,192,ba4323fb8a6bbe84,BLOCKED,1,200,403,
PP,calc,10,193,987f144e40dd5bd5,BLOCKED,1,200,403,
PP,calc,10,195,6e21538410f32afc,BLOCKED,1,403,403,
PP,calc,10,196,4fc6065300ca3e3d,BLOCKED,1,200,403,
PP,calc,10,197,466dbed87a6ca3f6,BLOCKED,1,200,403,
PP,calc,10,198,4705e1bb2d1ff42d,BLOCKED,1,200,403,
PP,calc,10,199,cf984a729d0e784c,BLOCKED,1,200,403,
PP,calc,10,202,5c035b8e65d36d09,BLOCKED,1,403,403,
PP,calc,10,203,26131581378db371,BLOCKED,1,200,403,
PP,calc,10,204,f457506ee27deec7,BLOCKED,1,403,403,
PP,calc,10,205,7c345ec0091c72db,BLOCKED,1,403,403,
PP,calc,10,212,8c7abc32c22e4069,BLOCKED,1,403,403,
PP,calc,10,214,dc282a16b3db2824,BLOCKED,1,403,403,
PP,calc,10,219,0bdb7eccb4d78b3d,BLOCKED,1,403,403,
PP,calc,10,230,1fae9e2e3af34c25,BLOCKED,1,403,403,
PP,calc,10,235,e689ee06420a642f,BLOCKED,1,200,403,
PP,calc,10,246,dc22bbbb37ee15ee,BLOCKED,1,200,403,
PP,calc,10,247,99992b3f13258bb7,BLOCKED,1,200,403,
PP,calc,10,248,381674b32755934e,BLOCKED,1,200,403,
PP,calc,10,249,15b171a0cf5b4622,BLOCKED,1,200,403,
PP,calc,10,250,4ffd1c81d3ed80c6,BLOCKED,1,200,403,
PP,calc,10,252,25898193a0c13206,BLOCKED,1,403,403,
PP,calc,10,253,a79df565d3cf8496,BLOCKED,1,200,403,
PP,calc,10,254,c58fb94e45be166c,BLOCKED,1,200,403,
PP,calc,10,256,e2fa17f993408fa9,BLOCKED,1,200,403,
PP,calc,10,258,4d9e21fe0adf630d,BLOCKED,1,200,403,
PP,calc,10,261,5ac9d0f5fab9d5ba,BLOCKED,1,403,403,
PP,calc,10,267,6c0696a4637747d1,BLOCKED,1,200,403,
PP,calc,10,268,3bb8c51e6c5594ef,BLOCKED,1,403,403,
PP,calc,10,270,6eb15e61b2708a58,BLOCKED,1,403,403,
PP,calc,10,271,d94507005b1e4c40,BLOCKED,1,200,403,
PP,calc,10,272,196574a4668a5513,BLOCKED,1,403,403,
PP,calc,10,273,f6c354a0834d0b75,BLOCKED,1,200,403,
PP,calc,10,274,07b81484428ec8fd,BLOCKED,1,200,403,
PP,calc,10,275,145bf487b450bee7,BLOCKED,1,200,403,
PP,calc,10,279,95d58c4be76a11e7,BLOCKED,1,200,403,
PP,calc,10,280,cd3f9ea3f2fd4ab5,BLOCKED,1,200,403,
PP,calc,10,281,9a9fedf1bd887a41,BLOCKED,1,200,403,
PP,calc,10,282,1cff650a80447773,BLOCKED,1,200,403,
PP,calc,10,284,ec985203f01e6568,BLOCKED,1,403,403,
PP,calc,10,285,2294aa0eb09dfa47,BLOCKED,1,403,403,
PP,calc,10,286,2fd0cbb86d622277,BLOCKED,1,200,403,
PP,calc,10,288,33213458132f6a6d,BLOCKED,1,200,403,
PP,calc,10,289,4c3c9f8a592dbf7c,BLOCKED,1,200,403,
PP,calc,10,291,f6ba18073ccfb46b,BLOCKED,1,200,403,
PP,calc,10,292,89d8382e94c3ea3a,BLOCKED,1,200,403,
PP,calc,10,295,4c49aa188f7c67da,BLOCKED,1,200,403,
PP,calc,10,297,f96b7f24410f6736,BLOCKED,1,200,403,
PP,calc,10,298,06080c0927848952,BLOCKED,1,200,403,
PP,calc,10,300,bf1ae9e18ed65262,BLOCKED,1,200,403,
PP,search,1,2,69db8717280af4d7,BLOCKED,1,200,403,
PP,search,1,3,e14e40c461619999,BLOCKED,1,200,403,
PP,search,1,5,77b4e23f3d73d129,BLOCKED,1,200,403,
PP,search,1,6,158d5b2447f099ff,BLOCKED,1,200,403,
PP,search,1,7,ff17f1e06d2b8525,BLOCKED,1,200,403,
PP,search,1,8,b75a3f9beec7b0e0,BLOCKED,1,403,403,
PP,search,1,9,1c6949da8ede75ee,BLOCKED,1,403,403,
PP,search,1,10,02905dbcb8d0ab93,BLOCKED,1,403,403,
PP,search,1,11,dec237f2cefba0fd,BLOCKED,1,200,403,
PP,search,1,13,f316d51cdf911aa4,BLOCKED,1,403,403,
PP,search,1,14,7d792be2022cddff,BLOCKED,1,403,403,
PP,search,1,16,5a36bc8ba5fbb01d,BLOCKED,1,403,403,
PP,search,1,17,e4a62f7410cd09ce,BLOCKED,1,403,403,
PP,search,1,36,9e1459b0c4ba59cd,BLOCKED,1,403,403,
PP,search,1,37,cec976205367dc74,BLOCKED,1,200,403,
PP,search,1,38,3f25431e72a5dc39,BLOCKED,1,200,403,
PP,search,1,39,b7fb3b26ffce1f7a,BLOCKED,1,200,403,
PP,search,1,40,66734fccfced8b4f,BLOCKED,1,403,403,
PP,search,1,41,38604004042896bc,BLOCKED,1,200,403,
PP,search,1,42,ec6bbb4d27aaae7f,BLOCKED,1,200,403,
PP,search,1,43,d912daef0322b4bd,BLOCKED,1,403,403,
PP,search,1,50,21f0a66b322f852d,BLOCKED,1,200,403,
PP,search,1,51,2474716f900eefd1,BLOCKED,1,403,403,
PP,search,1,53,902bfab6e15a4919,BLOCKED,1,403,403,
PP,search,1,54,aaa65aa4598b743d,BLOCKED,1,200,403,
PP,search,1,55,b5dea4bd352b7b3f,BLOCKED,1,403,403,
PP,search,1,56,753df975c2a55250,BLOCKED,1,200,403,
PP,search,1,57,68fa6b97ce4e5a95,BLOCKED,1,200,403,
PP,search,1,58,6284f79e5e531ec8,BLOCKED,1,200,403,
PP,search,1,59,b6d090ae6fb0524b,BLOCKED,1,200,403,
PP,search,1,60,1b84934e62d66387,BLOCKED,1,200,403,
PP,search,1,63,055018b8052c4ec6,BLOCKED,1,200,403,
PP,search,1,66,aa85dc5a64751cd3,BLOCKED,1,200,403,
PP,search,1,67,0b01f64188958c8b,BLOCKED,1,200,403,
PP,search,1,68,b3d27f4341810da5,BLOCKED,1,200,403,
PP,search,1,70,9f09545617adb397,BLOCKED,1,200,403,
PP,search,1,71,2ac2459ab0abf424,BLOCKED,1,403,403,
PP,search,1,72,06d788f23f540e0a,BLOCKED,1,403,403,
PP,search,1,73,86c7bee86b06bd95,BLOCKED,1,403,403,
PP,search,1,75,be697986ecc48ca5,BLOCKED,1,200,403,
PP,search,1,77,7dfcbd1d19a49a31,BLOCKED,1,200,403,
PP,search,1,84,d155538168c5e551,BLOCKED,1,200,403,
PP,search,1,85,0fc595e2df04a9be,BLOCKED,1,403,403,
PP,search,1,86,d09889c8906dfae3,BLOCKED,1,403,403,
PP,search,1,87,09dc3b01074a277d,BLOCKED,1,403,403,
PP,search,1,89,cb8f795e7f688aa1,BLOCKED,1,403,403,
PP,search,1,90,96803c7c438fbb48,BLOCKED,1,403,403,
PP,search,1,91,f75d3926c22406d9,BLOCKED,1,403,403,
PP,search,1,92,c5cc4e1dcaf456d5,BLOCKED,1,403,403,
PP,search,1,93,bfe55fd0334883dd,BLOCKED,1,403,403,
PP,search,1,94,7662e45383279ea6,BLOCKED,1,403,403,
PP,search,1,95,2056e32872810bbc,BLOCKED,1,403,403,
PP,search,1,97,dd216dd1fabc8086,BLOCKED,1,403,403,
PP,search,1,98,8b6e9afd6711d14b,BLOCKED,1,403,403,
PP,search,1,99,59e656e4365a1d4a,BLOCKED,1,200,403,
PP,search,1,101,03d6f3061e208c3a,BLOCKED,1,403,403,
PP,search,1,102,249380bccde01e34,BLOCKED,1,403,403,
PP,search,1,107,5a30bf0b1d1ffa69,BLOCKED,1,403,403,
PP,search,1,108,741377bc5c41ce39,BLOCKED,1,403,403,
PP,search,1,110,d38bfaa76256d30a,BLOCKED,1,403,403,
PP,search,1,111,b12e07e8afabfa39,BLOCKED,1,403,403,
PP,search,1,114,4734611a7a43e888,BLOCKED,1,403,403,
PP,search,1,117,88b5b75560161788,BLOCKED,1,403,403,
PP,search,1,118,908790d56461911e,BLOCKED,1,403,403,
PP,search,1,119,e3a67897b89d1212,BLOCKED,1,200,403,
PP,search,1,127,f81542c1d72ca358,BLOCKED,1,403,403,
PP,search,1,128,f356b025e018ba5c,BLOCKED,1,403,403,
PP,search,1,132,cddb7b0699029409,BLOCKED,1,200,403,
PP,search,1,133,5635f33459d9aad3,BLOCKED,1,403,403,
PP,search,1,135,e5bfbb0138b7b07a,BLOCKED,1,200,403,
PP,search,1,136,6d0f8425a998fe03,BLOCKED,1,403,403,
PP,search,1,138,fafed3a7c53f31da,BLOCKED,1,403,403,
PP,search,1,139,27c4f2bd658c8e0e,BLOCKED,1,200,403,
PP,search,1,143,211f393f1918c20d,BLOCKED,1,200,403,
PP,search,1,146,28a10b19709f65e1,BLOCKED,1,200,403,
PP,search,1,147,524ca6e9d718d5bc,BLOCKED,1,200,403,
PP,search,1,149,aa8ca88f14340f82,BLOCKED,1,200,403,
PP,search,1,152,dff997dae772748c,BLOCKED,1,200,403,
PP,search,1,153,11191f1251697603,BLOCKED,1,403,403,
PP,search,1,154,4e3eba8f1b898c40,BLOCKED,1,200,403,
PP,search,1,155,1c8af7d94bdf504b,BLOCKED,1,403,403,
PP,search,1,156,3b87796ebe7455ac,BLOCKED,1,200,403,
PP,search,1,157,d9c4aac56db37f51,BLOCKED,1,403,403,
PP,search,1,163,73742e6f526b5c4b,BLOCKED,1,200,403,
PP,search,1,164,110507482ac0c6b1,BLOCKED,1,403,403,
PP,search,1,166,60edf99f0d37b49c,BLOCKED,1,200,403,
PP,search,1,167,fcf00ad6170cdce0,BLOCKED,1,403,403,
PP,search,1,168,d30f04b643b432c1,BLOCKED,1,403,403,
PP,search,1,169,481ea46b08536e0c,BLOCKED,1,200,403,
PP,search,1,170,e08aff6ec1003ef7,BLOCKED,1,403,403,
PP,search,1,171,f939940aa9539e2d,BLOCKED,1,403,403,
PP,search,1,173,a821e783aac94195,BLOCKED,1,200,403,
PP,search,1,174,e5261c8a52c8698a,BLOCKED,1,200,403,
PP,search,1,175,f41f9b3fe1d7cfc3,BLOCKED,1,200,403,
PP,search,1,177,328fb38d8babc09c,BLOCKED,1,403,403,
PP,search,1,178,9372f686153fac51,BLOCKED,1,403,403,
PP,search,1,182,3431e38ab05e822d,BLOCKED,1,200,403,
PP,search,1,183,c060beda8bf6086e,BLOCKED,1,403,403,
PP,search,1,184,c470181d980f2edd,BLOCKED,1,403,403,
PP,search,1,185,ce1ee8375a71ae20,BLOCKED,1,403,403,
PP,search,1,204,7cf9370110822a29,BLOCKED,1,200,403,
PP,search,1,205,a51097a0f3c3c4d5,BLOCKED,1,200,403,
PP,search,1,206,cd050b225b2ee62b,BLOCKED,1,403,403,
PP,search,1,208,59f64cbac70b6cf0,BLOCKED,1,403,403,
PP,search,1,209,2928985cfa47cc2a,BLOCKED,1,403,403,
PP,search,1,211,88175cf38d07df28,BLOCKED,1,200,403,
PP,search,1,212,99f926740b5c7496,BLOCKED,1,200,403,
PP,search,1,213,e3a13ac1926197f8,BLOCKED,1,200,403,
PP,search,1,221,80dea2bc86c21e6f,BLOCKED,1,200,403,
PP,search,1,222,3283f16d8ba85832,BLOCKED,1,200,403,
PP,search,1,224,926bb33ef9d8606d,BLOCKED,1,403,403,
PP,search,1,225,97dc8035f09ca430,BLOCKED,1,200,403,
PP,search,1,227,45601a3b0679e665,BLOCKED,1,200,403,
PP,search,1,228,2e2427519e03b1e2,BLOCKED,1,200,403,
PP,search,1,229,2d03453d60c49457,BLOCKED,1,200,403,
PP,search,1,230,0154659c958dedb5,BLOCKED,1,200,403,
PP,search,1,231,a3548d0c3e62deae,BLOCKED,1,200,403,
PP,search,1,237,f15d6a6656c18bc3,BLOCKED,1,200,403,
PP,search,1,241,09f79815147ca21a,BLOCKED,1,403,403,
PP,search,1,244,d497d57a5bb7028c,BLOCKED,1,200,403,
PP,search,1,251,8300edcdae6c673f,BLOCKED,1,200,403,
PP,search,1,252,00ede3fa65a9c257,BLOCKED,1,403,403,
PP,search,1,254,2a2961288debb0b5,BLOCKED,1,200,403,
PP,search,1,256,9f0be8b1661297d7,BLOCKED,1,200,403,
PP,search,1,259,c5a99f8364f72ebc,BLOCKED,1,200,403,
PP,search,1,260,2b3a88f5402a17d4,BLOCKED,1,200,403,
PP,search,1,264,3cddc01e65e2e290,BLOCKED,1,200,403,
PP,search,1,265,6a961c0b441c7e6a,BLOCKED,1,403,403,
PP,search,1,267,ef6d644791774d03,BLOCKED,1,403,403,
PP,search,1,274,27cff8567f4a6967,BLOCKED,1,200,403,
PP,search,1,276,49cdb5b7c57b5770,BLOCKED,1,403,403,
PP,search,1,280,ea9d30d6649fc452,BLOCKED,1,200,403,
PP,search,1,281,dcac9adaf331a3da,BLOCKED,1,403,403,
PP,search,1,284,dcec2c02f613f2d7,BLOCKED,1,200,403,
PP,search,1,289,98deacda00ed1d51,BLOCKED,1,403,403,
PP,search,1,291,ae566065a4f94104,BLOCKED,1,403,403,
PP,search,1,292,a8a23947acf6839b,BLOCKED,1,403,403,
PP,search,1,293,95d68d455c9cf8f3,BLOCKED,1,200,403,
PP,search,1,294,d84a73598b4aa4ff,BLOCKED,1,403,403,
PP,search,1,296,8292a1985adff66d,BLOCKED,1,403,403,
PP,search,1,297,006eaf128e54007f,BLOCKED,1,200,403,
PP,search,1,298,fc589221b20e6693,BLOCKED,1,200,403,
PP,search,1,300,ad0e8c7c80956a82,BLOCKED,1,403,403,
PP,search,2,2,ac7b14e086b63049,BLOCKED,1,403,403,
PP,search,2,3,397e5cc63c947c37,BLOCKED,1,403,403,
PP,search,2,4,eb0c51f3bda4badb,BLOCKED,1,403,403,
PP,search,2,5,d51a129f6185c575,BLOCKED,1,403,403,
PP,search,2,6,3cddc01e65e2e290,BLOCKED,1,200,403,
PP,search,2,7,055018b8052c4ec6,BLOCKED,1,200,403,
PP,search,2,8,e50ab1d698473573,BLOCKED,1,200,403,
PP,search,2,9,8d33b4a779e28825,BLOCKED,1,403,403,
PP,search,2,11,4e22f6c2776348d0,BLOCKED,1,200,403,
PP,search,2,12,f91d35a96cf068c5,BLOCKED,1,403,403,
PP,search,2,13,481ea46b08536e0c,BLOCKED,1,200,403,
PP,search,2,14,9b7348a78e80960b,BLOCKED,1,403,403,
PP,search,2,15,8a2fe3da5ab35431,BLOCKED,1,200,403,
PP,search,2,16,c4b80e4dd0d5c5e3,BLOCKED,1,403,403,
PP,search,2,17,7fec177c6a2fdeeb,BLOCKED,1,200,403,
PP,search,2,18,b676b18edcd8246f,BLOCKED,1,200,403,
PP,search,2,19,48e540af3bdb6a61,BLOCKED,1,200,403,
PP,search,2,20,a11e6e650f2afa1b,BLOCKED,1,200,403,
PP,search,2,21,d359b5d538687383,BLOCKED,1,200,403,
PP,search,2,22,0ed3c0ab528b7c38,BLOCKED,1,403,403,
PP,search,2,23,6c3e8edd5c574f28,BLOCKED,1,200,403,
PP,search,2,25,44e2f7e4e70c0eaa,BLOCKED,1,403,403,
PP,search,2,26,59f64cbac70b6cf0,BLOCKED,1,403,403,
PP,search,2,27,502dd10cb24a27d2,BLOCKED,1,200,403,
PP,search,2,30,e66fcc73944943ad,BLOCKED,1,200,403,
PP,search,2,32,a51097a0f3c3c4d5,BLOCKED,1,200,403,
PP,search,2,33,e445a9421d7cb882,BLOCKED,1,200,403,
PP,search,2,34,499f6594b8779500,BLOCKED,1,200,403,
PP,search,2,35,eae880dc1f52e221,BLOCKED,1,200,403,
PP,search,2,36,5d85d875d5b7eda0,BLOCKED,1,403,403,
PP,search,2,37,4115f8462ce94cd9,BLOCKED,1,200,403,
PP,search,2,38,d79f7f953fa7e70e,BLOCKED,1,200,403,
PP,search,2,39,f510e52235575256,BLOCKED,1,200,403,
PP,search,2,40,d13c5807f03a033b,BLOCKED,1,200,403,
PP,search,2,41,29e09904c893348c,BLOCKED,1,403,403,
PP,search,2,42,d442400392724309,BLOCKED,1,200,403,
PP,search,2,44,535b1d1516e6058d,BLOCKED,1,200,403,
PP,search,2,45,9edfa692b094b47f,BLOCKED,1,200,403,
PP,search,2,46,692e905cd98e8945,BLOCKED,1,403,403,
PP,search,2,47,2fa3f271430c40dd,BLOCKED,1,200,403,
PP,search,2,48,b8624d4e3076505c,BLOCKED,1,200,403,
PP,search,2,49,fa0391acf63b1d35,BLOCKED,1,200,403,
PP,search,2,51,607faa73d471ddef,BLOCKED,1,200,403,
PP,search,2,54,476ab40b04fcebbd,BLOCKED,1,200,403,
PP,search,2,57,e1e0d8bc30e9dbfb,BLOCKED,1,403,403,
PP,search,2,58,acabe9d1c3f4a184,BLOCKED,1,403,403,
PP,search,2,59,4e28e89b234e69a1,BLOCKED,1,200,403,
PP,search,2,61,77b4e23f3d73d129,BLOCKED,1,200,403,
PP,search,2,62,8b0ac7e87787e027,BLOCKED,1,403,403,
PP,search,2,63,0df6c03af5fa7291,BLOCKED,1,200,403,
PP,search,2,64,db5532774288bc1e,BLOCKED,1,200,403,
PP,search,2,65,1c8af7d94bdf504b,BLOCKED,1,403,403,
PP,search,2,66,a8a23947acf6839b,BLOCKED,1,403,403,
PP,search,2,67,1899c4352fcbba07,BLOCKED,1,200,403,
PP,search,2,68,27e5ad6e76405a4e,BLOCKED,1,403,403,
PP,search,2,84,adc7ab9000c3cabe,BLOCKED,1,403,403,
PP,search,2,88,e96af1e99be75ddc,BLOCKED,1,200,403,
PP,search,2,91,983e98fa3592be01,BLOCKED,1,403,403,
PP,search,2,93,4b654437c761653b,BLOCKED,1,200,403,
PP,search,2,99,3d7d035ead961a1f,BLOCKED,1,403,403,
PP,search,2,100,1accc02e25a3b385,BLOCKED,1,200,403,
PP,search,2,103,ee7fbf6afee3775a,BLOCKED,1,200,403,
PP,search,2,104,02db3675379d9d84,BLOCKED,1,403,403,
PP,search,2,106,fd0bb3334cedd2bd,BLOCKED,1,200,403,
PP,search,2,107,e1cd30cc71b29455,BLOCKED,1,403,403,
PP,search,2,108,d831c6b51e07065e,BLOCKED,1,403,403,
PP,search,2,109,a17655c9ce4d9c5f,BLOCKED,1,200,403,
PP,search,2,111,9dd7cc0c3812af70,BLOCKED,1,403,403,
PP,search,2,113,f62b6ecb24ba4786,BLOCKED,1,200,403,
PP,search,2,114,0b9eeb2d6adacdbd,BLOCKED,1,200,403,
PP,search,2,115,78793c8b87398feb,BLOCKED,1,403,403,
PP,search,2,116,f74c5298cd9d5f90,BLOCKED,1,403,403,
PP,search,2,117,5b3751121d1d66df,BLOCKED,1,200,403,
PP,search,2,118,68f3babe8b0b4a3f,BLOCKED,1,200,403,
PP,search,2,119,391118b6afd72b07,BLOCKED,1,403,403,
PP,search,2,120,f0c97ed89723bc1e,BLOCKED,1,200,403,
PP,search,2,121,f3eaeb921f99535f,BLOCKED,1,200,403,
PP,search,2,123,e3a429bc8ed6350e,BLOCKED,1,403,403,
PP,search,2,125,44d7c77b9929a4e5,BLOCKED,1,200,403,
PP,search,2,126,ff03abacf6aaf657,BLOCKED,1,200,403,
PP,search,2,129,f37ad88d732cd781,BLOCKED,1,403,403,
PP,search,2,130,018dcc2df89932d1,BLOCKED,1,403,403,
PP,search,2,131,1595d6e2b75a2a16,BLOCKED,1,403,403,
PP,search,2,132,c4fd3f276921a73f,BLOCKED,1,403,403,
PP,search,2,133,251e4df9ef383f20,BLOCKED,1,403,403,
PP,search,2,134,c83fba7396767a17,BLOCKED,1,403,403,
PP,search,2,136,04145e76f2381430,BLOCKED,1,403,403,
PP,search,2,137,1a5e7048311ef398,BLOCKED,1,200,403,
PP,search,2,138,9ec3ffc02bc59962,BLOCKED,1,200,403,
PP,search,2,140,7b85d6b0208acbd3,BLOCKED,1,403,403,
PP,search,2,142,fee18ab60b55f91b,BLOCKED,1,403,403,
PP,search,2,143,7e81c29af7a809bf,BLOCKED,1,403,403,
PP,search,2,144,9cf52fcbae02bbea,BLOCKED,1,403,403,
PP,search,2,145,a98d6550cfcd62d3,BLOCKED,1,403,403,
PP,search,2,146,13d14ffee3af2bcc,BLOCKED,1,403,403,
PP,search,2,147,6a30b2c7632fb32b,BLOCKED,1,200,403,
PP,search,2,148,43ab4f424e5ea2dd,BLOCKED,1,200,403,
PP,search,2,150,9fed74c6290e1f37,BLOCKED,1,200,403,
PP,search,2,151,e19c0584e53525ce,BLOCKED,1,403,403,
PP,search,2,153,d8c7cc6261e3bf90,BLOCKED,1,200,403,
PP,search,2,155,37a86a6502c89251,BLOCKED,1,200,403,
PP,search,2,158,89d41c749fe14c4e,BLOCKED,1,200,403,
PP,search,2,159,b2b45a40b3c5971b,BLOCKED,1,200,403,
PP,search,2,160,6f2d45c88a84f08a,BLOCKED,1,403,403,
PP,search,2,161,11cede277966bfff,BLOCKED,1,403,403,
PP,search,2,165,0f25078258a001ba,BLOCKED,1,403,403,
PP,search,2,167,d9c8af9ad4f18299,BLOCKED,1,200,403,
PP,search,2,168,a3548d0c3e62deae,BLOCKED,1,200,403,
PP,search,2,169,c238ca615fec891e,BLOCKED,1,403,403,
PP,search,2,170,e86939eb9079bb79,BLOCKED,1,403,403,
PP,search,2,171,992bdf97fb470880,BLOCKED,1,403,403,
PP,search,2,172,027bf9d6952f9860,BLOCKED,1,403,403,
PP,search,2,173,8e622c33e459de49,BLOCKED,1,403,403,
PP,search,2,174,c195bad2ca5fd954,BLOCKED,1,200,403,
PP,search,2,175,88733b709ed2167d,BLOCKED,1,403,403,
PP,search,2,178,d04e30bb603275fb,BLOCKED,1,403,403,
PP,search,2,179,acbca22577b3c721,BLOCKED,1,403,403,
PP,search,2,180,d7be132b6c109f83,BLOCKED,1,200,403,
PP,search,2,181,8f9ffd871cf26ee1,BLOCKED,1,403,403,
PP,search,2,184,6797b34f946b5216,BLOCKED,1,403,403,
PP,search,2,187,b7ffb066da494c4b,BLOCKED,1,403,403,
PP,search,2,189,5f47dee47ec0a747,BLOCKED,1,200,403,
PP,search,2,190,de3bfba7a709efc2,BLOCKED,1,403,403,
PP,search,2,192,40556c7782df3883,BLOCKED,1,200,403,
PP,search,2,194,3ba861c9012b186a,BLOCKED,1,403,403,
PP,search,2,195,3070c68de867d38c,BLOCKED,1,403,403,
PP,search,2,196,a6b91637e3c39260,BLOCKED,1,403,403,
PP,search,2,199,1fff62ae0692d027,BLOCKED,1,403,403,
PP,search,2,201,9e808272a9777e81,BLOCKED,1,403,403,
PP,search,2,202,a7230a2e362e6653,BLOCKED,1,200,403,
PP,search,2,206,4bd193cbd009b741,BLOCKED,1,200,403,
PP,search,2,209,b694bd74d51dcc8c,BLOCKED,1,200,403,
PP,search,2,210,7e280f26a7c865fd,BLOCKED,1,200,403,
PP,search,2,211,5e65091c5fb860e2,BLOCKED,1,403,403,
PP,search,2,212,0706089a5ce4dde6,BLOCKED,1,403,403,
PP,search,2,213,e0a404ceafe3ffc5,BLOCKED,1,403,403,
PP,search,2,214,63cfc0c3975924f3,BLOCKED,1,200,403,
PP,search,2,215,80d01f79b74eea4f,BLOCKED,1,403,403,
PP,search,2,216,d80710578531e41b,BLOCKED,1,200,403,
PP,search,2,217,ec57f8583af789e6,BLOCKED,1,200,403,
PP,search,2,218,467aac2966b2d56d,BLOCKED,1,200,403,
PP,search,2,220,14f769015c23698c,BLOCKED,1,200,403,
PP,search,2,238,3bbbfcd79116a65a,BLOCKED,1,200,403,
PP,search,2,239,4ed7074d9b7dada9,BLOCKED,1,200,403,
PP,search,2,240,9320621a52177d3b,BLOCKED,1,403,403,
PP,search,2,241,3d8721e28a77bcd4,BLOCKED,1,200,403,
PP,search,2,242,3d360ed2eb7e85cf,BLOCKED,1,200,403,
PP,search,2,243,a7e31f39c69006d1,BLOCKED,1,200,403,
PP,search,2,245,cc9974c949281eb7,BLOCKED,1,200,403,
PP,search,2,246,04420aea3afafbce,BLOCKED,1,200,403,
PP,search,2,248,614838146f096d31,BLOCKED,1,200,403,
PP,search,2,253,111373925e1003df,BLOCKED,1,403,403,
PP,search,2,255,3ecff09baee86db0,BLOCKED,1,403,403,
PP,search,2,256,2e4a6e0fc3244536,BLOCKED,1,200,403,
PP,search,2,257,f32a9ea371e3c659,BLOCKED,1,403,403,
PP,search,2,259,d9e742620d6b983b,BLOCKED,1,200,403,
PP,search,2,265,cf6eb508b51a80d0,BLOCKED,1,403,403,
PP,search,2,268,041082a23deaf7f3,BLOCKED,1,200,403,
PP,search,2,270,637a969e681950a7,BLOCKED,1,200,403,
PP,search,2,273,38d4b472bc3be269,BLOCKED,1,403,403,
PP,search,2,274,2b994ac37208190d,BLOCKED,1,200,403,
PP,search,2,277,dab4c8c43f0cd258,BLOCKED,1,403,403,
PP,search,2,278,74a112b85c54b306,BLOCKED,1,200,403,
PP,search,2,279,421826f8b0d0eab3,BLOCKED,1,403,403,
PP,search,2,280,32771bd3b26d6131,BLOCKED,1,403,403,
PP,search,2,281,837a5e66f83b4b60,BLOCKED,1,403,403,
PP,search,2,282,f75d3926c22406d9,BLOCKED,1,403,403,
PP,search,2,283,24da42dbdbef28f0,BLOCKED,1,200,403,
PP,search,2,284,fd4aaf7f1d9032c3,BLOCKED,1,200,403,
PP,search,2,286,9e1a04c22b8fdb35,BLOCKED,1,200,403,
PP,search,2,287,16d1109530bd70c2,BLOCKED,1,200,403,
PP,search,2,289,7cf9370110822a29,BLOCKED,1,200,403,
PP,search,2,290,0cf859ad4a0f4f48,BLOCKED,1,200,403,
PP,search,2,291,f7128bd0660f905f,BLOCKED,1,200,403,
PP,search,2,293,18cfb6ed0bfc2f68,BLOCKED,1,200,403,
PP,search,2,294,c90b1fa60372e0fb,BLOCKED,1,200,403,
PP,search,2,295,a7e3a3fb5b1d5c8c,BLOCKED,1,200,403,
PP,search,3,1,eee651641e3d3775,BLOCKED,1,403,403,
PP,search,3,3,ee7fbf6afee3775a,BLOCKED,1,200,403,
PP,search,3,6,4ed7074d9b7dada9,BLOCKED,1,200,403,
PP,search,3,7,6f2d45c88a84f08a,BLOCKED,1,403,403,
PP,search,3,8,8a3bc448bc375f44,BLOCKED,1,403,403,
PP,search,3,10,cf219ca0406f0f65,BLOCKED,1,403,403,
PP,search,3,11,44678f24eb7460e2,BLOCKED,1,403,403,
PP,search,3,17,6dab5a14aa1db0ed,BLOCKED,1,200,403,
PP,search,3,26,4b738224a578273d,BLOCKED,1,200,403,
PP,search,3,29,278584dbded42801,BLOCKED,1,200,403,
PP,search,3,31,b63f795622dca6de,BLOCKED,1,403,403,
PP,search,3,32,c3376281c6964126,BLOCKED,1,200,403,
PP,search,3,33,9edfa692b094b47f,BLOCKED,1,200,403,
PP,search,3,35,80dea2bc86c21e6f,BLOCKED,1,200,403,
PP,search,3,36,3070c68de867d38c,BLOCKED,1,403,403,
PP,search,3,37,756191da60c610f2,BLOCKED,1,403,403,
PP,search,3,38,3cddc01e65e2e290,BLOCKED,1,200,403,
PP,search,3,39,7cf20df6d4ece65d,BLOCKED,1,403,403,
PP,search,3,40,fae2ffac66167da8,BLOCKED,1,200,403,
PP,search,3,41,dbf90cea4e07a957,BLOCKED,1,403,403,
PP,search,3,42,86350da6ecc9d5af,BLOCKED,1,403,403,
PP,search,3,45,18751db6541e44da,BLOCKED,1,200,403,
PP,search,3,47,8bda7e1c950b278c,BLOCKED,1,200,403,
PP,search,3,54,a8a23947acf6839b,BLOCKED,1,403,403,
PP,search,3,57,24cad32c8e169c8b,BLOCKED,1,200,403,
PP,search,3,58,d497d57a5bb7028c,BLOCKED,1,200,403,
PP,search,3,59,4f43680bf6f407fd,BLOCKED,1,403,403,
PP,search,3,60,f16aa1006ea34e5c,BLOCKED,1,200,403,
PP,search,3,62,4afcd9981ee60be5,BLOCKED,1,403,403,
PP,search,3,63,86d0290961eed3b9,BLOCKED,1,200,403,
PP,search,3,64,444b947ce1b5b1a0,BLOCKED,1,200,403,
PP,search,3,65,7e21b04ebe9b975e,BLOCKED,1,403,403,
PP,search,3,66,0131ca4aab3d9154,BLOCKED,1,200,403,
PP,search,3,67,e8df1b94faa754a8,BLOCKED,1,200,403,
PP,search,3,68,b7bc4e3f78973836,BLOCKED,1,200,403,
PP,search,3,69,7afb7f943b4dae81,BLOCKED,1,200,403,
PP,search,3,70,29518a72dfbcb7fc,BLOCKED,1,200,403,
PP,search,3,71,fe424a739c5df548,BLOCKED,1,403,403,
PP,search,3,72,5666fc9d784c5684,BLOCKED,1,200,403,
PP,search,3,73,fd6936a4493defea,BLOCKED,1,200,403,
PP,search,3,77,6c975f4bec69bbe7,BLOCKED,1,200,403,
PP,search,3,82,29e09904c893348c,BLOCKED,1,403,403,
PP,search,3,83,d9c8af9ad4f18299,BLOCKED,1,200,403,
PP,search,3,84,6dd9515beffe8155,BLOCKED,1,403,403,
PP,search,3,85,61deca222e61eac2,BLOCKED,1,200,403,
PP,search,3,86,cf3f6195e291556b,BLOCKED,1,403,403,
PP,search,3,87,d912daef0322b4bd,BLOCKED,1,403,403,
PP,search,3,88,e3bbd2bceb2d2eec,BLOCKED,1,200,403,
PP,search,3,89,f510e52235575256,BLOCKED,1,200,403,
PP,search,3,90,8300edcdae6c673f,BLOCKED,1,200,403,
PP,search,3,91,692e905cd98e8945,BLOCKED,1,403,403,
PP,search,3,92,aa8ca88f14340f82,BLOCKED,1,200,403,
PP,search,3,93,dd1b56ef5cef948f,BLOCKED,1,403,403,
PP,search,3,94,e50ab1d698473573,BLOCKED,1,200,403,
PP,search,3,95,9111ae75d337c39a,BLOCKED,1,200,403,
PP,search,3,96,be452a145c2d8641,BLOCKED,1,200,403,
PP,search,3,97,111373925e1003df,BLOCKED,1,403,403,
PP,search,3,98,2d03453d60c49457,BLOCKED,1,200,403,
PP,search,3,99,c5cc4e1dcaf456d5,BLOCKED,1,403,403,
PP,search,3,100,edaab4ba62cbc6da,BLOCKED,1,403,403,
PP,search,3,101,fd409a6b0cf50db8,BLOCKED,1,403,403,
PP,search,3,102,60c09f4d2ab7beca,BLOCKED,1,200,403,
PP,search,3,105,287d5db5df77304d,BLOCKED,1,200,403,
PP,search,3,108,c952fba9933a9fd4,BLOCKED,1,403,403,
PP,search,3,110,6d0f8425a998fe03,BLOCKED,1,403,403,
PP,search,3,111,67369d89816255b7,BLOCKED,1,403,403,
PP,search,3,112,09dc3b01074a277d,BLOCKED,1,403,403,
PP,search,3,115,b84e49419eb0b53e,BLOCKED,1,200,403,
PP,search,3,116,24fb5ef32c8c8c61,BLOCKED,1,403,403,
PP,search,3,119,53b5053298c72740,BLOCKED,1,200,403,
PP,search,3,121,bd3b37ae923cdd35,BLOCKED,1,200,403,
PP,search,3,122,cc917642eea10f8e,BLOCKED,1,200,403,
PP,search,3,123,acabe9d1c3f4a184,BLOCKED,1,403,403,
PP,search,3,124,f29d14643e7d879a,BLOCKED,1,200,403,
PP,search,3,125,28879b6a791764fc,BLOCKED,1,200,403,
PP,search,3,126,8bba7568024be6a0,BLOCKED,1,200,403,
PP,search,3,129,d6fdf04422ccf4b5,BLOCKED,1,200,403,
PP,search,3,132,4464e8ceb63d466c,BLOCKED,1,200,403,
PP,search,3,136,5451947e4f490938,BLOCKED,1,403,403,
PP,search,3,139,7e4c255299f613af,BLOCKED,1,403,403,
PP,search,3,141,1899c4352fcbba07,BLOCKED,1,200,403,
PP,search,3,142,7d792be2022cddff,BLOCKED,1,403,403,
PP,search,3,143,44b7c3c2c63973c1,BLOCKED,1,403,403,
PP,search,3,144,eea2c175831a1866,BLOCKED,1,403,403,
PP,search,3,145,f75d3926c22406d9,BLOCKED,1,403,403,
PP,search,3,146,317d6ac4c5929d06,BLOCKED,1,403,403,
PP,search,3,147,23a4060f275efd29,BLOCKED,1,403,403,
PP,search,3,149,d71c4b99604b893b,BLOCKED,1,403,403,
PP,search,3,150,7ffc371045a79f73,BLOCKED,1,403,403,
PP,search,3,151,1707f69ca8940540,BLOCKED,1,403,403,
PP,search,3,152,a8e7cb71a5f9c4e1,BLOCKED,1,403,403,
PP,search,3,153,b45a02c047fa70ca,BLOCKED,1,403,403,
PP,search,3,154,f56ecf0def012e70,BLOCKED,1,403,403,
PP,search,3,155,8aa9e060864ae643,BLOCKED,1,200,403,
PP,search,3,158,28a10b19709f65e1,BLOCKED,1,200,403,
PP,search,3,161,7fdf0a2452d320d0,BLOCKED,1,200,403,
PP,search,3,166,e1973f27feaa8baf,BLOCKED,1,403,403,
PP,search,3,168,bba48e4b25baa4de,BLOCKED,1,403,403,
PP,search,3,169,e5e9be0e7d22a8f7,BLOCKED,1,403,403,
PP,search,3,174,de857eab7f9c2787,BLOCKED,1,403,403,
PP,search,3,175,a99a6fef2117f2c8,BLOCKED,1,403,403,
PP,search,3,177,9fed958cdf272fcf,BLOCKED,1,200,403,
PP,search,3,182,bcc0ff79317886f6,BLOCKED,1,403,403,
PP,search,3,183,6c43793f4b84a21d,BLOCKED,1,200,403,
PP,search,3,184,8276f44678bca401,BLOCKED,1,403,403,
PP,search,3,185,8fd6285545fcf99a,BLOCKED,1,403,403,
PP,search,3,188,6b98e20c3e31fdc7,BLOCKED,1,403,403,
PP,search,3,189,f5429b99ef95f44d,BLOCKED,1,403,403,
PP,search,3,190,f90cd9ec81e2594d,BLOCKED,1,403,403,
PP,search,3,191,85f69dcafa0e515d,BLOCKED,1,200,403,
PP,search,3,192,e4068e391fa696b0,BLOCKED,1,200,403,
PP,search,3,193,f37ad88d732cd781,BLOCKED,1,403,403,
PP,search,3,195,cd22062a27d088bf,BLOCKED,1,200,403,
PP,search,3,199,f6e8b9b983cda0a4,BLOCKED,1,200,403,
PP,search,3,204,91a8d969b9fdada6,BLOCKED,1,403,403,
PP,search,3,205,ce2a78c47285fb72,BLOCKED,1,403,403,
PP,search,3,206,4844d189e5210e46,BLOCKED,1,403,403,
PP,search,3,207,43d094b807e73740,BLOCKED,1,403,403,
PP,search,3,208,328eb20b3c228328,BLOCKED,1,403,403,
PP,search,3,209,03f393e5486aa622,BLOCKED,1,200,403,
PP,search,3,210,2ec8e5c7c7829a5f,BLOCKED,1,200,403,
PP,search,3,211,3f4a2c9ad8d58f75,BLOCKED,1,403,403,
PP,search,3,212,1326d97c788f5acd,BLOCKED,1,403,403,
PP,search,3,213,f532e9b5b4517b9b,BLOCKED,1,403,403,
PP,search,3,214,44c3925308dbcb0a,BLOCKED,1,403,403,
PP,search,3,215,756068954db44d78,BLOCKED,1,403,403,
PP,search,3,216,909acf666780c152,BLOCKED,1,403,403,
PP,search,3,218,7cf9370110822a29,BLOCKED,1,200,403,
PP,search,3,219,e0c5ddb2159c5726,BLOCKED,1,403,403,
PP,search,3,221,481ea46b08536e0c,BLOCKED,1,200,403,
PP,search,3,223,ae6454ca26ff1895,BLOCKED,1,403,403,
PP,search,3,224,fe0b9aa61209b2c6,BLOCKED,1,200,403,
PP,search,3,229,cfcc250fdb1df759,BLOCKED,1,403,403,
PP,search,3,232,a0ec173987474ace,BLOCKED,1,403,403,
PP,search,3,235,8a208523caf952fa,BLOCKED,1,403,403,
PP,search,3,236,b7ffb066da494c4b,BLOCKED,1,403,403,
PP,search,3,241,b9fc51b28ad6ca5d,BLOCKED,1,403,403,
PP,search,3,258,03d6f3061e208c3a,BLOCKED,1,403,403,
PP,search,3,259,0ddf431a4b2c265f,BLOCKED,1,403,403,
PP,search,3,260,84f97706cc9896e1,BLOCKED,1,200,403,
PP,search,3,261,1a47ea350ff133d6,BLOCKED,1,403,403,
PP,search,3,262,4b3c380c58cfaa18,BLOCKED,1,403,403,
PP,search,3,263,66ddae3fb0d19eab,BLOCKED,1,200,403,
PP,search,3,265,dfe775f266310c30,BLOCKED,1,403,403,
PP,search,3,268,138f278151d153db,BLOCKED,1,403,403,
PP,search,3,269,28badfc90c1df181,BLOCKED,1,403,403,
PP,search,3,270,8496b5a9b76856cb,BLOCKED,1,200,403,
PP,search,3,272,f0c8c26e16bbbbf3,BLOCKED,1,200,403,
PP,search,3,273,b9387646e59bd287,BLOCKED,1,200,403,
PP,search,3,274,6e5b994d3f79d197,BLOCKED,1,200,403,
PP,search,3,275,d58597822dd7d002,BLOCKED,1,403,403,
PP,search,3,277,2e2427519e03b1e2,BLOCKED,1,200,403,
PP,search,3,281,46846fb44c1e9916,BLOCKED,1,403,403,
PP,search,3,282,640fb73ef616c032,BLOCKED,1,403,403,
PP,search,3,284,31f609bb20d44226,BLOCKED,1,403,403,
PP,search,3,286,7dfcbd1d19a49a31,BLOCKED,1,200,403,
PP,search,3,287,e47f63edaa2ab25d,BLOCKED,1,200,403,
PP,search,3,288,b75a3f9beec7b0e0,BLOCKED,1,403,403,
PP,search,3,289,1595d6e2b75a2a16,BLOCKED,1,403,403,
PP,search,3,290,2bd34a786e248591,BLOCKED,1,403,403,
PP,search,3,292,606ca52d643669ad,BLOCKED,1,200,403,
PP,search,3,294,c060beda8bf6086e,BLOCKED,1,403,403,
PP,search,3,295,d13c5807f03a033b,BLOCKED,1,200,403,
PP,search,3,296,903c48af95af5c51,BLOCKED,1,403,403,
PP,search,3,297,0f2b78281545ab7e,BLOCKED,1,403,403,
PP,search,3,298,a7230a2e362e6653,BLOCKED,1,200,403,
PP,search,3,299,c8d069f98ad7c0af,BLOCKED,1,403,403,
PP,search,4,1,183ca28e6c8e3c86,BLOCKED,1,403,403,
PP,search,4,2,63cfc0c3975924f3,BLOCKED,1,200,403,
PP,search,4,3,fc589221b20e6693,BLOCKED,1,200,403,
PP,search,4,4,dee8c11d0cab7722,BLOCKED,1,403,403,
PP,search,4,5,11d9086579ce38a1,BLOCKED,1,200,403,
PP,search,4,6,0ce507a0a712348d,BLOCKED,1,403,403,
PP,search,4,7,bfe55fd0334883dd,BLOCKED,1,403,403,
PP,search,4,8,04422bda6c22e2c0,BLOCKED,1,200,403,
PP,search,4,9,9cf52fcbae02bbea,BLOCKED,1,403,403,
PP,search,4,10,41a91a8a5a6e2707,BLOCKED,1,200,403,
PP,search,4,13,8112d19ace78031e,BLOCKED,1,403,403,
PP,search,4,14,1e2298cade2ccbdf,BLOCKED,1,403,403,
PP,search,4,17,a5038717e058a94a,BLOCKED,1,200,403,
PP,search,4,18,7e97b801b6116486,BLOCKED,1,403,403,
PP,search,4,24,d442400392724309,BLOCKED,1,200,403,
PP,search,4,25,5437777603a3cb76,BLOCKED,1,403,403,
PP,search,4,26,5d85d875d5b7eda0,BLOCKED,1,403,403,
PP,search,4,27,b58afbc3a3d13d89,BLOCKED,1,200,403,
PP,search,4,28,c75b0c7af721acdc,BLOCKED,1,200,403,
PP,search,4,30,76cd1d8c9ff4a01d,BLOCKED,1,403,403,
PP,search,4,31,e08aff6ec1003ef7,BLOCKED,1,403,403,
PP,search,4,32,4eff86291dbdc2b9,BLOCKED,1,403,403,
PP,search,4,33,00d0d0fd23a442bf,BLOCKED,1,200,403,
PP,search,4,35,0b9eeb2d6adacdbd,BLOCKED,1,200,403,
PP,search,4,36,ac74c1a6a67a0aa5,BLOCKED,1,200,403,
PP,search,4,37,27d0167073322326,BLOCKED,1,403,403,
PP,search,4,48,8c55d0988a49613d,BLOCKED,1,200,403,
PP,search,4,51,4e28e89b234e69a1,BLOCKED,1,200,403,
PP,search,4,52,7dfcbd1d19a49a31,BLOCKED,1,200,403,
PP,search,4,53,d8dae5d85fb53ef5,BLOCKED,1,403,403,
PP,search,4,55,6f2d45c88a84f08a,BLOCKED,1,403,403,
PP,search,4,56,4df411816de96447,BLOCKED,1,403,403,
PP,search,4,57,456bf66c2cd397e8,BLOCKED,1,403,403,
PP,search,4,62,54b609905d277a71,BLOCKED,1,200,403,
PP,search,4,68,0b06fe2c01ad152d,BLOCKED,1,200,403,
PP,search,4,69,fae2ffac66167da8,BLOCKED,1,200,403,
PP,search,4,70,740e5a7441ffd23d,BLOCKED,1,200,403,
PP,search,4,71,866f8d417dd41131,BLOCKED,1,200,403,
PP,search,4,72,b8624d4e3076505c,BLOCKED,1,200,403,
PP,search,4,74,04fde2bd1c1e8e8d,BLOCKED,1,200,403,
PP,search,4,81,80dea2bc86c21e6f,BLOCKED,1,200,403,
PP,search,4,82,0df6c03af5fa7291,BLOCKED,1,200,403,
PP,search,4,83,9372f686153fac51,BLOCKED,1,403,403,
PP,search,4,84,f37ad88d732cd781,BLOCKED,1,403,403,
PP,search,4,91,ac8036d006c58b8e,BLOCKED,1,403,403,
PP,search,4,92,c911580a582a542d,BLOCKED,1,403,403,
PP,search,4,93,e8b6f684361abaa6,BLOCKED,1,200,403,
PP,search,4,94,8039811a671c5b6a,BLOCKED,1,403,403,
PP,search,4,95,eee651641e3d3775,BLOCKED,1,403,403,
PP,search,4,97,656bac83b33da968,BLOCKED,1,403,403,
PP,search,4,99,c060beda8bf6086e,BLOCKED,1,403,403,
PP,search,4,100,67369d89816255b7,BLOCKED,1,403,403,
PP,search,4,101,f091ed9b4cf107d5,BLOCKED,1,200,403,
PP,search,4,102,b43e8d0a3064b57d,BLOCKED,1,200,403,
PP,search,4,103,88175cf38d07df28,BLOCKED,1,200,403,
PP,search,4,105,b1fd42fe628f5a3b,BLOCKED,1,200,403,
PP,search,4,107,a7a2543eb2a53e44,BLOCKED,1,200,403,
PP,search,4,108,021157e420837f2f,BLOCKED,1,200,403,
PP,search,4,109,610081e9d35be093,BLOCKED,1,200,403,
PP,search,4,111,2b41cbac675236c7,BLOCKED,1,403,403,
PP,search,4,112,d4926feb2f3a7a33,BLOCKED,1,403,403,
PP,search,4,113,02e1c2f07a85642d,BLOCKED,1,403,403,
PP,search,4,114,5df3f42e2ff2e354,BLOCKED,1,403,403,
PP,search,4,115,96e23fc7934f2c32,BLOCKED,1,200,403,
PP,search,4,116,b87ba35d97bcab58,BLOCKED,1,200,403,
PP,search,4,117,ccf3a3bdb754c8e1,BLOCKED,1,200,403,
PP,search,4,120,18940fb0b8d8b1bf,BLOCKED,1,200,403,
PP,search,4,121,cd050b225b2ee62b,BLOCKED,1,403,403,
PP,search,4,122,d36340bc748ffb0e,BLOCKED,1,200,403,
PP,search,4,123,be697986ecc48ca5,BLOCKED,1,200,403,
PP,search,4,124,48e540af3bdb6a61,BLOCKED,1,200,403,
PP,search,4,125,d359b5d538687383,BLOCKED,1,200,403,
PP,search,4,126,36cf9d3673d8b337,BLOCKED,1,200,403,
PP,search,4,127,676c1e860c35c939,BLOCKED,1,200,403,
PP,search,4,128,6d0f8425a998fe03,BLOCKED,1,403,403,
PP,search,4,129,038ea090aa5f9746,BLOCKED,1,200,403,
PP,search,4,130,d828a450cd5a39ef,BLOCKED,1,200,403,
PP,search,4,132,27c4f2bd658c8e0e,BLOCKED,1,200,403,
PP,search,4,133,04420aea3afafbce,BLOCKED,1,200,403,
PP,search,4,135,cf804a99c6d88514,BLOCKED,1,403,403,
PP,search,4,136,a0cef54d3105b23f,BLOCKED,1,200,403,
PP,search,4,137,bee3d6a7e6f16ebe,BLOCKED,1,200,403,
PP,search,4,138,f939940aa9539e2d,BLOCKED,1,403,403,
PP,search,4,139,2680ec00b1d6d9bf,BLOCKED,1,200,403,
PP,search,4,141,d2485993bb844fd8,BLOCKED,1,200,403,
PP,search,4,142,c5b93e2f06bf9f2c,BLOCKED,1,200,403,
PP,search,4,146,f36975bef9bf0400,BLOCKED,1,200,403,
PP,search,4,147,8a2fe3da5ab35431,BLOCKED,1,200,403,
PP,search,4,148,4fbe64283acbf1b3,BLOCKED,1,403,403,
PP,search,4,149,5ae35357de10cf49,BLOCKED,1,200,403,
PP,search,4,150,fee18ab60b55f91b,BLOCKED,1,403,403,
PP,search,4,151,f81542c1d72ca358,BLOCKED,1,403,403,
PP,search,4,152,f65daf53bc0f580a,BLOCKED,1,200,403,
PP,search,4,153,5fc28453ac7525bc,BLOCKED,1,403,403,
PP,search,4,154,a51097a0f3c3c4d5,BLOCKED,1,200,403,
PP,search,4,155,5edae7ee5e344771,BLOCKED,1,403,403,
PP,search,4,156,84eb33c11de42a15,BLOCKED,1,403,403,
PP,search,4,157,cf59705d6c57af50,BLOCKED,1,200,403,
PP,search,4,163,b3636011856e00fe,BLOCKED,1,200,403,
PP,search,4,164,e9b2a2eaf7fecb1d,BLOCKED,1,403,403,
PP,search,4,165,d824a7a1335d0943,BLOCKED,1,200,403,
PP,search,4,166,3d5f3bb52c99af23,BLOCKED,1,403,403,
PP,search,4,167,64fb4ae6d46b8904,BLOCKED,1,200,403,
PP,search,4,169,6dd9515beffe8155,BLOCKED,1,403,403,
PP,search,4,171,c6222200c65e74f7,BLOCKED,1,403,403,
PP,search,4,172,69b9d392c0fa065a,BLOCKED,1,200,403,
PP,search,4,175,9edfa692b094b47f,BLOCKED,1,200,403,
PP,search,4,178,2e2427519e03b1e2,BLOCKED,1,200,403,
PP,search,4,182,e66fcc73944943ad,BLOCKED,1,200,403,
PP,search,4,187,f91d35a96cf068c5,BLOCKED,1,403,403,
PP,search,4,192,e9db6eae398628e1,BLOCKED,1,200,403,
PP,search,4,195,85bcf2d349d8c0ce,BLOCKED,1,403,403,
PP,search,4,196,165614d0ac4d90c9,BLOCKED,1,200,403,
PP,search,4,198,1fd4b2c914661e2b,BLOCKED,1,403,403,
PP,search,4,200,0ad0e8691ec34e52,BLOCKED,1,200,403,
PP,search,4,202,7cdda43fd04370cd,BLOCKED,1,403,403,
PP,search,4,204,9e808272a9777e81,BLOCKED,1,403,403,
PP,search,4,205,6a722b53f3c2576f,BLOCKED,1,403,403,
PP,search,4,208,e445a9421d7cb882,BLOCKED,1,200,403,
PP,search,4,213,9f01a0933a03aaff,BLOCKED,1,403,403,
PP,search,4,215,903c48af95af5c51,BLOCKED,1,403,403,
PP,search,4,216,2b3a88f5402a17d4,BLOCKED,1,200,403,
PP,search,4,218,a5f68af9c598c974,BLOCKED,1,200,403,
PP,search,4,219,b6307b45c7479945,BLOCKED,1,200,403,
PP,search,4,220,f356b025e018ba5c,BLOCKED,1,403,403,
PP,search,4,221,1f8d21b7600f9a26,BLOCKED,1,200,403,
PP,search,4,222,5834d5325406bca5,BLOCKED,1,200,403,
PP,search,4,226,1595d6e2b75a2a16,BLOCKED,1,403,403,
PP,search,4,227,a42479e242823fef,BLOCKED,1,200,403,
PP,search,4,229,06c7d01de2908a27,BLOCKED,1,403,403,
PP,search,4,233,ea6a0d9c25932a19,BLOCKED,1,200,403,
PP,search,4,235,8eb454cabeffdc30,BLOCKED,1,403,403,
PP,search,4,236,0c4e961290e0b6dd,BLOCKED,1,403,403,
PP,search,4,245,a3e604832d2061e2,BLOCKED,1,403,403,
PP,search,4,248,97b88066f314311f,BLOCKED,1,403,403,
PP,search,4,249,8a208523caf952fa,BLOCKED,1,403,403,
PP,search,4,252,fe1dcb3c558f9241,BLOCKED,1,403,403,
PP,search,4,253,c3435bb172eb384a,BLOCKED,1,403,403,
PP,search,4,256,639525ab5c7c06aa,BLOCKED,1,200,403,
PP,search,4,258,f2a26f8c6302d711,BLOCKED,1,403,403,
PP,search,4,259,87a61c2d394d2253,BLOCKED,1,403,403,
PP,search,4,260,8a381698f2904cae,BLOCKED,1,403,403,
PP,search,4,261,b63f795622dca6de,BLOCKED,1,403,403,
PP,search,4,263,4e7c8c3f0e71939d,BLOCKED,1,200,403,
PP,search,4,264,9e1459b0c4ba59cd,BLOCKED,1,403,403,
PP,search,4,266,6f8482c2b5a2a4d2,BLOCKED,1,403,403,
PP,search,4,267,bbb05fb4c0f2d842,BLOCKED,1,200,403,
PP,search,4,268,4418600ba9f27a2a,BLOCKED,1,403,403,
PP,search,4,270,3b95d8fe52957e96,BLOCKED,1,200,403,
PP,search,4,271,d2e0fcf3fb44883f,BLOCKED,1,200,403,
PP,search,4,272,210e2ac500632302,BLOCKED,1,403,403,
PP,search,4,273,ebc0479457675f07,BLOCKED,1,200,403,
PP,search,4,274,cce1346c8ef5e6ec,BLOCKED,1,200,403,
PP,search,4,276,8507140ad948939b,BLOCKED,1,403,403,
PP,search,4,277,c657b5ea7366a395,BLOCKED,1,403,403,
PP,search,4,278,5738c3195db53d01,BLOCKED,1,200,403,
PP,search,4,281,5577d7c29c718761,BLOCKED,1,403,403,
PP,search,4,282,89d41c749fe14c4e,BLOCKED,1,200,403,
PP,search,4,283,802f5098e28a0fcf,BLOCKED,1,403,403,
PP,search,4,288,a8a23947acf6839b,BLOCKED,1,403,403,
PP,search,4,291,4e22f6c2776348d0,BLOCKED,1,200,403,
PP,search,4,295,b75a3f9beec7b0e0,BLOCKED,1,403,403,
PP,search,4,296,2bd34a786e248591,BLOCKED,1,403,403,
PP,search,4,300,dfba79139437b916,BLOCKED,1,200,403,
PP,search,5,1,65e99ea71ddac598,BLOCKED,1,200,403,
PP,search,5,2,903c48af95af5c51,BLOCKED,1,403,403,
PP,search,5,3,e5413f76b1d28b40,BLOCKED,1,403,403,
PP,search,5,5,e50ab1d698473573,BLOCKED,1,200,403,
PP,search,5,6,a334eec62241d093,BLOCKED,1,200,403,
PP,search,5,15,5e15c56358af2413,BLOCKED,1,403,403,
PP,search,5,16,7c338d2055031156,BLOCKED,1,403,403,
PP,search,5,17,7b5eb985d51a34b4,BLOCKED,1,200,403,
PP,search,5,18,ca178d4077e94326,BLOCKED,1,403,403,
PP,search,5,19,e66fcc73944943ad,BLOCKED,1,200,403,
PP,search,5,20,baddbc0cb096a4b8,BLOCKED,1,403,403,
PP,search,5,26,bef2864e839b7637,BLOCKED,1,200,403,
PP,search,5,29,7f6f496f419693f0,BLOCKED,1,200,403,
PP,search,5,30,41a91a8a5a6e2707,BLOCKED,1,200,403,
PP,search,5,31,1e2f6948036ab56a,BLOCKED,1,403,403,
PP,search,5,32,7e88db511b966bcd,BLOCKED,1,403,403,
PP,search,5,33,0439ceee29c1fdac,BLOCKED,1,200,403,
PP,search,5,37,5741a27ae27df8a4,BLOCKED,1,403,403,
PP,search,5,38,4e3eba8f1b898c40,BLOCKED,1,200,403,
PP,search,5,40,d565c0503fdc19f2,BLOCKED,1,403,403,
PP,search,5,41,5a9bd47a24d3f938,BLOCKED,1,200,403,
PP,search,5,42,d497d57a5bb7028c,BLOCKED,1,200,403,
PP,search,5,45,0131ca4aab3d9154,BLOCKED,1,200,403,
PP,search,5,46,04c6a467eb34595a,BLOCKED,1,403,403,
PP,search,5,48,c63c02f22aedff16,BLOCKED,1,403,403,
PP,search,5,50,bbf9af9490f3135d,BLOCKED,1,403,403,
PP,search,5,51,e8df1b94faa754a8,BLOCKED,1,200,403,
PP,search,5,52,b9bca852d9fa5f36,BLOCKED,1,403,403,
PP,search,5,53,9c9770973f374014,BLOCKED,1,403,403,
PP,search,5,55,4fbe2f9293ec7f3f,BLOCKED,1,200,403,
PP,search,5,56,c8a62555f1911d3c,BLOCKED,1,403,403,
PP,search,5,57,50a21bc96fa53274,BLOCKED,1,403,403,
PP,search,5,58,2277e6bf82310ee4,BLOCKED,1,200,403,
PP,search,5,61,20dc575f5d6a5b4f,BLOCKED,1,403,403,
PP,search,5,62,158d5b2447f099ff,BLOCKED,1,200,403,
PP,search,5,63,eb6b0eec558ccf05,BLOCKED,1,403,403,
PP,search,5,64,f67288d7992724bc,BLOCKED,1,200,403,
PP,search,5,66,b75a3f9beec7b0e0,BLOCKED,1,403,403,
PP,search,5,67,1c6f74701c246402,BLOCKED,1,200,403,
PP,search,5,68,3431e38ab05e822d,BLOCKED,1,200,403,
PP,search,5,69,30d357b45d1b4322,BLOCKED,1,403,403,
PP,search,5,72,0df6c03af5fa7291,BLOCKED,1,200,403,
PP,search,5,74,8100594007f7e150,BLOCKED,1,200,403,
PP,search,5,75,5f47dee47ec0a747,BLOCKED,1,200,403,
PP,search,5,77,9f01a0933a03aaff,BLOCKED,1,403,403,
PP,search,5,78,1899c4352fcbba07,BLOCKED,1,200,403,
PP,search,5,81,229d77b986117907,BLOCKED,1,200,403,
PP,search,5,82,ed9fbd6d71bd1443,BLOCKED,1,200,403,
PP,search,5,85,93b26aac3cc1a2c7,BLOCKED,1,200,403,
PP,search,5,93,a87bdb2699677f29,BLOCKED,1,403,403,
PP,search,5,97,ce7cacbb4af93648,BLOCKED,1,403,403,
PP,search,5,98,9372f686153fac51,BLOCKED,1,403,403,
PP,search,5,99,a6194b9dd182d7b5,BLOCKED,1,200,403,
PP,search,5,100,7cf9370110822a29,BLOCKED,1,200,403,
PP,search,5,102,926bb33ef9d8606d,BLOCKED,1,403,403,
PP,search,5,105,e445a9421d7cb882,BLOCKED,1,200,403,
PP,search,5,110,969ded9211d40f5d,BLOCKED,1,200,403,
PP,search,5,114,a51097a0f3c3c4d5,BLOCKED,1,200,403,
PP,search,5,115,7965502fa98bd202,BLOCKED,1,403,403,
PP,search,5,117,69f5fe6249f1df92,BLOCKED,1,403,403,
PP,search,5,120,d4cac7911979bf15,BLOCKED,1,200,403,
PP,search,5,125,ba9a801e6654bbf6,BLOCKED,1,403,403,
PP,search,5,133,b39d0504cfe6f106,BLOCKED,1,200,403,
PP,search,5,134,b63f795622dca6de,BLOCKED,1,403,403,
PP,search,5,135,59f64cbac70b6cf0,BLOCKED,1,403,403,
PP,search,5,136,1d16b8a85caa9d79,BLOCKED,1,200,403,
PP,search,5,138,8a73999c22077c56,BLOCKED,1,200,403,
PP,search,5,139,f17dbd4515ba2bcd,BLOCKED,1,200,403,
PP,search,5,140,463ca26521e49525,BLOCKED,1,200,403,
PP,search,5,144,b734c9ed9a8de0ce,BLOCKED,1,403,403,
PP,search,5,145,cce1346c8ef5e6ec,BLOCKED,1,200,403,
PP,search,5,147,da9d05524577b8da,BLOCKED,1,200,403,
PP,search,5,148,9fb4f5b95c4f90fa,BLOCKED,1,200,403,
PP,search,5,149,c5b5b3ab76575b5c,BLOCKED,1,200,403,
PP,search,5,150,52d64ddab51e200b,BLOCKED,1,200,403,
PP,search,5,151,b3498cccbb1ede18,BLOCKED,1,200,403,
PP,search,5,154,3ccdda96abd0bfe8,BLOCKED,1,200,403,
PP,search,5,155,9e808272a9777e81,BLOCKED,1,403,403,
PP,search,5,157,018dcc2df89932d1,BLOCKED,1,403,403,
PP,search,5,160,ad8315d3e88c82c1,BLOCKED,1,403,403,
PP,search,5,162,4ed7074d9b7dada9,BLOCKED,1,200,403,
PP,search,5,165,f39b79fbed49bc44,BLOCKED,1,403,403,
PP,search,5,166,758f0b63115f3958,BLOCKED,1,403,403,
PP,search,5,167,0ec16a4fe2ad43ad,BLOCKED,1,200,403,
PP,search,5,168,2b3a88f5402a17d4,BLOCKED,1,200,403,
PP,search,5,169,51a6dbcdbff29095,BLOCKED,1,200,403,
PP,search,5,170,d9c8af9ad4f18299,BLOCKED,1,200,403,
PP,search,5,174,e08c179383c1ae4d,BLOCKED,1,403,403,
PP,search,5,175,a562918c79eb4f2f,BLOCKED,1,403,403,
PP,search,5,176,1595d6e2b75a2a16,BLOCKED,1,403,403,
PP,search,5,179,06c7d01de2908a27,BLOCKED,1,403,403,
PP,search,5,180,25add2ae4ae519db,BLOCKED,1,200,403,
PP,search,5,181,c824ec68bb20c611,BLOCKED,1,200,403,
PP,search,5,182,7eeb864835f667ed,BLOCKED,1,403,403,
PP,search,5,183,2c30d603a70ed416,BLOCKED,1,200,403,
PP,search,5,184,939b9aec11b5902f,BLOCKED,1,403,403,
PP,search,5,185,7a8cc7556c78cc03,BLOCKED,1,403,403,
PP,search,5,186,824c5b08c97a8ace,BLOCKED,1,403,403,
PP,search,5,187,6b3b7b1ad5e25aa1,BLOCKED,1,200,403,
PP,search,5,189,f7e35212418cb42b,BLOCKED,1,403,403,
PP,search,5,191,713f8a86aa1741ee,BLOCKED,1,403,403,
PP,search,5,192,aee5964247d09c82,BLOCKED,1,403,403,
PP,search,5,193,c75b0c7af721acdc,BLOCKED,1,200,403,
PP,search,5,194,a5a4d7e83dfb9d4d,BLOCKED,1,403,403,
PP,search,5,197,d3ca7cf8041515dd,BLOCKED,1,403,403,
PP,search,5,200,087b79e60c6b3886,BLOCKED,1,403,403,
PP,search,5,201,76cd1d8c9ff4a01d,BLOCKED,1,403,403,
PP,search,5,202,83f6004266c430d8,BLOCKED,1,403,403,
PP,search,5,205,d17486d036892c60,BLOCKED,1,403,403,
PP,search,5,206,ccd7401a1aea4d5f,BLOCKED,1,403,403,
PP,search,5,208,8fd030a8f23a4b64,BLOCKED,1,403,403,
PP,search,5,210,9fb867083e61dca3,BLOCKED,1,403,403,
PP,search,5,211,86d091efe9802276,BLOCKED,1,403,403,
PP,search,5,213,9cf52fcbae02bbea,BLOCKED,1,403,403,
PP,search,5,214,c68222f6f6eaf297,BLOCKED,1,403,403,
PP,search,5,216,9a3776893c121773,BLOCKED,1,200,403,
PP,search,5,217,47e408cf34c77f4e,BLOCKED,1,403,403,
PP,search,5,218,8112d19ace78031e,BLOCKED,1,403,403,
PP,search,5,219,2ce97b6c707059bc,BLOCKED,1,200,403,
PP,search,5,220,b6bfb0ca0b8af950,BLOCKED,1,403,403,
PP,search,5,221,e08aff6ec1003ef7,BLOCKED,1,403,403,
PP,search,5,223,104b050c6e01a5b1,BLOCKED,1,403,403,
PP,search,5,224,a0e9f55a9d251ece,BLOCKED,1,403,403,
PP,search,5,225,d71c4b99604b893b,BLOCKED,1,403,403,
PP,search,5,227,a4d1b115024b0427,BLOCKED,1,200,403,
PP,search,5,229,a9626405d9d8b596,BLOCKED,1,200,403,
PP,search,5,231,382126a117535de2,BLOCKED,1,403,403,
PP,search,5,232,0b44967bbc9b7975,BLOCKED,1,200,403,
PP,search,5,237,83be3ca32feae348,BLOCKED,1,200,403,
PP,search,5,238,6d0f8425a998fe03,BLOCKED,1,403,403,
PP,search,5,240,e8510974b38ff92e,BLOCKED,1,200,403,
PP,search,5,241,986b8d8e21f37990,BLOCKED,1,200,403,
PP,search,5,243,4af7504c384b74e6,BLOCKED,1,403,403,
PP,search,5,245,04420aea3afafbce,BLOCKED,1,200,403,
PP,search,5,246,a8ce52bb92eec2a7,BLOCKED,1,200,403,
PP,search,5,247,e726d493c5085eac,BLOCKED,1,200,403,
PP,search,5,248,cafbd45d10ab8494,BLOCKED,1,200,403,
PP,search,5,251,9edfa692b094b47f,BLOCKED,1,200,403,
PP,search,5,258,2c38059cc054ca0e,BLOCKED,1,200,403,
PP,search,5,262,6382a0e4b34da2c2,BLOCKED,1,403,403,
PP,search,5,263,e1973f27feaa8baf,BLOCKED,1,403,403,
PP,search,5,264,61828de57952d764,BLOCKED,1,200,403,
PP,search,5,266,4e7c8c3f0e71939d,BLOCKED,1,200,403,
PP,search,5,269,bc5083879ed667ba,BLOCKED,1,403,403,
PP,search,5,270,dd89578d7cc64188,BLOCKED,1,403,403,
PP,search,5,271,7d792be2022cddff,BLOCKED,1,403,403,
PP,search,5,273,1da72ff48c13b7f9,BLOCKED,1,403,403,
PP,search,5,274,c669b3c2bd3c2d9a,BLOCKED,1,403,403,
PP,search,5,275,6b62347af8997a19,BLOCKED,1,403,403,
PP,search,5,276,bdd6efca44750932,BLOCKED,1,403,403,
PP,search,5,278,6b0c55176f2abd11,BLOCKED,1,403,403,
PP,search,5,280,f57b6f644cf827dc,BLOCKED,1,403,403,
PP,search,5,281,a20feb78847b92cb,BLOCKED,1,200,403,
PP,search,5,282,c0b45794eed722bd,BLOCKED,1,200,403,
PP,search,5,283,d7a9e5b4bec8ebae,BLOCKED,1,403,403,
PP,search,5,284,f15d6a6656c18bc3,BLOCKED,1,200,403,
PP,search,5,285,e0d747f33f61ab61,BLOCKED,1,403,403,
PP,search,5,288,fbb186979dd4f988,BLOCKED,1,200,403,
PP,search,5,292,4bb67e4486cba205,BLOCKED,1,200,403,
PP,search,5,295,c672a11308b8e27c,BLOCKED,1,200,403,
PP,search,5,296,28160e0717125ff4,BLOCKED,1,200,403,
PP,search,5,300,a166af5a125aae89,BLOCKED,1,403,403,
PP,search,6,1,4d3301b91ba38dde,BLOCKED,1,200,403,
PP,search,6,3,8112d19ace78031e,BLOCKED,1,403,403,
PP,search,6,4,d21526fed8107cb2,BLOCKED,1,403,403,
PP,search,6,6,f91d35a96cf068c5,BLOCKED,1,403,403,
PP,search,6,7,44b7c3c2c63973c1,BLOCKED,1,403,403,
PP,search,6,8,5e05f172efb6a609,BLOCKED,1,200,403,
PP,search,6,9,d9e742620d6b983b,BLOCKED,1,200,403,
PP,search,6,10,456bf66c2cd397e8,BLOCKED,1,403,403,
PP,search,6,11,0b91b0c353dbf3be,BLOCKED,1,403,403,
PP,search,6,12,27e5ad6e76405a4e,BLOCKED,1,403,403,
PP,search,6,13,610081e9d35be093,BLOCKED,1,200,403,
PP,search,6,14,9bbc5fd739151550,BLOCKED,1,403,403,
PP,search,6,16,cb67275be752c1fc,BLOCKED,1,200,403,
PP,search,6,17,4e7c8c3f0e71939d,BLOCKED,1,200,403,
PP,search,6,18,d9537d06617618ff,BLOCKED,1,200,403,
PP,search,6,21,b7ffb066da494c4b,BLOCKED,1,403,403,
PP,search,6,22,fdb83334c48f8226,BLOCKED,1,403,403,
PP,search,6,24,00d0d0fd23a442bf,BLOCKED,1,200,403,
PP,search,6,29,bd0da0e1b5e7f79b,BLOCKED,1,200,403,
PP,search,6,36,a289317b8d853dbe,BLOCKED,1,403,403,
PP,search,6,37,5437777603a3cb76,BLOCKED,1,403,403,
PP,search,6,39,fbdfed62508617eb,BLOCKED,1,200,403,
PP,search,6,40,5a1bae90ab20eb69,BLOCKED,1,200,403,
PP,search,6,42,93867de84b07ce4d,BLOCKED,1,403,403,
PP,search,6,43,323c680c58505f95,BLOCKED,1,403,403,
PP,search,6,44,95f443698888e999,BLOCKED,1,403,403,
PP,search,6,47,c46e693495f4c0aa,BLOCKED,1,403,403,
PP,search,6,48,99a8a51b393c1e39,BLOCKED,1,200,403,
PP,search,6,51,88c7ce92db7e666c,BLOCKED,1,200,403,
PP,search,6,52,4f566b4b9807f379,BLOCKED,1,200,403,
PP,search,6,54,90ee5fcc0e661847,BLOCKED,1,200,403,
PP,search,6,55,862164f9b7dcf804,BLOCKED,1,200,403,
PP,search,6,57,c4fd3f276921a73f,BLOCKED,1,403,403,
PP,search,6,58,995b02ab84066593,BLOCKED,1,403,403,
PP,search,6,60,ef4635633dca26c9,BLOCKED,1,403,403,
PP,search,6,62,8ccffb135e17a7f5,BLOCKED,1,403,403,
PP,search,6,64,8692dd3646f6abfb,BLOCKED,1,403,403,
PP,search,6,65,d8dae5d85fb53ef5,BLOCKED,1,403,403,
PP,search,6,66,4ed7074d9b7dada9,BLOCKED,1,200,403,
PP,search,6,67,656bac83b33da968,BLOCKED,1,403,403,
PP,search,6,68,0df6c03af5fa7291,BLOCKED,1,200,403,
PP,search,6,69,99c28d2bdcd330ad,BLOCKED,1,403,403,
PP,search,6,70,e4c4b0e537dde1d2,BLOCKED,1,200,403,
PP,search,6,71,bbb05fb4c0f2d842,BLOCKED,1,200,403,
PP,search,6,72,476ab40b04fcebbd,BLOCKED,1,200,403,
PP,search,6,90,2474716f900eefd1,BLOCKED,1,403,403,
PP,search,6,91,6e4a9752f1441aa2,BLOCKED,1,403,403,
PP,search,6,92,65b3b6ea645cb4d8,BLOCKED,1,403,403,
PP,search,6,93,b03836ad2b2a99ae,BLOCKED,1,200,403,
PP,search,6,94,48e540af3bdb6a61,BLOCKED,1,200,403,
PP,search,6,95,8a3bc448bc375f44,BLOCKED,1,403,403,
PP,search,6,96,9e0a3da5443c9124,BLOCKED,1,200,403,
PP,search,6,97,cf5d58b7f0a80c60,BLOCKED,1,200,403,
PP,search,6,99,dcd0be055c3c1d2e,BLOCKED,1,200,403,
PP,search,6,100,dd06738533683e0f,BLOCKED,1,200,403,
PP,search,6,101,c1e6e014401f9ac1,BLOCKED,1,200,403,
PP,search,6,102,90fc48cad57e1339,BLOCKED,1,200,403,
PP,search,6,103,b8624d4e3076505c,BLOCKED,1,200,403,
PP,search,6,105,8e8a298a59e2fbed,BLOCKED,1,200,403,
PP,search,6,106,cd050b225b2ee62b,BLOCKED,1,403,403,
PP,search,6,107,5a9bd47a24d3f938,BLOCKED,1,200,403,
PP,search,6,108,69e5b51ed4d57aa4,BLOCKED,1,200,403,
PP,search,6,109,47f4adade8411611,BLOCKED,1,200,403,
PP,search,6,110,65e99ea71ddac598,BLOCKED,1,200,403,
PP,search,6,111,0154659c958dedb5,BLOCKED,1,200,403,
PP,search,6,112,293c4ea776870b1f,BLOCKED,1,200,403,
PP,search,6,113,bd82a2ce483ce598,BLOCKED,1,200,403,
PP,search,6,114,bd96dc5e80f1eb4e,BLOCKED,1,200,403,
PP,search,6,115,9e808272a9777e81,BLOCKED,1,403,403,
PP,search,6,116,7dfcbd1d19a49a31,BLOCKED,1,200,403,
PP,search,6,117,1f62d46428a7813c,BLOCKED,1,200,403,
PP,search,6,118,b7ce3ce188460a35,BLOCKED,1,200,403,
PP,search,6,119,eee651641e3d3775,BLOCKED,1,403,403,
PP,search,6,121,3bd85fb71f590769,BLOCKED,1,403,403,
PP,search,6,125,52cd1f604a611d3e,BLOCKED,1,403,403,
PP,search,6,126,ecb005b16099d9c3,BLOCKED,1,200,403,
PP,search,6,127,69ee28c504a47aa7,BLOCKED,1,403,403,
PP,search,6,128,433f02822d7f118d,BLOCKED,1,200,403,
PP,search,6,129,d831c6b51e07065e,BLOCKED,1,403,403,
PP,search,6,130,fc589221b20e6693,BLOCKED,1,200,403,
PP,search,6,131,9803e2a8a713124e,BLOCKED,1,403,403,
PP,search,6,132,974053bf46f9824c,BLOCKED,1,200,403,
PP,search,6,133,632c240e1b448320,BLOCKED,1,403,403,
PP,search,6,134,aaf02cbe513c851c,BLOCKED,1,200,403,
PP,search,6,135,88175cf38d07df28,BLOCKED,1,200,403,
PP,search,6,136,9ec3ffc02bc59962,BLOCKED,1,200,403,
PP,search,6,138,93cf74831cd54fb2,BLOCKED,1,200,403,
PP,search,6,139,d912daef0322b4bd,BLOCKED,1,403,403,
PP,search,6,140,2d77a0b447715bea,BLOCKED,1,403,403,
PP,search,6,141,e30486d841c26660,BLOCKED,1,200,403,
PP,search,6,142,ec57f8583af789e6,BLOCKED,1,200,403,
PP,search,6,143,04420aea3afafbce,BLOCKED,1,200,403,
PP,search,6,145,a7a2543eb2a53e44,BLOCKED,1,200,403,
PP,search,6,148,ea42c5a1d8aef91e,BLOCKED,1,200,403,
PP,search,6,149,54341a646f678f6f,BLOCKED,1,403,403,
PP,search,6,150,5dc17441c8083151,BLOCKED,1,200,403,
PP,search,6,151,03f0ba77b0609b2b,BLOCKED,1,200,403,
PP,search,6,152,ae6454ca26ff1895,BLOCKED,1,403,403,
PP,search,6,155,998692258da8a877,BLOCKED,1,200,403,
PP,search,6,156,a8a23947acf6839b,BLOCKED,1,403,403,
PP,search,6,157,7224efacc025ef63,BLOCKED,1,403,403,
PP,search,6,158,6f2276c2299fdc6c,BLOCKED,1,403,403,
PP,search,6,159,09dc3b01074a277d,BLOCKED,1,403,403,
PP,search,6,164,0f2b78281545ab7e,BLOCKED,1,403,403,
PP,search,6,165,683a4399e564514c,BLOCKED,1,200,403,
PP,search,6,167,ca2a539ee21ef77e,BLOCKED,1,403,403,
PP,search,6,168,f2f87fdf93e9cfd7,BLOCKED,1,200,403,
PP,search,6,170,6750086cde48a217,BLOCKED,1,200,403,
PP,search,6,171,01441d1c03b0db08,BLOCKED,1,200,403,
PP,search,6,173,f411f0ae06a07eeb,BLOCKED,1,200,403,
PP,search,6,174,46e8678ac89f5285,BLOCKED,1,403,403,
PP,search,6,175,926bb33ef9d8606d,BLOCKED,1,403,403,
PP,search,6,176,d2675094d20497bb,BLOCKED,1,200,403,
PP,search,6,178,a51097a0f3c3c4d5,BLOCKED,1,200,403,
PP,search,6,179,80dea2bc86c21e6f,BLOCKED,1,200,403,
PP,search,6,180,be452a145c2d8641,BLOCKED,1,200,403,
PP,search,6,181,76cd1d8c9ff4a01d,BLOCKED,1,403,403,
PP,search,6,182,1959206442f77c3e,BLOCKED,1,200,403,
PP,search,6,183,2b3a88f5402a17d4,BLOCKED,1,200,403,
PP,search,6,186,24ddd6d0719cab77,BLOCKED,1,403,403,
PP,search,6,191,681b922b9db0f670,BLOCKED,1,200,403,
PP,search,6,193,66ddae3fb0d19eab,BLOCKED,1,200,403,
PP,search,6,196,f2106a583b0cda4b,BLOCKED,1,200,403,
PP,search,6,197,0ddf431a4b2c265f,BLOCKED,1,403,403,
PP,search,6,199,d4d90f09e44ca305,BLOCKED,1,200,403,
PP,search,6,200,8311227f94a6b7ee,BLOCKED,1,200,403,
PP,search,6,202,8041c4d801ad5000,BLOCKED,1,403,403,
PP,search,6,203,51a6dbcdbff29095,BLOCKED,1,200,403,
PP,search,6,207,bfcc812422736097,BLOCKED,1,403,403,
PP,search,6,209,b3899003d48e6940,BLOCKED,1,200,403,
PP,search,6,212,a1ea79a4d3b4ba92,BLOCKED,1,403,403,
PP,search,6,213,16154b738dd19ca1,BLOCKED,1,200,403,
PP,search,6,217,8b4411b3b6a1b065,BLOCKED,1,200,403,
PP,search,6,218,8eb454cabeffdc30,BLOCKED,1,403,403,
PP,search,6,219,0d3f53caab4f5e8b,BLOCKED,1,403,403,
PP,search,6,221,7e280f26a7c865fd,BLOCKED,1,200,403,
PP,search,6,222,56cb4a5d73b6d90f,BLOCKED,1,200,403,
PP,search,6,223,d71c4b99604b893b,BLOCKED,1,403,403,
PP,search,6,225,dec237f2cefba0fd,BLOCKED,1,200,403,
PP,search,6,226,716c7eb5732a8c3b,BLOCKED,1,200,403,
PP,search,6,227,aee9de9f6679c968,BLOCKED,1,403,403,
PP,search,6,229,fce6e939ac9b721c,BLOCKED,1,403,403,
PP,search,6,230,9fe3aaddf09a389c,BLOCKED,1,200,403,
PP,search,6,231,b92829ef15f8486d,BLOCKED,1,200,403,
PP,search,6,232,4b3d93bd83b69af0,BLOCKED,1,200,403,
PP,search,6,233,f69413177aabe914,BLOCKED,1,403,403,
PP,search,6,237,36311d3c08d1c0d4,BLOCKED,1,403,403,
PP,search,6,238,4723a1fe2f98ef7e,BLOCKED,1,200,403,
PP,search,6,241,9a7d1ab454031ce6,BLOCKED,1,403,403,
PP,search,6,243,aa12135c52f02ef7,BLOCKED,1,403,403,
PP,search,6,245,63e859606bc18f4b,BLOCKED,1,200,403,
PP,search,6,247,e8bf881120747228,BLOCKED,1,200,403,
PP,search,6,248,780eb43392e915f3,BLOCKED,1,403,403,
PP,search,6,249,602990441506d7e3,BLOCKED,1,200,403,
PP,search,6,251,baf7dc2715e2094d,BLOCKED,1,200,403,
PP,search,6,252,d14da8e0e5a8dea3,BLOCKED,1,200,403,
PP,search,6,254,1595d6e2b75a2a16,BLOCKED,1,403,403,
PP,search,6,256,b020e3706a77b3be,BLOCKED,1,403,403,
PP,search,6,258,1a0fdbd7c30b6445,BLOCKED,1,403,403,
PP,search,6,262,ee142062c7a51864,BLOCKED,1,200,403,
PP,search,6,263,6a722b53f3c2576f,BLOCKED,1,403,403,
PP,search,6,265,06bbf276ce0dcfbf,BLOCKED,1,200,403,
PP,search,6,268,927b54f38fcf1434,BLOCKED,1,403,403,
PP,search,6,269,1d4efa7dd888ecb0,BLOCKED,1,403,403,
PP,search,6,270,18e686d7a49fc8eb,BLOCKED,1,403,403,
PP,search,6,273,f5a67d5b183ad913,BLOCKED,1,200,403,
PP,search,6,279,6f965f2bf87fbf7e,BLOCKED,1,403,403,
PP,search,6,280,1c8af7d94bdf504b,BLOCKED,1,403,403,
PP,search,6,281,d9c8af9ad4f18299,BLOCKED,1,200,403,
PP,search,6,283,ac7b14e086b63049,BLOCKED,1,403,403,
PP,search,6,284,28441e3fcd9acd11,BLOCKED,1,200,403,
PP,search,6,287,4f684f2359b18339,BLOCKED,1,403,403,
PP,search,6,288,e08aff6ec1003ef7,BLOCKED,1,403,403,
PP,search,6,292,97ea7179e593d123,BLOCKED,1,403,403,
PP,search,6,293,6d0f8425a998fe03,BLOCKED,1,403,403,
PP,search,6,296,d4ae2e6e482159fd,BLOCKED,1,403,403,
PP,search,6,297,61deca222e61eac2,BLOCKED,1,200,403,
PP,search,6,300,a22172642a84a8f6,BLOCKED,1,200,403,
PP,search,7,3,8653eeab72d818dd,BLOCKED,1,403,403,
PP,search,7,6,35fd227b30c7e8aa,BLOCKED,1,403,403,
PP,search,7,7,fafed3a7c53f31da,BLOCKED,1,403,403,
PP,search,7,8,dfba79139437b916,BLOCKED,1,200,403,
PP,search,7,9,0154659c958dedb5,BLOCKED,1,200,403,
PP,search,7,10,4e28e89b234e69a1,BLOCKED,1,200,403,
PP,search,7,12,04420aea3afafbce,BLOCKED,1,200,403,
PP,search,7,13,1ac62f4f58483563,BLOCKED,1,200,403,
PP,search,7,14,bd96dc5e80f1eb4e,BLOCKED,1,200,403,
PP,search,7,15,7cf9370110822a29,BLOCKED,1,200,403,
PP,search,7,16,803713409edb0047,BLOCKED,1,200,403,
PP,search,7,17,f0816284fed5265a,BLOCKED,1,200,403,
PP,search,7,18,2b8a5db7e746cdeb,BLOCKED,1,200,403,
PP,search,7,21,16c4df3c0061d7e8,BLOCKED,1,403,403,
PP,search,7,22,1595d6e2b75a2a16,BLOCKED,1,403,403,
PP,search,7,23,4bf7faae88b9be79,BLOCKED,1,403,403,
PP,search,7,25,297dfc1f8f6408a0,BLOCKED,1,403,403,
PP,search,7,27,785a48aab45354a6,BLOCKED,1,200,403,
PP,search,7,30,ba0eb964212d05cf,BLOCKED,1,200,403,
PP,search,7,31,aaf02cbe513c851c,BLOCKED,1,200,403,
PP,search,7,32,b3899003d48e6940,BLOCKED,1,200,403,
PP,search,7,33,f77e5b7c2480ae2f,BLOCKED,1,200,403,
PP,search,7,35,391c92ef398c4eed,BLOCKED,1,403,403,
PP,search,7,36,1a34cf03a8c6e4a0,BLOCKED,1,200,403,
PP,search,7,38,111373925e1003df,BLOCKED,1,403,403,
PP,search,7,39,1899c4352fcbba07,BLOCKED,1,200,403,
PP,search,7,42,018dcc2df89932d1,BLOCKED,1,403,403,
PP,search,7,44,04422bda6c22e2c0,BLOCKED,1,200,403,
PP,search,7,45,5f904a4195a4281b,BLOCKED,1,403,403,
PP,search,7,46,b8a62eeaa4898eb6,BLOCKED,1,403,403,
PP,search,7,49,b71060cf628c73ea,BLOCKED,1,403,403,
PP,search,7,50,fb2086650bb7b108,BLOCKED,1,403,403,
PP,search,7,53,ca228a6396b28653,BLOCKED,1,200,403,
PP,search,7,55,37802c9f1a413041,BLOCKED,1,403,403,
PP,search,7,58,073e85547036c77b,BLOCKED,1,200,403,
PP,search,7,60,2da28c8dfe6122aa,BLOCKED,1,403,403,
PP,search,7,61,52cd1f604a611d3e,BLOCKED,1,403,403,
PP,search,7,63,78246cb4840d539f,BLOCKED,1,200,403,
PP,search,7,66,c238ca615fec891e,BLOCKED,1,403,403,
PP,search,7,68,7e88db511b966bcd,BLOCKED,1,403,403,
PP,search,7,69,63cfc0c3975924f3,BLOCKED,1,200,403,
PP,search,7,70,d34b6784906d3cbb,BLOCKED,1,200,403,
PP,search,7,71,d87e9722eaa433ed,BLOCKED,1,403,403,
PP,search,7,72,ee7fbf6afee3775a,BLOCKED,1,200,403,
PP,search,7,76,c4fd3f276921a73f,BLOCKED,1,403,403,
PP,search,7,77,229d77b986117907,BLOCKED,1,200,403,
PP,search,7,78,3bbbfcd79116a65a,BLOCKED,1,200,403,
PP,search,7,80,c6743ec3d9997405,BLOCKED,1,403,403,
PP,search,7,82,318c69ac956a058a,BLOCKED,1,200,403,
PP,search,7,84,25add2ae4ae519db,BLOCKED,1,200,403,
PP,search,7,86,546991a94f9e53da,BLOCKED,1,200,403,
PP,search,7,87,8f53401fa8671733,BLOCKED,1,200,403,
PP,search,7,92,f2f87fdf93e9cfd7,BLOCKED,1,200,403,
PP,search,7,93,1b84934e62d66387,BLOCKED,1,200,403,
PP,search,7,94,80dea2bc86c21e6f,BLOCKED,1,200,403,
PP,search,7,96,5dc17441c8083151,BLOCKED,1,200,403,
PP,search,7,97,e50ab1d698473573,BLOCKED,1,200,403,
PP,search,7,98,d0cc0f8dc489cc25,BLOCKED,1,200,403,
PP,search,7,99,7a23512a9fd7b3d1,BLOCKED,1,403,403,
PP,search,7,100,dec237f2cefba0fd,BLOCKED,1,200,403,
PP,search,7,101,6755d74fcacd46cf,BLOCKED,1,200,403,
PP,search,7,103,dc3bec5a338ced30,BLOCKED,1,200,403,
PP,search,7,104,67369d89816255b7,BLOCKED,1,403,403,
PP,search,7,105,e2269c088757009b,BLOCKED,1,200,403,
PP,search,7,106,c7e5a64392e90ad9,BLOCKED,1,403,403,
PP,search,7,107,78b906de97239505,BLOCKED,1,200,403,
PP,search,7,114,bdb53de506f8345c,BLOCKED,1,200,403,
PP,search,7,116,b4fa56da0ccd15e9,BLOCKED,1,403,403,
PP,search,7,117,9edfa692b094b47f,BLOCKED,1,200,403,
PP,search,7,118,978593be024eea3b,BLOCKED,1,200,403,
PP,search,7,119,ed9fbd6d71bd1443,BLOCKED,1,200,403,
PP,search,7,120,bd82a2ce483ce598,BLOCKED,1,200,403,
PP,search,7,122,7e81c29af7a809bf,BLOCKED,1,403,403,
PP,search,7,124,3d8721e28a77bcd4,BLOCKED,1,200,403,
PP,search,7,126,501e362c088e0395,BLOCKED,1,403,403,
PP,search,7,127,7e4c255299f613af,BLOCKED,1,403,403,
PP,search,7,129,1a7daf041abfef46,BLOCKED,1,403,403,
PP,search,7,130,22fee590fcf8aa4d,BLOCKED,1,403,403,
PP,search,7,131,99fd8e3be1868d9c,BLOCKED,1,403,403,
PP,search,7,132,ee92fe18265c4c89,BLOCKED,1,403,403,
PP,search,7,135,50360ee20a30a910,BLOCKED,1,200,403,
PP,search,7,136,dd216dd1fabc8086,BLOCKED,1,403,403,
PP,search,7,138,c3a23f0eaaa95eda,BLOCKED,1,403,403,
PP,search,7,140,3c9c178fa1a61751,BLOCKED,1,403,403,
PP,search,7,141,79c2dc3c336bb21c,BLOCKED,1,200,403,
PP,search,7,144,d4ade073e0db7cba,BLOCKED,1,200,403,
PP,search,7,146,d4088f006c632630,BLOCKED,1,200,403,
PP,search,7,147,dfae789b99d7e0d6,BLOCKED,1,403,403,
PP,search,7,149,dbef353ba94e1966,BLOCKED,1,403,403,
PP,search,7,150,370c9e528237ea9b,BLOCKED,1,403,403,
PP,search,7,152,903c48af95af5c51,BLOCKED,1,403,403,
PP,search,7,153,b3636011856e00fe,BLOCKED,1,200,403,
PP,search,7,154,80d01f79b74eea4f,BLOCKED,1,403,403,
PP,search,7,155,c0c510f226333fd0,BLOCKED,1,200,403,
PP,search,7,157,9804d29b842c2747,BLOCKED,1,403,403,
PP,search,7,159,a8a23947acf6839b,BLOCKED,1,403,403,
PP,search,7,160,5e15c56358af2413,BLOCKED,1,403,403,
PP,search,7,161,06c7d01de2908a27,BLOCKED,1,403,403,
PP,search,7,162,773b2ec02c4b59ab,BLOCKED,1,403,403,
PP,search,7,164,32c04dec62510f87,BLOCKED,1,403,403,
PP,search,7,167,ec57f8583af789e6,BLOCKED,1,200,403,
PP,search,7,169,d6a208d68e6de466,BLOCKED,1,200,403,
PP,search,7,171,b694bd74d51dcc8c,BLOCKED,1,200,403,
PP,search,7,172,76cd1d8c9ff4a01d,BLOCKED,1,403,403,
PP,search,7,184,9fb009ba49ca7097,BLOCKED,1,403,403,
PP,search,7,185,7021aa0b25e1e024,BLOCKED,1,403,403,
PP,search,7,187,9372f686153fac51,BLOCKED,1,403,403,
PP,search,7,188,a55889aafc93c997,BLOCKED,1,403,403,
PP,search,7,189,104b050c6e01a5b1,BLOCKED,1,403,403,
PP,search,7,194,c02ba104e721f130,BLOCKED,1,403,403,
PP,search,7,196,1395f18cd9b0c727,BLOCKED,1,403,403,
PP,search,7,198,f2106a583b0cda4b,BLOCKED,1,200,403,
PP,search,7,200,cd050b225b2ee62b,BLOCKED,1,403,403,
PP,search,7,204,d84a73598b4aa4ff,BLOCKED,1,403,403,
PP,search,7,206,2830014fc557dd70,BLOCKED,1,403,403,
PP,search,7,207,44b7c3c2c63973c1,BLOCKED,1,403,403,
PP,search,7,209,14ab324ba52971de,BLOCKED,1,200,403,
PP,search,7,210,36b847e65318d0ea,BLOCKED,1,403,403,
PP,search,7,213,341bb6680353bcd2,BLOCKED,1,200,403,
PP,search,7,214,9bd9be17ac39af58,BLOCKED,1,200,403,
PP,search,7,216,438e38e238859983,BLOCKED,1,200,403,
PP,search,7,218,8112d19ace78031e,BLOCKED,1,403,403,
PP,search,7,219,11191f1251697603,BLOCKED,1,403,403,
PP,search,7,220,8d33b4a779e28825,BLOCKED,1,403,403,
PP,search,7,221,fdb83334c48f8226,BLOCKED,1,403,403,
PP,search,7,224,828904ab65b7bdde,BLOCKED,1,200,403,
PP,search,7,230,76bfb50e23764a38,BLOCKED,1,403,403,
PP,search,7,232,8eb454cabeffdc30,BLOCKED,1,403,403,
PP,search,7,233,e333bc580b3f1823,BLOCKED,1,403,403,
PP,search,7,234,637a969e681950a7,BLOCKED,1,200,403,
PP,search,7,236,4fbe64283acbf1b3,BLOCKED,1,403,403,
PP,search,7,237,d7983133124e502f,BLOCKED,1,200,403,
PP,search,7,239,84e224401f7b3246,BLOCKED,1,403,403,
PP,search,7,246,252d04428cec2161,BLOCKED,1,403,403,
PP,search,7,248,6b3fecac4af54d03,BLOCKED,1,403,403,
PP,search,7,253,3cddc01e65e2e290,BLOCKED,1,200,403,
PP,search,7,254,287d5db5df77304d,BLOCKED,1,200,403,
PP,search,7,255,5437777603a3cb76,BLOCKED,1,403,403,
PP,search,7,257,1bff207ad0173d22,BLOCKED,1,200,403,
PP,search,7,258,cd67ca6c21753992,BLOCKED,1,200,403,
PP,search,7,260,8ed0a4d6e4e3619f,BLOCKED,1,200,403,
PP,search,7,261,18751db6541e44da,BLOCKED,1,200,403,
PP,search,7,264,28a10b19709f65e1,BLOCKED,1,200,403,
PP,search,7,268,642237783f5f0a9a,BLOCKED,1,200,403,
PP,search,7,269,cec976205367dc74,BLOCKED,1,200,403,
PP,search,7,271,d58597822dd7d002,BLOCKED,1,403,403,
PP,search,7,272,692e905cd98e8945,BLOCKED,1,403,403,
PP,search,7,273,fee18ab60b55f91b,BLOCKED,1,403,403,
PP,search,7,275,82bd51b6a37a55cb,BLOCKED,1,200,403,
PP,search,7,277,bd0da0e1b5e7f79b,BLOCKED,1,200,403,
PP,search,7,280,8135fae90fbc24bb,BLOCKED,1,200,403,
PP,search,7,281,284ac0901654c9ab,BLOCKED,1,200,403,
PP,search,7,282,0fd8b9dbf78186b1,BLOCKED,1,200,403,
PP,search,7,283,ac59b062744ec655,BLOCKED,1,200,403,
PP,search,7,287,24cb9855498c2375,BLOCKED,1,200,403,
PP,search,7,288,0372f2e7079dc64f,BLOCKED,1,403,403,
PP,search,7,289,bf193a41add7fbda,BLOCKED,1,200,403,
PP,search,7,292,6ffc50313f9046c4,BLOCKED,1,403,403,
PP,search,7,293,93325e4f0e3c0b93,BLOCKED,1,403,403,
PP,search,7,294,6f2d45c88a84f08a,BLOCKED,1,403,403,
PP,search,7,295,b75a3f9beec7b0e0,BLOCKED,1,403,403,
PP,search,7,296,60c09f4d2ab7beca,BLOCKED,1,200,403,
PP,search,7,299,a4d1b115024b0427,BLOCKED,1,200,403,
PP,search,7,300,0349be321bdcd2ba,BLOCKED,1,200,403,
PP,search,8,1,6a32d9cbaaf09273,BLOCKED,1,200,403,
PP,search,8,2,c238ca615fec891e,BLOCKED,1,403,403,
PP,search,8,3,c5cc4e1dcaf456d5,BLOCKED,1,403,403,
PP,search,8,4,2bd34a786e248591,BLOCKED,1,403,403,
PP,search,8,5,8292a1985adff66d,BLOCKED,1,403,403,
PP,search,8,6,9f01a0933a03aaff,BLOCKED,1,403,403,
PP,search,8,7,e5ac75e835d6434a,BLOCKED,1,403,403,
PP,search,8,8,23a4060f275efd29,BLOCKED,1,403,403,
PP,search,8,10,2e2427519e03b1e2,BLOCKED,1,200,403,
PP,search,8,15,9111ae75d337c39a,BLOCKED,1,200,403,
PP,search,8,16,4e3eba8f1b898c40,BLOCKED,1,200,403,
PP,search,8,20,dfe775f266310c30,BLOCKED,1,403,403,
PP,search,8,21,cc3af6092b4698b5,BLOCKED,1,200,403,
PP,search,8,22,278c077e06120b9f,BLOCKED,1,403,403,
PP,search,8,23,15ded0f5f45c2029,BLOCKED,1,403,403,
PP,search,8,25,692e905cd98e8945,BLOCKED,1,403,403,
PP,search,8,26,d359b5d538687383,BLOCKED,1,200,403,
PP,search,8,28,70032923c130ec09,BLOCKED,1,200,403,
PP,search,8,29,c952fba9933a9fd4,BLOCKED,1,403,403,
PP,search,8,30,1c8af7d94bdf504b,BLOCKED,1,403,403,
PP,search,8,38,6e7e23fc89b2cd47,BLOCKED,1,200,403,
PP,search,8,44,220937854d35e8e0,BLOCKED,1,403,403,
PP,search,8,45,2182b3b6e53ba1f8,BLOCKED,1,200,403,
PP,search,8,49,8f6d56cb10f78506,BLOCKED,1,403,403,
PP,search,8,50,bf3f7e6f096e650a,BLOCKED,1,200,403,
PP,search,8,55,f50c65d1d1fcac75,BLOCKED,1,200,403,
PP,search,8,56,dd216dd1fabc8086,BLOCKED,1,403,403,
PP,search,8,57,a0e9f55a9d251ece,BLOCKED,1,403,403,
PP,search,8,58,373422df781a4e2f,BLOCKED,1,403,403,
PP,search,8,60,5fdbcd5623b1064e,BLOCKED,1,200,403,
PP,search,8,62,a0d3aae703460ee4,BLOCKED,1,200,403,
PP,search,8,63,c19481f6e4e63f76,BLOCKED,1,403,403,
PP,search,8,64,16fe8a5086310d6d,BLOCKED,1,403,403,
PP,search,8,65,6173b3cbb8266cc1,BLOCKED,1,403,403,
PP,search,8,66,ed63899b895f105d,BLOCKED,1,200,403,
PP,search,8,90,a562918c79eb4f2f,BLOCKED,1,403,403,
PP,search,8,94,ee40aa56b0fec4ce,BLOCKED,1,403,403,
PP,search,8,98,0edfaadeb3a137af,BLOCKED,1,200,403,
PP,search,8,99,d34b6784906d3cbb,BLOCKED,1,200,403,
PP,search,8,103,35fd227b30c7e8aa,BLOCKED,1,403,403,
PP,search,8,105,5741a27ae27df8a4,BLOCKED,1,403,403,
PP,search,8,106,a3548d0c3e62deae,BLOCKED,1,200,403,
PP,search,8,109,95d852273ecba7f1,BLOCKED,1,403,403,
PP,search,8,111,bf16de386c2a494e,BLOCKED,1,403,403,
PP,search,8,112,b9e2785f26a81e88,BLOCKED,1,200,403,
PP,search,8,113,f0899c6f01b7d790,BLOCKED,1,403,403,
PP,search,8,114,78152b792b2b8d21,BLOCKED,1,403,403,
PP,search,8,115,28090a8315d42a5d,BLOCKED,1,200,403,
PP,search,8,116,b6bfb0ca0b8af950,BLOCKED,1,403,403,
PP,search,8,117,c11dd8e6d079c1b1,BLOCKED,1,403,403,
PP,search,8,118,8300edcdae6c673f,BLOCKED,1,200,403,
PP,search,8,119,aeba27caae6c4d96,BLOCKED,1,200,403,
PP,search,8,137,344fc5595b45541e,BLOCKED,1,403,403,
PP,search,8,138,7d17a387f82a8539,BLOCKED,1,403,403,
PP,search,8,139,8e943bc1279840c1,BLOCKED,1,200,403,
PP,search,8,140,f37ad88d732cd781,BLOCKED,1,403,403,
PP,search,8,142,a05b65a8e0672510,BLOCKED,1,200,403,
PP,search,8,143,393884a1d614babe,BLOCKED,1,403,403,
PP,search,8,150,4ade47e2e25a9a68,BLOCKED,1,200,403,
PP,search,8,151,bfce329f7aef1ba0,BLOCKED,1,200,403,
PP,search,8,152,ec57f8583af789e6,BLOCKED,1,200,403,
PP,search,8,154,a289317b8d853dbe,BLOCKED,1,403,403,
PP,search,8,155,53720ce5266ebe8c,BLOCKED,1,200,403,
PP,search,8,156,65e99ea71ddac598,BLOCKED,1,200,403,
PP,search,8,157,11191f1251697603,BLOCKED,1,403,403,
PP,search,8,158,ebabd1b5203e4138,BLOCKED,1,200,403,
PP,search,8,163,4e28e89b234e69a1,BLOCKED,1,200,403,
PP,search,8,164,ac7b14e086b63049,BLOCKED,1,403,403,
PP,search,8,169,8a8f87b58782140b,BLOCKED,1,200,403,
PP,search,8,173,ac59ca7ee87ff152,BLOCKED,1,200,403,
PP,search,8,174,514d10c463d0a489,BLOCKED,1,200,403,
PP,search,8,176,20b1aff711364aa2,BLOCKED,1,403,403,
PP,search,8,177,3c8619ff72d9faec,BLOCKED,1,403,403,
PP,search,8,178,b8650144aa7247a9,BLOCKED,1,403,403,
PP,search,8,179,de61423b308c3249,BLOCKED,1,200,403,
PP,search,8,180,e863bbe9e0c5eb17,BLOCKED,1,200,403,
PP,search,8,181,36b847e65318d0ea,BLOCKED,1,403,403,
PP,search,8,182,29e09904c893348c,BLOCKED,1,403,403,
PP,search,8,183,59c8ee746bbb0f51,BLOCKED,1,200,403,
PP,search,8,184,67effc9500b08b31,BLOCKED,1,200,403,
PP,search,8,185,ce8cb5cfb0239178,BLOCKED,1,200,403,
PP,search,8,186,3d7d035ead961a1f,BLOCKED,1,403,403,
PP,search,8,187,50360ee20a30a910,BLOCKED,1,200,403,
PP,search,8,188,0340814c0c18fc75,BLOCKED,1,403,403,
PP,search,8,191,71a70967188050de,BLOCKED,1,200,403,
PP,search,8,192,fc589221b20e6693,BLOCKED,1,200,403,
PP,search,8,193,8e515d36c4757783,BLOCKED,1,200,403,
PP,search,8,194,2e2aea4eac8603fc,BLOCKED,1,403,403,
PP,search,8,195,dc2326bba8f7bc95,BLOCKED,1,200,403,
PP,search,8,196,9372f686153fac51,BLOCKED,1,403,403,
PP,search,8,197,bab1ef5a631fe529,BLOCKED,1,403,403,
PP,search,8,198,409b38681a54b4e6,BLOCKED,1,403,403,
PP,search,8,199,3b75c1031ffff1f9,BLOCKED,1,403,403,
PP,search,8,200,f4c0c7c3984e55f0,BLOCKED,1,403,403,
PP,search,8,201,2ad26c08acd450dc,BLOCKED,1,403,403,
PP,search,8,202,d7dcf4a986f3801b,BLOCKED,1,403,403,
PP,search,8,211,5a4e89bbc3acf334,BLOCKED,1,200,403,
PP,search,8,213,cec976205367dc74,BLOCKED,1,200,403,
PP,search,8,215,d912daef0322b4bd,BLOCKED,1,403,403,
PP,search,8,217,99c28d2bdcd330ad,BLOCKED,1,403,403,
PP,search,8,230,9eb834c827fe580a,BLOCKED,1,200,403,
PP,search,8,231,effd1043a8655270,BLOCKED,1,403,403,
PP,search,8,232,3f4a2c9ad8d58f75,BLOCKED,1,403,403,
PP,search,8,233,7dfcbd1d19a49a31,BLOCKED,1,200,403,
PP,search,8,234,632c240e1b448320,BLOCKED,1,403,403,
PP,search,8,235,76cd1d8c9ff4a01d,BLOCKED,1,403,403,
PP,search,8,236,476ab40b04fcebbd,BLOCKED,1,200,403,
PP,search,8,237,acabe9d1c3f4a184,BLOCKED,1,403,403,
PP,search,8,250,d27e3de8720ea147,BLOCKED,1,200,403,
PP,search,8,251,1e85cec470ae1a11,BLOCKED,1,200,403,
PP,search,8,252,6d0f8425a998fe03,BLOCKED,1,403,403,
PP,search,8,254,758f0b63115f3958,BLOCKED,1,403,403,
PP,search,8,259,773b2ec02c4b59ab,BLOCKED,1,403,403,
PP,search,8,260,4e7c8c3f0e71939d,BLOCKED,1,200,403,
PP,search,8,262,0f4401b9f7488be4,BLOCKED,1,403,403,
PP,search,8,268,762bc57626345f7d,BLOCKED,1,403,403,
PP,search,8,275,dfba79139437b916,BLOCKED,1,200,403,
PP,search,8,277,e861735653561085,BLOCKED,1,200,403,
PP,search,8,278,e4b87400b145438c,BLOCKED,1,200,403,
PP,search,8,279,b51efbf8ac942a96,BLOCKED,1,200,403,
PP,search,8,280,16cbd42d07a13fb4,BLOCKED,1,200,403,
PP,search,8,281,9e1459b0c4ba59cd,BLOCKED,1,403,403,
PP,search,8,283,df4157654fbcc2ab,BLOCKED,1,403,403,
PP,search,8,284,b8624d4e3076505c,BLOCKED,1,200,403,
PP,search,8,285,5149591ca38fa3ad,BLOCKED,1,200,403,
PP,search,8,286,3cddc01e65e2e290,BLOCKED,1,200,403,
PP,search,8,288,e1973f27feaa8baf,BLOCKED,1,403,403,
PP,search,8,293,c77fb786efef5101,BLOCKED,1,403,403,
PP,search,8,295,4c1bb9b9b6fa0e14,BLOCKED,1,403,403,
PP,search,8,297,2c54e5f72736fedb,BLOCKED,1,403,403,
PP,search,8,298,fd2f4a14e4f0760e,BLOCKED,1,200,403,
PP,search,8,299,d831c6b51e07065e,BLOCKED,1,403,403,
PP,search,8,300,32cee204bd8ab034,BLOCKED,1,403,403,
PP,search,9,1,db3262937561e95b,BLOCKED,1,200,403,
PP,search,9,2,63cfc0c3975924f3,BLOCKED,1,200,403,
PP,search,9,3,ed9fbd6d71bd1443,BLOCKED,1,200,403,
PP,search,9,4,0df6c03af5fa7291,BLOCKED,1,200,403,
PP,search,9,5,26fa590a703ac8ef,BLOCKED,1,200,403,
PP,search,9,6,8e06cd578d7ab713,BLOCKED,1,403,403,
PP,search,9,7,1bc6d3468f5721a6,BLOCKED,1,403,403,
PP,search,9,8,837a5e66f83b4b60,BLOCKED,1,403,403,
PP,search,9,9,6b3b7b1ad5e25aa1,BLOCKED,1,200,403,
PP,search,9,10,f75d3926c22406d9,BLOCKED,1,403,403,
PP,search,9,12,36b847e65318d0ea,BLOCKED,1,403,403,
PP,search,9,13,bc24b639771efac7,BLOCKED,1,403,403,
PP,search,9,15,993958a3f41a01b2,BLOCKED,1,403,403,
PP,search,9,16,f0899c6f01b7d790,BLOCKED,1,403,403,
PP,search,9,17,91cc6d980d3d694a,BLOCKED,1,200,403,
PP,search,9,18,8653eeab72d818dd,BLOCKED,1,403,403,
PP,search,9,19,bf861f3b7beb8e50,BLOCKED,1,403,403,
PP,search,9,20,b694bd74d51dcc8c,BLOCKED,1,200,403,
PP,search,9,21,1c8af7d94bdf504b,BLOCKED,1,403,403,
PP,search,9,22,b0d31020b3aea6fa,BLOCKED,1,200,403,
PP,search,9,24,4b54c9deb8c863c6,BLOCKED,1,403,403,
PP,search,9,27,0ec02c15b154d795,BLOCKED,1,200,403,
PP,search,9,28,011646dba926938b,BLOCKED,1,403,403,
PP,search,9,32,fb0e41762c417675,BLOCKED,1,200,403,
PP,search,9,33,4c020ec47b5d36e5,BLOCKED,1,200,403,
PP,search,9,35,b97b7ecd7b74eb1d,BLOCKED,1,403,403,
PP,search,9,36,aa8ca88f14340f82,BLOCKED,1,200,403,
PP,search,9,39,d9e742620d6b983b,BLOCKED,1,200,403,
PP,search,9,40,fdb83334c48f8226,BLOCKED,1,403,403,
PP,search,9,41,02211dad93203987,BLOCKED,1,403,403,
PP,search,9,42,b6bfb0ca0b8af950,BLOCKED,1,403,403,
PP,search,9,45,63e859606bc18f4b,BLOCKED,1,200,403,
PP,search,9,46,b63f795622dca6de,BLOCKED,1,403,403,
PP,search,9,48,50360ee20a30a910,BLOCKED,1,200,403,
PP,search,9,52,060b050688a99b4b,BLOCKED,1,200,403,
PP,search,9,56,499f6594b8779500,BLOCKED,1,200,403,
PP,search,9,58,d4d90f09e44ca305,BLOCKED,1,200,403,
PP,search,9,59,ead676a6c8bbfcd2,BLOCKED,1,403,403,
PP,search,9,61,9c703ed1940d4140,BLOCKED,1,403,403,
PP,search,9,62,a289317b8d853dbe,BLOCKED,1,403,403,
PP,search,9,63,c4fd3f276921a73f,BLOCKED,1,403,403,
PP,search,9,65,4171ba18c2d99adb,BLOCKED,1,403,403,
PP,search,9,66,46ebd73105de634f,BLOCKED,1,403,403,
PP,search,9,69,d26dbd6163477579,BLOCKED,1,403,403,
PP,search,9,70,0e40e4fc69a8fa02,BLOCKED,1,403,403,
PP,search,9,71,271e987131e2778c,BLOCKED,1,403,403,
PP,search,9,72,70666957605f38b4,BLOCKED,1,403,403,
PP,search,9,76,dd216dd1fabc8086,BLOCKED,1,403,403,
PP,search,9,78,42e89b1d1be9c776,BLOCKED,1,403,403,
PP,search,9,94,adef5f4aadd3ce90,BLOCKED,1,403,403,
PP,search,9,100,c5cc4e1dcaf456d5,BLOCKED,1,403,403,
PP,search,9,101,96803c7c438fbb48,BLOCKED,1,403,403,
PP,search,9,104,cbd67c983af8ae70,BLOCKED,1,403,403,
PP,search,9,106,4ed7074d9b7dada9,BLOCKED,1,200,403,
PP,search,9,108,2cc190fbffd4b8bb,BLOCKED,1,200,403,
PP,search,9,109,36184757f375b61e,BLOCKED,1,403,403,
PP,search,9,110,224cb95c19144a45,BLOCKED,1,200,403,
PP,search,9,111,c570af55c42a0edb,BLOCKED,1,403,403,
PP,search,9,112,18922cfa2a36ae11,BLOCKED,1,200,403,
PP,search,9,113,dcd0be055c3c1d2e,BLOCKED,1,200,403,
PP,search,9,114,cbeb64f2e6f362a1,BLOCKED,1,403,403,
PP,search,9,115,2dd209e871eeb4ca,BLOCKED,1,200,403,
PP,search,9,116,d4f44ea1dfb98309,BLOCKED,1,200,403,
PP,search,9,117,9c977064436b8910,BLOCKED,1,200,403,
PP,search,9,118,f510e52235575256,BLOCKED,1,200,403,
PP,search,9,122,be452a145c2d8641,BLOCKED,1,200,403,
PP,search,9,124,3f25431e72a5dc39,BLOCKED,1,200,403,
PP,search,9,126,35fd227b30c7e8aa,BLOCKED,1,403,403,
PP,search,9,130,42f4f94d79e3f8e6,BLOCKED,1,200,403,
PP,search,9,131,481ea46b08536e0c,BLOCKED,1,200,403,
PP,search,9,132,65e99ea71ddac598,BLOCKED,1,200,403,
PP,search,9,133,3dff96cd282c2408,BLOCKED,1,200,403,
PP,search,9,135,a7bfe3188326534d,BLOCKED,1,200,403,
PP,search,9,136,0fada811a35199b8,BLOCKED,1,200,403,
PP,search,9,137,04420aea3afafbce,BLOCKED,1,200,403,
PP,search,9,138,f2f87fdf93e9cfd7,BLOCKED,1,200,403,
PP,search,9,139,476ab40b04fcebbd,BLOCKED,1,200,403,
PP,search,9,141,9d8ba2c76fd6aad2,BLOCKED,1,403,403,
PP,search,9,142,75b7903c5f64bc38,BLOCKED,1,403,403,
PP,search,9,145,e50ab1d698473573,BLOCKED,1,200,403,
PP,search,9,148,28a10b19709f65e1,BLOCKED,1,200,403,
PP,search,9,150,cec976205367dc74,BLOCKED,1,200,403,
PP,search,9,152,43db220d2a6016c9,BLOCKED,1,200,403,
PP,search,9,153,5a9bd47a24d3f938,BLOCKED,1,200,403,
PP,search,9,154,639525ab5c7c06aa,BLOCKED,1,200,403,
PP,search,9,155,03d6f3061e208c3a,BLOCKED,1,403,403,
PP,search,9,157,0c719ea8dd876dc0,BLOCKED,1,200,403,
PP,search,9,158,020183fdda588c8b,BLOCKED,1,200,403,
PP,search,9,159,59567e0982d7fca5,BLOCKED,1,200,403,
PP,search,9,160,acfff8783799fcd8,BLOCKED,1,200,403,
PP,search,9,161,0439ceee29c1fdac,BLOCKED,1,200,403,
PP,search,9,162,aa248f6a317a4346,BLOCKED,1,403,403,
PP,search,9,163,bd82a2ce483ce598,BLOCKED,1,200,403,
PP,search,9,164,c44481a012ab6bcf,BLOCKED,1,200,403,
PP,search,9,186,00d0d0fd23a442bf,BLOCKED,1,200,403,
PP,search,9,187,e003a4b7ad242ddb,BLOCKED,1,200,403,
PP,search,9,188,3f3cd709a52b3591,BLOCKED,1,200,403,
PP,search,9,191,cd860514c3ddaeb8,BLOCKED,1,403,403,
PP,search,9,194,1a5d112c0471d4e0,BLOCKED,1,200,403,
PP,search,9,195,10469c29ecc2bc31,BLOCKED,1,403,403,
PP,search,9,196,69467487fc1aa429,BLOCKED,1,200,403,
PP,search,9,197,3604235088fba858,BLOCKED,1,403,403,
PP,search,9,199,535b1d1516e6058d,BLOCKED,1,200,403,
PP,search,9,200,bd2465238b203e4a,BLOCKED,1,200,403,
PP,search,9,201,dbea70758b489988,BLOCKED,1,200,403,
PP,search,9,221,68f3babe8b0b4a3f,BLOCKED,1,200,403,
PP,search,9,222,d7dfb9ab4284d595,BLOCKED,1,200,403,
PP,search,9,227,f91d35a96cf068c5,BLOCKED,1,403,403,
PP,search,9,228,7ceabf73e2f324ab,BLOCKED,1,200,403,
PP,search,9,229,80d01f79b74eea4f,BLOCKED,1,403,403,
PP,search,9,230,edfa82bba6343f44,BLOCKED,1,200,403,
PP,search,9,231,d6a6dcaa4595cb39,BLOCKED,1,200,403,
PP,search,9,234,9f01a0933a03aaff,BLOCKED,1,403,403,
PP,search,9,237,eee651641e3d3775,BLOCKED,1,403,403,
PP,search,9,239,b355270778193561,BLOCKED,1,200,403,
PP,search,9,242,1ac62f4f58483563,BLOCKED,1,200,403,
PP,search,9,243,e5f13db901b01703,BLOCKED,1,200,403,
PP,search,9,244,e66fcc73944943ad,BLOCKED,1,200,403,
PP,search,9,246,d14da8e0e5a8dea3,BLOCKED,1,200,403,
PP,search,9,247,1b8dc563fb7f94ad,BLOCKED,1,200,403,
PP,search,9,248,229d77b986117907,BLOCKED,1,200,403,
PP,search,9,255,d359b5d538687383,BLOCKED,1,200,403,
PP,search,9,256,c42652b3dbf4c5f1,BLOCKED,1,200,403,
PP,search,9,260,642237783f5f0a9a,BLOCKED,1,200,403,
PP,search,9,262,76cd1d8c9ff4a01d,BLOCKED,1,403,403,
PP,search,9,266,72a67f82215fa6ca,BLOCKED,1,403,403,
PP,search,9,267,872db8fa966e3053,BLOCKED,1,200,403,
PP,search,9,268,46a222cf642e64f3,BLOCKED,1,200,403,
PP,search,9,269,492bc88b02fdc5e6,BLOCKED,1,200,403,
PP,search,9,270,692e905cd98e8945,BLOCKED,1,403,403,
PP,search,9,271,4ca18622b4b4499b,BLOCKED,1,200,403,
PP,search,9,272,a7e124097b16d85b,BLOCKED,1,200,403,
PP,search,9,274,c238ca615fec891e,BLOCKED,1,403,403,
PP,search,9,275,0f249eb764b7f948,BLOCKED,1,403,403,
PP,search,9,276,fdde8384bcc7343a,BLOCKED,1,403,403,
PP,search,9,277,06d788f23f540e0a,BLOCKED,1,403,403,
PP,search,9,282,c9b8a5cc4d21383a,BLOCKED,1,200,403,
PP,search,9,293,09dc3b01074a277d,BLOCKED,1,403,403,
PP,search,9,294,45f3befa5aa2d315,BLOCKED,1,403,403,
PP,search,9,296,b365c3d80762415d,BLOCKED,1,403,403,
PP,search,9,297,9cf52fcbae02bbea,BLOCKED,1,403,403,
PP,search,10,1,d84a73598b4aa4ff,BLOCKED,1,403,403,
PP,search,10,2,287d5db5df77304d,BLOCKED,1,200,403,
PP,search,10,3,2723d11a87647714,BLOCKED,1,403,403,
PP,search,10,5,476ab40b04fcebbd,BLOCKED,1,200,403,
PP,search,10,6,d4f9512e0930c547,BLOCKED,1,200,403,
PP,search,10,7,f50c65d1d1fcac75,BLOCKED,1,200,403,
PP,search,10,8,46e8678ac89f5285,BLOCKED,1,403,403,
PP,search,10,9,5dc17441c8083151,BLOCKED,1,200,403,
PP,search,10,10,aa8aa5f20b96baaa,BLOCKED,1,200,403,
PP,search,10,12,a8a23947acf6839b,BLOCKED,1,403,403,
PP,search,10,15,6f56a30187cd5a0b,BLOCKED,1,403,403,
PP,search,10,16,3531b66d7fa3ca30,BLOCKED,1,403,403,
PP,search,10,17,d4ccae2108067066,BLOCKED,1,200,403,
PP,search,10,18,9ccae23569dd12fc,BLOCKED,1,200,403,
PP,search,10,19,0de8e7191ff5243f,BLOCKED,1,403,403,
PP,search,10,22,0183fb274e725c92,BLOCKED,1,200,403,
PP,search,10,23,2aed05c8a9388169,BLOCKED,1,200,403,
PP,search,10,24,9bb1a5bf4b0330f1,BLOCKED,1,200,403,
PP,search,10,25,b68f245403223902,BLOCKED,1,403,403,
PP,search,10,26,327f078e2b1e279f,BLOCKED,1,200,403,
PP,search,10,27,e5717fad0a2d1d40,BLOCKED,1,403,403,
PP,search,10,28,dcdd310915268c8e,BLOCKED,1,403,403,
PP,search,10,29,252d04428cec2161,BLOCKED,1,403,403,
PP,search,10,30,8f53401fa8671733,BLOCKED,1,200,403,
PP,search,10,32,456bf66c2cd397e8,BLOCKED,1,403,403,
PP,search,10,36,79b6fbb9e4a2cce4,BLOCKED,1,403,403,
PP,search,10,41,00ede3fa65a9c257,BLOCKED,1,403,403,
PP,search,10,44,75083691c11af510,BLOCKED,1,200,403,
PP,search,10,49,780eb43392e915f3,BLOCKED,1,403,403,
PP,search,10,50,cec976205367dc74,BLOCKED,1,200,403,
PP,search,10,51,499f6594b8779500,BLOCKED,1,200,403,
PP,search,10,54,84f97706cc9896e1,BLOCKED,1,200,403,
PP,search,10,55,219356894e32cf63,BLOCKED,1,200,403,
PP,search,10,56,c001c05263db7a61,BLOCKED,1,200,403,
PP,search,10,57,56d4f88481f921eb,BLOCKED,1,200,403,
PP,search,10,58,acabe9d1c3f4a184,BLOCKED,1,403,403,
PP,search,10,60,d912daef0322b4bd,BLOCKED,1,403,403,
PP,search,10,61,50360ee20a30a910,BLOCKED,1,200,403,
PP,search,10,63,fc589221b20e6693,BLOCKED,1,200,403,
PP,search,10,64,828904ab65b7bdde,BLOCKED,1,200,403,
PP,search,10,65,88175cf38d07df28,BLOCKED,1,200,403,
PP,search,10,66,dc72cd7f5ed3c879,BLOCKED,1,403,403,
PP,search,10,67,a87bdb2699677f29,BLOCKED,1,403,403,
PP,search,10,68,16dc8859db2da2de,BLOCKED,1,200,403,
PP,search,10,72,c21e57b42a8a8dd0,BLOCKED,1,200,403,
PP,search,10,73,b42b18dc8869280e,BLOCKED,1,403,403,
PP,search,10,74,086a33dfb7b71fdc,BLOCKED,1,403,403,
PP,search,10,76,27b2bee1c11f1aef,BLOCKED,1,403,403,
PP,search,10,77,d87e9722eaa433ed,BLOCKED,1,403,403,
PP,search,10,78,636535e8585ed910,BLOCKED,1,403,403,
PP,search,10,80,a2d2c5598412214c,BLOCKED,1,403,403,
PP,search,10,82,4436f2e086d82c97,BLOCKED,1,403,403,
PP,search,10,83,c12b294893d8160c,BLOCKED,1,200,403,
PP,search,10,84,3c0f0196c9bb31c8,BLOCKED,1,403,403,
PP,search,10,89,4e3eba8f1b898c40,BLOCKED,1,200,403,
PP,search,10,90,902bfab6e15a4919,BLOCKED,1,403,403,
PP,search,10,91,dc894ca15e195a4a,BLOCKED,1,200,403,
PP,search,10,92,69de069b56ce06ad,BLOCKED,1,403,403,
PP,search,10,95,9edfa692b094b47f,BLOCKED,1,200,403,
PP,search,10,97,e23713c926fb328b,BLOCKED,1,200,403,
PP,search,10,99,108d2773edddaf87,BLOCKED,1,403,403,
PP,search,10,100,f11227a9f59130c8,BLOCKED,1,200,403,
PP,search,10,102,dec0432028c14eec,BLOCKED,1,200,403,
PP,search,10,103,bc24b639771efac7,BLOCKED,1,403,403,
PP,search,10,105,193ae46677e71690,BLOCKED,1,200,403,
PP,search,10,108,68682cdf0988e111,BLOCKED,1,403,403,
PP,search,10,109,fc418fafd170d134,BLOCKED,1,200,403,
PP,search,10,111,3526ca3565e38ff5,BLOCKED,1,200,403,
PP,search,10,113,1fff62ae0692d027,BLOCKED,1,403,403,
PP,search,10,114,4b96d6b0b49c4404,BLOCKED,1,403,403,
PP,search,10,115,54af340525095f40,BLOCKED,1,403,403,
PP,search,10,116,458e8c4457858885,BLOCKED,1,403,403,
PP,search,10,117,f37ad88d732cd781,BLOCKED,1,403,403,
PP,search,10,118,c30184fb9ae1cd3b,BLOCKED,1,403,403,
PP,search,10,119,e1e0d8bc30e9dbfb,BLOCKED,1,403,403,
PP,search,10,121,926bb33ef9d8606d,BLOCKED,1,403,403,
PP,search,10,122,8300edcdae6c673f,BLOCKED,1,200,403,
PP,search,10,123,497dd712ba07c1ca,BLOCKED,1,200,403,
PP,search,10,124,602b8ac5bb81478b,BLOCKED,1,403,403,
PP,search,10,125,792ced4b1a0273f2,BLOCKED,1,403,403,
PP,search,10,126,dcd0be055c3c1d2e,BLOCKED,1,200,403,
PP,search,10,128,78b3d6bd8402f9bf,BLOCKED,1,200,403,
PP,search,10,133,cc423564d00e1692,BLOCKED,1,403,403,
PP,search,10,136,b8650144aa7247a9,BLOCKED,1,403,403,
PP,search,10,141,3f25431e72a5dc39,BLOCKED,1,200,403,
PP,search,10,143,8a3bc448bc375f44,BLOCKED,1,403,403,
PP,search,10,145,90074441644ec06f,BLOCKED,1,200,403,
PP,search,10,146,566b378179c99520,BLOCKED,1,200,403,
PP,search,10,147,12434a5fc9cace83,BLOCKED,1,200,403,
PP,search,10,148,e023673af410347c,BLOCKED,1,403,403,
PP,search,10,149,bf912a2daacfce9c,BLOCKED,1,403,403,
PP,search,10,153,f57b6f644cf827dc,BLOCKED,1,403,403,
PP,search,10,155,6d94a77e81c5c11b,BLOCKED,1,403,403,
PP,search,10,156,23a4060f275efd29,BLOCKED,1,403,403,
PP,search,10,157,d34b6784906d3cbb,BLOCKED,1,200,403,
PP,search,10,158,e5e9be0e7d22a8f7,BLOCKED,1,403,403,
PP,search,10,159,688c10496b509a20,BLOCKED,1,200,403,
PP,search,10,160,4f5e3e63b3211b34,BLOCKED,1,200,403,
PP,search,10,163,131e1c0d555b2d2a,BLOCKED,1,200,403,
PP,search,10,165,d4ae2e6e482159fd,BLOCKED,1,403,403,
PP,search,10,166,bb4564976f633af5,BLOCKED,1,200,403,
PP,search,10,167,4e22f6c2776348d0,BLOCKED,1,200,403,
PP,search,10,169,7300a83d6f779be5,BLOCKED,1,200,403,
PP,search,10,174,c02ba104e721f130,BLOCKED,1,403,403,
PP,search,10,175,370c9e528237ea9b,BLOCKED,1,403,403,
PP,search,10,176,bc4296a0134b78ff,BLOCKED,1,200,403,
PP,search,10,178,79cd26d2a8bf4c49,BLOCKED,1,200,403,
PP,search,10,179,9f54c76191b2ef7b,BLOCKED,1,403,403,
PP,search,10,181,cd050b225b2ee62b,BLOCKED,1,403,403,
PP,search,10,182,f29d14643e7d879a,BLOCKED,1,200,403,
PP,search,10,187,fafed3a7c53f31da,BLOCKED,1,403,403,
PP,search,10,188,28a10b19709f65e1,BLOCKED,1,200,403,
PP,search,10,189,bff39b4093a3672a,BLOCKED,1,403,403,
PP,search,10,190,95d68d455c9cf8f3,BLOCKED,1,200,403,
PP,search,10,191,e86939eb9079bb79,BLOCKED,1,403,403,
PP,search,10,193,1745d7dde610396b,BLOCKED,1,200,403,
PP,search,10,194,fd6936a4493defea,BLOCKED,1,200,403,
PP,search,10,199,018dcc2df89932d1,BLOCKED,1,403,403,
PP,search,10,200,9b63ad62f929ca74,BLOCKED,1,200,403,
PP,search,10,205,3cddc01e65e2e290,BLOCKED,1,200,403,
PP,search,10,206,773b2ec02c4b59ab,BLOCKED,1,403,403,
PP,search,10,208,9372f686153fac51,BLOCKED,1,403,403,
PP,search,10,209,e8c0907aecc73dee,BLOCKED,1,200,403,
PP,search,10,210,11191f1251697603,BLOCKED,1,403,403,
PP,search,10,211,4ed7074d9b7dada9,BLOCKED,1,200,403,
PP,search,10,213,1757dbe5296e953f,BLOCKED,1,403,403,
PP,search,10,215,f81542c1d72ca358,BLOCKED,1,403,403,
PP,search,10,218,3fa077a0112c7fef,BLOCKED,1,403,403,
PP,search,10,219,0cf9b185ac1343c4,BLOCKED,1,403,403,
PP,search,10,235,463ca26521e49525,BLOCKED,1,200,403,
PP,search,10,236,dbd152653220633d,BLOCKED,1,200,403,
PP,search,10,239,383b4b9c5d3dc0d1,BLOCKED,1,403,403,
PP,search,10,240,ee40aa56b0fec4ce,BLOCKED,1,403,403,
PP,search,10,241,e1973f27feaa8baf,BLOCKED,1,403,403,
PP,search,10,242,6c7fd256fff34e8d,BLOCKED,1,403,403,
PP,search,10,244,74a112b85c54b306,BLOCKED,1,200,403,
PP,search,10,245,e7e04fb8dea66717,BLOCKED,1,200,403,
PP,search,10,247,fef80b563731435e,BLOCKED,1,403,403,
PP,search,10,248,f5aa0928858bbfcc,BLOCKED,1,403,403,
PP,search,10,249,850480237fbfc7bd,BLOCKED,1,200,403,
PP,search,10,250,e53acb8767c8a32e,BLOCKED,1,200,403,
PP,search,10,251,8311227f94a6b7ee,BLOCKED,1,200,403,
PP,search,10,252,bd82a2ce483ce598,BLOCKED,1,200,403,
PP,search,10,254,e71cb7663fea80ca,BLOCKED,1,403,403,
PP,search,10,256,969ded9211d40f5d,BLOCKED,1,200,403,
PP,search,10,257,29e09904c893348c,BLOCKED,1,403,403,
PP,search,10,258,ec57f8583af789e6,BLOCKED,1,200,403,
PP,search,10,262,03f393e5486aa622,BLOCKED,1,200,403,
PP,search,10,264,a9d3d25464990956,BLOCKED,1,403,403,
PP,search,10,265,802f5098e28a0fcf,BLOCKED,1,403,403,
PP,search,10,266,24ddd6d0719cab77,BLOCKED,1,403,403,
PP,search,10,267,7cf9370110822a29,BLOCKED,1,200,403,
PP,search,10,268,66525db064a20b5b,BLOCKED,1,403,403,
PP,search,10,269,97b0a056bcfd9a0f,BLOCKED,1,403,403,
PP,search,10,270,d7222f9254c1af8b,BLOCKED,1,200,403,
PP,search,10,273,18faad1e6b22ea2a,BLOCKED,1,403,403,
PP,search,10,274,6634d6ebef3790ba,BLOCKED,1,403,403,
PP,search,10,276,8f612965cf5d544b,BLOCKED,1,200,403,
PP,search,10,277,0ec0e06cfc17b845,BLOCKED,1,403,403,
PP,search,10,278,052fab1d0437fbf8,BLOCKED,1,403,403,
PP,search,10,279,b68c26ffb6dd711c,BLOCKED,1,200,403,
PP,search,10,280,ce8eb204336a72b0,BLOCKED,1,403,403,
PP,search,10,281,82785a7fab6de1ec,BLOCKED,1,200,403,
PP,search,10,283,46903d398c8845c5,BLOCKED,1,200,403,
PP,search,10,284,34433437d792cc00,BLOCKED,1,200,403,
PP,search,10,286,6d0f8425a998fe03,BLOCKED,1,403,403,
PP,search,10,287,986b8d8e21f37990,BLOCKED,1,200,403,
PP,search,10,288,f2f87fdf93e9cfd7,BLOCKED,1,200,403,
PP,search,10,289,1b8dc563fb7f94ad,BLOCKED,1,200,403,
